[38;2;75;75;75m[48;2;53;53;53m▔[38;2;73;73;73m[48;2;52;52;52m▔[38;2;69;69;69m[48;2;53;53;53m▔[38;2;68;68;68m[48;2;55;55;55m▔[38;2;67;67;67m[48;2;56;56;56m▔[38;2;65;65;65m[48;2;56;56;56m▔[38;2;70;70;70m[48;2;56;56;56m▔[38;2;78;78;78m[48;2;57;57;57m▔[38;2;77;77;77m[48;2;57;57;57m▔[38;2;79;79;79m[48;2;56;56;56m▔[38;2;76;76;76m[48;2;58;58;58m▔[38;2;76;76;76m[48;2;55;55;55m▔[38;2;80;80;80m[48;2;56;56;56m▔[38;2;82;82;82m[48;2;55;55;55m▔[38;2;76;76;76m[48;2;54;54;54m▔[38;2;79;79;79m[48;2;55;55;55m▔[38;2;79;79;79m[48;2;55;55;55m▔[38;2;77;77;77m[48;2;54;54;54m▔[38;2;79;79;79m[48;2;53;53;53m▔[38;2;78;78;78m[48;2;53;53;53m▔[38;2;76;76;76m[48;2;53;53;53m▔[38;2;78;78;78m[48;2;53;53;53m▔[38;2;74;74;74m[48;2;53;53;53m▔[38;2;77;77;77m[48;2;51;51;51m▔[38;2;74;74;74m[48;2;51;51;51m▔[38;2;75;75;75m[48;2;50;50;50m▔[38;2;72;72;72m[48;2;50;50;50m▔[38;2;62;62;62m[48;2;48;48;48m▔[38;2;70;70;70m[48;2;50;50;50m▔[38;2;66;66;66m[48;2;49;49;49m▔[38;2;72;72;72m[48;2;48;48;48m▔[38;2;69;69;69m[48;2;49;49;49m▂[38;2;72;72;72m[48;2;49;49;49m▂[38;2;74;74;74m[48;2;51;51;51m▂[38;2;77;77;77m[48;2;47;47;47m▃[38;2;80;80;80m[48;2;47;47;47m▃[38;2;89;89;89m[48;2;50;50;50m▃[38;2;49;49;49m[48;2;88;88;88m▀[38;2;48;48;48m[48;2;95;95;95m▀[38;2;94;94;94m[48;2;44;44;44m▅[38;2;102;102;102m[48;2;49;49;49m▅[38;2;103;103;103m[48;2;51;51;51m▅[38;2;106;106;106m[48;2;61;32;0m▆[38;2;108;108;108m[48;2;52;52;52m▆[38;2;47;47;47m[48;2;112;112;112m▔[38;2;67;67;67m[48;2;111;111;111m▔[38;2;103;103;103m[48;2;119;119;119m▔[38;2;126;126;126m[48;2;120;120;120m▔[38;2;131;131;131m[48;2;116;116;116m▔[38;2;138;138;138m[48;2;114;114;114m▔[38;2;146;146;146m[48;2;122;122;122m▔[38;2;157;157;157m[48;2;123;123;123m▔[38;2;155;155;155m[48;2;124;124;124m▔[38;2;158;158;158m[48;2;125;125;125m▔[38;2;159;159;159m[48;2;124;124;124m▔[38;2;156;156;156m[48;2;124;124;124m▔[38;2;155;155;155m[48;2;125;125;125m▔[38;2;156;156;156m[48;2;126;126;126m▔[38;2;157;157;157m[48;2;126;126;126m▔[38;2;158;158;158m[48;2;128;128;128m▔[38;2;156;156;156m[48;2;128;128;128m▔[38;2;159;159;159m[48;2;128;128;128m▔[38;2;160;160;160m[48;2;129;129;129m▔[38;2;157;157;157m[48;2;128;128;128m▔[38;2;160;160;160m[48;2;128;128;128m▔[38;2;157;157;157m[48;2;129;129;129m▔[38;2;152;152;152m[48;2;127;127;127m▔[38;2;154;154;154m[48;2;128;128;128m▔[38;2;156;156;156m[48;2;128;128;128m▔[38;2;151;151;151m[48;2;127;127;127m▔[38;2;151;151;151m[48;2;130;130;130m▔[38;2;142;142;142m[48;2;128;128;128m▔[38;2;135;135;135m[48;2;125;125;125m▔[38;2;130;130;130m[48;2;129;129;129m▔[0m
[38;2;70;70;70m[48;2;52;52;52m▏[38;2;65;65;65m[48;2;51;51;51m▁[38;2;68;68;68m[48;2;51;51;51m▁[38;2;75;75;75m[48;2;53;53;53m▁[38;2;79;79;79m[48;2;53;53;53m▁[38;2;85;85;85m[48;2;54;54;54m▁[38;2;82;82;82m[48;2;53;53;53m▂[38;2;83;83;83m[48;2;52;52;52m▂[38;2;83;83;83m[48;2;51;51;51m▂[38;2;86;86;86m[48;2;49;49;49m▂[38;2;86;86;86m[48;2;49;49;49m▂[38;2;83;83;83m[48;2;50;50;50m▂[38;2;83;83;83m[48;2;49;49;49m▃[38;2;81;81;81m[48;2;50;50;50m▃[38;2;80;80;80m[48;2;51;51;51m▃[38;2;80;80;80m[48;2;52;52;52m▃[38;2;50;50;50m[48;2;80;80;80m▀[38;2;50;50;50m[48;2;76;76;76m▀[38;2;48;48;48m[48;2;78;78;78m▀[38;2;51;51;51m[48;2;77;77;77m▀[38;2;75;75;75m[48;2;49;49;49m▅[38;2;75;75;75m[48;2;48;48;48m▅[38;2;74;74;74m[48;2;45;45;45m▆[38;2;72;72;72m[48;2;43;43;43m▆[38;2;72;72;72m[48;2;56;56;56m▆[38;2;48;48;48m[48;2;72;72;72m▔[38;2;55;55;55m[48;2;71;71;71m▔[38;2;64;64;64m[48;2;71;71;71m▔[38;2;71;71;71m[48;2;70;70;70m▂[38;2;72;72;72m[48;2;71;71;71m▁[38;2;93;83;83m[48;2;73;73;73m▁[38;2;162;88;0m[48;2;73;73;73m▂[38;2;59;31;0m[48;2;76;76;76m▁[38;2;19;19;19m[48;2;85;85;85m▂[38;2;17;17;17m[48;2;97;97;97m▂[38;2;78;43;0m[48;2;98;98;98m▂[38;2;51;27;0m[48;2;95;95;95m▁[38;2;9;9;9m[48;2;97;97;97m▁[38;2;14;14;14m[48;2;97;97;97m▂[38;2;7;7;7m[48;2;98;98;98m▂[38;2;7;7;7m[48;2;98;98;98m▂[38;2;68;37;0m[48;2;102;102;102m▁[38;2;103;103;103m[48;2;104;104;104m▁[38;2;106;106;106m[48;2;103;103;103m▗[38;2;108;108;108m[48;2;105;105;105m▐[38;2;112;112;112m[48;2;108;108;108m▘[38;2;108;108;108m[48;2;112;112;112m▔[38;2;112;112;112m[48;2;117;117;117m▁[38;2;116;116;116m[48;2;114;114;114m▞[38;2;116;116;116m[48;2;114;114;114m▖[38;2;113;113;113m[48;2;117;117;117m▍[38;2;117;117;117m[48;2;122;122;122m▃[38;2;116;116;116m[48;2;122;122;122m▁[38;2;119;119;119m[48;2;122;122;122m▂[38;2;118;118;118m[48;2;124;124;124m▂[38;2;118;118;118m[48;2;122;122;122m▂[38;2;119;119;119m[48;2;125;125;125m▃[38;2;117;117;117m[48;2;125;125;125m▂[38;2;117;117;117m[48;2;126;126;126m▃[38;2;120;120;120m[48;2;128;128;128m▂[38;2;120;120;120m[48;2;129;129;129m▃[38;2;123;123;123m[48;2;128;128;128m▃[38;2;125;125;125m[48;2;129;129;129m▃[38;2;125;125;125m[48;2;131;131;131m▃[38;2;123;123;123m[48;2;130;130;130m▔[38;2;127;127;127m[48;2;130;130;130m▞[38;2;131;131;131m[48;2;128;128;128m▆[38;2;135;135;135m[48;2;127;127;127m▂[38;2;132;132;132m[48;2;129;129;129m▗[38;2;132;132;132m[48;2;129;129;129m▆[38;2;136;136;136m[48;2;130;130;130m▃[38;2;129;129;129m[48;2;135;135;135m▀[38;2;139;139;139m[48;2;128;128;128m▁[38;2;129;129;129m[48;2;147;147;147m▊[0m
[38;2;115;115;115m[48;2;88;88;88m▏[38;2;115;115;115m[48;2;83;83;83m [38;2;88;88;88m[48;2;82;82;82m▀[38;2;81;81;81m[48;2;85;85;85m▗[38;2;88;88;88m[48;2;82;82;82m▘[38;2;80;80;80m[48;2;83;83;83m▖[38;2;80;80;80m[48;2;83;83;83m▗[38;2;83;83;83m[48;2;80;80;80m▔[38;2;88;88;88m[48;2;81;81;81m▘[38;2;85;85;85m[48;2;80;80;80m▔[38;2;84;84;84m[48;2;80;80;80m▀[38;2;77;77;77m[48;2;81;81;81m▁[38;2;81;81;81m[48;2;80;80;80m▝[38;2;81;81;81m[48;2;77;77;77m▀[38;2;75;75;75m[48;2;77;77;77m▗[38;2;74;74;74m[48;2;78;78;78m▁[38;2;78;78;78m[48;2;76;76;76m▀[38;2;77;77;77m[48;2;75;75;75m▕[38;2;74;74;74m[48;2;78;78;78m▅[38;2;73;73;73m[48;2;75;75;75m▗[38;2;74;74;74m[48;2;72;72;72m▀[38;2;70;70;70m[48;2;73;73;73m▃[38;2;66;66;66m[48;2;71;71;71m▁[38;2;68;68;68m[48;2;72;72;72m▂[38;2;60;60;60m[48;2;71;71;71m▁[38;2;61;61;61m[48;2;72;72;72m▁[38;2;65;65;65m[48;2;72;72;72m▁[38;2;144;51;51m[48;2;72;72;72m▁[38;2;162;88;0m[48;2;75;74;74m▅[38;2;169;60;60m[48;2;23;23;23m▀[38;2;21;21;21m[48;2;165;90;0m▆[38;2;63;63;63m[48;2;21;21;21m▔[38;2;13;13;13m[48;2;23;23;23m▔[38;2;49;26;0m[48;2;26;26;26m▐[38;2;53;28;0m[48;2;59;31;0m▔[38;2;57;30;0m[48;2;61;32;0m▔[38;2;61;33;0m[48;2;60;32;0m▔[38;2;27;27;27m[48;2;60;32;0m▀[38;2;62;33;0m[48;2;19;19;19m▂[38;2;20;20;20m[48;2;17;17;17m▁[38;2;19;19;19m[48;2;14;14;14m▅[38;2;20;20;20m[48;2;19;19;19m▕[38;2;103;97;92m[48;2;22;22;22m▔[38;2;60;32;0m[48;2;112;110;110m▅[38;2;61;32;0m[48;2;107;107;107m▃[38;2;108;108;108m[48;2;103;103;103m▔[38;2;112;112;112m[48;2;102;102;102m▔[38;2;109;109;109m[48;2;102;102;102m▁[38;2;103;103;103m[48;2;110;110;110m▆[38;2;102;102;102m[48;2;115;115;115m▆[38;2;100;100;100m[48;2;114;114;114m▆[38;2;100;100;100m[48;2;115;115;115m▆[38;2;117;117;117m[48;2;102;102;102m▔[38;2;116;116;116m[48;2;100;100;100m▔[38;2;120;120;120m[48;2;102;102;102m▔[38;2;122;122;122m[48;2;103;103;103m▔[38;2;114;114;114m[48;2;102;102;102m▔[38;2;102;102;102m[48;2;111;111;111m▍[38;2;114;114;114m[48;2;111;111;111m▐[38;2;118;118;118m[48;2;112;112;112m▆[38;2;112;112;112m[48;2;119;119;119m▔[38;2;109;109;109m[48;2;118;118;118m▝[38;2;122;122;122m[48;2;110;110;110m▅[38;2;119;119;119m[48;2;110;110;110m▅[38;2;107;107;107m[48;2;123;123;123m▔[38;2;121;121;121m[48;2;106;106;106m▆[38;2;107;107;107m[48;2;120;120;120m▔[38;2;114;114;114m[48;2;121;121;121m▘[38;2;123;123;123m[48;2;120;120;120m▃[38;2;120;120;120m[48;2;124;124;124m▍[38;2;122;122;122m[48;2;124;124;124m▕[38;2;136;136;136m[48;2;122;122;122m▔[38;2;119;119;119m[48;2;136;136;136m▆[38;2;121;121;121m[48;2;138;138;138m▆[0m
[38;2;122;122;122m[48;2;78;78;78m▁[38;2;120;120;120m[48;2;80;80;80m▁[38;2;116;116;116m[48;2;79;79;79m▂[38;2;114;114;114m[48;2;80;80;80m▂[38;2;118;118;118m[48;2;78;78;78m▂[38;2;116;116;116m[48;2;78;78;78m▂[38;2;113;113;113m[48;2;76;76;76m▂[38;2;117;117;117m[48;2;78;78;78m▂[38;2;112;112;112m[48;2;75;75;75m▃[38;2;112;112;112m[48;2;75;75;75m▃[38;2;110;110;110m[48;2;75;75;75m▃[38;2;111;111;111m[48;2;76;76;76m▃[38;2;116;116;116m[48;2;73;73;73m▃[38;2;71;71;71m[48;2;111;111;111m▀[38;2;72;72;72m[48;2;111;111;111m▀[38;2;74;74;74m[48;2;116;116;116m▀[38;2;71;71;71m[48;2;113;113;113m▀[38;2;116;116;116m[48;2;71;71;71m▅[38;2;113;113;113m[48;2;70;70;70m▅[38;2;117;117;117m[48;2;71;71;71m▅[38;2;116;116;116m[48;2;70;70;70m▅[38;2;113;113;113m[48;2;60;60;60m▆[38;2;115;115;115m[48;2;65;65;65m▆[38;2;120;120;120m[48;2;74;74;74m▆[38;2;61;61;61m[48;2;114;114;114m▔[38;2;157;156;159m[48;2;106;106;106m▃[38;2;62;62;62m[48;2;118;118;118m▁[38;2;55;55;55m[48;2;178;108;108m▅[38;2;79;44;0m[48;2;27;27;27m▔[38;2;23;23;23m[48;2;24;24;24m▁[38;2;23;23;23m[48;2;26;26;26m▂[38;2;24;24;24m[48;2;23;23;23m▏[38;2;23;23;23m[48;2;22;22;22m▕[38;2;29;29;29m[48;2;26;26;26m▕[38;2;26;26;26m[48;2;64;34;0m▆[38;2;27;27;27m[48;2;59;31;0m▖[38;2;63;33;0m[48;2;66;36;0m▍[38;2;62;34;0m[48;2;71;39;0m▘[38;2;72;39;0m[48;2;65;36;0m▖[38;2;25;25;25m[48;2;56;29;0m▝[38;2;32;25;21m[48;2;20;20;20m▏[38;2;21;21;21m[48;2;19;19;19m▗[38;2;32;27;24m[48;2;26;26;26m▕[38;2;68;37;0m[48;2;54;29;0m▝[38;2;70;39;0m[48;2;71;39;0m▕[38;2;145;51;51m[48;2;70;38;0m▔[38;2;69;38;0m[48;2;97;84;82m▃[38;2;154;84;0m[48;2;102;102;102m▖[38;2;107;107;107m[48;2;83;83;83m▅[38;2;105;105;105m[48;2;82;82;82m▆[38;2;108;108;108m[48;2;88;88;88m▆[38;2;91;91;91m[48;2;109;109;109m▔[38;2;114;114;114m[48;2;109;109;109m▕[38;2;112;112;112m[48;2;111;111;111m▏[38;2;109;109;109m[48;2;113;113;113m▔[38;2;117;117;117m[48;2;116;116;116m▂[38;2;119;119;119m[48;2;114;114;114m▘[38;2;115;115;115m[48;2;118;118;118m▂[38;2;107;107;107m[48;2;115;115;115m▁[38;2;114;114;114m[48;2;121;121;121m▂[38;2;113;113;113m[48;2;126;126;126m▂[38;2;118;118;118m[48;2;127;127;127m▃[38;2;116;116;116m[48;2;126;126;126m▃[38;2;117;117;117m[48;2;125;125;125m▃[38;2;107;107;107m[48;2;126;126;126m▁[38;2;97;97;97m[48;2;125;125;125m▁[38;2;98;98;98m[48;2;127;127;127m▂[38;2;91;91;91m[48;2;127;127;127m▂[38;2;95;95;95m[48;2;128;128;128m▃[38;2;93;93;93m[48;2;125;125;125m▃[38;2;97;97;97m[48;2;125;125;125m▃[38;2;131;131;131m[48;2;95;95;95m▀[38;2;128;128;128m[48;2;95;95;95m▀[38;2;126;126;126m[48;2;95;95;95m▀[0m
[38;2;100;100;100m[48;2;127;127;127m▃[38;2;90;90;90m[48;2;119;119;119m▃[38;2;88;88;88m[48;2;124;124;124m▃[38;2;88;88;88m[48;2;122;122;122m▃[38;2;83;83;83m[48;2;121;121;121m▃[38;2;133;133;133m[48;2;100;100;100m▀[38;2;132;132;132m[48;2;94;94;94m▀[38;2;134;134;134m[48;2;95;95;95m▀[38;2;133;133;133m[48;2;94;94;94m▀[38;2;136;136;136m[48;2;93;93;93m▀[38;2;130;130;130m[48;2;93;93;93m▀[38;2;135;135;135m[48;2;95;95;95m▀[38;2;105;105;105m[48;2;145;145;145m▅[38;2;137;137;137m[48;2;100;100;100m▀[38;2;88;88;88m[48;2;147;147;147m▅[38;2;90;90;90m[48;2;144;144;144m▅[38;2;92;92;92m[48;2;145;145;145m▅[38;2;102;102;102m[48;2;130;130;130m▅[38;2;100;100;100m[48;2;129;129;129m▅[38;2;102;102;102m[48;2;128;128;128m▅[38;2;106;106;106m[48;2;131;131;131m▅[38;2;106;106;106m[48;2;131;131;131m▅[38;2;97;97;97m[48;2;142;142;142m▅[38;2;136;48;48m[48;2;102;99;98m▂[38;2;135;47;47m[48;2;168;92;0m▅[38;2;152;152;152m[48;2;65;65;65m▔[38;2;62;62;62m[48;2;70;38;0m▀[38;2;74;42;4m[48;2;27;27;27m▘[38;2;21;21;21m[48;2;18;18;18m▏[38;2;17;17;17m[48;2;20;20;20m▅[38;2;17;17;17m[48;2;21;21;21m▆[38;2;18;18;18m[48;2;21;21;21m▆[38;2;22;22;22m[48;2;20;20;20m▝[38;2;22;22;22m[48;2;26;26;26m▅[38;2;24;24;24m[48;2;29;29;29m▖[38;2;54;29;0m[48;2;50;26;0m▆[38;2;55;29;0m[48;2;59;31;0m▂[38;2;74;41;0m[48;2;61;32;0m▝[38;2;63;33;0m[48;2;72;40;0m▂[38;2;51;27;0m[48;2;61;32;0m▝[38;2;53;28;0m[48;2;23;23;23m▃[38;2;49;26;0m[48;2;24;24;24m▂[38;2;27;27;27m[48;2;52;27;0m▘[38;2;56;30;0m[48;2;29;29;29m▀[38;2;54;29;0m[48;2;70;38;0m▊[38;2;75;41;0m[48;2;52;52;52m▊[38;2;55;55;55m[48;2;81;45;0m▆[38;2;56;56;56m[48;2;59;59;59m▔[38;2;105;104;103m[48;2;66;55;49m▀[38;2;136;118;107m[48;2;109;108;108m▖[38;2;109;109;109m[48;2;112;112;112m▀[38;2;93;93;93m[48;2;110;110;110m▂[38;2;84;84;84m[48;2;113;113;113m▂[38;2;88;88;88m[48;2;112;112;112m▃[38;2;84;84;84m[48;2;111;111;111m▃[38;2;116;116;116m[48;2;83;83;83m▀[38;2;114;114;114m[48;2;79;79;79m▀[38;2;91;91;91m[48;2;108;108;108m▁[38;2;105;105;105m[48;2;114;114;114m▅[38;2;103;103;103m[48;2;115;115;115m▆[38;2;104;104;104m[48;2;117;117;117m▆[38;2;115;115;115m[48;2;102;102;102m▔[38;2;107;107;107m[48;2;102;102;102m▔[38;2;102;102;102m[48;2;100;100;100m▁[38;2;101;101;101m[48;2;98;98;98m▍[38;2;100;100;100m[48;2;95;95;95m▅[38;2;98;98;98m[48;2;102;102;102m▀[38;2;98;98;98m[48;2;95;95;95m▂[38;2;98;98;98m[48;2;94;94;94m▊[38;2;98;98;98m[48;2;95;95;95m▊[38;2;94;94;94m[48;2;98;98;98m▁[38;2;98;98;98m[48;2;95;95;95m▔[38;2;90;90;90m[48;2;95;95;95m▂[38;2;108;108;108m[48;2;94;94;94m▕[0m
[38;2;147;147;147m[48;2;119;119;119m▏[38;2;114;114;114m[48;2;116;116;116m▍[38;2;118;118;118m[48;2;116;116;116m▀[38;2;115;115;115m[48;2;116;116;116m▐[38;2;124;124;124m[48;2;118;118;118m▁[38;2;122;122;122m[48;2;117;117;117m▁[38;2;127;127;127m[48;2;116;116;116m▁[38;2;123;123;123m[48;2;117;117;117m▁[38;2;129;129;129m[48;2;117;117;117m▁[38;2;128;128;128m[48;2;116;116;116m▁[38;2;132;132;132m[48;2;115;115;115m▁[38;2;133;133;133m[48;2;117;117;117m▁[38;2;135;135;135m[48;2;117;117;117m▁[38;2;135;135;135m[48;2;117;117;117m▁[38;2;133;133;133m[48;2;115;115;115m▂[38;2;133;133;133m[48;2;114;114;114m▂[38;2;133;133;133m[48;2;116;116;116m▂[38;2;135;135;135m[48;2;115;115;115m▂[38;2;142;142;144m[48;2;116;116;116m▂[38;2;219;181;133m[48;2;115;115;115m▂[38;2;64;64;64m[48;2;120;120;120m▁[38;2;121;121;121m[48;2;135;48;48m▀[38;2;55;55;55m[48;2;134;47;47m▃[38;2;59;59;59m[48;2;69;69;69m▆[38;2;56;56;56m[48;2;60;60;60m▃[38;2;58;58;58m[48;2;71;39;0m▘[38;2;66;36;0m[48;2;24;24;24m▘[38;2;21;21;21m[48;2;19;19;19m▔[38;2;19;19;19m[48;2;18;18;18m▃[38;2;19;19;19m[48;2;18;18;18m▂[38;2;20;20;20m[48;2;17;17;17m▂[38;2;21;21;21m[48;2;19;19;19m▁[38;2;21;21;21m[48;2;20;20;20m [38;2;19;19;19m[48;2;21;21;21m▃[38;2;23;23;23m[48;2;21;21;21m▝[38;2;23;23;23m[48;2;28;28;28m▆[38;2;25;25;25m[48;2;52;27;0m▃[38;2;28;28;28m[48;2;54;28;0m▃[38;2;49;26;0m[48;2;58;31;0m▃[38;2;54;28;0m[48;2;59;31;0m▖[38;2;52;28;0m[48;2;55;29;0m▀[38;2;54;29;0m[48;2;50;26;0m▅[38;2;59;31;0m[48;2;52;27;0m▆[38;2;60;32;0m[48;2;53;28;0m▆[38;2;59;31;0m[48;2;61;32;0m▘[38;2;72;39;0m[48;2;67;37;0m▂[38;2;78;43;0m[48;2;56;56;56m▊[38;2;62;62;62m[48;2;64;64;64m▊[38;2;77;67;67m[48;2;69;69;69m▕[38;2;185;102;0m[48;2;134;47;47m▝[38;2;100;91;88m[48;2;199;109;0m▝[38;2;162;88;0m[48;2;86;86;86m▖[38;2;90;90;90m[48;2;85;84;84m▗[38;2;88;88;88m[48;2;89;89;89m▁[38;2;88;88;88m[48;2;89;89;89m▁[38;2;86;86;86m[48;2;88;88;88m▗[38;2;88;88;88m[48;2;90;90;90m▔[38;2;88;88;88m[48;2;99;99;99m▊[38;2;102;102;102m[48;2;107;107;107m▏[38;2;107;107;107m[48;2;102;102;102m▅[38;2;106;106;106m[48;2;103;103;103m▘[38;2;100;100;100m[48;2;104;104;104m▔[38;2;104;104;104m[48;2;102;102;102m▖[38;2;98;98;98m[48;2;102;102;102m▝[38;2;98;98;98m[48;2;102;102;102m [38;2;98;98;98m[48;2;102;102;102m▐[38;2;98;98;98m[48;2;100;100;100m▍[38;2;98;98;98m[48;2;100;100;100m▝[38;2;94;94;94m[48;2;100;100;100m▖[38;2;100;100;100m[48;2;95;95;95m▆[38;2;100;100;100m[48;2;97;97;97m▖[38;2;95;95;95m[48;2;98;98;98m▍[38;2;98;98;98m[48;2;93;93;93m▁[38;2;112;112;112m[48;2;98;98;98m▕[0m
[38;2;107;107;107m[48;2;141;141;141m▆[38;2;102;102;102m[48;2;131;131;131m▅[38;2;102;102;102m[48;2;136;136;136m▆[38;2;106;106;106m[48;2;137;137;137m▆[38;2;108;108;108m[48;2;137;137;137m▆[38;2;107;107;107m[48;2;139;139;139m▆[38;2;109;109;109m[48;2;140;140;140m▆[38;2;109;109;109m[48;2;138;138;138m▆[38;2;112;112;112m[48;2;137;137;137m▆[38;2;110;110;110m[48;2;137;137;137m▆[38;2;112;112;112m[48;2;134;134;134m▆[38;2;114;114;114m[48;2;134;134;134m▆[38;2;137;137;137m[48;2;114;114;114m▔[38;2;136;136;136m[48;2;114;114;114m▔[38;2;135;135;135m[48;2;110;110;110m▔[38;2;129;129;129m[48;2;115;115;115m▔[38;2;215;178;131m[48;2;120;120;120m▂[38;2;57;30;0m[48;2;147;136;127m▗[38;2;78;43;0m[48;2;149;150;153m▆[38;2;155;85;0m[48;2;66;66;66m▔[38;2;53;53;53m[48;2;58;58;58m▁[38;2;58;58;58m[48;2;55;55;55m▊[38;2;56;56;56m[48;2;54;54;54m▕[38;2;75;42;0m[48;2;58;58;58m▂[38;2;53;53;53m[48;2;27;27;27m▘[38;2;25;25;25m[48;2;19;19;19m▔[38;2;25;25;25m[48;2;19;19;19m [38;2;21;21;21m[48;2;19;19;19m▗[38;2;21;21;21m[48;2;20;20;20m▖[38;2;20;20;20m[48;2;22;22;22m▀[38;2;22;22;22m[48;2;21;21;21m▖[38;2;20;20;20m[48;2;22;22;22m▆[38;2;20;20;20m[48;2;22;22;22m▅[38;2;19;19;19m[48;2;22;22;22m▂[38;2;20;20;20m[48;2;18;18;18m▍[38;2;23;23;23m[48;2;20;20;20m▝[38;2;21;21;21m[48;2;24;24;24m▁[38;2;24;24;24m[48;2;26;26;26m▁[38;2;23;23;23m[48;2;27;27;27m▆[38;2;23;23;23m[48;2;50;26;0m▆[38;2;28;28;28m[48;2;54;29;0m▖[38;2;59;31;0m[48;2;57;30;0m▃[38;2;71;39;0m[48;2;61;32;0m▐[38;2;64;34;0m[48;2;73;41;0m▀[38;2;71;39;0m[48;2;79;43;0m▀[38;2;55;55;55m[48;2;73;41;0m▃[38;2;54;54;54m[48;2;58;58;58m▀[38;2;65;65;65m[48;2;58;58;58m▝[38;2;64;64;64m[48;2;135;48;48m▂[38;2;64;64;64m[48;2;131;46;46m [38;2;137;48;48m[48;2;150;53;53m▍[38;2;171;60;60m[48;2;184;112;112m▅[38;2;193;106;0m[48;2;112;106;104m▃[38;2;165;90;0m[48;2;89;89;89m▁[38;2;92;92;92m[48;2;88;88;88m▏[38;2;88;88;88m[48;2;106;106;106m▊[38;2;115;115;115m[48;2;109;109;109m▔[38;2;116;116;116m[48;2;109;109;109m▂[38;2;112;112;112m[48;2;106;106;106m▂[38;2;105;105;105m[48;2;111;111;111m▀[38;2;111;111;111m[48;2;105;105;105m▍[38;2;102;102;102m[48;2;105;105;105m▝[38;2;105;105;105m[48;2;102;102;102m▅[38;2;104;104;104m[48;2;102;102;102m▅[38;2;104;104;104m[48;2;102;102;102m [38;2;104;104;104m[48;2;100;100;100m▖[38;2;102;102;102m[48;2;100;100;100m▝[38;2;102;102;102m[48;2;100;100;100m▝[38;2;98;98;98m[48;2;100;100;100m▖[38;2;103;103;103m[48;2;98;98;98m▂[38;2;99;99;99m[48;2;102;102;102m▏[38;2;94;94;94m[48;2;102;102;102m▔[38;2;94;94;94m[48;2;102;102;102m [38;2;117;117;117m[48;2;100;100;100m▕[0m
[38;2;134;134;134m[48;2;106;106;106m▏[38;2;105;105;105m[48;2;100;100;100m▅[38;2;103;103;103m[48;2;100;100;100m▅[38;2;102;102;102m[48;2;105;105;105m▆[38;2;107;107;107m[48;2;102;102;102m▔[38;2;103;103;103m[48;2;106;106;106m▊[38;2;104;104;104m[48;2;108;108;108m▀[38;2;105;105;105m[48;2;109;109;109m▀[38;2;112;112;112m[48;2;106;106;106m▂[38;2;107;107;107m[48;2;112;112;112m▊[38;2;108;108;108m[48;2;110;110;110m▔[38;2;117;117;117m[48;2;110;110;110m▂[38;2;115;115;115m[48;2;113;113;113m▊[38;2;109;109;109m[48;2;116;116;116m▘[38;2;120;118;116m[48;2;113;113;113m▕[38;2;109;109;109m[48;2;20;23;22m█[38;2;53;29;0m[48;2;20;23;22m█[38;2;53;29;0m[48;2;20;23;22m█[38;2;80;44;0m[48;2;20;23;22m█[38;2;80;44;0m[48;2;20;23;22m█[38;2;54;54;54m[48;2;80;45;0m▘[38;2;80;44;0m[48;2;20;23;22m█[38;2;75;42;0m[48;2;57;30;0m▀[38;2;65;36;0m[48;2;24;24;24m▘[38;2;21;21;21m[48;2;19;19;19m▘[38;2;19;19;19m[48;2;20;20;20m▍[38;2;19;19;19m[48;2;19;19;19m [38;2;19;19;19m[48;2;19;19;19m [38;2;19;19;19m[48;2;20;20;20m▆[38;2;20;20;20m[48;2;21;21;21m▆[38;2;19;19;19m[48;2;21;21;21m▆[38;2;21;21;21m[48;2;19;19;19m▁[38;2;20;20;20m[48;2;19;19;19m▂[38;2;20;20;20m[48;2;19;19;19m [38;2;18;18;18m[48;2;19;19;19m▂[38;2;18;18;18m[48;2;19;19;19m▖[38;2;18;18;18m[48;2;19;19;19m [38;2;18;18;18m[48;2;20;20;20m [38;2;20;20;20m[48;2;23;23;23m▃[38;2;21;21;21m[48;2;20;20;20m▕[38;2;28;28;28m[48;2;23;23;23m▝[38;2;48;25;0m[48;2;59;31;0m▅[38;2;59;31;0m[48;2;68;37;0m▖[38;2;69;41;9m[48;2;20;23;22m█[38;2;69;41;9m[48;2;20;23;22m█[38;2;69;41;9m[48;2;20;23;22m█[38;2;150;53;53m[48;2;20;23;22m█[38;2;130;46;46m[48;2;64;64;64m▆[38;2;150;53;53m[48;2;20;23;22m█[38;2;150;53;53m[48;2;20;23;22m█[38;2;149;52;52m[48;2;135;47;47m▁[38;2;138;48;48m[48;2;157;55;55m▆[38;2;145;51;51m[48;2;162;89;0m▖[38;2;184;100;0m[48;2;170;93;0m▝[38;2;189;103;0m[48;2;112;112;112m▄[38;2;112;112;112m[48;2;189;103;0m█[38;2;109;109;109m[48;2;113;113;113m▀[38;2;112;112;112m[48;2;110;110;110m▖[38;2;112;112;112m[48;2;108;108;108m▏[38;2;108;108;108m[48;2;111;111;111m▐[38;2;112;112;112m[48;2;106;106;106m▂[38;2;110;110;110m[48;2;105;105;105m▁[38;2;100;100;100m[48;2;106;106;106m▔[38;2;105;105;105m[48;2;102;102;102m▆[38;2;105;105;105m[48;2;102;102;102m▅[38;2;105;105;105m[48;2;103;103;103m▁[38;2;105;105;105m[48;2;100;100;100m▂[38;2;93;93;93m[48;2;103;103;103m▁[38;2;86;86;86m[48;2;102;102;102m▁[38;2;81;81;81m[48;2;100;100;100m▁[38;2;84;84;84m[48;2;102;102;102m▁[38;2;79;79;79m[48;2;102;102;102m▁[38;2;80;80;80m[48;2;100;100;100m▂[38;2;110;110;110m[48;2;97;97;97m▕[0m
[38;2;136;136;136m[48;2;111;111;111m▏[38;2;103;103;103m[48;2;105;105;105m▐[38;2;103;103;103m[48;2;105;105;105m [38;2;103;103;103m[48;2;106;106;106m▁[38;2;103;103;103m[48;2;105;105;105m▔[38;2;110;110;110m[48;2;102;102;102m▀[38;2;108;108;108m[48;2;107;107;107m▕[38;2;114;114;114m[48;2;110;110;110m▔[38;2;106;106;106m[48;2;111;111;111m▁[38;2;104;104;104m[48;2;113;113;113m▂[38;2;115;115;115m[48;2;113;113;113m▝[38;2;109;109;109m[48;2;117;117;117m▂[38;2;111;111;111m[48;2;118;118;118m▂[38;2;206;126;126m[48;2;119;119;119m▗[38;2;121;121;121m[48;2;156;55;55m▀[38;2;63;63;63m[48;2;140;49;49m▗[38;2;80;44;0m[48;2;20;23;22m█[38;2;80;44;0m[48;2;20;23;22m█[38;2;69;41;9m[48;2;20;23;22m█[38;2;80;44;0m[48;2;20;23;22m█[38;2;56;30;0m[48;2;64;34;0m▁[38;2;49;27;0m[48;2;62;33;0m▞[38;2;50;26;0m[48;2;58;31;0m▐[38;2;28;24;22m[48;2;22;22;22m▏[38;2;25;25;25m[48;2;21;21;21m▃[38;2;25;25;25m[48;2;20;20;20m▃[38;2;23;23;23m[48;2;20;20;20m▃[38;2;23;23;23m[48;2;21;21;21m▗[38;2;23;23;23m[48;2;20;20;20m▅[38;2;26;26;26m[48;2;23;23;23m▃[38;2;26;26;26m[48;2;23;23;23m▂[38;2;26;26;26m[48;2;21;21;21m▃[38;2;27;27;27m[48;2;21;21;21m▃[38;2;21;21;21m[48;2;27;27;27m▀[38;2;23;23;23m[48;2;19;19;19m▃[38;2;23;23;23m[48;2;19;19;19m▂[38;2;20;20;20m[48;2;18;18;18m▂[38;2;22;22;22m[48;2;19;19;19m▂[38;2;22;22;22m[48;2;20;20;20m▃[38;2;22;22;22m[48;2;20;20;20m▝[38;2;31;26;22m[48;2;23;23;23m▕[38;2;24;24;24m[48;2;55;29;0m▖[38;2;58;31;0m[48;2;59;31;0m▏[38;2;69;41;9m[48;2;20;23;22m█[38;2;69;41;9m[48;2;20;23;22m█[38;2;69;41;9m[48;2;20;23;22m█[38;2;69;41;9m[48;2;20;23;22m█[38;2;68;68;68m[48;2;133;47;47m▖[38;2;158;56;56m[48;2;141;50;50m▗[38;2;164;58;58m[48;2;138;48;48m▅[38;2;164;58;58m[48;2;157;55;55m [38;2;156;55;55m[48;2;141;50;50m▅[38;2;161;56;56m[48;2;146;51;51m▃[38;2;174;95;0m[48;2;155;84;0m▝[38;2;164;89;0m[48;2;182;100;0m▔[38;2;178;98;0m[48;2;169;59;59m▅[38;2;155;85;0m[48;2;103;100;100m▃[38;2;89;88;88m[48;2;109;109;109m▅[38;2;90;90;90m[48;2;107;107;107m▆[38;2;89;89;89m[48;2;108;108;108m▆[38;2;111;111;111m[48;2;90;90;90m▔[38;2;112;112;112m[48;2;88;88;88m▔[38;2;105;105;105m[48;2;88;88;88m▔[38;2;100;100;100m[48;2;88;88;88m▔[38;2;95;95;95m[48;2;85;85;85m▔[38;2;84;84;84m[48;2;80;80;80m▀[38;2;82;82;82m[48;2;81;81;81m▐[38;2;78;78;78m[48;2;79;79;79m▘[38;2;78;78;78m[48;2;77;77;77m▝[38;2;77;77;77m[48;2;79;79;79m▍[38;2;74;74;74m[48;2;78;78;78m▁[38;2;75;75;75m[48;2;81;81;81m▆[38;2;78;78;78m[48;2;74;74;74m▆[38;2;93;93;93m[48;2;77;77;77m▕[0m
[38;2;130;130;130m[48;2;102;102;102m▏[38;2;100;100;100m[48;2;98;98;98m▆[38;2;98;98;98m[48;2;100;100;100m▖[38;2;98;98;98m[48;2;102;102;102m▀[38;2;101;101;101m[48;2;102;102;102m▕[38;2;104;104;104m[48;2;100;100;100m▁[38;2;102;102;102m[48;2;100;100;100m▐[38;2;102;102;102m[48;2;100;100;100m▆[38;2;102;102;102m[48;2;100;100;100m▗[38;2;105;105;105m[48;2;100;100;100m▗[38;2;106;106;106m[48;2;102;102;102m▔[38;2;105;105;105m[48;2;183;100;0m█[38;2;210;148;73m[48;2;110;108;106m▃[38;2;214;151;74m[48;2;150;82;0m▘[38;2;126;52;52m[48;2;20;23;22m█[38;2;126;52;52m[48;2;20;23;22m█[38;2;126;52;52m[48;2;20;23;22m█[38;2;126;52;52m[48;2;20;23;22m█[38;2;80;44;0m[48;2;20;23;22m█[38;2;80;44;0m[48;2;20;23;22m█[38;2;78;43;0m[48;2;51;28;0m▗[38;2;78;43;0m[48;2;72;39;0m▘[38;2;55;29;0m[48;2;63;34;0m▐[38;2;50;26;0m[48;2;28;28;28m▃[38;2;26;26;26m[48;2;49;26;0m▗[38;2;26;26;26m[48;2;48;25;0m▞[38;2;56;30;0m[48;2;24;24;24m▅[38;2;50;26;0m[48;2;23;23;23m▅[38;2;27;27;27m[48;2;23;23;23m▁[38;2;50;26;0m[48;2;25;25;25m▁[38;2;54;28;0m[48;2;27;27;27m▁[38;2;51;27;0m[48;2;27;27;27m▂[38;2;51;27;0m[48;2;28;28;28m▃[38;2;51;27;0m[48;2;27;27;27m▂[38;2;29;29;29m[48;2;25;25;25m▂[38;2;25;25;25m[48;2;26;26;26m▔[38;2;26;26;26m[48;2;21;21;21m▅[38;2;27;27;27m[48;2;23;23;23m▅[38;2;23;23;23m[48;2;25;25;25m▀[38;2;23;23;23m[48;2;20;20;20m▆[38;2;22;22;22m[48;2;20;20;20m▖[38;2;22;22;22m[48;2;32;28;24m▊[38;2;49;27;4m[48;2;52;27;0m▏[38;2;69;41;9m[48;2;20;23;22m█[38;2;69;41;9m[48;2;20;23;22m█[38;2;69;41;9m[48;2;20;23;22m█[38;2;133;47;47m[48;2;66;66;66m▐[38;2;151;53;53m[48;2;142;50;50m▗[38;2;136;47;47m[48;2;144;50;50m▃[38;2;141;50;50m[48;2;153;54;54m▂[38;2;162;57;57m[48;2;171;60;60m▍[38;2;164;89;0m[48;2;167;59;59m▆[38;2;163;57;57m[48;2;164;90;0m▀[38;2;163;89;0m[48;2;166;58;58m▅[38;2;192;106;0m[48;2;165;90;0m▝[38;2;172;95;0m[48;2;194;106;0m▝[38;2;172;95;0m[48;2;183;100;0m [38;2;165;90;0m[48;2;184;101;0m▐[38;2;48;46;46m[48;2;83;82;83m▁[38;2;16;16;16m[48;2;88;88;88m▁[38;2;0;0;0m[48;2;89;89;89m▁[38;2;0;0;0m[48;2;90;90;90m▁[38;2;24;24;24m[48;2;89;89;89m▂[38;2;0;0;0m[48;2;88;88;88m▂[38;2;0;0;0m[48;2;83;83;83m▂[38;2;0;0;0m[48;2;88;88;88m▂[38;2;0;0;0m[48;2;93;93;93m▂[38;2;0;0;0m[48;2;85;85;85m▃[38;2;0;0;0m[48;2;88;88;88m▃[38;2;97;97;97m[48;2;0;0;0m▀[38;2;102;102;102m[48;2;0;0;0m▀[38;2;97;97;97m[48;2;0;0;0m▀[38;2;98;98;98m[48;2;0;0;0m▀[38;2;0;0;0m[48;2;88;88;88m▅[0m
[38;2;109;109;109m[48;2;0;0;0m▀[38;2;109;109;109m[48;2;0;0;0m▀[38;2;112;112;112m[48;2;0;0;0m▀[38;2;109;109;109m[48;2;0;0;0m▀[38;2;107;107;107m[48;2;0;0;0m▀[38;2;112;112;112m[48;2;0;0;0m▀[38;2;101;101;101m[48;2;6;6;6m▀[38;2;101;101;101m[48;2;6;6;6m▀[38;2;103;103;103m[48;2;0;0;0m▀[38;2;101;101;101m[48;2;6;6;6m▀[38;2;106;106;106m[48;2;0;0;0m▀[38;2;105;105;105m[48;2;4;4;4m▀[38;2;204;112;0m[48;2;174;95;0m▊[38;2;159;56;56m[48;2;164;90;0m▗[38;2;126;52;52m[48;2;136;48;48m▕[38;2;162;57;57m[48;2;20;23;22m█[38;2;126;52;52m[48;2;20;23;22m█[38;2;126;52;52m[48;2;20;23;22m█[38;2;126;52;52m[48;2;20;23;22m█[38;2;66;66;66m[48;2;51;27;0m▗[38;2;77;43;0m[48;2;57;57;57m▞[38;2;56;30;0m[48;2;78;43;0m▗[38;2;69;38;0m[48;2;49;26;0m▘[38;2;51;27;0m[48;2;27;27;27m▃[38;2;49;26;0m[48;2;26;26;26m▖[38;2;51;27;0m[48;2;27;27;27m▐[38;2;54;29;0m[48;2;56;30;0m▍[38;2;54;28;0m[48;2;54;29;0m▝[38;2;50;26;0m[48;2;54;29;0m▘[38;2;54;29;0m[48;2;59;31;0m▔[38;2;59;31;0m[48;2;57;30;0m▅[38;2;56;29;0m[48;2;58;31;0m▔[38;2;55;29;0m[48;2;49;26;0m▀[38;2;57;30;0m[48;2;49;26;0m▀[38;2;54;29;0m[48;2;50;26;0m▀[38;2;35;29;26m[48;2;28;28;28m▏[38;2;33;28;25m[48;2;28;28;28m▕[38;2;49;26;0m[48;2;28;28;28m▅[38;2;51;27;0m[48;2;28;28;28m▅[38;2;52;27;0m[48;2;25;25;25m▅[38;2;52;27;0m[48;2;24;24;24m▆[38;2;34;28;24m[48;2;28;28;28m▏[38;2;49;26;0m[48;2;55;29;0m▍[38;2;66;36;0m[48;2;58;31;0m▗[38;2;69;41;9m[48;2;20;23;22m█[38;2;69;41;9m[48;2;20;23;22m█[38;2;68;68;68m[48;2;135;48;48m▍[38;2;141;50;50m[48;2;153;54;54m▅[38;2;136;48;48m[48;2;146;51;51m▁[38;2;150;53;53m[48;2;145;51;51m▂[38;2;148;52;52m[48;2;156;55;55m▅[38;2;157;55;55m[48;2;156;85;0m▃[38;2;157;86;0m[48;2;184;102;0m▃[38;2;167;91;0m[48;2;180;98;0m▂[38;2;199;109;0m[48;2;181;99;0m▗[38;2;192;105;0m[48;2;184;102;0m▃[38;2;200;110;0m[48;2;189;103;0m▖[38;2;178;96;4m[48;2;178;98;0m▕[38;2;169;59;59m[48;2;0;0;0m▖[38;2;0;0;0m[48;2;2;2;2m▀[38;2;4;4;4m[48;2;0;0;0m▅[38;2;4;4;4m[48;2;0;0;0m▆[38;2;3;3;3m[48;2;0;0;0m▆[38;2;0;0;0m[48;2;4;4;4m▔[38;2;1;1;1m[48;2;3;3;3m▔[38;2;1;1;1m[48;2;3;3;3m▝[38;2;1;1;1m[48;2;1;1;1m [38;2;54;54;55m[48;2;0;0;0m◼[38;2;2;2;2m[48;2;1;1;1m▗[38;2;2;2;2m[48;2;1;1;1m▝[38;2;2;2;2m[48;2;1;1;1m [38;2;1;1;1m[48;2;2;2;2m▁[38;2;1;1;1m[48;2;2;2;2m▆[38;2;1;1;1m[48;2;2;2;2m [0m
[38;2;3;3;3m[48;2;3;3;3m [38;2;4;4;4m[48;2;1;1;1m▗[38;2;4;4;4m[48;2;4;4;4m [38;2;5;5;5m[48;2;3;3;3m▃[38;2;4;4;4m[48;2;3;3;3m▖[38;2;1;1;1m[48;2;4;4;4m▀[38;2;54;54;55m[48;2;0;0;0m◼[38;2;1;1;1m[48;2;3;3;3m▀[38;2;4;4;4m[48;2;2;2;2m▂[38;2;2;2;2m[48;2;1;1;1m▏[38;2;1;1;1m[48;2;0;0;0m▏[38;2;201;122;122m[48;2;0;0;0m▐[38;2;178;108;108m[48;2;179;98;0m▍[38;2;148;54;51m[48;2;164;90;0m▝[38;2;162;57;57m[48;2;20;23;22m█[38;2;162;57;57m[48;2;20;23;22m█[38;2;141;50;50m[48;2;143;50;50m▝[38;2;21;21;21m[48;2;137;48;48m▗[38;2;161;89;1m[48;2;25;25;25m▗[38;2;67;67;67m[48;2;155;54;54m▗[38;2;63;63;63m[48;2;10;10;10m▀[38;2;70;38;0m[48;2;17;17;17m▂[38;2;60;32;0m[48;2;49;26;0m▅[38;2;57;30;0m[48;2;51;27;0m▆[38;2;51;27;0m[48;2;48;25;0m▆[38;2;53;29;0m[48;2;56;30;0m▘[38;2;53;29;0m[48;2;57;30;0m [38;2;51;27;0m[48;2;58;31;0m▗[38;2;55;29;0m[48;2;25;25;25m▀[38;2;54;28;0m[48;2;24;24;24m▀[38;2;26;26;26m[48;2;57;30;0m▆[38;2;26;26;26m[48;2;50;27;0m▆[38;2;25;25;25m[48;2;26;26;26m▁[38;2;24;24;24m[48;2;25;25;25m▀[38;2;23;23;23m[48;2;25;25;25m▘[38;2;24;24;24m[48;2;26;26;26m▃[38;2;50;26;0m[48;2;28;28;28m▐[38;2;52;27;0m[48;2;50;26;0m▞[38;2;52;27;0m[48;2;54;28;0m▍[38;2;54;29;0m[48;2;52;27;0m▘[38;2;48;27;3m[48;2;52;27;0m▕[38;2;34;28;24m[48;2;25;25;25m▏[38;2;54;29;0m[48;2;26;26;26m▝[38;2;69;41;9m[48;2;20;23;22m█[38;2;69;41;9m[48;2;20;23;22m█[38;2;69;41;9m[48;2;20;23;22m█[38;2;140;49;49m[48;2;70;70;70m▅[38;2;150;53;53m[48;2;139;49;49m▅[38;2;139;49;49m[48;2;142;50;50m▐[38;2;139;48;48m[48;2;140;49;49m▏[38;2;148;52;52m[48;2;144;50;50m▊[38;2;153;54;54m[48;2;142;50;50m▐[38;2;152;83;0m[48;2;159;56;56m▗[38;2;158;86;0m[48;2;157;85;0m▕[38;2;170;60;60m[48;2;165;90;0m▅[38;2;164;90;0m[48;2;196;107;0m▖[38;2;201;110;0m[48;2;172;94;0m▍[38;2;199;109;0m[48;2;185;102;0m▖[38;2;64;34;0m[48;2;194;106;0m▐[38;2;21;7;0m[48;2;3;3;3m▏[38;2;54;54;55m[48;2;0;0;0m▖[38;2;4;4;4m[48;2;5;5;5m [38;2;4;4;4m[48;2;5;5;5m▝[38;2;4;4;4m[48;2;5;5;5m [38;2;5;5;5m[48;2;4;4;4m▘[38;2;5;5;5m[48;2;3;3;3m▃[38;2;2;2;2m[48;2;3;3;3m▔[38;2;2;2;2m[48;2;2;2;2m [38;2;1;1;1m[48;2;2;2;2m▕[38;2;2;2;2m[48;2;1;1;1m▃[38;2;2;2;2m[48;2;0;0;0m▃[38;2;37;39;38m[48;2;0;0;0m▝[38;2;1;1;1m[48;2;2;2;2m▔[38;2;1;1;1m[48;2;2;2;2m [0m
[38;2;5;5;5m[48;2;4;4;4m▆[38;2;5;5;5m[48;2;4;4;4m [38;2;3;3;3m[48;2;5;5;5m▅[38;2;112;108;25m[48;2;0;0;0m┼[38;2;6;6;6m[48;2;5;5;5m [38;2;5;5;5m[48;2;4;4;4m▞[38;2;5;5;5m[48;2;4;4;4m▍[38;2;5;5;5m[48;2;4;4;4m▗[38;2;105;103;104m[48;2;0;0;0m◼[38;2;5;5;5m[48;2;2;2;2m▊[38;2;0;0;0m[48;2;164;90;90m▊[38;2;156;156;156m[48;2;210;174;128m▔[38;2;228;160;79m[48;2;203;111;0m▂[38;2;181;110;110m[48;2;184;101;0m▖[38;2;188;103;0m[48;2;168;92;0m▖[38;2;160;56;56m[48;2;168;59;59m▅[38;2;68;33;5m[48;2;168;58;58m▗[38;2;53;32;32m[48;2;152;83;0m▘[38;2;170;93;0m[48;2;4;4;4m▀[38;2;55;55;55m[48;2;4;4;4m▃[38;2;69;41;9m[48;2;37;39;38m▟[38;2;55;55;55m[48;2;75;41;0m▍[38;2;55;29;0m[48;2;61;32;0m▃[38;2;56;30;0m[48;2;57;30;0m▂[38;2;59;31;0m[48;2;55;29;0m▆[38;2;58;31;0m[48;2;56;30;0m▆[38;2;55;29;0m[48;2;47;27;4m▊[38;2;33;29;26m[48;2;27;27;27m▏[38;2;29;29;29m[48;2;25;25;25m▁[38;2;25;25;25m[48;2;50;26;0m▀[38;2;26;26;26m[48;2;50;27;0m▀[38;2;26;26;26m[48;2;25;25;25m [38;2;26;26;26m[48;2;25;25;25m [38;2;26;26;26m[48;2;25;25;25m▘[38;2;28;28;28m[48;2;23;23;23m▃[38;2;26;26;26m[48;2;53;28;0m▀[38;2;52;27;0m[48;2;57;30;0m▘[38;2;50;26;0m[48;2;56;29;0m▝[38;2;51;27;0m[48;2;49;26;0m▝[38;2;55;29;0m[48;2;52;27;0m▔[38;2;50;26;0m[48;2;52;28;0m▗[38;2;49;26;0m[48;2;25;25;25m▘[38;2;32;27;24m[48;2;25;25;25m▕[38;2;49;26;0m[48;2;58;31;0m▖[38;2;69;41;9m[48;2;20;23;22m█[38;2;69;41;9m[48;2;20;23;22m█[38;2;144;51;51m[48;2;150;53;53m▖[38;2;155;54;54m[48;2;168;92;0m▀[38;2;157;86;0m[48;2;153;54;54m▃[38;2;159;56;56m[48;2;146;51;51m▃[38;2;153;54;54m[48;2;145;51;51m▊[38;2;143;50;50m[48;2;141;50;50m▗[38;2;145;51;51m[48;2;158;56;56m▖[38;2;171;94;0m[48;2;183;100;0m▍[38;2;171;94;0m[48;2;159;88;0m▆[38;2;170;62;58m[48;2;171;93;0m▘[38;2;181;111;111m[48;2;198;108;0m▐[38;2;187;114;114m[48;2;195;107;0m▖[38;2;160;88;3m[48;2;188;103;0m▕[38;2;92;65;50m[48;2;0;0;0m▏[38;2;0;0;0m[48;2;2;2;2m▏[38;2;0;0;0m[48;2;4;4;4m [38;2;6;6;6m[48;2;5;5;5m▖[38;2;4;4;4m[48;2;5;5;5m▘[38;2;4;4;4m[48;2;5;5;5m [38;2;4;4;4m[48;2;5;5;5m [38;2;5;5;5m[48;2;4;4;4m▘[38;2;23;82;122m[48;2;0;0;0m▖[38;2;5;5;5m[48;2;3;3;3m▂[38;2;3;3;3m[48;2;2;2;2m▏[38;2;3;3;3m[48;2;2;2;2m▂[38;2;3;3;3m[48;2;2;2;2m▂[38;2;4;4;4m[48;2;2;2;2m▁[38;2;4;4;4m[48;2;3;3;3m [0m
[38;2;1;1;1m[48;2;3;3;3m▃[38;2;2;2;2m[48;2;1;1;1m▔[38;2;1;1;1m[48;2;3;3;3m▖[38;2;4;4;4m[48;2;5;5;5m▂[38;2;4;4;4m[48;2;5;5;5m▂[38;2;4;4;4m[48;2;5;5;5m▍[38;2;5;5;5m[48;2;4;4;4m▝[38;2;6;6;6m[48;2;5;5;5m▗[38;2;6;6;6m[48;2;5;5;5m [38;2;0;0;0m[48;2;3;3;3m▐[38;2;0;0;0m[48;2;229;229;229m▊[38;2;240;240;240m[48;2;242;242;242m▀[38;2;221;153;89m[48;2;230;230;230m▝[38;2;198;121;121m[48;2;184;102;0m▘[38;2;157;55;55m[48;2;163;57;57m▁[38;2;162;57;57m[48;2;59;59;59m▀[38;2;2;2;2m[48;2;130;46;46m▗[38;2;64;64;64m[48;2;2;2;2m▂[38;2;169;59;59m[48;2;4;4;4m▅[38;2;76;42;0m[48;2;153;54;54m▗[38;2;157;86;0m[48;2;59;59;59m▁[38;2;67;37;0m[48;2;49;26;0m▁[38;2;58;32;0m[48;2;53;28;0m▂[38;2;52;29;3m[48;2;55;29;0m▕[38;2;27;27;27m[48;2;54;28;0m▅[38;2;25;25;25m[48;2;52;27;0m▖[38;2;55;29;0m[48;2;54;28;0m▊[38;2;50;27;0m[48;2;52;27;0m▃[38;2;27;27;27m[48;2;50;27;0m▗[38;2;29;29;29m[48;2;26;26;26m▘[38;2;27;27;27m[48;2;25;25;25m▗[38;2;28;28;28m[48;2;26;26;26m▁[38;2;56;29;0m[48;2;28;28;28m▂[38;2;57;30;0m[48;2;28;28;28m▅[38;2;57;30;0m[48;2;52;27;0m▅[38;2;54;29;0m[48;2;59;31;0m▀[38;2;57;30;0m[48;2;56;30;0m▊[38;2;53;28;0m[48;2;56;30;0m▁[38;2;27;27;27m[48;2;54;29;0m▃[38;2;23;23;23m[48;2;49;26;0m▃[38;2;24;24;24m[48;2;29;29;29m▅[38;2;26;26;26m[48;2;22;22;22m▘[38;2;21;21;21m[48;2;24;24;24m▊[38;2;51;27;0m[48;2;26;26;26m▐[38;2;69;41;9m[48;2;20;23;22m█[38;2;69;41;9m[48;2;20;23;22m█[38;2;69;69;69m[48;2;164;58;58m▍[38;2;165;86;13m[48;2;165;90;0m▏[38;2;165;90;0m[48;2;177;98;0m▂[38;2;160;56;56m[48;2;167;92;0m▝[38;2;162;57;57m[48;2;153;84;0m▘[38;2;165;58;58m[48;2;156;85;0m▔[38;2;165;58;58m[48;2;162;88;0m▔[38;2;158;87;0m[48;2;172;94;0m▖[38;2;184;102;0m[48;2;178;98;0m▗[38;2;190;104;0m[48;2;170;93;0m▃[38;2;201;110;0m[48;2;170;93;0m▐[38;2;205;112;0m[48;2;149;52;52m▊[38;2;198;108;0m[48;2;52;52;52m▝[38;2;65;65;65m[48;2;0;0;0m▍[38;2;2;2;2m[48;2;4;4;4m▍[38;2;4;4;4m[48;2;6;6;6m▘[38;2;6;6;6m[48;2;5;5;5m▏[38;2;6;6;6m[48;2;5;5;5m [38;2;6;6;6m[48;2;5;5;5m [38;2;88;87;88m[48;2;0;0;0m▖[38;2;4;4;4m[48;2;5;5;5m▊[38;2;4;4;4m[48;2;5;5;5m [38;2;4;4;4m[48;2;5;5;5m▗[38;2;5;5;5m[48;2;4;4;4m▃[38;2;4;4;4m[48;2;3;3;3m▏[38;2;4;4;4m[48;2;5;5;5m▘[38;2;4;4;4m[48;2;5;5;5m [38;2;3;3;3m[48;2;4;4;4m▔[0m
[38;2;54;54;55m[48;2;0;0;0m◼[38;2;4;4;4m[48;2;2;2;2m▅[38;2;5;5;5m[48;2;2;2;2m▃[38;2;3;3;3m[48;2;4;4;4m▘[38;2;6;6;6m[48;2;4;4;4m▗[38;2;6;6;6m[48;2;5;5;5m▘[38;2;5;5;5m[48;2;4;4;4m▆[38;2;5;5;5m[48;2;5;5;5m [38;2;4;4;4m[48;2;5;5;5m▗[38;2;0;0;0m[48;2;3;3;3m▐[38;2;0;0;0m[48;2;217;217;217m▊[38;2;241;241;241m[48;2;242;242;242m▏[38;2;210;174;128m[48;2;242;242;242m▐[38;2;146;51;51m[48;2;168;92;0m▗[38;2;166;58;58m[48;2;5;5;5m▘[38;2;162;57;57m[48;2;9;9;9m▗[38;2;23;23;23m[48;2;195;119;119m▀[38;2;55;55;55m[48;2;210;173;128m▂[38;2;215;178;131m[48;2;138;49;49m▀[38;2;204;112;0m[48;2;194;106;0m▔[38;2;157;85;0m[48;2;131;46;46m▍[38;2;62;57;54m[48;2;73;40;0m▖[38;2;54;54;54m[48;2;63;34;0m▃[38;2;27;27;27m[48;2;52;30;4m▝[38;2;27;27;27m[48;2;23;23;23m▂[38;2;27;27;27m[48;2;25;25;25m [38;2;50;26;0m[48;2;24;24;24m▔[38;2;29;29;29m[48;2;26;26;26m▔[38;2;54;29;0m[48;2;26;26;26m▃[38;2;26;26;26m[48;2;59;31;0m▀[38;2;50;26;0m[48;2;61;32;0m▀[38;2;61;32;0m[48;2;56;30;0m▆[38;2;59;31;0m[48;2;61;32;0m▂[38;2;59;31;0m[48;2;60;32;0m [38;2;57;31;0m[48;2;59;31;0m▂[38;2;50;26;0m[48;2;59;31;0m▃[38;2;24;24;24m[48;2;52;27;0m▃[38;2;22;22;22m[48;2;27;27;27m▃[38;2;24;24;24m[48;2;20;20;20m▀[38;2;23;23;23m[48;2;20;20;20m▘[38;2;23;23;23m[48;2;20;20;20m [38;2;20;20;20m[48;2;21;21;21m▆[38;2;20;20;20m[48;2;23;23;23m▊[38;2;51;27;0m[48;2;23;23;23m▐[38;2;69;41;9m[48;2;20;23;22m█[38;2;69;41;9m[48;2;20;23;22m█[38;2;131;46;46m[48;2;166;58;58m▍[38;2;155;80;13m[48;2;152;83;0m▏[38;2;163;89;0m[48;2;154;84;0m▂[38;2;159;88;0m[48;2;167;59;59m▔[38;2;153;84;0m[48;2;162;57;57m▀[38;2;166;58;58m[48;2;160;88;0m▃[38;2;169;92;0m[48;2;180;99;0m▏[38;2;174;95;0m[48;2;166;91;0m▆[38;2;158;86;0m[48;2;168;92;0m▗[38;2;153;84;0m[48;2;188;102;0m▖[38;2;191;104;0m[48;2;197;108;0m▔[38;2;200;109;0m[48;2;180;110;110m▍[38;2;189;115;115m[48;2;67;37;0m▖[38;2;77;42;0m[48;2;0;0;0m▏[38;2;4;4;4m[48;2;2;2;2m▝[38;2;3;3;3m[48;2;5;5;5m▃[38;2;4;4;4m[48;2;5;5;5m▖[38;2;4;4;4m[48;2;5;5;5m▗[38;2;5;5;5m[48;2;4;4;4m▘[38;2;5;5;5m[48;2;4;4;4m▊[38;2;5;5;5m[48;2;4;4;4m [38;2;5;5;5m[48;2;4;4;4m▘[38;2;5;5;5m[48;2;4;4;4m▝[38;2;4;4;4m[48;2;5;5;5m▆[38;2;4;4;4m[48;2;6;6;6m▘[38;2;6;6;6m[48;2;5;5;5m▏[38;2;6;6;6m[48;2;5;5;5m [38;2;5;5;5m[48;2;4;4;4m▏[0m
[38;2;6;6;6m[48;2;5;5;5m▘[38;2;4;4;4m[48;2;5;5;5m▗[38;2;4;4;4m[48;2;5;5;5m▘[38;2;5;5;5m[48;2;4;4;4m▏[38;2;6;6;6m[48;2;5;5;5m▝[38;2;6;6;6m[48;2;5;5;5m [38;2;4;4;4m[48;2;5;5;5m▆[38;2;4;4;4m[48;2;6;6;6m▘[38;2;4;4;4m[48;2;5;5;5m [38;2;54;54;55m[48;2;0;0;0m▖[38;2;74;16;16m[48;2;0;0;0m▕[38;2;154;54;54m[48;2;242;242;242m▍[38;2;77;43;0m[48;2;237;237;237m▗[38;2;19;19;19m[48;2;0;0;0m▔[38;2;172;94;0m[48;2;0;0;0m▗[38;2;55;55;55m[48;2;185;113;113m▃[38;2;139;49;49m[48;2;56;29;0m▝[38;2;18;18;18m[48;2;217;153;75m▅[38;2;221;221;221m[48;2;12;12;12m▀[38;2;214;214;214m[48;2;6;6;6m▀[38;2;10;10;10m[48;2;202;110;0m▂[38;2;18;18;18m[48;2;200;122;122m▃[38;2;69;41;9m[48;2;37;39;38m▙[38;2;53;53;53m[48;2;58;30;0m▖[38;2;48;25;0m[48;2;69;38;0m▀[38;2;60;32;0m[48;2;29;29;29m▅[38;2;56;30;0m[48;2;50;26;0m▅[38;2;50;26;0m[48;2;54;29;0m▂[38;2;57;31;0m[48;2;59;31;0m▏[38;2;63;33;0m[48;2;66;36;0m▍[38;2;62;34;0m[48;2;65;36;0m▞[38;2;61;32;0m[48;2;60;32;0m▖[38;2;56;30;0m[48;2;59;31;0m▁[38;2;50;27;0m[48;2;55;30;0m▗[38;2;26;26;26m[48;2;51;28;0m▆[38;2;26;26;26m[48;2;24;24;24m▏[38;2;24;24;24m[48;2;22;22;22m▃[38;2;25;25;25m[48;2;23;23;23m▃[38;2;28;28;28m[48;2;23;23;23m▁[38;2;29;29;29m[48;2;22;22;22m▂[38;2;20;20;20m[48;2;25;25;25m▀[38;2;20;20;20m[48;2;25;25;25m▘[38;2;23;23;23m[48;2;26;26;26m▔[38;2;26;26;26m[48;2;51;27;0m▘[38;2;58;36;8m[48;2;59;31;0m▕[38;2;57;54;52m[48;2;140;49;49m▍[38;2;142;50;50m[48;2;159;56;56m▘[38;2;174;95;0m[48;2;158;86;0m▝[38;2;169;92;0m[48;2;181;100;0m▃[38;2;163;89;0m[48;2;172;94;0m▔[38;2;167;59;59m[48;2;158;88;0m▔[38;2;171;60;60m[48;2;161;56;56m▆[38;2;157;86;0m[48;2;165;58;58m▔[38;2;167;58;58m[48;2;169;92;0m▖[38;2;165;90;0m[48;2;153;84;0m▊[38;2;172;94;0m[48;2;163;57;57m▂[38;2;189;103;0m[48;2;205;112;0m▊[38;2;187;114;114m[48;2;204;112;0m▖[38;2;62;62;62m[48;2;201;110;0m▝[38;2;106;58;0m[48;2;0;0;0m▏[38;2;0;0;0m[48;2;1;1;1m▁[38;2;1;1;1m[48;2;2;2;2m▊[38;2;37;39;38m[48;2;0;0;0m▝[38;2;3;3;3m[48;2;5;5;5m▂[38;2;5;5;5m[48;2;4;4;4m▏[38;2;4;4;4m[48;2;5;5;5m▍[38;2;4;4;4m[48;2;5;5;5m▊[38;2;5;5;5m[48;2;4;4;4m▘[38;2;4;4;4m[48;2;3;3;3m▃[38;2;5;5;5m[48;2;4;4;4m▂[38;2;5;5;5m[48;2;5;5;5m [38;2;39;90;99m[48;2;4;4;4m✝[38;2;3;3;3m[48;2;4;4;4m▆[38;2;3;3;3m[48;2;3;3;3m [0m
[38;2;4;4;4m[48;2;5;5;5m▆[38;2;6;6;6m[48;2;4;4;4m▗[38;2;6;6;6m[48;2;5;5;5m [38;2;5;5;5m[48;2;4;4;4m▀[38;2;4;4;4m[48;2;2;2;2m▀[38;2;4;4;4m[48;2;2;2;2m▘[38;2;4;4;4m[48;2;2;2;2m▀[38;2;5;5;5m[48;2;3;3;3m▀[38;2;5;5;5m[48;2;4;4;4m▘[38;2;2;2;2m[48;2;4;4;4m▁[38;2;0;0;0m[48;2;2;2;2m▐[38;2;154;154;154m[48;2;0;0;0m▝[38;2;222;222;222m[48;2;153;54;54m▍[38;2;198;108;0m[48;2;69;38;0m▃[38;2;56;56;56m[48;2;142;50;50m▆[38;2;71;39;0m[48;2;52;31;4m▂[38;2;61;33;0m[48;2;54;28;0m▂[38;2;57;30;0m[48;2;28;28;28m▁[38;2;59;31;0m[48;2;26;26;26m▃[38;2;60;32;0m[48;2;19;19;19m▆[38;2;51;28;0m[48;2;18;18;18m▖[38;2;26;26;26m[48;2;19;19;19m▝[38;2;21;21;21m[48;2;49;26;0m▆[38;2;49;26;0m[48;2;70;38;0m▆[38;2;51;27;0m[48;2;61;32;0m▃[38;2;50;26;0m[48;2;59;31;0m▃[38;2;56;30;0m[48;2;49;26;0m▘[38;2;29;29;29m[48;2;54;29;0m▊[38;2;55;30;0m[48;2;58;31;0m▏[38;2;66;36;0m[48;2;61;32;0m▝[38;2;57;31;0m[48;2;63;33;0m▗[38;2;58;31;0m[48;2;60;32;0m▝[38;2;58;31;0m[48;2;57;30;0m▆[38;2;55;29;0m[48;2;51;27;0m▆[38;2;53;28;0m[48;2;28;28;28m▆[38;2;51;27;0m[48;2;27;27;27m▆[38;2;50;27;0m[48;2;29;29;29m▕[38;2;54;29;0m[48;2;28;28;28m▅[38;2;54;29;0m[48;2;50;26;0m▖[38;2;49;26;0m[48;2;29;29;29m▅[38;2;34;29;26m[48;2;29;29;29m▕[38;2;52;27;0m[48;2;28;28;28m▆[38;2;27;27;27m[48;2;54;28;0m▀[38;2;52;27;0m[48;2;28;28;28m▂[38;2;59;31;0m[48;2;64;34;0m▍[38;2;60;57;55m[48;2;157;55;55m▍[38;2;164;89;0m[48;2;152;83;0m▐[38;2;163;89;0m[48;2;168;92;0m▔[38;2;166;91;0m[48;2;164;90;0m▐[38;2;166;91;0m[48;2;173;94;0m▀[38;2;159;88;0m[48;2;169;92;0m▐[38;2;157;55;55m[48;2;170;60;60m▗[38;2;152;53;53m[48;2;150;82;0m▖[38;2;162;88;0m[48;2;163;57;57m▁[38;2;174;95;0m[48;2;159;88;0m▐[38;2;189;103;0m[48;2;182;100;0m▂[38;2;203;111;17m[48;2;197;108;0m▕[38;2;178;109;109m[48;2;203;112;0m▘[38;2;204;113;16m[48;2;185;102;0m▕[38;2;178;98;0m[48;2;186;114;114m▔[38;2;199;109;0m[48;2;6;6;6m▖[38;2;6;6;6m[48;2;0;0;0m▁[38;2;17;17;17m[48;2;1;1;1m▁[38;2;25;25;25m[48;2;1;1;1m▁[38;2;4;4;4m[48;2;2;2;2m▔[38;2;2;2;2m[48;2;4;4;4m▖[38;2;3;3;3m[48;2;4;4;4m▆[38;2;3;3;3m[48;2;5;5;5m▀[38;2;4;4;4m[48;2;5;5;5m▔[38;2;6;6;6m[48;2;5;5;5m▘[38;2;5;5;5m[48;2;4;4;4m▀[38;2;5;5;5m[48;2;4;4;4m▃[38;2;5;5;5m[48;2;3;3;3m▂[38;2;6;6;6m[48;2;4;4;4m▗[0m
[38;2;6;6;6m[48;2;5;5;5m▍[38;2;6;6;6m[48;2;5;5;5m [38;2;5;5;5m[48;2;4;4;4m▀[38;2;4;4;4m[48;2;3;3;3m▘[38;2;23;82;122m[48;2;0;0;0m▖[38;2;2;2;2m[48;2;1;1;1m [38;2;2;2;2m[48;2;1;1;1m [38;2;68;37;0m[48;2;0;0;0m▁[38;2;1;1;1m[48;2;68;37;0m▀[38;2;60;32;0m[48;2;1;1;1m▅[38;2;49;27;0m[48;2;1;1;1m▆[38;2;10;10;10m[48;2;56;29;0m▀[38;2;60;60;60m[48;2;18;18;18m▔[38;2;55;29;0m[48;2;12;12;12m▅[38;2;26;26;26m[48;2;17;17;17m▃[38;2;58;31;0m[48;2;19;19;19m▝[38;2;25;25;25m[48;2;63;33;0m▖[38;2;61;32;0m[48;2;60;32;0m▏[38;2;59;31;0m[48;2;61;32;0m▂[38;2;60;32;0m[48;2;63;33;0m▞[38;2;58;31;0m[48;2;47;26;4m▊[38;2;29;26;24m[48;2;22;22;22m▏[38;2;48;25;0m[48;2;22;22;22m▆[38;2;48;25;0m[48;2;18;18;18m▅[38;2;21;21;21m[48;2;28;28;28m▆[38;2;20;20;20m[48;2;50;26;0m▖[38;2;57;30;0m[48;2;51;27;0m▆[38;2;51;27;0m[48;2;56;30;0m▘[38;2;53;28;0m[48;2;59;31;0m▃[38;2;54;29;0m[48;2;59;31;0m▅[38;2;65;36;0m[48;2;59;31;0m▗[38;2;53;28;0m[48;2;59;32;0m▗[38;2;59;31;0m[48;2;51;27;0m▀[38;2;53;28;0m[48;2;25;25;25m▀[38;2;53;28;0m[48;2;29;29;29m [38;2;50;26;0m[48;2;27;27;27m▔[38;2;32;27;24m[48;2;27;27;27m▕[38;2;54;29;0m[48;2;48;25;0m▁[38;2;56;30;0m[48;2;52;27;0m▗[38;2;57;30;0m[48;2;51;27;0m▆[38;2;57;30;0m[48;2;51;27;0m▖[38;2;51;28;0m[48;2;50;26;0m▕[38;2;51;27;0m[48;2;57;30;0m▃[38;2;57;30;0m[48;2;28;28;28m▀[38;2;28;28;28m[48;2;57;31;0m▖[38;2;134;47;47m[48;2;52;48;47m▐[38;2;169;59;59m[48;2;145;51;51m▐[38;2;195;107;0m[48;2;180;98;0m▗[38;2;177;98;0m[48;2;192;105;0m▀[38;2;193;105;0m[48;2;180;98;0m▂[38;2;197;108;0m[48;2;175;96;0m▂[38;2;198;108;0m[48;2;167;91;0m▂[38;2;168;59;59m[48;2;180;98;0m▀[38;2;159;87;0m[48;2;187;102;0m▘[38;2;189;103;0m[48;2;171;93;0m▅[38;2;183;100;0m[48;2;190;104;0m▘[38;2;198;108;0m[48;2;196;107;0m▃[38;2;201;111;0m[48;2;181;110;110m▊[38;2;183;111;111m[48;2;202;110;0m▍[38;2;25;25;25m[48;2;206;113;0m▗[38;2;102;58;18m[48;2;15;15;15m▏[38;2;20;20;20m[48;2;49;26;0m▂[38;2;57;30;0m[48;2;24;24;24m▗[38;2;54;54;54m[48;2;150;54;52m▊[38;2;9;9;9m[48;2;148;81;0m▐[38;2;2;2;2m[48;2;156;55;55m▀[38;2;157;55;55m[48;2;3;3;3m▂[38;2;8;8;8m[48;2;5;5;5m▁[38;2;4;4;4m[48;2;5;5;5m▆[38;2;4;4;4m[48;2;4;4;4m [38;2;4;4;4m[48;2;6;6;6m▊[38;2;6;6;6m[48;2;5;5;5m▏[38;2;3;3;3m[48;2;5;5;5m▗[38;2;3;3;3m[48;2;5;5;5m▅[0m
[38;2;5;5;5m[48;2;4;4;4m▘[38;2;4;4;4m[48;2;5;5;5m▆[38;2;2;2;2m[48;2;3;3;3m▆[38;2;2;2;2m[48;2;1;1;1m [38;2;1;1;1m[48;2;0;0;0m▊[38;2;77;40;3m[48;2;0;0;0m▕[38;2;17;17;17m[48;2;154;84;0m▀[38;2;59;31;0m[48;2;154;84;0m▆[38;2;65;36;0m[48;2;54;28;0m▔[38;2;63;34;0m[48;2;57;30;0m▐[38;2;66;36;0m[48;2;72;39;0m▍[38;2;63;34;0m[48;2;73;40;0m▀[38;2;51;27;0m[48;2;66;36;0m▔[38;2;64;34;0m[48;2;21;21;21m▃[38;2;23;23;23m[48;2;55;29;0m▖[38;2;18;18;18m[48;2;58;31;0m▀[38;2;20;23;22m[48;2;59;31;0m▄[38;2;22;22;22m[48;2;59;31;0m▅[38;2;50;26;0m[48;2;58;31;0m▅[38;2;52;28;0m[48;2;59;31;0m▅[38;2;66;36;0m[48;2;59;31;0m▆[38;2;24;24;24m[48;2;52;27;0m▝[38;2;25;25;25m[48;2;49;26;0m▘[38;2;26;26;26m[48;2;49;26;0m▗[38;2;26;26;26m[48;2;26;26;26m [38;2;28;28;28m[48;2;20;20;20m▆[38;2;27;27;27m[48;2;21;21;21m▞[38;2;20;20;20m[48;2;49;26;0m▂[38;2;34;28;24m[48;2;28;28;28m▕[38;2;57;30;0m[48;2;50;26;0m▐[38;2;61;32;0m[48;2;54;29;0m▆[38;2;27;27;27m[48;2;56;30;0m▀[38;2;34;29;25m[48;2;27;27;27m▏[38;2;35;28;24m[48;2;25;25;25m▕[38;2;54;29;0m[48;2;49;26;0m▅[38;2;50;26;0m[48;2;56;29;0m▀[38;2;51;27;0m[48;2;57;30;0m▘[38;2;59;31;0m[48;2;58;31;0m▆[38;2;57;30;0m[48;2;59;31;0m▔[38;2;58;31;0m[48;2;59;31;0m▕[38;2;54;29;0m[48;2;57;30;0m▝[38;2;59;31;0m[48;2;51;27;0m▅[38;2;54;28;0m[48;2;50;26;0m▖[38;2;28;28;28m[48;2;49;26;0m▂[38;2;48;25;0m[48;2;58;35;6m▊[38;2;150;53;53m[48;2;52;48;47m▐[38;2;185;101;0m[48;2;169;59;59m▝[38;2;199;109;0m[48;2;167;91;0m▀[38;2;173;95;0m[48;2;191;104;0m▂[38;2;203;112;25m[48;2;198;108;0m▕[38;2;180;110;110m[48;2;200;109;0m▅[38;2;156;86;5m[48;2;180;110;110m▃[38;2;54;54;55m[48;2;189;103;0m▟[38;2;158;56;56m[48;2;178;108;108m▖[38;2;178;109;109m[48;2;189;103;0m▆[38;2;178;108;108m[48;2;185;102;0m▖[38;2;166;91;0m[48;2;197;108;0m▁[38;2;191;144;6m[48;2;183;100;0m▐[38;2;209;147;72m[48;2;56;30;0m▍[38;2;55;29;0m[48;2;54;29;0m▔[38;2;51;27;0m[48;2;19;19;19m▍[38;2;25;25;25m[48;2;19;19;19m▁[38;2;29;29;29m[48;2;67;37;0m▀[38;2;136;48;48m[48;2;70;39;0m▗[38;2;161;57;57m[48;2;64;34;0m▞[38;2;185;113;113m[48;2;70;70;70m▗[38;2;181;102;28m[48;2;200;109;0m▏[38;2;79;43;0m[48;2;190;104;0m▝[38;2;98;53;7m[48;2;0;0;0m▏[38;2;4;4;4m[48;2;3;3;3m▝[38;2;4;4;4m[48;2;4;4;4m [38;2;4;4;4m[48;2;6;6;6m▘[38;2;6;6;6m[48;2;5;5;5m▏[38;2;4;4;4m[48;2;2;2;2m▍[0m
[38;2;4;4;4m[48;2;5;5;5m▍[38;2;5;5;5m[48;2;4;4;4m▀[38;2;4;4;4m[48;2;3;3;3m▅[38;2;4;4;4m[48;2;2;2;2m▖[38;2;2;2;2m[48;2;0;0;0m▕[38;2;10;10;10m[48;2;154;84;0m▍[38;2;154;84;0m[48;2;48;25;0m▘[38;2;61;32;0m[48;2;20;20;20m▔[38;2;53;28;0m[48;2;20;23;22m█[38;2;53;28;0m[48;2;57;30;0m▘[38;2;61;32;0m[48;2;66;36;0m▍[38;2;72;39;0m[48;2;64;34;0m▝[38;2;69;38;0m[48;2;73;41;0m▗[38;2;58;31;0m[48;2;79;44;0m▅[38;2;35;30;28m[48;2;74;41;0m▝[38;2;63;37;4m[48;2;68;37;0m▕[38;2;59;31;0m[48;2;20;23;22m▄[38;2;22;22;22m[48;2;18;18;18m▔[38;2;18;18;18m[48;2;56;30;0m▖[38;2;56;29;0m[48;2;59;31;0m▝[38;2;59;31;0m[48;2;52;28;0m▝[38;2;54;29;0m[48;2;26;26;26m▘[38;2;29;29;29m[48;2;25;25;25m▔[38;2;24;24;24m[48;2;21;21;21m▔[38;2;26;26;26m[48;2;24;24;24m▐[38;2;50;26;0m[48;2;27;27;27m▗[38;2;56;30;0m[48;2;27;27;27m▅[38;2;29;24;21m[48;2;18;18;18m▏[38;2;17;17;17m[48;2;23;23;23m▆[38;2;33;27;23m[48;2;23;23;23m▕[38;2;49;26;0m[48;2;55;29;0m▅[38;2;54;29;0m[48;2;29;29;29m▂[38;2;56;30;0m[48;2;28;28;28m▂[38;2;74;41;0m[48;2;27;27;27m▃[38;2;74;41;0m[48;2;26;26;26m▃[38;2;61;32;0m[48;2;28;28;28m▂[38;2;27;27;27m[48;2;57;30;0m▅[38;2;51;27;0m[48;2;59;31;0m▂[38;2;59;31;0m[48;2;56;30;0m▊[38;2;52;28;0m[48;2;55;29;0m▗[38;2;57;30;0m[48;2;52;27;0m▀[38;2;54;29;0m[48;2;51;27;0m▂[38;2;57;30;0m[48;2;51;27;0m▃[38;2;57;30;0m[48;2;29;29;29m▖[38;2;57;31;0m[48;2;29;29;29m▐[38;2;61;33;0m[48;2;69;56;56m▊[38;2;156;55;55m[48;2;135;47;47m▐[38;2;158;86;0m[48;2;168;59;59m▐[38;2;195;107;0m[48;2;171;93;0m▗[38;2;200;110;0m[48;2;184;100;0m▝[38;2;195;106;0m[48;2;201;110;0m▁[38;2;192;105;0m[48;2;50;27;0m▘[38;2;59;59;59m[48;2;68;37;0m▅[38;2;63;63;63m[48;2;161;88;0m▏[38;2;183;100;0m[48;2;6;6;6m█[38;2;183;100;0m[48;2;6;6;6m█[38;2;166;91;0m[48;2;6;6;6m█[38;2;191;144;6m[48;2;183;100;0m▐[38;2;188;115;115m[48;2;27;27;27m▍[38;2;57;30;0m[48;2;19;19;19m▘[38;2;21;21;21m[48;2;11;11;11m▅[38;2;71;39;0m[48;2;26;26;26m▝[38;2;191;116;116m[48;2;28;28;28m▗[38;2;189;115;115m[48;2;70;70;70m▘[38;2;75;41;0m[48;2;170;93;0m▘[38;2;162;57;57m[48;2;137;48;48m▀[38;2;59;59;59m[48;2;189;115;115m▀[38;2;199;109;0m[48;2;180;110;110m▔[38;2;178;108;108m[48;2;1;1;1m▖[38;2;1;1;1m[48;2;3;3;3m▍[38;2;6;6;6m[48;2;4;4;4m▗[38;2;6;6;6m[48;2;5;5;5m▘[38;2;4;4;4m[48;2;5;5;5m▐[38;2;4;4;4m[48;2;3;3;3m▏[0m
[38;2;5;5;5m[48;2;5;5;5m [38;2;5;5;5m[48;2;4;4;4m▏[38;2;5;5;5m[48;2;4;4;4m▕[38;2;5;5;5m[48;2;0;0;0m▊[38;2;154;84;0m[48;2;0;0;0m▗[38;2;10;10;10m[48;2;77;43;0m▅[38;2;11;11;11m[48;2;48;25;0m▅[38;2;20;20;20m[48;2;12;12;12m▔[38;2;20;23;22m[48;2;53;28;0m▇[38;2;62;33;0m[48;2;21;21;21m▘[38;2;12;12;12m[48;2;56;30;0m▁[38;2;54;28;0m[48;2;59;31;0m▃[38;2;66;36;0m[48;2;57;30;0m▀[38;2;57;30;0m[48;2;78;43;0m▃[38;2;58;31;0m[48;2;65;36;0m▂[38;2;74;41;0m[48;2;60;32;0m▘[38;2;62;33;0m[48;2;5;55;25m█[38;2;62;33;0m[48;2;5;55;25m█[38;2;53;28;0m[48;2;17;17;17m▖[38;2;16;16;16m[48;2;59;31;0m▖[38;2;50;26;0m[48;2;62;33;0m▝[38;2;21;21;21m[48;2;25;25;25m▐[38;2;27;27;27m[48;2;21;21;21m▐[38;2;23;23;23m[48;2;28;28;28m▐[38;2;32;26;22m[48;2;24;24;24m▕[38;2;47;26;2m[48;2;51;27;0m▏[38;2;24;24;24m[48;2;56;30;0m▗[38;2;31;24;20m[48;2;21;21;21m▕[38;2;23;23;23m[48;2;53;28;0m▀[38;2;72;40;0m[48;2;27;27;27m▅[38;2;75;41;0m[48;2;61;32;0m▅[38;2;72;39;0m[48;2;57;30;0m▆[38;2;74;41;0m[48;2;59;31;0m▅[38;2;52;52;52m[48;2;75;42;0m▃[38;2;52;52;52m[48;2;76;42;0m [38;2;70;38;0m[48;2;77;43;0m▔[38;2;50;27;0m[48;2;70;38;0m▝[38;2;59;31;0m[48;2;28;28;28m▖[38;2;52;27;0m[48;2;57;30;0m▖[38;2;56;29;0m[48;2;61;32;0m▀[38;2;64;34;0m[48;2;55;29;0m▃[38;2;54;29;0m[48;2;57;31;0m▝[38;2;52;28;0m[48;2;57;30;0m▘[38;2;54;29;0m[48;2;50;26;0m▍[38;2;61;32;0m[48;2;49;26;0m▐[38;2;58;58;58m[48;2;73;40;0m▝[38;2;171;60;60m[48;2;63;63;63m▝[38;2;157;81;14m[48;2;162;89;0m▏[38;2;168;92;0m[48;2;189;103;0m▊[38;2;189;103;0m[48;2;174;95;0m▍[38;2;172;95;0m[48;2;66;66;66m▊[38;2;17;17;17m[48;2;76;65;65m▊[38;2;156;85;0m[48;2;147;52;52m▂[38;2;158;86;0m[48;2;144;51;51m▐[38;2;155;85;0m[48;2;173;94;0m▞[38;2;180;110;110m[48;2;166;91;0m▝[38;2;203;111;0m[48;2;189;116;116m▖[38;2;212;149;77m[48;2;192;117;117m▕[38;2;186;113;113m[48;2;15;15;15m▍[38;2;20;20;20m[48;2;11;11;11m▐[38;2;24;22;20m[48;2;21;21;21m▕[38;2;59;59;59m[48;2;58;34;3m▝[38;2;21;21;21m[48;2;132;47;47m▞[38;2;150;53;53m[48;2;54;54;54m▐[38;2;159;88;0m[48;2;206;113;0m▀[38;2;186;110;97m[48;2;179;109;109m▏[38;2;72;40;0m[48;2;203;111;0m▗[38;2;58;31;0m[48;2;197;107;0m▅[38;2;1;1;1m[48;2;65;36;0m▆[38;2;1;1;1m[48;2;4;4;4m [38;2;5;5;5m[48;2;4;4;4m▝[38;2;5;5;5m[48;2;4;4;4m▀[38;2;4;4;4m[48;2;5;5;5m▔[38;2;5;5;5m[48;2;4;4;4m▆[0m
[38;2;5;5;5m[48;2;4;4;4m▀[38;2;5;5;5m[48;2;5;5;5m [38;2;4;4;4m[48;2;5;5;5m▊[38;2;3;3;3m[48;2;5;5;5m▐[38;2;6;6;6m[48;2;77;43;0m▍[38;2;20;20;20m[48;2;13;13;13m▗[38;2;20;20;20m[48;2;5;5;5m [38;2;72;39;0m[48;2;5;5;5m▁[38;2;34;26;20m[48;2;7;7;7m▕[38;2;106;102;100m[48;2;48;25;0m▃[38;2;4;4;4m[48;2;62;33;0m█[38;2;51;27;0m[48;2;3;3;3m▔[38;2;5;5;5m[48;2;54;29;0m▅[38;2;5;5;5m[48;2;54;29;0m▃[38;2;14;14;14m[48;2;56;30;0m▁[38;2;64;34;0m[48;2;54;29;0m▃[38;2;62;33;0m[48;2;57;30;0m▁[38;2;66;36;0m[48;2;57;30;0m▝[38;2;49;26;0m[48;2;59;31;0m▂[38;2;28;28;28m[48;2;20;20;20m▖[38;2;19;19;19m[48;2;57;30;0m▅[38;2;23;23;23m[48;2;18;18;18m▘[38;2;22;22;22m[48;2;19;19;19m▔[38;2;21;21;21m[48;2;24;24;24m▆[38;2;24;24;24m[48;2;23;23;23m▕[38;2;47;25;2m[48;2;26;26;26m▃[38;2;26;26;26m[48;2;15;15;15m▍[38;2;63;33;0m[48;2;24;24;24m▗[38;2;68;37;0m[48;2;76;42;0m▘[38;2;79;44;0m[48;2;69;38;0m▘[38;2;70;38;0m[48;2;63;33;0m▔[38;2;67;37;0m[48;2;61;32;0m▂[38;2;61;32;0m[48;2;75;42;0m▅[38;2;64;34;0m[48;2;74;41;0m▂[38;2;53;28;0m[48;2;77;43;0m▂[38;2;26;26;26m[48;2;72;40;0m▃[38;2;27;27;27m[48;2;75;42;0m▃[38;2;68;37;0m[48;2;47;26;2m▊[38;2;27;27;27m[48;2;23;23;23m▔[38;2;49;26;0m[48;2;57;30;0m▖[38;2;61;32;0m[48;2;71;39;0m▃[38;2;64;34;0m[48;2;62;33;0m▕[38;2;63;33;0m[48;2;67;36;0m▔[38;2;60;32;0m[48;2;54;29;0m▂[38;2;66;36;0m[48;2;57;30;0m▝[38;2;67;36;0m[48;2;29;29;29m▘[38;2;52;52;52m[48;2;83;66;66m▊[38;2;157;60;60m[48;2;179;98;0m▍[38;2;159;88;0m[48;2;197;107;0m▁[38;2;159;56;56m[48;2;174;95;0m▂[38;2;32;32;32m[48;2;158;88;0m▐[38;2;66;66;66m[48;2;70;38;0m▂[38;2;200;110;0m[48;2;75;41;0m▔[38;2;54;29;0m[48;2;69;69;69m▆[38;2;21;16;13m[48;2;148;52;52m▃[38;2;67;37;0m[48;2;203;111;0m▂[38;2;206;113;0m[48;2;206;126;126m▔[38;2;170;93;0m[48;2;219;154;76m▕[38;2;106;58;0m[48;2;7;7;7m▏[38;2;15;15;15m[48;2;17;17;17m▏[38;2;60;32;0m[48;2;19;19;19m▝[38;2;17;17;17m[48;2;62;33;0m▀[38;2;27;27;27m[48;2;53;53;53m▆[38;2;159;88;0m[48;2;60;60;60m▞[38;2;51;51;51m[48;2;152;84;0m▂[38;2;60;34;2m[48;2;188;103;0m▐[38;2;7;7;7m[48;2;65;65;65m▐[38;2;15;15;15m[48;2;3;3;3m▔[38;2;15;15;15m[48;2;3;3;3m [38;2;54;54;55m[48;2;0;0;0m▖[38;2;3;3;3m[48;2;4;4;4m▍[38;2;3;3;3m[48;2;4;4;4m [38;2;6;6;6m[48;2;5;5;5m▗[38;2;6;6;6m[48;2;5;5;5m [0m
[38;2;5;5;5m[48;2;5;5;5m [38;2;5;5;5m[48;2;5;5;5m [38;2;5;5;5m[48;2;4;4;4m▝[38;2;5;5;5m[48;2;4;4;4m▘[38;2;70;38;0m[48;2;4;4;4m▝[38;2;61;32;0m[48;2;15;15;15m▅[38;2;38;20;10m[48;2;1;1;1m▕[38;2;72;39;0m[48;2;22;22;22m▘[38;2;9;9;9m[48;2;68;67;65m▊[38;2;79;78;78m[48;2;102;102;102m▗[38;2;69;69;69m[48;2;0;0;0m▏[38;2;59;31;0m[48;2;13;13;13m▗[38;2;57;30;0m[48;2;10;10;10m▖[38;2;6;6;6m[48;2;5;5;5m▏[38;2;6;6;6m[48;2;6;6;6m [38;2;5;5;5m[48;2;25;25;25m▆[38;2;57;30;0m[48;2;9;9;9m▀[38;2;25;25;25m[48;2;50;27;0m▆[38;2;20;20;20m[48;2;25;25;25m▅[38;2;25;25;25m[48;2;21;21;21m▀[38;2;18;18;18m[48;2;20;20;20m▐[38;2;15;15;15m[48;2;10;10;10m▏[38;2;14;14;14m[48;2;18;18;18m▍[38;2;16;16;16m[48;2;17;17;17m▗[38;2;25;25;25m[48;2;20;20;20m▝[38;2;29;29;29m[48;2;25;25;25m▀[38;2;26;26;26m[48;2;18;18;18m▏[38;2;25;25;25m[48;2;59;31;0m▍[38;2;72;40;0m[48;2;60;32;0m▀[38;2;63;33;0m[48;2;70;38;0m▀[38;2;71;39;0m[48;2;63;33;0m▃[38;2;57;30;0m[48;2;68;37;0m▐[38;2;57;30;0m[48;2;21;21;21m▘[38;2;50;26;0m[48;2;17;17;17m▗[38;2;69;37;0m[48;2;26;26;26m▅[38;2;64;34;0m[48;2;6;6;6m█[38;2;25;25;25m[48;2;61;32;0m▐[38;2;9;9;9m[48;2;19;19;19m▗[38;2;9;9;9m[48;2;15;15;15m▖[38;2;21;21;21m[48;2;24;24;24m▊[38;2;20;20;20m[48;2;52;28;0m▂[38;2;56;30;0m[48;2;59;31;0m▏[38;2;56;30;0m[48;2;77;43;0m▆[38;2;54;29;0m[48;2;76;42;0m▆[38;2;58;31;0m[48;2;52;28;0m▘[38;2;58;31;0m[48;2;27;27;27m▅[38;2;53;53;53m[48;2;57;30;0m▐[38;2;53;53;53m[48;2;152;53;53m▅[38;2;170;93;0m[48;2;135;47;47m▗[38;2;172;94;0m[48;2;163;57;57m▃[38;2;77;42;0m[48;2;168;59;59m▐[38;2;60;60;60m[48;2;184;112;112m▃[38;2;20;20;20m[48;2;195;107;0m▅[38;2;175;97;0m[48;2;28;28;28m▀[38;2;52;52;52m[48;2;163;57;57m▂[38;2;171;94;0m[48;2;20;20;20m▆[38;2;205;112;0m[48;2;50;26;0m▞[38;2;213;176;130m[48;2;67;67;67m▘[38;2;36;36;36m[48;2;16;16;16m▏[38;2;21;21;21m[48;2;18;18;18m▐[38;2;49;26;0m[48;2;23;23;23m▐[38;2;54;54;54m[48;2;49;26;0m▃[38;2;2;2;2m[48;2;70;39;0m▂[38;2;1;1;1m[48;2;55;55;55m▅[38;2;194;118;118m[48;2;0;0;0m▗[38;2;194;119;119m[48;2;56;56;56m▘[38;2;55;29;0m[48;2;3;3;3m▘[38;2;37;39;38m[48;2;0;0;0m▝[38;2;2;2;2m[48;2;3;3;3m [38;2;3;3;3m[48;2;4;4;4m▆[38;2;3;3;3m[48;2;4;4;4m▘[38;2;4;4;4m[48;2;5;5;5m▀[38;2;4;4;4m[48;2;5;5;5m [38;2;4;4;4m[48;2;5;5;5m [0m
[38;2;14;14;14m[48;2;6;6;6m▖[38;2;4;4;4m[48;2;3;3;3m▕[38;2;39;90;99m[48;2;4;4;4m◼[38;2;5;5;5m[48;2;4;4;4m▂[38;2;7;7;7m[48;2;5;5;5m▕[38;2;53;28;0m[48;2;4;4;4m▝[38;2;53;28;0m[48;2;4;4;4m▝[38;2;58;58;58m[48;2;23;23;23m [38;2;19;19;19m[48;2;48;25;3m▔[38;2;16;15;14m[48;2;95;95;95m▖[38;2;58;58;58m[48;2;65;65;65m▕[38;2;61;61;61m[48;2;9;9;9m▃[38;2;5;5;5m[48;2;26;26;26m▆[38;2;4;4;4m[48;2;6;6;6m▅[38;2;6;6;6m[48;2;4;4;4m▀[38;2;16;16;16m[48;2;6;6;6m▁[38;2;28;28;28m[48;2;5;5;5m▂[38;2;23;23;23m[48;2;51;27;0m▀[38;2;25;25;25m[48;2;20;20;20m▃[38;2;21;21;21m[48;2;15;15;15m▖[38;2;13;13;13m[48;2;17;17;17m▅[38;2;11;11;11m[48;2;8;8;8m▘[38;2;15;15;15m[48;2;10;10;10m▝[38;2;12;12;12m[48;2;15;15;15m▃[38;2;17;17;17m[48;2;21;21;21m▍[38;2;18;18;18m[48;2;23;23;23m▃[38;2;26;26;26m[48;2;17;17;17m▗[38;2;28;28;28m[48;2;57;30;0m▘[38;2;59;31;0m[48;2;64;34;0m▊[38;2;70;38;0m[48;2;72;40;0m▍[38;2;69;38;0m[48;2;59;31;0m▍[38;2;24;24;24m[48;2;51;28;0m▗[38;2;27;23;20m[48;2;17;17;17m▏[38;2;24;24;24m[48;2;61;32;0m▘[38;2;64;34;0m[48;2;75;41;0m▘[38;2;64;34;0m[48;2;6;6;6m█[38;2;24;24;24m[48;2;60;33;3m▐[38;2;11;11;11m[48;2;20;20;20m▐[38;2;12;12;12m[48;2;10;10;10m▝[38;2;18;18;18m[48;2;29;29;29m▏[38;2;23;23;23m[48;2;18;18;18m▏[38;2;52;27;0m[48;2;20;20;20m▂[38;2;18;18;18m[48;2;66;36;0m▅[38;2;16;16;16m[48;2;64;34;0m▂[38;2;10;10;10m[48;2;58;31;0m▁[38;2;11;11;11m[48;2;58;31;0m▁[38;2;17;17;17m[48;2;59;31;0m▁[38;2;154;54;54m[48;2;59;55;53m▝[38;2;190;104;0m[48;2;71;39;0m▀[38;2;60;55;52m[48;2;148;52;52m▖[38;2;151;53;53m[48;2;164;89;0m▕[38;2;144;51;51m[48;2;24;24;24m▖[38;2;19;19;19m[48;2;66;36;0m▞[38;2;31;17;11m[48;2;13;13;13m▏[38;2;14;14;14m[48;2;54;29;0m▆[38;2;157;55;55m[48;2;28;28;28m▝[38;2;210;148;72m[48;2;213;213;213m▍[38;2;183;112;112m[48;2;75;42;0m▍[38;2;35;16;6m[48;2;7;7;7m▏[38;2;18;18;18m[48;2;15;15;15m▐[38;2;53;28;0m[48;2;22;22;22m▝[38;2;203;111;0m[48;2;71;71;71m▗[38;2;221;221;221m[48;2;0;0;0m▃[38;2;238;197;145m[48;2;0;0;0m▅[38;2;225;159;78m[48;2;78;43;0m▘[38;2;59;59;59m[48;2;28;28;28m▗[38;2;56;56;56m[48;2;2;2;2m▍[38;2;37;39;38m[48;2;0;0;0m▝[38;2;4;4;4m[48;2;3;3;3m▆[38;2;5;5;5m[48;2;3;3;3m▃[38;2;5;5;5m[48;2;88;87;88m█[38;2;5;5;5m[48;2;88;87;88m█[38;2;5;5;5m[48;2;88;87;88m█[38;2;4;4;4m[48;2;5;5;5m▂[0m
[38;2;5;5;5m[48;2;6;6;6m▆[38;2;54;54;55m[48;2;0;0;0m▖[38;2;5;5;5m[48;2;4;4;4m▝[38;2;4;4;4m[48;2;5;5;5m▕[38;2;5;5;5m[48;2;4;4;4m▂[38;2;6;6;6m[48;2;4;4;4m▕[38;2;53;28;0m[48;2;4;4;4m▝[38;2;16;16;16m[48;2;19;19;19m▂[38;2;72;39;0m[48;2;18;18;18m▝[38;2;73;58;48m[48;2;61;32;0m▕[38;2;61;61;61m[48;2;104;104;104m▖[38;2;110;110;110m[48;2;64;64;64m▖[38;2;53;52;50m[48;2;53;53;53m▔[38;2;55;55;55m[48;2;9;9;9m▆[38;2;58;58;58m[48;2;11;11;11m▆[38;2;68;68;68m[48;2;25;25;25m▆[38;2;70;70;70m[48;2;76;75;76m▏[38;2;28;28;28m[48;2;68;64;64m▐[38;2;28;28;28m[48;2;23;23;23m▀[38;2;24;24;24m[48;2;15;15;15m▘[38;2;7;7;7m[48;2;9;9;9m▗[38;2;7;7;7m[48;2;5;5;5m▘[38;2;6;6;6m[48;2;9;9;9m▆[38;2;11;11;11m[48;2;8;8;8m▝[38;2;14;14;14m[48;2;19;19;19m▍[38;2;55;29;0m[48;2;17;17;17m▗[38;2;54;28;0m[48;2;72;40;0m▘[38;2;52;28;0m[48;2;61;32;0m▁[38;2;28;24;21m[48;2;57;30;0m▃[38;2;34;29;26m[48;2;55;29;0m▗[38;2;76;42;0m[48;2;62;33;0m▖[38;2;23;23;23m[48;2;13;13;13m▗[38;2;63;33;0m[48;2;24;24;24m▗[38;2;64;34;0m[48;2;6;6;6m█[38;2;64;34;0m[48;2;6;6;6m█[38;2;54;28;0m[48;2;80;44;0m▃[38;2;28;28;28m[48;2;19;19;19m▘[38;2;15;15;15m[48;2;12;12;12m▘[38;2;9;9;9m[48;2;10;10;10m▗[38;2;18;18;18m[48;2;28;28;28m▍[38;2;55;29;0m[48;2;23;23;23m▗[38;2;72;39;0m[48;2;59;31;0m▗[38;2;69;41;9m[48;2;20;23;22m█[38;2;74;41;0m[48;2;26;26;26m▆[38;2;73;40;0m[48;2;25;25;25m▆[38;2;69;41;9m[48;2;20;23;22m▆[38;2;69;41;9m[48;2;20;23;22m▆[38;2;143;50;50m[48;2;52;52;52m▗[38;2;53;53;53m[48;2;151;82;0m▀[38;2;164;57;57m[48;2;178;109;109m▘[38;2;229;162;79m[48;2;169;92;0m▆[38;2;176;97;0m[48;2;215;178;131m▀[38;2;216;153;75m[48;2;23;23;23m▖[38;2;9;9;9m[48;2;66;36;0m▞[38;2;25;25;25m[48;2;5;5;5m▖[38;2;6;6;6m[48;2;11;11;11m▖[38;2;216;216;216m[48;2;78;42;0m▝[38;2;24;24;24m[48;2;181;99;0m▐[38;2;5;5;5m[48;2;13;13;13m▊[38;2;17;17;17m[48;2;15;15;15m▐[38;2;44;23;23m[48;2;17;17;17m▕[38;2;206;206;206m[48;2;165;58;58m▝[38;2;71;39;0m[48;2;236;236;236m▅[38;2;68;68;68m[48;2;58;30;0m▔[38;2;171;93;0m[48;2;61;32;0m▗[38;2;0;0;0m[48;2;159;56;56m▗[38;2;80;20;20m[48;2;2;2;2m▏[38;2;4;4;4m[48;2;3;3;3m▝[38;2;5;5;5m[48;2;4;4;4m▂[38;2;4;4;4m[48;2;3;3;3m▏[38;2;4;4;4m[48;2;4;4;4m [38;2;6;6;6m[48;2;5;5;5m▝[38;2;5;5;5m[48;2;88;87;88m█[38;2;4;4;4m[48;2;5;5;5m▆[0m
[38;2;4;4;4m[48;2;5;5;5m▖[38;2;5;5;5m[48;2;4;4;4m▖[38;2;4;4;4m[48;2;5;5;5m▘[38;2;4;4;4m[48;2;5;5;5m [38;2;4;4;4m[48;2;5;5;5m [38;2;5;5;5m[48;2;4;4;4m▃[38;2;6;6;6m[48;2;5;5;5m▕[38;2;6;6;6m[48;2;17;17;17m▊[38;2;25;25;25m[48;2;17;17;17m▖[38;2;25;25;25m[48;2;17;17;17m▔[38;2;16;16;16m[48;2;53;53;53m▅[38;2;102;102;102m[48;2;13;13;13m▀[38;2;24;24;24m[48;2;102;102;102m▁[38;2;92;92;92m[48;2;60;60;60m▅[38;2;70;38;0m[48;2;69;67;66m▁[38;2;21;21;21m[48;2;62;62;62m▁[38;2;21;21;21m[48;2;64;63;63m▃[38;2;59;51;42m[48;2;21;21;21m▘[38;2;25;25;25m[48;2;16;16;16m▘[38;2;14;14;14m[48;2;9;9;9m▍[38;2;9;9;9m[48;2;7;7;7m▏[38;2;7;7;7m[48;2;5;5;5m▁[38;2;75;42;0m[48;2;6;6;6m▁[38;2;67;37;0m[48;2;6;6;6m▁[38;2;34;17;9m[48;2;11;11;11m▕[38;2;76;42;0m[48;2;66;36;0m▘[38;2;16;16;16m[48;2;62;33;0m▆[38;2;17;17;17m[48;2;22;22;22m▆[38;2;17;17;17m[48;2;16;16;16m [38;2;24;24;24m[48;2;11;11;11m▗[38;2;11;11;11m[48;2;50;26;0m▘[38;2;68;37;0m[48;2;19;19;19m▀[38;2;77;43;0m[48;2;16;16;16m▝[38;2;12;12;12m[48;2;59;31;0m▅[38;2;22;22;22m[48;2;54;29;0m▅[38;2;27;26;25m[48;2;24;24;24m▏[38;2;24;24;24m[48;2;10;10;10m▂[38;2;52;28;0m[48;2;10;10;10m▁[38;2;11;11;11m[48;2;58;31;0m▀[38;2;16;16;16m[48;2;27;27;27m▞[38;2;24;24;24m[48;2;59;31;0m▘[38;2;78;43;0m[48;2;71;39;0m▐[38;2;69;41;9m[48;2;20;23;22m█[38;2;69;41;9m[48;2;20;23;22m█[38;2;65;36;0m[48;2;68;37;0m▐[38;2;59;31;0m[48;2;72;39;0m▅[38;2;69;41;9m[48;2;20;23;22m█[38;2;61;61;61m[48;2;65;34;0m▔[38;2;63;59;57m[48;2;156;55;55m▍[38;2;59;59;59m[48;2;180;100;0m▁[38;2;193;106;0m[48;2;211;149;73m▖[38;2;219;154;76m[48;2;215;215;215m▂[38;2;156;156;156m[48;2;220;220;220m▝[38;2;183;112;112m[48;2;24;24;24m▖[38;2;67;67;67m[48;2;47;27;4m▗[38;2;29;29;29m[48;2;2;2;2m▖[38;2;18;18;18m[48;2;50;27;0m▍[38;2;199;109;0m[48;2;65;36;0m▂[38;2;149;52;52m[48;2;52;28;0m▂[38;2;25;16;11m[48;2;13;13;13m▏[38;2;19;19;19m[48;2;75;41;0m▊[38;2;76;42;0m[48;2;164;57;57m▞[38;2;157;86;0m[48;2;81;44;0m▂[38;2;78;43;0m[48;2;180;98;0m▀[38;2;0;0;0m[48;2;169;59;59m▂[38;2;84;21;21m[48;2;1;1;1m▏[38;2;84;21;21m[48;2;4;4;4m [38;2;6;6;6m[48;2;4;4;4m▐[38;2;6;6;6m[48;2;5;5;5m▘[38;2;5;5;5m[48;2;4;4;4m▘[38;2;5;5;5m[48;2;4;4;4m▝[38;2;5;5;5m[48;2;4;4;4m▘[38;2;4;4;4m[48;2;5;5;5m▆[38;2;4;4;4m[48;2;3;3;3m▂[0m
[38;2;4;4;4m[48;2;3;3;3m▝[38;2;5;5;5m[48;2;4;4;4m▕[38;2;5;5;5m[48;2;5;5;5m [38;2;4;4;4m[48;2;5;5;5m▆[38;2;4;4;4m[48;2;5;5;5m▍[38;2;5;5;5m[48;2;3;3;3m▍[38;2;3;3;3m[48;2;4;4;4m▖[38;2;3;3;3m[48;2;4;4;4m [38;2;9;9;9m[48;2;4;4;4m▕[38;2;17;17;17m[48;2;0;0;0m▀[38;2;26;26;26m[48;2;19;19;19m▔[38;2;135;131;132m[48;2;21;21;21m▂[38;2;19;19;19m[48;2;27;27;27m▔[38;2;24;24;24m[48;2;20;20;20m▍[38;2;15;15;15m[48;2;20;20;20m▔[38;2;11;11;11m[48;2;23;23;23m▂[38;2;21;21;21m[48;2;11;11;11m▀[38;2;10;10;10m[48;2;15;15;15m▃[38;2;10;10;10m[48;2;12;12;12m▃[38;2;10;10;10m[48;2;7;7;7m▏[38;2;5;5;5m[48;2;7;7;7m▆[38;2;4;4;4m[48;2;5;5;5m▕[38;2;21;21;21m[48;2;0;0;0m▔[38;2;1;1;1m[48;2;75;42;0m▃[38;2;75;42;0m[48;2;0;0;0m▃[38;2;75;42;0m[48;2;20;20;20m▗[38;2;75;42;0m[48;2;12;12;12m▏[38;2;49;26;1m[48;2;20;20;20m▏[38;2;75;42;0m[48;2;17;17;17m▁[38;2;91;50;0m[48;2;56;30;0m▖[38;2;81;45;0m[48;2;22;22;22m▁[38;2;69;41;9m[48;2;20;23;22m▆[38;2;69;41;9m[48;2;20;23;22m█[38;2;69;41;9m[48;2;71;39;0m▏[38;2;21;21;21m[48;2;66;36;0m▀[38;2;68;37;0m[48;2;29;29;29m▅[38;2;74;40;0m[48;2;56;30;0m▖[38;2;61;32;0m[48;2;25;25;25m▘[38;2;57;30;0m[48;2;16;16;16m▃[38;2;61;32;0m[48;2;29;29;29m▆[38;2;28;28;28m[48;2;72;40;0m▁[38;2;69;41;9m[48;2;20;23;22m█[38;2;69;41;9m[48;2;20;23;22m█[38;2;75;42;0m[48;2;10;10;10m▀[38;2;9;9;9m[48;2;57;30;0m▅[38;2;9;9;9m[48;2;25;25;25m▅[38;2;8;8;8m[48;2;24;24;24m▅[38;2;7;7;7m[48;2;27;27;27m▆[38;2;6;6;6m[48;2;74;41;0m▅[38;2;7;7;7m[48;2;59;31;0m▅[38;2;15;15;15m[48;2;187;103;0m▆[38;2;17;17;17m[48;2;205;125;125m▅[38;2;66;36;0m[48;2;203;124;124m▃[38;2;223;157;77m[48;2;185;102;0m▘[38;2;165;90;0m[48;2;15;15;15m▖[38;2;26;26;26m[48;2;70;70;70m▞[38;2;23;23;23m[48;2;78;42;0m▀[38;2;68;37;0m[48;2;192;105;0m▆[38;2;59;31;0m[48;2;165;58;58m▅[38;2;153;54;54m[48;2;17;17;17m▅[38;2;153;54;54m[48;2;80;44;0m▃[38;2;134;47;47m[48;2;55;29;0m▖[38;2;7;7;7m[48;2;170;93;0m▆[38;2;3;3;3m[48;2;150;53;53m▆[38;2;3;3;3m[48;2;3;3;3m [38;2;3;3;3m[48;2;4;4;4m▔[38;2;5;5;5m[48;2;4;4;4m▗[38;2;4;4;4m[48;2;6;6;6m▗[38;2;5;5;5m[48;2;4;4;4m▔[38;2;5;5;5m[48;2;4;4;4m▃[38;2;5;5;5m[48;2;4;4;4m [38;2;5;5;5m[48;2;4;4;4m [38;2;6;6;6m[48;2;4;4;4m▗[38;2;4;4;4m[48;2;5;5;5m▔[0m
[38;2;6;24;75m[48;2;0;0;0m◼[38;2;54;54;55m[48;2;0;0;0m▖[38;2;2;2;2m[48;2;4;4;4m▗[38;2;2;2;2m[48;2;4;4;4m▅[38;2;37;39;38m[48;2;0;0;0m◼[38;2;37;39;38m[48;2;0;0;0m▝[38;2;5;5;5m[48;2;1;1;1m [38;2;155;155;155m[48;2;0;0;0m▂[38;2;161;161;161m[48;2;0;0;0m▃[38;2;156;156;156m[48;2;0;0;0m▆[38;2;125;122;124m[48;2;152;152;152m▔[38;2;183;183;183m[48;2;156;156;156m▊[38;2;12;12;12m[48;2;98;98;98m▔[38;2;63;63;63m[48;2;12;12;12m▆[38;2;29;29;29m[48;2;10;10;10m▅[38;2;24;24;24m[48;2;17;17;17m▖[38;2;5;5;5m[48;2;16;16;16m▂[38;2;5;5;5m[48;2;10;10;10m▅[38;2;5;5;5m[48;2;8;8;8m▅[38;2;5;5;5m[48;2;7;7;7m▅[38;2;6;6;6m[48;2;5;5;5m▏[38;2;6;6;6m[48;2;4;4;4m▁[38;2;6;6;6m[48;2;4;4;4m▃[38;2;5;5;5m[48;2;4;4;4m▕[38;2;5;5;5m[48;2;75;42;0m▆[38;2;2;2;2m[48;2;75;42;0m▖[38;2;75;42;0m[48;2;11;11;11m▍[38;2;4;4;4m[48;2;0;0;0m▁[38;2;75;42;0m[48;2;0;0;0m▝[38;2;75;42;0m[48;2;63;33;0m▘[38;2;76;42;0m[48;2;21;21;21m▝[38;2;77;43;0m[48;2;17;17;17m▘[38;2;17;17;17m[48;2;62;33;0m▅[38;2;14;14;14m[48;2;65;36;0m▅[38;2;10;10;10m[48;2;67;36;0m▅[38;2;16;16;16m[48;2;56;30;0m▅[38;2;9;9;9m[48;2;26;26;26m▅[38;2;8;8;8m[48;2;51;27;0m▅[38;2;9;9;9m[48;2;53;28;0m▆[38;2;26;26;26m[48;2;7;7;7m▔[38;2;18;18;18m[48;2;6;6;6m▂[38;2;20;20;20m[48;2;8;8;8m▃[38;2;24;24;24m[48;2;8;8;8m▂[38;2;24;24;24m[48;2;8;8;8m▃[38;2;24;24;24m[48;2;8;8;8m▃[38;2;54;28;0m[48;2;7;7;7m▃[38;2;54;28;0m[48;2;7;7;7m▃[38;2;53;28;0m[48;2;7;7;7m▂[38;2;26;26;26m[48;2;6;6;6m▁[38;2;8;8;8m[48;2;6;6;6m▁[38;2;2;2;2m[48;2;7;7;7m▁[38;2;8;8;8m[48;2;7;7;7m▔[38;2;19;19;19m[48;2;10;10;10m▔[38;2;18;18;18m[48;2;54;54;54m▆[38;2;65;34;0m[48;2;140;49;49m▖[38;2;68;37;0m[48;2;154;84;0m▀[38;2;76;42;0m[48;2;152;82;3m▘[38;2;144;58;44m[48;2;3;3;3m▏[38;2;23;23;23m[48;2;70;38;0m▍[38;2;78;43;0m[48;2;24;24;24m▔[38;2;12;12;12m[48;2;149;52;52m▆[38;2;15;15;15m[48;2;3;3;3m▔[38;2;15;15;15m[48;2;3;3;3m [38;2;4;4;4m[48;2;3;3;3m▂[38;2;5;5;5m[48;2;4;4;4m▂[38;2;5;5;5m[48;2;4;4;4m [38;2;6;6;6m[48;2;5;5;5m▗[38;2;6;6;6m[48;2;5;5;5m [38;2;23;82;122m[48;2;0;0;0m▖[38;2;6;6;6m[48;2;5;5;5m [38;2;5;5;5m[48;2;4;4;4m▘[38;2;4;4;4m[48;2;5;5;5m▝[38;2;4;4;4m[48;2;5;5;5m [38;2;4;4;4m[48;2;5;5;5m [0m
[38;2;4;4;4m[48;2;0;0;0m▔[38;2;6;24;75m[48;2;0;0;0m◼[38;2;135;135;135m[48;2;0;0;0m▂[38;2;155;155;155m[48;2;0;0;0m▃[38;2;0;0;0m[48;2;151;151;151m▀[38;2;134;134;134m[48;2;0;0;0m▆[38;2;93;93;93m[48;2;148;148;148m▂[38;2;88;88;88m[48;2;145;145;145m▃[38;2;133;133;133m[48;2;83;83;83m▀[38;2;88;88;88m[48;2;129;129;129m▅[38;2;167;167;167m[48;2;91;91;91m▕[38;2;141;141;141m[48;2;123;121;121m▌[38;2;102;102;102m[48;2;78;78;78m▍[38;2;55;55;55m[48;2;71;71;71m▝[38;2;21;21;21m[48;2;42;42;42m▐[38;2;16;16;16m[48;2;5;5;5m▏[38;2;16;16;16m[48;2;4;4;4m [38;2;5;5;5m[48;2;4;4;4m▞[38;2;4;4;4m[48;2;5;5;5m▖[38;2;6;6;6m[48;2;5;5;5m▕[38;2;10;10;10m[48;2;6;6;6m▝[38;2;13;13;13m[48;2;9;9;9m▗[38;2;14;14;14m[48;2;7;7;7m▂[38;2;6;6;6m[48;2;13;13;13m▀[38;2;12;12;12m[48;2;7;7;7m▖[38;2;3;3;3m[48;2;75;42;0m▊[38;2;75;42;0m[48;2;20;20;20m▍[38;2;25;25;25m[48;2;20;20;20m▕[38;2;77;43;0m[48;2;12;12;12m▃[38;2;76;42;0m[48;2;18;18;18m▃[38;2;65;36;0m[48;2;27;27;27m▖[38;2;52;27;0m[48;2;15;15;15m▆[38;2;57;30;0m[48;2;23;23;23m▆[38;2;14;14;14m[48;2;54;29;0m▔[38;2;23;23;23m[48;2;57;30;0m▔[38;2;29;29;29m[48;2;54;29;0m▃[38;2;26;26;26m[48;2;51;27;0m▂[38;2;26;26;26m[48;2;56;29;0m▁[38;2;25;25;25m[48;2;61;32;0m▔[38;2;24;24;24m[48;2;66;36;0m▔[38;2;28;28;28m[48;2;68;37;0m▔[38;2;49;26;0m[48;2;71;39;0m▔[38;2;59;31;0m[48;2;75;42;0m▔[38;2;56;30;0m[48;2;75;42;0m▂[38;2;56;29;0m[48;2;71;39;0m▂[38;2;53;28;0m[48;2;61;32;0m▁[38;2;53;53;53m[48;2;70;38;0m▐[38;2;148;52;52m[48;2;59;31;0m▀[38;2;148;52;52m[48;2;59;31;0m▀[38;2;139;49;49m[48;2;74;41;0m▅[38;2;177;98;0m[48;2;53;28;0m▅[38;2;6;6;6m[48;2;185;113;113m▀[38;2;217;153;75m[48;2;10;10;10m▂[38;2;62;62;62m[48;2;18;18;18m▂[38;2;57;31;1m[48;2;20;20;20m▖[38;2;155;55;55m[48;2;50;26;0m▝[38;2;158;55;55m[48;2;0;0;0m▍[38;2;13;11;10m[48;2;1;1;1m▕[38;2;4;4;4m[48;2;50;27;0m▐[38;2;55;29;0m[48;2;4;4;4m▝[38;2;27;17;11m[48;2;3;3;3m▏[38;2;5;5;5m[48;2;4;4;4m▂[38;2;5;5;5m[48;2;4;4;4m▆[38;2;54;54;55m[48;2;0;0;0m▖[38;2;5;5;5m[48;2;5;5;5m [38;2;5;5;5m[48;2;4;4;4m▅[38;2;5;5;5m[48;2;5;5;5m [38;2;4;4;4m[48;2;5;5;5m▗[38;2;4;4;4m[48;2;5;5;5m [38;2;5;5;5m[48;2;4;4;4m▂[38;2;4;4;4m[48;2;5;5;5m▘[38;2;5;5;5m[48;2;4;4;4m▗[38;2;6;6;6m[48;2;5;5;5m▖[38;2;6;6;6m[48;2;5;5;5m [0m
[38;2;88;88;88m[48;2;155;155;155m▅[38;2;80;80;80m[48;2;138;138;138m▆[38;2;153;153;153m[48;2;83;83;83m▔[38;2;113;113;113m[48;2;83;83;83m▔[38;2;88;88;88m[48;2;81;81;81m▃[38;2;85;85;85m[48;2;80;80;80m▅[38;2;89;89;89m[48;2;85;85;85m▀[38;2;88;88;88m[48;2;80;80;80m▆[38;2;81;81;81m[48;2;83;83;83m▍[38;2;87;87;87m[48;2;88;88;88m▂[38;2;96;96;96m[48;2;88;88;88m▕[38;2;123;121;121m[48;2;88;87;88m▌[38;2;95;95;95m[48;2;83;83;83m▘[38;2;72;72;72m[48;2;76;76;76m▐[38;2;53;53;53m[48;2;27;27;27m▊[38;2;15;15;15m[48;2;4;4;4m▏[38;2;4;4;4m[48;2;5;5;5m▍[38;2;4;4;4m[48;2;5;5;5m [38;2;4;4;4m[48;2;5;5;5m▞[38;2;4;4;4m[48;2;5;5;5m▘[38;2;6;6;6m[48;2;13;13;13m▊[38;2;14;14;14m[48;2;18;18;18m▔[38;2;18;18;18m[48;2;16;16;16m▝[38;2;18;18;18m[48;2;17;17;17m▕[38;2;66;36;0m[48;2;18;18;18m▗[38;2;52;28;0m[48;2;67;37;0m▝[38;2;21;21;21m[48;2;80;44;0m▂[38;2;71;38;0m[48;2;55;29;0m▏[38;2;89;49;0m[48;2;78;43;0m▝[38;2;76;42;0m[48;2;60;32;0m▘[38;2;53;28;0m[48;2;49;26;0m▔[38;2;57;30;0m[48;2;50;26;0m▀[38;2;57;30;0m[48;2;52;28;0m▗[38;2;28;28;28m[48;2;56;30;0m▀[38;2;28;28;28m[48;2;51;28;0m▁[38;2;23;23;23m[48;2;28;28;28m▗[38;2;23;23;23m[48;2;21;21;21m▏[38;2;18;18;18m[48;2;26;26;26m▆[38;2;15;15;15m[48;2;26;26;26m▆[38;2;17;17;17m[48;2;55;29;0m▆[38;2;17;17;17m[48;2;57;30;0m▅[38;2;50;27;0m[48;2;19;19;19m▀[38;2;18;18;18m[48;2;29;29;29m▅[38;2;17;17;17m[48;2;26;26;26m▅[38;2;19;19;19m[48;2;26;26;26m▆[38;2;20;20;20m[48;2;28;28;28m▆[38;2;22;22;22m[48;2;63;33;0m▅[38;2;60;32;0m[48;2;50;26;0m▗[38;2;74;41;0m[48;2;64;34;0m▔[38;2;69;38;0m[48;2;73;40;0m▍[38;2;54;54;54m[48;2;78;43;0m▔[38;2;52;52;52m[48;2;163;57;57m▅[38;2;68;68;68m[48;2;189;115;115m▅[38;2;167;59;59m[48;2;192;105;0m▖[38;2;181;100;0m[48;2;81;44;0m▖[38;2;62;62;62m[48;2;63;33;0m▕[38;2;56;56;56m[48;2;0;0;0m▍[38;2;9;9;9m[48;2;5;5;5m▝[38;2;7;7;7m[48;2;4;4;4m▘[38;2;5;5;5m[48;2;4;4;4m▆[38;2;5;5;5m[48;2;5;5;5m [38;2;5;5;5m[48;2;5;5;5m [38;2;5;5;5m[48;2;4;4;4m▀[38;2;5;5;5m[48;2;4;4;4m▀[38;2;5;5;5m[48;2;3;3;3m▗[38;2;3;3;3m[48;2;4;4;4m▔[38;2;3;3;3m[48;2;4;4;4m [38;2;4;4;4m[48;2;5;5;5m▆[38;2;4;4;4m[48;2;4;4;4m [38;2;4;4;4m[48;2;3;3;3m▂[38;2;5;5;5m[48;2;4;4;4m▐[38;2;5;5;5m[48;2;5;5;5m [38;2;4;4;4m[48;2;5;5;5m▁[38;2;4;4;4m[48;2;5;5;5m [0m
[38;2;114;114;114m[48;2;88;88;88m▏[38;2;85;85;85m[48;2;81;81;81m▃[38;2;83;83;83m[48;2;85;85;85m▀[38;2;88;88;88m[48;2;82;82;82m▅[38;2;90;90;90m[48;2;88;88;88m▗[38;2;90;90;90m[48;2;89;89;89m▕[38;2;98;98;98m[48;2;92;92;92m▂[38;2;78;78;78m[48;2;90;90;90m▐[38;2;77;77;77m[48;2;80;80;80m▍[38;2;82;82;82m[48;2;85;85;85m▊[38;2;83;83;83m[48;2;86;86;86m▁[38;2;79;79;79m[48;2;83;83;83m▖[38;2;84;84;84m[48;2;80;80;80m▅[38;2;78;78;78m[48;2;70;70;70m▊[38;2;64;64;64m[48;2;46;46;46m▍[38;2;22;22;22m[48;2;2;2;2m▍[38;2;6;6;6m[48;2;4;4;4m▗[38;2;6;6;6m[48;2;4;4;4m▅[38;2;8;8;8m[48;2;5;5;5m▁[38;2;14;14;14m[48;2;5;5;5m▃[38;2;7;7;7m[48;2;18;18;18m▀[38;2;20;20;20m[48;2;14;14;14m▃[38;2;19;19;19m[48;2;15;15;15m▃[38;2;19;19;19m[48;2;18;18;18m▕[38;2;24;24;24m[48;2;52;28;0m▏[38;2;52;28;0m[48;2;16;16;16m▘[38;2;17;17;17m[48;2;14;14;14m▀[38;2;23;23;23m[48;2;51;27;0m▍[38;2;52;27;0m[48;2;19;19;19m▀[38;2;19;19;19m[48;2;26;26;26m▆[38;2;20;20;20m[48;2;13;13;13m▀[38;2;13;13;13m[48;2;23;23;23m▆[38;2;20;20;20m[48;2;49;26;0m▅[38;2;17;17;17m[48;2;50;26;0m▅[38;2;16;16;16m[48;2;24;24;24m▆[38;2;20;20;20m[48;2;22;22;22m▆[38;2;23;23;23m[48;2;22;22;22m▗[38;2;28;28;28m[48;2;24;24;24m▗[38;2;27;27;27m[48;2;23;23;23m▆[38;2;22;22;22m[48;2;24;24;24m▔[38;2;23;23;23m[48;2;20;20;20m▀[38;2;20;20;20m[48;2;17;17;17m▀[38;2;17;17;17m[48;2;19;19;19m▃[38;2;22;22;22m[48;2;19;19;19m▕[38;2;19;19;19m[48;2;23;23;23m▂[38;2;20;20;20m[48;2;18;18;18m▍[38;2;73;40;0m[48;2;22;22;22m▗[38;2;61;33;0m[48;2;55;29;0m▁[38;2;78;43;0m[48;2;59;31;0m▝[38;2;74;41;0m[48;2;64;35;0m▘[38;2;71;39;0m[48;2;52;28;0m▅[38;2;132;47;47m[48;2;64;35;0m▂[38;2;73;40;0m[48;2;68;68;68m▊[38;2;156;85;0m[48;2;69;69;69m▀[38;2;136;48;48m[48;2;164;58;58m▝[38;2;175;97;0m[48;2;68;68;68m▅[38;2;15;15;15m[48;2;143;50;50m▝[38;2;67;18;18m[48;2;4;4;4m▏[38;2;4;4;4m[48;2;5;5;5m▖[38;2;4;4;4m[48;2;5;5;5m [38;2;4;4;4m[48;2;5;5;5m [38;2;54;54;55m[48;2;0;0;0m▖[38;2;5;5;5m[48;2;3;3;3m▂[38;2;5;5;5m[48;2;4;4;4m [38;2;37;39;38m[48;2;0;0;0m▝[38;2;4;4;4m[48;2;3;3;3m▅[38;2;4;4;4m[48;2;4;4;4m [38;2;5;5;5m[48;2;4;4;4m▘[38;2;3;3;3m[48;2;5;5;5m▘[38;2;3;3;3m[48;2;5;5;5m [38;2;5;5;5m[48;2;4;4;4m▅[38;2;5;5;5m[48;2;5;5;5m [38;2;4;4;4m[48;2;5;5;5m▘[38;2;4;4;4m[48;2;5;5;5m▆[0m
[38;2;98;98;98m[48;2;83;83;83m▍[38;2;85;85;85m[48;2;83;83;83m▞[38;2;85;85;85m[48;2;83;83;83m▘[38;2;88;88;88m[48;2;85;85;85m▔[38;2;90;90;90m[48;2;88;88;88m▁[38;2;88;88;88m[48;2;91;91;91m▍[38;2;88;88;88m[48;2;90;90;90m [38;2;89;89;89m[48;2;76;76;76m▘[38;2;78;78;78m[48;2;76;76;76m▁[38;2;79;79;79m[48;2;83;83;83m▅[38;2;82;82;82m[48;2;83;83;83m▝[38;2;81;81;81m[48;2;79;79;79m▝[38;2;81;81;81m[48;2;82;82;82m [38;2;84;84;84m[48;2;77;77;77m▖[38;2;67;67;67m[48;2;53;53;53m▍[38;2;24;24;24m[48;2;1;1;1m▍[38;2;4;4;4m[48;2;3;3;3m▔[38;2;5;5;5m[48;2;9;9;9m▊[38;2;10;10;10m[48;2;15;15;15m▘[38;2;22;22;22m[48;2;18;18;18m▃[38;2;22;22;22m[48;2;22;22;22m [38;2;27;27;27m[48;2;20;20;20m▂[38;2;21;21;21m[48;2;27;27;27m▀[38;2;23;23;23m[48;2;20;20;20m▕[38;2;24;24;24m[48;2;21;21;21m▘[38;2;19;19;19m[48;2;13;13;13m▅[38;2;20;20;20m[48;2;10;10;10m▆[38;2;26;26;26m[48;2;23;23;23m▂[38;2;9;9;9m[48;2;16;16;16m▊[38;2;14;14;14m[48;2;16;16;16m▐[38;2;17;17;17m[48;2;14;14;14m▗[38;2;18;18;18m[48;2;16;16;16m▆[38;2;14;14;14m[48;2;17;17;17m▁[38;2;17;17;17m[48;2;14;14;14m▆[38;2;11;11;11m[48;2;14;14;14m▘[38;2;16;16;16m[48;2;18;18;18m▍[38;2;24;24;24m[48;2;21;21;21m▐[38;2;25;25;25m[48;2;26;26;26m▗[38;2;23;23;23m[48;2;24;24;24m▔[38;2;71;39;0m[48;2;26;26;26m▖[38;2;58;30;0m[48;2;17;17;17m▃[38;2;74;41;0m[48;2;22;22;22m▅[38;2;24;24;24m[48;2;12;12;12m▍[38;2;14;14;14m[48;2;12;12;12m▐[38;2;13;13;13m[48;2;15;15;15m▂[38;2;30;21;17m[48;2;18;18;18m▕[38;2;131;46;46m[48;2;75;42;0m▗[38;2;73;40;0m[48;2;17;17;17m▘[38;2;27;27;27m[48;2;62;33;0m▍[38;2;63;33;0m[48;2;17;17;17m▀[38;2;57;30;0m[48;2;17;17;17m▔[38;2;52;28;0m[48;2;165;90;0m▍[38;2;88;62;48m[48;2;75;41;0m▏[38;2;150;53;53m[48;2;60;53;50m▐[38;2;160;88;0m[48;2;166;58;58m▆[38;2;181;100;0m[48;2;162;89;0m▀[38;2;131;47;47m[48;2;162;88;0m▕[38;2;79;54;54m[48;2;0;0;0m▏[38;2;2;2;2m[48;2;4;4;4m▖[38;2;4;4;4m[48;2;5;5;5m▂[38;2;6;6;6m[48;2;4;4;4m▗[38;2;6;6;6m[48;2;4;4;4m▏[38;2;6;6;6m[48;2;5;5;5m▗[38;2;6;6;6m[48;2;5;5;5m [38;2;5;5;5m[48;2;4;4;4m▘[38;2;3;3;3m[48;2;5;5;5m▆[38;2;5;5;5m[48;2;4;4;4m▀[38;2;5;5;5m[48;2;4;4;4m▐[38;2;5;5;5m[48;2;5;5;5m [38;2;5;5;5m[48;2;4;4;4m▘[38;2;54;54;55m[48;2;0;0;0m◼[38;2;5;5;5m[48;2;6;6;6m▂[38;2;6;6;6m[48;2;5;5;5m▏[38;2;5;5;5m[48;2;4;4;4m▍[0m
[38;2;108;108;108m[48;2;84;84;84m▏[38;2;80;80;80m[48;2;81;81;81m▐[38;2;86;86;86m[48;2;83;83;83m▔[38;2;81;81;81m[48;2;84;84;84m▃[38;2;88;88;88m[48;2;85;85;85m▁[38;2;82;82;82m[48;2;86;86;86m▖[38;2;82;82;82m[48;2;88;88;88m▗[38;2;80;80;80m[48;2;72;72;72m▏[38;2;78;78;78m[48;2;74;74;74m▔[38;2;75;75;75m[48;2;79;79;79m▍[38;2;79;79;79m[48;2;83;83;83m▃[38;2;79;79;79m[48;2;81;81;81m▊[38;2;79;79;79m[48;2;82;82;82m▁[38;2;85;85;85m[48;2;82;82;82m▝[38;2;64;64;64m[48;2;74;74;74m▐[38;2;12;12;12m[48;2;53;53;53m▐[38;2;3;3;3m[48;2;4;4;4m▊[38;2;8;8;8m[48;2;4;4;4m▕[38;2;12;12;12m[48;2;20;20;20m▍[38;2;20;20;20m[48;2;23;23;23m▂[38;2;21;21;21m[48;2;25;25;25m▃[38;2;26;26;26m[48;2;29;29;29m▅[38;2;27;27;27m[48;2;21;21;21m▍[38;2;27;27;27m[48;2;20;20;20m [38;2;18;18;18m[48;2;20;20;20m▐[38;2;21;21;21m[48;2;18;18;18m▗[38;2;19;19;19m[48;2;23;23;23m▘[38;2;24;24;24m[48;2;26;26;26m▆[38;2;23;23;23m[48;2;12;12;12m▖[38;2;20;20;20m[48;2;18;18;18m▕[38;2;57;30;0m[48;2;18;18;18m▂[38;2;49;26;0m[48;2;18;18;18m▃[38;2;26;26;26m[48;2;19;19;19m▃[38;2;24;24;24m[48;2;21;21;21m▃[38;2;23;23;23m[48;2;21;21;21m▂[38;2;27;27;27m[48;2;20;20;20m▃[38;2;24;24;24m[48;2;51;27;0m▘[38;2;28;28;28m[48;2;24;24;24m▂[38;2;67;36;0m[48;2;27;27;27m▐[38;2;27;27;27m[48;2;67;36;0m▃[38;2;69;38;0m[48;2;23;23;23m▀[38;2;22;22;22m[48;2;61;33;0m▕[38;2;14;14;14m[48;2;8;8;8m▕[38;2;17;17;17m[48;2;19;19;19m▍[38;2;14;14;14m[48;2;22;22;22m▀[38;2;38;29;24m[48;2;24;24;24m▕[38;2;146;51;51m[48;2;81;45;0m▝[38;2;55;55;55m[48;2;16;16;16m▃[38;2;18;18;18m[48;2;170;60;60m▀[38;2;172;94;0m[48;2;61;61;61m▆[38;2;150;82;0m[48;2;62;33;0m▍[38;2;55;51;48m[48;2;137;48;48m▍[38;2;150;53;53m[48;2;74;41;0m▂[38;2;164;58;58m[48;2;58;58;58m▗[38;2;53;53;53m[48;2;158;87;0m▂[38;2;53;28;0m[48;2;188;103;0m▂[38;2;168;165;164m[48;2;86;60;49m▐[38;2;190;190;190m[48;2;14;14;14m▅[38;2;177;177;177m[48;2;0;0;0m▃[38;2;53;53;53m[48;2;0;0;0m▁[38;2;53;53;53m[48;2;3;3;3m [38;2;5;5;5m[48;2;3;3;3m▔[38;2;3;3;3m[48;2;5;5;5m▖[38;2;3;3;3m[48;2;5;5;5m▅[38;2;4;4;4m[48;2;3;3;3m▔[38;2;2;2;2m[48;2;3;3;3m▁[38;2;3;3;3m[48;2;4;4;4m▂[38;2;2;2;2m[48;2;4;4;4m▁[38;2;4;4;4m[48;2;5;5;5m▐[38;2;3;3;3m[48;2;4;4;4m▂[38;2;3;3;3m[48;2;4;4;4m [38;2;4;4;4m[48;2;5;5;5m▂[38;2;5;5;5m[48;2;4;4;4m▝[38;2;4;4;4m[48;2;6;6;6m▅[0m
[38;2;107;107;107m[48;2;81;81;81m▏[38;2;80;80;80m[48;2;83;83;83m▐[38;2;78;78;78m[48;2;81;81;81m▗[38;2;80;80;80m[48;2;83;83;83m▘[38;2;83;83;83m[48;2;86;86;86m▊[38;2;84;84;84m[48;2;86;86;86m▐[38;2;88;88;88m[48;2;81;81;81m▊[38;2;68;68;68m[48;2;73;73;73m▐[38;2;71;71;71m[48;2;75;75;75m▊[38;2;73;73;73m[48;2;77;77;77m▂[38;2;73;73;73m[48;2;78;78;78m▖[38;2;77;77;77m[48;2;75;75;75m▊[38;2;74;74;74m[48;2;78;78;78m▖[38;2;81;81;81m[48;2;85;85;85m▞[38;2;83;83;83m[48;2;78;78;78m▍[38;2;68;68;68m[48;2;52;52;52m▊[38;2;32;32;32m[48;2;3;3;3m▖[38;2;5;5;5m[48;2;4;4;4m▕[38;2;12;12;12m[48;2;6;6;6m▕[38;2;10;10;10m[48;2;17;17;17m▖[38;2;19;19;19m[48;2;18;18;18m▔[38;2;22;22;22m[48;2;19;19;19m▔[38;2;21;21;21m[48;2;25;25;25m▆[38;2;23;23;23m[48;2;20;20;20m▗[38;2;25;25;25m[48;2;20;20;20m▅[38;2;24;24;24m[48;2;29;29;29m▔[38;2;57;30;0m[48;2;25;25;25m▂[38;2;30;24;20m[48;2;23;23;23m▕[38;2;50;27;0m[48;2;18;18;18m▅[38;2;22;22;22m[48;2;19;19;19m▁[38;2;20;20;20m[48;2;50;27;0m▀[38;2;57;30;0m[48;2;21;21;21m▃[38;2;54;29;0m[48;2;22;22;22m▁[38;2;24;24;24m[48;2;22;22;22m▔[38;2;24;24;24m[48;2;36;29;25m▊[38;2;24;24;24m[48;2;55;29;0m▗[38;2;21;21;21m[48;2;28;28;28m▅[38;2;28;28;28m[48;2;52;27;0m▖[38;2;16;16;16m[48;2;51;27;0m▗[38;2;13;13;13m[48;2;25;25;25m▅[38;2;14;14;14m[48;2;23;23;23m▆[38;2;56;30;0m[48;2;27;27;27m▗[38;2;26;18;14m[48;2;11;11;11m▏[38;2;20;20;20m[48;2;17;17;17m▐[38;2;23;23;23m[48;2;24;24;24m▆[38;2;67;36;0m[48;2;21;21;21m▕[38;2;74;41;0m[48;2;21;21;21m▘[38;2;55;30;3m[48;2;58;58;58m▖[38;2;134;47;47m[48;2;157;86;0m▍[38;2;72;40;0m[48;2;154;54;54m▗[38;2;51;27;0m[48;2;163;57;57m▂[38;2;54;51;50m[48;2;139;49;49m▐[38;2;145;51;51m[48;2;75;41;0m▝[38;2;132;46;46m[48;2;154;84;0m▖[38;2;189;115;115m[48;2;2;2;2m▊[38;2;170;166;164m[48;2;2;2;2m▗[38;2;175;173;175m[48;2;176;175;177m▏[38;2;163;163;163m[48;2;176;176;176m▅[38;2;166;166;166m[48;2;183;183;183m▆[38;2;163;163;163m[48;2;171;171;171m▔[38;2;167;167;167m[48;2;0;0;0m▆[38;2;177;177;177m[48;2;0;0;0m▃[38;2;93;93;93m[48;2;0;0;0m▂[38;2;93;93;93m[48;2;3;3;3m [38;2;93;93;93m[48;2;3;3;3m [38;2;93;93;93m[48;2;3;3;3m [38;2;93;93;93m[48;2;3;3;3m [38;2;4;4;4m[48;2;2;2;2m▂[38;2;4;4;4m[48;2;3;3;3m▗[38;2;23;82;122m[48;2;0;0;0m▖[38;2;4;4;4m[48;2;3;3;3m▏[38;2;4;4;4m[48;2;3;3;3m [38;2;4;4;4m[48;2;9;9;9m▆[38;2;4;4;4m[48;2;3;3;3m▏[0m
[38;2;106;106;106m[48;2;80;80;80m▏[38;2;106;106;106m[48;2;80;80;80m [38;2;80;80;80m[48;2;78;78;78m▆[38;2;82;82;82m[48;2;81;81;81m▕[38;2;80;80;80m[48;2;82;82;82m▔[38;2;82;82;82m[48;2;84;84;84m▏[38;2;83;83;83m[48;2;85;85;85m▞[38;2;74;74;74m[48;2;67;67;67m▍[38;2;72;72;72m[48;2;68;68;68m▐[38;2;73;73;73m[48;2;72;72;72m▕[38;2;74;74;74m[48;2;78;78;78m▊[38;2;77;77;77m[48;2;74;74;74m▊[38;2;76;76;76m[48;2;74;74;74m▞[38;2;75;75;75m[48;2;79;79;79m▖[38;2;78;78;78m[48;2;83;83;83m▂[38;2;72;72;72m[48;2;80;80;80m▝[38;2;28;28;28m[48;2;64;64;64m▝[38;2;22;22;22m[48;2;0;0;0m▖[38;2;2;2;2m[48;2;4;4;4m▂[38;2;11;11;11m[48;2;4;4;4m▝[38;2;10;10;10m[48;2;16;16;16m▃[38;2;18;18;18m[48;2;15;15;15m▀[38;2;15;15;15m[48;2;19;19;19m▂[38;2;22;22;22m[48;2;18;18;18m▀[38;2;20;20;20m[48;2;25;25;25m▃[38;2;20;20;20m[48;2;23;23;23m [38;2;20;20;20m[48;2;52;28;0m▆[38;2;52;27;0m[48;2;19;19;19m▀[38;2;52;28;0m[48;2;19;19;19m▀[38;2;20;20;20m[48;2;27;27;27m▃[38;2;26;26;26m[48;2;24;24;24m▕[38;2;54;29;0m[48;2;25;25;25m▔[38;2;23;23;23m[48;2;29;29;29m▂[38;2;52;28;0m[48;2;27;27;27m▐[38;2;20;20;20m[48;2;29;29;29m▐[38;2;22;22;22m[48;2;19;19;19m▕[38;2;26;26;26m[48;2;49;26;0m▊[38;2;57;30;0m[48;2;15;15;15m▘[38;2;17;17;17m[48;2;14;14;14m▁[38;2;17;17;17m[48;2;14;14;14m▂[38;2;16;16;16m[48;2;13;13;13m▁[38;2;24;24;24m[48;2;11;11;11m▝[38;2;23;23;23m[48;2;14;14;14m▘[38;2;15;15;15m[48;2;19;19;19m▅[38;2;18;18;18m[48;2;21;21;21m▆[38;2;25;25;25m[48;2;22;22;22m▐[38;2;19;19;19m[48;2;63;63;63m▊[38;2;192;105;0m[48;2;54;54;54m▃[38;2;68;68;68m[48;2;144;51;51m▅[38;2;18;18;18m[48;2;183;100;0m▂[38;2;194;118;118m[48;2;18;18;18m▆[38;2;61;61;61m[48;2;59;31;0m▔[38;2;25;25;25m[48;2;77;39;3m▊[38;2;191;117;117m[48;2;131;46;46m▝[38;2;14;14;14m[48;2;157;86;0m▞[38;2;93;93;93m[48;2;178;178;178m▘[38;2;157;157;157m[48;2;169;169;169m▐[38;2;150;150;150m[48;2;158;158;158m▂[38;2;146;146;146m[48;2;155;155;155m▗[38;2;146;146;146m[48;2;156;156;156m▃[38;2;155;155;155m[48;2;148;148;148m▀[38;2;151;151;151m[48;2;165;165;165m▆[38;2;156;156;156m[48;2;157;157;157m▏[38;2;167;167;167m[48;2;0;0;0m▅[38;2;91;91;91m[48;2;0;0;0m▖[38;2;3;3;3m[48;2;0;0;0m▀[38;2;3;3;3m[48;2;2;2;2m▐[38;2;4;4;4m[48;2;2;2;2m▝[38;2;4;4;4m[48;2;3;3;3m [38;2;5;5;5m[48;2;3;3;3m▗[38;2;3;3;3m[48;2;4;4;4m▁[38;2;5;5;5m[48;2;3;3;3m▃[38;2;4;4;4m[48;2;3;3;3m▁[38;2;4;4;4m[48;2;2;2;2m▀[0m
[38;2;105;105;105m[48;2;78;78;78m▏[38;2;168;119;43m[48;2;80;80;80m┬[38;2;80;80;80m[48;2;77;77;77m▅[38;2;168;119;43m[48;2;80;80;80m┬[38;2;80;80;80m[48;2;77;77;77m▀[38;2;168;119;43m[48;2;80;80;80m┌[38;2;82;82;82m[48;2;85;85;85m▂[38;2;70;70;70m[48;2;81;81;81m▐[38;2;67;67;67m[48;2;71;71;71m▂[38;2;168;119;43m[48;2;80;80;80m┌[38;2;168;119;43m[48;2;80;80;80m┐[38;2;78;78;78m[48;2;74;74;74m▝[38;2;76;76;76m[48;2;72;72;72m▗[38;2;76;76;76m[48;2;72;72;72m▝[38;2;74;74;74m[48;2;81;81;81m▖[38;2;81;81;81m[48;2;79;79;79m▊[38;2;105;103;104m[48;2;88;87;88m▝[38;2;44;44;44m[48;2;88;87;88m▝[38;2;44;44;44m[48;2;1;1;1m▖[38;2;1;1;1m[48;2;3;3;3m▖[38;2;6;6;6m[48;2;4;4;4m▕[38;2;6;6;6m[48;2;13;13;13m▅[38;2;6;6;6m[48;2;12;12;12m [38;2;13;13;13m[48;2;12;12;12m▃[38;2;16;16;16m[48;2;12;12;12m▔[38;2;11;11;11m[48;2;19;19;19m▆[38;2;13;13;13m[48;2;28;28;28m▅[38;2;50;26;0m[48;2;13;13;13m▀[38;2;24;24;24m[48;2;12;12;12m▀[38;2;11;11;11m[48;2;18;18;18m▃[38;2;11;11;11m[48;2;20;20;20m▂[38;2;18;18;18m[48;2;27;27;27m▆[38;2;22;22;22m[48;2;17;17;17m▖[38;2;11;11;11m[48;2;14;14;14m▗[38;2;15;15;15m[48;2;10;10;10m▗[38;2;18;18;18m[48;2;23;23;23m▘[38;2;15;15;15m[48;2;24;24;24m▗[38;2;17;17;17m[48;2;15;15;15m▝[38;2;16;16;16m[48;2;19;19;19m▃[38;2;19;19;19m[48;2;16;16;16m▀[38;2;19;19;19m[48;2;18;18;18m [38;2;13;13;13m[48;2;16;16;16m▐[38;2;13;13;13m[48;2;12;12;12m▕[38;2;25;25;25m[48;2;19;19;19m▂[38;2;25;25;25m[48;2;20;20;20m▗[38;2;60;60;60m[48;2;54;28;0m▗[38;2;15;15;15m[48;2;134;47;47m▊[38;2;157;55;55m[48;2;175;97;0m▁[38;2;187;102;0m[48;2;55;55;55m▀[38;2;158;55;55m[48;2;69;38;0m▆[38;2;153;83;0m[48;2;53;28;0m▖[38;2;17;14;11m[48;2;2;2;2m▕[38;2;75;41;2m[48;2;54;29;0m▕[38;2;72;70;70m[48;2;29;29;29m▁[38;2;6;6;6m[48;2;150;149;150m▘[38;2;160;160;160m[48;2;175;175;175m▏[38;2;149;149;149m[48;2;162;162;162m▐[38;2;151;151;151m[48;2;146;146;146m▞[38;2;144;144;144m[48;2;149;149;149m▊[38;2;139;139;139m[48;2;150;150;150m▆[38;2;153;153;153m[48;2;148;148;148m▝[38;2;148;148;148m[48;2;142;142;142m▖[38;2;147;147;147m[48;2;146;146;146m▀[38;2;152;152;152m[48;2;146;146;146m▝[38;2;163;163;163m[48;2;165;165;165m▏[38;2;0;0;0m[48;2;166;166;166m▀[38;2;2;2;2m[48;2;0;0;0m▕[38;2;2;2;2m[48;2;3;3;3m▂[38;2;2;2;2m[48;2;3;3;3m [38;2;4;4;4m[48;2;3;3;3m▂[38;2;6;6;6m[48;2;3;3;3m▔[38;2;4;4;4m[48;2;2;2;2m▁[38;2;2;2;2m[48;2;3;3;3m▕[38;2;4;4;4m[48;2;3;3;3m▝[0m
[38;2;95;95;95m[48;2;76;76;76m▍[38;2;168;119;43m[48;2;80;80;80m┴[38;2;80;80;80m[48;2;75;75;75m▀[38;2;168;119;43m[48;2;80;80;80m│[38;2;80;80;80m[48;2;78;78;78m▘[38;2;168;119;43m[48;2;80;80;80m┘[38;2;82;82;82m[48;2;81;81;81m▕[38;2;83;83;83m[48;2;78;78;78m▆[38;2;74;74;74m[48;2;70;70;70m▍[38;2;168;119;43m[48;2;80;80;80m├[38;2;168;119;43m[48;2;80;80;80m┤[38;2;72;72;72m[48;2;71;71;71m▀[38;2;72;72;72m[48;2;72;72;72m [38;2;71;71;71m[48;2;73;73;73m▖[38;2;72;72;72m[48;2;68;68;68m▞[38;2;71;71;71m[48;2;78;78;78m▂[38;2;79;79;79m[48;2;82;82;82m▊[38;2;105;103;104m[48;2;88;87;88m▝[38;2;102;102;102m[48;2;56;56;56m▅[38;2;152;152;152m[48;2;0;0;0m▃[38;2;51;51;51m[48;2;0;0;0m▁[38;2;3;3;3m[48;2;2;2;2m▁[38;2;3;3;3m[48;2;6;6;6m▆[38;2;13;13;13m[48;2;3;3;3m▀[38;2;4;4;4m[48;2;19;19;19m▃[38;2;4;4;4m[48;2;19;19;19m▁[38;2;7;7;7m[48;2;20;20;20m▔[38;2;7;7;7m[48;2;19;19;19m▁[38;2;5;5;5m[48;2;18;18;18m▁[38;2;8;8;8m[48;2;17;17;17m▁[38;2;16;16;16m[48;2;11;11;11m▅[38;2;13;13;13m[48;2;9;9;9m▆[38;2;18;18;18m[48;2;11;11;11m▁[38;2;16;16;16m[48;2;9;9;9m▆[38;2;52;27;0m[48;2;19;19;19m▗[38;2;24;24;24m[48;2;29;29;29m▐[38;2;21;21;21m[48;2;15;15;15m▁[38;2;18;18;18m[48;2;16;16;16m▂[38;2;26;26;26m[48;2;14;14;14m▁[38;2;50;27;0m[48;2;19;19;19m▗[38;2;27;21;17m[48;2;16;16;16m▏[38;2;24;24;24m[48;2;9;9;9m▗[38;2;24;24;24m[48;2;13;13;13m▞[38;2;57;30;0m[48;2;24;24;24m▗[38;2;78;43;0m[48;2;24;24;24m▃[38;2;56;56;56m[48;2;28;28;28m▀[38;2;60;60;60m[48;2;51;28;4m▐[38;2;25;25;25m[48;2;138;48;48m▁[38;2;64;64;64m[48;2;18;18;18m▘[38;2;66;36;0m[48;2;7;7;7m▔[38;2;73;41;0m[48;2;0;0;0m▔[38;2;49;49;49m[48;2;10;10;10m▗[38;2;102;102;102m[48;2;58;58;58m▗[38;2;132;132;132m[48;2;88;88;88m▆[38;2;143;143;143m[48;2;162;162;162m▘[38;2;171;171;171m[48;2;168;168;168m▝[38;2;158;158;158m[48;2;152;152;152m▊[38;2;142;142;142m[48;2;146;146;146m▐[38;2;154;154;154m[48;2;144;144;144m▁[38;2;135;135;135m[48;2;140;140;140m▁[38;2;143;143;143m[48;2;153;153;153m▊[38;2;138;138;138m[48;2;147;147;147m▁[38;2;149;149;149m[48;2;142;142;142m▍[38;2;147;147;147m[48;2;143;143;143m▆[38;2;148;148;148m[48;2;142;142;142m▍[38;2;172;172;172m[48;2;144;144;144m▝[38;2;0;0;0m[48;2;157;157;157m▐[38;2;20;20;20m[48;2;1;1;1m▂[38;2;7;7;7m[48;2;4;4;4m▁[38;2;4;4;4m[48;2;5;5;5m▍[38;2;5;5;5m[48;2;4;4;4m▖[38;2;2;2;2m[48;2;4;4;4m▝[38;2;5;5;5m[48;2;3;3;3m▃[38;2;5;5;5m[48;2;3;3;3m [0m
[38;2;90;90;90m[48;2;75;75;75m▍[38;2;76;76;76m[48;2;73;73;73m▁[38;2;79;79;79m[48;2;74;74;74m▝[38;2;82;82;82m[48;2;75;75;75m▔[38;2;76;76;76m[48;2;79;79;79m▍[38;2;80;80;80m[48;2;76;76;76m▞[38;2;76;76;76m[48;2;80;80;80m▃[38;2;78;78;78m[48;2;85;85;85m▆[38;2;78;78;78m[48;2;77;77;77m [38;2;72;72;72m[48;2;68;68;68m▍[38;2;71;71;71m[48;2;65;65;65m▀[38;2;65;65;65m[48;2;68;68;68m▖[38;2;68;68;68m[48;2;73;73;73m▆[38;2;68;68;68m[48;2;71;71;71m▂[38;2;72;72;72m[48;2;70;70;70m▝[38;2;71;71;71m[48;2;68;68;68m▞[38;2;78;78;78m[48;2;70;70;70m▝[38;2;73;73;73m[48;2;83;83;83m▅[38;2;73;73;73m[48;2;88;88;88m [38;2;88;88;88m[48;2;133;133;133m▆[38;2;91;91;91m[48;2;146;146;146m▖[38;2;157;157;157m[48;2;0;0;0m▅[38;2;146;146;146m[48;2;0;0;0m▂[38;2;3;3;3m[48;2;2;2;2m▕[38;2;2;2;2m[48;2;3;3;3m▂[38;2;1;1;1m[48;2;3;3;3m▁[38;2;3;3;3m[48;2;4;4;4m▆[38;2;3;3;3m[48;2;4;4;4m [38;2;8;8;8m[48;2;6;6;6m▐[38;2;12;12;12m[48;2;10;10;10m▂[38;2;16;16;16m[48;2;11;11;11m▂[38;2;16;16;16m[48;2;15;15;15m▔[38;2;19;19;19m[48;2;15;15;15m▀[38;2;16;16;16m[48;2;22;22;22m▃[38;2;26;26;26m[48;2;22;22;22m▐[38;2;24;24;24m[48;2;51;27;0m▅[38;2;55;29;0m[48;2;23;23;23m▗[38;2;80;45;0m[48;2;21;21;21m▃[38;2;21;21;21m[48;2;73;41;0m▍[38;2;52;27;0m[48;2;16;16;16m▖[38;2;48;25;0m[48;2;20;20;20m▖[38;2;10;10;10m[48;2;19;19;19m▅[38;2;26;26;26m[48;2;10;10;10m▘[38;2;20;20;20m[48;2;8;8;8m▔[38;2;4;4;4m[48;2;71;39;0m▆[38;2;21;21;21m[48;2;4;4;4m▘[38;2;3;3;3m[48;2;1;1;1m▆[38;2;3;3;3m[48;2;2;2;2m▏[38;2;2;2;2m[48;2;12;12;12m▆[38;2;12;12;12m[48;2;1;1;1m▁[38;2;1;1;1m[48;2;75;75;75m▀[38;2;74;74;74m[48;2;100;100;100m▘[38;2;112;112;112m[48;2;134;134;134m▘[38;2;148;148;148m[48;2;160;160;160m▘[38;2;173;173;173m[48;2;168;168;168m▕[38;2;188;188;188m[48;2;170;170;170m▖[38;2;159;159;159m[48;2;153;153;153m▆[38;2;148;148;148m[48;2;152;152;152m▐[38;2;142;142;142m[48;2;150;150;150m▖[38;2;155;155;155m[48;2;145;145;145m▃[38;2;155;155;155m[48;2;147;147;147m [38;2;150;150;150m[48;2;144;144;144m▗[38;2;141;141;141m[48;2;146;146;146m▂[38;2;155;155;155m[48;2;144;144;144m▂[38;2;144;144;144m[48;2;152;152;152m▞[38;2;151;151;151m[48;2;143;143;143m▁[38;2;150;150;150m[48;2;163;163;163m▕[38;2;111;111;111m[48;2;0;0;0m▏[38;2;4;4;4m[48;2;1;1;1m▀[38;2;2;2;2m[48;2;4;4;4m▃[38;2;4;4;4m[48;2;3;3;3m▂[38;2;5;5;5m[48;2;3;3;3m▝[38;2;54;54;55m[48;2;0;0;0m▖[38;2;4;4;4m[48;2;3;3;3m▔[0m
[38;2;92;92;92m[48;2;74;74;74m▏[38;2;168;119;43m[48;2;80;80;80m┃[38;2;72;72;72m[48;2;73;73;73m▏[38;2;73;73;73m[48;2;76;76;76m▅[38;2;74;74;74m[48;2;72;72;72m▀[38;2;74;74;74m[48;2;77;77;77m▐[38;2;168;119;43m[48;2;80;80;80m▋[38;2;75;75;75m[48;2;78;78;78m▃[38;2;78;78;78m[48;2;75;75;75m▏[38;2;79;79;79m[48;2;73;73;73m▁[38;2;74;74;74m[48;2;68;68;68m▃[38;2;168;119;43m[48;2;80;80;80m┏[38;2;168;119;43m[48;2;80;80;80m━[38;2;168;119;43m[48;2;80;80;80m┓[38;2;67;67;67m[48;2;65;65;65m▐[38;2;68;68;68m[48;2;66;66;66m▏[38;2;66;66;66m[48;2;64;64;64m▊[38;2;71;71;71m[48;2;64;64;64m▔[38;2;64;64;64m[48;2;73;73;73m▃[38;2;70;70;70m[48;2;80;80;80m▂[38;2;80;80;80m[48;2;92;92;92m▆[38;2;104;104;104m[48;2;85;85;85m▝[38;2;140;140;140m[48;2;90;90;90m▀[38;2;15;15;15m[48;2;117;117;117m▔[38;2;139;139;139m[48;2;0;0;0m▅[38;2;145;145;145m[48;2;1;1;1m▂[38;2;53;53;53m[48;2;2;2;2m▁[38;2;0;0;0m[48;2;4;4;4m▃[38;2;0;0;0m[48;2;4;4;4m▂[38;2;13;13;13m[48;2;5;5;5m▝[38;2;7;7;7m[48;2;17;17;17m▃[38;2;16;16;16m[48;2;24;24;24m▃[38;2;19;19;19m[48;2;28;28;28m▂[38;2;25;25;25m[48;2;18;18;18m▏[38;2;20;20;20m[48;2;18;18;18m▝[38;2;73;40;2m[48;2;20;20;20m▗[38;2;57;30;0m[48;2;6;6;6m▅[38;2;57;30;0m[48;2;6;6;6m█[38;2;72;39;0m[48;2;5;5;5m▀[38;2;4;4;4m[48;2;24;24;24m▅[38;2;4;4;4m[48;2;17;17;17m▆[38;2;5;5;5m[48;2;3;3;3m▁[38;2;11;11;11m[48;2;4;4;4m▂[38;2;6;6;6m[48;2;10;10;10m▅[38;2;8;8;8m[48;2;4;4;4m▘[38;2;4;4;4m[48;2;2;2;2m▏[38;2;4;4;4m[48;2;2;2;2m [38;2;53;53;53m[48;2;0;0;0m▁[38;2;73;73;73m[48;2;0;0;0m▆[38;2;55;55;55m[48;2;93;93;93m▘[38;2;98;98;98m[48;2;131;131;131m▀[38;2;124;124;124m[48;2;147;147;147m▘[38;2;153;153;153m[48;2;163;163;163m▍[38;2;167;167;167m[48;2;163;163;163m▅[38;2;170;170;170m[48;2;181;181;181m▘[38;2;172;172;172m[48;2;177;177;177m▐[38;2;157;157;157m[48;2;167;167;167m▐[38;2;155;155;155m[48;2;149;149;149m▆[38;2;145;145;145m[48;2;153;153;153m▀[38;2;158;158;158m[48;2;148;148;148m▔[38;2;156;156;156m[48;2;151;151;151m▍[38;2;146;146;146m[48;2;149;149;149m▘[38;2;145;145;145m[48;2;151;151;151m▃[38;2;162;162;162m[48;2;152;152;152m▗[38;2;142;142;142m[48;2;154;154;154m▔[38;2;151;151;151m[48;2;157;157;157m▐[38;2;165;165;165m[48;2;152;152;152m▐[38;2;0;0;0m[48;2;178;178;178m▐[38;2;3;3;3m[48;2;0;0;0m▝[38;2;62;33;0m[48;2;4;4;4m▖[38;2;4;4;4m[48;2;3;3;3m▗[38;2;2;2;2m[48;2;3;3;3m▁[38;2;4;4;4m[48;2;3;3;3m▗[38;2;2;2;2m[48;2;3;3;3m▕[0m
[38;2;82;82;82m[48;2;70;70;70m▍[38;2;168;119;43m[48;2;80;80;80m┃[38;2;168;119;43m[48;2;80;80;80m━[38;2;168;119;43m[48;2;80;80;80m━[38;2;168;119;43m[48;2;80;80;80m┓[38;2;71;71;71m[48;2;72;72;72m▂[38;2;168;119;43m[48;2;80;80;80m▋[38;2;168;119;43m[48;2;80;80;80m┏[38;2;168;119;43m[48;2;80;80;80m━[38;2;168;119;43m[48;2;80;80;80m┓[38;2;73;73;73m[48;2;72;72;72m▔[38;2;168;119;43m[48;2;80;80;80m┃[38;2;168;119;43m[48;2;80;80;80m━[38;2;168;119;43m[48;2;80;80;80m┛[38;2;64;64;64m[48;2;63;63;63m▁[38;2;67;67;67m[48;2;64;64;64m▂[38;2;62;62;62m[48;2;63;63;63m▂[38;2;62;62;62m[48;2;66;66;66m▅[38;2;63;63;63m[48;2;61;61;61m▘[38;2;56;56;56m[48;2;61;61;61m▂[38;2;69;69;69m[48;2;59;59;59m▀[38;2;59;59;59m[48;2;76;76;76m▃[38;2;65;65;65m[48;2;77;77;77m▂[38;2;86;86;86m[48;2;74;74;74m▀[38;2;83;83;83m[48;2;93;93;93m▆[38;2;90;90;90m[48;2;123;123;123m▆[38;2;93;93;93m[48;2;138;138;138m▅[38;2;0;0;0m[48;2;109;109;109m▔[38;2;102;102;102m[48;2;0;0;0m▅[38;2;0;0;0m[48;2;128;123;120m▀[38;2;127;127;127m[48;2;0;0;0m▃[38;2;123;123;123m[48;2;3;3;3m▂[38;2;88;88;88m[48;2;15;15;15m▂[38;2;23;23;23m[48;2;15;15;15m▁[38;2;16;16;16m[48;2;0;0;0m▀[38;2;1;1;1m[48;2;27;27;27m▆[38;2;2;2;2m[48;2;18;18;18m▀[38;2;5;5;5m[48;2;18;18;18m▀[38;2;10;10;10m[48;2;4;4;4m▅[38;2;4;4;4m[48;2;3;3;3m▏[38;2;3;3;3m[48;2;4;4;4m▔[38;2;0;0;0m[48;2;5;5;5m▃[38;2;27;27;27m[48;2;2;2;2m▁[38;2;74;74;74m[48;2;1;1;1m▂[38;2;89;89;89m[48;2;1;1;1m▂[38;2;0;0;0m[48;2;90;90;90m▀[38;2;100;100;100m[48;2;13;13;13m▅[38;2;125;125;125m[48;2;88;88;88m▅[38;2;100;100;100m[48;2;135;135;135m▘[38;2;148;148;148m[48;2;132;132;132m▅[38;2;142;142;142m[48;2;156;156;156m▘[38;2;164;164;164m[48;2;161;161;161m▝[38;2;166;166;166m[48;2;168;168;168m▏[38;2;171;171;171m[48;2;176;176;176m▍[38;2;175;175;175m[48;2;180;180;180m▃[38;2;175;175;175m[48;2;173;173;173m▖[38;2;164;164;164m[48;2;171;171;171m▃[38;2;166;166;166m[48;2;158;158;158m▖[38;2;159;159;159m[48;2;154;154;154m▅[38;2;143;143;143m[48;2;151;151;151m▔[38;2;147;147;147m[48;2;154;154;154m▂[38;2;155;155;155m[48;2;153;153;153m▃[38;2;150;150;150m[48;2;154;154;154m▐[38;2;162;162;162m[48;2;151;151;151m▐[38;2;164;164;164m[48;2;152;152;152m▅[38;2;159;159;159m[48;2;154;154;154m▂[38;2;152;152;152m[48;2;157;157;157m▘[38;2;135;135;135m[48;2;170;170;170m▝[38;2;73;73;73m[48;2;0;0;0m▖[38;2;3;3;3m[48;2;0;0;0m▝[38;2;3;3;3m[48;2;3;3;3m [38;2;3;3;3m[48;2;4;4;4m▏[38;2;4;4;4m[48;2;3;3;3m▍[38;2;4;4;4m[48;2;3;3;3m [0m
[38;2;79;79;79m[48;2;67;67;67m▍[38;2;168;119;43m[48;2;80;80;80m┗[38;2;168;119;43m[48;2;80;80;80m━[38;2;168;119;43m[48;2;80;80;80m━[38;2;168;119;43m[48;2;80;80;80m┛[38;2;69;69;69m[48;2;71;71;71m▅[38;2;168;119;43m[48;2;80;80;80m▋[38;2;168;119;43m[48;2;80;80;80m┗[38;2;168;119;43m[48;2;80;80;80m━[38;2;168;119;43m[48;2;80;80;80m┻[38;2;168;119;43m[48;2;80;80;80m━[38;2;168;119;43m[48;2;80;80;80m┃[38;2;70;70;70m[48;2;68;68;68m▊[38;2;67;67;67m[48;2;68;68;68m▗[38;2;67;67;67m[48;2;65;65;65m▏[38;2;65;65;65m[48;2;63;63;63m▆[38;2;66;66;66m[48;2;63;63;63m▂[38;2;64;64;64m[48;2;61;61;61m▆[38;2;67;67;67m[48;2;60;60;60m▂[38;2;61;61;61m[48;2;58;58;58m▆[38;2;55;55;55m[48;2;59;59;59m▐[38;2;59;59;59m[48;2;54;54;54m▁[38;2;50;50;50m[48;2;57;57;57m▗[38;2;64;64;64m[48;2;54;54;54m▀[38;2;69;69;69m[48;2;56;56;56m▀[38;2;65;65;65m[48;2;78;78;78m▆[38;2;77;77;77m[48;2;68;68;68m▀[38;2;85;85;85m[48;2;73;73;73m▀[38;2;88;88;88m[48;2;80;80;80m▝[38;2;84;84;84m[48;2;98;98;98m▅[38;2;90;90;90m[48;2;103;103;103m▆[38;2;94;94;94m[48;2;108;108;108m▆[38;2;95;95;95m[48;2;109;109;109m▆[38;2;100;100;100m[48;2;111;111;111m▆[38;2;73;73;73m[48;2;103;103;103m▔[38;2;22;22;22m[48;2;102;102;102m▔[38;2;11;11;11m[48;2;102;102;102m▔[38;2;109;109;109m[48;2;52;52;52m▆[38;2;106;106;106m[48;2;42;42;42m▆[38;2;4;4;4m[48;2;104;104;104m▔[38;2;29;29;29m[48;2;108;108;108m▔[38;2;107;107;107m[48;2;82;82;82m▆[38;2;112;112;112m[48;2;88;88;88m▅[38;2;104;104;104m[48;2;123;123;123m▀[38;2;115;115;115m[48;2;128;128;128m▀[38;2;123;123;123m[48;2;138;138;138m▀[38;2;144;144;144m[48;2;121;121;121m▆[38;2;155;155;155m[48;2;145;145;145m▃[38;2;153;153;153m[48;2;142;142;142m▆[38;2;152;152;152m[48;2;155;155;155m▏[38;2;169;169;169m[48;2;159;159;159m▂[38;2;171;171;171m[48;2;164;164;164m▆[38;2;169;169;169m[48;2;173;173;173m▀[38;2;177;177;177m[48;2;175;175;175m▕[38;2;176;176;176m[48;2;175;175;175m▏[38;2;176;176;176m[48;2;171;171;171m▘[38;2;172;172;172m[48;2;166;166;166m▂[38;2;154;154;154m[48;2;164;164;164m▗[38;2;154;154;154m[48;2;157;157;157m▝[38;2;150;150;150m[48;2;157;157;157m▕[38;2;153;153;153m[48;2;150;150;150m▐[38;2;153;153;153m[48;2;154;154;154m [38;2;153;153;153m[48;2;157;157;157m▘[38;2;161;161;161m[48;2;155;155;155m▐[38;2;166;166;166m[48;2;162;162;162m▘[38;2;166;166;166m[48;2;161;161;161m▗[38;2;161;161;161m[48;2;156;156;156m▅[38;2;165;165;165m[48;2;162;162;162m▔[38;2;0;0;0m[48;2;208;208;208m▝[38;2;68;68;68m[48;2;0;0;0m▖[38;2;3;3;3m[48;2;0;0;0m▝[38;2;2;2;2m[48;2;3;3;3m▊[38;2;2;2;2m[48;2;3;3;3m [38;2;2;2;2m[48;2;3;3;3m [0m
[38;2;78;78;78m[48;2;64;64;64m▍[38;2;67;67;67m[48;2;64;64;64m▀[38;2;64;64;64m[48;2;66;66;66m▍[38;2;68;68;68m[48;2;64;64;64m▁[38;2;65;65;65m[48;2;70;70;70m▆[38;2;66;66;66m[48;2;68;68;68m▂[38;2;65;65;65m[48;2;67;67;67m▍[38;2;65;65;65m[48;2;68;68;68m▗[38;2;65;65;65m[48;2;71;71;71m▂[38;2;68;68;68m[48;2;71;71;71m▊[38;2;66;66;66m[48;2;69;69;69m▝[38;2;68;68;68m[48;2;71;71;71m▆[38;2;72;72;72m[48;2;68;68;68m▔[38;2;65;65;65m[48;2;68;68;68m▅[38;2;68;68;68m[48;2;66;66;66m▍[38;2;62;62;62m[48;2;65;65;65m▂[38;2;66;66;66m[48;2;63;63;63m▀[38;2;62;62;62m[48;2;65;65;65m▃[38;2;66;66;66m[48;2;63;63;63m▘[38;2;60;60;60m[48;2;63;63;63m▖[38;2;65;65;65m[48;2;62;62;62m▗[38;2;59;59;59m[48;2;65;65;65m▐[38;2;61;61;61m[48;2;54;54;54m▆[38;2;63;63;63m[48;2;50;50;50m▅[38;2;50;50;50m[48;2;61;61;61m▀[38;2;64;64;64m[48;2;50;50;50m▁[38;2;49;49;49m[48;2;55;55;55m▅[38;2;57;57;57m[48;2;47;47;47m▀[38;2;63;63;63m[48;2;54;54;54m▐[38;2;65;65;65m[48;2;52;52;52m▀[38;2;62;62;62m[48;2;72;72;72m▅[38;2;61;61;61m[48;2;80;80;80m▅[38;2;83;83;83m[48;2;65;65;65m▀[38;2;69;69;69m[48;2;85;85;85m▃[38;2;73;73;73m[48;2;90;90;90m▃[38;2;74;74;74m[48;2;98;98;98m▃[38;2;88;88;88m[48;2;100;100;100m▍[38;2;93;93;93m[48;2;102;102;102m▃[38;2;103;103;103m[48;2;117;117;117m▆[38;2;102;102;102m[48;2;116;116;116m▍[38;2;117;117;117m[48;2;112;112;112m▝[38;2;122;122;122m[48;2;114;114;114m▕[38;2;122;122;122m[48;2;114;114;114m▞[38;2;130;130;130m[48;2;137;137;137m▊[38;2;135;135;135m[48;2;131;131;131m▐[38;2;140;140;140m[48;2;136;136;136m▃[38;2;140;140;140m[48;2;144;144;144m▖[38;2;159;159;159m[48;2;148;148;148m▃[38;2;148;148;148m[48;2;159;159;159m▘[38;2;156;156;156m[48;2;164;164;164m▂[38;2;163;163;163m[48;2;170;170;170m▖[38;2;168;168;168m[48;2;172;172;172m▊[38;2;173;173;173m[48;2;170;170;170m▝[38;2;175;175;175m[48;2;172;172;172m▘[38;2;172;172;172m[48;2;173;173;173m▝[38;2;167;167;167m[48;2;172;172;172m▗[38;2;164;164;164m[48;2;171;171;171m▅[38;2;162;162;162m[48;2;167;167;167m▐[38;2;161;161;161m[48;2;153;153;153m▅[38;2;165;165;165m[48;2;154;154;154m▁[38;2;158;158;158m[48;2;149;149;149m▖[38;2;149;149;149m[48;2;152;152;152m▗[38;2;155;155;155m[48;2;162;162;162m▅[38;2;155;155;155m[48;2;156;156;156m [38;2;165;165;165m[48;2;161;161;161m▐[38;2;168;168;168m[48;2;162;162;162m▗[38;2;163;163;163m[48;2;167;167;167m▔[38;2;160;160;160m[48;2;165;165;165m▘[38;2;191;191;191m[48;2;162;162;162m▐[38;2;133;133;133m[48;2;205;205;205m▝[38;2;207;207;207m[48;2;0;0;0m▖[38;2;1;1;1m[48;2;0;0;0m▔[38;2;0;0;0m[48;2;3;3;3m▃[38;2;5;5;5m[48;2;3;3;3m▁[0m
[38;2;79;79;79m[48;2;61;61;61m▍[38;2;79;79;79m[48;2;63;63;63m [38;2;61;61;61m[48;2;65;65;65m▃[38;2;64;64;64m[48;2;61;61;61m▆[38;2;66;66;66m[48;2;62;62;62m▖[38;2;66;66;66m[48;2;64;64;64m▘[38;2;65;65;65m[48;2;67;67;67m▆[38;2;66;66;66m[48;2;65;65;65m▕[38;2;67;67;67m[48;2;65;65;65m▍[38;2;65;65;65m[48;2;68;68;68m▃[38;2;68;68;68m[48;2;65;65;65m▞[38;2;65;65;65m[48;2;69;69;69m▅[38;2;63;63;63m[48;2;66;66;66m▃[38;2;64;64;64m[48;2;63;63;63m▊[38;2;65;65;65m[48;2;62;62;62m▏[38;2;62;62;62m[48;2;64;64;64m▐[38;2;61;61;61m[48;2;67;67;67m▆[38;2;63;63;63m[48;2;61;61;61m▗[38;2;63;63;63m[48;2;62;62;62m▗[38;2;63;63;63m[48;2;61;61;61m▗[38;2;66;66;66m[48;2;63;63;63m▖[38;2;60;60;60m[48;2;63;63;63m▏[38;2;65;65;65m[48;2;62;62;62m▆[38;2;65;65;65m[48;2;69;69;69m▐[38;2;65;65;65m[48;2;67;67;67m▆[38;2;62;62;62m[48;2;67;67;67m▝[38;2;65;65;65m[48;2;56;56;56m▆[38;2;68;68;68m[48;2;52;52;52m▆[38;2;67;67;67m[48;2;54;54;54m▆[38;2;67;67;67m[48;2;49;49;49m▅[38;2;51;51;51m[48;2;68;68;68m▀[38;2;69;69;69m[48;2;53;53;53m▃[38;2;82;82;82m[48;2;60;60;60m▂[38;2;62;62;62m[48;2;73;73;73m▆[38;2;65;65;65m[48;2;70;70;70m▏[38;2;82;82;82m[48;2;72;72;72m▁[38;2;71;71;71m[48;2;88;88;88m▅[38;2;89;89;89m[48;2;78;78;78m▃[38;2;94;94;94m[48;2;103;103;103m▍[38;2;100;100;100m[48;2;102;102;102m▔[38;2;106;106;106m[48;2;118;118;118m▀[38;2;119;119;119m[48;2;109;109;109m▆[38;2;114;114;114m[48;2;125;125;125m▘[38;2;136;136;136m[48;2;126;126;126m▃[38;2;134;134;134m[48;2;144;144;144m▊[38;2;147;147;147m[48;2;143;143;143m▝[38;2;147;147;147m[48;2;154;154;154m▊[38;2;150;150;150m[48;2;155;155;155m▍[38;2;165;165;165m[48;2;154;154;154m▝[38;2;163;163;163m[48;2;159;159;159m▁[38;2;159;159;159m[48;2;165;165;165m▍[38;2;165;165;165m[48;2;170;170;170m▏[38;2;173;173;173m[48;2;167;167;167m▕[38;2;170;170;170m[48;2;174;174;174m▀[38;2;168;168;168m[48;2;173;173;173m▂[38;2;170;170;170m[48;2;166;166;166m▍[38;2;165;165;165m[48;2;162;162;162m▖[38;2;162;162;162m[48;2;166;166;166m▝[38;2;163;163;163m[48;2;159;159;159m▍[38;2;160;160;160m[48;2;156;156;156m▊[38;2;153;153;153m[48;2;161;161;161m▐[38;2;159;159;159m[48;2;151;151;151m▂[38;2;150;150;150m[48;2;159;159;159m▂[38;2;154;154;154m[48;2;159;159;159m▘[38;2;162;162;162m[48;2;156;156;156m▐[38;2;158;158;158m[48;2;164;164;164m▖[38;2;161;161;161m[48;2;165;165;165m▞[38;2;167;167;167m[48;2;161;161;161m▃[38;2;172;172;172m[48;2;163;163;163m▕[38;2;172;172;172m[48;2;185;185;185m [38;2;165;165;165m[48;2;189;189;189m▁[38;2;208;208;208m[48;2;0;0;0m▆[38;2;207;207;207m[48;2;0;0;0m▖[38;2;6;6;6m[48;2;0;0;0m▕[0m
[38;2;72;72;72m[48;2;60;60;60m▍[38;2;57;57;57m[48;2;60;60;60m▖[38;2;58;58;58m[48;2;62;62;62m▔[38;2;59;59;59m[48;2;63;63;63m▗[38;2;62;62;62m[48;2;63;63;63m▍[38;2;61;61;61m[48;2;63;63;63m▂[38;2;64;64;64m[48;2;61;61;61m▆[38;2;61;61;61m[48;2;64;64;64m▂[38;2;65;65;65m[48;2;63;63;63m▏[38;2;66;66;66m[48;2;63;63;63m▔[38;2;65;65;65m[48;2;62;62;62m▔[38;2;66;66;66m[48;2;63;63;63m▝[38;2;59;59;59m[48;2;63;63;63m▁[38;2;61;61;61m[48;2;65;65;65m▖[38;2;66;66;66m[48;2;63;63;63m▏[38;2;61;61;61m[48;2;63;63;63m▕[38;2;61;61;61m[48;2;60;60;60m▆[38;2;62;62;62m[48;2;59;59;59m▞[38;2;59;59;59m[48;2;61;61;61m▁[38;2;57;57;57m[48;2;61;61;61m▁[38;2;59;59;59m[48;2;61;61;61m▂[38;2;56;56;56m[48;2;63;63;63m▁[38;2;59;59;59m[48;2;65;65;65m▃[38;2;68;68;68m[48;2;66;66;66m▘[38;2;64;64;64m[48;2;67;67;67m▁[38;2;67;67;67m[48;2;68;68;68m▔[38;2;74;74;74m[48;2;68;68;68m▃[38;2;72;72;72m[48;2;67;67;67m▅[38;2;72;72;72m[48;2;71;71;71m▕[38;2;79;79;79m[48;2;72;72;72m▃[38;2;72;72;72m[48;2;77;77;77m▀[38;2;80;80;80m[48;2;74;74;74m▃[38;2;77;77;77m[48;2;83;83;83m▖[38;2;90;90;90m[48;2;85;85;85m▘[38;2;94;94;94m[48;2;86;86;86m▐[38;2;95;95;95m[48;2;88;88;88m▃[38;2;98;98;98m[48;2;102;102;102m▀[38;2;98;98;98m[48;2;108;108;108m▖[38;2;110;110;110m[48;2;102;102;102m▅[38;2;110;110;110m[48;2;117;117;117m▏[38;2;122;122;122m[48;2;113;113;113m▐[38;2;120;120;120m[48;2;115;115;115m▅[38;2;138;138;138m[48;2;130;130;130m▔[38;2;129;129;129m[48;2;137;137;137m▘[38;2;141;141;141m[48;2;137;137;137m▖[38;2;141;141;141m[48;2;146;146;146m▔[38;2;146;146;146m[48;2;148;148;148m▏[38;2;148;148;148m[48;2;154;154;154m▂[38;2;158;158;158m[48;2;153;153;153m▝[38;2;162;162;162m[48;2;157;157;157m▝[38;2;158;158;158m[48;2;164;164;164m▖[38;2;169;169;169m[48;2;165;165;165m▐[38;2;171;171;171m[48;2;169;169;169m▕[38;2;175;175;175m[48;2;169;169;169m▖[38;2;169;169;169m[48;2;171;171;171m▏[38;2;164;164;164m[48;2;168;168;168m▃[38;2;158;158;158m[48;2;166;166;166m▔[38;2;163;163;163m[48;2;167;167;167m▀[38;2;163;163;163m[48;2;160;160;160m▍[38;2;160;160;160m[48;2;159;159;159m▏[38;2;158;158;158m[48;2;156;156;156m▅[38;2;151;151;151m[48;2;154;154;154m▗[38;2;159;159;159m[48;2;152;152;152m▗[38;2;153;153;153m[48;2;158;158;158m▞[38;2;156;156;156m[48;2;161;161;161m▞[38;2;159;159;159m[48;2;163;163;163m▞[38;2;162;162;162m[48;2;166;166;166m▖[38;2;165;165;165m[48;2;160;160;160m▐[38;2;161;161;161m[48;2;165;165;165m▘[38;2;144;144;144m[48;2;166;166;166m▗[38;2;136;136;136m[48;2;165;165;165m▅[38;2;136;136;136m[48;2;161;161;161m▘[38;2;191;191;191m[48;2;0;0;0m▊[38;2;191;191;191m[48;2;0;0;0m [0m
[38;2;71;71;71m[48;2;58;58;58m▍[38;2;56;56;56m[48;2;58;58;58m▝[38;2;56;56;56m[48;2;58;58;58m [38;2;62;62;62m[48;2;57;57;57m▘[38;2;57;57;57m[48;2;59;59;59m▘[38;2;56;56;56m[48;2;61;61;61m▞[38;2;58;58;58m[48;2;62;62;62m▗[38;2;64;64;64m[48;2;60;60;60m▔[38;2;58;58;58m[48;2;62;62;62m▊[38;2;59;59;59m[48;2;62;62;62m▃[38;2;61;61;61m[48;2;60;60;60m▆[38;2;64;64;64m[48;2;61;61;61m▘[38;2;57;57;57m[48;2;61;61;61m▂[38;2;64;64;64m[48;2;61;61;61m▝[38;2;63;63;63m[48;2;59;59;59m▔[38;2;60;60;60m[48;2;58;58;58m▏[38;2;57;57;57m[48;2;63;63;63m▅[38;2;64;64;64m[48;2;58;58;58m▔[38;2;58;58;58m[48;2;56;56;56m▔[38;2;55;55;55m[48;2;56;56;56m▗[38;2;59;59;59m[48;2;53;53;53m▀[38;2;53;53;53m[48;2;58;58;58m▂[38;2;58;58;58m[48;2;61;61;61m▅[38;2;60;60;60m[48;2;64;64;64m▅[38;2;62;62;62m[48;2;64;64;64m▆[38;2;63;63;63m[48;2;67;67;67m▂[38;2;66;66;66m[48;2;75;75;75m▂[38;2;77;77;77m[48;2;83;83;83m▊[38;2;78;78;78m[48;2;83;83;83m▝[38;2;83;83;83m[48;2;90;90;90m▖[38;2;104;104;104m[48;2;89;89;89m▂[38;2;98;98;98m[48;2;80;80;80m▅[38;2;104;104;104m[48;2;88;88;88m▃[38;2;102;102;102m[48;2;88;88;88m▅[38;2;105;105;105m[48;2;98;98;98m▖[38;2;109;109;109m[48;2;94;94;94m▗[38;2;95;95;95m[48;2;102;102;102m▝[38;2;102;102;102m[48;2;114;114;114m▍[38;2;126;126;126m[48;2;112;112;112m▃[38;2;109;109;109m[48;2;115;115;115m▗[38;2;128;128;128m[48;2;120;120;120m▆[38;2;119;119;119m[48;2;128;128;128m▘[38;2;122;122;122m[48;2;131;131;131m▖[38;2;130;130;130m[48;2;141;141;141m▘[38;2;146;146;146m[48;2;134;134;134m▘[38;2;146;146;146m[48;2;138;138;138m▞[38;2;148;148;148m[48;2;141;141;141m▀[38;2;145;145;145m[48;2;149;149;149m▗[38;2;146;146;146m[48;2;150;150;150m▁[38;2;149;149;149m[48;2;154;154;154m▏[38;2;163;163;163m[48;2;155;155;155m▝[38;2;170;170;170m[48;2;166;166;166m▔[38;2;165;165;165m[48;2;169;169;169m▅[38;2;170;170;170m[48;2;167;167;167m▕[38;2;166;166;166m[48;2;169;169;169m▅[38;2;169;169;169m[48;2;165;165;165m▔[38;2;167;167;167m[48;2;164;164;164m▂[38;2;161;161;161m[48;2;163;163;163m▘[38;2;160;160;160m[48;2;163;163;163m▕[38;2;156;156;156m[48;2;161;161;161m▞[38;2;155;155;155m[48;2;160;160;160m▁[38;2;155;155;155m[48;2;152;152;152m▁[38;2;160;160;160m[48;2;149;149;149m▝[38;2;152;152;152m[48;2;157;157;157m▘[38;2;152;152;152m[48;2;157;157;157m▖[38;2;154;154;154m[48;2;159;159;159m▝[38;2;171;171;171m[48;2;161;161;161m▔[38;2;163;163;163m[48;2;161;161;161m▔[38;2;148;148;148m[48;2;164;164;164m▝[38;2;159;159;159m[48;2;148;148;148m▃[38;2;150;150;150m[48;2;162;162;162m▃[38;2;159;159;159m[48;2;136;136;136m▀[38;2;207;207;207m[48;2;0;0;0m▊[38;2;207;207;207m[48;2;0;0;0m [0m
[38;2;72;72;72m[48;2;57;57;57m▍[38;2;58;58;58m[48;2;56;56;56m▕[38;2;60;60;60m[48;2;57;57;57m▝[38;2;57;57;57m[48;2;55;55;55m▍[38;2;55;55;55m[48;2;60;60;60m▊[38;2;63;63;63m[48;2;57;57;57m▔[38;2;56;56;56m[48;2;61;61;61m▆[38;2;57;57;57m[48;2;59;59;59m▞[38;2;57;57;57m[48;2;56;56;56m▏[38;2;61;61;61m[48;2;57;57;57m▘[38;2;59;59;59m[48;2;57;57;57m▔[38;2;58;58;58m[48;2;59;59;59m▊[38;2;61;61;61m[48;2;55;55;55m▀[38;2;65;65;65m[48;2;57;57;57m▔[38;2;57;57;57m[48;2;62;62;62m▅[38;2;57;57;57m[48;2;58;58;58m▕[38;2;53;53;53m[48;2;55;55;55m▗[38;2;56;56;56m[48;2;54;54;54m▗[38;2;52;52;52m[48;2;57;57;57m▗[38;2;53;53;53m[48;2;57;57;57m▆[38;2;50;50;50m[48;2;53;53;53m▏[38;2;55;55;55m[48;2;54;54;54m▍[38;2;52;52;52m[48;2;55;55;55m▏[38;2;59;59;59m[48;2;56;56;56m▐[38;2;56;56;56m[48;2;60;60;60m▆[38;2;50;50;50m[48;2;61;61;61m▁[38;2;61;61;61m[48;2;66;66;66m▖[38;2;80;80;80m[48;2;74;74;74m▝[38;2;81;81;81m[48;2;90;90;90m▁[38;2;95;95;95m[48;2;91;91;91m▆[38;2;95;95;95m[48;2;109;109;109m▁[38;2;112;112;112m[48;2;100;100;100m▆[38;2;120;120;120m[48;2;114;114;114m▗[38;2;125;125;125m[48;2;109;109;109m▆[38;2;110;110;110m[48;2;121;121;121m▀[38;2;107;107;107m[48;2;120;120;120m▀[38;2;105;105;105m[48;2;114;114;114m▔[38;2;106;106;106m[48;2;118;118;118m▔[38;2;127;127;127m[48;2;119;119;119m▞[38;2;133;133;133m[48;2;124;124;124m▗[38;2;121;121;121m[48;2;127;127;127m▀[38;2;131;131;131m[48;2;125;125;125m▊[38;2;127;127;127m[48;2;134;134;134m▍[38;2;137;137;137m[48;2;133;133;133m▞[38;2;140;140;140m[48;2;131;131;131m▘[38;2;136;136;136m[48;2;132;132;132m▀[38;2;141;141;141m[48;2;136;136;136m▞[38;2;139;139;139m[48;2;145;145;145m▊[38;2;145;145;145m[48;2;148;148;148m▘[38;2;155;155;155m[48;2;147;147;147m▖[38;2;152;152;152m[48;2;161;161;161m▖[38;2;163;163;163m[48;2;169;169;169m▊[38;2;168;168;168m[48;2;165;165;165m▆[38;2;164;164;164m[48;2;172;172;172m▆[38;2;167;167;167m[48;2;171;171;171m▊[38;2;169;169;169m[48;2;166;166;166m▘[38;2;163;163;163m[48;2;166;166;166m▔[38;2;168;168;168m[48;2;163;163;163m▗[38;2;162;162;162m[48;2;159;159;159m▍[38;2;153;153;153m[48;2;158;158;158m▝[38;2;152;152;152m[48;2;156;156;156m▐[38;2;141;141;141m[48;2;153;153;153m▂[38;2;155;155;155m[48;2;159;159;159m▆[38;2;149;149;149m[48;2;154;154;154m▔[38;2;155;155;155m[48;2;153;153;153m▊[38;2;158;158;158m[48;2;155;155;155m▅[38;2;165;165;165m[48;2;158;158;158m▔[38;2;159;159;159m[48;2;163;163;163m▆[38;2;161;161;161m[48;2;159;159;159m▍[38;2;156;156;156m[48;2;162;162;162m▘[38;2;137;137;137m[48;2;157;157;157m▐[38;2;213;213;213m[48;2;155;155;155m▗[38;2;216;216;216m[48;2;5;5;5m▊[38;2;1;1;1m[48;2;0;0;0m▏[0m
[38;2;64;64;64m[48;2;53;53;53m▍[38;2;51;51;51m[48;2;54;54;54m▅[38;2;53;53;53m[48;2;57;57;57m▆[38;2;50;50;50m[48;2;53;53;53m▗[38;2;56;56;56m[48;2;53;53;53m▗[38;2;54;54;54m[48;2;56;56;56m▀[38;2;57;57;57m[48;2;55;55;55m▂[38;2;55;55;55m[48;2;56;56;56m▊[38;2;54;54;54m[48;2;56;56;56m▃[38;2;57;57;57m[48;2;53;53;53m▀[38;2;57;57;57m[48;2;55;55;55m [38;2;56;56;56m[48;2;52;52;52m▀[38;2;61;61;61m[48;2;54;54;54m▔[38;2;53;53;53m[48;2;60;60;60m▆[38;2;54;54;54m[48;2;57;57;57m▆[38;2;54;54;54m[48;2;57;57;57m▖[38;2;54;54;54m[48;2;52;52;52m▊[38;2;58;58;58m[48;2;52;52;52m▔[38;2;55;55;55m[48;2;52;52;52m▀[38;2;53;53;53m[48;2;55;55;55m▞[38;2;55;55;55m[48;2;52;52;52m▘[38;2;52;52;52m[48;2;51;51;51m▂[38;2;53;53;53m[48;2;51;51;51m▔[38;2;50;50;50m[48;2;52;52;52m▃[38;2;51;51;51m[48;2;54;54;54m▖[38;2;52;52;52m[48;2;54;54;54m▃[38;2;61;61;61m[48;2;56;56;56m▐[38;2;62;62;62m[48;2;71;71;71m▅[38;2;82;82;82m[48;2;70;70;70m▀[38;2;79;79;79m[48;2;95;95;95m▂[38;2;94;94;94m[48;2;102;102;102m▖[38;2;113;113;113m[48;2;115;115;115m▅[38;2;113;113;113m[48;2;127;127;127m▍[38;2;130;130;130m[48;2;120;120;120m▅[38;2;137;137;137m[48;2;127;127;127m▗[38;2;129;129;129m[48;2;134;134;134m▍[38;2;116;116;116m[48;2;127;127;127m▔[38;2;135;135;135m[48;2;127;127;127m▃[38;2;128;128;128m[48;2;134;134;134m▘[38;2;131;131;131m[48;2;129;129;129m▘[38;2;122;122;122m[48;2;131;131;131m▐[38;2;125;125;125m[48;2;130;130;130m▞[38;2;141;141;141m[48;2;129;129;129m▖[38;2;126;126;126m[48;2;134;134;134m▗[38;2;134;134;134m[48;2;126;126;126m▘[38;2;132;132;132m[48;2;125;125;125m▅[38;2;141;141;141m[48;2;132;132;132m▗[38;2;138;138;138m[48;2;146;146;146m▊[38;2;147;147;147m[48;2;153;153;153m▊[38;2;154;154;154m[48;2;149;149;149m▃[38;2;154;154;154m[48;2;162;162;162m▊[38;2;175;175;175m[48;2;163;163;163m▗[38;2;169;169;169m[48;2;163;163;163m▖[38;2;143;143;143m[48;2;165;165;165m▁[38;2;166;166;166m[48;2;164;164;164m▕[38;2;164;164;164m[48;2;166;166;166m▔[38;2;167;167;167m[48;2;162;162;162m▃[38;2;165;165;165m[48;2;167;167;167m▝[38;2;164;164;164m[48;2;158;158;158m▃[38;2;161;161;161m[48;2;157;157;157m▗[38;2;150;150;150m[48;2;155;155;155m▖[38;2;145;145;145m[48;2;149;149;149m▘[38;2;156;156;156m[48;2;150;150;150m▏[38;2;147;147;147m[48;2;155;155;155m▃[38;2;152;152;152m[48;2;156;156;156m▂[38;2;156;156;156m[48;2;162;162;162m▅[38;2;154;154;154m[48;2;159;159;159m▘[38;2;162;162;162m[48;2;158;158;158m▍[38;2;158;158;158m[48;2;162;162;162m▂[38;2;159;159;159m[48;2;166;166;166m▆[38;2;161;161;161m[48;2;159;159;159m▝[38;2;181;181;181m[48;2;188;188;188m▍[38;2;208;208;208m[48;2;93;93;93m▊[38;2;46;46;46m[48;2;0;0;0m▏[0m
