[38;2;0;0;0m[48;2;0;147;147m [38;2;0;0;0m[48;2;0;147;147m [38;2;0;0;0m[48;2;0;147;147m [38;2;0;147;147m[48;2;5;55;25m█[38;2;0;147;147m[48;2;5;55;25m█[38;2;0;147;147m[48;2;5;55;25m█[38;2;0;147;147m[48;2;5;55;25m█[38;2;0;0;0m[48;2;0;147;147m [38;2;0;0;0m[48;2;0;147;147m [38;2;0;0;0m[48;2;0;147;147m [38;2;0;0;0m[48;2;0;147;147m [38;2;0;0;0m[48;2;0;147;147m [38;2;0;0;0m[48;2;0;147;147m [38;2;0;0;0m[48;2;0;147;147m [38;2;0;0;0m[48;2;0;147;147m [38;2;0;0;0m[48;2;0;147;147m [38;2;0;0;0m[48;2;0;147;147m [38;2;0;0;0m[48;2;0;147;147m [38;2;0;0;0m[48;2;0;147;147m [38;2;0;0;0m[48;2;0;147;147m [38;2;0;0;0m[48;2;0;147;147m [38;2;0;0;0m[48;2;0;147;147m [38;2;0;0;0m[48;2;0;147;147m [38;2;0;0;0m[48;2;0;147;147m [38;2;0;0;0m[48;2;0;147;147m [38;2;0;0;0m[48;2;0;147;147m [38;2;0;147;147m[48;2;0;71;71m▇[38;2;0;0;0m[48;2;0;147;147m▃[38;2;0;0;0m[48;2;0;71;71m▆[38;2;127;127;127m[48;2;0;0;0m▃[38;2;127;127;127m[48;2;0;0;0m▆[38;2;127;127;127m[48;2;54;54;54m▌[38;2;0;0;0m[48;2;0;0;0m [38;2;0;0;0m[48;2;127;127;127m [38;2;0;0;0m[48;2;127;127;127m▗[38;2;0;0;0m[48;2;0;0;0m [38;2;127;127;127m[48;2;0;0;0m▅[38;2;0;0;0m[48;2;127;127;127m [38;2;0;0;0m[48;2;127;127;127m [38;2;0;0;0m[48;2;127;127;127m [38;2;0;0;0m[48;2;127;127;127m [38;2;0;0;0m[48;2;127;127;127m [38;2;0;0;0m[48;2;127;127;127m [38;2;0;0;0m[48;2;127;127;127m [38;2;0;0;0m[48;2;0;0;0m [38;2;0;0;0m[48;2;127;127;127m▌[38;2;0;0;0m[48;2;127;127;127m [38;2;0;0;0m[48;2;127;127;127m [38;2;0;0;0m[48;2;127;127;127m [38;2;0;0;0m[48;2;127;127;127m [38;2;0;0;0m[48;2;127;127;127m [38;2;0;0;0m[48;2;127;127;127m [38;2;0;0;0m[48;2;127;127;127m [38;2;0;0;0m[48;2;127;127;127m [38;2;0;0;0m[48;2;127;127;127m [38;2;0;0;0m[48;2;127;127;127m [38;2;0;0;0m[48;2;127;127;127m [38;2;0;0;0m[48;2;127;127;127m [38;2;127;127;127m[48;2;0;0;0m▆[38;2;127;127;127m[48;2;0;0;0m▄[38;2;127;127;127m[48;2;0;0;0m [38;2;0;0;0m[48;2;0;147;147m▅[38;2;0;0;0m[48;2;0;147;147m [38;2;0;0;0m[48;2;0;147;147m [38;2;0;0;0m[48;2;0;147;147m [38;2;0;0;0m[48;2;0;147;147m [38;2;0;0;0m[48;2;0;147;147m [38;2;0;0;0m[48;2;0;147;147m [38;2;0;0;0m[48;2;0;147;147m [38;2;0;0;0m[48;2;0;147;147m [38;2;0;0;0m[48;2;0;147;147m [38;2;0;0;0m[48;2;0;147;147m [38;2;0;0;0m[48;2;0;147;147m [38;2;0;0;0m[48;2;0;147;147m [38;2;0;0;0m[48;2;0;147;147m [38;2;0;0;0m[48;2;0;147;147m [38;2;0;0;0m[48;2;0;147;147m [38;2;0;0;0m[48;2;0;147;147m [38;2;0;0;0m[48;2;0;147;147m [38;2;0;0;0m[48;2;0;147;147m [0m
[38;2;0;147;147m[48;2;5;55;25m█[38;2;0;147;147m[48;2;5;55;25m█[38;2;0;147;147m[48;2;5;55;25m█[38;2;0;147;147m[48;2;5;55;25m█[38;2;0;147;147m[48;2;5;55;25m█[38;2;0;147;147m[48;2;5;55;25m█[38;2;0;147;147m[48;2;5;55;25m█[38;2;0;147;147m[48;2;5;55;25m█[38;2;0;147;147m[48;2;5;55;25m█[38;2;0;147;147m[48;2;5;55;25m█[38;2;0;147;147m[48;2;5;55;25m█[38;2;0;147;147m[48;2;5;55;25m█[38;2;0;147;147m[48;2;5;55;25m█[38;2;0;147;147m[48;2;5;55;25m█[38;2;0;147;147m[48;2;5;55;25m█[38;2;0;147;147m[48;2;5;55;25m█[38;2;0;147;147m[48;2;5;55;25m█[38;2;0;147;147m[48;2;5;55;25m█[38;2;0;147;147m[48;2;5;55;25m█[38;2;0;147;147m[48;2;5;55;25m█[38;2;0;147;147m[48;2;5;55;25m█[38;2;0;0;0m[48;2;0;147;147m [38;2;0;0;0m[48;2;0;147;147m [38;2;0;0;0m[48;2;0;147;147m [38;2;0;0;0m[48;2;0;147;147m [38;2;0;0;0m[48;2;0;147;147m▃[38;2;0;0;0m[48;2;0;0;0m [38;2;127;127;127m[48;2;0;0;0m▄[38;2;0;0;0m[48;2;127;127;127m [38;2;0;0;0m[48;2;127;127;127m [38;2;0;0;0m[48;2;127;127;127m [38;2;0;0;0m[48;2;127;127;127m▅[38;2;0;0;0m[48;2;127;127;127m▛[38;2;0;0;0m[48;2;127;127;127m [38;2;127;127;127m[48;2;0;0;0m▁[38;2;54;54;54m[48;2;127;127;127m▌[38;2;0;0;0m[48;2;127;127;127m▃[38;2;0;0;0m[48;2;127;127;127m▅[38;2;127;127;127m[48;2;0;0;0m▂[38;2;127;127;127m[48;2;0;0;0m [38;2;127;127;127m[48;2;0;0;0m▐[38;2;0;0;0m[48;2;127;127;127m [38;2;0;0;0m[48;2;127;127;127m [38;2;0;0;0m[48;2;127;127;127m▟[38;2;0;0;0m[48;2;127;127;127m▛[38;2;0;0;0m[48;2;127;127;127m [38;2;0;0;0m[48;2;127;127;127m [38;2;0;0;0m[48;2;127;127;127m [38;2;0;0;0m[48;2;127;127;127m [38;2;0;0;0m[48;2;127;127;127m [38;2;0;0;0m[48;2;127;127;127m [38;2;0;0;0m[48;2;127;127;127m [38;2;0;0;0m[48;2;127;127;127m [38;2;0;0;0m[48;2;127;127;127m [38;2;0;0;0m[48;2;127;127;127m [38;2;0;0;0m[48;2;127;127;127m [38;2;0;0;0m[48;2;127;127;127m [38;2;0;0;0m[48;2;127;127;127m [38;2;0;0;0m[48;2;127;127;127m [38;2;0;0;0m[48;2;127;127;127m [38;2;0;0;0m[48;2;127;127;127m [38;2;127;127;127m[48;2;0;0;0m▖[38;2;0;0;0m[48;2;0;147;147m▇[38;2;0;0;0m[48;2;0;147;147m▁[38;2;0;0;0m[48;2;0;147;147m [38;2;0;0;0m[48;2;0;147;147m [38;2;0;0;0m[48;2;0;147;147m [38;2;0;0;0m[48;2;0;147;147m [38;2;0;0;0m[48;2;0;147;147m [38;2;0;0;0m[48;2;0;147;147m [38;2;0;0;0m[48;2;0;147;147m [38;2;0;0;0m[48;2;0;147;147m [38;2;0;0;0m[48;2;0;147;147m [38;2;0;0;0m[48;2;0;147;147m [38;2;0;0;0m[48;2;0;147;147m [38;2;0;0;0m[48;2;0;147;147m [38;2;0;0;0m[48;2;0;147;147m [38;2;0;0;0m[48;2;0;147;147m [38;2;0;0;0m[48;2;0;147;147m [38;2;0;0;0m[48;2;0;147;147m [0m
[38;2;0;0;0m[48;2;0;147;147m [38;2;0;147;147m[48;2;5;55;25m█[38;2;0;147;147m[48;2;5;55;25m█[38;2;0;147;147m[48;2;5;55;25m█[38;2;0;147;147m[48;2;5;55;25m█[38;2;0;147;147m[48;2;5;55;25m█[38;2;0;147;147m[48;2;5;55;25m█[38;2;0;147;147m[48;2;5;55;25m█[38;2;0;147;147m[48;2;5;55;25m█[38;2;0;147;147m[48;2;5;55;25m█[38;2;0;147;147m[48;2;5;55;25m█[38;2;0;147;147m[48;2;5;55;25m█[38;2;0;147;147m[48;2;5;55;25m█[38;2;0;147;147m[48;2;5;55;25m█[38;2;0;147;147m[48;2;5;55;25m█[38;2;0;147;147m[48;2;5;55;25m█[38;2;0;147;147m[48;2;5;55;25m█[38;2;0;147;147m[48;2;5;55;25m█[38;2;0;147;147m[48;2;5;55;25m█[38;2;0;147;147m[48;2;5;55;25m█[38;2;0;0;0m[48;2;0;147;147m [38;2;0;0;0m[48;2;0;147;147m [38;2;0;0;0m[48;2;0;147;147m [38;2;0;0;0m[48;2;0;147;147m▂[38;2;0;0;0m[48;2;0;0;0m [38;2;127;127;127m[48;2;0;0;0m▗[38;2;0;0;0m[48;2;127;127;127m [38;2;0;0;0m[48;2;127;127;127m [38;2;0;0;0m[48;2;127;127;127m [38;2;0;0;0m[48;2;127;127;127m▗[38;2;0;0;0m[48;2;0;0;0m [38;2;127;127;127m[48;2;0;0;0m▃[38;2;0;0;0m[48;2;127;127;127m [38;2;0;0;0m[48;2;127;127;127m [38;2;0;0;0m[48;2;127;127;127m▗[38;2;0;0;0m[48;2;127;127;127m▇[38;2;127;127;127m[48;2;0;0;0m▂[38;2;127;127;127m[48;2;0;0;0m▆[38;2;0;0;0m[48;2;127;127;127m [38;2;127;127;127m[48;2;54;54;54m▌[38;2;0;0;0m[48;2;0;0;0m [38;2;0;0;0m[48;2;127;127;127m [38;2;0;0;0m[48;2;127;127;127m [38;2;0;0;0m[48;2;0;0;0m [38;2;54;54;54m[48;2;127;127;127m▌[38;2;54;54;54m[48;2;127;127;127m [38;2;54;54;54m[48;2;127;127;127m [38;2;54;54;54m[48;2;127;127;127m [38;2;54;54;54m[48;2;127;127;127m [38;2;54;54;54m[48;2;127;127;127m [38;2;54;54;54m[48;2;127;127;127m [38;2;54;54;54m[48;2;127;127;127m [38;2;54;54;54m[48;2;127;127;127m [38;2;54;54;54m[48;2;127;127;127m [38;2;54;54;54m[48;2;127;127;127m [38;2;54;54;54m[48;2;127;127;127m [38;2;54;54;54m[48;2;127;127;127m [38;2;54;54;54m[48;2;127;127;127m [38;2;54;54;54m[48;2;127;127;127m [38;2;54;54;54m[48;2;127;127;127m [38;2;54;54;54m[48;2;127;127;127m [38;2;54;54;54m[48;2;127;127;127m [38;2;0;0;0m[48;2;127;127;127m▝[38;2;0;0;0m[48;2;0;0;0m [38;2;0;0;0m[48;2;0;147;147m▖[38;2;0;0;0m[48;2;0;147;147m [38;2;0;0;0m[48;2;0;147;147m [38;2;0;0;0m[48;2;0;147;147m [38;2;0;0;0m[48;2;0;147;147m [38;2;0;0;0m[48;2;0;147;147m [38;2;0;0;0m[48;2;0;147;147m [38;2;0;0;0m[48;2;0;147;147m [38;2;0;0;0m[48;2;0;147;147m [38;2;0;0;0m[48;2;0;147;147m [38;2;0;0;0m[48;2;0;147;147m [38;2;0;0;0m[48;2;0;147;147m [38;2;0;0;0m[48;2;0;147;147m [38;2;0;0;0m[48;2;0;147;147m [38;2;0;0;0m[48;2;0;147;147m [38;2;0;0;0m[48;2;0;147;147m [0m
[38;2;0;147;147m[48;2;5;55;25m█[38;2;0;147;147m[48;2;5;55;25m█[38;2;0;147;147m[48;2;5;55;25m█[38;2;0;147;147m[48;2;5;55;25m█[38;2;0;147;147m[48;2;5;55;25m█[38;2;255;255;255m[48;2;0;147;147m [38;2;0;147;147m[48;2;5;55;25m█[38;2;0;147;147m[48;2;5;55;25m█[38;2;0;147;147m[48;2;5;55;25m█[38;2;0;147;147m[48;2;5;55;25m█[38;2;0;147;147m[48;2;5;55;25m█[38;2;0;147;147m[48;2;5;55;25m█[38;2;0;147;147m[48;2;5;55;25m█[38;2;0;147;147m[48;2;5;55;25m█[38;2;0;147;147m[48;2;5;55;25m█[38;2;0;147;147m[48;2;5;55;25m█[38;2;0;147;147m[48;2;5;55;25m█[38;2;0;147;147m[48;2;5;55;25m█[38;2;0;147;147m[48;2;5;55;25m█[38;2;0;147;147m[48;2;5;55;25m█[38;2;0;147;147m[48;2;5;55;25m█[38;2;255;255;255m[48;2;0;147;147m [38;2;0;147;147m[48;2;0;0;0m▘[38;2;0;147;147m[48;2;0;0;0m [38;2;127;127;127m[48;2;0;0;0m▆[38;2;0;0;0m[48;2;127;127;127m [38;2;0;0;0m[48;2;127;127;127m [38;2;0;0;0m[48;2;127;127;127m [38;2;0;0;0m[48;2;127;127;127m [38;2;0;0;0m[48;2;127;127;127m▝[38;2;127;127;127m[48;2;0;0;0m▅[38;2;0;0;0m[48;2;127;127;127m [38;2;0;0;0m[48;2;127;127;127m [38;2;127;127;127m[48;2;0;0;0m▘[38;2;127;127;127m[48;2;0;0;0m▗[38;2;127;127;127m[48;2;0;0;0m▆[38;2;0;0;0m[48;2;127;127;127m [38;2;0;0;0m[48;2;127;127;127m [38;2;0;0;0m[48;2;127;127;127m [38;2;127;127;127m[48;2;54;54;54m▌[38;2;0;0;0m[48;2;0;0;0m [38;2;0;0;0m[48;2;127;127;127m [38;2;0;0;0m[48;2;127;127;127m [38;2;0;0;0m[48;2;127;127;127m [38;2;0;0;0m[48;2;127;127;127m [38;2;0;0;0m[48;2;127;127;127m [38;2;0;0;0m[48;2;127;127;127m [38;2;0;0;0m[48;2;127;127;127m [38;2;0;0;0m[48;2;127;127;127m [38;2;0;0;0m[48;2;127;127;127m [38;2;0;0;0m[48;2;127;127;127m [38;2;0;0;0m[48;2;127;127;127m [38;2;0;0;0m[48;2;127;127;127m [38;2;0;0;0m[48;2;127;127;127m [38;2;0;0;0m[48;2;127;127;127m [38;2;0;0;0m[48;2;127;127;127m [38;2;0;0;0m[48;2;127;127;127m [38;2;0;0;0m[48;2;127;127;127m [38;2;0;0;0m[48;2;127;127;127m [38;2;0;0;0m[48;2;127;127;127m [38;2;0;0;0m[48;2;127;127;127m [38;2;0;0;0m[48;2;127;127;127m [38;2;0;0;0m[48;2;127;127;127m [38;2;0;0;0m[48;2;127;127;127m▝[38;2;0;0;0m[48;2;0;0;0m [38;2;0;0;0m[48;2;0;147;147m▖[38;2;0;0;0m[48;2;0;147;147m [38;2;0;0;0m[48;2;0;147;147m [38;2;0;0;0m[48;2;0;147;147m [38;2;0;0;0m[48;2;0;147;147m [38;2;0;0;0m[48;2;0;147;147m [38;2;0;0;0m[48;2;0;147;147m [38;2;0;0;0m[48;2;0;147;147m [38;2;0;0;0m[48;2;0;147;147m [38;2;0;0;0m[48;2;0;147;147m [38;2;0;0;0m[48;2;0;147;147m [38;2;0;0;0m[48;2;0;147;147m [38;2;0;0;0m[48;2;0;147;147m [38;2;0;0;0m[48;2;0;147;147m [38;2;0;0;0m[48;2;0;147;147m [0m
[38;2;0;0;0m[48;2;0;147;147m [38;2;0;0;0m[48;2;0;147;147m [38;2;0;0;0m[48;2;0;147;147m [38;2;0;0;0m[48;2;0;147;147m [38;2;0;0;0m[48;2;0;147;147m [38;2;0;0;0m[48;2;0;147;147m [38;2;0;0;0m[48;2;0;147;147m [38;2;0;0;0m[48;2;0;147;147m [38;2;0;0;0m[48;2;0;147;147m [38;2;0;0;0m[48;2;0;147;147m [38;2;0;0;0m[48;2;0;147;147m [38;2;0;0;0m[48;2;0;147;147m [38;2;0;0;0m[48;2;0;147;147m [38;2;0;147;147m[48;2;5;55;25m█[38;2;0;147;147m[48;2;5;55;25m█[38;2;0;147;147m[48;2;5;55;25m█[38;2;0;147;147m[48;2;5;55;25m█[38;2;0;147;147m[48;2;5;55;25m█[38;2;0;147;147m[48;2;5;55;25m█[38;2;0;147;147m[48;2;5;55;25m█[38;2;0;0;0m[48;2;0;147;147m▗[38;2;0;0;0m[48;2;0;0;0m [38;2;0;0;0m[48;2;0;0;0m [38;2;0;0;0m[48;2;127;127;127m▅[38;2;0;0;0m[48;2;127;127;127m [38;2;0;0;0m[48;2;127;127;127m [38;2;0;0;0m[48;2;127;127;127m [38;2;0;0;0m[48;2;127;127;127m [38;2;0;0;0m[48;2;127;127;127m [38;2;0;0;0m[48;2;127;127;127m [38;2;0;0;0m[48;2;127;127;127m [38;2;0;0;0m[48;2;127;127;127m▁[38;2;0;0;0m[48;2;0;0;0m [38;2;127;127;127m[48;2;0;0;0m▗[38;2;0;0;0m[48;2;127;127;127m [38;2;0;0;0m[48;2;127;127;127m [38;2;0;0;0m[48;2;127;127;127m [38;2;0;0;0m[48;2;127;127;127m [38;2;0;0;0m[48;2;127;127;127m [38;2;127;127;127m[48;2;0;0;0m▌[38;2;0;0;0m[48;2;127;127;127m▊[38;2;0;0;0m[48;2;127;127;127m [38;2;0;0;0m[48;2;127;127;127m [38;2;0;0;0m[48;2;127;127;127m [38;2;0;0;0m[48;2;127;127;127m [38;2;0;0;0m[48;2;127;127;127m [38;2;0;0;0m[48;2;127;127;127m [38;2;0;0;0m[48;2;127;127;127m [38;2;0;0;0m[48;2;127;127;127m [38;2;0;0;0m[48;2;127;127;127m [38;2;0;0;0m[48;2;127;127;127m [38;2;0;0;0m[48;2;127;127;127m [38;2;0;0;0m[48;2;127;127;127m [38;2;0;0;0m[48;2;127;127;127m [38;2;0;0;0m[48;2;127;127;127m [38;2;0;0;0m[48;2;127;127;127m [38;2;0;0;0m[48;2;127;127;127m [38;2;0;0;0m[48;2;127;127;127m [38;2;0;0;0m[48;2;127;127;127m [38;2;0;0;0m[48;2;127;127;127m [38;2;0;0;0m[48;2;127;127;127m [38;2;0;0;0m[48;2;127;127;127m [38;2;0;0;0m[48;2;127;127;127m [38;2;0;0;0m[48;2;127;127;127m [38;2;0;0;0m[48;2;127;127;127m▝[38;2;0;0;0m[48;2;0;0;0m [38;2;0;0;0m[48;2;0;147;147m▖[38;2;0;0;0m[48;2;0;147;147m [38;2;0;0;0m[48;2;0;147;147m [38;2;0;0;0m[48;2;0;147;147m [38;2;0;0;0m[48;2;0;147;147m [38;2;0;0;0m[48;2;0;147;147m [38;2;0;0;0m[48;2;0;147;147m [38;2;0;0;0m[48;2;0;147;147m [38;2;0;0;0m[48;2;0;147;147m [38;2;0;0;0m[48;2;0;147;147m [38;2;0;0;0m[48;2;0;147;147m [38;2;0;0;0m[48;2;0;147;147m [38;2;0;0;0m[48;2;0;147;147m [38;2;0;0;0m[48;2;0;147;147m [0m
[38;2;0;0;0m[48;2;0;147;147m [38;2;0;0;0m[48;2;0;147;147m [38;2;0;0;0m[48;2;0;147;147m [38;2;0;0;0m[48;2;0;147;147m [38;2;0;0;0m[48;2;0;147;147m [38;2;0;0;0m[48;2;0;147;147m [38;2;0;0;0m[48;2;0;147;147m [38;2;0;0;0m[48;2;0;147;147m [38;2;0;0;0m[48;2;0;147;147m [38;2;0;0;0m[48;2;0;147;147m [38;2;0;0;0m[48;2;0;147;147m [38;2;0;0;0m[48;2;0;147;147m [38;2;0;0;0m[48;2;0;147;147m [38;2;0;0;0m[48;2;0;147;147m [38;2;0;0;0m[48;2;0;147;147m [38;2;0;0;0m[48;2;0;147;147m [38;2;0;0;0m[48;2;0;147;147m [38;2;0;0;0m[48;2;0;147;147m [38;2;0;0;0m[48;2;0;147;147m [38;2;0;0;0m[48;2;0;147;147m▗[38;2;0;0;0m[48;2;0;0;0m [38;2;127;127;127m[48;2;0;0;0m▄[38;2;127;127;127m[48;2;0;0;0m▆[38;2;127;127;127m[48;2;0;0;0m▖[38;2;0;0;0m[48;2;127;127;127m▊[38;2;0;0;0m[48;2;127;127;127m [38;2;0;0;0m[48;2;127;127;127m [38;2;0;0;0m[48;2;127;127;127m [38;2;0;0;0m[48;2;127;127;127m [38;2;0;0;0m[48;2;127;127;127m [38;2;0;0;0m[48;2;127;127;127m▁[38;2;0;0;0m[48;2;0;0;0m [38;2;0;0;0m[48;2;127;127;127m▘[38;2;0;0;0m[48;2;127;127;127m [38;2;0;0;0m[48;2;127;127;127m [38;2;0;0;0m[48;2;127;127;127m [38;2;0;0;0m[48;2;127;127;127m [38;2;0;0;0m[48;2;127;127;127m [38;2;0;0;0m[48;2;127;127;127m [38;2;127;127;127m[48;2;0;0;0m▎[38;2;0;0;0m[48;2;127;127;127m▊[38;2;0;0;0m[48;2;127;127;127m [38;2;0;0;0m[48;2;127;127;127m [38;2;0;0;0m[48;2;127;127;127m [38;2;0;0;0m[48;2;127;127;127m [38;2;0;0;0m[48;2;127;127;127m [38;2;0;0;0m[48;2;127;127;127m [38;2;0;0;0m[48;2;127;127;127m [38;2;0;0;0m[48;2;127;127;127m [38;2;0;0;0m[48;2;127;127;127m [38;2;0;0;0m[48;2;127;127;127m [38;2;0;0;0m[48;2;127;127;127m [38;2;0;0;0m[48;2;127;127;127m [38;2;0;0;0m[48;2;127;127;127m [38;2;0;0;0m[48;2;127;127;127m [38;2;0;0;0m[48;2;127;127;127m [38;2;0;0;0m[48;2;127;127;127m [38;2;0;0;0m[48;2;127;127;127m [38;2;0;0;0m[48;2;127;127;127m [38;2;0;0;0m[48;2;127;127;127m [38;2;0;0;0m[48;2;127;127;127m [38;2;0;0;0m[48;2;127;127;127m [38;2;0;0;0m[48;2;127;127;127m [38;2;0;0;0m[48;2;127;127;127m [38;2;0;0;0m[48;2;127;127;127m [38;2;0;0;0m[48;2;127;127;127m▐[38;2;0;0;0m[48;2;0;147;147m▊[38;2;0;0;0m[48;2;0;147;147m [38;2;0;0;0m[48;2;0;147;147m [38;2;0;0;0m[48;2;0;147;147m [38;2;0;0;0m[48;2;0;147;147m [38;2;0;0;0m[48;2;0;147;147m [38;2;0;0;0m[48;2;0;147;147m [38;2;0;0;0m[48;2;0;147;147m [38;2;0;0;0m[48;2;0;147;147m [38;2;0;0;0m[48;2;0;147;147m [38;2;0;0;0m[48;2;0;147;147m [38;2;0;0;0m[48;2;0;147;147m [38;2;0;0;0m[48;2;0;147;147m [38;2;0;0;0m[48;2;0;147;147m [0m
[38;2;0;0;0m[48;2;0;147;147m [38;2;0;0;0m[48;2;0;147;147m [38;2;0;0;0m[48;2;0;147;147m [38;2;0;0;0m[48;2;0;147;147m [38;2;0;0;0m[48;2;0;147;147m [38;2;0;0;0m[48;2;0;147;147m [38;2;0;0;0m[48;2;0;147;147m [38;2;0;0;0m[48;2;0;147;147m [38;2;0;0;0m[48;2;0;147;147m [38;2;0;0;0m[48;2;0;147;147m [38;2;0;0;0m[48;2;0;147;147m [38;2;0;0;0m[48;2;0;147;147m [38;2;0;0;0m[48;2;0;147;147m [38;2;0;0;0m[48;2;0;147;147m [38;2;0;0;0m[48;2;0;147;147m [38;2;0;0;0m[48;2;0;147;147m [38;2;0;0;0m[48;2;0;147;147m [38;2;0;0;0m[48;2;0;147;147m [38;2;0;0;0m[48;2;0;147;147m▗[38;2;0;0;0m[48;2;0;0;0m [38;2;0;0;0m[48;2;127;127;127m▘[38;2;0;0;0m[48;2;127;127;127m [38;2;0;0;0m[48;2;127;127;127m [38;2;127;127;127m[48;2;54;54;54m▌[38;2;0;0;0m[48;2;0;0;0m [38;2;0;0;0m[48;2;127;127;127m [38;2;0;0;0m[48;2;127;127;127m [38;2;0;0;0m[48;2;127;127;127m [38;2;0;0;0m[48;2;127;127;127m [38;2;0;0;0m[48;2;127;127;127m [38;2;0;0;0m[48;2;0;0;0m [38;2;0;0;0m[48;2;127;127;127m▌[38;2;0;0;0m[48;2;127;127;127m [38;2;0;0;0m[48;2;127;127;127m [38;2;0;0;0m[48;2;127;127;127m [38;2;0;0;0m[48;2;127;127;127m [38;2;0;0;0m[48;2;127;127;127m [38;2;0;0;0m[48;2;127;127;127m [38;2;0;0;0m[48;2;127;127;127m [38;2;0;0;0m[48;2;0;0;0m [38;2;54;54;54m[48;2;127;127;127m▌[38;2;54;54;54m[48;2;127;127;127m [38;2;54;54;54m[48;2;127;127;127m [38;2;54;54;54m[48;2;127;127;127m [38;2;54;54;54m[48;2;127;127;127m [38;2;54;54;54m[48;2;127;127;127m [38;2;54;54;54m[48;2;127;127;127m [38;2;54;54;54m[48;2;127;127;127m [38;2;54;54;54m[48;2;127;127;127m [38;2;0;0;0m[48;2;127;127;127m▁[38;2;0;0;0m[48;2;127;127;127m▂[38;2;0;0;0m[48;2;127;127;127m▃[38;2;0;0;0m[48;2;127;127;127m▃[38;2;0;0;0m[48;2;127;127;127m▅[38;2;0;0;0m[48;2;127;127;127m▅[38;2;0;0;0m[48;2;127;127;127m▅[38;2;0;0;0m[48;2;127;127;127m▅[38;2;0;0;0m[48;2;127;127;127m▆[38;2;0;0;0m[48;2;127;127;127m▆[38;2;0;0;0m[48;2;127;127;127m▆[38;2;0;0;0m[48;2;127;127;127m▅[38;2;0;0;0m[48;2;127;127;127m▅[38;2;0;0;0m[48;2;127;127;127m▅[38;2;0;0;0m[48;2;127;127;127m▅[38;2;0;0;0m[48;2;127;127;127m▃[38;2;0;0;0m[48;2;127;127;127m▂[38;2;0;0;0m[48;2;0;0;0m [38;2;0;0;0m[48;2;0;147;147m▌[38;2;0;0;0m[48;2;0;147;147m [38;2;0;0;0m[48;2;0;147;147m [38;2;0;0;0m[48;2;0;147;147m [38;2;0;0;0m[48;2;0;147;147m [38;2;0;0;0m[48;2;0;147;147m [38;2;0;0;0m[48;2;0;147;147m [38;2;0;0;0m[48;2;0;147;147m [38;2;0;0;0m[48;2;0;147;147m [38;2;0;0;0m[48;2;0;147;147m [38;2;0;0;0m[48;2;0;147;147m [38;2;0;0;0m[48;2;0;147;147m [38;2;0;0;0m[48;2;0;147;147m [0m
[38;2;0;0;0m[48;2;0;147;147m [38;2;0;0;0m[48;2;0;147;147m [38;2;0;0;0m[48;2;0;147;147m [38;2;0;0;0m[48;2;0;147;147m [38;2;0;0;0m[48;2;0;147;147m [38;2;0;0;0m[48;2;0;147;147m [38;2;0;0;0m[48;2;0;147;147m [38;2;0;0;0m[48;2;0;147;147m [38;2;0;0;0m[48;2;0;147;147m [38;2;0;0;0m[48;2;0;147;147m [38;2;0;0;0m[48;2;0;147;147m [38;2;0;0;0m[48;2;0;147;147m [38;2;0;0;0m[48;2;0;147;147m [38;2;0;0;0m[48;2;0;147;147m [38;2;0;0;0m[48;2;0;147;147m [38;2;0;0;0m[48;2;0;147;147m [38;2;0;0;0m[48;2;0;147;147m [38;2;0;0;0m[48;2;0;147;147m▗[38;2;0;0;0m[48;2;0;0;0m [38;2;0;0;0m[48;2;127;127;127m▘[38;2;0;0;0m[48;2;127;127;127m [38;2;0;0;0m[48;2;127;127;127m [38;2;0;0;0m[48;2;127;127;127m [38;2;0;0;0m[48;2;127;127;127m▐[38;2;0;0;0m[48;2;127;127;127m▊[38;2;0;0;0m[48;2;127;127;127m [38;2;0;0;0m[48;2;127;127;127m [38;2;0;0;0m[48;2;127;127;127m▂[38;2;0;0;0m[48;2;127;127;127m [38;2;0;0;0m[48;2;127;127;127m▟[38;2;0;0;0m[48;2;127;127;127m▛[38;2;0;0;0m[48;2;127;127;127m [38;2;0;0;0m[48;2;127;127;127m [38;2;0;0;0m[48;2;127;127;127m [38;2;0;0;0m[48;2;127;127;127m [38;2;0;0;0m[48;2;127;127;127m [38;2;0;0;0m[48;2;127;127;127m [38;2;0;0;0m[48;2;127;127;127m [38;2;127;127;127m[48;2;0;0;0m▘[38;2;0;0;0m[48;2;127;127;127m▊[38;2;0;0;0m[48;2;127;127;127m [38;2;0;0;0m[48;2;127;127;127m [38;2;0;0;0m[48;2;127;127;127m [38;2;0;0;0m[48;2;127;127;127m [38;2;0;0;0m[48;2;127;127;127m▂[38;2;0;0;0m[48;2;127;127;127m▅[38;2;0;0;0m[48;2;127;127;127m▆[38;2;255;255;255m[48;2;0;0;0m▂[38;2;255;255;255m[48;2;0;0;0m▂[38;2;255;255;255m[48;2;0;0;0m▄[38;2;255;255;255m[48;2;0;0;0m▄[38;2;255;255;255m[48;2;0;0;0m▅[38;2;255;255;255m[48;2;0;0;0m▆[38;2;255;255;255m[48;2;0;0;0m▇[38;2;0;0;0m[48;2;255;255;255m [38;2;0;0;0m[48;2;255;255;255m [38;2;0;0;0m[48;2;255;255;255m [38;2;0;0;0m[48;2;255;255;255m [38;2;0;0;0m[48;2;255;255;255m [38;2;0;0;0m[48;2;255;255;255m [38;2;0;0;0m[48;2;255;255;255m [38;2;0;0;0m[48;2;255;255;255m [38;2;255;255;255m[48;2;0;0;0m▇[38;2;255;255;255m[48;2;0;0;0m▆[38;2;255;255;255m[48;2;0;0;0m▆[38;2;255;255;255m[48;2;0;0;0m▄[38;2;255;255;255m[48;2;0;0;0m▄[38;2;255;255;255m[48;2;0;0;0m▂[38;2;255;255;255m[48;2;0;0;0m▁[38;2;0;0;0m[48;2;0;147;147m▆[38;2;0;0;0m[48;2;0;147;147m▅[38;2;0;0;0m[48;2;0;147;147m▂[38;2;0;0;0m[48;2;0;147;147m [38;2;0;0;0m[48;2;0;147;147m [38;2;0;0;0m[48;2;0;147;147m [38;2;0;0;0m[48;2;0;147;147m [38;2;0;0;0m[48;2;0;147;147m [38;2;0;0;0m[48;2;0;147;147m [38;2;0;0;0m[48;2;0;147;147m [38;2;0;0;0m[48;2;0;147;147m [0m
[38;2;0;0;0m[48;2;0;147;147m [38;2;0;0;0m[48;2;0;147;147m [38;2;0;0;0m[48;2;0;147;147m [38;2;0;0;0m[48;2;0;147;147m [38;2;0;0;0m[48;2;0;147;147m [38;2;0;0;0m[48;2;0;147;147m [38;2;0;0;0m[48;2;0;147;147m [38;2;0;0;0m[48;2;0;147;147m [38;2;0;0;0m[48;2;0;147;147m [38;2;0;0;0m[48;2;0;147;147m [38;2;0;0;0m[48;2;0;147;147m [38;2;0;0;0m[48;2;0;147;147m [38;2;0;0;0m[48;2;0;147;147m [38;2;0;0;0m[48;2;0;147;147m [38;2;0;0;0m[48;2;0;147;147m [38;2;0;0;0m[48;2;0;147;147m [38;2;0;0;0m[48;2;0;147;147m [38;2;0;0;0m[48;2;0;0;0m [38;2;0;0;0m[48;2;127;127;127m▌[38;2;0;0;0m[48;2;127;127;127m [38;2;0;0;0m[48;2;127;127;127m [38;2;0;0;0m[48;2;127;127;127m [38;2;0;0;0m[48;2;127;127;127m [38;2;0;0;0m[48;2;0;0;0m [38;2;0;0;0m[48;2;127;127;127m▌[38;2;0;0;0m[48;2;127;127;127m [38;2;0;0;0m[48;2;127;127;127m [38;2;127;127;127m[48;2;0;0;0m▂[38;2;127;127;127m[48;2;0;0;0m [38;2;127;127;127m[48;2;0;0;0m [38;2;0;0;0m[48;2;127;127;127m▂[38;2;0;0;0m[48;2;127;127;127m▁[38;2;0;0;0m[48;2;127;127;127m▁[38;2;0;0;0m[48;2;127;127;127m▂[38;2;0;0;0m[48;2;127;127;127m▃[38;2;0;0;0m[48;2;127;127;127m▅[38;2;0;0;0m[48;2;127;127;127m▆[38;2;255;255;255m[48;2;0;0;0m▂[38;2;255;255;255m[48;2;0;0;0m [38;2;0;0;0m[48;2;127;127;127m▅[38;2;0;0;0m[48;2;127;127;127m▃[38;2;0;0;0m[48;2;127;127;127m▅[38;2;255;255;255m[48;2;0;0;0m▁[38;2;255;255;255m[48;2;0;0;0m▃[38;2;255;255;255m[48;2;0;0;0m▅[38;2;255;255;255m[48;2;0;0;0m▇[38;2;0;0;0m[48;2;255;255;255m [38;2;0;0;0m[48;2;255;255;255m [38;2;0;0;0m[48;2;255;255;255m [38;2;0;0;0m[48;2;255;255;255m [38;2;0;0;0m[48;2;255;255;255m [38;2;0;0;0m[48;2;255;255;255m [38;2;0;0;0m[48;2;255;255;255m [38;2;0;0;0m[48;2;255;255;255m [38;2;0;0;0m[48;2;255;255;255m [38;2;0;0;0m[48;2;255;255;255m [38;2;0;0;0m[48;2;255;255;255m [38;2;0;0;0m[48;2;255;255;255m [38;2;0;0;0m[48;2;255;255;255m [38;2;0;0;0m[48;2;255;255;255m [38;2;0;0;0m[48;2;255;255;255m [38;2;0;0;0m[48;2;255;255;255m [38;2;0;0;0m[48;2;255;255;255m [38;2;0;0;0m[48;2;255;255;255m [38;2;0;0;0m[48;2;255;255;255m [38;2;0;0;0m[48;2;255;255;255m [38;2;0;0;0m[48;2;255;255;255m [38;2;0;0;0m[48;2;255;255;255m [38;2;0;0;0m[48;2;255;255;255m [38;2;0;0;0m[48;2;255;255;255m [38;2;255;255;255m[48;2;0;0;0m▆[38;2;255;255;255m[48;2;0;0;0m▄[38;2;255;255;255m[48;2;0;0;0m▂[38;2;0;0;0m[48;2;0;147;147m▆[38;2;0;0;0m[48;2;0;147;147m▅[38;2;0;0;0m[48;2;0;147;147m▁[38;2;0;0;0m[48;2;0;147;147m [38;2;0;0;0m[48;2;0;147;147m [38;2;0;0;0m[48;2;0;147;147m [38;2;0;0;0m[48;2;0;147;147m [0m
[38;2;0;0;0m[48;2;0;147;147m [38;2;0;0;0m[48;2;0;147;147m [38;2;0;0;0m[48;2;0;147;147m [38;2;0;0;0m[48;2;0;147;147m [38;2;0;0;0m[48;2;0;147;147m [38;2;0;0;0m[48;2;0;147;147m [38;2;0;0;0m[48;2;0;147;147m [38;2;0;0;0m[48;2;0;147;147m [38;2;0;0;0m[48;2;0;147;147m [38;2;0;0;0m[48;2;0;147;147m [38;2;0;0;0m[48;2;0;147;147m [38;2;0;0;0m[48;2;0;147;147m [38;2;0;0;0m[48;2;0;147;147m [38;2;0;0;0m[48;2;0;147;147m [38;2;0;0;0m[48;2;0;147;147m▁[38;2;0;0;0m[48;2;0;147;147m [38;2;0;147;147m[48;2;0;0;0m▎[38;2;127;127;127m[48;2;0;0;0m▗[38;2;0;0;0m[48;2;127;127;127m [38;2;0;0;0m[48;2;127;127;127m [38;2;0;0;0m[48;2;127;127;127m [38;2;0;0;0m[48;2;127;127;127m [38;2;127;127;127m[48;2;54;54;54m▌[38;2;0;0;0m[48;2;0;0;0m [38;2;0;0;0m[48;2;127;127;127m [38;2;0;0;0m[48;2;127;127;127m [38;2;0;0;0m[48;2;127;127;127m [38;2;0;0;0m[48;2;127;127;127m [38;2;0;0;0m[48;2;0;0;0m [38;2;0;0;0m[48;2;0;0;0m [38;2;0;0;0m[48;2;0;0;0m [38;2;0;0;0m[48;2;0;0;0m [38;2;255;255;255m[48;2;0;0;0m▄[38;2;255;255;255m[48;2;0;0;0m▄[38;2;255;255;255m[48;2;0;0;0m▆[38;2;255;255;255m[48;2;0;0;0m▇[38;2;0;0;0m[48;2;255;255;255m▂[38;2;0;0;0m[48;2;255;255;255m▟[38;2;255;255;255m[48;2;0;0;0m [38;2;255;255;255m[48;2;0;0;0m▃[38;2;255;255;255m[48;2;0;0;0m▅[38;2;0;0;0m[48;2;255;255;255m [38;2;0;0;0m[48;2;255;255;255m [38;2;0;0;0m[48;2;255;255;255m [38;2;0;0;0m[48;2;255;255;255m [38;2;0;0;0m[48;2;255;255;255m [38;2;0;0;0m[48;2;255;255;255m [38;2;0;0;0m[48;2;255;255;255m [38;2;0;0;0m[48;2;255;255;255m [38;2;0;0;0m[48;2;255;255;255m [38;2;0;0;0m[48;2;255;255;255m [38;2;0;0;0m[48;2;255;255;255m [38;2;0;0;0m[48;2;255;255;255m [38;2;0;0;0m[48;2;255;255;255m [38;2;0;0;0m[48;2;255;255;255m [38;2;0;0;0m[48;2;255;255;255m [38;2;0;0;0m[48;2;255;255;255m [38;2;0;0;0m[48;2;255;255;255m [38;2;0;0;0m[48;2;255;255;255m [38;2;0;0;0m[48;2;255;255;255m [38;2;0;0;0m[48;2;255;255;255m [38;2;0;0;0m[48;2;255;255;255m [38;2;0;0;0m[48;2;255;255;255m [38;2;0;0;0m[48;2;255;255;255m [38;2;0;0;0m[48;2;255;255;255m [38;2;0;0;0m[48;2;255;255;255m [38;2;0;0;0m[48;2;255;255;255m [38;2;0;0;0m[48;2;255;255;255m [38;2;0;0;0m[48;2;255;255;255m [38;2;0;0;0m[48;2;255;255;255m [38;2;0;0;0m[48;2;255;255;255m [38;2;0;0;0m[48;2;255;255;255m [38;2;0;0;0m[48;2;255;255;255m [38;2;255;255;255m[48;2;0;0;0m▇[38;2;255;255;255m[48;2;0;0;0m▆[38;2;255;255;255m[48;2;0;0;0m▂[38;2;0;0;0m[48;2;0;147;147m▆[38;2;0;0;0m[48;2;0;147;147m▃[38;2;0;0;0m[48;2;0;147;147m [38;2;0;0;0m[48;2;0;147;147m [0m
[38;2;0;0;0m[48;2;0;147;147m [38;2;0;0;0m[48;2;0;147;147m [38;2;0;0;0m[48;2;0;147;147m [38;2;0;0;0m[48;2;0;147;147m [38;2;0;0;0m[48;2;0;147;147m [38;2;0;0;0m[48;2;0;147;147m [38;2;0;0;0m[48;2;0;147;147m [38;2;0;0;0m[48;2;0;147;147m [38;2;0;0;0m[48;2;0;147;147m [38;2;0;0;0m[48;2;0;147;147m [38;2;0;0;0m[48;2;0;147;147m [38;2;0;0;0m[48;2;0;147;147m [38;2;0;0;0m[48;2;0;147;147m [38;2;0;0;0m[48;2;0;147;147m▝[38;2;0;147;147m[48;2;0;0;0m▁[38;2;0;0;0m[48;2;0;147;147m▇[38;2;0;0;0m[48;2;0;0;0m [38;2;0;0;0m[48;2;127;127;127m▁[38;2;0;0;0m[48;2;127;127;127m [38;2;0;0;0m[48;2;127;127;127m▁[38;2;0;0;0m[48;2;127;127;127m▁[38;2;0;0;0m[48;2;127;127;127m▂[38;2;0;0;0m[48;2;0;0;0m [38;2;0;0;0m[48;2;127;127;127m▌[38;2;0;0;0m[48;2;127;127;127m [38;2;0;0;0m[48;2;127;127;127m [38;2;0;0;0m[48;2;127;127;127m [38;2;0;0;0m[48;2;127;127;127m▐[38;2;0;0;0m[48;2;0;0;0m [38;2;0;0;0m[48;2;0;0;0m [38;2;0;0;0m[48;2;0;0;0m [38;2;0;0;0m[48;2;255;255;255m▊[38;2;0;0;0m[48;2;255;255;255m [38;2;0;0;0m[48;2;255;255;255m▁[38;2;0;0;0m[48;2;255;255;255m▅[38;2;0;0;0m[48;2;0;0;0m [38;2;255;255;255m[48;2;0;0;0m▃[38;2;255;255;255m[48;2;0;0;0m▆[38;2;0;0;0m[48;2;255;255;255m [38;2;0;0;0m[48;2;255;255;255m [38;2;0;0;0m[48;2;255;255;255m [38;2;0;0;0m[48;2;255;255;255m [38;2;0;0;0m[48;2;255;255;255m [38;2;0;0;0m[48;2;255;255;255m [38;2;0;0;0m[48;2;255;255;255m [38;2;0;0;0m[48;2;255;255;255m [38;2;0;0;0m[48;2;255;255;255m [38;2;0;0;0m[48;2;255;255;255m [38;2;0;0;0m[48;2;255;255;255m [38;2;0;0;0m[48;2;255;255;255m [38;2;0;0;0m[48;2;255;255;255m [38;2;0;0;0m[48;2;255;255;255m [38;2;0;0;0m[48;2;255;255;255m [38;2;0;0;0m[48;2;255;255;255m [38;2;0;0;0m[48;2;255;255;255m [38;2;0;0;0m[48;2;255;255;255m [38;2;0;0;0m[48;2;255;255;255m [38;2;0;0;0m[48;2;255;255;255m [38;2;0;0;0m[48;2;255;255;255m [38;2;0;0;0m[48;2;255;255;255m [38;2;0;0;0m[48;2;255;255;255m [38;2;0;0;0m[48;2;255;255;255m [38;2;0;0;0m[48;2;255;255;255m [38;2;0;0;0m[48;2;255;255;255m [38;2;0;0;0m[48;2;255;255;255m [38;2;0;0;0m[48;2;255;255;255m [38;2;0;0;0m[48;2;255;255;255m [38;2;0;0;0m[48;2;255;255;255m [38;2;0;0;0m[48;2;255;255;255m [38;2;0;0;0m[48;2;255;255;255m [38;2;0;0;0m[48;2;255;255;255m [38;2;0;0;0m[48;2;255;255;255m [38;2;0;0;0m[48;2;255;255;255m [38;2;0;0;0m[48;2;255;255;255m [38;2;0;0;0m[48;2;255;255;255m [38;2;0;0;0m[48;2;255;255;255m [38;2;0;0;0m[48;2;255;255;255m▁[38;2;0;0;0m[48;2;255;255;255m▜[38;2;0;147;147m[48;2;0;0;0m▝[38;2;0;0;0m[48;2;0;147;147m [0m
[38;2;0;0;0m[48;2;0;147;147m [38;2;0;0;0m[48;2;0;147;147m [38;2;0;0;0m[48;2;0;147;147m [38;2;0;0;0m[48;2;0;147;147m [38;2;0;0;0m[48;2;0;147;147m [38;2;0;0;0m[48;2;0;147;147m [38;2;0;0;0m[48;2;0;147;147m [38;2;0;0;0m[48;2;0;147;147m [38;2;0;0;0m[48;2;0;147;147m [38;2;0;0;0m[48;2;0;147;147m [38;2;0;0;0m[48;2;0;147;147m [38;2;0;0;0m[48;2;0;147;147m [38;2;0;0;0m[48;2;0;147;147m [38;2;0;0;0m[48;2;0;147;147m [38;2;0;0;0m[48;2;0;147;147m [38;2;0;147;147m[48;2;0;0;0m▎[38;2;0;147;147m[48;2;0;0;0m [38;2;0;147;147m[48;2;0;0;0m [38;2;0;147;147m[48;2;0;0;0m [38;2;255;255;255m[48;2;0;0;0m▃[38;2;255;255;255m[48;2;0;0;0m▃[38;2;255;255;255m[48;2;0;0;0m▖[38;2;255;255;255m[48;2;0;0;0m [38;2;0;0;0m[48;2;127;127;127m [38;2;0;0;0m[48;2;127;127;127m [38;2;0;0;0m[48;2;127;127;127m [38;2;0;0;0m[48;2;127;127;127m [38;2;127;127;127m[48;2;0;0;0m▎[38;2;127;127;127m[48;2;0;0;0m [38;2;0;0;0m[48;2;19;19;19m▅[38;2;0;0;0m[48;2;0;0;0m [38;2;255;255;255m[48;2;0;0;0m▝[38;2;0;0;0m[48;2;255;255;255m▇[38;2;255;255;255m[48;2;0;0;0m▂[38;2;255;255;255m[48;2;0;0;0m▅[38;2;0;0;0m[48;2;255;255;255m [38;2;0;0;0m[48;2;255;255;255m [38;2;0;0;0m[48;2;255;255;255m [38;2;0;0;0m[48;2;255;255;255m [38;2;0;0;0m[48;2;255;255;255m [38;2;0;0;0m[48;2;255;255;255m [38;2;0;0;0m[48;2;255;255;255m [38;2;0;0;0m[48;2;255;255;255m [38;2;0;0;0m[48;2;255;255;255m [38;2;0;0;0m[48;2;255;255;255m [38;2;0;0;0m[48;2;255;255;255m [38;2;0;0;0m[48;2;255;255;255m [38;2;0;0;0m[48;2;255;255;255m [38;2;0;0;0m[48;2;255;255;255m [38;2;0;0;0m[48;2;255;255;255m [38;2;0;0;0m[48;2;255;255;255m [38;2;0;0;0m[48;2;255;255;255m [38;2;0;0;0m[48;2;255;255;255m [38;2;0;0;0m[48;2;255;255;255m [38;2;0;0;0m[48;2;255;255;255m [38;2;0;0;0m[48;2;255;255;255m [38;2;0;0;0m[48;2;255;255;255m [38;2;0;0;0m[48;2;255;255;255m [38;2;0;0;0m[48;2;255;255;255m [38;2;0;0;0m[48;2;255;255;255m [38;2;0;0;0m[48;2;255;255;255m [38;2;0;0;0m[48;2;255;255;255m [38;2;0;0;0m[48;2;255;255;255m [38;2;0;0;0m[48;2;255;255;255m [38;2;0;0;0m[48;2;255;255;255m [38;2;0;0;0m[48;2;255;255;255m [38;2;0;0;0m[48;2;255;255;255m [38;2;0;0;0m[48;2;255;255;255m [38;2;0;0;0m[48;2;255;255;255m [38;2;0;0;0m[48;2;255;255;255m [38;2;0;0;0m[48;2;255;255;255m [38;2;0;0;0m[48;2;255;255;255m [38;2;0;0;0m[48;2;255;255;255m [38;2;0;0;0m[48;2;255;255;255m [38;2;0;0;0m[48;2;255;255;255m [38;2;0;0;0m[48;2;255;255;255m▝[38;2;255;255;255m[48;2;0;0;0m▃[38;2;255;255;255m[48;2;0;0;0m▂[38;2;255;255;255m[48;2;0;0;0m [38;2;0;147;147m[48;2;0;0;0m▝[0m
[38;2;0;0;0m[48;2;0;147;147m [38;2;0;0;0m[48;2;0;147;147m [38;2;0;0;0m[48;2;0;147;147m [38;2;0;0;0m[48;2;0;147;147m [38;2;0;0;0m[48;2;0;147;147m [38;2;0;0;0m[48;2;0;147;147m [38;2;0;0;0m[48;2;0;147;147m [38;2;0;0;0m[48;2;0;147;147m [38;2;0;0;0m[48;2;0;147;147m [38;2;0;0;0m[48;2;0;147;147m [38;2;0;0;0m[48;2;0;147;147m [38;2;0;0;0m[48;2;0;147;147m [38;2;0;0;0m[48;2;0;147;147m [38;2;0;0;0m[48;2;0;147;147m [38;2;0;0;0m[48;2;0;147;147m [38;2;0;0;0m[48;2;0;0;0m [38;2;0;0;0m[48;2;0;0;0m [38;2;0;0;0m[48;2;0;0;0m [38;2;0;0;0m[48;2;0;0;0m [38;2;0;0;0m[48;2;255;255;255m [38;2;0;0;0m[48;2;255;255;255m▗[38;2;0;0;0m[48;2;0;0;0m [38;2;0;0;0m[48;2;127;127;127m▘[38;2;0;0;0m[48;2;127;127;127m [38;2;0;0;0m[48;2;127;127;127m [38;2;0;0;0m[48;2;127;127;127m [38;2;127;127;127m[48;2;54;54;54m▌[38;2;0;0;0m[48;2;0;0;0m [38;2;0;0;0m[48;2;0;0;0m [38;2;0;0;0m[48;2;0;0;0m [38;2;255;255;255m[48;2;0;0;0m▂[38;2;255;255;255m[48;2;0;0;0m▅[38;2;0;0;0m[48;2;255;255;255m [38;2;0;0;0m[48;2;255;255;255m [38;2;0;0;0m[48;2;255;255;255m [38;2;0;0;0m[48;2;255;255;255m [38;2;0;0;0m[48;2;255;255;255m [38;2;0;0;0m[48;2;255;255;255m [38;2;0;0;0m[48;2;255;255;255m [38;2;0;0;0m[48;2;255;255;255m [38;2;0;0;0m[48;2;255;255;255m [38;2;0;0;0m[48;2;255;255;255m [38;2;0;0;0m[48;2;255;255;255m [38;2;0;0;0m[48;2;255;255;255m [38;2;0;0;0m[48;2;255;255;255m [38;2;0;0;0m[48;2;255;255;255m [38;2;0;0;0m[48;2;255;255;255m [38;2;0;0;0m[48;2;255;255;255m [38;2;0;0;0m[48;2;255;255;255m [38;2;0;0;0m[48;2;255;255;255m [38;2;0;0;0m[48;2;255;255;255m [38;2;0;0;0m[48;2;255;255;255m [38;2;0;0;0m[48;2;255;255;255m [38;2;0;0;0m[48;2;255;255;255m [38;2;0;0;0m[48;2;255;255;255m [38;2;0;0;0m[48;2;255;255;255m [38;2;0;0;0m[48;2;255;255;255m [38;2;0;0;0m[48;2;255;255;255m [38;2;0;0;0m[48;2;255;255;255m [38;2;0;0;0m[48;2;255;255;255m [38;2;0;0;0m[48;2;255;255;255m [38;2;0;0;0m[48;2;255;255;255m [38;2;0;0;0m[48;2;255;255;255m [38;2;0;0;0m[48;2;255;255;255m [38;2;0;0;0m[48;2;255;255;255m [38;2;0;0;0m[48;2;255;255;255m [38;2;0;0;0m[48;2;255;255;255m [38;2;0;0;0m[48;2;255;255;255m [38;2;0;0;0m[48;2;255;255;255m [38;2;0;0;0m[48;2;255;255;255m [38;2;0;0;0m[48;2;255;255;255m [38;2;0;0;0m[48;2;255;255;255m [38;2;0;0;0m[48;2;255;255;255m [38;2;0;0;0m[48;2;255;255;255m [38;2;0;0;0m[48;2;255;255;255m [38;2;0;0;0m[48;2;255;255;255m [38;2;0;0;0m[48;2;255;255;255m [38;2;0;0;0m[48;2;255;255;255m [38;2;0;0;0m[48;2;255;255;255m [38;2;255;255;255m[48;2;0;0;0m▄[0m
[38;2;0;0;0m[48;2;0;147;147m [38;2;0;0;0m[48;2;0;147;147m [38;2;0;0;0m[48;2;0;147;147m [38;2;0;0;0m[48;2;0;147;147m [38;2;0;0;0m[48;2;0;147;147m [38;2;0;0;0m[48;2;0;147;147m [38;2;0;0;0m[48;2;0;147;147m [38;2;0;0;0m[48;2;0;147;147m [38;2;0;0;0m[48;2;0;147;147m [38;2;0;0;0m[48;2;0;147;147m [38;2;0;0;0m[48;2;0;147;147m [38;2;0;0;0m[48;2;0;147;147m [38;2;0;0;0m[48;2;0;147;147m [38;2;0;0;0m[48;2;0;147;147m [38;2;0;147;147m[48;2;0;0;0m▌[38;2;0;147;147m[48;2;0;0;0m [38;2;0;147;147m[48;2;0;0;0m [38;2;0;147;147m[48;2;0;0;0m [38;2;255;255;255m[48;2;0;0;0m▄[38;2;0;0;0m[48;2;255;255;255m [38;2;0;0;0m[48;2;0;0;0m [38;2;0;0;0m[48;2;127;127;127m▊[38;2;0;0;0m[48;2;127;127;127m▃[38;2;0;0;0m[48;2;127;127;127m▃[38;2;0;0;0m[48;2;127;127;127m▂[38;2;0;0;0m[48;2;127;127;127m▂[38;2;0;0;0m[48;2;127;127;127m▂[38;2;0;0;0m[48;2;0;0;0m [38;2;255;255;255m[48;2;0;0;0m▁[38;2;255;255;255m[48;2;0;0;0m▆[38;2;0;0;0m[48;2;255;255;255m [38;2;0;0;0m[48;2;255;255;255m [38;2;0;0;0m[48;2;255;255;255m [38;2;0;0;0m[48;2;255;255;255m [38;2;0;0;0m[48;2;255;255;255m [38;2;0;0;0m[48;2;255;255;255m [38;2;0;0;0m[48;2;255;255;255m [38;2;0;0;0m[48;2;255;255;255m [38;2;0;0;0m[48;2;255;255;255m [38;2;0;0;0m[48;2;255;255;255m [38;2;0;0;0m[48;2;255;255;255m [38;2;0;0;0m[48;2;255;255;255m [38;2;0;0;0m[48;2;255;255;255m [38;2;0;0;0m[48;2;255;255;255m [38;2;0;0;0m[48;2;255;255;255m [38;2;0;0;0m[48;2;255;255;255m [38;2;0;0;0m[48;2;255;255;255m [38;2;0;0;0m[48;2;255;255;255m [38;2;0;0;0m[48;2;255;255;255m [38;2;0;0;0m[48;2;255;255;255m [38;2;0;0;0m[48;2;255;255;255m [38;2;0;0;0m[48;2;255;255;255m [38;2;0;0;0m[48;2;255;255;255m [38;2;0;0;0m[48;2;255;255;255m [38;2;0;0;0m[48;2;255;255;255m [38;2;0;0;0m[48;2;255;255;255m [38;2;0;0;0m[48;2;255;255;255m [38;2;0;0;0m[48;2;255;255;255m [38;2;0;0;0m[48;2;255;255;255m [38;2;0;0;0m[48;2;255;255;255m [38;2;0;0;0m[48;2;255;255;255m [38;2;0;0;0m[48;2;255;255;255m [38;2;0;0;0m[48;2;255;255;255m [38;2;0;0;0m[48;2;255;255;255m [38;2;0;0;0m[48;2;255;255;255m [38;2;0;0;0m[48;2;255;255;255m [38;2;0;0;0m[48;2;255;255;255m [38;2;0;0;0m[48;2;255;255;255m [38;2;0;0;0m[48;2;255;255;255m [38;2;0;0;0m[48;2;255;255;255m [38;2;0;0;0m[48;2;255;255;255m [38;2;0;0;0m[48;2;255;255;255m [38;2;0;0;0m[48;2;255;255;255m [38;2;0;0;0m[48;2;255;255;255m [38;2;0;0;0m[48;2;255;255;255m [38;2;0;0;0m[48;2;255;255;255m [38;2;0;0;0m[48;2;255;255;255m [38;2;0;0;0m[48;2;255;255;255m [38;2;127;127;127m[48;2;255;255;255m▂[38;2;127;127;127m[48;2;255;255;255m [0m
[38;2;0;0;0m[48;2;0;147;147m [38;2;0;0;0m[48;2;0;147;147m [38;2;0;0;0m[48;2;0;147;147m [38;2;0;0;0m[48;2;0;147;147m [38;2;0;0;0m[48;2;0;147;147m [38;2;0;0;0m[48;2;0;147;147m [38;2;0;0;0m[48;2;0;147;147m [38;2;0;0;0m[48;2;0;147;147m [38;2;0;0;0m[48;2;0;147;147m [38;2;0;0;0m[48;2;0;147;147m [38;2;0;0;0m[48;2;0;147;147m [38;2;0;0;0m[48;2;0;147;147m [38;2;0;0;0m[48;2;0;147;147m [38;2;0;0;0m[48;2;0;147;147m [38;2;0;147;147m[48;2;0;0;0m▘[38;2;0;147;147m[48;2;0;0;0m [38;2;0;147;147m[48;2;0;0;0m [38;2;0;147;147m[48;2;0;0;0m [38;2;127;127;127m[48;2;0;0;0m▃[38;2;127;127;127m[48;2;0;0;0m▄[38;2;127;127;127m[48;2;0;0;0m▄[38;2;127;127;127m[48;2;0;0;0m▅[38;2;127;127;127m[48;2;0;0;0m▆[38;2;127;127;127m[48;2;0;0;0m▆[38;2;127;127;127m[48;2;0;0;0m▅[38;2;127;127;127m[48;2;0;0;0m [38;2;127;127;127m[48;2;0;0;0m [38;2;255;255;255m[48;2;0;0;0m▝[38;2;0;0;0m[48;2;255;255;255m▅[38;2;0;0;0m[48;2;255;255;255m▇[38;2;255;255;255m[48;2;0;0;0m▂[38;2;255;255;255m[48;2;0;0;0m▂[38;2;255;255;255m[48;2;0;0;0m▂[38;2;0;0;0m[48;2;255;255;255m▆[38;2;0;0;0m[48;2;255;255;255m▅[38;2;0;0;0m[48;2;255;255;255m [38;2;0;0;0m[48;2;255;255;255m [38;2;0;0;0m[48;2;255;255;255m [38;2;0;0;0m[48;2;255;255;255m [38;2;0;0;0m[48;2;255;255;255m [38;2;0;0;0m[48;2;255;255;255m [38;2;0;0;0m[48;2;255;255;255m [38;2;0;0;0m[48;2;255;255;255m [38;2;0;0;0m[48;2;255;255;255m [38;2;0;0;0m[48;2;255;255;255m [38;2;0;0;0m[48;2;255;255;255m [38;2;0;0;0m[48;2;255;255;255m [38;2;0;0;0m[48;2;255;255;255m [38;2;0;0;0m[48;2;255;255;255m▁[38;2;0;0;0m[48;2;255;255;255m▂[38;2;0;0;0m[48;2;255;255;255m▂[38;2;0;0;0m[48;2;255;255;255m▂[38;2;0;0;0m[48;2;255;255;255m▃[38;2;0;0;0m[48;2;255;255;255m▃[38;2;0;0;0m[48;2;255;255;255m▃[38;2;0;0;0m[48;2;255;255;255m▅[38;2;0;0;0m[48;2;255;255;255m▅[38;2;0;0;0m[48;2;255;255;255m▅[38;2;0;0;0m[48;2;255;255;255m▃[38;2;0;0;0m[48;2;255;255;255m [38;2;0;0;0m[48;2;255;255;255m [38;2;0;0;0m[48;2;255;255;255m [38;2;0;0;0m[48;2;255;255;255m [38;2;0;0;0m[48;2;255;255;255m [38;2;0;0;0m[48;2;255;255;255m [38;2;0;0;0m[48;2;255;255;255m [38;2;0;0;0m[48;2;255;255;255m [38;2;0;0;0m[48;2;255;255;255m [38;2;0;0;0m[48;2;255;255;255m [38;2;0;0;0m[48;2;255;255;255m [38;2;0;0;0m[48;2;255;255;255m [38;2;0;0;0m[48;2;255;255;255m [38;2;0;0;0m[48;2;255;255;255m [38;2;0;0;0m[48;2;255;255;255m [38;2;0;0;0m[48;2;255;255;255m [38;2;0;0;0m[48;2;255;255;255m [38;2;0;0;0m[48;2;255;255;255m [38;2;0;0;0m[48;2;255;255;255m [38;2;255;255;255m[48;2;0;0;0m▄[38;2;255;255;255m[48;2;0;0;0m▁[0m
[38;2;0;0;0m[48;2;0;147;147m [38;2;0;0;0m[48;2;0;147;147m [38;2;0;0;0m[48;2;0;147;147m [38;2;0;0;0m[48;2;0;147;147m [38;2;0;0;0m[48;2;0;147;147m [38;2;0;0;0m[48;2;0;147;147m [38;2;0;0;0m[48;2;0;147;147m [38;2;0;0;0m[48;2;0;147;147m [38;2;0;0;0m[48;2;0;147;147m [38;2;0;0;0m[48;2;0;147;147m [38;2;0;0;0m[48;2;0;147;147m [38;2;0;0;0m[48;2;0;147;147m [38;2;0;0;0m[48;2;0;147;147m▗[38;2;0;0;0m[48;2;0;0;0m [38;2;127;127;127m[48;2;0;0;0m▗[38;2;127;127;127m[48;2;0;0;0m▆[38;2;0;0;0m[48;2;127;127;127m▂[38;2;0;0;0m[48;2;127;127;127m▂[38;2;0;0;0m[48;2;127;127;127m▂[38;2;0;0;0m[48;2;127;127;127m▂[38;2;0;0;0m[48;2;127;127;127m▃[38;2;0;0;0m[48;2;127;127;127m▅[38;2;0;0;0m[48;2;127;127;127m▃[38;2;0;0;0m[48;2;127;127;127m▂[38;2;0;0;0m[48;2;127;127;127m▆[38;2;255;255;255m[48;2;0;0;0m▁[38;2;255;255;255m[48;2;0;0;0m▃[38;2;255;255;255m[48;2;0;0;0m▅[38;2;0;0;0m[48;2;255;255;255m [38;2;0;0;0m[48;2;255;255;255m [38;2;0;0;0m[48;2;255;255;255m [38;2;0;0;0m[48;2;255;255;255m [38;2;0;0;0m[48;2;255;255;255m [38;2;0;0;0m[48;2;255;255;255m [38;2;0;0;0m[48;2;255;255;255m [38;2;0;0;0m[48;2;255;255;255m [38;2;0;0;0m[48;2;255;255;255m▁[38;2;0;0;0m[48;2;255;255;255m▁[38;2;0;0;0m[48;2;255;255;255m▂[38;2;0;0;0m[48;2;255;255;255m▃[38;2;0;0;0m[48;2;255;255;255m▅[38;2;0;0;0m[48;2;255;255;255m▆[38;2;0;0;0m[48;2;255;255;255m▆[38;2;255;255;255m[48;2;0;0;0m▁[38;2;255;255;255m[48;2;0;0;0m▂[38;2;255;255;255m[48;2;0;0;0m▂[38;2;255;255;255m[48;2;0;0;0m▃[38;2;255;255;255m[48;2;0;0;0m▃[38;2;255;255;255m[48;2;0;0;0m▄[38;2;255;255;255m[48;2;0;0;0m▅[38;2;255;255;255m[48;2;0;0;0m▅[38;2;255;255;255m[48;2;0;0;0m▅[38;2;255;255;255m[48;2;0;0;0m▆[38;2;255;255;255m[48;2;0;0;0m▆[38;2;255;255;255m[48;2;0;0;0m▆[38;2;255;255;255m[48;2;0;0;0m▆[38;2;255;255;255m[48;2;0;0;0m▇[38;2;255;255;255m[48;2;0;0;0m▇[38;2;0;0;0m[48;2;255;255;255m [38;2;0;0;0m[48;2;255;255;255m [38;2;0;0;0m[48;2;255;255;255m [38;2;0;0;0m[48;2;255;255;255m [38;2;0;0;0m[48;2;255;255;255m [38;2;0;0;0m[48;2;255;255;255m [38;2;0;0;0m[48;2;255;255;255m [38;2;0;0;0m[48;2;255;255;255m [38;2;0;0;0m[48;2;255;255;255m [38;2;0;0;0m[48;2;255;255;255m [38;2;0;0;0m[48;2;255;255;255m [38;2;0;0;0m[48;2;255;255;255m [38;2;0;0;0m[48;2;255;255;255m [38;2;0;0;0m[48;2;255;255;255m [38;2;0;0;0m[48;2;255;255;255m [38;2;0;0;0m[48;2;255;255;255m [38;2;0;0;0m[48;2;255;255;255m [38;2;0;0;0m[48;2;255;255;255m [38;2;0;0;0m[48;2;255;255;255m [38;2;0;0;0m[48;2;255;255;255m [38;2;0;0;0m[48;2;255;255;255m [38;2;0;0;0m[48;2;255;255;255m [0m
[38;2;0;0;0m[48;2;0;147;147m [38;2;0;0;0m[48;2;0;147;147m [38;2;0;0;0m[48;2;0;147;147m [38;2;0;0;0m[48;2;0;147;147m [38;2;0;0;0m[48;2;0;147;147m [38;2;0;0;0m[48;2;0;147;147m [38;2;0;0;0m[48;2;0;147;147m [38;2;0;0;0m[48;2;0;147;147m [38;2;0;0;0m[48;2;0;147;147m [38;2;0;0;0m[48;2;0;147;147m [38;2;0;0;0m[48;2;0;147;147m▂[38;2;0;0;0m[48;2;0;147;147m▇[38;2;0;0;0m[48;2;0;0;0m [38;2;255;0;0m[48;2;0;0;0m▂[38;2;255;0;0m[48;2;0;0;0m▃[38;2;255;0;0m[48;2;0;0;0m▄[38;2;255;0;0m[48;2;0;0;0m [38;2;255;0;0m[48;2;0;0;0m [38;2;255;255;255m[48;2;0;0;0m▁[38;2;255;255;255m[48;2;0;0;0m▃[38;2;255;255;255m[48;2;0;0;0m▅[38;2;255;255;255m[48;2;0;0;0m▄[38;2;255;255;255m[48;2;0;0;0m [38;2;255;255;255m[48;2;0;0;0m▃[38;2;255;255;255m[48;2;0;0;0m▆[38;2;0;0;0m[48;2;255;255;255m [38;2;0;0;0m[48;2;255;255;255m [38;2;0;0;0m[48;2;255;255;255m [38;2;0;0;0m[48;2;255;255;255m [38;2;0;0;0m[48;2;255;255;255m [38;2;0;0;0m[48;2;255;255;255m▁[38;2;0;0;0m[48;2;255;255;255m▂[38;2;0;0;0m[48;2;255;255;255m▃[38;2;0;0;0m[48;2;255;255;255m▅[38;2;0;0;0m[48;2;255;255;255m▇[38;2;255;255;255m[48;2;0;0;0m▂[38;2;255;255;255m[48;2;0;0;0m▃[38;2;255;255;255m[48;2;0;0;0m▄[38;2;255;255;255m[48;2;0;0;0m▅[38;2;255;255;255m[48;2;0;0;0m▆[38;2;255;255;255m[48;2;0;0;0m▇[38;2;0;0;0m[48;2;255;255;255m [38;2;0;0;0m[48;2;255;255;255m [38;2;0;0;0m[48;2;255;255;255m [38;2;0;0;0m[48;2;255;255;255m [38;2;0;0;0m[48;2;255;255;255m [38;2;0;0;0m[48;2;255;255;255m [38;2;0;0;0m[48;2;255;255;255m [38;2;0;0;0m[48;2;255;255;255m [38;2;0;0;0m[48;2;255;255;255m [38;2;0;0;0m[48;2;255;255;255m [38;2;0;0;0m[48;2;255;255;255m [38;2;0;0;0m[48;2;255;255;255m [38;2;0;0;0m[48;2;255;255;255m [38;2;0;0;0m[48;2;255;255;255m [38;2;0;0;0m[48;2;255;255;255m [38;2;0;0;0m[48;2;255;255;255m [38;2;0;0;0m[48;2;255;255;255m [38;2;0;0;0m[48;2;255;255;255m [38;2;0;0;0m[48;2;255;255;255m [38;2;0;0;0m[48;2;255;255;255m [38;2;0;0;0m[48;2;255;255;255m [38;2;0;0;0m[48;2;255;255;255m [38;2;0;0;0m[48;2;255;255;255m [38;2;0;0;0m[48;2;255;255;255m [38;2;0;0;0m[48;2;255;255;255m [38;2;0;0;0m[48;2;255;255;255m [38;2;0;0;0m[48;2;255;255;255m [38;2;0;0;0m[48;2;255;255;255m [38;2;0;0;0m[48;2;255;255;255m [38;2;0;0;0m[48;2;255;255;255m [38;2;0;0;0m[48;2;255;255;255m [38;2;0;0;0m[48;2;255;255;255m [38;2;0;0;0m[48;2;255;255;255m [38;2;0;0;0m[48;2;255;255;255m [38;2;0;0;0m[48;2;255;255;255m [38;2;0;0;0m[48;2;255;255;255m [38;2;0;0;0m[48;2;255;255;255m [38;2;0;0;0m[48;2;255;255;255m [38;2;0;0;0m[48;2;255;255;255m [0m
[38;2;0;0;0m[48;2;0;147;147m [38;2;0;0;0m[48;2;0;147;147m [38;2;0;0;0m[48;2;0;147;147m [38;2;0;0;0m[48;2;0;147;147m [38;2;0;0;0m[48;2;0;147;147m [38;2;0;0;0m[48;2;0;147;147m [38;2;0;0;0m[48;2;0;147;147m [38;2;0;0;0m[48;2;0;147;147m▁[38;2;0;0;0m[48;2;0;147;147m▅[38;2;0;0;0m[48;2;0;0;0m [38;2;0;0;0m[48;2;0;0;0m [38;2;0;0;0m[48;2;127;0;0m▌[38;2;0;0;0m[48;2;255;0;0m [38;2;0;0;0m[48;2;255;0;0m [38;2;0;0;0m[48;2;255;0;0m▁[38;2;0;0;0m[48;2;255;0;0m▟[38;2;255;255;255m[48;2;0;0;0m▂[38;2;255;255;255m[48;2;0;0;0m▆[38;2;0;0;0m[48;2;255;255;255m [38;2;0;0;0m[48;2;255;255;255m▗[38;2;0;0;0m[48;2;255;255;255m▆[38;2;255;255;255m[48;2;0;0;0m▃[38;2;0;0;0m[48;2;255;255;255m [38;2;0;0;0m[48;2;255;255;255m [38;2;0;0;0m[48;2;255;255;255m [38;2;0;0;0m[48;2;255;255;255m▂[38;2;0;0;0m[48;2;255;255;255m▅[38;2;0;0;0m[48;2;255;255;255m▅[38;2;0;0;0m[48;2;255;255;255m▇[38;2;255;255;255m[48;2;0;0;0m▂[38;2;255;255;255m[48;2;0;0;0m▄[38;2;255;255;255m[48;2;0;0;0m▅[38;2;255;255;255m[48;2;0;0;0m▆[38;2;255;255;255m[48;2;0;0;0m▇[38;2;0;0;0m[48;2;255;255;255m [38;2;0;0;0m[48;2;255;255;255m [38;2;0;0;0m[48;2;255;255;255m [38;2;0;0;0m[48;2;255;255;255m [38;2;0;0;0m[48;2;255;255;255m [38;2;0;0;0m[48;2;255;255;255m [38;2;0;0;0m[48;2;255;255;255m [38;2;0;0;0m[48;2;255;255;255m [38;2;0;0;0m[48;2;255;255;255m▁[38;2;0;0;0m[48;2;255;255;255m▂[38;2;0;0;0m[48;2;255;255;255m▂[38;2;0;0;0m[48;2;255;255;255m▂[38;2;0;0;0m[48;2;255;255;255m▃[38;2;0;0;0m[48;2;255;255;255m▃[38;2;0;0;0m[48;2;255;255;255m▃[38;2;0;0;0m[48;2;255;255;255m▃[38;2;0;0;0m[48;2;255;255;255m▂[38;2;0;0;0m[48;2;255;255;255m [38;2;0;0;0m[48;2;255;255;255m [38;2;0;0;0m[48;2;255;255;255m [38;2;0;0;0m[48;2;255;255;255m [38;2;0;0;0m[48;2;255;255;255m [38;2;0;0;0m[48;2;255;255;255m [38;2;0;0;0m[48;2;255;255;255m [38;2;0;0;0m[48;2;255;255;255m [38;2;0;0;0m[48;2;255;255;255m [38;2;0;0;0m[48;2;255;255;255m [38;2;0;0;0m[48;2;255;255;255m [38;2;0;0;0m[48;2;255;255;255m [38;2;0;0;0m[48;2;255;255;255m [38;2;0;0;0m[48;2;255;255;255m [38;2;0;0;0m[48;2;255;255;255m [38;2;0;0;0m[48;2;255;255;255m [38;2;0;0;0m[48;2;255;255;255m [38;2;0;0;0m[48;2;255;255;255m [38;2;0;0;0m[48;2;255;255;255m [38;2;0;0;0m[48;2;255;255;255m [38;2;0;0;0m[48;2;255;255;255m [38;2;0;0;0m[48;2;255;255;255m [38;2;0;0;0m[48;2;255;255;255m [38;2;0;0;0m[48;2;255;255;255m [38;2;0;0;0m[48;2;255;255;255m [38;2;0;0;0m[48;2;255;255;255m [38;2;0;0;0m[48;2;255;255;255m [38;2;0;0;0m[48;2;255;255;255m▃[38;2;0;0;0m[48;2;255;255;255m▅[0m
[38;2;0;0;0m[48;2;0;147;147m [38;2;0;0;0m[48;2;0;147;147m [38;2;0;0;0m[48;2;0;147;147m [38;2;0;0;0m[48;2;0;147;147m [38;2;0;0;0m[48;2;0;147;147m [38;2;0;0;0m[48;2;0;147;147m▃[38;2;0;0;0m[48;2;0;0;0m [38;2;255;255;255m[48;2;0;0;0m▃[38;2;255;255;255m[48;2;0;0;0m▅[38;2;0;0;0m[48;2;255;255;255m [38;2;0;0;0m[48;2;0;0;0m [38;2;181;0;0m[48;2;255;0;0m▌[38;2;181;0;0m[48;2;255;0;0m [38;2;0;0;0m[48;2;255;0;0m▅[38;2;0;0;0m[48;2;0;0;0m [38;2;0;0;0m[48;2;255;255;255m▘[38;2;0;0;0m[48;2;255;255;255m [38;2;0;0;0m[48;2;255;255;255m [38;2;0;0;0m[48;2;255;255;255m▗[38;2;0;0;0m[48;2;0;0;0m [38;2;0;0;0m[48;2;255;255;255m▅[38;2;0;0;0m[48;2;255;255;255m▃[38;2;0;0;0m[48;2;255;255;255m▅[38;2;0;0;0m[48;2;255;255;255m▆[38;2;255;255;255m[48;2;0;0;0m▂[38;2;255;255;255m[48;2;0;0;0m▄[38;2;255;255;255m[48;2;0;0;0m▆[38;2;255;255;255m[48;2;0;0;0m▇[38;2;0;0;0m[48;2;255;255;255m [38;2;0;0;0m[48;2;255;255;255m [38;2;0;0;0m[48;2;255;255;255m [38;2;0;0;0m[48;2;255;255;255m [38;2;0;0;0m[48;2;255;255;255m [38;2;0;0;0m[48;2;255;255;255m▁[38;2;0;0;0m[48;2;255;255;255m▁[38;2;0;0;0m[48;2;255;255;255m▃[38;2;0;0;0m[48;2;255;255;255m▃[38;2;0;0;0m[48;2;255;255;255m▅[38;2;0;0;0m[48;2;255;255;255m▅[38;2;0;0;0m[48;2;255;255;255m▆[38;2;255;255;255m[48;2;0;0;0m▂[38;2;255;255;255m[48;2;0;0;0m▂[38;2;255;255;255m[48;2;0;0;0m▃[38;2;255;255;255m[48;2;0;0;0m▄[38;2;255;255;255m[48;2;0;0;0m▅[38;2;255;255;255m[48;2;0;0;0m▅[38;2;255;255;255m[48;2;0;0;0m▅[38;2;255;255;255m[48;2;0;0;0m▆[38;2;255;255;255m[48;2;0;0;0m▆[38;2;255;255;255m[48;2;0;0;0m▆[38;2;255;255;255m[48;2;0;0;0m▇[38;2;0;0;0m[48;2;255;255;255m [38;2;0;0;0m[48;2;255;255;255m [38;2;0;0;0m[48;2;255;255;255m [38;2;0;0;0m[48;2;255;255;255m [38;2;0;0;0m[48;2;255;255;255m [38;2;0;0;0m[48;2;255;255;255m [38;2;0;0;0m[48;2;255;255;255m [38;2;0;0;0m[48;2;255;255;255m [38;2;0;0;0m[48;2;255;255;255m [38;2;0;0;0m[48;2;255;255;255m [38;2;0;0;0m[48;2;255;255;255m [38;2;0;0;0m[48;2;255;255;255m [38;2;0;0;0m[48;2;255;255;255m [38;2;0;0;0m[48;2;255;255;255m [38;2;0;0;0m[48;2;255;255;255m [38;2;0;0;0m[48;2;255;255;255m [38;2;0;0;0m[48;2;255;255;255m [38;2;0;0;0m[48;2;255;255;255m [38;2;0;0;0m[48;2;255;255;255m [38;2;0;0;0m[48;2;255;255;255m [38;2;0;0;0m[48;2;255;255;255m [38;2;0;0;0m[48;2;255;255;255m [38;2;0;0;0m[48;2;255;255;255m [38;2;0;0;0m[48;2;255;255;255m [38;2;0;0;0m[48;2;255;255;255m [38;2;0;0;0m[48;2;255;255;255m [38;2;0;0;0m[48;2;255;255;255m [38;2;0;0;0m[48;2;255;255;255m [38;2;255;255;255m[48;2;0;0;0m▌[0m
[38;2;0;0;0m[48;2;0;147;147m [38;2;0;0;0m[48;2;0;147;147m [38;2;0;0;0m[48;2;0;147;147m [38;2;0;0;0m[48;2;0;147;147m▃[38;2;0;0;0m[48;2;0;0;0m [38;2;255;255;255m[48;2;0;0;0m▃[38;2;0;0;0m[48;2;255;255;255m [38;2;0;0;0m[48;2;255;255;255m [38;2;0;0;0m[48;2;255;255;255m [38;2;255;255;255m[48;2;127;127;127m▌[38;2;0;0;0m[48;2;0;0;0m [38;2;0;0;0m[48;2;255;0;0m [38;2;255;0;0m[48;2;0;0;0m▘[38;2;255;255;255m[48;2;0;0;0m▗[38;2;0;0;0m[48;2;255;255;255m [38;2;0;0;0m[48;2;255;255;255m [38;2;0;0;0m[48;2;255;255;255m [38;2;0;0;0m[48;2;255;255;255m▂[38;2;0;0;0m[48;2;0;0;0m [38;2;0;0;0m[48;2;0;0;0m [38;2;255;255;255m[48;2;0;0;0m▂[38;2;255;255;255m[48;2;0;0;0m▄[38;2;255;255;255m[48;2;0;0;0m▆[38;2;0;0;0m[48;2;255;255;255m [38;2;0;0;0m[48;2;255;255;255m [38;2;0;0;0m[48;2;255;255;255m [38;2;0;0;0m[48;2;255;255;255m [38;2;0;0;0m[48;2;255;255;255m▁[38;2;0;0;0m[48;2;255;255;255m▃[38;2;0;0;0m[48;2;255;255;255m▅[38;2;0;0;0m[48;2;255;255;255m▅[38;2;0;0;0m[48;2;255;255;255m▆[38;2;255;255;255m[48;2;0;0;0m▂[38;2;255;255;255m[48;2;0;0;0m▃[38;2;255;255;255m[48;2;0;0;0m▄[38;2;255;255;255m[48;2;0;0;0m▅[38;2;255;255;255m[48;2;0;0;0m▆[38;2;255;255;255m[48;2;0;0;0m▇[38;2;0;0;0m[48;2;255;255;255m [38;2;0;0;0m[48;2;255;255;255m [38;2;0;0;0m[48;2;255;255;255m [38;2;0;0;0m[48;2;255;255;255m [38;2;0;0;0m[48;2;255;255;255m [38;2;0;0;0m[48;2;255;255;255m [38;2;0;0;0m[48;2;255;255;255m [38;2;0;0;0m[48;2;255;255;255m [38;2;0;0;0m[48;2;255;255;255m [38;2;0;0;0m[48;2;255;255;255m [38;2;0;0;0m[48;2;255;255;255m [38;2;0;0;0m[48;2;255;255;255m [38;2;0;0;0m[48;2;255;255;255m [38;2;0;0;0m[48;2;255;255;255m [38;2;0;0;0m[48;2;255;255;255m [38;2;0;0;0m[48;2;255;255;255m [38;2;0;0;0m[48;2;255;255;255m [38;2;0;0;0m[48;2;255;255;255m [38;2;0;0;0m[48;2;255;255;255m [38;2;0;0;0m[48;2;255;255;255m [38;2;0;0;0m[48;2;255;255;255m [38;2;0;0;0m[48;2;255;255;255m [38;2;0;0;0m[48;2;255;255;255m [38;2;0;0;0m[48;2;255;255;255m [38;2;0;0;0m[48;2;255;255;255m [38;2;0;0;0m[48;2;255;255;255m [38;2;0;0;0m[48;2;255;255;255m [38;2;0;0;0m[48;2;255;255;255m [38;2;0;0;0m[48;2;255;255;255m [38;2;0;0;0m[48;2;255;255;255m [38;2;0;0;0m[48;2;255;255;255m [38;2;0;0;0m[48;2;255;255;255m [38;2;0;0;0m[48;2;255;255;255m [38;2;0;0;0m[48;2;255;255;255m [38;2;0;0;0m[48;2;255;255;255m [38;2;0;0;0m[48;2;255;255;255m [38;2;0;0;0m[48;2;255;255;255m [38;2;0;0;0m[48;2;255;255;255m [38;2;0;0;0m[48;2;255;255;255m [38;2;0;0;0m[48;2;255;255;255m [38;2;0;0;0m[48;2;255;255;255m [38;2;255;255;255m[48;2;0;0;0m▎[0m
[38;2;0;0;0m[48;2;0;147;147m [38;2;0;0;0m[48;2;0;147;147m [38;2;0;147;147m[48;2;0;0;0m▎[38;2;255;255;255m[48;2;0;0;0m▗[38;2;0;0;0m[48;2;255;255;255m [38;2;0;0;0m[48;2;255;255;255m [38;2;0;0;0m[48;2;255;255;255m [38;2;0;0;0m[48;2;255;255;255m [38;2;0;0;0m[48;2;255;255;255m [38;2;0;0;0m[48;2;255;255;255m [38;2;0;0;0m[48;2;0;0;0m [38;2;0;0;0m[48;2;127;0;0m▇[38;2;0;0;0m[48;2;255;255;255m▌[38;2;0;0;0m[48;2;255;255;255m [38;2;0;0;0m[48;2;255;255;255m▂[38;2;0;0;0m[48;2;255;255;255m▅[38;2;255;255;255m[48;2;0;0;0m▁[38;2;255;255;255m[48;2;0;0;0m [38;2;255;255;255m[48;2;0;0;0m▐[38;2;0;0;0m[48;2;255;255;255m [38;2;0;0;0m[48;2;255;255;255m [38;2;0;0;0m[48;2;255;255;255m▁[38;2;0;0;0m[48;2;255;255;255m▂[38;2;0;0;0m[48;2;255;255;255m▅[38;2;0;0;0m[48;2;255;255;255m▆[38;2;255;255;255m[48;2;0;0;0m▁[38;2;255;255;255m[48;2;0;0;0m▃[38;2;255;255;255m[48;2;0;0;0m▄[38;2;255;255;255m[48;2;0;0;0m▅[38;2;255;255;255m[48;2;0;0;0m▆[38;2;0;0;0m[48;2;255;255;255m [38;2;0;0;0m[48;2;255;255;255m [38;2;0;0;0m[48;2;255;255;255m [38;2;0;0;0m[48;2;255;255;255m [38;2;0;0;0m[48;2;255;255;255m [38;2;0;0;0m[48;2;255;255;255m [38;2;0;0;0m[48;2;255;255;255m [38;2;0;0;0m[48;2;255;255;255m [38;2;0;0;0m[48;2;255;255;255m [38;2;0;0;0m[48;2;255;255;255m [38;2;0;0;0m[48;2;255;255;255m [38;2;0;0;0m[48;2;255;255;255m [38;2;0;0;0m[48;2;255;255;255m [38;2;0;0;0m[48;2;255;255;255m [38;2;0;0;0m[48;2;255;255;255m [38;2;0;0;0m[48;2;255;255;255m [38;2;0;0;0m[48;2;255;255;255m [38;2;0;0;0m[48;2;255;255;255m [38;2;0;0;0m[48;2;255;255;255m [38;2;0;0;0m[48;2;255;255;255m [38;2;0;0;0m[48;2;255;255;255m [38;2;0;0;0m[48;2;255;255;255m [38;2;0;0;0m[48;2;255;255;255m [38;2;0;0;0m[48;2;255;255;255m [38;2;0;0;0m[48;2;255;255;255m [38;2;0;0;0m[48;2;255;255;255m [38;2;0;0;0m[48;2;255;255;255m [38;2;0;0;0m[48;2;255;255;255m [38;2;0;0;0m[48;2;255;255;255m [38;2;0;0;0m[48;2;255;255;255m [38;2;0;0;0m[48;2;255;255;255m [38;2;0;0;0m[48;2;255;255;255m [38;2;0;0;0m[48;2;255;255;255m [38;2;0;0;0m[48;2;255;255;255m [38;2;0;0;0m[48;2;255;255;255m [38;2;0;0;0m[48;2;255;255;255m [38;2;0;0;0m[48;2;255;255;255m [38;2;0;0;0m[48;2;255;255;255m [38;2;0;0;0m[48;2;255;255;255m [38;2;0;0;0m[48;2;255;255;255m [38;2;0;0;0m[48;2;255;255;255m [38;2;0;0;0m[48;2;255;255;255m [38;2;0;0;0m[48;2;255;255;255m [38;2;0;0;0m[48;2;255;255;255m [38;2;0;0;0m[48;2;255;255;255m [38;2;0;0;0m[48;2;255;255;255m [38;2;0;0;0m[48;2;255;255;255m [38;2;0;0;0m[48;2;255;255;255m [38;2;0;0;0m[48;2;255;255;255m▗[38;2;0;0;0m[48;2;0;0;0m [0m
[38;2;0;0;0m[48;2;0;147;147m [38;2;0;0;0m[48;2;0;147;147m▂[38;2;0;0;0m[48;2;255;255;255m▊[38;2;0;0;0m[48;2;255;255;255m▂[38;2;0;0;0m[48;2;255;255;255m▃[38;2;0;0;0m[48;2;255;255;255m▃[38;2;0;0;0m[48;2;255;255;255m▃[38;2;0;0;0m[48;2;255;255;255m▃[38;2;0;0;0m[48;2;255;255;255m [38;2;0;0;0m[48;2;255;255;255m▁[38;2;0;0;0m[48;2;255;255;255m▀[38;2;0;0;0m[48;2;255;255;255m▘[38;2;0;0;0m[48;2;255;255;255m▂[38;2;0;0;0m[48;2;255;255;255m▆[38;2;255;255;255m[48;2;0;0;0m▂[38;2;255;255;255m[48;2;0;0;0m▆[38;2;0;0;0m[48;2;255;255;255m [38;2;0;0;0m[48;2;0;0;0m [38;2;255;255;255m[48;2;0;0;0m▝[38;2;0;0;0m[48;2;255;255;255m▅[38;2;0;0;0m[48;2;255;255;255m▇[38;2;255;255;255m[48;2;0;0;0m▂[38;2;255;255;255m[48;2;0;0;0m▅[38;2;255;255;255m[48;2;0;0;0m▇[38;2;0;0;0m[48;2;255;255;255m [38;2;0;0;0m[48;2;255;255;255m [38;2;0;0;0m[48;2;255;255;255m [38;2;0;0;0m[48;2;255;255;255m [38;2;0;0;0m[48;2;255;255;255m [38;2;0;0;0m[48;2;255;255;255m [38;2;0;0;0m[48;2;255;255;255m [38;2;0;0;0m[48;2;255;255;255m [38;2;0;0;0m[48;2;255;255;255m [38;2;0;0;0m[48;2;255;255;255m [38;2;0;0;0m[48;2;255;255;255m [38;2;0;0;0m[48;2;255;255;255m [38;2;0;0;0m[48;2;255;255;255m [38;2;0;0;0m[48;2;255;255;255m [38;2;0;0;0m[48;2;255;255;255m [38;2;0;0;0m[48;2;255;255;255m [38;2;0;0;0m[48;2;255;255;255m [38;2;0;0;0m[48;2;255;255;255m [38;2;0;0;0m[48;2;255;255;255m [38;2;0;0;0m[48;2;255;255;255m [38;2;0;0;0m[48;2;255;255;255m [38;2;0;0;0m[48;2;255;255;255m [38;2;0;0;0m[48;2;255;255;255m [38;2;0;0;0m[48;2;255;255;255m [38;2;0;0;0m[48;2;255;255;255m [38;2;0;0;0m[48;2;255;255;255m [38;2;0;0;0m[48;2;255;255;255m [38;2;0;0;0m[48;2;255;255;255m [38;2;0;0;0m[48;2;255;255;255m [38;2;0;0;0m[48;2;255;255;255m [38;2;0;0;0m[48;2;255;255;255m [38;2;0;0;0m[48;2;255;255;255m [38;2;0;0;0m[48;2;255;255;255m [38;2;0;0;0m[48;2;255;255;255m [38;2;0;0;0m[48;2;255;255;255m [38;2;0;0;0m[48;2;255;255;255m [38;2;0;0;0m[48;2;255;255;255m [38;2;0;0;0m[48;2;255;255;255m [38;2;0;0;0m[48;2;255;255;255m [38;2;0;0;0m[48;2;255;255;255m [38;2;0;0;0m[48;2;255;255;255m [38;2;0;0;0m[48;2;255;255;255m [38;2;0;0;0m[48;2;255;255;255m [38;2;0;0;0m[48;2;255;255;255m [38;2;0;0;0m[48;2;255;255;255m [38;2;0;0;0m[48;2;255;255;255m [38;2;0;0;0m[48;2;255;255;255m [38;2;0;0;0m[48;2;255;255;255m [38;2;0;0;0m[48;2;255;255;255m [38;2;0;0;0m[48;2;255;255;255m [38;2;0;0;0m[48;2;255;255;255m [38;2;0;0;0m[48;2;255;255;255m [38;2;0;0;0m[48;2;255;255;255m [38;2;0;0;0m[48;2;255;255;255m▂[38;2;0;0;0m[48;2;0;0;0m [38;2;0;0;0m[48;2;0;147;147m▌[0m
[38;2;0;147;147m[48;2;0;0;0m▄[38;2;0;147;147m[48;2;0;0;0m▖[38;2;0;147;147m[48;2;0;0;0m [38;2;0;147;147m[48;2;0;0;0m [38;2;0;147;147m[48;2;0;0;0m [38;2;0;147;147m[48;2;0;0;0m [38;2;255;255;255m[48;2;0;0;0m▁[38;2;255;255;255m[48;2;0;0;0m▂[38;2;255;255;255m[48;2;0;0;0m▂[38;2;255;255;255m[48;2;0;0;0m▃[38;2;255;255;255m[48;2;0;0;0m▄[38;2;255;255;255m[48;2;0;0;0m▄[38;2;255;255;255m[48;2;0;0;0m▗[38;2;255;255;255m[48;2;0;0;0m▆[38;2;0;0;0m[48;2;255;255;255m▁[38;2;0;0;0m[48;2;255;255;255m▅[38;2;0;0;0m[48;2;255;255;255m▆[38;2;255;255;255m[48;2;0;0;0m▁[38;2;255;255;255m[48;2;0;0;0m [38;2;255;255;255m[48;2;0;0;0m▆[38;2;0;0;0m[48;2;255;255;255m [38;2;0;0;0m[48;2;255;255;255m [38;2;0;0;0m[48;2;255;255;255m [38;2;0;0;0m[48;2;255;255;255m [38;2;0;0;0m[48;2;255;255;255m [38;2;0;0;0m[48;2;255;255;255m▁[38;2;0;0;0m[48;2;255;255;255m▂[38;2;0;0;0m[48;2;255;255;255m▂[38;2;0;0;0m[48;2;255;255;255m▃[38;2;0;0;0m[48;2;255;255;255m▅[38;2;0;0;0m[48;2;255;255;255m▅[38;2;0;0;0m[48;2;255;255;255m▅[38;2;0;0;0m[48;2;255;255;255m▅[38;2;0;0;0m[48;2;255;255;255m▆[38;2;0;0;0m[48;2;255;255;255m▆[38;2;0;0;0m[48;2;255;255;255m▆[38;2;255;255;255m[48;2;0;0;0m▁[38;2;255;255;255m[48;2;0;0;0m▂[38;2;255;255;255m[48;2;0;0;0m▂[38;2;255;255;255m[48;2;0;0;0m▂[38;2;255;255;255m[48;2;0;0;0m▂[38;2;255;255;255m[48;2;0;0;0m▂[38;2;255;255;255m[48;2;0;0;0m▂[38;2;255;255;255m[48;2;0;0;0m▂[38;2;255;255;255m[48;2;0;0;0m▂[38;2;255;255;255m[48;2;0;0;0m▂[38;2;255;255;255m[48;2;0;0;0m▁[38;2;0;0;0m[48;2;255;255;255m▆[38;2;0;0;0m[48;2;255;255;255m▆[38;2;0;0;0m[48;2;255;255;255m▆[38;2;0;0;0m[48;2;255;255;255m▅[38;2;0;0;0m[48;2;255;255;255m▅[38;2;0;0;0m[48;2;255;255;255m▅[38;2;0;0;0m[48;2;255;255;255m▂[38;2;0;0;0m[48;2;255;255;255m▂[38;2;0;0;0m[48;2;255;255;255m [38;2;0;0;0m[48;2;255;255;255m [38;2;0;0;0m[48;2;255;255;255m [38;2;0;0;0m[48;2;255;255;255m [38;2;0;0;0m[48;2;255;255;255m [38;2;0;0;0m[48;2;255;255;255m [38;2;0;0;0m[48;2;255;255;255m [38;2;0;0;0m[48;2;255;255;255m [38;2;0;0;0m[48;2;255;255;255m [38;2;0;0;0m[48;2;255;255;255m [38;2;0;0;0m[48;2;255;255;255m [38;2;0;0;0m[48;2;255;255;255m [38;2;0;0;0m[48;2;255;255;255m [38;2;0;0;0m[48;2;255;255;255m [38;2;0;0;0m[48;2;255;255;255m [38;2;0;0;0m[48;2;255;255;255m [38;2;0;0;0m[48;2;255;255;255m [38;2;0;0;0m[48;2;255;255;255m [38;2;0;0;0m[48;2;255;255;255m [38;2;0;0;0m[48;2;255;255;255m [38;2;0;0;0m[48;2;255;255;255m [38;2;0;0;0m[48;2;255;255;255m▃[38;2;0;0;0m[48;2;0;0;0m [38;2;0;0;0m[48;2;0;147;147m▘[38;2;0;0;0m[48;2;0;147;147m [0m
[38;2;0;147;147m[48;2;0;0;0m▂[38;2;0;147;147m[48;2;0;0;0m▃[38;2;0;147;147m[48;2;0;0;0m [38;2;255;255;255m[48;2;0;0;0m▗[38;2;255;255;255m[48;2;0;0;0m▇[38;2;0;0;0m[48;2;255;255;255m [38;2;0;0;0m[48;2;255;255;255m▂[38;2;0;0;0m[48;2;255;255;255m▅[38;2;0;0;0m[48;2;255;255;255m▅[38;2;0;0;0m[48;2;255;255;255m▆[38;2;255;255;255m[48;2;0;0;0m▁[38;2;255;255;255m[48;2;0;0;0m▄[38;2;255;255;255m[48;2;0;0;0m▟[38;2;255;255;255m[48;2;0;0;0m▎[38;2;255;255;255m[48;2;0;0;0m▂[38;2;255;255;255m[48;2;0;0;0m▅[38;2;0;0;0m[48;2;255;255;255m▁[38;2;0;0;0m[48;2;255;255;255m▂[38;2;0;0;0m[48;2;0;0;0m [38;2;255;255;255m[48;2;0;0;0m▝[38;2;0;0;0m[48;2;255;255;255m▅[38;2;0;0;0m[48;2;255;255;255m▆[38;2;255;255;255m[48;2;0;0;0m▁[38;2;255;255;255m[48;2;0;0;0m▂[38;2;255;255;255m[48;2;0;0;0m▃[38;2;255;255;255m[48;2;0;0;0m▃[38;2;255;255;255m[48;2;0;0;0m▅[38;2;255;255;255m[48;2;0;0;0m▅[38;2;255;255;255m[48;2;0;0;0m▅[38;2;255;255;255m[48;2;0;0;0m▇[38;2;255;255;255m[48;2;0;0;0m▇[38;2;0;0;0m[48;2;255;255;255m [38;2;0;0;0m[48;2;255;255;255m [38;2;0;0;0m[48;2;255;255;255m [38;2;0;0;0m[48;2;255;255;255m [38;2;0;0;0m[48;2;255;255;255m [38;2;0;0;0m[48;2;255;255;255m [38;2;0;0;0m[48;2;255;255;255m [38;2;0;0;0m[48;2;255;255;255m [38;2;0;0;0m[48;2;255;255;255m [38;2;0;0;0m[48;2;255;255;255m [38;2;0;0;0m[48;2;255;255;255m [38;2;0;0;0m[48;2;255;255;255m [38;2;0;0;0m[48;2;255;255;255m [38;2;0;0;0m[48;2;255;255;255m [38;2;0;0;0m[48;2;255;255;255m [38;2;0;0;0m[48;2;255;255;255m [38;2;0;0;0m[48;2;255;255;255m [38;2;0;0;0m[48;2;255;255;255m [38;2;0;0;0m[48;2;255;255;255m [38;2;255;255;255m[48;2;0;0;0m▇[38;2;255;255;255m[48;2;0;0;0m▇[38;2;255;255;255m[48;2;0;0;0m▆[38;2;255;255;255m[48;2;0;0;0m▅[38;2;255;255;255m[48;2;0;0;0m▅[38;2;255;255;255m[48;2;0;0;0m▅[38;2;0;0;0m[48;2;255;255;255m [38;2;0;0;0m[48;2;255;255;255m [38;2;0;0;0m[48;2;255;255;255m [38;2;0;0;0m[48;2;255;255;255m [38;2;0;0;0m[48;2;255;255;255m [38;2;0;0;0m[48;2;255;255;255m [38;2;0;0;0m[48;2;255;255;255m [38;2;0;0;0m[48;2;255;255;255m [38;2;0;0;0m[48;2;255;255;255m [38;2;0;0;0m[48;2;255;255;255m [38;2;0;0;0m[48;2;255;255;255m [38;2;0;0;0m[48;2;255;255;255m [38;2;0;0;0m[48;2;255;255;255m [38;2;0;0;0m[48;2;255;255;255m [38;2;0;0;0m[48;2;255;255;255m [38;2;0;0;0m[48;2;255;255;255m [38;2;0;0;0m[48;2;255;255;255m [38;2;0;0;0m[48;2;255;255;255m [38;2;0;0;0m[48;2;255;255;255m▃[38;2;0;0;0m[48;2;0;0;0m [38;2;0;147;147m[48;2;0;0;0m▃[38;2;0;0;0m[48;2;0;147;147m [38;2;0;0;0m[48;2;0;147;147m [38;2;0;0;0m[48;2;0;147;147m [0m
[38;2;0;0;0m[48;2;0;147;147m [38;2;0;0;0m[48;2;0;147;147m [38;2;0;147;147m[48;2;0;0;0m▌[38;2;0;147;147m[48;2;0;0;0m [38;2;0;0;0m[48;2;255;255;255m▆[38;2;0;0;0m[48;2;0;0;0m [38;2;255;255;255m[48;2;0;0;0m▂[38;2;255;255;255m[48;2;0;0;0m▂[38;2;255;255;255m[48;2;0;0;0m▂[38;2;255;255;255m[48;2;0;0;0m▂[38;2;255;255;255m[48;2;0;0;0m▂[38;2;0;0;0m[48;2;255;255;255m▆[38;2;0;0;0m[48;2;255;255;255m▅[38;2;0;0;0m[48;2;255;255;255m▅[38;2;0;0;0m[48;2;255;255;255m▅[38;2;0;0;0m[48;2;255;255;255m▇[38;2;0;0;0m[48;2;0;0;0m [38;2;255;255;255m[48;2;0;0;0m▄[38;2;255;255;255m[48;2;0;0;0m▆[38;2;255;255;255m[48;2;0;0;0m▃[38;2;255;255;255m[48;2;0;0;0m [38;2;0;0;0m[48;2;255;255;255m▂[38;2;0;0;0m[48;2;255;255;255m [38;2;0;0;0m[48;2;255;255;255m [38;2;0;0;0m[48;2;255;255;255m [38;2;0;0;0m[48;2;255;255;255m [38;2;0;0;0m[48;2;255;255;255m [38;2;0;0;0m[48;2;255;255;255m [38;2;0;0;0m[48;2;255;255;255m [38;2;0;0;0m[48;2;255;255;255m [38;2;0;0;0m[48;2;255;255;255m [38;2;0;0;0m[48;2;255;255;255m [38;2;0;0;0m[48;2;255;255;255m [38;2;0;0;0m[48;2;255;255;255m [38;2;0;0;0m[48;2;255;255;255m [38;2;0;0;0m[48;2;255;255;255m [38;2;0;0;0m[48;2;255;255;255m [38;2;0;0;0m[48;2;255;255;255m [38;2;0;0;0m[48;2;255;255;255m [38;2;0;0;0m[48;2;255;255;255m [38;2;0;0;0m[48;2;255;255;255m [38;2;0;0;0m[48;2;255;255;255m [38;2;0;0;0m[48;2;255;255;255m [38;2;0;0;0m[48;2;255;255;255m [38;2;0;0;0m[48;2;255;255;255m [38;2;0;0;0m[48;2;255;255;255m [38;2;0;0;0m[48;2;255;255;255m [38;2;0;0;0m[48;2;255;255;255m [38;2;0;0;0m[48;2;255;255;255m [38;2;0;0;0m[48;2;255;255;255m [38;2;0;0;0m[48;2;255;255;255m [38;2;0;0;0m[48;2;255;255;255m [38;2;0;0;0m[48;2;255;255;255m [38;2;0;0;0m[48;2;255;255;255m [38;2;0;0;0m[48;2;255;255;255m [38;2;0;0;0m[48;2;255;255;255m [38;2;0;0;0m[48;2;255;255;255m [38;2;0;0;0m[48;2;255;255;255m [38;2;0;0;0m[48;2;255;255;255m [38;2;0;0;0m[48;2;255;255;255m [38;2;0;0;0m[48;2;255;255;255m [38;2;0;0;0m[48;2;255;255;255m [38;2;0;0;0m[48;2;255;255;255m [38;2;0;0;0m[48;2;255;255;255m [38;2;0;0;0m[48;2;255;255;255m [38;2;0;0;0m[48;2;255;255;255m [38;2;0;0;0m[48;2;255;255;255m [38;2;0;0;0m[48;2;255;255;255m [38;2;0;0;0m[48;2;255;255;255m [38;2;0;0;0m[48;2;255;255;255m [38;2;0;0;0m[48;2;255;255;255m [38;2;0;0;0m[48;2;255;255;255m▂[38;2;0;0;0m[48;2;255;255;255m▅[38;2;127;127;127m[48;2;0;0;0m▁[38;2;127;127;127m[48;2;0;0;0m▖[38;2;0;0;0m[48;2;0;147;147m▌[38;2;0;0;0m[48;2;0;147;147m [38;2;0;0;0m[48;2;0;147;147m [38;2;0;0;0m[48;2;0;147;147m [38;2;0;0;0m[48;2;0;147;147m [0m
[38;2;0;0;0m[48;2;0;147;147m▅[38;2;0;147;147m[48;2;0;0;0m▁[38;2;0;147;147m[48;2;0;0;0m▖[38;2;0;147;147m[48;2;0;0;0m [38;2;255;255;255m[48;2;0;0;0m▄[38;2;0;0;0m[48;2;255;255;255m [38;2;0;0;0m[48;2;255;255;255m [38;2;0;0;0m[48;2;255;255;255m [38;2;0;0;0m[48;2;255;255;255m [38;2;0;0;0m[48;2;255;255;255m [38;2;0;0;0m[48;2;255;255;255m [38;2;0;0;0m[48;2;255;255;255m [38;2;0;0;0m[48;2;255;255;255m [38;2;255;255;255m[48;2;0;0;0m▇[38;2;255;255;255m[48;2;0;0;0m▆[38;2;255;255;255m[48;2;0;0;0m▆[38;2;255;255;255m[48;2;0;0;0m▄[38;2;255;255;255m[48;2;0;0;0m▃[38;2;255;255;255m[48;2;0;0;0m▂[38;2;0;0;0m[48;2;255;255;255m▆[38;2;255;255;255m[48;2;0;0;0m▆[38;2;255;255;255m[48;2;0;0;0m▂[38;2;0;0;0m[48;2;255;255;255m▇[38;2;0;0;0m[48;2;255;255;255m▅[38;2;0;0;0m[48;2;255;255;255m▂[38;2;0;0;0m[48;2;255;255;255m▁[38;2;0;0;0m[48;2;255;255;255m▁[38;2;0;0;0m[48;2;255;255;255m [38;2;0;0;0m[48;2;255;255;255m [38;2;0;0;0m[48;2;255;255;255m [38;2;0;0;0m[48;2;255;255;255m▁[38;2;0;0;0m[48;2;255;255;255m▁[38;2;0;0;0m[48;2;255;255;255m▂[38;2;0;0;0m[48;2;255;255;255m [38;2;0;0;0m[48;2;255;255;255m [38;2;0;0;0m[48;2;255;255;255m [38;2;0;0;0m[48;2;255;255;255m [38;2;0;0;0m[48;2;255;255;255m [38;2;0;0;0m[48;2;255;255;255m [38;2;0;0;0m[48;2;255;255;255m [38;2;0;0;0m[48;2;255;255;255m [38;2;0;0;0m[48;2;255;255;255m [38;2;0;0;0m[48;2;255;255;255m [38;2;0;0;0m[48;2;255;255;255m [38;2;0;0;0m[48;2;255;255;255m [38;2;0;0;0m[48;2;255;255;255m [38;2;0;0;0m[48;2;255;255;255m [38;2;0;0;0m[48;2;255;255;255m [38;2;0;0;0m[48;2;255;255;255m [38;2;0;0;0m[48;2;255;255;255m [38;2;0;0;0m[48;2;255;255;255m [38;2;0;0;0m[48;2;255;255;255m [38;2;0;0;0m[48;2;255;255;255m [38;2;0;0;0m[48;2;255;255;255m [38;2;0;0;0m[48;2;255;255;255m [38;2;0;0;0m[48;2;255;255;255m [38;2;0;0;0m[48;2;255;255;255m [38;2;0;0;0m[48;2;255;255;255m [38;2;0;0;0m[48;2;255;255;255m [38;2;0;0;0m[48;2;255;255;255m [38;2;0;0;0m[48;2;255;255;255m [38;2;0;0;0m[48;2;255;255;255m [38;2;0;0;0m[48;2;255;255;255m [38;2;0;0;0m[48;2;255;255;255m [38;2;0;0;0m[48;2;255;255;255m [38;2;0;0;0m[48;2;255;255;255m [38;2;0;0;0m[48;2;255;255;255m [38;2;0;0;0m[48;2;255;255;255m [38;2;0;0;0m[48;2;255;255;255m▂[38;2;0;0;0m[48;2;255;255;255m▅[38;2;255;255;255m[48;2;0;0;0m▁[38;2;255;255;255m[48;2;0;0;0m▃[38;2;255;255;255m[48;2;127;127;127m▖[38;2;255;255;255m[48;2;127;127;127m [38;2;127;127;127m[48;2;54;54;54m▌[38;2;0;0;0m[48;2;0;147;147m▊[38;2;0;0;0m[48;2;0;147;147m [38;2;0;0;0m[48;2;0;147;147m [38;2;0;0;0m[48;2;0;147;147m [38;2;0;0;0m[48;2;0;147;147m [0m
[38;2;0;0;0m[48;2;0;147;147m [38;2;0;0;0m[48;2;0;147;147m [38;2;0;147;147m[48;2;0;0;0m▎[38;2;0;0;0m[48;2;255;255;255m▌[38;2;0;0;0m[48;2;255;255;255m [38;2;0;0;0m[48;2;255;255;255m [38;2;0;0;0m[48;2;255;255;255m [38;2;0;0;0m[48;2;255;255;255m [38;2;0;0;0m[48;2;255;255;255m [38;2;0;0;0m[48;2;255;255;255m [38;2;0;0;0m[48;2;255;255;255m [38;2;0;0;0m[48;2;255;255;255m [38;2;0;0;0m[48;2;255;255;255m [38;2;0;0;0m[48;2;255;255;255m [38;2;0;0;0m[48;2;255;255;255m [38;2;0;0;0m[48;2;255;255;255m [38;2;0;0;0m[48;2;255;255;255m [38;2;0;0;0m[48;2;255;255;255m [38;2;0;0;0m[48;2;255;255;255m [38;2;0;0;0m[48;2;255;255;255m [38;2;0;0;0m[48;2;255;255;255m [38;2;0;0;0m[48;2;255;255;255m [38;2;0;0;0m[48;2;255;255;255m [38;2;255;255;255m[48;2;0;0;0m▅[38;2;255;255;255m[48;2;0;0;0m▅[38;2;255;255;255m[48;2;0;0;0m▃[38;2;255;255;255m[48;2;0;0;0m▃[38;2;255;255;255m[48;2;0;0;0m▂[38;2;255;255;255m[48;2;0;0;0m▂[38;2;255;255;255m[48;2;0;0;0m▃[38;2;255;255;255m[48;2;0;0;0m▃[38;2;255;255;255m[48;2;0;0;0m▄[38;2;255;255;255m[48;2;0;0;0m▅[38;2;255;255;255m[48;2;0;0;0m▟[38;2;0;0;0m[48;2;255;255;255m [38;2;0;0;0m[48;2;255;255;255m [38;2;0;0;0m[48;2;255;255;255m [38;2;0;0;0m[48;2;255;255;255m [38;2;0;0;0m[48;2;255;255;255m [38;2;0;0;0m[48;2;255;255;255m [38;2;0;0;0m[48;2;255;255;255m [38;2;0;0;0m[48;2;255;255;255m [38;2;0;0;0m[48;2;255;255;255m [38;2;0;0;0m[48;2;255;255;255m [38;2;0;0;0m[48;2;255;255;255m [38;2;0;0;0m[48;2;255;255;255m [38;2;0;0;0m[48;2;255;255;255m [38;2;0;0;0m[48;2;255;255;255m [38;2;0;0;0m[48;2;255;255;255m [38;2;0;0;0m[48;2;255;255;255m [38;2;0;0;0m[48;2;255;255;255m [38;2;0;0;0m[48;2;255;255;255m [38;2;0;0;0m[48;2;255;255;255m [38;2;0;0;0m[48;2;255;255;255m [38;2;0;0;0m[48;2;255;255;255m [38;2;0;0;0m[48;2;255;255;255m [38;2;0;0;0m[48;2;255;255;255m [38;2;0;0;0m[48;2;255;255;255m [38;2;0;0;0m[48;2;255;255;255m [38;2;0;0;0m[48;2;255;255;255m [38;2;0;0;0m[48;2;255;255;255m [38;2;0;0;0m[48;2;255;255;255m [38;2;0;0;0m[48;2;255;255;255m [38;2;0;0;0m[48;2;255;255;255m [38;2;0;0;0m[48;2;255;255;255m▂[38;2;0;0;0m[48;2;255;255;255m▅[38;2;0;0;0m[48;2;255;255;255m▆[38;2;255;255;255m[48;2;0;0;0m▂[38;2;255;255;255m[48;2;0;0;0m▅[38;2;255;255;255m[48;2;0;0;0m▇[38;2;0;0;0m[48;2;255;255;255m [38;2;0;0;0m[48;2;255;255;255m [38;2;255;255;255m[48;2;188;188;188m▌[38;2;0;0;0m[48;2;127;127;127m [38;2;127;127;127m[48;2;54;54;54m▌[38;2;0;0;0m[48;2;0;0;0m [38;2;0;0;0m[48;2;0;147;147m [38;2;0;0;0m[48;2;0;147;147m [38;2;0;0;0m[48;2;0;147;147m [38;2;0;0;0m[48;2;0;147;147m [0m
[38;2;0;0;0m[48;2;0;147;147m [38;2;0;0;0m[48;2;0;147;147m [38;2;0;147;147m[48;2;0;0;0m▎[38;2;255;255;255m[48;2;0;0;0m▝[38;2;0;0;0m[48;2;255;255;255m [38;2;0;0;0m[48;2;255;255;255m [38;2;0;0;0m[48;2;255;255;255m [38;2;0;0;0m[48;2;255;255;255m [38;2;0;0;0m[48;2;255;255;255m▃[38;2;0;0;0m[48;2;255;255;255m▂[38;2;0;0;0m[48;2;255;255;255m▁[38;2;0;0;0m[48;2;255;255;255m [38;2;0;0;0m[48;2;255;255;255m [38;2;0;0;0m[48;2;255;255;255m [38;2;0;0;0m[48;2;255;255;255m [38;2;0;0;0m[48;2;255;255;255m [38;2;0;0;0m[48;2;255;255;255m [38;2;0;0;0m[48;2;255;255;255m [38;2;0;0;0m[48;2;255;255;255m [38;2;0;0;0m[48;2;255;255;255m [38;2;0;0;0m[48;2;255;255;255m [38;2;0;0;0m[48;2;255;255;255m [38;2;0;0;0m[48;2;255;255;255m [38;2;0;0;0m[48;2;255;255;255m [38;2;0;0;0m[48;2;255;255;255m [38;2;0;0;0m[48;2;255;255;255m [38;2;0;0;0m[48;2;255;255;255m [38;2;0;0;0m[48;2;255;255;255m [38;2;0;0;0m[48;2;255;255;255m [38;2;0;0;0m[48;2;255;255;255m [38;2;0;0;0m[48;2;255;255;255m [38;2;0;0;0m[48;2;255;255;255m [38;2;0;0;0m[48;2;255;255;255m [38;2;0;0;0m[48;2;255;255;255m [38;2;0;0;0m[48;2;255;255;255m [38;2;0;0;0m[48;2;255;255;255m [38;2;0;0;0m[48;2;255;255;255m [38;2;0;0;0m[48;2;255;255;255m [38;2;0;0;0m[48;2;255;255;255m [38;2;0;0;0m[48;2;255;255;255m [38;2;0;0;0m[48;2;255;255;255m [38;2;0;0;0m[48;2;255;255;255m [38;2;0;0;0m[48;2;255;255;255m [38;2;0;0;0m[48;2;255;255;255m [38;2;0;0;0m[48;2;255;255;255m [38;2;0;0;0m[48;2;255;255;255m [38;2;0;0;0m[48;2;255;255;255m [38;2;0;0;0m[48;2;255;255;255m [38;2;0;0;0m[48;2;255;255;255m [38;2;0;0;0m[48;2;255;255;255m [38;2;0;0;0m[48;2;255;255;255m [38;2;0;0;0m[48;2;255;255;255m [38;2;0;0;0m[48;2;255;255;255m [38;2;0;0;0m[48;2;255;255;255m [38;2;0;0;0m[48;2;255;255;255m [38;2;0;0;0m[48;2;255;255;255m [38;2;0;0;0m[48;2;255;255;255m [38;2;0;0;0m[48;2;255;255;255m [38;2;0;0;0m[48;2;255;255;255m [38;2;0;0;0m[48;2;255;255;255m [38;2;0;0;0m[48;2;255;255;255m▂[38;2;0;0;0m[48;2;255;255;255m▅[38;2;0;0;0m[48;2;255;255;255m▆[38;2;255;255;255m[48;2;0;0;0m▂[38;2;255;255;255m[48;2;0;0;0m▄[38;2;255;255;255m[48;2;0;0;0m▆[38;2;0;0;0m[48;2;255;255;255m [38;2;0;0;0m[48;2;255;255;255m [38;2;0;0;0m[48;2;255;255;255m [38;2;0;0;0m[48;2;255;255;255m [38;2;0;0;0m[48;2;255;255;255m [38;2;0;0;0m[48;2;255;255;255m [38;2;0;0;0m[48;2;255;255;255m [38;2;127;127;127m[48;2;255;255;255m▝[38;2;0;0;0m[48;2;127;127;127m [38;2;0;0;0m[48;2;0;0;0m [38;2;0;0;0m[48;2;0;147;147m▌[38;2;0;0;0m[48;2;0;147;147m [38;2;0;0;0m[48;2;0;147;147m [38;2;0;0;0m[48;2;0;147;147m [0m
[38;2;0;0;0m[48;2;0;147;147m [38;2;0;0;0m[48;2;0;147;147m [38;2;0;0;0m[48;2;0;147;147m [38;2;0;147;147m[48;2;0;0;0m▅[38;2;0;147;147m[48;2;0;0;0m▁[38;2;0;0;0m[48;2;255;255;255m▅[38;2;0;0;0m[48;2;255;255;255m▃[38;2;0;0;0m[48;2;255;255;255m▁[38;2;255;255;255m[48;2;0;0;0m▅[38;2;255;255;255m[48;2;0;0;0m▅[38;2;255;255;255m[48;2;0;0;0m▄[38;2;255;255;255m[48;2;0;0;0m▃[38;2;0;0;0m[48;2;255;255;255m▇[38;2;0;0;0m[48;2;255;255;255m▆[38;2;0;0;0m[48;2;255;255;255m▆[38;2;0;0;0m[48;2;255;255;255m▆[38;2;0;0;0m[48;2;255;255;255m▆[38;2;0;0;0m[48;2;255;255;255m▆[38;2;0;0;0m[48;2;255;255;255m▅[38;2;0;0;0m[48;2;255;255;255m▅[38;2;0;0;0m[48;2;255;255;255m▅[38;2;0;0;0m[48;2;255;255;255m▆[38;2;0;0;0m[48;2;255;255;255m▆[38;2;0;0;0m[48;2;255;255;255m▆[38;2;0;0;0m[48;2;255;255;255m▆[38;2;0;0;0m[48;2;255;255;255m▆[38;2;0;0;0m[48;2;255;255;255m▆[38;2;0;0;0m[48;2;255;255;255m [38;2;0;0;0m[48;2;255;255;255m [38;2;0;0;0m[48;2;255;255;255m [38;2;0;0;0m[48;2;255;255;255m [38;2;0;0;0m[48;2;255;255;255m [38;2;0;0;0m[48;2;255;255;255m [38;2;0;0;0m[48;2;255;255;255m [38;2;0;0;0m[48;2;255;255;255m [38;2;0;0;0m[48;2;255;255;255m [38;2;0;0;0m[48;2;255;255;255m [38;2;0;0;0m[48;2;255;255;255m [38;2;0;0;0m[48;2;255;255;255m [38;2;0;0;0m[48;2;255;255;255m [38;2;0;0;0m[48;2;255;255;255m [38;2;0;0;0m[48;2;255;255;255m [38;2;0;0;0m[48;2;255;255;255m [38;2;0;0;0m[48;2;255;255;255m [38;2;0;0;0m[48;2;255;255;255m [38;2;0;0;0m[48;2;255;255;255m [38;2;0;0;0m[48;2;255;255;255m [38;2;0;0;0m[48;2;255;255;255m [38;2;0;0;0m[48;2;255;255;255m [38;2;0;0;0m[48;2;255;255;255m [38;2;0;0;0m[48;2;255;255;255m [38;2;0;0;0m[48;2;255;255;255m [38;2;0;0;0m[48;2;255;255;255m [38;2;0;0;0m[48;2;255;255;255m [38;2;0;0;0m[48;2;255;255;255m [38;2;0;0;0m[48;2;255;255;255m [38;2;0;0;0m[48;2;255;255;255m▁[38;2;0;0;0m[48;2;255;255;255m▃[38;2;0;0;0m[48;2;255;255;255m▆[38;2;255;255;255m[48;2;0;0;0m▁[38;2;255;255;255m[48;2;0;0;0m▃[38;2;255;255;255m[48;2;0;0;0m▅[38;2;0;0;0m[48;2;255;255;255m [38;2;0;0;0m[48;2;255;255;255m [38;2;0;0;0m[48;2;255;255;255m [38;2;0;0;0m[48;2;255;255;255m [38;2;0;0;0m[48;2;255;255;255m [38;2;0;0;0m[48;2;255;255;255m [38;2;0;0;0m[48;2;255;255;255m [38;2;0;0;0m[48;2;255;255;255m [38;2;0;0;0m[48;2;255;255;255m [38;2;0;0;0m[48;2;255;255;255m [38;2;0;0;0m[48;2;255;255;255m [38;2;0;0;0m[48;2;255;255;255m [38;2;255;255;255m[48;2;127;127;127m▎[38;2;127;127;127m[48;2;0;0;0m▌[38;2;0;0;0m[48;2;0;147;147m▊[38;2;0;0;0m[48;2;0;147;147m [38;2;0;0;0m[48;2;0;147;147m [38;2;0;0;0m[48;2;0;147;147m [0m
[38;2;0;0;0m[48;2;0;147;147m [38;2;0;0;0m[48;2;0;147;147m [38;2;0;0;0m[48;2;0;147;147m [38;2;0;0;0m[48;2;0;147;147m [38;2;0;0;0m[48;2;0;147;147m [38;2;0;147;147m[48;2;0;0;0m▇[38;2;0;147;147m[48;2;0;0;0m▅[38;2;0;147;147m[48;2;0;0;0m▂[38;2;0;0;0m[48;2;255;255;255m▇[38;2;0;0;0m[48;2;255;255;255m▅[38;2;0;0;0m[48;2;255;255;255m▃[38;2;0;0;0m[48;2;255;255;255m▂[38;2;0;0;0m[48;2;255;255;255m▀[38;2;0;0;0m[48;2;0;0;0m [38;2;0;0;0m[48;2;255;0;0m▂[38;2;0;0;0m[48;2;255;0;0m [38;2;0;0;0m[48;2;255;0;0m [38;2;0;0;0m[48;2;255;0;0m [38;2;127;0;0m[48;2;255;0;0m▝[38;2;255;0;0m[48;2;127;0;0m▁[38;2;127;0;0m[48;2;255;0;0m▆[38;2;127;0;0m[48;2;255;0;0m▃[38;2;127;0;0m[48;2;255;0;0m▂[38;2;127;0;0m[48;2;255;0;0m▁[38;2;127;0;0m[48;2;255;0;0m▁[38;2;127;0;0m[48;2;255;0;0m [38;2;0;0;0m[48;2;0;0;0m [38;2;127;127;127m[48;2;255;255;255m▌[38;2;127;127;127m[48;2;255;255;255m [38;2;127;127;127m[48;2;255;255;255m [38;2;127;127;127m[48;2;255;255;255m [38;2;127;127;127m[48;2;255;255;255m [38;2;127;127;127m[48;2;255;255;255m [38;2;127;127;127m[48;2;255;255;255m [38;2;127;127;127m[48;2;255;255;255m [38;2;127;127;127m[48;2;255;255;255m [38;2;127;127;127m[48;2;255;255;255m [38;2;127;127;127m[48;2;255;255;255m [38;2;127;127;127m[48;2;255;255;255m [38;2;127;127;127m[48;2;255;255;255m [38;2;127;127;127m[48;2;255;255;255m [38;2;127;127;127m[48;2;255;255;255m [38;2;127;127;127m[48;2;255;255;255m [38;2;127;127;127m[48;2;255;255;255m [38;2;127;127;127m[48;2;255;255;255m [38;2;127;127;127m[48;2;255;255;255m [38;2;127;127;127m[48;2;255;255;255m [38;2;127;127;127m[48;2;255;255;255m [38;2;127;127;127m[48;2;255;255;255m [38;2;127;127;127m[48;2;255;255;255m [38;2;127;127;127m[48;2;255;255;255m [38;2;127;127;127m[48;2;255;255;255m [38;2;0;0;0m[48;2;255;255;255m▂[38;2;0;0;0m[48;2;255;255;255m▃[38;2;0;0;0m[48;2;255;255;255m▅[38;2;255;255;255m[48;2;0;0;0m▂[38;2;255;255;255m[48;2;0;0;0m▄[38;2;255;255;255m[48;2;0;0;0m▆[38;2;0;0;0m[48;2;255;255;255m [38;2;0;0;0m[48;2;255;255;255m [38;2;0;0;0m[48;2;255;255;255m [38;2;0;0;0m[48;2;255;255;255m [38;2;0;0;0m[48;2;255;255;255m [38;2;0;0;0m[48;2;255;255;255m [38;2;0;0;0m[48;2;255;255;255m [38;2;0;0;0m[48;2;255;255;255m [38;2;0;0;0m[48;2;255;255;255m [38;2;0;0;0m[48;2;255;255;255m [38;2;0;0;0m[48;2;255;255;255m [38;2;0;0;0m[48;2;255;255;255m [38;2;0;0;0m[48;2;255;255;255m [38;2;0;0;0m[48;2;255;255;255m [38;2;0;0;0m[48;2;255;255;255m [38;2;0;0;0m[48;2;255;255;255m [38;2;0;0;0m[48;2;255;255;255m [38;2;0;0;0m[48;2;127;127;127m [38;2;0;0;0m[48;2;0;0;0m [38;2;0;0;0m[48;2;0;147;147m▌[38;2;0;0;0m[48;2;0;147;147m [38;2;0;0;0m[48;2;0;147;147m [0m
[38;2;0;0;0m[48;2;0;147;147m [38;2;0;0;0m[48;2;0;147;147m [38;2;0;0;0m[48;2;0;147;147m [38;2;0;0;0m[48;2;0;147;147m [38;2;0;0;0m[48;2;0;147;147m [38;2;0;0;0m[48;2;0;147;147m [38;2;0;0;0m[48;2;0;147;147m [38;2;0;0;0m[48;2;0;147;147m [38;2;0;0;0m[48;2;0;147;147m [38;2;0;147;147m[48;2;0;0;0m▆[38;2;0;147;147m[48;2;0;0;0m▅[38;2;0;147;147m[48;2;0;0;0m▃[38;2;0;147;147m[48;2;0;0;0m▃[38;2;0;147;147m[48;2;0;0;0m▂[38;2;0;147;147m[48;2;0;0;0m▂[38;2;0;147;147m[48;2;0;0;0m▁[38;2;0;0;0m[48;2;255;0;0m▆[38;2;0;0;0m[48;2;255;0;0m▅[38;2;0;0;0m[48;2;255;0;0m▂[38;2;127;0;0m[48;2;255;0;0m▁[38;2;127;0;0m[48;2;255;0;0m [38;2;255;0;0m[48;2;127;0;0m▆[38;2;255;0;0m[48;2;127;0;0m▆[38;2;255;0;0m[48;2;127;0;0m▅[38;2;255;0;0m[48;2;127;0;0m▃[38;2;255;0;0m[48;2;127;0;0m▃[38;2;127;0;0m[48;2;0;0;0m▌[38;2;255;255;255m[48;2;0;0;0m▝[38;2;0;0;0m[48;2;255;255;255m [38;2;0;0;0m[48;2;255;255;255m [38;2;0;0;0m[48;2;255;255;255m [38;2;0;0;0m[48;2;255;255;255m [38;2;0;0;0m[48;2;255;255;255m [38;2;0;0;0m[48;2;255;255;255m [38;2;0;0;0m[48;2;255;255;255m [38;2;0;0;0m[48;2;255;255;255m [38;2;0;0;0m[48;2;255;255;255m [38;2;0;0;0m[48;2;255;255;255m [38;2;0;0;0m[48;2;255;255;255m [38;2;0;0;0m[48;2;255;255;255m [38;2;0;0;0m[48;2;255;255;255m [38;2;0;0;0m[48;2;255;255;255m [38;2;0;0;0m[48;2;255;255;255m [38;2;0;0;0m[48;2;255;255;255m [38;2;0;0;0m[48;2;255;255;255m [38;2;0;0;0m[48;2;255;255;255m [38;2;0;0;0m[48;2;255;255;255m [38;2;0;0;0m[48;2;255;255;255m [38;2;0;0;0m[48;2;255;255;255m [38;2;0;0;0m[48;2;255;255;255m▃[38;2;0;0;0m[48;2;255;255;255m▅[38;2;0;0;0m[48;2;255;255;255m▆[38;2;0;0;0m[48;2;0;0;0m [38;2;0;0;0m[48;2;0;0;0m [38;2;0;0;0m[48;2;255;255;255m▂[38;2;0;0;0m[48;2;255;255;255m [38;2;0;0;0m[48;2;255;255;255m▁[38;2;0;0;0m[48;2;255;255;255m [38;2;0;0;0m[48;2;255;255;255m [38;2;0;0;0m[48;2;255;255;255m [38;2;0;0;0m[48;2;255;255;255m [38;2;0;0;0m[48;2;255;255;255m [38;2;0;0;0m[48;2;255;255;255m [38;2;0;0;0m[48;2;255;255;255m [38;2;0;0;0m[48;2;255;255;255m [38;2;0;0;0m[48;2;255;255;255m [38;2;0;0;0m[48;2;255;255;255m [38;2;0;0;0m[48;2;255;255;255m [38;2;0;0;0m[48;2;255;255;255m [38;2;0;0;0m[48;2;255;255;255m [38;2;0;0;0m[48;2;255;255;255m [38;2;0;0;0m[48;2;255;255;255m [38;2;0;0;0m[48;2;255;255;255m [38;2;0;0;0m[48;2;255;255;255m [38;2;0;0;0m[48;2;255;255;255m [38;2;127;127;127m[48;2;255;255;255m▝[38;2;127;127;127m[48;2;0;0;0m▌[38;2;127;127;127m[48;2;0;0;0m [38;2;0;0;0m[48;2;0;147;147m [38;2;0;0;0m[48;2;0;147;147m [0m
[38;2;0;0;0m[48;2;0;147;147m [38;2;0;0;0m[48;2;0;147;147m [38;2;0;0;0m[48;2;0;147;147m [38;2;0;0;0m[48;2;0;147;147m [38;2;0;0;0m[48;2;0;147;147m [38;2;0;0;0m[48;2;0;147;147m [38;2;0;0;0m[48;2;0;147;147m [38;2;0;0;0m[48;2;0;147;147m [38;2;0;0;0m[48;2;0;147;147m [38;2;0;0;0m[48;2;0;147;147m [38;2;0;0;0m[48;2;0;147;147m [38;2;0;0;0m[48;2;0;147;147m [38;2;0;0;0m[48;2;0;147;147m [38;2;0;0;0m[48;2;0;147;147m [38;2;0;0;0m[48;2;0;147;147m [38;2;0;0;0m[48;2;0;147;147m [38;2;0;147;147m[48;2;0;0;0m▇[38;2;0;147;147m[48;2;0;0;0m▆[38;2;0;147;147m[48;2;0;0;0m▄[38;2;0;147;147m[48;2;0;0;0m▃[38;2;0;147;147m[48;2;0;0;0m▂[38;2;0;147;147m[48;2;0;0;0m▂[38;2;0;0;0m[48;2;255;0;0m▇[38;2;0;0;0m[48;2;255;0;0m▆[38;2;0;0;0m[48;2;255;0;0m▆[38;2;0;0;0m[48;2;127;0;0m▆[38;2;0;0;0m[48;2;127;0;0m▀[38;2;0;0;0m[48;2;0;0;0m [38;2;255;255;255m[48;2;0;0;0m▝[38;2;0;0;0m[48;2;255;255;255m [38;2;0;0;0m[48;2;255;255;255m [38;2;0;0;0m[48;2;255;255;255m [38;2;0;0;0m[48;2;255;255;255m [38;2;0;0;0m[48;2;255;255;255m [38;2;0;0;0m[48;2;255;255;255m [38;2;255;255;255m[48;2;0;0;0m▌[38;2;255;255;255m[48;2;0;0;0m▐[38;2;0;0;0m[48;2;255;255;255m [38;2;0;0;0m[48;2;255;255;255m [38;2;0;0;0m[48;2;255;255;255m [38;2;0;0;0m[48;2;255;255;255m [38;2;0;0;0m[48;2;255;255;255m [38;2;0;0;0m[48;2;255;255;255m [38;2;0;0;0m[48;2;255;255;255m [38;2;0;0;0m[48;2;255;255;255m [38;2;0;0;0m[48;2;255;255;255m▁[38;2;0;0;0m[48;2;255;255;255m▅[38;2;0;0;0m[48;2;255;255;255m▆[38;2;0;147;147m[48;2;0;0;0m▂[38;2;0;147;147m[48;2;0;0;0m▅[38;2;0;0;0m[48;2;0;147;147m [38;2;0;147;147m[48;2;0;0;0m▇[38;2;0;147;147m[48;2;0;0;0m▆[38;2;0;147;147m[48;2;0;0;0m▆[38;2;0;147;147m[48;2;0;0;0m▅[38;2;0;147;147m[48;2;0;0;0m▄[38;2;0;147;147m[48;2;0;0;0m▃[38;2;0;147;147m[48;2;0;0;0m▁[38;2;0;0;0m[48;2;255;255;255m▆[38;2;0;0;0m[48;2;255;255;255m▅[38;2;0;0;0m[48;2;255;255;255m▂[38;2;0;0;0m[48;2;255;255;255m [38;2;0;0;0m[48;2;255;255;255m [38;2;0;0;0m[48;2;255;255;255m [38;2;0;0;0m[48;2;255;255;255m [38;2;0;0;0m[48;2;255;255;255m [38;2;0;0;0m[48;2;255;255;255m [38;2;0;0;0m[48;2;255;255;255m [38;2;0;0;0m[48;2;255;255;255m [38;2;0;0;0m[48;2;255;255;255m [38;2;0;0;0m[48;2;255;255;255m [38;2;0;0;0m[48;2;255;255;255m [38;2;0;0;0m[48;2;255;255;255m [38;2;0;0;0m[48;2;255;255;255m [38;2;0;0;0m[48;2;255;255;255m [38;2;0;0;0m[48;2;255;255;255m [38;2;255;255;255m[48;2;127;127;127m▖[38;2;127;127;127m[48;2;0;0;0m▎[38;2;0;147;147m[48;2;0;0;0m▝[38;2;0;0;0m[48;2;0;147;147m [0m
[38;2;0;0;0m[48;2;0;147;147m [38;2;0;0;0m[48;2;0;147;147m [38;2;0;0;0m[48;2;0;147;147m [38;2;0;0;0m[48;2;0;147;147m [38;2;0;0;0m[48;2;0;147;147m [38;2;0;0;0m[48;2;0;147;147m [38;2;0;0;0m[48;2;0;147;147m [38;2;0;0;0m[48;2;0;147;147m [38;2;0;0;0m[48;2;0;147;147m [38;2;0;0;0m[48;2;0;147;147m [38;2;0;0;0m[48;2;0;147;147m [38;2;0;0;0m[48;2;0;147;147m [38;2;0;0;0m[48;2;0;147;147m [38;2;0;0;0m[48;2;0;147;147m [38;2;0;0;0m[48;2;0;147;147m [38;2;0;0;0m[48;2;0;147;147m [38;2;0;0;0m[48;2;0;147;147m [38;2;0;0;0m[48;2;0;147;147m [38;2;0;0;0m[48;2;0;147;147m [38;2;0;0;0m[48;2;0;147;147m [38;2;0;0;0m[48;2;0;147;147m [38;2;0;147;147m[48;2;0;71;71m▌[38;2;0;0;0m[48;2;0;0;0m [38;2;127;0;0m[48;2;0;0;0m▝[38;2;0;0;0m[48;2;127;0;0m [38;2;0;0;0m[48;2;127;0;0m [38;2;0;0;0m[48;2;127;0;0m [38;2;0;0;0m[48;2;127;0;0m [38;2;0;0;0m[48;2;0;0;0m [38;2;255;255;255m[48;2;0;0;0m▝[38;2;0;0;0m[48;2;255;255;255m [38;2;0;0;0m[48;2;255;255;255m [38;2;0;0;0m[48;2;255;255;255m [38;2;0;0;0m[48;2;255;255;255m [38;2;0;0;0m[48;2;255;255;255m [38;2;255;255;255m[48;2;0;0;0m▌[38;2;0;0;0m[48;2;255;255;255m▊[38;2;0;0;0m[48;2;255;255;255m [38;2;0;0;0m[48;2;255;255;255m [38;2;0;0;0m[48;2;255;255;255m [38;2;0;0;0m[48;2;255;255;255m [38;2;0;0;0m[48;2;255;255;255m [38;2;0;0;0m[48;2;255;255;255m [38;2;0;0;0m[48;2;255;255;255m▃[38;2;0;0;0m[48;2;255;255;255m▆[38;2;0;147;147m[48;2;0;0;0m▂[38;2;0;147;147m[48;2;0;0;0m▄[38;2;0;0;0m[48;2;0;147;147m [38;2;0;0;0m[48;2;0;147;147m [38;2;0;0;0m[48;2;0;147;147m [38;2;0;0;0m[48;2;0;147;147m [38;2;0;0;0m[48;2;0;147;147m [38;2;0;0;0m[48;2;0;147;147m [38;2;0;0;0m[48;2;0;147;147m [38;2;0;0;0m[48;2;0;147;147m [38;2;0;0;0m[48;2;0;147;147m [38;2;0;0;0m[48;2;0;147;147m [38;2;0;0;0m[48;2;0;147;147m [38;2;0;0;0m[48;2;0;147;147m [38;2;0;147;147m[48;2;0;0;0m▆[38;2;0;147;147m[48;2;0;0;0m▄[38;2;0;147;147m[48;2;0;0;0m▂[38;2;0;0;0m[48;2;255;255;255m▆[38;2;0;0;0m[48;2;255;255;255m▅[38;2;0;0;0m[48;2;255;255;255m▂[38;2;0;0;0m[48;2;255;255;255m [38;2;0;0;0m[48;2;255;255;255m [38;2;0;0;0m[48;2;255;255;255m [38;2;0;0;0m[48;2;255;255;255m [38;2;0;0;0m[48;2;255;255;255m [38;2;0;0;0m[48;2;255;255;255m [38;2;0;0;0m[48;2;255;255;255m [38;2;0;0;0m[48;2;255;255;255m [38;2;0;0;0m[48;2;255;255;255m [38;2;0;0;0m[48;2;255;255;255m [38;2;0;0;0m[48;2;255;255;255m [38;2;0;0;0m[48;2;255;255;255m [38;2;255;255;255m[48;2;127;127;127m▖[38;2;127;127;127m[48;2;0;0;0m▖[38;2;0;147;147m[48;2;0;0;0m▝[0m
[38;2;0;0;0m[48;2;0;147;147m [38;2;0;0;0m[48;2;0;147;147m [38;2;0;0;0m[48;2;0;147;147m [38;2;0;0;0m[48;2;0;147;147m [38;2;0;0;0m[48;2;0;147;147m [38;2;0;0;0m[48;2;0;147;147m [38;2;0;0;0m[48;2;0;147;147m [38;2;0;0;0m[48;2;0;147;147m [38;2;0;0;0m[48;2;0;147;147m [38;2;0;0;0m[48;2;0;147;147m [38;2;0;0;0m[48;2;0;147;147m [38;2;0;0;0m[48;2;0;147;147m [38;2;0;0;0m[48;2;0;147;147m [38;2;0;0;0m[48;2;0;147;147m [38;2;0;0;0m[48;2;0;147;147m [38;2;0;0;0m[48;2;0;147;147m [38;2;0;0;0m[48;2;0;147;147m [38;2;0;0;0m[48;2;0;147;147m [38;2;0;0;0m[48;2;0;147;147m [38;2;0;0;0m[48;2;0;147;147m [38;2;0;0;0m[48;2;0;147;147m [38;2;0;147;147m[48;2;0;0;0m▎[38;2;0;0;0m[48;2;255;255;255m▊[38;2;0;0;0m[48;2;0;0;0m [38;2;71;0;0m[48;2;127;0;0m▌[38;2;71;0;0m[48;2;127;0;0m [38;2;71;0;0m[48;2;127;0;0m [38;2;71;0;0m[48;2;127;0;0m [38;2;71;0;0m[48;2;127;0;0m [38;2;0;0;0m[48;2;0;0;0m [38;2;0;0;0m[48;2;255;255;255m▌[38;2;0;0;0m[48;2;255;255;255m [38;2;0;0;0m[48;2;255;255;255m [38;2;0;0;0m[48;2;255;255;255m [38;2;0;0;0m[48;2;255;255;255m [38;2;0;0;0m[48;2;255;255;255m [38;2;0;0;0m[48;2;0;0;0m [38;2;0;0;0m[48;2;255;255;255m▖[38;2;0;0;0m[48;2;255;255;255m [38;2;0;0;0m[48;2;255;255;255m [38;2;0;0;0m[48;2;255;255;255m▃[38;2;0;0;0m[48;2;255;255;255m▅[38;2;0;71;71m[48;2;0;0;0m▁[38;2;0;147;147m[48;2;0;0;0m▅[38;2;0;0;0m[48;2;0;147;147m [38;2;0;0;0m[48;2;0;147;147m [38;2;0;0;0m[48;2;0;147;147m [38;2;0;0;0m[48;2;0;147;147m [38;2;0;0;0m[48;2;0;147;147m [38;2;0;0;0m[48;2;0;147;147m [38;2;0;0;0m[48;2;0;147;147m [38;2;0;0;0m[48;2;0;147;147m [38;2;0;0;0m[48;2;0;147;147m [38;2;0;0;0m[48;2;0;147;147m [38;2;0;0;0m[48;2;0;147;147m [38;2;0;0;0m[48;2;0;147;147m [38;2;0;0;0m[48;2;0;147;147m [38;2;0;0;0m[48;2;0;147;147m [38;2;0;0;0m[48;2;0;147;147m [38;2;0;0;0m[48;2;0;147;147m [38;2;0;0;0m[48;2;0;147;147m [38;2;0;0;0m[48;2;0;147;147m [38;2;0;0;0m[48;2;0;147;147m [38;2;0;147;147m[48;2;0;0;0m▆[38;2;0;147;147m[48;2;0;0;0m▄[38;2;0;147;147m[48;2;0;0;0m▁[38;2;0;0;0m[48;2;255;255;255m▆[38;2;0;0;0m[48;2;255;255;255m▃[38;2;0;0;0m[48;2;255;255;255m [38;2;0;0;0m[48;2;255;255;255m [38;2;0;0;0m[48;2;255;255;255m [38;2;0;0;0m[48;2;255;255;255m [38;2;0;0;0m[48;2;255;255;255m [38;2;0;0;0m[48;2;255;255;255m [38;2;0;0;0m[48;2;255;255;255m [38;2;0;0;0m[48;2;255;255;255m [38;2;0;0;0m[48;2;255;255;255m [38;2;0;0;0m[48;2;255;255;255m [38;2;255;255;255m[48;2;127;127;127m▅[38;2;127;127;127m[48;2;0;0;0m▖[0m
[38;2;0;0;0m[48;2;0;147;147m [38;2;0;0;0m[48;2;0;147;147m [38;2;0;0;0m[48;2;0;147;147m [38;2;0;0;0m[48;2;0;147;147m [38;2;0;0;0m[48;2;0;147;147m [38;2;0;0;0m[48;2;0;147;147m [38;2;0;0;0m[48;2;0;147;147m [38;2;0;0;0m[48;2;0;147;147m [38;2;0;0;0m[48;2;0;147;147m [38;2;0;0;0m[48;2;0;147;147m [38;2;0;0;0m[48;2;0;147;147m [38;2;0;0;0m[48;2;0;147;147m [38;2;0;0;0m[48;2;0;147;147m [38;2;0;0;0m[48;2;0;147;147m [38;2;0;0;0m[48;2;0;147;147m [38;2;0;0;0m[48;2;0;147;147m [38;2;0;0;0m[48;2;0;147;147m [38;2;0;0;0m[48;2;0;147;147m [38;2;0;0;0m[48;2;0;147;147m [38;2;0;0;0m[48;2;0;147;147m [38;2;0;0;0m[48;2;0;147;147m [38;2;0;147;147m[48;2;0;71;71m▌[38;2;0;0;0m[48;2;0;0;0m [38;2;0;0;0m[48;2;255;255;255m▝[38;2;0;0;0m[48;2;0;0;0m [38;2;0;0;0m[48;2;127;0;0m▃[38;2;0;0;0m[48;2;127;0;0m [38;2;0;0;0m[48;2;127;0;0m [38;2;0;0;0m[48;2;127;0;0m [38;2;0;0;0m[48;2;127;0;0m▐[38;2;0;0;0m[48;2;255;255;255m▊[38;2;0;0;0m[48;2;255;255;255m [38;2;0;0;0m[48;2;255;255;255m [38;2;0;0;0m[48;2;255;255;255m [38;2;0;0;0m[48;2;255;255;255m [38;2;0;0;0m[48;2;255;255;255m [38;2;0;0;0m[48;2;255;255;255m▐[38;2;0;0;0m[48;2;0;0;0m [38;2;0;0;0m[48;2;255;255;255m▃[38;2;0;0;0m[48;2;255;255;255m▆[38;2;0;147;147m[48;2;0;0;0m▃[38;2;0;147;147m[48;2;0;0;0m▆[38;2;0;0;0m[48;2;0;147;147m [38;2;0;0;0m[48;2;0;147;147m [38;2;0;0;0m[48;2;0;147;147m [38;2;0;0;0m[48;2;0;147;147m [38;2;0;0;0m[48;2;0;147;147m [38;2;0;0;0m[48;2;255;255;255m [38;2;255;255;255m[48;2;0;147;147m▃[38;2;255;255;255m[48;2;0;147;147m [38;2;0;0;0m[48;2;255;255;255m [38;2;0;0;0m[48;2;0;147;147m [38;2;255;255;255m[48;2;0;147;147m▄[38;2;255;255;255m[48;2;0;147;147m▀[38;2;255;255;255m[48;2;0;147;147m▀[38;2;255;255;255m[48;2;0;147;147m▄[38;2;255;255;255m[48;2;0;147;147m [38;2;255;255;255m[48;2;0;147;147m [38;2;255;255;255m[48;2;0;147;147m [38;2;255;255;255m[48;2;0;147;147m [38;2;255;255;255m[48;2;0;147;147m [38;2;255;255;255m[48;2;0;147;147m [38;2;255;255;255m[48;2;0;147;147m [38;2;255;255;255m[48;2;0;147;147m [38;2;255;255;255m[48;2;0;147;147m [38;2;255;255;255m[48;2;0;147;147m [38;2;255;255;255m[48;2;0;147;147m [38;2;0;147;147m[48;2;0;0;0m▄[38;2;0;147;147m[48;2;0;0;0m▁[38;2;0;0;0m[48;2;255;255;255m▅[38;2;0;0;0m[48;2;255;255;255m▂[38;2;0;0;0m[48;2;255;255;255m [38;2;0;0;0m[48;2;255;255;255m [38;2;0;0;0m[48;2;255;255;255m [38;2;0;0;0m[48;2;255;255;255m [38;2;0;0;0m[48;2;255;255;255m [38;2;0;0;0m[48;2;255;255;255m [38;2;0;0;0m[48;2;255;255;255m [38;2;0;0;0m[48;2;255;255;255m [38;2;255;255;255m[48;2;127;127;127m▌[0m
[38;2;0;0;0m[48;2;0;147;147m [38;2;0;0;0m[48;2;0;147;147m [38;2;0;0;0m[48;2;0;147;147m [38;2;0;0;0m[48;2;0;147;147m [38;2;0;0;0m[48;2;0;147;147m [38;2;0;0;0m[48;2;0;147;147m [38;2;0;0;0m[48;2;0;147;147m [38;2;0;0;0m[48;2;0;147;147m [38;2;0;0;0m[48;2;0;147;147m [38;2;0;0;0m[48;2;0;147;147m [38;2;0;0;0m[48;2;0;147;147m [38;2;0;0;0m[48;2;0;147;147m [38;2;0;0;0m[48;2;0;147;147m [38;2;0;0;0m[48;2;0;147;147m [38;2;0;0;0m[48;2;0;147;147m [38;2;0;0;0m[48;2;0;147;147m [38;2;0;0;0m[48;2;0;147;147m [38;2;0;0;0m[48;2;0;147;147m [38;2;0;0;0m[48;2;0;147;147m [38;2;0;0;0m[48;2;0;147;147m [38;2;0;0;0m[48;2;0;147;147m [38;2;0;0;0m[48;2;0;147;147m [38;2;0;147;147m[48;2;0;0;0m▁[38;2;255;255;255m[48;2;0;0;0m▝[38;2;255;255;255m[48;2;0;0;0m▙[38;2;255;255;255m[48;2;0;0;0m▂[38;2;255;255;255m[48;2;0;0;0m [38;2;0;0;0m[48;2;127;0;0m▅[38;2;0;0;0m[48;2;127;0;0m▃[38;2;0;0;0m[48;2;127;0;0m▟[38;2;0;0;0m[48;2;255;255;255m▊[38;2;0;0;0m[48;2;255;255;255m [38;2;0;0;0m[48;2;255;255;255m [38;2;0;0;0m[48;2;255;255;255m [38;2;0;0;0m[48;2;255;255;255m [38;2;0;0;0m[48;2;255;255;255m [38;2;0;0;0m[48;2;255;255;255m [38;2;0;0;0m[48;2;255;255;255m▜[38;2;0;0;0m[48;2;0;147;147m▊[38;2;0;0;0m[48;2;0;147;147m [38;2;0;0;0m[48;2;0;147;147m [38;2;0;0;0m[48;2;0;147;147m [38;2;0;0;0m[48;2;0;147;147m [38;2;0;0;0m[48;2;0;147;147m [38;2;0;0;0m[48;2;0;147;147m [38;2;0;0;0m[48;2;0;147;147m [38;2;0;0;0m[48;2;0;147;147m [38;2;0;0;0m[48;2;255;255;255m [38;2;0;147;147m[48;2;255;255;255m▃[38;2;0;147;147m[48;2;255;255;255m▀[38;2;0;147;147m[48;2;255;255;255m [38;2;0;0;0m[48;2;0;147;147m [38;2;0;0;0m[48;2;255;255;255m [38;2;0;0;0m[48;2;0;147;147m [38;2;0;0;0m[48;2;0;147;147m [38;2;0;0;0m[48;2;255;255;255m [38;2;0;0;0m[48;2;0;147;147m [38;2;0;0;0m[48;2;0;147;147m [38;2;0;0;0m[48;2;0;147;147m [38;2;0;0;0m[48;2;0;147;147m [38;2;0;0;0m[48;2;0;147;147m [38;2;0;0;0m[48;2;0;147;147m [38;2;0;0;0m[48;2;0;147;147m [38;2;0;0;0m[48;2;0;147;147m [38;2;0;0;0m[48;2;0;147;147m [38;2;0;0;0m[48;2;0;147;147m [38;2;0;0;0m[48;2;0;147;147m [38;2;0;0;0m[48;2;0;147;147m [38;2;0;0;0m[48;2;0;147;147m [38;2;0;147;147m[48;2;0;0;0m▆[38;2;0;147;147m[48;2;0;0;0m▖[38;2;0;0;0m[48;2;255;255;255m▆[38;2;0;0;0m[48;2;255;255;255m▖[38;2;0;0;0m[48;2;255;255;255m [38;2;0;0;0m[48;2;255;255;255m [38;2;0;0;0m[48;2;255;255;255m [38;2;0;0;0m[48;2;255;255;255m [38;2;0;0;0m[48;2;255;255;255m [38;2;0;0;0m[48;2;255;255;255m [38;2;0;0;0m[48;2;255;255;255m [0m
[38;2;0;0;0m[48;2;0;147;147m [38;2;0;0;0m[48;2;0;147;147m [38;2;0;0;0m[48;2;0;147;147m [38;2;0;0;0m[48;2;0;147;147m [38;2;0;0;0m[48;2;0;147;147m [38;2;0;0;0m[48;2;0;147;147m [38;2;0;0;0m[48;2;0;147;147m [38;2;0;0;0m[48;2;0;147;147m [38;2;0;0;0m[48;2;0;147;147m [38;2;0;0;0m[48;2;0;147;147m [38;2;0;0;0m[48;2;0;147;147m [38;2;0;0;0m[48;2;0;147;147m [38;2;0;0;0m[48;2;0;147;147m [38;2;0;0;0m[48;2;0;147;147m [38;2;0;0;0m[48;2;0;147;147m [38;2;0;0;0m[48;2;0;147;147m [38;2;0;0;0m[48;2;0;147;147m [38;2;0;0;0m[48;2;0;147;147m [38;2;0;0;0m[48;2;0;147;147m [38;2;0;0;0m[48;2;0;147;147m [38;2;0;0;0m[48;2;0;147;147m [38;2;0;0;0m[48;2;0;147;147m [38;2;0;0;0m[48;2;0;147;147m [38;2;0;0;0m[48;2;0;0;0m [38;2;0;0;0m[48;2;255;255;255m▅[38;2;0;0;0m[48;2;255;255;255m [38;2;0;0;0m[48;2;255;255;255m [38;2;255;255;255m[48;2;0;0;0m▅[38;2;255;255;255m[48;2;0;0;0m▅[38;2;255;255;255m[48;2;0;0;0m▆[38;2;0;0;0m[48;2;255;255;255m [38;2;0;0;0m[48;2;255;255;255m [38;2;0;0;0m[48;2;255;255;255m [38;2;0;0;0m[48;2;255;255;255m [38;2;0;0;0m[48;2;255;255;255m [38;2;0;0;0m[48;2;255;255;255m [38;2;0;0;0m[48;2;255;255;255m [38;2;255;255;255m[48;2;0;0;0m▌[38;2;0;0;0m[48;2;0;147;147m▊[38;2;0;0;0m[48;2;0;147;147m [38;2;0;0;0m[48;2;0;147;147m [38;2;0;0;0m[48;2;0;147;147m [38;2;0;0;0m[48;2;0;147;147m [38;2;0;0;0m[48;2;0;147;147m [38;2;0;0;0m[48;2;0;147;147m [38;2;0;0;0m[48;2;0;147;147m [38;2;0;0;0m[48;2;0;147;147m [38;2;0;0;0m[48;2;255;255;255m [38;2;0;0;0m[48;2;0;147;147m [38;2;0;147;147m[48;2;255;255;255m▄[38;2;0;147;147m[48;2;255;255;255m [38;2;0;0;0m[48;2;0;147;147m [38;2;0;147;147m[48;2;255;255;255m▄[38;2;0;147;147m[48;2;255;255;255m▀[38;2;0;147;147m[48;2;255;255;255m▀[38;2;0;147;147m[48;2;255;255;255m▄[38;2;0;0;0m[48;2;0;147;147m [38;2;0;0;0m[48;2;0;147;147m [38;2;0;0;0m[48;2;0;147;147m [38;2;0;0;0m[48;2;0;147;147m [38;2;0;0;0m[48;2;0;147;147m [38;2;0;0;0m[48;2;0;147;147m [38;2;0;0;0m[48;2;0;147;147m [38;2;0;0;0m[48;2;0;147;147m [38;2;0;0;0m[48;2;0;147;147m [38;2;0;0;0m[48;2;0;147;147m [38;2;0;0;0m[48;2;0;147;147m [38;2;0;0;0m[48;2;0;147;147m [38;2;0;0;0m[48;2;0;147;147m [38;2;0;0;0m[48;2;0;147;147m [38;2;0;0;0m[48;2;0;147;147m [38;2;0;147;147m[48;2;0;0;0m▅[38;2;0;147;147m[48;2;0;0;0m▁[38;2;255;255;255m[48;2;0;0;0m▝[38;2;0;0;0m[48;2;255;255;255m [38;2;0;0;0m[48;2;255;255;255m [38;2;0;0;0m[48;2;255;255;255m [38;2;0;0;0m[48;2;255;255;255m [38;2;0;0;0m[48;2;255;255;255m [38;2;0;0;0m[48;2;255;255;255m [0m
[38;2;0;0;0m[48;2;0;147;147m [38;2;0;0;0m[48;2;0;147;147m [38;2;0;0;0m[48;2;0;147;147m [38;2;0;0;0m[48;2;0;147;147m [38;2;0;0;0m[48;2;0;147;147m [38;2;0;0;0m[48;2;0;147;147m [38;2;0;0;0m[48;2;0;147;147m [38;2;0;0;0m[48;2;0;147;147m [38;2;0;0;0m[48;2;0;147;147m [38;2;0;0;0m[48;2;0;147;147m [38;2;0;0;0m[48;2;0;147;147m [38;2;0;0;0m[48;2;0;147;147m [38;2;0;0;0m[48;2;0;147;147m [38;2;0;0;0m[48;2;0;147;147m [38;2;0;0;0m[48;2;0;147;147m [38;2;0;0;0m[48;2;0;147;147m [38;2;0;0;0m[48;2;0;147;147m [38;2;0;0;0m[48;2;0;147;147m [38;2;0;0;0m[48;2;0;147;147m [38;2;0;0;0m[48;2;0;147;147m [38;2;0;0;0m[48;2;0;147;147m [38;2;0;0;0m[48;2;0;147;147m [38;2;0;0;0m[48;2;0;147;147m [38;2;0;0;0m[48;2;0;147;147m [38;2;0;147;147m[48;2;0;0;0m▃[38;2;255;255;255m[48;2;0;0;0m▝[38;2;0;0;0m[48;2;255;255;255m▂[38;2;0;0;0m[48;2;255;255;255m [38;2;0;0;0m[48;2;255;255;255m [38;2;0;0;0m[48;2;255;255;255m [38;2;0;0;0m[48;2;255;255;255m [38;2;0;0;0m[48;2;255;255;255m [38;2;0;0;0m[48;2;255;255;255m [38;2;0;0;0m[48;2;255;255;255m [38;2;0;0;0m[48;2;255;255;255m [38;2;0;0;0m[48;2;255;255;255m [38;2;0;0;0m[48;2;255;255;255m [38;2;0;0;0m[48;2;0;0;0m [38;2;0;0;0m[48;2;0;147;147m▌[38;2;0;0;0m[48;2;0;147;147m [38;2;0;0;0m[48;2;0;147;147m [38;2;0;0;0m[48;2;0;147;147m [38;2;0;0;0m[48;2;0;147;147m [38;2;0;0;0m[48;2;0;147;147m [38;2;0;0;0m[48;2;0;147;147m [38;2;0;0;0m[48;2;0;147;147m [38;2;0;0;0m[48;2;0;147;147m [38;2;0;0;0m[48;2;0;147;147m [38;2;0;0;0m[48;2;0;147;147m [38;2;0;0;0m[48;2;0;147;147m [38;2;0;0;0m[48;2;0;147;147m [38;2;0;0;0m[48;2;0;147;147m [38;2;0;0;0m[48;2;0;147;147m [38;2;0;0;0m[48;2;0;147;147m [38;2;0;0;0m[48;2;0;147;147m [38;2;0;0;0m[48;2;0;147;147m [38;2;0;0;0m[48;2;0;147;147m [38;2;0;0;0m[48;2;0;147;147m [38;2;0;0;0m[48;2;0;147;147m [38;2;0;0;0m[48;2;0;147;147m [38;2;0;0;0m[48;2;0;147;147m [38;2;0;0;0m[48;2;0;147;147m [38;2;0;0;0m[48;2;0;147;147m [38;2;0;0;0m[48;2;0;147;147m [38;2;0;0;0m[48;2;0;147;147m [38;2;0;0;0m[48;2;0;147;147m [38;2;0;0;0m[48;2;0;147;147m [38;2;0;0;0m[48;2;0;147;147m [38;2;0;0;0m[48;2;0;147;147m [38;2;0;0;0m[48;2;0;147;147m [38;2;0;0;0m[48;2;0;147;147m [38;2;0;0;0m[48;2;0;147;147m [38;2;0;0;0m[48;2;0;147;147m [38;2;0;0;0m[48;2;0;147;147m▝[38;2;0;147;147m[48;2;0;0;0m▁[38;2;255;255;255m[48;2;0;0;0m▝[38;2;0;0;0m[48;2;255;255;255m [38;2;0;0;0m[48;2;255;255;255m [38;2;0;0;0m[48;2;255;255;255m [38;2;0;0;0m[48;2;255;255;255m [0m
[38;2;0;0;0m[48;2;0;147;147m [38;2;0;0;0m[48;2;0;147;147m [38;2;0;0;0m[48;2;0;147;147m [38;2;0;0;0m[48;2;0;147;147m [38;2;0;0;0m[48;2;0;147;147m [38;2;0;0;0m[48;2;0;147;147m [38;2;0;0;0m[48;2;0;147;147m [38;2;0;0;0m[48;2;0;147;147m [38;2;0;0;0m[48;2;0;147;147m [38;2;0;0;0m[48;2;0;147;147m [38;2;0;0;0m[48;2;0;147;147m [38;2;0;0;0m[48;2;0;147;147m [38;2;0;0;0m[48;2;0;147;147m [38;2;0;0;0m[48;2;0;147;147m [38;2;0;0;0m[48;2;0;147;147m [38;2;0;0;0m[48;2;0;147;147m [38;2;0;0;0m[48;2;0;147;147m [38;2;0;0;0m[48;2;0;147;147m [38;2;0;0;0m[48;2;0;147;147m [38;2;0;0;0m[48;2;0;147;147m [38;2;0;0;0m[48;2;0;147;147m [38;2;0;0;0m[48;2;0;147;147m [38;2;0;0;0m[48;2;0;147;147m [38;2;0;0;0m[48;2;0;147;147m [38;2;0;0;0m[48;2;0;147;147m [38;2;0;147;147m[48;2;0;0;0m▆[38;2;0;147;147m[48;2;0;0;0m▃[38;2;0;147;147m[48;2;0;0;0m [38;2;0;0;0m[48;2;255;255;255m▅[38;2;0;0;0m[48;2;255;255;255m▃[38;2;0;0;0m[48;2;255;255;255m▁[38;2;0;0;0m[48;2;255;255;255m▁[38;2;0;0;0m[48;2;255;255;255m [38;2;0;0;0m[48;2;255;255;255m [38;2;0;0;0m[48;2;255;255;255m▁[38;2;0;0;0m[48;2;255;255;255m▁[38;2;0;0;0m[48;2;255;255;255m▆[38;2;0;147;147m[48;2;0;0;0m▃[38;2;0;0;0m[48;2;0;147;147m [38;2;0;0;0m[48;2;0;147;147m [38;2;0;0;0m[48;2;0;147;147m [38;2;0;0;0m[48;2;0;147;147m [38;2;0;0;0m[48;2;0;147;147m [38;2;0;0;0m[48;2;0;147;147m [38;2;0;0;0m[48;2;0;147;147m [38;2;0;0;0m[48;2;0;147;147m [38;2;0;0;0m[48;2;0;147;147m [38;2;0;0;0m[48;2;0;147;147m [38;2;0;0;0m[48;2;0;147;147m [38;2;0;0;0m[48;2;0;147;147m [38;2;0;0;0m[48;2;0;147;147m [38;2;0;0;0m[48;2;0;147;147m [38;2;0;0;0m[48;2;0;147;147m [38;2;0;0;0m[48;2;0;147;147m [38;2;0;0;0m[48;2;0;147;147m [38;2;0;0;0m[48;2;0;147;147m [38;2;0;0;0m[48;2;0;147;147m [38;2;0;0;0m[48;2;0;147;147m [38;2;0;0;0m[48;2;0;147;147m [38;2;0;0;0m[48;2;0;147;147m [38;2;0;0;0m[48;2;0;147;147m [38;2;0;0;0m[48;2;0;147;147m [38;2;0;0;0m[48;2;0;147;147m [38;2;0;0;0m[48;2;0;147;147m [38;2;0;0;0m[48;2;0;147;147m [38;2;0;0;0m[48;2;0;147;147m [38;2;0;0;0m[48;2;0;147;147m [38;2;0;0;0m[48;2;0;147;147m [38;2;0;0;0m[48;2;0;147;147m [38;2;0;0;0m[48;2;0;147;147m [38;2;0;0;0m[48;2;0;147;147m [38;2;0;0;0m[48;2;0;147;147m [38;2;0;0;0m[48;2;0;147;147m [38;2;0;0;0m[48;2;0;147;147m [38;2;0;0;0m[48;2;0;147;147m [38;2;0;147;147m[48;2;0;0;0m▃[38;2;0;147;147m[48;2;0;0;0m [38;2;0;0;0m[48;2;255;255;255m▃[38;2;0;0;0m[48;2;255;255;255m [38;2;0;0;0m[48;2;255;255;255m [0m
[38;2;0;0;0m[48;2;0;147;147m [38;2;0;0;0m[48;2;0;147;147m [38;2;0;0;0m[48;2;0;147;147m [38;2;0;0;0m[48;2;0;147;147m [38;2;0;0;0m[48;2;0;147;147m [38;2;0;0;0m[48;2;0;147;147m [38;2;0;0;0m[48;2;0;147;147m [38;2;0;0;0m[48;2;0;147;147m [38;2;0;0;0m[48;2;0;147;147m [38;2;0;0;0m[48;2;0;147;147m [38;2;0;0;0m[48;2;0;147;147m [38;2;0;0;0m[48;2;0;147;147m [38;2;0;0;0m[48;2;0;147;147m [38;2;0;0;0m[48;2;0;147;147m [38;2;0;0;0m[48;2;0;147;147m [38;2;0;0;0m[48;2;0;147;147m [38;2;0;0;0m[48;2;0;147;147m [38;2;0;0;0m[48;2;0;147;147m [38;2;0;0;0m[48;2;0;147;147m [38;2;0;0;0m[48;2;0;147;147m [38;2;0;0;0m[48;2;0;147;147m [38;2;0;0;0m[48;2;0;147;147m [38;2;0;0;0m[48;2;0;147;147m [38;2;0;0;0m[48;2;0;147;147m [38;2;0;0;0m[48;2;0;147;147m [38;2;0;0;0m[48;2;0;147;147m [38;2;0;0;0m[48;2;0;147;147m [38;2;0;0;0m[48;2;0;147;147m [38;2;0;147;147m[48;2;0;0;0m▇[38;2;0;147;147m[48;2;0;0;0m▅[38;2;0;147;147m[48;2;0;0;0m▄[38;2;0;147;147m[48;2;0;0;0m▃[38;2;0;147;147m[48;2;0;0;0m▃[38;2;0;147;147m[48;2;0;0;0m▂[38;2;0;147;147m[48;2;0;0;0m▃[38;2;0;147;147m[48;2;0;0;0m▄[38;2;0;147;147m[48;2;0;0;0m▅[38;2;0;0;0m[48;2;0;147;147m [38;2;0;0;0m[48;2;0;147;147m [38;2;0;0;0m[48;2;0;147;147m [38;2;0;0;0m[48;2;0;147;147m [38;2;0;0;0m[48;2;0;147;147m [38;2;0;0;0m[48;2;0;147;147m [38;2;0;0;0m[48;2;0;147;147m [38;2;0;0;0m[48;2;0;147;147m [38;2;0;0;0m[48;2;0;147;147m [38;2;0;0;0m[48;2;0;147;147m [38;2;0;0;0m[48;2;0;147;147m [38;2;0;0;0m[48;2;0;147;147m [38;2;0;0;0m[48;2;0;147;147m [38;2;0;0;0m[48;2;0;147;147m [38;2;0;0;0m[48;2;0;147;147m [38;2;0;0;0m[48;2;0;147;147m [38;2;0;0;0m[48;2;0;147;147m [38;2;0;0;0m[48;2;0;147;147m [38;2;0;0;0m[48;2;0;147;147m [38;2;0;0;0m[48;2;0;147;147m [38;2;0;0;0m[48;2;0;147;147m [38;2;0;0;0m[48;2;0;147;147m [38;2;0;0;0m[48;2;0;147;147m [38;2;0;0;0m[48;2;0;147;147m [38;2;0;0;0m[48;2;0;147;147m [38;2;0;0;0m[48;2;0;147;147m [38;2;0;0;0m[48;2;0;147;147m [38;2;0;0;0m[48;2;0;147;147m [38;2;0;0;0m[48;2;0;147;147m [38;2;0;0;0m[48;2;0;147;147m [38;2;0;0;0m[48;2;0;147;147m [38;2;0;0;0m[48;2;0;147;147m [38;2;0;0;0m[48;2;0;147;147m [38;2;0;0;0m[48;2;0;147;147m [38;2;0;0;0m[48;2;0;147;147m [38;2;0;0;0m[48;2;0;147;147m [38;2;0;0;0m[48;2;0;147;147m [38;2;0;0;0m[48;2;0;147;147m [38;2;0;0;0m[48;2;0;147;147m [38;2;0;0;0m[48;2;0;147;147m [38;2;0;147;147m[48;2;0;0;0m▂[38;2;0;0;0m[48;2;255;255;255m▆[38;2;0;0;0m[48;2;255;255;255m▖[0m
