[38;2;46;27;37m[48;2;255;255;255m▏[38;2;85;82;87m[48;2;255;255;255m▔[38;2;86;86;87m[48;2;255;255;255m▔[38;2;88;87;89m[48;2;255;255;255m▔[38;2;89;88;89m[48;2;255;255;255m▔[38;2;89;89;90m[48;2;255;255;255m▔[38;2;91;90;92m[48;2;255;255;255m▔[38;2;92;90;93m[48;2;255;255;255m▔[38;2;92;90;94m[48;2;255;255;255m▔[38;2;92;89;93m[48;2;255;255;255m▔[38;2;92;90;94m[48;2;255;255;255m▔[38;2;91;89;93m[48;2;255;255;255m▔[38;2;91;89;94m[48;2;255;255;255m▔[38;2;92;90;94m[48;2;255;255;255m▔[38;2;92;90;94m[48;2;255;255;255m▔[38;2;92;90;95m[48;2;255;255;255m▔[38;2;92;90;95m[48;2;255;255;255m▔[38;2;92;90;95m[48;2;255;255;255m▔[38;2;92;90;95m[48;2;255;255;255m▔[38;2;92;90;95m[48;2;255;255;255m▔[38;2;92;90;95m[48;2;255;255;255m▔[38;2;92;89;95m[48;2;255;255;255m▔[38;2;92;90;95m[48;2;255;255;255m▔[38;2;92;90;95m[48;2;255;255;255m▔[38;2;92;90;95m[48;2;255;255;255m▔[38;2;92;90;95m[48;2;255;255;255m▔[38;2;92;89;95m[48;2;255;255;255m▔[38;2;92;90;95m[48;2;255;255;255m▔[38;2;92;90;95m[48;2;255;255;255m▔[38;2;91;89;94m[48;2;255;255;255m▔[38;2;92;90;94m[48;2;255;255;255m▔[38;2;92;90;94m[48;2;255;255;255m▔[38;2;92;90;94m[48;2;255;255;255m▔[38;2;92;90;94m[48;2;255;255;255m▔[38;2;92;90;94m[48;2;255;255;255m▔[38;2;92;90;94m[48;2;255;255;255m▔[38;2;92;90;94m[48;2;255;255;255m▔[38;2;92;90;94m[48;2;255;255;255m▔[38;2;91;89;93m[48;2;255;255;255m▔[38;2;91;89;92m[48;2;255;255;255m▔[38;2;90;88;92m[48;2;255;255;255m▔[38;2;90;88;91m[48;2;255;255;255m▔[38;2;89;87;89m[48;2;255;255;255m▔[38;2;87;86;87m[48;2;255;255;255m▔[38;2;90;87;90m[48;2;255;255;255m▔[38;2;90;88;91m[48;2;255;255;255m▔[38;2;90;88;92m[48;2;255;255;255m▔[38;2;91;89;93m[48;2;255;255;255m▔[38;2;91;89;93m[48;2;255;255;255m▔[38;2;91;89;93m[48;2;255;255;255m▔[38;2;92;89;93m[48;2;255;255;255m▔[38;2;92;90;93m[48;2;255;255;255m▔[38;2;92;90;94m[48;2;255;255;255m▔[38;2;92;90;94m[48;2;255;255;255m▔[38;2;92;90;94m[48;2;255;255;255m▔[38;2;93;91;95m[48;2;255;255;255m▔[38;2;92;90;95m[48;2;255;255;255m▔[38;2;92;90;95m[48;2;255;255;255m▔[38;2;92;90;95m[48;2;255;255;255m▔[38;2;92;90;95m[48;2;255;255;255m▔[38;2;92;90;95m[48;2;255;255;255m▔[38;2;92;90;95m[48;2;255;255;255m▔[38;2;92;90;95m[48;2;255;255;255m▔[38;2;92;90;95m[48;2;255;255;255m▔[38;2;92;90;95m[48;2;255;255;255m▔[38;2;92;89;94m[48;2;255;255;255m▔[38;2;92;90;95m[48;2;255;255;255m▔[38;2;92;90;94m[48;2;255;255;255m▔[38;2;92;89;94m[48;2;255;255;255m▔[38;2;92;90;94m[48;2;255;255;255m▔[38;2;92;90;94m[48;2;255;255;255m▔[38;2;91;89;94m[48;2;255;255;255m▔[38;2;92;90;94m[48;2;255;255;255m▔[38;2;92;90;95m[48;2;255;255;255m▔[38;2;92;90;94m[48;2;255;255;255m▔[38;2;92;90;94m[48;2;255;255;255m▔[38;2;93;90;95m[48;2;255;255;255m▔[38;2;93;90;95m[48;2;255;255;255m▔[38;2;92;90;94m[48;2;255;255;255m▔[38;2;91;90;92m[48;2;255;255;255m▔[38;2;91;90;91m[48;2;255;255;255m▔[38;2;88;89;89m[48;2;255;255;255m▔[0m
[38;2;39;21;31m[48;2;255;255;255m▏[38;2;255;255;255m[48;2;255;255;255m▔[38;2;255;255;255m[48;2;255;255;255m▔[38;2;254;254;252m[48;2;254;254;253m▁[38;2;61;95;154m[48;2;254;254;254m▃[38;2;54;86;145m[48;2;254;254;254m▃[38;2;54;91;149m[48;2;254;254;254m▃[38;2;50;81;139m[48;2;254;254;254m▃[38;2;51;80;141m[48;2;255;255;255m▃[38;2;57;95;153m[48;2;255;255;255m▃[38;2;53;91;148m[48;2;254;255;255m▃[38;2;72;87;127m[48;2;254;254;255m▃[38;2;41;55;105m[48;2;254;255;255m▃[38;2;40;54;104m[48;2;254;255;255m▃[38;2;39;54;104m[48;2;255;255;255m▃[38;2;39;54;105m[48;2;254;255;255m▃[38;2;38;54;104m[48;2;254;255;255m▃[38;2;39;55;105m[48;2;254;255;255m▃[38;2;39;54;105m[48;2;254;255;255m▃[38;2;39;56;106m[48;2;254;255;255m▃[38;2;38;54;107m[48;2;254;255;255m▃[38;2;39;56;107m[48;2;254;255;255m▃[38;2;39;56;107m[48;2;254;255;255m▃[38;2;39;56;107m[48;2;255;255;255m▃[38;2;39;56;109m[48;2;254;255;255m▃[38;2;39;55;110m[48;2;254;255;255m▃[38;2;39;58;109m[48;2;254;255;255m▃[38;2;40;56;112m[48;2;254;255;255m▃[38;2;41;59;112m[48;2;254;255;255m▃[38;2;40;58;114m[48;2;254;255;255m▃[38;2;40;58;116m[48;2;254;255;255m▃[38;2;41;59;116m[48;2;254;255;255m▃[38;2;41;61;115m[48;2;254;255;255m▃[38;2;42;60;119m[48;2;254;255;255m▃[38;2;42;62;117m[48;2;254;255;255m▃[38;2;42;61;118m[48;2;254;255;255m▃[38;2;42;62;117m[48;2;254;255;255m▃[38;2;41;62;117m[48;2;254;255;255m▃[38;2;42;62;117m[48;2;254;255;255m▃[38;2;42;62;118m[48;2;255;255;255m▃[38;2;42;61;117m[48;2;255;255;255m▃[38;2;42;61;118m[48;2;254;254;254m▃[38;2;42;61;116m[48;2;255;255;255m▃[38;2;43;60;115m[48;2;255;255;255m▃[38;2;42;60;117m[48;2;255;255;255m▃[38;2;42;60;118m[48;2;255;255;255m▃[38;2;42;59;117m[48;2;255;255;255m▃[38;2;44;61;117m[48;2;255;255;255m▃[38;2;42;58;117m[48;2;255;255;255m▃[38;2;42;59;116m[48;2;255;255;255m▃[38;2;43;60;117m[48;2;255;255;255m▃[38;2;42;60;118m[48;2;255;255;255m▃[38;2;42;58;118m[48;2;255;255;255m▃[38;2;42;59;118m[48;2;255;255;255m▃[38;2;42;58;118m[48;2;255;255;255m▃[38;2;43;58;119m[48;2;255;255;255m▃[38;2;43;59;120m[48;2;255;255;255m▃[38;2;42;58;119m[48;2;255;255;255m▃[38;2;43;59;119m[48;2;255;255;255m▃[38;2;42;57;120m[48;2;255;255;255m▃[38;2;42;58;119m[48;2;255;255;255m▃[38;2;42;57;119m[48;2;255;255;255m▃[38;2;43;59;119m[48;2;255;255;255m▃[38;2;43;59;119m[48;2;255;255;255m▃[38;2;43;59;118m[48;2;255;255;255m▃[38;2;43;58;118m[48;2;255;255;255m▃[38;2;44;58;118m[48;2;255;255;255m▃[38;2;42;57;116m[48;2;255;255;255m▃[38;2;43;57;115m[48;2;255;255;255m▃[38;2;43;57;114m[48;2;254;254;254m▃[38;2;41;56;113m[48;2;254;254;254m▃[38;2;41;56;113m[48;2;254;254;254m▃[38;2;41;56;113m[48;2;254;254;254m▃[38;2;41;57;112m[48;2;254;255;255m▃[38;2;254;255;255m[48;2;41;55;114m▀[38;2;254;254;255m[48;2;42;57;115m▀[38;2;254;255;255m[48;2;43;58;113m▀[38;2;255;255;255m[48;2;45;60;114m▀[38;2;255;255;255m[48;2;46;58;113m▀[38;2;254;254;254m[48;2;255;255;255m▏[38;2;252;252;252m[48;2;255;255;255m▏[38;2;255;255;255m[48;2;255;255;255m▔[0m
[38;2;43;22;32m[48;2;255;255;255m▏[38;2;255;255;255m[48;2;255;255;255m▔[38;2;254;254;253m[48;2;255;255;255m▐[38;2;95;112;147m[48;2;255;254;252m▕[38;2;44;71;127m[48;2;51;88;145m▃[38;2;43;65;112m[48;2;51;81;136m▆[38;2;43;65;115m[48;2;55;95;146m▊[38;2;43;67;122m[48;2;51;94;146m▐[38;2;45;61;110m[48;2;50;90;147m▁[38;2;42;59;103m[48;2;49;86;142m▁[38;2;45;91;145m[48;2;41;66;115m▕[38;2;48;84;137m[48;2;41;57;96m▍[38;2;40;56;97m[48;2;41;57;101m▆[38;2;39;56;97m[48;2;40;57;102m▆[38;2;39;56;100m[48;2;39;55;96m▀[38;2;39;56;97m[48;2;38;56;100m▅[38;2;38;56;98m[48;2;39;57;102m▆[38;2;39;56;98m[48;2;39;57;102m▅[38;2;39;56;99m[48;2;39;57;103m▆[38;2;39;57;99m[48;2;38;58;103m▅[38;2;39;57;100m[48;2;39;58;103m▅[38;2;39;58;101m[48;2;39;58;105m▆[38;2;39;57;101m[48;2;39;58;106m▆[38;2;39;58;102m[48;2;39;58;105m▆[38;2;39;58;102m[48;2;39;58;105m▅[38;2;39;58;103m[48;2;39;59;105m▆[38;2;39;58;103m[48;2;39;59;106m▅[38;2;41;60;109m[48;2;39;59;105m▔[38;2;40;60;106m[48;2;40;61;109m▅[38;2;40;61;107m[48;2;40;61;110m▅[38;2;40;62;109m[48;2;40;61;111m▆[38;2;41;62;110m[48;2;41;63;113m▆[38;2;40;62;110m[48;2;40;63;113m▆[38;2;41;63;111m[48;2;41;63;114m▆[38;2;41;63;111m[48;2;41;64;114m▆[38;2;40;63;111m[48;2;41;63;114m▆[38;2;41;63;111m[48;2;41;64;114m▆[38;2;41;64;115m[48;2;40;62;111m▔[38;2;40;62;111m[48;2;41;63;115m▆[38;2;40;62;111m[48;2;41;63;114m▆[38;2;40;63;111m[48;2;41;64;114m▆[38;2;40;63;111m[48;2;41;64;114m▅[38;2;41;63;111m[48;2;42;64;115m▆[38;2;40;62;110m[48;2;40;63;113m▅[38;2;39;61;110m[48;2;41;63;114m▆[38;2;40;61;109m[48;2;40;62;113m▆[38;2;40;61;108m[48;2;41;62;112m▆[38;2;40;60;108m[48;2;41;62;111m▆[38;2;40;60;108m[48;2;41;62;111m▆[38;2;40;60;108m[48;2;40;61;110m▆[38;2;40;60;108m[48;2;41;62;111m▅[38;2;41;62;111m[48;2;40;60;108m▀[38;2;40;62;112m[48;2;39;61;108m▀[38;2;40;61;110m[48;2;41;63;113m▆[38;2;40;61;110m[48;2;41;63;114m▅[38;2;40;62;110m[48;2;41;63;114m▅[38;2;40;62;113m[48;2;40;61;109m▀[38;2;40;61;109m[48;2;41;62;113m▅[38;2;40;61;109m[48;2;40;62;112m▅[38;2;40;61;109m[48;2;41;62;112m▅[38;2;40;61;111m[48;2;40;61;108m▀[38;2;40;60;109m[48;2;41;62;112m▆[38;2;41;60;107m[48;2;40;61;111m▅[38;2;40;60;110m[48;2;40;59;107m▀[38;2;40;59;107m[48;2;41;60;111m▅[38;2;41;58;106m[48;2;41;61;111m▅[38;2;40;58;105m[48;2;42;60;111m▅[38;2;40;58;104m[48;2;41;60;109m▅[38;2;39;58;103m[48;2;40;59;106m▃[38;2;39;58;103m[48;2;40;59;107m▅[38;2;40;58;104m[48;2;40;59;107m▅[38;2;40;58;106m[48;2;40;58;105m▔[38;2;40;59;106m[48;2;41;58;104m▀[38;2;41;59;104m[48;2;41;60;107m▆[38;2;41;59;104m[48;2;41;60;107m▆[38;2;40;59;104m[48;2;41;60;107m▆[38;2;41;59;104m[48;2;43;60;108m▆[38;2;41;58;104m[48;2;42;60;107m▆[38;2;114;118;148m[48;2;39;56;105m▕[38;2;239;241;241m[48;2;254;254;253m▏[38;2;249;248;247m[48;2;255;255;255m▏[38;2;255;255;255m[48;2;255;255;255m▔[0m
[38;2;50;26;36m[48;2;255;255;255m▏[38;2;255;255;255m[48;2;255;255;255m▔[38;2;255;255;254m[48;2;255;255;255m▐[38;2;103;110;139m[48;2;255;255;253m▕[38;2;41;61;110m[48;2;42;63;111m▅[38;2;40;62;106m[48;2;41;62;108m▗[38;2;42;61;108m[48;2;41;60;105m▀[38;2;41;60;104m[48;2;43;61;107m▆[38;2;41;59;103m[48;2;43;60;104m▅[38;2;41;58;102m[48;2;41;57;100m▘[38;2;40;57;98m[48;2;40;57;99m▗[38;2;40;56;97m[48;2;40;56;98m▕[38;2;40;56;97m[48;2;39;56;96m▊[38;2;39;55;96m[48;2;39;55;96m▔[38;2;39;55;96m[48;2;39;55;95m▁[38;2;39;55;95m[48;2;39;55;96m▀[38;2;39;55;96m[48;2;39;55;96m▔[38;2;39;55;96m[48;2;39;55;96m▔[38;2;39;55;98m[48;2;39;55;98m▔[38;2;40;55;98m[48;2;39;56;99m▍[38;2;39;56;100m[48;2;39;56;99m▅[38;2;39;57;100m[48;2;40;57;101m▀[38;2;40;57;101m[48;2;39;58;101m▆[38;2;39;58;101m[48;2;40;57;103m▀[38;2;40;58;103m[48;2;39;58;102m▅[38;2;40;58;103m[48;2;39;58;102m▅[38;2;40;58;104m[48;2;39;58;103m▃[38;2;39;59;104m[48;2;40;59;106m▀[38;2;40;59;105m[48;2;40;59;106m▘[38;2;40;60;107m[48;2;40;60;108m▘[38;2;41;61;110m[48;2;40;61;108m▃[38;2;41;62;109m[48;2;41;62;111m▀[38;2;41;62;111m[48;2;41;63;110m▆[38;2;41;62;112m[48;2;41;63;111m▃[38;2;41;62;113m[48;2;41;62;112m▁[38;2;41;63;111m[48;2;41;62;113m▀[38;2;41;62;113m[48;2;41;63;112m▂[38;2;41;63;111m[48;2;41;62;112m▀[38;2;41;62;112m[48;2;41;62;111m▃[38;2;41;62;111m[48;2;40;62;110m▆[38;2;40;62;111m[48;2;40;62;111m▔[38;2;40;62;110m[48;2;41;63;110m▆[38;2;40;61;110m[48;2;40;62;110m▁[38;2;40;61;110m[48;2;40;61;109m▖[38;2;40;61;110m[48;2;40;61;109m▅[38;2;40;61;108m[48;2;40;60;109m▀[38;2;41;60;108m[48;2;40;60;107m▖[38;2;41;60;108m[48;2;40;60;107m▂[38;2;41;60;108m[48;2;40;60;107m▁[38;2;40;60;107m[48;2;41;59;107m▀[38;2;41;59;107m[48;2;41;60;108m▅[38;2;40;60;107m[48;2;41;59;108m▀[38;2;40;60;108m[48;2;41;60;108m▀[38;2;40;60;108m[48;2;41;60;109m▀[38;2;41;60;109m[48;2;40;60;108m▖[38;2;40;60;108m[48;2;40;60;108m▔[38;2;40;60;108m[48;2;40;60;108m▔[38;2;41;59;108m[48;2;40;60;108m▁[38;2;41;60;108m[48;2;40;60;108m▃[38;2;41;59;107m[48;2;40;60;107m▅[38;2;41;59;107m[48;2;41;59;107m▔[38;2;41;59;107m[48;2;41;59;107m▔[38;2;41;59;106m[48;2;40;59;106m▍[38;2;41;59;106m[48;2;41;59;106m▔[38;2;41;58;106m[48;2;40;59;105m▔[38;2;38;57;104m[48;2;40;58;105m▂[38;2;39;56;103m[48;2;39;57;103m▂[38;2;201;175;128m[48;2;39;58;104m▂[38;2;39;58;104m[48;2;247;214;143m▀[38;2;245;212;138m[48;2;41;58;107m▅[38;2;42;58;116m[48;2;172;151;126m▂[38;2;154;137;121m[48;2;44;60;116m▀[38;2;65;74;107m[48;2;43;57;111m▘[38;2;41;59;104m[48;2;42;59;106m▀[38;2;41;59;104m[48;2;41;58;104m▝[38;2;41;57;104m[48;2;41;59;104m▖[38;2;40;59;103m[48;2;41;60;104m▊[38;2;41;58;105m[48;2;40;59;103m▆[38;2;103;106;134m[48;2;37;55;102m▕[38;2;233;234;237m[48;2;254;253;252m▏[38;2;247;246;245m[48;2;255;255;255m▏[38;2;255;255;255m[48;2;255;255;255m▔[0m
[38;2;54;28;38m[48;2;255;255;255m▏[38;2;255;255;255m[48;2;255;255;255m▔[38;2;255;255;255m[48;2;255;255;254m▊[38;2;105;111;139m[48;2;255;255;254m▕[38;2;44;59;111m[48;2;39;59;109m▏[38;2;41;61;107m[48;2;40;60;105m▏[38;2;40;60;105m[48;2;40;59;104m▍[38;2;41;59;104m[48;2;41;59;103m▖[38;2;41;59;103m[48;2;41;58;101m▂[38;2;41;57;100m[48;2;41;57;101m▀[38;2;40;56;98m[48;2;40;57;99m▐[38;2;40;57;98m[48;2;40;56;98m▀[38;2;40;56;97m[48;2;39;56;97m▊[38;2;39;55;97m[48;2;39;55;96m▖[38;2;40;55;96m[48;2;39;55;96m▗[38;2;39;54;96m[48;2;39;54;96m▔[38;2;38;54;96m[48;2;39;54;96m▂[38;2;39;54;97m[48;2;39;54;97m▔[38;2;39;55;98m[48;2;38;54;97m▀[38;2;39;55;98m[48;2;39;55;99m▊[38;2;39;56;101m[48;2;39;55;100m▕[38;2;40;57;103m[48;2;40;56;101m▗[38;2;41;58;104m[48;2;40;57;103m▃[38;2;41;58;105m[48;2;40;58;104m▗[38;2;41;58;104m[48;2;40;58;105m▔[38;2;40;59;106m[48;2;40;59;105m▃[38;2;40;59;106m[48;2;40;59;106m▔[38;2;40;59;106m[48;2;40;59;107m▘[38;2;40;59;107m[48;2;40;60;108m▏[38;2;40;61;110m[48;2;40;60;109m▁[38;2;40;61;111m[48;2;41;61;110m▐[38;2;41;62;111m[48;2;40;61;111m▕[38;2;40;61;112m[48;2;40;62;112m▁[38;2;41;62;113m[48;2;40;62;112m▀[38;2;40;61;112m[48;2;41;62;113m▂[38;2;40;62;113m[48;2;41;62;113m▁[38;2;40;61;112m[48;2;41;62;113m▃[38;2;40;61;112m[48;2;41;62;113m▃[38;2;40;61;111m[48;2;41;61;112m▃[38;2;41;61;112m[48;2;40;61;111m▝[38;2;40;61;111m[48;2;41;61;111m▁[38;2;41;61;111m[48;2;40;61;110m▀[38;2;40;61;110m[48;2;40;60;109m▀[38;2;40;60;109m[48;2;40;60;110m▂[38;2;40;60;110m[48;2;40;59;109m▀[38;2;40;59;108m[48;2;41;60;109m▅[38;2;41;59;107m[48;2;41;60;108m▅[38;2;41;60;107m[48;2;41;59;107m▝[38;2;41;59;107m[48;2;41;58;107m▘[38;2;41;59;108m[48;2;40;58;106m▀[38;2;40;58;106m[48;2;41;59;108m▃[38;2;40;58;107m[48;2;41;59;108m▖[38;2;41;61;109m[48;2;41;59;108m▝[38;2;41;60;109m[48;2;41;60;110m▆[38;2;41;60;108m[48;2;41;60;109m▁[38;2;41;59;108m[48;2;41;60;108m▂[38;2;41;59;108m[48;2;41;59;108m▔[38;2;41;60;108m[48;2;41;59;108m▀[38;2;41;59;108m[48;2;41;59;108m▔[38;2;41;59;108m[48;2;42;59;108m▔[38;2;41;59;108m[48;2;41;59;108m▔[38;2;41;59;107m[48;2;41;59;108m▘[38;2;41;59;107m[48;2;41;59;107m▔[38;2;41;58;107m[48;2;41;59;107m▕[38;2;41;59;107m[48;2;40;58;106m▏[38;2;40;58;107m[48;2;40;58;106m▕[38;2;38;53;99m[48;2;249;215;140m▘[38;2;249;214;140m[48;2;250;215;142m▔[38;2;40;59;115m[48;2;247;213;143m▗[38;2;43;61;111m[48;2;43;61;112m▁[38;2;42;60;110m[48;2;43;60;111m▅[38;2;42;60;108m[48;2;43;60;110m▅[38;2;42;59;108m[48;2;43;60;109m▆[38;2;41;59;107m[48;2;41;59;108m▆[38;2;41;57;105m[48;2;41;58;106m▂[38;2;40;58;104m[48;2;41;59;105m▃[38;2;41;58;104m[48;2;41;58;104m▔[38;2;42;58;106m[48;2;41;58;105m▗[38;2;97;102;130m[48;2;39;57;107m▕[38;2;224;224;227m[48;2;254;253;251m▏[38;2;246;245;244m[48;2;255;255;255m▏[38;2;255;255;255m[48;2;255;255;255m▔[0m
[38;2;54;28;37m[48;2;255;255;255m▏[38;2;255;255;255m[48;2;255;255;255m▔[38;2;255;255;255m[48;2;255;255;254m▊[38;2;106;110;138m[48;2;255;255;254m▕[38;2;45;56;107m[48;2;38;58;108m▏[38;2;40;60;106m[48;2;40;60;105m▏[38;2;40;59;105m[48;2;41;59;105m▊[38;2;41;58;104m[48;2;41;59;104m▅[38;2;41;58;104m[48;2;41;58;103m▊[38;2;41;57;102m[48;2;41;57;101m▊[38;2;40;57;101m[48;2;40;56;100m▏[38;2;40;56;100m[48;2;40;56;99m▁[38;2;39;55;98m[48;2;39;55;98m▔[38;2;39;55;98m[48;2;39;55;97m▁[38;2;39;55;97m[48;2;40;55;97m▆[38;2;39;54;96m[48;2;39;54;96m▔[38;2;38;53;95m[48;2;38;54;95m▐[38;2;37;54;93m[48;2;38;53;95m▂[38;2;34;92;158m[48;2;38;54;96m▗[38;2;39;56;100m[48;2;40;54;97m▕[38;2;39;56;101m[48;2;39;56;100m▐[38;2;40;56;103m[48;2;40;56;103m▔[38;2;40;57;104m[48;2;40;58;104m▖[38;2;40;58;105m[48;2;40;58;105m▔[38;2;40;58;105m[48;2;40;58;106m▊[38;2;40;59;106m[48;2;40;58;106m▔[38;2;39;59;107m[48;2;39;59;106m▐[38;2;39;59;107m[48;2;39;59;107m▔[38;2;39;59;108m[48;2;40;59;108m▍[38;2;39;59;109m[48;2;40;60;109m▁[38;2;39;60;110m[48;2;40;60;110m▍[38;2;40;60;111m[48;2;40;61;112m▅[38;2;39;60;111m[48;2;40;61;112m▅[38;2;39;60;111m[48;2;40;61;112m▃[38;2;39;60;111m[48;2;39;61;112m▂[38;2;39;60;111m[48;2;40;61;112m▅[38;2;39;60;110m[48;2;40;61;111m▂[38;2;39;59;110m[48;2;39;60;111m▂[38;2;40;60;111m[48;2;40;60;110m▘[38;2;40;60;110m[48;2;39;60;110m▀[38;2;40;60;110m[48;2;39;59;109m▀[38;2;39;59;109m[48;2;40;59;109m▁[38;2;40;60;109m[48;2;39;59;108m▘[38;2;39;58;107m[48;2;39;59;108m▆[38;2;40;58;107m[48;2;40;59;108m▆[38;2;40;58;107m[48;2;40;58;105m▀[38;2;39;58;105m[48;2;40;58;106m▅[38;2;39;57;103m[48;2;39;58;105m▅[38;2;39;57;99m[48;2;40;58;104m▃[38;2;61;111;171m[48;2;40;58;105m▗[38;2;38;53;103m[48;2;39;58;105m▖[38;2;40;58;106m[48;2;39;57;105m▀[38;2;40;57;106m[48;2;40;59;107m▆[38;2;40;58;106m[48;2;40;59;107m▅[38;2;40;58;106m[48;2;40;59;107m▃[38;2;40;59;107m[48;2;40;58;107m▀[38;2;40;58;106m[48;2;40;58;107m▆[38;2;41;59;108m[48;2;40;59;107m▔[38;2;41;59;108m[48;2;41;59;108m▔[38;2;41;58;107m[48;2;41;59;107m▆[38;2;40;58;107m[48;2;41;59;108m▆[38;2;40;58;106m[48;2;41;59;107m▂[38;2;41;59;108m[48;2;40;58;106m▝[38;2;40;58;106m[48;2;40;58;106m▔[38;2;39;57;104m[48;2;40;58;105m▗[38;2;36;54;104m[48;2;252;221;144m▊[38;2;250;216;142m[48;2;250;216;142m▔[38;2;251;216;142m[48;2;255;222;144m▊[38;2;222;199;144m[48;2;40;58;109m▏[38;2;40;58;106m[48;2;42;60;108m▅[38;2;41;59;107m[48;2;40;58;105m▀[38;2;41;59;107m[48;2;41;58;105m▘[38;2;41;58;106m[48;2;41;58;105m▀[38;2;40;57;105m[48;2;40;56;104m▀[38;2;40;56;103m[48;2;41;57;105m▆[38;2;41;57;103m[48;2;40;57;103m▔[38;2;41;58;103m[48;2;41;57;103m▁[38;2;43;59;106m[48;2;41;58;104m▝[38;2;93;100;128m[48;2;39;56;105m▕[38;2;219;221;224m[48;2;254;254;252m▏[38;2;246;244;244m[48;2;255;255;255m▏[38;2;255;255;255m[48;2;255;255;255m▔[0m
[38;2;54;28;37m[48;2;255;255;255m▏[38;2;255;255;255m[48;2;255;255;255m▔[38;2;255;255;254m[48;2;255;255;255m▐[38;2;105;107;136m[48;2;255;255;255m▕[38;2;44;55;105m[48;2;38;59;107m▏[38;2;40;59;105m[48;2;39;59;104m▍[38;2;40;59;104m[48;2;40;59;104m▔[38;2;40;58;104m[48;2;40;58;104m▔[38;2;40;58;103m[48;2;40;57;103m▊[38;2;40;57;103m[48;2;40;57;102m▊[38;2;40;57;101m[48;2;40;56;101m▊[38;2;40;56;100m[48;2;39;56;99m▍[38;2;39;55;98m[48;2;39;55;99m▅[38;2;39;55;98m[48;2;39;54;97m▍[38;2;38;55;97m[48;2;39;55;97m▁[38;2;38;54;96m[48;2;39;54;96m▗[38;2;37;54;93m[48;2;38;54;95m▐[38;2;35;60;107m[48;2;37;53;92m▕[38;2;31;79;140m[48;2;39;87;148m▍[38;2;35;52;97m[48;2;58;102;159m▐[38;2;37;54;99m[48;2;38;55;100m▏[38;2;38;56;102m[48;2;39;57;103m▊[38;2;40;57;104m[48;2;39;57;104m▐[38;2;40;57;105m[48;2;39;57;104m▏[38;2;39;58;104m[48;2;40;58;105m▂[38;2;39;58;106m[48;2;39;58;105m▝[38;2;39;58;105m[48;2;39;58;106m▖[38;2;39;58;106m[48;2;39;58;107m▖[38;2;39;59;108m[48;2;39;58;107m▝[38;2;40;59;109m[48;2;39;59;109m▝[38;2;39;60;110m[48;2;39;59;109m▝[38;2;39;59;109m[48;2;39;60;110m▃[38;2;39;59;109m[48;2;39;60;110m▃[38;2;39;59;109m[48;2;39;60;111m▅[38;2;39;60;110m[48;2;38;59;109m▀[38;2;39;59;111m[48;2;38;58;109m▀[38;2;39;58;109m[48;2;39;59;110m▃[38;2;39;58;109m[48;2;39;59;110m▃[38;2;39;59;110m[48;2;39;58;109m▀[38;2;39;58;108m[48;2;39;59;109m▗[38;2;39;58;108m[48;2;39;59;109m▅[38;2;39;58;108m[48;2;39;58;107m▀[38;2;39;58;108m[48;2;39;58;107m▔[38;2;39;58;106m[48;2;39;57;106m▀[38;2;39;58;105m[48;2;39;57;105m▀[38;2;39;57;103m[48;2;39;57;104m▗[38;2;38;56;100m[48;2;38;56;102m▗[38;2;38;56;100m[48;2;38;56;99m▏[38;2;35;74;132m[48;2;39;56;96m▗[38;2;34;82;144m[48;2;62;104;159m▊[38;2;82;119;171m[48;2;34;52;101m▍[38;2;38;55;102m[48;2;39;56;104m▂[38;2;38;56;103m[48;2;39;57;105m▆[38;2;39;57;104m[48;2;40;58;105m▆[38;2;40;57;105m[48;2;40;58;105m▕[38;2;40;58;105m[48;2;40;58;106m▖[38;2;40;58;106m[48;2;40;58;106m▔[38;2;40;58;106m[48;2;40;58;107m▍[38;2;40;59;107m[48;2;40;59;107m▔[38;2;40;58;106m[48;2;40;58;107m▃[38;2;40;58;106m[48;2;40;58;106m▔[38;2;40;58;105m[48;2;40;59;106m▆[38;2;40;58;104m[48;2;40;59;105m▕[38;2;40;58;104m[48;2;39;57;105m▆[38;2;40;58;104m[48;2;40;58;104m▔[38;2;236;211;153m[48;2;36;56;104m▝[38;2;250;216;143m[48;2;250;216;143m▔[38;2;250;216;143m[48;2;251;216;143m▏[38;2;38;54;108m[48;2;253;216;143m▝[38;2;179;157;125m[48;2;39;57;103m▁[38;2;39;57;103m[48;2;40;57;103m▁[38;2;40;57;102m[48;2;40;57;102m▔[38;2;40;57;102m[48;2;38;57;102m▘[38;2;39;56;103m[48;2;38;56;102m▏[38;2;69;77;109m[48;2;39;56;104m▁[38;2;39;54;102m[48;2;185;170;145m▘[38;2;51;63;101m[48;2;40;57;104m▏[38;2;41;57;102m[48;2;41;58;103m▅[38;2;86;91;121m[48;2;39;55;102m▕[38;2;216;217;221m[48;2;253;252;250m▏[38;2;246;245;243m[48;2;255;255;255m▏[38;2;255;255;255m[48;2;255;255;255m▔[0m
[38;2;54;28;38m[48;2;255;255;255m▏[38;2;255;255;255m[48;2;255;255;255m▔[38;2;255;255;254m[48;2;255;255;255m▐[38;2;99;102;134m[48;2;255;255;254m▕[38;2;43;55;106m[48;2;39;58;108m▏[38;2;39;59;104m[48;2;39;59;104m▔[38;2;40;58;104m[48;2;40;58;104m▔[38;2;40;58;104m[48;2;40;58;104m▔[38;2;41;57;105m[48;2;40;58;104m▕[38;2;40;57;102m[48;2;40;57;103m▀[38;2;40;57;102m[48;2;40;56;101m▏[38;2;39;56;100m[48;2;39;56;99m▍[38;2;39;56;99m[48;2;39;55;98m▏[38;2;39;55;97m[48;2;39;55;97m▔[38;2;39;55;97m[48;2;39;55;97m▔[38;2;38;54;96m[48;2;39;54;96m▝[38;2;38;53;93m[48;2;38;54;95m▐[38;2;37;53;91m[48;2;29;78;140m▘[38;2;37;84;145m[48;2;31;79;141m▕[38;2;46;92;150m[48;2;70;109;163m▍[38;2;44;62;107m[48;2;35;54;100m▏[38;2;39;56;102m[48;2;39;56;102m▔[38;2;39;57;103m[48;2;39;57;104m▊[38;2;40;58;104m[48;2;39;57;104m▝[38;2;39;58;105m[48;2;39;58;104m▊[38;2;39;57;105m[48;2;39;58;105m▅[38;2;39;58;105m[48;2;39;57;105m▔[38;2;39;57;107m[48;2;39;57;106m▔[38;2;39;57;106m[48;2;39;58;107m▏[38;2;39;58;107m[48;2;39;58;108m▁[38;2;39;58;109m[48;2;39;58;108m▝[38;2;39;58;108m[48;2;39;59;108m▆[38;2;39;58;108m[48;2;39;59;109m▅[38;2;39;59;108m[48;2;38;58;107m▀[38;2;38;58;108m[48;2;38;58;107m▀[38;2;38;58;107m[48;2;38;58;108m▆[38;2;38;58;107m[48;2;38;58;108m▆[38;2;38;58;108m[48;2;38;57;106m▀[38;2;39;58;109m[48;2;38;58;107m▔[38;2;39;58;107m[48;2;39;58;108m▆[38;2;39;58;107m[48;2;39;58;107m▔[38;2;39;58;107m[48;2;39;58;106m▀[38;2;39;57;106m[48;2;39;58;106m▂[38;2;39;58;106m[48;2;39;57;105m▀[38;2;40;58;106m[48;2;39;57;105m▘[38;2;39;57;104m[48;2;39;56;103m▘[38;2;38;55;100m[48;2;39;56;101m▐[38;2;38;55;95m[48;2;38;55;97m▗[38;2;35;53;96m[48;2;29;79;142m▘[38;2;32;80;142m[48;2;43;89;149m▊[38;2;77;98;142m[48;2;79;114;163m▕[38;2;37;54;101m[48;2;36;54;100m▁[38;2;39;56;103m[48;2;38;56;101m▔[38;2;38;56;102m[48;2;39;57;103m▅[38;2;39;57;103m[48;2;39;57;104m▂[38;2;39;57;103m[48;2;40;58;105m▖[38;2;40;58;105m[48;2;39;58;105m▔[38;2;39;58;106m[48;2;39;58;105m▀[38;2;40;58;106m[48;2;40;58;106m▔[38;2;40;58;106m[48;2;40;58;106m▔[38;2;40;58;106m[48;2;40;58;105m▏[38;2;40;58;105m[48;2;40;58;104m▏[38;2;40;57;102m[48;2;40;58;103m▗[38;2;39;57;101m[48;2;39;57;103m▃[38;2;39;56;99m[48;2;39;57;101m▃[38;2;37;55;99m[48;2;39;56;99m▝[38;2;252;218;144m[48;2;38;56;99m▝[38;2;173;145;115m[48;2;252;218;144m▂[38;2;252;217;143m[48;2;251;217;146m▂[38;2;251;215;143m[48;2;251;217;146m▕[38;2;251;217;147m[48;2;40;56;106m▆[38;2;250;216;144m[48;2;42;58;104m▅[38;2;250;216;141m[48;2;42;58;107m▅[38;2;249;215;139m[48;2;41;58;106m▆[38;2;44;52;106m[48;2;248;215;140m▂[38;2;189;170;150m[48;2;41;57;104m▘[38;2;39;57;99m[48;2;40;57;99m▕[38;2;39;55;101m[48;2;39;56;99m▐[38;2;82;86;118m[48;2;36;54;100m▕[38;2;214;213;217m[48;2;253;253;252m▏[38;2;246;245;244m[48;2;255;255;255m▏[38;2;255;255;255m[48;2;255;255;255m▔[0m
[38;2;54;29;38m[48;2;255;255;255m▏[38;2;255;255;255m[48;2;255;255;255m▔[38;2;255;255;255m[48;2;255;255;255m▔[38;2;95;99;132m[48;2;255;255;255m▕[38;2;42;55;107m[48;2;38;58;110m▏[38;2;39;60;106m[48;2;39;59;105m▏[38;2;40;58;105m[48;2;40;58;104m▂[38;2;40;58;104m[48;2;40;58;104m▔[38;2;41;58;104m[48;2;40;58;104m▔[38;2;40;57;103m[48;2;40;58;104m▔[38;2;40;57;103m[48;2;40;57;102m▅[38;2;40;57;102m[48;2;40;56;101m▅[38;2;39;56;102m[48;2;39;56;100m▖[38;2;39;56;100m[48;2;39;55;99m▃[38;2;39;55;99m[48;2;39;55;98m▖[38;2;39;55;98m[48;2;39;55;97m▃[38;2;40;54;94m[48;2;39;55;96m▝[38;2;36;58;105m[48;2;30;79;141m▏[38;2;31;79;141m[48;2;32;80;140m▊[38;2;39;86;146m[48;2;85;120;171m▊[38;2;102;133;180m[48;2;31;48;100m▏[38;2;38;56;102m[48;2;38;56;103m▊[38;2;39;57;103m[48;2;39;57;103m▔[38;2;39;57;103m[48;2;39;57;104m▂[38;2;39;57;104m[48;2;39;57;104m▔[38;2;39;57;104m[48;2;39;57;104m▔[38;2;39;57;104m[48;2;38;57;105m▏[38;2;39;57;106m[48;2;38;57;105m▔[38;2;39;57;106m[48;2;38;57;105m▝[38;2;39;57;107m[48;2;39;57;106m▝[38;2;39;57;106m[48;2;39;58;107m▖[38;2;39;58;108m[48;2;38;58;107m▔[38;2;38;58;106m[48;2;38;57;107m▃[38;2;38;57;106m[48;2;38;58;106m▅[38;2;38;57;106m[48;2;38;57;105m▀[38;2;38;57;106m[48;2;38;57;105m▔[38;2;38;57;105m[48;2;38;57;106m▆[38;2;39;58;106m[48;2;38;57;106m▕[38;2;39;57;107m[48;2;38;57;106m▔[38;2;39;58;106m[48;2;39;58;106m▔[38;2;39;57;106m[48;2;39;57;106m▔[38;2;39;57;106m[48;2;39;58;106m▆[38;2;38;57;105m[48;2;39;57;105m▕[38;2;38;57;104m[48;2;38;56;103m▊[38;2;39;56;103m[48;2;39;57;104m▃[38;2;39;56;102m[48;2;39;56;101m▍[38;2;39;55;99m[48;2;39;56;101m▐[38;2;39;54;95m[48;2;39;55;98m▐[38;2;35;69;125m[48;2;30;80;143m▏[38;2;31;80;142m[48;2;33;82;144m▊[38;2;100;129;176m[48;2;57;98;156m▐[38;2;88;113;161m[48;2;34;52;99m▏[38;2;38;55;99m[48;2;38;55;100m▅[38;2;38;55;99m[48;2;38;55;100m▖[38;2;38;56;100m[48;2;39;57;102m▅[38;2;39;56;102m[48;2;39;57;103m▖[38;2;39;57;104m[48;2;39;57;104m▔[38;2;39;57;104m[48;2;39;57;105m▖[38;2;39;57;105m[48;2;39;57;105m▔[38;2;39;57;104m[48;2;40;58;106m▃[38;2;40;58;105m[48;2;39;57;104m▀[38;2;39;56;102m[48;2;39;57;103m▐[38;2;39;56;101m[48;2;39;57;102m▗[38;2;39;56;101m[48;2;39;56;100m▘[38;2;39;56;98m[48;2;39;56;99m▐[38;2;39;56;98m[48;2;38;56;98m▆[38;2;39;57;99m[48;2;39;56;98m▕[38;2;39;57;100m[48;2;39;57;99m▕[38;2;40;56;102m[48;2;239;201;133m▆[38;2;41;57;101m[48;2;252;218;145m▅[38;2;251;214;138m[48;2;40;56;103m▀[38;2;41;52;103m[48;2;252;217;140m▅[38;2;41;55;106m[48;2;251;216;141m▅[38;2;41;56;101m[48;2;134;120;119m▆[38;2;41;55;106m[48;2;40;55;99m▔[38;2;40;55;98m[48;2;39;56;98m▍[38;2;39;55;98m[48;2;39;55;98m▔[38;2;40;56;99m[48;2;41;56;101m▊[38;2;80;87;118m[48;2;36;53;100m▕[38;2;212;212;215m[48;2;253;252;250m▏[38;2;246;245;244m[48;2;255;255;255m▏[38;2;255;255;255m[48;2;255;255;255m▔[0m
[38;2;54;29;38m[48;2;255;255;255m▏[38;2;255;255;255m[48;2;255;255;255m▔[38;2;255;255;255m[48;2;255;255;255m▔[38;2;93;99;132m[48;2;255;255;255m▕[38;2;40;60;109m[48;2;38;58;111m▐[38;2;39;60;105m[48;2;39;59;107m▐[38;2;39;59;105m[48;2;39;58;104m▍[38;2;40;58;104m[48;2;40;58;105m▁[38;2;40;57;104m[48;2;40;58;105m▃[38;2;40;58;104m[48;2;40;58;104m▔[38;2;40;57;104m[48;2;40;57;104m▔[38;2;40;57;103m[48;2;40;57;103m▔[38;2;40;57;103m[48;2;39;56;102m▏[38;2;39;56;101m[48;2;39;56;100m▏[38;2;40;56;100m[48;2;39;55;99m▁[38;2;40;55;98m[48;2;39;56;98m▕[38;2;38;54;93m[48;2;39;56;97m▕[38;2;38;60;108m[48;2;29;78;140m▏[38;2;31;79;140m[48;2;30;79;141m▝[38;2;36;84;145m[48;2;80;116;171m▊[38;2;88;123;174m[48;2;37;54;100m▏[38;2;38;55;101m[48;2;39;55;101m▏[38;2;39;56;103m[48;2;39;57;103m▊[38;2;39;57;103m[48;2;40;57;104m▖[38;2;40;57;104m[48;2;39;57;104m▁[38;2;39;57;103m[48;2;39;57;104m▂[38;2;39;57;104m[48;2;38;57;103m▀[38;2;39;57;105m[48;2;38;57;104m▔[38;2;39;57;105m[48;2;38;57;104m▔[38;2;38;57;104m[48;2;38;57;105m▂[38;2;38;57;104m[48;2;38;57;105m▂[38;2;38;57;105m[48;2;38;57;105m▔[38;2;38;56;104m[48;2;38;57;105m▅[38;2;38;56;104m[48;2;38;57;105m▅[38;2;38;56;103m[48;2;38;56;104m▁[38;2;38;56;103m[48;2;38;56;104m▃[38;2;38;57;104m[48;2;38;56;104m▔[38;2;39;57;105m[48;2;38;57;105m▕[38;2;39;57;105m[48;2;39;57;106m▊[38;2;38;57;105m[48;2;39;57;105m▆[38;2;39;57;106m[48;2;38;57;105m▔[38;2;38;57;105m[48;2;39;57;105m▅[38;2;38;56;104m[48;2;38;56;104m▔[38;2;38;56;104m[48;2;38;56;103m▏[38;2;39;56;102m[48;2;39;56;103m▐[38;2;38;56;102m[48;2;39;56;100m▍[38;2;39;56;98m[48;2;39;56;99m▐[38;2;40;55;94m[48;2;39;55;97m▐[38;2;35;70;126m[48;2;29;79;141m▏[38;2;31;80;143m[48;2;30;78;141m▔[38;2;96;125;174m[48;2;48;93;153m▐[38;2;87;112;163m[48;2;34;51;97m▏[38;2;39;55;99m[48;2;38;54;98m▗[38;2;39;55;99m[48;2;38;55;99m▗[38;2;39;56;101m[48;2;39;55;100m▁[38;2;39;56;101m[48;2;39;57;102m▊[38;2;40;57;103m[48;2;39;57;103m▂[38;2;39;57;103m[48;2;39;57;104m▂[38;2;39;57;103m[48;2;39;57;104m▁[38;2;39;56;103m[48;2;39;57;104m▂[38;2;39;56;102m[48;2;39;57;103m▅[38;2;39;56;102m[48;2;39;56;101m▘[38;2;39;56;101m[48;2;38;55;100m▀[38;2;39;56;100m[48;2;39;55;99m▀[38;2;39;55;98m[48;2;39;55;99m▆[38;2;39;55;97m[48;2;39;56;98m▆[38;2;39;55;97m[48;2;39;56;98m▆[38;2;39;56;98m[48;2;39;55;97m▀[38;2;39;55;97m[48;2;39;56;98m▂[38;2;39;56;98m[48;2;40;57;99m▅[38;2;39;56;98m[48;2;41;57;100m▅[38;2;40;56;99m[48;2;41;56;101m▆[38;2;40;55;98m[48;2;41;56;99m▅[38;2;40;56;98m[48;2;39;55;97m▀[38;2;39;54;95m[48;2;39;55;97m▅[38;2;39;54;95m[48;2;39;55;96m▃[38;2;39;55;96m[48;2;39;55;97m▏[38;2;39;55;97m[48;2;40;56;99m▊[38;2;85;92;122m[48;2;36;53;99m▕[38;2;216;216;218m[48;2;253;252;251m▏[38;2;247;245;243m[48;2;255;255;255m▏[38;2;255;255;255m[48;2;255;255;255m▔[0m
[38;2;55;29;38m[48;2;255;255;255m▏[38;2;255;255;255m[48;2;255;255;255m▔[38;2;255;255;255m[48;2;255;255;255m▔[38;2;88;95;133m[48;2;255;255;255m▕[38;2;40;61;110m[48;2;38;58;112m▐[38;2;41;60;108m[48;2;40;59;106m▍[38;2;39;58;105m[48;2;40;58;105m▍[38;2;40;58;104m[48;2;40;58;105m▝[38;2;40;58;105m[48;2;40;58;104m▖[38;2;40;58;104m[48;2;40;58;104m▔[38;2;40;58;104m[48;2;40;58;104m▔[38;2;40;57;103m[48;2;40;57;103m▔[38;2;39;56;102m[48;2;40;56;102m▐[38;2;40;57;101m[48;2;39;56;100m▏[38;2;39;55;100m[48;2;39;56;99m▏[38;2;39;55;98m[48;2;39;56;97m▊[38;2;38;54;93m[48;2;39;56;95m▕[38;2;36;64;113m[48;2;30;79;140m▏[38;2;31;80;140m[48;2;31;79;140m▐[38;2;36;85;144m[48;2;73;113;168m▊[38;2;78;116;170m[48;2;38;54;98m▏[38;2;39;55;99m[48;2;39;55;100m▁[38;2;38;56;101m[48;2;39;56;102m▏[38;2;39;56;102m[48;2;39;56;103m▗[38;2;39;56;102m[48;2;39;57;103m▅[38;2;38;56;101m[48;2;39;56;103m▅[38;2;38;56;101m[48;2;38;56;102m▅[38;2;38;56;102m[48;2;38;56;101m▀[38;2;38;56;101m[48;2;38;56;102m▃[38;2;37;55;101m[48;2;38;56;103m▂[38;2;38;56;101m[48;2;38;56;103m▁[38;2;38;55;103m[48;2;38;56;103m▁[38;2;38;55;102m[48;2;38;56;103m▅[38;2;37;56;102m[48;2;38;55;102m▔[38;2;38;55;101m[48;2;38;56;102m▃[38;2;38;55;101m[48;2;38;55;102m▁[38;2;38;56;103m[48;2;38;56;102m▔[38;2;38;56;103m[48;2;38;57;104m▅[38;2;38;56;105m[48;2;38;56;104m▔[38;2;38;56;103m[48;2;38;56;104m▃[38;2;38;56;104m[48;2;38;56;103m▘[38;2;38;56;103m[48;2;38;56;103m▔[38;2;38;55;104m[48;2;38;56;103m▔[38;2;38;56;103m[48;2;38;56;102m▏[38;2;38;55;101m[48;2;39;56;102m▐[38;2;39;55;100m[48;2;38;55;99m▘[38;2;39;55;99m[48;2;38;55;97m▍[38;2;39;54;91m[48;2;38;54;95m▐[38;2;35;70;125m[48;2;30;78;140m▏[38;2;31;80;142m[48;2;30;79;141m▐[38;2;91;122;172m[48;2;46;92;151m▐[38;2;89;115;166m[48;2;34;51;97m▏[38;2;38;54;98m[48;2;39;54;98m▏[38;2;38;55;99m[48;2;39;55;100m▍[38;2;39;56;101m[48;2;39;55;100m▐[38;2;40;56;102m[48;2;40;56;102m▔[38;2;40;57;102m[48;2;40;57;103m▏[38;2;40;57;103m[48;2;39;57;102m▖[38;2;39;57;102m[48;2;39;56;101m▀[38;2;39;57;102m[48;2;38;56;100m▀[38;2;38;55;99m[48;2;38;56;100m▃[38;2;38;55;100m[48;2;38;55;99m▘[38;2;38;54;97m[48;2;38;55;99m▃[38;2;38;55;98m[48;2;38;54;97m▀[38;2;38;53;96m[48;2;38;55;97m▅[38;2;38;53;95m[48;2;38;54;96m▆[38;2;38;53;95m[48;2;38;54;96m▅[38;2;38;54;96m[48;2;38;53;95m▀[38;2;38;53;95m[48;2;39;54;96m▃[38;2;38;53;95m[48;2;39;54;96m▅[38;2;39;54;96m[48;2;39;54;96m▔[38;2;39;55;97m[48;2;39;54;96m▔[38;2;40;55;97m[48;2;39;54;95m▘[38;2;39;53;95m[48;2;39;54;95m▗[38;2;39;54;95m[48;2;39;54;95m▔[38;2;39;54;95m[48;2;39;54;95m▔[38;2;39;54;96m[48;2;39;54;95m▝[38;2;39;54;97m[48;2;39;54;97m▔[38;2;95;104;130m[48;2;36;52;99m▕[38;2;222;226;227m[48;2;253;252;250m▏[38;2;247;245;245m[48;2;255;255;255m▏[38;2;255;255;255m[48;2;255;255;255m▔[0m
[38;2;55;29;38m[48;2;255;255;255m▏[38;2;255;255;255m[48;2;255;255;255m▔[38;2;255;255;255m[48;2;255;255;255m▔[38;2;83;92;132m[48;2;255;255;254m▕[38;2;40;61;110m[48;2;38;58;114m▐[38;2;40;59;106m[48;2;39;60;107m▐[38;2;39;59;106m[48;2;40;58;106m▏[38;2;40;58;105m[48;2;41;59;106m▀[38;2;41;59;106m[48;2;41;59;106m▔[38;2;41;59;105m[48;2;41;58;105m▔[38;2;41;58;105m[48;2;40;57;104m▏[38;2;39;57;102m[48;2;40;57;103m▕[38;2;39;56;101m[48;2;39;57;102m▐[38;2;39;56;100m[48;2;39;56;101m▐[38;2;40;55;99m[48;2;39;56;99m▃[38;2;40;56;97m[48;2;39;55;97m▁[38;2;31;80;141m[48;2;39;54;95m▂[38;2;36;65;115m[48;2;30;80;140m▏[38;2;31;80;141m[48;2;32;82;142m▊[38;2;34;84;143m[48;2;59;102;158m▊[38;2;80;110;155m[48;2;37;53;97m▂[38;2;48;68;115m[48;2;38;55;100m▖[38;2;38;55;100m[48;2;39;56;100m▕[38;2;38;56;100m[48;2;38;56;100m▔[38;2;39;56;101m[48;2;38;56;100m▁[38;2;38;56;100m[48;2;38;56;100m▔[38;2;38;56;100m[48;2;38;56;100m▔[38;2;38;55;100m[48;2;38;55;100m▔[38;2;37;55;100m[48;2;38;56;100m▝[38;2;38;55;101m[48;2;38;55;100m▀[38;2;37;55;101m[48;2;37;55;101m▔[38;2;37;55;101m[48;2;38;55;102m▅[38;2;37;55;101m[48;2;38;56;102m▅[38;2;37;55;100m[48;2;37;55;101m▁[38;2;37;55;100m[48;2;37;55;101m▃[38;2;37;55;101m[48;2;38;55;102m▆[38;2;37;55;100m[48;2;37;56;101m▃[38;2;37;55;100m[48;2;37;55;101m▅[38;2;37;55;102m[48;2;37;55;101m▀[38;2;37;55;101m[48;2;37;55;102m▅[38;2;37;55;101m[48;2;37;55;102m▁[38;2;38;56;102m[48;2;37;55;102m▀[38;2;37;55;101m[48;2;38;56;102m▆[38;2;37;56;101m[48;2;37;55;101m▏[38;2;38;56;101m[48;2;38;56;100m▍[38;2;39;55;98m[48;2;39;55;99m▝[38;2;39;56;98m[48;2;39;56;97m▏[38;2;30;80;143m[48;2;38;55;92m▂[38;2;36;71;125m[48;2;30;80;141m▏[38;2;31;81;142m[48;2;31;80;141m▕[38;2;91;122;171m[48;2;40;88;148m▝[38;2;76;112;165m[48;2;38;52;95m▂[38;2;47;66;113m[48;2;38;55;96m▖[38;2;39;56;100m[48;2;38;55;98m▝[38;2;39;56;101m[48;2;39;55;100m▐[38;2;39;56;102m[48;2;40;57;102m▅[38;2;39;57;102m[48;2;40;57;102m▔[38;2;39;56;101m[48;2;39;56;102m▂[38;2;39;56;101m[48;2;39;56;101m▔[38;2;39;55;100m[48;2;38;55;99m▍[38;2;38;55;98m[48;2;38;54;97m▀[38;2;37;54;97m[48;2;38;54;98m▆[38;2;37;53;96m[48;2;38;54;97m▆[38;2;38;53;96m[48;2;37;53;96m▝[38;2;37;52;95m[48;2;38;53;95m▂[38;2;38;53;95m[48;2;37;52;95m▝[38;2;38;53;94m[48;2;37;52;94m▔[38;2;37;52;94m[48;2;37;52;94m▔[38;2;37;52;94m[48;2;37;52;93m▝[38;2;38;53;95m[48;2;37;52;94m▝[38;2;39;54;96m[48;2;38;53;95m▔[38;2;39;54;95m[48;2;39;54;96m▂[38;2;40;54;96m[48;2;39;53;95m▔[38;2;39;53;95m[48;2;40;54;95m▆[38;2;39;53;94m[48;2;39;54;95m▃[38;2;40;54;95m[48;2;39;54;95m▕[38;2;39;54;96m[48;2;39;54;95m▐[38;2;39;53;96m[48;2;39;54;97m▆[38;2;103;110;136m[48;2;33;50;95m▕[38;2;230;232;233m[48;2;253;252;250m▏[38;2;246;245;245m[48;2;255;255;255m▏[38;2;255;255;255m[48;2;255;255;255m▔[0m
[38;2;55;29;39m[48;2;255;255;255m▏[38;2;255;255;255m[48;2;255;255;255m▔[38;2;255;255;255m[48;2;255;255;255m▔[38;2;79;89;131m[48;2;255;255;254m▕[38;2;40;60;110m[48;2;39;59;114m▐[38;2;40;59;106m[48;2;40;60;107m▐[38;2;40;59;106m[48;2;40;59;105m▔[38;2;40;59;105m[48;2;40;58;104m▀[38;2;41;58;104m[48;2;40;58;105m▖[38;2;40;58;105m[48;2;41;58;104m▔[38;2;40;57;103m[48;2;40;57;103m▔[38;2;40;57;103m[48;2;40;57;103m▔[38;2;39;56;101m[48;2;40;56;102m▗[38;2;39;56;101m[48;2;39;56;101m▔[38;2;40;56;99m[48;2;39;56;100m▝[38;2;34;79;141m[48;2;40;56;98m▕[38;2;31;81;145m[48;2;29;80;142m▏[38;2;29;79;140m[48;2;30;79;141m▔[38;2;30;80;141m[48;2;31;80;142m▞[38;2;37;87;146m[48;2;32;82;142m▐[38;2;52;97;153m[48;2;88;121;170m▍[38;2;103;132;177m[48;2;33;52;99m▍[38;2;37;55;101m[48;2;38;56;101m▏[38;2;39;56;102m[48;2;39;56;101m▆[38;2;39;56;102m[48;2;39;56;101m▂[38;2;39;56;102m[48;2;39;56;102m▔[38;2;39;56;102m[48;2;39;56;101m▃[38;2;38;55;101m[48;2;38;56;102m▀[38;2;38;56;102m[48;2;38;55;101m▃[38;2;38;55;102m[48;2;38;55;101m▁[38;2;38;55;101m[48;2;38;55;101m▔[38;2;38;55;101m[48;2;38;55;101m▔[38;2;37;55;101m[48;2;37;55;100m▂[38;2;37;55;101m[48;2;37;55;100m▁[38;2;37;55;99m[48;2;37;55;99m▔[38;2;37;55;100m[48;2;37;55;99m▗[38;2;37;55;100m[48;2;37;55;99m▔[38;2;37;55;99m[48;2;37;54;100m▆[38;2;36;55;100m[48;2;37;55;99m▀[38;2;37;55;100m[48;2;37;55;101m▆[38;2;37;55;101m[48;2;37;55;100m▀[38;2;37;54;100m[48;2;37;55;101m▆[38;2;37;55;100m[48;2;37;55;100m▔[38;2;37;54;99m[48;2;37;55;100m▃[38;2;38;55;100m[48;2;38;55;99m▘[38;2;38;54;97m[48;2;38;55;99m▐[38;2;35;77;138m[48;2;39;55;95m▕[38;2;30;80;145m[48;2;29;79;142m▏[38;2;29;80;141m[48;2;29;80;141m▔[38;2;30;80;141m[48;2;30;80;142m▂[38;2;32;82;142m[48;2;39;87;148m▊[38;2;86;119;168m[48;2;56;99;155m▐[38;2;99;128;173m[48;2;36;53;96m▍[38;2;38;54;98m[48;2;38;55;97m▖[38;2;38;55;99m[48;2;38;55;98m▀[38;2;38;55;99m[48;2;39;56;101m▆[38;2;38;55;99m[48;2;39;56;100m▂[38;2;38;56;100m[48;2;38;55;99m▀[38;2;38;55;99m[48;2;39;55;100m▆[38;2;38;55;98m[48;2;37;54;97m▊[38;2;37;53;97m[48;2;37;53;96m▍[38;2;37;52;95m[48;2;37;53;96m▂[38;2;37;53;95m[48;2;37;52;95m▀[38;2;37;52;95m[48;2;36;52;94m▀[38;2;37;52;95m[48;2;37;52;95m▔[38;2;37;52;94m[48;2;37;52;95m▁[38;2;37;52;94m[48;2;37;52;94m▔[38;2;37;52;94m[48;2;37;52;94m▔[38;2;36;52;94m[48;2;37;52;94m▖[38;2;38;52;94m[48;2;37;52;94m▝[38;2;38;52;95m[48;2;38;53;95m▗[38;2;38;53;95m[48;2;39;53;95m▊[38;2;39;53;95m[48;2;39;53;95m▔[38;2;39;53;95m[48;2;39;53;95m▔[38;2;39;54;95m[48;2;39;53;94m▖[38;2;39;54;95m[48;2;39;54;95m▔[38;2;39;53;96m[48;2;38;54;95m▔[38;2;39;53;96m[48;2;38;53;96m▊[38;2;106;113;139m[48;2;33;50;95m▕[38;2;235;237;238m[48;2;253;253;251m▏[38;2;246;245;244m[48;2;255;255;255m▏[38;2;255;255;255m[48;2;255;255;255m▔[0m
[38;2;55;29;38m[48;2;255;255;255m▏[38;2;255;255;255m[48;2;255;255;255m▔[38;2;255;255;255m[48;2;255;255;255m▔[38;2;73;86;129m[48;2;255;255;254m▕[38;2;40;61;109m[48;2;38;58;113m▐[38;2;39;59;105m[48;2;40;60;106m▐[38;2;40;58;104m[48;2;40;58;104m▔[38;2;40;58;104m[48;2;40;58;103m▝[38;2;41;57;103m[48;2;40;58;104m▁[38;2;41;57;104m[48;2;40;57;104m▕[38;2;41;58;104m[48;2;40;57;103m▔[38;2;40;57;103m[48;2;40;57;103m▔[38;2;39;56;103m[48;2;39;56;102m▖[38;2;39;56;102m[48;2;39;56;101m▊[38;2;40;56;101m[48;2;40;56;101m▔[38;2;33;79;140m[48;2;40;56;99m▕[38;2;29;79;143m[48;2;29;79;142m▔[38;2;30;79;141m[48;2;30;79;141m▔[38;2;30;80;141m[48;2;31;81;142m▊[38;2;32;82;142m[48;2;39;88;146m▊[38;2;91;122;170m[48;2;58;101;157m▐[38;2;32;51;100m[48;2;105;132;177m▐[38;2;37;55;103m[48;2;39;56;102m▏[38;2;39;56;102m[48;2;39;57;103m▀[38;2;39;56;103m[48;2;39;56;103m▔[38;2;39;56;103m[48;2;39;56;103m▔[38;2;39;56;103m[48;2;39;57;104m▀[38;2;39;56;104m[48;2;39;56;103m▖[38;2;38;56;103m[48;2;38;56;102m▆[38;2;38;56;102m[48;2;38;56;102m▔[38;2;38;56;102m[48;2;38;55;102m▖[38;2;38;55;101m[48;2;38;55;102m▔[38;2;37;55;101m[48;2;38;55;101m▐[38;2;37;55;101m[48;2;37;55;100m▆[38;2;37;55;100m[48;2;37;55;100m▔[38;2;37;55;100m[48;2;37;55;99m▃[38;2;37;55;99m[48;2;37;55;99m▔[38;2;36;55;98m[48;2;37;55;99m▁[38;2;37;55;99m[48;2;37;55;99m▔[38;2;37;55;99m[48;2;36;55;99m▆[38;2;37;55;99m[48;2;37;55;99m▔[38;2;37;55;99m[48;2;36;55;99m▁[38;2;37;55;99m[48;2;37;54;99m▔[38;2;37;55;99m[48;2;36;54;98m▀[38;2;38;55;99m[48;2;37;55;98m▍[38;2;38;54;95m[48;2;38;54;97m▐[38;2;33;78;139m[48;2;38;53;94m▕[38;2;28;79;142m[48;2;30;79;141m▊[38;2;30;80;142m[48;2;29;79;141m▕[38;2;31;81;142m[48;2;30;80;141m▕[38;2;33;83;143m[48;2;39;88;146m▊[38;2;89;120;169m[48;2;59;102;157m▐[38;2;101;130;175m[48;2;32;50;94m▍[38;2;37;54;96m[48;2;37;54;97m▏[38;2;37;55;97m[48;2;38;55;98m▍[38;2;38;55;99m[48;2;38;55;99m▔[38;2;39;55;99m[48;2;39;55;99m▔[38;2;38;55;98m[48;2;39;55;99m▐[38;2;38;55;98m[48;2;37;55;97m▍[38;2;37;54;97m[48;2;37;54;96m▔[38;2;37;53;96m[48;2;37;53;96m▔[38;2;37;52;95m[48;2;37;53;95m▝[38;2;37;52;95m[48;2;37;52;95m▔[38;2;37;53;95m[48;2;37;52;94m▃[38;2;37;52;95m[48;2;37;52;95m▔[38;2;37;52;95m[48;2;37;52;95m▔[38;2;37;52;95m[48;2;37;52;95m▔[38;2;37;52;95m[48;2;37;52;94m▃[38;2;37;52;95m[48;2;37;52;94m▁[38;2;37;52;95m[48;2;37;52;95m▔[38;2;38;52;95m[48;2;37;52;95m▔[38;2;38;53;95m[48;2;38;53;95m▔[38;2;38;53;95m[48;2;39;53;95m▏[38;2;39;54;95m[48;2;39;53;95m▔[38;2;39;54;95m[48;2;39;54;95m▔[38;2;39;54;95m[48;2;39;54;95m▔[38;2;39;54;96m[48;2;39;53;95m▆[38;2;38;54;97m[48;2;38;54;97m▔[38;2;115;121;149m[48;2;33;50;95m▕[38;2;239;241;241m[48;2;253;252;251m▏[38;2;246;245;245m[48;2;255;255;255m▏[38;2;255;255;255m[48;2;255;255;255m▔[0m
[38;2;55;29;38m[48;2;255;255;255m▏[38;2;255;255;255m[48;2;255;255;255m▔[38;2;255;255;255m[48;2;255;255;255m▔[38;2;68;82;127m[48;2;255;255;254m▕[38;2;41;61;109m[48;2;37;56;113m▐[38;2;39;59;106m[48;2;39;59;104m▍[38;2;40;58;104m[48;2;39;58;103m▝[38;2;40;58;103m[48;2;40;57;103m▏[38;2;40;57;104m[48;2;40;57;103m▁[38;2;40;57;104m[48;2;40;57;104m▔[38;2;41;57;104m[48;2;40;57;103m▗[38;2;40;57;104m[48;2;40;57;103m▆[38;2;40;57;104m[48;2;39;56;102m▏[38;2;39;56;102m[48;2;39;57;102m▐[38;2;39;56;100m[48;2;39;56;100m▔[38;2;33;75;135m[48;2;39;56;99m▕[38;2;29;78;142m[48;2;29;78;142m▔[38;2;30;80;141m[48;2;30;79;141m▕[38;2;31;81;142m[48;2;30;80;141m▐[38;2;32;82;143m[48;2;39;88;146m▊[38;2;92;124;172m[48;2;58;102;157m▐[38;2;33;52;101m[48;2;106;133;177m▐[38;2;37;56;104m[48;2;39;57;104m▏[38;2;40;57;104m[48;2;39;57;104m▁[38;2;39;57;104m[48;2;40;57;104m▔[38;2;39;57;103m[48;2;39;56;104m▕[38;2;39;56;104m[48;2;39;56;104m▔[38;2;39;56;104m[48;2;39;56;103m▆[38;2;38;56;103m[48;2;39;56;103m▕[38;2;38;56;103m[48;2;39;56;103m▕[38;2;38;55;103m[48;2;38;56;103m▏[38;2;38;55;102m[48;2;38;55;102m▔[38;2;37;55;102m[48;2;38;55;102m▂[38;2;37;55;101m[48;2;37;55;101m▔[38;2;37;55;101m[48;2;37;55;101m▔[38;2;37;55;101m[48;2;37;55;100m▏[38;2;37;55;99m[48;2;37;55;100m▝[38;2;37;55;100m[48;2;37;55;99m▏[38;2;37;55;99m[48;2;37;55;99m▔[38;2;37;55;98m[48;2;37;55;99m▔[38;2;37;55;99m[48;2;37;55;98m▅[38;2;37;54;98m[48;2;37;55;99m▃[38;2;37;55;98m[48;2;37;54;98m▏[38;2;36;54;98m[48;2;37;54;98m▔[38;2;37;54;97m[48;2;38;55;98m▝[38;2;37;54;97m[48;2;37;54;96m▖[38;2;34;72;127m[48;2;38;54;94m▕[38;2;29;79;141m[48;2;28;79;141m▁[38;2;30;80;141m[48;2;30;79;141m▕[38;2;31;81;141m[48;2;30;80;140m▗[38;2;33;83;142m[48;2;43;90;148m▊[38;2;92;123;172m[48;2;62;103;158m▐[38;2;101;131;178m[48;2;34;52;93m▍[38;2;37;54;96m[48;2;38;55;97m▏[38;2;38;55;98m[48;2;38;55;98m▔[38;2;39;56;100m[48;2;39;56;99m▁[38;2;39;56;100m[48;2;39;56;100m▔[38;2;38;55;98m[48;2;38;55;99m▝[38;2;38;55;98m[48;2;38;55;98m▔[38;2;38;54;97m[48;2;37;54;97m▅[38;2;38;54;97m[48;2;37;53;96m▖[38;2;37;53;96m[48;2;37;53;96m▔[38;2;37;53;96m[48;2;37;53;95m▏[38;2;37;53;95m[48;2;37;53;96m▀[38;2;37;53;95m[48;2;37;53;96m▖[38;2;38;53;96m[48;2;37;53;95m▘[38;2;38;53;96m[48;2;37;53;95m▘[38;2;38;53;96m[48;2;37;52;95m▏[38;2;37;52;95m[48;2;37;52;95m▔[38;2;37;52;95m[48;2;37;52;95m▔[38;2;37;52;95m[48;2;38;52;95m▘[38;2;38;53;95m[48;2;38;53;95m▔[38;2;39;53;95m[48;2;38;53;95m▝[38;2;39;54;95m[48;2;39;53;95m▔[38;2;39;53;95m[48;2;39;54;95m▆[38;2;39;53;95m[48;2;39;54;96m▏[38;2;39;54;97m[48;2;39;54;98m▀[38;2;39;55;100m[48;2;39;55;99m▗[38;2;120;127;157m[48;2;33;51;99m▕[38;2;240;242;243m[48;2;253;252;252m▏[38;2;247;246;245m[48;2;255;255;255m▏[38;2;255;255;255m[48;2;255;255;255m▔[0m
[38;2;55;29;38m[48;2;255;255;255m▏[38;2;255;255;255m[48;2;255;255;255m▔[38;2;255;255;255m[48;2;255;255;255m▔[38;2;63;77;123m[48;2;255;255;255m▕[38;2;35;55;109m[48;2;40;60;108m▍[38;2;40;58;105m[48;2;39;58;103m▍[38;2;39;58;103m[48;2;39;57;102m▘[38;2;39;57;102m[48;2;40;57;103m▏[38;2;40;57;104m[48;2;40;56;103m▕[38;2;40;57;105m[48;2;40;57;104m▕[38;2;40;58;105m[48;2;40;57;104m▂[38;2;40;57;105m[48;2;40;57;104m▂[38;2;40;57;103m[48;2;39;57;103m▏[38;2;39;56;103m[48;2;39;56;102m▅[38;2;39;56;101m[48;2;39;56;100m▊[38;2;37;56;100m[48;2;39;56;100m▕[38;2;34;69;123m[48;2;29;79;142m▏[38;2;31;80;141m[48;2;30;80;141m▕[38;2;31;81;142m[48;2;31;80;142m▗[38;2;33;82;144m[48;2;41;89;147m▊[38;2;59;100;156m[48;2;94;125;173m▍[38;2;108;134;178m[48;2;36;54;101m▍[38;2;40;57;105m[48;2;39;58;105m▊[38;2;40;57;104m[48;2;39;57;104m▔[38;2;40;57;104m[48;2;39;57;103m▀[38;2;40;57;104m[48;2;40;57;103m▘[38;2;40;57;103m[48;2;39;56;103m▅[38;2;39;57;103m[48;2;39;56;103m▏[38;2;39;56;103m[48;2;39;56;103m▔[38;2;38;56;103m[48;2;38;56;102m▔[38;2;38;56;103m[48;2;38;55;102m▔[38;2;38;56;102m[48;2;37;55;102m▕[38;2;38;56;102m[48;2;38;55;102m▏[38;2;38;55;102m[48;2;38;55;102m▔[38;2;37;55;101m[48;2;37;55;101m▔[38;2;37;55;101m[48;2;37;55;101m▔[38;2;37;55;100m[48;2;37;55;100m▔[38;2;37;55;99m[48;2;37;55;100m▔[38;2;37;55;99m[48;2;37;55;99m▔[38;2;37;55;99m[48;2;37;55;99m▔[38;2;37;55;100m[48;2;37;55;99m▃[38;2;37;55;99m[48;2;37;55;100m▀[38;2;37;55;100m[48;2;37;55;99m▃[38;2;37;55;99m[48;2;37;55;100m▀[38;2;38;55;100m[48;2;38;55;99m▂[38;2;38;55;98m[48;2;38;55;98m▔[38;2;39;55;96m[48;2;39;55;94m▊[38;2;34;68;122m[48;2;28;79;141m▍[38;2;30;79;141m[48;2;30;79;141m▔[38;2;32;82;142m[48;2;31;81;141m▗[38;2;36;85;144m[48;2;49;94;152m▊[38;2;61;102;158m[48;2;87;119;169m▏[38;2;43;57;107m[48;2;36;54;97m▏[38;2;38;55;99m[48;2;38;55;98m▕[38;2;38;55;99m[48;2;38;55;99m▔[38;2;38;55;99m[48;2;39;56;100m▍[38;2;39;56;101m[48;2;39;56;100m▏[38;2;39;55;99m[48;2;39;56;100m▐[38;2;39;56;99m[48;2;38;55;98m▏[38;2;38;54;97m[48;2;38;55;98m▐[38;2;37;53;96m[48;2;38;54;96m▔[38;2;37;53;96m[48;2;38;53;96m▘[38;2;37;53;96m[48;2;38;53;96m▝[38;2;37;53;95m[48;2;38;53;96m▔[38;2;38;53;96m[48;2;38;53;96m▔[38;2;38;53;96m[48;2;38;53;96m▔[38;2;38;53;95m[48;2;37;53;95m▆[38;2;38;53;95m[48;2;37;53;95m▁[38;2;38;53;95m[48;2;37;52;95m▁[38;2;38;53;95m[48;2;38;52;95m▂[38;2;39;53;96m[48;2;38;53;95m▗[38;2;39;53;96m[48;2;39;54;97m▀[38;2;40;54;97m[48;2;39;54;96m▃[38;2;40;54;97m[48;2;39;53;96m▅[38;2;40;54;97m[48;2;39;54;96m▅[38;2;40;55;97m[48;2;40;55;98m▀[38;2;39;55;98m[48;2;39;55;99m▍[38;2;39;56;100m[48;2;40;56;101m▞[38;2;119;127;158m[48;2;35;53;100m▕[38;2;240;242;244m[48;2;253;253;252m▏[38;2;246;246;246m[48;2;255;255;255m▏[38;2;255;255;255m[48;2;255;255;255m▔[0m
[38;2;55;29;39m[48;2;255;255;255m▏[38;2;255;255;255m[48;2;255;255;255m▔[38;2;255;255;255m[48;2;255;255;255m▔[38;2;58;73;119m[48;2;255;255;254m▕[38;2;34;55;109m[48;2;41;60;108m▍[38;2;40;59;105m[48;2;39;59;103m▍[38;2;39;58;103m[48;2;39;57;102m▃[38;2;40;58;104m[48;2;40;57;103m▂[38;2;41;58;104m[48;2;40;57;103m▂[38;2;40;58;104m[48;2;41;58;105m▍[38;2;41;58;106m[48;2;40;58;105m▗[38;2;41;58;106m[48;2;40;57;104m▖[38;2;39;57;103m[48;2;40;57;104m▐[38;2;39;56;101m[48;2;39;56;102m▐[38;2;39;56;100m[48;2;39;56;100m▔[38;2;39;56;99m[48;2;40;56;99m▏[38;2;29;78;141m[48;2;40;57;98m▐[38;2;30;79;141m[48;2;30;79;141m▔[38;2;34;81;143m[48;2;31;81;142m▕[38;2;34;83;145m[48;2;48;93;150m▊[38;2;84;117;167m[48;2;52;69;122m▊[38;2;40;57;104m[48;2;38;56;103m▕[38;2;40;57;104m[48;2;40;57;104m▔[38;2;40;57;103m[48;2;40;56;104m▅[38;2;40;57;103m[48;2;40;57;103m▔[38;2;39;56;103m[48;2;39;56;103m▔[38;2;40;57;103m[48;2;39;57;103m▍[38;2;39;56;103m[48;2;39;56;103m▔[38;2;38;55;102m[48;2;39;56;102m▕[38;2;39;56;102m[48;2;38;56;102m▖[38;2;38;55;102m[48;2;38;55;102m▔[38;2;38;55;102m[48;2;38;55;102m▔[38;2;38;55;102m[48;2;38;55;102m▔[38;2;38;55;102m[48;2;38;55;102m▔[38;2;38;55;101m[48;2;38;55;101m▔[38;2;37;55;100m[48;2;38;55;101m▐[38;2;37;55;100m[48;2;37;55;100m▔[38;2;37;55;99m[48;2;37;55;100m▔[38;2;37;55;100m[48;2;37;55;99m▁[38;2;37;55;100m[48;2;37;55;100m▔[38;2;38;55;101m[48;2;37;55;100m▁[38;2;37;55;100m[48;2;38;55;101m▀[38;2;38;55;101m[48;2;38;56;102m▀[38;2;38;55;101m[48;2;38;56;102m▀[38;2;39;55;101m[48;2;39;56;102m▝[38;2;39;56;99m[48;2;39;55;99m▔[38;2;38;55;98m[48;2;39;55;97m▃[38;2;30;79;140m[48;2;40;56;95m▐[38;2;30;80;141m[48;2;31;80;142m▊[38;2;33;83;143m[48;2;31;81;142m▐[38;2;39;88;147m[48;2;62;103;160m▊[38;2;82;116;166m[48;2;34;52;97m▊[38;2;35;52;97m[48;2;38;54;98m▏[38;2;38;55;97m[48;2;38;55;97m▔[38;2;39;56;98m[48;2;38;55;98m▗[38;2;40;56;100m[48;2;39;56;99m▗[38;2;39;55;101m[48;2;39;56;100m▝[38;2;39;56;100m[48;2;38;55;99m▊[38;2;38;55;98m[48;2;38;55;98m▔[38;2;38;54;97m[48;2;38;54;97m▔[38;2;38;53;96m[48;2;38;54;97m▐[38;2;38;54;96m[48;2;38;53;96m▔[38;2;37;53;95m[48;2;38;53;96m▅[38;2;38;53;95m[48;2;38;53;96m▂[38;2;38;53;95m[48;2;38;53;96m▂[38;2;38;53;96m[48;2;38;53;96m▔[38;2;39;53;96m[48;2;38;53;96m▂[38;2;39;53;96m[48;2;38;53;95m▃[38;2;38;53;95m[48;2;39;53;96m▀[38;2;39;54;96m[48;2;38;53;96m▅[38;2;39;53;96m[48;2;39;54;97m▔[38;2;40;54;98m[48;2;40;54;97m▅[38;2;40;54;98m[48;2;40;54;98m▔[38;2;40;54;98m[48;2;41;55;99m▀[38;2;40;55;99m[48;2;40;55;98m▆[38;2;40;55;99m[48;2;40;55;99m▔[38;2;39;55;100m[48;2;40;55;100m▐[38;2;39;56;101m[48;2;39;55;100m▐[38;2;114;124;159m[48;2;34;52;100m▕[38;2;240;243;245m[48;2;254;253;253m▏[38;2;245;244;244m[48;2;255;255;255m▏[38;2;255;255;255m[48;2;255;255;255m▔[0m
[38;2;55;29;39m[48;2;255;255;255m▏[38;2;255;255;255m[48;2;255;255;255m▔[38;2;255;255;255m[48;2;255;255;255m▔[38;2;53;68;117m[48;2;255;255;255m▕[38;2;34;55;108m[48;2;40;61;108m▍[38;2;39;59;104m[48;2;39;59;104m▔[38;2;40;58;103m[48;2;40;58;103m▔[38;2;40;59;105m[48;2;40;59;104m▁[38;2;41;58;105m[48;2;40;58;105m▔[38;2;41;59;105m[48;2;41;59;105m▔[38;2;41;59;105m[48;2;41;58;106m▕[38;2;40;58;104m[48;2;40;58;105m▕[38;2;40;57;103m[48;2;40;57;103m▔[38;2;39;56;101m[48;2;39;56;102m▝[38;2;39;56;102m[48;2;39;56;102m▔[38;2;39;56;101m[48;2;40;56;100m▏[38;2;40;56;98m[48;2;32;80;143m▊[38;2;29;79;141m[48;2;30;79;142m▔[38;2;31;81;142m[48;2;32;82;142m▊[38;2;34;84;145m[48;2;56;99;155m▊[38;2;89;119;168m[48;2;36;52;101m▊[38;2;36;55;101m[48;2;40;56;103m▏[38;2;41;57;104m[48;2;40;57;103m▏[38;2;40;57;102m[48;2;40;57;103m▆[38;2;40;57;102m[48;2;40;56;103m▖[38;2;40;57;103m[48;2;40;57;103m▔[38;2;39;56;103m[48;2;39;57;103m▗[38;2;38;56;103m[48;2;39;56;103m▁[38;2;39;56;103m[48;2;38;56;103m▔[38;2;38;56;102m[48;2;38;56;102m▔[38;2;38;56;102m[48;2;38;55;102m▐[38;2;38;55;102m[48;2;38;55;102m▔[38;2;38;56;102m[48;2;38;55;102m▗[38;2;39;56;102m[48;2;38;55;102m▁[38;2;38;55;101m[48;2;38;55;101m▔[38;2;38;55;101m[48;2;38;55;100m▏[38;2;37;55;100m[48;2;37;55;100m▔[38;2;37;55;100m[48;2;37;55;100m▔[38;2;38;55;101m[48;2;37;55;101m▗[38;2;37;55;100m[48;2;38;55;101m▔[38;2;38;56;102m[48;2;38;55;101m▃[38;2;38;56;103m[48;2;38;55;102m▂[38;2;38;56;103m[48;2;38;55;102m▆[38;2;39;56;103m[48;2;38;56;103m▂[38;2;39;56;103m[48;2;39;56;103m▔[38;2;39;56;102m[48;2;39;56;101m▏[38;2;39;56;100m[48;2;39;56;98m▖[38;2;39;55;96m[48;2;31;79;141m▊[38;2;32;80;142m[48;2;30;79;141m▕[38;2;32;80;143m[48;2;35;84;144m▊[38;2;65;104;160m[48;2;39;88;148m▐[38;2;32;49;99m[48;2;94;123;173m▐[38;2;35;52;97m[48;2;38;54;97m▏[38;2;38;55;97m[48;2;38;55;97m▔[38;2;38;55;97m[48;2;39;56;98m▃[38;2;39;55;98m[48;2;39;56;99m▂[38;2;39;55;98m[48;2;39;55;99m▃[38;2;38;55;98m[48;2;38;55;98m▔[38;2;38;54;97m[48;2;38;55;97m▃[38;2;38;54;96m[48;2;38;54;96m▔[38;2;38;54;96m[48;2;38;53;96m▏[38;2;38;53;95m[48;2;38;53;96m▆[38;2;37;52;95m[48;2;38;53;95m▀[38;2;39;53;96m[48;2;38;53;95m▁[38;2;38;52;95m[48;2;39;53;96m▀[38;2;39;53;96m[48;2;38;53;96m▅[38;2;39;53;96m[48;2;39;54;97m▀[38;2;39;54;97m[48;2;39;54;97m▔[38;2;40;54;97m[48;2;39;54;97m▁[38;2;39;54;98m[48;2;39;54;97m▃[38;2;40;54;99m[48;2;40;54;98m▁[38;2;40;54;99m[48;2;40;54;98m▅[38;2;41;54;99m[48;2;40;54;98m▐[38;2;40;55;99m[48;2;41;55;99m▃[38;2;41;55;100m[48;2;40;55;99m▔[38;2;40;55;99m[48;2;40;55;99m▔[38;2;40;55;100m[48;2;39;55;100m▅[38;2;40;55;102m[48;2;39;55;101m▃[38;2;109;117;157m[48;2;34;53;100m▕[38;2;237;240;244m[48;2;253;253;253m▏[38;2;243;241;242m[48;2;255;255;255m▏[38;2;255;255;255m[48;2;255;255;255m▔[0m
[38;2;55;29;39m[48;2;255;255;255m▏[38;2;255;255;255m[48;2;255;255;255m▔[38;2;255;255;255m[48;2;255;255;255m▔[38;2;51;66;115m[48;2;255;255;255m▕[38;2;34;53;109m[48;2;40;61;109m▍[38;2;39;59;104m[48;2;39;60;105m▝[38;2;39;59;104m[48;2;40;59;105m▘[38;2;40;59;105m[48;2;40;59;105m▔[38;2;40;59;105m[48;2;40;59;106m▔[38;2;40;59;106m[48;2;41;59;106m▖[38;2;40;59;105m[48;2;40;58;105m▊[38;2;40;58;104m[48;2;40;58;104m▔[38;2;40;57;103m[48;2;40;58;104m▐[38;2;39;55;102m[48;2;39;56;102m▕[38;2;39;56;102m[48;2;39;56;102m▔[38;2;40;57;100m[48;2;40;56;101m▕[38;2;41;56;98m[48;2;32;77;138m▊[38;2;30;79;141m[48;2;29;79;142m▐[38;2;30;80;142m[48;2;32;82;143m▊[38;2;35;85;147m[48;2;61;102;157m▊[38;2;93;121;173m[48;2;35;52;100m▊[38;2;36;54;101m[48;2;40;57;102m▏[38;2;40;57;102m[48;2;40;57;103m▘[38;2;40;57;102m[48;2;40;57;103m▔[38;2;40;57;103m[48;2;40;57;103m▔[38;2;39;57;103m[48;2;40;57;103m▐[38;2;39;57;103m[48;2;39;56;102m▀[38;2;38;56;102m[48;2;39;56;102m▂[38;2;38;55;102m[48;2;38;56;102m▝[38;2;38;55;101m[48;2;38;56;101m▔[38;2;38;56;102m[48;2;38;55;101m▝[38;2;38;56;102m[48;2;38;55;101m▀[38;2;38;55;101m[48;2;38;56;102m▃[38;2;38;56;102m[48;2;38;55;102m▝[38;2;38;56;102m[48;2;38;55;101m▘[38;2;38;55;101m[48;2;38;55;101m▔[38;2;38;55;101m[48;2;37;55;101m▁[38;2;38;55;101m[48;2;37;55;101m▂[38;2;38;55;102m[48;2;37;55;101m▃[38;2;38;55;102m[48;2;37;55;102m▀[38;2;38;55;102m[48;2;38;55;102m▔[38;2;38;56;104m[48;2;38;56;103m▆[38;2;39;57;104m[48;2;38;57;104m▁[38;2;39;57;104m[48;2;38;57;103m▃[38;2;39;57;104m[48;2;39;56;103m▘[38;2;39;56;102m[48;2;38;56;101m▏[38;2;39;55;98m[48;2;39;55;99m▝[38;2;39;56;95m[48;2;31;80;141m▊[38;2;31;80;142m[48;2;30;79;142m▕[38;2;35;84;145m[48;2;32;81;142m▐[38;2;71;111;164m[48;2;43;91;151m▐[38;2;29;47;97m[48;2;98;127;175m▐[38;2;36;52;97m[48;2;38;54;96m▍[38;2;39;53;96m[48;2;38;54;96m▗[38;2;39;55;97m[48;2;38;54;96m▏[38;2;39;55;97m[48;2;38;54;97m▏[38;2;38;54;96m[48;2;38;55;97m▅[38;2;38;54;97m[48;2;38;54;96m▘[38;2;38;54;96m[48;2;38;54;96m▔[38;2;39;54;96m[48;2;38;54;96m▂[38;2;38;53;96m[48;2;38;53;96m▔[38;2;39;53;96m[48;2;38;53;95m▃[38;2;39;54;97m[48;2;38;53;96m▃[38;2;39;54;98m[48;2;39;54;96m▃[38;2;38;54;98m[48;2;39;54;97m▃[38;2;39;54;99m[48;2;39;54;97m▃[38;2;39;55;100m[48;2;39;54;97m▂[38;2;39;56;99m[48;2;39;54;97m▂[38;2;39;55;99m[48;2;39;54;98m▃[38;2;39;55;99m[48;2;39;54;98m▃[38;2;40;55;99m[48;2;39;55;99m▔[38;2;39;55;99m[48;2;40;55;99m▁[38;2;40;56;100m[48;2;40;55;99m▖[38;2;40;56;100m[48;2;41;55;99m▂[38;2;41;55;100m[48;2;40;55;99m▀[38;2;40;55;99m[48;2;41;55;100m▔[38;2;39;56;101m[48;2;40;55;100m▗[38;2;39;56;101m[48;2;39;56;102m▔[38;2;97;105;147m[48;2;35;53;101m▕[38;2;231;235;240m[48;2;253;253;253m▏[38;2;240;238;239m[48;2;255;255;255m▏[38;2;255;255;255m[48;2;255;255;255m▔[0m
[38;2;54;29;39m[48;2;255;255;255m▏[38;2;255;255;255m[48;2;255;255;255m▔[38;2;255;255;255m[48;2;255;255;255m▔[38;2;46;60;111m[48;2;255;255;255m▕[38;2;34;54;107m[48;2;39;61;109m▍[38;2;39;61;106m[48;2;39;60;105m▍[38;2;39;58;104m[48;2;39;59;104m▁[38;2;40;58;105m[48;2;40;59;105m▁[38;2;40;58;105m[48;2;40;59;105m▏[38;2;40;59;105m[48;2;40;59;105m▔[38;2;40;58;105m[48;2;40;58;105m▔[38;2;41;58;105m[48;2;40;58;104m▏[38;2;40;58;104m[48;2;40;57;103m▍[38;2;39;57;103m[48;2;40;57;103m▝[38;2;39;56;101m[48;2;40;56;102m▔[38;2;40;56;101m[48;2;40;57;100m▊[38;2;41;55;98m[48;2;32;80;142m▊[38;2;30;79;140m[48;2;30;78;142m▝[38;2;31;79;142m[48;2;32;82;142m▊[38;2;36;86;147m[48;2;60;102;157m▊[38;2;94;122;172m[48;2;32;51;99m▊[38;2;34;53;99m[48;2;39;56;103m▏[38;2;40;56;103m[48;2;39;56;102m▗[38;2;40;56;103m[48;2;40;56;102m▕[38;2;39;56;103m[48;2;39;56;102m▍[38;2;40;56;103m[48;2;39;56;102m▔[38;2;39;56;101m[48;2;39;56;102m▗[38;2;38;56;101m[48;2;38;56;101m▔[38;2;38;56;101m[48;2;39;55;100m▀[38;2;38;55;100m[48;2;38;55;99m▀[38;2;38;55;99m[48;2;38;55;100m▅[38;2;38;55;99m[48;2;38;55;100m▅[38;2;38;55;101m[48;2;38;55;100m▔[38;2;38;55;101m[48;2;38;55;100m▔[38;2;38;55;100m[48;2;38;55;101m▆[38;2;38;55;100m[48;2;38;55;101m▅[38;2;38;55;101m[48;2;38;55;100m▐[38;2;38;55;101m[48;2;38;55;101m▔[38;2;38;56;103m[48;2;37;56;102m▕[38;2;37;57;104m[48;2;37;56;103m▃[38;2;37;56;103m[48;2;38;56;104m▔[38;2;38;56;103m[48;2;38;57;104m▍[38;2;38;57;105m[48;2;39;57;105m▁[38;2;39;57;105m[48;2;38;57;104m▏[38;2;38;56;103m[48;2;38;56;103m▔[38;2;38;56;101m[48;2;39;56;102m▝[38;2;38;56;99m[48;2;38;56;99m▔[38;2;38;55;96m[48;2;31;79;141m▊[38;2;30;79;142m[48;2;30;79;142m▔[38;2;33;82;144m[48;2;38;85;147m▊[38;2;77;112;165m[48;2;46;94;152m▐[38;2;34;51;96m[48;2;98;125;177m▐[38;2;35;51;96m[48;2;38;53;96m▏[38;2;38;54;97m[48;2;38;54;96m▐[38;2;39;54;96m[48;2;39;54;96m▔[38;2;39;54;96m[48;2;39;54;96m▔[38;2;39;54;96m[48;2;39;54;96m▔[38;2;39;53;96m[48;2;38;54;96m▃[38;2;38;54;96m[48;2;39;54;96m▊[38;2;39;54;96m[48;2;38;54;96m▖[38;2;38;54;96m[48;2;38;54;96m▔[38;2;38;53;97m[48;2;38;54;97m▃[38;2;36;52;98m[48;2;38;53;99m▁[38;2;107;35;48m[48;2;38;54;100m▂[38;2;107;38;44m[48;2;38;54;101m▂[38;2;112;39;39m[48;2;39;55;101m▂[38;2;121;40;43m[48;2;39;55;100m▂[38;2;132;41;44m[48;2;39;56;102m▂[38;2;136;42;42m[48;2;39;56;100m▂[38;2;139;43;43m[48;2;39;55;101m▂[38;2;138;43;44m[48;2;39;55;101m▂[38;2;138;43;44m[48;2;39;56;99m▂[38;2;139;44;44m[48;2;39;56;99m▂[38;2;140;43;43m[48;2;40;56;100m▂[38;2;115;44;61m[48;2;39;56;101m▖[38;2;39;55;100m[48;2;39;55;99m▐[38;2;38;56;101m[48;2;39;55;100m▂[38;2;39;56;103m[48;2;39;55;101m▐[38;2;89;96;140m[48;2;36;54;102m▕[38;2;230;232;237m[48;2;253;253;253m▏[38;2;238;237;238m[48;2;255;255;255m▏[38;2;255;255;255m[48;2;255;255;255m▔[0m
[38;2;53;27;37m[48;2;255;255;255m▏[38;2;255;255;255m[48;2;255;255;255m▔[38;2;255;255;255m[48;2;255;255;255m▔[38;2;255;255;255m[48;2;149;157;175m▊[38;2;35;55;109m[48;2;40;61;110m▍[38;2;39;61;106m[48;2;39;59;105m▍[38;2;39;58;104m[48;2;39;59;104m▆[38;2;40;59;105m[48;2;40;58;105m▕[38;2;40;58;106m[48;2;40;59;106m▗[38;2;40;58;106m[48;2;40;58;105m▏[38;2;40;58;105m[48;2;40;58;105m▔[38;2;40;58;105m[48;2;40;58;105m▔[38;2;40;58;104m[48;2;40;57;104m▏[38;2;40;57;103m[48;2;40;56;103m▝[38;2;40;56;102m[48;2;39;56;102m▞[38;2;40;56;103m[48;2;39;57;102m▏[38;2;40;56;100m[48;2;34;79;140m▊[38;2;31;78;142m[48;2;31;79;141m▊[38;2;32;80;142m[48;2;33;82;142m▊[38;2;37;87;147m[48;2;59;99;155m▊[38;2;96;124;174m[48;2;32;49;98m▊[38;2;36;54;103m[48;2;39;55;103m▍[38;2;39;56;103m[48;2;39;56;103m▔[38;2;40;56;103m[48;2;40;56;103m▔[38;2;40;56;103m[48;2;39;56;102m▍[38;2;39;56;103m[48;2;39;56;102m▂[38;2;39;56;102m[48;2;39;56;102m▔[38;2;39;56;101m[48;2;39;56;101m▔[38;2;38;56;101m[48;2;38;56;100m▁[38;2;38;55;100m[48;2;38;55;100m▔[38;2;38;56;101m[48;2;38;55;100m▂[38;2;38;58;107m[48;2;38;56;100m▂[38;2;38;55;98m[48;2;38;55;99m▃[38;2;38;55;99m[48;2;38;55;99m▔[38;2;38;55;100m[48;2;38;55;99m▁[38;2;38;55;99m[48;2;38;55;100m▘[38;2;38;56;101m[48;2;38;55;100m▂[38;2;38;56;104m[48;2;38;56;102m▗[38;2;38;58;107m[48;2;37;56;104m▗[38;2;38;59;113m[48;2;38;58;108m▃[38;2;38;58;112m[48;2;40;62;123m▀[38;2;39;57;105m[48;2;39;56;104m▗[38;2;39;57;105m[48;2;39;57;105m▔[38;2;39;57;105m[48;2;38;56;104m▊[38;2;39;56;104m[48;2;39;57;104m▀[38;2;38;57;103m[48;2;39;56;102m▃[38;2;39;57;102m[48;2;38;57;100m▖[38;2;39;57;98m[48;2;31;79;140m▊[38;2;29;78;141m[48;2;31;79;142m▊[38;2;33;82;143m[48;2;38;85;146m▊[38;2;79;112;163m[48;2;47;93;152m▐[38;2;33;51;95m[48;2;99;129;176m▐[38;2;36;53;96m[48;2;38;53;97m▍[38;2;39;54;97m[48;2;39;54;97m▔[38;2;39;54;97m[48;2;39;53;96m▂[38;2;39;54;97m[48;2;39;54;96m▁[38;2;39;54;97m[48;2;39;54;96m▂[38;2;39;54;96m[48;2;39;54;96m▔[38;2;38;54;96m[48;2;38;53;96m▆[38;2;38;54;96m[48;2;38;54;96m▔[38;2;38;54;95m[48;2;38;54;97m▔[38;2;38;53;98m[48;2;38;53;97m▁[38;2;36;53;99m[48;2;122;43;35m▊[38;2;121;42;37m[48;2;100;40;45m▘[38;2;101;38;45m[48;2;106;38;42m▖[38;2;115;38;41m[48;2;110;39;41m▐[38;2;120;39;40m[48;2;126;41;40m▍[38;2;132;42;41m[48;2;136;41;41m▍[38;2;141;43;40m[48;2;139;43;41m▝[38;2;142;43;40m[48;2;141;44;40m▘[38;2;143;43;40m[48;2;142;44;41m▀[38;2;141;44;40m[48;2;143;43;39m▂[38;2;143;43;39m[48;2;142;43;39m▔[38;2;140;43;38m[48;2;141;42;39m▂[38;2;139;44;38m[48;2;38;56;98m▊[38;2;38;56;101m[48;2;39;56;100m▍[38;2;38;55;101m[48;2;38;55;101m▔[38;2;39;57;104m[48;2;39;55;102m▕[38;2;70;77;124m[48;2;36;55;104m▕[38;2;218;220;226m[48;2;254;254;253m▏[38;2;238;237;237m[48;2;255;255;255m▏[38;2;255;255;255m[48;2;255;255;255m▔[0m
[38;2;50;27;37m[48;2;255;255;255m▏[38;2;255;255;255m[48;2;255;255;255m▔[38;2;255;255;255m[48;2;255;255;255m▔[38;2;255;255;255m[48;2;147;155;173m▊[38;2;34;55;110m[48;2;40;61;111m▍[38;2;40;60;108m[48;2;40;59;107m▍[38;2;40;58;106m[48;2;39;58;105m▏[38;2;40;59;105m[48;2;40;58;105m▏[38;2;40;58;105m[48;2;40;58;105m▔[38;2;40;57;105m[48;2;40;58;106m▅[38;2;40;58;105m[48;2;40;57;104m▀[38;2;39;57;103m[48;2;40;57;104m▕[38;2;39;57;103m[48;2;39;56;103m▔[38;2;39;56;102m[48;2;39;56;103m▆[38;2;39;55;102m[48;2;39;55;102m▔[38;2;41;57;104m[48;2;39;57;102m▁[38;2;38;55;103m[48;2;33;79;140m▊[38;2;31;78;141m[48;2;30;78;142m▏[38;2;32;79;142m[48;2;32;81;142m▍[38;2;36;86;146m[48;2;55;98;156m▊[38;2;89;119;169m[48;2;33;50;100m▊[38;2;36;54;104m[48;2;39;56;104m▍[38;2;39;56;104m[48;2;40;57;105m▀[38;2;40;56;103m[48;2;40;57;104m▔[38;2;39;57;103m[48;2;40;57;104m▀[38;2;39;57;104m[48;2;39;56;103m▂[38;2;39;56;102m[48;2;39;56;103m▀[38;2;39;56;103m[48;2;39;56;102m▅[38;2;39;57;103m[48;2;38;56;102m▃[38;2;38;57;104m[48;2;38;56;102m▃[38;2;38;59;108m[48;2;38;58;104m▗[38;2;44;70;127m[48;2;39;60;111m▐[38;2;53;71;122m[48;2;39;56;98m▖[38;2;39;55;100m[48;2;39;55;100m▔[38;2;39;56;102m[48;2;38;55;100m▗[38;2;39;56;101m[48;2;39;56;102m▘[38;2;38;58;105m[48;2;38;57;103m▂[38;2;39;59;108m[48;2;38;58;105m▃[38;2;43;63;122m[48;2;39;59;112m▗[38;2;40;63;120m[48;2;55;79;141m▀[38;2;52;78;141m[48;2;41;58;111m▊[38;2;41;57;109m[48;2;40;57;106m▂[38;2;40;58;107m[48;2;40;58;106m▖[38;2;40;58;106m[48;2;39;58;105m▃[38;2;38;57;105m[48;2;39;57;104m▏[38;2;39;57;104m[48;2;39;57;103m▍[38;2;39;57;102m[48;2;39;58;101m▊[38;2;40;57;100m[48;2;31;78;140m▊[38;2;29;78;141m[48;2;31;79;142m▊[38;2;36;84;145m[48;2;32;81;143m▐[38;2;75;111;163m[48;2;47;92;151m▐[38;2;33;50;95m[48;2;98;126;178m▐[38;2;36;52;97m[48;2;38;54;97m▍[38;2;39;54;98m[48;2;38;54;97m▁[38;2;38;54;97m[48;2;39;54;97m▃[38;2;39;54;97m[48;2;39;54;97m▔[38;2;39;54;97m[48;2;39;54;97m▔[38;2;38;54;98m[48;2;39;54;97m▂[38;2;39;54;99m[48;2;38;54;98m▁[38;2;39;55;99m[48;2;38;54;98m▂[38;2;38;54;100m[48;2;38;54;98m▃[38;2;35;54;103m[48;2;36;54;100m▗[38;2;36;53;99m[48;2;104;40;38m▘[38;2;89;39;47m[48;2;94;37;46m▊[38;2;97;38;44m[48;2;102;39;44m▍[38;2;115;40;43m[48;2;109;40;45m▐[38;2;126;42;41m[48;2;121;41;42m▐[38;2;133;43;41m[48;2;131;42;41m▐[38;2;137;43;40m[48;2;136;43;41m▐[38;2;138;43;41m[48;2;139;44;41m▖[38;2;141;44;41m[48;2;139;44;40m▀[38;2;141;44;39m[48;2;139;44;40m▀[38;2;141;43;39m[48;2;140;43;38m▍[38;2;140;43;38m[48;2;141;43;39m▆[38;2;129;42;46m[48;2;139;42;40m▕[38;2;89;48;73m[48;2;39;57;103m▏[38;2;40;57;103m[48;2;39;56;102m▖[38;2;39;56;103m[48;2;39;57;104m▊[38;2;57;63;111m[48;2;36;55;102m▕[38;2;206;207;215m[48;2;254;254;254m▏[38;2;238;237;237m[48;2;255;255;255m▏[38;2;255;255;255m[48;2;255;255;255m▔[0m
[38;2;51;27;37m[48;2;255;255;255m▏[38;2;255;255;255m[48;2;255;255;255m▔[38;2;255;255;255m[48;2;255;255;255m▔[38;2;41;58;112m[48;2;255;255;255m▕[38;2;35;56;109m[48;2;42;62;110m▍[38;2;40;59;105m[48;2;40;61;107m▐[38;2;40;58;105m[48;2;40;59;105m▆[38;2;41;58;106m[48;2;40;58;105m▔[38;2;40;58;104m[48;2;40;57;104m▏[38;2;40;57;104m[48;2;40;57;104m▔[38;2;41;57;104m[48;2;40;57;104m▁[38;2;41;57;104m[48;2;40;57;103m▏[38;2;40;57;103m[48;2;40;56;103m▖[38;2;40;57;103m[48;2;40;56;103m▁[38;2;41;57;103m[48;2;40;56;103m▃[38;2;41;57;104m[48;2;42;56;105m▏[38;2;43;57;106m[48;2;33;78;140m▊[38;2;30;79;141m[48;2;30;78;141m▝[38;2;31;79;141m[48;2;32;81;142m▊[38;2;36;86;147m[48;2;59;101;156m▊[38;2;85;117;167m[48;2;37;52;105m▊[38;2;38;54;105m[48;2;41;56;106m▏[38;2;40;57;104m[48;2;40;57;105m▂[38;2;40;57;104m[48;2;40;57;105m▁[38;2;41;58;105m[48;2;40;57;104m▔[38;2;39;57;103m[48;2;39;56;104m▕[38;2;39;57;103m[48;2;39;56;103m▖[38;2;39;57;103m[48;2;39;56;103m▆[38;2;62;85;131m[48;2;39;57;104m▁[38;2;103;132;175m[48;2;38;59;106m▁[38;2;108;134;177m[48;2;40;62;112m▂[38;2;124;148;188m[48;2;50;75;131m▃[38;2;39;54;102m[48;2;93;123;171m▝[38;2;39;56;102m[48;2;95;125;171m▀[38;2;40;58;104m[48;2;94;124;169m▀[38;2;96;126;170m[48;2;40;58;105m▃[38;2;95;125;171m[48;2;41;59;108m▃[38;2;103;132;174m[48;2;41;62;114m▂[38;2;128;153;190m[48;2;50;72;131m▁[38;2;83;103;158m[48;2;68;92;150m▁[38;2;62;86;148m[48;2;42;59;111m▘[38;2;43;59;109m[48;2;41;59;109m▖[38;2;40;58;107m[48;2;41;59;108m▅[38;2;41;59;107m[48;2;40;58;106m▘[38;2;39;57;104m[48;2;40;57;105m▃[38;2;40;56;103m[48;2;39;57;104m▗[38;2;40;56;101m[48;2;39;57;102m▐[38;2;40;57;100m[48;2;30;79;143m▊[38;2;29;79;142m[48;2;30;79;142m▊[38;2;35;83;143m[48;2;31;80;142m▐[38;2;73;109;160m[48;2;45;92;151m▐[38;2;33;49;98m[48;2;94;124;172m▐[38;2;36;52;98m[48;2;38;54;98m▏[38;2;39;54;97m[48;2;39;54;97m▔[38;2;38;54;97m[48;2;39;54;97m▗[38;2;38;54;97m[48;2;38;54;97m▔[38;2;38;55;98m[48;2;39;54;97m▃[38;2;39;54;98m[48;2;39;55;99m▀[38;2;39;55;99m[48;2;39;56;101m▀[38;2;39;56;102m[48;2;38;55;101m▃[38;2;39;56;103m[48;2;39;55;102m▃[38;2;37;55;104m[48;2;111;38;46m▊[38;2;108;42;39m[48;2;87;39;46m▍[38;2;89;37;44m[48;2;86;37;45m▐[38;2;104;40;47m[48;2;95;39;46m▐[38;2;118;42;44m[48;2;111;40;45m▐[38;2;122;42;43m[48;2;126;43;42m▍[38;2;133;44;41m[48;2;131;43;42m▐[38;2;137;44;41m[48;2;136;43;41m▗[38;2;138;44;41m[48;2;138;44;41m▔[38;2;139;45;41m[48;2;139;44;41m▝[38;2;140;44;40m[48;2;139;44;40m▗[38;2;139;43;40m[48;2;140;44;39m▏[38;2;140;44;38m[48;2;140;44;39m▐[38;2;140;44;39m[48;2;140;43;39m▂[38;2;133;43;43m[48;2;39;58;106m▍[38;2;41;58;105m[48;2;40;58;105m▘[38;2;40;58;106m[48;2;40;59;107m▊[38;2;53;61;108m[48;2;38;56;107m▕[38;2;188;191;201m[48;2;255;255;255m▏[38;2;240;239;239m[48;2;255;255;255m▏[38;2;255;255;255m[48;2;255;255;255m▔[0m
[38;2;49;25;35m[48;2;255;255;255m▏[38;2;255;255;255m[48;2;255;255;255m▔[38;2;255;255;255m[48;2;255;255;255m▔[38;2;255;255;254m[48;2;159;164;183m▊[38;2;81;115;168m[48;2;39;61;116m▆[38;2;86;116;160m[48;2;52;75;120m▆[38;2;91;121;167m[48;2;53;73;119m▆[38;2;91;120;162m[48;2;43;60;108m▆[38;2;94;123;168m[48;2;40;56;104m▆[38;2;96;126;169m[48;2;42;57;106m▅[38;2;41;57;104m[48;2;96;126;170m▀[38;2;97;127;170m[48;2;43;57;104m▃[38;2;98;129;172m[48;2;41;58;103m▁[38;2;40;57;103m[48;2;42;58;104m▔[38;2;43;57;104m[48;2;41;58;104m▃[38;2;42;58;105m[48;2;41;57;105m▐[38;2;43;58;107m[48;2;31;77;139m▊[38;2;30;79;140m[48;2;29;78;141m▐[38;2;32;81;141m[48;2;31;80;142m▕[38;2;35;84;145m[48;2;55;99;157m▊[38;2;80;114;165m[48;2;37;52;104m▊[38;2;39;56;105m[48;2;41;57;105m▍[38;2;40;57;105m[48;2;40;57;104m▁[38;2;38;56;103m[48;2;40;57;104m▂[38;2;68;89;138m[48;2;39;56;103m▂[38;2;86;119;168m[48;2;39;56;103m▃[38;2;81;115;163m[48;2;38;56;102m▆[38;2;45;63;110m[48;2;81;114;163m▔[38;2;91;122;168m[48;2;60;101;156m▀[38;2;92;122;167m[48;2;57;100;155m▀[38;2;96;126;171m[48;2;71;108;159m▀[38;2;141;161;195m[48;2;111;139;180m▐[38;2;160;177;202m[48;2;46;93;153m▍[38;2;42;90;150m[48;2;73;109;161m▅[38;2;41;90;151m[48;2;72;108;161m▅[38;2;43;91;151m[48;2;77;111;161m▅[38;2;52;95;154m[48;2;85;117;165m▅[38;2;66;105;157m[48;2;90;123;170m▖[38;2;140;160;195m[48;2;116;143;184m▐[38;2;76;114;165m[48;2;134;155;188m▗[38;2;44;58;108m[48;2;92;125;170m▔[38;2;95;126;169m[48;2;42;58;108m▅[38;2;98;129;171m[48;2;42;58;106m▃[38;2;100;130;172m[48;2;41;57;106m▁[38;2;39;55;102m[48;2;40;56;103m▂[38;2;40;57;102m[48;2;39;57;101m▁[38;2;39;57;100m[48;2;39;57;101m▊[38;2;40;58;100m[48;2;30;78;140m▊[38;2;30;79;142m[48;2;29;79;140m▏[38;2;31;81;140m[48;2;34;83;142m▊[38;2;63;103;158m[48;2;42;89;147m▐[38;2;32;50;100m[48;2;91;118;169m▐[38;2;38;54;98m[48;2;39;55;101m▀[38;2;39;54;98m[48;2;40;56;101m▀[38;2;37;55;98m[48;2;38;55;99m▂[38;2;88;113;161m[48;2;38;55;98m▁[38;2;83;116;168m[48;2;38;55;98m▃[38;2;40;57;99m[48;2;82;115;166m▀[38;2;80;115;165m[48;2;40;56;103m▅[38;2;67;105;159m[48;2;38;55;101m▆[38;2;68;107;162m[48;2;39;57;104m▆[38;2;85;94;134m[48;2;107;39;40m▍[38;2;94;39;46m[48;2;88;39;45m▏[38;2;98;37;46m[48;2;90;37;47m▗[38;2;100;40;47m[48;2;109;40;44m▘[38;2;116;42;44m[48;2;122;42;43m▘[38;2;126;42;41m[48;2;130;43;42m▍[38;2;136;43;41m[48;2;134;43;41m▃[38;2;139;44;41m[48;2;137;44;41m▃[38;2;140;44;40m[48;2;139;44;41m▂[38;2;141;45;40m[48;2;140;44;40m▃[38;2;142;45;40m[48;2;140;45;40m▅[38;2;142;44;39m[48;2;141;44;38m▃[38;2;141;44;38m[48;2;140;44;38m▖[38;2;141;44;38m[48;2;139;43;38m▂[38;2;137;44;39m[48;2;38;60;110m▊[38;2;81;121;167m[48;2;42;61;108m▁[38;2;43;62;112m[48;2;41;59;108m▃[38;2;64;74;119m[48;2;40;59;115m▕[38;2;197;201;209m[48;2;255;255;255m▏[38;2;240;238;238m[48;2;255;255;255m▏[38;2;255;255;255m[48;2;255;255;255m▔[0m
[38;2;51;26;36m[48;2;255;255;255m▏[38;2;255;255;255m[48;2;255;255;255m▔[38;2;255;255;255m[48;2;255;255;255m▔[38;2;255;255;254m[48;2;147;164;188m▊[38;2;39;87;151m[48;2;51;96;157m▅[38;2;40;88;147m[48;2;51;96;153m▅[38;2;39;87;146m[48;2;52;96;153m▅[38;2;40;87;148m[48;2;54;99;154m▅[38;2;43;90;149m[48;2;68;106;158m▆[38;2;44;91;150m[48;2;72;107;158m▅[38;2;48;93;151m[48;2;84;116;162m▅[38;2;87;118;164m[48;2;51;96;152m▀[38;2;57;99;154m[48;2;90;122;165m▃[38;2;59;77;123m[48;2;83;116;162m▔[38;2;74;111;159m[48;2;42;57;104m▅[38;2;70;108;157m[48;2;42;58;106m▂[38;2;45;58;107m[48;2;29;78;139m▊[38;2;28;78;139m[48;2;30;79;140m▍[38;2;30;80;141m[48;2;31;80;142m▊[38;2;33;83;143m[48;2;49;96;154m▊[38;2;68;109;162m[48;2;37;49;108m▊[38;2;44;68;121m[48;2;41;56;107m▁[38;2;39;55;105m[48;2;52;97;154m▀[38;2;37;55;104m[48;2;59;101;155m▔[38;2;75;110;162m[48;2;47;93;152m▀[38;2;43;92;152m[48;2;69;106;159m▅[38;2;38;87;147m[48;2;55;98;155m▅[38;2;37;86;145m[48;2;46;93;151m▅[38;2;38;87;146m[48;2;43;91;149m▅[38;2;47;93;152m[48;2;41;88;146m▔[38;2;76;111;161m[48;2;56;99;152m▐[38;2;141;157;191m[48;2;109;136;178m▞[38;2;36;85;146m[48;2;34;82;143m▔[38;2;34;83;143m[48;2;35;84;145m▅[38;2;34;82;142m[48;2;35;84;145m▅[38;2;35;84;143m[48;2;37;86;146m▅[38;2;38;87;146m[48;2;45;91;148m▊[38;2;76;111;163m[48;2;53;97;151m▐[38;2;67;107;159m[48;2;124;146;186m▕[38;2;54;100;156m[48;2;37;88;150m▔[38;2;40;89;148m[48;2;61;103;156m▆[38;2;44;91;150m[48;2;73;109;160m▅[38;2;85;118;165m[48;2;49;94;152m▀[38;2;93;124;168m[48;2;63;103;156m▀[38;2;82;116;163m[48;2;56;77;126m▆[38;2;38;56;99m[48;2;79;114;163m▀[38;2;52;77;126m[48;2;38;56;100m▂[38;2;40;57;99m[48;2;29;79;138m▊[38;2;31;79;140m[48;2;29;78;139m▐[38;2;30;80;140m[48;2;32;82;141m▊[38;2;54;98;155m[48;2;39;87;145m▐[38;2;35;51;103m[48;2;87;118;168m▐[38;2;80;114;166m[48;2;37;55;102m▂[38;2;73;109;162m[48;2;39;57;102m▅[38;2;36;55;99m[48;2;68;106;159m▔[38;2;78;112;165m[48;2;44;92;152m▀[38;2;39;89;150m[48;2;70;107;160m▅[38;2;36;86;146m[48;2;60;101;157m▆[38;2;32;82;142m[48;2;42;90;151m▅[38;2;32;81;142m[48;2;38;87;148m▅[38;2;37;85;145m[48;2;63;72;114m▊[38;2;96;66;60m[48;2;97;40;48m▁[38;2;93;65;59m[48;2;95;39;47m▂[38;2;93;65;60m[48;2;104;39;46m▂[38;2;98;58;55m[48;2;117;41;43m▂[38;2;103;57;55m[48;2;127;41;42m▂[38;2;107;57;52m[48;2;134;42;40m▂[38;2;110;56;52m[48;2;139;44;41m▂[38;2;113;56;50m[48;2;141;45;41m▂[38;2;114;55;50m[48;2;142;45;40m▂[38;2;116;56;50m[48;2;143;45;40m▂[38;2;117;56;49m[48;2;144;45;40m▂[38;2;94;63;56m[48;2;143;45;40m▁[38;2;93;63;57m[48;2;143;43;38m▁[38;2;91;64;60m[48;2;143;42;39m▁[38;2;88;86;103m[48;2;143;43;42m▕[38;2;82;120;166m[48;2;53;99;153m▀[38;2;48;70;122m[48;2;81;115;162m▔[38;2;45;64;118m[48;2;89;121;169m▀[38;2;203;207;218m[48;2;253;253;252m▏[38;2;240;239;239m[48;2;255;255;255m▏[38;2;255;255;255m[48;2;255;255;255m▔[0m
[38;2;51;25;36m[48;2;255;255;255m▏[38;2;255;255;255m[48;2;255;255;255m▔[38;2;255;255;255m[48;2;255;255;255m▔[38;2;255;255;254m[48;2;129;150;178m▊[38;2;28;77;145m[48;2;34;83;145m▍[38;2;34;82;142m[48;2;36;83;143m▆[38;2;33;82;141m[48;2;35;83;143m▅[38;2;34;82;142m[48;2;36;84;144m▆[38;2;34;82;143m[48;2;36;85;144m▆[38;2;33;82;142m[48;2;37;85;145m▅[38;2;36;85;145m[48;2;34;82;143m▀[38;2;34;83;144m[48;2;38;87;147m▅[38;2;35;84;145m[48;2;41;89;148m▅[38;2;36;85;146m[48;2;49;93;151m▆[38;2;36;85;145m[48;2;53;96;152m▅[38;2;37;86;147m[48;2;58;99;150m▅[38;2;35;84;144m[48;2;58;88;139m▆[38;2;31;79;140m[48;2;30;80;140m▕[38;2;31;80;141m[48;2;31;80;141m▔[38;2;38;87;147m[48;2;32;82;142m▝[38;2;41;88;147m[48;2;51;96;154m▁[38;2;35;84;146m[48;2;42;90;150m▁[38;2;35;84;145m[48;2;43;90;149m▅[38;2;34;83;143m[48;2;39;88;148m▅[38;2;33;82;143m[48;2;37;86;147m▅[38;2;33;82;143m[48;2;35;84;145m▆[38;2;34;83;143m[48;2;33;82;142m▀[38;2;33;82;142m[48;2;34;82;143m▅[38;2;34;83;142m[48;2;37;85;144m▊[38;2;41;87;145m[48;2;47;91;147m▊[38;2;67;104;155m[48;2;110;134;175m▊[38;2;134;152;187m[48;2;31;80;142m▍[38;2;33;81;142m[48;2;33;82;143m▅[38;2;33;82;143m[48;2;33;81;142m▔[38;2;33;82;142m[48;2;33;81;141m▔[38;2;34;82;142m[48;2;35;83;143m▊[38;2;38;86;144m[48;2;43;89;147m▊[38;2;76;111;164m[48;2;50;93;148m▐[38;2;93;121;169m[48;2;116;140;182m▏[38;2;66;100;148m[48;2;32;83;148m▏[38;2;34;82;144m[48;2;32;80;142m▀[38;2;32;81;142m[48;2;35;85;145m▅[38;2;34;83;144m[48;2;38;87;147m▆[38;2;34;84;145m[48;2;41;90;149m▅[38;2;35;85;147m[48;2;48;94;152m▅[38;2;36;85;146m[48;2;60;101;154m▅[38;2;56;98;152m[48;2;37;87;147m▀[38;2;35;83;144m[48;2;33;69;124m▆[38;2;30;80;140m[48;2;30;79;139m▅[38;2;32;82;142m[48;2;31;80;141m▕[38;2;45;92;149m[48;2;35;85;144m▝[38;2;60;100;155m[48;2;41;90;149m▀[38;2;39;88;149m[48;2;64;103;158m▅[38;2;35;84;145m[48;2;49;93;152m▅[38;2;33;82;143m[48;2;39;88;147m▅[38;2;32;82;142m[48;2;36;85;145m▆[38;2;32;81;142m[48;2;33;82;142m▅[38;2;32;80;141m[48;2;32;81;141m▂[38;2;32;81;141m[48;2;31;79;141m▘[38;2;31;79;141m[48;2;30;78;140m▏[38;2;29;77;141m[48;2;101;66;59m▘[38;2;95;65;58m[48;2;97;65;58m▝[38;2;97;64;59m[48;2;94;64;58m▃[38;2;96;64;59m[48;2;93;64;59m▅[38;2;95;64;60m[48;2;93;65;59m▅[38;2;95;64;59m[48;2;94;64;60m▖[38;2;94;63;59m[48;2;94;64;59m▆[38;2;93;63;59m[48;2;93;63;59m▔[38;2;92;62;58m[48;2;91;62;59m▀[38;2;91;62;59m[48;2;93;64;59m▍[38;2;92;64;60m[48;2;91;63;59m▀[38;2;90;63;59m[48;2;93;63;58m▆[38;2;90;62;58m[48;2;91;62;58m▆[38;2;89;63;60m[48;2;91;63;58m▅[38;2;92;70;71m[48;2;91;67;63m▗[38;2;110;91;94m[48;2;97;76;78m▐[38;2;85;89;117m[48;2;32;81;143m▏[38;2;36;82;144m[48;2;46;90;149m▆[38;2;105;136;173m[48;2;41;89;155m▕[38;2;194;202;212m[48;2;252;252;251m▏[38;2;240;238;238m[48;2;255;255;255m▏[38;2;255;255;255m[48;2;255;255;255m▔[0m
[38;2;51;25;36m[48;2;255;255;255m▏[38;2;255;255;255m[48;2;255;255;255m▔[38;2;255;255;255m[48;2;255;255;255m▔[38;2;255;255;255m[48;2;125;147;175m▊[38;2;25;76;143m[48;2;34;82;144m▍[38;2;33;81;143m[48;2;33;81;141m▏[38;2;32;80;141m[48;2;33;81;141m▁[38;2;33;81;141m[48;2;33;81;141m▔[38;2;33;82;141m[48;2;33;81;142m▏[38;2;33;81;142m[48;2;33;82;142m▏[38;2;32;81;142m[48;2;32;82;142m▅[38;2;33;82;143m[48;2;32;81;142m▔[38;2;31;81;142m[48;2;32;81;142m▅[38;2;32;82;143m[48;2;31;81;142m▀[38;2;32;81;142m[48;2;32;82;143m▆[38;2;31;81;142m[48;2;32;81;143m▆[38;2;32;81;142m[48;2;31;80;141m▔[38;2;30;80;141m[48;2;30;80;140m▁[38;2;30;80;141m[48;2;31;80;141m▕[38;2;32;82;142m[48;2;31;80;141m▝[38;2;31;81;141m[48;2;35;84;145m▆[38;2;34;83;145m[48;2;32;81;142m▔[38;2;31;81;142m[48;2;33;82;143m▆[38;2;32;81;142m[48;2;33;82;142m▆[38;2;32;81;142m[48;2;32;80;141m▀[38;2;32;80;141m[48;2;33;81;142m▆[38;2;31;80;140m[48;2;32;81;141m▖[38;2;33;81;141m[48;2;32;81;141m▔[38;2;34;83;143m[48;2;38;86;146m▊[38;2;60;100;154m[48;2;44;91;149m▐[38;2;108;134;177m[48;2;70;106;159m▐[38;2;145;163;193m[48;2;30;78;145m▏[38;2;32;80;143m[48;2;33;80;142m▖[38;2;33;81;141m[48;2;33;80;141m▔[38;2;33;80;140m[48;2;33;81;141m▁[38;2;33;81;142m[48;2;34;82;142m▏[38;2;39;86;145m[48;2;37;85;144m▕[38;2;63;102;155m[48;2;46;90;148m▐[38;2;92;123;170m[48;2;132;153;190m▍[38;2;137;157;186m[48;2;28;78;144m▍[38;2;30;79;143m[48;2;32;79;141m▏[38;2;31;80;141m[48;2;31;80;141m▔[38;2;32;81;141m[48;2;33;81;143m▆[38;2;32;81;142m[48;2;32;82;143m▅[38;2;31;81;143m[48;2;32;82;144m▆[38;2;31;81;142m[48;2;32;82;144m▅[38;2;30;80;142m[48;2;32;82;143m▅[38;2;31;81;142m[48;2;30;79;141m▘[38;2;30;79;141m[48;2;30;80;141m▁[38;2;31;81;141m[48;2;30;80;141m▝[38;2;33;81;143m[48;2;31;81;142m▕[38;2;32;82;143m[48;2;35;85;146m▅[38;2;32;81;143m[48;2;34;84;145m▅[38;2;32;82;143m[48;2;31;81;142m▀[38;2;32;81;142m[48;2;31;81;142m▔[38;2;31;81;142m[48;2;31;80;141m▀[38;2;31;81;142m[48;2;31;80;141m▔[38;2;30;79;140m[48;2;31;80;141m▗[38;2;29;77;140m[48;2;31;78;140m▗[38;2;27;76;137m[48;2;28;78;140m▕[38;2;57;73;110m[48;2;100;66;60m▏[38;2;98;64;58m[48;2;98;65;58m▗[38;2;98;64;58m[48;2;98;64;59m▝[38;2;96;63;59m[48;2;97;63;58m▃[38;2;94;63;59m[48;2;96;63;59m▁[38;2;93;62;59m[48;2;95;63;59m▃[38;2;92;62;59m[48;2;94;62;59m▃[38;2;91;61;58m[48;2;92;62;59m▅[38;2;90;63;59m[48;2;91;62;59m▅[38;2;97;75;76m[48;2;92;63;60m▗[38;2;121;102;103m[48;2;92;62;59m▃[38;2;89;62;58m[48;2;89;63;58m▕[38;2;88;61;58m[48;2;89;63;60m▊[38;2;90;67;65m[48;2;88;64;62m▗[38;2;100;81;83m[48;2;93;71;72m▗[38;2;100;93;110m[48;2;109;92;95m▕[38;2;46;81;126m[48;2;31;80;141m▏[38;2;33;80;142m[48;2;33;80;141m▐[38;2;104;137;173m[48;2;31;79;145m▕[38;2;201;208;216m[48;2;251;251;249m▏[38;2;239;237;235m[48;2;255;255;255m▏[38;2;255;255;255m[48;2;255;255;255m▔[0m
[38;2;51;24;36m[48;2;255;255;255m▏[38;2;255;255;255m[48;2;255;255;255m▔[38;2;255;255;255m[48;2;255;255;255m▔[38;2;255;255;255m[48;2;130;150;178m▊[38;2;25;75;143m[48;2;32;81;145m▍[38;2;33;81;143m[48;2;32;81;141m▍[38;2;32;81;140m[48;2;32;80;140m▔[38;2;33;81;141m[48;2;32;81;141m▔[38;2;32;80;141m[48;2;32;81;141m▃[38;2;31;80;141m[48;2;32;81;142m▅[38;2;31;80;141m[48;2;32;81;141m▆[38;2;31;80;142m[48;2;31;80;141m▝[38;2;31;80;141m[48;2;31;80;142m▏[38;2;31;81;142m[48;2;31;80;142m▔[38;2;30;80;142m[48;2;31;80;142m▅[38;2;30;80;141m[48;2;30;79;141m▊[38;2;30;79;141m[48;2;30;79;141m▔[38;2;30;79;141m[48;2;30;79;142m▀[38;2;30;79;141m[48;2;30;79;141m▔[38;2;30;80;141m[48;2;30;80;142m▀[38;2;30;80;141m[48;2;30;80;141m▔[38;2;31;80;142m[48;2;31;80;142m▔[38;2;31;80;141m[48;2;31;80;142m▂[38;2;30;80;141m[48;2;31;80;141m▁[38;2;31;80;141m[48;2;31;80;141m▔[38;2;32;80;141m[48;2;31;80;141m▔[38;2;32;80;141m[48;2;31;80;140m▕[38;2;32;81;141m[48;2;32;81;141m▔[38;2;33;82;142m[48;2;36;86;144m▊[38;2;62;102;157m[48;2;42;89;148m▐[38;2;89;122;169m[48;2;74;111;164m▞[38;2;29;77;140m[48;2;124;145;182m▝[38;2;32;80;143m[48;2;32;80;143m▔[38;2;33;80;141m[48;2;32;80;140m▏[38;2;33;81;140m[48;2;32;80;140m▗[38;2;33;81;141m[48;2;34;82;142m▊[38;2;39;86;145m[48;2;35;84;143m▕[38;2;48;92;150m[48;2;68;107;160m▊[38;2;140;160;193m[48;2;94;124;172m▐[38;2;101;123;161m[48;2;174;187;208m▐[38;2;32;80;142m[48;2;32;80;144m▔[38;2;31;80;142m[48;2;32;80;142m▀[38;2;31;80;142m[48;2;31;80;141m▁[38;2;31;80;141m[48;2;31;80;141m▔[38;2;29;79;142m[48;2;30;80;142m▖[38;2;29;79;143m[48;2;30;80;142m▃[38;2;30;80;142m[48;2;29;80;142m▔[38;2;29;79;142m[48;2;29;79;142m▔[38;2;29;80;142m[48;2;29;79;141m▁[38;2;30;80;141m[48;2;30;80;142m▘[38;2;30;80;142m[48;2;30;80;142m▔[38;2;30;80;142m[48;2;31;81;142m▆[38;2;31;80;142m[48;2;30;80;141m▀[38;2;30;80;141m[48;2;30;80;142m▖[38;2;31;80;142m[48;2;30;80;141m▔[38;2;31;80;142m[48;2;30;80;141m▔[38;2;31;79;141m[48;2;30;79;140m▘[38;2;30;78;140m[48;2;29;77;141m▀[38;2;91;63;65m[48;2;30;76;140m▗[38;2;53;72;109m[48;2;96;64;58m▘[38;2;96;65;59m[48;2;92;63;58m▀[38;2;96;63;58m[48;2;93;63;59m▀[38;2;93;62;59m[48;2;96;63;59m▆[38;2;93;62;59m[48;2;94;63;58m▅[38;2;91;63;59m[48;2;92;63;59m▃[38;2;92;63;59m[48;2;90;62;58m▘[38;2;91;62;58m[48;2;90;62;58m▔[38;2;91;64;61m[48;2;90;62;59m▕[38;2;97;75;74m[48;2;92;66;63m▗[38;2;135;115;116m[48;2;108;87;90m▗[38;2;142;120;120m[48;2;100;71;70m▊[38;2;90;62;60m[48;2;89;62;58m▁[38;2;90;66;63m[48;2;89;63;59m▗[38;2;95;76;77m[48;2;91;67;66m▗[38;2;118;97;101m[48;2;102;84;88m▗[38;2;116;97;100m[48;2;32;80;139m▘[38;2;32;80;140m[48;2;32;80;140m▔[38;2;32;79;140m[48;2;32;80;141m▍[38;2;108;143;180m[48;2;30;78;144m▕[38;2;206;215;222m[48;2;250;248;246m▏[38;2;240;236;234m[48;2;255;255;255m▏[38;2;255;255;255m[48;2;255;255;255m▔[0m
[38;2;51;25;36m[48;2;255;255;255m▏[38;2;255;255;255m[48;2;255;255;255m▔[38;2;255;255;255m[48;2;255;255;255m▔[38;2;255;255;255m[48;2;139;153;180m▊[38;2;25;74;143m[48;2;34;80;144m▍[38;2;31;79;140m[48;2;32;80;141m▗[38;2;32;80;140m[48;2;31;80;140m▝[38;2;32;80;140m[48;2;31;80;140m▔[38;2;32;80;141m[48;2;31;80;141m▔[38;2;31;80;141m[48;2;31;80;141m▔[38;2;31;80;141m[48;2;31;80;141m▔[38;2;30;79;141m[48;2;30;80;141m▕[38;2;30;79;141m[48;2;30;80;142m▏[38;2;30;80;142m[48;2;29;79;142m▔[38;2;29;80;142m[48;2;30;80;142m▅[38;2;29;79;141m[48;2;30;80;142m▔[38;2;29;80;142m[48;2;30;80;142m▆[38;2;30;80;142m[48;2;29;80;142m▕[38;2;29;80;142m[48;2;29;80;142m▔[38;2;29;80;142m[48;2;30;80;142m▃[38;2;30;80;142m[48;2;30;80;142m▔[38;2;30;80;141m[48;2;30;80;141m▔[38;2;31;80;141m[48;2;30;80;141m▔[38;2;30;79;141m[48;2;31;80;141m▂[38;2;31;80;141m[48;2;31;80;141m▔[38;2;31;80;141m[48;2;31;80;141m▔[38;2;31;80;140m[48;2;31;80;141m▏[38;2;31;80;141m[48;2;32;81;141m▊[38;2;34;83;142m[48;2;39;88;146m▊[38;2;51;96;152m[48;2;86;118;168m▊[38;2;106;130;173m[48;2;58;98;155m▍[38;2;126;148;184m[48;2;86;119;168m▐[38;2;30;79;143m[48;2;167;180;201m▐[38;2;32;80;143m[48;2;33;80;140m▖[38;2;32;80;140m[48;2;32;80;140m▔[38;2;33;81;141m[48;2;34;83;142m▊[38;2;36;84;144m[48;2;46;92;148m▊[38;2;103;133;177m[48;2;65;105;158m▗[38;2;72;108;160m[48;2;136;155;192m▗[38;2;119;141;178m[48;2;99;127;172m▕[38;2;29;79;145m[48;2;125;145;181m▐[38;2;31;79;141m[48;2;31;80;141m▖[38;2;31;79;141m[48;2;31;80;141m▂[38;2;30;79;141m[48;2;31;80;141m▕[38;2;29;80;143m[48;2;29;79;142m▕[38;2;28;80;142m[48;2;29;79;142m▃[38;2;29;80;143m[48;2;29;80;142m▕[38;2;29;79;143m[48;2;29;80;142m▁[38;2;29;80;142m[48;2;29;80;142m▔[38;2;29;80;143m[48;2;29;80;142m▂[38;2;29;80;142m[48;2;29;80;142m▔[38;2;29;80;141m[48;2;29;80;142m▏[38;2;30;80;142m[48;2;30;80;142m▔[38;2;30;80;142m[48;2;30;80;142m▔[38;2;30;80;141m[48;2;30;80;142m▀[38;2;30;79;140m[48;2;30;79;141m▝[38;2;30;79;140m[48;2;30;78;139m▊[38;2;28;78;137m[48;2;29;78;139m▕[38;2;28;77;138m[48;2;90;64;59m▃[38;2;80;64;67m[48;2;90;62;58m▁[38;2;91;61;58m[48;2;90;62;58m▔[38;2;90;62;59m[48;2;91;62;58m▃[38;2;90;61;58m[48;2;92;62;59m▃[38;2;92;63;59m[48;2;91;62;59m▔[38;2;91;62;58m[48;2;91;62;59m▔[38;2;91;63;60m[48;2;90;62;58m▂[38;2;92;65;62m[48;2;90;62;59m▂[38;2;102;80;82m[48;2;92;66;63m▗[38;2;98;76;76m[48;2;119;100;102m▘[38;2;125;90;88m[48;2;147;120;122m▁[38;2;150;119;115m[48;2;90;62;59m▘[38;2;91;65;62m[48;2;90;63;60m▗[38;2;96;75;75m[48;2;90;67;65m▗[38;2;96;77;78m[48;2;107;87;91m▔[38;2;120;99;104m[48;2;32;80;139m▘[38;2;33;80;139m[48;2;32;79;139m▝[38;2;31;79;139m[48;2;32;79;139m▁[38;2;32;79;140m[48;2;33;80;142m▍[38;2;110;146;181m[48;2;30;78;145m▕[38;2;211;217;223m[48;2;250;250;248m▏[38;2;241;237;234m[48;2;255;255;255m▏[38;2;255;255;255m[48;2;255;255;255m▔[0m
[38;2;51;25;36m[48;2;255;255;255m▏[38;2;255;255;255m[48;2;255;255;255m▔[38;2;255;255;255m[48;2;255;255;255m▔[38;2;255;255;255m[48;2;137;151;179m▊[38;2;23;72;140m[48;2;31;79;144m▍[38;2;32;79;141m[48;2;32;79;140m▏[38;2;31;79;140m[48;2;31;79;140m▔[38;2;31;79;140m[48;2;31;80;140m▃[38;2;31;80;141m[48;2;31;80;141m▔[38;2;30;79;141m[48;2;30;79;141m▔[38;2;30;79;141m[48;2;30;80;141m▕[38;2;30;79;141m[48;2;30;79;141m▔[38;2;29;80;142m[48;2;30;79;141m▆[38;2;29;80;142m[48;2;29;80;142m▔[38;2;29;79;142m[48;2;29;80;142m▔[38;2;29;80;142m[48;2;29;80;142m▔[38;2;29;79;142m[48;2;29;80;142m▏[38;2;29;80;142m[48;2;29;80;142m▔[38;2;30;80;142m[48;2;29;80;142m▗[38;2;30;80;143m[48;2;29;80;142m▔[38;2;30;80;142m[48;2;29;80;142m▝[38;2;30;79;141m[48;2;30;80;142m▃[38;2;30;79;142m[48;2;30;80;141m▂[38;2;31;80;141m[48;2;30;80;141m▗[38;2;30;79;141m[48;2;30;79;141m▔[38;2;31;80;142m[48;2;31;80;141m▁[38;2;31;80;140m[48;2;31;80;141m▀[38;2;34;83;144m[48;2;32;81;142m▕[38;2;54;96;154m[48;2;37;84;145m▗[38;2;88;118;167m[48;2;57;98;154m▞[38;2;96;127;174m[48;2;65;103;157m▗[38;2;102;131;175m[48;2;161;177;204m▘[38;2;30;76;135m[48;2;189;199;215m▐[38;2;32;80;141m[48;2;33;80;140m▏[38;2;33;81;141m[48;2;33;80;140m▃[38;2;35;83;143m[48;2;34;82;142m▕[38;2;56;98;153m[48;2;40;87;145m▐[38;2;132;154;190m[48;2;84;118;168m▝[38;2;83;117;167m[48;2;62;101;155m▕[38;2;96;125;172m[48;2;130;150;186m▍[38;2;29;78;141m[48;2;150;166;193m▐[38;2;29;78;143m[48;2;31;79;141m▏[38;2;31;79;140m[48;2;31;80;140m▂[38;2;31;79;141m[48;2;30;79;140m▅[38;2;29;79;142m[48;2;29;79;143m▅[38;2;29;80;143m[48;2;29;80;143m▔[38;2;29;80;143m[48;2;29;80;143m▔[38;2;29;80;143m[48;2;29;80;143m▔[38;2;29;80;143m[48;2;29;80;143m▔[38;2;29;80;143m[48;2;29;80;143m▔[38;2;29;80;142m[48;2;29;80;143m▀[38;2;30;80;143m[48;2;29;80;142m▕[38;2;30;79;142m[48;2;29;80;142m▝[38;2;29;80;142m[48;2;30;80;142m▖[38;2;29;79;142m[48;2;30;80;141m▁[38;2;30;79;142m[48;2;30;79;141m▔[38;2;30;79;141m[48;2;30;79;140m▊[38;2;30;79;140m[48;2;30;78;139m▊[38;2;29;77;140m[48;2;29;77;140m▔[38;2;88;64;64m[48;2;25;76;141m▐[38;2;90;63;60m[48;2;90;63;60m▔[38;2;90;62;59m[48;2;91;63;60m▔[38;2;93;63;61m[48;2;92;62;60m▂[38;2;92;63;60m[48;2;94;64;62m▀[38;2;96;68;66m[48;2;92;63;60m▃[38;2;105;83;83m[48;2;94;67;64m▂[38;2;127;104;107m[48;2;98;75;74m▃[38;2;118;99;103m[48;2;150;121;121m▀[38;2;142;117;120m[48;2;92;62;58m▘[38;2;91;61;57m[48;2;91;63;60m▀[38;2;93;66;64m[48;2;90;64;60m▗[38;2;104;81;83m[48;2;93;68;66m▗[38;2;99;76;77m[48;2;118;99;100m▘[38;2;127;107;108m[48;2;30;76;133m▊[38;2;32;78;138m[48;2;31;78;139m▐[38;2;32;79;138m[48;2;31;78;138m▔[38;2;31;79;139m[48;2;31;79;140m▊[38;2;32;79;140m[48;2;32;79;142m▍[38;2;104;141;179m[48;2;29;78;145m▕[38;2;212;218;224m[48;2;251;250;249m▏[38;2;242;238;235m[48;2;255;255;255m▏[38;2;255;255;255m[48;2;255;255;255m▔[0m
[38;2;51;25;36m[48;2;255;255;255m▏[38;2;255;255;255m[48;2;255;255;255m▔[38;2;255;255;255m[48;2;255;255;255m▔[38;2;255;255;255m[48;2;140;152;179m▊[38;2;23;71;141m[48;2;32;79;142m▍[38;2;32;78;141m[48;2;32;79;140m▍[38;2;32;78;140m[48;2;31;78;139m▔[38;2;31;78;140m[48;2;31;79;140m▁[38;2;31;78;141m[48;2;31;78;141m▔[38;2;30;79;141m[48;2;30;79;141m▔[38;2;31;79;142m[48;2;30;79;141m▁[38;2;30;79;143m[48;2;30;79;142m▁[38;2;30;80;142m[48;2;30;79;142m▔[38;2;29;80;142m[48;2;29;80;142m▔[38;2;29;80;142m[48;2;29;79;142m▁[38;2;29;80;142m[48;2;29;80;142m▔[38;2;29;79;143m[48;2;29;80;142m▏[38;2;30;80;142m[48;2;29;80;142m▂[38;2;30;80;142m[48;2;29;80;142m▁[38;2;30;80;142m[48;2;29;79;141m▀[38;2;30;80;142m[48;2;30;79;141m▀[38;2;30;79;141m[48;2;30;79;141m▔[38;2;30;79;141m[48;2;30;79;141m▔[38;2;31;79;141m[48;2;30;79;141m▕[38;2;31;79;141m[48;2;31;80;141m▏[38;2;31;80;141m[48;2;31;80;141m▔[38;2;32;80;141m[48;2;31;80;141m▗[38;2;35;84;143m[48;2;33;81;141m▐[38;2;78;112;160m[48;2;44;90;148m▐[38;2;91;124;174m[48;2;62;103;158m▗[38;2;95;127;174m[48;2;154;171;201m▘[38;2;174;187;210m[48;2;33;80;143m▀[38;2;33;81;142m[48;2;33;81;141m▏[38;2;33;80;140m[48;2;33;80;141m▁[38;2;33;81;141m[48;2;33;80;140m▐[38;2;33;82;142m[48;2;35;83;142m▊[38;2;56;97;155m[48;2;42;89;147m▐[38;2;94;126;170m[48;2;56;100;158m▊[38;2;109;137;183m[48;2;72;110;163m▐[38;2;31;78;141m[48;2;142;160;193m▗[38;2;32;80;141m[48;2;32;80;141m▔[38;2;32;80;141m[48;2;31;79;141m▏[38;2;31;80;141m[48;2;31;79;140m▀[38;2;30;79;141m[48;2;31;79;140m▕[38;2;29;79;143m[48;2;29;79;142m▁[38;2;29;79;142m[48;2;29;79;142m▔[38;2;29;79;143m[48;2;29;80;142m▕[38;2;29;80;142m[48;2;29;80;143m▆[38;2;29;80;142m[48;2;29;80;142m▔[38;2;29;80;142m[48;2;29;80;142m▔[38;2;29;80;142m[48;2;29;80;142m▔[38;2;29;80;142m[48;2;29;80;142m▔[38;2;30;80;142m[48;2;29;80;142m▁[38;2;29;79;142m[48;2;29;80;141m▅[38;2;29;80;141m[48;2;30;80;142m▔[38;2;30;79;142m[48;2;30;80;141m▍[38;2;30;80;141m[48;2;30;80;141m▔[38;2;30;79;140m[48;2;30;79;140m▔[38;2;29;78;140m[48;2;30;78;139m▔[38;2;61;69;108m[48;2;29;78;140m▕[38;2;99;75;78m[48;2;92;66;64m▁[38;2;103;80;80m[48;2;92;66;64m▂[38;2;113;92;93m[48;2;95;69;67m▂[38;2;131;111;111m[48;2;101;75;74m▃[38;2;108;85;87m[48;2;147;121;120m▀[38;2;161;127;123m[48;2;130;107;110m▅[38;2;97;62;56m[48;2;161;126;122m▁[38;2;165;127;121m[48;2;94;65;60m▘[38;2;93;63;59m[48;2;93;64;61m▘[38;2;95;69;70m[48;2;92;65;62m▗[38;2;114;93;95m[48;2;97;72;73m▗[38;2;110;89;91m[48;2;126;107;109m▘[38;2;129;111;113m[48;2;137;117;117m▘[38;2;131;115;120m[48;2;142;121;120m▕[38;2;56;83;129m[48;2;31;78;137m▏[38;2;31;78;137m[48;2;31;77;136m▏[38;2;31;78;137m[48;2;31;78;138m▊[38;2;32;79;141m[48;2;31;78;139m▕[38;2;86;127;171m[48;2;29;78;143m▕[38;2;212;218;225m[48;2;252;251;250m▏[38;2;243;239;237m[48;2;255;255;255m▏[38;2;255;255;255m[48;2;255;255;255m▔[0m
[38;2;51;24;36m[48;2;255;255;255m▏[38;2;255;255;255m[48;2;255;255;255m▔[38;2;255;255;255m[48;2;255;255;255m▔[38;2;255;255;255m[48;2;140;151;176m▊[38;2;24;70;141m[48;2;32;78;141m▍[38;2;32;78;141m[48;2;32;78;139m▏[38;2;31;78;139m[48;2;31;77;139m▔[38;2;31;78;140m[48;2;31;78;139m▐[38;2;31;78;141m[48;2;31;78;140m▔[38;2;30;78;141m[48;2;31;79;141m▍[38;2;30;78;141m[48;2;30;79;141m▖[38;2;30;79;142m[48;2;30;79;141m▔[38;2;30;79;142m[48;2;29;79;143m▘[38;2;29;79;142m[48;2;29;79;142m▔[38;2;29;79;142m[48;2;29;79;142m▔[38;2;29;80;142m[48;2;30;79;142m▘[38;2;29;79;142m[48;2;29;79;143m▃[38;2;29;79;142m[48;2;29;79;142m▔[38;2;29;80;142m[48;2;29;79;141m▔[38;2;30;79;141m[48;2;29;79;141m▕[38;2;29;78;141m[48;2;30;79;141m▏[38;2;30;79;140m[48;2;30;79;140m▔[38;2;30;79;140m[48;2;30;79;140m▔[38;2;31;79;141m[48;2;31;79;141m▔[38;2;31;80;141m[48;2;31;80;141m▔[38;2;31;80;141m[48;2;31;80;141m▔[38;2;32;80;141m[48;2;32;80;141m▔[38;2;39;83;143m[48;2;35;83;142m▕[38;2;69;106;160m[48;2;44;88;145m▐[38;2;96;126;173m[48;2;134;152;192m▊[38;2;31;80;147m[48;2;162;176;202m▐[38;2;33;80;141m[48;2;33;80;141m▔[38;2;33;80;141m[48;2;33;80;140m▔[38;2;33;80;140m[48;2;33;80;140m▔[38;2;33;80;140m[48;2;33;81;141m▊[38;2;35;82;141m[48;2;34;81;141m▝[38;2;48;91;147m[48;2;38;83;142m▐[38;2;110;135;175m[48;2;70;106;159m▐[38;2;105;135;179m[48;2;132;153;190m▕[38;2;39;82;142m[48;2;32;79;144m▏[38;2;33;80;140m[48;2;33;79;140m▍[38;2;33;79;139m[48;2;32;79;140m▁[38;2;31;79;140m[48;2;32;79;140m▔[38;2;31;79;140m[48;2;31;80;140m▂[38;2;29;79;142m[48;2;29;79;142m▔[38;2;29;79;142m[48;2;29;79;142m▔[38;2;29;79;142m[48;2;29;79;142m▔[38;2;29;79;141m[48;2;29;79;142m▁[38;2;29;79;142m[48;2;29;79;142m▔[38;2;29;79;142m[48;2;29;80;142m▆[38;2;29;80;142m[48;2;29;79;142m▔[38;2;29;79;142m[48;2;29;79;142m▔[38;2;30;80;142m[48;2;29;79;142m▔[38;2;30;80;142m[48;2;30;80;142m▔[38;2;29;79;141m[48;2;30;79;142m▏[38;2;29;80;142m[48;2;30;79;141m▔[38;2;30;80;141m[48;2;30;79;141m▁[38;2;30;78;140m[48;2;30;79;140m▐[38;2;30;79;139m[48;2;30;78;139m▏[38;2;30;79;139m[48;2;30;79;139m▔[38;2;107;84;87m[48;2;31;79;140m▝[38;2;31;79;139m[48;2;119;91;97m▅[38;2;32;79;140m[48;2;133;106;109m▅[38;2;31;77;139m[48;2;148;112;110m▅[38;2;29;78;141m[48;2;124;83;75m▅[38;2;125;88;82m[48;2;96;63;57m▔[38;2;95;62;56m[48;2;94;63;60m▀[38;2;95;69;69m[48;2;93;64;60m▗[38;2;104;83;84m[48;2;94;69;67m▃[38;2;104;82;84m[48;2;121;103;104m▀[38;2;120;101;103m[48;2;133;115;115m▘[38;2;136;116;117m[48;2;139;120;120m▔[38;2;232;233;239m[48;2;147;124;122m▁[38;2;233;234;238m[48;2;146;123;121m▃[38;2;233;233;237m[48;2;66;83;132m▅[38;2;172;183;206m[48;2;32;78;138m▃[38;2;31;78;139m[48;2;32;78;138m▂[38;2;33;78;142m[48;2;32;78;139m▕[38;2;56;99;152m[48;2;29;77;142m▕[38;2;208;216;225m[48;2;252;251;248m▏[38;2;243;240;238m[48;2;255;255;255m▏[38;2;255;255;255m[48;2;255;255;255m▔[0m
[38;2;51;24;36m[48;2;255;255;255m▏[38;2;255;255;255m[48;2;255;255;255m▔[38;2;255;255;255m[48;2;255;255;255m▔[38;2;255;255;255m[48;2;146;155;178m▊[38;2;24;69;139m[48;2;33;77;142m▍[38;2;32;77;140m[48;2;32;77;139m▏[38;2;31;76;138m[48;2;32;76;138m▖[38;2;31;77;139m[48;2;31;77;139m▔[38;2;31;78;140m[48;2;31;78;139m▐[38;2;31;77;140m[48;2;30;78;140m▖[38;2;30;78;140m[48;2;30;77;140m▔[38;2;30;79;141m[48;2;29;78;141m▔[38;2;29;78;141m[48;2;29;78;141m▔[38;2;29;78;141m[48;2;29;79;141m▅[38;2;29;78;141m[48;2;29;79;142m▅[38;2;29;78;141m[48;2;29;79;141m▗[38;2;29;79;142m[48;2;29;79;141m▔[38;2;29;79;141m[48;2;29;79;141m▔[38;2;29;79;141m[48;2;29;78;141m▘[38;2;30;78;140m[48;2;29;78;140m▂[38;2;30;78;141m[48;2;30;79;141m▖[38;2;30;79;141m[48;2;30;79;140m▍[38;2;30;79;140m[48;2;30;79;140m▔[38;2;31;80;140m[48;2;30;79;140m▔[38;2;31;79;140m[48;2;31;79;140m▔[38;2;31;78;139m[48;2;31;79;140m▁[38;2;32;80;140m[48;2;31;79;139m▀[38;2;29;77;137m[48;2;35;79;140m▗[38;2;201;188;202m[48;2;52;95;153m▅[38;2;224;212;219m[48;2;113;138;182m▅[38;2;245;237;236m[48;2;84;116;165m▅[38;2;251;247;241m[48;2;35;80;143m▅[38;2;199;205;215m[48;2;33;81;141m▂[38;2;32;80;140m[48;2;33;80;140m▁[38;2;32;80;140m[48;2;33;80;140m▆[38;2;33;81;140m[48;2;32;79;139m▀[38;2;42;87;144m[48;2;32;79;137m▔[38;2;222;205;216m[48;2;83;118;168m▅[38;2;233;220;225m[48;2;163;178;206m▅[38;2;247;242;239m[48;2;36;81;144m▅[38;2;237;238;239m[48;2;34;79;142m▅[38;2;143;162;184m[48;2;32;79;142m▂[38;2;32;79;140m[48;2;32;80;139m▂[38;2;31;79;140m[48;2;31;79;139m▔[38;2;30;78;141m[48;2;29;78;141m▀[38;2;29;79;142m[48;2;29;78;141m▘[38;2;29;78;141m[48;2;29;79;142m▆[38;2;29;79;142m[48;2;29;79;141m▔[38;2;29;79;141m[48;2;29;79;142m▆[38;2;29;79;142m[48;2;29;79;141m▀[38;2;29;79;141m[48;2;29;79;141m▔[38;2;29;79;142m[48;2;29;78;141m▀[38;2;29;79;141m[48;2;29;79;142m▊[38;2;29;79;141m[48;2;30;79;141m▊[38;2;29;79;141m[48;2;30;79;141m▔[38;2;30;79;141m[48;2;30;79;141m▔[38;2;30;79;141m[48;2;30;80;141m▞[38;2;31;78;140m[48;2;31;79;140m▂[38;2;31;79;140m[48;2;31;79;139m▂[38;2;31;79;139m[48;2;31;79;139m▔[38;2;31;79;139m[48;2;31;80;139m▂[38;2;30;79;139m[48;2;31;80;139m▁[38;2;31;79;140m[48;2;30;79;139m▘[38;2;30;77;138m[48;2;30;77;139m▔[38;2;28;75;140m[48;2;74;67;89m▊[38;2;99;72;69m[48;2;92;65;62m▁[38;2;106;84;84m[48;2;94;67;65m▃[38;2;164;147;152m[48;2;110;90;90m▁[38;2;234;233;237m[48;2;126;107;107m▂[38;2;233;233;238m[48;2;134;116;115m▃[38;2;231;232;237m[48;2;139;118;118m▅[38;2;172;157;160m[48;2;230;231;236m▔[38;2;230;231;236m[48;2;231;232;237m▆[38;2;232;231;236m[48;2;230;231;236m▔[38;2;231;231;236m[48;2;230;232;237m▀[38;2;231;231;237m[48;2;231;231;237m▔[38;2;29;76;139m[48;2;232;232;238m▝[38;2;41;79;137m[48;2;32;78;140m▁[38;2;40;81;138m[48;2;29;78;144m▕[38;2;196;207;220m[48;2;251;250;248m▏[38;2;244;242;241m[48;2;255;255;255m▏[38;2;255;255;255m[48;2;255;255;255m▔[0m
[38;2;50;24;36m[48;2;255;255;255m▏[38;2;255;255;255m[48;2;255;255;255m▔[38;2;255;255;255m[48;2;255;255;255m▔[38;2;255;255;255m[48;2;147;158;182m▊[38;2;24;69;140m[48;2;32;76;142m▍[38;2;33;77;140m[48;2;32;77;138m▍[38;2;31;76;138m[48;2;32;76;138m▔[38;2;31;76;139m[48;2;31;76;139m▔[38;2;31;76;139m[48;2;31;77;140m▆[38;2;31;77;139m[48;2;30;77;139m▂[38;2;31;77;140m[48;2;30;77;140m▁[38;2;30;77;140m[48;2;30;77;140m▔[38;2;29;77;140m[48;2;29;77;141m▂[38;2;30;78;141m[48;2;29;78;140m▕[38;2;30;78;141m[48;2;29;78;141m▖[38;2;29;78;140m[48;2;29;78;140m▔[38;2;30;79;140m[48;2;29;78;139m▕[38;2;29;78;140m[48;2;29;78;140m▔[38;2;30;77;140m[48;2;30;78;140m▖[38;2;30;78;139m[48;2;30;78;140m▖[38;2;30;78;140m[48;2;30;78;140m▔[38;2;30;78;140m[48;2;30;78;140m▔[38;2;30;78;139m[48;2;31;78;140m▆[38;2;30;78;139m[48;2;30;78;139m▔[38;2;30;78;138m[48;2;30;79;139m▆[38;2;30;78;138m[48;2;30;78;139m▆[38;2;30;77;137m[48;2;30;78;138m▗[38;2;30;77;137m[48;2;31;77;138m▝[38;2;203;191;216m[48;2;26;72;135m▐[38;2;227;219;224m[48;2;205;193;206m▐[38;2;249;243;241m[48;2;242;235;233m▐[38;2;53;105;180m[48;2;254;248;238m▐[38;2;239;239;241m[48;2;32;79;143m▘[38;2;32;79;142m[48;2;31;79;140m▘[38;2;31;78;138m[48;2;31;79;139m▃[38;2;31;79;138m[48;2;32;78;138m▆[38;2;31;77;139m[48;2;28;74;136m▊[38;2;28;72;136m[48;2;226;212;218m▍[38;2;239;233;234m[48;2;226;218;224m▐[38;2;251;247;243m[48;2;246;240;240m▐[38;2;254;251;248m[48;2;82;124;185m▍[38;2;189;206;222m[48;2;31;73;136m▘[38;2;31;78;139m[48;2;32;78;140m▐[38;2;31;78;139m[48;2;30;77;139m▀[38;2;29;77;139m[48;2;29;77;140m▃[38;2;29;78;139m[48;2;29;78;140m▃[38;2;29;78;140m[48;2;28;77;139m▀[38;2;29;78;140m[48;2;28;78;139m▀[38;2;29;79;140m[48;2;29;78;140m▔[38;2;28;77;139m[48;2;29;78;140m▃[38;2;29;78;139m[48;2;29;78;140m▂[38;2;29;78;140m[48;2;29;78;140m▔[38;2;29;78;141m[48;2;29;78;140m▗[38;2;29;78;141m[48;2;30;79;141m▏[38;2;30;79;141m[48;2;30;79;140m▆[38;2;31;79;140m[48;2;30;79;140m▃[38;2;31;79;140m[48;2;31;79;140m▔[38;2;31;79;139m[48;2;31;79;140m▕[38;2;31;79;140m[48;2;31;79;140m▔[38;2;31;79;140m[48;2;31;79;140m▔[38;2;32;78;140m[48;2;31;79;140m▔[38;2;30;79;140m[48;2;30;79;140m▔[38;2;30;79;140m[48;2;29;78;139m▍[38;2;30;76;137m[48;2;29;77;139m▁[38;2;240;245;250m[48;2;28;73;134m▗[38;2;240;240;242m[48;2;106;80;78m▅[38;2;125;104;109m[48;2;236;237;240m▔[38;2;233;232;236m[48;2;234;236;239m▔[38;2;233;234;236m[48;2;232;233;237m▘[38;2;232;232;237m[48;2;232;232;237m▔[38;2;231;231;237m[48;2;231;232;237m▗[38;2;230;231;236m[48;2;231;231;237m▐[38;2;230;230;237m[48;2;230;231;236m▕[38;2;230;231;237m[48;2;230;231;236m▞[38;2;230;231;238m[48;2;230;231;237m▗[38;2;229;231;236m[48;2;230;231;237m▂[38;2;230;231;237m[48;2;230;231;237m▔[38;2;111;134;169m[48;2;233;234;237m▝[38;2;141;161;190m[48;2;29;79;147m▖[38;2;177;187;205m[48;2;250;250;249m▏[38;2;244;244;244m[48;2;255;255;255m▍[38;2;255;255;255m[48;2;255;255;255m▔[0m
[38;2;50;25;36m[48;2;255;255;255m▏[38;2;255;255;255m[48;2;255;255;255m▔[38;2;255;255;255m[48;2;255;255;255m▔[38;2;28;63;132m[48;2;255;255;255m▕[38;2;24;69;138m[48;2;33;78;140m▍[38;2;33;77;139m[48;2;33;76;140m▕[38;2;32;76;139m[48;2;32;76;138m▂[38;2;32;76;139m[48;2;32;76;138m▕[38;2;31;76;140m[48;2;31;76;139m▝[38;2;31;77;140m[48;2;31;76;139m▝[38;2;31;76;139m[48;2;31;77;139m▂[38;2;30;77;140m[48;2;30;77;140m▔[38;2;30;77;139m[48;2;30;77;140m▖[38;2;29;77;140m[48;2;30;77;140m▔[38;2;30;77;140m[48;2;30;77;140m▔[38;2;30;78;140m[48;2;30;77;140m▔[38;2;29;77;139m[48;2;29;77;139m▔[38;2;30;77;139m[48;2;29;77;139m▆[38;2;29;78;141m[48;2;30;77;140m▕[38;2;116;102;137m[48;2;27;78;141m▅[38;2;115;103;137m[48;2;27;77;142m▅[38;2;117;105;139m[48;2;28;77;140m▅[38;2;117;103;137m[48;2;29;78;139m▅[38;2;117;103;139m[48;2;29;78;139m▅[38;2;117;103;139m[48;2;30;78;140m▅[38;2;120;106;138m[48;2;30;78;140m▅[38;2;125;107;140m[48;2;30;78;140m▅[38;2;127;109;142m[48;2;29;78;139m▅[38;2;127;110;143m[48;2;31;73;132m▅[38;2;133;114;144m[48;2;211;199;210m▅[38;2;132;114;145m[48;2;244;237;236m▅[38;2;167;142;162m[48;2;119;109;145m▏[38;2;129;112;143m[48;2;32;78;146m▅[38;2;128;111;142m[48;2;30;77;141m▅[38;2;128;111;141m[48;2;30;77;139m▅[38;2;129;111;143m[48;2;30;78;140m▅[38;2;131;112;141m[48;2;30;78;140m▅[38;2;193;192;217m[48;2;118;109;144m▝[38;2;134;116;144m[48;2;233;226;230m▅[38;2;133;115;144m[48;2;248;243;240m▅[38;2;30;78;146m[48;2;119;109;144m▔[38;2;130;112;141m[48;2;32;79;145m▅[38;2;127;110;138m[48;2;30;77;142m▅[38;2;124;110;142m[48;2;29;78;140m▅[38;2;122;106;135m[48;2;26;77;140m▅[38;2;121;106;135m[48;2;26;77;140m▅[38;2;121;105;135m[48;2;28;77;140m▅[38;2;121;106;136m[48;2;25;76;139m▅[38;2;121;105;135m[48;2;27;77;140m▅[38;2;106;98;132m[48;2;26;76;135m▅[38;2;26;77;138m[48;2;29;77;139m▏[38;2;29;77;140m[48;2;29;78;140m▏[38;2;30;79;141m[48;2;30;78;140m▝[38;2;30;79;141m[48;2;30;79;140m▀[38;2;30;79;140m[48;2;31;79;141m▏[38;2;31;79;141m[48;2;31;79;140m▏[38;2;31;79;140m[48;2;31;79;140m▔[38;2;31;79;140m[48;2;31;79;140m▔[38;2;31;79;141m[48;2;31;79;140m▔[38;2;31;78;140m[48;2;31;79;140m▕[38;2;29;78;139m[48;2;30;78;139m▗[38;2;29;77;139m[48;2;30;78;140m▆[38;2;26;73;134m[48;2;28;77;139m▗[38;2;244;243;244m[48;2;28;74;135m▗[38;2;238;239;241m[48;2;239;239;241m▕[38;2;238;238;240m[48;2;236;237;241m▍[38;2;234;235;239m[48;2;235;236;240m▗[38;2;233;233;238m[48;2;234;234;238m▕[38;2;233;233;237m[48;2;232;233;237m▘[38;2;232;232;236m[48;2;231;232;237m▔[38;2;231;232;237m[48;2;231;231;237m▏[38;2;231;231;238m[48;2;231;231;237m▔[38;2;230;231;237m[48;2;230;231;237m▔[38;2;230;230;237m[48;2;230;230;237m▔[38;2;230;230;237m[48;2;230;231;236m▍[38;2;230;230;236m[48;2;230;230;236m▔[38;2;230;231;237m[48;2;229;231;236m▃[38;2;230;232;237m[48;2;231;233;236m▊[38;2;77;115;169m[48;2;233;234;238m▝[38;2;182;185;204m[48;2;249;249;248m▏[38;2;245;244;245m[48;2;255;255;255m▍[38;2;255;255;255m[48;2;255;255;255m▔[0m
[38;2;50;24;36m[48;2;255;255;255m▏[38;2;255;255;255m[48;2;255;255;255m▔[38;2;255;255;255m[48;2;255;255;255m▔[38;2;30;64;132m[48;2;255;255;255m▕[38;2;25;68;139m[48;2;33;77;142m▍[38;2;34;78;141m[48;2;34;76;140m▏[38;2;33;76;139m[48;2;33;76;139m▔[38;2;32;76;139m[48;2;33;76;139m▔[38;2;32;76;138m[48;2;32;76;139m▏[38;2;32;76;139m[48;2;32;76;139m▔[38;2;32;76;140m[48;2;31;76;139m▅[38;2;31;76;140m[48;2;31;76;140m▔[38;2;31;76;140m[48;2;31;76;140m▔[38;2;31;75;140m[48;2;30;76;140m▂[38;2;31;76;140m[48;2;30;76;139m▂[38;2;30;76;139m[48;2;30;76;139m▔[38;2;30;77;139m[48;2;30;76;138m▔[38;2;30;76;138m[48;2;31;76;139m▘[38;2;31;77;139m[48;2;31;78;141m▆[38;2;89;93;140m[48;2;32;78;141m▔[38;2;97;94;138m[48;2;33;79;141m▔[38;2;96;93;137m[48;2;33;78;140m▔[38;2;95;92;138m[48;2;33;79;141m▔[38;2;94;93;139m[48;2;34;79;140m▔[38;2;94;92;138m[48;2;33;79;140m▔[38;2;94;92;139m[48;2;33;78;141m▔[38;2;96;92;140m[48;2;34;79;139m▔[38;2;99;94;143m[48;2;32;77;136m▝[38;2;37;78;134m[48;2;126;100;100m▂[38;2;52;83;134m[48;2;123;98;98m▁[38;2;122;96;97m[48;2;115;89;89m▃[38;2;126;105;113m[48;2;112;85;85m▂[38;2;101;94;135m[48;2;107;79;79m▔[38;2;101;96;136m[48;2;100;72;71m▔[38;2;94;74;91m[48;2;145;123;123m▀[38;2;101;97;138m[48;2;130;107;107m▔[38;2;102;97;139m[48;2;112;86;88m▔[38;2;101;97;137m[48;2;107;78;79m▔[38;2;101;96;137m[48;2;109;78;80m▔[38;2;100;94;138m[48;2;108;78;79m▔[38;2;100;93;137m[48;2;101;72;68m▔[38;2;99;92;138m[48;2;101;66;61m▔[38;2;97;93;138m[48;2;103;65;59m▔[38;2;102;64;58m[48;2;90;92;137m▅[38;2;102;63;59m[48;2;44;78;140m▁[38;2;238;240;242m[48;2;33;77;141m▁[38;2;89;90;136m[48;2;33;77;141m▔[38;2;90;89;134m[48;2;32;76;138m▔[38;2;89;90;133m[48;2;32;77;138m▔[38;2;32;78;138m[48;2;31;78;139m▏[38;2;30;78;138m[48;2;30;78;139m▆[38;2;30;78;140m[48;2;30;79;139m▝[38;2;30;78;139m[48;2;30;79;140m▏[38;2;30;79;140m[48;2;30;79;140m▔[38;2;31;80;140m[48;2;30;79;140m▔[38;2;30;79;140m[48;2;31;79;140m▁[38;2;31;79;140m[48;2;31;79;140m▔[38;2;31;79;140m[48;2;31;79;140m▔[38;2;30;79;140m[48;2;31;79;140m▁[38;2;31;78;140m[48;2;30;78;140m▀[38;2;30;77;140m[48;2;30;77;139m▔[38;2;27;72;134m[48;2;30;76;138m▗[38;2;244;244;245m[48;2;28;75;135m▗[38;2;238;237;241m[48;2;239;238;241m▕[38;2;238;238;241m[48;2;237;237;240m▘[38;2;236;237;240m[48;2;235;235;239m▍[38;2;234;234;238m[48;2;234;234;239m▆[38;2;233;233;238m[48;2;232;233;238m▊[38;2;232;232;237m[48;2;232;233;237m▐[38;2;231;232;237m[48;2;232;232;237m▝[38;2;232;232;238m[48;2;231;232;238m▁[38;2;231;231;238m[48;2;231;232;238m▔[38;2;231;231;238m[48;2;231;231;238m▔[38;2;230;231;237m[48;2;230;231;237m▔[38;2;230;231;237m[48;2;230;231;236m▘[38;2;231;231;237m[48;2;230;230;236m▂[38;2;230;231;236m[48;2;231;231;237m▔[38;2;232;233;237m[48;2;231;232;237m▕[38;2;232;234;238m[48;2;233;235;238m▅[38;2;235;236;240m[48;2;250;250;250m▏[38;2;246;245;245m[48;2;255;255;255m▍[38;2;255;255;255m[48;2;255;255;255m▔[0m
[38;2;50;24;36m[48;2;255;255;255m▏[38;2;255;255;255m[48;2;255;255;255m▔[38;2;255;255;255m[48;2;255;255;255m▔[38;2;31;63;132m[48;2;255;255;255m▕[38;2;26;69;139m[48;2;34;77;141m▍[38;2;34;77;141m[48;2;34;76;140m▍[38;2;34;75;139m[48;2;34;75;138m▀[38;2;34;75;139m[48;2;33;76;139m▆[38;2;34;75;139m[48;2;33;75;139m▁[38;2;32;76;139m[48;2;33;75;139m▔[38;2;33;75;139m[48;2;32;75;139m▖[38;2;32;75;140m[48;2;32;75;140m▔[38;2;32;75;140m[48;2;31;75;140m▂[38;2;32;74;139m[48;2;31;75;139m▁[38;2;30;75;139m[48;2;31;75;139m▔[38;2;31;75;139m[48;2;31;75;139m▔[38;2;31;75;139m[48;2;31;75;139m▔[38;2;31;75;139m[48;2;31;75;139m▔[38;2;32;75;139m[48;2;31;76;139m▖[38;2;31;76;139m[48;2;32;77;139m▅[38;2;32;77;139m[48;2;32;76;139m▀[38;2;32;77;139m[48;2;32;76;139m▝[38;2;32;77;140m[48;2;32;77;139m▅[38;2;32;77;139m[48;2;32;78;139m▆[38;2;32;77;139m[48;2;32;77;139m▔[38;2;32;77;139m[48;2;32;76;140m▀[38;2;32;77;139m[48;2;32;76;139m▀[38;2;33;78;140m[48;2;32;77;139m▝[38;2;33;78;140m[48;2;32;77;139m▀[38;2;31;75;139m[48;2;33;78;140m▔[38;2;30;75;137m[48;2;33;77;139m▔[38;2;41;79;133m[48;2;33;77;140m▔[38;2;79;88;123m[48;2;33;77;138m▔[38;2;33;77;138m[48;2;117;96;108m▆[38;2;33;77;140m[48;2;123;97;102m▅[38;2;127;103;105m[48;2;32;76;140m▀[38;2;33;77;138m[48;2;126;101;111m▃[38;2;32;75;139m[48;2;132;108;111m▂[38;2;58;84;130m[48;2;114;89;93m▂[38;2;49;80;126m[48;2;102;70;70m▁[38;2;109;76;77m[48;2;100;69;64m▁[38;2;101;68;67m[48;2;102;67;61m▂[38;2;103;67;63m[48;2;103;66;59m▁[38;2;105;65;59m[48;2;104;66;58m▕[38;2;199;189;196m[48;2;104;63;59m▕[38;2;244;246;251m[48;2;236;237;241m▍[38;2;51;86;141m[48;2;235;236;240m▔[38;2;236;239;244m[48;2;26;73;140m▅[38;2;240;241;242m[48;2;30;76;139m▂[38;2;40;77;136m[48;2;30;77;137m▁[38;2;31;77;137m[48;2;30;76;138m▔[38;2;30;76;138m[48;2;30;78;138m▁[38;2;30;79;139m[48;2;30;78;138m▔[38;2;30;78;138m[48;2;30;78;139m▂[38;2;30;78;139m[48;2;30;79;139m▏[38;2;30;79;138m[48;2;30;79;139m▂[38;2;30;78;139m[48;2;30;79;140m▏[38;2;30;79;140m[48;2;30;79;140m▔[38;2;30;79;140m[48;2;31;79;140m▗[38;2;30;78;139m[48;2;30;78;140m▕[38;2;29;75;135m[48;2;30;78;139m▗[38;2;244;243;244m[48;2;27;74;134m▗[38;2;238;238;241m[48;2;239;239;241m▕[38;2;236;237;240m[48;2;237;237;241m▁[38;2;236;236;241m[48;2;236;236;240m▏[38;2;235;234;239m[48;2;235;235;239m▗[38;2;234;234;240m[48;2;234;234;238m▂[38;2;233;233;239m[48;2;234;233;239m▔[38;2;233;233;239m[48;2;233;233;238m▃[38;2;233;233;239m[48;2;233;232;238m▖[38;2;233;232;238m[48;2;232;232;238m▃[38;2;231;231;238m[48;2;232;232;238m▔[38;2;231;231;238m[48;2;231;231;237m▅[38;2;230;231;237m[48;2;231;231;238m▀[38;2;231;231;237m[48;2;230;231;237m▕[38;2;231;231;237m[48;2;231;231;237m▔[38;2;230;231;237m[48;2;231;232;237m▅[38;2;229;231;236m[48;2;231;232;237m▅[38;2;229;231;236m[48;2;230;232;237m▃[38;2;235;236;240m[48;2;250;250;250m▏[38;2;246;245;244m[48;2;255;255;255m▍[38;2;255;255;255m[48;2;255;255;255m▔[0m
[38;2;50;24;36m[48;2;255;255;255m▏[38;2;255;255;255m[48;2;255;255;255m▔[38;2;255;255;255m[48;2;255;255;255m▔[38;2;31;62;133m[48;2;255;255;255m▕[38;2;26;67;139m[48;2;34;75;142m▍[38;2;34;76;139m[48;2;34;75;138m▍[38;2;34;75;138m[48;2;34;73;137m▀[38;2;34;73;138m[48;2;33;74;138m▁[38;2;34;73;138m[48;2;33;74;139m▁[38;2;33;74;139m[48;2;33;75;140m▆[38;2;33;74;139m[48;2;33;75;139m▆[38;2;33;74;139m[48;2;33;74;140m▆[38;2;33;74;139m[48;2;32;74;140m▁[38;2;32;74;139m[48;2;32;74;140m▁[38;2;32;74;139m[48;2;32;74;139m▔[38;2;31;75;139m[48;2;32;74;139m▔[38;2;31;74;139m[48;2;32;74;139m▔[38;2;31;74;139m[48;2;31;74;139m▔[38;2;32;74;139m[48;2;32;74;139m▔[38;2;32;74;139m[48;2;32;75;139m▃[38;2;32;75;139m[48;2;32;75;139m▔[38;2;32;76;140m[48;2;32;75;140m▔[38;2;32;76;140m[48;2;32;75;140m▔[38;2;32;76;140m[48;2;32;75;140m▝[38;2;32;75;139m[48;2;32;75;139m▔[38;2;32;76;139m[48;2;32;75;139m▔[38;2;32;75;139m[48;2;32;75;139m▔[38;2;32;75;139m[48;2;32;76;139m▆[38;2;32;75;139m[48;2;32;76;139m▖[38;2;33;76;140m[48;2;32;75;139m▝[38;2;33;75;139m[48;2;32;76;139m▂[38;2;33;77;139m[48;2;32;76;139m▝[38;2;33;77;139m[48;2;33;76;139m▔[38;2;33;76;139m[48;2;33;77;139m▆[38;2;33;77;139m[48;2;33;76;139m▀[38;2;32;76;139m[48;2;33;77;139m▗[38;2;32;77;139m[48;2;33;77;139m▅[38;2;32;77;139m[48;2;32;77;139m▔[38;2;32;76;139m[48;2;32;77;139m▕[38;2;31;76;137m[48;2;31;77;138m▔[38;2;31;77;139m[48;2;62;80;119m▆[38;2;111;77;80m[48;2;30;76;138m▀[38;2;44;76;129m[48;2;106;73;74m▂[38;2;118;86;86m[48;2;105;70;64m▂[38;2;215;208;215m[48;2;105;65;60m▕[38;2;240;243;248m[48;2;232;235;240m▍[38;2;232;234;239m[48;2;233;234;240m▆[38;2;233;234;240m[48;2;233;235;240m▃[38;2;238;237;240m[48;2;235;235;240m▔[38;2;229;233;237m[48;2;237;236;240m▔[38;2;237;236;239m[48;2;26;74;140m▅[38;2;239;238;240m[48;2;30;76;140m▃[38;2;154;167;188m[48;2;30;78;137m▁[38;2;29;76;141m[48;2;31;76;138m▂[38;2;31;78;138m[48;2;30;77;137m▀[38;2;30;78;139m[48;2;31;78;138m▔[38;2;30;78;139m[48;2;31;78;138m▔[38;2;30;78;138m[48;2;30;78;138m▔[38;2;30;78;139m[48;2;30;78;140m▆[38;2;30;76;136m[48;2;30;77;138m▗[38;2;237;244;252m[48;2;27;74;134m▗[38;2;239;238;242m[48;2;239;238;242m▔[38;2;238;238;241m[48;2;237;237;241m▔[38;2;237;236;241m[48;2;236;236;241m▏[38;2;236;236;240m[48;2;236;235;240m▍[38;2;236;235;240m[48;2;235;235;239m▃[38;2;234;234;239m[48;2;235;234;239m▔[38;2;234;234;239m[48;2;235;233;240m▀[38;2;234;233;240m[48;2;234;233;239m▃[38;2;234;232;239m[48;2;234;233;239m▝[38;2;233;232;239m[48;2;233;232;239m▔[38;2;232;232;238m[48;2;233;232;238m▐[38;2;232;232;238m[48;2;232;231;238m▆[38;2;232;232;238m[48;2;231;231;238m▊[38;2;231;231;238m[48;2;231;231;238m▔[38;2;230;230;238m[48;2;230;231;237m▁[38;2;227;229;235m[48;2;229;229;236m▗[38;2;225;227;235m[48;2;228;229;236m▅[38;2;227;229;235m[48;2;224;226;234m▀[38;2;235;237;240m[48;2;250;249;250m▏[38;2;249;248;248m[48;2;255;255;255m▍[38;2;255;255;255m[48;2;255;255;255m▔[0m
[38;2;51;25;36m[48;2;255;255;255m▏[38;2;255;255;255m[48;2;255;255;255m▔[38;2;255;255;255m[48;2;255;255;255m▔[38;2;255;255;255m[48;2;148;156;181m▊[38;2;26;66;138m[48;2;34;73;141m▍[38;2;34;75;138m[48;2;34;73;138m▘[38;2;34;72;136m[48;2;34;74;137m▂[38;2;34;73;138m[48;2;34;73;137m▗[38;2;34;73;138m[48;2;34;72;137m▀[38;2;34;72;138m[48;2;34;73;138m▁[38;2;34;72;138m[48;2;33;73;139m▖[38;2;34;72;139m[48;2;33;73;139m▅[38;2;33;73;139m[48;2;34;72;139m▀[38;2;33;72;138m[48;2;32;73;139m▆[38;2;33;72;138m[48;2;32;73;138m▃[38;2;32;72;138m[48;2;32;73;139m▂[38;2;32;73;138m[48;2;32;73;139m▕[38;2;32;72;140m[48;2;32;73;139m▁[38;2;32;73;139m[48;2;32;73;139m▔[38;2;32;73;139m[48;2;32;73;139m▔[38;2;32;73;139m[48;2;32;74;139m▅[38;2;32;73;139m[48;2;32;74;139m▃[38;2;32;73;139m[48;2;32;74;139m▃[38;2;32;73;139m[48;2;32;74;139m▖[38;2;34;73;140m[48;2;33;73;139m▁[38;2;33;74;140m[48;2;33;74;139m▏[38;2;32;75;139m[48;2;33;74;139m▔[38;2;33;74;139m[48;2;33;74;139m▔[38;2;33;73;139m[48;2;33;74;139m▁[38;2;33;74;139m[48;2;33;75;139m▃[38;2;33;75;139m[48;2;33;75;140m▊[38;2;33;75;139m[48;2;33;75;140m▘[38;2;33;76;140m[48;2;33;75;140m▔[38;2;33;76;139m[48;2;33;75;139m▔[38;2;33;74;139m[48;2;33;74;139m▔[38;2;32;76;139m[48;2;33;75;139m▔[38;2;32;75;139m[48;2;32;75;139m▔[38;2;32;76;139m[48;2;32;75;139m▘[38;2;33;75;139m[48;2;32;76;139m▁[38;2;33;76;139m[48;2;32;76;139m▁[38;2;32;75;139m[48;2;32;76;139m▁[38;2;32;76;139m[48;2;32;75;138m▀[38;2;29;74;140m[48;2;32;75;138m▔[38;2;33;75;140m[48;2;121;94;105m▆[38;2;222;216;222m[48;2;109;74;71m▕[38;2;241;242;243m[48;2;232;235;240m▍[38;2;232;233;238m[48;2;232;233;239m▅[38;2;233;234;239m[48;2;234;234;239m▊[38;2;234;234;239m[48;2;235;235;239m▍[38;2;236;236;240m[48;2;235;236;240m▕[38;2;236;236;240m[48;2;236;236;240m▔[38;2;236;236;240m[48;2;237;237;240m▆[38;2;237;237;240m[48;2;237;237;240m▔[38;2;238;238;240m[48;2;27;75;141m▆[38;2;29;76;141m[48;2;240;241;243m▀[38;2;149;166;193m[48;2;30;77;138m▂[38;2;28;74;140m[48;2;30;77;137m▂[38;2;30;78;138m[48;2;30;77;138m▕[38;2;31;78;138m[48;2;30;77;138m▁[38;2;31;77;137m[48;2;29;76;136m▁[38;2;74;101;150m[48;2;240;239;242m▘[38;2;237;237;240m[48;2;236;236;240m▔[38;2;236;237;241m[48;2;236;236;241m▔[38;2;235;235;240m[48;2;236;236;240m▂[38;2;236;234;241m[48;2;236;235;240m▂[38;2;236;235;240m[48;2;235;235;240m▔[38;2;235;234;239m[48;2;235;234;240m▐[38;2;235;233;239m[48;2;235;234;240m▐[38;2;235;233;239m[48;2;234;233;239m▍[38;2;234;233;239m[48;2;234;233;239m▔[38;2;233;232;239m[48;2;233;232;239m▔[38;2;233;232;239m[48;2;233;232;239m▔[38;2;233;232;239m[48;2;232;232;239m▏[38;2;231;231;238m[48;2;232;232;239m▐[38;2;229;231;237m[48;2;230;231;237m▗[38;2;227;229;236m[48;2;228;230;237m▗[38;2;220;224;234m[48;2;225;227;236m▗[38;2;217;221;232m[48;2;221;224;234m▂[38;2;221;225;233m[48;2;217;221;232m▀[38;2;234;237;241m[48;2;251;250;250m▏[38;2;250;249;249m[48;2;255;255;255m▍[38;2;255;255;255m[48;2;255;255;255m▔[0m
[38;2;52;25;36m[48;2;255;255;255m▏[38;2;255;255;255m[48;2;255;255;255m▔[38;2;255;255;255m[48;2;255;255;255m▔[38;2;255;255;255m[48;2;144;152;180m▊[38;2;26;65;136m[48;2;35;73;140m▍[38;2;35;74;138m[48;2;35;73;137m▏[38;2;34;72;136m[48;2;35;71;136m▀[38;2;35;71;136m[48;2;34;71;137m▖[38;2;35;71;137m[48;2;35;71;137m▔[38;2;35;71;137m[48;2;34;71;137m▃[38;2;35;71;137m[48;2;34;71;138m▖[38;2;34;71;138m[48;2;34;70;137m▀[38;2;33;70;138m[48;2;34;71;138m▆[38;2;33;71;137m[48;2;33;71;138m▅[38;2;33;70;137m[48;2;33;71;138m▃[38;2;32;71;139m[48;2;33;71;138m▔[38;2;33;72;138m[48;2;33;71;138m▔[38;2;33;71;138m[48;2;33;72;139m▆[38;2;33;72;139m[48;2;33;71;139m▔[38;2;33;72;139m[48;2;33;71;138m▀[38;2;33;72;139m[48;2;33;71;138m▔[38;2;33;70;138m[48;2;33;72;139m▂[38;2;33;71;139m[48;2;33;72;139m▗[38;2;34;70;138m[48;2;33;72;139m▁[38;2;34;71;139m[48;2;33;72;139m▆[38;2;34;71;139m[48;2;34;72;140m▃[38;2;34;71;139m[48;2;34;73;140m▅[38;2;34;72;139m[48;2;33;73;139m▆[38;2;33;73;139m[48;2;34;71;139m▀[38;2;33;74;140m[48;2;34;72;139m▔[38;2;34;72;139m[48;2;33;74;140m▆[38;2;34;72;139m[48;2;33;73;139m▃[38;2;33;72;139m[48;2;33;74;139m▅[38;2;33;73;139m[48;2;33;74;139m▆[38;2;33;73;139m[48;2;33;74;139m▅[38;2;33;74;139m[48;2;33;74;139m▔[38;2;33;73;139m[48;2;33;74;139m▆[38;2;33;73;138m[48;2;32;74;138m▃[38;2;33;74;139m[48;2;33;74;139m▔[38;2;33;74;139m[48;2;33;75;139m▃[38;2;33;74;138m[48;2;33;75;139m▖[38;2;32;75;138m[48;2;33;74;138m▀[38;2;33;73;138m[48;2;33;74;138m▃[38;2;33;73;138m[48;2;32;73;137m▊[38;2;173;184;211m[48;2;26;67;131m▕[38;2;242;243;246m[48;2;232;233;240m▍[38;2;231;233;238m[48;2;232;233;238m▆[38;2;233;233;239m[48;2;232;233;238m▕[38;2;234;234;239m[48;2;235;234;240m▊[38;2;236;236;240m[48;2;235;235;239m▝[38;2;236;236;240m[48;2;236;235;240m▀[38;2;236;235;240m[48;2;236;236;240m▃[38;2;236;236;240m[48;2;236;236;240m▔[38;2;237;237;240m[48;2;236;237;240m▐[38;2;237;237;240m[48;2;237;237;240m▔[38;2;237;236;240m[48;2;237;237;241m▕[38;2;237;237;240m[48;2;55;90;143m▆[38;2;29;72;134m[48;2;239;238;240m▀[38;2;216;222;233m[48;2;31;78;139m▂[38;2;239;242;247m[48;2;28;75;137m▐[38;2;239;237;241m[48;2;235;235;240m▘[38;2;235;234;239m[48;2;235;236;240m▃[38;2;235;234;239m[48;2;235;235;240m▃[38;2;235;235;240m[48;2;235;234;240m▘[38;2;235;234;240m[48;2;235;235;240m▆[38;2;235;233;240m[48;2;235;234;240m▖[38;2;234;233;240m[48;2;235;233;240m▁[38;2;235;233;240m[48;2;234;233;239m▘[38;2;233;233;239m[48;2;234;233;239m▂[38;2;233;233;239m[48;2;233;232;239m▀[38;2;233;232;239m[48;2;232;232;239m▀[38;2;232;232;239m[48;2;231;231;238m▀[38;2;231;231;238m[48;2;230;231;238m▀[38;2;230;230;238m[48;2;229;230;237m▘[38;2;229;230;237m[48;2;227;229;236m▘[38;2;208;212;227m[48;2;226;229;237m▗[38;2;214;218;232m[48;2;208;215;229m▀[38;2;214;218;232m[48;2;208;213;227m▀[38;2;212;217;230m[48;2;206;211;225m▀[38;2;232;233;239m[48;2;252;252;253m▏[38;2;250;249;250m[48;2;255;255;255m▏[38;2;255;255;255m[48;2;255;255;255m▔[0m
[38;2;52;25;36m[48;2;255;255;255m▏[38;2;255;255;255m[48;2;255;255;255m▔[38;2;255;255;255m[48;2;255;255;255m▔[38;2;255;255;255m[48;2;146;153;179m▊[38;2;27;63;136m[48;2;36;70;139m▍[38;2;36;70;135m[48;2;36;71;137m▂[38;2;36;69;135m[48;2;35;70;135m▂[38;2;35;70;136m[48;2;36;69;135m▀[38;2;36;69;136m[48;2;35;70;137m▃[38;2;35;70;136m[48;2;36;69;136m▀[38;2;35;70;137m[48;2;35;69;136m▔[38;2;35;69;136m[48;2;34;69;137m▅[38;2;35;68;136m[48;2;34;69;137m▃[38;2;34;68;136m[48;2;34;69;136m▂[38;2;35;68;137m[48;2;34;69;137m▃[38;2;34;68;137m[48;2;34;69;137m▂[38;2;34;68;137m[48;2;34;70;138m▃[38;2;34;69;137m[48;2;33;70;137m▆[38;2;35;68;137m[48;2;34;69;138m▂[38;2;33;70;138m[48;2;33;69;137m▔[38;2;34;68;136m[48;2;33;69;137m▂[38;2;34;68;137m[48;2;34;70;138m▅[38;2;34;68;137m[48;2;34;70;138m▅[38;2;34;69;137m[48;2;34;70;138m▆[38;2;34;69;137m[48;2;34;70;138m▅[38;2;35;68;137m[48;2;34;70;138m▂[38;2;34;69;138m[48;2;34;70;138m▅[38;2;35;69;138m[48;2;34;69;138m▁[38;2;34;69;138m[48;2;34;71;139m▅[38;2;34;69;138m[48;2;34;71;139m▃[38;2;34;71;139m[48;2;34;70;138m▀[38;2;34;70;138m[48;2;34;72;139m▆[38;2;34;71;138m[48;2;34;70;138m▀[38;2;34;70;138m[48;2;34;71;138m▃[38;2;34;71;138m[48;2;34;71;138m▔[38;2;34;71;139m[48;2;34;70;138m▀[38;2;34;71;138m[48;2;34;70;138m▀[38;2;33;73;138m[48;2;34;71;138m▔[38;2;34;71;137m[48;2;34;72;139m▂[38;2;34;71;138m[48;2;34;72;138m▂[38;2;34;71;138m[48;2;33;73;138m▆[38;2;33;73;137m[48;2;34;71;137m▀[38;2;33;73;137m[48;2;33;72;136m▀[38;2;33;73;136m[48;2;33;71;136m▘[38;2;182;194;222m[48;2;26;64;129m▕[38;2;240;242;245m[48;2;230;232;238m▍[38;2;230;232;237m[48;2;229;230;237m▀[38;2;231;232;238m[48;2;230;231;237m▀[38;2;234;234;240m[48;2;233;233;238m▝[38;2;234;233;239m[48;2;234;234;240m▃[38;2;235;234;240m[48;2;235;234;239m▀[38;2;235;234;239m[48;2;236;235;240m▅[38;2;235;235;239m[48;2;236;235;240m▃[38;2;236;235;239m[48;2;236;236;240m▅[38;2;236;235;240m[48;2;236;236;240m▃[38;2;236;236;239m[48;2;236;236;240m▗[38;2;235;235;239m[48;2;236;236;239m▃[38;2;235;235;239m[48;2;236;236;239m▂[38;2;235;235;239m[48;2;238;238;241m▆[38;2;235;234;238m[48;2;235;234;238m▔[38;2;234;234;238m[48;2;234;234;238m▔[38;2;234;234;238m[48;2;234;234;238m▔[38;2;235;234;239m[48;2;234;234;238m▔[38;2;234;234;239m[48;2;233;233;238m▀[38;2;233;233;238m[48;2;234;233;239m▂[38;2;234;233;239m[48;2;233;232;239m▀[38;2;233;232;238m[48;2;234;233;239m▆[38;2;232;231;239m[48;2;233;232;239m▅[38;2;232;232;239m[48;2;231;231;238m▀[38;2;231;231;238m[48;2;232;232;239m▆[38;2;229;230;237m[48;2;231;231;238m▁[38;2;229;230;237m[48;2;230;231;238m▅[38;2;229;230;238m[48;2;227;229;236m▘[38;2;226;228;236m[48;2;227;228;236m▕[38;2;223;227;235m[48;2;225;227;235m▗[38;2;215;219;232m[48;2;192;197;219m▘[38;2;203;208;225m[48;2;195;201;219m▀[38;2;202;207;223m[48;2;196;201;219m▀[38;2;200;204;220m[48;2;196;200;217m▀[38;2;232;233;240m[48;2;252;252;252m▏[38;2;249;249;249m[48;2;255;255;255m▏[38;2;255;255;255m[48;2;255;255;255m▔[0m
[38;2;51;25;36m[48;2;255;255;255m▏[38;2;255;255;255m[48;2;255;255;255m▔[38;2;255;255;255m[48;2;255;255;255m▔[38;2;255;255;255m[48;2;142;149;174m▊[38;2;28;61;136m[48;2;36;70;138m▍[38;2;36;70;136m[48;2;37;69;135m▏[38;2;36;68;135m[48;2;37;68;134m▀[38;2;37;67;133m[48;2;37;68;134m▂[38;2;37;68;136m[48;2;38;67;135m▀[38;2;37;68;135m[48;2;36;68;136m▆[38;2;38;66;135m[48;2;36;68;135m▃[38;2;36;68;135m[48;2;36;67;135m▘[38;2;36;66;135m[48;2;35;67;136m▃[38;2;36;67;136m[48;2;35;67;136m▃[38;2;36;66;135m[48;2;35;67;136m▃[38;2;36;67;135m[48;2;35;67;136m▃[38;2;35;67;136m[48;2;35;68;137m▆[38;2;35;68;137m[48;2;36;67;136m▔[38;2;36;66;136m[48;2;35;67;136m▃[38;2;36;66;135m[48;2;35;67;136m▗[38;2;35;66;135m[48;2;35;67;136m▅[38;2;35;67;136m[48;2;36;66;135m▀[38;2;36;66;135m[48;2;35;67;136m▃[38;2;36;66;136m[48;2;35;67;136m▂[38;2;35;67;136m[48;2;36;66;136m▀[38;2;36;66;135m[48;2;35;67;137m▂[38;2;35;67;137m[48;2;36;66;136m▀[38;2;36;67;136m[48;2;35;68;137m▃[38;2;35;68;137m[48;2;35;66;136m▀[38;2;34;69;137m[48;2;36;67;136m▀[38;2;35;67;136m[48;2;35;69;138m▅[38;2;35;68;136m[48;2;34;69;137m▆[38;2;35;68;137m[48;2;34;69;137m▆[38;2;35;67;137m[48;2;34;69;137m▃[38;2;34;69;138m[48;2;35;69;137m▔[38;2;35;67;136m[48;2;34;69;137m▂[38;2;35;68;136m[48;2;34;68;137m▃[38;2;34;69;137m[48;2;35;69;137m▘[38;2;35;69;137m[48;2;34;71;137m▅[38;2;34;70;137m[48;2;35;69;136m▀[38;2;35;69;136m[48;2;35;70;137m▂[38;2;35;70;136m[48;2;35;70;136m▔[38;2;34;71;136m[48;2;34;69;135m▔[38;2;34;68;134m[48;2;33;69;134m▂[38;2;183;194;224m[48;2;27;55;125m▕[38;2;237;239;244m[48;2;226;229;237m▍[38;2;227;229;236m[48;2;225;228;235m▀[38;2;226;228;236m[48;2;228;230;236m▃[38;2;231;232;238m[48;2;229;231;236m▀[38;2;232;232;238m[48;2;231;231;237m▀[38;2;233;233;239m[48;2;232;232;238m▀[38;2;234;233;239m[48;2;232;232;238m▀[38;2;234;234;239m[48;2;233;233;238m▀[38;2;234;233;238m[48;2;235;234;240m▅[38;2;235;234;239m[48;2;234;233;239m▀[38;2;235;234;239m[48;2;234;234;238m▀[38;2;235;234;238m[48;2;234;233;239m▀[38;2;234;233;238m[48;2;235;234;238m▁[38;2;235;234;238m[48;2;235;233;239m▀[38;2;234;233;239m[48;2;235;234;239m▃[38;2;233;233;238m[48;2;234;234;239m▗[38;2;234;233;239m[48;2;233;233;238m▘[38;2;233;232;238m[48;2;233;233;238m▅[38;2;233;233;239m[48;2;232;233;238m▀[38;2;233;232;239m[48;2;232;232;238m▀[38;2;231;231;238m[48;2;232;232;239m▅[38;2;231;231;238m[48;2;232;231;238m▆[38;2;231;231;238m[48;2;230;231;238m▔[38;2;230;230;238m[48;2;230;230;238m▔[38;2;230;230;238m[48;2;229;230;237m▀[38;2;227;229;236m[48;2;229;229;237m▃[38;2;228;229;236m[48;2;226;228;235m▀[38;2;226;228;235m[48;2;224;226;234m▀[38;2;224;226;234m[48;2;225;226;234m▁[38;2;225;228;235m[48;2;174;183;207m▘[38;2;186;192;213m[48;2;181;189;211m▐[38;2;191;196;216m[48;2;190;194;215m▀[38;2;192;197;216m[48;2;193;197;217m▖[38;2;200;203;221m[48;2;194;198;216m▕[38;2;234;234;240m[48;2;252;252;253m▏[38;2;248;248;248m[48;2;255;255;255m▍[38;2;255;255;255m[48;2;255;255;255m▔[0m
[38;2;50;25;35m[48;2;255;255;255m▏[38;2;255;255;255m[48;2;255;255;255m▔[38;2;255;255;255m[48;2;255;255;255m▔[38;2;255;255;255m[48;2;145;150;175m▊[38;2;31;59;135m[48;2;37;67;138m▍[38;2;38;67;134m[48;2;38;68;134m▆[38;2;38;65;133m[48;2;38;66;133m▃[38;2;38;66;134m[48;2;39;65;134m▀[38;2;39;65;134m[48;2;38;66;134m▃[38;2;38;66;135m[48;2;39;65;134m▀[38;2;39;65;135m[48;2;38;66;135m▖[38;2;38;65;135m[48;2;37;66;134m▅[38;2;38;65;134m[48;2;37;66;135m▃[38;2;37;64;134m[48;2;37;65;135m▃[38;2;37;65;135m[48;2;37;64;135m▀[38;2;37;64;134m[48;2;37;65;135m▅[38;2;37;64;135m[48;2;36;66;135m▆[38;2;36;65;135m[48;2;37;65;135m▔[38;2;37;65;135m[48;2;37;64;135m▀[38;2;37;64;135m[48;2;36;65;135m▅[38;2;37;65;135m[48;2;37;64;134m▀[38;2;37;65;136m[48;2;37;64;135m▀[38;2;37;64;135m[48;2;36;65;135m▗[38;2;37;64;134m[48;2;36;65;135m▂[38;2;36;65;135m[48;2;37;64;134m▀[38;2;37;64;135m[48;2;36;65;135m▃[38;2;37;64;134m[48;2;37;65;135m▂[38;2;37;64;135m[48;2;36;66;136m▆[38;2;37;66;136m[48;2;37;65;135m▀[38;2;37;65;135m[48;2;37;65;135m▔[38;2;36;66;136m[48;2;37;64;135m▀[38;2;36;66;135m[48;2;37;65;135m▀[38;2;37;65;135m[48;2;36;66;136m▃[38;2;36;67;136m[48;2;37;66;135m▀[38;2;36;66;135m[48;2;36;67;136m▅[38;2;36;66;135m[48;2;35;68;136m▅[38;2;37;66;135m[48;2;36;67;136m▃[38;2;36;66;135m[48;2;36;68;136m▃[38;2;35;68;136m[48;2;36;67;135m▔[38;2;36;67;135m[48;2;36;68;136m▃[38;2;36;67;134m[48;2;36;67;136m▗[38;2;37;67;134m[48;2;35;68;135m▅[38;2;34;69;134m[48;2;35;67;133m▝[38;2;35;68;134m[48;2;34;68;134m▗[38;2;169;181;216m[48;2;28;61;127m▕[38;2;232;236;243m[48;2;221;225;235m▍[38;2;222;226;234m[48;2;220;224;234m▀[38;2;224;227;235m[48;2;222;225;233m▀[38;2;227;229;236m[48;2;224;227;236m▀[38;2;226;228;236m[48;2;228;230;236m▃[38;2;227;228;237m[48;2;229;230;237m▂[38;2;228;229;238m[48;2;230;231;237m▃[38;2;232;232;238m[48;2;230;231;237m▀[38;2;231;232;238m[48;2;232;232;239m▃[38;2;232;232;238m[48;2;233;233;238m▅[38;2;232;232;238m[48;2;233;232;238m▆[38;2;234;233;239m[48;2;232;232;238m▀[38;2;233;232;239m[48;2;233;233;238m▃[38;2;233;233;238m[48;2;234;233;239m▅[38;2;233;233;239m[48;2;233;232;238m▀[38;2;233;233;238m[48;2;232;232;238m▀[38;2;233;233;238m[48;2;232;232;239m▀[38;2;232;232;238m[48;2;232;232;239m▆[38;2;231;231;238m[48;2;231;232;238m▂[38;2;231;231;239m[48;2;230;231;238m▀[38;2;230;231;238m[48;2;229;230;238m▀[38;2;230;230;238m[48;2;228;230;238m▀[38;2;229;230;238m[48;2;228;230;237m▀[38;2;228;229;237m[48;2;229;230;238m▅[38;2;226;228;235m[48;2;227;229;237m▗[38;2;224;227;234m[48;2;226;228;236m▗[38;2;222;224;233m[48;2;224;225;234m▂[38;2;221;223;233m[48;2;223;225;232m▁[38;2;223;226;234m[48;2;167;178;205m▘[38;2;176;184;208m[48;2;171;181;206m▐[38;2;181;188;210m[48;2;185;191;212m▍[38;2;188;193;214m[48;2;190;194;214m▏[38;2;194;198;216m[48;2;192;196;215m▐[38;2;201;203;220m[48;2;196;199;219m▕[38;2;233;232;238m[48;2;253;253;253m▏[38;2;245;244;245m[48;2;255;255;255m▍[38;2;255;255;255m[48;2;255;255;255m▔[0m
[38;2;50;26;36m[48;2;255;255;255m▏[38;2;255;255;255m[48;2;255;255;255m▔[38;2;255;255;255m[48;2;255;255;255m▔[38;2;255;255;255m[48;2;147;152;174m▊[38;2;32;57;134m[48;2;40;66;136m▍[38;2;39;66;133m[48;2;39;65;133m▍[38;2;40;64;132m[48;2;39;65;132m▂[38;2;39;64;132m[48;2;39;65;132m▆[38;2;40;64;132m[48;2;39;64;133m▃[38;2;40;64;132m[48;2;39;64;133m▂[38;2;40;64;132m[48;2;39;64;133m▂[38;2;39;63;133m[48;2;38;64;133m▃[38;2;39;63;133m[48;2;38;63;133m▂[38;2;38;63;135m[48;2;38;63;133m▔[38;2;37;63;133m[48;2;38;63;134m▏[38;2;38;62;133m[48;2;38;63;134m▖[38;2;38;62;134m[48;2;38;63;134m▖[38;2;38;63;133m[48;2;38;63;134m▗[38;2;38;62;134m[48;2;38;63;134m▃[38;2;38;63;134m[48;2;38;62;134m▘[38;2;38;62;134m[48;2;37;63;134m▅[38;2;37;63;134m[48;2;38;63;133m▘[38;2;37;63;134m[48;2;38;63;134m▘[38;2;38;63;133m[48;2;38;63;135m▆[38;2;38;63;133m[48;2;38;63;134m▅[38;2;38;63;134m[48;2;38;62;133m▀[38;2;39;62;133m[48;2;38;63;134m▂[38;2;38;63;134m[48;2;38;63;133m▀[38;2;38;62;134m[48;2;38;63;134m▂[38;2;38;63;133m[48;2;37;64;134m▆[38;2;38;63;134m[48;2;37;64;134m▅[38;2;38;63;133m[48;2;37;64;134m▃[38;2;37;64;134m[48;2;38;62;133m▀[38;2;38;63;134m[48;2;37;64;134m▃[38;2;37;64;134m[48;2;37;65;135m▅[38;2;38;63;134m[48;2;37;64;134m▂[38;2;37;65;135m[48;2;38;64;134m▀[38;2;38;64;134m[48;2;37;65;134m▃[38;2;37;65;134m[48;2;37;64;133m▀[38;2;38;65;134m[48;2;37;66;134m▃[38;2;38;65;133m[48;2;37;66;134m▂[38;2;37;67;134m[48;2;37;66;133m▔[38;2;36;66;134m[48;2;36;67;133m▅[38;2;35;67;133m[48;2;36;66;133m▔[38;2;161;172;209m[48;2;28;60;128m▕[38;2;229;234;242m[48;2;218;223;235m▍[38;2;216;222;234m[48;2;218;223;233m▃[38;2;218;222;233m[48;2;220;224;233m▅[38;2;219;223;234m[48;2;222;225;234m▅[38;2;223;226;236m[48;2;219;223;235m▀[38;2;220;224;235m[48;2;224;227;235m▃[38;2;221;225;234m[48;2;225;228;235m▃[38;2;223;226;236m[48;2;227;229;236m▃[38;2;229;231;237m[48;2;226;228;238m▀[38;2;230;231;237m[48;2;228;230;237m▀[38;2;229;230;238m[48;2;231;232;238m▃[38;2;230;230;238m[48;2;232;232;238m▅[38;2;231;231;238m[48;2;232;232;238m▅[38;2;232;232;238m[48;2;231;231;239m▀[38;2;231;232;239m[48;2;232;232;238m▖[38;2;231;232;239m[48;2;232;232;238m▃[38;2;231;232;237m[48;2;231;232;238m▐[38;2;230;231;239m[48;2;231;231;238m▅[38;2;230;231;238m[48;2;229;231;238m▊[38;2;229;230;238m[48;2;228;230;237m▀[38;2;227;229;238m[48;2;228;229;238m▆[38;2;226;228;237m[48;2;227;230;237m▅[38;2;225;229;237m[48;2;227;229;238m▅[38;2;224;228;235m[48;2;226;229;236m▃[38;2;222;226;234m[48;2;224;227;235m▂[38;2;220;224;233m[48;2;222;225;234m▃[38;2;218;222;231m[48;2;220;223;233m▁[38;2;221;223;232m[48;2;166;177;207m▘[38;2;166;177;207m[48;2;170;179;206m▘[38;2;174;182;209m[48;2;178;186;210m▍[38;2;182;189;212m[48;2;186;191;212m▍[38;2;191;194;216m[48;2;190;194;214m▂[38;2;193;197;216m[48;2;196;200;217m▊[38;2;201;204;220m[48;2;198;202;219m▕[38;2;230;230;236m[48;2;253;253;253m▏[38;2;244;244;245m[48;2;255;255;255m▍[38;2;255;255;255m[48;2;255;255;255m▔[0m
[38;2;52;27;38m[48;2;255;255;255m▏[38;2;255;255;255m[48;2;255;255;255m▔[38;2;255;255;255m[48;2;255;255;255m▔[38;2;40;52;125m[48;2;255;255;255m▕[38;2;33;56;131m[48;2;41;65;134m▍[38;2;40;64;132m[48;2;40;63;130m▀[38;2;40;63;130m[48;2;40;64;131m▆[38;2;40;64;132m[48;2;41;63;131m▔[38;2;41;63;131m[48;2;41;63;133m▅[38;2;40;64;132m[48;2;41;63;131m▔[38;2;41;62;132m[48;2;40;63;132m▁[38;2;40;62;131m[48;2;40;63;132m▅[38;2;40;62;131m[48;2;39;63;132m▁[38;2;39;62;132m[48;2;39;63;132m▅[38;2;40;62;131m[48;2;39;62;132m▂[38;2;38;63;132m[48;2;39;62;132m▀[38;2;38;62;132m[48;2;38;63;133m▅[38;2;39;62;132m[48;2;38;63;133m▃[38;2;39;62;133m[48;2;38;62;133m▂[38;2;39;62;132m[48;2;38;62;133m▃[38;2;38;62;133m[48;2;39;62;133m▔[38;2;38;62;132m[48;2;38;63;133m▕[38;2;38;63;133m[48;2;38;63;133m▔[38;2;39;62;132m[48;2;38;63;133m▃[38;2;38;62;133m[48;2;38;62;132m▝[38;2;39;62;133m[48;2;38;62;133m▃[38;2;39;62;132m[48;2;38;62;133m▃[38;2;39;62;132m[48;2;39;62;133m▃[38;2;39;63;133m[48;2;39;62;132m▔[38;2;38;62;133m[48;2;39;62;132m▘[38;2;38;63;132m[48;2;39;62;131m▀[38;2;39;62;131m[48;2;39;63;132m▂[38;2;39;63;133m[48;2;39;62;132m▘[38;2;39;62;133m[48;2;39;63;132m▀[38;2;38;63;133m[48;2;39;63;132m▀[38;2;38;63;133m[48;2;39;63;132m▀[38;2;38;63;133m[48;2;38;63;132m▔[38;2;38;63;133m[48;2;38;63;132m▀[38;2;38;63;132m[48;2;38;64;133m▅[38;2;38;63;132m[48;2;38;64;133m▃[38;2;38;63;132m[48;2;38;64;133m▖[38;2;38;65;133m[48;2;38;64;132m▝[38;2;37;65;133m[48;2;37;64;132m▀[38;2;35;64;133m[48;2;36;63;132m▀[38;2;154;166;203m[48;2;29;58;126m▕[38;2;225;231;241m[48;2;214;221;234m▍[38;2;213;219;232m[48;2;215;221;233m▅[38;2;213;218;232m[48;2;215;220;233m▃[38;2;214;219;233m[48;2;216;221;234m▅[38;2;213;219;232m[48;2;216;221;234m▃[38;2;214;219;232m[48;2;217;222;233m▅[38;2;218;223;233m[48;2;215;219;233m▀[38;2;220;224;234m[48;2;216;221;233m▀[38;2;223;226;237m[48;2;218;222;234m▀[38;2;221;225;236m[48;2;225;228;237m▅[38;2;226;228;237m[48;2;223;226;237m▀[38;2;225;228;237m[48;2;228;230;237m▅[38;2;229;230;239m[48;2;226;228;237m▀[38;2;227;229;237m[48;2;229;231;239m▃[38;2;230;231;239m[48;2;228;230;238m▀[38;2;228;229;238m[48;2;230;231;239m▅[38;2;229;231;239m[48;2;228;230;238m▀[38;2;229;231;238m[48;2;227;230;237m▀[38;2;226;229;238m[48;2;228;230;238m▅[38;2;224;229;236m[48;2;226;230;237m▃[38;2;223;228;235m[48;2;225;229;236m▅[38;2;223;227;236m[48;2;224;228;236m▅[38;2;224;228;237m[48;2;222;226;236m▀[38;2;220;224;234m[48;2;222;226;235m▃[38;2;217;222;232m[48;2;220;224;234m▂[38;2;213;217;233m[48;2;217;221;232m▗[38;2;218;221;232m[48;2;165;176;206m▘[38;2;168;179;207m[48;2;167;178;206m▐[38;2;174;183;209m[48;2;171;181;207m▐[38;2;177;185;209m[48;2;181;188;211m▍[38;2;188;193;214m[48;2;184;191;212m▐[38;2;192;196;216m[48;2;190;195;215m▐[38;2;194;198;217m[48;2;196;200;219m▍[38;2;198;203;220m[48;2;200;204;222m▍[38;2;224;225;232m[48;2;253;253;253m▏[38;2;244;244;244m[48;2;255;255;255m▍[38;2;255;255;255m[48;2;255;255;255m▔[0m
[38;2;51;25;36m[48;2;255;255;255m▏[38;2;255;255;255m[48;2;255;255;255m▔[38;2;255;255;255m[48;2;255;255;255m▔[38;2;255;255;255m[48;2;148;151;175m▊[38;2;35;55;128m[48;2;41;63;131m▍[38;2;42;63;129m[48;2;41;62;127m▀[38;2;41;62;127m[48;2;41;63;129m▅[38;2;42;61;127m[48;2;42;62;130m▃[38;2;42;62;129m[48;2;42;63;131m▅[38;2;42;62;129m[48;2;42;63;130m▃[38;2;41;62;129m[48;2;41;63;130m▃[38;2;41;62;129m[48;2;41;62;130m▖[38;2;41;62;130m[48;2;41;63;131m▆[38;2;40;62;131m[48;2;41;62;131m▀[38;2;41;62;131m[48;2;40;61;132m▆[38;2;41;62;131m[48;2;40;62;131m▂[38;2;40;61;131m[48;2;40;62;132m▆[38;2;40;62;132m[48;2;40;61;131m▏[38;2;39;62;132m[48;2;40;62;132m▔[38;2;40;61;132m[48;2;39;62;132m▂[38;2;39;62;132m[48;2;39;62;132m▔[38;2;40;61;132m[48;2;39;62;132m▂[38;2;39;61;132m[48;2;39;62;132m▗[38;2;39;61;131m[48;2;39;62;132m▗[38;2;39;62;132m[48;2;39;61;131m▀[38;2;39;61;131m[48;2;39;62;132m▃[38;2;39;62;132m[48;2;40;61;131m▀[38;2;40;62;131m[48;2;40;62;131m▔[38;2;39;62;131m[48;2;40;62;131m▔[38;2;41;61;130m[48;2;40;61;130m▂[38;2;40;61;130m[48;2;40;62;130m▖[38;2;39;62;131m[48;2;40;62;130m▔[38;2;40;62;130m[48;2;40;62;131m▏[38;2;40;62;131m[48;2;39;62;131m▁[38;2;39;63;132m[48;2;39;62;131m▔[38;2;39;62;130m[48;2;39;62;131m▂[38;2;39;63;131m[48;2;39;62;131m▔[38;2;39;63;132m[48;2;39;62;131m▝[38;2;39;62;131m[48;2;39;63;132m▅[38;2;39;63;132m[48;2;39;63;131m▝[38;2;39;63;131m[48;2;38;63;131m▃[38;2;39;62;131m[48;2;38;63;131m▖[38;2;38;62;131m[48;2;38;63;131m▁[38;2;36;61;130m[48;2;37;62;131m▗[38;2;145;157;197m[48;2;31;55;123m▕[38;2;221;227;238m[48;2;211;217;231m▍[38;2;211;217;231m[48;2;209;215;229m▀[38;2;211;216;231m[48;2;210;215;230m▀[38;2;209;214;230m[48;2;211;216;231m▃[38;2;209;214;229m[48;2;211;217;230m▅[38;2;209;214;228m[48;2;211;216;230m▅[38;2;211;216;231m[48;2;208;214;228m▀[38;2;213;218;231m[48;2;209;214;229m▀[38;2;210;214;230m[48;2;214;219;232m▃[38;2;217;221;233m[48;2;213;218;231m▀[38;2;215;219;232m[48;2;219;224;234m▃[38;2;217;221;234m[48;2;221;225;235m▃[38;2;220;223;234m[48;2;223;226;236m▃[38;2;225;228;237m[48;2;221;224;234m▀[38;2;222;225;235m[48;2;225;228;237m▃[38;2;223;227;236m[48;2;226;228;236m▃[38;2;224;227;236m[48;2;226;229;237m▅[38;2;223;227;236m[48;2;225;228;236m▃[38;2;222;227;235m[48;2;224;228;235m▃[38;2;221;226;234m[48;2;223;227;236m▁[38;2;221;225;235m[48;2;222;227;235m▃[38;2;221;226;235m[48;2;220;224;235m▀[38;2;217;221;233m[48;2;219;223;234m▗[38;2;217;222;232m[48;2;214;219;230m▀[38;2;162;175;204m[48;2;214;218;230m▗[38;2;185;192;215m[48;2;163;175;205m▘[38;2;167;178;206m[48;2;165;177;206m▗[38;2;171;180;208m[48;2;168;179;205m▐[38;2;178;186;210m[48;2;175;183;209m▐[38;2;182;188;211m[48;2;185;190;212m▍[38;2;188;192;213m[48;2;190;195;214m▍[38;2;191;195;215m[48;2;193;197;216m▏[38;2;196;200;219m[48;2;196;200;218m▐[38;2;200;204;221m[48;2;198;202;219m▝[38;2;223;224;231m[48;2;253;253;253m▏[38;2;245;245;246m[48;2;255;255;255m▍[38;2;255;255;255m[48;2;255;255;255m▔[0m
[38;2;52;26;36m[48;2;255;255;255m▏[38;2;255;255;255m[48;2;255;255;255m▔[38;2;255;255;255m[48;2;255;255;255m▔[38;2;255;255;255m[48;2;147;151;176m▊[38;2;36;53;124m[48;2;42;59;126m▍[38;2;41;61;124m[48;2;41;60;122m▀[38;2;42;60;123m[48;2;41;61;125m▆[38;2;42;59;124m[48;2;42;60;126m▃[38;2;42;60;125m[48;2;42;61;128m▅[38;2;42;61;128m[48;2;42;60;126m▀[38;2;41;61;128m[48;2;41;60;127m▀[38;2;42;60;127m[48;2;41;61;129m▂[38;2;41;60;129m[48;2;41;61;130m▅[38;2;41;61;130m[48;2;41;60;129m▀[38;2;41;60;129m[48;2;41;61;130m▂[38;2;41;60;129m[48;2;41;61;130m▖[38;2;40;61;131m[48;2;41;60;130m▝[38;2;40;61;131m[48;2;41;60;130m▀[38;2;41;60;130m[48;2;40;61;131m▂[38;2;40;61;130m[48;2;40;61;131m▅[38;2;40;60;130m[48;2;40;61;131m▃[38;2;40;60;130m[48;2;40;61;131m▃[38;2;39;59;129m[48;2;39;60;131m▃[38;2;39;60;129m[48;2;39;60;130m▆[38;2;40;59;128m[48;2;39;60;130m▂[38;2;40;60;129m[48;2;39;60;130m▅[38;2;41;60;128m[48;2;40;61;130m▂[38;2;41;60;129m[48;2;40;61;130m▃[38;2;41;60;129m[48;2;41;61;130m▃[38;2;41;60;129m[48;2;41;61;130m▂[38;2;40;60;129m[48;2;41;61;130m▁[38;2;40;60;129m[48;2;40;61;130m▃[38;2;40;60;129m[48;2;40;61;130m▂[38;2;40;60;129m[48;2;40;61;130m▂[38;2;40;60;129m[48;2;40;61;130m▃[38;2;40;61;129m[48;2;40;61;130m▁[38;2;40;61;129m[48;2;40;62;130m▂[38;2;40;61;129m[48;2;40;62;130m▂[38;2;40;62;131m[48;2;40;61;130m▕[38;2;40;62;130m[48;2;40;62;131m▊[38;2;40;61;130m[48;2;40;62;131m▁[38;2;40;62;130m[48;2;40;63;131m▆[38;2;39;61;130m[48;2;38;62;131m▃[38;2;37;60;129m[48;2;37;60;130m▅[38;2;134;145;191m[48;2;34;55;125m▕[38;2;214;220;234m[48;2;206;212;227m▍[38;2;200;207;224m[48;2;206;212;227m▃[38;2;201;207;224m[48;2;207;212;227m▃[38;2;200;206;223m[48;2;206;211;227m▃[38;2;200;205;223m[48;2;205;211;227m▃[38;2;199;204;222m[48;2;204;210;226m▃[38;2;205;210;227m[48;2;200;205;222m▀[38;2;201;206;223m[48;2;205;210;227m▃[38;2;203;208;225m[48;2;207;212;228m▃[38;2;204;209;226m[48;2;208;213;229m▃[38;2;205;210;226m[48;2;210;215;229m▃[38;2;213;218;231m[48;2;207;212;227m▀[38;2;215;219;231m[48;2;209;214;229m▀[38;2;211;216;230m[48;2;216;220;232m▃[38;2;219;223;234m[48;2;214;218;231m▀[38;2;216;220;233m[48;2;220;223;234m▃[38;2;217;221;232m[48;2;221;224;235m▃[38;2;219;223;234m[48;2;221;226;235m▅[38;2;218;223;234m[48;2;221;225;234m▅[38;2;220;225;234m[48;2;217;222;233m▀[38;2;215;220;231m[48;2;218;223;233m▂[38;2;217;222;232m[48;2;214;218;230m▀[38;2;210;214;228m[48;2;213;217;230m▁[38;2;212;217;230m[48;2;163;175;204m▀[38;2;163;176;204m[48;2;163;176;204m▔[38;2;166;178;204m[48;2;164;176;205m▗[38;2;170;180;206m[48;2;167;178;205m▐[38;2;177;184;209m[48;2;173;181;207m▐[38;2;179;186;210m[48;2;183;189;211m▘[38;2;186;191;212m[48;2;188;193;213m▘[38;2;190;194;215m[48;2;191;196;215m▍[38;2;193;197;216m[48;2;193;197;216m▔[38;2;195;199;218m[48;2;193;197;217m▀[38;2;193;197;216m[48;2;195;199;217m▃[38;2;225;226;233m[48;2;253;253;253m▏[38;2;241;241;241m[48;2;255;255;255m▏[38;2;255;255;255m[48;2;255;255;255m▔[0m
[38;2;52;26;36m[48;2;255;255;255m▏[38;2;255;255;255m[48;2;255;255;255m▔[38;2;255;255;255m[48;2;255;255;255m▔[38;2;255;255;255m[48;2;145;149;173m▊[38;2;35;50;120m[48;2;43;60;121m▍[38;2;42;59;118m[48;2;42;60;121m▅[38;2;42;59;121m[48;2;42;59;119m▀[38;2;42;59;122m[48;2;42;58;120m▀[38;2;42;59;123m[48;2;42;58;120m▀[38;2;42;58;121m[48;2;42;59;124m▃[38;2;42;58;124m[48;2;41;58;122m▀[38;2;41;59;123m[48;2;41;59;126m▅[38;2;41;59;124m[48;2;41;60;127m▅[38;2;41;60;127m[48;2;41;59;126m▀[38;2;41;60;127m[48;2;41;59;127m▀[38;2;41;60;128m[48;2;41;60;126m▀[38;2;41;60;128m[48;2;41;59;127m▀[38;2;42;60;128m[48;2;42;60;129m▆[38;2;42;59;126m[48;2;41;60;128m▃[38;2;41;60;128m[48;2;42;59;126m▀[38;2;42;59;126m[48;2;40;59;128m▃[38;2;40;59;128m[48;2;41;59;126m▀[38;2;40;59;128m[48;2;41;58;125m▀[38;2;40;59;127m[48;2;41;58;126m▀[38;2;40;59;127m[48;2;41;59;126m▀[38;2;41;59;126m[48;2;41;59;127m▆[38;2;41;59;125m[48;2;41;60;127m▃[38;2;41;60;127m[48;2;41;59;126m▀[38;2;41;60;128m[48;2;41;59;125m▀[38;2;40;58;125m[48;2;41;60;127m▂[38;2;40;58;125m[48;2;40;60;128m▃[38;2;41;58;125m[48;2;40;59;128m▃[38;2;40;58;124m[48;2;40;59;127m▂[38;2;41;59;126m[48;2;40;60;128m▅[38;2;41;59;126m[48;2;40;60;128m▅[38;2;41;60;128m[48;2;40;59;127m▀[38;2;41;60;127m[48;2;40;61;128m▆[38;2;41;60;127m[48;2;40;60;129m▅[38;2;41;60;130m[48;2;41;60;127m▀[38;2;41;60;128m[48;2;41;61;129m▃[38;2;41;60;128m[48;2;40;61;129m▆[38;2;40;60;129m[48;2;40;61;129m▆[38;2;39;61;128m[48;2;40;60;127m▀[38;2;39;59;127m[48;2;38;59;128m▖[38;2;115;123;176m[48;2;34;56;123m▕[38;2;201;208;232m[48;2;188;196;217m▘[38;2;183;191;212m[48;2;192;198;219m▃[38;2;184;191;213m[48;2;193;198;218m▃[38;2;184;190;213m[48;2;193;198;219m▃[38;2;185;192;212m[48;2;192;197;217m▃[38;2;193;199;218m[48;2;187;193;213m▀[38;2;194;200;218m[48;2;189;194;214m▀[38;2;192;197;217m[48;2;197;202;220m▅[38;2;198;204;222m[48;2;193;198;218m▀[38;2;195;200;220m[48;2;200;205;223m▅[38;2;200;205;222m[48;2;195;200;219m▀[38;2;196;201;220m[48;2;202;207;223m▅[38;2;196;201;220m[48;2;204;209;224m▅[38;2;206;211;226m[48;2;196;201;220m▀[38;2;197;201;220m[48;2;208;213;228m▃[38;2;197;202;221m[48;2;209;213;229m▂[38;2;204;209;225m[48;2;211;216;231m▂[38;2;207;213;227m[48;2;214;218;233m▃[38;2;207;213;227m[48;2;214;219;232m▃[38;2;206;212;227m[48;2;213;218;230m▃[38;2;205;210;224m[48;2;211;216;229m▃[38;2;180;187;212m[48;2;210;213;227m▃[38;2;202;207;226m[48;2;166;178;206m▘[38;2;163;177;204m[48;2;164;177;205m▐[38;2;164;177;204m[48;2;165;177;204m▊[38;2;170;181;206m[48;2;166;178;204m▗[38;2;176;185;208m[48;2;172;182;206m▗[38;2;182;188;211m[48;2;179;187;210m▐[38;2;185;190;213m[48;2;186;190;213m▍[38;2;187;191;213m[48;2;189;193;214m▂[38;2;186;191;213m[48;2;190;194;214m▂[38;2;187;192;213m[48;2;191;194;215m▃[38;2;187;192;213m[48;2;191;195;215m▃[38;2;189;194;214m[48;2;187;192;213m▀[38;2;226;226;234m[48;2;253;253;253m▏[38;2;240;240;240m[48;2;255;255;255m▏[38;2;255;255;255m[48;2;255;255;255m▔[0m
[38;2;53;27;36m[48;2;255;255;255m▏[38;2;255;255;255m[48;2;255;255;255m▔[38;2;255;255;255m[48;2;255;255;255m▔[38;2;255;255;255m[48;2;141;145;168m▊[38;2;41;58;114m[48;2;41;58;118m▃[38;2;41;58;112m[48;2;41;58;115m▅[38;2;41;57;112m[48;2;42;58;115m▃[38;2;41;57;114m[48;2;42;58;118m▅[38;2;42;58;118m[48;2;40;56;114m▀[38;2;39;56;110m[48;2;41;57;117m▃[38;2;34;50;98m[48;2;40;57;114m▁[38;2;244;195;130m[48;2;40;58;117m▂[38;2;42;59;125m[48;2;244;196;125m▀[38;2;244;195;131m[48;2;42;58;121m▄[38;2;244;195;131m[48;2;42;58;121m▖[38;2;41;58;122m[48;2;42;59;124m▃[38;2;42;58;122m[48;2;42;59;125m▅[38;2;42;58;122m[48;2;42;60;125m▃[38;2;42;58;122m[48;2;42;59;125m▃[38;2;42;59;125m[48;2;42;58;122m▀[38;2;43;58;122m[48;2;42;58;124m▃[38;2;42;58;124m[48;2;42;57;122m▀[38;2;42;58;123m[48;2;41;58;124m▆[38;2;42;58;124m[48;2;42;58;122m▀[38;2;42;58;121m[48;2;43;58;124m▁[38;2;42;59;124m[48;2;42;58;122m▀[38;2;41;58;122m[48;2;41;58;124m▅[38;2;41;59;125m[48;2;41;58;123m▔[38;2;40;57;121m[48;2;40;58;124m▅[38;2;40;56;118m[48;2;40;57;123m▃[38;2;38;52;106m[48;2;39;57;119m▂[38;2;247;199;121m[48;2;40;57;122m▗[38;2;201;167;122m[48;2;41;55;124m▖[38;2;43;57;122m[48;2;42;58;123m▃[38;2;41;59;124m[48;2;42;58;121m▀[38;2;42;59;122m[48;2;41;58;125m▅[38;2;42;58;122m[48;2;41;59;125m▃[38;2;42;58;123m[48;2;42;59;125m▂[38;2;42;58;123m[48;2;42;58;125m▂[38;2;42;58;124m[48;2;42;59;126m▃[38;2;41;58;124m[48;2;41;59;126m▃[38;2;41;58;123m[48;2;41;59;126m▃[38;2;40;57;123m[48;2;41;59;125m▃[38;2;40;58;125m[48;2;40;58;124m▀[38;2;94;106;159m[48;2;40;57;123m▕[38;2;175;186;210m[48;2;168;179;204m▀[38;2;175;184;207m[48;2;166;176;203m▀[38;2;158;169;198m[48;2;172;182;206m▃[38;2;167;175;202m[48;2;239;197;156m▊[38;2;252;199;131m[48;2;178;187;212m▅[38;2;252;199;131m[48;2;180;188;213m▅[38;2;252;200;130m[48;2;182;189;214m▅[38;2;253;199;129m[48;2;185;192;216m▅[38;2;186;193;214m[48;2;177;187;213m▀[38;2;189;195;215m[48;2;180;189;212m▀[38;2;189;195;216m[48;2;181;188;212m▀[38;2;180;187;212m[48;2;188;193;215m▃[38;2;181;189;212m[48;2;188;194;215m▃[38;2;183;190;213m[48;2;190;196;216m▅[38;2;190;196;216m[48;2;183;190;213m▀[38;2;191;197;217m[48;2;183;190;213m▀[38;2;181;189;213m[48;2;190;196;217m▃[38;2;192;198;218m[48;2;181;189;212m▀[38;2;180;188;211m[48;2;196;202;221m▅[38;2;196;201;219m[48;2;176;184;209m▀[38;2;171;180;207m[48;2;194;199;217m▅[38;2;160;170;201m[48;2;169;180;208m▗[38;2;161;174;204m[48;2;174;165;181m▊[38;2;251;195;128m[48;2;161;176;206m▅[38;2;251;195;130m[48;2;164;177;207m▅[38;2;251;196;128m[48;2;168;181;208m▅[38;2;250;195;126m[48;2;174;183;211m▅[38;2;180;187;211m[48;2;175;183;211m▀[38;2;178;185;210m[48;2;182;187;211m▃[38;2;184;188;212m[48;2;179;185;209m▀[38;2;178;184;209m[48;2;182;187;211m▃[38;2;177;184;208m[48;2;182;188;211m▃[38;2;177;184;209m[48;2;182;188;211m▃[38;2;183;189;210m[48;2;177;183;209m▀[38;2;225;225;234m[48;2;253;253;253m▏[38;2;239;238;238m[48;2;255;255;255m▏[38;2;255;255;255m[48;2;255;255;255m▔[0m
[38;2;53;27;37m[48;2;255;255;255m▏[38;2;255;255;255m[48;2;255;255;255m▔[38;2;255;255;255m[48;2;255;255;255m▔[38;2;255;255;255m[48;2;142;147;168m▊[38;2;34;52;107m[48;2;40;57;108m▍[38;2;40;57;107m[48;2;38;57;103m▀[38;2;40;58;109m[48;2;38;56;103m▀[38;2;37;56;102m[48;2;40;55;109m▃[38;2;37;53;96m[48;2;38;55;106m▃[38;2;30;45;72m[48;2;36;51;96m▅[38;2;29;45;83m[48;2;245;196;133m▍[38;2;244;195;131m[48;2;244;194;132m▔[38;2;39;58;113m[48;2;244;197;132m▗[38;2;244;195;131m[48;2;42;58;121m▘[38;2;40;56;112m[48;2;42;57;117m▅[38;2;41;57;114m[48;2;42;57;118m▅[38;2;41;58;114m[48;2;42;58;118m▃[38;2;42;58;119m[48;2;41;57;115m▀[38;2;42;57;119m[48;2;41;57;114m▀[38;2;42;56;115m[48;2;42;58;119m▅[38;2;41;56;115m[48;2;42;57;119m▅[38;2;41;56;114m[48;2;42;57;119m▃[38;2;42;56;114m[48;2;42;58;119m▃[38;2;43;58;120m[48;2;42;57;116m▀[38;2;43;58;119m[48;2;42;57;117m▀[38;2;42;58;120m[48;2;41;57;116m▀[38;2;40;56;115m[48;2;41;58;119m▃[38;2;40;57;119m[48;2;40;56;114m▀[38;2;39;55;109m[48;2;40;56;116m▃[38;2;35;47;90m[48;2;38;54;107m▗[38;2;237;202;138m[48;2;28;41;79m▗[38;2;244;197;133m[48;2;244;197;128m▁[38;2;199;164;116m[48;2;245;196;129m▝[38;2;210;176;124m[48;2;42;57;118m▖[38;2;42;58;116m[48;2;42;58;118m▃[38;2;41;59;119m[48;2;41;57;115m▀[38;2;42;57;115m[48;2;42;58;120m▃[38;2;42;58;121m[48;2;42;57;117m▀[38;2;43;57;118m[48;2;42;58;122m▅[38;2;43;58;121m[48;2;42;56;117m▀[38;2;42;57;120m[48;2;43;56;117m▀[38;2;42;57;118m[48;2;42;58;121m▅[38;2;42;58;121m[48;2;42;57;117m▀[38;2;41;57;117m[48;2;41;57;121m▃[38;2;89;100;155m[48;2;40;56;116m▕[38;2;158;172;200m[48;2;152;167;198m▀[38;2;151;166;196m[48;2;156;170;199m▅[38;2;149;163;195m[48;2;133;152;189m▊[38;2;98;121;168m[48;2;247;199;130m▊[38;2;251;198;128m[48;2;251;197;130m▍[38;2;250;197;131m[48;2;242;194;134m▊[38;2;134;156;203m[48;2;252;198;124m▅[38;2;161;175;204m[48;2;252;198;121m▅[38;2;164;176;206m[48;2;171;179;208m▅[38;2;165;177;205m[48;2;172;182;207m▅[38;2;164;175;205m[48;2;172;181;208m▅[38;2;172;181;208m[48;2;164;175;204m▀[38;2;173;182;208m[48;2;164;176;204m▀[38;2;174;184;209m[48;2;165;176;204m▀[38;2;166;177;205m[48;2;175;184;209m▅[38;2;165;177;205m[48;2;174;184;209m▅[38;2;172;182;208m[48;2;164;176;205m▀[38;2;170;181;207m[48;2;162;174;203m▀[38;2;161;174;203m[48;2;169;180;206m▅[38;2;165;177;205m[48;2;158;172;201m▀[38;2;162;174;202m[48;2;154;169;199m▀[38;2;153;165;198m[48;2;133;152;189m▊[38;2;245;198;130m[48;2;103;131;184m▕[38;2;249;195;125m[48;2;250;194;128m▏[38;2;251;195;127m[48;2;248;193;132m▔[38;2;244;195;131m[48;2;145;160;195m▄[38;2;155;167;200m[48;2;250;196;121m▅[38;2;168;178;209m[48;2;159;171;202m▀[38;2;171;180;207m[48;2;161;173;202m▀[38;2;160;171;200m[48;2;171;179;206m▃[38;2;162;172;202m[48;2;172;179;206m▅[38;2;161;171;202m[48;2;171;179;207m▅[38;2;170;179;206m[48;2;160;171;201m▀[38;2;169;176;205m[48;2;158;168;201m▀[38;2;216;217;227m[48;2;253;253;253m▏[38;2;237;236;237m[48;2;255;255;255m▏[38;2;255;255;255m[48;2;255;255;255m▔[0m
[38;2;53;27;37m[48;2;255;255;255m▏[38;2;255;255;255m[48;2;255;255;255m▔[38;2;255;255;255m[48;2;255;255;255m▔[38;2;255;255;255m[48;2;147;150;169m▊[38;2;31;49;98m[48;2;37;55;98m▍[38;2;37;55;98m[48;2;36;53;93m▀[38;2;37;55;97m[48;2;36;53;93m▀[38;2;36;53;93m[48;2;37;55;98m▆[38;2;34;50;85m[48;2;35;52;92m▐[38;2;25;38;61m[48;2;30;43;69m▐[38;2;249;198;137m[48;2;25;36;58m▝[38;2;246;195;135m[48;2;246;194;134m▔[38;2;40;57;107m[48;2;245;195;137m▝[38;2;40;56;109m[48;2;244;193;135m▀[38;2;243;192;134m[48;2;38;56;112m▅[38;2;246;192;127m[48;2;41;57;111m▖[38;2;40;58;109m[48;2;36;55;101m▀[38;2;39;56;103m[48;2;40;57;109m▅[38;2;38;55;102m[48;2;40;56;109m▅[38;2;38;56;101m[48;2;39;55;110m▅[38;2;37;55;101m[48;2;41;56;111m▅[38;2;40;55;110m[48;2;38;54;102m▀[38;2;41;55;111m[48;2;39;55;103m▀[38;2;40;56;111m[48;2;39;56;103m▀[38;2;40;56;112m[48;2;38;55;104m▀[38;2;38;55;102m[48;2;41;56;111m▃[38;2;39;55;103m[48;2;40;56;111m▃[38;2;39;56;108m[48;2;36;53;99m▀[38;2;34;49;84m[48;2;37;53;98m▗[38;2;232;195;129m[48;2;27;28;41m▗[38;2;241;194;130m[48;2;241;194;130m▔[38;2;35;50;87m[48;2;244;195;131m▗[38;2;35;50;87m[48;2;244;195;131m▖[38;2;219;184;128m[48;2;239;194;128m▝[38;2;219;184;128m[48;2;42;57;113m▖[38;2;41;57;112m[48;2;41;57;106m▀[38;2;40;57;106m[48;2;41;56;111m▃[38;2;40;56;105m[48;2;41;56;111m▃[38;2;42;56;113m[48;2;40;56;106m▀[38;2;42;55;113m[48;2;41;56;107m▀[38;2;43;55;114m[48;2;40;55;109m▀[38;2;40;55;108m[48;2;42;56;114m▃[38;2;39;55;107m[48;2;41;56;113m▂[38;2;39;55;108m[48;2;40;56;113m▃[38;2;88;100;153m[48;2;36;51;111m▕[38;2;150;166;198m[48;2;146;161;193m▘[38;2;146;162;193m[48;2;143;159;192m▀[38;2;142;157;191m[48;2;128;147;185m▊[38;2;93;122;177m[48;2;238;198;144m▊[38;2;249;195;126m[48;2;249;196;130m▂[38;2;250;197;132m[48;2;250;197;129m▕[38;2;143;158;197m[48;2;250;198;129m▂[38;2;164;166;197m[48;2;152;167;200m▏[38;2;148;163;197m[48;2;156;170;201m▃[38;2;149;164;197m[48;2;158;170;201m▅[38;2;149;163;197m[48;2;157;170;201m▅[38;2;156;170;201m[48;2;148;163;197m▀[38;2;148;164;198m[48;2;157;171;201m▅[38;2;149;164;198m[48;2;157;171;202m▅[38;2;149;165;198m[48;2;158;171;202m▅[38;2;157;171;202m[48;2;148;164;199m▀[38;2;148;163;198m[48;2;156;170;202m▅[38;2;147;162;197m[48;2;155;169;200m▅[38;2;145;161;195m[48;2;153;167;200m▅[38;2;150;165;197m[48;2;142;159;193m▀[38;2;147;162;195m[48;2;139;157;191m▀[38;2;138;153;190m[48;2;118;139;181m▊[38;2;242;195;130m[48;2;93;120;174m▕[38;2;248;191;124m[48;2;248;192;128m▂[38;2;241;191;138m[48;2;247;192;131m▕[38;2;149;161;196m[48;2;247;193;128m▀[38;2;151;162;198m[48;2;248;193;127m▀[38;2;142;159;193m[48;2;151;164;198m▅[38;2;145;160;194m[48;2;152;165;197m▅[38;2;145;160;195m[48;2;152;165;197m▅[38;2;145;159;194m[48;2;153;164;198m▅[38;2;142;157;192m[48;2;150;163;197m▃[38;2;141;156;192m[48;2;149;162;196m▃[38;2;148;161;194m[48;2;141;154;192m▀[38;2;216;218;227m[48;2;252;252;252m▏[38;2;238;238;238m[48;2;255;255;255m▏[38;2;255;255;255m[48;2;255;255;255m▔[0m
[38;2;53;27;36m[48;2;255;255;255m▏[38;2;255;255;255m[48;2;255;255;255m▔[38;2;255;255;255m[48;2;255;255;255m▔[38;2;255;255;255m[48;2;149;152;165m▊[38;2;29;46;89m[48;2;35;50;91m▍[38;2;35;53;90m[48;2;34;50;86m▀[38;2;35;49;85m[48;2;36;52;89m▅[38;2;36;52;90m[48;2;35;49;85m▀[38;2;36;50;87m[48;2;37;51;89m▅[38;2;32;44;73m[48;2;35;48;84m▝[38;2;33;48;80m[48;2;26;36;58m▃[38;2;32;44;73m[48;2;244;195;131m█[38;2;34;46;77m[48;2;248;197;132m▅[38;2;245;193;130m[48;2;32;45;83m▀[38;2;37;51;90m[48;2;245;195;131m▅[38;2;32;44;73m[48;2;244;195;131m█[38;2;37;54;96m[48;2;36;52;91m▀[38;2;36;54;96m[48;2;36;52;91m▀[38;2;36;52;92m[48;2;37;54;96m▅[38;2;35;51;91m[48;2;36;54;96m▅[38;2;35;51;91m[48;2;36;53;96m▅[38;2;37;54;96m[48;2;36;52;91m▀[38;2;37;54;96m[48;2;36;52;91m▀[38;2;37;54;96m[48;2;36;52;91m▀[38;2;36;52;91m[48;2;37;54;95m▃[38;2;37;53;93m[48;2;37;54;97m▆[38;2;37;54;96m[48;2;35;52;91m▀[38;2;34;50;85m[48;2;35;52;90m▗[38;2;21;31;52m[48;2;32;44;74m▝[38;2;32;44;74m[48;2;240;192;127m▅[38;2;35;49;82m[48;2;243;196;127m▅[38;2;35;50;87m[48;2;244;195;131m█[38;2;35;50;87m[48;2;244;195;131m█[38;2;33;46;79m[48;2;241;190;125m▅[38;2;37;50;90m[48;2;238;191;127m▅[38;2;39;55;102m[48;2;37;52;94m▀[38;2;38;54;96m[48;2;39;56;101m▅[38;2;39;55;100m[48;2;38;54;96m▀[38;2;39;54;101m[48;2;37;53;96m▀[38;2;39;55;101m[48;2;37;54;96m▀[38;2;39;55;102m[48;2;38;52;96m▀[38;2;37;53;97m[48;2;39;55;103m▅[38;2;38;52;95m[48;2;38;55;100m▃[38;2;39;55;102m[48;2;37;52;95m▀[38;2;82;95;144m[48;2;37;54;97m▕[38;2;132;148;187m[48;2;141;157;191m▅[38;2;138;154;188m[48;2;130;147;184m▀[38;2;137;151;188m[48;2;128;147;184m▘[38;2;131;133;156m[48;2;111;133;178m▝[38;2;124;144;186m[48;2;249;193;123m▅[38;2;129;146;189m[48;2;250;197;117m▅[38;2;137;156;195m[48;2;130;149;189m▀[38;2;133;152;190m[48;2;141;158;195m▅[38;2;134;152;189m[48;2;142;157;194m▅[38;2;134;152;190m[48;2;142;158;194m▅[38;2;133;151;189m[48;2;139;156;193m▃[38;2;140;157;194m[48;2;134;153;190m▀[38;2;135;153;190m[48;2;141;158;194m▅[38;2;134;153;190m[48;2;141;158;194m▅[38;2;141;159;194m[48;2;133;151;189m▀[38;2;141;158;194m[48;2;133;151;189m▀[38;2;140;157;193m[48;2;131;150;188m▀[38;2;138;156;192m[48;2;131;150;188m▀[38;2;137;155;191m[48;2;130;149;186m▀[38;2;135;153;189m[48;2;128;147;184m▀[38;2;132;150;188m[48;2;125;144;182m▀[38;2;117;136;179m[48;2;126;145;182m▐[38;2;135;133;156m[48;2;99;123;170m▕[38;2;110;133;177m[48;2;248;191;120m▅[38;2;111;133;178m[48;2;248;193;122m▅[38;2;114;135;178m[48;2;249;193;123m▅[38;2;122;141;181m[48;2;249;193;122m▅[38;2;133;151;189m[48;2;126;145;184m▀[38;2;130;148;186m[48;2;138;154;191m▅[38;2;130;148;186m[48;2;137;153;191m▅[38;2;130;148;185m[48;2;137;153;189m▅[38;2;129;147;185m[48;2;136;152;189m▅[38;2;134;151;188m[48;2;128;146;184m▀[38;2;127;143;183m[48;2;134;150;187m▅[38;2;211;213;224m[48;2;252;252;252m▏[38;2;238;238;237m[48;2;255;255;255m▏[38;2;255;255;255m[48;2;255;255;255m▔[0m
[38;2;53;27;37m[48;2;255;255;255m▏[38;2;255;255;255m[48;2;255;255;255m▔[38;2;255;255;255m[48;2;255;255;255m▔[38;2;255;255;255m[48;2;148;149;163m▊[38;2;33;48;81m[48;2;28;44;83m▐[38;2;32;47;78m[48;2;33;49;81m▅[38;2;33;48;81m[48;2;32;47;78m▀[38;2;32;46;78m[48;2;34;48;81m▃[38;2;33;48;80m[48;2;34;48;82m▃[38;2;33;47;81m[48;2;34;49;83m▃[38;2;34;48;82m[48;2;34;48;82m▔[38;2;34;48;82m[48;2;33;47;81m▀[38;2;33;46;81m[48;2;34;49;83m▃[38;2;34;48;82m[48;2;35;50;85m▅[38;2;34;48;81m[48;2;35;49;84m▂[38;2;35;50;85m[48;2;34;48;82m▀[38;2;34;48;82m[48;2;35;50;86m▅[38;2;34;49;81m[48;2;35;50;86m▅[38;2;33;48;82m[48;2;35;50;87m▆[38;2;34;49;86m[48;2;33;49;81m▀[38;2;33;48;81m[48;2;35;50;86m▅[38;2;35;50;85m[48;2;33;48;80m▀[38;2;33;48;81m[48;2;34;50;85m▅[38;2;34;49;85m[48;2;33;48;81m▀[38;2;34;49;82m[48;2;35;50;87m▅[38;2;34;49;83m[48;2;35;51;88m▅[38;2;34;49;84m[48;2;35;51;88m▆[38;2;34;48;83m[48;2;35;50;87m▅[38;2;35;50;85m[48;2;33;48;82m▀[38;2;33;48;82m[48;2;35;50;85m▃[38;2;35;50;84m[48;2;34;48;83m▘[38;2;33;48;83m[48;2;34;49;83m▗[38;2;33;48;82m[48;2;33;49;83m▂[38;2;33;47;83m[48;2;34;49;84m▃[38;2;35;50;87m[48;2;33;48;84m▀[38;2;35;49;86m[48;2;36;51;89m▆[38;2;37;51;90m[48;2;34;49;86m▀[38;2;37;52;91m[48;2;36;50;87m▀[38;2;36;51;88m[48;2;37;52;93m▅[38;2;36;51;88m[48;2;37;52;92m▅[38;2;35;51;88m[48;2;37;52;92m▅[38;2;35;49;87m[48;2;36;51;92m▅[38;2;36;51;90m[48;2;34;50;87m▀[38;2;36;51;90m[48;2;33;49;87m▀[38;2;34;50;87m[48;2;34;50;87m▔[38;2;33;49;86m[48;2;129;145;185m▅[38;2;33;47;86m[48;2;127;145;183m▅[38;2;35;50;86m[48;2;126;144;183m▅[38;2;34;48;87m[48;2;126;144;184m▅[38;2;34;49;87m[48;2;126;145;186m▅[38;2;34;49;88m[48;2;129;147;188m▅[38;2;34;50;88m[48;2;130;147;187m▅[38;2;35;51;89m[48;2;130;148;187m▅[38;2;36;52;90m[48;2;131;148;186m▅[38;2;37;53;91m[48;2;132;149;187m▅[38;2;38;53;92m[48;2;132;151;186m▅[38;2;38;53;93m[48;2;132;151;189m▅[38;2;37;52;94m[48;2;132;151;187m▅[38;2;38;53;94m[48;2;131;149;186m▅[38;2;39;55;95m[48;2;131;149;186m▅[38;2;38;54;96m[48;2;130;148;186m▅[38;2;38;54;96m[48;2;130;148;185m▅[38;2;38;54;96m[48;2;128;148;184m▅[38;2;39;55;97m[48;2;127;145;183m▅[38;2;39;54;96m[48;2;126;144;182m▅[38;2;39;55;96m[48;2;123;142;182m▅[38;2;38;54;96m[48;2;119;139;179m▅[38;2;38;53;95m[48;2;119;139;179m▅[38;2;37;53;95m[48;2;116;137;181m▅[38;2;37;52;96m[48;2;117;138;181m▅[38;2;37;52;96m[48;2;118;139;181m▅[38;2;39;54;97m[48;2;123;141;181m▅[38;2;39;54;97m[48;2;125;144;183m▅[38;2;40;55;98m[48;2;126;144;182m▅[38;2;41;56;99m[48;2;127;145;182m▅[38;2;41;57;99m[48;2;128;145;181m▅[38;2;40;57;101m[48;2;125;144;181m▅[38;2;42;58;103m[48;2;125;144;181m▅[38;2;44;59;104m[48;2;125;142;181m▅[38;2;197;200;216m[48;2;252;253;253m▏[38;2;239;238;238m[48;2;255;255;255m▏[38;2;255;255;255m[48;2;255;255;255m▔[0m
[38;2;53;27;37m[48;2;255;255;255m▏[38;2;255;255;255m[48;2;255;255;255m▔[38;2;255;255;254m[48;2;255;255;255m▕[38;2;41;47;82m[48;2;255;255;255m▕[38;2;27;40;77m[48;2;32;47;78m▍[38;2;32;47;77m[48;2;31;46;75m▀[38;2;32;45;76m[48;2;31;45;75m▀[38;2;32;46;77m[48;2;31;45;76m▀[38;2;32;46;78m[48;2;31;46;77m▝[38;2;32;46;79m[48;2;32;46;77m▀[38;2;32;47;78m[48;2;33;46;81m▅[38;2;32;45;76m[48;2;32;46;79m▂[38;2;33;46;79m[48;2;34;47;79m▔[38;2;179;148;133m[48;2;33;47;78m▖[38;2;34;46;77m[48;2;34;47;79m▁[38;2;32;46;76m[48;2;33;47;78m▂[38;2;33;47;78m[48;2;33;46;76m▀[38;2;68;63;84m[48;2;33;47;79m▕[38;2;246;194;132m[48;2;33;48;79m▃[38;2;246;191;129m[48;2;33;48;79m▃[38;2;246;190;128m[48;2;33;47;78m▃[38;2;243;190;129m[48;2;33;48;79m▃[38;2;242;186;127m[48;2;32;48;79m▃[38;2;245;191;126m[48;2;32;46;81m▂[38;2;246;192;128m[48;2;33;48;81m▁[38;2;32;48;83m[48;2;33;48;80m▁[38;2;35;49;81m[48;2;34;48;80m▁[38;2;33;48;77m[48;2;33;47;79m▆[38;2;32;47;78m[48;2;33;47;80m▆[38;2;32;48;78m[48;2;33;47;79m▃[38;2;33;48;81m[48;2;33;47;79m▔[38;2;33;48;81m[48;2;32;47;78m▀[38;2;33;47;78m[48;2;33;47;80m▂[38;2;39;50;80m[48;2;34;47;79m▁[38;2;73;63;76m[48;2;33;47;80m▖[38;2;34;48;80m[48;2;35;49;83m▅[38;2;33;48;79m[48;2;35;49;82m▅[38;2;35;49;83m[48;2;34;48;80m▀[38;2;42;48;80m[48;2;34;48;80m▕[38;2;247;191;128m[48;2;35;50;86m▃[38;2;246;192;124m[48;2;34;48;85m▃[38;2;247;193;124m[48;2;34;48;85m▃[38;2;247;194;124m[48;2;35;49;85m▃[38;2;248;195;124m[48;2;34;48;85m▃[38;2;249;194;127m[48;2;31;46;84m▃[38;2;249;194;127m[48;2;34;49;85m▃[38;2;250;196;128m[48;2;34;49;84m▂[38;2;71;67;91m[48;2;34;48;85m▁[38;2;34;50;85m[48;2;34;49;85m▕[38;2;221;129;70m[48;2;33;49;83m▃[38;2;245;169;106m[48;2;34;50;86m▃[38;2;247;186;120m[48;2;34;49;85m▃[38;2;247;190;120m[48;2;35;50;89m▃[38;2;250;195;117m[48;2;36;52;88m▂[38;2;32;49;86m[48;2;34;50;86m▖[38;2;35;51;86m[48;2;33;50;86m▀[38;2;88;80;89m[48;2;35;51;87m▁[38;2;243;193;137m[48;2;35;51;88m▂[38;2;247;193;120m[48;2;35;52;90m▃[38;2;241;189;113m[48;2;37;54;91m▃[38;2;35;51;88m[48;2;36;52;90m▖[38;2;35;52;89m[48;2;37;53;92m▅[38;2;35;51;89m[48;2;37;53;93m▅[38;2;37;52;91m[48;2;37;53;94m▅[38;2;37;52;90m[48;2;39;54;94m▆[38;2;36;52;90m[48;2;39;54;94m▅[38;2;38;53;93m[48;2;36;51;88m▀[38;2;37;53;92m[48;2;35;51;88m▀[38;2;37;52;92m[48;2;35;50;86m▀[38;2;90;88;104m[48;2;37;51;89m▗[38;2;38;52;92m[48;2;37;50;88m▔[38;2;35;49;84m[48;2;36;51;90m▂[38;2;36;50;85m[48;2;37;52;91m▃[38;2;38;52;92m[48;2;36;50;87m▀[38;2;39;53;93m[48;2;36;51;88m▀[38;2;37;52;89m[48;2;39;55;94m▅[38;2;37;53;90m[48;2;39;56;95m▅[38;2;37;54;92m[48;2;39;57;97m▅[38;2;59;68;105m[48;2;38;55;99m▕[38;2;203;207;216m[48;2;251;251;251m▏[38;2;239;238;239m[48;2;255;255;255m▏[38;2;255;255;255m[48;2;255;255;255m▔[0m
[38;2;53;27;37m[48;2;255;255;255m▏[38;2;255;255;255m[48;2;255;255;255m▔[38;2;254;254;254m[48;2;255;255;254m▗[38;2;43;48;81m[48;2;255;255;255m▕[38;2;26;40;74m[48;2;30;43;75m▍[38;2;29;43;72m[48;2;30;44;73m▂[38;2;30;43;72m[48;2;30;43;73m▍[38;2;31;44;74m[48;2;31;44;74m▔[38;2;31;44;74m[48;2;31;45;75m▂[38;2;31;46;76m[48;2;31;44;75m▘[38;2;31;45;74m[48;2;32;45;77m▅[38;2;28;41;71m[48;2;32;45;75m▗[38;2;31;45;77m[48;2;242;200;140m▘[38;2;246;193;127m[48;2;246;193;127m▔[38;2;236;190;125m[48;2;32;45;80m▖[38;2;32;46;76m[48;2;32;45;74m▏[38;2;31;45;72m[48;2;32;45;74m▅[38;2;27;41;74m[48;2;228;185;136m▊[38;2;249;196;134m[48;2;246;193;132m▍[38;2;247;194;135m[48;2;246;194;133m▐[38;2;247;195;135m[48;2;246;194;136m▆[38;2;247;195;136m[48;2;248;196;136m▍[38;2;248;196;136m[48;2;248;196;136m▔[38;2;248;196;136m[48;2;248;195;135m▆[38;2;248;195;136m[48;2;247;191;129m▆[38;2;171;137;121m[48;2;247;195;136m▔[38;2;247;194;135m[48;2;33;48;81m▅[38;2;167;137;113m[48;2;34;48;77m▖[38;2;33;48;78m[48;2;32;47;76m▁[38;2;31;46;75m[48;2;31;46;75m▔[38;2;30;45;74m[48;2;31;46;77m▆[38;2;31;44;74m[48;2;31;46;76m▂[38;2;34;47;77m[48;2;32;45;75m▕[38;2;34;45;77m[48;2;244;192;131m▘[38;2;39;41;69m[48;2;245;192;132m▝[38;2;33;47;77m[48;2;34;48;80m▕[38;2;33;48;78m[48;2;32;47;76m▔[38;2;33;47;78m[48;2;32;46;76m▐[38;2;237;193;134m[48;2;32;47;80m▕[38;2;249;195;132m[48;2;247;194;133m▍[38;2;246;194;133m[48;2;247;194;134m▍[38;2;247;193;134m[48;2;247;194;136m▔[38;2;248;193;133m[48;2;247;194;135m▔[38;2;247;193;134m[48;2;247;194;134m▂[38;2;247;193;132m[48;2;247;193;133m▁[38;2;248;193;131m[48;2;248;193;134m▔[38;2;250;192;126m[48;2;248;194;134m▔[38;2;245;188;124m[48;2;248;194;134m▔[38;2;248;194;133m[48;2;30;48;81m▅[38;2;222;134;75m[48;2;193;103;56m▔[38;2;217;129;73m[48;2;236;165;105m▖[38;2;240;177;115m[48;2;242;182;122m▖[38;2;245;186;126m[48;2;246;189;127m▖[38;2;250;191;125m[48;2;98;80;86m▊[38;2;214;123;66m[48;2;27;50;91m▗[38;2;239;172;108m[48;2;29;51;86m▆[38;2;245;182;122m[48;2;245;182;122m▔[38;2;248;192;127m[48;2;246;191;129m▔[38;2;247;191;126m[48;2;246;193;129m▔[38;2;248;193;126m[48;2;44;45;76m▊[38;2;27;44;84m[48;2;33;49;84m▏[38;2;33;49;83m[48;2;33;50;86m▅[38;2;33;48;84m[48;2;35;50;87m▅[38;2;35;50;88m[48;2;35;47;85m▀[38;2;34;48;85m[48;2;36;49;88m▅[38;2;34;49;84m[48;2;35;50;86m▃[38;2;34;48;83m[48;2;35;49;86m▂[38;2;34;49;85m[48;2;35;48;82m▀[38;2;76;65;77m[48;2;34;48;82m▗[38;2;103;90;93m[48;2;246;195;130m▘[38;2;29;43;83m[48;2;244;188;127m▝[38;2;33;47;78m[48;2;33;47;78m▔[38;2;33;47;78m[48;2;34;49;82m▆[38;2;34;48;82m[48;2;33;47;78m▀[38;2;33;47;80m[48;2;35;49;85m▆[38;2;34;49;84m[48;2;33;47;81m▀[38;2;35;50;85m[48;2;33;48;82m▀[38;2;35;50;85m[48;2;36;52;88m▅[38;2;63;69;106m[48;2;35;51;89m▕[38;2;208;210;220m[48;2;250;250;250m▏[38;2;239;237;238m[48;2;255;255;255m▏[38;2;255;255;255m[48;2;255;255;255m▔[0m
[38;2;53;28;37m[48;2;255;255;255m▏[38;2;255;255;255m[48;2;255;255;255m▔[38;2;254;254;254m[48;2;255;255;255m▐[38;2;47;50;82m[48;2;255;255;255m▕[38;2;26;37;71m[48;2;31;43;72m▍[38;2;29;43;71m[48;2;29;42;70m▀[38;2;29;42;70m[48;2;29;43;71m▖[38;2;30;43;71m[48;2;31;44;73m▂[38;2;30;42;72m[48;2;30;43;72m▏[38;2;30;43;72m[48;2;31;43;73m▅[38;2;28;41;70m[48;2;31;44;74m▗[38;2;251;199;135m[48;2;32;43;74m▗[38;2;247;195;134m[48;2;249;196;134m▕[38;2;246;194;134m[48;2;246;193;132m▅[38;2;220;178;120m[48;2;246;194;132m▝[38;2;196;158;117m[48;2;30;43;72m▖[38;2;30;44;71m[48;2;30;44;71m▔[38;2;26;42;73m[48;2;237;194;138m▊[38;2;248;194;131m[48;2;245;191;129m▍[38;2;245;191;130m[48;2;246;193;132m▃[38;2;246;194;134m[48;2;246;192;133m▀[38;2;247;194;134m[48;2;245;192;133m▀[38;2;203;161;121m[48;2;248;191;130m▗[38;2;92;80;90m[48;2;248;197;134m▁[38;2;249;196;134m[48;2;248;197;135m▖[38;2;247;197;135m[48;2;248;196;135m▃[38;2;247;195;135m[48;2;247;196;134m▀[38;2;248;195;131m[48;2;248;195;131m▔[38;2;249;203;127m[48;2;32;47;82m▖[38;2;31;45;76m[48;2;30;44;73m▖[38;2;30;43;72m[48;2;30;44;72m▁[38;2;32;44;75m[48;2;31;44;74m▕[38;2;30;43;74m[48;2;248;195;131m▘[38;2;247;194;132m[48;2;245;193;131m▅[38;2;246;194;134m[48;2;245;192;131m▅[38;2;34;47;83m[48;2;247;193;133m▝[38;2;32;47;80m[48;2;32;47;76m▁[38;2;31;46;78m[48;2;32;47;75m▕[38;2;27;45;78m[48;2;237;190;130m▊[38;2;249;194;133m[48;2;246;192;131m▘[38;2;246;191;132m[48;2;246;193;133m▃[38;2;246;192;134m[48;2;246;193;134m▅[38;2;245;190;132m[48;2;246;192;134m▅[38;2;26;45;83m[48;2;247;193;132m▗[38;2;249;193;128m[48;2;30;46;80m▀[38;2;27;46;82m[48;2;247;193;132m▃[38;2;251;196;132m[48;2;248;194;132m▖[38;2;248;194;133m[48;2;247;194;133m▘[38;2;248;194;133m[48;2;247;194;133m▔[38;2;175;88;46m[48;2;251;197;133m▐[38;2;223;137;78m[48;2;191;101;53m▐[38;2;236;163;103m[48;2;241;177;116m▍[38;2;243;183;123m[48;2;245;186;126m▍[38;2;245;187;126m[48;2;179;94;51m▊[38;2;209;117;63m[48;2;179;91;41m▐[38;2;239;170;111m[48;2;229;147;86m▐[38;2;241;178;118m[48;2;245;184;124m▍[38;2;244;187;125m[48;2;246;189;128m▃[38;2;231;185;126m[48;2;244;190;127m▁[38;2;245;191;126m[48;2;33;44;78m▊[38;2;30;44;76m[48;2;32;46;78m▂[38;2;31;45;76m[48;2;32;47;79m▃[38;2;33;46;81m[48;2;32;46;78m▀[38;2;31;45;79m[48;2;33;47;82m▅[38;2;33;47;81m[48;2;33;48;83m▆[38;2;33;47;82m[48;2;32;46;79m▀[38;2;34;47;78m[48;2;33;48;81m▂[38;2;40;42;73m[48;2;33;47;80m▗[38;2;49;49;72m[48;2;248;192;129m▘[38;2;245;190;131m[48;2;245;190;130m▁[38;2;246;192;127m[48;2;244;188;130m▝[38;2;30;43;83m[48;2;243;199;122m▝[38;2;31;45;73m[48;2;32;45;75m▕[38;2;31;45;74m[48;2;31;46;75m▅[38;2;31;45;75m[48;2;32;46;77m▆[38;2;32;46;78m[48;2;32;44;75m▀[38;2;31;46;76m[48;2;33;46;79m▂[38;2;32;46;79m[48;2;34;48;82m▃[38;2;61;67;102m[48;2;34;48;81m▕[38;2;212;213;220m[48;2;250;250;250m▏[38;2;240;239;239m[48;2;255;255;255m▏[38;2;255;255;255m[48;2;255;255;255m▔[0m
[38;2;53;27;37m[48;2;255;255;255m▏[38;2;255;255;255m[48;2;255;255;255m▔[38;2;255;255;255m[48;2;254;254;253m▍[38;2;49;50;83m[48;2;255;255;255m▕[38;2;28;41;68m[48;2;25;36;69m▐[38;2;28;40;67m[48;2;28;42;68m▆[38;2;28;42;69m[48;2;28;41;67m▀[38;2;28;40;67m[48;2;29;42;70m▃[38;2;29;42;70m[48;2;28;41;69m▀[38;2;28;39;68m[48;2;30;43;72m▗[38;2;251;200;135m[48;2;30;41;69m▗[38;2;248;196;133m[48;2;249;196;134m▁[38;2;248;196;133m[48;2;248;195;134m▏[38;2;247;196;135m[48;2;247;195;135m▁[38;2;247;195;134m[48;2;247;194;133m▆[38;2;133;103;86m[48;2;248;202;130m▝[38;2;79;66;71m[48;2;28;40;72m▖[38;2;25;42;73m[48;2;232;170;112m▊[38;2;242;181;119m[48;2;246;186;124m▃[38;2;244;186;125m[48;2;244;188;128m▖[38;2;245;190;131m[48;2;244;189;129m▀[38;2;245;191;132m[48;2;245;191;130m▝[38;2;28;47;85m[48;2;249;195;128m▐[38;2;31;48;85m[48;2;30;45;74m▔[38;2;248;203;138m[48;2;25;41;75m▐[38;2;250;197;134m[48;2;247;195;133m▖[38;2;247;196;133m[48;2;247;197;134m▆[38;2;246;194;131m[48;2;247;195;133m▐[38;2;246;197;130m[48;2;95;79;82m▊[38;2;27;43;77m[48;2;31;45;74m▍[38;2;32;45;71m[48;2;30;44;71m▁[38;2;29;43;75m[48;2;249;193;129m▘[38;2;251;196;131m[48;2;248;194;130m▘[38;2;247;193;133m[48;2;248;193;132m▐[38;2;246;194;134m[48;2;246;194;134m▔[38;2;246;194;132m[48;2;246;194;133m▕[38;2;30;44;81m[48;2;247;201;128m▝[38;2;33;47;83m[48;2;32;47;78m▏[38;2;29;42;72m[48;2;235;173;115m▊[38;2;244;182;121m[48;2;244;187;128m▖[38;2;245;188;128m[48;2;245;190;130m▖[38;2;245;189;132m[48;2;246;190;133m▖[38;2;247;191;133m[48;2;245;190;134m▃[38;2;29;47;84m[48;2;248;192;135m▝[38;2;32;48;81m[48;2;252;196;131m▀[38;2;251;195;135m[48;2;28;46;83m▅[38;2;253;197;135m[48;2;249;195;134m▘[38;2;248;194;134m[48;2;248;194;133m▏[38;2;248;195;132m[48;2;248;194;133m▕[38;2;165;80;42m[48;2;250;196;134m▐[38;2;213;125;69m[48;2;185;95;51m▐[38;2;232;154;93m[48;2;238;170;111m▍[38;2;245;184;124m[48;2;244;181;120m▐[38;2;248;190;126m[48;2;181;107;67m▊[38;2;204;112;56m[48;2;173;84;41m▐[38;2;235;164;104m[48;2;225;140;78m▐[38;2;241;175;114m[48;2;242;182;121m▁[38;2;28;42;70m[48;2;244;186;124m▅[38;2;60;58;81m[48;2;29;42;70m▔[38;2;33;43;78m[48;2;30;42;72m▔[38;2;30;42;73m[48;2;30;43;73m▊[38;2;29;43;73m[48;2;30;44;74m▂[38;2;31;45;76m[48;2;30;45;75m▀[38;2;31;45;76m[48;2;32;46;78m▅[38;2;30;44;74m[48;2;31;45;77m▂[38;2;32;46;77m[48;2;31;45;75m▀[38;2;31;44;75m[48;2;31;44;75m▔[38;2;31;39;71m[48;2;249;191;129m▘[38;2;247;191;128m[48;2;246;190;128m▔[38;2;245;190;131m[48;2;246;190;130m▐[38;2;244;190;130m[48;2;245;190;131m▔[38;2;246;194;127m[48;2;244;191;131m▝[38;2;247;193;129m[48;2;31;44;76m▖[38;2;29;43;78m[48;2;31;44;72m▖[38;2;29;43;70m[48;2;30;44;72m▃[38;2;29;44;71m[48;2;31;45;74m▅[38;2;30;44;72m[48;2;31;44;74m▃[38;2;30;44;73m[48;2;31;45;76m▅[38;2;55;59;93m[48;2;32;46;76m▕[38;2;209;209;216m[48;2;251;250;251m▏[38;2;242;241;241m[48;2;255;255;255m▏[38;2;255;255;255m[48;2;255;255;255m▔[0m
[38;2;53;27;37m[48;2;255;255;255m▏[38;2;255;255;255m[48;2;255;255;255m▔[38;2;255;255;255m[48;2;254;254;253m▍[38;2;53;52;84m[48;2;254;254;254m▕[38;2;25;37;68m[48;2;29;41;68m▍[38;2;28;40;66m[48;2;28;40;65m▍[38;2;27;39;65m[48;2;27;39;65m▔[38;2;28;41;67m[48;2;28;39;66m▔[38;2;29;40;67m[48;2;29;39;67m▘[38;2;251;199;135m[48;2;31;41;69m▗[38;2;249;196;134m[48;2;249;196;134m▔[38;2;248;195;135m[48;2;248;196;134m▗[38;2;248;196;135m[48;2;248;195;135m▏[38;2;247;195;136m[48;2;248;195;135m▝[38;2;248;194;134m[48;2;247;195;135m▁[38;2;247;194;133m[48;2;247;194;134m▕[38;2;46;42;63m[48;2;249;195;130m▝[38;2;24;40;74m[48;2;213;131;79m▊[38;2;234;152;93m[48;2;242;171;110m▖[38;2;241;176;114m[48;2;244;182;122m▖[38;2;245;184;124m[48;2;244;186;127m▖[38;2;246;190;129m[48;2;245;188;128m▐[38;2;23;38;70m[48;2;247;192;126m▐[38;2;27;40;69m[48;2;248;193;132m█[38;2;23;37;70m[48;2;250;194;133m▘[38;2;251;197;136m[48;2;249;195;135m▏[38;2;248;194;134m[48;2;248;195;134m▆[38;2;245;194;130m[48;2;246;193;132m▝[38;2;245;197;129m[48;2;57;54;73m▊[38;2;31;45;72m[48;2;30;44;74m▕[38;2;28;43;73m[48;2;240;170;109m▘[38;2;249;190;128m[48;2;245;185;124m▀[38;2;246;187;128m[48;2;246;190;129m▃[38;2;246;190;129m[48;2;246;192;131m▖[38;2;247;192;133m[48;2;246;193;133m▖[38;2;246;193;133m[48;2;247;194;133m▀[38;2;248;194;130m[48;2;247;194;133m▔[38;2;30;40;75m[48;2;249;193;133m▝[38;2;29;47;82m[48;2;182;132;103m▊[38;2;224;145;89m[48;2;240;174;114m▖[38;2;242;178;118m[48;2;244;184;125m▖[38;2;244;186;125m[48;2;246;188;129m▖[38;2;246;189;129m[48;2;247;191;132m▃[38;2;248;193;133m[48;2;248;191;129m▀[38;2;249;192;128m[48;2;249;194;133m▃[38;2;248;193;129m[48;2;249;194;133m▂[38;2;248;193;131m[48;2;249;194;133m▃[38;2;249;194;133m[48;2;249;194;133m▔[38;2;249;195;134m[48;2;249;194;134m▐[38;2;167;81;42m[48;2;249;195;133m▝[38;2;211;121;65m[48;2;183;93;49m▕[38;2;222;136;77m[48;2;236;162;99m▍[38;2;243;175;113m[48;2;245;183;120m▖[38;2;247;188;124m[48;2;172;94;59m▊[38;2;202;108;55m[48;2;170;81;40m▐[38;2;234;163;101m[48;2;224;138;75m▐[38;2;243;175;114m[48;2;93;83;89m▊[38;2;28;42;69m[48;2;29;42;71m▕[38;2;29;41;68m[48;2;28;42;69m▅[38;2;28;41;67m[48;2;28;42;69m▃[38;2;28;42;67m[48;2;29;42;69m▆[38;2;29;43;70m[48;2;29;43;69m▀[38;2;27;40;69m[48;2;29;43;70m▂[38;2;30;42;70m[48;2;30;43;70m▃[38;2;29;42;69m[48;2;30;44;72m▆[38;2;30;43;71m[48;2;29;42;68m▁[38;2;27;41;71m[48;2;242;173;108m▘[38;2;243;177;115m[48;2;247;186;122m▂[38;2;246;187;127m[48;2;245;184;124m▀[38;2;245;187;128m[48;2;245;188;128m▁[38;2;244;190;131m[48;2;245;190;130m▐[38;2;245;191;132m[48;2;244;191;130m▆[38;2;245;191;131m[48;2;246;192;129m▏[38;2;249;197;127m[48;2;31;36;67m▖[38;2;30;42;71m[48;2;28;41;67m▍[38;2;28;42;68m[48;2;26;40;64m▀[38;2;28;42;68m[48;2;26;39;64m▀[38;2;30;40;69m[48;2;27;39;65m▀[38;2;41;44;75m[48;2;27;39;70m▕[38;2;195;194;202m[48;2;252;251;252m▏[38;2;243;242;242m[48;2;255;255;255m▏[38;2;255;255;255m[48;2;255;255;255m▔[0m
[38;2;53;27;37m[48;2;255;255;255m▏[38;2;255;255;255m[48;2;255;255;255m▔[38;2;255;255;255m[48;2;254;253;253m▍[38;2;51;51;82m[48;2;254;254;253m▕[38;2;23;35;64m[48;2;26;38;65m▍[38;2;27;39;63m[48;2;26;37;63m▀[38;2;27;38;64m[48;2;26;38;63m▀[38;2;28;38;63m[48;2;28;38;65m▗[38;2;252;200;136m[48;2;29;40;65m▗[38;2;249;196;135m[48;2;249;196;135m▔[38;2;248;194;134m[48;2;248;195;134m▗[38;2;248;194;135m[48;2;247;194;134m▀[38;2;246;192;133m[48;2;247;194;134m▗[38;2;248;195;134m[48;2;248;195;133m▔[38;2;248;195;132m[48;2;248;194;133m▃[38;2;248;194;133m[48;2;248;194;132m▘[38;2;248;193;132m[48;2;247;193;131m▕[38;2;137;89;81m[48;2;249;193;132m▝[38;2;232;147;85m[48;2;218;124;66m▝[38;2;229;144;81m[48;2;241;170;108m▖[38;2;242;176;116m[48;2;244;182;122m▖[38;2;246;185;126m[48;2;246;187;128m▖[38;2;248;193;132m[48;2;27;40;69m█[38;2;248;192;132m[48;2;249;193;134m▏[38;2;249;194;133m[48;2;249;195;134m▁[38;2;249;194;134m[48;2;249;195;134m▔[38;2;248;195;135m[48;2;248;194;135m▃[38;2;248;195;134m[48;2;247;194;133m▅[38;2;30;36;68m[48;2;250;196;133m▝[38;2;26;44;80m[48;2;186;93;51m▘[38;2;227;145;82m[48;2;199;109;60m▀[38;2;226;145;86m[48;2;241;173;113m▖[38;2;242;177;116m[48;2;244;184;123m▖[38;2;246;190;130m[48;2;245;186;126m▔[38;2;246;190;131m[48;2;247;192;130m▏[38;2;248;194;133m[48;2;248;194;134m▊[38;2;248;194;134m[48;2;248;194;134m▔[38;2;251;196;130m[48;2;247;193;132m▝[38;2;248;194;130m[48;2;156;83;72m▅[38;2;225;143;84m[48;2;204;112;59m▝[38;2;223;140;81m[48;2;236;165;106m▖[38;2;241;175;112m[48;2;244;183;121m▖[38;2;245;186;126m[48;2;244;184;123m▀[38;2;19;34;67m[48;2;247;192;127m▗[38;2;26;38;67m[48;2;251;193;126m▅[38;2;24;32;72m[48;2;250;193;127m▅[38;2;18;34;72m[48;2;249;193;131m▖[38;2;250;195;133m[48;2;249;194;132m▏[38;2;248;195;133m[48;2;249;195;133m▍[38;2;251;196;134m[48;2;248;194;133m▕[38;2;175;87;43m[48;2;252;199;137m▐[38;2;230;149;87m[48;2;205;115;61m▐[38;2;239;167;105m[48;2;243;179;117m▍[38;2;247;186;123m[48;2;172;85;44m▊[38;2;204;113;58m[48;2;174;84;39m▐[38;2;225;140;77m[48;2;234;164;103m▍[38;2;244;183;122m[48;2;241;177;117m▐[38;2;27;41;74m[48;2;247;190;123m▝[38;2;250;193;127m[48;2;28;41;70m▂[38;2;251;195;127m[48;2;29;42;69m▁[38;2;250;197;127m[48;2;28;41;69m▂[38;2;251;194;131m[48;2;28;42;69m▃[38;2;37;45;69m[48;2;250;193;130m▔[38;2;249;192;131m[48;2;26;39;69m▆[38;2;28;42;72m[48;2;249;192;131m▀[38;2;27;42;73m[48;2;188;98;50m▘[38;2;194;104;52m[48;2;220;136;75m▅[38;2;218;132;73m[48;2;235;160;96m▖[38;2;240;170;108m[48;2;244;179;118m▖[38;2;243;184;123m[48;2;244;186;125m▁[38;2;246;190;130m[48;2;245;190;129m▐[38;2;246;191;131m[48;2;245;191;132m▅[38;2;246;191;131m[48;2;245;191;132m▞[38;2;247;192;130m[48;2;247;192;130m▔[38;2;250;203;130m[48;2;26;36;67m▖[38;2;25;37;60m[48;2;25;37;61m▕[38;2;25;38;62m[48;2;24;37;59m▀[38;2;26;38;63m[48;2;25;37;61m▝[38;2;37;40;68m[48;2;25;36;62m▕[38;2;184;182;190m[48;2;253;253;253m▏[38;2;243;242;242m[48;2;255;255;255m▏[38;2;255;255;255m[48;2;255;255;255m▔[0m
[38;2;53;27;37m[48;2;255;255;255m▏[38;2;255;255;255m[48;2;255;255;255m▔[38;2;255;255;254m[48;2;254;253;252m▍[38;2;50;51;81m[48;2;254;254;253m▕[38;2;21;33;64m[48;2;25;38;62m▍[38;2;25;38;62m[48;2;25;36;61m▘[38;2;23;35;60m[48;2;25;37;62m▗[38;2;252;203;137m[48;2;25;36;63m▗[38;2;248;193;132m[48;2;249;194;131m▁[38;2;247;193;133m[48;2;248;194;134m▅[38;2;246;193;134m[48;2;247;194;135m▆[38;2;247;193;133m[48;2;246;193;133m▕[38;2;30;43;70m[48;2;247;194;134m▗[38;2;247;201;135m[48;2;28;46;77m▝[38;2;248;195;133m[48;2;251;195;133m▔[38;2;249;194;131m[48;2;248;194;132m▏[38;2;247;194;133m[48;2;248;194;133m▕[38;2;247;194;133m[48;2;247;194;133m▔[38;2;201;104;52m[48;2;249;195;134m▝[38;2;229;142;80m[48;2;208;112;59m▝[38;2;226;138;79m[48;2;237;166;104m▖[38;2;240;174;112m[48;2;243;179;122m▖[38;2;244;184;125m[48;2;245;188;126m▖[38;2;249;195;127m[48;2;246;191;129m▁[38;2;223;180;129m[48;2;248;193;132m▁[38;2;207;163;119m[48;2;248;195;133m▁[38;2;250;194;131m[48;2;248;195;133m▁[38;2;249;194;133m[48;2;249;195;134m▃[38;2;249;195;135m[48;2;249;194;133m▀[38;2;249;194;134m[48;2;249;195;133m▏[38;2;250;199;135m[48;2;183;94;51m▖[38;2;198;109;60m[48;2;227;142;84m▍[38;2;243;176;114m[48;2;240;168;108m▐[38;2;32;44;71m[48;2;245;189;122m▐[38;2;252;199;130m[48;2;31;45;74m▝[38;2;254;199;132m[48;2;249;195;132m▖[38;2;249;196;133m[48;2;249;195;134m▖[38;2;248;194;133m[48;2;249;194;134m▔[38;2;250;196;131m[48;2;249;194;132m▐[38;2;251;199;134m[48;2;186;93;47m▖[38;2;222;136;76m[48;2;201;108;57m▝[38;2;220;133;74m[48;2;234;160;97m▖[38;2;240;171;110m[48;2;243;181;120m▖[38;2;248;193;132m[48;2;27;40;69m▙[38;2;248;193;132m[48;2;27;40;69m▄[38;2;249;192;131m[48;2;22;36;67m▆[38;2;249;193;132m[48;2;249;193;132m▔[38;2;248;193;132m[48;2;249;194;133m▃[38;2;249;194;133m[48;2;248;193;132m▀[38;2;249;194;131m[48;2;248;194;131m▔[38;2;249;199;132m[48;2;181;89;44m▘[38;2;234;157;94m[48;2;213;125;68m▐[38;2;241;172;112m[48;2;244;180;119m▍[38;2;246;190;127m[48;2;174;94;56m▊[38;2;172;81;35m[48;2;206;118;63m▏[38;2;234;155;93m[48;2;240;172;112m▍[38;2;246;185;126m[48;2;244;182;122m▐[38;2;248;189;129m[48;2;249;190;130m▍[38;2;249;193;132m[48;2;249;192;132m▝[38;2;253;196;128m[48;2;249;193;132m▔[38;2;253;196;131m[48;2;249;193;133m▔[38;2;249;193;133m[48;2;248;193;133m▀[38;2;248;192;131m[48;2;249;193;132m▂[38;2;247;191;130m[48;2;248;192;131m▃[38;2;248;191;131m[48;2;247;191;130m▔[38;2;164;78;42m[48;2;247;192;130m▗[38;2;200;130;79m[48;2;183;93;49m▘[38;2;227;147;84m[48;2;213;125;69m▐[38;2;240;172;110m[48;2;240;169;108m▔[38;2;246;180;120m[48;2;25;39;63m▘[38;2;20;35;63m[48;2;249;199;135m▖[38;2;248;192;131m[48;2;246;191;132m▖[38;2;247;191;130m[48;2;246;191;131m▅[38;2;246;192;131m[48;2;247;192;130m▘[38;2;247;192;130m[48;2;248;192;129m▏[38;2;251;206;133m[48;2;22;27;53m▖[38;2;23;36;58m[48;2;23;36;58m▔[38;2;23;36;58m[48;2;24;37;59m▊[38;2;35;37;64m[48;2;22;35;61m▕[38;2;190;187;193m[48;2;253;252;252m▏[38;2;242;242;242m[48;2;255;255;255m▏[38;2;255;255;255m[48;2;255;255;255m▔[0m
[38;2;52;27;37m[48;2;255;255;255m▏[38;2;255;255;255m[48;2;255;255;255m▔[38;2;255;255;255m[48;2;254;253;251m▍[38;2;54;55;82m[48;2;255;254;252m▕[38;2;24;37;60m[48;2;20;33;59m▐[38;2;23;35;58m[48;2;24;37;60m▗[38;2;249;199;134m[48;2;21;34;59m▗[38;2;250;194;128m[48;2;247;192;127m▁[38;2;251;195;129m[48;2;247;192;130m▁[38;2;246;191;131m[48;2;247;192;129m▀[38;2;251;194;128m[48;2;246;191;130m▁[38;2;29;40;72m[48;2;248;194;129m▗[38;2;248;196;135m[48;2;27;39;65m━[38;2;248;196;135m[48;2;27;39;65m━[38;2;252;205;140m[48;2;26;38;69m▝[38;2;248;193;132m[48;2;24;38;61m█[38;2;252;196;131m[48;2;248;194;131m▁[38;2;252;195;132m[48;2;247;192;132m▁[38;2;247;192;129m[48;2;248;193;132m▆[38;2;192;98;49m[48;2;251;193;126m▝[38;2;202;100;51m[48;2;220;126;69m▖[38;2;234;149;85m[48;2;237;167;105m▖[38;2;244;181;122m[48;2;26;38;70m▍[38;2;35;40;71m[48;2;244;195;131m█[38;2;31;34;71m[48;2;28;40;64m▔[38;2;35;40;71m[48;2;244;195;131m█[38;2;251;201;134m[48;2;22;37;60m▀[38;2;249;193;132m[48;2;249;193;132m▔[38;2;169;75;43m[48;2;248;194;132m▂[38;2;166;79;48m[48;2;250;196;132m▆[38;2;223;129;74m[48;2;174;86;48m▃[38;2;218;129;74m[48;2;238;162;97m▘[38;2;25;37;64m[48;2;241;166;106m▗[38;2;248;196;135m[48;2;27;39;65m━[38;2;248;196;135m[48;2;27;39;65m━[38;2;19;34;64m[48;2;251;196;133m▖[38;2;254;196;130m[48;2;250;196;132m▖[38;2;253;196;132m[48;2;249;194;132m▁[38;2;253;196;131m[48;2;248;194;132m▁[38;2;248;194;130m[48;2;248;194;130m▔[38;2;250;199;131m[48;2;187;94;46m▖[38;2;219;131;72m[48;2;201;109;57m▝[38;2;224;138;78m[48;2;236;165;102m▖[38;2;242;179;116m[48;2;245;185;121m▍[38;2;245;188;124m[48;2;247;190;126m▅[38;2;247;191;128m[48;2;246;189;126m▀[38;2;246;189;126m[48;2;248;191;130m▅[38;2;247;191;129m[48;2;247;191;129m▔[38;2;81;52;59m[48;2;247;192;130m▂[38;2;248;197;131m[48;2;205;108;53m▘[38;2;194;101;51m[48;2;231;152;90m▘[38;2;237;161;100m[48;2;243;177;115m▘[38;2;244;181;121m[48;2;245;184;124m▏[38;2;248;186;125m[48;2;66;64;80m▊[38;2;84;62;64m[48;2;24;37;70m▔[38;2;25;38;63m[48;2;244;179;118m▅[38;2;22;36;59m[48;2;246;187;126m▂[38;2;79;61;70m[48;2;247;191;129m▁[38;2;247;190;129m[48;2;247;190;129m▔[38;2;253;194;126m[48;2;246;191;130m▂[38;2;251;194;128m[48;2;246;191;130m▂[38;2;218;173;125m[48;2;247;191;131m▁[38;2;28;30;71m[48;2;246;189;128m▁[38;2;188;92;45m[48;2;246;191;128m▗[38;2;190;96;49m[48;2;247;193;130m▆[38;2;175;86;47m[48;2;221;132;74m▀[38;2;215;124;67m[48;2;238;164;100m▀[38;2;232;156;94m[48;2;243;170;107m▔[38;2;214;171;126m[48;2;23;35;61m▀[38;2;248;196;135m[48;2;27;39;65m━[38;2;248;196;135m[48;2;27;39;65m━[38;2;19;32;61m[48;2;252;193;132m▖[38;2;250;190;127m[48;2;247;191;129m▖[38;2;248;190;127m[48;2;247;191;130m▃[38;2;250;191;124m[48;2;247;191;128m▂[38;2;249;190;125m[48;2;249;190;125m▔[38;2;245;200;133m[48;2;22;35;59m▖[38;2;25;39;61m[48;2;25;38;60m▃[38;2;24;38;61m[48;2;19;31;58m▍[38;2;197;193;201m[48;2;253;254;254m▏[38;2;245;244;245m[48;2;255;255;255m▏[38;2;255;255;255m[48;2;255;255;255m▔[0m
[38;2;51;26;36m[48;2;255;255;255m▏[38;2;255;255;255m[48;2;255;255;255m▔[38;2;255;255;254m[48;2;253;252;250m▍[38;2;68;67;91m[48;2;254;253;251m▕[38;2;25;37;58m[48;2;22;33;57m▐[38;2;24;38;61m[48;2;248;193;132m█[38;2;248;193;132m[48;2;24;38;61m▔[38;2;251;198;131m[48;2;26;37;59m▔[38;2;251;198;131m[48;2;25;37;59m▔[38;2;251;197;132m[48;2;26;37;60m▔[38;2;252;198;128m[48;2;27;38;61m▔[38;2;31;42;70m[48;2;27;37;61m▔[38;2;31;42;69m[48;2;29;38;62m▔[38;2;73;61;81m[48;2;28;37;60m▔[38;2;27;37;60m[48;2;27;39;62m▗[38;2;248;193;132m[48;2;24;38;61m▔[38;2;253;201;132m[48;2;26;37;59m▔[38;2;253;199;132m[48;2;25;37;58m▔[38;2;251;198;129m[48;2;25;37;58m▔[38;2;252;197;124m[48;2;25;36;57m▔[38;2;216;114;60m[48;2;24;35;56m▔[38;2;241;155;87m[48;2;24;35;57m▔[38;2;37;38;56m[48;2;24;36;60m▔[38;2;23;35;56m[48;2;25;37;59m▅[38;2;23;35;55m[48;2;25;36;59m▅[38;2;23;35;56m[48;2;25;37;59m▆[38;2;25;38;59m[48;2;24;36;56m▔[38;2;190;94;60m[48;2;25;37;58m▔[38;2;194;90;51m[48;2;25;36;57m▔[38;2;226;123;67m[48;2;25;37;58m▔[38;2;246;158;91m[48;2;25;37;57m▔[38;2;25;36;57m[48;2;213;168;133m▆[38;2;28;41;65m[48;2;24;36;58m▔[38;2;28;41;66m[48;2;25;37;58m▔[38;2;26;39;64m[48;2;24;38;60m▔[38;2;23;37;63m[48;2;22;34;56m▔[38;2;253;201;133m[48;2;22;35;55m▔[38;2;253;200;133m[48;2;22;35;57m▔[38;2;254;202;132m[48;2;22;35;56m▔[38;2;254;201;128m[48;2;23;35;57m▔[38;2;254;203;124m[48;2;23;36;57m▔[38;2;24;37;61m[48;2;180;83;42m▆[38;2;24;37;60m[48;2;215;120;62m▆[38;2;23;35;59m[48;2;244;173;110m▆[38;2;22;36;59m[48;2;251;194;128m▆[38;2;22;36;60m[48;2;251;196;129m▆[38;2;22;36;61m[48;2;251;198;126m▆[38;2;160;127;100m[48;2;24;36;60m▔[38;2;25;36;60m[48;2;24;36;60m▕[38;2;23;37;60m[48;2;222;123;67m▆[38;2;24;36;59m[48;2;243;169;101m▆[38;2;25;37;59m[48;2;250;188;126m▆[38;2;25;36;59m[48;2;249;190;125m▆[38;2;248;193;132m[48;2;24;38;61m▔[38;2;23;36;58m[48;2;24;36;58m▏[38;2;24;36;57m[48;2;25;37;59m▅[38;2;25;37;58m[48;2;24;36;57m▀[38;2;25;37;58m[48;2;24;37;61m▅[38;2;78;62;72m[48;2;25;37;59m▔[38;2;170;128;100m[48;2;26;38;62m▔[38;2;144;114;97m[48;2;26;38;62m▔[38;2;28;31;67m[48;2;26;38;61m▔[38;2;27;38;61m[48;2;26;38;60m▏[38;2;26;38;60m[48;2;218;108;47m▆[38;2;26;38;60m[48;2;230;130;68m▆[38;2;25;37;60m[48;2;241;154;86m▆[38;2;24;37;59m[48;2;250;184;115m▆[38;2;22;35;59m[48;2;210;156;107m▆[38;2;25;36;60m[48;2;24;36;58m▀[38;2;24;38;61m[48;2;248;193;132m█[38;2;24;36;57m[48;2;24;35;60m▆[38;2;24;37;62m[48;2;23;35;56m▔[38;2;22;36;59m[48;2;252;194;129m▆[38;2;23;36;58m[48;2;252;194;128m▆[38;2;23;36;57m[48;2;252;195;125m▆[38;2;23;35;57m[48;2;253;195;124m▆[38;2;24;36;57m[48;2;217;168;110m▆[38;2;24;38;60m[48;2;23;37;59m▝[38;2;24;37;60m[48;2;18;31;57m▍[38;2;195;193;201m[48;2;253;253;254m▏[38;2;247;248;248m[48;2;255;255;255m▍[38;2;255;255;255m[48;2;255;255;255m▔[0m
[38;2;49;25;34m[48;2;255;255;255m▏[38;2;255;255;255m[48;2;255;255;255m▔[38;2;255;254;254m[48;2;253;252;252m▍[38;2;252;252;250m[48;2;253;253;252m▕[38;2;27;38;61m[48;2;252;252;251m▀[38;2;27;39;60m[48;2;252;252;250m▀[38;2;26;38;60m[48;2;253;252;250m▀[38;2;27;38;62m[48;2;254;253;250m▀[38;2;27;38;62m[48;2;254;253;251m▀[38;2;27;39;63m[48;2;253;253;251m▀[38;2;28;39;64m[48;2;253;253;250m▀[38;2;29;39;64m[48;2;253;252;250m▀[38;2;29;39;64m[48;2;253;253;251m▀[38;2;28;39;63m[48;2;253;253;251m▀[38;2;27;38;62m[48;2;253;253;251m▀[38;2;27;38;62m[48;2;253;253;250m▀[38;2;27;38;62m[48;2;253;253;251m▀[38;2;26;38;62m[48;2;253;253;251m▀[38;2;25;37;62m[48;2;253;254;252m▀[38;2;25;38;62m[48;2;253;253;252m▀[38;2;25;38;61m[48;2;253;254;252m▀[38;2;24;36;60m[48;2;253;254;252m▀[38;2;24;36;60m[48;2;253;254;252m▀[38;2;23;35;58m[48;2;253;253;252m▀[38;2;24;35;58m[48;2;253;254;252m▀[38;2;24;36;58m[48;2;253;253;253m▀[38;2;25;35;59m[48;2;253;254;252m▀[38;2;253;254;252m[48;2;25;38;59m▅[38;2;253;254;252m[48;2;25;36;59m▅[38;2;253;253;252m[48;2;25;37;59m▅[38;2;253;253;252m[48;2;24;36;58m▅[38;2;253;253;251m[48;2;24;35;60m▅[38;2;254;254;251m[48;2;24;35;59m▅[38;2;254;254;251m[48;2;22;34;58m▅[38;2;254;253;251m[48;2;22;33;57m▅[38;2;254;253;251m[48;2;21;33;57m▅[38;2;23;36;58m[48;2;254;253;251m▀[38;2;22;36;58m[48;2;253;253;251m▀[38;2;23;36;59m[48;2;253;253;251m▀[38;2;23;37;60m[48;2;253;253;252m▀[38;2;23;37;59m[48;2;253;253;252m▀[38;2;24;38;60m[48;2;253;253;252m▀[38;2;23;36;60m[48;2;253;253;251m▀[38;2;23;35;60m[48;2;253;253;251m▀[38;2;23;35;61m[48;2;253;254;253m▀[38;2;24;36;62m[48;2;253;254;252m▀[38;2;25;37;63m[48;2;253;253;252m▀[38;2;25;37;63m[48;2;253;254;252m▀[38;2;25;37;62m[48;2;253;253;251m▀[38;2;25;37;62m[48;2;253;253;251m▀[38;2;26;38;63m[48;2;253;253;251m▀[38;2;25;36;62m[48;2;253;252;251m▀[38;2;25;36;61m[48;2;254;254;252m▀[38;2;25;37;62m[48;2;253;253;252m▀[38;2;25;37;61m[48;2;253;253;251m▀[38;2;25;36;60m[48;2;254;254;252m▀[38;2;25;37;61m[48;2;254;254;252m▀[38;2;26;37;61m[48;2;254;254;252m▀[38;2;27;38;62m[48;2;253;253;252m▀[38;2;27;39;62m[48;2;253;254;252m▀[38;2;27;39;63m[48;2;252;251;250m▀[38;2;27;39;63m[48;2;253;253;251m▀[38;2;27;39;63m[48;2;253;253;251m▀[38;2;27;39;62m[48;2;252;252;251m▀[38;2;27;38;62m[48;2;254;254;252m▀[38;2;27;39;62m[48;2;254;254;253m▀[38;2;26;38;61m[48;2;253;253;252m▀[38;2;26;38;60m[48;2;254;254;253m▀[38;2;25;36;60m[48;2;254;254;252m▀[38;2;25;37;59m[48;2;254;254;252m▀[38;2;25;36;57m[48;2;254;253;251m▀[38;2;24;36;57m[48;2;254;254;253m▀[38;2;24;36;57m[48;2;254;254;252m▀[38;2;23;36;58m[48;2;254;254;252m▀[38;2;24;36;58m[48;2;254;254;252m▀[38;2;23;36;57m[48;2;254;254;253m▀[38;2;24;36;57m[48;2;254;254;253m▀[38;2;24;36;58m[48;2;253;252;250m▀[38;2;21;33;55m[48;2;251;250;250m▀[38;2;241;242;240m[48;2;251;251;250m▏[38;2;247;247;246m[48;2;255;255;255m▍[38;2;255;255;255m[48;2;255;255;255m▔[0m
[38;2;48;26;34m[48;2;255;255;255m▏[38;2;255;255;255m[48;2;255;255;255m▔[38;2;255;254;253m[48;2;255;255;255m▔[38;2;253;253;252m[48;2;255;255;255m▔[38;2;253;253;253m[48;2;255;255;255m▔[38;2;254;254;253m[48;2;255;255;255m▔[38;2;254;254;253m[48;2;255;255;255m▔[38;2;255;254;253m[48;2;255;255;255m▔[38;2;255;254;253m[48;2;255;255;255m▔[38;2;255;254;253m[48;2;255;255;255m▔[38;2;254;254;253m[48;2;255;255;255m▔[38;2;254;253;252m[48;2;255;255;255m▔[38;2;254;254;253m[48;2;255;255;255m▔[38;2;254;254;253m[48;2;255;255;255m▔[38;2;254;254;253m[48;2;255;255;255m▔[38;2;254;254;253m[48;2;255;255;255m▔[38;2;254;254;253m[48;2;255;255;255m▔[38;2;254;254;253m[48;2;255;255;255m▔[38;2;254;254;253m[48;2;255;255;255m▔[38;2;254;254;253m[48;2;255;255;255m▔[38;2;254;254;253m[48;2;255;255;255m▔[38;2;254;254;253m[48;2;255;255;255m▔[38;2;254;254;253m[48;2;255;255;255m▔[38;2;254;254;253m[48;2;255;255;255m▔[38;2;254;254;253m[48;2;255;255;255m▔[38;2;254;254;254m[48;2;255;255;255m▔[38;2;254;254;254m[48;2;255;255;255m▔[38;2;254;254;254m[48;2;255;255;255m▔[38;2;254;254;254m[48;2;255;255;255m▔[38;2;254;254;254m[48;2;255;255;255m▔[38;2;254;254;253m[48;2;255;255;255m▔[38;2;254;254;253m[48;2;255;255;255m▔[38;2;255;254;253m[48;2;255;255;255m▔[38;2;255;254;253m[48;2;255;255;255m▔[38;2;255;254;253m[48;2;255;255;255m▔[38;2;254;254;253m[48;2;255;255;255m▔[38;2;254;254;252m[48;2;255;255;255m▔[38;2;254;254;253m[48;2;255;255;255m▔[38;2;254;254;253m[48;2;255;255;255m▔[38;2;254;254;253m[48;2;255;255;255m▔[38;2;254;254;253m[48;2;255;255;255m▔[38;2;254;254;253m[48;2;255;255;255m▔[38;2;254;254;253m[48;2;255;255;255m▔[38;2;254;254;253m[48;2;255;255;255m▔[38;2;254;254;253m[48;2;255;255;255m▔[38;2;254;254;253m[48;2;255;255;255m▔[38;2;254;254;253m[48;2;255;255;255m▔[38;2;254;254;253m[48;2;255;255;255m▔[38;2;254;254;253m[48;2;255;255;255m▔[38;2;254;254;253m[48;2;255;255;255m▔[38;2;254;254;253m[48;2;255;255;255m▔[38;2;254;254;253m[48;2;255;255;255m▔[38;2;254;254;253m[48;2;255;255;255m▔[38;2;254;254;253m[48;2;255;255;255m▔[38;2;254;254;253m[48;2;255;255;255m▔[38;2;254;254;253m[48;2;255;255;255m▔[38;2;254;254;253m[48;2;255;255;255m▔[38;2;254;254;253m[48;2;255;255;255m▔[38;2;254;254;253m[48;2;255;255;255m▔[38;2;254;254;253m[48;2;255;255;255m▔[38;2;253;253;253m[48;2;255;255;255m▔[38;2;254;253;252m[48;2;255;255;255m▔[38;2;254;254;252m[48;2;255;255;255m▔[38;2;254;254;253m[48;2;255;255;255m▔[38;2;254;254;253m[48;2;255;255;255m▔[38;2;254;254;253m[48;2;255;255;255m▔[38;2;254;254;253m[48;2;255;255;255m▔[38;2;254;254;253m[48;2;255;255;255m▔[38;2;254;254;253m[48;2;255;255;255m▔[38;2;254;254;253m[48;2;255;255;255m▔[38;2;254;254;253m[48;2;255;255;255m▔[38;2;254;254;253m[48;2;255;255;255m▔[38;2;254;254;253m[48;2;255;255;255m▔[38;2;254;254;253m[48;2;255;255;255m▔[38;2;254;254;253m[48;2;255;255;255m▔[38;2;254;254;253m[48;2;255;255;255m▔[38;2;254;254;253m[48;2;255;255;255m▔[38;2;254;253;253m[48;2;255;255;255m▔[38;2;252;252;252m[48;2;255;255;255m▔[38;2;251;252;251m[48;2;255;255;255m▔[38;2;255;255;254m[48;2;255;255;255m▔[38;2;255;255;255m[48;2;255;255;255m▔[0m
