[?25l[0m[38;2;37;11;112;48;2;37;14;113m▅[38;2;37;12;114;48;2;37;14;112m▅[38;2;38;12;112;48;2;35;13;112m▅[38;2;38;12;111;48;2;36;12;113m▂[38;2;37;14;112;48;2;38;12;112m▀[38;2;35;12;112m▀[38;2;35;13;112;48;2;38;12;111m▀[38;2;37;14;112m▀[38;2;35;12;112;48;2;38;12;112m▀[38;2;35;13;112m▀[38;2;37;12;112;48;2;36;12;112m▗[38;2;37;11;112;48;2;35;13;112m▃▅[38;2;37;12;114;48;2;34;14;111m▆[38;2;36;13;112;48;2;37;12;112m▀[38;2;35;12;112;48;2;38;12;114m▀[38;2;34;14;111;48;2;38;12;112m▀[38;2;35;12;112m▀[38;2;36;13;112;48;2;37;11;112m▀[38;2;38;12;112;48;2;35;12;112m▃▃[38;2;36;13;112;48;2;38;12;112m▀[38;2;35;11;111m▀[38;2;36;12;112m▀▀[38;2;37;12;112;48;2;38;12;114m▀[38;2;37;11;112;48;2;36;12;112m▗▅[38;2;36;13;112;48;2;38;12;112m▔[38;2;36;12;112;48;2;38;12;114m▀▀[38;2;35;12;112m▀[38;2;38;12;114;48;2;35;12;112m▃[38;2;39;11;114;48;2;37;13;112m▃[38;2;38;12;114;48;2;37;12;112m▅[38;2;39;12;114;48;2;38;12;112m▅[48;2;37;15;114m▆[38;2;39;12;115m▆[38;2;40;13;116m▆▆[38;2;42;13;116;48;2;40;14;116m▃[38;2;42;14;117;48;2;39;15;114m▅[38;2;42;15;117;48;2;41;15;117m▃[38;2;41;15;117;48;2;42;15;118m▀[48;2;42;14;117m [38;2;44;15;117;48;2;42;15;116m▅[38;2;44;14;117;48;2;43;17;119m▅[38;2;44;15;117;48;2;42;16;118m▆[38;2;44;14;116;48;2;45;15;119m▐[38;2;46;17;119;48;2;44;17;120m▆[48;2;45;18;119m [38;2;47;17;117;48;2;46;16;119m▗[38;2;48;17;119;48;2;45;17;120m▆[38;2;49;18;119;48;2;46;17;119m▆[38;2;49;19;117;48;2;47;18;119m▁[48;2;48;19;119m [48;2;46;19;120m [48;2;50;19;119m [38;2;49;19;119;48;2;47;20;119m▅[38;2;50;19;119m▅[38;2;51;19;119;48;2;47;18;118m▆[48;2;50;20;119m [38;2;49;21;119;48;2;49;18;119m▔[38;2;49;20;120;48;2;51;19;118m▀[48;2;51;20;121m▀[38;2;50;19;120;48;2;52;19;120m▀▀[38;2;53;19;119;48;2;51;21;119m▁[38;2;56;19;120;48;2;51;19;119m▁[38;2;50;20;119;48;2;53;20;120m▀[38;2;49;21;119;48;2;53;19;119m▀[38;2;56;20;121;48;2;51;20;119m▂[38;2;53;20;121;48;2;51;22;119m▆[38;2;54;19;121;48;2;52;19;119m▃[38;2;51;21;119;48;2;55;19;119m▀[38;2;56;19;120;48;2;52;21;119m▃[38;2;56;20;121;48;2;51;21;119m▆[38;2;55;19;119;48;2;51;19;118m▆[38;2;53;19;121;48;2;56;19;121m▀[38;2;53;20;119;48;2;57;21;121m▀[38;2;53;20;120;48;2;56;20;121m▀[48;2;56;19;120m▀[38;2;56;20;122;48;2;53;20;121m▃[38;2;53;20;120;48;2;56;20;122m▀[38;2;53;19;119;48;2;56;19;121m▀▀[38;2;51;20;121m▀[38;2;53;19;121;48;2;56;20;120m▀[48;2;53;20;121m [38;2;56;22;121;48;2;53;19;121m▂[38;2;53;21;119;48;2;54;21;122m▂[48;2;53;20;120m [38;2;53;17;119;48;2;47;17;117m▂[48;2;49;15;118m▂[38;2;51;16;119;48;2;46;16;118m▂[48;2;46;14;118m▂[38;2;51;15;119;48;2;46;15;117m▂[48;2;47;15;118m▂[38;2;51;14;118;48;2;46;17;117m▂[38;2;48;13;118;48;2;44;12;117m▂[38;2;45;13;117;48;2;43;14;117m▆[38;2;44;12;117;48;2;43;14;115m▆[48;2;42;14;117m▆[38;2;45;11;117;48;2;42;11;117m▃[38;2;44;10;117;48;2;43;12;117m▅[38;2;42;10;117;48;2;41;13;117m▆[38;2;42;9;117;48;2;40;12;115m▆[48;2;41;8;117m [38;2;40;9;117;48;2;42;10;117m▀[38;2;40;10;115;48;2;42;9;116m▀[38;2;42;9;116;48;2;40;9;115m▃[38;2;40;7;114;48;2;40;10;114m▅[38;2;40;8;114;48;2;39;9;114m▅[38;2;40;8;116;48;2;40;10;114m▅[38;2;40;7;115;48;2;39;9;114m▂[38;2;39;6;114;48;2;37;10;114m▆[38;2;39;8;114;48;2;38;8;114m▆[38;2;39;8;115m▖[48;2;39;8;115m [38;2;39;6;113;48;2;37;7;114m▅[38;2;38;10;114;48;2;39;6;113m▘[38;2;38;6;115;48;2;37;7;114m▁[38;2;36;8;116;48;2;39;6;114m▀[38;2;35;8;112;48;2;39;8;115m▀[38;2;38;6;114;48;2;37;8;115m▅[48;2;36;8;114m▅[38;2;38;7;114;48;2;37;10;113m▅[38;2;38;6;116m▆[38;2;38;7;114m▆▆▆▆[38;2;38;7;113;48;2;37;7;114m▁[38;2;40;7;115;48;2;37;7;116m▁[38;2;40;7;114;48;2;37;7;114m▁[38;2;37;7;114;48;2;40;7;114m▀[38;2;39;8;115;48;2;35;10;114m▆[38;2;38;6;116;48;2;37;10;116m▆[38;2;40;8;117;48;2;37;10;117m▆[38;2;40;9;117m▆[38;2;38;11;117;48;2;39;7;117m▀[38;2;40;8;116;48;2;38;10;117m▅[38;2;39;8;116;48;2;40;8;117m▝[48;2;40;4;117m [38;2;5;0;5;48;2;42;8;117m▀[38;2;0;0;5;48;2;44;3;107m▀[38;2;20;0;90;48;2;1;0;10m▅[38;2;0;1;1;48;2;24;0;84m▃[38;2;23;0;77;48;2;3;0;3m▘[38;2;14;0;49;48;2;1;1;1m▘[48;2;1;0;0m [48;2;0;0;0m      [38;2;36;11;99;48;2;0;0;1m▝[38;2;5;2;28;48;2;43;8;113m▁[38;2;1;0;3;48;2;40;10;115m▗[0m
[38;2;39;12;112;48;2;41;12;113m▀[38;2;41;12;113;48;2;38;11;112m▅[38;2;42;11;112m▆[38;2;41;12;113m▆[38;2;41;12;112;48;2;37;11;112m▆[38;2;42;11;112m▆▆[38;2;41;12;112;48;2;38;11;112m▆[38;2;41;12;113;48;2;37;11;112m▆[38;2;40;11;112m▆[38;2;40;12;113;48;2;39;12;112m▆[38;2;41;12;113;48;2;40;12;113m▃[48;2;38;12;112m▅▅[38;2;41;12;112;48;2;39;11;114m▁[48;2;40;11;112m [38;2;37;11;112;48;2;41;12;112m▀[38;2;38;12;112;48;2;40;11;114m▀[38;2;41;12;114;48;2;38;12;114m▃[38;2;40;10;113m▃[38;2;40;11;112;48;2;38;10;113m▃[38;2;41;10;112m▃[38;2;42;11;113;48;2;38;11;112m▃[38;2;37;11;112;48;2;40;11;112m▀[38;2;39;12;112m▍[38;2;40;10;112;48;2;38;11;112m▆[38;2;38;11;112;48;2;40;11;109m▀[38;2;42;11;112;48;2;40;11;112m▁[38;2;41;12;113;48;2;39;12;112m▅[38;2;39;12;112;48;2;40;10;112m▀[48;2;41;10;111m▀[38;2;39;12;113m▀[38;2;39;11;114;48;2;42;11;113m▀[38;2;39;12;112;48;2;41;10;112m▀[38;2;41;10;112;48;2;40;11;113m▃[38;2;41;12;114;48;2;43;11;114m▀▀[48;2;43;12;114m▀[38;2;43;12;114;48;2;42;12;115m▃ [38;2;44;14;116;48;2;43;14;117m▆[38;2;45;13;116m▃[38;2;43;14;117;48;2;44;14;116m▀[38;2;45;13;116;48;2;42;15;117m▅[38;2;45;15;117;48;2;44;15;116m▅[38;2;42;15;117;48;2;45;15;117m▔[38;2;45;13;116;48;2;47;15;119m▊[38;2;49;16;119;48;2;46;15;119m▁[38;2;46;15;119;48;2;49;15;118m▀[38;2;48;16;119;48;2;47;17;120m▆[48;2;48;16;119m [38;2;49;16;117m▆[38;2;49;17;119;48;2;47;15;118m▆[38;2;50;15;119m▆[38;2;48;16;119;48;2;51;17;115m▀[38;2;51;17;119;48;2;50;17;118m▍[38;2;50;18;121;48;2;51;17;119m▔[38;2;51;16;118m▁[48;2;51;17;117m [38;2;49;19;121;48;2;51;17;119m▔[48;2;52;18;118m [38;2;52;19;119;48;2;53;19;119m▔[38;2;55;19;119m▗[38;2;53;19;118;48;2;54;20;119m▖[38;2;53;19;119;48;2;55;19;119m▔[38;2;56;19;120;48;2;56;19;121m▆[38;2;56;20;122;48;2;56;19;120m▔[38;2;56;19;123;48;2;56;19;119m▔[48;2;54;20;120m [48;2;56;19;120m [38;2;56;19;119;48;2;56;20;121m▁[48;2;56;19;120m [38;2;56;18;119m▁[38;2;52;18;118;48;2;56;18;119m▁[38;2;58;18;119;48;2;56;20;120m▁[48;2;56;19;121m [48;2;56;19;120m [48;2;56;19;119m [38;2;56;21;119;48;2;56;20;121m▅[38;2;56;20;121;48;2;57;20;120m▔[38;2;57;20;120;48;2;57;21;121m▖[38;2;58;22;116;48;2;56;19;119m▁[38;2;58;20;121;48;2;57;19;121m▗[38;2;60;20;121m▂[38;2;58;20;121;48;2;58;19;123m▅[48;2;57;19;120m [48;2;57;19;121m [38;2;56;21;116;48;2;57;20;119m▁[38;2;56;22;119;48;2;58;22;121m▗[48;2;52;21;120m [38;2;55;20;120;48;2;56;19;120m▁ [38;2;55;16;119;48;2;53;16;119m▃[48;2;53;17;119m [48;2;53;15;119m [38;2;53;15;118;48;2;52;15;117m▁[48;2;51;14;119m▃[38;2;53;14;117;48;2;50;13;119m▃[38;2;52;13;117;48;2;50;13;117m▖[38;2;50;13;119m▐[48;2;49;11;117m  [38;2;48;11;115;48;2;48;11;117m▁[38;2;48;10;116;48;2;46;11;117m▅[38;2;47;9;115;48;2;44;10;116m▃[38;2;46;10;114m▁[38;2;44;9;114;48;2;44;10;117m▆[48;2;42;8;114m▂[38;2;42;9;116;48;2;43;8;114m▀[38;2;42;8;113;48;2;41;8;115m▅[38;2;43;8;113;48;2;40;8;114m▁[38;2;40;7;114;48;2;42;7;112m▝[38;2;40;8;114;48;2;42;6;112m▀▀[48;2;41;7;112m [38;2;42;7;113;48;2;41;8;115m▗[38;2;39;6;113;48;2;42;6;112m▀[38;2;42;6;114;48;2;39;6;114m▃[38;2;45;7;115m▁[38;2;42;6;114;48;2;40;6;113m▃[38;2;43;6;114;48;2;39;6;113m▃[38;2;45;6;114;48;2;39;6;114m▁[48;2;40;7;114m▂[38;2;44;6;116;48;2;38;6;114m▃[38;2;46;6;115;48;2;40;5;114m▂[38;2;48;6;116;48;2;39;6;114m▂[38;2;44;6;116;48;2;38;7;114m▃[38;2;45;6;117;48;2;39;6;114m▃[38;2;46;6;117m▃[38;2;47;6;117;48;2;40;7;115m▃[38;2;49;7;117;48;2;39;6;114m▃[38;2;47;7;118;48;2;40;7;114m▃▃[38;2;40;7;114;48;2;47;7;118m▀[48;2;49;7;118m▀[38;2;52;7;121;48;2;41;6;115m▃[48;2;42;7;116m▃[38;2;51;8;119m▃[48;2;42;8;117m▃[38;2;42;8;117;48;2;52;7;121m▀[38;2;43;8;117;48;2;53;8;121m▀[38;2;54;7;120;48;2;44;8;117m▃[38;2;56;7;121;48;2;45;8;117m▃[38;2;46;7;117;48;2;57;6;122m▀[38;2;46;7;114;48;2;53;6;121m▀[38;2;0;6;5;48;2;58;5;120m▝[38;2;42;2;110;48;2;1;0;3m▖[48;2;0;1;0m [48;2;0;0;0m           [38;2;32;6;99m▔[0m
[38;2;42;12;114;48;2;42;12;114m [38;2;44;11;111;48;2;42;12;112m▃▃▃▂▂[38;2;44;11;112;48;2;42;12;111m▁[48;2;42;12;112m▃[38;2;45;10;112;48;2;42;11;112m▂[38;2;45;12;113;48;2;42;12;112m▃[38;2;44;11;114;48;2;42;10;113m▁[48;2;43;11;114m  [48;2;41;12;113m [38;2;3;1;12;48;2;38;10;113m▂[38;2;0;1;1;48;2;39;12;113m▃[38;2;0;0;0;48;2;42;11;113m▃[38;2;41;12;112;48;2;0;1;1m▀[38;2;0;0;0;48;2;40;10;114m▅[38;2;1;0;0;48;2;40;11;114m▅[38;2;0;0;1;48;2;41;12;114m▅[38;2;41;12;113;48;2;0;0;0m▀[38;2;41;10;112;48;2;1;1;1m▀[38;2;40;12;110;48;2;0;0;1m▀[38;2;0;0;0;48;2;40;10;112m▃[48;2;42;12;110m▂[38;2;6;1;29;48;2;41;11;110m▁[48;2;42;10;110m [48;2;41;11;110m [38;2;43;12;112m▝[38;2;43;10;111;48;2;41;10;111m▗[38;2;42;10;111;48;2;43;10;111m▀[38;2;43;10;110;48;2;43;12;112m▃[38;2;42;11;112;48;2;44;10;112m▀[38;2;42;11;113m▀[38;2;44;10;112;48;2;42;11;112m▅[48;2;44;12;114m▅[48;2;45;11;112m [38;2;48;12;114;48;2;46;11;113m▁[48;2;46;12;114m▗[38;2;48;12;112m▁[38;2;46;12;114;48;2;46;15;115m▆[38;2;49;13;114;48;2;47;14;115m▁[38;2;48;14;114m▁[38;2;46;14;117;48;2;48;13;115m▔[38;2;48;13;115;48;2;47;14;115m▅[38;2;49;14;116;48;2;48;15;117m▆[38;2;49;15;118;48;2;50;14;116m▔[48;2;49;14;116m [38;2;51;15;116;48;2;49;15;117m▁[48;2;49;14;116m [38;2;51;15;115;48;2;50;17;118m▅[38;2;52;16;117;48;2;50;15;117m▕[38;2;52;15;116;48;2;51;16;118m▆[48;2;53;15;117m [48;2;53;17;117m  [38;2;55;18;118m▗[38;2;53;17;117;48;2;54;18;119m▘[48;2;54;17;117m▘[38;2;56;17;117;48;2;54;18;119m▆[48;2;56;19;119m [38;2;58;19;118;48;2;56;19;117m▁[38;2;56;19;119;48;2;58;19;118m▀[38;2;58;18;119;48;2;56;19;119m▅[38;2;58;19;118m▅[38;2;58;20;117;48;2;57;19;118m▂[48;2;59;19;119m [38;2;57;19;118;48;2;58;19;119m▗[38;2;57;19;120;48;2;56;19;118m▀[48;2;57;20;120m [48;2;56;19;119m [48;2;54;22;119m [38;2;59;19;119;48;2;57;19;118m▂[48;2;58;19;121m [48;2;58;17;121m [48;2;58;19;119m [48;2;58;19;120m [48;2;60;19;118m [48;2;58;20;119m [48;2;60;20;119m [48;2;61;20;120m [38;2;61;20;119;48;2;58;20;121m▁[38;2;61;21;117;48;2;60;20;119m▁[48;2;58;20;121m [48;2;56;19;120m [48;2;56;20;120m [38;2;58;20;118;48;2;58;21;121m▘[48;2;57;21;121m [48;2;56;19;120m [38;2;55;19;119;48;2;57;19;121m▔[38;2;56;20;120;48;2;56;19;121m▂[48;2;56;16;118m [38;2;55;15;117;48;2;56;15;117m▝[38;2;56;15;117;48;2;53;15;117m▃[38;2;55;14;118;48;2;53;15;118m▃[38;2;56;15;119;48;2;53;14;117m▁[38;2;56;14;118;48;2;52;13;117m▁[38;2;55;14;119m▁[38;2;54;13;119;48;2;51;12;117m▂[38;2;53;12;119;48;2;50;11;116m▂[38;2;54;12;118m▁[38;2;53;12;119;48;2;49;10;117m▂[38;2;53;11;119;48;2;49;11;115m▃[38;2;52;10;118;48;2;47;10;116m▃[38;2;51;10;118;48;2;46;10;115m▃[38;2;53;9;118;48;2;47;9;115m▃[48;2;46;8;115m▃[38;2;56;10;119m▂[38;2;58;9;119m▂[38;2;54;8;119;48;2;46;8;117m▃[38;2;58;8;119m▂[38;2;60;8;121;48;2;49;8;117m▂[38;2;60;7;121m▂▂[38;2;64;7;120;48;2;47;7;118m▂[38;2;59;7;120m▃[38;2;59;6;118m▃[38;2;61;8;120;48;2;49;7;118m▃[38;2;62;8;121m▃[38;2;70;7;122;48;2;51;6;119m▂[38;2;64;6;121;48;2;49;6;118m▃[38;2;49;6;118;48;2;65;6;121m▀[38;2;52;7;119;48;2;67;6;122m▀[38;2;67;6;122;48;2;52;6;119m▃[38;2;68;6;123;48;2;53;7;119m▃[38;2;68;4;121;48;2;56;6;120m▃[38;2;71;6;123;48;2;55;6;119m▃[38;2;72;6;123;48;2;56;7;121m▃[38;2;74;6;124m▃[38;2;58;7;121;48;2;74;6;123m▀[48;2;75;6;123m▀[38;2;75;6;125;48;2;60;8;122m▃[38;2;58;7;121;48;2;75;6;125m▀[38;2;80;6;125;48;2;61;6;122m▃[38;2;61;6;122;48;2;78;6;126m▀[38;2;64;6;123;48;2;78;6;125m▀▀[38;2;66;6;123;48;2;80;7;126m▀[38;2;66;7;122;48;2;80;6;125m▀[48;2;81;6;126m▀[38;2;67;7;124m▀[38;2;67;8;123;48;2;83;8;126m▀[38;2;67;8;125;48;2;85;6;126m▀[38;2;69;7;122;48;2;85;8;128m▀[38;2;71;7;124;48;2;86;8;128m▀[48;2;78;3;127m [38;2;1;0;6;48;2;80;7;125m▀[48;2;1;0;1m [48;2;0;0;0m   [38;2;9;0;15m▁      [48;2;0;0;1m [0m
[38;2;45;11;111;48;2;47;11;112m▀[38;2;48;12;112;48;2;45;11;111m▅[38;2;47;11;112m▆▆[38;2;48;12;112;48;2;46;11;113m▅[48;2;46;12;112m▅[48;2;48;12;112m [48;2;46;12;112m▆[38;2;44;12;113;48;2;49;12;112m▔[38;2;0;0;0;48;2;45;12;113m▁[48;2;43;12;112m▃[48;2;44;12;110m▅[38;2;20;4;65;48;2;0;0;0m▔               [38;2;31;9;105m▔[38;2;1;1;0;48;2;42;12;108m▅[38;2;44;11;111;48;2;0;1;3m▀[38;2;1;0;15;48;2;43;10;111m▂[48;2;45;11;111m [38;2;46;12;114;48;2;46;10;111m▁[38;2;44;10;110;48;2;49;13;111m▔[38;2;47;10;112;48;2;46;10;111m▁[38;2;47;11;112;48;2;45;11;111m▆[38;2;48;10;112;48;2;46;11;112m▆[48;2;49;11;112m [38;2;51;12;114;48;2;49;11;114m▅[38;2;51;13;114m▅[38;2;51;14;114;48;2;49;12;114m▆[38;2;51;12;114m▆[38;2;52;14;115m▆[38;2;49;13;114;48;2;52;14;115m▔[38;2;52;14;115;48;2;50;12;115m▆[48;2;51;13;116m▆[38;2;53;15;115;48;2;51;14;115m▅[38;2;53;15;116m▆[38;2;56;16;115;48;2;53;15;116m▁[38;2;54;16;115;48;2;53;16;116m▆[38;2;53;15;117;48;2;56;16;117m▀[38;2;56;16;117;48;2;53;15;117m▆[38;2;54;16;117;48;2;56;16;117m▔[38;2;58;16;118;48;2;56;15;117m▅[38;2;57;17;117m▆[38;2;56;16;117;48;2;58;17;117m▀[38;2;58;17;117;48;2;56;17;116m▆[38;2;57;17;117;48;2;58;18;117m▘[38;2;58;17;117m▆[38;2;59;18;117;48;2;58;19;118m▃[38;2;58;17;117;48;2;62;19;117m▀[38;2;58;18;117;48;2;61;18;117m▔[38;2;59;18;118;48;2;62;19;119m▔[38;2;63;20;119;48;2;61;18;119m▃[48;2;61;20;119m [38;2;60;20;118m▂[48;2;65;18;118m [48;2;62;19;118m [38;2;62;18;118;48;2;58;17;117m▃[38;2;62;19;119;48;2;58;17;119m▅[38;2;60;19;119;48;2;58;19;118m▅[38;2;61;20;119;48;2;58;21;118m▅[38;2;60;22;117;48;2;60;19;121m▗[48;2;62;19;118m [38;2;58;18;119;48;2;57;20;119m▅[38;2;56;18;117;48;2;59;18;118m▀[38;2;58;18;119;48;2;56;19;119m▅[38;2;58;19;119m▃[38;2;57;19;119;48;2;60;20;118m▅[38;2;58;18;119;48;2;62;21;118m▁[38;2;65;21;119;48;2;63;19;119m▃[48;2;64;22;119m [48;2;60;19;119m [38;2;62;18;119;48;2;57;20;120m▏[38;2;59;19;120;48;2;56;19;119m▁[38;2;58;19;118;48;2;56;20;118m▃[38;2;57;20;120;48;2;60;20;119m▀[38;2;56;19;119;48;2;57;20;120m▔[48;2;58;21;121m [38;2;57;19;120;48;2;255;237;0m▀[38;2;57;21;121m▀[38;2;255;235;0;48;2;67;16;123m▂[48;2;71;15;124m [38;2;62;15;121;48;2;71;16;125m▀[38;2;60;15;120;48;2;74;15;123m▀[38;2;62;14;120m▀[38;2;62;14;121;48;2;74;14;124m▀[38;2;62;13;121;48;2;74;12;125m▀[48;2;76;13;124m▀[38;2;62;11;121;48;2;77;12;128m▀[38;2;65;12;123;48;2;78;12;126m▀[38;2;63;12;122;48;2;79;13;127m▀[38;2;64;11;122;48;2;79;12;128m▀[38;2;65;10;123;48;2;78;11;127m▀[38;2;66;10;123;48;2;80;12;128m▀[48;2;83;12;129m▀[38;2;80;10;127;48;2;65;9;122m▅[38;2;69;10;123;48;2;84;10;128m▀[38;2;69;9;123;48;2;85;10;130m▀[38;2;71;9;124;48;2;85;10;129m▀[38;2;84;10;127;48;2;69;8;123m▅[38;2;86;10;128m▅[38;2;87;8;128;48;2;73;8;124m▅▅[38;2;90;10;130;48;2;74;8;124m▅[38;2;90;8;128;48;2;75;8;124m▅[38;2;79;8;125;48;2;90;8;128m▀[38;2;91;9;128;48;2;76;8;126m▅[38;2;92;9;129;48;2;78;8;125m▅[38;2;93;8;130;48;2;80;7;125m▅[38;2;94;9;129;48;2;81;8;126m▅[48;2;83;8;126m▅[38;2;94;8;129m▅[38;2;95;9;130;48;2;84;8;127m▅[38;2;96;8;130;48;2;85;8;127m▅[38;2;96;9;128;48;2;86;7;127m▆▅[38;2;97;8;128;48;2;87;7;127m▅[38;2;97;8;130;48;2;89;7;128m▆[38;2;99;7;128;48;2;90;7;128m▅[38;2;99;8;130m▅[38;2;99;8;129;48;2;92;6;128m▅[38;2;99;10;130;48;2;93;7;128m▅[38;2;100;9;131;48;2;94;6;128m▅[38;2;100;7;127;48;2;94;6;127m▅[38;2;103;8;128;48;2;95;6;128m▅[38;2;101;8;129;48;2;96;6;128m▆[38;2;101;8;128;48;2;98;6;128m▆[38;2;100;8;128;48;2;98;7;129m▆[38;2;101;8;128;48;2;97;6;128m▆[38;2;97;8;128;48;2;101;9;128m▀[38;2;102;9;129;48;2;99;8;128m▗[38;2;102;9;128m▅[38;2;103;10;129;48;2;99;8;127m▅[48;2;101;9;128m [38;2;102;9;128;48;2;100;10;128m▅[38;2;102;10;129;48;2;99;8;128m▆[48;2;103;10;129m [38;2;102;9;128;48;2;3;1;5m▆[38;2;9;3;20;48;2;94;1;117m▔[38;2;0;0;0;48;2;97;1;112m▃[38;2;94;0;114;48;2;0;0;0m▔      [38;2;103;12;128m▐[0m
[38;2;49;11;112;48;2;51;12;113m▀▀[48;2;52;12;112m▀[38;2;53;12;114;48;2;51;10;112m▗[38;2;51;12;113;48;2;49;11;112m▅[38;2;57;12;119;48;2;49;10;112m▁[38;2;7;0;24;48;2;55;10;112m▂[38;2;51;12;113;48;2;3;0;2m▀[38;2;45;14;114;48;2;0;0;0m▔                        [38;2;0;1;0;48;2;42;12;112m▅[38;2;48;12;114;48;2;0;0;1m▀[38;2;2;0;3;48;2;49;11;112m▁[48;2;50;12;113m [48;2;51;11;112m [38;2;52;12;113;48;2;51;12;114m▆[38;2;55;12;114;48;2;53;12;114m▅[38;2;56;14;114m▅[38;2;57;14;116;48;2;55;12;114m▃[38;2;55;13;115;48;2;57;14;116m▀[38;2;57;14;116;48;2;54;14;115m▆[38;2;58;14;115;48;2;54;14;116m▆[38;2;55;13;115;48;2;58;15;116m▀[38;2;54;14;116;48;2;58;15;115m▔[38;2;58;15;116;48;2;57;14;116m▃[48;2;58;15;117m [38;2;60;15;117;48;2;58;15;115m▂[38;2;60;16;115;48;2;58;15;117m▅[38;2;61;17;117m▅[38;2;62;17;117m▆[38;2;60;17;117;48;2;59;16;118m▅[38;2;58;16;118;48;2;61;15;115m▀[38;2;60;17;119;48;2;60;15;114m▀[38;2;60;17;118m▀[38;2;63;16;114;48;2;60;17;117m▂[38;2;65;17;116;48;2;62;17;116m▃[38;2;66;18;117;48;2;62;17;117m▃[38;2;65;18;117;48;2;62;19;118m▆[38;2;66;22;119;48;2;65;18;120m▃[38;2;69;20;119;48;2;65;18;119m▃[38;2;69;21;119;48;2;65;19;117m▃[48;2;63;19;119m [38;2;66;19;117;48;2;64;18;118m▂[38;2;62;19;116;48;2;67;19;118m▔[38;2;69;19;117;48;2;65;19;117m▆[38;2;68;19;119;48;2;66;19;117m▆[38;2;65;19;118;48;2;67;19;117m▔[38;2;65;20;119m▀[38;2;64;19;118;48;2;67;20;117m▀[48;2;66;21;117m [38;2;66;19;117;48;2;62;21;117m▆[38;2;63;19;119;48;2;67;22;119m▀[38;2;62;19;118;48;2;66;22;119m▀[48;2;64;21;119m▀[38;2;62;20;119;48;2;60;19;117m▅[38;2;60;20;120;48;2;59;19;119m▃[38;2;58;19;119;48;2;58;19;118m▅[48;2;58;18;118m [38;2;58;19;118;48;2;65;21;120m▖[48;2;64;22;118m [48;2;65;20;119m [38;2;68;22;117;48;2;59;19;119m▆[38;2;62;19;119;48;2;71;22;119m▀[38;2;70;23;117;48;2;60;21;119m▃[38;2;61;19;118;48;2;71;21;120m▀[48;2;68;21;119m [38;2;131;107;116;48;2;255;240;0m▏[38;2;255;243;0m▖[38;2;255;241;0;48;2;255;239;0m▖[38;2;255;236;0;48;2;255;237;0m▝[38;2;255;233;0;48;2;69;17;123m▏[38;2;75;15;123;48;2;71;15;122m▀[38;2;71;15;122;48;2;76;16;125m▃[38;2;76;15;124;48;2;73;15;123m▀[38;2;77;15;126m▀[38;2;78;15;126;48;2;73;14;122m▀[38;2;79;13;126;48;2;73;13;123m▀[38;2;80;14;128;48;2;72;15;123m▀[38;2;80;13;128;48;2;70;12;121m▀[38;2;80;12;126;48;2;72;12;123m▀[38;2;80;11;128;48;2;72;11;123m▀[38;2;81;13;128;48;2;72;12;123m▀[38;2;82;12;127;48;2;74;11;124m▀[38;2;83;12;129;48;2;75;11;124m▀[48;2;74;10;121m▀[38;2;85;12;128;48;2;74;10;122m▀[38;2;85;10;129;48;2;76;9;123m▀[38;2;85;10;127;48;2;76;10;122m▀[38;2;87;10;128;48;2;74;10;122m▀[48;2;76;10;122m▀[38;2;87;9;127m▀[38;2;89;9;128;48;2;76;9;121m▀[48;2;77;9;123m▀[38;2;89;10;125;48;2;78;10;124m▀[38;2;91;8;126m▀[38;2;91;9;128;48;2;78;8;122m▀[38;2;92;9;129;48;2;79;9;123m▀[38;2;92;10;128;48;2;76;8;123m▀[38;2;92;9;127;48;2;77;9;123m▀[38;2;92;10;128m▀[38;2;92;8;128m▀[38;2;91;8;126;48;2;78;8;123m▀[38;2;92;8;126;48;2;77;9;122m▀[48;2;77;6;120m▀[38;2;94;8;127;48;2;80;6;123m▀[48;2;89;8;123m [38;2;22;2;60;48;2;89;8;124m▁[38;2;1;1;12;48;2;90;8;126m▂[38;2;1;0;6;48;2;92;7;123m▃[38;2;96;8;126;48;2;0;0;0m▀[38;2;97;8;131m▀[38;2;0;0;0;48;2;98;10;123m▅[48;2;99;8;130m▆[48;2;100;8;128m▆[48;2;101;9;126m▆[48;2;99;12;124m▆▆[48;2;90;9;117m▅[48;2;98;10;122m▅[38;2;99;9;123;48;2;0;0;0m▀[38;2;96;9;127;48;2;0;0;1m▀[38;2;1;0;4;48;2;92;10;121m▃[38;2;10;0;23;48;2;87;10;123m▁[38;2;58;8;110;48;2;89;9;123m▁[38;2;98;10;127;48;2;76;10;121m▀[38;2;97;10;127;48;2;78;8;117m▀[48;2;85;11;123m [38;2;1;2;3;48;2;78;12;120m▝[48;2;1;0;0m [48;2;0;0;0m       [38;2;82;9;122m▐[0m
[38;2;56;12;113;48;2;53;12;112m▆▆[48;2;56;12;111m [48;2;53;12;114m [38;2;10;0;40;48;2;54;12;114m▂[38;2;0;0;1;48;2;49;13;111m▆[48;2;0;0;0m              [48;2;2;0;0m [48;2;0;0;0m [38;2;35;8;93;48;2;0;0;3m▗[48;2;0;0;1m [48;2;0;0;0m      [38;2;55;26;93m▗[38;2;65;29;110m▅[38;2;51;12;112;48;2;1;1;1m▆[38;2;51;11;112;48;2;1;0;6m▅[38;2;51;12;108;48;2;1;0;5m▖[38;2;10;1;29;48;2;1;1;5m▁[38;2;50;9;116;48;2;4;0;13m▔[38;2;5;1;17;48;2;55;10;113m▃[48;2;55;12;112m [38;2;57;12;112m▗[38;2;58;13;113;48;2;57;12;112m▕[48;2;58;14;115m [38;2;61;14;116;48;2;59;14;115m▁[38;2;65;15;118m▁ [48;2;60;15;116m [38;2;62;15;114;48;2;59;15;116m▁[38;2;61;15;114;48;2;60;15;116m▅[38;2;60;15;117;48;2;62;15;115m▔[38;2;61;16;116;48;2;62;16;115m▀[38;2;63;17;114;48;2;62;17;115m▅[38;2;64;17;116;48;2;62;17;116m▃[38;2;64;17;114m▃[38;2;64;16;115;48;2;62;17;114m▂[38;2;62;15;114;48;2;65;16;114m▀[38;2;66;16;114;48;2;63;15;114m▃[38;2;64;15;114;48;2;67;17;114m▀[38;2;69;18;116;48;2;65;17;115m▃[38;2;70;17;117;48;2;67;17;115m▃[38;2;70;19;117;48;2;67;18;116m▃[38;2;69;19;117;48;2;71;20;117m▀[38;2;71;19;118;48;2;70;20;117m▃[38;2;69;22;117;48;2;69;20;118m▕[38;2;69;21;117;48;2;68;19;117m▃[38;2;70;20;118;48;2;69;19;117m▁[38;2;71;20;117;48;2;67;19;119m▃[38;2;71;21;117;48;2;67;19;117m▂[48;2;70;20;118m [38;2;255;233;0;48;2;69;20;118m▂[38;2;255;235;0;48;2;69;21;118m▃[38;2;255;232;0;48;2;69;21;119m▅[38;2;255;229;0;48;2;126;98;115m▆[38;2;255;227;0;48;2;131;102;116m▆[38;2;255;224;0;48;2;134;102;115m▆[38;2;255;222;0;48;2;81;44;125m▅[38;2;68;22;119;48;2;255;220;0m▀[38;2;255;217;0;48;2;66;22;120m▂[48;2;65;21;119m [38;2;65;19;119;48;2;62;21;120m▃[38;2;64;20;119;48;2;60;20;120m▃[38;2;62;19;119;48;2;60;19;119m▃[48;2;58;19;119m [38;2;60;18;118;48;2;64;21;118m▖[38;2;255;221;0;48;2;65;20;118m▁[38;2;255;228;0;48;2;82;45;120m▅[38;2;132;105;118;48;2;255;231;0m▔[38;2;132;105;119;48;2;255;235;0m▔[38;2;255;236;0;48;2;139;110;116m▆[38;2;164;137;111;48;2;255;239;0m▔[38;2;255;243;0;48;2;255;241;0m▝[38;2;255;242;0;48;2;255;240;0m▀[38;2;255;241;0;48;2;255;239;0m▘[38;2;255;236;0;48;2;255;237;0m▗[38;2;255;234;0;48;2;82;45;119m▃[38;2;255;227;0;48;2;67;17;118m▁[38;2;137;106;115;48;2;69;16;118m▁[38;2;70;15;117;48;2;67;15;118m▂[38;2;69;15;117;48;2;68;14;119m▃[38;2;69;12;119;48;2;70;13;117m▀[38;2;71;11;117;48;2;69;12;119m▅[38;2;71;10;117;48;2;69;11;118m▃[38;2;70;10;117;48;2;68;11;117m▃[38;2;69;10;118;48;2;67;10;117m▃[38;2;70;12;121;48;2;67;11;119m▔[38;2;69;11;122;48;2;65;9;118m▔[38;2;69;10;121;48;2;67;10;117m▔[38;2;70;10;121;48;2;66;10;119m▔[38;2;70;9;120;48;2;67;9;117m▔[38;2;66;10;117;48;2;70;9;120m▆[38;2;66;8;116;48;2;69;10;120m▅[38;2;67;8;118;48;2;69;10;121m▆[38;2;71;10;121;48;2;67;8;117m▔[48;2;67;8;118m▔[38;2;65;6;114;48;2;68;8;119m▅[38;2;71;10;121;48;2;66;8;116m▔[38;2;66;8;117;48;2;69;8;119m▅[48;2;66;8;116m [38;2;65;7;115;48;2;68;8;117m▗[38;2;64;8;115;48;2;69;8;119m▅[38;2;63;7;114m▅▅[38;2;64;8;117m▅[38;2;62;7;114m▅[38;2;62;6;115m▅[48;2;65;6;116m [38;2;7;0;23;48;2;62;6;115m▁[38;2;62;5;117;48;2;1;1;1m▀[38;2;0;1;1;48;2;72;6;116m▆[38;2;49;3;107;48;2;0;0;0m▔                  [38;2;0;0;0;48;2;68;10;110m▆[38;2;73;7;114;48;2;0;1;3m▀[38;2;8;0;8;48;2;68;9;117m▁[48;2;69;7;118m [48;2;69;11;115m [38;2;64;11;115;48;2;1;1;1m▃[38;2;55;2;113;48;2;0;1;0m▂[38;2;64;5;112;48;2;0;0;1m▃[38;2;65;8;113;48;2;0;3;1m▃[38;2;51;1;97;48;2;0;0;1m▖[48;2;0;0;0m  [38;2;46;1;97m▝[0m
[38;2;58;14;113;48;2;58;14;113m [48;2;58;13;114m [38;2;16;0;44;48;2;58;12;114m▁[38;2;58;14;111;48;2;0;0;1m▔[48;2;1;0;0m [48;2;0;0;0m          [48;2;2;0;0m [38;2;0;0;1;48;2;39;8;71m▖[38;2;56;22;108;48;2;0;0;1m▂[48;2;0;1;0m [48;2;0;0;0m [38;2;5;0;0;48;2;1;0;0m▁[48;2;0;0;0m [38;2;66;13;125;48;2;0;0;1m▁[38;2;22;3;58;48;2;53;15;114m▘[38;2;67;15;116;48;2;0;0;6m▆[38;2;3;0;1;48;2;67;16;115m▀[38;2;66;17;115;48;2;0;1;3m▅[38;2;66;15;117;48;2;3;0;8m▆[38;2;5;0;18;48;2;64;16;117m▔[38;2;31;5;69;48;2;57;19;108m▔[38;2;57;12;112;48;2;54;12;112m▆[38;2;55;12;112;48;2;57;11;112m▀[38;2;54;11;112;48;2;58;12;112m▀[48;2;57;12;113m▀[38;2;57;12;113;48;2;53;12;113m▅[38;2;31;10;72;48;2;57;12;112m▔[38;2;21;4;48;48;2;61;15;112m▔[38;2;17;1;37;48;2;61;13;112m▔[38;2;63;14;112;48;2;23;5;44m▆[48;2;60;12;112m▃[38;2;60;12;112;48;2;62;14;112m▀[38;2;64;15;114;48;2;62;13;114m▂[38;2;65;15;114;48;2;62;15;115m▅[38;2;64;15;115;48;2;62;15;116m▅[38;2;64;16;114;48;2;62;15;114m▅[38;2;63;15;114m▆[38;2;64;15;114;48;2;63;17;114m▁[48;2;62;15;114m▃[48;2;63;15;114m▂[38;2;62;16;115;48;2;65;16;114m▀[38;2;66;17;115;48;2;64;16;116m▃[38;2;67;17;116;48;2;65;17;116m▂[38;2;69;18;117;48;2;66;17;116m▂[38;2;69;17;116;48;2;67;17;116m▃[38;2;68;17;116;48;2;70;17;116m▀[38;2;69;17;115;48;2;71;17;117m▀[38;2;71;18;115;48;2;73;18;117m▀[38;2;72;17;116;48;2;74;19;116m▀[38;2;75;19;117;48;2;73;18;116m▆[38;2;76;19;117;48;2;74;19;117m▂[38;2;73;19;117;48;2;75;20;117m▀[38;2;73;21;118;48;2;72;20;117m▃[38;2;72;22;117;48;2;71;20;118m▖[38;2;70;20;118;48;2;69;19;117m▔[38;2;69;21;118m▔[48;2;68;20;117m [38;2;82;47;119;48;2;255;241;0m▀[48;2;255;242;0m [38;2;255;241;0;48;2;255;240;0m▖[38;2;255;238;0;48;2;255;237;0m▖[38;2;255;235;0;48;2;255;234;0m▍[38;2;255;231;0;48;2;255;232;0m▐[38;2;255;228;0;48;2;255;229;0m▐[38;2;255;226;0;48;2;255;225;0m▍[38;2;255;222;0;48;2;255;223;0m▐[38;2;255;221;0;48;2;255;219;0m▍[38;2;255;216;0;48;2;255;217;0m▐[48;2;255;215;0m [38;2;255;212;0;48;2;82;42;125m▆[48;2;69;20;119m [38;2;65;19;119;48;2;69;19;119m▀[38;2;69;19;119;48;2;64;20;119m▃[38;2;68;19;119;48;2;63;19;119m▃[38;2;255;223;0;48;2;65;21;121m▝[38;2;161;131;97;48;2;255;227;0m▁[38;2;255;230;0;48;2;255;229;0m▀[48;2;255;232;0m▖[38;2;255;232;0;48;2;255;234;0m▃[38;2;255;236;0m▀[38;2;255;237;0;48;2;255;235;0m▀▀[48;2;255;234;0m▀[38;2;255;235;0m▘[38;2;255;233;0;48;2;255;232;0m▘[38;2;255;231;0;48;2;255;229;0m▘[38;2;255;229;0;48;2;255;227;0m▘[38;2;255;224;0;48;2;255;225;0m▗[38;2;84;41;117;48;2;255;222;0m▔[38;2;255;219;0;48;2;74;12;115m▖[38;2;75;10;115;48;2;73;10;115m▅[38;2;74;10;115;48;2;73;10;116m▅[38;2;74;9;115;48;2;72;10;117m▃[48;2;71;10;117m▂[38;2;74;10;116m▃[38;2;74;9;116;48;2;70;11;117m▃[38;2;74;10;117;48;2;69;10;117m▃[38;2;73;9;116;48;2;69;9;117m▂[38;2;73;9;117;48;2;69;10;117m▂[38;2;72;8;117;48;2;69;9;117m▃[48;2;69;10;117m▂[38;2;73;8;116;48;2;68;8;116m▂[38;2;71;8;116m▂[38;2;71;8;115;48;2;67;9;117m▃[38;2;67;8;117;48;2;70;7;114m▀[38;2;67;9;117;48;2;69;7;116m▀[38;2;71;8;117;48;2;67;7;115m▃▂[38;2;69;7;116;48;2;67;9;116m▃[38;2;69;7;117;48;2;67;7;115m▃[38;2;69;7;116;48;2;67;8;116m▃[48;2;67;8;115m▂[38;2;67;8;116;48;2;69;7;116m▀[38;2;65;8;116;48;2;68;8;117m▘[38;2;68;8;116;48;2;65;8;116m▅[38;2;4;2;10;48;2;70;7;116m▝[38;2;1;0;3;48;2;71;8;117m▀[38;2;0;0;1;48;2;69;9;114m▀[38;2;69;10;117;48;2;0;0;0m▃[38;2;71;8;117m▂[38;2;60;8;117m▁[48;2;0;1;0m [38;2;1;0;3;48;2;0;0;0m▁[48;2;0;0;1m [48;2;1;0;0m [48;2;0;0;3m [48;2;0;1;0m [38;2;60;5;114;48;2;2;0;0m▂[38;2;70;5;114;48;2;1;2;10m▖[38;2;45;0;82;48;2;3;0;0m▘[48;2;0;0;0m            [38;2;2;0;1;48;2;73;8;116m▅[38;2;4;1;22;48;2;71;5;117m▂[38;2;68;11;111;48;2;69;3;119m▁[48;2;65;4;117m [48;2;0;0;3m [48;2;0;1;0m [48;2;0;0;0m   [0m
[38;2;60;12;114;48;2;60;12;114m [38;2;61;13;112;48;2;0;0;0m▀              [48;2;0;0;1m [38;2;0;1;1;48;2;61;15;110m▖[38;2;1;0;4;48;2;67;15;112m▝[38;2;67;12;111;48;2;0;1;0m▅[38;2;0;0;3;48;2;67;14;112m▔[48;2;67;12;112m [38;2;65;17;111;48;2;67;13;112m▔[48;2;67;13;114m  [38;2;66;15;114;48;2;68;14;114m▀[38;2;67;15;114;48;2;67;15;115m▅[38;2;67;15;116;48;2;69;15;114m▀[38;2;70;13;115;48;2;67;15;111m▊[38;2;65;13;112;48;2;60;12;112m▂[38;2;65;14;113;48;2;61;12;114m▃[38;2;65;14;112;48;2;60;12;112m▃[38;2;60;12;112;48;2;65;13;113m▀[38;2;63;13;113;48;2;59;13;112m▅[38;2;59;13;112;48;2;62;13;113m▀[38;2;60;13;112;48;2;62;13;114m▀[38;2;64;15;114;48;2;62;14;112m▂[48;2;63;14;114m▃[38;2;64;14;114;48;2;65;15;114m▀[38;2;65;15;114;48;2;64;14;114m▅[38;2;66;15;114;48;2;64;15;114m▆[38;2;65;16;115;48;2;67;16;115m▀[38;2;68;15;115;48;2;65;16;114m▃[38;2;66;15;114;48;2;69;16;114m▀[38;2;71;15;114;48;2;66;15;114m▂[38;2;71;15;113;48;2;65;15;114m▃[38;2;74;15;113;48;2;66;15;114m▃[38;2;75;16;114m▃[38;2;76;16;113;48;2;67;16;115m▃[38;2;77;17;113;48;2;68;17;115m▃[38;2;69;17;116;48;2;76;17;114m▀[38;2;70;17;116m▀[48;2;74;18;115m [38;2;255;237;0;48;2;73;18;117m▂[38;2;85;44;117;48;2;255;239;0m▀[38;2;255;240;0;48;2;121;96;116m▆[48;2;75;19;116m▅[38;2;255;239;0;48;2;77;19;115m▃ [38;2;79;17;114;48;2;77;20;117m▃[38;2;76;20;116;48;2;78;18;114m▀[38;2;74;20;117;48;2;78;19;115m▀[38;2;74;19;117;48;2;79;19;116m▀[48;2;78;20;117m [38;2;255;234;0;48;2;72;22;117m▗[48;2;255;236;0m [38;2;255;240;0;48;2;255;237;0m▀[38;2;255;241;0;48;2;255;238;0m▀[38;2;255;239;0;48;2;255;237;0m▀[48;2;255;236;0m [38;2;255;234;0;48;2;79;21;119m▀[38;2;255;233;0;48;2;78;22;119m▀[38;2;79;22;119;48;2;255;227;0m▅[38;2;255;225;0;48;2;80;22;118m▀[38;2;164;127;100;48;2;255;222;0m▁[38;2;255;220;0;48;2;255;219;0m▍[38;2;255;217;0;48;2;255;215;0m▍[38;2;255;213;0;48;2;255;214;0m▐[38;2;255;211;0;48;2;255;210;0m▊[48;2;255;209;0m [38;2;255;205;0;48;2;76;19;117m▖[38;2;73;19;117;48;2;79;21;117m▀[38;2;72;19;118;48;2;78;20;117m▀▀[48;2;74;20;118m [38;2;255;225;0;48;2;72;21;119m▔[38;2;78;21;117;48;2;255;229;0m▆[38;2;255;230;0;48;2;76;22;119m▀[38;2;255;228;0;48;2;255;231;0m▁[38;2;255;233;0;48;2;255;230;0m▀▀[38;2;255;232;0;48;2;255;229;0m▀[48;2;255;230;0m [48;2;255;228;0m [38;2;255;227;0;48;2;255;225;0m▀[38;2;255;226;0;48;2;255;223;0m▀[38;2;255;223;0;48;2;255;222;0m▀[38;2;255;222;0;48;2;255;220;0m▘[38;2;255;218;0;48;2;78;12;114m▍[38;2;79;12;115;48;2;77;11;114m▃[38;2;76;10;115;48;2;80;11;114m▀[38;2;79;10;114;48;2;76;9;115m▅[38;2;80;9;115;48;2;77;9;115m▃[38;2;81;8;115;48;2;77;8;115m▃[38;2;76;8;115;48;2;82;8;114m▀[38;2;80;9;114;48;2;76;9;115m▆[38;2;76;9;115;48;2;81;9;114m▀[38;2;76;8;116;48;2;80;10;115m▀[38;2;75;8;116;48;2;79;10;116m▀[38;2;74;8;116;48;2;78;8;116m▀[38;2;77;8;116;48;2;73;8;116m▅[38;2;76;8;116;48;2;72;9;117m▅[38;2;75;8;115;48;2;71;8;117m▅[38;2;73;8;116;48;2;75;8;115m▀▀[38;2;75;8;115;48;2;71;8;115m▅[38;2;72;7;115;48;2;75;8;115m▀[38;2;74;7;114;48;2;72;7;115m▅[38;2;72;7;115;48;2;76;7;117m▀[48;2;74;7;116m▀[38;2;72;7;117;48;2;74;8;117m▀[38;2;72;7;115;48;2;76;7;117m▀[38;2;71;8;117;48;2;74;8;116m▀[38;2;75;8;117;48;2;70;8;117m▅[48;2;72;7;117m▆[48;2;71;8;117m▅[38;2;76;8;117;48;2;72;6;116m▆[48;2;74;8;117m [38;2;70;8;117m▔ [48;2;75;10;119m [38;2;10;1;15;48;2;75;9;117m▔[38;2;74;8;118;48;2;6;0;14m▅[38;2;1;0;4;48;2;75;8;118m▀[38;2;0;0;1;48;2;73;6;117m▀[38;2;21;0;44;48;2;71;12;117m▔[38;2;0;1;4;48;2;65;4;115m▅[48;2;0;1;0m [48;2;0;1;1m [48;2;0;0;0m   [48;2;0;2;0m [38;2;52;1;104;48;2;0;0;0m▂[48;2;0;1;0m  [48;2;0;0;0m       [38;2;70;11;119;48;2;0;1;1m▔[38;2;62;3;117m▀[38;2;5;0;6;48;2;69;15;111m▝[38;2;71;10;111;48;2;3;0;1m▖[48;2;0;0;3m [48;2;1;0;0m [48;2;0;0;0m [0m
[38;2;1;1;1;48;2;1;1;1m [48;2;0;0;0m        [48;2;0;1;0m [38;2;66;17;109;48;2;1;0;0m▁[48;2;0;2;0m [48;2;0;1;0m [48;2;0;0;0m [38;2;75;15;112m▂[38;2;0;0;0;48;2;73;11;110m▀[38;2;255;206;0;48;2;71;15;123m▁[48;2;73;17;121m▅[38;2;141;99;98;48;2;255;206;0m▔[38;2;194;143;82;48;2;255;207;0m▔[38;2;81;38;108;48;2;255;208;0m▝[48;2;72;13;112m [38;2;68;13;111;48;2;71;12;112m▔[38;2;69;14;112;48;2;72;15;113m▔[38;2;73;15;114;48;2;71;14;112m▃[38;2;74;16;114m▃[38;2;75;15;112;48;2;73;15;114m▂[38;2;74;15;114;48;2;71;16;114m▅▅[38;2;73;15;114;48;2;69;14;113m▍[38;2;68;14;114;48;2;67;13;113m▊[38;2;66;14;114;48;2;64;13;113m▘[38;2;62;14;114;48;2;65;13;113m▆[38;2;65;14;114;48;2;62;14;114m▂[38;2;67;15;114;48;2;63;14;114m▁[38;2;68;15;114;48;2;64;14;113m▁[48;2;65;15;114m▃[38;2;70;15;114;48;2;67;15;114m▂[38;2;71;16;114;48;2;67;16;115m▃[38;2;74;16;114;48;2;68;17;114m▂[38;2;73;17;114;48;2;69;17;115m▃[38;2;75;17;113;48;2;71;17;114m▂[48;2;71;16;114m [38;2;255;213;0;48;2;74;15;113m▁[38;2;255;215;0;48;2;77;15;112m▁[38;2;255;216;0;48;2;81;15;112m▁[38;2;80;15;113;48;2;87;16;111m▀[38;2;83;16;112;48;2;89;17;112m▀[38;2;91;17;111;48;2;85;17;112m▃[38;2;91;17;112;48;2;84;17;113m▃▃[38;2;83;18;114;48;2;88;17;114m▀[38;2;255;233;0;48;2;86;18;114m▕[48;2;255;238;0m▏[38;2;255;241;0;48;2;255;240;0m▐[38;2;255;243;0;48;2;255;242;0m▝[38;2;255;241;0m▐[48;2;255;239;0m [38;2;255;233;0;48;2;92;44;115m▍[38;2;90;19;113;48;2;84;19;114m▃[38;2;90;19;114m▃[38;2;91;20;114;48;2;83;20;115m▃[48;2;87;21;115m [38;2;255;227;0;48;2;97;45;121m▗[38;2;255;228;0;48;2;255;231;0m▁[38;2;255;234;0m▀[38;2;255;235;0;48;2;255;232;0m▀[38;2;255;232;0;48;2;255;235;0m▃[38;2;97;46;116;48;2;255;233;0m▗[48;2;86;21;117m [38;2;92;22;116;48;2;81;20;117m▂[38;2;91;22;116;48;2;81;21;118m▁[38;2;88;22;117;48;2;81;22;118m▂[38;2;87;22;117;48;2;82;22;118m▂[48;2;84;22;117m [38;2;87;22;116;48;2;255;216;0m▖[38;2;255;216;0;48;2;255;214;0m▘[38;2;255;213;0;48;2;255;212;0m▘[38;2;255;211;0;48;2;255;210;0m▘[38;2;255;208;0;48;2;255;207;0m▘[38;2;174;126;107;48;2;255;206;0m▕[48;2;88;22;116m [38;2;91;24;115;48;2;85;20;116m▃[38;2;90;23;116;48;2;84;22;116m▃[38;2;89;22;116m▃[38;2;83;21;117;48;2;88;23;117m▀[38;2;87;22;117;48;2;81;21;116m▃[38;2;85;24;117;48;2;255;220;0m▊[38;2;255;226;0;48;2;255;224;0m▀[38;2;255;224;0;48;2;255;227;0m▃▃[48;2;255;225;0m [48;2;82;19;117m [38;2;132;96;117;48;2;80;17;117m▔[38;2;255;222;0;48;2;80;16;117m▔[38;2;81;15;117;48;2;255;221;0m▆[38;2;80;15;116;48;2;255;220;0m▅[38;2;81;13;115;48;2;255;217;0m▅[48;2;82;12;116m [38;2;82;12;116;48;2;81;12;115m▁[38;2;82;12;115;48;2;81;11;114m▃[38;2;83;13;114;48;2;81;10;114m▃[38;2;81;10;114;48;2;82;12;114m▀[48;2;81;12;115m [38;2;255;214;0;48;2;83;11;114m▁[38;2;255;216;0;48;2;83;10;114m▂[38;2;255;217;0;48;2;81;10;114m▃[38;2;255;218;0;48;2;81;10;115m▃[38;2;80;9;115;48;2;255;219;0m▀[38;2;255;220;0;48;2;80;8;115m▃[38;2;255;221;0;48;2;80;8;114m▂[38;2;255;222;0;48;2;78;8;114m▁[48;2;80;8;115m [38;2;84;7;115;48;2;78;8;114m▁[38;2;83;8;115;48;2;79;7;114m▁[38;2;80;8;115;48;2;78;8;114m▃[38;2;81;7;115;48;2;77;7;114m▃[38;2;81;7;114;48;2;78;6;115m▂[38;2;80;6;116m▃▂[38;2;80;6;114m▂[38;2;81;7;115;48;2;78;8;116m▂[38;2;80;6;116;48;2;78;6;115m▃▃[48;2;78;6;114m▃[48;2;78;6;115m▃[38;2;80;6;114;48;2;78;8;116m▂[38;2;80;8;115m▃[38;2;79;7;114;48;2;78;6;115m▅[38;2;80;8;115;48;2;78;8;116m▃▃[38;2;80;8;117m▃[48;2;76;8;115m▃[38;2;76;8;115;48;2;79;7;116m▔[38;2;80;8;115;48;2;74;8;117m▁[38;2;79;7;116;48;2;76;10;114m▅[48;2;78;8;117m [38;2;80;7;121;48;2;9;0;19m▆[38;2;1;0;3;48;2;81;9;118m▀[38;2;80;8;116;48;2;0;0;0m▃[38;2;85;6;115;48;2;1;0;1m▂[38;2;83;7;116;48;2;5;0;3m▅[38;2;5;0;16;48;2;71;8;118m▗[38;2;69;0;110;48;2;0;1;3m▔[48;2;0;0;0m    [48;2;0;1;0m   [48;2;0;0;0m    [48;2;0;1;0m [38;2;74;9;112;48;2;0;1;3m▀[38;2;56;8;96;48;2;12;2;25m▖[48;2;0;0;0m  [0m
[38;2;0;0;0;48;2;0;0;0m        [48;2;0;0;1m [38;2;69;11;104;48;2;5;0;12m▅[48;2;68;10;108m [38;2;1;0;3;48;2;73;12;108m▝[38;2;70;17;108;48;2;0;1;3m▆[38;2;7;0;23;48;2;75;15;111m▁[38;2;0;0;3;48;2;74;14;112m▁[38;2;1;0;0;48;2;74;13;112m▁[38;2;151;105;104;48;2;255;209;0m▏[38;2;255;210;0;48;2;255;208;0m▅[38;2;255;212;0;48;2;255;210;0m▃[38;2;255;210;0;48;2;255;213;0m▀[38;2;255;211;0;48;2;255;214;0m▀[38;2;121;84;115;48;2;255;215;0m▝[48;2;74;14;112m [38;2;77;13;114;48;2;77;13;112m▀[38;2;76;14;112;48;2;78;13;110m▀[38;2;76;15;112;48;2;78;14;110m▀[38;2;80;14;112;48;2;77;14;111m▃[38;2;78;15;113;48;2;80;14;111m▀[38;2;80;15;113;48;2;78;15;114m▅[38;2;71;15;113;48;2;76;15;112m▕[48;2;66;13;112m▏[48;2;64;13;113m [38;2;67;15;114;48;2;65;15;114m▗[38;2;70;15;114;48;2;67;15;114m▃[38;2;74;15;113;48;2;69;15;114m▁[48;2;70;15;114m▃[38;2;71;16;113;48;2;76;15;112m▀[38;2;74;16;114;48;2;78;15;112m▀[38;2;76;16;114;48;2;80;16;112m▀[38;2;83;17;112;48;2;77;17;113m▃ [38;2;255;207;0;48;2;80;17;114m▂[38;2;255;210;0;48;2;97;52;114m▅[48;2;255;211;0m [38;2;255;215;0;48;2;255;214;0m▐[48;2;255;216;0m [38;2;255;217;0;48;2;98;17;111m▖[38;2;97;17;110;48;2;94;17;111m▅[38;2;95;18;111;48;2;96;19;113m▀[38;2;92;20;115;48;2;94;18;112m▂[38;2;92;18;113;48;2;90;19;114m▀[38;2;90;18;114;48;2;89;17;114m▔[38;2;137;103;112;48;2;89;18;114m▕[48;2;255;235;0m▏[38;2;255;238;0;48;2;255;236;0m▀[38;2;255;237;0;48;2;255;239;0m▅[38;2;255;236;0m▃[38;2;255;237;0;48;2;255;235;0m▀[38;2;255;235;0;48;2;142;102;117m▊[38;2;99;19;113;48;2;104;22;112m▀[38;2;100;19;113;48;2;106;22;114m▀[38;2;105;21;114;48;2;99;20;114m▅[48;2;106;21;114m [48;2;255;223;0m [38;2;255;224;0;48;2;255;227;0m▃[38;2;255;225;0;48;2;255;228;0m▃[38;2;255;229;0;48;2;255;226;0m▀[38;2;255;225;0;48;2;255;228;0m▁[38;2;255;223;0;48;2;111;22;116m▏[38;2;109;22;115;48;2;100;22;117m▅[38;2;100;23;114;48;2;108;24;114m▀[38;2;99;23;115;48;2;107;24;114m▀[38;2;95;22;116;48;2;104;23;114m▀[38;2;93;22;116;48;2;102;23;114m▀[38;2;92;22;116;48;2;100;22;115m▀[38;2;255;211;0m▕[38;2;255;214;0;48;2;255;212;0m▘[38;2;255;211;0;48;2;255;210;0m▘[38;2;255;209;0;48;2;255;207;0m▘[38;2;255;207;0;48;2;255;205;0m▘[38;2;255;204;0;48;2;255;203;0m▘[38;2;255;201;0;48;2;102;25;115m▍[38;2;98;22;115;48;2;104;22;115m▀[38;2;103;26;114;48;2;96;25;114m▅[38;2;102;24;116;48;2;96;24;116m▃[38;2;101;25;115;48;2;95;24;117m▅[48;2;101;23;117m [38;2;155;108;109;48;2;255;218;0m▏[38;2;255;219;0;48;2;255;222;0m▅[38;2;255;222;0;48;2;255;219;0m▀▀[38;2;255;220;0;48;2;138;100;105m▊[38;2;89;21;117;48;2;84;22;117m▃[38;2;83;18;117;48;2;87;20;117m▀[38;2;85;18;117;48;2;83;19;116m▂[38;2;85;17;117;48;2;83;17;117m▂[38;2;83;16;117;48;2;82;15;117m▅[38;2;84;16;117;48;2;83;15;117m▂▂[38;2;83;15;116;48;2;83;15;115m▆[38;2;85;15;116;48;2;83;14;116m▂ [38;2;90;21;118;48;2;255;210;0m▀[38;2;153;104;123;48;2;255;212;0m▔[38;2;255;214;0;48;2;255;213;0m▝[38;2;255;215;0;48;2;255;214;0m▝[48;2;255;216;0m▅[38;2;255;216;0;48;2;255;217;0m▃[38;2;255;217;0;48;2;255;218;0m▖[38;2;255;220;0;48;2;255;219;0m▔[38;2;255;221;0;48;2;255;220;0m▝[38;2;255;222;0;48;2;255;221;0m▝[48;2;255;223;0m▃[38;2;85;12;127;48;2;255;224;0m▔[38;2;255;225;0;48;2;82;8;115m▅[38;2;255;226;0;48;2;84;8;114m▂[48;2;82;8;115m [38;2;83;7;114;48;2;86;6;114m▀[38;2;83;8;116;48;2;85;6;113m▀[38;2;84;7;114;48;2;83;8;115m▅[38;2;85;7;114;48;2;83;7;114m▂[38;2;86;6;114;48;2;83;6;114m▂[38;2;85;8;114m▂[38;2;83;6;115;48;2;85;6;113m▀[38;2;85;6;115;48;2;83;8;115m▂[38;2;86;6;114;48;2;83;6;115m▂[38;2;86;8;114;48;2;83;7;114m▂[48;2;83;8;115m▂[38;2;87;9;114m▂[38;2;83;8;115;48;2;86;8;113m▀[38;2;85;8;114;48;2;83;8;115m▅[38;2;87;8;114;48;2;82;8;115m▂[38;2;86;8;113;48;2;83;8;115m▃[38;2;87;8;114m▂[38;2;87;9;114;48;2;84;7;115m▂[38;2;87;8;115;48;2;83;8;115m▃[38;2;86;8;114m▃[38;2;84;8;117;48;2;86;8;114m▘[38;2;85;6;115;48;2;82;9;117m▅[48;2;87;8;115m [38;2;79;10;116;48;2;85;6;115m▔[48;2;85;9;117m [38;2;86;8;126;48;2;3;0;9m▅[38;2;85;8;119;48;2;1;0;1m▃[38;2;71;3;104;48;2;1;0;0m▁[48;2;4;0;0m [48;2;0;1;0m [48;2;0;0;0m [38;2;84;1;117;48;2;3;1;1m▗[38;2;0;1;3;48;2;49;1;90m▗[48;2;3;0;1m [48;2;0;1;2m [48;2;0;0;0m        [0m
[38;2;0;0;0;48;2;0;0;0m      [48;2;1;1;0m  [38;2;0;2;2;48;2;78;19;107m▅[38;2;0;0;0;48;2;72;15;105m▅[38;2;74;15;112;48;2;0;0;0m▔     [38;2;108;84;57;48;2;255;211;0m▖[38;2;255;212;0;48;2;255;214;0m▀[38;2;255;217;0m▃[38;2;255;218;0;48;2;255;215;0m▃[38;2;255;220;0;48;2;255;217;0m▃[48;2;255;219;0m [38;2;255;224;0;48;2;77;13;110m▖[38;2;0;0;1;48;2;76;12;109m▅[38;2;1;0;1;48;2;76;12;106m▃[38;2;5;1;17;48;2;79;13;101m▁[48;2;76;14;106m [38;2;69;12;98;48;2;78;13;109m▃[48;2;75;14;111m [38;2;75;15;110;48;2;72;14;110m▘[38;2;68;14;114;48;2;71;14;113m▀[38;2;74;17;112;48;2;67;14;114m▃[38;2;69;15;114;48;2;77;15;112m▀[38;2;80;15;112;48;2;73;15;113m▅[38;2;84;15;111;48;2;77;15;112m▃[38;2;79;15;112;48;2;85;15;110m▀[38;2;80;16;111;48;2;89;17;111m▀[38;2;83;15;112;48;2;92;16;110m▀[38;2;94;17;109;48;2;86;17;112m▅[38;2;89;17;111;48;2;99;17;109m▀[48;2;98;18;110m [38;2;172;120;110;48;2;255;207;0m▖[38;2;255;208;0;48;2;255;209;0m▖[38;2;255;210;0;48;2;255;211;0m▖[38;2;255;214;0;48;2;255;213;0m▝[38;2;255;216;0;48;2;255;215;0m▝[38;2;168;126;111;48;2;255;217;0m▝[38;2;140;95;116;48;2;98;22;114m▏[38;2;101;22;115;48;2;95;21;116m▂[38;2;100;20;117;48;2;93;20;116m▃[38;2;91;19;116;48;2;101;20;117m▀[38;2;92;19;116;48;2;102;19;116m▀[38;2;93;18;115;48;2;103;19;116m▀[38;2;255;232;0;48;2;104;19;115m▝[38;2;255;230;0;48;2;255;233;0m▁[38;2;255;235;0;48;2;255;232;0m▀[38;2;255;234;0;48;2;255;231;0m▀[38;2;255;231;0;48;2;255;234;0m▅[38;2;255;230;0;48;2;176;138;107m▊[48;2;103;33;110m [38;2;96;41;101;48;2;108;29;112m▅[38;2;110;31;112;48;2;91;51;95m▀[38;2;96;56;92;48;2;255;218;0m▊[38;2;255;217;0;48;2;255;220;0m▂[38;2;255;222;0;48;2;255;219;0m▀[38;2;255;220;0;48;2;255;223;0m▅[38;2;255;221;0;48;2;255;224;0m▅[38;2;255;223;0;48;2;255;220;0m▀[38;2;255;220;0;48;2;126;43;116m▏[38;2;119;22;115;48;2;114;23;114m▅[38;2;118;23;114;48;2;113;24;115m▅[38;2;117;23;114;48;2;112;24;114m▅[38;2;110;24;114;48;2;117;24;115m▀[38;2;108;24;114;48;2;114;24;114m▀[38;2;105;24;115;48;2;112;24;114m▀[38;2;255;208;0;48;2;106;25;114m▕[38;2;255;209;0;48;2;255;210;0m▅[38;2;255;208;0;48;2;255;207;0m▀[38;2;255;205;0;48;2;255;206;0m▅[38;2;255;204;0;48;2;255;203;0m▘[38;2;255;200;0;48;2;255;201;0m▗[38;2;255;198;0;48;2;151;90;112m▊[38;2;114;22;114;48;2;108;22;115m▅[38;2;112;22;114;48;2;108;23;115m▅[38;2;112;22;115;48;2;106;22;116m▅[38;2;112;22;116m▅[38;2;105;22;115;48;2;255;210;0m▊[38;2;255;216;0;48;2;255;213;0m▀[38;2;255;214;0;48;2;255;217;0m▅▅▅[38;2;96;21;116;48;2;255;215;0m▐[38;2;99;19;115;48;2;93;20;115m▅[38;2;97;19;117;48;2;91;20;116m▅[38;2;90;19;116;48;2;96;19;117m▀[38;2;88;17;117;48;2;94;19;116m▀[38;2;92;19;117;48;2;86;17;117m▅[38;2;92;18;117;48;2;85;17;117m▅[48;2;87;16;117m▂[48;2;88;17;117m [38;2;255;206;0;48;2;86;17;117m▅[48;2;255;207;0m [38;2;255;208;0;48;2;255;209;0m▃[38;2;255;209;0;48;2;255;210;0m▖[38;2;255;212;0;48;2;255;211;0m▝[38;2;255;213;0;48;2;255;212;0m▝[48;2;255;213;0m [38;2;114;50;117;48;2;255;215;0m▂[38;2;115;51;119;48;2;255;216;0m▂[38;2;119;55;119;48;2;255;217;0m▂[48;2;255;218;0m [38;2;255;219;0;48;2;255;220;0m▅[38;2;255;220;0;48;2;255;221;0m▖[38;2;255;223;0;48;2;255;222;0m▝[38;2;255;224;0;48;2;255;223;0m▝[38;2;255;225;0;48;2;255;224;0m▀[38;2;173;112;117;48;2;255;226;0m▔[38;2;255;226;0;48;2;92;8;114m▏[38;2;87;9;116;48;2;91;8;113m▀[38;2;90;8;114;48;2;88;8;116m▃[38;2;88;7;115;48;2;90;8;113m▀[38;2;87;7;114;48;2;90;10;112m▀[38;2;87;7;113;48;2;91;8;112m▀[48;2;91;10;112m▀[38;2;92;6;114;48;2;87;8;115m▅[38;2;87;8;114;48;2;92;7;113m▀[38;2;87;7;114m▀[38;2;92;7;112;48;2;87;7;113m▅[38;2;92;8;112;48;2;87;8;114m▅[38;2;93;8;112;48;2;88;8;114m▅[38;2;89;6;113;48;2;94;7;112m▀[38;2;88;8;112;48;2;94;8;113m▀[48;2;94;7;112m▀[38;2;89;6;113;48;2;93;8;112m▀[38;2;89;8;113;48;2;94;8;113m▀[38;2;89;8;114m▀[38;2;90;8;114;48;2;93;8;114m▀[38;2;89;9;117m▀[48;2;90;7;116m [38;2;93;9;118;48;2;88;10;114m▂[48;2;88;8;114m [38;2;3;0;9;48;2;88;8;111m▂[38;2;0;0;3;48;2;90;8;114m▃[38;2;2;0;0;48;2;88;6;119m▃[38;2;89;6;117;48;2;1;0;2m▀[38;2;76;8;107;48;2;1;0;1m▘[48;2;0;0;1m [48;2;2;1;1m [38;2;1;0;3;48;2;84;7;116m▅[48;2;0;1;0m [48;2;0;0;0m          [0m
[38;2;0;0;0;48;2;0;0;0m         [38;2;1;0;0m▔      [38;2;255;215;0m▝[48;2;255;218;0m [38;2;255;222;0;48;2;255;219;0m▂[38;2;255;223;0;48;2;255;221;0m▃[38;2;255;225;0;48;2;255;222;0m▃[38;2;255;227;0;48;2;255;224;0m▂[48;2;255;227;0m [48;2;0;0;0m   [38;2;55;8;85;48;2;5;0;10m▔[38;2;20;2;35;48;2;65;11;96m▅[38;2;255;224;0;48;2;71;13;107m▁[38;2;255;221;0;48;2;74;15;110m▂[38;2;255;217;0;48;2;75;16;111m▃[38;2;80;17;112;48;2;255;215;0m▀[38;2;85;16;111;48;2;255;213;0m▀[38;2;87;17;110;48;2;255;210;0m▀[38;2;255;207;0;48;2;88;17;110m▃[38;2;255;206;0;48;2;92;17;110m▁[48;2;99;17;109m [38;2;99;17;108;48;2;106;19;108m▀[38;2;103;18;108;48;2;109;19;108m▀[38;2;107;18;108;48;2;111;19;108m▀[38;2;108;17;109;48;2;113;19;108m▀[38;2;255;207;0;48;2;114;19;109m▝[48;2;255;207;0m [38;2;255;210;0;48;2;255;209;0m▝[38;2;255;212;0;48;2;255;211;0m▝[38;2;255;214;0;48;2;255;213;0m▝[38;2;255;216;0;48;2;255;215;0m▝[38;2;255;215;0;48;2;117;43;113m▖[48;2;106;22;114m [38;2;112;21;112;48;2;105;21;115m▅[38;2;108;20;114;48;2;113;21;112m▀[38;2;108;19;114;48;2;112;21;113m▀[38;2;108;19;115;48;2;110;20;113m▀[48;2;106;19;115m [38;2;144;98;114;48;2;255;227;0m▖[38;2;255;226;0;48;2;255;229;0m▃▃[38;2;255;229;0;48;2;255;226;0m▀[38;2;255;224;0m▁[38;2;255;223;0;48;2;81;59;94m▖[38;2;74;66;78;48;2;87;41;103m▅[48;2;72;69;74m [38;2;255;210;0;48;2;73;68;74m▕[48;2;255;210;0m [38;2;255;214;0;48;2;255;216;0m▃[38;2;255;217;0;48;2;255;215;0m▀[38;2;255;215;0;48;2;255;217;0m▃▃[48;2;255;214;0m [38;2;255;207;0;48;2;120;22;115m▁[48;2;119;22;114m [38;2;120;22;116m▂[48;2;120;22;115m [48;2;119;22;114m [48;2;116;24;114m [38;2;116;24;115;48;2;255;205;0m▘[38;2;255;207;0m▀[38;2;255;203;0;48;2;255;204;0m▁[48;2;255;201;0m▀[38;2;255;201;0;48;2;255;200;0m▘[38;2;255;197;0;48;2;255;198;0m▗[48;2;255;196;0m [38;2;255;191;0;48;2;119;22;114m▖[38;2;119;22;113;48;2;116;22;114m▃[38;2;119;22;114m▃[38;2;119;22;113;48;2;115;21;114m▃[48;2;255;207;0m▍[38;2;255;209;0;48;2;255;211;0m▅[38;2;255;212;0;48;2;255;210;0m▀▀▀[38;2;255;209;0;48;2;108;19;114m▍[38;2;108;17;112;48;2;103;19;115m▂[38;2;105;19;114;48;2;101;19;116m▃[38;2;103;18;115;48;2;100;19;115m▃[38;2;99;19;116;48;2;102;19;115m▀[38;2;98;18;117;48;2;101;18;115m▀[38;2;96;18;116;48;2;101;17;115m▀[48;2;103;17;114m [38;2;101;27;125;48;2;255;203;0m▘[38;2;255;205;0;48;2;255;204;0m▀[38;2;255;206;0;48;2;255;205;0m▀[48;2;255;207;0m▖[38;2;255;207;0;48;2;255;208;0m▂[38;2;120;59;106;48;2;255;209;0m▁[38;2;255;210;0;48;2;99;14;113m▘[48;2;95;13;114m [38;2;99;12;112;48;2;96;13;113m▃[38;2;101;11;112;48;2;97;12;114m▃[38;2;98;11;114;48;2;102;12;113m▀ [38;2;104;12;112;48;2;255;218;0m▅[48;2;255;219;0m [38;2;255;221;0;48;2;255;220;0m▝[48;2;255;222;0m▖[38;2;255;224;0;48;2;255;223;0m▝[38;2;255;225;0;48;2;255;224;0m▝[48;2;92;12;114m▍[38;2;92;8;114;48;2;92;11;112m▅[38;2;92;9;114;48;2;92;13;112m▆[38;2;89;13;113;48;2;90;10;114m▝[38;2;88;10;114;48;2;89;14;112m▅[48;2;89;12;113m▅[38;2;88;11;112;48;2;90;11;112m▆[38;2;89;10;112;48;2;92;10;114m▃[38;2;91;10;112;48;2;92;10;112m▆[48;2;92;8;113m [38;2;96;8;112;48;2;94;7;112m▁[38;2;97;8;111;48;2;95;8;112m▁[38;2;98;8;112;48;2;96;8;113m▃[38;2;96;7;112;48;2;99;8;112m▀[38;2;98;8;112;48;2;94;8;112m▅[38;2;97;7;112m▅[38;2;98;8;110;48;2;96;8;114m▁[38;2;92;7;105;48;2;94;8;113m▁[38;2;87;6;99;48;2;94;8;112m▁[38;2;0;0;0;48;2;94;7;112m▁[48;2;95;10;112m▃[48;2;92;8;112m▅[38;2;78;8;102;48;2;0;0;0m▔  [38;2;0;0;3m▔      [38;2;0;2;3m▔          [0m
[38;2;0;0;0;48;2;0;0;0m                 [48;2;255;225;0m▍[38;2;255;226;0;48;2;255;224;0m▗[48;2;255;228;0m▀[38;2;255;228;0;48;2;255;230;0m▀[38;2;255;232;0m▃[38;2;255;230;0;48;2;255;233;0m▀[38;2;255;233;0;48;2;47;38;26m▊[48;2;0;0;0m  [38;2;255;230;0m▃[38;2;50;38;21;48;2;255;227;0m▔[48;2;255;225;0m [38;2;255;220;0;48;2;255;222;0m▝[38;2;255;221;0;48;2;255;219;0m▖[38;2;255;218;0;48;2;255;216;0m▖[38;2;255;215;0;48;2;255;213;0m▖[38;2;255;212;0;48;2;255;211;0m▖[38;2;255;208;0;48;2;255;209;0m▐[38;2;255;207;0;48;2;255;206;0m▖[38;2;174;119;103;48;2;255;204;0m▔[38;2;255;202;0;48;2;112;19;106m▂[48;2;115;19;107m [38;2;117;19;108;48;2;120;19;106m▀[38;2;119;21;107;48;2;117;22;108m▅[38;2;121;21;108;48;2;119;19;108m▃[38;2;149;83;108;48;2;255;206;0m▍[38;2;255;206;0;48;2;255;207;0m▖[38;2;255;210;0;48;2;255;208;0m▝[38;2;255;211;0;48;2;255;210;0m▀[38;2;255;213;0;48;2;255;212;0m▝[48;2;255;214;0m [48;2;118;21;110m▏ [38;2;77;67;76;48;2;119;21;110m▂[38;2;92;60;85;48;2;116;22;112m▁[38;2;103;62;94;48;2;112;22;112m▁[48;2;103;21;116m [38;2;255;221;0;48;2;144;96;118m▐[38;2;255;224;0;48;2;255;222;0m▀▀[38;2;255;221;0;48;2;255;224;0m▅[38;2;255;222;0;48;2;255;220;0m▀[38;2;255;220;0;48;2;134;114;90m▊[48;2;71;67;72m [38;2;69;65;71;48;2;72;69;74m▂[48;2;71;69;74m [38;2;69;67;71;48;2;255;205;0m▖[38;2;255;208;0;48;2;255;210;0m▂[38;2;255;212;0;48;2;255;209;0m▀[48;2;255;210;0m▀[38;2;255;210;0;48;2;255;212;0m▅[38;2;255;212;0;48;2;255;210;0m▀[38;2;255;209;0;48;2;255;211;0m▃[48;2;154;92;116m▆[38;2;126;41;115;48;2;255;207;0m▀[38;2;121;22;114;48;2;255;206;0m▀[38;2;255;205;0;48;2;121;25;122m▆[48;2;255;205;0m [48;2;255;203;0m▀[38;2;255;203;0;48;2;255;201;0m▀[38;2;255;201;0;48;2;255;200;0m▀[38;2;255;200;0;48;2;255;198;0m▀[38;2;255;198;0;48;2;255;196;0m▘[38;2;255;193;0;48;2;255;195;0m▗[38;2;255;192;0;48;2;255;193;0m▃[38;2;255;190;0;48;2;121;23;114m▊[38;2;123;22;113m▅[38;2;124;22;113;48;2;122;22;112m▂[48;2;123;22;113m [38;2;131;42;119;48;2;255;203;0m▏[38;2;255;206;0;48;2;255;204;0m▀[38;2;255;205;0;48;2;255;207;0m▆▅▅[38;2;255;204;0;48;2;120;19;111m▊[38;2;123;17;108;48;2;114;18;111m▃[38;2;119;17;110;48;2;111;17;112m▃[38;2;116;17;110;48;2;109;17;112m▃[38;2;114;17;110;48;2;108;17;113m▃[38;2;111;17;111;48;2;106;17;113m▃[38;2;105;17;114;48;2;110;17;112m▀[38;2;112;22;121;48;2;255;200;0m▏[38;2;255;202;0;48;2;255;201;0m▝[38;2;255;203;0;48;2;255;202;0m▝[38;2;255;204;0;48;2;255;203;0m▀[48;2;255;205;0m▃[38;2;127;63;101;48;2;255;206;0m▗[48;2;110;15;112m [38;2;105;14;112m▀[38;2;105;13;112;48;2;110;14;110m▀[38;2;105;14;111;48;2;111;13;110m▀[38;2;106;13;112;48;2;112;12;110m▀[38;2;108;12;112;48;2;112;13;112m▀[38;2;107;12;112;48;2;110;12;111m▀[38;2;115;32;121;48;2;107;12;112m▕[48;2;255;217;0m▏[48;2;255;219;0m [38;2;255;221;0;48;2;255;220;0m▝[38;2;255;222;0;48;2;255;221;0m▝[48;2;255;223;0m [38;2;255;223;0;48;2;97;18;118m▏[48;2;92;7;112m [38;2;92;8;112;48;2;91;7;112m▃[38;2;90;9;113;48;2;92;8;112m▀[38;2;89;8;113;48;2;92;7;112m▀▀[38;2;92;8;113;48;2;89;8;113m▅[38;2;92;9;114;48;2;90;9;113m▅[38;2;92;8;113;48;2;94;8;113m▀[38;2;94;8;112;48;2;97;8;111m▀[38;2;96;9;113;48;2;99;9;110m▘[38;2;102;10;111;48;2;99;8;112m▃[38;2;103;10;111;48;2;101;9;112m▅[38;2;102;9;108;48;2;101;8;111m▁[38;2;97;8;103;48;2;99;8;110m▂[48;2;96;8;105m [38;2;0;0;0;48;2;93;8;103m▃[48;2;88;6;99m▅[48;2;0;0;0m                         [0m
[38;2;0;0;0;48;2;0;0;0m                  [38;2;123;100;63;48;2;255;227;0m▖[38;2;255;229;0;48;2;255;230;0m▘[38;2;255;233;0;48;2;255;231;0m▅[38;2;255;237;0;48;2;255;235;0m▗[38;2;255;236;0;48;2;255;238;0m▀[48;2;255;239;0m [38;2;255;239;0;48;2;0;0;0m▅[48;2;255;237;0m [38;2;255;232;0;48;2;255;234;0m▝[48;2;255;230;0m▖[38;2;255;227;0;48;2;255;228;0m▐[38;2;255;226;0;48;2;255;224;0m▍[38;2;255;221;0;48;2;255;222;0m▐[38;2;255;218;0;48;2;255;219;0m▐[38;2;255;216;0;48;2;255;215;0m▍[38;2;255;214;0;48;2;255;213;0m▏[38;2;255;209;0;48;2;255;211;0m▐[38;2;255;208;0;48;2;255;207;0m▍[38;2;255;204;0;48;2;255;205;0m▐[38;2;255;203;0;48;2;255;202;0m▏[38;2;126;39;107;48;2;255;200;0m▝[48;2;123;19;105m [38;2;123;24;105m▕[48;2;124;22;106m [38;2;255;204;0;48;2;125;23;105m▕[48;2;255;204;0m [38;2;255;207;0;48;2;255;205;0m▝[48;2;255;209;0m▅[38;2;255;208;0;48;2;255;210;0m▅[38;2;255;212;0m▀[38;2;156;95;112;48;2;255;211;0m▝[38;2;255;209;0;48;2;71;67;73m▖[38;2;71;71;76;48;2;77;73;78m▍[38;2;70;69;72;48;2;74;72;76m▆[48;2;75;72;77m [48;2;104;96;97m [48;2;255;217;0m [38;2;255;219;0;48;2;255;216;0m▀[38;2;255;216;0;48;2;255;219;0m▅▅[38;2;255;218;0;48;2;255;215;0m▀[48;2;255;216;0m [38;2;255;210;0;48;2;65;60;67m▖[38;2;56;51;61m▆[38;2;55;50;59;48;2;65;61;68m▆[48;2;53;48;58m [38;2;52;48;56;48;2;255;206;0m▂[48;2;255;205;0m [38;2;255;207;0;48;2;255;204;0m▀▀[38;2;255;204;0;48;2;255;207;0m▅▅[38;2;255;206;0;48;2;255;203;0m▀[38;2;255;203;0;48;2;255;206;0m▅[38;2;255;202;0;48;2;255;205;0m▅[38;2;255;201;0;48;2;255;204;0m▅[38;2;255;202;0;48;2;255;200;0m▀[38;2;184;121;101m▁[38;2;255;199;0;48;2;123;23;114m▀[38;2;255;196;0;48;2;123;22;114m▔[38;2;125;23;115;48;2;255;194;0m▖[38;2;255;192;0m▃[38;2;255;190;0;48;2;255;192;0m▅[48;2;255;189;0m [38;2;255;188;0;48;2;129;49;116m▊[38;2;123;22;116;48;2;124;21;114m▁[38;2;126;21;114;48;2;125;22;113m▅[48;2;126;22;112m [38;2;156;82;113;48;2;255;200;0m▖[38;2;255;200;0;48;2;255;202;0m▅[48;2;255;203;0m▅▅▅[48;2;255;201;0m [48;2;133;39;107m▅[38;2;255;199;0;48;2;125;17;107m▅[38;2;126;17;107;48;2;255;198;0m▀[48;2;126;18;106m [38;2;118;17;109;48;2;127;19;105m▀[38;2;124;18;107;48;2;117;17;109m▃[48;2;255;198;0m [38;2;255;198;0;48;2;255;199;0m▖[38;2;255;200;0;48;2;255;201;0m▅[38;2;255;201;0;48;2;255;202;0m▅[38;2;255;202;0;48;2;255;203;0m▖[38;2;255;204;0;48;2;113;19;114m▊[48;2;117;15;110m [38;2;119;15;108;48;2;114;15;110m▅[38;2;119;14;108m▅[38;2;118;14;109;48;2;114;13;110m▅[38;2;118;15;110;48;2;115;14;110m▂[38;2;114;13;111;48;2;116;13;110m▀[38;2;113;12;110;48;2;111;12;112m▖[48;2;110;12;112m [38;2;139;63;113;48;2;255;216;0m▏[38;2;255;218;0;48;2;255;217;0m▝[38;2;255;219;0;48;2;255;218;0m▀[38;2;255;221;0;48;2;255;220;0m▝[48;2;255;221;0m [38;2;255;222;0;48;2;94;10;111m▏[38;2;97;7;109;48;2;92;9;112m▂[38;2;96;8;109;48;2;92;8;112m▃[38;2;93;9;112;48;2;96;8;110m▀[38;2;96;8;110;48;2;94;8;112m▂[38;2;94;8;113;48;2;96;8;112m▀[38;2;96;8;112;48;2;94;8;114m▃[48;2;94;8;113m▅[38;2;96;8;113;48;2;98;9;112m▘[38;2;148;95;109;48;2;100;10;110m▁[38;2;255;221;0;48;2;101;11;111m▁[38;2;255;222;0;48;2;105;10;109m▂[38;2;255;224;0;48;2;100;9;104m▂[38;2;255;227;0;48;2;96;8;101m▃[38;2;255;228;0;48;2;9;0;19m▂[38;2;255;230;0;48;2;0;0;0m▁                           [0m
[38;2;95;15;96;48;2;0;0;0m▖          [48;2;0;3;3m [38;2;1;0;2;48;2;90;17;100m▀[38;2;110;22;110;48;2;1;0;0m▃[38;2;112;17;110;48;2;0;1;1m▂[38;2;111;19;108;48;2;3;0;1m▁[38;2;121;15;117;48;2;0;1;0m▁[48;2;0;0;0m [48;2;0;1;0m [48;2;255;231;0m [38;2;255;235;0;48;2;255;233;0m▐[38;2;255;238;0;48;2;255;236;0m▐[38;2;255;240;0;48;2;255;241;0m▊[38;2;255;242;0;48;2;255;243;0m▂[38;2;255;240;0;48;2;255;241;0m▐[38;2;255;239;0;48;2;255;237;0m▍[48;2;255;235;0m [38;2;103;22;110;48;2;255;232;0m▂[38;2;255;227;0;48;2;0;0;0m▀[38;2;255;226;0m▔ [38;2;255;220;0m▔[38;2;1;0;3;48;2;255;215;0m▆[38;2;13;1;15;48;2;255;214;0m▂[48;2;255;210;0m [38;2;255;207;0;48;2;255;208;0m▐[38;2;255;206;0;48;2;255;205;0m▏[38;2;255;203;0;48;2;255;202;0m▍[38;2;255;200;0;48;2;255;199;0m▍[38;2;133;41;109m▐[48;2;127;20;105m [38;2;124;31;103;48;2;125;21;105m▏[38;2;126;22;105;48;2;126;21;104m▏[38;2;255;203;0;48;2;128;21;104m▝[38;2;255;204;0;48;2;255;202;0m▝[48;2;255;205;0m▅[48;2;255;206;0m▃[38;2;255;206;0;48;2;255;208;0m▃[38;2;255;209;0;48;2;255;207;0m▀[48;2;255;209;0m [38;2;78;75;80m▀[38;2;255;209;0;48;2;72;71;75m▂[38;2;73;71;75;48;2;255;208;0m▀[48;2;255;211;0m [38;2;255;214;0;48;2;255;212;0m▀[38;2;255;210;0;48;2;255;213;0m▁[38;2;177;141;91m▁[38;2;255;214;0;48;2;255;212;0m▀[38;2;255;211;0;48;2;255;213;0m▅[38;2;255;213;0;48;2;255;211;0m▀[38;2;123;103;62;48;2;255;210;0m▐[38;2;55;49;59;48;2;53;48;58m▔[48;2;54;49;59m [38;2;51;46;53;48;2;53;48;58m▝[38;2;51;47;54;48;2;46;44;48m▂[38;2;40;37;42;48;2;255;202;0m▅[38;2;255;202;0;48;2;46;42;47m▀[38;2;50;48;53;48;2;255;201;0m▃[38;2;67;68;71m▂[38;2;62;60;67m▁[38;2;43;41;47;48;2;255;200;0m▁[38;2;127;95;55m▂[38;2;50;35;44;48;2;255;199;0m▂[38;2;42;37;44;48;2;255;198;0m▃[38;2;255;193;0;48;2;40;37;41m▀[48;2;123;19;119m [48;2;126;22;115m [38;2;127;39;113;48;2;123;22;114m▁ [38;2;255;190;0;48;2;128;22;116m▔[38;2;126;22;112;48;2;255;188;0m▆[48;2;255;186;0m▆[48;2;126;22;114m [38;2;127;19;111m▁[38;2;130;19;114;48;2;124;22;114m▁[48;2;126;22;114m [48;2;128;22;113m [38;2;129;22;113;48;2;255;197;0m▃ [38;2;255;198;0;48;2;255;196;0m▀▀▀[38;2;255;197;0;48;2;255;195;0m▀[38;2;255;195;0;48;2;255;197;0m▃[38;2;255;197;0;48;2;255;194;0m▀[38;2;255;195;0;48;2;134;19;104m▘[38;2;134;19;104;48;2;133;19;105m▂[38;2;133;19;104;48;2;130;19;105m▅[38;2;138;36;117;48;2;255;196;0m▏[38;2;255;196;0;48;2;255;197;0m▖[38;2;255;199;0;48;2;255;198;0m▝[48;2;255;200;0m▖[38;2;255;202;0;48;2;255;201;0m▝[38;2;255;203;0;48;2;255;202;0m▝[38;2;124;16;107;48;2;255;203;0m▝[38;2;255;204;0;48;2;123;16;108m▁[48;2;122;15;108m [38;2;125;15;108;48;2;123;15;108m▖[38;2;119;15;109;48;2;122;14;109m▝[48;2;118;14;110m [38;2;255;211;0;48;2;115;13;110m▁[38;2;139;61;111;48;2;255;213;0m▘[38;2;255;215;0;48;2;255;214;0m▝[48;2;255;216;0m [38;2;255;218;0;48;2;255;217;0m▝[48;2;255;219;0m [38;2;115;39;117;48;2;255;220;0m▗[48;2;99;10;105m [38;2;106;12;108;48;2;101;9;106m▂[38;2;108;15;107;48;2;101;8;106m▁[38;2;103;10;103;48;2;99;8;108m▂[38;2;102;11;103m▃[38;2;103;12;105;48;2;99;10;106m▁[48;2;99;8;112m [38;2;255;212;0;48;2;96;9;112m▃[38;2;255;215;0;48;2;138;87;112m▅[48;2;255;217;0m [38;2;255;221;0;48;2;255;219;0m▗[38;2;255;223;0;48;2;255;221;0m▗[38;2;255;224;0;48;2;255;225;0m▀[38;2;255;229;0;48;2;255;226;0m▂[38;2;255;231;0;48;2;255;228;0m▗[38;2;255;232;0;48;2;255;230;0m▃[48;2;255;232;0m [38;2;255;233;0;48;2;47;37;23m▆[38;2;255;235;0;48;2;0;0;0m▃[38;2;166;138;63m▁     [38;2;0;0;0;48;2;3;0;0m▊[38;2;101;3;117;48;2;0;0;3m▗[38;2;80;3;94;48;2;1;0;1m▏[48;2;0;0;3m [48;2;0;0;0m [38;2;3;0;0m▁            [0m
[38;2;0;0;0;48;2;0;0;0m           [48;2;1;0;0m [48;2;0;0;0m [48;2;1;1;1m [38;2;114;17;104;48;2;1;3;1m▀[48;2;115;14;106m [38;2;119;17;104;48;2;115;19;105m▗[48;2;119;15;111m [38;2;3;0;0;48;2;119;17;105m▔[38;2;120;16;109;48;2;255;231;0m▍[38;2;255;234;0;48;2;255;232;0m▝[38;2;255;236;0;48;2;255;234;0m▝[38;2;255;238;0;48;2;255;235;0m▀[38;2;255;239;0;48;2;255;236;0m▀[38;2;255;236;0;48;2;255;238;0m▅[38;2;255;237;0;48;2;255;234;0m▘[38;2;255;234;0;48;2;49;38;25m▘[48;2;98;21;104m [48;2;3;0;0m [48;2;0;0;0m    [48;2;0;0;1m [38;2;255;211;0;48;2;3;0;4m▐[38;2;255;208;0;48;2;255;207;0m▍[38;2;255;204;0;48;2;255;205;0m▐[38;2;255;201;0;48;2;255;202;0m▐[38;2;255;200;0;48;2;255;199;0m▏[38;2;164;96;95;48;2;255;197;0m▕[48;2;132;19;102m▏[38;2;128;19;103;48;2;128;19;104m▖[38;2;128;19;105;48;2;127;19;106m▂[48;2;126;19;107m [38;2;255;201;0;48;2;133;39;105m▝[48;2;255;200;0m [48;2;255;203;0m▅[38;2;255;202;0;48;2;255;204;0m▅[38;2;255;203;0;48;2;255;205;0m▅[38;2;255;204;0;48;2;255;206;0m▅[38;2;255;205;0;48;2;255;207;0m▅[38;2;255;206;0;48;2;255;208;0m▆[38;2;255;208;0;48;2;255;206;0m▀[38;2;255;207;0;48;2;255;209;0m▅▃[38;2;89;80;82m▗[48;2;71;58;58m [38;2;117;94;54;48;2;255;209;0m▍[48;2;255;208;0m [38;2;157;124;45;48;2;255;207;0m▗[38;2;255;208;0;48;2;56;51;56m▔[38;2;63;59;65;48;2;54;49;58m▗[38;2;65;61;69;48;2;63;57;64m▝[38;2;64;63;68;48;2;56;53;59m▏[38;2;54;53;56;48;2;56;56;60m▃[38;2;42;40;46;48;2;54;52;58m▀[38;2;46;42;49;48;2;51;44;51m▀[38;2;42;35;40;48;2;45;42;47m▗[48;2;44;42;47m [38;2;49;42;51;48;2;60;58;64m▖[38;2;57;56;65;48;2;46;45;51m▃[48;2;42;40;44m [38;2;42;37;42;48;2;40;37;41m▅[38;2;40;36;44;48;2;37;35;40m▏[48;2;41;30;37m [38;2;36;35;40;48;2;39;34;40m▃[38;2;39;40;41;48;2;42;35;42m▏[48;2;41;40;47m [38;2;148;94;135;48;2;41;40;44m▔[48;2;53;47;51m [48;2;57;51;54m [38;2;54;47;55;48;2;158;84;141m▅[48;2;52;43;55m [48;2;51;42;49m [48;2;126;24;110m [38;2;142;94;138;48;2;131;20;106m▁[48;2;130;21;112m [48;2;130;22;112m [38;2;255;190;0;48;2;133;21;112m▔[38;2;133;22;113;48;2;255;193;0m▅[38;2;255;191;0;48;2;133;22;112m▀[38;2;255;193;0;48;2;133;22;110m▀[38;2;134;20;108;48;2;255;192;0m▃[38;2;255;192;0;48;2;135;19;107m▀[48;2;135;19;106m▔[48;2;135;19;105m [48;2;135;19;104m [48;2;136;19;104m [38;2;255;194;0;48;2;137;19;104m▝[38;2;159;68;115;48;2;255;195;0m▖[38;2;255;197;0;48;2;255;196;0m▝[48;2;255;198;0m▖[38;2;255;200;0;48;2;255;199;0m▝[48;2;255;201;0m▖[38;2;255;203;0;48;2;255;202;0m▝[38;2;255;204;0;48;2;255;203;0m▝[38;2;132;29;117;48;2;255;205;0m▔[38;2;255;206;0;48;2;127;16;123m▅[38;2;255;207;0;48;2;124;15;120m▅[38;2;255;209;0;48;2;127;35;120m▆[38;2;255;211;0;48;2;255;210;0m▝[48;2;255;212;0m [38;2;255;214;0;48;2;255;213;0m▝[48;2;255;215;0m▍[38;2;255;217;0;48;2;255;216;0m▝[38;2;255;218;0;48;2;255;217;0m▝[48;2;119;15;108m [38;2;117;14;109;48;2;109;12;110m▃[38;2;111;12;110;48;2;116;14;109m▀[38;2;112;16;108;48;2;116;17;108m▀[38;2;119;22;105;48;2;110;15;105m▅[38;2;255;208;0;48;2;112;20;103m▁[38;2;111;16;105;48;2;255;208;0m▀[48;2;255;210;0m [38;2;255;212;0;48;2;255;213;0m▍[38;2;255;216;0;48;2;255;215;0m▐[38;2;255;219;0;48;2;255;218;0m▐[38;2;255;222;0;48;2;255;220;0m▐[38;2;255;225;0;48;2;255;224;0m▐[38;2;255;229;0;48;2;255;227;0m▁[38;2;255;232;0;48;2;255;230;0m▗[38;2;255;235;0;48;2;255;233;0m▗[48;2;255;237;0m▀[38;2;255;239;0m▃[38;2;255;237;0;48;2;255;240;0m▀[38;2;255;239;0;48;2;255;237;0m▃[48;2;255;236;0m [38;2;0;0;0m▝[48;2;0;0;0m    [48;2;1;1;0m [48;2;108;9;108m [38;2;104;6;100;48;2;7;0;22m▍[38;2;119;6;107;48;2;0;3;1m▂[38;2;117;4;105;48;2;1;0;2m▃[38;2;0;0;1;48;2;117;7;114m▀[38;2;71;6;78;48;2;8;0;8m▖[48;2;1;0;0m [48;2;0;0;0m         [38;2;113;12;111m▗[0m
[38;2;0;0;0;48;2;0;0;0m    [48;2;0;1;0m [38;2;47;10;65;48;2;1;0;1m▝[38;2;83;10;81;48;2;1;0;3m▖[48;2;0;1;3m [48;2;0;0;0m       [48;2;1;0;1m [38;2;0;0;1;48;2;120;14;101m▅[38;2;15;10;26;48;2;122;15;101m▁[48;2;123;15;104m [48;2;126;16;103m [38;2;144;90;91;48;2;255;229;0m▖[38;2;255;229;0;48;2;255;232;0m▆[48;2;255;233;0m▅[38;2;255;230;0m▅▅[38;2;255;229;0;48;2;255;232;0m▅[38;2;50;37;21;48;2;255;228;0m▝[38;2;100;18;103;48;2;5;1;2m▐[38;2;1;0;2;48;2;109;22;110m▝[48;2;1;0;0m [48;2;0;0;0m    [38;2;225;169;65m▕[48;2;255;206;0m▏[38;2;255;204;0;48;2;255;203;0m▘[38;2;255;201;0;48;2;255;200;0m▍[38;2;255;199;0;48;2;255;198;0m▏[38;2;163;95;98;48;2;255;196;0m▕[48;2;130;19;102m▏[38;2;133;19;102;48;2;130;20;104m▂[38;2;133;19;103;48;2;130;19;104m▂[38;2;130;20;103;48;2;128;19;106m▅[48;2;130;20;103m [38;2;131;22;105;48;2;255;199;0m▆[38;2;137;40;106m▃ [38;2;255;199;0;48;2;255;201;0m▅[38;2;255;200;0;48;2;255;203;0m▆[38;2;255;203;0;48;2;255;201;0m▀[38;2;255;204;0m▀[48;2;255;203;0m [38;2;121;99;69;48;2;255;204;0m▂[38;2;255;205;0;48;2;78;67;74m▘[48;2;79;71;76m [48;2;80;78;82m [48;2;73;65;69m [38;2;255;202;0;48;2;63;54;57m▔[48;2;59;50;55m [38;2;57;49;50;48;2;58;50;57m▂[38;2;59;51;55;48;2;63;56;60m▂[38;2;60;57;61;48;2;57;49;55m▖[38;2;56;49;54;48;2;55;46;52m▀[38;2;52;50;53;48;2;59;53;59m▆[38;2;56;53;58;48;2;54;46;54m▝[38;2;57;54;59;48;2;52;47;53m▘[48;2;48;39;46m [48;2;44;37;43m [48;2;41;38;38m [38;2;52;51;54;48;2;44;44;46m▔[38;2;55;56;59;48;2;42;40;46m▘[48;2;43;41;46m [38;2;38;37;40;48;2;38;33;38m▊[38;2;36;28;34;48;2;35;35;38m▖[38;2;41;35;43;48;2;39;37;41m▘[48;2;40;33;39m [38;2;42;33;40;48;2;41;36;42m▞[38;2;40;36;41;48;2;42;40;44m▂[38;2;38;36;41;48;2;43;40;44m▆[48;2;39;35;42m [48;2;40;36;43m [38;2;45;38;44;48;2;46;43;48m▘[48;2;49;48;53m [38;2;49;46;51;48;2;51;50;58m▘[48;2;55;61;65m [48;2;75;74;83m [48;2;125;24;94m [48;2;133;20;110m [48;2;137;23;110m [38;2;135;21;110;48;2;136;22;110m▀[38;2;137;22;111;48;2;134;21;110m▅[38;2;136;20;108;48;2;136;19;108m▃[38;2;135;19;108;48;2;137;19;108m▀[38;2;137;19;107;48;2;135;19;107m▃[48;2;135;19;106m▃[38;2;136;19;107;48;2;135;19;105m▃[38;2;135;18;108;48;2;135;18;106m▁[38;2;135;18;106;48;2;136;19;105m▁[48;2;137;19;104m [38;2;137;18;104;48;2;255;195;0m▅[38;2;157;68;105;48;2;255;196;0m▂[38;2;255;197;0;48;2;255;198;0m▖[38;2;255;200;0;48;2;255;199;0m▝[38;2;255;201;0;48;2;255;200;0m▝[38;2;255;203;0;48;2;255;202;0m▝[38;2;255;204;0;48;2;255;203;0m▝[48;2;255;205;0m [38;2;255;207;0;48;2;255;206;0m▝[48;2;255;208;0m▖[38;2;255;210;0;48;2;255;209;0m▝[48;2;255;211;0m▖[38;2;255;213;0;48;2;255;212;0m▝[38;2;255;214;0;48;2;255;213;0m▝[48;2;255;215;0m [38;2;138;22;105;48;2;255;216;0m▗[48;2;135;20;103m [38;2;129;19;105;48;2;124;16;108m▅[38;2;128;17;106;48;2;120;15;109m▅[38;2;130;21;107;48;2;122;19;108m▆[38;2;255;203;0;48;2;139;40;106m▗[48;2;255;205;0m [38;2;255;208;0;48;2;255;207;0m▐[38;2;255;211;0;48;2;255;210;0m▐[38;2;255;212;0;48;2;255;213;0m▍[38;2;255;215;0;48;2;255;217;0m▊[38;2;255;218;0;48;2;255;220;0m▍[38;2;50;36;23;48;2;255;221;0m▗[38;2;0;0;0;48;2;255;227;0m▆[48;2;0;0;0m [38;2;129;104;59m▔[38;2;150;132;35m▔[38;2;0;1;0;48;2;255;238;0m▆[38;2;2;0;3;48;2;255;242;0m▖[38;2;255;243;0m▝[38;2;255;242;0;48;2;255;240;0m▏[38;2;255;239;0;48;2;255;237;0m▍[38;2;255;233;0;48;2;255;235;0m▐[38;2;114;92;57;48;2;255;232;0m▝[48;2;4;0;0m [38;2;0;0;1;48;2;129;10;105m▀[38;2;129;11;105;48;2;1;1;1m▆[38;2;128;10;107;48;2;1;0;6m▆[38;2;128;9;105;48;2;121;6;106m▅[38;2;129;6;105;48;2;121;7;110m▅[48;2;124;8;107m [38;2;2;0;1;48;2;120;8;105m▃[38;2;103;5;94;48;2;0;0;0m▔            [0m
[38;2;0;0;0;48;2;0;0;0m     [48;2;1;0;0m▃[38;2;1;2;1;48;2;118;25;103m▍[38;2;2;1;7;48;2;120;20;105m▀[48;2;0;0;0m         [48;2;1;0;1m [38;2;1;1;0;48;2;125;18;97m▃[48;2;127;16;101m [48;2;131;17;96m [48;2;255;225;0m [38;2;255;222;0;48;2;255;226;0m▃[38;2;255;227;0;48;2;255;224;0m▀[38;2;255;223;0;48;2;255;226;0m▃[38;2;255;226;0;48;2;255;223;0m▀ [38;2;255;222;0;48;2;130;19;100m▏[48;2;131;18;105m [38;2;134;17;101;48;2;1;0;4m▅[38;2;132;19;102;48;2;1;0;0m▃[38;2;137;18;103;48;2;0;0;3m▁[48;2;0;0;0m  [38;2;255;208;0m▐[48;2;255;204;0m [38;2;255;202;0;48;2;255;201;0m▘[38;2;255;200;0;48;2;255;198;0m▘[38;2;255;197;0;48;2;255;196;0m▘[38;2;164;87;108;48;2;255;194;0m▐[48;2;133;19;102m [38;2;136;20;101;48;2;133;19;101m▗[38;2;133;20;103;48;2;135;22;101m▀▀[38;2;133;21;104;48;2;136;22;102m▀[38;2;135;22;102;48;2;134;21;102m▃[38;2;132;24;99;48;2;133;22;103m▁[48;2;83;77;85m [38;2;255;198;0;48;2;76;71;74m▔[48;2;74;70;74m▔[38;2;135;115;90;48;2;86;83;87m▔[38;2;128;103;69;48;2;65;57;62m▔[38;2;127;104;64;48;2;62;57;58m▔[38;2;69;65;67;48;2;65;60;62m▝[38;2;69;65;68;48;2;71;66;69m▆[38;2;68;60;62;48;2;76;70;74m▃[38;2;70;66;67;48;2;77;71;74m▅[48;2;76;68;71m [38;2;70;66;69;48;2;58;42;46m▖[38;2;56;42;47;48;2;52;38;46m▊[48;2;51;43;44m [48;2;54;43;45m [38;2;49;43;46;48;2;53;45;49m▃[48;2;53;44;47m [38;2;45;40;45;48;2;47;42;44m▗[48;2;51;41;47m [38;2;41;37;42;48;2;46;44;46m▂[38;2;42;37;42;48;2;45;31;39m▃[48;2;43;35;39m [48;2;45;42;46m [38;2;59;51;57;48;2;44;42;48m▁[38;2;55;51;58;48;2;47;43;48m▂[38;2;52;52;57;48;2;46;41;47m▁[38;2;49;47;53;48;2;41;39;44m▃[38;2;54;46;56;48;2;42;39;44m▖[38;2;37;35;42;48;2;42;49;52m▔[38;2;46;45;49;48;2;39;40;43m▁[48;2;40;33;38m [38;2;41;34;42;48;2;38;40;44m▃[48;2;42;42;49m [38;2;52;51;57;48;2;42;35;41m▂[38;2;53;52;58;48;2;43;38;43m▂[48;2;55;55;60m [48;2;59;62;69m [48;2;76;82;85m [38;2;64;67;71;48;2;90;86;94m▕[48;2;67;67;72m [38;2;100;99;106;48;2;79;77;85m▐[38;2;130;100;119;48;2;140;23;104m▏[38;2;141;24;105;48;2;138;21;109m▅[38;2;140;23;104;48;2;138;22;106m▂[38;2;138;20;105;48;2;137;22;106m▅[38;2;138;20;107;48;2;139;22;104m▀[38;2;139;20;105;48;2;137;20;107m▅[38;2;137;19;105;48;2;139;20;105m▀[38;2;137;19;106m▀[38;2;139;20;104;48;2;137;19;105m▃[38;2;140;20;103;48;2;136;19;106m▃[38;2;139;20;104;48;2;137;18;107m▃[38;2;139;19;103;48;2;137;18;106m▂[38;2;138;18;104;48;2;140;17;103m▔[48;2;140;17;102m [38;2;255;197;0m▔[38;2;139;17;103;48;2;255;198;0m▅[38;2;255;200;0;48;2;138;17;102m▀[38;2;137;17;104;48;2;255;201;0m▃[38;2;136;17;103;48;2;255;202;0m▃[38;2;137;19;103;48;2;255;204;0m▅[38;2;139;19;103;48;2;255;205;0m▆[48;2;141;21;100m [48;2;255;208;0m [38;2;255;210;0;48;2;255;209;0m▝[38;2;255;212;0;48;2;255;211;0m▝[38;2;255;213;0;48;2;255;212;0m▝[48;2;255;214;0m [48;2;144;22;95m [38;2;137;24;100;48;2;132;17;102m▃[38;2;132;20;102;48;2;130;18;103m▏[38;2;128;16;103;48;2;130;18;105m▃[38;2;255;202;0;48;2;132;19;106m▗[48;2;255;201;0m [38;2;255;204;0;48;2;255;205;0m▊[38;2;255;206;0;48;2;255;207;0m▍[38;2;255;210;0;48;2;255;209;0m▐[38;2;255;212;0;48;2;255;213;0m▊[38;2;255;214;0;48;2;255;215;0m▍[38;2;255;219;0;48;2;255;218;0m▝[48;2;255;219;0m [38;2;255;222;0;48;2;49;36;22m▆[38;2;255;226;0;48;2;0;0;0m▅[38;2;255;228;0m▂[38;2;255;232;0;48;2;0;1;2m▁[38;2;122;99;51;48;2;3;0;3m▁[38;2;255;238;0;48;2;44;1;56m▕[38;2;255;236;0;48;2;255;239;0m▅[38;2;255;238;0;48;2;255;235;0m▀[38;2;255;236;0;48;2;255;233;0m▀[38;2;255;233;0;48;2;255;231;0m▀[38;2;255;231;0;48;2;255;229;0m▘[38;2;255;228;0;48;2;138;40;103m▖[38;2;130;12;103;48;2;135;12;103m▀[38;2;130;10;103m▀[38;2;135;12;103;48;2;132;11;102m▂[38;2;130;10;105;48;2;133;11;102m▝[38;2;3;3;0;48;2;128;9;106m▂[48;2;1;2;0m [38;2;0;0;0;48;2;1;0;0m▆[48;2;0;0;0m             [0m
[38;2;0;0;0;48;2;0;0;0m      [38;2;126;23;101;48;2;1;0;0m▕[48;2;116;22;99m [38;2;3;1;3;48;2;126;20;104m▝[48;2;1;1;0m [48;2;0;0;0m         [38;2;115;18;91;48;2;0;3;0m▝[38;2;58;10;54;48;2;133;15;96m▖[38;2;255;221;0;48;2;137;17;96m▝[38;2;255;220;0;48;2;255;218;0m▀[38;2;255;221;0m▀[38;2;255;220;0;48;2;255;217;0m▀[38;2;255;217;0;48;2;255;220;0m▅[38;2;255;219;0;48;2;255;216;0m▀[48;2;255;215;0m [38;2;255;215;0;48;2;133;19;99m▃[48;2;136;19;98m [48;2;137;19;98m [38;2;255;210;0;48;2;133;21;99m▁[38;2;137;24;103;48;2;255;206;0m▀[38;2;58;48;24;48;2;255;205;0m▔[48;2;255;203;0m [38;2;255;202;0;48;2;255;201;0m▘[38;2;255;200;0;48;2;255;198;0m▘[38;2;255;197;0;48;2;255;196;0m▘[38;2;184;115;93;48;2;255;195;0m▗[48;2;132;20;101m [38;2;133;20;102;48;2;133;21;101m▐[38;2;137;22;99;48;2;136;20;100m▂[38;2;139;22;98;48;2;137;21;98m▂[48;2;137;22;99m▁[48;2;135;22;100m [38;2;135;23;99;48;2;136;24;99m▕[38;2;136;116;128;48;2;135;23;99m▗[48;2;76;66;69m [38;2;73;71;74;48;2;76;72;75m▍[38;2;97;89;95;48;2;80;74;77m▕[38;2;98;94;99;48;2;76;73;74m▍[38;2;65;58;58;48;2;61;57;58m▏[38;2;62;58;60;48;2;66;60;62m▍[38;2;61;57;58;48;2;65;61;64m▗[38;2;70;58;62;48;2;69;62;65m▃[38;2;68;56;60;48;2;70;63;65m▂[48;2;66;58;63m [38;2;66;60;62;48;2;72;68;68m▅[38;2;68;58;60;48;2;56;48;48m▊[38;2;56;42;43;48;2;52;45;44m▁[48;2;49;40;40m [48;2;49;42;43m [38;2;52;43;46;48;2;49;37;35m▀[48;2;50;38;42m [48;2;47;40;44m [38;2;39;34;37;48;2;45;41;45m▁[38;2;26;17;15;48;2;45;36;40m▁[38;2;33;12;15;48;2;44;38;44m▁[38;2;36;14;11;48;2;41;35;42m▁[38;2;37;18;22;48;2;47;47;50m▁[48;2;52;48;52m [48;2;59;55;62m [38;2;65;65;69;48;2;58;50;60m▗[48;2;56;54;59m [38;2;54;53;60;48;2;58;58;62m▘[38;2;68;64;71;48;2;59;56;60m▗[48;2;50;50;57m [48;2;41;40;43m [38;2;56;51;57;48;2;43;40;44m▃[38;2;52;49;53;48;2;46;44;50m▂[48;2;58;58;65m [38;2;63;55;63;48;2;74;75;78m▀[38;2;93;95;100;48;2;68;68;76m▃[38;2;105;108;112;48;2;79;79;87m▃[38;2;112;114;119;48;2;101;103;108m▂[38;2;73;76;79;48;2;96;105;109m▝[38;2;110;117;120;48;2;95;95;101m▁[48;2;92;92;97m [38;2;141;105;128;48;2;144;24;104m▘[38;2;142;24;103;48;2;144;25;103m▀[48;2;142;24;103m [38;2;143;24;102m▅[38;2;142;22;103;48;2;144;24;102m▀[38;2;143;24;102;48;2;142;23;103m▂[38;2;140;21;103;48;2;142;22;101m▀[38;2;141;21;103m▀[38;2;142;21;101;48;2;140;21;103m▆[48;2;141;21;103m▅[38;2;142;19;100m▅[38;2;142;19;101;48;2;141;18;102m▅[48;2;143;19;100m [38;2;142;18;101;48;2;142;19;99m▀[48;2;142;19;100m▀[38;2;141;18;101;48;2;142;19;99m▀[38;2;139;17;101;48;2;142;18;99m▀[48;2;141;19;100m▀[38;2;141;19;100;48;2;138;18;102m▃[48;2;139;19;101m▃[38;2;142;19;99;48;2;141;20;101m▃[48;2;142;21;99m [38;2;147;24;94;48;2;255;207;0m▃[48;2;255;208;0m [38;2;255;211;0;48;2;255;210;0m▝[48;2;255;212;0m [38;2;255;213;0;48;2;163;54;102m▘[38;2;151;24;92;48;2;146;19;96m▀[38;2;147;28;94;48;2;144;18;97m▘[38;2;133;18;103;48;2;144;19;97m▀[38;2;134;17;102;48;2;143;21;99m▀[38;2;169;84;103;48;2;255;202;0m▍ [38;2;255;204;0m▝[38;2;255;206;0;48;2;255;205;0m▐[38;2;255;209;0;48;2;255;208;0m▝[38;2;255;212;0;48;2;255;210;0m▝[38;2;255;214;0;48;2;255;213;0m▝[48;2;255;216;0m▖[38;2;255;220;0;48;2;255;218;0m▝[38;2;255;222;0;48;2;255;220;0m▝[38;2;255;224;0;48;2;255;223;0m▀[48;2;255;227;0m▃[38;2;255;227;0;48;2;255;229;0m▅[38;2;255;230;0;48;2;255;228;0m▀[48;2;255;233;0m▆[38;2;255;232;0;48;2;255;230;0m▀[48;2;255;229;0m▀[38;2;255;231;0;48;2;255;228;0m▀[38;2;255;230;0;48;2;255;227;0m▘[48;2;255;226;0m [38;2;155;96;88;48;2;255;225;0m▐[38;2;140;13;101;48;2;137;13;102m▅[38;2;139;12;99;48;2;136;14;102m▅[48;2;137;13;101m [38;2;135;10;102;48;2;10;0;14m▘[48;2;0;0;0m          [38;2;81;6;75;48;2;0;2;0m▁[48;2;0;0;3m [48;2;0;0;1m [48;2;0;0;0m   [0m
[38;2;0;0;0;48;2;0;0;0m      [48;2;0;1;1m [38;2;51;13;51;48;2;134;22;97m▏[48;2;134;21;96m [38;2;10;0;6;48;2;133;22;94m▔[38;2;119;15;86;48;2;0;3;0m▖[48;2;0;2;4m [48;2;0;0;0m        [48;2;0;2;3m [48;2;137;18;98m [38;2;161;87;83;48;2;255;214;0m▖[38;2;255;212;0;48;2;255;215;0m▅▅[38;2;255;214;0;48;2;255;211;0m▀[38;2;255;211;0;48;2;255;214;0m▅[38;2;255;210;0;48;2;255;213;0m▅[38;2;255;209;0;48;2;255;212;0m▅[38;2;255;208;0;48;2;255;211;0m▆[38;2;255;206;0;48;2;255;209;0m▆[48;2;255;204;0m▀[38;2;255;205;0;48;2;255;202;0m▀[38;2;255;201;0;48;2;255;203;0m▆[38;2;255;198;0;48;2;255;200;0m▃[48;2;255;196;0m▀[38;2;255;197;0;48;2;255;195;0m▔[38;2;110;22;80;48;2;255;194;0m▗[48;2;130;28;96m [38;2;79;11;57;48;2;133;21;100m▁[38;2;90;11;65;48;2;134;20;101m▁[48;2;138;22;97m [38;2;140;21;96;48;2;143;23;95m▀[48;2;141;22;96m [48;2;141;24;95m [48;2;139;30;90m [48;2;78;70;70m [48;2;76;74;73m [38;2;83;76;78;48;2;77;71;71m▗[38;2;81;71;73;48;2;96;92;93m▊[48;2;65;65;63m [48;2;60;54;56m [38;2;66;60;62;48;2;65;61;65m▖[38;2;61;52;55;48;2;65;59;58m▂[38;2;57;51;52;48;2;65;57;59m▃[48;2;63;57;56m [38;2;59;40;43;48;2;65;54;55m▂[38;2;20;1;1;48;2;53;47;47m▁[38;2;28;2;3;48;2;54;43;45m▂[38;2;33;9;13;48;2;53;41;41m▃[38;2;53;41;41;48;2;41;15;13m▀[38;2;40;19;14;48;2;49;40;40m▅[38;2;42;16;19;48;2;49;41;44m▆[48;2;50;20;15m [38;2;54;21;20;48;2;25;15;16m▆[38;2;62;24;22;48;2;30;13;10m▆[38;2;41;14;15;48;2;69;32;32m▔[38;2;80;36;36;48;2;60;24;24m▅[38;2;80;41;38;48;2;58;27;24m▆[38;2;54;23;25;48;2;78;39;35m▔[38;2;95;54;54;48;2;64;28;32m▃[38;2;97;62;59;48;2;60;30;31m▂[38;2;94;69;74;48;2;65;33;38m▂[38;2;94;69;81;48;2;67;39;41m▂[38;2;108;83;88;48;2;64;62;69m▁[38;2;46;25;27;48;2;76;74;79m▃[38;2;47;44;48m▝[48;2;59;58;60m [38;2;115;113;115;48;2;60;55;60m▁[38;2;137;136;140;48;2;62;59;64m▃[38;2;123;126;130;48;2;71;71;79m▅[38;2;121;124;126;48;2;101;103;107m▆[38;2;121;123;126;48;2;110;113;115m▂[48;2;104;106;111m▃[38;2;133;145;148;48;2;121;124;125m▁[38;2;145;26;101;48;2;105;111;110m▗[38;2;142;26;97;48;2;115;117;121m▆[48;2;148;26;98m [48;2;148;25;99m [38;2;146;26;100;48;2;148;26;98m▀[38;2;145;25;100m▀[38;2;145;24;101m▀[38;2;148;27;99;48;2;144;26;101m▃[48;2;145;24;99m▃[38;2;148;25;97m▃[38;2;148;24;96;48;2;144;22;99m▃[38;2;148;23;97m▃[38;2;147;22;96;48;2;144;21;99m▃[38;2;144;21;99;48;2;148;22;95m▀[38;2;146;22;96;48;2;144;20;99m▅[38;2;147;23;95;48;2;144;21;97m▂[38;2;147;22;94;48;2;145;20;96m▂[38;2;146;21;95;48;2;143;19;99m▃[38;2;144;19;99;48;2;145;19;97m▀[38;2;146;19;96;48;2;144;19;99m▃[38;2;143;19;99;48;2;146;21;95m▀[38;2;144;19;99m▀[38;2;146;19;96;48;2;143;19;99m▅[48;2;144;19;98m▅[38;2;144;17;96;48;2;144;19;97m▅[48;2;146;19;96m▘[48;2;146;22;94m [38;2;148;22;95;48;2;255;210;0m▆[38;2;255;210;0;48;2;148;22;94m▔[48;2;148;21;94m [38;2;149;21;93;48;2;146;21;94m▂[38;2;146;19;96;48;2;149;21;93m▀[38;2;149;21;92;48;2;146;20;94m▃[38;2;146;19;96;48;2;149;20;94m▀[38;2;149;21;93;48;2;255;202;0m▍[38;2;255;201;0m▆[38;2;255;202;0;48;2;255;201;0m▝[38;2;255;204;0;48;2;255;203;0m▝[38;2;255;207;0;48;2;255;205;0m▝[38;2;255;209;0;48;2;255;208;0m▝[38;2;255;213;0;48;2;130;95;52m▊[38;2;1;0;0;48;2;255;215;0m▆[38;2;89;3;74m▃[38;2;172;92;94;48;2;255;218;0m▂[48;2;255;219;0m [38;2;255;220;0;48;2;255;223;0m▅[38;2;255;221;0;48;2;255;224;0m▅[38;2;255;225;0;48;2;255;222;0m▀[38;2;255;223;0;48;2;255;227;0m▅[38;2;255;224;0m▆[38;2;255;223;0m▅[38;2;255;225;0;48;2;255;222;0m▀[38;2;255;224;0;48;2;255;221;0m▀[38;2;166;98;83;48;2;255;223;0m▗[48;2;145;15;95m [38;2;146;15;96;48;2;142;14;96m▃[48;2;142;19;100m [38;2;139;15;100;48;2;1;0;2m▘[48;2;1;0;3m [48;2;0;0;0m        [48;2;0;1;0m [38;2;3;0;0;48;2;138;10;96m▀[48;2;137;14;95m [38;2;101;2;80;48;2;1;0;3m▏[48;2;0;0;1m [48;2;0;0;0m   [0m
[38;2;0;0;0;48;2;0;0;0m     [48;2;0;4;3m [48;2;1;0;0m [38;2;2;1;3;48;2;137;19;91m▏[38;2;138;24;92;48;2;137;22;93m▆[38;2;135;22;94;48;2;137;24;91m▔[48;2;137;23;88m [38;2;139;26;93;48;2;1;1;1m▖[48;2;0;1;0m [48;2;0;0;0m    [48;2;0;1;0m [48;2;0;1;3m [48;2;0;0;0m  [48;2;1;1;0m [38;2;188;127;74;48;2;142;19;93m▝[48;2;255;209;0m [38;2;255;209;0;48;2;255;206;0m▀▀[38;2;255;208;0;48;2;255;205;0m▀[38;2;255;204;0;48;2;255;207;0m▃▅[38;2;255;205;0;48;2;255;202;0m▀[38;2;255;204;0;48;2;255;201;0m▀[38;2;255;199;0;48;2;255;202;0m▃[38;2;255;200;0;48;2;255;198;0m▀ [38;2;146;22;87;48;2;255;196;0m▂[38;2;255;196;0;48;2;146;22;87m▀[38;2;255;198;0m▔[48;2;144;21;89m [38;2;76;9;45;48;2;143;22;89m▔[38;2;53;5;37;48;2;145;21;97m▀[38;2;146;22;90;48;2;60;6;43m▂[38;2;126;19;82;48;2;89;14;56m▐[48;2;142;24;89m [48;2;139;27;97m [48;2;86;74;69m [48;2;78;70;67m [38;2;81;70;70;48;2;78;68;67m▁[48;2;79;71;71m [38;2;77;71;70;48;2;80;73;72m▘[38;2;90;89;89;48;2;80;77;78m▝[38;2;71;67;68;48;2;66;67;63m▍[48;2;57;55;60m▂[38;2;56;45;40;48;2;60;56;56m▁[48;2;57;50;54m [38;2;141;69;72;48;2;52;41;41m▂[38;2;42;32;32;48;2;153;111;108m▀[38;2;157;121;123;48;2;32;0;0m▆[38;2;45;14;16;48;2;160;108;119m▔[38;2;162;116;118;48;2;109;65;70m▅[38;2;118;58;56;48;2;90;51;48m▗[38;2;103;51;52;48;2;52;25;14m▅[38;2;175;126;98;48;2;67;28;15m▁[38;2;150;103;88;48;2;70;28;20m▁[38;2;157;102;86;48;2;65;13;10m▂[38;2;154;92;77;48;2;68;31;32m▂[38;2;131;76;61;48;2;73;31;32m▃[48;2;70;28;29m [48;2;58;25;17m [48;2;63;31;23m [38;2;116;79;57;48;2;66;35;27m▅[38;2;132;97;85;48;2;72;32;37m▅[38;2;141;107;91;48;2;78;48;38m▖[38;2;45;34;34;48;2;89;60;61m▆[38;2;43;35;32;48;2;90;57;54m▆[38;2;40;30;30;48;2;93;66;64m▅[38;2;42;38;35;48;2;71;52;63m▃[38;2;37;23;23;48;2;93;72;76m▃[38;2;116;109;107;48;2;79;64;65m▐[48;2;115;115;115m [38;2;123;123;123;48;2;104;102;106m▔[38;2;119;115;116;48;2;104;103;103m▅[48;2;117;119;121m [38;2;153;26;89;48;2;126;126;131m▂[38;2;133;131;136;48;2;148;28;92m▀[48;2;151;28;91m [48;2;151;28;96m  [38;2;152;28;94;48;2;150;28;96m▂[38;2;151;28;96;48;2;148;27;97m▆▆[38;2;151;29;95;48;2;147;28;96m▅[48;2;147;29;96m▅[38;2;151;30;96;48;2;148;28;96m▅[38;2;150;29;97m▆[38;2;151;30;93;48;2;151;30;98m▂[38;2;151;26;95;48;2;148;26;96m▅[38;2;151;25;94;48;2;148;24;95m▅[38;2;150;25;94;48;2;148;24;94m▅[38;2;149;24;94m▆[38;2;149;23;93;48;2;147;23;94m▆[38;2;150;24;93m▅[38;2;151;22;93;48;2;146;22;94m▆[38;2;151;22;92;48;2;147;22;94m▅[48;2;148;22;95m▅[48;2;147;22;94m▅[38;2;150;22;92m▅[38;2;151;22;92m▅[38;2;148;22;94;48;2;150;22;92m▀[38;2;151;22;92;48;2;147;20;94m▅▆[38;2;150;21;91;48;2;148;20;92m▂ [38;2;148;20;90;48;2;148;18;92m▂[48;2;151;22;92m [38;2;150;19;89m▁[38;2;153;24;89;48;2;150;22;92m▂[48;2;151;22;91m▂▂[38;2;152;24;89;48;2;151;22;92m▂[38;2;255;202;0;48;2;151;22;89m▝[48;2;255;201;0m [38;2;255;198;0;48;2;255;200;0m▁[38;2;255;202;0m▝[38;2;255;201;0;48;2;255;203;0m▖[38;2;255;204;0;48;2;255;206;0m▃[48;2;255;207;0m [38;2;255;207;0;48;2;135;9;99m▅[38;2;255;208;0;48;2;148;19;96m▁[48;2;150;17;96m [48;2;148;18;96m [38;2;149;19;92;48;2;255;218;0m▆[38;2;255;219;0;48;2;149;21;93m▀[38;2;148;20;92;48;2;255;219;0m▂[38;2;174;93;94m▂[38;2;179;101;91;48;2;255;220;0m▁[38;2;153;43;91;48;2;255;219;0m▂[38;2;151;21;94m▃[38;2;151;19;92m▃[48;2;148;19;93m [38;2;151;18;96;48;2;148;16;94m▖[48;2;146;17;94m [38;2;145;17;94;48;2;8;0;0m▘[48;2;0;0;0m    [48;2;0;2;1m  [48;2;0;0;0m  [48;2;0;1;0m [38;2;141;22;91;48;2;1;0;1m▗[38;2;60;3;51;48;2;143;13;94m▔[38;2;146;17;94;48;2;139;16;95m▂[38;2;105;6;74;48;2;140;17;94m▕[48;2;1;0;1m▏[48;2;0;0;1m [48;2;0;0;0m   [0m
[38;2;0;1;0;48;2;0;1;0m  [48;2;1;2;0m [48;2;0;1;3m [48;2;0;0;0m [38;2;5;0;1m▔[48;2;0;1;0m [38;2;136;17;81;48;2;7;0;3m▔[38;2;139;25;89;48;2;6;3;0m▀[38;2;19;3;12;48;2;142;26;87m▂[48;2;142;26;86m [48;2;142;28;88m [38;2;142;22;95;48;2;8;0;0m▖[48;2;0;1;1m [48;2;0;0;0m [48;2;0;3;1m [38;2;133;24;100;48;2;1;0;0m▗[38;2;1;0;1;48;2;114;26;107m▗[48;2;2;0;0m [48;2;0;0;0m   [38;2;145;20;87;48;2;1;1;1m▕[38;2;255;204;0;48;2;146;22;85m▝[38;2;182;115;67;48;2;255;203;0m▁[38;2;255;203;0;48;2;255;201;0m▀[38;2;255;202;0;48;2;255;200;0m▀[48;2;255;199;0m▀[48;2;255;200;0m▔[38;2;176;82;89;48;2;255;199;0m▁[38;2;148;23;83m▃[38;2;255;198;0;48;2;148;23;83m▀[38;2;255;199;0;48;2;148;24;85m▔[48;2;147;24;85m [38;2;148;23;86;48;2;148;23;83m▀[38;2;148;24;87;48;2;148;24;84m▀▀[38;2;150;22;83;48;2;148;24;87m▃[38;2;150;22;85m▃[38;2;146;22;86;48;2;149;23;83m▔[38;2;149;22;87;48;2;148;26;84m▀[48;2;150;23;86m [48;2;83;77;69m [48;2;83;69;69m [48;2;80;69;67m [48;2;80;71;69m [48;2;80;71;65m [48;2;82;71;69m [48;2;81;75;71m [48;2;81;79;74m [48;2;70;72;67m [38;2;73;70;71;48;2;60;49;54m▘[38;2;126;57;59;48;2;47;40;33m▅[48;2;135;65;59m [38;2;123;48;45;48;2;144;75;78m▁[38;2;151;86;85;48;2;103;60;49m▀[38;2;111;50;36;48;2;157;99;108m▆[38;2;200;169;150;48;2;119;46;39m▃[38;2;114;42;31;48;2;222;174;154m▀[38;2;218;175;154;48;2;88;32;21m▅[38;2;116;80;66;48;2;224;183;165m▔[48;2;220;178;159m [38;2;124;80;61;48;2;226;178;147m▔[38;2;188;128;100;48;2;119;110;111m▀[38;2;169;108;87;48;2;77;62;67m▔[38;2;88;79;72;48;2;66;57;52m▖[38;2;68;54;53;48;2;60;47;41m▏[48;2;61;46;44m [38;2;127;83;77;48;2;61;46;47m▁[38;2;121;81;75;48;2;62;52;51m▁[48;2;67;52;52m [38;2;77;57;55;48;2;149;117;104m▖[38;2;160;123;107;48;2;39;15;8m▖[38;2;43;32;25;48;2;46;33;36m▃[48;2;44;34;34m [38;2;40;33;28;48;2;50;40;38m▊[38;2;52;45;42;48;2;43;33;33m▃[48;2;52;38;40m [38;2;63;54;54;48;2;129;130;107m▂[38;2;114;118;113;48;2;109;65;79m▀[38;2;145;29;88;48;2;129;131;129m▆[48;2;155;31;91m [38;2;153;31;90;48;2;154;31;89m▘[48;2;154;31;92m [38;2;153;30;92;48;2;153;31;90m▀[38;2;153;31;89;48;2;153;30;92m▃[48;2;153;29;93m▃[38;2;154;32;88;48;2;154;31;92m▂[38;2;153;32;87m▂[38;2;153;31;87;48;2;153;30;92m▂[38;2;154;32;88;48;2;152;31;93m▂▂[38;2;155;32;88;48;2;154;31;92m▂[38;2;154;32;91;48;2;152;31;94m▆[38;2;153;31;92;48;2;153;31;90m▀[38;2;153;31;90;48;2;153;29;92m▅[38;2;152;26;91;48;2;155;28;89m▀[38;2;154;26;87;48;2;152;26;91m▅[38;2;152;27;90;48;2;155;27;87m▀[38;2;153;26;89;48;2;152;24;91m▅[38;2;153;25;88m▆[48;2;153;24;89m▃▃▃[38;2;152;23;90;48;2;153;25;88m▀▀[38;2;154;24;89;48;2;151;22;91m▅[38;2;153;24;87m▅[48;2;152;23;90m▅[38;2;152;23;90;48;2;153;23;88m▀▀[38;2;153;22;91;48;2;153;22;88m▀[38;2;151;22;89;48;2;153;22;87m▀[38;2;152;22;89;48;2;152;22;87m▀[48;2;153;22;88m [48;2;152;20;87m [48;2;152;20;88m [48;2;153;24;87m [38;2;151;22;87;48;2;155;24;89m▃[38;2;151;19;89;48;2;154;24;87m▂[48;2;153;24;87m [38;2;159;48;88;48;2;255;198;0m▂[48;2;255;197;0m [38;2;255;201;0;48;2;255;199;0m▝[38;2;255;200;0;48;2;255;202;0m▅[38;2;255;204;0m▀[48;2;255;206;0m▃[48;2;255;207;0m [38;2;174;85;97m▔[38;2;255;208;0;48;2;155;24;88m▅[38;2;155;24;88;48;2;255;209;0m▀[38;2;152;21;92;48;2;255;210;0m▀[38;2;255;211;0;48;2;151;22;92m▂[48;2;155;24;88m [38;2;155;24;88;48;2;151;22;92m▃[38;2;154;22;89;48;2;151;20;91m▃[48;2;153;22;92m▂[48;2;153;22;91m [38;2;51;3;31;48;2;150;24;92m▁[38;2;8;1;2;48;2;148;19;93m▅[48;2;6;0;2m [48;2;1;0;1m [48;2;0;0;0m    [38;2;113;12;76;48;2;2;0;0m▕[48;2;2;1;4m▊[48;2;1;0;0m [48;2;1;0;1m [48;2;6;0;3m [38;2;4;0;1;48;2;140;22;88m▅[38;2;16;1;12;48;2;146;21;88m▃[48;2;147;19;87m [38;2;130;13;82;48;2;150;22;90m▕[48;2;1;0;1m▏[48;2;0;0;0m   [48;2;1;1;1m [0m
[38;2;1;0;1;48;2;145;24;86m▀[38;2;143;20;83;48;2;1;1;1m▆[48;2;5;0;6m [48;2;0;0;1m [48;2;0;0;0m  [48;2;0;1;0m [38;2;4;1;1;48;2;7;1;1m▍[38;2;3;3;1;48;2;8;1;0m▔[38;2;1;0;3m▔[38;2;137;26;80;48;2;7;0;0m▔[38;2;146;26;87;48;2;6;3;1m▀[38;2;67;15;37;48;2;146;26;89m▁[38;2;0;3;1;48;2;148;30;89m▝[48;2;1;0;3m [38;2;1;1;1;48;2;143;26;90m▘[38;2;5;0;1;48;2;141;26;95m▗[48;2;0;0;0m      [38;2;19;2;12;48;2;149;26;83m▖[48;2;151;24;81m [38;2;151;24;81;48;2;255;200;0m▆[38;2;151;25;81;48;2;255;203;0m▆[38;2;255;202;0;48;2;151;26;82m▔[48;2;152;26;81m [48;2;152;26;83m [38;2;152;26;81;48;2;151;24;82m▃[38;2;153;28;81m▁[38;2;153;29;82;48;2;151;24;80m▁[38;2;153;30;83;48;2;151;25;84m▁[48;2;153;26;82m▂[38;2;154;31;83;48;2;151;24;83m▁[38;2;155;33;85;48;2;152;25;82m▁[38;2;154;32;84;48;2;152;24;84m▂[38;2;155;33;83;48;2;151;24;81m▂[38;2;157;37;87;48;2;153;25;82m▁[38;2;156;103;127;48;2;157;26;80m▗[48;2;94;92;91m [38;2;85;77;73;48;2;93;90;89m▀[38;2;92;89;88;48;2;77;74;69m▃[38;2;82;85;80;48;2;79;71;69m▂[38;2;86;83;80;48;2;80;73;69m▂[38;2;83;80;76;48;2;78;72;67m▂[38;2;82;74;71;48;2;78;70;66m▃[48;2;82;76;71m [38;2;77;70;69;48;2;84;79;75m▁[38;2;122;74;65;48;2;81;77;74m▗[48;2;125;67;57m [48;2;128;58;58m [38;2;176;163;135;48;2;121;57;49m▁[38;2;111;49;39;48;2;188;160;141m▀[38;2;188;160;141;48;2;89;30;23m▆[38;2;110;78;76;48;2;204;176;154m▃[38;2;211;188;173;48;2;129;113;104m▀[38;2;113;95;89;48;2;230;191;172m▃[38;2;197;127;97;48;2;244;200;177m▔[38;2;206;137;113;48;2;227;182;167m▔[38;2;207;144;116;48;2;232;187;164m▝[38;2;233;196;170;48;2;136;73;48m▘[38;2;116;106;107;48;2;90;68;57m▘[38;2;162;99;82;48;2;81;64;54m▂[38;2;153;92;74;48;2;64;45;49m▅[38;2;40;25;18;48;2;141;78;69m▃[38;2;48;36;36;48;2;143;89;78m▅[38;2;39;20;26;48;2;144;85;75m▅[38;2;148;100;83;48;2;52;32;27m▀[38;2;83;42;30;48;2;147;101;95m▁[38;2;99;74;67;48;2;142;107;99m▔[48;2;148;108;93m [38;2;43;28;23;48;2;129;84;70m▀[38;2;45;24;20;48;2;48;34;27m▂[48;2;51;45;41m [38;2;58;44;43;48;2;45;34;29m▖[38;2;34;24;19;48;2;48;35;33m▃[38;2;55;48;46;48;2;47;37;35m▗[38;2;88;55;41;48;2;74;42;36m▆[38;2;89;73;67;48;2;74;34;24m▔[38;2;87;57;44;48;2;155;29;88m▅[48;2;154;32;88m [48;2;155;34;87m [38;2;155;34;86;48;2;155;33;89m▆[48;2;155;33;90m▆[48;2;155;33;89m▆[38;2;155;33;90;48;2;155;34;87m▔[48;2;155;33;87m▔[38;2;155;33;91;48;2;156;34;86m▔[38;2;155;33;92m▔[38;2;155;32;90m▔[48;2;155;32;87m [38;2;155;33;88;48;2;156;34;86m▀[48;2;157;35;85m▀▀[38;2;155;31;87;48;2;157;33;85m▀[38;2;157;31;84;48;2;155;30;86m▃[38;2;156;29;85;48;2;155;28;87m▂[38;2;157;30;87;48;2;155;28;85m▃[38;2;155;27;88m▔[38;2;157;29;83m▁[38;2;157;28;85;48;2;154;26;86m▅▅[38;2;153;26;84;48;2;157;28;85m▀[38;2;154;26;86;48;2;157;26;85m▀[38;2;156;26;84;48;2;155;26;86m▅▃[38;2;157;26;84;48;2;156;26;86m▃[48;2;155;25;87m▃[38;2;156;25;83;48;2;155;24;86m▃[38;2;157;26;84;48;2;155;24;87m▃[38;2;156;24;85;48;2;154;23;87m▂[38;2;155;24;85;48;2;154;23;88m▆[38;2;156;24;84;48;2;155;24;86m▁[38;2;155;24;83;48;2;153;22;87m▂[38;2;155;24;86m▅[38;2;154;22;83m▃ [48;2;153;21;87m [48;2;154;22;88m [48;2;154;22;87m [38;2;255;197;0;48;2;153;23;88m▔[48;2;162;44;92m▝[38;2;193;113;80;48;2;255;198;0m▁[38;2;255;198;0;48;2;255;200;0m▅[38;2;255;202;0;48;2;255;199;0m▀[38;2;255;201;0;48;2;255;204;0m▅[38;2;255;202;0;48;2;255;205;0m▅[38;2;255;203;0;48;2;255;206;0m▅[38;2;255;207;0;48;2;255;204;0m▀[38;2;255;205;0;48;2;255;208;0m▅[38;2;255;208;0;48;2;255;205;0m▀[48;2;255;206;0m [38;2;255;207;0;48;2;155;24;88m▖ [38;2;22;3;12;48;2;154;23;88m▗[38;2;11;0;0;48;2;149;24;87m▆[48;2;10;1;1m [38;2;7;1;1;48;2;11;1;1m▕[48;2;1;0;1m [38;2;0;0;0m▗[48;2;0;0;0m [38;2;1;1;1m▗[48;2;1;0;1m [38;2;1;0;0;48;2;9;1;2m▀[48;2;7;3;4m [38;2;11;2;8;48;2;137;23;85m▏[38;2;151;17;83;48;2;3;0;0m▃[38;2;154;24;84;48;2;4;0;1m▅[38;2;156;24;87;48;2;5;2;3m▆[38;2;54;3;38;48;2;157;22;85m▔[48;2;157;22;86m [38;2;156;22;88;48;2;157;22;85m▝[48;2;157;21;90m [38;2;122;15;67;48;2;1;0;0m▍[38;2;0;0;0;48;2;1;0;1m▆[48;2;0;0;0m  [38;2;137;12;78;48;2;0;0;1m▐[0m
[38;2;8;0;0;48;2;147;24;85m▃[48;2;3;0;1m [48;2;0;0;0m     [38;2;3;0;0;48;2;8;1;0m▏ [48;2;8;0;0m [48;2;8;1;0m  [48;2;8;0;0m [38;2;8;1;0;48;2;149;35;86m▃[48;2;149;37;85m [48;2;148;30;85m [48;2;2;0;0m [48;2;0;0;0m      [38;2;1;0;1;48;2;150;33;80m▊[38;2;160;50;89;48;2;154;31;83m▃[48;2;154;32;84m▃[38;2;161;52;90;48;2;155;33;85m▃[38;2;162;53;91;48;2;154;33;83m▃[38;2;162;55;92;48;2;155;34;83m▃[38;2;162;57;91;48;2;155;35;84m▃[38;2;164;58;94;48;2;156;35;85m▃[38;2;164;60;93;48;2;157;36;85m▃[48;2;157;37;86m▃[38;2;166;62;95;48;2;157;40;87m▃[38;2;164;62;94m▃[38;2;164;63;94;48;2;158;40;87m▃[38;2;158;41;87;48;2;165;63;94m▀[38;2;159;42;88;48;2;164;65;95m▀[38;2;159;44;89m▀[38;2;160;46;91;48;2;167;67;97m▀[38;2;168;71;99;48;2;123;123;119m▍[38;2;110;110;107;48;2;103;104;101m▁[38;2;112;112;109;48;2;102;103;99m▂[38;2;96;93;92;48;2;107;108;104m▀[38;2;112;113;109;48;2;94;87;86m▂[38;2;110;109;106;48;2;92;89;87m▃[38;2;107;99;98;48;2;92;89;86m▃[38;2;87;84;82;48;2;106;105;103m▀[38;2;112;111;108;48;2;88;81;78m▁[38;2;132;108;104;48;2;86;84;79m▗[48;2;123;92;88m [38;2;42;32;26;48;2;114;65;57m▃[38;2;174;155;127;48;2;148;80;69m▝[38;2;173;160;129;48;2;76;67;57m▘[38;2;89;81;74;48;2;83;71;60m▝[38;2;144;103;78;48;2;87;70;66m▁[38;2;162;108;79;48;2;87;66;62m▂[38;2;168;94;63;48;2;97;72;64m▃[38;2;172;105;75;48;2;95;78;65m▃[38;2;167;98;69;48;2;224;156;118m▍[48;2;217;158;122m [38;2;194;116;86;48;2;221;154;127m▃[38;2;217;147;119;48;2;174;99;76m▘[38;2;157;89;68;48;2;174;102;78m▃[38;2;32;17;14;48;2;155;83;58m▗[48;2;38;23;16m [38;2;186;171;164;48;2;46;33;24m▅[38;2;60;52;50;48;2;177;163;162m▔[38;2;53;35;35;48;2;166;149;141m▃[38;2;55;45;44;48;2;155;142;136m▔[38;2;149;135;126;48;2;86;52;43m▖[38;2;112;61;39;48;2;147;96;81m▖[38;2;116;53;32;48;2;155;103;84m▁[38;2;126;75;59;48;2;150;99;86m▘[38;2;44;25;20;48;2;151;105;90m▝[38;2;130;90;80;48;2;50;29;25m▁[38;2;58;38;33;48;2;54;34;28m▀[38;2;32;19;16;48;2;58;47;40m▝[38;2;59;44;39;48;2;35;21;17m▁[38;2;82;45;36;48;2;39;23;19m▝[38;2;70;33;21;48;2;76;38;30m▞[48;2;70;29;19m [38;2;93;58;41;48;2;95;49;34m▐[48;2;153;35;82m [38;2;160;40;84;48;2;157;35;85m▃[38;2;158;40;84;48;2;157;35;83m▂[38;2;159;39;83m▂[38;2;159;36;83;48;2;157;35;85m▅[38;2;160;38;83;48;2;156;34;84m▂[38;2;157;36;84;48;2;160;36;82m▀[38;2;157;34;84m▀[38;2;160;36;82;48;2;156;35;85m▅[38;2;160;36;81;48;2;157;35;85m▅[38;2;160;37;80m▅[38;2;160;36;81m▆▆[38;2;160;34;81;48;2;158;34;83m▅[38;2;159;32;83;48;2;160;34;82m▀[38;2;158;31;82;48;2;160;33;81m▀[38;2;160;32;79;48;2;159;31;83m▂[48;2;157;31;83m▂[38;2;160;31;80;48;2;160;31;82m▂[38;2;161;31;80;48;2;159;28;82m▃[38;2;160;31;81;48;2;157;28;83m▂[38;2;157;28;83;48;2;160;31;83m▀[38;2;160;31;82;48;2;157;26;82m▃[38;2;160;30;83;48;2;157;27;83m▃[48;2;158;27;83m▃[38;2;162;29;83;48;2;157;26;83m▃[38;2;161;28;82;48;2;158;27;84m▃[38;2;159;26;83;48;2;160;28;81m▀[38;2;160;28;81;48;2;158;27;83m▃[38;2;159;28;81;48;2;158;25;85m▂[48;2;156;27;83m [38;2;16;0;4m▂[38;2;11;1;0;48;2;155;26;83m▃[38;2;12;1;1;48;2;154;24;82m▃[38;2;153;22;80;48;2;12;1;1m▀[38;2;12;1;1;48;2;155;22;82m▅[38;2;13;1;1;48;2;155;24;83m▅[38;2;154;21;80;48;2;13;2;2m▀[38;2;154;23;85;48;2;13;1;1m▀[38;2;14;2;9;48;2;155;24;85m▃[38;2;8;0;2;48;2;155;26;85m▂[38;2;108;15;44;48;2;153;28;85m▁[38;2;153;28;85;48;2;255;197;0m▆[38;2;255;197;0;48;2;153;28;85m▀[38;2;153;28;85;48;2;255;198;0m▃[38;2;182;84;85;48;2;255;199;0m▁[48;2;255;200;0m [38;2;255;201;0;48;2;255;199;0m▀[38;2;255;199;0;48;2;255;202;0m▃[38;2;255;201;0;48;2;255;203;0m▆[38;2;195;117;85m▕[48;2;155;24;88m [38;2;14;1;1;48;2;152;24;78m▃[48;2;12;0;0m [38;2;12;1;1;48;2;11;0;1m▆[48;2;11;1;1m▖[38;2;11;1;3;48;2;2;1;1m▍[48;2;1;0;1m [38;2;1;0;0m▔[38;2;0;0;0m▘[38;2;8;1;2m▗[48;2;8;0;1m [38;2;153;27;79;48;2;9;2;1m▁[38;2;6;1;1;48;2;155;28;85m▘[48;2;157;27;80m [38;2;159;26;82;48;2;159;24;84m▃[38;2;159;24;84;48;2;158;24;84m▆[38;2;160;26;83;48;2;158;25;85m▃[38;2;158;25;85;48;2;160;26;83m▀[38;2;162;26;83;48;2;160;24;83m▃[38;2;160;24;86;48;2;162;26;84m▀[38;2;159;24;85;48;2;161;27;85m▀[38;2;2;0;1;48;2;157;22;83m▐[48;2;1;0;1m [38;2;0;0;0m▀[38;2;1;0;1;48;2;0;0;0m▂[38;2;158;24;83m▐[0m
[38;2;10;0;0;48;2;10;0;0m [38;2;3;0;0;48;2;0;1;1m▖[48;2;0;0;0m    [48;2;1;0;1m [48;2;24;2;6m [38;2;9;1;0;48;2;8;0;0m▃[48;2;10;1;0m▀[38;2;10;1;0;48;2;8;1;0m▆▆[48;2;10;0;0m▁ [38;2;124;28;65;48;2;8;3;1m▝[48;2;150;34;83m [38;2;2;0;0;48;2;149;31;76m▝[48;2;1;2;3m [48;2;1;1;1m [48;2;0;0;0m    [38;2;1;0;1;48;2;64;13;33m▊[38;2;155;42;78;48;2;160;51;89m▃[48;2;162;57;91m [38;2;33;8;16;48;2;160;51;87m▁[38;2;17;1;6;48;2;162;56;90m▂[38;2;9;0;0;48;2;165;61;93m▃[38;2;8;0;0;48;2;167;62;94m▃[38;2;8;1;2;48;2;167;62;93m▂[38;2;13;2;4;48;2;166;67;97m▁[38;2;105;22;49;48;2;166;54;89m▁[38;2;161;47;82;48;2;167;65;96m▁[38;2;163;51;85;48;2;167;67;98m▃[38;2;163;50;87;48;2;168;67;96m▂[38;2;164;51;87m▂[38;2;164;51;88;48;2;167;68;96m▃[38;2;164;52;87;48;2;168;69;96m▃[38;2;164;51;86;48;2;167;69;95m▃[38;2;138;99;110;48;2;167;61;92m▝[38;2;167;69;95;48;2;125;109;112m▁[38;2;146;151;144;48;2;123;123;120m▂[38;2;151;157;157;48;2;127;128;123m▁[38;2;121;122;118;48;2;139;138;135m▀[38;2;145;146;142;48;2;123;123;119m▃[38;2;139;140;136;48;2;121;121;117m▅[48;2;131;132;128m [38;2;115;107;97;48;2;138;137;134m▝[48;2;120;107;93m [38;2;33;19;15;48;2;102;77;67m▁[38;2;51;40;36;48;2;86;66;61m▝[48;2;77;66;61m [38;2;177;151;126;48;2;78;68;62m▗[38;2;91;65;50;48;2;173;126;108m▔[38;2;164;111;98;48;2;67;34;17m▀[38;2;221;221;220;48;2;96;80;75m▁[38;2;222;219;202;48;2;76;58;50m▂[38;2;235;202;180;48;2;62;44;31m▂[38;2;104;72;55;48;2;188;98;60m▆[38;2;164;86;49;48;2;198;120;80m▃[38;2;205;109;84;48;2;241;211;177m▀[38;2;121;60;32;48;2;244;177;151m▔[38;2;232;154;118;48;2;137;75;54m▖[48;2;102;55;37m [38;2;126;66;56;48;2;167;144;126m▍[38;2;177;113;86;48;2;187;166;147m▁[38;2;88;52;36;48;2;180;143;124m▝[38;2;200;149;132;48;2;105;49;26m▂[38;2;120;88;67;48;2;174;139;120m▘[38;2;148;99;85;48;2;182;105;86m▔[38;2;236;161;130;48;2;164;100;80m▗[38;2;149;95;73;48;2;201;137;114m▔[38;2;186;119;96;48;2;195;127;107m▀[38;2;178;111;87;48;2;162;100;86m▅[48;2;159;106;89m [38;2;161;114;96;48;2;43;27;14m▖[38;2;57;43;35;48;2;50;35;24m▝[48;2;58;44;39m [48;2;37;23;15m [48;2;36;24;14m [38;2;35;24;15;48;2;75;26;13m▆[38;2;149;108;107;48;2;71;27;15m▕[48;2;161;56;91m [48;2;159;42;81m [38;2;160;40;79;48;2;161;44;83m▃[38;2;160;43;83;48;2;162;40;81m▘[38;2;162;38;80;48;2;161;40;83m▃[38;2;161;39;82;48;2;162;38;80m▀[38;2;162;39;80;48;2;160;38;81m▃[38;2;162;38;78;48;2;159;38;82m▗[38;2;162;38;81;48;2;162;38;78m▀[38;2;162;37;83m▀▀[38;2;162;39;79;48;2;160;38;81m▅▃[38;2;162;37;83;48;2;162;38;78m▀[38;2;162;37;81m▀[38;2;162;35;79;48;2;164;35;80m▖[38;2;162;33;82;48;2;162;33;80m▘[38;2;163;35;80m▂[38;2;163;34;79;48;2;161;33;80m▃[38;2;162;33;80;48;2;163;34;78m▀[38;2;162;33;78;48;2;161;31;80m▆[38;2;164;33;78;48;2;162;33;82m▃[38;2;162;33;82;48;2;163;32;79m▘[38;2;164;32;78;48;2;162;32;80m▃[38;2;162;32;80;48;2;164;32;78m▀[38;2;163;31;79;48;2;162;31;80m▃[38;2;164;31;77;48;2;162;29;83m▃[48;2;162;31;80m [38;2;15;3;3;48;2;160;33;81m▃[38;2;12;1;1;48;2;146;21;69m▅[48;2;12;1;1m [48;2;12;3;2m [38;2;13;1;1;48;2;12;1;1m▂  [38;2;63;9;26;48;2;12;2;1m▂ [38;2;12;1;1;48;2;13;0;1m▅[38;2;13;1;1;48;2;12;1;1m▂[38;2;14;1;1m▔[48;2;13;1;1m [48;2;13;1;3m [48;2;153;28;85m▆[38;2;153;28;85;48;2;14;1;1m▀[38;2;14;1;1;48;2;153;28;85m▂ [38;2;181;89;84m▔[38;2;255;204;0m▔▔[48;2;149;26;79m [38;2;195;124;70;48;2;151;26;83m▔[38;2;154;26;91;48;2;15;8;15m▘[48;2;14;1;1m [38;2;14;1;1;48;2;13;1;1m▂▂[38;2;7;1;1;48;2;12;1;1m▕[48;2;1;0;0m▏[48;2;1;0;1m  [38;2;8;0;0;48;2;1;2;0m▗[48;2;8;0;1m [38;2;160;32;82;48;2;11;5;7m▅[48;2;162;28;82m [38;2;164;29;80m▂[38;2;162;27;81;48;2;160;28;83m▆[38;2;163;28;78;48;2;162;28;82m▂[38;2;162;28;80m▃[38;2;163;28;79m▃[38;2;163;28;80;48;2;162;29;83m▂[38;2;164;29;80;48;2;164;28;83m▂[38;2;165;29;80m▂[38;2;164;30;80m▃[38;2;162;28;79;48;2;53;8;24m▊[48;2;1;1;0m [48;2;1;0;1m  [38;2;161;28;81m▐[0m
[38;2;10;0;0;48;2;10;0;0m [38;2;6;0;0;48;2;0;0;0m▍    [38;2;0;0;0;48;2;9;1;0m▍[48;2;12;1;1m [48;2;11;0;0m [48;2;11;1;1m [38;2;12;1;1;48;2;11;0;0m▗▃▃▃ [48;2;10;0;0m [48;2;148;28;67m [38;2;40;8;20;48;2;151;30;68m▔[48;2;1;0;2m [48;2;0;0;0m    [48;2;1;2;0m [38;2;144;24;61;48;2;10;1;0m▔[48;2;12;0;0m [38;2;6;0;0;48;2;12;1;1m▔[48;2;13;1;1m [38;2;12;1;1m▏ [38;2;14;1;1m▔[48;2;12;1;1m [48;2;13;0;1m [38;2;151;33;67;48;2;12;0;0m▔[38;2;13;0;0;48;2;157;45;79m▆[38;2;160;35;76;48;2;12;1;1m▀[48;2;159;44;83m [38;2;161;42;82;48;2;158;35;73m▔[38;2;162;42;81;48;2;162;31;72m▔[48;2;160;31;74m▔[38;2;162;43;82;48;2;161;33;73m▔[38;2;162;42;82;48;2;163;33;73m▔[48;2;164;33;76m [38;2;162;157;148;48;2;166;33;71m▔[38;2;153;161;151;48;2;167;33;72m▔[38;2;130;130;128;48;2;159;35;70m▔[38;2;159;35;71;48;2;158;138;139m▆[38;2;159;35;70;48;2;160;138;140m▆[38;2;159;36;69;48;2;131;124;122m▆[38;2;159;144;146;48;2;129;66;58m▔[38;2;44;22;13;48;2;93;42;23m▔[38;2;98;72;59;48;2;88;64;56m▐[38;2;161;133;115;48;2;80;58;44m▝[48;2;174;130;104m [38;2;176;128;100;48;2;88;60;43m▊[38;2;89;50;36;48;2;192;186;175m▍[48;2;216;205;198m [38;2;130;68;49;48;2;229;222;208m▅[38;2;238;203;182;48;2;73;38;24m▔[38;2;189;82;60;48;2;220;179;155m▖[38;2;234;178;154;48;2;153;93;70m▅[48;2;252;204;169m [38;2;241;211;187;48;2;247;190;161m▊[38;2;255;190;158;48;2;243;157;124m▍[38;2;153;92;71;48;2;222;149;114m▝[38;2;171;110;91;48;2;214;128;103m▍[38;2;201;114;84;48;2;232;170;129m▂[38;2;235;179;144;48;2;204;123;96m▆[38;2;243;184;150;48;2;193;110;78m▆[38;2;246;185;156;48;2;203;113;76m▆[38;2;191;100;69;48;2;241;176;148m▔[38;2;240;158;128;48;2;233;173;137m▁[38;2;219;139;109;48;2;229;149;119m▂[38;2;220;142;112;48;2;201;126;101m▘[48;2;186;116;92m [38;2;178;120;101;48;2;177;125;107m▖[38;2;89;57;41;48;2;169;118;101m▝[48;2;57;40;31m [48;2;56;39;29m [38;2;45;29;22;48;2;52;35;29m▔[48;2;55;47;34m [38;2;84;70;62;48;2;30;16;12m▁[38;2;147;52;74;48;2;31;26;17m▂[48;2;38;24;20m [38;2;162;35;79;48;2;49;39;33m▝[48;2;162;42;80m [38;2;162;40;73;48;2;161;40;76m▖[38;2;164;41;74;48;2;163;39;78m▂[38;2;164;42;76;48;2;162;40;77m▃[48;2;163;39;77m▃[38;2;162;38;80;48;2;164;40;76m▔[38;2;164;42;75;48;2;163;39;77m▃[38;2;164;40;76m▅[38;2;164;42;76;48;2;162;40;77m▁[38;2;164;42;78;48;2;163;40;78m▂[38;2;164;40;76m▆[38;2;164;42;78;48;2;162;40;76m▂[38;2;164;41;76;48;2;164;40;78m▅[38;2;165;40;76;48;2;163;37;78m▅[38;2;165;38;77;48;2;164;35;78m▃[38;2;164;35;78;48;2;165;38;77m▘[38;2;165;38;77;48;2;165;35;77m▃[38;2;165;37;77;48;2;165;33;78m▃[38;2;166;37;78;48;2;165;34;78m▃[38;2;167;36;76;48;2;165;35;77m▃[48;2;166;34;77m▅[38;2;165;35;77;48;2;165;33;76m▅[38;2;164;32;80;48;2;165;35;77m▔[48;2;164;37;78m [38;2;12;2;1;48;2;161;35;77m▗[38;2;155;28;66;48;2;16;2;3m▁[38;2;147;31;67;48;2;15;3;3m▃[38;2;162;36;76;48;2;15;2;2m▃[38;2;164;34;74;48;2;15;1;0m▃[38;2;15;1;1;48;2;162;35;74m▀[38;2;11;0;0;48;2;164;33;74m▀[38;2;15;0;1;48;2;163;33;73m▀[38;2;46;7;13;48;2;140;19;58m▔[38;2;153;28;69;48;2;14;0;1m▁[48;2;13;1;1m [38;2;12;2;0;48;2;14;1;0m▁[48;2;14;1;1m [38;2;12;1;1;48;2;14;1;2m▗[38;2;104;10;37;48;2;14;0;0m▁[48;2;15;1;0m [48;2;14;1;1m    [38;2;14;1;1;48;2;153;28;85m▆[38;2;26;4;8m▁[48;2;150;26;72m [38;2;149;26;76;48;2;149;26;66m▔[38;2;15;1;1;48;2;147;25;61m▐[48;2;15;1;1m   [38;2;15;1;0;48;2;14;1;1m▅[38;2;4;1;1;48;2;12;2;2m▗[38;2;1;0;1;48;2;1;1;0m▕[48;2;1;0;1m [38;2;81;12;38;48;2;4;0;1m▁[38;2;15;3;10;48;2;160;26;69m▔[48;2;165;33;80m [38;2;166;31;80;48;2;164;31;81m▆[38;2;164;31;83;48;2;165;31;78m▔[48;2;164;32;80m▔[38;2;165;33;79;48;2;164;31;79m▃▃[38;2;164;33;76;48;2;164;31;78m▁[38;2;164;34;76;48;2;164;31;79m▁[38;2;166;34;78;48;2;164;32;80m▃[38;2;167;33;78;48;2;166;31;80m▃[48;2;167;31;80m▃[38;2;167;32;81;48;2;167;32;78m▔[48;2;166;33;81m [38;2;149;22;67;48;2;3;0;2m▖[48;2;1;1;0m [48;2;1;0;1m [38;2;164;31;79m▐[0m
[38;2;10;0;1;48;2;160;41;69m▀[38;2;157;36;63;48;2;6;3;1m▖[48;2;0;0;0m   [48;2;1;0;0m [38;2;33;10;17;48;2;159;43;75m▍[38;2;160;40;72;48;2;28;3;0m▆[38;2;126;19;45;48;2;58;9;16m▍[48;2;11;2;0m [48;2;12;1;1m [38;2;13;1;1m▗▅[38;2;12;1;1;48;2;13;1;1m▘ [38;2;11;0;0;48;2;12;1;1m▔[38;2;153;31;68;48;2;12;5;2m▝[48;2;153;29;68m [48;2;151;30;64m [48;2;1;2;0m [48;2;0;0;0m   [38;2;0;0;0;48;2;3;1;0m▊[48;2;10;0;0m [48;2;11;0;0m [48;2;13;1;1m [38;2;16;0;0m▁ [38;2;10;3;2m▂ [38;2;114;28;47m▁[38;2;142;32;58;48;2;12;1;1m▁[38;2;152;35;62m▁[38;2;153;35;62m▁[38;2;142;29;56;48;2;12;0;0m▁[38;2;100;19;37;48;2;10;0;0m▁[38;2;10;3;0;48;2;160;33;70m▅[38;2;80;11;24;48;2;162;36;70m▁[38;2;165;38;69;48;2;162;33;73m▂[38;2;162;35;73;48;2;164;35;69m▀[38;2;165;39;69;48;2;164;37;71m▃[38;2;167;40;70m▂[38;2;165;38;71m▆[38;2;166;40;70;48;2;165;37;72m▃[38;2;167;41;69;48;2;164;39;71m▃[38;2;164;38;72;48;2;165;40;73m▔[38;2;165;42;71;48;2;165;40;71m▃[38;2;165;40;72;48;2;168;56;79m▊[38;2;149;78;75;48;2;122;67;56m▏[38;2;130;75;65;48;2;102;49;35m▖[38;2;95;68;57;48;2;84;52;40m▝[48;2;79;61;43m [38;2;80;48;37;48;2;182;135;106m▏[48;2;165;122;90m [38;2;124;77;56;48;2;203;159;133m▘[38;2;216;147;114;48;2;208;183;157m▂[38;2;138;86;62;48;2;210;164;134m▝[38;2;211;126;91;48;2;121;69;46m▅[48;2;242;179;152m [48;2;252;211;177m [38;2;254;203;172;48;2;244;194;159m▝[48;2;255;201;171m [38;2;243;196;166;48;2;244;178;144m▊[38;2;240;164;128;48;2;239;156;124m▗[38;2;224;141;107;48;2;178;108;82m▏[38;2;170;101;68;48;2;246;181;143m▃[38;2;226;143;103;48;2;168;92;68m▀[38;2;220;141;102;48;2;159;80;50m▝[38;2;184;92;53;48;2;226;139;109m▂[38;2;191;109;71;48;2;236;152;115m▃[38;2;196;112;78;48;2;224;140;105m▃[38;2;194;111;80;48;2;211;127;96m▃[38;2;192;107;80;48;2;200;121;88m▅[48;2;189;107;81m [38;2;185;117;90;48;2;186;133;113m▃[38;2;164;106;83;48;2;165;115;89m▁[38;2;58;32;19;48;2;156;103;80m▐[48;2;59;34;22m [48;2;54;39;31m [38;2;40;23;14;48;2;48;29;21m▁[38;2;89;77;70;48;2;48;34;26m▔[38;2;52;31;29;48;2;153;43;68m▖[38;2;23;16;9;48;2;156;77;88m▝[48;2;37;21;17m [38;2;167;84;97;48;2;50;35;27m▝[48;2;165;42;73m [48;2;163;43;74m [48;2;163;44;74m [38;2;164;45;74;48;2;164;42;74m▅[38;2;164;45;71;48;2;163;43;74m▃[38;2;164;42;74;48;2;166;44;73m▀[38;2;164;44;74;48;2;164;42;75m▅[48;2;165;46;74m [38;2;164;45;73;48;2;164;44;75m▃[48;2;164;42;74m▆[38;2;167;45;74;48;2;164;44;75m▁[38;2;166;44;73m▃[38;2;165;43;72;48;2;164;42;74m▆[38;2;166;43;73;48;2;167;40;76m▃[38;2;167;41;74;48;2;167;39;75m▃[38;2;167;39;75;48;2;165;37;74m▆[48;2;165;37;75m [38;2;167;40;74;48;2;167;39;75m▂[38;2;168;39;74;48;2;166;36;74m▆[38;2;167;37;74m▆[38;2;168;37;74;48;2;167;36;76m▆[38;2;165;35;76;48;2;167;37;74m▔[48;2;167;37;72m [38;2;112;17;45;48;2;167;33;73m▔[48;2;166;35;74m [48;2;165;34;73m [38;2;167;36;71;48;2;167;33;74m▃[38;2;167;37;72;48;2;166;33;74m▂[38;2;167;35;74m▂[48;2;167;32;74m [38;2;167;35;72m▂[38;2;167;33;76;48;2;167;34;71m▀[48;2;166;33;72m [48;2;165;35;76m [38;2;21;2;6;48;2;165;31;76m▔[38;2;17;2;3;48;2;167;34;74m▀[38;2;26;1;2;48;2;162;28;71m▘[38;2;35;8;6;48;2;142;23;60m▐[48;2;15;1;1m [48;2;15;1;0m [38;2;137;17;49;48;2;14;1;1m▂ [38;2;18;1;0m▁▂[38;2;18;1;1m▂[38;2;145;25;60;48;2;15;2;0m▝[38;2;82;15;35;48;2;149;26;62m▁[48;2;16;1;1m [48;2;15;1;1m [48;2;16;1;1m [38;2;16;1;1;48;2;15;1;1m▅[48;2;15;1;2m▂[38;2;2;1;0;48;2;12;1;2m▐[48;2;1;3;1m [38;2;138;26;58;48;2;2;1;1m▗[38;2;40;9;18;48;2;160;33;73m▘[48;2;166;31;75m [38;2;55;7;20;48;2;167;32;79m▁[38;2;20;0;3;48;2;166;35;75m▂[38;2;21;0;1;48;2;165;33;75m▃[38;2;19;1;2;48;2;165;33;76m▃[48;2;164;33;74m▃[38;2;21;0;1;48;2;164;33;76m▃[38;2;24;1;6;48;2;164;33;74m▂[38;2;48;8;16;48;2;164;35;73m▁[38;2;127;24;51;48;2;166;35;78m▁[48;2;166;35;76m [38;2;167;34;76;48;2;167;35;76m▞[48;2;167;35;74m▀ [38;2;165;37;75;48;2;22;8;12m▊[48;2;1;1;1m [38;2;2;1;1m▖[38;2;164;33;74;48;2;1;0;1m▝[0m
[38;2;163;38;65;48;2;163;38;65m [38;2;57;14;22;48;2;164;37;69m▕[48;2;0;2;3m [48;2;0;0;0m  [48;2;2;2;1m [38;2;85;17;31;48;2;163;42;67m▂[38;2;25;3;5;48;2;164;40;69m▁[38;2;90;19;27;48;2;163;42;68m▁[38;2;40;8;9;48;2;162;46;71m▝[38;2;152;47;70;48;2;14;0;0m▂[38;2;12;1;1;48;2;13;1;1m▂ [48;2;13;1;0m [38;2;13;1;1m▕[38;2;12;1;2;48;2;13;1;1m▝[38;2;119;22;42;48;2;12;2;0m▕[48;2;154;37;67m [38;2;153;35;69;48;2;12;1;1m▘[38;2;11;0;0;48;2;5;1;0m▆[48;2;0;0;0m    [48;2;10;1;0m [48;2;9;1;1m [38;2;12;2;0;48;2;139;41;56m▝[38;2;162;41;68;48;2;13;0;0m▂[38;2;12;0;0;48;2;163;42;69m▀[38;2;26;5;5;48;2;162;40;69m▔[48;2;162;41;67m [38;2;163;41;67;48;2;162;40;67m▗[38;2;164;45;71;48;2;163;41;67m▔[38;2;165;44;70;48;2;163;42;69m▔[48;2;163;41;67m▔[38;2;164;40;67;48;2;163;41;68m▃[48;2;164;40;67m [38;2;92;17;30;48;2;164;40;68m▔[38;2;164;40;67;48;2;34;8;11m▆[48;2;164;40;67m [38;2;164;40;68;48;2;166;40;68m▘[38;2;166;40;68;48;2;166;41;68m▀[38;2;166;41;68;48;2;167;42;69m▘[38;2;167;42;67m▁[38;2;167;43;67m▁[38;2;167;42;69;48;2;167;44;69m▀[38;2;167;44;69;48;2;167;42;69m▂[38;2;168;44;69m▂[48;2;166;44;70m [38;2;166;67;81;48;2;136;79;65m▏[38;2;75;20;11;48;2;130;80;72m▕[38;2;41;22;12;48;2;82;57;44m▖[38;2;72;52;37;48;2;88;59;44m▕[38;2;76;35;24;48;2;183;147;124m▍[38;2;183;148;126;48;2;194;152;130m▖[48;2;200;159;135m [38;2;214;182;157;48;2;186;114;83m▆[38;2;206;103;67;48;2;229;198;172m▔[48;2;235;197;173m [48;2;239;202;166m [38;2;212;112;68;48;2;254;203;162m▖[38;2;245;206;165;48;2;249;187;150m▍[38;2;241;158;126;48;2;251;188;144m▁[38;2;216;138;100;48;2;247;163;127m▃[38;2;234;152;114;48;2;209;125;89m▘[48;2;194;115;84m [38;2;30;18;4;48;2;173;105;70m▃[38;2;163;97;62;48;2;43;25;15m▘[38;2;54;30;20;48;2;128;70;56m▆[38;2;96;57;40;48;2;179;121;99m▆[48;2;134;102;89m [38;2;109;79;69;48;2;179;90;56m▃[38;2;165;85;50;48;2;186;103;71m▁[38;2;168;84;45;48;2;189;108;78m▂[38;2;187;107;78;48;2;189;115;87m▂[38;2;191;113;80;48;2;177;106;82m▍[48;2;171;107;82m [48;2;159;105;80m [38;2;143;97;82;48;2;60;31;15m▏[38;2;61;31;22;48;2;51;31;21m▘[38;2;25;10;4;48;2;52;35;25m▝[38;2;36;17;8;48;2;42;28;18m▅[48;2;52;36;22m [38;2;57;39;29;48;2;159;35;64m▖[38;2;155;44;67;48;2;36;26;21m▍[48;2;53;35;24m [38;2;162;44;70;48;2;54;47;41m▝[48;2;162;45;70m [48;2;167;45;70m [38;2;164;47;69;48;2;164;46;72m▅[38;2;165;47;72;48;2;164;47;69m▀[38;2;164;47;69;48;2;165;46;71m▃[38;2;164;49;69;48;2;164;46;71m▃[38;2;165;46;72;48;2;165;46;70m▀[48;2;165;46;71m [38;2;165;46;71;48;2;166;47;72m▅  ▝[48;2;167;44;71m [38;2;167;44;71;48;2;167;42;71m▖[38;2;168;41;71m▅[48;2;168;41;74m▆[48;2;168;41;73m▆[38;2;167;40;74;48;2;169;40;69m▀[38;2;169;40;74m▀[48;2;168;40;69m▀[38;2;168;39;73;48;2;168;38;69m▀[38;2;168;38;69;48;2;168;39;73m▂[38;2;168;38;68;48;2;167;38;72m▂[48;2;168;37;71m▃[38;2;167;37;67;48;2;169;36;71m▂[38;2;169;37;67;48;2;168;37;71m▂ [38;2;168;36;69;48;2;167;37;71m▅[38;2;169;36;71;48;2;168;35;71m▁[38;2;168;35;71;48;2;169;37;74m▆[48;2;168;35;73m▅[48;2;169;36;71m [38;2;168;35;73;48;2;167;34;69m▀[38;2;164;38;71;48;2;168;34;72m▁[38;2;168;35;73;48;2;168;34;71m▃[38;2;169;34;71;48;2;167;35;72m▂[48;2;169;35;73m [38;2;91;12;32;48;2;167;35;72m▔[38;2;70;5;17;48;2;167;33;73m▔[38;2;153;31;61;48;2;49;6;15m▊[48;2;19;1;1m [38;2;19;1;1;48;2;19;1;0m▖ [48;2;18;0;1m▆[48;2;19;1;0m [48;2;18;1;1m [38;2;17;1;1;48;2;16;1;1m▆[48;2;17;1;1m [38;2;18;0;1m▂[38;2;18;1;1;48;2;16;1;1m▆ [38;2;12;2;1;48;2;3;3;0m▏[38;2;85;19;33;48;2;4;0;0m▗[38;2;18;1;1;48;2;150;36;60m▃[38;2;19;1;2;48;2;158;32;66m▆[38;2;78;12;28;48;2;19;1;1m▔[38;2;15;0;1m▔[38;2;19;1;0;48;2;20;0;1m▃[48;2;19;1;1m▃[38;2;21;0;0;48;2;19;1;0m▔[38;2;22;1;1;48;2;19;1;1m▔[38;2;19;1;1;48;2;19;1;0m▂[38;2;19;1;0;48;2;22;0;1m▆[38;2;12;2;0;48;2;19;1;1m▔[48;2;19;2;2m [38;2;137;24;56;48;2;19;0;1m▔[38;2;18;1;0;48;2;155;33;65m▅[38;2;166;35;70;48;2;17;2;1m▀[38;2;22;1;3;48;2;167;37;74m▂[48;2;165;36;71m [38;2;160;37;67;48;2;7;1;1m▍[48;2;1;1;0m [38;2;19;1;1m▐[0m
[38;2;162;42;67;48;2;162;42;67m [38;2;12;2;0;48;2;160;35;62m▃[48;2;1;1;1m [48;2;0;0;0m  [38;2;2;1;1;48;2;11;1;0m▏[38;2;7;0;0;48;2;13;1;0m▔[48;2;13;1;1m▔[38;2;8;0;0;48;2;14;1;0m▔[38;2;76;12;16m▔[38;2;154;43;61;48;2;15;1;0m▔ [38;2;12;0;0;48;2;15;2;2m▘[38;2;15;1;0;48;2;13;1;0m▅▃[48;2;15;1;1m [48;2;14;0;0m  [48;2;13;1;0m [38;2;13;1;0;48;2;12;1;1m▃[38;2;11;0;0;48;2;1;1;1m▊[48;2;0;1;0m  [48;2;3;0;0m [48;2;164;45;63m▀[38;2;14;0;1;48;2;164;44;67m▔[48;2;164;39;66m [38;2;167;40;69;48;2;164;40;65m▔[38;2;167;38;67;48;2;163;41;67m▂[38;2;164;40;69;48;2;164;40;67m▘[38;2;164;40;67;48;2;164;40;68m▅[38;2;164;40;68;48;2;163;41;67m▘ [38;2;164;41;65m▂[38;2;165;40;65;48;2;164;40;67m▃[38;2;166;42;66;48;2;164;42;67m▂[48;2;164;41;66m▅[38;2;165;42;65;48;2;166;42;66m▁▁[48;2;164;40;67m▃[38;2;167;42;65;48;2;166;42;67m▅[38;2;167;44;65;48;2;167;42;66m▅[38;2;168;45;65;48;2;167;42;67m▃[38;2;168;43;67;48;2;168;45;65m▀[38;2;168;45;65;48;2;167;43;67m▆[48;2;169;45;69m▃[38;2;167;46;66;48;2;167;45;68m▃[38;2;168;47;66;48;2;167;46;69m▃[48;2;172;47;72m [38;2;168;44;67;48;2;165;83;83m▏[38;2;65;10;3;48;2;135;73;60m▐[48;2;34;10;3m [38;2;74;43;29;48;2;96;64;48m▖[38;2;190;154;136;48;2;97;70;51m▐[48;2;191;146;120m [48;2;204;158;129m [48;2;216;169;137m [38;2;235;147;109;48;2;227;173;137m▁[38;2;214;135;99;48;2;242;176;140m▂[38;2;244;169;138;48;2;162;74;51m▔[38;2;162;74;51;48;2;242;207;177m▘[38;2;245;210;172;48;2;150;115;96m▘[38;2;76;47;31;48;2;241;158;118m▆[38;2;60;26;17;48;2;221;138;96m▅[38;2;57;36;17;48;2;209;127;89m▅[38;2;197;121;87;48;2;47;23;13m▔[38;2;168;78;54;48;2;48;19;11m▁[38;2;159;94;66;48;2;55;36;29m▂[38;2;57;38;24;48;2;181;119;98m▀[38;2;179;144;116;48;2;107;54;36m▅[38;2;65;43;30;48;2;159;73;60m▔[38;2;154;96;59;48;2;18;12;12m▍[38;2;15;3;7;48;2;143;63;36m▖[38;2;161;83;52;48;2;169;87;66m▞[38;2;160;72;37;48;2;197;109;77m▖[48;2;192;109;76m [38;2;174;107;82;48;2;171;106;81m▍[38;2;165;104;76;48;2;159;95;72m▖[38;2;54;30;21;48;2;150;96;71m▝[38;2;20;12;3;48;2;43;22;8m▖[38;2;49;27;16;48;2;54;36;27m▖[38;2;25;12;11;48;2;51;35;25m▝[38;2;39;24;12;48;2;29;13;7m▕[48;2;48;37;20m [38;2;74;31;36;48;2;152;81;91m▞[48;2;39;31;22m [38;2;64;47;40;48;2;29;34;22m▗[38;2;125;150;143;48;2;89;101;92m▗[48;2;157;47;68m [38;2;165;49;66;48;2;164;47;69m▅[48;2;165;48;69m [38;2;163;49;68m▂ [38;2;164;50;69;48;2;164;49;69m▁[38;2;165;50;67;48;2;165;48;71m▂[38;2;166;49;69;48;2;167;48;70m▂[38;2;165;48;68;48;2;166;47;71m▂[38;2;166;49;69m▁[38;2;166;49;70m▅[38;2;167;49;69;48;2;167;48;70m▂[38;2;168;44;70;48;2;167;47;73m▝[48;2;168;42;69m▖[38;2;169;42;68;48;2;169;41;70m▃[48;2;169;40;71m▆▆▅[48;2;169;39;70m▅[38;2;169;40;69;48;2;169;41;67m▀[38;2;169;41;67;48;2;169;40;69m▂[38;2;169;40;68;48;2;168;38;69m▆[48;2;169;39;69m [38;2;169;40;69;48;2;168;38;68m▅[38;2;170;39;68;48;2;170;38;70m▁[38;2;169;39;70;48;2;169;37;69m▅[38;2;170;38;69;48;2;169;37;70m▂  [48;2;167;37;68m [38;2;17;1;0;48;2;167;37;70m▂[38;2;167;37;72;48;2;22;1;2m▀[38;2;21;0;1;48;2;164;39;69m▅[38;2;21;1;1;48;2;164;37;69m▆[38;2;20;1;0;48;2;165;35;72m▆[48;2;166;35;72m▆[48;2;168;35;73m▆[48;2;166;35;70m▆[38;2;21;1;1;48;2;162;33;62m▅[38;2;139;30;53;48;2;19;1;0m▀[38;2;115;17;41;48;2;18;1;0m▘[48;2;19;1;1m [38;2;20;1;0;48;2;19;1;0m▁[38;2;19;1;0;48;2;20;1;0m▀[38;2;20;1;0;48;2;19;1;0m▃[38;2;18;0;1m▔▔[38;2;19;1;0;48;2;18;1;1m▆[38;2;19;1;1;48;2;17;1;1m▆[38;2;17;2;0;48;2;19;1;1m▝[38;2;8;1;2;48;2;18;1;1m▝[48;2;19;1;0m [38;2;18;1;0m▘[38;2;19;1;1;48;2;20;1;0m▔[48;2;19;1;0m [48;2;20;1;0m▔[48;2;19;1;0m [38;2;18;1;0;48;2;19;1;1m▗[48;2;19;1;0m  [38;2;21;1;1;48;2;19;1;1m▁[48;2;19;1;0m [48;2;24;1;2m [38;2;135;28;50;48;2;19;3;1m▖[48;2;17;0;0m [38;2;18;1;1m▔[48;2;17;2;1m [38;2;15;0;0m▝[48;2;16;2;3m [38;2;15;1;0;48;2;122;22;47m▆[48;2;5;0;0m [38;2;19;1;0;48;2;1;1;0m▐[0m
[38;2;15;1;0;48;2;15;1;0m [48;2;13;0;0m▃[38;2;15;1;3;48;2;0;2;0m▍[48;2;0;0;0m [38;2;12;1;1;48;2;3;1;0m▗[38;2;12;0;0;48;2;13;1;1m▔[38;2;14;1;0;48;2;13;1;0m▗[38;2;13;1;0;48;2;14;1;0m▃[48;2;15;1;0m [38;2;12;0;0m▁        [38;2;14;1;0m▔[38;2;15;1;0;48;2;13;1;0m▆[48;2;13;1;1m [48;2;10;0;0m [48;2;1;1;0m [48;2;10;1;0m [38;2;158;38;52;48;2;15;1;0m▔[38;2;159;36;54m▔[38;2;15;1;0;48;2;160;40;58m▆[48;2;164;41;63m▆[48;2;162;42;66m▅[38;2;14;3;1;48;2;162;41;62m▃[38;2;15;1;0;48;2;165;42;67m▃[48;2;164;43;66m  [48;2;165;44;67m [38;2;166;43;63m▅[38;2;167;42;62;48;2;166;42;65m▅[38;2;167;43;64;48;2;167;43;63m▝[38;2;167;44;64;48;2;167;42;63m▀[38;2;167;43;64;48;2;167;42;62m▀[38;2;167;43;63;48;2;167;44;62m▀[38;2;168;44;65;48;2;167;44;60m▀[38;2;169;46;64;48;2;168;45;65m▅[38;2;168;45;65;48;2;169;46;62m▀[38;2;169;47;63;48;2;169;46;65m▆[38;2;170;48;64;48;2;169;46;66m▆[48;2;171;49;65m▂[38;2;169;49;66;48;2;169;49;63m▀[38;2;172;46;61;48;2;169;49;65m▁[48;2;159;54;66m [38;2;106;40;30;48;2;134;65;47m▂[48;2;47;17;4m [38;2;36;15;3;48;2;169;49;62m▍[38;2;171;51;58;48;2;75;47;29m▖[48;2;89;56;39m [38;2;91;64;46;48;2;197;137;112m▃[48;2;207;140;110m [38;2;204;135;107;48;2;214;143;116m▅[38;2;207;134;101;48;2;199;113;78m▍[38;2;191;106;67;48;2;171;86;51m▏[38;2;225;148;102;48;2;173;63;37m▗[48;2;138;97;75m [38;2;124;86;63;48;2;144;109;89m▃[38;2;201;158;126;48;2;135;103;90m▂[38;2;95;63;42;48;2;186;155;126m▀[38;2;198;167;138;48;2;85;33;12m▅[38;2;135;57;37;48;2;174;131;99m▔[38;2;169;80;46;48;2;171;135;103m▔[38;2;7;8;2;48;2;178;147;118m▂[38;2;11;7;6;48;2;189;158;130m▃[38;2;8;4;3;48;2;182;154;115m▆[48;2;12;13;17m [48;2;13;8;5m [48;2;11;6;3m [38;2;30;5;1;48;2;146;45;27m▖[38;2;145;66;41;48;2;160;83;57m▝[38;2;160;66;39;48;2;198;107;66m▖[38;2;193;110;79;48;2;167;102;83m▍[38;2;161;98;73;48;2;153;97;71m▊[38;2;110;58;41;48;2;148;91;66m▕[38;2;7;8;6;48;2;23;15;7m▊[38;2;41;18;11;48;2;48;22;13m▏[38;2;45;29;18;48;2;52;34;25m▐[38;2;46;30;22;48;2;25;15;7m▖[38;2;53;38;29;48;2;40;24;13m▕[48;2;40;27;17m [38;2;42;30;19;48;2;161;35;58m▔[38;2;37;27;19;48;2;155;10;32m▀[48;2;39;29;24m [38;2;69;75;65;48;2;62;63;53m▖[38;2;172;147;148;48;2;167;58;68m▃[38;2;143;142;128;48;2;167;58;69m▃ [48;2;165;52;67m [48;2;170;60;63m [38;2;167;151;144;48;2;167;56;69m▂[38;2;164;63;70;48;2;167;53;68m▆[38;2;169;62;71;48;2;166;53;67m▅[38;2;169;61;69;48;2;167;51;69m▅[38;2;169;59;69m▅[38;2;170;57;69;48;2;167;51;67m▅[38;2;171;56;69;48;2;167;49;67m▅[38;2;170;46;67;48;2;171;53;69m▀[38;2;171;44;65;48;2;170;42;67m▂[48;2;170;42;66m▂[38;2;171;44;66;48;2;170;42;67m▂[48;2;169;42;67m▁ [38;2;170;42;66;48;2;169;42;68m▆[38;2;169;42;68;48;2;171;42;66m▀[38;2;171;42;66;48;2;169;40;69m▅[38;2;169;40;67;48;2;172;42;66m▀[48;2;170;42;65m [48;2;171;40;67m [48;2;170;39;67m [38;2;45;2;10;48;2;169;40;67m▁[38;2;19;1;0;48;2;167;39;68m▃[48;2;148;27;56m▆[48;2;19;1;1m [38;2;21;1;1;48;2;19;1;0m▝[38;2;20;0;0;48;2;19;2;1m▍[38;2;17;3;1;48;2;20;1;0m▖[38;2;20;1;0;48;2;19;1;0m▆[48;2;20;1;0m [38;2;19;1;0m▕▏[38;2;20;1;0;48;2;19;1;0m▅[48;2;20;1;0m [48;2;19;1;0m▅▆[48;2;20;1;0m   [48;2;19;1;0m▊[38;2;19;1;0;48;2;20;1;0m▔▔▔▔      ▃ [48;2;19;1;0m [38;2;126;30;51;48;2;18;3;3m▐[38;2;21;1;1;48;2;157;31;59m▀[38;2;156;31;58;48;2;21;1;1m▂[38;2;164;38;66m▃[38;2;168;40;68;48;2;20;1;0m▃[38;2;22;6;3;48;2;164;35;65m▘[38;2;60;9;17;48;2;166;37;67m▝[38;2;19;1;1;48;2;168;40;68m▀[38;2;19;1;0;48;2;169;41;69m▀[38;2;18;0;1;48;2;169;42;68m▀[38;2;18;1;1;48;2;170;42;69m▀[38;2;16;1;1;48;2;169;40;67m▀[38;2;170;41;68;48;2;15;1;3m▃[38;2;156;31;58;48;2;17;0;0m▂[0m
[38;2;15;1;0;48;2;15;1;0m  [48;2;12;2;0m [38;2;146;42;46;48;2;5;0;0m▂[38;2;2;2;1;48;2;12;0;1m▏[38;2;8;0;0;48;2;15;1;0m▁[38;2;22;1;0;48;2;14;1;0m▁[48;2;12;0;0m [38;2;137;38;35;48;2;52;10;3m▊[38;2;24;3;0;48;2;14;0;0m▁[48;2;15;1;0m            [38;2;11;1;1;48;2;2;1;0m▕[38;2;14;0;0;48;2;15;0;0m▗[48;2;15;1;1m [38;2;16;1;1;48;2;15;1;0m▐[48;2;15;0;1m [48;2;15;1;0m [48;2;15;1;1m [48;2;15;1;0m [38;2;15;1;0;48;2;15;3;0m▆[48;2;15;1;0m [38;2;15;2;0;48;2;164;42;58m▆[38;2;12;0;1;48;2;167;42;63m▂[48;2;167;42;62m [38;2;167;44;60;48;2;167;43;63m▅[48;2;167;43;61m [48;2;167;44;60m [48;2;167;45;61m▃[38;2;167;44;59;48;2;167;44;62m▃[38;2;168;45;59;48;2;168;45;61m▃[38;2;169;46;60;48;2;169;46;62m▖[38;2;170;47;62;48;2;169;47;61m▂[38;2;170;48;62;48;2;169;49;62m▞▀  [38;2;165;79;81;48;2;164;47;62m▕[48;2;146;74;66m [38;2;131;72;61;48;2;70;29;19m▘[48;2;38;14;7m [48;2;169;53;63m [38;2;62;17;16;48;2;171;53;60m▐[38;2;93;66;47;48;2;52;31;18m▝[48;2;94;66;46m [38;2;188;138;115;48;2;84;53;38m▝[38;2;207;143;111;48;2;202;135;102m▂[38;2;190;116;78;48;2;209;134;104m▝[38;2;197;114;78;48;2;164;74;42m▅[38;2;206;126;84;48;2;156;63;35m▐[38;2;188;99;73;48;2;129;44;29m▖[38;2;210;165;126;48;2;114;25;21m▝[38;2;63;21;9;48;2;228;178;145m▃[38;2;213;181;158;48;2;11;7;4m▀[38;2;13;10;5;48;2;219;200;185m▆[38;2;240;214;177;48;2;8;4;1m▔[48;2;12;4;2m [38;2;9;4;10;48;2;61;10;7m▀[38;2;54;10;9;48;2;23;2;0m▂[48;2;61;11;12m [38;2;63;11;0;48;2;57;9;7m▂[48;2;54;11;2m [38;2;48;8;6;48;2;17;9;6m▖[38;2;167;64;47;48;2;12;2;3m▕[48;2;150;75;52m [38;2;204;110;68;48;2;161;79;49m▕[38;2;201;108;71;48;2;184;95;61m▘[38;2;154;94;70;48;2;163;95;71m▐[38;2;38;20;3;48;2;145;81;49m▕[38;2;14;9;6;48;2;9;3;0m▖[38;2;14;3;0;48;2;48;23;13m▍[38;2;51;25;15;48;2;53;33;22m▍[38;2;49;30;20;48;2;16;9;4m▊[38;2;28;16;11;48;2;18;8;6m▔[38;2;49;33;22;48;2;27;18;12m▐[38;2;165;177;169;48;2;53;33;24m▔[38;2;102;92;90;48;2;36;31;23m▔[38;2;19;19;11;48;2;41;36;29m▀[38;2;70;61;55;48;2;58;53;45m▕[38;2;84;79;68;48;2;71;64;57m▝[48;2;71;62;56m [38;2;108;101;95;48;2;67;60;50m▔[48;2;66;62;49m [38;2;108;102;94;48;2;92;83;74m▁[38;2;112;99;96;48;2;135;131;121m▝[38;2;169;51;64;48;2;137;128;123m▝[48;2;168;51;64m [38;2;171;51;61m▖[38;2;169;55;67;48;2;169;51;64m▔[38;2;171;51;65;48;2;169;50;65m▂[38;2;169;52;67;48;2;170;49;65m▔[38;2;169;48;66;48;2;169;49;66m▝[38;2;170;44;64;48;2;171;47;65m▀[38;2;171;46;62;48;2;171;44;65m▃[38;2;171;46;63m▁[38;2;170;43;64;48;2;172;45;65m▀[38;2;171;44;65;48;2;172;45;66m▀[38;2;171;42;64;48;2;172;45;65m▀[48;2;171;44;65m▀[38;2;172;44;65;48;2;171;42;64m▖[38;2;172;40;65;48;2;171;43;65m▀[38;2;170;44;66;48;2;172;40;64m▁[48;2;171;39;64m [38;2;167;41;64;48;2;20;2;1m▘[48;2;19;1;0m [48;2;20;0;0m [38;2;19;1;0;48;2;20;1;0m▞[38;2;20;1;0;48;2;19;1;1m▁[38;2;19;1;1;48;2;19;1;0m▞[38;2;18;1;0;48;2;94;19;30m▊[38;2;153;31;62;48;2;20;1;0m▖ [38;2;20;1;0;48;2;19;1;0m▏[48;2;20;1;0m    [48;2;21;1;1m▀[38;2;21;1;1;48;2;20;1;0m▖[38;2;19;0;0m▖             [48;2;19;1;1m  [38;2;105;17;31;48;2;20;1;0m▝[38;2;150;32;57;48;2;21;0;0m▀[38;2;19;3;3;48;2;162;36;64m▂[48;2;167;37;67m [38;2;169;37;62;48;2;169;38;67m▂[48;2;169;38;66m  [38;2;169;38;66;48;2;169;38;67m▃[48;2;170;39;67m [38;2;171;40;67;48;2;171;40;65m▀[38;2;170;42;65;48;2;171;40;67m▃[48;2;171;40;65m [48;2;171;40;67m [48;2;171;39;69m [48;2;169;37;68m [0m
[38;2;15;1;0;48;2;170;52;54m▀[38;2;168;50;52;48;2;12;1;2m▆[38;2;9;1;0;48;2;169;51;57m▔[48;2;169;49;58m [38;2;116;27;36;48;2;166;47;58m▔[48;2;169;51;58m [38;2;46;13;5;48;2;167;48;56m▁[38;2;166;55;60;48;2;15;0;2m▀[38;2;13;1;0;48;2;167;55;60m▆[48;2;15;1;0m [38;2;15;1;0;48;2;14;0;0m▆[38;2;15;1;1;48;2;15;1;0m▖ [38;2;16;1;1m▗▁[38;2;16;1;0m▆[38;2;15;1;0;48;2;16;1;0m▔[38;2;17;1;0m▕▏[38;2;15;1;0m▔[48;2;16;1;1m▔[48;2;16;1;0m [48;2;15;1;0m [38;2;119;30;28;48;2;16;1;0m▗[38;2;154;40;45m▂ [38;2;12;7;0;48;2;16;1;1m▂[38;2;127;34;32;48;2;13;3;1m▕[38;2;12;1;1;48;2;127;34;32m▐[38;2;15;1;0;48;2;13;2;2m▕[48;2;15;1;0m  [38;2;14;0;1m▝[48;2;15;0;1m  [38;2;13;0;3;48;2;167;44;60m▖[48;2;168;46;60m [38;2;169;47;58;48;2;167;46;60m▃[38;2;167;48;59m▅▅[38;2;168;46;57m▁[38;2;169;51;59;48;2;168;49;59m▗[38;2;169;49;59;48;2;169;51;60m▔[38;2;169;49;60;48;2;169;53;60m▔ [38;2;170;54;61;48;2;169;52;62m▅[48;2;169;53;60m [38;2;144;69;51m▕[38;2;143;72;61;48;2;69;22;6m▍[38;2;47;19;13;48;2;35;10;6m▁[48;2;38;12;6m [48;2;171;53;58m [38;2;171;53;58;48;2;38;18;9m▍[38;2;35;16;11;48;2;8;6;0m▊[38;2;67;42;31;48;2;95;62;48m▏[38;2;66;38;22;48;2;86;53;35m▐[38;2;207;167;147;48;2;48;26;12m▝[48;2;208;139;102m [38;2;202;131;93;48;2;216;147;106m▖[38;2;193;101;77;48;2;209;138;98m▝[38;2;221;138;97;48;2;185;95;52m▝[38;2;227;140;100;48;2;147;39;19m▖[38;2;133;38;22;48;2;48;9;4m▖[48;2;12;7;3m [38;2;14;6;4;48;2;11;1;0m▖[38;2;7;7;5;48;2;78;13;7m▍[38;2;78;15;10;48;2;69;10;2m▆[38;2;74;15;9;48;2;66;16;9m▆[38;2;46;11;7;48;2;66;16;7m▝[38;2;75;15;7;48;2;65;15;8m▆[38;2;89;23;11;48;2;75;15;5m▂[38;2;89;25;13;48;2;74;20;10m▅[38;2;97;29;20;48;2;67;17;6m▁[38;2;157;56;46;48;2;14;4;2m▕[38;2;174;62;48;48;2;135;54;37m▍[38;2;164;84;60;48;2;169;97;65m▝[38;2;164;88;60;48;2;182;100;67m▘[38;2;174;95;65;48;2;161;89;63m▍[38;2;150;85;58;48;2;24;10;7m▍[38;2;17;12;1;48;2;8;5;1m▍[48;2;26;12;5m [38;2;31;15;7;48;2;50;24;9m▃[38;2;56;35;25;48;2;48;27;17m▘[38;2;51;32;23;48;2;46;27;18m▖[38;2;57;39;27;48;2;54;34;24m▞[38;2;19;17;8;48;2;49;29;21m▐[48;2;40;35;28m [48;2;50;44;37m [48;2;62;56;47m [48;2;68;61;53m [48;2;60;51;44m [38;2;56;47;37;48;2;63;56;49m▆[38;2;68;60;51;48;2;129;125;114m▊[38;2;37;35;25;48;2;121;119;108m▗[48;2;62;56;47m [38;2;119;121;108;48;2;83;78;70m▝[38;2;163;55;64;48;2;161;115;117m▐[38;2;165;54;62;48;2;170;55;65m▀[38;2;170;55;65;48;2;169;51;64m▅[48;2;170;50;64m▅[48;2;169;49;63m▅▅[38;2;169;49;62;48;2;170;53;64m▀[38;2;171;46;63;48;2;170;50;62m▀[38;2;171;49;61;48;2;171;46;63m▅[38;2;171;49;60;48;2;171;49;63m▂[38;2;171;49;62;48;2;171;46;63m▅[38;2;171;48;62;48;2;172;46;63m▅[38;2;171;46;63;48;2;172;48;62m▀[38;2;169;46;58;48;2;171;44;62m▆[48;2;172;42;62m [38;2;171;44;63;48;2;32;3;1m▀[48;2;21;0;0m [48;2;21;1;1m [38;2;21;1;0;48;2;19;1;2m▊[38;2;146;33;57;48;2;28;1;0m▐[38;2;77;14;20;48;2;19;2;1m▏[38;2;19;1;1;48;2;20;1;0m▂ [38;2;105;17;32;48;2;21;0;0m▁[48;2;164;41;58m [38;2;22;1;1;48;2;168;42;57m▀[38;2;164;42;56;48;2;21;3;0m▆[38;2;22;2;1;48;2;140;30;42m▗[38;2;20;1;0;48;2;137;29;44m▆[48;2;21;0;0m [48;2;22;1;1m▁[38;2;22;1;1;48;2;21;1;1m▝[48;2;20;1;0m▘▂[38;2;21;1;1m▆   [38;2;18;1;0m▂[38;2;133;33;44;48;2;21;1;1m▁[48;2;21;0;0m [38;2;20;1;0;48;2;22;0;0m▀[48;2;22;1;1m▀[38;2;22;1;1;48;2;20;1;0m▅ [38;2;19;2;1m▅  [38;2;24;0;3;48;2;19;0;0m▁[38;2;21;1;1;48;2;19;0;1m▁[48;2;20;1;0m [38;2;20;1;0;48;2;19;1;1m▍[48;2;20;1;0m [38;2;19;1;0;48;2;138;31;51m▆[38;2;22;1;0;48;2;168;39;65m▃[48;2;170;42;67m [38;2;171;41;61;48;2;170;42;66m▂[48;2;171;44;65m [38;2;171;44;62;48;2;170;43;65m▁[48;2;171;44;65m [38;2;169;44;65;48;2;171;44;64m▔[48;2;171;44;65m [38;2;171;44;65;48;2;171;43;65m▅[38;2;20;1;0;48;2;171;44;65m▐[0m
[38;2;167;49;51;48;2;171;53;56m▔[38;2;170;52;54;48;2;169;51;53m▆[48;2;169;51;55m [48;2;169;50;49m [38;2;62;13;12;48;2;168;53;54m▂[38;2;169;51;56;48;2;16;1;0m▘[48;2;16;2;3m [38;2;13;0;0;48;2;16;1;1m▔[48;2;15;1;0m  [38;2;17;1;1m▗ [38;2;107;29;26m▃[48;2;15;2;0m [48;2;15;1;0m  [38;2;162;55;51;48;2;16;1;0m▖[48;2;17;1;1m [38;2;18;1;0;48;2;16;1;0m▂▂[38;2;17;1;0;48;2;16;1;1m▂[48;2;16;1;0m▂[38;2;16;1;0;48;2;15;1;0m▅[48;2;13;1;0m▅[38;2;157;53;56;48;2;16;1;0m▝[38;2;15;2;0;48;2;163;47;53m▖[38;2;53;15;6;48;2;166;52;57m▔[38;2;89;8;12;48;2;165;55;51m▔[38;2;10;1;1;48;2;161;56;46m▝[38;2;162;52;50;48;2;15;1;6m▂[48;2;13;1;1m [38;2;130;34;32;48;2;18;4;0m▐[48;2;15;0;0m [38;2;16;1;1;48;2;15;1;1m▗[38;2;15;1;0;48;2;16;1;0m▀[38;2;16;1;1;48;2;15;1;1m▖[38;2;166;46;50;48;2;17;3;5m▝[48;2;169;48;57m [38;2;169;49;50;48;2;169;48;55m▅[38;2;169;48;55;48;2;169;51;53m▀[38;2;168;49;55m▀[38;2;168;50;55;48;2;169;52;53m▀[38;2;169;54;54;48;2;169;51;56m▅[38;2;169;56;56;48;2;169;52;57m▅[38;2;171;53;58;48;2;169;56;55m▀[38;2;171;54;59m▀ [48;2;169;56;58m [38;2;126;69;56;48;2;89;41;31m▍[38;2;55;19;8;48;2;73;33;19m▍[38;2;75;35;19;48;2;61;22;10m▖[38;2;61;27;15;48;2;170;51;59m▖[38;2;161;50;57;48;2;33;16;8m▍[38;2;60;41;31;48;2;31;18;6m▗[38;2;99;69;55;48;2;84;57;38m▊[38;2;71;35;23;48;2;48;17;9m▘[38;2;36;12;4;48;2;45;22;11m▂[38;2;164;130;91;48;2;45;25;14m▝[38;2;51;34;18;48;2;198;121;87m▖[38;2;196;126;84;48;2;216;136;98m▗[38;2;214;138;101;48;2;198;113;76m▆[48;2;221;129;93m [38;2;204;123;80;48;2;163;46;33m▅[38;2;196;90;72;48;2;73;14;6m▃[38;2;136;30;22;48;2;8;6;7m▖[38;2;171;84;74;48;2;18;8;0m▕[38;2;177;90;81;48;2;100;35;13m▃[38;2;90;27;12;48;2;153;74;61m▀[38;2;161;82;67;48;2;93;27;13m▃[38;2;144;71;62;48;2;99;33;21m▂[38;2;153;75;71;48;2;110;36;27m▃[38;2;209;173;147;48;2;130;50;43m▗[38;2;104;28;15;48;2;168;113;83m▘[48;2;150;58;43m [38;2;103;41;20;48;2;132;55;35m▐[38;2;192;114;78;48;2;170;95;63m▐[38;2;227;152;114;48;2;195;107;74m▖[38;2;83;38;13;48;2;154;89;60m▕[48;2;58;19;6m [38;2;24;8;6;48;2;15;5;2m▖[38;2;51;30;11;48;2;44;16;8m▂[48;2;22;16;10m [38;2;41;22;11;48;2;22;15;10m▝[38;2;18;12;4;48;2;47;26;15m▃[38;2;47;34;24;48;2;22;12;6m▀[38;2;26;22;16;48;2;10;10;6m▕[38;2;44;38;31;48;2;76;71;62m▊[48;2;79;71;61m [38;2;79;71;59;48;2;108;100;90m▗[38;2;78;71;63;48;2;126;118;108m▊[38;2;68;60;50;48;2;54;47;40m▍[38;2;41;36;29;48;2;66;61;50m▊[38;2;134;131;123;48;2;84;72;60m▞[38;2;19;17;11;48;2;97;83;66m▀[38;2;99;96;89;48;2;28;27;19m▃[38;2;123;114;96;48;2;48;42;33m▁[38;2;60;52;49;48;2;107;105;96m▏[48;2;170;56;61m  [38;2;170;55;63;48;2;171;56;61m▀[38;2;169;54;62;48;2;170;56;61m▝[48;2;171;56;61m [38;2;169;54;61;48;2;170;56;61m▀[38;2;171;51;60;48;2;170;55;59m▝[38;2;170;55;60;48;2;171;51;60m▁[38;2;172;51;58;48;2;171;50;60m▂[38;2;171;49;60;48;2;172;51;60m▀[48;2;171;51;58m▀[38;2;172;50;58;48;2;171;48;59m▃ [38;2;169;50;62;48;2;39;5;2m▘[48;2;23;1;1m [38;2;22;1;0;48;2;24;1;0m▆[38;2;23;2;1;48;2;22;2;0m▂[48;2;21;0;0m [38;2;81;9;10;48;2;151;34;47m▏[38;2;169;48;55;48;2;19;2;0m▃[38;2;20;3;2;48;2;171;49;58m▀[38;2;41;3;6;48;2;169;46;60m▔[48;2;171;44;58m [38;2;171;44;58;48;2;171;40;59m▅[38;2;26;6;0;48;2;166;42;55m▗[38;2;155;36;47;48;2;21;1;0m▘[38;2;21;1;1;48;2;19;1;1m▅[38;2;19;1;1;48;2;21;1;1m▏[38;2;20;1;0m▝[38;2;22;1;1;48;2;20;1;0m▂[38;2;21;1;1m▃[38;2;22;1;0;48;2;21;1;1m▂[38;2;22;1;1;48;2;22;1;0m▀▔[38;2;20;1;0;48;2;22;1;1m▀[48;2;20;1;0m  [38;2;19;1;0;48;2;17;1;0m▊[38;2;158;43;51;48;2;20;2;4m▝[38;2;40;2;2;48;2;164;44;50m▔[38;2;21;3;2;48;2;160;38;49m▀[48;2;22;1;1m  [38;2;22;1;1;48;2;21;1;1m▆ [48;2;20;1;0m [38;2;19;2;0;48;2;133;31;42m▃[38;2;163;47;54;48;2;23;1;0m▅[38;2;163;49;53;48;2;20;1;0m▃  [48;2;21;1;1m [48;2;22;2;0m [48;2;22;1;0m  [38;2;169;47;61;48;2;22;2;3m▀[48;2;170;43;62m [38;2;171;44;62;48;2;170;48;62m▔[38;2;170;45;64;48;2;171;48;59m▀[38;2;171;48;62;48;2;170;46;61m▅[38;2;171;48;60;48;2;171;47;62m▂[38;2;171;49;61;48;2;170;46;61m▅[38;2;22;0;0;48;2;171;48;62m▐[0m
[38;2;173;56;50;48;2;171;53;51m▁[38;2;169;52;50m▔[48;2;170;51;49m [38;2;168;51;49;48;2;17;0;2m▘[48;2;16;1;0m   [38;2;15;1;1m▀[38;2;15;1;0m▝ [38;2;167;58;46;48;2;15;1;0m▗[38;2;56;16;8;48;2;163;60;55m▘[38;2;149;49;31;48;2;12;1;0m▘[38;2;12;0;1;48;2;14;1;0m▖[48;2;15;1;0m [38;2;17;3;1;48;2;168;58;51m▘[48;2;168;52;46m [38;2;135;35;30;48;2;17;3;3m▏[38;2;18;1;0;48;2;17;2;3m▔[38;2;19;2;0;48;2;18;1;0m▁   [38;2;18;1;0;48;2;17;1;0m▁[48;2;16;1;0m [38;2;12;2;0;48;2;17;1;0m▝[38;2;164;54;48;48;2;15;2;0m▝[48;2;167;51;47m [38;2;169;56;49;48;2;169;51;51m▂[48;2;169;53;46m [48;2;169;56;47m [38;2;165;42;37;48;2;87;17;7m▖[38;2;107;21;15;48;2;22;6;1m▘[38;2;23;3;1;48;2;16;1;0m▂  [38;2;17;0;0;48;2;15;2;0m▍[38;2;165;47;47m▝[48;2;169;51;49m [38;2;168;54;48;48;2;168;51;51m▃[38;2;168;51;49;48;2;169;53;49m▀[38;2;169;53;49;48;2;168;51;51m▃[38;2;169;54;49;48;2;169;53;51m▃[38;2;169;55;51;48;2;169;55;52m▃[38;2;170;56;51;48;2;170;56;55m▅[38;2;171;57;51;48;2;171;56;53m▃[48;2;170;57;52m [38;2;172;51;45;48;2;169;57;50m▕[38;2;110;56;42;48;2;170;82;70m▐[38;2;86;33;17;48;2;93;44;27m▃[38;2;75;29;11;48;2;83;32;19m▕[38;2;59;24;9;48;2;175;68;56m▊[38;2;34;17;8;48;2;170;61;52m▐[38;2;38;25;15;48;2;70;48;34m▊[38;2;71;45;28;48;2;86;61;44m▃[38;2;62;37;23;48;2;42;19;6m▍[48;2;24;8;4m [48;2;51;30;12m [38;2;49;30;16;48;2;32;15;9m▊[38;2;191;135;93;48;2;29;16;8m▝[38;2;50;30;24;48;2;200;122;94m▖[38;2;209;127;79;48;2;218;136;99m▖[48;2;200;121;76m [38;2;238;118;95;48;2;241;172;122m▀[38;2;184;72;64;48;2;243;133;105m▝[38;2;161;66;38;48;2;231;127;102m▘[38;2;223;186;143;48;2;202;111;93m▅[38;2;210;121;105;48;2;230;200;174m▀[38;2;240;184;151;48;2;215;120;98m▃[38;2;203;106;97;48;2;224;180;143m▀[38;2;203;152;107;48;2;223;180;146m▃[38;2;208;159;126;48;2;181;137;102m▔[38;2;226;137;121;48;2;199;122;96m▖[48;2;150;59;32m [38;2;110;48;27;48;2;122;56;30m▊[38;2;170;97;60;48;2;207;132;92m▍[48;2;193;109;70m [38;2;167;94;63;48;2;105;47;12m▘[38;2;71;26;10;48;2;91;41;11m▐[38;2;29;9;3;48;2;45;13;0m▝[38;2;72;38;16;48;2;79;51;29m▍[38;2;70;45;28;48;2;21;15;6m▍[38;2;19;16;9;48;2;27;20;13m▝[38;2;16;11;6;48;2;23;16;9m▝[38;2;25;19;14;48;2;9;8;6m▃[38;2;12;10;6;48;2;43;38;26m▘[48;2;70;60;51m [38;2;99;90;79;48;2;125;117;107m▆[48;2;79;67;55m▏[38;2;102;96;87;48;2;78;67;57m▘[38;2;50;42;32;48;2;64;56;46m▐[38;2;48;44;34;48;2;111;102;89m▊[38;2;116;105;92;48;2;80;65;49m▘[38;2;87;67;52;48;2;92;79;64m▅[38;2;120;99;81;48;2;101;84;62m▝[48;2;123;105;87m [48;2;146;125;105m [38;2;162;126;123;48;2;169;58;60m▂[48;2;169;59;57m [38;2;170;60;54;48;2;171;58;59m▂[38;2;171;58;56;48;2;171;60;60m▅[38;2;170;58;56;48;2;171;58;60m▆[48;2;171;58;61m▆[38;2;170;56;56;48;2;171;58;58m▆[38;2;171;55;58;48;2;171;57;56m▀[38;2;171;55;56;48;2;171;54;53m▀[38;2;172;54;56;48;2;173;53;59m▆[38;2;173;53;58;48;2;173;53;56m▔[38;2;173;52;58;48;2;173;51;55m▀[38;2;169;54;56;48;2;31;5;0m▊[48;2;23;3;1m [38;2;24;3;0;48;2;22;2;0m▆[48;2;23;3;0m [38;2;169;54;53;48;2;23;2;1m▃[38;2;31;5;3;48;2;169;51;51m▔[48;2;171;49;56m [48;2;171;49;53m [38;2;171;49;54;48;2;171;48;55m▅[38;2;171;47;56;48;2;171;51;54m▀[48;2;171;48;56m [38;2;21;1;2;48;2;144;33;44m▗[48;2;20;2;3m [48;2;21;1;1m [38;2;21;1;1;48;2;20;1;0m▂[38;2;22;2;1m▃[48;2;21;1;1m [48;2;22;1;1m [48;2;22;1;0m     [38;2;142;42;38;48;2;21;1;2m▐[38;2;164;45;45;48;2;20;1;0m▖[48;2;18;1;1m [38;2;17;0;0;48;2;15;2;0m▊[38;2;15;3;3;48;2;160;40;46m▍[48;2;169;47;54m [38;2;103;20;17;48;2;169;49;51m▝[38;2;151;31;41;48;2;22;0;3m▖[48;2;22;1;1m  [38;2;19;4;3;48;2;22;0;1m▅[38;2;18;1;0;48;2;21;3;2m▐[38;2;164;42;47;48;2;21;1;0m▝[48;2;169;50;50m [48;2;171;51;53m [38;2;170;50;51;48;2;52;7;4m▆[38;2;22;3;0;48;2;162;39;50m▝[38;2;125;28;32;48;2;22;1;0m▁ [38;2;22;1;0;48;2;23;1;0m▞[38;2;21;1;0m▝[38;2;146;35;40;48;2;22;1;0m▝[48;2;171;49;61m [38;2;171;51;56;48;2;173;50;61m▖[38;2;171;51;57;48;2;171;51;58m▃[38;2;170;51;57;48;2;172;51;61m▆[38;2;170;51;56;48;2;171;49;60m▆[48;2;171;51;57m [0m
[38;2;173;60;53;48;2;173;58;50m▆[48;2;171;59;51m [38;2;166;51;42;48;2;15;2;1m▘[38;2;16;3;0;48;2;15;2;0m▐[48;2;16;3;0m [38;2;16;1;0;48;2;17;2;0m▂[48;2;16;3;2m [48;2;16;0;0m [38;2;165;61;44;48;2;18;0;1m▂[38;2;62;15;9;48;2;169;59;46m▔[38;2;51;12;1;48;2;167;62;53m▗[48;2;10;0;0m [38;2;10;1;0;48;2;11;1;1m▀[48;2;12;1;1m [38;2;69;18;6;48;2;170;60;45m▘[48;2;170;57;45m [38;2;171;59;44;48;2;171;58;46m▁[38;2;61;13;8;48;2;170;57;45m▝[48;2;18;3;1m [48;2;19;2;0m [38;2;19;2;0;48;2;18;1;0m▍   [38;2;17;2;0m▗▃[38;2;15;2;0m▕[48;2;17;1;0m [38;2;39;6;2;48;2;171;57;49m▖[48;2;169;59;46m [38;2;171;57;44;48;2;172;59;46m▀[38;2;92;25;8;48;2;170;62;44m▕[38;2;26;3;0;48;2;91;29;7m▅[48;2;24;4;0m [48;2;24;4;1m [38;2;24;4;1;48;2;19;1;0m▂[38;2;32;5;1;48;2;17;2;0m▁[48;2;17;0;0m [38;2;167;53;40;48;2;16;3;0m▐[38;2;171;60;44;48;2;170;57;46m▁[38;2;171;59;45;48;2;169;55;48m▅[38;2;170;58;46;48;2;169;56;47m▅[48;2;169;56;49m▅[38;2;171;58;47;48;2;170;58;50m▅[38;2;171;60;51;48;2;171;60;47m▔[38;2;171;59;49;48;2;173;61;49m▀[38;2;171;59;51;48;2;171;62;49m▔[48;2;169;61;49m [38;2;155;90;69;48;2;130;71;53m▍[38;2;108;56;34;48;2;90;38;22m▁[38;2;94;44;28;48;2;84;35;12m▖[38;2;175;87;64;48;2;58;17;3m▐[48;2;173;66;48m [38;2;174;70;44;48;2;47;33;21m▖[38;2;58;37;20;48;2;64;41;25m▖[38;2;57;34;17;48;2;66;42;24m▕[38;2;49;28;13;48;2;19;4;4m▖[38;2;41;19;7;48;2;23;6;2m▝[38;2;49;27;11;48;2;39;19;8m▀[38;2;43;25;14;48;2;32;8;1m▍[38;2;50;44;30;48;2;41;17;11m▁[38;2;196;125;71;48;2;50;46;33m▔[38;2;61;56;43;48;2;230;174;128m▖[38;2;233;162;111;48;2;239;180;134m▖[48;2;239;186;133m [38;2;253;183;131;48;2;229;131;95m▃[38;2;218;119;67;48;2;240;134;116m▃[38;2;243;118;77;48;2;234;151;119m▃[48;2;245;141;111m [38;2;204;77;48;48;2;254;162;148m▃[38;2;171;70;32;48;2;245;156;162m▅[38;2;244;148;132;48;2;162;51;21m▔[38;2;161;78;44;48;2;105;50;23m▀[48;2;111;47;22m [38;2;218;143;93;48;2;130;63;42m▗[38;2;241;173;128;48;2;210;126;85m▘[38;2;195;117;78;48;2;134;79;44m▍[38;2;116;52;14;48;2;106;49;16m▊[38;2;82;31;4;48;2;93;38;10m▕[38;2;57;14;5;48;2;78;42;14m▊[38;2;91;52;25;48;2;97;65;34m▍[38;2;94;62;41;48;2;23;12;5m▍[38;2;28;22;15;48;2;30;24;17m▀[38;2;33;27;18;48;2;30;23;14m▗[38;2;32;28;20;48;2;40;36;24m▘[48;2;60;51;39m [48;2;69;58;47m [38;2;88;79;67;48;2;74;61;46m▀[48;2;80;65;52m [38;2;85;74;60;48;2;77;64;53m▘[38;2;38;33;22;48;2;62;50;39m▐[38;2;87;72;53;48;2;59;51;39m▝[38;2;62;45;26;48;2;71;53;33m▏[38;2;108;85;60;48;2;80;59;40m▗[48;2;123;90;69m [48;2;136;115;92m [38;2;144;121;95;48;2;130;110;86m▏[38;2;126;102;76;48;2;136;117;96m▃[38;2;123;103;80;48;2;149;126;105m▞[38;2;167;144;134;48;2;170;62;50m▖[38;2;174;63;52;48;2;171;60;54m▂[38;2;171;63;53;48;2;171;62;56m▅[38;2;172;65;52;48;2;171;60;54m▁[38;2;171;64;51;48;2;173;62;53m▁[38;2;171;62;53;48;2;172;61;53m▂[38;2;172;63;51;48;2;171;60;53m▂[38;2;172;57;53;48;2;172;60;52m▀[38;2;172;60;51;48;2;175;55;52m▂[48;2;171;57;54m [38;2;153;44;41;48;2;22;3;1m▏[48;2;24;3;3m [38;2;170;58;50;48;2;23;3;0m▅[48;2;171;51;47m [38;2;171;55;49;48;2;169;53;52m▆[38;2;173;56;49;48;2;171;52;49m▂[38;2;171;55;47m▂[38;2;171;55;49;48;2;170;52;52m▅[38;2;172;53;49;48;2;171;52;51m▃[48;2;171;53;48m [38;2;165;53;57;48;2;23;3;1m▍[48;2;19;3;0m [38;2;21;1;0;48;2;19;2;0m▝[48;2;22;2;0m  [38;2;22;2;0;48;2;21;0;0m▅[38;2;119;22;19;48;2;21;1;0m▗[48;2;165;48;46m [38;2;153;40;39;48;2;22;1;0m▏[38;2;22;1;0;48;2;22;2;0m▊[38;2;20;4;0;48;2;22;1;0m▁  [38;2;56;7;8;48;2;169;53;51m▍[48;2;169;50;49m [38;2;153;41;39;48;2;19;0;0m▖[48;2;17;1;1m [48;2;16;2;1m [38;2;14;2;0;48;2;148;37;35m▖[48;2;170;50;47m [48;2;170;51;49m [38;2;20;0;1;48;2;167;47;46m▝[38;2;165;44;42;48;2;24;4;0m▅[38;2;153;44;40;48;2;19;1;0m▊[38;2;20;0;0;48;2;22;2;0m▔[48;2;21;1;1m [38;2;167;47;47;48;2;23;0;0m▝[48;2;173;49;49m [38;2;171;52;51;48;2;171;51;49m▅[38;2;173;53;50;48;2;171;54;52m▅[48;2;173;48;54m [38;2;74;19;15;48;2;171;54;49m▔[38;2;23;1;0;48;2;169;58;49m▀[38;2;117;25;22;48;2;23;1;0m▁ [48;2;22;2;1m [38;2;64;12;5;48;2;172;51;52m▖[38;2;171;54;49;48;2;170;52;53m▂[38;2;171;53;53;48;2;172;55;51m▀[38;2;173;57;51;48;2;173;53;52m▂[48;2;173;53;50m [0m
[38;2;172;58;44;48;2;172;58;44m [38;2;168;62;46;48;2;16;3;0m▘[48;2;15;0;1m [48;2;15;0;5m [38;2;151;42;21;48;2;16;1;0m▗[38;2;166;63;42;48;2;17;2;0m▃[38;2;15;1;1;48;2;169;64;49m▀[38;2;22;6;0;48;2;171;64;43m▔[38;2;171;62;45;48;2;174;63;48m▊[38;2;12;4;0;48;2;169;58;45m▗[48;2;9;0;2m [48;2;10;0;0m [48;2;11;0;0m [38;2;10;2;0;48;2;169;62;39m▘[38;2;172;62;42;48;2;171;60;40m▖[38;2;169;60;42;48;2;173;63;42m▀[38;2;171;60;44;48;2;173;62;42m▀[48;2;173;60;44m [38;2;144;43;24;48;2;17;4;0m▖[38;2;17;3;0;48;2;19;2;0m▁[48;2;19;1;1m [48;2;18;1;0m [38;2;105;37;13;48;2;18;1;1m▗[38;2;164;65;40;48;2;17;2;0m▃ [38;2;19;2;0;48;2;18;1;0m▗[48;2;17;2;0m▃[48;2;18;0;2m [48;2;18;1;0m [38;2;174;60;43;48;2;25;1;0m▀[38;2;42;10;0;48;2;171;62;44m▁[48;2;173;67;45m [38;2;45;8;0;48;2;167;63;41m▀[48;2;29;6;1m [48;2;27;3;0m [48;2;24;6;0m [48;2;24;7;4m [38;2;17;3;0;48;2;155;53;28m▀[48;2;20;4;0m [48;2;171;61;41m [38;2;170;60;43;48;2;173;63;41m▀[48;2;171;62;44m [38;2;173;63;43;48;2;171;60;44m▅[38;2;171;61;45;48;2;173;64;42m▀[38;2;171;63;41;48;2;171;62;45m▃[38;2;173;63;48;48;2;172;65;43m▔[48;2;173;63;46m [48;2;171;66;46m [38;2;163;97;75;48;2;128;71;51m▍[38;2;94;49;24;48;2;107;50;33m▕[38;2;66;31;9;48;2;83;37;18m▗[48;2;173;69;42m [38;2;177;67;47;48;2;177;67;42m▔[38;2;83;54;39;48;2;175;73;47m▝[38;2;65;43;29;48;2;73;49;29m▀[38;2;64;38;23;48;2;71;47;29m▐[38;2;35;18;7;48;2;53;29;9m▐[38;2;36;20;8;48;2;24;9;4m▂[38;2;46;33;18;48;2;38;22;12m▆[48;2;40;23;7m [38;2;44;37;37;48;2;41;35;23m▊[38;2;45;36;25;48;2;37;29;19m▝[48;2;34;28;16m [38;2;237;156;109;48;2;49;46;29m▝[48;2;233;183;128m [48;2;245;199;148m [38;2;204;118;65;48;2;250;201;153m▔[38;2;130;68;31;48;2;252;214;172m▀[38;2;246;215;161;48;2;117;57;22m▃[38;2;243;222;176;48;2;90;40;17m▃[38;2;79;34;12;48;2;141;116;99m▀[38;2;153;125;103;48;2;113;62;38m▖[48;2;112;70;33m [38;2;215;128;79;48;2;86;33;9m▝[38;2;150;94;55;48;2;216;137;84m▃[38;2;124;60;19;48;2;185;112;68m▅[48;2;117;49;14m [48;2;107;51;18m [38;2;82;32;9;48;2;98;47;10m▗[38;2;95;56;19;48;2;68;21;3m▐[38;2;110;79;46;48;2;103;70;36m▆[38;2;22;11;2;48;2;105;73;44m▐[38;2;25;22;13;48;2;31;25;16m▏[38;2;40;35;24;48;2;28;26;13m▗[38;2;56;51;38;48;2;44;39;27m▐[38;2;63;58;45;48;2;79;67;54m▍[38;2;76;65;48;48;2;71;58;43m▆[48;2;68;56;42m [38;2;79;67;56;48;2;62;49;35m▔[38;2;60;47;32;48;2;69;58;42m▃[48;2;50;37;26m [48;2;51;44;30m [38;2;119;88;57;48;2;72;58;33m▗[48;2;114;86;54m [48;2;133;102;74m [38;2;162;139;113;48;2;145;121;83m▗[38;2;136;111;86;48;2;156;132;105m▝[48;2;128;105;79m [48;2;135;113;85m [48;2;144;123;97m [38;2;173;68;53;48;2;148;135;107m▀[48;2;172;73;49m [38;2;173;65;50;48;2;174;67;44m▔[48;2;173;65;51m [38;2;172;63;50;48;2;173;67;45m▀[38;2;173;67;46;48;2;171;64;50m▅[38;2;171;66;46;48;2;172;65;51m▅[38;2;173;60;50;48;2;173;65;47m▝[38;2;109;27;19;48;2;172;60;46m▕[38;2;24;4;1;48;2;170;59;44m▀[48;2;171;56;46m [38;2;170;58;42;48;2;172;60;44m▕[38;2;171;58;46;48;2;171;58;44m▘[38;2;172;58;42;48;2;172;56;46m▂[48;2;171;55;46m▅[38;2;173;58;44;48;2;172;56;46m▃[38;2;172;56;46;48;2;173;59;44m▀[38;2;173;58;44;48;2;173;54;47m▃[38;2;45;8;3;48;2;171;58;47m▗[48;2;22;2;1m [38;2;19;2;0m▔[38;2;108;31;21;48;2;19;2;0m▗[48;2;21;3;1m [48;2;21;1;0m [38;2;157;44;33;48;2;22;1;3m▗[48;2;167;51;40m [48;2;169;51;46m [38;2;117;32;22;48;2;22;3;1m▍[38;2;22;2;0;48;2;20;3;0m▊ [38;2;128;33;22;48;2;22;3;1m▝[38;2;96;22;15;48;2;46;10;2m▕[48;2;170;54;42m▏[38;2;171;56;42;48;2;171;52;45m▅[48;2;171;56;42m [48;2;17;1;1m [38;2;16;1;1;48;2;17;0;0m▞[48;2;15;2;1m [38;2;11;3;2;48;2;166;52;45m▖[48;2;172;53;46m [38;2;170;51;46;48;2;172;57;47m▀[48;2;173;58;50m [38;2;163;46;40;48;2;24;1;1m▍[48;2;22;1;1m [38;2;22;1;0;48;2;21;1;0m▆[38;2;21;1;0;48;2;22;1;0m▝[38;2;172;58;44;48;2;24;4;0m▐[38;2;174;56;44;48;2;173;58;46m▂[38;2;173;56;49;48;2;173;57;44m▔[38;2;173;58;45;48;2;173;56;47m▅[38;2;173;57;44;48;2;173;56;46m▆[38;2;172;56;45;48;2;173;59;46m▝[48;2;174;58;49m [38;2;26;1;1;48;2;173;58;50m▝[38;2;160;45;35;48;2;22;1;0m▃[48;2;21;5;1m [48;2;172;55;50m [38;2;171;55;49;48;2;173;58;44m▀[38;2;173;58;44;48;2;172;57;49m▅[48;2;171;58;49m▅[0m
[38;2;171;60;48;48;2;17;2;0m▘ [38;2;18;0;0;48;2;17;1;1m▗[48;2;17;2;1m [38;2;164;60;36;48;2;17;3;3m▃[48;2;173;69;42m [48;2;174;67;41m [38;2;174;65;42;48;2;173;67;42m▀[38;2;8;1;0;48;2;169;67;44m▗[48;2;9;0;0m [48;2;8;0;0m▝[48;2;8;1;0m [38;2;9;0;0;48;2;166;62;27m▘[38;2;171;65;42;48;2;173;67;40m▘[38;2;172;63;39;48;2;173;69;40m▀[38;2;171;65;40;48;2;173;70;40m▀[38;2;174;65;41;48;2;175;70;40m▀[38;2;176;76;41;48;2;174;67;42m▁[38;2;60;17;3;48;2;173;67;39m▝[38;2;121;36;13;48;2;37;11;0m▞[48;2;19;2;0m [48;2;19;4;1m [38;2;126;41;15;48;2;19;0;0m▐[38;2;167;62;32;48;2;171;63;35m▊[38;2;24;1;3;48;2;167;61;32m▝[48;2;20;0;1m [38;2;19;2;0;48;2;16;3;0m▔[38;2;20;3;0;48;2;19;2;0m▖[38;2;18;1;0m▔[38;2;19;2;0;48;2;24;4;0m▍[48;2;26;3;0m [38;2;173;61;34;48;2;26;6;0m▝[38;2;95;28;1;48;2;172;63;32m▁[38;2;170;65;31;48;2;42;8;0m▖[48;2;27;4;1m [38;2;28;6;1;48;2;26;4;1m▃[38;2;26;4;1;48;2;24;2;0m▊[38;2;87;33;3;48;2;171;65;34m▍[48;2;171;69;37m [48;2;173;65;37m [48;2;173;67;42m [38;2;42;9;0;48;2;171;67;40m▁[38;2;28;6;1;48;2;171;64;44m▃[38;2;171;62;39;48;2;30;7;1m▀[38;2;44;13;3;48;2;170;62;40m▅[38;2;171;64;40;48;2;71;26;10m▀[38;2;99;38;19;48;2;172;69;43m▃[38;2;113;46;19;48;2;170;67;38m▃[38;2;121;87;66;48;2;164;67;38m▗[38;2;123;72;55;48;2;92;44;15m▖[38;2;173;67;33;48;2;75;29;12m▗[38;2;175;70;37;48;2;170;75;39m▞[38;2;175;75;40;48;2;174;72;40m▃[48;2;171;72;41m [38;2;146;83;59;48;2;77;53;32m▏[48;2;71;50;29m [38;2;53;33;11;48;2;27;8;2m▘[38;2;80;64;41;48;2;39;23;7m▅[38;2;76;50;29;48;2;51;28;7m▁[38;2;66;42;14;48;2;52;28;6m▁[38;2;52;26;8;48;2;29;28;17m▍[48;2;34;27;15m [38;2;71;65;48;48;2;33;25;13m▗[38;2;79;67;46;48;2;58;51;34m▃[38;2;58;42;24;48;2;218;185;132m▏[38;2;193;159;104;48;2;143;105;52m▍[38;2;240;181;117;48;2;89;58;22m▀[38;2;104;54;10;48;2;224;162;92m▂[48;2;233;187;123m▁[38;2;165;97;33;48;2;243;179;128m▃[38;2;197;124;62;48;2;112;59;30m▏[38;2;104;70;32;48;2;86;44;21m▘[38;2;181;125;78;48;2;71;43;19m▁[38;2;175;113;67;48;2;64;38;19m▂[38;2;171;112;72;48;2;117;48;12m▃[38;2;168;112;69;48;2;109;55;22m▃[38;2;98;35;0;48;2;166;111;68m▀[38;2;105;51;16;48;2;158;106;73m▀[38;2;159;106;67;48;2;90;34;0m▅[38;2;77;38;3;48;2;142;93;56m▘[38;2;139;95;61;48;2;121;86;51m▃[38;2;70;46;30;48;2;130;82;52m▝[38;2;33;24;14;48;2;129;87;53m▀[38;2;39;33;22;48;2;125;78;44m▀[38;2;51;46;31;48;2;125;82;53m▀[38;2;127;83;48;48;2;69;58;47m▃[38;2;123;81;50;48;2;72;64;47m▂[38;2;142;110;87;48;2;75;64;47m▁[38;2;137;123;108;48;2;64;53;39m▁[38;2;43;34;22;48;2;58;46;32m▁[48;2;53;42;31m [38;2;37;27;14;48;2;68;50;33m▊[38;2;99;76;51;48;2;134;103;65m▘[48;2;123;102;64m [48;2;136;107;72m [48;2;167;147;117m [38;2;159;136;106;48;2;165;143;114m▝[38;2;144;121;89;48;2;160;138;105m▀[38;2;148;125;94;48;2;155;133;101m▘[38;2;154;131;101;48;2;155;137;104m▘[48;2;157;135;102m [48;2;152;135;114m [38;2;160;145;128;48;2;176;71;46m▃[48;2;173;75;43m [38;2;173;75;43;48;2;173;69;45m▅[38;2;173;76;42;48;2;175;69;46m▃[38;2;173;76;44;48;2;171;67;42m▃[38;2;174;76;44;48;2;172;68;42m▃[38;2;173;72;44;48;2;172;65;43m▅[38;2;171;63;42;48;2;174;75;44m▀[38;2;176;78;44;48;2;171;62;40m▃[38;2;176;80;44;48;2;173;66;41m▂[38;2;176;79;45;48;2;173;66;42m▂[38;2;175;76;45;48;2;171;64;42m▃[38;2;176;75;44;48;2;172;62;42m▃[38;2;174;74;42;48;2;173;63;43m▂[38;2;173;60;43;48;2;175;69;41m▀[38;2;174;72;42;48;2;173;64;46m▂[38;2;169;58;42;48;2;22;3;1m▘[48;2;22;1;0m [38;2;22;0;0;48;2;22;3;0m▐[48;2;20;1;0m [38;2;62;13;6;48;2;155;46;36m▝[38;2;167;55;35;48;2;28;4;0m▂[48;2;168;56;37m [38;2;110;40;24;48;2;169;56;38m▁[38;2;51;26;17;48;2;169;54;39m▂[38;2;135;42;31;48;2;22;4;5m▍[48;2;22;3;0m [38;2;20;4;0;48;2;21;3;0m▕[38;2;101;31;19;48;2;22;3;0m▗[38;2;162;60;37;48;2;27;3;1m▃[38;2;129;35;18;48;2;173;62;45m▏[48;2;171;59;42m [38;2;173;60;42;48;2;173;62;39m▀[38;2;55;14;3;48;2;172;60;41m▝[48;2;15;1;1m [48;2;15;1;0m  [38;2;12;0;0;48;2;166;50;39m▖[48;2;174;60;43m [38;2;174;63;41;48;2;173;62;42m▁[48;2;172;65;40m [38;2;167;58;37;48;2;23;1;0m▂[48;2;23;3;0m [38;2;23;3;0;48;2;22;2;0m▂[38;2;114;31;16m▕[48;2;175;60;44m [38;2;175;62;40;48;2;173;62;42m▂[38;2;173;60;40;48;2;173;62;40m▀[38;2;173;62;40;48;2;174;60;41m▃▂[38;2;174;60;42;48;2;175;61;42m▀[38;2;173;62;38;48;2;174;60;41m▂[48;2;175;62;40m [38;2;78;15;8;48;2;173;65;44m▝[38;2;60;23;5;48;2;173;56;38m▘[38;2;175;65;44;48;2;174;62;43m▗[38;2;172;60;44;48;2;174;64;43m▔[38;2;174;60;41;48;2;175;62;46m▗[0m
[38;2;16;3;0;48;2;16;3;0m [48;2;16;2;0m [38;2;166;67;39;48;2;16;2;3m▗[38;2;90;26;10;48;2;173;72;31m▔[38;2;173;69;37;48;2;176;70;35m▔[38;2;176;70;35;48;2;173;69;37m▃[48;2;174;74;41m [38;2;6;0;0;48;2;160;54;27m▗[48;2;7;0;0m [48;2;8;0;2m [48;2;8;2;1m▗[38;2;174;69;31;48;2;14;3;0m▐[48;2;175;71;42m [38;2;174;73;33;48;2;175;76;37m▃[48;2;176;76;37m▂[38;2;175;74;34;48;2;175;77;38m▂[38;2;176;74;35;48;2;176;78;41m▃[38;2;176;79;41;48;2;176;76;36m▀[48;2;175;78;39m [38;2;142;51;19;48;2;22;2;5m▏[38;2;23;4;0m▖[38;2;20;4;0;48;2;22;3;4m▝[38;2;37;11;5;48;2;149;55;22m▍[38;2;29;6;0;48;2;171;67;32m▃[38;2;170;65;33;48;2;29;6;0m▀[38;2;164;62;25;48;2;27;6;3m▘[48;2;24;5;2m [38;2;23;3;1;48;2;21;3;1m▅[38;2;22;4;1;48;2;21;3;0m▃[38;2;25;5;1;48;2;22;2;0m▝[38;2;24;5;2;48;2;25;5;0m▁[48;2;26;5;0m [48;2;26;0;0m [38;2;42;14;0;48;2;132;43;9m▞[38;2;125;40;5;48;2;28;9;0m▖[48;2;28;8;1m [38;2;28;6;1;48;2;26;2;1m▊[38;2;64;15;0;48;2;170;67;26m▏[38;2;35;9;0;48;2;171;69;27m▂[38;2;29;7;0;48;2;165;64;30m▅[48;2;29;6;0m  [38;2;30;6;0m▖  [38;2;164;60;24;48;2;34;8;1m▂[38;2;175;70;31;48;2;53;17;9m▃[38;2;173;70;31;48;2;59;21;6m▅[48;2;173;74;35m [48;2;176;75;34m [48;2;173;71;35m [38;2;176;75;35;48;2;173;73;36m▆[38;2;176;76;35;48;2;175;74;34m▃[38;2;174;76;37;48;2;176;76;35m▘[38;2;86;55;38;48;2;171;98;53m▝[38;2;178;85;54;48;2;66;45;26m▂[38;2;94;87;75;48;2;70;63;60m▖[48;2;47;38;25m [48;2;34;25;16m [38;2;81;64;43;48;2;44;39;25m▔[38;2;48;40;26;48;2;27;20;10m▍[48;2;36;29;19m [38;2;67;46;33;48;2;98;94;70m▘[38;2;122;114;88;48;2;96;89;63m▊[38;2;178;154;109;48;2;219;186;142m▏[38;2;155;115;74;48;2;189;160;120m▝[38;2;180;124;81;48;2;133;96;39m▁[38;2;169;122;77;48;2;67;30;7m▃[38;2;106;45;10;48;2;172;122;79m▀[38;2;167;123;83;48;2;87;37;13m▆[48;2;159;98;61m [38;2;167;114;71;48;2;151;103;65m▀[38;2;132;88;48;48;2;158;110;71m▂[38;2;133;85;51;48;2;156;110;71m▂[38;2;102;60;35;48;2;148;100;65m▗[38;2;155;106;70;48;2;135;88;61m▔[38;2;141;98;63;48;2;118;73;40m▀[38;2;116;71;38;48;2;138;92;58m▃[38;2;136;91;58;48;2;114;73;40m▀[38;2;137;93;60;48;2;113;70;40m▀[38;2;132;91;62;48;2;110;70;37m▀[38;2;128;88;58;48;2;108;67;36m▀[38;2;111;70;40;48;2;123;85;56m▃[38;2;109;69;39;48;2;123;86;57m▂[38;2;111;71;40;48;2;127;90;59m▁[38;2;120;83;53;48;2;126;89;60m▖[38;2;113;77;44;48;2;132;91;62m▁[38;2;134;98;70;48;2;128;88;58m▗[38;2;123;84;53;48;2;132;95;66m▀[38;2;173;151;128;48;2;127;87;56m▔[38;2;131;87;55;48;2;137;132;125m▆[38;2;124;81;53;48;2;31;22;9m▆[48;2;123;93;60m [38;2;99;67;26;48;2;144;117;79m▘[38;2;151;121;80;48;2;164;141;105m▏[48;2;165;148;117m [38;2;163;143;94;48;2;174;153;119m▂[38;2;165;152;124;48;2;168;148;114m▁[38;2;161;139;107;48;2;171;149;117m▔[38;2;160;139;104;48;2;165;146;113m▔[38;2;155;133;97;48;2;167;145;112m▁[38;2;148;124;87;48;2;162;142;113m▁[38;2;151;126;89;48;2;164;147;119m▁[48;2;164;151;121m [38;2;167;154;131;48;2;174;79;41m▅[38;2;167;155;139;48;2;176;86;40m▂[48;2;172;85;41m [38;2;177;84;38;48;2;176;86;44m▁[48;2;176;87;43m [38;2;175;86;40;48;2;174;87;44m▃[38;2;177;86;41;48;2;175;92;47m▃[38;2;176;90;49;48;2;177;96;48m▔[38;2;176;89;49;48;2;177;92;51m▔[38;2;177;92;47;48;2;176;96;49m▂[38;2;176;91;44;48;2;176;93;51m▂[38;2;176;92;45;48;2;177;87;48m▆[38;2;176;82;46;48;2;176;91;44m▔[38;2;177;88;46;48;2;172;74;39m▊[38;2;103;38;15;48;2;21;5;0m▏[48;2;22;3;0m [38;2;22;1;1;48;2;22;5;5m▗[38;2;165;66;24;48;2;21;1;0m▃[38;2;165;65;28;48;2;64;31;13m▞[38;2;47;28;15;48;2;171;55;29m▅[48;2;46;27;15m [38;2;44;28;15;48;2;46;24;15m▂[38;2;163;65;31;48;2;45;25;14m▂[38;2;172;62;29;48;2;41;25;15m▖[38;2;20;3;2;48;2;18;1;0m▀[38;2;22;2;0;48;2;19;5;0m▏[48;2;20;6;0m [38;2;151;56;24;48;2;23;3;0m▐[38;2;176;65;40;48;2;174;69;36m▀[38;2;174;69;35;48;2;176;67;38m▅[48;2;174;66;37m▃[38;2;171;66;37;48;2;172;63;39m▆[38;2;14;1;1;48;2;156;53;33m▝[48;2;14;1;1m [38;2;15;1;0;48;2;14;1;0m▏[48;2;12;0;0m [38;2;9;1;2;48;2;161;58;35m▖[48;2;175;67;37m [38;2;174;68;37;48;2;175;69;38m▖[48;2;173;67;37m [38;2;27;3;0;48;2;172;71;37m▝[48;2;22;3;0m [38;2;22;3;1;48;2;19;0;0m▅[38;2;48;10;5;48;2;173;67;33m▍[38;2;173;64;38;48;2;175;66;37m▔[38;2;175;67;35;48;2;174;65;37m▂[38;2;174;67;36m▃[38;2;174;69;35m▃[38;2;174;65;37;48;2;175;69;37m▔[38;2;176;65;40;48;2;175;67;38m▀[38;2;175;67;38;48;2;176;65;40m▆[48;2;175;67;38m [38;2;174;66;37;48;2;177;69;39m▀[38;2;175;69;37;48;2;175;66;36m▂[48;2;175;65;40m▃[38;2;173;65;37;48;2;177;68;37m▝[0m
[38;2;15;1;0;48;2;15;1;0m [38;2;174;74;26;48;2;21;0;0m▅[48;2;175;74;29m [38;2;176;74;29;48;2;176;72;33m▅[48;2;176;73;33m▁[48;2;176;71;32m [38;2;174;73;32;48;2;7;4;0m▘[48;2;6;0;0m [38;2;7;0;0;48;2;6;1;0m▔ [38;2;176;77;27;48;2;8;0;1m▗[48;2;176;72;33m [38;2;176;74;29;48;2;176;69;31m▅[38;2;177;74;30m▅[38;2;176;75;30m▅[38;2;177;74;30;48;2;176;71;33m▅[48;2;176;71;32m▅[48;2;174;71;31m [38;2;177;72;28;48;2;176;72;28m▂[38;2;46;14;0;48;2;175;76;31m▐[48;2;24;4;0m [48;2;23;4;0m [38;2;31;6;0;48;2;28;6;0m▅[38;2;26;4;1;48;2;31;8;1m▁[48;2;30;3;0m [38;2;153;60;10;48;2;31;8;0m▖[48;2;26;6;0m [38;2;24;4;0m▝[48;2;24;5;0m [38;2;24;4;1;48;2;23;4;0m▂[48;2;28;6;0m [48;2;29;6;0m [38;2;30;6;0;48;2;28;5;0m▗[48;2;30;8;0m [38;2;119;37;2;48;2;30;6;0m▘[48;2;30;4;0m [48;2;30;6;0m [38;2;30;6;4;48;2;134;46;9m▆[48;2;30;5;0m [38;2;28;7;0;48;2;29;6;0m▗[48;2;28;8;0m [38;2;153;56;15;48;2;31;6;6m▖[38;2;173;72;19;48;2;29;6;3m▃[38;2;175;76;23;48;2;28;3;0m▅[48;2;173;71;22m [38;2;174;72;24;48;2;175;74;28m▏[38;2;176;74;27;48;2;173;71;28m▁[38;2;176;73;28;48;2;174;71;28m▅[38;2;174;74;28;48;2;174;71;30m▆[38;2;176;74;31;48;2;176;76;31m▘[38;2;177;78;31;48;2;176;77;34m▃[38;2;176;78;31;48;2;176;76;34m▃[38;2;177;79;31;48;2;176;77;34m▅[38;2;177;77;35;48;2;176;79;31m▀[38;2;177;76;32;48;2;174;79;28m▝[38;2;151;145;117;48;2;177;76;30m▗[38;2;164;144;109;48;2;98;86;61m▘[38;2;69;63;51;48;2;40;34;20m▍[38;2;32;26;13;48;2;30;23;9m▖[38;2;34;28;17;48;2;55;49;34m▊[38;2;83;78;59;48;2;54;48;31m▅[38;2;46;36;20;48;2;82;73;51m▘[38;2;117;108;84;48;2;94;85;61m▐[38;2;168;115;61;48;2;121;103;81m▃[38;2;163;113;66;48;2;194;184;140m▅[38;2;201;163;113;48;2;164;106;57m▔[48;2;157;109;63m [38;2;123;80;46;48;2;153;106;65m▗[38;2;119;79;37;48;2;157;112;69m▅[38;2;143;95;56;48;2;110;68;33m▀[38;2;99;61;33;48;2;135;92;51m▅[38;2;84;51;27;48;2;126;83;50m▅[38;2;71;40;13;48;2;106;69;34m▃[38;2;74;43;11;48;2;104;67;32m▅[38;2;117;77;38;48;2;75;41;8m▔[38;2;76;40;9;48;2;99;56;27m▆[38;2;102;62;30;48;2;77;42;6m▔[38;2;75;41;8;48;2;87;53;20m▅[38;2;70;35;6;48;2;91;52;21m▆[38;2;96;57;26;48;2;73;40;6m▔[38;2;68;40;4;48;2;96;56;22m▆[48;2;76;42;7m [38;2;77;41;10;48;2;99;58;26m▅[38;2;78;42;2;48;2;100;60;29m▅[38;2;103;63;32;48;2;79;40;4m▀[38;2;83;51;13;48;2;104;65;33m▃[48;2;105;70;35m [38;2;103;66;30;48;2;119;82;54m▆[38;2;121;83;56;48;2;107;68;35m▀[38;2;108;69;35;48;2;128;94;66m▅[38;2;116;78;46;48;2;135;99;68m▅[38;2;137;103;76;48;2;133;97;65m▘[38;2;140;112;81;48;2;126;89;56m▅[38;2;128;84;52;48;2;140;110;83m▀[38;2;145;118;91;48;2;119;84;58m▂[38;2;171;161;131;48;2;128;89;57m▔[38;2;131;87;58;48;2;173;158;127m▅[38;2;170;155;120;48;2;130;87;53m▀[38;2;123;93;58;48;2;162;142;109m▂[38;2;163;141;112;48;2;153;122;83m▁[48;2;146;122;75m [48;2;145;119;83m [48;2;142;117;76m [38;2;145;120;77;48;2;139;111;70m▃[38;2;138;113;73;48;2;142;119;85m▆[38;2;162;152;123;48;2;146;115;88m▔[38;2;145;125;97;48;2;164;106;64m▆[38;2;165;156;131;48;2;178;79;34m▂[38;2;172;63;12;48;2;176;79;32m▁[48;2;173;81;31m [38;2;176;79;34;48;2;176;78;31m▀[38;2;176;78;31;48;2;175;83;38m▆[38;2;175;73;29;48;2;177;85;40m▆[38;2;173;72;29;48;2;176;85;40m▆[38;2;175;72;27;48;2;174;78;35m▅[38;2;176;73;28;48;2;175;79;34m▅[38;2;176;72;28;48;2;175;78;35m▅[38;2;173;73;29;48;2;142;53;18m▊[38;2;58;19;3;48;2;19;5;0m▏[48;2;20;3;1m [38;2;19;3;1;48;2;137;44;6m▘[38;2;48;27;10;48;2;163;62;28m▅[48;2;49;24;16m [48;2;49;30;17m [38;2;163;60;28;48;2;53;28;19m▗[38;2;173;67;25;48;2;62;28;16m▆[48;2;173;65;31m [48;2;172;68;33m [48;2;21;1;0m [48;2;19;3;0m  [38;2;48;8;1;48;2;175;74;35m▍[38;2;175;71;35;48;2;176;73;31m▀[38;2;176;75;31;48;2;176;71;34m▁[38;2;175;71;34;48;2;173;72;31m▀[38;2;176;69;33;48;2;176;72;32m▀[48;2;176;71;40m [38;2;174;71;31;48;2;15;2;3m▖[38;2;10;1;0;48;2;12;1;0m▂[38;2;11;0;0;48;2;12;2;0m▂[48;2;10;0;0m [38;2;7;0;0;48;2;169;65;28m▖[48;2;174;69;33m [48;2;176;71;34m [38;2;176;72;33;48;2;175;71;36m▆[38;2;86;28;8;48;2;174;73;31m▝[38;2;137;52;18;48;2;22;3;0m▖[38;2;174;70;29;48;2;22;1;4m▐[38;2;175;70;33;48;2;175;71;30m▀[38;2;176;71;31;48;2;175;70;32m▃[38;2;174;69;33;48;2;175;71;31m▀▀[38;2;174;70;35;48;2;176;72;32m▀▀[38;2;176;72;32;48;2;174;70;35m▃[38;2;173;69;35;48;2;176;72;32m▀[38;2;175;71;31;48;2;174;69;36m▆[38;2;174;70;33;48;2;176;73;34m▀[48;2;176;72;32m▀[38;2;176;72;32;48;2;176;69;33m▂[0m
[38;2;176;76;25;48;2;176;76;25m [48;2;177;77;28m [38;2;176;77;23;48;2;176;76;26m▍[48;2;177;76;25m▁[48;2;177;76;28m [38;2;2;1;5;48;2;146;50;7m▗[38;2;4;0;0;48;2;3;1;0m▕[38;2;5;1;1;48;2;4;0;0m▝[48;2;4;1;0m [48;2;6;3;1m [48;2;176;78;23m [38;2;176;78;24;48;2;177;76;25m▂[38;2;176;77;23;48;2;176;76;27m▅[38;2;176;76;28;48;2;177;78;26m▀[38;2;177;76;28m▀[38;2;177;78;26;48;2;176;76;28m▆[38;2;176;79;26;48;2;177;76;27m▃[38;2;177;78;24m▁[38;2;65;19;7;48;2;175;75;31m▗[38;2;142;42;6;48;2;27;6;2m▔[48;2;24;6;1m [38;2;177;68;23;48;2;51;16;3m▗[38;2;51;19;6;48;2;176;73;23m▔[38;2;80;29;2;48;2;176;71;21m▔[48;2;175;72;21m [38;2;39;16;0;48;2;175;69;24m▔[38;2;174;69;19;48;2;40;11;0m▆[38;2;173;68;17;48;2;36;11;1m▆[38;2;175;72;28;48;2;25;5;0m▏[48;2;24;3;0m [38;2;53;15;0;48;2;29;6;0m▁[38;2;28;7;0;48;2;30;6;0m▏[38;2;33;8;0m▁[48;2;31;7;1m [38;2;30;6;0;48;2;31;8;1m▀[38;2;32;8;0;48;2;30;6;0m▃[48;2;31;7;0m▃ [38;2;31;8;1;48;2;29;7;0m▃[48;2;33;8;0m [38;2;149;58;12;48;2;35;9;1m▀[38;2;171;65;15;48;2;35;9;0m▀[38;2;173;68;20m▀[38;2;175;72;24;48;2;36;9;0m▀[38;2;37;12;2;48;2;175;69;27m▃[38;2;38;11;1;48;2;175;74;23m▁[48;2;176;76;28m [38;2;176;76;28;48;2;177;77;26m▀[38;2;176;79;26;48;2;176;76;28m▃[38;2;176;78;24;48;2;176;77;28m▃[38;2;177;82;26;48;2;176;80;28m▂[48;2;177;81;29m [48;2;177;80;29m [48;2;177;82;29m [38;2;164;143;98;48;2;176;81;28m▗[38;2;150;128;89;48;2;165;141;104m▕[38;2;127;98;53;48;2;133;109;66m▖[38;2;144;124;83;48;2;71;59;42m▖[48;2;38;32;17m [48;2;42;37;21m [38;2;173;120;67;48;2;79;78;63m▃[38;2;171;117;64;48;2;98;93;71m▆[38;2;152;104;52;48;2;168;115;68m▗[38;2;135;89;43;48;2;154;103;65m▃[38;2;107;70;31;48;2;131;89;49m▂[38;2;128;84;41;48;2;99;61;27m▀[38;2;79;49;18;48;2;100;64;29m▁[38;2;85;58;27;48;2;108;69;23m▆[38;2;75;42;11;48;2;92;61;26m▅[38;2;70;39;9;48;2;80;49;19m▅[38;2;73;39;5;48;2;75;43;16m▅[38;2;76;40;1;48;2;69;38;13m▅[48;2;70;38;9m▆[38;2;75;43;5;48;2;75;43;8m▆[38;2;75;39;2;48;2;75;42;6m▆[38;2;70;37;1;48;2;75;40;3m▂[38;2;71;36;1m▂[38;2;70;36;2m▃[38;2;70;36;4;48;2;73;38;3m▃[38;2;70;36;2;48;2;72;37;3m▂[38;2;71;35;2;48;2;73;38;2m▃[48;2;69;36;2m [38;2;66;33;1;48;2;69;34;1m▁[38;2;68;34;2;48;2;71;34;1m▀[38;2;70;36;0;48;2;68;35;1m▃[48;2;70;35;0m [48;2;71;38;2m [38;2;75;40;3;48;2;86;49;12m▅[38;2;76;40;3;48;2;96;56;22m▅[38;2;84;47;8;48;2;98;61;24m▅[38;2;111;75;37;48;2;92;54;19m▝[38;2;93;55;15;48;2;106;66;33m▂[38;2;118;81;47;48;2;104;64;27m▀[38;2;110;70;33;48;2;140;106;74m▆[38;2;130;101;71;48;2;120;81;44m▀[38;2;122;87;53;48;2;147;123;95m▖[38;2;134;97;62;48;2;149;119;95m▔[38;2;164;140;114;48;2;135;95;62m▃[38;2;162;141;119;48;2;127;92;55m▁[38;2;177;161;130;48;2;130;94;58m▔[38;2;161;145;109;48;2;132;95;58m▀[38;2;132;93;60;48;2;164;150;105m▂[48;2;173;155;121m [38;2;160;139;92;48;2;173;154;118m▁[38;2;145;114;68;48;2;168;149;113m▂[38;2;162;147;112;48;2;132;104;55m▀[38;2;122;86;44;48;2;156;131;91m▃[38;2;160;133;89;48;2;120;90;45m▀[38;2;135;100;64;48;2;174;149;130m▆[38;2;192;182;150;48;2;124;94;58m▁[38;2;186;172;140;48;2;179;81;36m▁[38;2;172;157;140;48;2;182;83;27m▁[38;2;168;75;27;48;2;171;78;27m▝[48;2;151;63;22m [38;2;173;71;23;48;2;76;38;16m▀[38;2;51;30;8;48;2;173;73;24m▁[48;2;174;70;26m [38;2;173;74;25;48;2;160;57;17m▊[38;2;77;26;4;48;2;17;2;0m▏[38;2;143;49;10;48;2;18;3;1m▐[38;2;155;60;23;48;2;46;28;13m▘[38;2;48;28;13;48;2;46;27;12m▅[48;2;50;27;15m [38;2;155;62;24;48;2;55;33;15m▅[48;2;173;69;24m [38;2;172;70;22;48;2;173;69;26m▁[38;2;173;67;27;48;2;174;70;26m▀[38;2;173;72;28;48;2;173;70;28m▗[38;2;22;1;0;48;2;164;62;25m▝[48;2;18;2;0m [48;2;19;3;1m [38;2;126;46;15;48;2;175;77;29m▏[38;2;174;74;28;48;2;176;78;28m▀[38;2;173;73;29;48;2;174;74;30m▝[38;2;175;74;29;48;2;176;76;28m▀▀[38;2;176;74;29;48;2;176;76;27m▀[48;2;174;76;26m [48;2;10;1;0m [38;2;9;1;0m▁[48;2;11;1;1m▅[48;2;8;0;0m [38;2;8;1;0;48;2;173;72;31m▖[38;2;173;70;28;48;2;176;77;30m▏[38;2;176;76;26;48;2;176;76;29m▃[38;2;174;74;31;48;2;176;78;28m▀[38;2;74;22;1;48;2;174;70;28m▝[38;2;15;5;1;48;2;172;74;26m▘[38;2;173;70;28;48;2;174;74;28m▔[38;2;176;75;30;48;2;173;71;28m▅[38;2;175;74;29;48;2;173;73;29m▅[38;2;175;77;29;48;2;174;74;30m▅[38;2;174;71;30;48;2;176;77;30m▔[38;2;176;76;31;48;2;174;71;30m▆[38;2;177;76;31;48;2;175;72;31m▅[38;2;176;77;30;48;2;177;74;30m▂[48;2;176;72;32m▆[38;2;176;75;30;48;2;175;71;31m▆[38;2;176;77;30;48;2;175;74;31m▂[38;2;176;76;28m▂[0m
[38;2;176;79;19;48;2;176;77;22m▆[38;2;176;80;19;48;2;176;77;23m▃[38;2;177;80;24;48;2;176;79;20m▀[48;2;177;80;24m [38;2;2;1;1;48;2;156;65;11m▗[48;2;3;0;5m [38;2;3;0;0;48;2;3;1;0m▝[38;2;4;0;0m▔ [38;2;21;4;3;48;2;175;80;21m▏[38;2;177;78;20;48;2;176;77;22m▆[38;2;176;78;19m▆[38;2;176;79;19m▅[38;2;177;79;22;48;2;176;79;20m▀[38;2;177;80;23;48;2;177;80;21m▀[38;2;177;79;24;48;2;177;80;22m▀[38;2;177;80;23;48;2;176;79;19m▀[48;2;176;80;19m [38;2;176;79;20;48;2;68;24;0m▅[38;2;149;55;3;48;2;35;10;1m▍[38;2;19;2;0;48;2;174;81;21m▘[38;2;176;79;20;48;2;176;76;22m▅[38;2;177;78;20;48;2;177;77;22m▃[38;2;177;76;20;48;2;176;76;22m▗[48;2;176;73;22m [48;2;176;75;22m [38;2;55;12;0;48;2;176;71;21m▁[38;2;37;9;1m▃[38;2;169;71;22;48;2;32;6;0m▘[48;2;26;9;2m [38;2;28;8;4;48;2;135;46;4m▅[48;2;31;7;0m [48;2;31;9;1m [38;2;31;8;0;48;2;32;8;0m▏ [38;2;32;8;0;48;2;33;8;0m▆▆[48;2;32;8;0m [48;2;33;8;0m▆[38;2;30;7;1;48;2;33;8;1m▁[38;2;31;8;2;48;2;35;9;0m▁[38;2;33;10;0m▖ [48;2;36;10;0m [48;2;36;11;0m [38;2;35;10;0;48;2;37;10;0m▖[48;2;36;10;0m [38;2;49;19;1;48;2;175;77;22m▆[38;2;83;37;8;48;2;176;80;24m▖[38;2;176;83;21;48;2;176;81;26m▅[38;2;177;85;24;48;2;177;82;26m▆[48;2;176;83;24m▆[38;2;177;83;26;48;2;175;86;24m▘[48;2;177;86;25m [48;2;168;146;106m [38;2;172;147;102;48;2;172;150;107m▕[38;2;176;149;100;48;2;146;115;63m▖[38;2;123;112;83;48;2;171;140;89m▕[38;2;72;60;43;48;2;169;116;60m▀[48;2;169;108;58m [48;2;170;117;65m [38;2;161;112;60;48;2;147;98;52m▘[38;2;112;72;31;48;2;138;90;46m▃[38;2;112;75;36;48;2;90;57;27m▀[38;2;98;63;28;48;2;81;49;19m▘[38;2;84;54;23;48;2;76;45;12m▔[38;2;82;47;10;48;2;76;44;10m▃[38;2;76;43;13;48;2;78;43;0m▘[48;2;79;45;2m [38;2;78;43;2;48;2;79;44;3m▃[38;2;75;40;3;48;2;78;43;2m▃[38;2;72;39;2;48;2;75;41;1m▗[38;2;70;35;1;48;2;74;38;1m▃[38;2;69;35;1;48;2;73;38;1m▃[38;2;73;38;3;48;2;70;36;2m▔[38;2;70;37;2;48;2;71;38;1m▅[38;2;72;37;1;48;2;70;37;1m▝[38;2;72;36;1;48;2;71;38;1m▀[38;2;70;37;0;48;2;72;37;1m▕[38;2;72;38;0;48;2;71;36;0m▂[38;2;73;38;1;48;2;71;36;2m▅[38;2;76;41;1;48;2;72;37;0m▃[38;2;73;38;2;48;2;77;40;0m▀[38;2;73;37;0;48;2;78;39;0m▀[38;2;75;38;3;48;2;79;38;0m▀[38;2;76;39;3;48;2;78;41;1m▀[38;2;80;41;1;48;2;75;38;1m▆[38;2;81;42;4;48;2;80;42;3m▖[38;2;81;42;2;48;2;76;38;0m▁[38;2;80;43;3;48;2;77;41;1m▖[38;2;85;48;7;48;2;79;44;3m▁[38;2;81;43;3;48;2;88;50;8m▏[38;2;92;53;8;48;2;95;57;14m▅[38;2;99;58;16;48;2;107;66;27m▅[38;2;104;62;19;48;2;110;69;29m▅[38;2;114;73;31;48;2;110;68;25m▀[38;2;135;97;56;48;2;120;75;33m▔[38;2;136;104;70;48;2;123;81;38m▀[38;2;163;143;115;48;2;135;99;56m▀[38;2;90;56;30;48;2;163;136;115m▔[38;2;159;134;102;48;2;139;100;58m▅[38;2;145;110;76;48;2;135;93;56m▖[48;2;138;97;56m [38;2;137;105;67;48;2;169;148;101m▆[38;2;146;135;106;48;2;115;77;25m▂[38;2;101;55;12;48;2;170;143;69m▀[38;2;61;26;2;48;2;169;134;74m▔[38;2;143;113;39;48;2;199;169;128m▖[38;2;99;66;15;48;2;190;159;111m▗[38;2;115;80;30;48;2;180;156;113m▆[38;2;206;194;149;48;2;142;111;59m▂[38;2;182;151;96;48;2;138;106;66m▃[38;2;129;99;52;48;2;181;144;105m▞[48;2;179;80;20m [38;2;102;51;15;48;2;160;73;18m▝[38;2;116;53;17;48;2;60;33;13m▖[38;2;124;47;13;48;2;52;31;12m▔[38;2;53;33;12;48;2;174;78;15m▂[38;2;138;48;13;48;2;31;15;3m▍[48;2;51;29;13m [38;2;48;28;14;48;2;47;28;12m▁[48;2;48;25;13m [38;2;51;27;14;48;2;163;65;10m▘[38;2;51;29;15;48;2;174;75;22m▂[38;2;173;67;19;48;2;49;29;12m▀[38;2;51;29;10;48;2;174;67;23m▅[38;2;50;29;12;48;2;173;71;24m▅[38;2;49;27;12;48;2;171;67;25m▅[38;2;169;70;17;48;2;48;29;8m▀[38;2;113;50;12;48;2;35;21;6m▏[38;2;21;5;1;48;2;115;49;14m▊[48;2;176;76;26m [38;2;176;78;25;48;2;176;78;26m▅[48;2;176;78;25m [38;2;177;79;22m▂[38;2;176;78;24;48;2;176;79;27m▅[38;2;177;79;22;48;2;177;78;25m▂[48;2;177;79;24m▃[38;2;175;77;20;48;2;9;3;3m▊[48;2;8;1;1m [38;2;8;1;2;48;2;9;1;1m▆[48;2;8;1;0m  [38;2;51;17;0;48;2;176;74;22m▖[38;2;178;78;22;48;2;177;78;27m▃[38;2;176;78;22;48;2;176;79;26m▅[38;2;176;79;22;48;2;175;79;28m▆[48;2;177;78;24m [38;2;176;78;26m▀[38;2;177;81;23;48;2;176;76;26m▂[38;2;177;78;24;48;2;176;78;28m▃[38;2;178;82;25;48;2;177;78;27m▂[38;2;178;82;26;48;2;176;78;26m▁[38;2;176;79;27;48;2;176;78;28m▅[38;2;177;78;27;48;2;177;78;25m▀[38;2;177;78;25;48;2;176;76;27m▅[38;2;177;79;24;48;2;176;77;28m▂[38;2;176;78;24;48;2;176;78;26m▖[38;2;178;80;25;48;2;177;78;27m▂[38;2;176;78;24;48;2;176;78;26m▗[0m
[38;2;177;83;14;48;2;177;82;19m▆[38;2;176;85;15;48;2;176;83;20m▆[38;2;177;86;16;48;2;177;83;18m▅[38;2;2;0;0;48;2;174;85;25m▗[48;2;1;1;0m [38;2;3;0;0m▝▀[48;2;3;0;0m [38;2;176;85;15;48;2;6;1;0m▗[48;2;176;83;19m [38;2;177;82;16;48;2;177;83;19m▆[48;2;177;82;19m▆[38;2;177;81;19;48;2;177;83;15m▀[38;2;177;82;19;48;2;177;85;16m▀[38;2;177;84;15;48;2;177;82;20m▆[48;2;177;82;19m▅[38;2;178;84;15;48;2;177;82;20m▅[48;2;177;82;19m▆[38;2;178;81;18;48;2;178;84;17m▀[38;2;107;36;3;48;2;178;85;15m▔[48;2;177;81;17m [38;2;178;83;19;48;2;176;80;19m▁[48;2;177;81;18m [38;2;34;10;3;48;2;176;83;24m▂[38;2;35;11;0;48;2;177;80;19m▅[48;2;36;10;1m [38;2;177;77;10;48;2;35;8;1m▂[38;2;35;13;0;48;2;177;80;10m▀[38;2;176;79;20;48;2;41;12;1m▖[38;2;162;65;0;48;2;26;5;1m▗[38;2;40;10;0;48;2;146;59;3m▔[48;2;32;6;0m [48;2;31;8;1m [48;2;32;8;0m   [38;2;34;10;0m▅[38;2;33;9;1;48;2;35;10;0m▀[38;2;35;12;0;48;2;33;9;1m▃[48;2;35;10;1m [38;2;33;10;0;48;2;102;39;2m▅[38;2;140;53;3;48;2;70;26;1m▗[38;2;177;76;6;48;2;36;9;0m▅[38;2;87;34;2;48;2;172;76;8m▘[38;2;159;61;8;48;2;35;9;0m▂[48;2;36;11;0m [38;2;158;68;9;48;2;43;13;3m▗[38;2;73;31;3;48;2;114;53;8m▀[38;2;113;53;9;48;2;153;73;16m▘[48;2;176;87;22m [38;2;177;89;19m▅[38;2;177;87;22;48;2;177;89;18m▀[48;2;177;89;22m [38;2;175;90;18;48;2;169;153;117m▘[48;2;172;151;108m [48;2;175;155;105m [38;2;163;115;69;48;2;172;149;106m▗[38;2;158;115;70;48;2;169;127;83m▆[38;2;155;109;63;48;2;165;117;70m▂[38;2;180;133;88;48;2;151;103;50m▔[38;2;148;98;53;48;2;123;82;39m▀[38;2;120;81;36;48;2;98;63;27m▀[38;2;77;48;16;48;2;98;60;25m▆[48;2;80;47;11m [38;2;79;44;3;48;2;80;47;10m▃[38;2;79;44;1;48;2;84;50;10m▆[38;2;80;44;0;48;2;78;43;1m▀[38;2;72;39;0;48;2;79;44;0m▃[48;2;76;40;1m [38;2;76;41;1;48;2;71;37;2m▀[38;2;70;36;2;48;2;73;39;0m▆[38;2;72;39;3;48;2;68;35;1m▔[38;2;66;34;0;48;2;69;35;0m▂[38;2;70;36;1;48;2;66;35;0m▀[38;2;67;35;2;48;2;72;37;1m▅[38;2;65;33;1;48;2;69;38;2m▂[38;2;70;38;2;48;2;66;33;1m▀[38;2;67;34;1;48;2;71;37;0m▃[38;2;68;35;1;48;2;71;37;1m▃[38;2;66;33;1;48;2;72;38;0m▁[38;2;70;36;1;48;2;73;38;1m▂[38;2;73;37;0;48;2;74;39;0m▂[38;2;79;42;1;48;2;77;41;0m▝[48;2;82;42;1m [38;2;86;46;2;48;2;81;42;0m▁[38;2;85;43;0;48;2;81;41;0m▅[48;2;85;44;0m [48;2;86;44;0m [38;2;87;46;2;48;2;83;43;2m▃[38;2;82;45;4;48;2;80;39;0m▊[38;2;85;45;1;48;2;80;41;2m▕[38;2;92;54;8;48;2;87;48;2m▔[38;2;91;51;2;48;2;98;58;15m▆[38;2;94;52;4;48;2;100;59;15m▅[38;2;99;57;8;48;2;101;59;13m▖[48;2;105;63;17m [38;2;104;62;13;48;2;112;67;19m▖[48;2;113;66;19m [38;2;132;91;47;48;2;119;73;26m▝[38;2;128;85;40;48;2;147;106;65m▆[38;2;133;93;48;48;2;163;135;104m▅[38;2;139;97;57;48;2;159;133;104m▃[38;2;173;151;119;48;2;148;113;73m▖[48;2;140;102;62m [48;2;149;106;62m [38;2;145;109;63;48;2;147;118;78m▞[38;2;168;152;116;48;2;106;73;28m▆[48;2;205;191;135m [38;2;209;199;153;48;2;129;88;20m▆[48;2;217;200;147m [38;2;204;186;139;48;2;221;201;150m▝[38;2;177;141;72;48;2;204;186;139m▔[38;2;199;178;132;48;2;179;155;113m▆[38;2;186;167;125;48;2;185;85;19m▆[38;2;189;165;126;48;2;177;77;18m▅[38;2;168;146;130;48;2;145;65;18m▃[48;2;89;44;11m [48;2;51;30;10m [48;2;50;29;10m [48;2;51;29;10m [38;2;49;27;12;48;2;50;29;10m▝[38;2;135;56;12m▔[48;2;51;33;12m [48;2;52;31;11m [48;2;52;30;12m [48;2;51;30;12m [48;2;51;29;13m [48;2;49;28;9m [38;2;126;49;18;48;2;49;28;8m▗[48;2;49;24;14m [48;2;49;29;12m [38;2;49;32;14;48;2;171;70;18m▅[38;2;52;28;20;48;2;174;78;15m▖[48;2;177;79;22m [38;2;179;84;15;48;2;177;82;19m▁[38;2;178;81;17;48;2;178;80;21m▅[38;2;180;84;17;48;2;177;80;19m▂[38;2;178;83;22;48;2;179;84;17m▀[48;2;178;84;13m [38;2;161;70;8;48;2;8;0;0m▖[48;2;8;2;1m [38;2;8;1;0;48;2;6;1;0m▀[48;2;6;2;0m [48;2;6;0;0m [38;2;94;33;0;48;2;178;80;21m▏[48;2;180;82;19m [38;2;182;86;15;48;2;179;83;19m▂[38;2;183;88;18;48;2;178;80;20m▂[38;2;183;87;19;48;2;179;84;19m▂[38;2;182;86;20;48;2;179;83;23m▃[38;2;183;88;18;48;2;177;81;21m▂[38;2;183;87;19;48;2;179;84;22m▂[38;2;180;83;19;48;2;178;82;22m▅[38;2;182;87;19;48;2;179;84;21m▂[48;2;176;81;22m▂[48;2;177;80;22m▂[38;2;181;86;18;48;2;177;83;22m▂[38;2;180;87;19;48;2;178;82;19m▁[38;2;180;87;20;48;2;178;83;24m▂[38;2;180;85;19;48;2;177;79;22m▃[0m
[38;2;177;85;10;48;2;177;86;16m▂[38;2;177;88;10;48;2;174;87;14m▂[38;2;12;7;1;48;2;176;89;13m▗[48;2;1;2;0m [48;2;1;1;0m [38;2;1;0;1m▁ [48;2;3;0;0m [48;2;176;85;10m [38;2;177;86;12;48;2;176;84;14m▅[38;2;178;86;12;48;2;176;83;13m▃[38;2;178;86;10;48;2;177;84;15m▃[48;2;177;84;14m▃[38;2;179;86;12;48;2;178;87;15m▃[38;2;180;86;12;48;2;177;83;13m▅[38;2;180;88;13;48;2;181;87;10m▗[38;2;179;88;15m▀[38;2;181;88;12;48;2;179;87;15m▃[38;2;182;88;14;48;2;179;88;15m▃[38;2;184;88;12;48;2;181;87;13m▂[48;2;179;84;13m [38;2;58;13;4;48;2;177;76;8m▂[38;2;184;81;6;48;2;36;10;1m▁[38;2;181;83;6;48;2;35;11;0m▃[38;2;180;82;11;48;2;35;8;0m▆[48;2;179;81;12m [38;2;178;83;9;48;2;178;80;13m▆[48;2;182;88;11m [38;2;178;88;17;48;2;104;34;0m▊[38;2;142;60;5;48;2;38;16;0m▝[48;2;30;8;0m [48;2;30;10;0m [48;2;31;8;0m [38;2;180;82;3;48;2;32;10;1m▗[48;2;178;83;2m [38;2;42;14;0;48;2;178;83;10m▐[48;2;35;13;1m [48;2;35;12;0m [38;2;106;37;0m▗[48;2;36;11;1m [48;2;35;10;1m [38;2;31;9;0;48;2;35;11;0m▔[38;2;174;81;10;48;2;34;9;1m▝[48;2;179;81;10m [48;2;178;86;8m [48;2;180;86;9m [48;2;179;85;9m [38;2;136;69;10;48;2;171;84;12m▘[38;2;163;84;15;48;2;173;88;15m▏[38;2;176;89;17;48;2;177;91;17m▔[48;2;177;92;17m▔[48;2;177;93;17m [38;2;170;162;134;48;2;177;93;19m▗[38;2;170;161;127;48;2;170;158;115m▘[38;2;175;154;114;48;2;172;149;102m▀[38;2;153;105;63;48;2;175;148;107m▗[38;2;98;63;26;48;2;155;116;69m▁[48;2;159;116;71m [38;2;99;68;34;48;2;148;103;57m▁[38;2;137;93;46;48;2;119;77;34m▊[38;2;109;71;35;48;2;88;58;24m▀[48;2;76;45;13m [48;2;76;45;15m [38;2;77;42;1;48;2;79;44;3m▖[38;2;76;41;0;48;2;78;43;0m▂[38;2;75;39;2;48;2;79;44;0m▆[48;2;75;41;0m [38;2;72;38;0;48;2;76;40;0m▂[38;2;70;38;1;48;2;73;39;1m▂[38;2;70;36;0;48;2;66;34;0m▀[38;2;65;33;1;48;2;66;34;2m▗[38;2;61;29;2;48;2;65;33;1m▁[38;2;55;24;3;48;2;65;35;2m▃[38;2;63;32;0;48;2;52;20;0m▀[38;2;63;30;4;48;2;46;18;1m▀[38;2;59;28;6;48;2;41;14;2m▀[38;2;22;6;0;48;2;54;24;0m▂[38;2;22;6;1;48;2;55;22;2m▃[38;2;29;12;3;48;2;57;25;2m▃[38;2;29;9;1;48;2;59;25;0m▂[38;2;42;14;0;48;2;62;28;2m▃[38;2;44;13;8;48;2;65;32;2m▃[38;2;70;33;2;48;2;56;22;1m▀[38;2;58;25;1;48;2;73;35;2m▃[38;2;66;28;1;48;2;85;45;2m▃[38;2;70;32;0;48;2;90;46;1m▂[38;2;78;38;2;48;2;92;46;0m▁[38;2;90;46;3;48;2;93;47;2m▁[38;2;89;46;0;48;2;93;49;5m▁[38;2;92;49;3;48;2;85;43;0m▏[38;2;89;46;0;48;2;87;43;3m▕[48;2;88;49;6m [38;2;95;49;0;48;2;98;53;1m▏[38;2;107;62;2;48;2;100;57;5m▃[38;2;100;57;4;48;2;108;61;6m▀[48;2;107;63;9m [38;2;104;61;12;48;2;108;65;17m▍[38;2;118;73;21;48;2;113;67;14m▀[38;2;120;75;23;48;2;125;77;27m▍[38;2;128;81;25;48;2;127;81;27m▅[38;2;139;95;45;48;2;134;86;31m▝[38;2;141;100;54;48;2;134;93;44m▔[38;2;145;100;50;48;2;161;134;103m▆[38;2;156;123;84;48;2;164;141;111m▞[48;2;154;114;70m [48;2;146;106;65m [48;2;160;118;75m [38;2;156;114;76;48;2;209;187;131m▃[48;2;219;204;156m [38;2;226;211;161;48;2;228;206;150m▀[48;2;228;206;154m [38;2;219;200;149;48;2;226;203;154m▐[38;2;200;180;136;48;2;213;191;138m▐[38;2;190;171;128;48;2;198;180;135m▝[48;2;187;165;119m [48;2;176;157;116m [38;2;155;82;31;48;2;174;152;113m▔[38;2;169;155;121;48;2;82;40;10m▁[48;2;54;31;10m [48;2;50;29;10m [38;2;49;29;9m▖[38;2;48;29;9m▗ [38;2;142;56;8;48;2;51;31;12m▗[38;2;53;31;8;48;2;163;71;8m▀[38;2;171;78;12;48;2;65;33;13m▅[38;2;104;47;12;48;2;173;78;9m▝[38;2;176;80;10;48;2;48;26;12m▆[38;2;177;80;10;48;2;92;47;3m▅[38;2;89;40;9;48;2;175;81;9m▔[38;2;53;32;10;48;2;179;81;12m▀[38;2;180;84;6;48;2;53;31;15m▃[38;2;180;85;8;48;2;54;33;12m▂[38;2;184;92;8;48;2;63;31;14m▁[48;2;179;80;15m [38;2;185;89;12;48;2;181;86;15m▅[38;2;187;91;14;48;2;183;91;14m▃[38;2;187;90;13;48;2;183;88;12m▃[38;2;188;91;12;48;2;182;88;14m▃[38;2;50;25;0;48;2;184;92;19m▕[48;2;6;1;0m  [38;2;6;0;0;48;2;5;1;0m▝[38;2;7;1;0m▝[38;2;142;57;6;48;2;4;1;3m▝[48;2;187;90;14m [38;2;194;95;16;48;2;186;88;13m▃[38;2;195;96;16;48;2;187;90;17m▃[38;2;199;96;15;48;2;188;91;16m▂[38;2;196;97;18;48;2;188;90;17m▃[38;2;196;96;17;48;2;187;90;16m▃[38;2;200;97;16;48;2;190;90;16m▂[38;2;199;97;16;48;2;189;91;16m▂[38;2;195;97;18;48;2;187;90;18m▃[38;2;193;96;16;48;2;186;90;18m▃[38;2;192;95;16;48;2;185;89;18m▃[38;2;191;95;18m▃[38;2;190;94;17;48;2;185;88;17m▂[38;2;192;93;13;48;2;184;88;17m▂[38;2;188;93;17;48;2;182;87;15m▃[0m
[38;2;177;87;8;48;2;177;89;12m▀[48;2;175;74;2m [48;2;1;0;4m [48;2;1;0;1m [48;2;1;1;0m [48;2;1;0;1m [48;2;1;0;0m [38;2;2;1;1;48;2;175;85;9m▍[38;2;178;88;6;48;2;178;88;8m▃[38;2;181;89;5;48;2;178;88;11m▃[38;2;178;86;10;48;2;180;89;6m▀[38;2;179;87;7;48;2;182;89;6m▀[38;2;181;89;10;48;2;184;90;8m▀[38;2;187;92;4;48;2;182;89;8m▃[38;2;189;91;3;48;2;184;91;8m▃[38;2;193;97;6;48;2;186;92;8m▂[38;2;194;98;7;48;2;187;92;8m▃[38;2;195;98;5;48;2;188;93;8m▃[38;2;189;93;8;48;2;195;96;4m▀[38;2;186;94;13;48;2;192;95;9m▔[48;2;192;94;8m [48;2;190;92;5m [38;2;193;94;6;48;2;186;92;6m▅[38;2;185;89;8;48;2;193;96;7m▀[38;2;187;87;8;48;2;192;95;4m▀[38;2;192;95;4;48;2;187;89;9m▃[38;2;185;88;9;48;2;189;95;11m▀[48;2;185;89;9m [38;2;182;88;10;48;2;31;7;1m▘[48;2;31;9;4m [48;2;32;8;1m [38;2;182;80;4;48;2;32;8;0m▕[48;2;184;90;1m [48;2;184;90;4m [38;2;184;88;2;48;2;190;91;3m▀[48;2;186;91;0m [48;2;37;13;0m [38;2;41;14;0;48;2;38;12;0m▖[38;2;37;13;0;48;2;99;35;1m▊[38;2;112;43;0;48;2;192;94;9m▝[38;2;182;69;0;48;2;40;12;0m▖[38;2;41;12;0;48;2;38;12;0m▂[48;2;38;13;3m [48;2;39;13;1m [38;2;55;21;1;48;2;187;90;8m▖[38;2;186;89;8;48;2;193;94;4m▀[38;2;188;92;6;48;2;184;86;8m▅[38;2;180;94;10;48;2;184;95;7m▀[38;2;181;94;8;48;2;179;94;13m▅[38;2;179;94;9;48;2;179;95;11m▃[48;2;178;94;8m [38;2;177;96;13;48;2;172;160;124m▘[48;2;174;158;121m [38;2;176;161;122;48;2;175;157;118m▍[38;2;150;106;68;48;2;173;152;107m▕[48;2;157;118;79m [48;2;156;118;76m [38;2;154;113;69;48;2;143;101;55m▏[38;2;145;106;64;48;2;138;96;52m▔[38;2;122;86;46;48;2;105;69;32m▊[38;2;93;62;28;48;2;79;49;17m▏[48;2;71;41;6m [38;2;76;41;0;48;2;79;44;1m▅[38;2;68;34;0;48;2;77;41;0m▅[38;2;66;34;1;48;2;73;38;1m▅[38;2;65;33;1;48;2;72;39;1m▅[38;2;66;33;0;48;2;71;36;1m▅[48;2;68;36;2m [38;2;63;31;3;48;2;68;36;1m▂[38;2;57;24;0;48;2;63;31;2m▁[38;2;53;23;1;48;2;58;32;0m▅[38;2;55;23;0;48;2;45;14;1m▀[38;2;27;11;1;48;2;46;17;2m▂[38;2;40;13;2;48;2;16;7;3m▀[38;2;47;26;3;48;2;20;7;2m▂[38;2;17;6;0;48;2;47;20;0m▀[38;2;68;38;0;48;2;10;2;0m▆[38;2;216;181;47;48;2;89;60;6m▁[38;2;158;107;0;48;2;199;150;44m▀[38;2;204;152;22;48;2;7;0;0m▆[48;2;17;9;1m [38;2;8;5;0;48;2;23;8;1m▃[38;2;15;12;6;48;2;30;11;1m▅[38;2;16;8;6;48;2;42;13;0m▆[38;2;19;5;0;48;2;44;17;0m▅[38;2;54;22;3;48;2;22;3;0m▀[38;2;59;24;2;48;2;31;8;2m▀[38;2;65;29;1;48;2;34;15;0m▀[38;2;179;145;43;48;2;69;34;0m▁[38;2;144;125;16;48;2;81;39;0m▖[38;2;141;94;3;48;2;74;41;4m▅[38;2;84;45;8;48;2;158;111;1m▀[38;2;163;102;4;48;2;90;48;1m▃[38;2;222;184;36;48;2;105;61;1m▁[48;2;122;68;0m [38;2;139;80;18;48;2;128;76;15m▃[38;2;140;87;23;48;2;128;79;23m▂[38;2;137;88;22;48;2;126;79;22m▂[38;2;124;76;22;48;2;128;82;29m▏[48;2;126;78;22m [38;2;127;80;23;48;2;132;84;28m▖[48;2;135;89;36m [38;2;140;93;43;48;2;140;93;37m▞[48;2;145;102;50m [38;2;149;108;60;48;2;164;126;95m▖[38;2;162;128;94;48;2;157;113;68m▖[38;2;157;116;68;48;2;156;110;63m▔[38;2;160;119;80;48;2;156;109;61m▀[38;2;219;205;151;48;2;156;114;73m▝[48;2;219;204;141m [38;2;224;197;133;48;2;225;205;154m▂[38;2;215;197;141;48;2;226;207;160m▅[38;2;190;150;83;48;2;215;193;145m▁[38;2;161;119;60;48;2;210;185;130m▂[38;2;143;105;59;48;2;186;164;122m▃[38;2;138;101;56;48;2;176;155;115m▃[38;2;131;102;56;48;2;163;149;106m▂[38;2;134;106;62;48;2;172;150;112m▃[38;2;89;40;10;48;2;156;142;107m▝[48;2;49;29;9m [48;2;49;30;10m [38;2;147;67;6;48;2;49;28;9m▁[48;2;49;32;14m [38;2;44;31;8;48;2;49;28;10m▔[48;2;47;29;10m [38;2;46;27;8;48;2;163;69;5m▆[38;2;47;28;6;48;2;176;79;7m▃[48;2;179;84;10m [38;2;183;86;7;48;2;180;85;9m▂[38;2;185;89;5;48;2;180;86;7m▃[38;2;187;92;5;48;2;183;86;6m▃[38;2;183;84;8;48;2;189;93;5m▀[38;2;186;88;5;48;2;191;92;3m▀[38;2;191;93;6;48;2;195;96;3m▀[38;2;197;97;3;48;2;185;91;9m▅[38;2;199;96;3;48;2;192;90;9m▅[38;2;202;98;5;48;2;192;93;9m▅[38;2;202;100;7;48;2;194;94;8m▅[38;2;195;96;9;48;2;202;99;7m▀[38;2;204;102;7;48;2;196;96;8m▆[38;2;196;91;1;48;2;8;3;1m▖[38;2;5;1;1;48;2;6;1;0m▊[48;2;5;0;1m [38;2;6;1;1;48;2;4;1;0m▔[38;2;5;0;0;48;2;4;0;0m▞[38;2;196;99;7;48;2;7;0;2m▝[48;2;206;99;12m [38;2;203;100;14;48;2;211;110;14m▀[38;2;205;103;12;48;2;211;112;12m▀[38;2;206;102;14;48;2;213;111;14m▀[38;2;206;101;13m▀[48;2;213;113;12m▀[38;2;206;102;14;48;2;213;115;16m▀[38;2;205;102;14;48;2;212;116;16m▀[38;2;203;100;13;48;2;212;118;17m▀[38;2;202;100;14;48;2;211;116;18m▀[38;2;209;117;17;48;2;201;102;14m▃[38;2;209;117;19;48;2;201;100;14m▃[38;2;207;116;19;48;2;198;100;10m▃[38;2;204;113;17;48;2;198;98;13m▃[0m
[38;2;177;87;4;48;2;177;87;4m [38;2;167;72;7;48;2;3;0;1m▘[48;2;1;0;1m    [38;2;154;65;6;48;2;1;0;0m▕[48;2;182;96;3m [38;2;186;97;2;48;2;181;91;6m▅[38;2;188;99;1;48;2;182;91;6m▅[38;2;184;92;6;48;2;193;100;2m▀[38;2;194;101;0;48;2;186;92;3m▅[38;2;198;103;2;48;2;189;93;4m▅[38;2;202;105;1;48;2;193;97;4m▅[38;2;205;106;2;48;2;195;98;4m▅[38;2;208;108;1;48;2;199;101;6m▅[38;2;210;110;4;48;2;201;101;4m▅[38;2;211;110;2;48;2;201;101;3m▅[38;2;212;110;2;48;2;203;102;5m▅[38;2;212;110;0m▅[38;2;210;110;1;48;2;202;103;6m▅[38;2;211;110;2;48;2;200;98;3m▅▅[38;2;210;109;2;48;2;200;97;3m▅[38;2;206;104;3;48;2;199;96;3m▅[38;2;211;110;2;48;2;201;99;6m▃[38;2;39;8;1;48;2;198;96;6m▗[48;2;32;9;6m [48;2;31;10;3m [38;2;57;18;1;48;2;173;76;1m▘[38;2;207;101;7;48;2;44;14;3m▗[48;2;202;102;2m [38;2;206;103;1;48;2;194;101;0m▅[38;2;206;102;0;48;2;196;94;4m▅[38;2;206;103;1;48;2;198;94;3m▅[38;2;209;106;1;48;2;196;99;3m▅[38;2;59;27;0;48;2;205;96;3m▝[48;2;53;19;0m [38;2;49;9;3;48;2;68;27;2m▊[38;2;163;63;0;48;2;208;103;1m▏[48;2;209;110;0m [38;2;212;92;4;48;2;44;14;6m▃[38;2;194;97;1;48;2;78;31;7m▞[48;2;45;14;0m [38;2;169;69;5;48;2;54;25;2m▕[48;2;201;102;0m [38;2;198;105;6;48;2;194;99;4m▅[38;2;191;101;6;48;2;187;99;7m▅[38;2;186;99;7;48;2;184;95;7m▂[48;2;179;97;8m [38;2;179;95;9;48;2;175;167;126m▘[48;2;178;160;123m [38;2;178;163;122;48;2;183;166;125m▀[38;2;176;164;122;48;2;186;171;127m▀[38;2;162;121;76;48;2;185;170;127m▐[38;2;168;134;95;48;2;161;126;86m▗[38;2;164;129;90;48;2;157;122;82m▍[38;2;154;111;67;48;2;142;99;55m▍[38;2;141;99;55;48;2;137;96;49m▍[38;2;127;85;43;48;2;105;70;33m▊[38;2;100;67;31;48;2;84;51;19m▏[38;2;81;48;12;48;2;76;41;2m▏[38;2;66;34;1;48;2;73;40;0m▗[38;2;67;34;0;48;2;62;31;0m▘[38;2;63;29;0;48;2;51;24;1m▀[38;2;47;20;1;48;2;57;27;0m▅[38;2;48;19;2;48;2;58;28;0m▅[38;2;45;19;2;48;2;62;29;0m▅[38;2;55;21;1;48;2;40;15;2m▀[38;2;33;14;4;48;2;52;22;2m▅[38;2;42;15;0;48;2;19;7;0m▀[38;2;12;4;0;48;2;28;15;3m▞[38;2;15;5;0;48;2;38;23;8m▀[38;2;69;45;7;48;2;39;18;5m▁[38;2;241;247;177;48;2;54;28;0m▁[38;2;77;47;0;48;2;212;176;66m▀[38;2;239;215;92;48;2;160;115;19m▃[48;2;239;195;45m [48;2;222;195;37m [38;2;220;189;40;48;2;190;125;0m▘[38;2;184;114;5;48;2;64;28;0m▏[38;2;212;154;0;48;2;96;48;0m▆[38;2;232;177;27;48;2;81;31;1m▆[38;2;223;167;18;48;2;94;64;3m▅[38;2;215;155;8;48;2;61;26;9m▅[38;2;186;126;2;48;2;25;8;1m▅[38;2;167;100;3;48;2;11;5;0m▅[38;2;167;99;3;48;2;15;8;0m▃[48;2;239;206;24m [38;2;236;215;107;48;2;140;77;4m▏[48;2;175;124;6m [38;2;239;231;159;48;2;177;121;8m▗[48;2;161;108;7m [48;2;176;106;6m [38;2;223;211;41;48;2;192;137;16m▘[38;2;225;231;203;48;2;128;80;14m▖[38;2;207;147;18;48;2;127;75;14m▂[38;2;198;151;21;48;2;127;77;7m▂[38;2;183;134;21;48;2;129;79;14m▁[48;2;131;84;26m [38;2;131;83;25;48;2;131;80;21m▝[38;2;137;89;26;48;2;135;84;22m▕[38;2;145;96;30;48;2;146;100;39m▖[48;2;145;97;42m [48;2;145;104;52m [38;2;162;128;93;48;2;153;114;73m▘[38;2;154;111;66;48;2;152;108;63m▃[38;2;155;108;64;48;2;153;108;61m▔[38;2;154;107;61;48;2;141;99;54m▍[38;2;188;164;121;48;2;136;107;76m▝[38;2;118;67;0;48;2;193;152;84m▃[38;2;102;33;9;48;2;204;163;103m▅[48;2;153;113;55m [48;2;204;165;102m [38;2;188;140;89;48;2;106;63;23m▅[48;2;177;127;75m [48;2;131;96;55m [38;2;55;27;8;48;2;124;105;57m▖[48;2;122;95;57m [38;2;59;38;14;48;2;119;95;65m▝[48;2;47;29;10m [38;2;162;80;4;48;2;56;31;6m▝[38;2;180;99;4;48;2;71;39;10m▅[38;2;182;95;2;48;2;49;28;7m▃[48;2;48;28;8m [38;2;48;31;6;48;2;48;32;11m▂[48;2;48;29;7m [38;2;169;71;0;48;2;49;30;11m▝[38;2;75;42;8;48;2;186;86;6m▖[38;2;200;118;15;48;2;190;92;4m▃[38;2;202;120;14;48;2;194;93;3m▃[38;2;206;127;13;48;2;197;97;4m▃[38;2;197;97;3;48;2;207;128;13m▀[38;2;202;102;5;48;2;210;129;12m▀[38;2;214;137;19;48;2;207;104;5m▃[38;2;207;105;4;48;2;215;139;18m▀[38;2;209;107;5;48;2;217;140;21m▀[38;2;211;110;8;48;2;216;140;20m▀[38;2;218;143;25;48;2;212;114;10m▃[38;2;213;111;4;48;2;218;148;25m▀[38;2;117;67;5;48;2;217;135;18m▝[48;2;5;1;2m [38;2;4;0;0;48;2;4;1;0m▂   [38;2;1;0;0;48;2;207;110;13m▖[38;2;217;130;21;48;2;220;157;31m▀[38;2;217;131;18;48;2;221;162;34m▀[48;2;221;163;35m▀[38;2;217;133;23;48;2;221;166;36m▀[38;2;216;135;21;48;2;219;167;37m▀[38;2;217;138;23;48;2;221;168;39m▀[38;2;217;139;26;48;2;219;171;41m▀[38;2;217;138;23;48;2;219;170;42m▀[38;2;215;137;24;48;2;220;173;44m▀[38;2;216;138;26;48;2;220;171;43m▀[38;2;215;141;27;48;2;219;171;43m▀[38;2;214;140;27;48;2;217;169;43m▀[38;2;217;160;32;48;2;212;128;18m▅[0m
[38;2;177;92;7;48;2;8;4;0m▘[38;2;1;0;3;48;2;1;0;1m▔[48;2;1;1;0m [38;2;1;0;0;48;2;1;0;1m▘ [38;2;3;0;0;48;2;1;0;0m▖[38;2;2;1;1;48;2;189;106;1m▍[38;2;198;108;2;48;2;192;104;4m▃[38;2;203;109;1;48;2;194;105;3m▃[38;2;206;111;1;48;2;197;106;2m▃[38;2;207;111;1;48;2;199;108;1m▅[38;2;211;115;0;48;2;204;110;1m▃[38;2;213;116;0;48;2;207;112;1m▃[38;2;215;118;0;48;2;211;114;1m▃[38;2;217;116;1;48;2;212;115;4m▅[38;2;218;117;1;48;2;213;116;4m▅[38;2;218;118;1;48;2;215;117;1m▅[38;2;220;118;1;48;2;216;116;1m▅[48;2;217;116;1m▆[38;2;220;119;1;48;2;217;116;2m▆[38;2;217;117;1;48;2;219;120;0m▀[38;2;218;120;2;48;2;217;117;4m▅[38;2;217;114;2;48;2;219;120;0m▀[38;2;216;113;1;48;2;219;120;1m▀[48;2;218;116;1m [38;2;37;10;0;48;2;214;111;2m▗[48;2;35;7;0m [38;2;126;52;0;48;2;34;10;0m▁[38;2;106;43;1;48;2;215;116;0m▏[48;2;216;109;0m [48;2;217;113;1m [38;2;218;116;1;48;2;213;108;2m▅[38;2;214;110;1;48;2;219;118;1m▀[38;2;214;111;1;48;2;218;119;0m▀[38;2;214;111;4;48;2;218;118;1m▀[38;2;215;112;0;48;2;219;119;1m▀[48;2;216;102;5m [48;2;52;18;0m [48;2;53;19;0m [38;2;200;91;4;48;2;218;115;6m▏[38;2;216;113;0;48;2;219;122;2m▀[38;2;220;126;1;48;2;217;118;6m▃[38;2;69;23;0;48;2;218;122;11m▝[48;2;64;23;1m [38;2;151;94;6;48;2;91;48;1m▗[38;2;142;85;4;48;2;204;116;7m▏[38;2;198;144;24;48;2;202;116;6m▃[38;2;190;142;27;48;2;192;115;12m▃[48;2;186;121;10m [38;2;177;103;3;48;2;186;165;123m▘[38;2;181;160;104;48;2;180;163;130m▃[38;2;185;159;101;48;2;189;170;125m▂[38;2;188;160;101;48;2;189;169;122m▗[38;2;187;156;91;48;2;187;168;118m▅[38;2;210;181;127;48;2;180;142;83m▁[38;2;187;150;108;48;2;177;143;93m▗[38;2;170;134;94;48;2;181;147;108m▀[38;2;165;124;82;48;2;153;110;65m▍[38;2;145;100;54;48;2;140;92;48m▏[38;2;133;90;45;48;2;120;80;40m▊[38;2;120;81;43;48;2;97;63;30m▖[38;2;90;59;23;48;2;65;33;3m▏[38;2;65;33;0;48;2;53;25;0m▘[38;2;36;14;4;48;2;50;23;1m▃[38;2;41;17;1;48;2;32;10;2m▀[48;2;33;12;2m [38;2;162;123;25;48;2;31;8;0m▂[38;2;35;15;2;48;2;229;194;77m▀[38;2;237;227;118;48;2;24;12;4m▆[38;2;244;237;143;48;2;18;0;0m▆[38;2;240;235;156;48;2;11;2;1m▅[38;2;245;231;99;48;2;49;24;0m▃[38;2;171;101;15;48;2;53;21;7m▂[38;2;232;166;38;48;2;141;103;27m▗[48;2;239;183;36m [38;2;247;253;249;48;2;235;193;55m▁[48;2;228;174;32m [38;2;231;224;146;48;2;224;148;12m▝[38;2;221;209;159;48;2;194;136;3m▁[38;2;202;175;72;48;2;203;136;3m▃[38;2;248;252;204;48;2;3;1;4m▆[38;2;151;82;0;48;2;241;236;169m▔[38;2;229;194;47;48;2;245;250;156m▔[48;2;223;201;91m [38;2;209;143;5;48;2;228;199;34m▝[38;2;21;2;0;48;2;198;128;6m▆[38;2;16;7;2;48;2;178;111;1m▅[38;2;159;98;0;48;2;12;3;6m▀[38;2;43;0;7;48;2;235;221;27m▖[38;2;248;212;44;48;2;247;226;174m▞[48;2;203;144;14m [48;2;188;126;13m [38;2;248;236;151;48;2;165;114;31m▘[38;2;201;159;24;48;2;190;129;12m▖[38;2;191;127;5;48;2;224;215;98m▀[38;2;195;139;18;48;2;233;176;25m▐[38;2;191;137;14;48;2;171;106;7m▅[38;2;193;134;15;48;2;184;126;13m▂[48;2;175;121;16m [38;2;129;81;33;48;2;174;114;7m▔[38;2;166;116;15;48;2;136;86;43m▂[48;2;133;84;29m [48;2;146;96;33m [38;2;142;94;38;48;2;144;97;40m▝[48;2;150;101;46m [38;2;157;120;83;48;2;153;107;64m▊[38;2;149;107;63;48;2;151;106;66m▃[38;2;149;105;62;48;2;145;101;55m▖[38;2;133;93;51;48;2;144;98;53m▕[48;2;122;88;49m [38;2;25;13;5;48;2;163;126;87m▝[48;2;210;150;82m [38;2;219;162;89;48;2;186;124;61m▀[38;2;207;147;84;48;2;174;114;52m▀[38;2;172;114;60;48;2;189;132;70m▃[48;2;177;122;75m [48;2;167;120;67m [38;2;65;43;23;48;2;143;95;52m▝[38;2;110;86;41;48;2;63;31;4m▀[38;2;103;77;33;48;2;124;93;50m▁[38;2;131;99;50;48;2;172;124;76m▞[48;2;57;32;7m [38;2;184;110;11;48;2;55;35;16m▐[38;2;197;134;16;48;2;187;113;6m▅[48;2;194;133;14m [38;2;205;154;28;48;2;53;34;8m▃[38;2;57;42;11;48;2;182;96;7m▘[38;2;115;64;7;48;2;57;37;9m▏[48;2;60;34;18m [38;2;123;79;11;48;2;206;145;20m▖[38;2;214;168;35;48;2;207;145;22m▅[38;2;210;151;24;48;2;217;171;33m▀[38;2;218;174;38;48;2;213;149;23m▅[38;2;215;156;27;48;2;219;178;41m▀[38;2;219;180;41;48;2;217;157;27m▅[38;2;219;182;44;48;2;218;158;30m▅[38;2;220;182;47;48;2;219;164;33m▅[38;2;220;183;46;48;2;220;165;34m▅[38;2;221;183;46;48;2;219;165;34m▅[48;2;220;166;36m▅[38;2;221;183;49;48;2;220;171;35m▅[38;2;221;160;24;48;2;5;1;1m▍[38;2;1;1;0;48;2;4;2;1m▂[48;2;4;1;0m ▂ [48;2;4;1;3m [38;2;98;60;0;48;2;221;172;45m▏[38;2;222;188;51;48;2;221;180;45m▆[38;2;222;188;54;48;2;222;185;46m▅[38;2;222;189;54;48;2;220;182;49m▅[38;2;221;189;54;48;2;222;183;50m▆[38;2;221;189;58;48;2;222;184;53m▆[38;2;221;191;58;48;2;220;183;51m▆[38;2;221;190;53;48;2;221;189;59m▂[38;2;222;189;53;48;2;222;190;61m▂[38;2;222;188;51;48;2;221;191;63m▂[38;2;221;189;53m▂[38;2;222;191;53;48;2;221;193;61m▂[38;2;222;186;49;48;2;221;189;53m▁[0m
[38;2;1;0;1;48;2;1;0;1m  [48;2;0;0;0m  [48;2;1;0;3m [48;2;1;0;1m [48;2;206;118;0m [38;2;210;117;0;48;2;214;124;2m▀[38;2;216;127;0;48;2;210;119;0m▃[38;2;217;128;0;48;2;213;120;0m▃[38;2;219;129;0;48;2;215;122;0m▃[38;2;219;131;0;48;2;217;123;0m▃[38;2;220;131;0;48;2;218;123;0m▃[38;2;221;131;0;48;2;220;123;1m▃[38;2;220;124;0;48;2;222;130;0m▀[38;2;222;130;0;48;2;221;125;0m▃[38;2;222;132;0m▃[38;2;221;125;0;48;2;222;132;0m▀[38;2;222;125;0m▀[38;2;222;130;1;48;2;221;125;1m▃▃[48;2;222;125;3m▃[38;2;222;129;1;48;2;222;125;1m▃[38;2;221;126;2;48;2;221;129;0m▘[38;2;35;10;0;48;2;202;100;1m▗[48;2;39;12;0m [38;2;199;95;0;48;2;36;12;1m▕[48;2;221;121;3m [38;2;221;120;0;48;2;221;132;0m▀[38;2;221;123;1;48;2;222;134;0m▀[38;2;221;124;1;48;2;222;135;4m▀[38;2;222;138;1;48;2;221;124;1m▃[38;2;221;125;1;48;2;222;140;4m▀[38;2;221;129;2;48;2;221;143;4m▀[38;2;221;130;4;48;2;222;143;6m▀[48;2;221;148;10m▀[38;2;221;133;5;48;2;221;152;10m▀[38;2;210;120;4;48;2;49;15;0m▏[38;2;221;132;4;48;2;49;17;7m▐[38;2;221;136;4;48;2;222;157;15m▀[38;2;220;142;7;48;2;221;161;20m▀[38;2;221;143;7;48;2;220;162;19m▀[38;2;219;148;4;48;2;217;167;23m▀[38;2;142;90;10;48;2;217;159;22m▝[38;2;158;132;34;48;2;120;95;20m▐[38;2;189;150;32;48;2;203;176;53m▘[38;2;201;165;41;48;2;198;179;63m▀[38;2;187;182;150;48;2;190;163;46m▗[48;2;189;178;129m [38;2;169;141;84;48;2;193;173;126m▀[38;2;166;129;61;48;2;191;172;122m▀[38;2;175;140;74;48;2;199;172;109m▘[38;2;198;162;96;48;2;172;126;51m▀[38;2;176;128;58;48;2;203;176;105m▃[38;2;208;176;110;48;2;192;147;73m▀[38;2;203;160;101;48;2;188;145;102m▏[48;2;192;152;111m [38;2;160;115;67;48;2;177;137;97m▕[48;2;149;104;59m [48;2;142;98;54m [48;2;135;98;56m [38;2;51;24;4;48;2;124;89;48m▝[38;2;43;15;1;48;2;31;13;1m▀[48;2;25;6;1m [38;2;23;7;2;48;2;67;31;0m▀[48;2;88;53;0m [38;2;137;94;1;48;2;181;138;19m▊[38;2;203;156;23;48;2;227;187;66m▖[48;2;224;205;64m [38;2;246;236;115;48;2;247;241;143m▀[38;2;251;243;147;48;2;248;241;114m▂[48;2;251;236;97m [48;2;186;112;8m [48;2;211;167;23m [38;2;178;118;11;48;2;242;240;219m▅[38;2;247;251;250;48;2;210;144;7m▂[38;2;254;254;240;48;2;195;137;4m▃[38;2;240;226;138;48;2;162;100;0m▅[38;2;225;170;41;48;2;255;249;227m▂[38;2;246;220;115;48;2;245;252;208m▁[48;2;254;248;193m [48;2;255;246;119m [48;2;251;246;157m [38;2;247;247;160;48;2;251;247;147m▔[38;2;234;210;64;48;2;241;244;141m▝[48;2;246;254;124m [38;2;251;252;133;48;2;214;157;24m▏[48;2;214;158;22m [48;2;219;165;23m [38;2;34;5;10;48;2;232;168;19m▁[38;2;200;135;10;48;2;233;169;21m▕[48;2;193;132;8m [38;2;243;206;91;48;2;183;115;5m▂[38;2;238;204;40;48;2;170;108;0m▕[38;2;248;229;197;48;2;242;225;82m▝[38;2;228;226;125;48;2;209;144;32m▖[48;2;204;144;32m [48;2;196;137;19m [38;2;227;190;51;48;2;172;121;0m▍[48;2;181;130;9m [48;2;176;118;8m [38;2;183;124;16;48;2;137;93;52m▖[48;2;143;100;38m [38;2;154;106;50;48;2;150;98;32m▕[38;2;153;111;72;48;2;147;101;47m▗[38;2;159;117;77;48;2;150;108;66m▘[38;2;148;104;64;48;2;151;107;66m▅[38;2;138;96;55;48;2;135;90;47m▊[38;2;122;83;40;48;2;133;90;46m▗[38;2;110;70;37;48;2;112;82;48m▖[38;2;102;49;15;48;2;159;125;81m▐[38;2;138;80;29;48;2;104;54;12m▝[38;2;144;87;29;48;2;126;73;25m▔[48;2;138;89;43m [48;2;152;93;48m [38;2;170;113;60;48;2;159;104;57m▀[48;2;166;113;63m [38;2;147;96;54;48;2;164;113;63m▐[38;2;46;25;3;48;2;147;105;60m▐[38;2;74;48;11;48;2;101;74;35m▊[38;2;151;95;44;48;2;124;87;46m▐[38;2;78;53;8;48;2;193;122;9m▝[48;2;53;33;12m [38;2;205;135;27;48;2;55;33;12m▝[48;2;209;140;15m [38;2;215;125;4;48;2;210;148;14m▅[48;2;215;139;0m [38;2;64;42;13;48;2;216;143;6m▝[48;2;66;44;12m [38;2;189;120;10;48;2;66;40;12m▕[38;2;220;140;5;48;2;220;161;25m▃[38;2;218;167;28;48;2;221;146;7m▀[38;2;219;168;27;48;2;220;149;10m▀[38;2;222;149;10;48;2;221;169;31m▅[38;2;222;148;10;48;2;222;169;31m▅[38;2;222;170;33;48;2;222;147;9m▀[38;2;222;148;11;48;2;222;172;33m▅[38;2;222;171;35;48;2;222;149;13m▀[38;2;222;172;35;48;2;222;150;13m▀[38;2;222;151;13;48;2;222;171;36m▅[48;2;222;171;35m▅[38;2;4;11;1;48;2;221;146;9m▕[48;2;1;1;0m [38;2;4;1;0m▔  [48;2;1;1;1m [38;2;190;123;10;48;2;3;1;0m▝[48;2;222;161;21m [38;2;221;178;34;48;2;222;155;15m▀[38;2;221;178;35;48;2;222;156;15m▀[38;2;222;181;39m▀[38;2;221;178;39;48;2;221;156;15m▀[38;2;221;182;41;48;2;221;157;16m▀[38;2;222;181;41;48;2;222;158;19m▀[38;2;221;182;40;48;2;221;157;19m▀[38;2;222;181;40;48;2;221;158;19m▀[38;2;221;182;40m▀▀[48;2;222;182;46m [0m
[38;2;1;0;1;48;2;0;0;0m▊    [38;2;219;125;1;48;2;4;4;0m▗[38;2;220;134;0;48;2;215;127;0m▆[48;2;216;127;0m▆[38;2;221;135;0;48;2;217;128;0m▆[48;2;218;129;0m▆[38;2;222;135;0;48;2;219;130;0m▆[48;2;220;130;0m▆[48;2;221;130;0m▆[38;2;222;136;0m▆[48;2;222;129;1m▆[48;2;221;130;0m▆[38;2;221;136;0;48;2;222;131;0m▆[38;2;222;136;0;48;2;222;129;1m▆▆[38;2;222;136;1;48;2;222;131;0m▆[38;2;221;137;0m▆[38;2;222;136;1;48;2;222;129;1m▆[48;2;221;137;0m [38;2;221;133;0;48;2;46;24;0m▘[48;2;36;10;4m [38;2;153;82;1;48;2;35;13;1m▗[48;2;221;136;3m [48;2;222;136;0m [38;2;221;139;0;48;2;222;139;3m▝[38;2;221;137;0;48;2;222;141;1m▃[48;2;222;141;0m [38;2;222;147;4;48;2;222;142;0m▝[38;2;222;141;0;48;2;222;147;4m▃[38;2;221;143;1;48;2;221;148;8m▃[38;2;222;151;10;48;2;222;147;4m▀[38;2;222;154;13;48;2;218;147;1m▀[38;2;222;147;5;48;2;221;154;11m▂[38;2;220;146;0;48;2;67;36;4m▗[48;2;222;164;16m [38;2;221;165;18;48;2;221;152;5m▀[38;2;220;153;7;48;2;221;168;21m▃[38;2;221;168;24;48;2;219;157;12m▀[38;2;213;150;7;48;2;216;166;23m▃[38;2;211;157;11;48;2;208;163;28m▃[38;2;143;124;31;48;2;203;145;9m▝[38;2;198;158;31;48;2;199;182;65m▃[38;2;194;167;51;48;2;190;176;128m▊[38;2;147;114;52;48;2;178;147;87m▗[38;2;190;178;128;48;2;147;116;57m▃[38;2;201;181;128;48;2;153;114;49m▅[38;2;211;183;129;48;2;161;128;63m▆[38;2;190;144;78;48;2;208;183;121m▃[38;2;190;141;58;48;2;215;172;101m▃[38;2;208;172;99;48;2;112;74;26m▆[38;2;214;176;98;48;2;167;112;46m▅[38;2;162;99;50;48;2;188;143;74m▕[48;2;182;126;73m [48;2;188;150;112m [38;2;158;112;69;48;2;180;141;110m▝[38;2;159;127;93;48;2;145;104;61m▁[38;2;147;104;58;48;2;142;97;54m▅[38;2;148;102;57;48;2;134;94;52m▆[38;2;31;9;3;48;2;142;96;51m▝[38;2;103;74;34;48;2;58;30;0m▁[48;2;71;40;0m [38;2;110;69;1;48;2;86;46;3m▕[38;2;140;98;6;48;2;179;138;22m▍[38;2;212;173;47;48;2;235;230;118m▖[48;2;243;237;96m [48;2;243;245;163m [38;2;187;123;7;48;2;252;246;151m▁[38;2;246;222;99;48;2;194;126;0m▘[38;2;195;116;0;48;2;75;37;1m▘[38;2;254;252;251;48;2;86;33;2m▗[38;2;208;153;28;48;2;245;226;176m▃[38;2;250;252;241;48;2;231;201;87m▅[38;2;181;111;0;48;2;253;251;245m▔[48;2;253;254;248m [38;2;249;252;224;48;2;252;252;248m▁[38;2;241;217;95;48;2;250;246;247m▔[38;2;223;200;94m▔[38;2;219;193;44;48;2;247;230;186m▗[38;2;251;253;180;48;2;255;230;95m▗[38;2;237;188;49;48;2;254;249;155m▃[38;2;189;132;19;48;2;253;203;72m▃[38;2;227;181;43;48;2;249;226;156m▆[48;2;225;181;48m [38;2;233;189;58;48;2;108;67;5m▆[38;2;212;143;22;48;2;4;2;3m▆[38;2;3;6;0;48;2;195;130;2m▔[38;2;137;81;4;48;2;196;141;18m▂[38;2;81;37;0;48;2;178;109;14m▂[38;2;6;6;0;48;2;165;102;2m▃[38;2;146;87;0;48;2;244;188;32m▆[38;2;121;46;7;48;2;241;192;19m▖[48;2;205;141;25m [48;2;211;161;19m [48;2;192;137;9m [38;2;221;181;63;48;2;193;134;11m▐[38;2;227;228;128;48;2;157;104;0m▏[48;2;181;127;11m [48;2;171;124;7m [38;2;193;153;29;48;2;46;26;13m▊[38;2;80;56;22;48;2;154;108;58m▏[48;2;145;108;67m [48;2;146;104;59m [38;2;137;92;48;48;2;147;104;61m▆[38;2;123;79;39;48;2;127;85;44m▃[38;2;98;65;30;48;2;116;75;41m▗[38;2;100;69;39;48;2;129;97;58m▊[38;2;139;111;80;48;2;69;23;6m▘[38;2;223;186;145;48;2;93;40;2m▂[48;2;121;60;26m▂[48;2;142;92;52m [48;2;148;94;46m [38;2;152;99;53;48;2;157;102;53m▍[48;2;159;106;58m [48;2;155;108;63m [38;2;54;23;3;48;2;151;100;59m▕[38;2;68;41;11;48;2;96;65;26m▊[38;2;120;90;45;48;2;155;116;71m▊[38;2;193;149;113;48;2;200;111;2m▏[38;2;57;33;14;48;2;209;123;2m▝[48;2;57;38;11m [38;2;214;114;1;48;2;59;40;12m▝[48;2;218;127;1m [38;2;222;129;1;48;2;218;123;1m▅[38;2;221;130;0;48;2;221;131;0m▅[48;2;221;127;0m [38;2;66;39;14;48;2;221;121;4m▀[38;2;187;105;8;48;2;221;135;6m▏[38;2;222;137;1;48;2;222;129;1m▂[38;2;222;131;0;48;2;221;136;0m▀[38;2;220;132;0;48;2;222;136;0m▀[38;2;222;132;0;48;2;221;136;0m▀[38;2;222;136;0;48;2;222;132;0m▅[48;2;222;136;1m [38;2;222;136;1;48;2;222;132;0m▅[38;2;221;136;0m▅[38;2;222;136;1;48;2;221;131;0m▅[38;2;222;137;1;48;2;220;131;3m▅[48;2;222;141;0m [38;2;221;127;0;48;2;4;6;0m▏[48;2;1;0;0m [48;2;1;1;0m    [38;2;1;3;1;48;2;201;111;5m▖[48;2;221;136;1m [38;2;221;143;1;48;2;223;136;0m▔[38;2;221;142;4m▔[38;2;221;143;4m▔[38;2;223;141;1m▂▂[48;2;221;136;0m▃▃[38;2;222;141;1;48;2;221;137;0m▂[38;2;222;137;1;48;2;221;142;4m▆[38;2;6;1;4;48;2;222;141;1m▐[0m
[38;2;1;1;1;48;2;0;0;0m▘  [38;2;0;0;0;48;2;1;1;1m▊[48;2;1;1;0m [38;2;1;0;0;48;2;220;140;0m▏[38;2;222;141;0;48;2;222;140;0m▃[38;2;222;140;0;48;2;222;141;0m▀[38;2;222;141;0;48;2;222;140;0m▅[38;2;222;147;0;48;2;222;141;0m▁[48;2;222;141;1m▂▂[48;2;222;142;0m▂▂▂[48;2;222;141;0m▂[38;2;223;147;0m▂▂▂▃▃[48;2;222;138;1m [38;2;222;141;0;48;2;48;21;3m▘[48;2;36;13;4m [48;2;35;11;1m [38;2;57;28;1;48;2;222;138;0m▘[38;2;221;137;0;48;2;219;141;0m▀[38;2;222;141;0;48;2;222;136;0m▅[38;2;223;141;0;48;2;221;136;0m▅[38;2;222;141;0;48;2;222;137;1m▅[38;2;222;139;1;48;2;222;141;0m▘[38;2;222;143;1m▁[38;2;222;144;0m▁ [38;2;222;147;0m▁▁[48;2;222;141;1m  [38;2;221;145;0;48;2;222;142;1m▂[38;2;218;145;0;48;2;221;142;1m▂[38;2;216;143;0;48;2;219;144;2m▂[38;2;212;140;1;48;2;215;140;1m▗[38;2;212;138;1;48;2;208;134;0m▀[38;2;206;134;1;48;2;203;134;2m▘[38;2;195;132;1;48;2;201;138;6m▆[48;2;190;124;2m [38;2;189;140;23;48;2;184;168;129m▊[48;2;192;177;136m [38;2;198;188;146;48;2;196;178;126m▅[38;2;209;195;150;48;2;203;187;140m▆[38;2;224;207;157;48;2;218;205;154m▅[38;2;227;204;153;48;2;235;216;160m▘[38;2;240;222;164;48;2;229;212;153m▖[48;2;239;213;148m [38;2;171;133;65;48;2;237;206;148m▔[48;2;226;192;129m [38;2;231;208;129;48;2;167;113;64m▖[38;2;174;144;107;48;2;170;111;65m▝[38;2;158;112;62;48;2;182;147;115m▁[48;2;169;144;111m [38;2;170;146;124;48;2;150;109;70m▂[38;2;157;122;78;48;2;149;106;60m▂[38;2;145;102;55;48;2;153;106;64m▝[48;2;147;105;54m [38;2;155;108;56;48;2;77;37;0m▃[38;2;146;101;46;48;2;93;58;2m▁[38;2;105;59;0;48;2;159;114;11m▏[38;2;238;226;104;48;2;222;193;40m▐[38;2;106;45;0;48;2;238;237;176m▂[38;2;246;238;150;48;2;127;69;7m▀[48;2;153;94;8m [38;2;178;102;0;48;2;38;20;0m▘[38;2;192;137;1;48;2;53;27;0m▁[48;2;240;221;155m [48;2;248;249;244m [38;2;246;220;111;48;2;248;254;212m▕[38;2;248;250;249;48;2;241;203;79m▝[38;2;247;233;130;48;2;248;250;246m▅[38;2;228;195;43;48;2;245;246;180m▂[38;2;231;190;11;48;2;253;251;236m▖[48;2;251;247;243m [38;2;212;175;33;48;2;246;245;226m▝[38;2;158;108;24;48;2;240;204;65m▗[38;2;218;169;42;48;2;153;108;15m▅[48;2;220;176;54m [48;2;221;172;44m [48;2;227;183;51m [48;2;222;184;49m [48;2;223;177;46m [38;2;139;105;13;48;2;236;196;73m▝[38;2;81;47;1;48;2;225;164;44m▀[38;2;197;138;17;48;2;34;10;0m▆[38;2;195;135;30;48;2;76;37;1m▂[38;2;228;202;92;48;2;19;14;11m▆[38;2;184;130;9;48;2;12;1;0m▆[48;2;174;126;18m [38;2;163;109;2;48;2;214;157;25m▅[38;2;174;122;11;48;2;204;146;26m▖[48;2;163;110;0m [38;2;178;129;8;48;2;169;107;16m▃[48;2;160;110;7m [38;2;171;118;59;48;2;168;120;6m▂[48;2;173;116;8m [48;2;152;109;63m [38;2;153;110;67;48;2;145;100;54m▏[38;2;129;85;42;48;2;137;94;49m▂[38;2;117;81;38;48;2;126;84;43m▂[38;2;101;65;29;48;2;111;72;34m▖[48;2;98;69;42m [38;2;87;45;15;48;2;104;77;47m▞[38;2;134;84;29;48;2;178;121;75m▘[38;2;206;162;113;48;2;198;138;83m▝[38;2;189;128;71;48;2;221;178;131m▂[38;2;192;145;94;48;2;212;167;117m▗[48;2;184;133;85m [48;2;163;105;58m [38;2;159;104;55;48;2;160;107;61m▂[38;2;162;114;71;48;2;161;110;63m▐[38;2;191;165;130;48;2;169;122;82m▕[48;2;87;59;18m▏[38;2;121;85;44;48;2;168;131;90m▊[38;2;203;161;103;48;2;213;134;2m▏[38;2;215;140;6;48;2;215;131;1m▂[38;2;61;40;10;48;2;216;140;7m▐[48;2;59;36;7m [38;2;217;130;0;48;2;59;39;11m▝[48;2;222;130;5m [38;2;222;136;3;48;2;222;138;1m▝[38;2;221;141;1;48;2;221;136;0m▃[38;2;221;143;0;48;2;222;137;1m▂[38;2;222;147;1m▁[38;2;222;136;0;48;2;222;141;1m▀[38;2;221;136;0;48;2;223;141;1m▀[38;2;222;138;1m▀[48;2;223;142;0m▀[38;2;223;141;1;48;2;223;136;0m▅[38;2;223;138;0;48;2;221;141;0m▘[38;2;221;141;0;48;2;223;138;1m▅[48;2;221;141;0m [38;2;223;138;1;48;2;223;141;1m▝ [38;2;223;147;3;48;2;221;141;3m▕[38;2;8;8;3;48;2;221;143;3m▐[48;2;1;0;0m [48;2;1;1;0m  [38;2;1;1;0;48;2;1;0;1m▞[48;2;1;1;0m [48;2;4;3;0m [48;2;223;143;4m [48;2;223;141;1m [38;2;223;146;1;48;2;223;141;0m▁[38;2;223;147;1;48;2;223;141;1m▁[38;2;223;147;0;48;2;221;141;1m▂[48;2;221;141;0m▂[38;2;223;147;1;48;2;221;140;0m▂[38;2;223;147;0;48;2;223;141;1m▂[48;2;221;141;0m▂▂[38;2;5;1;6;48;2;223;142;0m▐[0m
[38;2;1;1;0;48;2;0;0;0m▅  [38;2;0;0;0;48;2;1;1;0m▝[38;2;152;84;0;48;2;1;1;1m▕[48;2;222;148;0m [38;2;222;151;0;48;2;222;147;0m▃▃▃[48;2;222;147;1m▃[48;2;222;147;0m▃▃▃▃▃[38;2;223;151;0;48;2;223;147;0m▃▃[48;2;223;147;1m▃[38;2;223;147;0;48;2;223;151;0m▀[38;2;221;152;0;48;2;223;147;0m▁[38;2;223;148;0;48;2;221;152;0m▀[38;2;35;13;0;48;2;215;136;3m▗[48;2;36;10;1m [48;2;35;13;0m [38;2;38;14;4;48;2;221;136;1m▍[38;2;221;147;0;48;2;221;142;0m▆[38;2;223;151;0;48;2;223;146;1m▂[38;2;221;142;0;48;2;223;147;0m▔[38;2;223;143;0m▔[38;2;223;151;0m▂[48;2;223;147;1m▃[38;2;222;151;0;48;2;222;147;0m▃▃▃[38;2;222;147;0;48;2;222;151;0m▀▀[38;2;222;151;0;48;2;222;147;0m▃[38;2;221;151;0;48;2;220;145;0m▅[38;2;220;149;0;48;2;221;146;0m▅[38;2;218;148;0;48;2;220;145;0m▅[38;2;212;146;0;48;2;216;141;1m▆[38;2;205;143;0;48;2;209;139;0m▃[38;2;199;140;2;48;2;203;137;0m▅[38;2;196;134;1;48;2;192;136;3m▍[48;2;189;126;2m [38;2;190;125;4;48;2;186;171;137m▘[38;2;191;181;150;48;2;188;175;134m▔[38;2;205;193;146;48;2;199;182;141m▅[38;2;206;194;149;48;2;214;201;158m▀[38;2;230;217;172;48;2;218;202;161m▗[38;2;238;225;183;48;2;234;215;167m▃[38;2;239;215;153;48;2;244;226;171m▁[38;2;234;197;113;48;2;239;219;166m▁[38;2;230;188;110;48;2;245;218;154m▁[38;2;240;168;95;48;2;238;205;137m▁[38;2;222;176;104;48;2;233;188;123m▞[48;2;222;175;98m [48;2;162;120;69m [48;2;146;103;60m [38;2;169;137;98;48;2;151;102;56m▝[38;2;155;120;86;48;2;167;144;116m▂[38;2;165;140;118;48;2;159;125;92m▆[48;2;157;117;76m [38;2;114;86;46;48;2;144;116;80m▖[48;2;162;123;87m [48;2;159;113;66m [48;2;164;117;70m [38;2;170;121;72;48;2;56;26;7m▃[38;2;178;134;55;48;2;65;30;0m▂[38;2;72;50;18;48;2;228;223;193m▔[38;2;187;124;16;48;2;235;235;229m▂[38;2;207;167;38;48;2;234;234;236m▂[38;2;233;239;228;48;2;241;209;22m▆[38;2;227;207;90;48;2;249;244;191m▝[48;2;251;251;240m [48;2;247;247;245m [38;2;235;223;78;48;2;248;244;242m▔[38;2;240;247;240;48;2;232;209;80m▆[38;2;240;219;76;48;2;246;242;236m▝[38;2;190;109;3;48;2;248;252;233m▔[38;2;247;247;235;48;2;108;53;3m▀[38;2;234;212;92;48;2;151;75;0m▐[48;2;208;148;0m [48;2;217;170;42m [48;2;230;175;53m [38;2;130;74;7;48;2;249;195;49m▂[38;2;176;135;31;48;2;222;174;30m▗[48;2;220;178;54m [38;2;227;178;46;48;2;210;167;37m▗[38;2;240;234;201;48;2;222;171;32m▝[38;2;197;142;7;48;2;241;242;186m▐[38;2;54;27;11;48;2;222;175;35m▍[38;2;245;234;180;48;2;158;116;16m▘[38;2;205;157;47;48;2;180;118;0m▗[38;2;182;127;24;48;2;197;146;25m▔[38;2;188;137;18;48;2;196;143;30m▃[38;2;181;130;18;48;2;194;143;29m▃[38;2;190;140;34;48;2;177;128;14m▘[48;2;176;124;18m [48;2;173;125;81m [48;2;169;126;68m [38;2;150;106;56;48;2;165;122;71m▂[38;2;162;118;71;48;2;146;102;56m▘[38;2;135;89;48;48;2;141;97;54m▂[38;2;122;82;42;48;2;131;89;47m▗[38;2;102;65;30;48;2;116;81;39m▂[38;2;101;77;52;48;2;81;56;31m▗[38;2;70;34;7;48;2;91;62;41m▗[38;2;82;39;10;48;2;96;49;13m▔[38;2;190;144;92;48;2;123;73;34m▅[38;2;160;110;58;48;2;190;129;71m▗[48;2;191;132;73m [38;2;196;135;75;48;2;187;121;64m▃[38;2;195;147;100;48;2;213;179;138m▏[38;2;222;177;154;48;2;175;125;80m▏[38;2;175;123;75;48;2;194;161;125m▞[48;2;165;112;65m [38;2;167;118;72;48;2;162;110;66m▐[38;2;203;197;175;48;2;172;130;91m▕[48;2;106;71;29m▏[38;2;130;96;49;48;2;171;143;101m▊[38;2;212;185;127;48;2;217;160;35m▏[38;2;219;166;37;48;2;217;147;13m▅[48;2;221;153;11m [38;2;217;176;49;48;2;60;36;13m▖[48;2;58;39;15m [38;2;217;151;10;48;2;63;46;18m▝[48;2;222;148;4m [38;2;222;166;30;48;2;222;153;11m▃[38;2;221;165;29;48;2;222;155;13m▃[38;2;222;167;29m▃[38;2;222;155;10;48;2;223;165;26m▀[38;2;223;165;26;48;2;223;155;8m▃[38;2;221;153;5;48;2;223;161;24m▀[38;2;223;163;21;48;2;220;152;4m▃[38;2;223;163;24;48;2;223;152;5m▃[38;2;223;160;20;48;2;223;150;4m▃[38;2;223;158;19;48;2;223;151;3m▃[38;2;223;160;19;48;2;223;146;3m▃[38;2;223;157;19;48;2;223;148;1m▃[38;2;223;157;16;48;2;221;147;1m▃[38;2;223;156;14;48;2;223;147;1m▃[38;2;221;153;4;48;2;126;82;1m▊[48;2;1;0;0m [48;2;1;1;0m  [38;2;1;1;0;48;2;1;0;1m▘ [48;2;1;0;4m [38;2;4;0;3;48;2;196;124;4m▍[38;2;220;156;13;48;2;221;147;3m▂[38;2;221;156;8;48;2;221;147;0m▂[38;2;222;158;9;48;2;221;147;1m▁[38;2;222;160;9;48;2;221;147;0m▁[38;2;222;158;8;48;2;222;147;0m▁[38;2;222;155;5;48;2;223;147;0m▁[38;2;222;156;8;48;2;222;148;0m▁[38;2;222;158;8;48;2;222;147;0m▁[38;2;222;160;9;48;2;222;150;1m▁[38;2;1;0;4;48;2;221;150;1m▐[0m
[38;2;1;1;1;48;2;0;0;0m▗  [48;2;1;1;0m [38;2;4;3;0;48;2;218;143;0m▊[48;2;222;154;0m [38;2;222;163;8;48;2;221;152;0m▂[38;2;221;164;8m▂[38;2;221;163;8m▂[38;2;222;163;5m▂▂[38;2;222;162;4m▂[38;2;222;163;8m▂▂▂[38;2;222;163;5m▂[48;2;222;153;0m▂[48;2;221;152;0m▂[38;2;221;163;5m▂[38;2;221;163;8;48;2;215;153;0m▂[38;2;36;13;0;48;2;221;148;1m▗[48;2;36;14;1m [38;2;39;13;4;48;2;38;13;1m▕[38;2;214;137;4;48;2;39;13;1m▗[48;2;222;157;0m [38;2;222;158;0;48;2;223;151;1m▃[38;2;222;162;3;48;2;221;152;0m▂[38;2;222;163;4m▂▂[38;2;222;163;6;48;2;221;153;0m▃[38;2;222;155;1;48;2;222;163;10m▀[38;2;222;158;4;48;2;221;166;13m▀[48;2;222;166;13m▀[38;2;222;158;8;48;2;221;167;14m▀[38;2;222;158;6;48;2;222;166;14m▀[38;2;221;158;5;48;2;221;167;15m▀[38;2;222;158;8;48;2;221;165;14m▀[38;2;220;158;7;48;2;221;165;15m▀[38;2;218;156;7;48;2;216;163;13m▀[38;2;215;156;9;48;2;215;162;12m▀[38;2;209;149;5;48;2;206;156;17m▀[38;2;203;147;5;48;2;193;146;15m▀[38;2;190;143;15;48;2;198;141;3m▅[38;2;187;140;20;48;2;190;136;9m▂[38;2;187;144;41;48;2;186;170;133m▘[38;2;183;171;127;48;2;188;173;138m▏[38;2;201;184;145;48;2;195;182;136m▆[38;2;215;206;162;48;2;212;194;148m▗[38;2;212;151;82;48;2;217;205;164m▗[38;2;183;108;22;48;2;221;156;76m▁[48;2;206;164;71m [48;2;244;206;122m [38;2;250;221;154;48;2;225;178;94m▆[38;2;233;170;84;48;2;253;238;187m▔[38;2;248;162;66;48;2;251;215;136m▗[38;2;207;113;47;48;2;245;175;96m▆[38;2;148;89;39;48;2;211;152;70m▖[48;2;208;174;108m [38;2;145;112;71;48;2;191;148;80m▝[48;2;147;101;59m [48;2;139;95;50m [48;2;137;92;48m [38;2;175;162;134;48;2;148;116;81m▝[48;2;154;127;90m [48;2;165;141;118m [48;2;169;137;92m [38;2;166;131;92;48;2;162;118;66m▆[38;2;166;127;84;48;2;156;117;71m▞[48;2;170;124;69m [48;2;167;120;63m [38;2;181;122;63;48;2;229;230;199m▅[38;2;162;111;58;48;2;225;224;222m▃[38;2;155;98;40;48;2;229;230;220m▁[38;2;236;220;133;48;2;220;225;222m▍[38;2;228;206;91;48;2;232;231;197m▗[38;2;73;36;0;48;2;242;235;227m▃[38;2;93;39;1;48;2;236;239;226m▃[38;2;240;241;228;48;2;50;10;2m▀[38;2;94;32;6;48;2;243;247;208m▆[38;2;237;237;226;48;2;125;65;2m▂[38;2;236;235;172;48;2;100;50;4m▂[38;2;79;31;2;48;2;202;138;7m▊[38;2;186;115;0;48;2;218;161;28m▖[48;2;209;160;39m [48;2;203;156;42m [48;2;238;183;44m [38;2;223;166;16;48;2;126;82;0m▊[38;2;202;153;42;48;2;217;166;42m▖[48;2;194;149;37m [48;2;217;163;30m [38;2;177;100;3;48;2;227;227;225m▐[38;2;92;50;0;48;2;224;208;119m▍[38;2;212;170;47;48;2;155;108;8m▍[38;2;172;125;22;48;2;189;140;33m▂[48;2;177;124;14m [48;2;180;134;21m [38;2;151;98;7;48;2;177;121;9m▖[38;2;175;121;17;48;2;166;117;76m▀[48;2;155;119;64m [38;2;170;124;78;48;2;150;106;62m▔[48;2;149;108;67m [48;2;137;92;50m [38;2;113;70;30;48;2;131;88;45m▂[38;2;92;50;21;48;2;120;78;40m▃[38;2;116;76;34;48;2;101;64;26m▔[38;2;91;57;28;48;2;108;79;48m▀[38;2;52;24;9;48;2;114;78;30m▗[48;2;54;17;1m [38;2;81;37;10;48;2;114;60;17m▍[38;2;197;155;97;48;2;144;83;32m▝[48;2;207;162;106m [38;2;219;168;107;48;2;179;113;61m▂[38;2;125;55;0;48;2;206;147;92m▗[38;2;150;84;25;48;2;232;193;152m▆[48;2;153;98;42m [38;2;193;142;95;48;2;159;100;49m▐[38;2;204;169;131;48;2;179;138;99m▖[38;2;177;126;84;48;2;189;145;103m▀[38;2;140;115;71;48;2;191;149;112m▕[48;2;127;85;41m [38;2;149;116;59;48;2;178;154;108m▊[38;2;215;195;130;48;2;220;194;72m▏[38;2;222;195;74;48;2;220;180;55m▅[38;2;222;196;74;48;2;221;181;53m▅[48;2;222;183;58m [38;2;158;128;43;48;2;59;34;8m▖[48;2;58;36;14m [38;2;221;180;53;48;2;62;38;19m▐[38;2;221;190;67;48;2;222;178;46m▅[38;2;217;193;68;48;2;221;175;41m▅[38;2;222;192;67m▅[38;2;222;190;65;48;2;223;172;41m▅[38;2;222;191;64;48;2;223;172;40m▅[48;2;221;174;40m▅[38;2;222;190;62;48;2;221;172;35m▅[38;2;222;187;62;48;2;223;171;38m▅[38;2;222;186;60;48;2;223;170;36m▅[38;2;222;177;44;48;2;222;192;64m▀[38;2;222;176;41;48;2;221;188;62m▀[38;2;222;186;58;48;2;222;166;31m▅[38;2;222;185;55;48;2;222;166;30m▅[48;2;221;166;28m▅[38;2;222;186;52;48;2;222;165;23m▆[38;2;193;143;19;48;2;4;0;4m▖[48;2;1;0;1m [48;2;1;1;0m [38;2;1;1;0;48;2;1;0;1m▂ [38;2;1;0;1;48;2;1;1;0m▂ [38;2;82;54;1;48;2;221;181;48m▏[38;2;222;178;44;48;2;221;161;19m▅[38;2;222;168;28;48;2;222;185;49m▀[38;2;222;170;29;48;2;222;183;48m▀[38;2;222;170;24;48;2;222;180;45m▀[38;2;221;167;23;48;2;222;177;44m▀[38;2;222;167;21;48;2;221;177;40m▀[38;2;222;167;20;48;2;222;176;39m▀[38;2;222;165;19;48;2;222;175;38m▀[38;2;1;0;1;48;2;222;170;25m▐[0m
[38;2;1;1;1;48;2;0;0;0m▞  [48;2;1;1;0m [38;2;55;35;0;48;2;221;176;27m▍[38;2;221;174;24;48;2;219;193;57m▀[38;2;220;174;26;48;2;219;190;57m▀[48;2;219;192;61m▀[38;2;221;173;24;48;2;220;193;61m▀[48;2;221;192;57m▀[38;2;221;193;60;48;2;222;173;24m▃[38;2;222;193;60m▃[38;2;222;194;61;48;2;221;173;24m▃▃[38;2;221;173;24;48;2;222;195;62m▀[38;2;222;193;62;48;2;221;173;25m▃[38;2;222;192;62m▃[48;2;222;172;24m▃[38;2;219;192;62;48;2;222;175;25m▃[38;2;84;59;1;48;2;221;180;40m▗[48;2;35;11;0m [48;2;36;14;1m [48;2;38;13;1m [48;2;221;199;70m [38;2;222;172;24;48;2;222;193;60m▀[38;2;222;197;62;48;2;222;173;23m▃[38;2;221;172;21;48;2;222;196;60m▀[48;2;222;197;62m▀[38;2;222;172;21;48;2;222;196;59m▀[38;2;221;172;23;48;2;222;192;52m▀[38;2;222;191;52;48;2;222;175;25m▃[38;2;222;190;50;48;2;222;173;24m▃[38;2;222;190;49;48;2;221;173;24m▃[38;2;221;173;24;48;2;221;186;46m▀[38;2;222;175;25;48;2;222;186;44m▀[38;2;221;187;44;48;2;219;172;24m▃[38;2;222;187;44;48;2;220;173;25m▃[38;2;219;170;25;48;2;220;183;41m▀[38;2;214;168;24;48;2;217;180;40m▀[38;2;213;167;24;48;2;214;174;35m▀[38;2;206;170;37;48;2;208;162;22m▂[38;2;194;161;36;48;2;199;155;21m▃[38;2;187;148;26;48;2;189;155;31m▀[38;2;184;149;26;48;2;184;171;105m▊[38;2;186;176;158;48;2;186;172;135m▏[38;2;192;169;123;48;2;190;177;144m▁[48;2;203;182;135m [48;2;195;141;69m [48;2;188;131;46m [38;2;188;98;26;48;2;247;215;131m▔[38;2;244;230;182;48;2;247;223;151m▖[38;2;251;231;182;48;2;250;223;152m▝[38;2;254;212;140;48;2;253;234;176m▅[38;2;245;227;162;48;2;250;183;105m▘[38;2;230;152;73;48;2;212;121;45m▘[38;2;186;107;37;48;2;175;99;13m▍[38;2;172;97;28;48;2;88;33;10m▏[48;2;223;172;88m [48;2;211;164;87m [48;2;202;156;89m [38;2;183;143;93;48;2;142;106;68m▆[38;2;157;119;68;48;2;132;96;57m▖[48;2;133;92;51m [38;2;129;89;48;48;2;140;100;57m▅[38;2;159;126;90;48;2;138;99;56m▔[38;2;140;101;57;48;2;164;134;101m▅[38;2;131;94;53;48;2;158;127;91m▃[38;2;140;105;64;48;2;154;126;89m▂[38;2;149;114;71;48;2;156;125;88m▂[38;2;145;109;68;48;2;157;121;81m▂[48;2;157;110;58m [48;2;150;112;69m [48;2;145;111;71m [48;2;143;104;63m [48;2;151;111;65m [38;2;159;118;70;48;2;43;20;0m▆[38;2;214;209;165;48;2;159;114;64m▝[38;2;157;116;66;48;2;229;228;200m▅[38;2;163;115;62;48;2;226;203;79m▃[38;2;162;114;61;48;2;223;215;91m▂[38;2;159;108;57;48;2;223;212;92m▂[38;2;159;107;56;48;2;221;214;90m▂[48;2;193;148;53m [38;2;137;88;4;48;2;191;149;23m▅[38;2;154;100;50;48;2;193;150;36m▂[38;2;156;108;53;48;2;195;152;31m▁[38;2;194;150;42;48;2;130;77;10m▆[38;2;165;119;61;48;2;205;154;38m▂[48;2;195;156;35m [38;2;219;217;167;48;2;184;130;15m▝[48;2;170;98;9m [38;2;31;12;3;48;2;161;119;67m▘[38;2;202;173;54;48;2;160;115;66m▘[38;2;157;115;65;48;2;159;117;20m▆[38;2;173;124;47;48;2;161;117;72m▔[38;2;168;127;75;48;2;153;107;61m▘[48;2;152;111;62m [48;2;145;103;56m [38;2;120;80;43;48;2;140;97;56m▃[38;2;106;67;30;48;2;134;95;50m▃[38;2;127;86;46;48;2;92;55;21m▀[38;2;110;66;26;48;2;81;50;15m▝[48;2;86;49;22m [38;2;100;77;41;48;2;78;49;22m▆[48;2;109;82;52m [48;2;108;77;44m [38;2;74;42;16;48;2;89;54;14m▔[38;2;37;12;7;48;2;71;29;3m▘[38;2;40;18;9;48;2;108;55;13m▃[38;2;3;0;1;48;2;161;94;25m▂[38;2;32;6;3;48;2;192;142;80m▃[38;2;216;176;124;48;2;58;17;0m▘[38;2;118;60;19;48;2;66;23;0m▃[48;2;140;76;31m [48;2;167;104;47m [38;2;178;115;59;48;2;209;176;128m▊[38;2;214;179;143;48;2;200;164;127m▃[48;2;200;160;123m [38;2;213;203;172;48;2;84;45;7m▘[38;2;97;61;20;48;2;135;97;45m▆[38;2;135;102;46;48;2;157;122;60m▅[38;2;199;178;105;48;2;222;207;93m▏[38;2;222;202;88;48;2;222;206;93m▀[38;2;222;201;88;48;2;222;206;92m▀[38;2;220;203;92;48;2;221;201;85m▆[38;2;95;83;26;48;2;221;203;97m▝[48;2;58;38;15m [48;2;59;35;10m [38;2;58;35;6;48;2;221;192;75m▖[38;2;222;202;89;48;2;221;199;80m▆[38;2;222;204;89;48;2;222;199;82m▅[38;2;221;204;87;48;2;222;197;79m▆[48;2;221;197;78m▆[38;2;222;204;88;48;2;221;196;78m▅[38;2;222;202;87;48;2;221;197;75m▆[38;2;222;203;89;48;2;222;197;77m▅[38;2;222;206;88;48;2;222;197;75m▅[38;2;222;205;87;48;2;221;196;75m▅[38;2;221;203;87m▅[38;2;222;202;87m▅[38;2;222;203;85;48;2;222;196;73m▅[38;2;221;196;75;48;2;222;202;89m▀[38;2;221;197;73;48;2;221;204;88m▀[38;2;35;36;8;48;2;217;177;44m▝[38;2;1;0;1;48;2;1;1;0m▂▂ [38;2;0;0;0;48;2;1;0;1m▖[38;2;1;1;0m▂[38;2;4;0;3m▕[38;2;219;194;74;48;2;4;0;1m▐[38;2;221;201;81;48;2;222;190;62m▆[38;2;222;194;69;48;2;221;200;82m▀[38;2;222;194;66;48;2;220;200;81m▀[38;2;222;199;76;48;2;222;190;59m▅[38;2;222;198;74;48;2;221;191;58m▅[38;2;221;197;73;48;2;221;190;58m▅[38;2;222;189;61;48;2;221;200;79m▀[38;2;222;188;58;48;2;221;199;78m▀[38;2;1;0;1;48;2;222;194;68m▐[0m
[38;2;1;1;0;48;2;0;0;0m▖ [48;2;0;1;0m [38;2;120;91;13;48;2;1;1;0m▕[48;2;209;184;64m▏[38;2;207;182;58;48;2;216;196;71m▂[38;2;209;184;58;48;2;214;196;72m▃[38;2;210;185;58;48;2;216;197;73m▃[38;2;212;186;59;48;2;219;199;72m▂[38;2;214;187;59;48;2;217;199;74m▂[38;2;216;189;60;48;2;220;201;75m▂[38;2;218;193;65;48;2;220;202;76m▂[38;2;218;195;68;48;2;219;202;76m▂[38;2;219;196;70;48;2;220;203;78m▂[38;2;221;196;70;48;2;221;203;78m▂[48;2;222;203;79m▂[38;2;220;198;70;48;2;221;203;80m▂[38;2;220;194;64;48;2;222;199;79m▁[48;2;221;202;75m [48;2;35;10;0m [38;2;39;13;0;48;2;35;15;1m▝[48;2;31;13;3m [38;2;35;9;1;48;2;221;198;75m▍[38;2;221;199;75;48;2;218;207;85m▂[38;2;222;202;76;48;2;222;207;84m▂[38;2;221;202;75;48;2;221;206;84m▂[38;2;218;203;75;48;2;220;206;84m▂[38;2;221;204;79;48;2;222;207;85m▂[38;2;221;203;76;48;2;222;207;84m▂[38;2;222;201;71;48;2;222;203;75m▂[38;2;222;201;69;48;2;222;201;67m▆[38;2;221;199;65;48;2;222;198;66m▐[38;2;222;198;65;48;2;222;197;64m▏[38;2;222;195;58m▔[38;2;222;192;56;48;2;222;197;61m▔[38;2;222;193;58;48;2;221;192;55m▆[38;2;221;190;53;48;2;222;192;55m▔[38;2;221;191;54;48;2;220;190;52m▖[38;2;218;188;52;48;2;215;186;49m▊[38;2;210;180;47;48;2;214;184;46m▝[38;2;208;178;46;48;2;205;173;44m▍[38;2;196;166;40;48;2;200;170;44m▐[38;2;194;165;39;48;2;190;160;38m▖[38;2;187;158;31;48;2;191;160;38m▗[48;2;190;177;139m [38;2;176;141;90;48;2;189;162;113m▂[38;2;190;162;106;48;2;170;118;55m▘[38;2;85;26;9;48;2;178;104;26m▞[48;2;239;200;123m [38;2;241;223;181;48;2;245;211;144m▞[38;2;247;214;145;48;2;251;217;156m▃[38;2;239;161;90;48;2;249;194;130m▁[38;2;224;150;80;48;2;250;190;127m▃[38;2;202;117;34;48;2;221;148;73m▁[38;2;121;52;0;48;2;211;129;56m▁[38;2;191;105;26;48;2;58;24;0m▀[38;2;114;56;11;48;2;89;35;0m▗[38;2;147;83;14;48;2;215;157;76m▍[48;2;224;186;103m [48;2;221;167;92m [48;2;210;166;90m [48;2;183;145;78m [48;2;171;133;76m [48;2;144;103;42m [38;2;155;117;65;48;2;132;98;60m▃[48;2;129;88;44m [48;2;126;96;52m [48;2;125;81;42m [48;2;127;84;37m [38;2;141;104;62;48;2;117;77;37m▀[38;2;122;83;40;48;2;144;111;70m▅[38;2;149;118;79;48;2;129;93;50m▔[38;2;129;88;48;48;2;148;116;74m▆[38;2;129;91;49;48;2;149;112;75m▆[38;2;127;87;43;48;2;141;106;64m▃[38;2;137;99;57;48;2;149;113;70m▃[38;2;126;89;46;48;2;150;112;69m▁[38;2;141;104;62;48;2;152;112;66m▃[48;2;149;106;59m [38;2;153;110;62;48;2;141;101;62m▘[38;2;140;103;59;48;2;150;107;57m▁[48;2;147;108;68m [48;2;155;112;72m [38;2;76;46;26;48;2;154;110;56m▝[38;2;114;71;26;48;2;159;117;62m▗[48;2;148;108;60m [38;2;144;97;58;48;2;160;111;60m▃[38;2;133;92;47;48;2;158;111;61m▃[38;2;139;100;55;48;2;160;113;66m▅[38;2;143;98;53;48;2;158;115;65m▅[38;2;136;96;49;48;2;157;112;62m▅[38;2;130;92;50;48;2;145;103;57m▃[48;2;131;94;54m [38;2;123;86;42;48;2;138;98;57m▃[38;2;139;103;59;48;2;115;76;33m▀[38;2;105;69;31;48;2;131;93;50m▃[38;2;72;40;18;48;2;119;79;36m▗[38;2;82;41;15;48;2;115;86;52m▗[38;2;87;51;21;48;2;102;66;32m▆[38;2;102;77;43;48;2;84;50;20m▃[38;2;113;86;55;48;2;85;59;30m▅[38;2;90;66;40;48;2;107;81;52m▔[48;2;116;87;54m [48;2;112;77;31m [48;2;108;70;37m [38;2;76;46;16;48;2;105;62;26m▗[38;2;69;33;8;48;2;94;62;16m▗[38;2;47;21;0;48;2;71;41;18m▗[38;2;49;21;0;48;2;6;1;1m▍[48;2;4;1;0m [38;2;95;42;3;48;2;38;12;7m▂[38;2;81;32;3;48;2;119;62;15m▀[38;2;123;68;25;48;2;149;87;34m▘[38;2;162;96;43;48;2;170;107;47m▘[38;2;178;109;54;48;2;173;108;54m▂[38;2;223;182;149;48;2;177;116;67m▐[38;2;234;207;173;48;2;211;184;137m▍[38;2;81;40;2;48;2;218;183;148m▐[38;2;75;42;0;48;2;81;44;12m▘[38;2;101;62;19;48;2;116;81;34m▊[38;2;220;212;106;48;2;137;107;56m▗[48;2;223;208;94m [38;2;221;200;84;48;2;222;206;93m▁[38;2;221;203;85;48;2;222;206;92m▂[38;2;220;200;81;48;2;222;204;90m▁[38;2;222;203;85;48;2;218;206;93m▂[38;2;219;203;89;48;2;60;35;19m▍[48;2;58;35;13m [48;2;61;34;9m [48;2;221;203;89m [38;2;221;197;76;48;2;221;203;87m▃[38;2;221;201;76;48;2;222;205;87m▃[48;2;222;203;85m▃[48;2;221;203;87m▃[38;2;221;198;75;48;2;222;203;87m▃[38;2;221;203;88;48;2;222;200;76m▀[38;2;221;197;75;48;2;221;201;84m▃[48;2;221;200;84m▃[38;2;221;198;76m▃[38;2;220;197;75;48;2;222;200;84m▃[48;2;220;200;84m▂[38;2;220;197;76;48;2;221;203;85m▃[38;2;220;204;86;48;2;219;198;78m▀[38;2;218;198;78;48;2;139;119;22m▊[48;2;1;0;1m [38;2;1;1;0m▃[48;2;1;1;0m [38;2;1;1;1;48;2;0;0;0m▏[48;2;1;0;1m [48;2;1;1;0m [48;2;2;0;0m [48;2;216;194;79m [38;2;215;191;69;48;2;219;198;80m▂[38;2;215;194;71;48;2;219;199;81m▃[38;2;215;193;71m▃[48;2;220;199;82m▃[38;2;216;195;71;48;2;219;198;82m▃[38;2;217;194;72m▃[38;2;217;195;73m▃[38;2;1;0;0;48;2;219;198;80m▐[0m
[38;2;1;1;1;48;2;0;0;0m▔  [38;2;189;129;11;48;2;2;0;0m▕[38;2;198;161;30;48;2;190;145;6m▀[38;2;200;166;36;48;2;192;148;12m▀[38;2;201;166;36;48;2;193;149;14m▀[38;2;196;152;19;48;2;204;167;40m▅[38;2;205;170;41;48;2;197;153;18m▀[38;2;208;174;41;48;2;202;156;19m▀[38;2;205;159;22;48;2;212;178;44m▅[38;2;210;164;22;48;2;213;179;46m▅[38;2;214;183;46;48;2;210;164;22m▀[38;2;217;182;47;48;2;212;166;24m▀[38;2;217;183;48;48;2;214;170;27m▀[38;2;218;184;47;48;2;215;170;24m▀[38;2;217;174;27;48;2;220;185;50m▅[48;2;216;176;27m [38;2;209;156;21;48;2;32;9;2m▘[38;2;34;11;1;48;2;35;11;0m▃ [38;2;209;158;19;48;2;34;12;0m▕[48;2;218;166;15m [38;2;218;171;23;48;2;221;187;51m▅[38;2;218;173;24m▅[38;2;219;175;25;48;2;220;189;51m▅[38;2;219;177;27;48;2;221;191;55m▅[38;2;218;176;27;48;2;220;190;55m▅[38;2;221;191;55;48;2;217;175;28m▀[38;2;221;192;56;48;2;219;181;38m▀[48;2;219;183;41m▀[38;2;220;191;55;48;2;219;183;42m▀[48;2;220;182;43m▀[38;2;220;181;40;48;2;221;191;54m▃[38;2;222;192;55;48;2;220;183;44m▀[38;2;222;192;54;48;2;221;185;45m▀[38;2;221;184;41;48;2;221;190;53m▃[38;2;221;185;42;48;2;221;191;52m▃[38;2;219;187;50;48;2;218;183;46m▀[38;2;217;184;49;48;2;217;182;46m▘[38;2;211;177;48;48;2;214;180;46m▀[38;2;202;172;41;48;2;206;174;42m▝[38;2;202;169;41;48;2;197;167;40m▖[38;2;193;164;45;48;2;189;156;19m▊[38;2;189;175;129;48;2;180;151;105m▊[48;2;168;138;91m [38;2;136;79;23;48;2;159;112;50m▐[38;2;42;20;0;48;2;217;189;121m▍[38;2;220;188;125;48;2;229;211;165m▊[38;2;232;212;168;48;2;238;202;132m▍[48;2;246;204;128m [38;2;234;146;62;48;2;253;214;148m▀[38;2;239;182;93;48;2;194;97;19m▂[38;2;133;51;9;48;2;190;99;22m▆[38;2;134;63;11;48;2;60;19;0m▘[38;2;54;28;3;48;2;134;72;3m▍[38;2;219;152;75;48;2;157;94;31m▗[38;2;191;120;39;48;2;238;179;100m▏[48;2;233;188;108m [48;2;231;182;93m [48;2;242;185;107m [48;2;233;178;106m [48;2;215;168;90m [38;2;144;96;43;48;2;201;152;85m▔[38;2;141;95;35;48;2;190;150;82m▔[48;2;156;116;54m [48;2;153;115;54m [48;2;140;99;40m [48;2;134;97;54m [48;2;123;88;40m [48;2;115;79;41m [38;2;109;82;51;48;2;120;80;38m▖[48;2;114;75;34m [48;2;117;79;36m [38;2;110;71;32;48;2;122;84;43m▅[38;2;112;73;32;48;2;128;88;47m▆[38;2;127;89;46;48;2;113;74;34m▔[38;2;116;77;35;48;2;131;93;51m▅[38;2;141;104;61;48;2;115;79;34m▔[38;2;133;96;52;48;2;107;70;29m▀[38;2;114;77;36;48;2;135;98;59m▅[38;2;155;120;89;48;2;119;80;39m▔[38;2;105;71;31;48;2;145;106;61m▅[38;2;107;70;28;48;2;138;100;57m▆[38;2;101;66;28;48;2;121;81;36m▂[38;2;121;84;51;48;2;104;64;26m▀[38;2;76;48;26;48;2;121;81;40m▖[38;2;118;81;38;48;2;97;60;21m▀[38;2;118;80;39;48;2;94;61;26m▀[38;2;115;77;36;48;2;92;58;18m▀[38;2;88;56;19;48;2;115;78;35m▅[38;2;82;56;27;48;2;119;81;40m▆[38;2;85;51;16;48;2;109;70;29m▆[38;2;107;68;27;48;2;85;59;29m▔[38;2;94;68;35;48;2;84;54;24m▃[38;2;104;77;46;48;2;86;60;29m▃[38;2;109;76;45;48;2;87;62;31m▅[38;2;116;88;47;48;2;100;73;43m▅[48;2;119;92;54m [38;2;88;59;20;48;2;121;88;52m▁[38;2;40;13;2;48;2;127;89;46m▕[48;2;127;95;42m▏[48;2;114;82;47m [48;2;102;64;17m [38;2;53;30;5;48;2;98;60;20m▗[38;2;59;26;1;48;2;80;43;5m▗[38;2;55;33;7;48;2;72;40;4m▅[38;2;52;28;12;48;2;25;11;5m▝[38;2;94;45;5;48;2;34;12;2m▃[38;2;44;15;7;48;2;97;47;9m▔[38;2;140;75;32;48;2;117;60;23m▂[38;2;134;77;31;48;2;156;92;42m▘[38;2;166;103;48;48;2;177;117;62m▘[48;2;190;124;79m [38;2;198;161;105;48;2;178;117;64m▞[38;2;156;92;36;48;2;213;175;135m▖[38;2;87;40;9;48;2;221;190;155m▗[48;2;88;49;10m [38;2;120;85;40;48;2;93;55;17m▗[38;2;212;188;105;48;2;133;99;56m▗[48;2;218;193;73m [38;2;217;184;58;48;2;220;197;77m▅[38;2;220;197;73;48;2;217;184;56m▀[38;2;218;187;58;48;2;220;198;73m▅[38;2;220;193;71;48;2;216;183;54m▀[48;2;217;186;54m▀[48;2;217;179;50m [38;2;175;132;31;48;2;57;35;11m▏[48;2;57;32;12m [38;2;200;159;41;48;2;57;35;11m▝[38;2;216;176;39;48;2;220;177;55m▁[38;2;218;187;61;48;2;218;178;43m▀[38;2;221;192;64;48;2;219;180;46m▀[38;2;221;191;62;48;2;217;180;46m▀[38;2;219;193;63;48;2;218;180;45m▀[38;2;219;188;62;48;2;216;177;45m▀[38;2;218;187;61;48;2;215;178;41m▀[38;2;217;186;60m▀[48;2;213;174;42m▀[48;2;213;174;44m▀[38;2;217;187;60;48;2;211;173;43m▀[38;2;216;185;59;48;2;211;172;42m▀[38;2;212;187;57;48;2;210;173;39m▀[38;2;203;169;32;48;2;207;181;49m▂[38;2;102;84;8;48;2;0;0;0m▏[48;2;1;0;1m [48;2;1;1;0m [38;2;1;1;0;48;2;0;0;0m▊[38;2;1;0;1;48;2;1;1;0m▗ [48;2;0;3;1m [38;2;204;161;40;48;2;13;11;0m▐[38;2;208;174;51;48;2;201;164;30m▀[38;2;209;178;52;48;2;203;165;36m▀[38;2;211;180;52;48;2;204;166;36m▀[38;2;211;180;53;48;2;204;167;36m▀[38;2;212;179;55;48;2;204;166;37m▀[38;2;209;181;54;48;2;205;166;37m▀[38;2;212;184;57m▀[38;2;1;1;1;48;2;208;176;48m▐[0m
[38;2;0;0;0;48;2;0;0;0m  [48;2;1;1;1m [38;2;1;0;0;48;2;156;95;0m▊[38;2;6;7;0;48;2;183;132;0m▁[38;2;64;42;0;48;2;183;135;1m▁[38;2;142;98;4;48;2;186;136;0m▁[38;2;180;131;0;48;2;179;138;4m▁[38;2;184;141;3;48;2;191;145;3m▅[38;2;186;144;0;48;2;194;149;3m▅[38;2;196;149;1;48;2;188;143;3m▀[38;2;198;152;1;48;2;191;144;1m▀[38;2;203;155;5;48;2;194;148;3m▀[38;2;205;155;3;48;2;197;148;4m▀[38;2;208;158;5;48;2;198;151;7m▀[38;2;208;159;5;48;2;201;154;1m▀[38;2;202;154;9;48;2;209;159;5m▃[38;2;32;10;1;48;2;202;127;0m▗[48;2;32;10;0m [38;2;32;9;0;48;2;33;11;1m▃ [38;2;203;155;0;48;2;46;29;1m▐[38;2;212;159;1;48;2;205;156;6m▀[38;2;206;159;8;48;2;213;162;4m▃[38;2;206;161;9;48;2;213;161;1m▃[38;2;214;163;4;48;2;206;160;7m▀[38;2;206;163;12;48;2;215;163;5m▃[38;2;207;163;14;48;2;216;165;7m▃[38;2;216;168;12;48;2;211;163;10m▘[38;2;215;172;23;48;2;207;166;28m▀[38;2;207;169;28;48;2;213;170;26m▃[38;2;206;169;29;48;2;215;173;28m▃[38;2;208;170;33;48;2;214;174;32m▃[38;2;210;173;33;48;2;216;176;32m▃[38;2;212;175;36;48;2;217;175;34m▖[38;2;213;176;37;48;2;218;177;38m▂[38;2;215;180;44;48;2;219;178;38m▂[38;2;216;182;45;48;2;220;181;41m▃[38;2;217;183;47;48;2;219;183;42m▃[38;2;216;182;49;48;2;219;183;43m▃[38;2;215;181;42;48;2;214;181;48m▀[38;2;209;179;50;48;2;211;177;43m▃[38;2;201;170;41;48;2;203;171;44m▝[48;2;188;169;45m [38;2;191;160;45;48;2;179;160;111m▖[38;2;164;132;80;48;2;181;144;94m▕[38;2;117;71;19;48;2;147;106;48m▐[38;2;210;195;122;48;2;87;47;8m▝[48;2;225;195;132m [38;2;228;204;162;48;2;241;204;133m▍[38;2;244;209;134;48;2;242;210;142m▍[38;2;248;211;129;48;2;249;218;148m▝[48;2;244;189;115m [38;2;199;126;53;48;2;216;141;84m▔[38;2;202;128;56;48;2;120;58;11m▅[38;2;124;65;5;48;2;221;146;60m▏[38;2;205;128;51;48;2;224;153;81m▔[48;2;247;176;87m [48;2;227;178;108m [48;2;248;181;100m [48;2;233;172;95m [48;2;237;161;81m [48;2;240;182;108m [48;2;215;171;85m [38;2;212;166;84;48;2;230;187;105m▐[38;2;137;98;47;48;2;210;159;81m▘[38;2;218;178;99;48;2;185;132;61m▃[48;2;165;121;58m [48;2;162;118;54m [38;2;115;69;34;48;2;141;98;42m▗[38;2;149;111;51;48;2;138;99;44m▃[48;2;127;94;50m [48;2;121;91;59m [38;2;151;113;55;48;2;106;77;45m▁[48;2;106;77;42m [38;2;136;107;56;48;2;106;78;41m▂[38;2;125;91;52;48;2;102;71;37m▂[38;2;100;65;27;48;2;109;81;45m▀[38;2;107;78;46;48;2;97;62;28m▃[38;2;105;79;45;48;2;92;62;26m▂[38;2;98;72;39;48;2;92;62;31m▃[38;2;60;33;8;48;2;88;58;25m▁[48;2;90;58;23m [48;2;94;66;27m [38;2;103;75;39;48;2;91;58;23m▁[38;2;101;73;38;48;2;88;59;23m▂[48;2;93;65;30m [48;2;86;51;23m [38;2;96;66;31;48;2;67;44;13m▅[48;2;83;53;23m [38;2;112;78;49;48;2;89;66;35m▃[38;2;121;92;54;48;2;97;68;38m▂[38;2;147;111;56;48;2;102;77;40m▂[38;2;96;68;37;48;2;111;82;46m▔[38;2;110;85;49;48;2;122;87;43m▏[38;2;84;51;8;48;2;126;86;35m▖[48;2;118;83;38m [48;2;135;99;47m [38;2;86;49;18;48;2;126;85;38m▍[38;2;86;60;26;48;2;114;80;40m▃[38;2;73;40;10;48;2;116;86;35m▕[48;2;105;73;32m▍[48;2;101;75;32m [38;2;52;27;4;48;2;80;51;6m▕[38;2;42;15;1;48;2;68;30;1m▖[38;2;81;39;3;48;2;56;30;4m▃[38;2;97;54;19;48;2;50;18;2m▅[38;2;125;67;26;48;2;92;45;11m▆[38;2;141;84;35;48;2;113;59;21m▅[38;2;162;102;49;48;2;129;70;27m▅[48;2;160;98;47m [48;2;171;106;53m [38;2;208;151;94;48;2;186;129;72m▖[38;2;221;175;143;48;2;162;92;44m▘[38;2;192;151;104;48;2;165;93;40m▃[38;2;169;141;103;48;2;199;174;130m▁[48;2;80;51;10m [38;2;121;95;57;48;2;101;59;19m▂[38;2;194;165;32;48;2;126;98;66m▃[38;2;206;178;38;48;2;205;167;31m▘[38;2;212;174;41;48;2;202;157;19m▀[38;2;212;173;39;48;2;203;156;19m▀[38;2;211;171;37;48;2;201;157;19m▀[38;2;212;173;37;48;2;201;157;18m▀[48;2;204;158;20m▀[38;2;213;174;37;48;2;205;158;20m▀[38;2;212;174;37;48;2;209;163;21m▀[38;2;55;32;10;48;2;202;149;22m▐[48;2;55;35;10m [48;2;54;33;10m [38;2;63;44;12;48;2;207;154;18m▖[38;2;215;170;30;48;2;206;154;12m▀[38;2;213;168;29;48;2;204;154;9m▀[38;2;205;156;9;48;2;213;168;29m▅[38;2;204;156;9;48;2;213;167;29m▅[38;2;198;151;10;48;2;212;165;29m▅[38;2;200;153;7;48;2;210;164;26m▅[38;2;199;151;7;48;2;208;164;25m▅[38;2;198;151;7;48;2;208;163;26m▅[38;2;196;149;7;48;2;205;162;26m▅[38;2;195;149;9;48;2;205;160;25m▅[38;2;194;148;9;48;2;205;158;23m▅[38;2;192;146;9;48;2;203;160;22m▅[38;2;196;150;11;48;2;203;162;25m▅[38;2;169;115;3;48;2;2;0;0m▏[48;2;1;1;0m [38;2;0;0;0m▝▝[48;2;0;0;0m [48;2;1;1;1m [48;2;1;1;0m [38;2;188;142;6;48;2;1;0;3m▕[48;2;189;142;10m [48;2;197;153;19m▆[38;2;187;142;6;48;2;195;152;17m▅[38;2;186;143;7m▅[38;2;187;143;8;48;2;195;151;19m▅[38;2;187;144;8;48;2;195;152;17m▅[38;2;189;144;5;48;2;196;152;18m▅[38;2;1;1;0;48;2;192;147;9m▐[0m
[38;2;0;0;0;48;2;0;0;0m  [48;2;1;1;0m [48;2;0;0;0m    [38;2;127;89;3m▔[38;2;0;1;0;48;2;179;139;0m▆[38;2;181;145;7;48;2;3;2;6m▀[38;2;19;19;0;48;2;182;141;8m▂[48;2;183;143;9m  [38;2;191;147;6;48;2;183;145;8m▀[38;2;191;147;9;48;2;186;148;10m▀[38;2;183;142;12;48;2;191;147;4m▂[38;2;103;65;3;48;2;188;140;18m▕[48;2;29;9;2m [38;2;29;9;1;48;2;31;11;0m▅[38;2;28;8;1;48;2;29;9;1m▂[48;2;29;9;0m [48;2;190;146;5m [38;2;189;148;4;48;2;195;153;10m▃[38;2;193;152;11;48;2;199;157;10m▅[38;2;199;158;11;48;2;194;152;16m▀[48;2;194;153;17m▀[38;2;192;153;18;48;2;200;160;17m▅[38;2;200;161;19;48;2;189;153;21m▀[38;2;192;154;24;48;2;200;161;20m▅[38;2;192;154;26;48;2;200;162;25m▅[38;2;200;163;27;48;2;192;154;26m▀[38;2;192;156;28;48;2;201;164;28m▅[38;2;194;158;31;48;2;202;165;30m▅[38;2;202;165;31;48;2;195;161;32m▀[38;2;199;167;36;48;2;206;167;32m▅[38;2;201;167;36;48;2;209;171;35m▃[38;2;205;171;38;48;2;210;175;43m▃[38;2;204;175;46;48;2;213;180;46m▃[38;2;206;178;51;48;2;213;183;50m▂[38;2;207;179;51;48;2;211;182;50m▃[38;2;206;178;50;48;2;211;181;49m▃[38;2;202;175;50;48;2;206;179;50m▃[38;2;200;173;50;48;2;197;171;50m▘[38;2;193;168;46;48;2;190;165;50m▘[48;2;187;163;47m [38;2;181;156;96;48;2;180;178;129m▐[38;2;111;67;24;48;2;162;127;63m▐[48;2;96;51;8m [38;2;84;47;8;48;2;219;184;115m▍[38;2;226;199;133;48;2;214;199;159m▐[38;2;229;190;120;48;2;235;205;138m▖[38;2;231;204;139;48;2;241;213;149m▂[38;2;242;209;138;48;2;248;218;146m▁[38;2;248;204;122;48;2;241;217;146m▝[38;2;203;131;47;48;2;253;211;139m▔[38;2;182;99;37;48;2;253;212;133m▔[38;2;253;210;130;48;2;215;141;69m▅[48;2;248;194;105m [48;2;245;172;68m [38;2;248;200;117;48;2;220;146;62m▞[48;2;247;186;97m [48;2;244;183;98m [48;2;234;171;85m [48;2;239;182;100m [48;2;221;160;86m [48;2;231;179;91m [38;2;167;110;34;48;2;228;191;110m▘[38;2;136;99;28;48;2;210;159;84m▗[38;2;148;99;25;48;2;203;161;87m▏[38;2;144;100;48;48;2;69;39;6m▅[38;2;127;85;29;48;2;165;124;56m▕[48;2;142;110;63m [38;2;85;52;15;48;2;152;119;51m▐[38;2;85;61;34;48;2;144;108;50m▍[38;2;109;77;20;48;2;155;122;63m▆[38;2;107;75;15;48;2;141;107;52m▍[38;2;101;70;25;48;2;124;88;31m▗[38;2;105;67;19;48;2;140;109;61m▂[38;2;134;99;51;48;2;97;68;29m▀[48;2;136;104;51m [48;2;140;104;48m [48;2;129;96;49m [48;2;134;102;60m [38;2;91;59;18;48;2;127;101;64m▂[48;2;128;92;57m [38;2;91;58;26;48;2;129;98;53m▂[48;2;136;103;56m [48;2;125;99;55m [38;2;70;50;17;48;2;139;105;58m▔[38;2;101;74;40;48;2;141;101;49m▏[48;2;139;99;55m [48;2;141;106;51m [38;2;110;74;19;48;2;136;96;51m▘[38;2;82;49;22;48;2;125;86;24m▔[38;2;76;39;11;48;2;133;96;50m▖[38;2;105;69;24;48;2;115;83;41m▗[38;2;68;40;17;48;2;113;75;29m▗[38;2;86;51;21;48;2;120;86;40m▐[38;2;116;80;40;48;2;82;51;20m▂[38;2;54;28;8;48;2;111;77;31m▗[38;2;85;55;27;48;2;114;80;37m▕[38;2;109;69;27;48;2;86;47;7m▕[38;2;18;8;6;48;2;94;63;7m▗[48;2;77;38;14m [38;2;109;60;26;48;2;86;42;7m▅[38;2;137;80;29;48;2;120;68;27m▗[38;2;170;109;59;48;2;139;86;37m▂[38;2;174;116;60;48;2;154;92;46m▃[38;2;188;128;78;48;2;173;112;58m▁[38;2;204;151;96;48;2;183;120;65m▂[38;2;200;141;86;48;2;153;91;32m▏[38;2;183;129;72;48;2;163;99;43m▔[38;2;215;171;122;48;2;168;103;51m▗[38;2;200;158;115;48;2;178;106;57m▝[38;2;200;158;112;48;2;149;86;38m▔[38;2;184;165;126;48;2;157;99;48m▁[38;2;115;81;44;48;2;127;92;66m▀[48;2;188;148;27m [48;2;190;149;21m [38;2;193;151;18;48;2;184;145;23m▀[38;2;187;147;23;48;2;194;151;19m▅[38;2;194;151;19;48;2;187;147;23m▀[38;2;194;152;19;48;2;187;147;22m▀[38;2;195;151;19;48;2;187;148;22m▀[38;2;196;151;20;48;2;187;146;23m▀[38;2;197;152;19;48;2;186;147;23m▀[38;2;194;151;20;48;2;189;147;21m▀[38;2;187;148;25;48;2;132;97;15m▊[48;2;50;30;9m [38;2;49;28;10;48;2;51;30;11m▃[48;2;50;37;11m [48;2;192;147;15m [38;2;198;152;12;48;2;190;146;16m▀[38;2;196;151;12;48;2;188;146;14m▀[38;2;195;150;13;48;2;187;146;15m▀[38;2;194;149;13;48;2;186;145;15m▀[38;2;192;148;13;48;2;185;143;17m▀[38;2;191;147;13;48;2;184;143;17m▀[38;2;183;142;17;48;2;188;145;13m▃[38;2;182;142;15;48;2;189;145;13m▅[38;2;181;140;20;48;2;185;142;11m▂[38;2;178;142;14;48;2;187;144;12m▅[38;2;179;140;17;48;2;184;143;8m▂[38;2;185;144;11;48;2;182;139;13m▘[38;2;127;93;0;48;2;1;1;0m▍[48;2;1;0;3m [38;2;0;0;0;48;2;1;1;0m▃▗[38;2;1;1;0;48;2;0;0;0m▘[38;2;1;0;1m▞[38;2;0;0;0;48;2;1;1;1m▁[48;2;1;0;1m [38;2;181;138;3;48;2;0;1;3m▀[38;2;181;139;6;48;2;1;0;0m▀[38;2;181;139;7;48;2;1;1;2m▀[38;2;183;140;8;48;2;3;0;0m▀[38;2;1;1;1;48;2;181;139;8m▃[38;2;3;1;0m▃[38;2;181;138;6;48;2;1;1;3m▀[38;2;114;84;2;48;2;1;1;0m▔[0m
[38;2;0;0;0;48;2;0;0;0m         [38;2;0;1;0m▔  [38;2;133;92;3m▔[38;2;179;126;3m▔[38;2;183;137;4m▔[38;2;184;138;7m▔[38;2;183;139;5m▔[38;2;29;8;0m▔[38;2;29;10;1m▔[38;2;27;7;0m▔[48;2;1;0;1m [38;2;185;140;6;48;2;0;0;0m▔[38;2;183;145;13m▔[38;2;185;150;14m▔[38;2;187;153;16m▔[38;2;187;152;20;48;2;1;1;3m▔[38;2;1;1;2;48;2;187;150;19m▆[38;2;1;1;0;48;2;183;145;20m▅[38;2;184;149;27;48;2;3;4;2m▀[38;2;3;0;0;48;2;182;153;29m▃[38;2;0;3;1;48;2;182;155;36m▁[48;2;182;148;39m [48;2;181;153;37m [38;2;180;152;39;48;2;191;159;36m▅[38;2;185;157;41;48;2;191;159;37m▅[38;2;188;159;42;48;2;195;164;42m▆[38;2;190;161;44;48;2;197;165;43m▅[38;2;192;165;46;48;2;199;170;47m▅[38;2;193;167;50;48;2;201;173;51m▅[38;2;192;168;53;48;2;200;174;54m▅[38;2;190;168;57;48;2;199;174;55m▅[38;2;188;166;56;48;2;195;170;54m▅[38;2;186;162;55;48;2;191;167;53m▅[38;2;183;160;55;48;2;186;162;53m▅[48;2;181;158;54m [38;2;174;161;133;48;2;178;163;54m▝[38;2;137;103;56;48;2;170;149;105m▐[38;2;58;33;6;48;2;104;58;19m▗[48;2;85;46;7m [48;2;208;179;125m [38;2;215;184;140;48;2;197;144;86m▀[48;2;226;192;128m [48;2;230;185;113m [48;2;238;197;119m [38;2;247;229;184;48;2;238;193;121m▔[38;2;238;174;98;48;2;245;203;124m▗[38;2;225;163;112;48;2;247;207;132m▖[38;2;244;206;132;48;2;240;217;149m▕[38;2;242;182;108;48;2;233;153;69m▍[38;2;196;115;37;48;2;153;76;15m▊[38;2;104;33;0;48;2;224;167;92m▏[48;2;220;166;83m [48;2;227;186;103m [48;2;224;165;88m [48;2;220;173;99m [38;2;150;93;24;48;2;208;160;86m▝[38;2;132;93;32;48;2;205;156;88m▗[48;2;194;158;81m [38;2;177;132;64;48;2;190;158;94m▐[38;2;101;63;21;48;2;175;135;71m▔[48;2;167;134;71m [38;2;88;61;25;48;2;167;133;70m▘[38;2;82;59;39;48;2;145;106;53m▗[48;2;155;117;67m [38;2;122;83;31;48;2;86;51;14m▆[38;2;99;65;12;48;2;142;106;54m▏[38;2;55;35;13;48;2;125;86;36m▝[48;2;120;90;42m [38;2;87;50;12;48;2;102;67;19m▗[38;2;72;39;7;48;2;141;107;53m▖[38;2;82;53;23;48;2;132;96;37m▗[38;2;119;87;31;48;2;36;20;10m▀[38;2;104;67;15;48;2;139;102;48m▁[38;2;139;108;53;48;2;86;60;13m▀[38;2;91;62;28;48;2;146;108;54m▏[38;2;34;6;4;48;2;139;102;53m▗[38;2;79;42;9;48;2;138;99;48m▏[38;2;66;39;10;48;2;129;95;40m▗[38;2;65;41;2;48;2;139;103;46m▃[38;2;64;41;17;48;2;136;103;33m▏[38;2;53;24;7;48;2;122;90;54m▝[38;2;100;71;26;48;2;123;92;43m▏[38;2;143;105;57;48;2;83;55;19m▖[38;2;104;65;17;48;2;117;91;44m▕[48;2;112;72;26m [38;2;101;69;26;48;2;120;80;35m▝[38;2;44;19;0;48;2;105;71;34m▗[38;2;104;70;29;48;2;126;92;42m▂[38;2;76;44;15;48;2;108;79;43m▘[38;2;120;88;39;48;2;71;47;19m▊[38;2;72;45;7;48;2;113;80;35m▏[38;2;119;79;39;48;2;87;53;18m▖[38;2;36;10;1;48;2;81;43;4m▐[48;2;114;63;11m [38;2;189;148;105;48;2;135;82;23m▗[48;2;193;135;90m [38;2;110;55;15;48;2;174;126;72m▂[38;2;190;131;73;48;2;139;76;37m▀[38;2;162;99;43;48;2;204;153;90m▆[38;2;194;131;78;48;2;158;95;39m▃[38;2;200;144;86;48;2;161;106;55m▅[48;2;170;110;51m [48;2;168;93;50m [48;2;177;111;61m [38;2;176;139;100;48;2;210;171;38m▔[48;2;199;165;33m [48;2;189;154;32m [38;2;184;150;27;48;2;182;149;30m▀[38;2;181;147;27;48;2;178;147;32m▀[38;2;181;147;26m▀[38;2;181;146;27;48;2;178;146;32m▀[38;2;181;147;28;48;2;178;146;33m▀[48;2;179;146;33m▀[38;2;179;146;35;48;2;181;147;28m▃[38;2;179;148;34;48;2;184;147;28m▃[38;2;182;147;30;48;2;179;144;34m▀[48;2;184;144;25m [38;2;155;119;16;48;2;182;145;27m▁[38;2;138;103;8;48;2;45;27;10m▍[38;2;19;14;1;48;2;46;29;6m▂[38;2;17;10;3;48;2;48;28;8m▂[38;2;12;6;0;48;2;166;119;12m▂[38;2;27;24;0;48;2;181;139;19m▂[38;2;28;26;1;48;2;181;140;18m▂[38;2;36;30;1;48;2;182;142;23m▂[38;2;53;42;6;48;2;178;141;19m▂[38;2;27;25;3;48;2;179;138;24m▁[38;2;74;63;3;48;2;179;142;22m▁[38;2;46;40;8;48;2;178;145;27m▁[38;2;2;3;0;48;2;178;134;15m▃[38;2;179;142;22;48;2;2;2;1m▀[38;2;1;2;1;48;2;176;141;24m▆[38;2;180;137;20;48;2;0;0;0m▔[38;2;150;110;4;48;2;1;1;1m▔[48;2;0;0;0m   [38;2;1;1;0m▀     [38;2;2;1;0m▔   [38;2;2;0;1m▔ [38;2;1;1;1m▔[0m
[38;2;0;0;0;48;2;0;0;0m                               [48;2;0;1;0m [38;2;157;125;14;48;2;1;3;0m▔[38;2;1;1;0;48;2;180;143;33m▆[38;2;181;155;43;48;2;1;1;0m▀[38;2;0;0;3;48;2;181;147;39m▃[38;2;2;0;0;48;2;184;159;49m▃[38;2;51;47;5;48;2;183;161;51m▂[48;2;183;160;60m [38;2;180;157;59;48;2;184;162;55m▁[38;2;182;162;60;48;2;184;164;60m▅[38;2;179;162;63;48;2;183;164;58m▃[38;2;179;162;64;48;2;181;163;61m▃[38;2;179;160;59;48;2;178;161;64m▀[38;2;178;160;63;48;2;179;160;57m▆[48;2;178;164;61m [38;2;173;167;128;48;2;144;115;78m▘[38;2;136;106;64;48;2;103;61;24m▃[38;2;103;59;20;48;2;75;41;6m▃[38;2;199;167;114;48;2;84;47;8m▝[48;2;195;149;84m [38;2;190;128;66;48;2;197;173;111m▀[48;2;213;170;104m [48;2;206;160;85m [38;2;151;65;0;48;2;225;174;109m▃[48;2;221;171;93m [48;2;209;171;102m [48;2;223;177;103m [48;2;207;134;60m [38;2;26;8;4;48;2;179;95;18m▃[38;2;21;8;2;48;2;189;129;51m▍[48;2;212;158;88m [48;2;184;144;74m [38;2;151;111;47;48;2;186;140;75m▁[48;2;202;163;101m [38;2;132;99;48;48;2;184;146;80m▁[38;2;113;78;27;48;2;175;134;70m▝[48;2;181;147;80m [38;2;111;66;26;48;2;165;117;70m▖[38;2;178;149;94;48;2;123;89;31m▗[48;2;174;140;87m [48;2;157;125;73m [38;2;66;40;10;48;2;148;111;54m▗[48;2;162;125;69m [38;2;78;45;17;48;2;134;100;56m▂[38;2;154;119;69;48;2;135;97;49m▃[38;2;121;86;35;48;2;80;51;6m▅[48;2;143;103;49m [48;2;114;79;24m [48;2;137;102;51m [48;2;129;92;40m [48;2;121;85;32m [38;2;146;107;56;48;2;129;94;35m▅[38;2;119;85;35;48;2;85;54;16m▃[38;2;127;95;35;48;2;90;59;18m▃[38;2;17;4;4;48;2;98;74;31m▔[48;2;117;85;42m [38;2;128;95;38;48;2;69;37;9m▊[38;2;87;54;22;48;2;125;91;43m▔[38;2;65;42;11;48;2;130;103;55m▁[38;2;57;26;17;48;2;134;101;44m▐[48;2;119;84;42m [38;2;119;85;34;48;2;64;37;8m▖[38;2;130;93;40;48;2;111;76;31m▀[38;2;79;53;22;48;2;115;83;28m▝[38;2;142;110;58;48;2;99;69;26m▘[38;2;116;82;36;48;2;87;56;16m▍[38;2;93;60;17;48;2;122;88;34m▏[38;2;123;90;36;48;2;92;58;17m▂[48;2;113;80;26m [38;2;84;48;20;48;2;121;87;43m▍[38;2;83;52;15;48;2;111;77;26m▀[38;2;88;53;11;48;2;62;22;8m▘[38;2;109;56;13;48;2;80;37;15m▃[38;2;185;148;92;48;2;109;45;8m▔[38;2;169;118;69;48;2;113;54;12m▃[38;2;202;157;107;48;2;143;79;31m▃[38;2;147;74;30;48;2;190;130;73m▁[38;2;150;76;25;48;2;198;143;83m▃[38;2;155;90;33;48;2;205;152;96m▅[48;2;177;113;54m [38;2;210;148;95;48;2;178;112;59m▖[38;2;120;86;42;48;2;169;135;82m▗[38;2;160;126;88;48;2;197;169;73m▍[38;2;187;162;51;48;2;200;170;34m▃[38;2;185;157;48;48;2;189;161;42m▃[48;2;182;152;41m [38;2;102;83;13;48;2;180;149;35m▁[38;2;103;86;13;48;2;178;148;35m▁[38;2;26;23;0;48;2;178;148;36m▂[38;2;3;1;2;48;2;176;149;39m▃[38;2;1;0;0;48;2;178;147;38m▃[38;2;1;1;0;48;2;178;147;39m▃[38;2;178;147;38;48;2;1;1;0m▀[38;2;1;0;4;48;2;176;148;37m▅[38;2;1;1;0;48;2;170;127;20m▆[38;2;113;91;9;48;2;0;0;0m▔ [48;2;1;1;0m [48;2;0;0;0m    [38;2;2;0;0m▔  [38;2;1;0;0m▔                [38;2;1;1;1m▔▔     [0m
[38;2;1;0;1;48;2;0;0;0m▁▁▁▂[38;2;1;1;1m▂▂▂▂[38;2;1;0;1m▁▁▁▁▁▁▂▁▁▁▁▁▂[38;2;1;1;1m▂▂[38;2;1;0;1m▁▁▁ ▁▁▁[38;2;1;1;1m▁▁▁ ▁▁   [38;2;173;147;49;48;2;15;13;2m▔[38;2;35;31;9;48;2;178;162;61m▅[38;2;81;75;30;48;2;178;160;63m▃[38;2;138;130;53;48;2;177;163;67m▁[48;2;177;160;65m [38;2;177;163;69;48;2;177;161;65m▆[38;2;176;164;68;48;2;177;162;66m▅[38;2;177;165;69;48;2;176;160;66m▅[48;2;177;164;70m [38;2;178;170;89;48;2;134;100;48m▅[38;2;143;111;69;48;2;112;78;33m▖[38;2;187;153;97;48;2;112;76;31m▝[48;2;182;133;70m [38;2;192;178;119;48;2;178;136;86m▀[38;2;194;173;123;48;2;189;154;92m▍[38;2;189;150;90;48;2;194;162;102m▃[38;2;205;180;125;48;2;192;155;96m▀[38;2;193;153;86;48;2;210;175;117m▃[38;2;207;169;105;48;2;201;181;130m▔[38;2;195;178;136;48;2;200;171;110m▍[48;2;187;107;33m [38;2;154;85;28;48;2;55;25;6m▖[38;2;113;60;12;48;2;185;140;73m▏[48;2;185;140;75m [48;2;177;136;80m [38;2;106;57;14;48;2;162;123;65m▗[38;2;134;93;39;48;2;168;132;70m▏[48;2;168;156;95m [48;2;161;128;63m [48;2;171;139;81m [38;2;89;53;6;48;2;169;132;72m▔[38;2;128;87;34;48;2;158;124;59m▝[38;2;171;137;73;48;2;154;117;65m▊[38;2;104;64;19;48;2;158;114;66m▖[38;2;132;104;44;48;2;157;118;62m▕[38;2;140;109;64;48;2;85;50;13m▆[38;2;167;133;82;48;2;150;112;49m▍[38;2;157;123;70;48;2;93;62;22m▗[48;2;144;108;58m [38;2;135;103;53;48;2;69;42;17m▃[38;2;92;60;28;48;2;137;103;52m▏[48;2;123;91;31m [38;2;129;94;37;48;2;74;44;15m▃[48;2;133;101;46m [38;2;115;81;33;48;2;50;32;16m▃[38;2;87;56;22;48;2;137;108;51m▍[38;2;19;19;4;48;2;122;89;34m▝[38;2;44;25;10;48;2;117;89;39m▀[38;2;60;43;12;48;2;113;87;36m▝[38;2;119;85;42;48;2;83;48;10m▆[38;2;108;76;33;48;2;89;60;23m▆[38;2;89;57;21;48;2;114;77;33m▃[38;2;54;28;2;48;2;126;89;28m▍[38;2;54;28;8;48;2;132;98;45m▗[48;2;122;85;35m [38;2;71;37;12;48;2;123;89;37m▝[38;2;112;78;35;48;2;76;45;7m▆[38;2;133;101;42;48;2;110;72;28m▖[38;2;41;17;0;48;2;120;83;29m▖[38;2;74;45;19;48;2;120;95;55m▝[38;2;85;53;12;48;2;112;79;42m▏[38;2;69;41;16;48;2;123;90;41m▖[38;2;114;78;34;48;2;77;46;14m▆[38;2;40;15;0;48;2;115;90;31m▐[38;2;50;18;7;48;2;128;70;24m▖[38;2;158;108;60;48;2;140;81;30m▞[38;2;146;90;43;48;2;170;136;86m▃[38;2;202;165;111;48;2;159;104;52m▔[38;2;154;98;36;48;2;183;135;81m▀[38;2;168;110;52;48;2;159;98;43m▅[38;2;139;95;36;48;2;178;137;94m▏[38;2;125;79;33;48;2;193;141;84m▁[38;2;116;81;38;48;2;163;123;86m▍[38;2;108;75;41;48;2;167;133;87m▐[48;2;160;135;95m [38;2;15;12;0;48;2;180;157;44m▂[38;2;130;109;29;48;2;42;35;6m▘[38;2;83;66;10;48;2;2;0;0m▔[48;2;1;1;0m   [48;2;0;0;0m [38;2;1;1;1m▂[38;2;1;1;0m▁▁ [38;2;1;0;1m▁[38;2;1;1;1m▂▁▂▂[38;2;0;0;0;48;2;1;1;0m▔[38;2;1;1;1;48;2;0;0;0m▂▂▂▁▁▁▂▁▁▁▁▂▁▁▁▁▂▂▂▂▁▁▁▁▁▁▁▁▂[0m
[?25h