[38;2;237;227;223m[48;2;232;219;210m▃[38;2;232;221;215m[48;2;226;210;200m▄[38;2;228;216;209m[48;2;218;200;188m▄[38;2;222;209;200m[48;2;209;188;176m▄[38;2;217;202;193m[48;2;201;178;166m▄[38;2;212;195;188m[48;2;194;169;156m▄[38;2;208;191;184m[48;2;188;162;150m▄[38;2;203;186;180m[48;2;184;158;148m▄[38;2;201;183;177m[48;2;182;156;146m▄[38;2;198;180;174m[48;2;181;155;145m▄[38;2;196;177;170m[48;2;183;155;146m▄[38;2;198;178;169m[48;2;186;159;147m▃[38;2;201;179;170m[48;2;190;163;150m▂[38;2;201;177;166m[48;2;194;165;150m▂[38;2;197;173;160m[48;2;193;164;147m▂[38;2;190;165;153m[48;2;187;159;143m▂[38;2;172;145;132m[48;2;180;154;140m━[38;2;162;139;130m[48;2;167;141;128m▄[38;2;146;127;121m[48;2;148;127;119m▄[38;2;130;113;112m[48;2;128;111;105m▄[38;2;121;108;109m[48;2;105;92;92m▂[38;2;107;98;101m[48;2;87;77;81m▂[38;2;99;90;97m[48;2;75;65;74m▂[38;2;94;88;96m[48;2;64;59;70m▂[38;2;92;84;94m[48;2;59;55;68m▂[38;2;91;84;93m[48;2;57;54;67m▂[38;2;94;84;94m[48;2;58;53;67m▂[38;2;97;85;96m[48;2;60;53;67m▂[38;2;91;79;91m[48;2;58;49;65m▃[38;2;99;87;98m[48;2;61;51;67m▂[38;2;99;87;99m[48;2;60;50;67m▂[38;2;92;80;92m[48;2;55;45;62m▃[38;2;97;86;98m[48;2;56;46;64m▂[38;2;86;75;90m[48;2;49;40;59m▃[38;2;84;73;88m[48;2;47;37;59m▃[38;2;88;79;94m[48;2;48;40;61m▂[38;2;86;78;94m[48;2;46;40;61m▂[38;2;79;71;87m[48;2;42;35;58m▃[38;2;78;71;88m[48;2;41;36;59m▃[38;2;85;78;94m[48;2;45;39;63m▂[38;2;84;77;94m[48;2;44;38;61m▂[38;2;83;76;94m[48;2;44;38;61m▂[38;2;82;74;94m[48;2;42;37;60m▂[38;2;80;73;92m[48;2;40;37;59m▂[38;2;78;71;92m[48;2;39;35;59m▂[38;2;76;69;90m[48;2;38;34;57m▂[38;2;74;69;89m[48;2;37;33;56m▂[38;2;76;70;90m[48;2;37;34;56m▂[38;2;78;71;91m[48;2;38;34;57m▂[38;2;79;72;92m[48;2;38;34;57m▂[38;2;81;74;95m[48;2;39;36;59m▂[38;2;84;77;98m[48;2;41;38;62m▂[38;2;79;73;96m[48;2;41;37;61m▃[38;2;88;83;106m[48;2;47;43;67m▂[38;2;89;84;106m[48;2;48;44;68m▂[38;2;87;82;104m[48;2;47;44;68m▂[38;2;85;79;102m[48;2;46;43;67m▂[38;2;81;76;98m[48;2;43;41;65m▂[38;2;76;71;93m[48;2;40;38;62m▂[38;2;74;66;88m[48;2;38;35;59m▂[38;2;71;62;84m[48;2;35;32;56m▂[38;2;71;61;83m[48;2;35;31;54m▂[38;2;73;62;83m[48;2;36;30;53m▂[38;2;72;62;83m[48;2;35;29;53m▂[38;2;73;64;83m[48;2;34;28;52m▂[38;2;74;63;84m[48;2;34;27;51m▂[38;2;74;62;84m[48;2;33;27;50m▂[38;2;72;61;83m[48;2;31;26;49m▂[38;2;70;61;84m[48;2;30;25;48m▂[38;2;68;59;82m[48;2;29;23;49m▂[38;2;66;57;81m[48;2;28;23;48m▂[38;2;63;55;79m[48;2;26;21;48m▂[38;2;61;55;78m[48;2;23;21;47m▂[38;2;61;55;79m[48;2;24;21;49m▂[38;2;62;56;79m[48;2;25;22;51m▂[38;2;65;59;82m[48;2;28;25;55m▂[38;2;70;62;88m[48;2;32;28;59m▂[38;2;67;59;87m[48;2;31;28;59m▃[38;2;68;60;89m[48;2;32;30;61m▃[38;2;67;59;89m[48;2;31;29;61m▃[38;2;65;56;87m[48;2;30;29;61m▃[38;2;59;51;83m[48;2;28;27;60m▃[38;2;55;47;77m[48;2;26;25;58m▃[38;2;55;44;74m[48;2;28;25;58m▃[38;2;60;46;73m[48;2;34;28;60m▃[38;2;69;50;79m[48;2;47;36;68m▃[38;2;81;57;87m[48;2;63;46;77m▃[38;2;94;67;98m[48;2;80;55;86m▂[38;2;103;73;105m[48;2;93;63;95m▃[38;2;112;79;111m[48;2;105;71;104m▃[38;2;118;84;117m[48;2;112;77;109m▂[38;2;115;84;117m[48;2;110;76;109m▂[38;2;109;79;114m[48;2;102;71;106m▂[38;2;100;73;108m[48;2;90;64;99m▂[38;2;90;66;105m[48;2;76;57;93m▂[38;2;76;58;94m[48;2;62;47;83m▃[38;2;67;52;87m[48;2;48;40;77m▃[38;2;64;50;85m[48;2;41;34;73m▂[38;2;59;48;82m[48;2;34;31;69m▂[38;2;53;46;80m[48;2;28;28;66m▃[38;2;56;48;83m[48;2;27;27;66m▃[38;2;58;50;88m[48;2;28;27;66m▃[38;2;61;50;89m[48;2;29;26;66m▃[38;2;76;61;99m[48;2;31;27;67m▃[0m
[38;2;210;199;208m[48;2;235;228;226m▂[38;2;200;190;198m[48;2;232;224;222m▂[38;2;190;180;187m[48;2;228;219;217m▂[38;2;190;181;184m[48;2;228;218;216m▃[38;2;190;181;185m[48;2;226;215;214m▃[38;2;183;172;179m[48;2;220;210;209m▂[38;2;183;172;178m[48;2;218;208;207m▂[38;2;183;172;178m[48;2;216;206;205m▂[38;2;182;171;176m[48;2;215;204;203m▂[38;2;182;169;173m[48;2;214;201;200m▂[38;2;181;164;170m[48;2;211;197;196m▂[38;2;179;160;164m[48;2;208;193;190m▂[38;2;178;157;159m[48;2;207;189;185m▂[38;2;179;155;158m[48;2;204;185;180m▂[38;2;184;160;162m[48;2;202;182;174m▃[38;2;185;159;161m[48;2;195;174;167m▃[38;2;184;161;159m[48;2;186;166;160m▄[38;2;181;161;158m[48;2;174;155;149m▆[38;2;184;164;163m[48;2;168;150;149m▃[38;2;184;165;164m[48;2;157;142;141m▃[38;2;178;160;159m[48;2;144;132;133m▄[38;2;174;158;156m[48;2;136;126;129m▄[38;2;170;155;153m[48;2;132;122;127m▄[38;2;169;153;151m[48;2;129;120;126m▄[38;2;166;149;148m[48;2;129;119;126m▄[38;2;163;145;146m[48;2;129;119;126m▄[38;2;159;141;142m[48;2;129;120;127m▄[38;2;152;135;138m[48;2;127;116;124m▅[38;2;147;131;137m[48;2;123;113;121m▆[38;2;146;130;136m[48;2;125;114;123m▆[38;2;143;128;135m[48;2;126;114;124m▆[38;2;138;124;131m[48;2;119;108;117m▇[38;2;135;121;130m[48;2;117;107;115m▇[38;2;129;118;127m[48;2;114;105;114m▇[38;2;126;114;125m[48;2;112;102;114m▇[38;2;124;112;123m[48;2;111;100;114m▇[38;2;123;112;123m[48;2;109;99;116m▇[38;2;123;111;124m[48;2;107;99;115m▇[38;2;122;110;126m[48;2;108;100;115m▇[38;2;122;110;126m[48;2;107;99;114m▇[38;2;121;109;126m[48;2;106;98;113m▇[38;2;120;108;125m[48;2;105;96;113m▇[38;2;119;108;124m[48;2;104;96;112m▇[38;2;117;106;122m[48;2;101;94;110m▇[38;2;115;105;121m[48;2;100;93;111m▇[38;2;114;103;119m[48;2;99;92;110m▇[38;2;113;103;119m[48;2;98;91;109m▇[38;2;114;104;120m[48;2;100;92;108m▇[38;2;115;105;123m[48;2;105;97;112m▆[38;2;117;108;126m[48;2;106;98;113m▆[38;2;121;110;131m[48;2;111;102;119m▅[38;2;125;114;136m[48;2;114;104;123m▅[38;2;128;117;139m[48;2;116;107;127m▅[38;2;130;118;140m[48;2;114;107;126m▆[38;2;131;118;139m[48;2;114;107;127m▆[38;2;128;115;137m[48;2;113;106;126m▆[38;2;125;112;130m[48;2;112;103;123m▆[38;2;122;107;125m[48;2;103;94;114m▇[38;2;120;104;121m[48;2;105;95;114m▆[38;2;118;101;117m[48;2;102;92;109m▆[38;2;117;99;115m[48;2;100;89;107m▆[38;2;117;99;115m[48;2;99;88;106m▆[38;2;117;100;116m[48;2;100;88;105m▆[38;2;119;103;120m[48;2;101;90;106m▆[38;2;121;105;124m[48;2;102;91;108m▆[38;2;121;108;125m[48;2;103;91;108m▆[38;2;122;109;126m[48;2;102;91;108m▆[38;2;121;108;126m[48;2;101;89;107m▆[38;2;119;106;123m[48;2;98;89;106m▆[38;2;115;102;120m[48;2;96;87;105m▆[38;2;112;99;117m[48;2;95;85;104m▆[38;2;109;96;115m[48;2;93;83;103m▆[38;2;104;91;111m[48;2;84;76;97m▇[38;2;103;90;112m[48;2;84;75;99m▇[38;2;104;91;114m[48;2;91;81;104m▆[38;2;108;94;117m[48;2;92;82;106m▆[38;2;113;98;121m[48;2;95;85;109m▆[38;2;120;101;127m[48;2;102;88;113m▅[38;2;122;99;127m[48;2;103;87;113m▅[38;2;119;94;123m[48;2;99;83;109m▅[38;2;113;87;116m[48;2;95;77;104m▅[38;2;104;79;108m[48;2;90;69;98m▅[38;2;98;71;101m[48;2;84;64;91m▅[38;2;93;65;95m[48;2;80;59;87m▆[38;2;91;64;93m[48;2;82;60;89m▆[38;2;93;66;96m[48;2;87;62;92m▇[38;2;92;68;98m[48;2;100;71;102m▂[38;2;98;71;104m[48;2;108;78;110m▃[38;2;100;74;109m[48;2;114;82;115m▃[38;2;102;77;113m[48;2;119;86;120m▃[38;2;101;77;113m[48;2;120;88;122m▃[38;2;98;73;112m[48;2;117;86;122m▃[38;2;95;69;107m[48;2;111;81;116m▃[38;2;92;66;102m[48;2;105;76;110m▄[38;2;87;62;97m[48;2;97;70;104m▄[38;2;82;57;91m[48;2;88;63;99m▄[38;2;78;56;87m[48;2;80;60;96m▅[38;2;73;55;85m[48;2;73;57;92m▅[38;2;70;55;84m[48;2;70;55;89m▄[38;2;70;55;85m[48;2;69;56;89m▃[38;2;72;57;88m[48;2;72;58;93m▄[38;2;78;63;98m[48;2;84;68;104m▌[38;2;89;72;108m[48;2;95;77;114m▎[38;2;102;81;118m[48;2;111;89;127m▄[0m
[38;2;80;65;82m[48;2;157;143;153m▆[38;2;89;75;92m[48;2;158;146;155m▆[38;2;93;78;94m[48;2;146;134;144m▅[38;2;94;78;93m[48;2;140;128;139m▄[38;2;96;80;93m[48;2;142;130;139m▄[38;2;100;82;95m[48;2;144;132;141m▄[38;2;105;85;98m[48;2;147;134;143m▄[38;2;105;82;94m[48;2;144;129;138m▃[38;2;114;90;103m[48;2;152;136;144m▄[38;2;118;93;105m[48;2;153;136;143m▄[38;2;122;94;105m[48;2;155;135;142m▄[38;2;124;94;104m[48;2;156;133;140m▄[38;2;123;90;97m[48;2;155;129;136m▃[38;2;130;95;102m[48;2;160;132;137m▃[38;2;142;105;110m[48;2;167;138;142m▃[38;2;156;120;120m[48;2;176;148;151m▃[38;2;170;134;131m[48;2;184;156;156m▂[38;2;187;153;146m[48;2;195;168;165m▂[38;2;202;171;160m[48;2;205;180;174m▂[38;2;220;195;187m[48;2;210;185;176m━[38;2;222;197;187m[48;2;204;185;179m▆[38;2;223;199;188m[48;2;205;185;179m▆[38;2;220;195;185m[48;2;201;182;175m▆[38;2;212;184;173m[48;2;207;183;178m▄[38;2;198;165;155m[48;2;202;176;170m▂[38;2;185;151;143m[48;2;192;166;161m▂[38;2;170;135;132m[48;2;180;153;152m▂[38;2;150;118;117m[48;2;166;141;143m▂[38;2;132;101;106m[48;2;152;129;132m▂[38;2;113;86;94m[48;2;138;119;125m▂[38;2;100;80;91m[48;2;130;114;123m▃[38;2;86;70;83m[48;2;121;108;118m▃[38;2;74;61;77m[48;2;115;103;114m▃[38;2;66;54;71m[48;2;110;100;112m▃[38;2;59;50;67m[48;2;107;98;111m▃[38;2;55;49;65m[48;2;105;97;110m▃[38;2;55;47;65m[48;2;104;96;110m▃[38;2;54;47;64m[48;2;104;95;110m▃[38;2;54;45;65m[48;2;103;94;110m▃[38;2;54;45;66m[48;2;103;94;109m▃[38;2;54;45;66m[48;2;103;94;109m▃[38;2;53;45;65m[48;2;104;93;109m▃[38;2;53;45;65m[48;2;103;92;109m▃[38;2;52;44;64m[48;2;101;92;108m▃[38;2;51;45;65m[48;2;100;92;108m▃[38;2;51;46;68m[48;2;100;93;109m▃[38;2;52;48;70m[48;2;101;94;112m▃[38;2;55;52;76m[48;2;103;97;118m▃[38;2;59;57;85m[48;2;106;101;123m▃[38;2;61;62;92m[48;2;109;105;130m▃[38;2;66;67;100m[48;2;113;109;136m▃[38;2;70;71;105m[48;2;115;113;139m▃[38;2;73;73;106m[48;2;117;115;141m▃[38;2;74;73;107m[48;2;120;114;141m▃[38;2;74;70;102m[48;2;119;112;137m▃[38;2;74;66;95m[48;2;119;109;132m▃[38;2;75;63;89m[48;2;119;105;125m▃[38;2;77;60;83m[48;2;118;102;120m▃[38;2;73;52;74m[48;2;118;97;115m▂[38;2;84;61;80m[48;2;125;101;117m▃[38;2;81;55;76m[48;2;123;97;113m▂[38;2;90;64;86m[48;2;128;102;118m▃[38;2;89;68;90m[48;2;127;105;121m▃[38;2;88;71;96m[48;2;126;106;124m▃[38;2;88;76;101m[48;2;126;110;129m▃[38;2;88;77;106m[48;2;125;112;132m▃[38;2;83;77;108m[48;2;124;113;135m▃[38;2;80;75;105m[48;2;122;111;134m▃[38;2;76;71;98m[48;2;118;108;130m▃[38;2;73;67;95m[48;2;115;105;127m▃[38;2;70;65;91m[48;2;113;102;125m▃[38;2;69;63;90m[48;2;110;99;122m▃[38;2;68;61;90m[48;2;107;96;119m▃[38;2;70;60;92m[48;2;107;96;119m▃[38;2;75;65;97m[48;2;109;98;122m▃[38;2;77;66;100m[48;2;111;97;123m▂[38;2;84;74;108m[48;2;115;101;128m▂[38;2;94;82;118m[48;2;122;107;135m▃[38;2;95;83;119m[48;2;122;105;133m▃[38;2;98;84;118m[48;2;121;102;130m▄[38;2;91;77;113m[48;2;112;92;122m▃[38;2;85;71;104m[48;2;105;85;114m▄[38;2;73;60;95m[48;2;93;73;103m▃[38;2;64;51;86m[48;2;84;64;94m▃[38;2;60;47;82m[48;2;81;61;91m▄[38;2;58;46;81m[48;2;79;59;90m▄[38;2;58;48;82m[48;2;80;59;94m▄[38;2;57;49;85m[48;2;79;61;98m▃[38;2;61;53;92m[48;2;82;65;102m▃[38;2;65;57;97m[48;2;85;68;104m▃[38;2;66;59;99m[48;2;85;69;106m▃[38;2;64;56;96m[48;2;84;67;103m▃[38;2;60;52;90m[48;2;81;64;100m▃[38;2;54;47;82m[48;2;78;60;96m▃[38;2;49;41;74m[48;2;75;56;93m▃[38;2;46;36;70m[48;2;72;54;89m▃[38;2;40;31;63m[48;2;70;51;84m▃[38;2;36;27;56m[48;2;68;51;81m▃[38;2;33;24;52m[48;2;65;51;80m▃[38;2;31;22;49m[48;2;65;51;80m▃[38;2;28;20;47m[48;2;64;50;80m▃[38;2;31;23;53m[48;2;63;50;79m▄[38;2;27;21;53m[48;2;55;44;76m▄[38;2;26;23;54m[48;2;51;40;74m▅[0m
[38;2;69;48;64m[48;2;55;38;55m▄[38;2;63;43;61m[48;2;54;37;56m▅[38;2;64;43;62m[48;2;56;38;56m▂[38;2;61;41;58m[48;2;53;36;53m▂[38;2;61;42;59m[48;2;53;35;53m▂[38;2;66;45;63m[48;2;57;37;55m▂[38;2;74;51;65m[48;2;63;41;58m▂[38;2;83;58;72m[48;2;72;46;60m▂[38;2;94;64;78m[48;2;79;52;65m▂[38;2;103;70;80m[48;2;87;56;69m▂[38;2;109;74;82m[48;2;91;59;70m▂[38;2;115;76;83m[48;2;98;61;71m▂[38;2;118;78;84m[48;2;104;65;74m▂[38;2;125;85;87m[48;2;113;72;78m▂[38;2;125;84;86m[48;2;132;92;92m▌[38;2;143;103;102m[48;2;152;113;109m▊[38;2;159;120;115m[48;2;168;130;122m▌[38;2;177;141;131m[48;2;187;151;141m▌[38;2;195;162;148m[48;2;202;170;156m▌[38;2;209;178;161m[48;2;212;185;167m▌[38;2;219;192;173m[48;2;216;188;171m▅[38;2;223;196;177m[48;2;224;197;178m▄[38;2;219;191;176m[48;2;215;185;172m▅[38;2;209;179;166m[48;2;204;172;159m▊[38;2;199;166;154m[48;2;193;158;148m▌[38;2;185;150;140m[48;2;177;141;132m▌[38;2;166;131;125m[48;2;157;122;117m▌[38;2;146;111;109m[48;2;134;101;99m▌[38;2;122;91;93m[48;2;111;81;85m▌[38;2;101;73;77m[48;2;90;64;71m▌[38;2;80;57;69m[48;2;72;51;63m▌[38;2;66;46;58m[48;2;58;41;55m▌[38;2;52;36;54m[48;2;46;33;50m▌[38;2;46;32;49m[48;2;39;27;43m▃[38;2;43;30;47m[48;2;34;23;41m▃[38;2;41;30;47m[48;2;30;20;42m▃[38;2;45;33;50m[48;2;30;20;42m▂[38;2;42;30;48m[48;2;28;19;41m▃[38;2;45;32;50m[48;2;27;20;41m▂[38;2;43;31;50m[48;2;25;19;41m▂[38;2;38;30;48m[48;2;23;19;40m▂[38;2;36;27;48m[48;2;22;18;40m▂[38;2;33;25;48m[48;2;22;18;39m▂[38;2;29;26;47m[48;2;21;18;39m▂[38;2;29;26;47m[48;2;22;19;40m▂[38;2;31;27;50m[48;2;25;21;44m▂[38;2;35;30;53m[48;2;28;24;48m▃[38;2;40;35;61m[48;2;31;28;56m▄[38;2;44;41;68m[48;2;35;33;64m▄[38;2;50;48;78m[48;2;40;41;72m▃[38;2;57;52;84m[48;2;45;47;82m▃[38;2;61;58;92m[48;2;50;51;89m▂[38;2;62;61;98m[48;2;51;53;91m▂[38;2;61;60;99m[48;2;50;53;90m▂[38;2;58;58;96m[48;2;49;50;87m▂[38;2;61;59;94m[48;2;48;47;80m▁[38;2;56;50;83m[48;2;48;42;73m▂[38;2;53;45;75m[48;2;50;39;65m▃[38;2;57;44;71m[48;2;51;36;60m▄[38;2;60;46;72m[48;2;55;36;61m▄[38;2;63;48;74m[48;2;58;37;60m▅[38;2;67;53;83m[48;2;60;41;66m▄[38;2;67;56;89m[48;2;60;45;71m▄[38;2;64;58;92m[48;2;60;48;77m▄[38;2;63;62;97m[48;2;59;52;85m▃[38;2;60;60;97m[48;2;58;52;87m▄[38;2;55;56;94m[48;2;55;53;87m▄[38;2;49;49;84m[48;2;56;53;84m▆[38;2;43;44;76m[48;2;53;50;81m▆[38;2;40;42;72m[48;2;49;47;77m▆[38;2;41;41;71m[48;2;50;45;75m▇[38;2;40;41;71m[48;2;47;44;75m▆[38;2;41;41;72m[48;2;47;43;75m▇[38;2;43;43;74m[48;2;48;43;76m▆[38;2;54;50;84m[48;2;48;47;81m▝[38;2;54;53;89m[48;2;60;56;90m▄[38;2;61;60;99m[48;2;69;63;102m▄[38;2;63;63;102m[48;2;73;69;108m▃[38;2;68;67;107m[48;2;76;72;111m▅[38;2;69;69;108m[48;2;79;72;112m▆[38;2;65;65;104m[48;2;73;69;108m▄[38;2;57;59;98m[48;2;65;63;100m▃[38;2;56;56;92m[48;2;52;52;87m▌[38;2;44;45;80m[48;2;49;45;78m▆[38;2;39;39;72m[48;2;46;40;72m▇[38;2;36;37;71m[48;2;40;37;68m▅[38;2;36;36;72m[48;2;42;37;71m▆[38;2;37;40;77m[48;2;45;43;80m▆[38;2;41;45;84m[48;2;48;47;87m▆[38;2;46;50;92m[48;2;52;52;92m▅[38;2;51;55;96m[48;2;57;55;94m▇[38;2;51;56;97m[48;2;52;53;93m▅[38;2;52;53;92m[48;2;50;49;88m▄[38;2;49;50;88m[48;2;44;43;80m▅[38;2;47;46;81m[48;2;38;36;70m▅[38;2;44;39;71m[48;2;34;31;63m▅[38;2;39;35;65m[48;2;31;27;58m▄[38;2;32;28;59m[48;2;26;22;52m▄[38;2;29;25;50m[48;2;24;19;44m▄[38;2;26;23;47m[48;2;22;17;43m▄[38;2;24;21;49m[48;2;21;17;43m▄[38;2;21;19;50m[48;2;19;15;44m▅[38;2;20;17;48m[48;2;17;15;46m▆[38;2;0;0;0m[48;2;18;16;47m [0m
[38;2;55;41;57m[48;2;67;46;64m▅[38;2;58;41;59m[48;2;64;44;62m▄[38;2;61;43;59m[48;2;64;43;62m▅[38;2;67;47;61m[48;2;62;42;60m▁[38;2;64;43;60m[48;2;64;43;61m▄[38;2;67;45;62m[48;2;67;45;63m▄[38;2;72;47;63m[48;2;75;48;64m▄[38;2;81;53;68m[48;2;85;57;70m▊[38;2;89;60;73m[48;2;94;62;76m▌[38;2;104;69;79m[48;2;98;67;76m▝[38;2;104;71;80m[48;2;111;73;82m▃[38;2;110;74;83m[48;2;117;76;85m▂[38;2;116;80;87m[48;2;122;81;89m▂[38;2;125;86;91m[48;2;131;92;95m▌[38;2;136;98;99m[48;2;143;105;105m▌[38;2;150;112;110m[48;2;157;121;118m▌[38;2;164;129;124m[48;2;172;137;130m▌[38;2;180;146;137m[48;2;187;155;145m▌[38;2;195;164;152m[48;2;202;171;159m▌[38;2;209;179;164m[48;2;213;185;169m▊[38;2;215;186;170m[48;2;219;192;174m▄[38;2;217;189;173m[48;2;222;195;178m▄[38;2;214;186;172m[48;2;218;190;175m▄[38;2;211;182;168m[48;2;207;177;164m▌[38;2;202;171;159m[48;2;198;165;154m▌[38;2;191;158;147m[48;2;184;150;140m▌[38;2;174;141;133m[48;2;163;132;126m▌[38;2;154;121;118m[48;2;143;111;109m▌[38;2;130;101;101m[48;2;120;90;95m▌[38;2;108;81;86m[48;2;98;73;81m▌[38;2;88;66;77m[48;2;81;59;71m▌[38;2;82;61;75m[48;2;72;52;65m▁[38;2;70;53;70m[48;2;62;43;61m▂[38;2;67;50;68m[48;2;55;41;58m▂[38;2;67;50;67m[48;2;54;40;57m▂[38;2;67;49;65m[48;2;54;38;56m▃[38;2;70;51;68m[48;2;56;40;57m▃[38;2;72;52;70m[48;2;56;41;58m▃[38;2;71;51;69m[48;2;55;40;57m▃[38;2;66;47;65m[48;2;53;38;55m▃[38;2;61;46;63m[48;2;48;36;53m▃[38;2;58;43;62m[48;2;46;34;52m▃[38;2;56;42;63m[48;2;43;33;53m▃[38;2;54;40;63m[48;2;41;32;54m▄[38;2;55;43;67m[48;2;41;34;56m▃[38;2;57;45;71m[48;2;41;34;58m▄[38;2;65;51;82m[48;2;47;40;64m▃[38;2;70;55;88m[48;2;49;41;67m▄[38;2;79;63;99m[48;2;55;46;75m▃[38;2;87;71;105m[48;2;60;50;84m▃[38;2;97;80;113m[48;2;64;55;89m▃[38;2;104;87;122m[48;2;69;60;95m▃[38;2;110;93;128m[48;2;72;63;100m▃[38;2;117;99;134m[48;2;73;64;103m▃[38;2;123;104;140m[48;2;74;65;104m▃[38;2;124;103;141m[48;2;75;66;102m▃[38;2;121;101;138m[48;2;75;63;98m▃[38;2;118;97;135m[48;2;74;61;95m▃[38;2;114;93;130m[48;2;74;59;92m▃[38;2;124;99;138m[48;2;76;62;93m▂[38;2;103;85;122m[48;2;73;59;91m▃[38;2;103;87;122m[48;2;75;63;97m▂[38;2;102;87;119m[48;2;70;62;96m▂[38;2;96;83;118m[48;2;68;63;97m▂[38;2;91;81;116m[48;2;65;63;101m▂[38;2;88;79;112m[48;2;61;61;98m▂[38;2;83;78;109m[48;2;58;59;94m▂[38;2;75;71;101m[48;2;53;53;86m▃[38;2;74;68;100m[48;2;50;49;80m▂[38;2;63;59;91m[48;2;43;43;73m▃[38;2;57;53;84m[48;2;40;39;69m▃[38;2;52;50;81m[48;2;40;38;69m▂[38;2;49;43;76m[48;2;40;36;68m▂[38;2;46;41;73m[48;2;41;38;70m▂[38;2;42;38;71m[48;2;43;43;77m▆[38;2;42;39;72m[48;2;47;46;82m▅[38;2;38;38;74m[48;2;50;50;88m▃[38;2;38;39;77m[48;2;52;52;90m▃[38;2;37;38;76m[48;2;53;52;91m▃[38;2;38;39;77m[48;2;54;53;93m▄[38;2;36;37;75m[48;2;52;51;90m▄[38;2;32;34;72m[48;2;47;48;86m▄[38;2;28;30;68m[48;2;42;44;82m▄[38;2;24;25;62m[48;2;37;38;75m▃[38;2;23;23;59m[48;2;34;34;70m▃[38;2;22;22;58m[48;2;32;32;68m▃[38;2;23;23;59m[48;2;31;31;67m▃[38;2;22;25;61m[48;2;32;34;71m▄[38;2;24;30;66m[48;2;34;40;77m▅[38;2;28;33;69m[48;2;38;43;83m▅[38;2;31;35;73m[48;2;42;46;87m▅[38;2;35;37;75m[48;2;44;47;88m▅[38;2;37;38;75m[48;2;44;45;84m▅[38;2;41;39;75m[48;2;44;43;80m▅[38;2;43;39;72m[48;2;43;41;76m▆[38;2;46;41;73m[48;2;42;37;69m▄[38;2;44;39;71m[48;2;38;33;65m▄[38;2;43;38;70m[48;2;34;29;61m▄[38;2;41;36;68m[48;2;31;27;56m▅[38;2;40;35;67m[48;2;30;26;56m▅[38;2;40;35;67m[48;2;29;26;56m▅[38;2;46;41;72m[48;2;32;28;59m▃[38;2;42;37;69m[48;2;29;26;57m▆[38;2;37;32;64m[48;2;44;38;71m━[0m
[38;2;112;91;96m[48;2;76;58;71m▄[38;2;120;94;100m[48;2;81;62;74m▄[38;2;118;92;99m[48;2;86;65;76m▄[38;2;113;88;95m[48;2;88;65;78m▄[38;2;110;84;94m[48;2;87;65;78m▄[38;2;104;79;90m[48;2;84;61;75m▅[38;2;101;76;88m[48;2;85;60;74m▅[38;2;102;76;87m[48;2;87;61;74m▆[38;2;106;80;90m[48;2;95;67;80m▆[38;2;113;87;94m[48;2;104;74;86m▅[38;2;117;88;96m[48;2;107;75;84m▆[38;2;120;89;98m[48;2;111;78;86m▆[38;2;124;94;99m[48;2;116;84;90m▅[38;2;132;101;106m[48;2;124;93;98m▅[38;2;134;102;107m[48;2;140;110;113m▘[38;2;147;117;117m[48;2;153;124;122m▌[38;2;160;131;128m[48;2;166;138;134m▌[38;2;173;146;139m[48;2;181;154;145m▌[38;2;189;162;152m[48;2;197;169;158m▌[38;2;204;177;165m[48;2;210;183;170m▌[38;2;218;190;178m[48;2;215;188;175m▂[38;2;220;193;180m[48;2;217;189;175m▅[38;2;218;191;179m[48;2;215;187;174m▄[38;2;214;187;174m[48;2;209;180;168m▄[38;2;207;179;167m[48;2;201;172;161m▄[38;2;197;168;158m[48;2;190;159;149m▅[38;2;172;142;136m[48;2;184;154;147m▝[38;2;169;140;136m[48;2;156;127;123m▅[38;2;153;123;124m[48;2;138;108;111m▅[38;2;135;109;112m[48;2;121;94;100m▄[38;2;118;93;101m[48;2;103;80;90m▅[38;2;106;85;96m[48;2;94;73;85m▄[38;2;97;77;89m[48;2;85;66;81m▄[38;2;88;69;83m[48;2;78;62;79m▄[38;2;82;65;82m[48;2;77;60;78m▃[38;2;78;61;79m[48;2;76;58;74m▆[38;2;76;61;78m[48;2;78;60;78m▃[38;2;73;58;76m[48;2;79;60;78m▃[38;2;79;59;78m[48;2;77;56;75m━[38;2;87;55;77m[48;2;76;54;74m▂[38;2;91;64;87m[48;2;76;55;76m▂[38;2;95;71;98m[48;2;75;55;76m▄[38;2;106;80;109m[48;2;73;53;75m▅[38;2;120;93;127m[48;2;84;59;86m▄[38;2;142;111;150m[48;2;90;63;93m▄[38;2;166;132;160m[48;2;95;71;102m▄[38;2;180;150;180m[48;2;100;80;115m▄[38;2;189;160;191m[48;2;112;91;129m▄[38;2;201;175;202m[48;2;129;107;145m▄[38;2;202;175;212m[48;2;135;111;148m▅[38;2;208;182;217m[48;2;145;119;149m▅[38;2;222;195;224m[48;2;156;127;155m▅[38;2;225;196;228m[48;2;171;142;168m▄[38;2;236;210;239m[48;2;176;147;178m▄[38;2;235;209;240m[48;2;163;133;174m▆[38;2;235;210;242m[48;2;166;131;175m▆[38;2;235;210;242m[48;2;169;135;177m▆[38;2;233;206;239m[48;2;183;146;193m▅[38;2;225;196;230m[48;2;173;145;181m▅[38;2;218;187;223m[48;2;165;140;174m▅[38;2;209;181;214m[48;2;147;124;159m▆[38;2;218;192;223m[48;2;157;136;166m▅[38;2;212;189;217m[48;2;144;123;150m▆[38;2;209;186;213m[48;2;138;117;145m▆[38;2;207;185;211m[48;2;132;112;141m▆[38;2;207;184;208m[48;2;138;119;146m▅[38;2;194;171;193m[48;2;124;109;140m▅[38;2;182;159;181m[48;2;123;109;140m▄[38;2;162;140;164m[48;2;110;98;131m▄[38;2;152;128;153m[48;2;103;92;125m▃[38;2;144;118;143m[48;2;97;86;119m▂[38;2;117;99;125m[48;2;86;75;109m▂[38;2;93;82;115m[48;2;64;56;89m▅[38;2;88;78;112m[48;2;60;53;86m▄[38;2;80;72;106m[48;2;52;47;79m▄[38;2;72;65;99m[48;2;46;41;73m▄[38;2;69;63;95m[48;2;43;41;74m▃[38;2;62;57;89m[48;2;38;38;72m▃[38;2;57;53;85m[48;2;36;36;71m▂[38;2;48;45;76m[48;2;31;31;67m▂[38;2;37;35;65m[48;2;28;28;63m▁[38;2;24;24;56m[48;2;25;27;64m▅[38;2;20;21;53m[48;2;22;24;61m▅[38;2;18;19;51m[48;2;20;21;56m▅[38;2;23;23;54m[48;2;18;19;53m▁[38;2;23;22;52m[48;2;18;18;53m▁[38;2;22;20;51m[48;2;18;17;52m▂[38;2;21;21;52m[48;2;17;18;52m▂[38;2;18;18;51m[48;2;18;21;57m▆[38;2;19;19;53m[48;2;21;23;61m▆[38;2;19;20;54m[48;2;25;26;63m▆[38;2;21;21;55m[48;2;28;28;65m▆[38;2;23;24;56m[48;2;30;31;65m▆[38;2;28;27;58m[48;2;36;33;66m▆[38;2;35;31;63m[48;2;40;35;67m▆[38;2;41;36;68m[48;2;40;35;67m▄[38;2;50;45;77m[48;2;43;38;70m▂[38;2;55;50;82m[48;2;46;41;73m▂[38;2;58;53;85m[48;2;48;43;75m▃[38;2;62;57;89m[48;2;50;45;77m▃[38;2;66;60;95m[48;2;53;47;82m▃[38;2;69;63;101m[48;2;52;46;82m▅[38;2;76;70;109m[48;2;51;45;81m▅[38;2;82;75;116m[48;2;51;44;82m▅[0m
[38;2;121;102;103m[48;2;120;96;99m▄[38;2;118;96;98m[48;2;133;107;108m▁[38;2;123;100;103m[48;2;136;109;112m▁[38;2;129;103;106m[48;2;129;102;105m▄[38;2;128;99;103m[48;2;122;95;100m▆[38;2;126;95;100m[48;2;117;90;95m▅[38;2;123;92;97m[48;2;113;85;90m▅[38;2;121;90;95m[48;2;112;84;90m▅[38;2;120;89;94m[48;2;112;84;89m▅[38;2;120;89;94m[48;2;115;86;91m▄[38;2;114;88;92m[48;2;115;87;92m▄[38;2;110;85;91m[48;2;115;89;93m▅[38;2;109;84;91m[48;2;118;91;94m▆[38;2;111;87;93m[48;2;125;96;100m▅[38;2;119;94;99m[48;2;132;105;109m▄[38;2;132;107;110m[48;2;143;119;120m▄[38;2;143;119;121m[48;2;156;131;130m▖[38;2;164;142;137m[48;2;172;149;144m▃[38;2;183;161;154m[48;2;193;170;161m▌[38;2;201;179;170m[48;2;209;186;175m▌[38;2;215;193;179m[48;2;218;197;183m▌[38;2;222;202;188m[48;2;219;196;182m▆[38;2;222;203;189m[48;2;219;197;183m▅[38;2;219;199;185m[48;2;214;192;178m▅[38;2;213;191;183m[48;2;210;185;175m▂[38;2;204;179;171m[48;2;197;172;165m▎[38;2;187;163;157m[48;2;179;154;150m▌[38;2;157;134;133m[48;2;170;143;140m▗[38;2;141;120;121m[48;2;152;126;126m▃[38;2;123;102;107m[48;2;135;110;114m▃[38;2;109;87;98m[48;2;122;97;106m▃[38;2;96;75;86m[48;2;109;88;99m▂[38;2;91;69;83m[48;2;102;82;94m▂[38;2;88;67;83m[48;2;98;76;90m▂[38;2;88;67;85m[48;2;93;74;90m▂[38;2;92;70;89m[48;2;84;67;84m▇[38;2;93;69;89m[48;2;84;67;84m▆[38;2;87;66;85m[48;2;98;70;91m▘[38;2;117;89;107m[48;2;102;72;89m▂[38;2;134;104;115m[48;2;112;78;93m▃[38;2;157;128;137m[48;2;123;91;112m▃[38;2;159;131;149m[48;2;129;98;120m▄[38;2;189;159;180m[48;2;145;116;143m▂[38;2;195;160;193m[48;2;166;135;174m▄[38;2;212;176;217m[48;2;180;145;185m▅[38;2;214;179;217m[48;2;228;198;234m▎[38;2;231;201;237m[48;2;219;188;223m▆[38;2;230;201;235m[48;2;218;189;222m▅[38;2;0;0;0m[48;2;228;198;233m [38;2;229;199;236m[48;2;218;190;228m▆[38;2;233;203;238m[48;2;232;203;237m▄[38;2;235;205;239m[48;2;234;207;238m▄[38;2;238;208;242m[48;2;237;211;242m▖[38;2;237;213;243m[48;2;235;209;240m▅[38;2;237;214;243m[48;2;229;200;233m▆[38;2;0;0;0m[48;2;237;211;242m [38;2;239;215;244m[48;2;237;210;242m▃[38;2;238;216;244m[48;2;237;211;242m▃[38;2;238;215;244m[48;2;237;212;242m▄[38;2;238;214;243m[48;2;236;212;242m▊[38;2;238;215;244m[48;2;237;214;243m▂[38;2;237;213;243m[48;2;233;206;242m▆[38;2;237;214;243m[48;2;230;203;237m▄[38;2;238;215;244m[48;2;232;204;237m▃[38;2;234;209;239m[48;2;230;204;235m▄[38;2;233;207;237m[48;2;226;203;230m▆[38;2;229;202;234m[48;2;224;202;229m▄[38;2;220;196;226m[48;2;215;194;217m▆[38;2;215;190;218m[48;2;210;187;210m▄[38;2;209;185;212m[48;2;188;163;185m▅[38;2;198;176;201m[48;2;173;147;167m▅[38;2;192;171;192m[48;2;163;137;154m▅[38;2;181;158;176m[48;2;141;117;139m▆[38;2;173;149;167m[48;2;119;102;129m▆[38;2;165;141;160m[48;2;115;99;126m▅[38;2;155;133;154m[48;2;110;95;126m▄[38;2;147;125;148m[48;2;100;88;121m▄[38;2;130;113;137m[48;2;91;80;113m▄[38;2;106;93;121m[48;2;74;66;99m▅[38;2;93;82;112m[48;2;61;56;88m▅[38;2;83;73;102m[48;2;54;49;81m▄[38;2;71;61;91m[48;2;45;41;72m▄[38;2;58;51;80m[48;2;38;34;65m▄[38;2;47;41;70m[48;2;33;30;60m▄[38;2;37;33;60m[48;2;30;27;59m▃[38;2;29;25;56m[48;2;26;24;53m▎[38;2;23;20;48m[48;2;25;22;53m▃[38;2;23;20;47m[48;2;23;21;52m▃[38;2;23;20;48m[48;2;21;20;51m▂[38;2;22;22;50m[48;2;20;20;50m▁[38;2;19;20;50m[48;2;20;21;51m▄[38;2;20;21;51m[48;2;21;22;52m▖[38;2;23;24;54m[48;2;25;26;56m▊[38;2;29;29;59m[48;2;33;32;63m▊[38;2;38;35;66m[48;2;42;39;70m▌[38;2;47;42;73m[48;2;51;46;75m▌[38;2;59;54;84m[48;2;54;49;80m▗[38;2;65;59;91m[48;2;60;55;87m▃[38;2;67;62;94m[48;2;63;58;90m▅[38;2;71;66;98m[48;2;67;62;94m▃[38;2;70;65;97m[48;2;68;63;96m▅[38;2;69;68;100m[48;2;71;71;105m▌[38;2;69;70;106m[48;2;77;76;112m▂[38;2;67;69;107m[48;2;82;79;119m▄[0m
[38;2;66;55;67m[48;2;92;77;83m▅[38;2;66;53;65m[48;2;98;78;84m▄[38;2;68;54;66m[48;2;103;81;87m▄[38;2;71;55;67m[48;2;104;81;87m▄[38;2;74;55;68m[48;2;105;80;86m▄[38;2;77;57;70m[48;2;106;79;85m▄[38;2;78;57;71m[48;2;107;79;85m▄[38;2;82;60;72m[48;2;111;81;87m▅[38;2;81;58;71m[48;2;110;81;87m▅[38;2;78;56;69m[48;2;107;79;85m▅[38;2;73;52;67m[48;2;101;76;84m▅[38;2;67;50;64m[48;2;96;71;81m▅[38;2;65;50;64m[48;2;92;69;81m▅[38;2;65;52;66m[48;2;91;71;80m▄[38;2;77;63;75m[48;2;100;81;88m▄[38;2;96;80;89m[48;2;115;95;99m▄[38;2;117;99;102m[48;2;130;112;113m▃[38;2;159;139;135m[48;2;143;124;123m▝[38;2;181;161;153m[48;2;168;146;141m▝[38;2;188;167;160m[48;2;197;176;167m▄[38;2;203;180;172m[48;2;212;190;178m▖[38;2;216;194;182m[48;2;220;200;187m▖[38;2;221;202;188m[48;2;223;204;190m▄[38;2;221;200;188m[48;2;218;196;187m▌[38;2;201;183;175m[48;2;211;190;182m▗[38;2;196;177;170m[48;2;186;166;160m▌[38;2;176;156;152m[48;2;165;146;144m▌[38;2;154;136;136m[48;2;144;126;129m▌[38;2;137;119;124m[48;2;127;108;115m▎[38;2;116;97;107m[48;2;108;90;101m▌[38;2;118;95;103m[48;2;99;81;95m▁[38;2;122;104;104m[48;2;93;75;88m▂[38;2;140;120;113m[48;2;95;76;86m▂[38;2;154;132;132m[48;2;102;78;89m▂[38;2;178;153;173m[48;2;113;88;101m▂[38;2;189;162;180m[48;2;106;80;97m▄[38;2;206;169;200m[48;2;127;99;114m▃[38;2;202;164;193m[48;2;125;94;113m▄[38;2;216;179;213m[48;2;154;119;144m▂[38;2;230;201;230m[48;2;170;141;157m▃[38;2;237;208;238m[48;2;187;158;176m▄[38;2;239;211;241m[48;2;196;166;193m▄[38;2;238;211;242m[48;2;208;177;205m▄[38;2;234;205;238m[48;2;213;179;212m▆[38;2;237;207;241m[48;2;229;194;233m▇[38;2;0;0;0m[48;2;238;211;242m [38;2;239;211;242m[48;2;237;207;241m▆[38;2;235;206;239m[48;2;237;208;241m▄[38;2;237;212;241m[48;2;236;207;240m▃[38;2;238;211;244m[48;2;237;210;243m▄[38;2;236;207;241m[48;2;238;209;242m▘[38;2;238;208;242m[48;2;239;209;243m▄[38;2;233;206;241m[48;2;238;209;242m▗[38;2;232;204;240m[48;2;236;210;242m▃[38;2;238;214;244m[48;2;237;214;243m▄[38;2;0;0;0m[48;2;236;212;242m [38;2;234;210;242m[48;2;238;214;244m▃[38;2;239;216;245m[48;2;238;213;244m▚[38;2;238;219;246m[48;2;238;216;244m▂[38;2;236;217;245m[48;2;237;213;243m▂[38;2;0;0;0m[48;2;235;212;243m [38;2;218;194;236m[48;2;234;210;243m▁[38;2;227;202;240m[48;2;237;213;243m▂[38;2;0;0;0m[48;2;237;214;244m [38;2;237;216;244m[48;2;237;214;243m▁[38;2;237;212;244m[48;2;238;214;243m▆[38;2;237;211;245m[48;2;238;214;243m▄[38;2;238;213;244m[48;2;234;209;243m▅[38;2;236;210;242m[48;2;215;187;222m▆[38;2;227;197;235m[48;2;204;179;207m▅[38;2;219;190;231m[48;2;204;180;208m▃[38;2;0;0;0m[48;2;193;171;199m [38;2;192;172;196m[48;2;188;166;192m▄[38;2;192;170;191m[48;2;185;164;190m▃[38;2;186;165;187m[48;2;184;164;184m▌[38;2;0;0;0m[48;2;179;160;179m [38;2;172;152;170m[48;2;154;133;153m▆[38;2;162;137;153m[48;2;130;112;135m▅[38;2;145;113;133m[48;2;118;100;125m▃[38;2;118;91;118m[48;2;100;85;113m▖[38;2;89;76;104m[48;2;82;70;99m▊[38;2;77;65;95m[48;2;70;60;90m▌[38;2;58;48;76m[48;2;60;52;83m▝[38;2;51;44;73m[48;2;44;39;67m▌[38;2;37;34;65m[48;2;35;31;58m▃[38;2;30;26;58m[48;2;26;23;53m▖[38;2;22;21;52m[48;2;25;20;49m▃[38;2;19;19;49m[48;2;24;20;49m▄[38;2;18;18;48m[48;2;23;20;49m▄[38;2;17;18;48m[48;2;24;21;51m▅[38;2;17;18;48m[48;2;20;21;51m▅[38;2;19;20;50m[48;2;21;22;52m▆[38;2;25;26;56m[48;2;22;23;53m▝[38;2;34;33;64m[48;2;27;29;58m▝[38;2;35;34;64m[48;2;42;39;70m▄[38;2;41;38;69m[48;2;49;44;74m▃[38;2;46;42;74m[48;2;55;51;81m▃[38;2;50;45;77m[48;2;62;57;87m▄[38;2;49;44;76m[48;2;63;58;90m▃[38;2;48;44;76m[48;2;64;59;91m▄[38;2;42;41;73m[48;2;60;56;88m▄[38;2;36;36;72m[48;2;52;52;84m▄[38;2;33;33;69m[48;2;49;49;85m▅[38;2;27;31;67m[48;2;44;44;81m▅[0m
[38;2;48;46;63m[48;2;52;47;62m▃[38;2;50;46;61m[48;2;54;47;61m▆[38;2;55;51;65m[48;2;52;45;59m▁[38;2;63;56;70m[48;2;54;44;60m▁[38;2;73;62;78m[48;2;58;46;63m▁[38;2;79;66;82m[48;2;61;47;63m▂[38;2;89;73;89m[48;2;66;49;67m▂[38;2;94;79;92m[48;2;68;51;68m▂[38;2;94;80;91m[48;2;69;52;68m▂[38;2;91;75;89m[48;2;67;50;68m▂[38;2;81;67;84m[48;2;61;47;65m▂[38;2;73;60;76m[48;2;57;44;61m▂[38;2;68;55;72m[48;2;55;43;60m▂[38;2;67;56;72m[48;2;58;47;63m▂[38;2;68;56;72m[48;2;75;62;77m▊[38;2;84;71;82m[48;2;94;81;89m▊[38;2;104;89;97m[48;2;119;101;105m▌[38;2;132;112;114m[48;2;143;125;125m▌[38;2;157;137;134m[48;2;171;147;143m▌[38;2;181;159;153m[48;2;193;170;164m▌[38;2;203;178;171m[48;2;210;186;178m▌[38;2;216;194;183m[48;2;220;198;186m▌[38;2;222;199;190m[48;2;221;200;188m▅[38;2;218;197;189m[48;2;211;192;184m▌[38;2;203;185;177m[48;2;195;177;172m▌[38;2;185;166;165m[48;2;174;156;155m▌[38;2;163;145;147m[48;2;150;133;138m▌[38;2;138;122;131m[48;2;127;113;124m▌[38;2;118;102;117m[48;2;114;101;113m▄[38;2;141;119;133m[48;2;114;95;109m▂[38;2;161;141;148m[48;2;132;111;117m▃[38;2;172;155;158m[48;2;154;135;134m▄[38;2;182;164;174m[48;2;169;151;152m▄[38;2;203;180;200m[48;2;186;165;174m▅[38;2;221;192;222m[48;2;201;175;203m▗[38;2;212;183;216m[48;2;234;202;236m▘[38;2;225;179;225m[48;2;236;199;235m▁[38;2;239;206;239m[48;2;228;190;227m▆[38;2;0;0;0m[48;2;238;208;240m [38;2;238;209;241m[48;2;239;210;240m▄[38;2;0;0;0m[48;2;237;209;240m [38;2;236;210;243m[48;2;238;210;241m▄[38;2;235;208;244m[48;2;237;212;242m▂[38;2;237;212;244m[48;2;239;213;243m▄[38;2;236;211;244m[48;2;238;213;243m▃[38;2;237;211;243m[48;2;238;214;243m▄[38;2;237;212;243m[48;2;235;206;240m▌[38;2;229;202;240m[48;2;233;205;239m▃[38;2;236;210;242m[48;2;237;214;243m▌[38;2;238;215;244m[48;2;238;213;243m▆[38;2;236;215;244m[48;2;235;212;242m▖[38;2;232;214;244m[48;2;235;213;243m▂[38;2;227;207;242m[48;2;231;208;240m▄[38;2;231;211;245m[48;2;228;203;242m▗[38;2;238;214;245m[48;2;229;209;245m▝[38;2;228;217;246m[48;2;234;215;244m▂[38;2;232;218;246m[48;2;235;212;244m▇[38;2;225;210;244m[48;2;231;211;243m▆[38;2;219;204;242m[48;2;234;218;246m▃[38;2;219;207;245m[48;2;233;218;247m▁[38;2;221;208;245m[48;2;231;215;245m▄[38;2;221;206;245m[48;2;222;200;240m▆[38;2;214;200;243m[48;2;219;194;238m▄[38;2;206;191;238m[48;2;227;205;244m▖[38;2;226;206;243m[48;2;237;214;245m▃[38;2;234;213;247m[48;2;237;214;244m▂[38;2;235;211;244m[48;2;236;210;244m▄[38;2;233;209;246m[48;2;235;209;245m▃[38;2;230;205;243m[48;2;237;211;245m▃[38;2;234;209;245m[48;2;238;213;244m▅[38;2;236;209;245m[48;2;230;201;240m▇[38;2;0;0;0m[48;2;226;198;238m [38;2;223;196;237m[48;2;183;162;196m▃[38;2;0;0;0m[48;2;182;160;192m [38;2;186;165;193m[48;2;186;164;186m▄[38;2;197;171;192m[48;2;181;160;180m▂[38;2;193;166;187m[48;2;178;158;177m▂[38;2;187;163;179m[48;2;171;153;169m▄[38;2;179;156;171m[48;2;159;131;149m▆[38;2;175;147;161m[48;2;135;103;125m▅[38;2;157;123;142m[48;2;103;79;106m▄[38;2;127;93;118m[48;2;83;67;96m▃[38;2;96;75;104m[48;2;66;55;88m▃[38;2;77;65;95m[48;2;52;45;77m▃[38;2;64;55;83m[48;2;42;36;69m▂[38;2;49;44;75m[48;2;31;28;59m▃[38;2;41;38;68m[48;2;26;25;56m▃[38;2;34;33;64m[48;2;24;25;55m▂[38;2;27;28;58m[48;2;21;22;52m▃[38;2;23;26;55m[48;2;19;22;51m▄[38;2;20;24;53m[48;2;19;23;52m▅[38;2;20;24;53m[48;2;19;23;52m━[38;2;15;20;49m[48;2;20;23;52m▄[38;2;16;21;50m[48;2;23;26;55m▃[38;2;19;23;52m[48;2;27;29;59m▄[38;2;21;25;54m[48;2;32;32;62m▅[38;2;21;25;54m[48;2;34;34;64m▅[38;2;22;23;56m[48;2;36;34;66m▅[38;2;22;22;58m[48;2;35;34;65m▅[38;2;21;22;57m[48;2;32;32;66m▅[38;2;20;21;56m[48;2;30;29;65m▅[38;2;16;19;54m[48;2;24;26;61m▄[38;2;15;19;54m[48;2;22;25;60m▆[38;2;14;19;53m[48;2;18;22;57m▄[0m
[38;2;79;70;87m[48;2;53;50;68m▄[38;2;94;82;95m[48;2;61;55;72m▄[38;2;109;96;105m[48;2;75;67;80m▃[38;2;126;111;116m[48;2;86;76;89m▃[38;2;146;129;132m[48;2;101;89;100m▃[38;2;158;140;142m[48;2;110;98;108m▄[38;2;172;152;152m[48;2;123;110;118m▄[38;2;178;157;157m[48;2;131;116;123m▄[38;2;177;155;155m[48;2;131;116;123m▄[38;2;167;145;146m[48;2;124;109;117m▄[38;2;152;130;133m[48;2;111;96;106m▄[38;2;135;112;119m[48;2;96;83;94m▄[38;2;120;98;105m[48;2;85;72;84m▄[38;2;116;93;98m[48;2;84;70;82m▃[38;2;116;93;97m[48;2;88;73;84m▃[38;2;126;102;103m[48;2;103;85;94m▃[38;2;146;119;118m[48;2;126;106;109m▂[38;2;165;140;135m[48;2;149;129;128m▃[38;2;188;164;157m[48;2;175;153;148m▃[38;2;208;184;177m[48;2;197;175;168m▃[38;2;210;187;179m[48;2;219;197;190m▘[38;2;226;205;199m[48;2;222;200;193m▅[38;2;231;207;203m[48;2;226;204;198m▃[38;2;226;203;202m[48;2;219;197;192m▄[38;2;218;192;195m[48;2;205;184;182m▄[38;2;208;181;184m[48;2;189;168;170m▃[38;2;196;163;165m[48;2;168;144;150m▄[38;2;192;156;156m[48;2;152;124;131m▅[38;2;192;162;164m[48;2;146;118;128m▆[38;2;197;171;177m[48;2;165;140;149m▆[38;2;197;172;185m[48;2;178;157;165m▆[38;2;194;166;194m[48;2;185;163;169m▆[38;2;211;177;218m[48;2;188;164;184m▆[38;2;235;205;240m[48;2;204;175;208m▆[38;2;230;195;234m[48;2;237;206;240m▖[38;2;238;206;240m[48;2;231;195;234m▆[38;2;240;208;241m[48;2;230;187;232m▆[38;2;0;0;0m[48;2;238;207;240m [38;2;236;209;243m[48;2;238;211;243m▂[38;2;236;211;244m[48;2;238;211;243m▄[38;2;233;209;244m[48;2;234;209;242m▂[38;2;225;201;240m[48;2;231;206;243m▃[38;2;0;0;0m[48;2;230;204;243m [38;2;231;206;244m[48;2;234;209;244m▃[38;2;230;207;245m[48;2;235;210;243m▁[38;2;231;207;245m[48;2;235;209;243m▃[38;2;229;204;243m[48;2;229;202;240m▄[38;2;0;0;0m[48;2;229;205;242m [38;2;207;196;239m[48;2;228;207;243m▗[38;2;215;204;242m[48;2;232;215;246m▖[38;2;220;205;244m[48;2;230;215;246m▁[38;2;225;209;245m[48;2;216;203;243m▘[38;2;209;200;244m[48;2;219;206;244m▃[38;2;207;199;244m[48;2;214;200;241m▄[38;2;201;199;241m[48;2;220;212;246m▃[38;2;178;187;238m[48;2;208;206;243m▗[38;2;165;179;233m[48;2;206;206;243m▁[38;2;207;201;243m[48;2;217;207;246m▄[38;2;211;202;244m[48;2;197;194;240m▊[38;2;180;184;237m[48;2;202;196;242m▃[38;2;189;191;241m[48;2;208;202;244m▃[38;2;187;194;244m[48;2;204;200;245m▃[38;2;156;175;235m[48;2;190;188;240m▄[38;2;157;172;233m[48;2;192;189;240m▃[38;2;0;0;0m[48;2;215;201;244m [38;2;220;202;243m[48;2;226;206;243m▅[38;2;212;194;239m[48;2;225;203;242m▁[38;2;0;0;0m[48;2;226;203;243m [38;2;229;204;243m[48;2;221;198;242m▘[38;2;218;191;237m[48;2;227;201;242m▃[38;2;223;196;242m[48;2;232;204;245m▂[38;2;0;0;0m[48;2;232;204;244m [38;2;227;197;240m[48;2;231;203;243m▄[38;2;198;169;211m[48;2;231;203;243m▝[38;2;231;197;231m[48;2;205;175;200m▆[38;2;230;194;225m[48;2;209;177;199m▆[38;2;222;179;209m[48;2;219;185;209m▄[38;2;214;176;194m[48;2;198;169;186m▇[38;2;213;176;193m[48;2;200;169;185m▆[38;2;211;174;191m[48;2;198;168;182m▅[38;2;206;173;184m[48;2;186;153;168m▆[38;2;198;167;177m[48;2;159;124;143m▆[38;2;182;153;162m[48;2;127;101;124m▆[38;2;159;133;145m[48;2;109;95;116m▆[38;2;134;109;129m[48;2;100;86;108m▅[38;2;107;85;113m[48;2;77;65;92m▅[38;2;85;70;99m[48;2;58;50;79m▅[38;2;66;55;86m[48;2;48;43;75m▄[38;2;47;40;73m[48;2;35;34;65m▄[38;2;32;31;62m[48;2;25;27;57m▖[38;2;21;24;53m[48;2;21;23;53m▄[38;2;17;21;50m[48;2;14;19;48m▌[38;2;0;0;0m[48;2;12;17;46m [38;2;10;15;44m[48;2;12;18;49m▆[38;2;9;14;43m[48;2;12;18;48m▅[38;2;10;14;44m[48;2;13;17;48m▅[38;2;12;14;45m[48;2;16;18;49m▅[38;2;11;14;45m[48;2;14;16;48m▄[38;2;11;13;44m[48;2;15;15;49m▅[38;2;12;13;45m[48;2;15;15;49m▅[38;2;11;14;46m[48;2;15;15;49m▅[38;2;13;15;47m[48;2;15;15;50m▃[38;2;14;15;47m[48;2;14;16;51m▃[38;2;15;15;47m[48;2;15;17;51m▄[0m
[38;2;122;97;109m[48;2;96;85;100m▃[38;2;149;118;122m[48;2;118;103;113m▃[38;2;171;137;136m[48;2;140;120;124m▄[38;2;188;153;149m[48;2;159;136;135m▅[38;2;197;164;157m[48;2;174;151;149m▆[38;2;205;171;166m[48;2;191;165;162m▆[38;2;209;174;171m[48;2;199;173;169m▇[38;2;207;165;163m[48;2;209;177;174m▃[38;2;205;159;159m[48;2;207;171;169m▃[38;2;200;165;164m[48;2;198;155;154m▘[38;2;177;142;141m[48;2;189;146;146m▝[38;2;180;134;133m[48;2;163;130;130m▅[38;2;173;128;124m[48;2;150;116;117m▅[38;2;169;125;119m[48;2;142;109;109m▅[38;2;175;131;122m[48;2;146;112;109m▄[38;2;181;140;130m[48;2;152;121;115m▄[38;2;191;154;143m[48;2;166;135;128m▄[38;2;202;170;160m[48;2;182;155;146m▅[38;2;216;187;181m[48;2;203;176;169m▅[38;2;226;200;196m[48;2;215;191;186m▆[38;2;232;207;208m[48;2;228;206;201m▄[38;2;234;209;212m[48;2;233;208;207m▆[38;2;234;207;216m[48;2;234;209;213m▂[38;2;233;204;215m[48;2;231;205;209m▅[38;2;231;200;212m[48;2;226;199;204m▅[38;2;229;199;208m[48;2;223;193;198m▄[38;2;230;198;204m[48;2;216;182;186m▅[38;2;231;199;206m[48;2;217;184;185m▅[38;2;231;200;210m[48;2;220;188;192m▅[38;2;234;201;216m[48;2;223;192;198m▄[38;2;0;0;0m[48;2;230;191;210m [38;2;236;200;233m[48;2;219;184;214m▄[38;2;0;0;0m[48;2;235;200;238m [38;2;0;0;0m[48;2;238;206;241m [38;2;238;208;240m[48;2;239;209;242m▆[38;2;234;204;241m[48;2;237;207;241m▁[38;2;232;204;242m[48;2;236;207;241m▃[38;2;232;204;242m[48;2;232;207;243m▌[38;2;225;199;239m[48;2;230;206;242m▗[38;2;0;0;0m[48;2;235;209;244m [38;2;224;203;241m[48;2;234;210;244m▗[38;2;212;194;238m[48;2;222;201;241m▗[38;2;210;196;241m[48;2;225;205;244m▂[38;2;202;193;241m[48;2;219;201;242m▂[38;2;193;187;236m[48;2;218;203;242m▁[38;2;226;209;245m[48;2;223;196;237m▊[38;2;216;187;234m[48;2;229;205;244m▖[38;2;228;205;243m[48;2;222;203;243m▊[38;2;183;192;242m[48;2;210;203;244m▂[38;2;216;209;246m[48;2;177;187;238m▝[38;2;139;165;227m[48;2;201;204;246m▗[38;2;114;160;229m[48;2;176;189;240m▄[38;2;75;138;215m[48;2;166;188;239m▄[38;2;112;166;233m[48;2;174;192;242m▂[38;2;132;183;237m[48;2;175;194;241m▃[38;2;138;188;237m[48;2;169;192;239m▁[38;2;142;173;229m[48;2;114;160;225m▎[38;2;86;146;215m[48;2;180;192;241m▖[38;2;163;190;240m[48;2;188;193;242m▃[38;2;0;0;0m[48;2;162;183;238m [38;2;0;0;0m[48;2;168;187;239m [38;2;129;161;226m[48;2;157;180;236m▂[38;2;148;178;236m[48;2;118;162;229m▘[38;2;101;152;223m[48;2;136;168;232m▂[38;2;140;157;224m[48;2;185;186;239m▅[38;2;181;193;242m[48;2;206;201;244m▖[38;2;207;201;244m[48;2;192;188;239m▌[38;2;157;153;221m[48;2;199;176;231m▆[38;2;0;0;0m[48;2;210;199;239m [38;2;204;193;238m[48;2;217;197;241m▂[38;2;203;183;234m[48;2;218;193;239m▄[38;2;206;185;236m[48;2;223;198;241m▁[38;2;226;199;243m[48;2;222;192;238m▌[38;2;0;0;0m[48;2;230;200;243m [38;2;227;200;243m[48;2;231;201;242m▅[38;2;214;164;208m[48;2;225;190;232m▝[38;2;221;172;208m[48;2;216;166;197m▂[38;2;215;160;190m[48;2;218;169;192m▄[38;2;212;160;184m[48;2;214;168;187m▄[38;2;207;161;182m[48;2;212;169;188m▃[38;2;207;167;185m[48;2;212;174;191m▆[38;2;203;166;185m[48;2;209;170;185m▄[38;2;197;157;168m[48;2;201;163;178m▝[38;2;182;149;166m[48;2;179;143;156m▄[38;2;158;132;153m[48;2;151;120;144m▃[38;2;135;114;139m[48;2;126;100;131m▃[38;2;116;96;126m[48;2;104;83;117m▖[38;2;91;74;109m[48;2;81;66;101m▌[38;2;70;59;93m[48;2;58;48;82m▅[38;2;54;50;81m[48;2;41;38;70m▃[38;2;46;43;75m[48;2;28;28;58m▃[38;2;40;40;70m[48;2;22;23;53m▃[38;2;37;38;68m[48;2;18;20;50m▃[38;2;35;36;66m[48;2;16;20;49m▂[38;2;29;30;60m[48;2;13;17;46m▂[38;2;21;25;54m[48;2;12;16;45m▂[38;2;16;20;49m[48;2;11;15;44m▃[38;2;12;16;45m[48;2;11;15;44m▄[38;2;12;15;46m[48;2;9;13;43m▃[38;2;15;15;50m[48;2;11;13;44m▁[38;2;14;14;50m[48;2;12;14;45m▃[38;2;12;13;47m[48;2;13;14;46m▄[38;2;11;13;46m[48;2;13;14;46m▄[38;2;10;13;45m[48;2;13;14;48m▄[0m
[38;2;186;124;121m[48;2;151;112;118m▅[38;2;205;140;132m[48;2;177;131;130m▅[38;2;205;147;138m[48;2;189;146;142m▇[38;2;205;147;137m[48;2;204;156;148m▃[38;2;204;152;148m[48;2;207;161;155m▂[38;2;206;159;155m[48;2;208;165;161m▄[38;2;206;164;163m[48;2;203;159;159m▘[38;2;202;156;158m[48;2;201;153;155m▎[38;2;196;147;149m[48;2;200;151;153m▆[38;2;193;142;143m[48;2;194;143;144m▄[38;2;195;141;138m[48;2;193;137;137m▂[38;2;196;138;133m[48;2;192;135;133m▃[38;2;199;140;129m[48;2;191;135;129m▃[38;2;202;144;131m[48;2;191;138;128m▅[38;2;209;155;140m[48;2;196;147;133m▅[38;2;215;167;153m[48;2;203;158;145m▅[38;2;214;172;160m[48;2;217;179;168m▌[38;2;218;182;173m[48;2;223;189;181m▘[38;2;224;192;189m[48;2;228;198;195m▘[38;2;231;202;201m[48;2;232;204;207m▌[38;2;232;204;209m[48;2;232;207;210m▂[38;2;233;203;214m[48;2;234;206;216m▃[38;2;233;202;216m[48;2;235;204;218m▅[38;2;232;200;215m[48;2;234;202;217m▄[38;2;232;200;215m[48;2;233;201;216m━[38;2;234;203;217m[48;2;232;201;215m▂[38;2;235;203;218m[48;2;234;202;215m▄[38;2;236;197;215m[48;2;236;202;214m▃[38;2;236;194;212m[48;2;237;202;217m▂[38;2;0;0;0m[48;2;236;197;215m [38;2;237;192;210m[48;2;239;203;233m▘[38;2;240;204;236m[48;2;238;205;242m▘[38;2;236;204;242m[48;2;238;207;241m▅[38;2;231;199;240m[48;2;236;205;241m▂[38;2;230;202;242m[48;2;234;204;240m▁[38;2;225;200;241m[48;2;230;203;242m▗[38;2;223;198;243m[48;2;230;202;242m▄[38;2;219;194;241m[48;2;225;200;242m▃[38;2;198;193;239m[48;2;216;197;240m▃[38;2;211;200;240m[48;2;226;205;242m▄[38;2;224;205;244m[48;2;229;210;246m▝[38;2;200;190;238m[48;2;216;200;243m▗[38;2;175;188;239m[48;2;193;192;240m▃[38;2;171;193;245m[48;2;194;193;243m▗[38;2;148;168;231m[48;2;168;173;228m▄[38;2;0;0;0m[48;2;207;201;245m [38;2;129;128;205m[48;2;193;178;234m▗[38;2;0;0;0m[48;2;206;202;243m [38;2;176;192;242m[48;2;139;176;236m▌[38;2;89;157;229m[48;2;132;176;236m▄[38;2;97;162;233m[48;2;136;178;238m▄[38;2;25;93;193m[48;2;48;119;211m▃[38;2;29;112;207m[48;2;36;111;204m▄[38;2;28;98;196m[48;2;77;145;222m▇[38;2;35;104;198m[48;2;98;168;234m▖[38;2;128;182;236m[48;2;82;161;230m▝[38;2;0;0;0m[48;2;132;173;232m [38;2;60;131;214m[48;2;109;158;227m▚[38;2;91;141;216m[48;2;128;173;233m▁[38;2;131;171;230m[48;2;102;162;229m▘[38;2;117;168;231m[48;2;80;148;223m▝[38;2;94;161;227m[48;2;144;184;238m▖[38;2;118;171;232m[48;2;106;150;218m▆[38;2;87;149;222m[48;2;65;122;205m▌[38;2;78;137;214m[48;2;134;172;234m▖[38;2;121;155;217m[48;2;151;170;229m▅[38;2;0;0;0m[48;2;180;189;239m [38;2;168;181;237m[48;2;142;161;225m▊[38;2;174;184;236m[48;2;132;156;222m▝[38;2;154;165;226m[48;2;186;183;235m▃[38;2;0;0;0m[48;2;195;189;239m [38;2;191;179;233m[48;2;203;187;240m▊[38;2;208;189;240m[48;2;217;193;240m▅[38;2;224;195;242m[48;2;215;188;237m▝[38;2;229;195;242m[48;2;229;201;244m▄[38;2;231;199;242m[48;2;226;194;237m▎[38;2;223;176;214m[48;2;229;191;233m▝[38;2;222;175;213m[48;2;216;166;202m▎[38;2;221;176;210m[48;2;207;156;186m▖[38;2;196;155;188m[48;2;204;157;182m▄[38;2;193;154;181m[48;2;201;162;185m▂[38;2;195;161;181m[48;2;200;168;187m▂[38;2;194;166;180m[48;2;197;168;184m▁[38;2;191;167;178m[48;2;185;156;171m▆[38;2;172;152;164m[48;2;161;137;158m▅[38;2;146;128;147m[48;2;132;113;142m▅[38;2;128;108;131m[48;2;111;96;127m▅[38;2;114;91;118m[48;2;96;79;111m▖[38;2;86;70;103m[48;2;76;63;96m▎[38;2;67;57;89m[48;2;60;52;83m▎[38;2;60;48;75m[48;2;52;47;78m▁[38;2;52;43;70m[48;2;45;43;74m▁[38;2;43;43;73m[48;2;41;37;68m▘[38;2;33;29;60m[48;2;36;37;67m▄[38;2;26;25;55m[48;2;30;32;62m▅[38;2;24;25;55m[48;2;19;20;50m▘[38;2;15;16;47m[48;2;16;20;49m▅[38;2;13;16;46m[48;2;13;15;48m▂[38;2;13;15;46m[48;2;14;14;50m▄[38;2;13;15;47m[48;2;14;15;51m▂[38;2;14;15;50m[48;2;12;15;49m▆[38;2;13;14;48m[48;2;10;13;46m▄[38;2;13;13;49m[48;2;11;13;48m▆[38;2;13;12;47m[48;2;8;12;44m▆[0m
[38;2;180;98;95m[48;2;186;108;103m▄[38;2;182;101;97m[48;2;199;120;112m▄[38;2;179;106;102m[48;2;198;126;119m▄[38;2;182;114;113m[48;2;197;133;126m▃[38;2;183;123;123m[48;2;197;142;139m▃[38;2;184;130;130m[48;2;198;150;146m▃[38;2;185;136;136m[48;2;198;153;153m▃[38;2;186;138;138m[48;2;197;153;153m▃[38;2;185;137;136m[48;2;196;150;150m▃[38;2;186;135;133m[48;2;196;147;145m▃[38;2;185;130;124m[48;2;196;143;138m▂[38;2;188;129;118m[48;2;199;142;132m▂[38;2;190;131;119m[48;2;201;143;130m▂[38;2;193;136;121m[48;2;206;148;133m▂[38;2;199;144;125m[48;2;212;159;141m▂[38;2;204;156;138m[48;2;218;170;153m▂[38;2;211;169;151m[48;2;221;180;166m▂[38;2;217;181;165m[48;2;224;190;180m▂[38;2;221;190;178m[48;2;226;197;191m▂[38;2;225;195;187m[48;2;230;200;199m▂[38;2;226;195;190m[48;2;231;201;205m▂[38;2;227;195;192m[48;2;231;200;207m▃[38;2;230;197;194m[48;2;229;198;206m▃[38;2;233;203;197m[48;2;231;200;208m▂[38;2;235;198;200m[48;2;234;202;214m▂[38;2;237;195;203m[48;2;236;202;217m▂[38;2;236;194;204m[48;2;236;201;217m▂[38;2;0;0;0m[48;2;237;195;215m [38;2;241;205;236m[48;2;236;196;220m▄[38;2;0;0;0m[48;2;238;204;241m [38;2;230;198;242m[48;2;236;202;243m▂[38;2;225;197;243m[48;2;232;201;243m▂[38;2;225;195;241m[48;2;232;200;242m▃[38;2;229;199;242m[48;2;225;196;241m▌[38;2;203;183;236m[48;2;224;199;242m▄[38;2;174;175;232m[48;2;211;192;240m▂[38;2;147;146;198m[48;2;196;179;228m▂[38;2;0;0;0m[48;2;199;187;238m [38;2;196;189;239m[48;2;171;181;235m▚[38;2;169;184;234m[48;2;196;198;240m▆[38;2;210;208;247m[48;2;225;209;247m▁[38;2;173;182;239m[48;2;205;194;243m▖[38;2;193;197;244m[48;2;167;189;240m▌[38;2;158;179;240m[48;2;128;166;234m▊[38;2;87;150;229m[48;2;129;158;230m▂[38;2;107;136;215m[48;2;174;189;241m▎[38;2;180;197;248m[48;2;79;110;198m▌[38;2;144;184;235m[48;2;71;124;204m▝[38;2;161;181;236m[48;2;111;154;222m▘[38;2;85;145;219m[48;2;52;136;220m▎[38;2;51;131;218m[48;2;90;166;236m▊[38;2;90;165;235m[48;2;20;84;182m▌[38;2;5;62;164m[48;2;18;86;187m▖[38;2;5;75;176m[48;2;12;81;183m▄[38;2;20;87;189m[48;2;65;127;215m▊[38;2;46;127;220m[48;2;63;146;227m▄[38;2;129;162;227m[48;2;68;143;226m▝[38;2;0;0;0m[48;2;119;158;224m [38;2;78;140;216m[48;2;81;135;212m▄[38;2;62;137;215m[48;2;76;148;221m▇[38;2;56;133;212m[48;2;64;141;219m▄[38;2;0;0;0m[48;2;67;146;222m [38;2;100;161;227m[48;2;132;178;236m▖[38;2;77;143;219m[48;2;103;160;230m▝[38;2;77;148;222m[48;2;92;154;226m▃[38;2;119;163;223m[48;2;95;152;221m▝[38;2;134;159;221m[48;2;166;177;234m▊[38;2;173;184;237m[48;2;163;182;236m▌[38;2;148;173;234m[48;2;134;165;230m▎[38;2;138;168;231m[48;2;127;157;225m▘[38;2;140;153;217m[48;2;175;179;234m▎[38;2;0;0;0m[48;2;188;183;236m [38;2;182;166;228m[48;2;200;185;239m▖[38;2;202;183;237m[48;2;209;187;239m▌[38;2;213;187;237m[48;2;220;191;238m▌[38;2;224;195;235m[48;2;228;195;235m▄[38;2;225;195;231m[48;2;224;190;230m▊[38;2;218;180;222m[48;2;213;169;213m▊[38;2;210;166;210m[48;2;203;152;192m▖[38;2;192;139;171m[48;2;191;148;179m▄[38;2;184;135;158m[48;2;191;149;177m▆[38;2;183;138;159m[48;2;189;151;170m▄[38;2;185;147;163m[48;2;190;158;173m▄[38;2;188;153;160m[48;2;188;159;169m▄[38;2;165;139;151m[48;2;180;148;150m▝[38;2;171;135;136m[48;2;149;122;138m▂[38;2;151;119;129m[48;2;130;105;129m▃[38;2;142;110;123m[48;2;118;93;116m▃[38;2;130;97;112m[48;2;100;78;103m▄[38;2;121;87;102m[48;2;87;68;91m▄[38;2;110;77;93m[48;2;78;58;82m▄[38;2;98;67;86m[48;2;69;52;76m▄[38;2;85;57;77m[48;2;60;45;70m▄[38;2;69;47;69m[48;2;51;38;64m▄[38;2;54;39;61m[48;2;40;31;58m▄[38;2;42;31;57m[48;2;31;26;54m▃[38;2;27;23;53m[48;2;21;20;51m▄[38;2;17;18;48m[48;2;13;16;45m▌[38;2;14;15;45m[48;2;13;17;46m▅[38;2;14;15;45m[48;2;13;17;46m▆[38;2;14;15;45m[48;2;15;16;46m▄[38;2;14;15;45m[48;2;15;16;46m▇[38;2;13;14;44m[48;2;12;13;43m▄[38;2;11;13;43m[48;2;12;12;46m▅[0m
[38;2;151;78;89m[48;2;168;87;91m▂[38;2;155;80;90m[48;2;167;88;92m▃[38;2;153;81;89m[48;2;166;92;95m▅[38;2;152;83;90m[48;2;169;99;101m▅[38;2;148;85;93m[48;2;167;103;106m▄[38;2;149;89;97m[48;2;168;109;113m▄[38;2;153;95;103m[48;2;170;117;121m▅[38;2;155;98;105m[48;2;172;120;123m▅[38;2;155;99;104m[48;2;172;120;123m▅[38;2;152;96;101m[48;2;171;116;117m▄[38;2;150;94;97m[48;2;171;114;112m▄[38;2;146;92;91m[48;2;172;113;108m▄[38;2;144;92;89m[48;2;172;113;106m▄[38;2;143;94;90m[48;2;173;118;107m▄[38;2;146;100;96m[48;2;178;126;114m▄[38;2;154;111;106m[48;2;185;138;124m▄[38;2;166;128;119m[48;2;194;151;136m▄[38;2;180;144;134m[48;2;200;164;148m▃[38;2;196;164;152m[48;2;212;180;164m▄[38;2;209;179;163m[48;2;219;190;176m▆[38;2;214;189;164m[48;2;222;192;177m▆[38;2;221;202;167m[48;2;222;193;170m▄[38;2;230;203;172m[48;2;232;199;182m▇[38;2;236;199;176m[48;2;234;203;187m▇[38;2;236;191;175m[48;2;236;196;189m▇[38;2;226;155;164m[48;2;236;179;173m▗[38;2;238;181;207m[48;2;235;178;180m▄[38;2;0;0;0m[48;2;241;197;235m [38;2;230;197;241m[48;2;238;201;240m▃[38;2;224;192;239m[48;2;212;174;233m▊[38;2;207;167;229m[48;2;228;196;243m▎[38;2;212;181;236m[48;2;216;188;238m▃[38;2;210;183;235m[48;2;220;186;238m▎[38;2;199;173;231m[48;2;220;191;242m▂[38;2;183;175;235m[48;2;209;190;241m▝[38;2;155;164;233m[48;2;124;141;216m▌[38;2;145;149;214m[48;2;145;144;202m▌[38;2;118;121;177m[48;2;159;158;215m▚[38;2;148;164;225m[48;2;124;163;226m▌[38;2;119;160;223m[48;2;157;171;231m▁[38;2;147;178;237m[48;2;200;201;245m▗[38;2;125;166;235m[48;2;159;179;238m▃[38;2;167;196;245m[48;2;135;181;242m▊[38;2;64;118;206m[48;2;88;138;221m▄[38;2;33;103;201m[48;2;53;124;214m▖[38;2;91;158;226m[48;2;134;187;239m▌[38;2;123;179;236m[48;2;50;113;203m▌[38;2;35;109;203m[48;2;69;156;233m▌[38;2;50;130;210m[48;2;82;139;215m▖[38;2;82;146;222m[48;2;55;142;224m▊[38;2;29;126;216m[48;2;29;126;218m▄[38;2;47;139;222m[48;2;62;152;229m▄[38;2;28;110;205m[48;2;4;68;171m▖[38;2;11;78;182m[48;2;7;79;181m▘[38;2;0;0;0m[48;2;7;80;183m [38;2;53;114;207m[48;2;21;93;197m▌[38;2;10;79;184m[48;2;28;107;210m▄[38;2;53;109;196m[48;2;111;147;218m▌[38;2;70;135;215m[48;2;120;158;222m▝[38;2;74;142;219m[48;2;75;142;217m▄[38;2;0;0;0m[48;2;54;130;209m [38;2;36;119;204m[48;2;37;122;204m▄[38;2;114;159;227m[48;2;37;105;192m▝[38;2;127;163;228m[48;2;107;156;224m▌[38;2;95;155;224m[48;2;76;147;221m▎[38;2;70;136;212m[48;2;83;144;217m▃[38;2;90;141;214m[48;2;115;156;222m▖[38;2;131;159;221m[48;2;167;177;232m▖[38;2;170;178;235m[48;2;143;165;228m▎[38;2;129;166;230m[48;2;122;162;229m▌[38;2;145;163;226m[48;2;123;157;224m▝[38;2;157;167;229m[48;2;182;181;237m▌[38;2;173;168;229m[48;2;186;176;235m▗[38;2;175;170;229m[48;2;187;177;234m▆[38;2;183;176;233m[48;2;203;185;237m▖[38;2;211;185;233m[48;2;221;191;233m▎[38;2;229;195;230m[48;2;225;194;230m▝[38;2;225;191;224m[48;2;219;184;221m▄[38;2;223;185;223m[48;2;213;169;213m▄[38;2;217;171;209m[48;2;205;152;188m▂[38;2;210;152;184m[48;2;194;135;164m▄[38;2;210;150;177m[48;2;193;138;162m▄[38;2;213;159;177m[48;2;196;150;166m▄[38;2;218;172;177m[48;2;203;163;166m▄[38;2;219;179;176m[48;2;202;162;159m▅[38;2;214;174;171m[48;2;190;152;150m▅[38;2;202;160;165m[48;2;176;138;145m▆[38;2;198;152;160m[48;2;174;133;142m▅[38;2;191;139;144m[48;2;165;121;130m▅[38;2;180;124;131m[48;2;154;108;116m▅[38;2;164;110;119m[48;2;140;96;104m▅[38;2;145;96;106m[48;2;124;82;94m▅[38;2;121;80;93m[48;2;106;70;85m▅[38;2;95;63;80m[48;2;82;55;74m▊[38;2;72;49;69m[48;2;60;42;64m▌[38;2;50;36;60m[48;2;41;31;56m▌[38;2;33;26;53m[48;2;26;21;51m▎[38;2;20;18;48m[48;2;14;15;45m▌[38;2;13;14;44m[48;2;12;13;43m▊[38;2;12;13;43m[48;2;14;15;45m▊[38;2;13;14;44m[48;2;14;15;45m▂[38;2;15;16;46m[48;2;14;15;45m▁[38;2;15;16;46m[48;2;14;15;45m [38;2;15;18;49m[48;2;13;16;45m▗[0m
[38;2;79;44;63m[48;2;120;62;76m▄[38;2;90;48;67m[48;2;130;67;82m▄[38;2;95;52;69m[48;2;129;68;81m▃[38;2;102;56;73m[48;2;131;71;84m▃[38;2;107;60;78m[48;2;133;73;87m▃[38;2;114;64;81m[48;2;135;77;91m▃[38;2;124;71;85m[48;2;140;82;94m▃[38;2;133;79;91m[48;2;144;85;95m▂[38;2;0;0;0m[48;2;146;90;96m [38;2;153;98;101m[48;2;149;92;98m▗[38;2;156;105;103m[48;2;146;92;95m▃[38;2;159;110;106m[48;2;144;92;93m▃[38;2;157;114;108m[48;2;141;93;92m▃[38;2;155;115;109m[48;2;138;94;92m▃[38;2;156;118;112m[48;2;138;97;95m▃[38;2;159;123;116m[48;2;144;105;102m▃[38;2;167;132;122m[48;2;155;118;112m▃[38;2;179;148;137m[48;2;170;138;127m▂[38;2;192;165;149m[48;2;185;155;143m▗[38;2;198;174;152m[48;2;206;185;158m▊[38;2;223;202;172m[48;2;214;194;166m▗[38;2;224;204;173m[48;2;231;204;178m▘[38;2;235;199;180m[48;2;235;202;178m▄[38;2;240;202;196m[48;2;238;197;184m▁[38;2;236;194;213m[48;2;238;192;194m▄[38;2;238;199;231m[48;2;238;190;211m▆[38;2;0;0;0m[48;2;237;199;240m [38;2;207;170;232m[48;2;229;189;241m▗[38;2;209;184;238m[48;2;218;191;240m▃[38;2;206;183;236m[48;2;174;144;214m▊[38;2;193;164;226m[48;2;215;188;242m▎[38;2;198;166;229m[48;2;215;190;239m▌[38;2;213;190;241m[48;2;219;190;240m▄[38;2;189;177;234m[48;2;170;170;232m▌[38;2;129;167;232m[48;2;190;184;238m▄[38;2;180;183;239m[48;2;138;170;233m▌[38;2;131;153;223m[48;2;149;155;222m▌[38;2;154;147;202m[48;2;165;158;215m▘[38;2;163;160;215m[48;2;121;132;192m▖[38;2;89;134;207m[48;2;183;194;242m▊[38;2;210;210;250m[48;2;131;169;232m▎[38;2;99;148;224m[48;2;62;134;217m▌[38;2;111;179;240m[48;2;76;154;227m▝[38;2;4;47;141m[48;2;36;95;184m┃[38;2;18;86;185m[48;2;7;69;168m▌[38;2;45;119;202m[48;2;77;140;210m▎[38;2;64;129;205m[48;2;14;76;165m▎[38;2;15;93;187m[48;2;20;108;203m▃[38;2;0;0;0m[48;2;20;104;198m [38;2;0;0;0m[48;2;79;142;220m [38;2;66;136;217m[48;2;30;118;209m▖[38;2;21;110;205m[48;2;55;147;229m▊[38;2;47;141;223m[48;2;8;74;182m▌[38;2;0;55;153m[48;2;5;69;171m▅[38;2;0;0;0m[48;2;8;76;177m [38;2;12;83;185m[48;2;54;116;206m▌[38;2;12;76;178m[48;2;14;75;165m▊[38;2;0;0;0m[48;2;21;79;170m [38;2;55;101;187m[48;2;107;142;211m▖[38;2;61;130;211m[48;2;104;151;218m▝[38;2;67;125;198m[48;2;82;142;214m▄[38;2;0;0;0m[48;2;42;120;205m [38;2;35;105;194m[48;2;34;117;205m▝[38;2;70;127;204m[48;2;116;157;221m▊[38;2;0;0;0m[48;2;90;141;212m [38;2;69;130;204m[48;2;68;133;210m▃[38;2;97;147;216m[48;2;69;125;200m▝[38;2;103;148;214m[48;2;131;163;223m▎[38;2;151;169;225m[48;2;162;174;230m▅[38;2;136;165;227m[48;2;120;163;228m▌[38;2;104;161;226m[48;2;115;161;227m▂[38;2;116;148;220m[48;2;141;159;225m▆[38;2;148;163;228m[48;2;173;180;237m▎[38;2;152;152;218m[48;2;165;168;228m▗[38;2;161;161;224m[48;2;179;173;232m▖[38;2;190;178;232m[48;2;203;183;232m▄[38;2;208;181;228m[48;2;219;189;228m▃[38;2;0;0;0m[48;2;225;196;228m [38;2;223;180;217m[48;2;224;190;222m▝[38;2;223;178;219m[48;2;227;190;225m▝[38;2;226;182;218m[48;2;222;166;200m▃[38;2;221;158;186m[48;2;226;164;196m▝[38;2;228;169;196m[48;2;224;164;184m▄[38;2;228;175;194m[48;2;225;171;182m▃[38;2;227;178;186m[48;2;226;180;180m▄[38;2;223;181;182m[48;2;223;182;175m▄[38;2;218;177;175m[48;2;213;170;170m▌[38;2;207;164;168m[48;2;201;154;162m▖[38;2;183;136;150m[48;2;193;139;148m▃[38;2;170;117;134m[48;2;180;122;132m▃[38;2;168;112;122m[48;2;157;104;117m▘[38;2;146;96;109m[48;2;136;90;103m▌[38;2;126;84;97m[48;2;115;77;93m▌[38;2;104;70;87m[48;2;89;63;81m▌[38;2;77;55;75m[48;2;64;48;70m▌[38;2;53;41;66m[48;2;42;35;60m▌[38;2;35;31;56m[48;2;28;26;54m▎[38;2;21;22;50m[48;2;17;19;48m▎[38;2;15;16;46m[48;2;14;15;45m▎[38;2;13;14;44m[48;2;14;15;45m▄[38;2;14;15;45m[48;2;15;16;46m▄[38;2;14;15;45m[48;2;15;16;46m▄[38;2;16;17;47m[48;2;15;16;46m [38;2;16;17;47m[48;2;17;19;49m▌[0m
[38;2;42;31;49m[48;2;56;36;55m▅[38;2;45;31;49m[48;2;64;38;58m▅[38;2;50;31;50m[48;2;72;41;61m▅[38;2;54;32;51m[48;2;77;43;63m▄[38;2;65;37;54m[48;2;84;47;66m▄[38;2;81;46;61m[48;2;95;53;71m▄[38;2;103;60;71m[48;2;113;67;77m▊[38;2;122;72;81m[48;2;131;80;85m▌[38;2;152;98;96m[48;2;143;89;92m▗[38;2;168;109;103m[48;2;158;102;101m▄[38;2;183;123;113m[48;2;168;115;108m▄[38;2;193;134;121m[48;2;173;123;113m▅[38;2;199;142;127m[48;2;177;128;116m▅[38;2;201;146;129m[48;2;176;131;120m▅[38;2;200;148;131m[48;2;176;134;122m▅[38;2;201;151;132m[48;2;177;137;125m▅[38;2;201;154;134m[48;2;181;144;130m▅[38;2;200;159;138m[48;2;186;154;138m▆[38;2;205;171;146m[48;2;195;169;146m▅[38;2;207;180;151m[48;2;214;188;157m▎[38;2;224;189;162m[48;2;224;197;167m▃[38;2;229;184;166m[48;2;231;198;175m▃[38;2;232;182;176m[48;2;235;195;179m▄[38;2;233;187;189m[48;2;235;193;213m▌[38;2;237;200;234m[48;2;234;192;221m▅[38;2;0;0;0m[48;2;235;197;238m [38;2;207;176;239m[48;2;225;188;241m▁[38;2;223;187;242m[48;2;207;180;237m▘[38;2;171;162;227m[48;2;200;179;235m▄[38;2;202;190;241m[48;2;178;156;220m▌[38;2;196;170;231m[48;2;196;173;231m▄[38;2;167;168;230m[48;2;202;188;241m▗[38;2;158;168;231m[48;2;197;183;237m▄[38;2;148;169;231m[48;2;95;145;223m▌[38;2;53;139;219m[48;2;85;151;225m▅[38;2;174;180;235m[48;2;85;140;215m▝[38;2;151;161;225m[48;2;139;159;226m▄[38;2;147;154;222m[48;2;172;166;225m▌[38;2;0;0;0m[48;2;161;156;212m [38;2;0;0;0m[48;2;125;136;191m [38;2;136;165;219m[48;2;109;158;226m▎[38;2;86;137;215m[48;2;45;108;192m▘[38;2;26;101;191m[48;2;78;132;212m▌[38;2;25;84;179m[48;2;3;67;164m▌[38;2;5;73;172m[48;2;5;70;163m▎[38;2;35;86;168m[48;2;51;109;188m▃[38;2;0;0;0m[48;2;13;64;154m [38;2;2;55;135m[48;2;11;77;168m▄[38;2;8;86;186m[48;2;8;94;193m▂[38;2;24;100;197m[48;2;70;132;213m▌[38;2;62;120;206m[48;2;26;98;193m▊[38;2;0;0;0m[48;2;12;100;195m [38;2;37;135;220m[48;2;4;82;198m▊[38;2;6;79;188m[48;2;0;44;136m▎[38;2;8;69;161m[48;2;3;48;127m▝[38;2;10;77;171m[48;2;47;111;194m▊[38;2;64;124;208m[48;2;8;67;160m▎[38;2;0;0;0m[48;2;6;61;146m [38;2;18;81;177m[48;2;59;103;182m▌[38;2;87;133;204m[48;2;103;145;213m▄[38;2;40;99;175m[48;2;81;131;204m▝[38;2;85;141;214m[48;2;49;111;191m▚[38;2;0;0;0m[48;2;31;108;193m [38;2;0;0;0m[48;2;41;117;203m [38;2;71;132;207m[48;2;99;148;216m▖[38;2;76;130;204m[48;2;58;112;189m▊[38;2;45;93;161m[48;2;58;112;185m▃[38;2;108;151;215m[48;2;71;121;190m▝[38;2;0;0;0m[48;2;135;165;226m [38;2;94;126;197m[48;2;123;153;217m▗[38;2;0;0;0m[48;2;97;150;221m [38;2;101;154;225m[48;2;98;135;212m▌[38;2;162;173;233m[48;2;110;135;211m▝[38;2;148;148;217m[48;2;174;178;236m▝[38;2;149;147;217m[48;2;168;164;226m▊[38;2;176;168;229m[48;2;183;174;232m▂[38;2;197;179;234m[48;2;202;180;232m▅[38;2;220;189;226m[48;2;201;174;227m▝[38;2;0;0;0m[48;2;224;194;228m [38;2;225;196;227m[48;2;229;195;228m▆[38;2;227;186;221m[48;2;225;194;227m▝[38;2;227;166;200m[48;2;225;178;213m▝[38;2;222;160;190m[48;2;229;168;199m▆[38;2;222;163;187m[48;2;226;172;195m▆[38;2;218;164;180m[48;2;223;172;182m▆[38;2;215;164;174m[48;2;220;174;176m▆[38;2;210;164;167m[48;2;216;175;174m▆[38;2;207;161;161m[48;2;199;153;151m▌[38;2;188;140;143m[48;2;174;127;134m▌[38;2;159;113;126m[48;2;148;103;119m▌[38;2;135;93;110m[48;2;144;97;113m▅[38;2;125;88;105m[48;2;128;86;103m▄[38;2;120;85;101m[48;2;113;83;98m▎[38;2;101;82;98m[48;2;98;73;91m▄[38;2;85;70;88m[48;2;75;63;83m▌[38;2;65;55;79m[48;2;52;47;70m▌[38;2;43;42;65m[48;2;36;34;58m▃[38;2;30;30;58m[48;2;21;22;51m▖[38;2;18;19;49m[48;2;14;15;45m▂[38;2;13;14;44m[48;2;12;13;43m▃[38;2;12;13;43m[48;2;13;14;44m━[38;2;15;16;46m[48;2;14;15;45m▗[38;2;14;15;45m[48;2;15;16;46m▆[38;2;13;16;45m[48;2;15;16;46m▅[0m
[38;2;34;30;50m[48;2;34;28;48m▌[38;2;40;30;47m[48;2;36;28;46m▁[38;2;49;32;48m[48;2;41;28;45m▁[38;2;62;36;51m[48;2;48;29;46m▂[38;2;82;45;57m[48;2;64;35;51m▂[38;2;105;56;64m[48;2;83;46;57m▂[38;2;125;67;72m[48;2;105;58;66m▃[38;2;148;82;82m[48;2;130;74;77m▃[38;2;166;95;90m[48;2;152;91;89m▃[38;2;180;106;100m[48;2;171;106;98m▃[38;2;186;123;111m[48;2;185;115;106m▝[38;2;190;123;112m[48;2;192;130;117m▅[38;2;193;128;116m[48;2;198;137;124m▆[38;2;192;127;116m[48;2;199;138;124m▅[38;2;192;128;117m[48;2;200;142;125m▆[38;2;191;126;116m[48;2;201;141;125m▅[38;2;191;128;114m[48;2;201;145;127m▅[38;2;191;135;115m[48;2;200;151;129m▅[38;2;198;152;123m[48;2;206;164;131m▅[38;2;210;164;132m[48;2;215;173;138m▄[38;2;220;164;141m[48;2;222;173;149m▃[38;2;225;161;151m[48;2;226;170;160m▅[38;2;227;161;166m[48;2;230;174;192m▊[38;2;233;184;207m[48;2;235;193;223m▎[38;2;235;198;234m[48;2;234;198;240m▌[38;2;215;179;232m[48;2;226;190;237m▗[38;2;208;181;237m[48;2;192;174;234m▌[38;2;172;166;228m[48;2;190;175;235m▃[38;2;135;157;227m[48;2;160;162;229m▆[38;2;133;158;225m[48;2;173;174;233m▃[38;2;162;166;230m[48;2;189;177;235m▃[38;2;177;182;242m[48;2;115;136;210m▌[38;2;151;162;228m[48;2;109;142;217m┃[38;2;137;160;228m[48;2;97;145;219m▚[38;2;63;131;211m[48;2;37;124;212m▎[38;2;32;118;206m[48;2;60;121;202m▌[38;2;137;159;224m[48;2;82;124;199m▝[38;2;84;120;195m[48;2;128;144;213m▂[38;2;144;149;215m[48;2;168;162;222m▖[38;2;160;164;221m[48;2;148;153;209m▆[38;2;107;148;215m[48;2;87;137;204m▊[38;2;27;74;143m[48;2;49;104;179m▄[38;2;22;77;165m[48;2;70;118;195m▘[38;2;14;71;157m[48;2;18;82;175m┃[38;2;4;73;163m[48;2;9;85;177m▌[38;2;16;74;155m[48;2;37;76;155m▌[38;2;12;57;142m[48;2;5;47;124m┃[38;2;0;36;95m[48;2;0;45;116m▄[38;2;1;48;132m[48;2;7;76;174m▖[38;2;42;118;206m[48;2;12;91;187m▝[38;2;57;115;200m[48;2;44;106;194m▘[38;2;16;84;180m[48;2;14;96;191m▌[38;2;26;112;203m[48;2;32;128;217m▎[38;2;21;106;204m[48;2;4;51;142m▌[38;2;5;47;122m[48;2;3;46;127m┃[38;2;3;53;134m[48;2;10;72;165m▌[38;2;54;109;191m[48;2;4;52;134m▌[38;2;2;48;125m[48;2;9;57;148m▌[38;2;2;42;124m[48;2;9;57;144m▃[38;2;48;85;155m[48;2;70;117;188m▊[38;2;93;141;210m[48;2;72;119;189m▘[38;2;0;0;0m[48;2;47;91;168m [38;2;62;120;188m[48;2;40;106;184m▘[38;2;24;94;174m[48;2;31;111;199m▄[38;2;39;106;187m[48;2;65;129;208m▌[38;2;61;117;195m[48;2;68;130;208m▝[38;2;48;104;180m[48;2;38;86;152m▎[38;2;0;0;0m[48;2;40;83;144m [38;2;59;102;169m[48;2;106;146;213m▎[38;2;109;141;204m[48;2;128;161;220m▝[38;2;74;109;181m[48;2;85;136;209m▌[38;2;71;130;208m[48;2;92;146;218m▃[38;2;95;136;211m[48;2;81;109;188m▖[38;2;114;129;200m[48;2;160;167;223m▄[38;2;171;176;232m[48;2;145;148;214m▌[38;2;175;168;228m[48;2;148;148;216m▝[38;2;177;166;228m[48;2;194;180;235m▄[38;2;0;0;0m[48;2;199;177;233m [38;2;217;189;230m[48;2;204;177;230m▝[38;2;0;0;0m[48;2;221;190;227m [38;2;0;0;0m[48;2;223;190;222m [38;2;0;0;0m[48;2;225;186;219m [38;2;222;174;210m[48;2;218;157;196m▌[38;2;211;144;179m[48;2;218;156;187m▅[38;2;212;151;175m[48;2;216;162;183m▅[38;2;211;156;169m[48;2;212;161;172m▅[38;2;213;163;169m[48;2;209;159;162m▂[38;2;209;160;154m[48;2;207;159;145m▌[38;2;183;136;128m[48;2;200;151;133m▝[38;2;189;140;127m[48;2;162;118;118m▂[38;2;162;118;115m[48;2;142;100;109m▁[38;2;136;97;105m[48;2;126;93;102m▖[38;2;120;90;100m[48;2;113;88;101m▌[38;2;107;86;100m[48;2;100;83;99m▌[38;2;93;81;98m[48;2;87;77;95m▌[38;2;64;62;83m[48;2;77;71;93m▝[38;2;45;45;69m[48;2;58;56;79m▝[38;2;47;48;73m[48;2;35;36;64m▖[38;2;31;32;62m[48;2;23;24;54m▖[38;2;21;22;52m[48;2;17;18;48m▖[38;2;16;17;47m[48;2;15;16;46m▁[38;2;15;16;46m[48;2;16;17;47m▎[38;2;16;17;47m[48;2;15;16;46m▂[38;2;15;16;46m[48;2;13;16;46m▖[0m
[38;2;43;33;51m[48;2;38;31;50m▗[38;2;54;37;53m[48;2;45;33;50m▗[38;2;74;44;58m[48;2;59;37;52m▗[38;2;90;50;60m[48;2;76;43;56m▄[38;2;113;58;67m[48;2;97;51;61m▅[38;2;138;69;74m[48;2;123;64;69m▄[38;2;158;80;80m[48;2;144;76;77m▅[38;2;174;89;86m[48;2;162;87;85m▆[38;2;184;98;93m[48;2;177;99;93m▆[38;2;184;100;95m[48;2;187;107;100m▂[38;2;183;107;101m[48;2;189;114;107m▃[38;2;181;112;105m[48;2;188;119;111m▂[38;2;182;118;112m[48;2;188;123;115m▃[38;2;180;119;116m[48;2;186;123;116m▃[38;2;180;119;118m[48;2;184;121;116m▄[38;2;180;120;116m[48;2;183;120;111m▅[38;2;182;119;112m[48;2;185;120;111m▆[38;2;182;122;110m[48;2;184;127;110m▌[38;2;195;147;116m[48;2;190;135;108m▝[38;2;205;137;104m[48;2;207;153;120m▄[38;2;217;132;112m[48;2;217;150;124m▄[38;2;220;124;123m[48;2;223;146;135m▄[38;2;222;133;145m[48;2;229;156;178m▌[38;2;235;184;214m[48;2;236;196;228m▌[38;2;225;186;229m[48;2;233;193;230m▗[38;2;208;169;228m[48;2;187;150;215m▌[38;2;175;150;214m[48;2;195;169;225m▄[38;2;159;154;218m[48;2;139;151;216m▎[38;2;150;164;226m[48;2;95;142;215m▌[38;2;121;152;222m[48;2;90;137;214m▝[38;2;115;141;217m[48;2;139;157;225m▃[38;2;132;160;230m[48;2;102;136;215m▘[38;2;98;128;201m[48;2;133;144;213m▌[38;2;0;0;0m[48;2;86;126;204m [38;2;97;132;208m[48;2;75;126;204m▄[38;2;35;111;194m[48;2;23;100;186m▖[38;2;54;103;179m[48;2;68;108;178m▎[38;2;55;96;170m[48;2;57;101;180m▄[38;2;59;96;171m[48;2;113;132;200m▄[38;2;130;155;219m[48;2;164;173;231m▖[38;2;122;156;224m[48;2;39;87;156m▊[38;2;9;52;120m[48;2;11;56;125m▘[38;2;33;77;145m[48;2;80;126;197m▌[38;2;44;94;181m[48;2;10;64;144m▌[38;2;13;82;159m[48;2;9;82;167m▄[38;2;8;68;152m[48;2;42;77;147m▊[38;2;10;38;101m[48;2;4;39;107m▄[38;2;2;27;73m[48;2;2;32;84m▄[38;2;0;30;91m[48;2;2;51;140m▎[38;2;9;90;174m[48;2;4;71;161m▝[38;2;24;105;189m[48;2;16;87;182m▌[38;2;0;0;0m[48;2;9;69;168m [38;2;14;83;178m[48;2;30;124;208m▎[38;2;24;111;200m[48;2;16;75;168m▊[38;2;0;0;0m[48;2;4;47;126m [38;2;0;0;0m[48;2;6;51;127m [38;2;37;95;177m[48;2;2;44;113m▊[38;2;0;36;97m[48;2;2;53;144m▊[38;2;3;48;129m[48;2;4;46;128m▄[38;2;13;56;133m[48;2;40;73;139m▌[38;2;38;78;141m[48;2;51;103;175m▎[38;2;29;80;155m[48;2;15;52;121m▌[38;2;14;62;133m[48;2;32;85;158m▄[38;2;24;86;162m[48;2;17;75;150m▌[38;2;24;91;175m[48;2;26;93;183m▊[38;2;39;105;197m[48;2;51;117;202m▄[38;2;50;112;194m[48;2;24;77;147m▌[38;2;23;64;124m[48;2;27;70;132m┃[38;2;76;114;178m[48;2;34;73;134m▝[38;2;88;123;195m[48;2;111;142;211m▂[38;2;64;109;184m[48;2;98;139;203m▝[38;2;65;122;201m[48;2;64;122;202m▄[38;2;66;108;187m[48;2;79;120;198m▄[38;2;101;122;195m[48;2;97;117;190m▄[38;2;104;117;192m[48;2;160;165;224m▁[38;2;189;185;237m[48;2;155;152;218m▄[38;2;171;160;224m[48;2;180;166;228m▌[38;2;187;169;230m[48;2;192;171;231m▊[38;2;203;182;235m[48;2;196;174;230m▝[38;2;207;185;234m[48;2;212;184;232m▌[38;2;208;179;227m[48;2;217;182;222m▂[38;2;215;181;218m[48;2;221;187;219m▖[38;2;217;182;216m[48;2;220;184;217m▁[38;2;216;175;203m[48;2;211;155;187m▄[38;2;0;0;0m[48;2;206;148;170m [38;2;209;149;166m[48;2;210;153;166m▎[38;2;211;155;165m[48;2;214;160;168m▖[38;2;216;164;163m[48;2;218;164;156m▊[38;2;218;161;149m[48;2;214;155;141m▌[38;2;208;148;133m[48;2;199;139;127m▌[38;2;188;129;122m[48;2;175;119;117m▌[38;2;161;110;112m[48;2;147;102;107m▌[38;2;135;95;102m[48;2;122;90;98m▌[38;2;112;85;97m[48;2;103;81;95m▌[38;2;96;79;95m[48;2;89;77;94m▎[38;2;84;73;95m[48;2;78;71;93m▌[38;2;69;66;88m[48;2;64;61;84m▊[38;2;58;56;80m[48;2;50;50;76m▌[38;2;42;43;72m[48;2;35;36;65m▌[38;2;31;32;61m[48;2;24;25;55m▖[38;2;21;22;52m[48;2;18;19;49m▎[38;2;15;16;46m[48;2;16;17;47m▄[38;2;15;16;46m[48;2;16;17;47m▃[38;2;17;20;49m[48;2;16;18;48m▗[0m
[38;2;51;36;52m[48;2;45;34;51m▗[38;2;55;37;53m[48;2;62;39;54m▌[38;2;71;44;58m[48;2;83;47;60m▌[38;2;93;51;61m[48;2;103;55;65m▌[38;2;114;59;66m[48;2;124;63;70m▌[38;2;135;68;73m[48;2;146;72;75m▌[38;2;163;81;79m[48;2;154;77;78m▝[38;2;162;81;79m[48;2;173;85;83m▄[38;2;163;82;79m[48;2;176;89;86m▃[38;2;160;82;80m[48;2;174;93;88m▃[38;2;160;85;86m[48;2;174;98;93m▄[38;2;158;87;89m[48;2;172;101;99m▄[38;2;158;91;93m[48;2;171;106;105m▄[38;2;159;94;95m[48;2;170;108;108m▄[38;2;162;97;98m[48;2;171;111;110m▄[38;2;168;102;100m[48;2;174;113;111m▄[38;2;171;104;97m[48;2;177;117;108m▃[38;2;177;111;97m[48;2;182;125;107m▃[38;2;183;121;94m[48;2;190;133;100m▃[38;2;189;115;82m[48;2;200;123;90m▂[38;2;205;111;85m[48;2;214;119;103m▄[38;2;209;117;99m[48;2;217;122;110m▄[38;2;215;120;116m[48;2;214;133;150m▊[38;2;233;175;204m[48;2;233;190;221m▎[38;2;0;0;0m[48;2;226;185;216m [38;2;211;176;218m[48;2;194;163;209m▎[38;2;201;164;208m[48;2;191;154;212m▚[38;2;184;151;204m[48;2;141;124;194m▖[38;2;126;129;193m[48;2;146;150;210m▄[38;2;0;0;0m[48;2;82;118;188m [38;2;89;122;193m[48;2;101;134;207m▆[38;2;97;124;200m[48;2;70;98;175m▝[38;2;0;0;0m[48;2;110;133;199m [38;2;127;137;202m[48;2;92;115;183m▖[38;2;112;136;204m[48;2;67;101;170m▝[38;2;79;119;187m[48;2;41;111;185m▖[38;2;38;105;179m[48;2;60;110;175m▌[38;2;0;0;0m[48;2;64;104;166m [38;2;0;0;0m[48;2;28;82;156m [38;2;84;131;203m[48;2;141;169;228m▌[38;2;26;70;139m[48;2;97;138;206m▗[38;2;45;88;155m[48;2;21;63;137m▄[38;2;0;0;0m[48;2;17;63;133m [38;2;0;0;0m[48;2;77;125;200m [38;2;63;108;180m[48;2;14;68;143m▖[38;2;11;64;135m[48;2;8;67;152m▖[38;2;28;67;134m[48;2;6;32;85m▎[38;2;1;23;71m[48;2;2;20;64m▌[38;2;5;23;81m[48;2;2;37;117m▌[38;2;1;42;119m[48;2;2;55;141m▂[38;2;3;64;135m[48;2;13;88;176m▎[38;2;6;70;166m[48;2;5;60;152m▎[38;2;11;76;159m[48;2;34;128;208m▌[38;2;16;88;195m[48;2;23;104;201m┃[38;2;14;74;155m[48;2;7;54;122m▎[38;2;6;52;132m[48;2;87;102;165m▊[38;2;106;126;192m[48;2;26;74;147m▎[38;2;0;29;78m[48;2;4;43;117m▊[38;2;1;42;124m[48;2;1;34;113m┃[38;2;4;46;126m[48;2;31;67;138m▊[38;2;19;52;113m[48;2;33;74;140m┃[38;2;14;67;139m[48;2;4;40;105m▌[38;2;3;33;94m[48;2;10;52;120m▖[38;2;13;61;130m[48;2;17;70;144m▎[38;2;19;69;140m[48;2;23;88;172m▎[38;2;20;91;180m[48;2;28;99;190m▄[38;2;0;0;0m[48;2;37;109;191m [38;2;19;75;150m[48;2;14;56;115m▎[38;2;26;64;125m[48;2;30;64;118m▌[38;2;46;88;145m[48;2;80;125;188m▌[38;2;76;121;189m[48;2;95;137;202m▁[38;2;49;92;179m[48;2;74;121;201m▗[38;2;59;99;184m[48;2;61;96;177m▊[38;2;103;124;203m[48;2;77;110;199m▌[38;2;101;119;197m[48;2;84;111;195m▝[38;2;121;135;207m[48;2;162;165;224m▃[38;2;0;0;0m[48;2;197;185;238m [38;2;208;190;240m[48;2;187;160;226m▄[38;2;0;0;0m[48;2;194;169;229m [38;2;196;168;225m[48;2;202;178;230m▄[38;2;206;174;228m[48;2;210;182;232m▃[38;2;209;181;230m[48;2;212;175;221m▃[38;2;215;177;217m[48;2;215;178;215m▄[38;2;207;169;209m[48;2;213;180;214m▂[38;2;209;176;211m[48;2;208;164;183m▅[38;2;215;170;193m[48;2;209;159;171m▁[38;2;220;168;175m[48;2;215;159;165m▂[38;2;226;173;172m[48;2;221;168;165m▂[38;2;227;177;166m[48;2;223;167;154m▄[38;2;225;171;150m[48;2;219;156;138m▄[38;2;213;152;129m[48;2;203;137;124m▃[38;2;186;120;114m[48;2;169;107;105m▌[38;2;151;94;97m[48;2;140;92;99m▄[38;2;125;85;94m[48;2;112;80;93m▎[38;2;98;75;92m[48;2;92;75;92m▌[38;2;80;72;93m[48;2;87;75;95m▝[38;2;81;74;97m[48;2;72;69;91m▖[38;2;67;65;87m[48;2;61;58;82m▌[38;2;52;52;76m[48;2;44;44;70m▌[38;2;36;38;64m[48;2;30;31;58m▌[38;2;26;27;54m[48;2;21;22;51m▖[38;2;17;18;48m[48;2;15;16;46m▌[38;2;16;17;47m[48;2;15;16;46m━[38;2;17;18;48m[48;2;18;19;49m▊[0m
[38;2;64;44;61m[48;2;54;39;56m▗[38;2;77;52;65m[48;2;68;45;60m▄[38;2;99;64;76m[48;2;89;55;68m▃[38;2;115;72;81m[48;2;105;61;70m▄[38;2;133;81;89m[48;2;124;69;76m▃[38;2;147;87;94m[48;2;139;75;81m▃[38;2;152;88;95m[48;2;149;78;82m▃[38;2;151;85;93m[48;2;153;78;81m▄[38;2;147;83;92m[48;2;150;77;80m▃[38;2;140;79;89m[48;2;145;74;79m▃[38;2;137;74;83m[48;2;148;76;79m▆[38;2;136;74;83m[48;2;146;77;81m▆[38;2;136;75;83m[48;2;146;81;84m▆[38;2;142;79;85m[48;2;150;84;87m▆[38;2;148;84;88m[48;2;155;87;88m▅[38;2;155;89;91m[48;2;161;93;92m▆[38;2;160;91;90m[48;2;165;97;91m▆[38;2;162;92;88m[48;2;171;101;90m▆[38;2;160;89;82m[48;2;174;106;86m▅[38;2;149;83;78m[48;2;171;96;77m▃[38;2;153;89;73m[48;2;181;94;73m▄[38;2;165;99;79m[48;2;188;101;84m▃[38;2;185;99;93m[48;2;189;111;124m▊[38;2;0;0;0m[48;2;211;158;189m [38;2;0;0;0m[48;2;219;171;199m [38;2;225;185;215m[48;2;218;176;205m▚[38;2;216;178;204m[48;2;202;163;203m▄[38;2;0;0;0m[48;2;201;167;200m [38;2;195;167;199m[48;2;130;127;183m▖[38;2;101;118;184m[48;2;148;142;199m▝[38;2;0;0;0m[48;2;102;110;175m [38;2;79;96;162m[48;2;59;82;145m▌[38;2;68;89;148m[48;2;94;111;173m▎[38;2;103;116;177m[48;2;111;125;189m▄[38;2;114;125;183m[48;2;83;103;169m▖[38;2;47;81;143m[48;2;58;95;160m▚[38;2;29;89;154m[48;2;39;99;169m▄[38;2;56;103;167m[48;2;70;105;160m▎[38;2;66;101;157m[48;2;45;93;162m▌[38;2;45;103;176m[48;2;142;170;226m▊[38;2;95;137;201m[48;2;6;44;102m▌[38;2;56;96;158m[48;2;5;40;94m▝[38;2;3;51;115m[48;2;45;88;148m▝[38;2;34;79;147m[48;2;59;102;172m▄[38;2;59;98;165m[48;2;83;120;189m▖[38;2;79;121;188m[48;2;27;77;148m▂[38;2;10;32;83m[48;2;15;57;123m▝[38;2;0;24;78m[48;2;1;23;72m▚[38;2;0;19;70m[48;2;1;33;98m▊[38;2;1;31;90m[48;2;0;38;107m▄[38;2;4;43;101m[48;2;8;66;144m▌[38;2;3;60;153m[48;2;2;60;151m▄[38;2;9;76;166m[48;2;33;115;197m▌[38;2;8;68;162m[48;2;15;84;182m▅[38;2;0;0;0m[48;2;7;55;123m [38;2;11;57;141m[48;2;121;131;189m▊[38;2;142;148;201m[48;2;11;50;129m▎[38;2;2;25;72m[48;2;1;25;77m┃[38;2;1;29;89m[48;2;3;49;129m▌[38;2;0;41;115m[48;2;3;48;126m▎[38;2;13;56;128m[48;2;3;37;96m▌[38;2;1;35;98m[48;2;5;45;113m▄[38;2;2;31;91m[48;2;10;50;115m▌[38;2;5;47;111m[48;2;16;68;142m▌[38;2;15;67;136m[48;2;22;85;167m▊[38;2;15;85;177m[48;2;18;87;175m▄[38;2;21;92;184m[48;2;34;107;193m▖[38;2;27;90;171m[48;2;12;54;122m▌[38;2;20;60;119m[48;2;9;48;106m▝[38;2;13;58;118m[48;2;50;100;169m▌[38;2;74;123;194m[48;2;57;105;178m▝[38;2;76;128;203m[48;2;30;79;162m▊[38;2;26;71;150m[48;2;38;81;167m▖[38;2;74;98;179m[48;2;57;88;173m┃[38;2;51;87;177m[48;2;70;108;195m▖[38;2;113;134;210m[48;2;81;112;196m▝[38;2;128;141;212m[48;2;158;159;223m▆[38;2;148;152;215m[48;2;191;182;235m▖[38;2;202;187;238m[48;2;195;174;231m▌[38;2;191;168;230m[48;2;191;162;225m▅[38;2;192;163;225m[48;2;200;167;228m▂[38;2;208;178;227m[48;2;207;167;223m▝[38;2;208;166;224m[48;2;211;177;223m▁[38;2;0;0;0m[48;2;213;177;217m [38;2;217;182;219m[48;2;208;172;213m▄[38;2;223;178;201m[48;2;222;183;214m▝[38;2;224;176;193m[48;2;226;174;185m▎[38;2;230;175;183m[48;2;228;174;177m▅[38;2;230;179;177m[48;2;229;180;172m▅[38;2;227;181;168m[48;2;224;177;161m▊[38;2;219;171;151m[48;2;212;161;139m▊[38;2;187;125;112m[48;2;201;148;128m▝[38;2;172;126;108m[48;2;160;106;102m▃[38;2;139;97;96m[48;2;120;86;93m▎[38;2;102;76;93m[48;2;90;71;90m▌[38;2;82;70;91m[48;2;89;75;95m▃[38;2;84;77;100m[48;2;80;76;98m▘[38;2;69;67;89m[48;2;77;74;96m▝[38;2;66;66;89m[48;2;58;58;82m▄[38;2;51;53;80m[48;2;43;45;70m▃[38;2;35;36;65m[48;2;28;29;58m▌[38;2;24;25;55m[48;2;18;19;49m▖[38;2;14;15;45m[48;2;15;16;46m▗[38;2;14;15;45m[48;2;15;16;46m▅[0m
[38;2;58;43;60m[48;2;66;46;63m▌[38;2;75;51;66m[48;2;83;57;71m▌[38;2;92;62;76m[48;2;101;67;80m▌[38;2;106;68;86m[48;2;116;75;87m▂[38;2;121;77;94m[48;2;133;84;95m▂[38;2;131;85;102m[48;2;144;90;102m▃[38;2;134;88;108m[48;2;148;92;105m▃[38;2;131;88;114m[48;2;144;91;106m▃[38;2;125;88;116m[48;2;139;88;107m▃[38;2;123;88;116m[48;2;136;85;102m▅[38;2;118;88;118m[48;2;132;84;103m▄[38;2;117;87;117m[48;2;131;84;103m▄[38;2;117;86;114m[48;2;132;85;103m▃[38;2;123;86;110m[48;2;139;87;102m▃[38;2;130;87;107m[48;2;145;89;101m▃[38;2;133;84;99m[48;2;149;90;98m▃[38;2;129;79;93m[48;2;148;88;94m▃[38;2;123;73;85m[48;2;143;83;88m▃[38;2;115;67;78m[48;2;137;79;84m▄[38;2;103;62;72m[48;2;127;75;79m▄[38;2;96;61;72m[48;2;121;75;78m▅[38;2;100;67;76m[48;2;136;91;83m▅[38;2;137;90;81m[48;2;165;107;92m▅[38;2;187;123;114m[48;2;200;132;146m▄[38;2;0;0;0m[48;2;213;149;166m [38;2;216;142;160m[48;2;224;165;189m▃[38;2;210;145;172m[48;2;220;171;197m▅[38;2;0;0;0m[48;2;208;165;188m [38;2;0;0;0m[48;2;197;162;192m [38;2;174;149;192m[48;2;164;145;189m▄[38;2;138;117;175m[48;2;173;148;192m▝[38;2;118;104;155m[48;2;53;57;105m▌[38;2;63;79;131m[48;2;36;49;100m▝[38;2;75;80;132m[48;2;94;101;153m▖[38;2;98;104;155m[48;2;102;111;165m▃[38;2;67;89;148m[48;2;93;107;164m▝[38;2;60;87;143m[48;2;31;78;134m▖[38;2;69;102;158m[48;2;37;87;148m▝[38;2;66;92;144m[48;2;72;95;150m▄[38;2;48;85;154m[48;2;94;125;185m▊[38;2;90;120;176m[48;2;8;40;85m▌[38;2;2;30;71m[48;2;14;40;87m▌[38;2;48;85;146m[48;2;16;40;95m▝[38;2;49;89;156m[48;2;35;80;145m▄[38;2;36;80;146m[48;2;54;97;167m▄[38;2;47;87;147m[48;2;77;114;178m▂[38;2;77;114;175m[48;2;37;78;145m▄[38;2;32;66;131m[48;2;9;30;82m▖[38;2;0;16;57m[48;2;0;19;71m▃[38;2;4;30;90m[48;2;2;26;77m▘[38;2;1;25;78m[48;2;0;36;110m▊[38;2;1;47;137m[48;2;5;58;157m▌[38;2;21;104;184m[48;2;25;95;183m▄[38;2;5;73;163m[48;2;2;51;128m▊[38;2;15;66;144m[48;2;10;60;128m▂[38;2;27;75;155m[48;2;150;155;201m▊[38;2;104;122;187m[48;2;4;41;124m▎[38;2;0;0;0m[48;2;2;24;75m [38;2;1;30;87m[48;2;7;55;144m▊[38;2;0;42;115m[48;2;1;50;133m▌[38;2;8;60;140m[48;2;6;47;116m▎[38;2;2;38;100m[48;2;2;35;96m▄[38;2;1;32;97m[48;2;9;49;117m▌[38;2;7;49;114m[48;2;13;62;135m▌[38;2;17;72;149m[48;2;8;58;131m▌[38;2;13;71;150m[48;2;18;88;184m▎[38;2;19;90;187m[48;2;50;127;213m▌[38;2;41;116;204m[48;2;15;68;155m▌[38;2;10;49;124m[48;2;3;40;101m▌[38;2;9;50;113m[48;2;37;82;159m▌[38;2;39;85;161m[48;2;49;97;175m▌[38;2;50;101;188m[48;2;53;108;191m▅[38;2;31;76;164m[48;2;26;69;150m▖[38;2;35;70;151m[48;2;75;96;174m▌[38;2;0;0;0m[48;2;54;85;172m [38;2;75;104;187m[48;2;67;99;185m▄[38;2;108;126;202m[48;2;80;104;186m▝[38;2;0;0;0m[48;2;129;136;206m [38;2;144;142;207m[48;2;184;173;230m▖[38;2;188;168;229m[48;2;175;151;218m▊[38;2;180;152;219m[48;2;193;163;227m▌[38;2;198;161;225m[48;2;204;163;226m▇[38;2;196;159;224m[48;2;208;162;225m▖[38;2;202;163;223m[48;2;209;171;222m▂[38;2;0;0;0m[48;2;212;176;217m [38;2;0;0;0m[48;2;222;186;222m [38;2;225;173;188m[48;2;225;187;213m▝[38;2;0;0;0m[48;2;226;169;182m [38;2;222;170;176m[48;2;227;173;178m▃[38;2;217;171;176m[48;2;222;176;173m▃[38;2;211;170;162m[48;2;205;164;150m▊[38;2;193;150;115m[48;2;196;158;135m▝[38;2;175;148;119m[48;2;177;136;99m▃[38;2;144;127;102m[48;2;134;101;91m▄[38;2;106;94;92m[48;2;86;70;87m▖[38;2;67;59;83m[48;2;76;66;90m▃[38;2;70;68;91m[48;2;79;75;98m▂[38;2;79;77;99m[48;2;82;80;102m▁[38;2;70;70;94m[48;2;79;78;100m▝[38;2;70;71;97m[48;2;60;61;88m▖[38;2;54;55;82m[48;2;42;43;72m▖[38;2;32;33;63m[48;2;25;26;56m▌[38;2;21;22;52m[48;2;16;17;49m▖[38;2;12;12;48m[48;2;13;13;45m▆[0m
[38;2;48;36;53m[48;2;55;41;59m▆[38;2;54;38;55m[48;2;65;46;63m▅[38;2;65;42;61m[48;2;79;52;67m▅[38;2;78;47;64m[48;2;93;59;76m▅[38;2;90;52;71m[48;2;107;66;84m▅[38;2;97;55;77m[48;2;112;70;92m▄[38;2;98;61;87m[48;2;115;76;101m▄[38;2;99;68;98m[48;2;116;82;110m▅[38;2;95;72;109m[48;2;111;84;117m▄[38;2;90;76;117m[48;2;107;87;126m▃[38;2;86;77;121m[48;2;103;88;128m▃[38;2;83;77;123m[48;2;101;88;129m▃[38;2;82;74;118m[48;2;102;85;124m▃[38;2;82;70;110m[48;2;104;83;117m▃[38;2;85;66;100m[48;2;110;80;107m▄[38;2;82;58;87m[48;2;111;75;97m▄[38;2;77;51;76m[48;2;107;68;89m▄[38;2;73;45;67m[48;2;100;62;79m▄[38;2;67;40;61m[48;2;91;56;72m▄[38;2;62;38;59m[48;2;83;51;67m▄[38;2;65;43;61m[48;2;81;53;67m▅[38;2;79;55;68m[48;2;97;68;69m▊[38;2;108;74;70m[48;2;132;87;68m▎[38;2;163;95;71m[48;2;183;114;103m▄[38;2;213;137;150m[48;2;181;87;82m▝[38;2;183;87;96m[48;2;207;121;139m▁[38;2;187;87;105m[48;2;205;122;148m▄[38;2;141;85;121m[48;2;173;120;154m▃[38;2;141;102;150m[48;2;187;148;178m▃[38;2;136;108;149m[48;2;166;138;172m▁[38;2;131;118;163m[48;2;166;143;178m▅[38;2;0;0;0m[48;2;168;143;174m [38;2;0;0;0m[48;2;54;50;93m [38;2;79;82;130m[48;2;33;38;85m▝[38;2;0;0;0m[48;2;93;96;144m [38;2;94;98;145m[48;2;94;100;147m▄[38;2;0;0;0m[48;2;79;93;149m [38;2;65;81;137m[48;2;37;71;125m▁[38;2;32;70;123m[48;2;50;85;141m▖[38;2;49;79;130m[48;2;65;98;158m▖[38;2;106;125;170m[48;2;16;49;94m▌[38;2;0;0;0m[48;2;5;27;68m [38;2;16;35;93m[48;2;13;27;74m▝[38;2;0;0;0m[48;2;13;45;97m [38;2;63;105;165m[48;2;31;69;125m▚[38;2;32;71;128m[48;2;35;82;145m▖[38;2;27;73;139m[48;2;63;95;154m▃[38;2;39;73;140m[48;2;72;110;177m▝[38;2;43;77;149m[48;2;3;24;73m▖[38;2;0;23;72m[48;2;0;19;64m▝[38;2;0;22;70m[48;2;1;31;103m▊[38;2;4;38;114m[48;2;40;100;180m▌[38;2;0;0;0m[48;2;14;87;178m [38;2;2;73;158m[48;2;2;58;146m▘[38;2;24;84;161m[48;2;17;69;144m▌[38;2;21;77;150m[48;2;129;150;197m▌[38;2;25;83;167m[48;2;6;37;116m▌[38;2;2;26;79m[48;2;5;33;98m▊[38;2;1;29;83m[48;2;4;47;130m▊[38;2;1;41;111m[48;2;3;50;129m▌[38;2;0;49;133m[48;2;6;43;110m▌[38;2;6;47;118m[48;2;0;32;90m▌[38;2;0;29;93m[48;2;5;44;114m▌[38;2;7;48;114m[48;2;12;57;130m┃[38;2;21;75;157m[48;2;13;64;145m┃[38;2;6;58;133m[48;2;18;86;182m▌[38;2;16;98;198m[48;2;40;131;219m▌[38;2;35;103;194m[48;2;51;134;219m▝[38;2;35;87;174m[48;2;9;44;120m▎[38;2;8;38;95m[48;2;31;63;131m▌[38;2;30;66;138m[48;2;45;86;162m▎[38;2;49;96;176m[48;2;51;105;190m▎[38;2;27;65;148m[48;2;27;66;155m▄[38;2;37;64;141m[48;2;53;74;146m▊[38;2;96;111;188m[48;2;60;84;165m▚[38;2;89;113;192m[48;2;62;89;172m▝[38;2;104;119;193m[48;2;88;107;186m▖[38;2;103;113;190m[48;2;119;121;195m▌[38;2;124;122;194m[48;2;146;139;206m▖[38;2;166;153;215m[48;2;184;165;224m▅[38;2;185;156;219m[48;2;185;150;218m▄[38;2;184;151;220m[48;2;192;159;225m▂[38;2;195;158;221m[48;2;195;157;221m▄[38;2;198;161;222m[48;2;200;160;221m▄[38;2;206;169;217m[48;2;199;160;218m▝[38;2;200;160;205m[48;2;216;181;217m▄[38;2;0;0;0m[48;2;220;190;221m [38;2;222;180;196m[48;2;222;190;218m▝[38;2;220;185;207m[48;2;213;169;179m▖[38;2;206;167;175m[48;2;211;170;178m▃[38;2;200;165;164m[48;2;202;168;173m▝[38;2;190;159;156m[48;2;181;151;142m▊[38;2;172;143;130m[48;2;156;128;113m▌[38;2;122;96;96m[48;2;143;125;96m▄[38;2;95;76;84m[48;2;106;97;84m▂[38;2;87;79;80m[48;2;70;66;79m▄[38;2;75;68;84m[48;2;67;65;86m▁[38;2;71;68;91m[48;2;75;73;96m▎[38;2;81;79;101m[48;2;80;78;100m▄[38;2;68;69;92m[48;2;79;77;99m▝[38;2;69;70;94m[48;2;59;60;85m▂[38;2;47;49;76m[48;2;38;39;68m▌[38;2;33;34;64m[48;2;23;24;54m▖[38;2;19;20;50m[48;2;14;15;46m▖[0m
[38;2;52;38;55m[48;2;47;35;52m▂[38;2;64;40;58m[48;2;55;37;54m▗[38;2;74;43;60m[48;2;64;40;57m▄[38;2;85;47;64m[48;2;77;44;60m▄[38;2;85;47;65m[48;2;93;50;69m▘[38;2;100;54;74m[48;2;96;53;74m▃[38;2;100;56;79m[48;2;98;57;83m▌[38;2;93;62;93m[48;2;94;58;87m▝[38;2;88;58;91m[48;2;89;64;99m▃[38;2;84;63;101m[48;2;84;68;109m▄[38;2;82;68;109m[48;2;79;70;116m▄[38;2;86;74;114m[48;2;77;70;116m▂[38;2;85;73;114m[48;2;75;67;113m▃[38;2;84;70;108m[48;2;73;64;105m▃[38;2;79;64;100m[48;2;72;58;95m▃[38;2;73;57;92m[48;2;67;50;84m▖[38;2;65;48;78m[48;2;62;43;71m▖[38;2;58;40;65m[48;2;54;37;60m▌[38;2;50;34;57m[48;2;56;34;55m▇[38;2;50;33;54m[48;2;55;34;53m▇[38;2;60;38;59m[48;2;54;36;54m▁[38;2;65;45;59m[48;2;76;55;56m▊[38;2;107;87;51m[48;2;92;67;52m▗[38;2;138;113;44m[48;2;133;88;46m▃[38;2;160;106;48m[48;2;160;82;51m▃[38;2;0;0;0m[48;2;164;69;55m [38;2;165;61;58m[48;2;175;69;80m▅[38;2;130;48;65m[48;2;85;32;67m▎[38;2;142;98;146m[48;2;117;64;109m▝[38;2;140;97;144m[48;2;119;89;137m▄[38;2;114;88;137m[48;2;132;114;158m▅[38;2;164;139;169m[48;2;124;109;156m▝[38;2;131;109;145m[48;2;151;125;152m▄[38;2;124;109;137m[48;2;54;52;93m▃[38;2;77;80;126m[48;2;38;43;87m▝[38;2;59;69;116m[48;2;80;88;136m▂[38;2;91;95;144m[48;2;79;82;129m▖[38;2;69;76;128m[48;2;77;90;148m▖[38;2;67;83;134m[48;2;48;73;125m▃[38;2;32;64;107m[48;2;46;84;134m▌[38;2;70;96;152m[48;2;75;99;150m▄[38;2;18;44;105m[48;2;7;24;66m▌[38;2;8;21;52m[48;2;8;22;61m▅[38;2;7;26;67m[48;2;9;31;76m▎[38;2;0;0;0m[48;2;16;45;89m [38;2;20;54;100m[48;2;47;89;145m▖[38;2;0;0;0m[48;2;20;71;131m [38;2;62;93;154m[48;2;15;59;119m▝[38;2;55;88;145m[48;2;57;93;165m▄[38;2;49;70;131m[48;2;12;37;92m▃[38;2;8;46;119m[48;2;1;32;94m▂[38;2;0;0;0m[48;2;30;105;182m [38;2;8;77;174m[48;2;6;61;167m▊[38;2;7;65;164m[48;2;24;95;177m▌[38;2;29;93;176m[48;2;11;70;151m▎[38;2;121;146;194m[48;2;39;99;167m┃[38;2;12;78;161m[48;2;2;28;96m▌[38;2;0;0;0m[48;2;2;26;78m [38;2;2;29;81m[48;2;8;52;125m▊[38;2;2;40;106m[48;2;1;43;116m▌[38;2;2;50;131m[48;2;10;41;103m▊[38;2;2;40;112m[48;2;4;37;97m┃[38;2;0;30;90m[48;2;4;45;117m▊[38;2;5;48;114m[48;2;10;62;138m▊[38;2;10;66;149m[48;2;15;72;153m▆[38;2;5;59;139m[48;2;20;82;170m▊[38;2;22;104;202m[48;2;46;140;227m▌[38;2;58;145;225m[48;2;58;131;213m▊[38;2;69;125;202m[48;2;6;37;112m▌[38;2;18;44;103m[48;2;29;52;114m▊[38;2;32;60;125m[48;2;48;90;163m▊[38;2;53;109;190m[48;2;46;100;177m▝[38;2;44;94;174m[48;2;28;62;139m▌[38;2;42;61;134m[48;2;38;60;134m▄[38;2;0;0;0m[48;2;60;74;153m [38;2;96;104;175m[48;2;80;96;172m▄[38;2;110;122;191m[48;2;70;88;163m▝[38;2;99;108;177m[48;2;116;122;189m▚[38;2;125;122;192m[48;2;138;129;197m▎[38;2;174;158;220m[48;2;155;142;208m▝[38;2;172;159;218m[48;2;171;155;216m▄[38;2;169;154;213m[48;2;183;152;219m▃[38;2;187;151;219m[48;2;192;153;219m▌[38;2;195;154;219m[48;2;198;161;222m▖[38;2;0;0;0m[48;2;199;160;221m [38;2;0;0;0m[48;2;194;152;215m [38;2;192;151;206m[48;2;209;174;213m▖[38;2;215;184;217m[48;2;217;185;214m▄[38;2;216;183;210m[48;2;216;187;217m▁[38;2;219;193;222m[48;2;202;170;183m▖[38;2;203;173;182m[48;2;199;169;176m▃[38;2;196;170;177m[48;2;189;163;167m▄[38;2;162;132;137m[48;2;181;154;159m▝[38;2;158;132;142m[48;2;132;104;117m▃[38;2;123;96;116m[48;2;92;72;92m▂[38;2;88;68;95m[48;2;79;63;85m▖[38;2;76;63;91m[48;2;83;68;87m▃[38;2;83;73;98m[48;2;78;74;96m▅[38;2;84;81;104m[48;2;88;86;108m▌[38;2;93;91;113m[48;2;86;84;106m▆[38;2;90;88;110m[48;2;78;76;100m▅[38;2;77;75;99m[48;2;62;63;89m▄[38;2;56;58;85m[48;2;42;43;73m▃[38;2;37;38;69m[48;2;25;26;56m▖[0m
[38;2;52;38;55m[48;2;56;39;57m▌[38;2;63;41;60m[48;2;67;42;60m▌[38;2;73;42;61m[48;2;77;45;62m▎[38;2;82;44;62m[48;2;86;47;65m▎[38;2;87;47;65m[48;2;93;49;69m▂[38;2;90;47;68m[48;2;98;53;72m▃[38;2;89;47;71m[48;2;98;53;76m▄[38;2;81;47;70m[48;2;90;52;78m▃[38;2;79;50;75m[48;2;85;55;85m▄[38;2;81;56;85m[48;2;84;60;93m▃[38;2;89;64;94m[48;2;88;68;104m▂[38;2;95;71;103m[48;2;93;75;111m▁[38;2;100;79;113m[48;2;94;79;115m▄[38;2;102;79;112m[48;2;94;77;113m▅[38;2;101;76;107m[48;2;89;71;107m▆[38;2;98;71;98m[48;2;86;65;95m▄[38;2;90;62;87m[48;2;76;55;83m▄[38;2;83;54;76m[48;2;66;46;70m▄[38;2;80;49;69m[48;2;62;40;62m▄[38;2;80;48;66m[48;2;62;39;60m▄[38;2;82;50;67m[48;2;66;42;62m▄[38;2;70;46;65m[48;2;84;53;66m▘[38;2;104;64;60m[48;2;107;87;59m▆[38;2;114;70;46m[48;2;144;120;52m▆[38;2;93;48;44m[48;2;147;96;49m▅[38;2;95;35;56m[48;2;141;58;54m▄[38;2;121;46;52m[48;2;148;54;57m▃[38;2;144;85;96m[48;2;141;79;101m▄[38;2;76;38;76m[48;2;112;69;111m▚[38;2;36;22;53m[48;2;140;93;138m▆[38;2;37;39;71m[48;2;94;78;119m▄[38;2;91;78;118m[48;2;119;93;140m▖[38;2;127;109;151m[48;2;155;132;169m▝[38;2;60;46;84m[48;2;110;94;130m▚[38;2;110;100;131m[48;2;67;64;103m▚[38;2;103;95;133m[48;2;51;58;105m▖[38;2;70;77;126m[48;2;50;64;114m▝[38;2;0;0;0m[48;2;47;62;113m [38;2;74;87;141m[48;2;64;78;124m▌[38;2;62;81;124m[48;2;86;102;150m▊[38;2;50;83;141m[48;2;108;130;183m▊[38;2;100;121;175m[48;2;17;43;94m▎[38;2;10;25;59m[48;2;7;21;50m▆[38;2;0;0;0m[48;2;7;23;63m [38;2;9;31;76m[48;2;13;42;92m▎[38;2;0;0;0m[48;2;8;45;97m [38;2;47;89;150m[48;2;18;60;119m▚[38;2;0;0;0m[48;2;6;53;113m [38;2;0;0;0m[48;2;8;46;99m [38;2;21;37;92m[48;2;57;70;125m▂[38;2;69;108;170m[48;2;42;68;133m▗[38;2;52;121;191m[48;2;16;92;169m▎[38;2;13;84;171m[48;2;1;70;161m▗[38;2;35;112;194m[48;2;28;97;172m▊[38;2;0;0;0m[48;2;20;85;164m [38;2;105;137;193m[48;2;36;89;160m▌[38;2;0;0;0m[48;2;0;28;87m [38;2;2;30;87m[48;2;1;25;75m▗[38;2;4;34;88m[48;2;4;38;101m▘[38;2;0;36;100m[48;2;0;37;107m▊[38;2;1;54;136m[48;2;8;39;97m▊[38;2;7;46;115m[48;2;4;36;97m┃[38;2;0;29;87m[48;2;2;39;108m▊[38;2;3;44;111m[48;2;9;62;149m▊[38;2;7;63;147m[48;2;4;59;141m▌[38;2;8;58;139m[48;2;4;54;125m▊[38;2;25;95;182m[48;2;30;112;203m▃[38;2;55;147;226m[48;2;54;137;218m▌[38;2;72;144;222m[48;2;23;67;149m▌[38;2;29;58;133m[48;2;20;42;101m▖[38;2;29;56;121m[48;2;30;53;110m▝[38;2;34;72;136m[48;2;42;98;175m▎[38;2;0;0;0m[48;2;42;97;175m [38;2;45;92;168m[48;2;42;71;142m▖[38;2;60;78;147m[48;2;57;68;142m▅[38;2;79;85;159m[48;2;103;104;176m▌[38;2;121;121;188m[48;2;92;96;169m▚[38;2;102;106;175m[48;2;108;113;180m▄[38;2;119;116;181m[48;2;124;121;183m▄[38;2;0;0;0m[48;2;164;143;207m [38;2;173;145;207m[48;2;180;160;218m▖[38;2;174;156;215m[48;2;192;163;221m▝[38;2;179;155;217m[48;2;178;156;217m▄[38;2;177;155;216m[48;2;195;160;221m▃[38;2;191;160;218m[48;2;203;165;224m▖[38;2;207;167;225m[48;2;205;165;226m▄[38;2;204;164;223m[48;2;202;160;216m▊[38;2;199;157;203m[48;2;212;178;218m▄[38;2;214;182;210m[48;2;212;181;208m▄[38;2;212;183;207m[48;2;216;191;216m▄[38;2;215;193;215m[48;2;205;177;190m▖[38;2;205;179;189m[48;2;200;175;185m▆[38;2;189;165;174m[48;2;199;174;184m▝[38;2;171;145;152m[48;2;186;161;169m▝[38;2;134;106;119m[48;2;160;133;141m▝[38;2;123;98;115m[48;2;102;82;104m▌[38;2;103;83;107m[48;2;83;68;96m▁[38;2;87;74;102m[48;2;80;70;98m▁[38;2;87;86;109m[48;2;84;79;104m▝[38;2;90;87;110m[48;2;95;92;115m▖[38;2;96;93;116m[48;2;97;95;117m▁[38;2;83;82;106m[48;2;92;90;113m▝[38;2;78;77;100m[48;2;67;68;94m▄[38;2;60;58;84m[48;2;46;47;76m▃[0m
[38;2;54;38;55m[48;2;47;35;53m▝[38;2;50;35;53m[48;2;59;38;57m▄[38;2;54;35;53m[48;2;66;39;60m▄[38;2;58;34;55m[48;2;71;40;62m▄[38;2;61;35;57m[48;2;75;41;62m▄[38;2;63;36;58m[48;2;76;41;63m▄[38;2;64;37;59m[48;2;75;41;65m▄[38;2;64;38;59m[48;2;72;41;63m▄[38;2;65;40;61m[48;2;71;43;66m▃[38;2;79;52;78m[48;2;73;46;69m▝[38;2;79;51;74m[48;2;85;57;85m▄[38;2;87;57;80m[48;2;92;65;93m▄[38;2;93;62;86m[48;2;97;71;99m▅[38;2;96;64;87m[48;2;100;71;98m▄[38;2;101;65;87m[48;2;103;72;97m▄[38;2;106;65;84m[48;2;103;69;92m▄[38;2;108;64;81m[48;2;100;64;84m▄[38;2;108;62;75m[48;2;96;58;76m▄[38;2;105;58;70m[48;2;95;54;70m▄[38;2;100;55;66m[48;2;94;53;69m▅[38;2;96;52;66m[48;2;96;54;70m▄[38;2;89;48;63m[48;2;93;53;70m▂[38;2;98;53;67m[48;2;113;54;67m▌[38;2;129;44;73m[48;2;124;48;57m▄[38;2;123;32;70m[48;2;109;38;51m▆[38;2;128;41;78m[48;2;104;34;62m▅[38;2;114;45;61m[48;2;129;50;63m▁[38;2;137;78;78m[48;2;162;146;184m▊[38;2;130;118;169m[48;2;78;76;140m▌[38;2;42;44;99m[48;2;36;34;75m▄[38;2;106;98;135m[48;2;50;50;89m▗[38;2;58;45;81m[48;2;107;87;126m▃[38;2;92;68;104m[48;2;150;118;154m▖[38;2;106;94;137m[48;2;172;142;169m▝[38;2;110;94;134m[48;2;49;48;93m▖[38;2;53;59;107m[48;2;103;95;131m▄[38;2;128;116;149m[48;2;74;78;123m▃[38;2;38;54;108m[48;2;29;49;101m▎[38;2;75;87;137m[48;2;36;56;107m▝[38;2;68;80;126m[48;2;123;118;165m▊[38;2;104;114;162m[48;2;50;85;146m▎[38;2;108;131;184m[48;2;31;54;100m▌[38;2;19;40;86m[48;2;11;24;60m▖[38;2;8;22;58m[48;2;7;24;66m▊[38;2;5;25;71m[48;2;18;43;96m▌[38;2;2;30;81m[48;2;15;46;102m┃[38;2;20;62;124m[48;2;15;54;111m▎[38;2;29;81;141m[48;2;6;51;106m▌[38;2;7;42;101m[48;2;2;29;84m▊[38;2;4;25;79m[48;2;12;32;88m▊[38;2;29;56;124m[48;2;77;131;203m▊[38;2;86;139;211m[48;2;47;92;168m▊[38;2;62;121;195m[48;2;28;96;178m▃[38;2;42;126;207m[48;2;23;102;183m▎[38;2;22;97;179m[48;2;55;118;190m▌[38;2;56;114;185m[48;2;16;77;151m▎[38;2;0;35;95m[48;2;1;26;74m▎[38;2;2;26;80m[48;2;5;37;102m▊[38;2;8;42;108m[48;2;3;37;100m▌[38;2;0;32;97m[48;2;0;42;116m▊[38;2;2;60;146m[48;2;7;42;105m▌[38;2;8;37;99m[48;2;1;40;113m▎[38;2;0;29;83m[48;2;1;33;96m┃[38;2;1;38;100m[48;2;7;58;137m▌[38;2;2;45;114m[48;2;7;59;137m▗[38;2;5;50;118m[48;2;10;57;132m▖[38;2;13;64;142m[48;2;35;107;195m▌[38;2;0;0;0m[48;2;49;135;218m [38;2;54;131;213m[48;2;17;68;157m▊[38;2;23;50;129m[48;2;23;44;112m▊[38;2;36;58;118m[48;2;27;47;105m▝[38;2;45;94;170m[48;2;33;62;125m▝[38;2;0;0;0m[48;2;48;95;176m [38;2;57;98;179m[48;2;47;84;163m▚[38;2;0;0;0m[48;2;58;81;143m [38;2;0;0;0m[48;2;87;91;159m [38;2;133;126;191m[48;2;115;112;180m▚[38;2;0;0;0m[48;2;134;130;192m [38;2;147;136;199m[48;2;127;122;191m▄[38;2;131;120;190m[48;2;162;137;204m▌[38;2;181;150;214m[48;2;174;144;209m▝[38;2;0;0;0m[48;2;190;158;218m [38;2;202;163;222m[48;2;194;157;218m▚[38;2;193;156;216m[48;2;182;157;215m▅[38;2;194;162;220m[48;2;201;167;225m▎[38;2;196;156;217m[48;2;208;174;228m▖[38;2;211;169;223m[48;2;209;169;224m▄[38;2;0;0;0m[48;2;212;173;225m [38;2;207;165;205m[48;2;205;168;207m▄[38;2;215;186;211m[48;2;210;175;195m▚[38;2;215;189;210m[48;2;210;183;199m┃[38;2;212;183;191m[48;2;209;182;194m▄[38;2;207;181;191m[48;2;206;180;185m▘[38;2;201;175;180m[48;2;197;171;176m▊[38;2;180;153;157m[48;2;193;166;170m▝[38;2;178;150;155m[48;2;158;130;139m▃[38;2;143;116;131m[48;2;124;100;121m▎[38;2;111;97;123m[48;2;99;84;110m▁[38;2;97;85;112m[48;2;89;79;106m▄[38;2;105;92;116m[48;2;96;89;112m▂[38;2;111;99;122m[48;2;100;94;118m▄[38;2;112;99;121m[48;2;99;93;115m▅[38;2;107;95;116m[48;2;91;84;107m▄[38;2;95;84;105m[48;2;74;70;93m▄[0m
[38;2;41;32;52m[48;2;45;35;53m▆[38;2;39;30;53m[48;2;45;33;54m▄[38;2;40;30;52m[48;2;46;33;53m▄[38;2;39;29;51m[48;2;47;32;52m▄[38;2;40;28;50m[48;2;51;33;53m▅[38;2;40;28;51m[48;2;51;32;53m▄[38;2;41;29;52m[48;2;52;33;54m▄[38;2;42;30;53m[48;2;54;35;55m▄[38;2;45;31;55m[48;2;57;37;57m▄[38;2;49;34;56m[48;2;61;40;60m▄[38;2;55;37;59m[48;2;69;45;65m▄[38;2;63;41;62m[48;2;78;50;72m▄[38;2;68;44;64m[48;2;85;53;75m▃[38;2;76;48;67m[48;2;89;56;75m▃[38;2;85;52;68m[48;2;95;59;77m▄[38;2;92;57;70m[48;2;100;60;76m▃[38;2;108;62;74m[48;2;103;60;73m▝[38;2;109;62;72m[48;2;109;60;71m▂[38;2;111;61;72m[48;2;106;56;67m▃[38;2;108;59;70m[48;2;99;53;63m▃[38;2;105;57;68m[48;2;92;50;62m▂[38;2;120;69;74m[48;2;96;51;63m▁[38;2;139;66;83m[48;2;118;57;73m▃[38;2;153;52;95m[48;2;140;48;87m▄[38;2;159;54;112m[48;2;143;35;91m▃[38;2;159;66;104m[48;2;140;42;79m▃[38;2;0;0;0m[48;2;142;72;89m [38;2;0;0;0m[48;2;157;142;199m [38;2;108;115;205m[48;2;87;98;187m▎[38;2;79;90;177m[48;2;55;59;131m▄[38;2;119;97;162m[48;2;68;55;114m▃[38;2;95;70;123m[48;2;70;51;93m▃[38;2;83;57;100m[48;2;120;86;131m▊[38;2;142;106;150m[48;2;167;133;165m▎[38;2;0;0;0m[48;2;152;123;154m [38;2;119;94;129m[48;2;70;67;118m▁[38;2;151;132;161m[48;2;53;61;111m▝[38;2;161;141;166m[48;2;66;69;122m▖[38;2;43;58;114m[48;2;21;43;96m▖[38;2;42;57;108m[48;2;131;121;170m▊[38;2;104;110;158m[48;2;67;97;157m▎[38;2;60;98;158m[48;2;101;115;164m▌[38;2;25;50;99m[48;2;16;32;70m▎[38;2;17;29;64m[48;2;11;24;59m▖[38;2;13;33;82m[48;2;28;48;103m▊[38;2;22;43;96m[48;2;4;30;83m▎[38;2;11;49;103m[48;2;19;60;117m▎[38;2;32;80;134m[48;2;14;50;104m┃[38;2;10;42;102m[48;2;6;38;90m▊[38;2;5;38;90m[48;2;1;33;82m▘[38;2;18;59;117m[48;2;75;143;211m▊[38;2;28;84;173m[48;2;52;122;200m┃[38;2;42;115;190m[48;2;77;135;206m▖[38;2;18;98;178m[48;2;58;123;196m▝[38;2;29;114;195m[48;2;18;103;187m▝[38;2;18;91;170m[48;2;0;43;108m▊[38;2;0;31;91m[48;2;1;25;80m▌[38;2;5;40;103m[48;2;9;55;134m▊[38;2;3;52;132m[48;2;0;32;93m▌[38;2;0;32;96m[48;2;2;48;126m▌[38;2;1;49;130m[48;2;8;41;102m▎[38;2;2;39;113m[48;2;0;35;101m▌[38;2;0;31;90m[48;2;0;27;81m▎[38;2;1;36;97m[48;2;11;61;138m▌[38;2;8;59;129m[48;2;3;41;101m▌[38;2;5;44;111m[48;2;14;56;129m▌[38;2;11;56;132m[48;2;22;86;174m▊[38;2;44;124;209m[48;2;45;126;213m▄[38;2;37;106;191m[48;2;43;116;198m▃[38;2;0;0;0m[48;2;26;60;134m [38;2;34;54;111m[48;2;29;49;106m▇[38;2;36;65;124m[48;2;37;58;112m▝[38;2;50;91;166m[48;2;31;65;129m▝[38;2;0;0;0m[48;2;49;88;166m [38;2;54;84;154m[48;2;58;78;144m▊[38;2;64;76;144m[48;2;84;82;152m▌[38;2;121;111;176m[48;2;96;85;153m▝[38;2;122;106;170m[48;2;148;138;198m▖[38;2;139;129;194m[48;2;154;140;202m▚[38;2;137;125;190m[48;2;166;147;210m▝[38;2;175;147;209m[48;2;159;140;202m▝[38;2;181;150;209m[48;2;183;150;211m▄[38;2;198;159;218m[48;2;194;155;216m▝[38;2;200;160;218m[48;2;195;155;214m▊[38;2;199;159;215m[48;2;196;158;218m▄[38;2;194;148;211m[48;2;203;161;220m▝[38;2;199;156;213m[48;2;212;174;227m▖[38;2;210;169;224m[48;2;213;174;226m▃[38;2;0;0;0m[48;2;215;178;227m [38;2;215;178;224m[48;2;210;173;206m▅[38;2;221;190;228m[48;2;218;188;211m▖[38;2;214;181;198m[48;2;212;181;189m▂[38;2;216;185;192m[48;2;213;182;187m▃[38;2;210;180;184m[48;2;205;176;179m▌[38;2;196;166;166m[48;2;199;171;173m▗[38;2;186;155;159m[48;2;189;161;164m▗[38;2;175;145;151m[48;2;160;134;145m▆[38;2;159;133;145m[48;2;130;109;132m▅[38;2;143;121;139m[48;2;113;97;123m▄[38;2;131;113;135m[48;2;116;101;127m▃[38;2;131;112;137m[48;2;120;104;128m▅[38;2;131;111;137m[48;2;125;108;130m▅[38;2;129;107;134m[48;2;120;103;124m▅[38;2;120;98;126m[48;2;110;92;116m▄[0m
[38;2;42;34;57m[48;2;38;34;56m▌[38;2;37;33;54m[48;2;36;33;54m▄[38;2;35;32;53m[48;2;34;31;52m▊[38;2;33;30;51m[48;2;32;29;50m▄[38;2;30;28;49m[48;2;33;27;50m▆[38;2;28;26;48m[48;2;31;27;49m▅[38;2;29;26;48m[48;2;34;27;50m▆[38;2;29;25;47m[48;2;34;26;49m▅[38;2;33;27;49m[48;2;36;29;52m▆[38;2;39;28;51m[48;2;43;31;55m▇[38;2;50;36;53m[48;2;45;32;54m▁[38;2;59;40;58m[48;2;52;37;56m▁[38;2;67;44;60m[48;2;59;40;58m▂[38;2;78;50;65m[48;2;68;44;63m▂[38;2;78;49;65m[48;2;84;52;67m▌[38;2;90;55;68m[48;2;96;58;70m▊[38;2;100;59;71m[48;2;105;61;71m▌[38;2;110;63;74m[48;2;114;64;75m▌[38;2;121;65;73m[48;2;117;65;74m▗[38;2;123;67;74m[48;2;118;66;76m▄[38;2;143;83;80m[48;2;123;68;75m▂[38;2;164;87;91m[48;2;137;76;81m▄[38;2;176;72;107m[48;2;158;75;96m▅[38;2;181;66;123m[48;2;168;62;114m▄[38;2;177;84;117m[48;2;171;70;123m▗[38;2;202;153;182m[48;2;169;85;115m▗[38;2;0;0;0m[48;2;192;158;208m [38;2;0;0;0m[48;2;115;117;211m [38;2;106;113;208m[48;2;98;110;207m▄[38;2;145;119;204m[48;2;110;115;200m▄[38;2;166;124;200m[48;2;141;117;186m▅[38;2;152;106;174m[48;2;116;85;148m▄[38;2;137;96;160m[48;2;114;81;140m▅[38;2;139;100;155m[48;2;162;124;169m▊[38;2;171;135;170m[48;2;170;136;165m▄[38;2;126;95;129m[48;2;161;128;154m▝[38;2;109;81;121m[48;2;57;43;87m▎[38;2;141;125;155m[48;2;95;88;123m▝[38;2;111;95;128m[48;2;58;60;109m▖[38;2;43;54;101m[48;2;122;113;159m▌[38;2;119;116;168m[48;2;76;108;171m▌[38;2;48;85;150m[48;2;143;152;202m▊[38;2;43;56;105m[48;2;21;34;79m▎[38;2;17;30;72m[48;2;13;28;68m▇[38;2;13;35;85m[48;2;24;46;98m▊[38;2;15;42;95m[48;2;13;37;90m▄[38;2;21;60;119m[48;2;34;67;123m▊[38;2;47;67;119m[48;2;32;63;118m▊[38;2;14;61;131m[48;2;10;49;109m┃[38;2;5;43;103m[48;2;6;38;91m▎[38;2;23;54;105m[48;2;75;133;195m▌[38;2;0;0;0m[48;2;41;120;198m [38;2;33;112;192m[48;2;33;114;193m▄[38;2;23;97;175m[48;2;52;118;190m▃[38;2;31;113;195m[48;2;57;127;203m▝[38;2;28;95;175m[48;2;12;65;138m▊[38;2;23;77;146m[48;2;7;38;101m▖[38;2;10;43;107m[48;2;20;67;145m▎[38;2;2;47;131m[48;2;1;34;92m▎[38;2;2;35;92m[48;2;3;42;108m▎[38;2;7;38;98m[48;2;7;43;112m▊[38;2;3;41;114m[48;2;1;32;89m▌[38;2;1;31;86m[48;2;0;23;74m▊[38;2;2;39;104m[48;2;8;52;125m▌[38;2;6;48;117m[48;2;4;35;92m▌[38;2;6;39;97m[48;2;16;55;119m▌[38;2;13;55;124m[48;2;19;76;151m▊[38;2;37;105;191m[48;2;47;129;212m▎[38;2;41;117;204m[48;2;38;96;181m▌[38;2;32;81;159m[48;2;25;52;121m▌[38;2;29;49;111m[48;2;37;52;110m▌[38;2;43;56;111m[48;2;43;60;112m▎[38;2;40;62;113m[48;2;38;66;124m▌[38;2;51;83;161m[48;2;42;69;136m▝[38;2;48;77;146m[48;2;52;84;158m▝[38;2;55;76;145m[48;2;64;72;138m▌[38;2;108;86;155m[48;2;82;76;141m▝[38;2;0;0;0m[48;2;125;101;167m [38;2;141;119;183m[48;2;148;130;195m▃[38;2;166;150;208m[48;2;155;140;203m▃[38;2;178;160;217m[48;2;174;157;215m▄[38;2;181;164;219m[48;2;173;149;210m▄[38;2;181;152;209m[48;2;189;158;215m▎[38;2;196;160;216m[48;2;201;161;219m▄[38;2;201;160;216m[48;2;196;154;210m▄[38;2;202;160;214m[48;2;197;155;209m▚[38;2;203;157;212m[48;2;199;155;211m▄[38;2;212;173;225m[48;2;210;168;222m▌[38;2;204;155;210m[48;2;211;165;221m▗[38;2;218;176;220m[48;2;211;168;212m▚[38;2;217;177;210m[48;2;220;186;222m▆[38;2;225;196;226m[48;2;221;187;205m▘[38;2;228;197;223m[48;2;218;187;199m▃[38;2;0;0;0m[48;2;214;184;190m [38;2;206;176;179m[48;2;201;171;171m▄[38;2;186;154;153m[48;2;194;164;162m▝[38;2;160;133;142m[48;2;180;149;148m▝[38;2;163;137;139m[48;2;143;122;138m▖[38;2;131;115;139m[48;2;140;121;138m▅[38;2;131;116;142m[48;2;142;124;142m▖[38;2;148;132;150m[48;2;129;113;136m▅[38;2;144;130;151m[48;2;129;114;138m▂[38;2;124;110;138m[48;2;121;106;131m▃[38;2;111;98;126m[48;2;102;90;119m▌[0m
[38;2;38;35;56m[48;2;43;36;59m▝[38;2;40;36;57m[48;2;37;34;55m▄[38;2;37;34;55m[48;2;36;33;54m▃[38;2;32;30;51m[48;2;34;31;52m▝[38;2;34;31;52m[48;2;31;29;51m▂[38;2;29;27;49m[48;2;30;28;50m [38;2;37;31;52m[48;2;31;27;49m▁[38;2;44;33;52m[48;2;34;28;49m▃[38;2;60;42;58m[48;2;44;33;51m▂[38;2;79;51;65m[48;2;55;37;54m▃[38;2;100;63;73m[48;2;68;45;58m▃[38;2;116;74;81m[48;2;81;51;63m▃[38;2;125;77;82m[48;2;89;54;65m▄[38;2;133;80;85m[48;2;98;58;68m▄[38;2;133;77;82m[48;2;103;59;69m▄[38;2;130;75;80m[48;2;109;62;70m▃[38;2;122;68;77m[48;2;112;61;71m▂[38;2;111;59;71m[48;2;113;61;71m▅[38;2;0;0;0m[48;2;116;62;70m [38;2;143;92;85m[48;2;129;76;76m▃[38;2;150;96;87m[48;2;168;105;96m▘[38;2;182;78;95m[48;2;182;101;102m▃[38;2;187;81;113m[48;2;187;64;113m▘[38;2;0;0;0m[48;2;189;61;128m [38;2;215;166;215m[48;2;194;96;139m▃[38;2;0;0;0m[48;2;201;159;222m [38;2;0;0;0m[48;2;170;138;222m [38;2;54;72;174m[48;2;105;113;207m▄[38;2;51;73;172m[48;2;84;99;196m▆[38;2;79;84;174m[48;2;117;98;189m▄[38;2;155;115;198m[48;2;178;126;205m▎[38;2;186;129;202m[48;2;169;117;188m▆[38;2;162;117;188m[48;2;141;105;175m▊[38;2;121;94;163m[48;2;143;101;170m▅[38;2;170;140;179m[48;2;118;90;153m▝[38;2;167;136;168m[48;2;167;133;162m▄[38;2;159;123;150m[48;2;103;66;97m▌[38;2;92;66;102m[48;2;73;63;100m▄[38;2;127;105;134m[48;2;87;75;112m┃[38;2;77;74;117m[48;2;158;137;183m▌[38;2;128;126;178m[48;2;66;105;172m▌[38;2;33;69;132m[48;2;129;134;182m▊[38;2;65;72;114m[48;2;30;37;81m▎[38;2;28;36;86m[48;2;18;26;72m▗[38;2;17;39;89m[48;2;26;48;102m▚[38;2;9;38;88m[48;2;27;63;122m▌[38;2;21;59;119m[48;2;45;69;125m▊[38;2;61;69;121m[48;2;46;56;106m▊[38;2;32;86;151m[48;2;21;56;114m┃[38;2;40;53;106m[48;2;15;47;104m▗[38;2;57;69;123m[48;2;73;110;177m▌[38;2;40;121;201m[48;2;49;137;216m▎[38;2;44;125;201m[48;2;26;105;182m▎[38;2;14;86;164m[48;2;17;91;170m▅[38;2;50;122;202m[48;2;22;110;193m▝[38;2;49;104;180m[48;2;29;64;132m▊[38;2;35;92;163m[48;2;27;67;134m▝[38;2;36;96;165m[48;2;13;64;134m▖[38;2;5;51;120m[48;2;0;29;79m▌[38;2;7;39;94m[48;2;6;40;103m▎[38;2;7;39;99m[48;2;4;39;110m▊[38;2;1;36;103m[48;2;3;33;91m▎[38;2;6;37;95m[48;2;1;24;74m▊[38;2;1;30;89m[48;2;5;45;115m▎[38;2;12;48;119m[48;2;1;26;80m▌[38;2;2;22;71m[48;2;17;47;105m▎[38;2;21;58;124m[48;2;18;62;135m▎[38;2;34;99;179m[48;2;50;127;206m▊[38;2;49;123;199m[48;2;48;120;200m▄[38;2;43;96;175m[48;2;32;68;140m▌[38;2;33;55;116m[48;2;38;56;115m▊[38;2;41;59;116m[48;2;47;68;121m▎[38;2;0;0;0m[48;2;52;74;126m [38;2;63;83;150m[48;2;58;77;135m▝[38;2;53;65;128m[48;2;58;81;151m▁[38;2;96;101;165m[48;2;74;87;155m▁[38;2;112;102;168m[48;2;90;86;152m▗[38;2;113;98;160m[48;2;135;113;178m▌[38;2;148;119;185m[48;2;139;113;178m▂[38;2;163;148;208m[48;2;148;124;189m▝[38;2;156;141;203m[48;2;169;156;215m▖[38;2;176;163;221m[48;2;178;166;221m▄[38;2;184;166;222m[48;2;182;160;215m▆[38;2;183;153;209m[48;2;190;160;215m▚[38;2;194;159;211m[48;2;201;162;216m▖[38;2;208;164;219m[48;2;199;156;211m▅[38;2;209;162;217m[48;2;199;153;209m▁[38;2;200;154;210m[48;2;207;164;219m▌[38;2;202;155;211m[48;2;213;165;218m▖[38;2;217;170;219m[48;2;211;163;212m▄[38;2;221;174;220m[48;2;222;179;211m▌[38;2;223;183;204m[48;2;222;184;206m▄[38;2;222;187;210m[48;2;220;187;199m▖[38;2;218;186;197m[48;2;226;196;221m▅[38;2;223;190;220m[48;2;211;181;189m▄[38;2;0;0;0m[48;2;201;167;173m [38;2;188;157;149m[48;2;193;160;160m▝[38;2;161;135;139m[48;2;180;147;146m▝[38;2;152;127;140m[48;2;137;116;141m▌[38;2;0;0;0m[48;2;124;107;141m [38;2;125;110;144m[48;2;138;124;147m▅[38;2;131;117;143m[48;2;143;129;148m▃[38;2;121;108;134m[48;2;135;122;141m▝[38;2;116;104;130m[48;2;97;88;118m▎[0m
[38;2;48;38;62m[48;2;45;36;59m▄[38;2;47;37;61m[48;2;42;38;59m▄[38;2;46;39;61m[48;2;40;37;58m▄[38;2;47;38;61m[48;2;39;35;56m▃[38;2;45;36;60m[48;2;38;34;55m▃[38;2;48;37;61m[48;2;40;33;55m▃[38;2;56;41;64m[48;2;45;35;57m▃[38;2;67;46;66m[48;2;56;40;59m▃[38;2;66;46;63m[48;2;81;54;71m▘[38;2;91;60;75m[48;2;100;67;81m▎[38;2;117;79;98m[48;2;118;78;88m▃[38;2;131;92;110m[48;2;137;91;100m▃[38;2;143;102;118m[48;2;152;100;106m▄[38;2;149;108;125m[48;2;158;103;110m▄[38;2;146;107;126m[48;2;154;100;107m▄[38;2;138;103;125m[48;2;142;93;103m▃[38;2;130;95;116m[48;2;129;82;94m▃[38;2;123;86;105m[48;2;116;70;83m▃[38;2;135;97;90m[48;2;124;79;79m▄[38;2;157;105;68m[48;2;153;94;84m▄[38;2;157;110;51m[48;2;169;76;81m▂[38;2;161;69;64m[48;2;179;58;108m▄[38;2;164;49;67m[48;2;178;55;118m▂[38;2;183;72;133m[48;2;232;188;222m▊[38;2;180;133;196m[48;2;212;167;229m▇[38;2;142;76;138m[48;2;155;124;206m▂[38;2;92;66;142m[48;2;90;95;190m▄[38;2;91;69;142m[48;2;80;98;187m▁[38;2;82;82;154m[48;2;102;120;199m▂[38;2;83;104;183m[48;2;74;67;144m▘[38;2;89;65;142m[48;2;181;140;205m▎[38;2;0;0;0m[48;2;196;146;203m [38;2;152;120;181m[48;2;180;137;195m▝[38;2;155;124;185m[48;2;115;93;158m▖[38;2;0;0;0m[48;2;95;73;131m [38;2;172;143;173m[48;2;91;68;113m▝[38;2;0;0;0m[48;2;165;132;164m [38;2;142;103;143m[48;2;107;70;107m▖[38;2;121;95;126m[48;2;112;89;120m▄[38;2;84;73;118m[48;2;155;134;179m▎[38;2;103;124;182m[48;2;48;86;153m▌[38;2;38;64;125m[48;2;106;111;160m▌[38;2;31;26;58m[48;2;43;40;80m┃[38;2;45;55;109m[48;2;35;41;89m▄[38;2;0;0;0m[48;2;42;57;108m [38;2;34;68;129m[48;2;17;52;110m▊[38;2;23;59;122m[48;2;45;67;122m▊[38;2;67;69;117m[48;2;61;65;113m▊[38;2;54;68;121m[48;2;42;89;153m▎[38;2;58;72;126m[48;2;43;53;103m▖[38;2;87;77;126m[48;2;75;118;186m▊[38;2;53;127;205m[48;2;51;143;219m▎[38;2;48;131;205m[48;2;23;100;174m▌[38;2;10;79;153m[48;2;13;91;168m▊[38;2;19;119;202m[48;2;13;103;184m┃[38;2;12;90;171m[48;2;15;66;140m▌[38;2;24;62;127m[48;2;50;81;143m▖[38;2;40;79;140m[48;2;32;84;153m▄[38;2;19;73;143m[48;2;7;43;102m▎[38;2;2;32;87m[48;2;7;41;100m▗[38;2;8;35;89m[48;2;6;40;103m▄[38;2;8;36;90m[48;2;6;37;99m▅[38;2;7;40;98m[48;2;2;29;84m▊[38;2;1;26;79m[48;2;6;45;110m▎[38;2;17;58;125m[48;2;7;34;93m▌[38;2;1;21;71m[48;2;21;51;111m▌[38;2;19;72;143m[48;2;22;65;132m▝[38;2;13;73;145m[48;2;28;95;170m▎[38;2;48;129;204m[48;2;40;111;188m┃[38;2;42;105;181m[48;2;50;106;183m▄[38;2;0;0;0m[48;2;34;65;128m [38;2;43;66;118m[48;2;52;73;124m▊[38;2;0;0;0m[48;2;57;78;129m [38;2;63;80;136m[48;2;72;83;142m▎[38;2;85;75;134m[48;2;64;71;132m▄[38;2;109;108;168m[48;2;74;73;132m▝[38;2;105;104;161m[48;2;112;103;167m▄[38;2;129;118;178m[48;2;133;114;178m▄[38;2;167;143;193m[48;2;157;126;191m▁[38;2;175;149;205m[48;2;157;127;188m▂[38;2;160;138;201m[48;2;153;126;191m▝[38;2;173;146;205m[48;2;176;159;216m▆[38;2;203;193;216m[48;2;182;161;219m▂[38;2;211;206;217m[48;2;191;161;218m▂[38;2;204;187;207m[48;2;200;165;213m▁[38;2;201;161;209m[48;2;199;157;211m▄[38;2;196;148;210m[48;2;211;163;221m▃[38;2;212;165;221m[48;2;201;155;212m▄[38;2;0;0;0m[48;2;200;154;210m [38;2;206;159;214m[48;2;218;173;220m▎[38;2;219;173;222m[48;2;219;174;216m▊[38;2;222;179;208m[48;2;217;175;197m▚[38;2;216;176;187m[48;2;221;183;203m▆[38;2;217;180;196m[48;2;212;175;182m▘[38;2;0;0;0m[48;2;205;168;181m [38;2;0;0;0m[48;2;201;161;172m [38;2;191;151;158m[48;2;194;153;162m▝[38;2;183;143;149m[48;2;190;149;154m▝[38;2;153;123;143m[48;2;173;137;148m▝[38;2;153;125;156m[48;2;134;110;142m▃[38;2;139;118;156m[48;2;125;107;143m▂[38;2;129;113;149m[48;2;122;107;139m▃[38;2;108;97;131m[48;2;122;107;129m▆[38;2;89;82;115m[48;2;101;92;117m▆[0m
[38;2;46;40;61m[48;2;48;40;60m▂[38;2;50;41;62m[48;2;49;41;61m▃[38;2;51;42;66m[48;2;50;40;64m▄[38;2;53;43;65m[48;2;55;44;66m▌[38;2;60;46;69m[48;2;52;41;64m▅[38;2;69;49;71m[48;2;58;44;67m▄[38;2;80;54;76m[48;2;66;46;69m▄[38;2;92;59;81m[48;2;79;52;74m▄[38;2;102;66;91m[48;2;92;60;83m▄[38;2;109;74;97m[48;2;104;71;92m▅[38;2;113;79;102m[48;2;119;85;110m▎[38;2;124;93;118m[48;2;127;99;126m▌[38;2;130;104;132m[48;2;133;110;139m▎[38;2;137;122;155m[48;2;140;113;139m▆[38;2;142;130;165m[48;2;141;117;142m▆[38;2;145;133;166m[48;2;139;116;142m▆[38;2;147;132;161m[48;2;136;113;138m▅[38;2;148;125;149m[48;2;134;107;130m▄[38;2;148;115;135m[48;2;139;108;115m▄[38;2;147;112;114m[48;2;150;125;84m▅[38;2;141;110;97m[48;2;150;136;67m▃[38;2;132;103;86m[48;2;145;128;60m▁[38;2;143;125;57m[48;2;163;67;55m▇[38;2;0;0;0m[48;2;152;108;62m [38;2;145;99;63m[48;2;172;120;142m▄[38;2;161;110;106m[48;2;147;64;108m▄[38;2;170;134;132m[48;2;126;58;92m▂[38;2;192;155;167m[48;2;123;63;97m▁[38;2;126;77;117m[48;2;99;60;107m▌[38;2;85;53;98m[48;2;95;54;108m▁[38;2;117;67;123m[48;2;204;157;205m▌[38;2;186;138;191m[48;2;194;147;198m▗[38;2;0;0;0m[48;2;179;135;190m [38;2;159;124;184m[48;2;116;89;149m▘[38;2;93;74;134m[48;2;88;68;126m▘[38;2;84;61;113m[48;2;74;52;95m▌[38;2;151;115;151m[48;2;66;47;83m▝[38;2;131;95;135m[48;2;167;128;162m▝[38;2;152;117;149m[48;2;127;97;136m▊[38;2;132;108;152m[48;2;160;140;185m▎[38;2;116;128;182m[48;2;72;93;153m▎[38;2;95;101;154m[48;2;74;75;118m▊[38;2;0;0;0m[48;2;42;41;78m [38;2;51;59;110m[48;2;65;65;112m▌[38;2;79;77;124m[48;2;63;70;120m▂[38;2;72;82;127m[48;2;34;64;119m▖[38;2;27;61;118m[48;2;31;54;108m▘[38;2;80;78;122m[48;2;70;73;117m┃[38;2;36;80;138m[48;2;70;90;142m┃[38;2;124;125;172m[48;2;74;81;129m▖[38;2;87;74;119m[48;2;98;91;147m▊[38;2;61;106;171m[48;2;57;141;214m▖[38;2;81;141;204m[48;2;50;125;198m┃[38;2;22;89;163m[48;2;13;82;158m▖[38;2;12;93;173m[48;2;26;123;208m▎[38;2;13;93;178m[48;2;7;64;145m▌[38;2;35;64;128m[48;2;6;44;111m▝[38;2;41;67;126m[48;2;32;59;113m▌[38;2;42;91;155m[48;2;22;56;113m▚[38;2;0;0;0m[48;2;12;38;90m [38;2;13;39;90m[48;2;11;32;80m▝[38;2;0;0;0m[48;2;16;39;90m [38;2;16;40;92m[48;2;11;41;95m▃[38;2;5;30;84m[48;2;9;43;102m▎[38;2;14;53;105m[48;2;17;54;113m▂[38;2;7;30;84m[48;2;18;43;103m▊[38;2;28;58;124m[48;2;26;67;133m▎[38;2;24;72;142m[48;2;39;89;168m▊[38;2;46;97;180m[48;2;56;123;205m▌[38;2;37;90;165m[48;2;51;115;193m┃[38;2;53;96;168m[48;2;35;65;129m▌[38;2;51;71;125m[48;2;66;77;129m▊[38;2;82;92;141m[48;2;66;75;129m━[38;2;68;75;130m[48;2;80;81;139m▌[38;2;82;79;136m[48;2;90;84;142m▃[38;2;99;86;147m[48;2;86;78;137m▆[38;2;111;79;146m[48;2;91;79;140m▄[38;2;164;140;197m[48;2;130;98;162m▝[38;2;171;144;197m[48;2;172;147;197m▄[38;2;165;137;194m[48;2;182;154;207m▖[38;2;193;164;213m[48;2;171;136;196m▄[38;2;175;136;195m[48;2;192;167;208m▅[38;2;189;153;205m[48;2;197;173;214m▅[38;2;190;151;205m[48;2;206;187;220m▆[38;2;202;164;210m[48;2;212;199;217m▄[38;2;218;193;217m[48;2;215;186;216m▄[38;2;196;146;204m[48;2;215;169;213m▝[38;2;211;164;218m[48;2;203;152;208m▝[38;2;210;164;215m[48;2;215;170;220m▁[38;2;205;163;214m[48;2;218;178;221m▘[38;2;223;186;223m[48;2;217;172;216m▖[38;2;223;185;208m[48;2;220;181;195m▚[38;2;221;183;200m[48;2;215;180;182m▌[38;2;213;178;179m[48;2;210;176;175m▌[38;2;206;173;172m[48;2;204;167;169m▖[38;2;197;161;160m[48;2;199;160;163m▄[38;2;192;156;153m[48;2;195;154;160m▆[38;2;186;154;145m[48;2;193;154;154m▄[38;2;177;144;149m[48;2;165;135;151m▊[38;2;143;118;149m[48;2;156;128;158m▃[38;2;132;110;148m[48;2;144;122;160m▂[38;2;127;109;146m[48;2;136;119;155m▂[38;2;125;111;146m[48;2;115;103;138m▊[38;2;106;95;129m[48;2;93;85;118m▌[0m
[38;2;48;44;65m[48;2;45;42;63m▂[38;2;46;42;64m[48;2;48;41;63m▆[38;2;48;43;65m[48;2;50;42;65m▌[38;2;52;43;65m[48;2;56;45;66m▎[38;2;60;47;67m[48;2;65;48;67m▊[38;2;68;49;68m[48;2;74;52;71m▌[38;2;80;54;75m[48;2;88;57;78m▌[38;2;96;61;81m[48;2;103;65;85m▊[38;2;111;71;91m[48;2;109;68;89m▄[38;2;120;79;102m[48;2;116;76;99m▄[38;2;122;84;108m[48;2;124;89;114m▎[38;2;127;96;123m[48;2;128;101;130m▌[38;2;131;108;139m[48;2;133;113;148m▌[38;2;137;120;155m[48;2;139;125;161m▌[38;2;140;129;167m[48;2;144;132;168m▘[38;2;146;134;170m[48;2;150;135;170m▌[38;2;155;129;157m[48;2;155;135;165m▂[38;2;161;124;147m[48;2;160;130;154m▂[38;2;163;124;144m[48;2;163;119;136m▌[38;2;160;110;122m[48;2;155;111;124m▄[38;2;150;100;112m[48;2;141;93;103m▌[38;2;130;85;96m[48;2;120;80;88m▌[38;2;114;69;78m[48;2;131;104;75m▇[38;2;127;52;69m[48;2;139;92;62m▇[38;2;143;52;76m[48;2;138;59;61m▅[38;2;151;106;87m[48;2;146;83;84m▝[38;2;150;111;87m[48;2;154;129;94m▃[38;2;0;0;0m[48;2;169;139;110m [38;2;214;197;210m[48;2;109;102;144m▎[38;2;96;86;140m[48;2;141;115;165m▌[38;2;173;131;179m[48;2;188;144;189m▇[38;2;167;121;167m[48;2;178;131;180m▂[38;2;0;0;0m[48;2;168;120;171m [38;2;147;103;156m[48;2;125;89;142m▎[38;2;102;77;134m[48;2;95;70;122m▘[38;2;92;67;116m[48;2;76;54;94m▊[38;2;66;46;83m[48;2;53;37;71m▎[38;2;82;58;95m[48;2;141;104;145m▊[38;2;175;137;164m[48;2;154;118;154m┃[38;2;162;134;176m[48;2;169;148;188m▎[38;2;126;126;173m[48;2;93;97;151m▎[38;2;66;67;115m[48;2;101;100;154m▝[38;2;95;69;111m[48;2;74;61;102m▃[38;2;103;72;111m[48;2;80;69;111m▄[38;2;111;84;126m[48;2;92;80;124m▅[38;2;114;100;137m[48;2;65;69;121m▌[38;2;82;93;148m[48;2;45;61;118m▗[38;2;55;66;126m[48;2;85;81;132m▎[38;2;64;83;131m[48;2;86;90;138m┃[38;2;0;0;0m[48;2;145;134;174m [38;2;95;86;134m[48;2;122;101;146m▘[38;2;131;110;152m[48;2;75;116;179m▖[38;2;72;150;218m[48;2;125;164;214m▌[38;2;0;0;0m[48;2;44;104;171m [38;2;25;104;180m[48;2;28;129;212m▌[38;2;27;116;198m[48;2;15;78;157m▌[38;2;6;52;127m[48;2;11;44;110m▎[38;2;31;55;112m[48;2;14;35;86m▊[38;2;0;0;0m[48;2;23;44;94m [38;2;39;74;131m[48;2;24;39;86m▌[38;2;27;34;79m[48;2;17;30;74m▄[38;2;25;35;79m[48;2;32;46;90m▌[38;2;33;47;95m[48;2;24;42;91m▂[38;2;18;39;89m[48;2;14;41;95m▅[38;2;16;49;99m[48;2;27;54;108m▎[38;2;25;40;96m[48;2;17;37;92m▃[38;2;22;45;103m[48;2;36;69;135m▌[38;2;25;66;133m[48;2;37;75;149m▊[38;2;49;84;165m[48;2;57;100;179m▊[38;2;54;108;183m[48;2;32;72;144m▊[38;2;62;120;194m[48;2;49;75;144m▎[38;2;59;68;127m[48;2;38;56;121m▝[38;2;74;68;129m[48;2;75;74;131m▄[38;2;88;75;135m[48;2;80;75;133m▄[38;2;93;77;139m[48;2;125;96;159m▊[38;2;124;91;155m[48;2;109;85;149m▖[38;2;120;90;152m[48;2;131;99;159m▄[38;2;133;93;155m[48;2;136;92;157m▌[38;2;152;112;174m[48;2;168;134;190m▊[38;2;173;132;191m[48;2;185;152;206m▖[38;2;203;175;222m[48;2;192;156;206m▝[38;2;210;190;221m[48;2;194;162;210m▂[38;2;199;164;209m[48;2;194;156;207m▌[38;2;0;0;0m[48;2;192;148;205m [38;2;200;156;209m[48;2;195;149;203m▄[38;2;220;182;217m[48;2;209;161;207m▝[38;2;217;169;211m[48;2;220;175;213m▆[38;2;212;156;211m[48;2;223;175;216m▝[38;2;212;166;215m[48;2;211;156;210m▝[38;2;218;171;217m[48;2;224;183;220m▌[38;2;219;180;217m[48;2;224;184;221m▚[38;2;223;183;218m[48;2;221;182;194m▖[38;2;222;185;200m[48;2;217;181;184m▘[38;2;215;182;181m[48;2;212;179;176m▘[38;2;205;170;167m[48;2;205;173;172m▄[38;2;199;166;163m[48;2;196;163;159m▌[38;2;192;159;153m[48;2;189;157;148m▌[38;2;183;151;136m[48;2;186;154;143m▂[38;2;173;143;137m[48;2;161;132;140m▌[38;2;146;120;141m[48;2;133;109;142m▌[38;2;125;103;141m[48;2;120;100;138m▌[38;2;112;96;132m[48;2;116;100;136m▄[38;2;104;90;125m[48;2;110;96;131m▃[38;2;98;86;120m[48;2;90;80;114m▌[0m
[38;2;50;47;68m[48;2;48;45;66m▅[38;2;51;49;67m[48;2;48;45;66m▃[38;2;50;47;68m[48;2;49;46;67m▄[38;2;50;46;67m[48;2;51;45;67m▆[38;2;51;46;68m[48;2;57;46;66m▅[38;2;56;46;68m[48;2;64;49;68m▅[38;2;62;48;70m[48;2;75;53;73m▅[38;2;69;52;75m[48;2;86;58;79m▄[38;2;79;59;84m[48;2;98;66;88m▄[38;2;87;69;96m[48;2;107;74;99m▄[38;2;94;80;111m[48;2;113;85;111m▄[38;2;101;93;128m[48;2;119;97;126m▄[38;2;107;104;142m[48;2;124;108;143m▄[38;2;110;110;152m[48;2;127;116;153m▃[38;2;116;113;156m[48;2;134;122;159m▄[38;2;120;113;153m[48;2;139;122;158m▄[38;2;127;110;147m[48;2;145;119;150m▄[38;2;131;106;139m[48;2;151;115;141m▃[38;2;137;104;131m[48;2;157;112;133m▃[38;2;137;98;122m[48;2;155;104;121m▃[38;2;129;90;111m[48;2;143;93;107m▃[38;2;113;79;98m[48;2;124;82;97m▗[38;2;118;89;104m[48;2;125;72;82m▅[38;2;138;114;116m[48;2;143;59;69m▅[38;2;150;123;105m[48;2;150;64;78m▄[38;2;152;126;73m[48;2;153;81;86m▃[38;2;160;137;71m[48;2;156;111;85m▄[38;2;162;141;82m[48;2;193;175;169m▌[38;2;206;186;192m[48;2;146;123;162m▖[38;2;150;117;138m[48;2;138;121;177m▃[38;2;139;93;127m[48;2;152;125;174m▂[38;2;129;69;111m[48;2;163;112;156m▁[38;2;167;113;157m[48;2;151;101;147m▎[38;2;132;89;135m[48;2;142;96;140m▝[38;2;124;83;123m[48;2;112;78;121m▂[38;2;104;70;114m[48;2;84;56;97m▊[38;2;68;46;82m[48;2;56;38;74m▌[38;2;64;44;78m[48;2;76;51;81m▊[38;2;105;75;103m[48;2;189;153;176m▎[38;2;170;140;182m[48;2;173;150;194m▎[38;2;122;118;165m[48;2;105;104;154m▎[38;2;101;99;145m[48;2;102;89;131m▎[38;2;134;82;115m[48;2;115;78;115m▗[38;2;137;82;110m[48;2;124;77;109m▅[38;2;114;86;131m[48;2;132;91;128m▝[38;2;133;112;153m[48;2;95;81;133m▌[38;2;79;81;136m[48;2;124;123;163m▊[38;2;0;0;0m[48;2;94;92;141m [38;2;107;90;130m[48;2;93;90;135m▅[38;2;124;111;152m[48;2;161;137;169m▎[38;2;158;136;175m[48;2;123;98;136m▊[38;2;144;120;155m[48;2;95;111;160m▊[38;2;80;146;209m[48;2;145;173;218m▊[38;2;164;180;220m[48;2;94;125;179m▎[38;2;67;112;174m[48;2;35;117;193m▎[38;2;29;122;200m[48;2;18;84;158m▊[38;2;16;58;129m[48;2;20;48;108m▌[38;2;0;0;0m[48;2;46;54;104m [38;2;60;61;102m[48;2;31;40;82m▖[38;2;42;51;93m[48;2;45;73;124m▌[38;2;36;37;74m[48;2;30;33;72m▅[38;2;0;0;0m[48;2;30;32;70m [38;2;36;40;83m[48;2;36;43;88m▅[38;2;30;39;87m[48;2;24;39;89m▊[38;2;25;41;93m[48;2;29;47;102m▄[38;2;46;62;119m[48;2;22;41;99m▖[38;2;18;42;102m[48;2;36;64;132m▊[38;2;30;64;138m[48;2;44;74;148m▝[38;2;45;76;152m[48;2;42;77;155m▄[38;2;0;0;0m[48;2;58;93;170m [38;2;55;100;179m[48;2;55;69;138m▌[38;2;54;61;128m[48;2;43;49;115m▌[38;2;82;68;127m[48;2;55;53;116m▝[38;2;107;83;142m[48;2;91;71;132m▌[38;2;102;76;138m[48;2;123;87;149m▊[38;2;128;86;149m[48;2;126;90;152m▄[38;2;0;0;0m[48;2;128;94;154m [38;2;0;0;0m[48;2;138;90;156m [38;2;153;96;170m[48;2;158;112;176m▇[38;2;167;114;182m[48;2;196;148;199m▊[38;2;194;149;201m[48;2;204;174;214m▅[38;2;200;153;206m[48;2;205;184;209m▄[38;2;207;186;214m[48;2;204;164;216m▘[38;2;205;159;211m[48;2;201;160;208m▄[38;2;211;166;212m[48;2;214;189;213m▅[38;2;214;163;211m[48;2;209;155;204m▄[38;2;213;160;208m[48;2;216;166;208m▎[38;2;219;170;208m[48;2;222;175;211m▌[38;2;212;158;207m[48;2;223;176;215m▝[38;2;216;161;209m[48;2;226;185;216m▌[38;2;228;188;217m[48;2;218;176;212m▌[38;2;222;179;214m[48;2;223;183;214m▄[38;2;221;188;202m[48;2;217;187;186m▎[38;2;213;184;180m[48;2;210;181;175m▌[38;2;206;178;169m[48;2;202;173;162m▎[38;2;189;163;146m[48;2;195;165;154m▗[38;2;184;157;135m[48;2;188;158;145m▃[38;2;176;149;126m[48;2;180;150;132m▄[38;2;174;147;125m[48;2;165;139;128m▌[38;2;150;128;130m[48;2;136;118;133m▌[38;2;126;110;136m[48;2;117;102;136m▎[38;2;113;98;134m[48;2;108;95;129m▌[38;2;101;90;124m[48;2;96;85;119m▌[38;2;87;81;113m[48;2;79;74;106m▌[0m
[38;2;55;53;74m[48;2;51;49;69m▄[38;2;53;50;69m[48;2;54;52;72m▘[38;2;52;50;72m[48;2;50;49;71m▊[38;2;46;46;70m[48;2;49;47;70m▃[38;2;44;45;71m[48;2;48;46;69m▅[38;2;42;43;71m[48;2;47;45;69m▃[38;2;45;44;72m[48;2;52;46;71m▆[38;2;46;45;75m[48;2;57;48;75m▅[38;2;49;49;81m[48;2;61;54;84m▄[38;2;54;56;92m[48;2;69;63;95m▅[38;2;56;62;101m[48;2;75;73;109m▄[38;2;60;70;114m[48;2;81;84;124m▄[38;2;67;80;126m[48;2;88;94;139m▅[38;2;67;83;132m[48;2;89;100;146m▄[38;2;69;87;137m[48;2;93;103;151m▄[38;2;73;88;137m[48;2;97;103;149m▄[38;2;78;88;136m[48;2;103;101;145m▄[38;2;81;87;131m[48;2;109;99;139m▄[38;2;85;85;125m[48;2;112;95;131m▄[38;2;84;81;118m[48;2;112;89;121m▄[38;2;80;74;108m[48;2;105;82;111m▄[38;2;73;68;101m[48;2;95;75;102m▄[38;2;64;63;91m[48;2;82;68;93m▄[38;2;79;77;76m[48;2;99;92;94m▆[38;2;114;112;58m[48;2;130;126;92m▆[38;2;127;113;48m[48;2;135;123;78m▇[38;2;127;73;46m[48;2;120;101;56m▆[38;2;142;64;52m[48;2;130;104;54m▅[38;2;159;106;78m[48;2;187;144;170m▊[38;2;183;132;165m[48;2;154;85;130m▎[38;2;151;84;132m[48;2;119;67;107m▄[38;2;119;70;116m[48;2;93;44;90m▄[38;2;104;62;109m[48;2;135;94;133m▌[38;2;146;100;137m[48;2;137;100;138m▘[38;2;128;86;126m[48;2;137;96;136m▝[38;2;118;82;120m[48;2;92;64;98m▊[38;2;79;54;87m[48;2;67;48;78m▎[38;2;81;55;87m[48;2;73;50;82m▗[38;2;101;73;101m[48;2;199;164;183m▎[38;2;191;154;194m[48;2;160;136;183m▊[38;2;167;133;173m[48;2;128;113;161m▗[38;2;149;117;161m[48;2;124;83;123m▎[38;2;138;81;122m[48;2;173;107;139m▌[38;2;175;112;130m[48;2;154;92;117m▖[38;2;150;91;119m[48;2;148;99;134m▊[38;2;172;127;156m[48;2;149;115;151m▃[38;2;129;101;145m[48;2;108;94;145m▄[38;2;155;138;174m[48;2;105;93;144m▌[38;2;98;75;125m[48;2;122;84;124m▘[38;2;129;91;127m[48;2;177;135;164m▎[38;2;184;151;179m[48;2;172;145;181m▅[38;2;156;117;152m[48;2;150;117;152m▄[38;2;153;155;197m[48;2;91;149;214m▌[38;2;125;145;193m[48;2;174;174;210m▝[38;2;116;136;184m[48;2;64;121;185m▌[38;2;0;0;0m[48;2;42;123;200m [38;2;42;98;169m[48;2;42;63;128m▖[38;2;60;54;104m[48;2;88;65;104m▌[38;2;129;87;123m[48;2;87;69;109m▄[38;2;85;68;108m[48;2;81;98;152m▊[38;2;101;76;114m[48;2;61;55;90m▃[38;2;58;41;74m[48;2;45;40;73m▄[38;2;58;45;80m[48;2;41;41;77m▂[38;2;50;46;85m[48;2;39;44;86m▃[38;2;46;47;88m[48;2;36;41;88m▃[38;2;41;48;95m[48;2;50;58;111m▌[38;2;54;61;115m[48;2;33;47;101m▂[38;2;43;57;115m[48;2;58;79;147m▖[38;2;71;87;150m[48;2;61;82;152m▁[38;2;0;0;0m[48;2;60;82;157m [38;2;58;94;169m[48;2;51;62;132m▌[38;2;58;53;119m[48;2;44;44;106m▌[38;2;84;57;114m[48;2;56;46;107m▗[38;2;94;75;132m[48;2;95;71;134m▄[38;2;106;79;140m[48;2;129;93;151m▌[38;2;160;116;168m[48;2;132;90;150m▗[38;2;167;122;171m[48;2;137;91;153m▃[38;2;132;87;151m[48;2;157;102;166m▘[38;2;187;123;182m[48;2;174;109;177m▗[38;2;191;125;189m[48;2;207;149;195m▊[38;2;203;144;193m[48;2;205;157;203m▃[38;2;210;166;210m[48;2;197;143;197m▘[38;2;199;144;204m[48;2;210;169;220m▎[38;2;216;165;214m[48;2;211;161;212m▄[38;2;216;168;214m[48;2;220;174;218m▘[38;2;222;176;219m[48;2;215;165;213m▄[38;2;210;158;205m[48;2;220;171;210m▘[38;2;222;176;209m[48;2;221;174;210m▄[38;2;223;179;210m[48;2;228;187;215m▌[38;2;214;166;204m[48;2;225;188;212m▘[38;2;231;196;218m[48;2;226;187;218m▊[38;2;214;175;207m[48;2;223;185;217m▎[38;2;218;188;205m[48;2;211;190;185m▌[38;2;202;186;179m[48;2;206;183;177m▄[38;2;191;177;166m[48;2;197;177;164m▄[38;2;189;169;149m[48;2;181;166;143m▘[38;2;169;155;125m[48;2;179;157;130m▃[38;2;173;149;121m[48;2;165;144;112m▘[38;2;164;139;108m[48;2;164;139;117m▌[38;2;153;133;123m[48;2;142;126;131m▌[38;2;131;119;137m[48;2;122;113;139m▌[38;2;120;113;140m[48;2;117;106;139m▃[38;2;111;105;136m[48;2;102;94;128m▖[38;2;93;87;120m[48;2;84;79;111m▌[0m
[38;2;49;53;88m[48;2;53;52;76m▄[38;2;46;52;91m[48;2;51;52;78m▃[38;2;43;53;92m[48;2;47;49;77m▃[38;2;41;53;93m[48;2;44;47;76m▃[38;2;38;51;91m[48;2;41;45;75m▃[38;2;36;51;93m[48;2;39;44;76m▂[38;2;34;52;91m[48;2;37;44;75m▂[38;2;34;50;90m[48;2;37;44;76m▃[38;2;33;51;94m[48;2;37;46;82m▂[38;2;32;52;97m[48;2;38;49;87m▂[38;2;33;55;102m[48;2;39;53;94m▂[38;2;37;56;102m[48;2;48;62;106m▆[38;2;38;59;107m[48;2;51;67;113m▆[38;2;39;62;112m[48;2;51;71;121m▆[38;2;38;62;113m[48;2;51;72;122m▅[38;2;39;63;114m[48;2;53;73;123m▅[38;2;41;63;113m[48;2;57;76;124m▆[38;2;39;61;110m[48;2;57;72;117m▅[38;2;38;59;105m[48;2;59;70;114m▅[38;2;37;57;101m[48;2;60;67;106m▅[38;2;35;54;96m[48;2;57;63;100m▅[38;2;33;51;91m[48;2;52;59;93m▅[38;2;30;49;88m[48;2;47;54;87m▅[38;2;31;50;87m[48;2;64;72;89m▅[38;2;52;71;94m[48;2;96;107;83m▄[38;2;100;113;100m[48;2;116;120;60m▄[38;2;134;120;82m[48;2;131;87;52m▅[38;2;149;90;78m[48;2;151;68;74m▃[38;2;0;0;0m[48;2;165;73;93m [38;2;215;181;202m[48;2;169;100;121m▘[38;2;219;197;209m[48;2;145;92;126m▂[38;2;164;116;158m[48;2;124;80;135m▄[38;2;138;108;163m[48;2;121;109;160m▎[38;2;111;95;151m[48;2;124;101;146m▆[38;2;109;86;138m[48;2;124;89;133m▅[38;2;126;90;128m[48;2;107;78;116m▘[38;2;93;68;103m[48;2;89;64;95m▖[38;2;109;69;105m[48;2;93;63;93m▁[38;2;149;114;137m[48;2;223;188;199m▎[38;2;213;175;199m[48;2;169;144;176m▊[38;2;131;119;157m[48;2;193;157;181m▎[38;2;192;148;169m[48;2;152;97;122m▌[38;2;142;67;101m[48;2;160;90;120m▊[38;2;165;103;131m[48;2;180;119;144m▖[38;2;186;128;147m[48;2;157;96;121m▃[38;2;188;139;157m[48;2;206;162;179m▎[38;2;179;136;161m[48;2;151;118;155m▎[38;2;0;0;0m[48;2;154;130;166m [38;2;148;113;149m[48;2;126;90;132m▁[38;2;165;113;144m[48;2;193;139;161m▎[38;2;195;150;173m[48;2;208;155;171m▝[38;2;160;113;151m[48;2;179;151;183m▝[38;2;127;157;206m[48;2;179;153;185m▝[38;2;162;163;205m[48;2;197;178;205m▌[38;2;121;142;188m[48;2;160;156;191m▝[38;2;121;136;193m[48;2;77;131;193m▃[38;2;109;107;156m[48;2;66;104;165m▃[38;2;88;67;98m[48;2;75;94;147m▝[38;2;147;96;136m[48;2;124;83;112m▝[38;2;144;96;135m[48;2;131;90;133m▄[38;2;129;81;116m[48;2;135;95;136m▝[38;2;119;76;112m[48;2;86;52;83m▖[38;2;81;50;78m[48;2;69;46;79m▁[38;2;73;45;84m[48;2;61;48;85m▃[38;2;68;49;87m[48;2;54;50;89m▃[38;2;53;48;87m[48;2;55;53;99m▌[38;2;65;67;119m[48;2;52;55;105m▚[38;2;52;58;114m[48;2;72;79;143m▌[38;2;75;80;152m[48;2;69;80;142m▂[38;2;53;73;148m[48;2;70;81;150m┃[38;2;56;62;131m[48;2;63;72;144m▝[38;2;70;60;123m[48;2;61;51;111m▘[38;2;59;48;107m[48;2;91;60;116m▌[38;2;141;93;142m[48;2;91;60;115m▌[38;2;89;69;132m[48;2;116;81;139m▚[38;2;146;97;154m[48;2;147;98;153m▄[38;2;167;105;166m[48;2;168;113;168m▄[38;2;173;115;170m[48;2;165;105;162m▊[38;2;175;111;171m[48;2;191;126;179m▎[38;2;197;126;181m[48;2;200;131;189m▄[38;2;210;157;196m[48;2;203;142;191m▗[38;2;202;143;189m[48;2;193;141;195m▌[38;2;201;152;204m[48;2;220;188;224m▎[38;2;219;175;219m[48;2;212;164;210m▅[38;2;218;170;212m[48;2;222;175;215m▄[38;2;229;187;225m[48;2;221;173;213m▝[38;2;230;191;228m[48;2;221;177;211m▖[38;2;224;178;209m[48;2;221;179;208m▄[38;2;225;177;210m[48;2;228;184;211m▎[38;2;232;190;212m[48;2;234;199;216m▌[38;2;237;205;221m[48;2;232;197;219m▎[38;2;0;0;0m[48;2;219;186;213m [38;2;218;187;205m[48;2;213;195;193m▌[38;2;207;195;194m[48;2;205;191;189m▃[38;2;185;178;168m[48;2;195;186;182m▝[38;2;180;178;167m[48;2;174;169;151m▖[38;2;163;166;141m[48;2;165;158;128m▂[38;2;158;147;122m[48;2;158;141;111m▂[38;2;153;126;119m[48;2;156;130;107m▂[38;2;149;129;119m[48;2;135;121;130m▘[38;2;123;123;152m[48;2;127;122;142m▂[38;2;122;124;153m[48;2;123;120;144m▂[38;2;115;115;148m[48;2;113;110;139m▁[38;2;101;99;132m[48;2;91;89;122m▎[0m
[38;2;42;78;147m[48;2;37;62;111m▅[38;2;41;76;143m[48;2;39;62;111m▅[38;2;40;75;142m[48;2;40;63;115m▄[38;2;39;73;138m[48;2;39;62;113m▄[38;2;37;72;137m[48;2;38;60;112m▄[38;2;36;72;136m[48;2;36;60;111m▄[38;2;35;71;135m[48;2;34;59;110m▄[38;2;34;71;135m[48;2;33;59;110m▄[38;2;34;70;135m[48;2;33;59;111m▄[38;2;33;70;136m[48;2;33;60;113m▄[38;2;33;70;137m[48;2;33;60;115m▄[38;2;33;70;138m[48;2;33;62;117m▄[38;2;32;70;139m[48;2;33;62;119m▄[38;2;31;70;138m[48;2;32;63;120m▄[38;2;30;71;140m[48;2;31;63;122m▃[38;2;28;71;140m[48;2;29;64;122m▃[38;2;27;71;139m[48;2;28;63;121m▃[38;2;27;71;138m[48;2;28;62;119m▃[38;2;25;71;136m[48;2;27;61;117m▃[38;2;25;69;134m[48;2;27;59;112m▄[38;2;24;69;133m[48;2;26;58;111m▄[38;2;23;69;133m[48;2;25;58;110m▄[38;2;23;70;133m[48;2;24;58;108m▄[38;2;24;70;133m[48;2;24;58;108m▄[38;2;24;70;133m[48;2;26;59;108m▄[38;2;50;77;128m[48;2;77;92;133m▊[38;2;101;113;144m[48;2;115;104;114m▄[38;2;133;110;129m[48;2;139;89;98m▄[38;2;148;77;117m[48;2;153;65;90m▅[38;2;157;67;111m[48;2;160;62;91m▅[38;2;156;86;116m[48;2;223;216;232m▊[38;2;211;197;213m[48;2;186;160;189m▅[38;2;176;158;187m[48;2;140;121;166m▄[38;2;0;0;0m[48;2;118;107;161m [38;2;102;88;146m[48;2;99;85;141m▘[38;2;100;78;123m[48;2;101;81;134m▝[38;2;105;77;124m[48;2;99;71;113m▅[38;2;111;74;114m[48;2;135;88;123m▊[38;2;197;156;178m[48;2;227;194;202m▎[38;2;211;183;196m[48;2;233;202;208m▝[38;2;174;158;181m[48;2;208;171;181m▎[38;2;169;107;126m[48;2;223;173;179m▝[38;2;189;123;144m[48;2;157;81;111m▎[38;2;172;97;125m[48;2;181;114;135m▊[38;2;217;165;175m[48;2;198;143;156m▅[38;2;0;0;0m[48;2;218;182;187m [38;2;220;183;188m[48;2;185;153;171m▃[38;2;183;150;170m[48;2;171;143;169m▄[38;2;171;140;160m[48;2;161;129;157m▄[38;2;221;182;189m[48;2;206;157;172m▃[38;2;222;172;183m[48;2;216;165;176m▆[38;2;182;155;187m[48;2;214;167;182m▝[38;2;176;151;184m[48;2;188;162;191m▊[38;2;0;0;0m[48;2;204;173;195m [38;2;187;167;197m[48;2;213;183;204m▝[38;2;182;152;188m[48;2;150;140;186m▄[38;2;183;151;181m[48;2;139;128;172m▅[38;2;160;125;147m[48;2;115;92;120m▖[38;2;140;101;127m[48;2;114;99;137m▄[38;2;159;102;132m[48;2;151;103;135m▄[38;2;176;118;156m[48;2;145;90;129m▖[38;2;112;71;98m[48;2;154;99;132m▝[38;2;120;67;95m[48;2;98;54;85m▖[38;2;100;51;92m[48;2;87;50;92m▅[38;2;100;60;94m[48;2;81;53;90m▃[38;2;76;52;93m[48;2;65;50;92m▄[38;2;74;61;109m[48;2;62;59;111m▄[38;2;91;86;148m[48;2;72;73;140m▅[38;2;0;0;0m[48;2;79;77;149m [38;2;76;77;151m[48;2;65;75;149m▂[38;2;69;71;145m[48;2;90;71;136m▊[38;2;112;71;135m[48;2;91;66;126m▃[38;2;80;53;112m[48;2;107;60;118m▘[38;2;156;97;146m[48;2;121;66;119m┃[38;2;145;87;140m[48;2;129;80;135m▄[38;2;120;76;138m[48;2;156;103;163m▌[38;2;193;134;193m[48;2;167;105;168m▗[38;2;172;107;171m[48;2;190;123;181m▌[38;2;192;126;184m[48;2;210;151;196m▌[38;2;199;126;182m[48;2;210;147;192m▝[38;2;208;147;190m[48;2;215;166;199m▊[38;2;193;143;192m[48;2;214;163;200m▝[38;2;213;167;214m[48;2;226;190;229m▎[38;2;218;178;220m[48;2;225;187;226m▌[38;2;191;160;187m[48;2;205;162;208m▁[38;2;0;0;0m[48;2;217;169;212m [38;2;227;189;223m[48;2;229;190;225m▄[38;2;234;195;225m[48;2;227;183;214m▇[38;2;233;197;224m[48;2;230;187;215m▄[38;2;234;198;217m[48;2;239;207;221m▌[38;2;239;209;223m[48;2;230;202;221m▊[38;2;213;187;212m[48;2;216;191;197m▘[38;2;216;191;209m[48;2;218;194;202m▄[38;2;210;195;208m[48;2;209;199;196m▃[38;2;204;195;201m[48;2;196;191;189m▄[38;2;177;178;171m[48;2;191;188;187m▝[38;2;180;178;172m[48;2;168;170;154m▄[38;2;171;163;161m[48;2;162;153;138m▄[38;2;149;140;164m[48;2;148;128;134m▄[38;2;129;134;174m[48;2;128;121;148m▄[38;2;136;143;182m[48;2;126;130;164m▄[38;2;140;145;184m[48;2;128;131;164m▅[38;2;132;138;184m[48;2;121;123;161m▄[38;2;107;118;173m[48;2;97;103;147m▄[0m
[38;2;65;98;171m[48;2;49;87;165m▂[38;2;68;99;172m[48;2;49;86;164m▂[38;2;71;99;172m[48;2;49;86;163m▂[38;2;69;97;171m[48;2;46;84;161m▃[38;2;68;96;170m[48;2;45;83;160m▃[38;2;70;98;171m[48;2;46;84;160m▂[38;2;66;96;169m[48;2;43;82;158m▃[38;2;67;97;169m[48;2;42;83;157m▃[38;2;68;98;169m[48;2;43;83;159m▂[38;2;62;95;169m[48;2;40;81;158m▃[38;2;65;96;170m[48;2;41;82;159m▂[38;2;60;93;169m[48;2;38;81;158m▃[38;2;63;95;170m[48;2;39;82;159m▂[38;2;62;96;170m[48;2;38;82;159m▂[38;2;60;96;169m[48;2;36;82;158m▂[38;2;54;94;167m[48;2;33;81;156m▃[38;2;52;93;166m[48;2;32;81;156m▃[38;2;51;93;166m[48;2;31;81;156m▃[38;2;54;95;165m[48;2;32;82;157m▂[38;2;54;94;167m[48;2;32;82;157m▂[38;2;54;94;167m[48;2;32;82;156m▂[38;2;54;94;168m[48;2;31;82;156m▂[38;2;50;92;167m[48;2;30;80;155m▃[38;2;54;94;169m[48;2;32;82;156m▂[38;2;55;95;167m[48;2;30;83;156m▂[38;2;39;87;160m[48;2;58;98;164m▌[38;2;80;116;167m[48;2;105;130;159m▌[38;2;132;115;127m[48;2;132;136;141m▝[38;2;152;143;106m[48;2;143;92;108m▃[38;2;156;144;98m[48;2;151;83;98m▃[38;2;158;157;96m[48;2;151;104;103m▃[38;2;0;0;0m[48;2;223;214;217m [38;2;172;136;167m[48;2;182;157;182m▄[38;2;149;99;134m[48;2;127;105;152m▃[38;2;148;85;110m[48;2;110;81;130m▂[38;2;148;82;108m[48;2;111;78;127m▃[38;2;162;85;105m[48;2;118;77;118m▃[38;2;172;91;107m[48;2;137;80;112m▅[38;2;203;146;162m[48;2;213;169;182m▄[38;2;226;190;197m[48;2;243;214;220m▎[38;2;233;207;227m[48;2;227;195;203m▃[38;2;0;0;0m[48;2;229;201;202m [38;2;222;206;176m[48;2;180;118;144m▅[38;2;205;177;191m[48;2;188;161;123m━[38;2;215;215;163m[48;2;225;190;204m▖[38;2;237;209;212m[48;2;224;190;194m▄[38;2;233;197;196m[48;2;225;188;188m▃[38;2;197;160;177m[48;2;217;175;186m▝[38;2;219;176;185m[48;2;189;157;171m▄[38;2;219;180;182m[48;2;232;198;202m▌[38;2;235;202;207m[48;2;227;184;192m▄[38;2;232;192;196m[48;2;224;176;186m▖[38;2;222;177;185m[48;2;189;160;187m▖[38;2;189;159;183m[48;2;217;177;188m▖[38;2;226;192;202m[48;2;226;194;208m▎[38;2;219;185;205m[48;2;203;166;192m▌[38;2;214;175;193m[48;2;203;162;186m▗[38;2;151;110;122m[48;2;222;186;196m▝[38;2;125;80;91m[48;2;144;100;116m▌[38;2;166;113;137m[48;2;182;123;149m▌[38;2;0;0;0m[48;2;192;139;165m [38;2;185;133;157m[48;2;168;111;140m▅[38;2;178;117;142m[48;2;142;80;108m▄[38;2;131;65;99m[48;2;118;54;93m▄[38;2;133;78;110m[48;2;112;65;97m▅[38;2;118;73;108m[48;2;91;58;93m▃[38;2;112;74;115m[48;2;88;61;103m▃[38;2;84;64;113m[48;2;120;103;159m▌[38;2;118;100;161m[48;2;90;74;136m▎[38;2;73;73;148m[48;2;92;79;149m▌[38;2;80;78;150m[48;2;116;77;141m▌[38;2;155;108;162m[48;2;126;80;140m▄[38;2;164;109;164m[48;2;129;69;123m▎[38;2;0;0;0m[48;2;141;72;126m [38;2;150;79;130m[48;2;151;83;140m▇[38;2;151;82;141m[48;2;179;109;165m▘[38;2;189;126;182m[48;2;202;152;200m▌[38;2;187;124;181m[48;2;210;153;200m▌[38;2;204;142;191m[48;2;218;169;204m▌[38;2;229;185;214m[48;2;219;162;200m▅[38;2;223;173;205m[48;2;217;161;198m▄[38;2;217;164;202m[48;2;226;180;206m▝[38;2;227;184;218m[48;2;240;206;234m▎[38;2;235;204;232m[48;2;219;190;223m▌[38;2;208;182;212m[48;2;227;197;180m▌[38;2;230;200;187m[48;2;223;198;206m▊[38;2;218;195;214m[48;2;227;198;230m▖[38;2;222;195;225m[48;2;235;204;232m▖[38;2;224;197;230m[48;2;235;203;232m▗[38;2;233;197;223m[48;2;240;212;230m▘[38;2;238;213;228m[48;2;225;203;216m▊[38;2;221;203;219m[48;2;220;198;214m▄[38;2;214;199;221m[48;2;209;196;220m▊[38;2;202;192;218m[48;2;208;195;219m▄[38;2;194;182;206m[48;2;203;192;209m▃[38;2;179;161;193m[48;2;194;179;196m▂[38;2;174;151;180m[48;2;186;174;183m▄[38;2;154;145;184m[48;2;171;157;177m▗[38;2;148;146;185m[48;2;137;141;188m▌[38;2;132;145;194m[48;2;131;140;187m▆[38;2;138;151;195m[48;2;142;152;197m▌[38;2;141;151;198m[48;2;138;148;197m▌[38;2;132;143;196m[48;2;122;135;191m▌[38;2;109;121;189m[48;2;99;110;188m▌[0m
[38;2;153;142;200m[48;2;92;108;179m▅[38;2;148;139;199m[48;2;96;110;181m▅[38;2;149;141;199m[48;2;105;116;185m▄[38;2;145;140;199m[48;2;105;117;185m▄[38;2;144;140;199m[48;2;104;117;184m▄[38;2;144;140;198m[48;2;103;117;183m▄[38;2;145;142;199m[48;2;103;118;183m▄[38;2;144;145;199m[48;2;103;119;183m▄[38;2;141;141;198m[48;2;99;116;182m▄[38;2;140;140;198m[48;2;98;115;182m▄[38;2;138;140;197m[48;2;97;115;182m▄[38;2;138;140;198m[48;2;95;114;182m▄[38;2;136;140;197m[48;2;94;114;181m▄[38;2;135;139;197m[48;2;92;113;180m▄[38;2;134;139;197m[48;2;90;113;179m▄[38;2;133;138;196m[48;2;88;113;179m▄[38;2;132;138;196m[48;2;88;112;178m▄[38;2;131;138;195m[48;2;87;111;178m▄[38;2;129;138;195m[48;2;86;110;179m▄[38;2;128;137;195m[48;2;85;110;179m▄[38;2;128;137;195m[48;2;84;110;179m▄[38;2;126;137;196m[48;2;84;111;179m▄[38;2;126;137;195m[48;2;83;111;179m▄[38;2;126;137;195m[48;2;83;111;180m▄[38;2;125;136;195m[48;2;83;112;179m▄[38;2;124;137;194m[48;2;83;111;178m▄[38;2;129;139;194m[48;2;103;124;180m▃[38;2;139;147;188m[48;2;140;153;159m▅[38;2;159;159;186m[48;2;158;174;133m▃[38;2;180;178;187m[48;2;157;182;118m▂[38;2;194;192;184m[48;2;156;186;114m▂[38;2;196;190;194m[48;2;176;192;143m▂[38;2;187;144;176m[48;2;212;197;213m▝[38;2;234;219;239m[48;2;185;130;155m▂[38;2;234;211;233m[48;2;173;96;106m▂[38;2;235;209;232m[48;2;176;94;100m▂[38;2;235;213;235m[48;2;184;103;113m▃[38;2;231;207;232m[48;2;185;106;122m▅[38;2;0;0;0m[48;2;227;200;221m [38;2;215;190;207m[48;2;236;210;224m▖[38;2;230;202;218m[48;2;239;215;223m▝[38;2;206;219;136m[48;2;226;209;210m▝[38;2;228;222;197m[48;2;205;228;135m▂[38;2;225;226;185m[48;2;198;229;125m▃[38;2;181;194;147m[48;2;218;197;213m▘[38;2;223;188;211m[48;2;237;206;217m▌[38;2;242;214;221m[48;2;240;208;210m▆[38;2;231;198;206m[48;2;225;184;193m▊[38;2;204;150;161m[48;2;219;173;183m▄[38;2;0;0;0m[48;2;230;198;203m [38;2;0;0;0m[48;2;238;211;214m [38;2;227;186;193m[48;2;238;206;210m▝[38;2;0;0;0m[48;2;223;179;187m [38;2;222;182;189m[48;2;201;165;182m▆[38;2;228;190;198m[48;2;232;199;210m▎[38;2;0;0;0m[48;2;228;195;210m [38;2;210;172;192m[48;2;223;188;204m▌[38;2;226;194;205m[48;2;230;197;206m▄[38;2;203;165;173m[48;2;137;83;96m▌[38;2;150;97;113m[48;2;190;144;164m▌[38;2;201;155;175m[48;2;197;150;170m▄[38;2;211;165;184m[48;2;201;155;174m▄[38;2;215;170;193m[48;2;194;140;163m▖[38;2;195;134;148m[48;2;156;92;115m▖[38;2;156;94;117m[48;2;144;84;109m▁[38;2;146;91;116m[48;2;124;76;108m▆[38;2;117;74;110m[48;2;143;92;125m▝[38;2;120;85;128m[48;2;141;112;169m▊[38;2;133;108;168m[48;2;105;92;158m▊[38;2;89;79;145m[48;2;110;82;140m▌[38;2;158;119;169m[48;2;126;93;152m▄[38;2;216;172;206m[48;2;191;143;187m▂[38;2;215;168;207m[48;2;158;97;147m▎[38;2;182;124;170m[48;2;162;98;150m▖[38;2;190;129;177m[48;2;170;100;148m▄[38;2;206;155;187m[48;2;194;131;172m▄[38;2;0;0;0m[48;2;216;171;204m [38;2;207;149;191m[48;2;225;186;219m▊[38;2;214;160;199m[48;2;227;182;212m▘[38;2;237;198;219m[48;2;239;203;224m▘[38;2;240;209;232m[48;2;230;189;215m▅[38;2;240;209;227m[48;2;234;196;215m▃[38;2;0;0;0m[48;2;242;214;234m [38;2;242;214;237m[48;2;229;201;229m▎[38;2;225;201;228m[48;2;221;202;205m▎[38;2;226;211;209m[48;2;226;206;200m▃[38;2;214;198;211m[48;2;221;204;223m▎[38;2;217;199;213m[48;2;222;207;221m▘[38;2;0;0;0m[48;2;230;213;230m [38;2;228;215;227m[48;2;233;216;229m▅[38;2;231;218;230m[48;2;227;214;223m▂[38;2;227;214;231m[48;2;221;208;223m▃[38;2;218;206;224m[48;2;209;200;222m▌[38;2;202;194;220m[48;2;194;187;217m▌[38;2;187;181;214m[48;2;177;172;210m▎[38;2;163;161;204m[48;2;151;153;201m▌[38;2;153;153;205m[48;2;137;143;195m▂[38;2;154;154;206m[48;2;131;141;194m▂[38;2;158;160;209m[48;2;135;145;198m▃[38;2;169;168;213m[48;2;146;155;203m▃[38;2;171;171;214m[48;2;152;159;205m▃[38;2;162;160;212m[48;2;145;151;203m▂[38;2;133;131;205m[48;2;123;129;195m▄[38;2;112;111;200m[48;2;102;106;194m▄[0m
[38;2;159;125;176m[48;2;177;153;204m▂[38;2;163;130;179m[48;2;176;152;202m▂[38;2;0;0;0m[48;2;5;55;25m█[38;2;0;0;0m[48;2;5;55;25m█[38;2;0;0;0m[48;2;5;55;25m█[38;2;0;0;0m[48;2;5;55;25m█[38;2;0;0;0m[48;2;163;155;198m⡷[38;2;179;159;200m[48;2;169;156;204m▆[38;2;0;0;0m[48;2;5;55;25m█[38;2;0;0;0m[48;2;5;55;25m█[38;2;0;0;0m[48;2;5;55;25m█[38;2;0;0;0m[48;2;5;55;25m█[38;2;0;0;0m[48;2;163;155;198m⡷[38;2;170;151;198m[48;2;159;150;201m▆[38;2;0;0;0m[48;2;5;55;25m█[38;2;0;0;0m[48;2;5;55;25m█[38;2;0;0;0m[48;2;5;55;25m█[38;2;0;0;0m[48;2;5;55;25m█[38;2;0;0;0m[48;2;163;155;198m⡷[38;2;163;153;197m[48;2;153;149;200m▆[38;2;0;0;0m[48;2;5;55;25m█[38;2;0;0;0m[48;2;5;55;25m█[38;2;0;0;0m[48;2;5;55;25m█[38;2;0;0;0m[48;2;5;55;25m█[38;2;0;0;0m[48;2;163;155;199m▅[38;2;163;155;199m[48;2;150;151;201m▆[38;2;163;155;198m[48;2;150;150;199m▆[38;2;162;155;197m[48;2;149;150;199m▆[38;2;0;0;0m[48;2;160;153;197m [38;2;160;153;195m[48;2;179;166;199m▇[38;2;161;154;194m[48;2;195;174;198m▇[38;2;163;154;195m[48;2;189;170;201m▇[38;2;165;155;195m[48;2;184;172;205m▇[38;2;167;156;195m[48;2;194;182;213m▆[38;2;181;167;200m[48;2;233;220;243m▇[38;2;185;170;197m[48;2;233;218;243m▇[38;2;190;174;199m[48;2;211;190;219m▆[38;2;188;174;201m[48;2;211;193;219m▆[38;2;192;178;205m[48;2;213;196;218m▇[38;2;0;0;0m[48;2;220;198;214m [38;2;225;202;217m[48;2;238;218;227m▂[38;2;226;206;216m[48;2;239;217;221m▝[38;2;220;214;212m[48;2;221;213;202m▆[38;2;0;0;0m[48;2;217;220;194m [38;2;211;220;183m[48;2;218;196;227m▎[38;2;228;198;227m[48;2;234;208;232m▘[38;2;235;207;224m[48;2;240;213;227m▎[38;2;233;204;213m[48;2;238;213;224m▝[38;2;230;194;204m[48;2;195;142;153m▌[38;2;191;137;150m[48;2;228;192;203m▌[38;2;219;178;191m[48;2;238;209;215m▖[38;2;238;213;226m[48;2;238;210;217m▂[38;2;222;177;188m[48;2;234;199;211m▝[38;2;224;183;192m[48;2;232;197;209m▘[38;2;230;199;210m[48;2;234;205;222m▘[38;2;235;204;227m[48;2;232;202;217m▂[38;2;226;193;213m[48;2;231;200;218m▊[38;2;234;206;224m[48;2;225;193;212m▌[38;2;0;0;0m[48;2;227;193;211m [38;2;206;164;184m[48;2;170;117;137m▅[38;2;169;126;146m[48;2;216;178;198m▖[38;2;207;165;184m[48;2;217;177;196m▝[38;2;0;0;0m[48;2;224;184;205m [38;2;209;158;173m[48;2;192;135;151m▇[38;2;206;152;172m[48;2;171;110;133m▎[38;2;184;125;155m[48;2;167;107;135m▄[38;2;161;103;139m[48;2;154;95;134m▌[38;2;155;101;142m[48;2;179;134;183m▌[38;2;156;112;169m[48;2;119;96;157m▌[38;2;155;101;153m[48;2;131;89;142m▃[38;2;0;0;0m[48;2;195;151;191m [38;2;219;176;210m[48;2;233;193;226m▌[38;2;222;179;210m[48;2;185;128;170m▌[38;2;178;118;165m[48;2;207;156;195m▊[38;2;226;181;215m[48;2;200;145;187m▄[38;2;0;0;0m[48;2;226;184;210m [38;2;231;195;222m[48;2;225;185;212m▄[38;2;227;177;214m[48;2;232;199;228m▌[38;2;234;194;225m[48;2;239;206;227m▊[38;2;241;209;233m[48;2;242;210;228m▃[38;2;227;196;227m[48;2;243;216;240m▁[38;2;241;216;238m[48;2;240;216;233m▅[38;2;0;0;0m[48;2;242;219;239m [38;2;241;216;241m[48;2;237;211;240m▊[38;2;228;211;224m[48;2;233;209;235m▝[38;2;227;207;226m[48;2;226;212;216m▅[38;2;225;204;220m[48;2;225;210;222m▂[38;2;222;200;213m[48;2;224;209;224m▂[38;2;220;195;210m[48;2;226;210;228m▂[38;2;223;199;216m[48;2;227;212;228m▁[38;2;229;211;228m[48;2;231;218;234m▂[38;2;229;212;230m[48;2;230;218;234m▂[38;2;224;210;229m[48;2;217;204;227m▊[38;2;209;195;223m[48;2;202;187;220m▊[38;2;196;178;218m[48;2;187;178;217m▆[38;2;188;170;215m[48;2;174;167;212m▆[38;2;189;168;215m[48;2;171;162;213m▅[38;2;195;172;219m[48;2;176;165;214m▅[38;2;199;180;223m[48;2;178;170;216m▆[38;2;206;186;225m[48;2;185;176;218m▆[38;2;205;185;226m[48;2;185;176;218m▆[38;2;206;182;228m[48;2;181;167;222m▃[38;2;174;159;222m[48;2;121;113;201m▊[38;2;124;114;204m[48;2;116;111;204m▅[0m
[38;2;130;108;161m[48;2;154;121;170m▄[38;2;131;110;162m[48;2;159;127;174m▅[38;2;0;0;0m[48;2;5;55;25m█[38;2;128;114;168m[48;2;154;126;175m▄[38;2;127;116;169m[48;2;153;127;176m▄[38;2;130;120;171m[48;2;155;129;177m▄[38;2;136;128;175m[48;2;159;138;181m▄[38;2;140;134;176m[48;2;164;147;184m▄[38;2;0;0;0m[48;2;5;55;25m█[38;2;132;123;175m[48;2;155;134;182m▄[38;2;127;120;173m[48;2;157;136;183m▄[38;2;129;123;175m[48;2;157;137;184m▄[38;2;128;123;175m[48;2;156;139;185m▄[38;2;130;125;177m[48;2;156;139;185m▄[38;2;0;0;0m[48;2;5;55;25m█[38;2;128;124;177m[48;2;155;139;185m▄[38;2;127;125;177m[48;2;155;139;185m▄[38;2;126;125;177m[48;2;154;141;185m▄[38;2;126;125;177m[48;2;152;140;185m▄[38;2;125;125;177m[48;2;151;141;184m▄[38;2;0;0;0m[48;2;5;55;25m█[38;2;124;127;177m[48;2;150;141;185m▄[38;2;124;127;177m[48;2;150;142;185m▄[38;2;125;128;178m[48;2;151;143;186m▄[38;2;0;0;0m[48;2;5;55;25m█[38;2;127;129;178m[48;2;150;142;184m▄[38;2;128;129;178m[48;2;150;142;184m▄[38;2;130;129;178m[48;2;150;142;185m▄[38;2;131;130;177m[48;2;148;141;183m▄[38;2;132;129;176m[48;2;148;141;183m▄[38;2;134;129;177m[48;2;148;140;183m▄[38;2;136;129;176m[48;2;148;140;182m▄[38;2;138;130;175m[48;2;149;140;182m▄[38;2;140;131;175m[48;2;151;139;182m▄[38;2;146;133;176m[48;2;156;142;181m▅[38;2;150;135;174m[48;2;167;153;179m▄[38;2;153;136;174m[48;2;176;163;180m▂[38;2;163;142;173m[48;2;178;162;182m▂[38;2;168;144;179m[48;2;174;156;188m▂[38;2;218;171;167m[48;2;185;163;187m▁[38;2;243;175;149m[48;2;225;197;205m▂[38;2;238;163;140m[48;2;237;208;216m▂[38;2;239;213;218m[48;2;230;209;209m▊[38;2;239;158;122m[48;2;228;201;189m━[38;2;244;221;215m[48;2;225;184;164m▃[38;2;230;202;223m[48;2;226;198;225m▄[38;2;224;190;217m[48;2;232;203;222m▎[38;2;238;213;229m[48;2;237;213;226m▄[38;2;0;0;0m[48;2;235;206;222m [38;2;214;172;190m[48;2;225;192;211m▘[38;2;208;165;184m[48;2;225;186;201m▇[38;2;225;191;208m[48;2;238;212;229m▖[38;2;237;209;227m[48;2;235;204;222m▌[38;2;227;195;212m[48;2;234;202;220m▝[38;2;0;0;0m[48;2;237;209;230m [38;2;238;212;233m[48;2;236;206;229m▖[38;2;233;203;225m[48;2;209;174;198m▊[38;2;216;183;207m[48;2;230;203;224m▎[38;2;200;162;187m[48;2;194;158;181m▄[38;2;0;0;0m[48;2;215;181;204m [38;2;184;140;164m[48;2;216;178;197m▊[38;2;226;191;211m[48;2;217;177;198m▌[38;2;223;185;202m[48;2;228;192;214m▌[38;2;230;190;212m[48;2;221;176;188m▎[38;2;187;129;150m[48;2;220;176;195m▝[38;2;191;133;160m[48;2;193;140;169m▌[38;2;192;140;173m[48;2;171;113;155m▎[38;2;166;109;146m[48;2;193;143;180m▘[38;2;200;157;196m[48;2;171;123;169m▗[38;2;214;166;211m[48;2;180;126;176m▅[38;2;205;152;200m[48;2;208;158;201m▃[38;2;204;152;195m[48;2;220;173;211m▎[38;2;206;156;197m[48;2;224;180;216m▝[38;2;219;178;213m[48;2;203;152;193m▆[38;2;217;175;210m[48;2;228;191;223m▎[38;2;230;198;227m[48;2;232;195;222m▄[38;2;227;191;229m[48;2;236;203;233m▁[38;2;0;0;0m[48;2;231;201;233m [38;2;208;174;204m[48;2;234;200;229m▂[38;2;207;178;186m[48;2;230;197;222m▂[38;2;206;180;193m[48;2;221;194;215m▖[38;2;221;203;209m[48;2;228;205;224m▃[38;2;228;208;221m[48;2;235;212;233m▃[38;2;231;208;229m[48;2;237;214;236m▗[38;2;214;189;214m[48;2;228;205;227m▁[38;2;207;179;212m[48;2;220;196;217m▁[38;2;191;167;201m[48;2;214;191;207m▂[38;2;185;164;199m[48;2;211;186;202m▃[38;2;186;165;202m[48;2;209;181;206m▄[38;2;189;169;208m[48;2;211;185;212m▃[38;2;200;181;215m[48;2;223;201;221m▄[38;2;205;187;219m[48;2;225;206;226m▄[38;2;198;182;216m[48;2;217;197;222m▃[38;2;190;172;210m[48;2;206;185;216m▄[38;2;176;157;201m[48;2;194;169;210m▃[38;2;166;145;195m[48;2;190;163;210m▃[38;2;165;141;196m[48;2;190;163;211m▃[38;2;168;143;197m[48;2;192;165;213m▃[38;2;171;147;202m[48;2;196;169;216m▃[38;2;174;150;206m[48;2;199;172;219m▃[38;2;171;149;211m[48;2;198;171;219m▃[38;2;169;148;213m[48;2;197;171;220m▄[38;2;117;104;192m[48;2;170;148;213m▗[38;2;108;97;189m[48;2;137;121;202m▄[0m
[38;2;94;113;179m[48;2;118;124;183m▇[38;2;94;114;180m[48;2;111;116;176m▆[38;2;0;0;0m[48;2;5;55;25m█[38;2;0;0;0m[48;2;5;55;25m█[38;2;0;0;0m[48;2;106;129;188m⡷[38;2;97;121;181m[48;2;112;119;174m▅[38;2;103;127;183m[48;2;118;126;177m▅[38;2;108;135;184m[48;2;121;131;177m▅[38;2;0;0;0m[48;2;5;55;25m█[38;2;0;0;0m[48;2;5;55;25m█[38;2;0;0;0m[48;2;106;129;188m⡷[38;2;88;116;178m[48;2;108;119;176m▅[38;2;89;117;179m[48;2;108;118;175m▅[38;2;89;120;181m[48;2;108;122;179m▄[38;2;0;0;0m[48;2;5;55;25m█[38;2;0;0;0m[48;2;5;55;25m█[38;2;0;0;0m[48;2;106;129;188m⡷[38;2;85;118;182m[48;2;106;121;178m▄[38;2;84;118;181m[48;2;105;120;177m▄[38;2;83;119;180m[48;2;104;121;178m▄[38;2;0;0;0m[48;2;5;55;25m█[38;2;87;119;179m[48;2;106;122;177m▅[38;2;86;119;180m[48;2;104;122;177m▄[38;2;90;120;180m[48;2;107;123;177m▅[38;2;0;0;0m[48;2;5;55;25m█[38;2;94;122;180m[48;2;110;124;177m▅[38;2;99;122;179m[48;2;116;126;179m▆[38;2;104;123;180m[48;2;118;127;179m▆[38;2;106;124;181m[48;2;119;126;179m▅[38;2;111;126;182m[48;2;122;128;179m▅[38;2;118;129;183m[48;2;126;130;180m▅[38;2;126;132;187m[48;2;128;129;180m▃[38;2;135;136;189m[48;2;134;130;180m▃[38;2;141;135;187m[48;2;140;132;179m▄[38;2;148;139;189m[48;2;145;133;180m▃[38;2;161;148;197m[48;2;152;137;183m▁[38;2;0;0;0m[48;2;161;145;188m [38;2;242;142;73m[48;2;182;152;169m▂[38;2;243;136;86m[48;2;207;164;162m▅[38;2;245;173;180m[48;2;243;147;115m▂[38;2;244;189;210m[48;2;242;145;114m▅[38;2;243;206;228m[48;2;244;189;186m▆[38;2;0;0;0m[48;2;241;216;233m [38;2;0;0;0m[48;2;238;215;231m [38;2;236;216;235m[48;2;236;223;236m▄[38;2;239;221;241m[48;2;230;210;234m▂[38;2;235;214;237m[48;2;229;207;230m▂[38;2;0;0;0m[48;2;238;211;234m [38;2;237;212;235m[48;2;239;215;236m▌[38;2;231;203;225m[48;2;236;213;234m▝[38;2;230;200;224m[48;2;220;179;201m▅[38;2;226;189;208m[48;2;233;202;222m▊[38;2;238;212;233m[48;2;238;211;231m▄[38;2;233;203;225m[48;2;230;196;219m▊[38;2;230;198;220m[48;2;236;207;230m▎[38;2;238;213;234m[48;2;237;210;232m▚[38;2;0;0;0m[48;2;238;209;230m [38;2;226;193;215m[48;2;226;190;213m▄[38;2;183;157;186m[48;2;189;157;185m▄[38;2;0;0;0m[48;2;166;138;171m [38;2;153;131;160m[48;2;197;163;188m▂[38;2;196;159;184m[48;2;230;198;219m▌[38;2;225;192;211m[48;2;229;196;216m┃[38;2;231;198;220m[48;2;223;188;205m▊[38;2;222;179;202m[48;2;231;196;218m▝[38;2;207;164;196m[48;2;200;151;180m▃[38;2;130;103;146m[48;2;185;139;175m▗[38;2;166;126;164m[48;2;194;155;187m▎[38;2;143;119;155m[48;2;197;157;195m▂[38;2;181;129;176m[48;2;213;163;212m▂[38;2;198;142;189m[48;2;209;154;203m▄[38;2;217;168;209m[48;2;199;142;191m▌[38;2;0;0;0m[48;2;212;164;206m [38;2;0;0;0m[48;2;227;187;223m [38;2;181;158;196m[48;2;212;172;209m▗[38;2;168;146;177m[48;2;216;184;221m▃[38;2;183;156;190m[48;2;221;192;220m▝[38;2;167;156;147m[48;2;186;171;195m▃[38;2;180;170;159m[48;2;199;178;196m▗[38;2;167;165;151m[48;2;184;169;175m▃[38;2;171;168;161m[48;2;195;180;188m▃[38;2;181;167;182m[48;2;206;192;202m▆[38;2;173;158;194m[48;2;203;185;206m▄[38;2;175;163;208m[48;2;221;197;225m▄[38;2;174;167;213m[48;2;199;179;214m▂[38;2;168;159;208m[48;2;196;171;211m▅[38;2;159;152;204m[48;2;184;159;204m▅[38;2;151;144;199m[48;2;180;164;204m▅[38;2;148;140;198m[48;2;175;159;203m▅[38;2;152;144;200m[48;2;179;164;206m▄[38;2;164;154;206m[48;2;188;172;212m▅[38;2;173;162;211m[48;2;192;177;214m▅[38;2;178;165;212m[48;2;191;178;214m▆[38;2;174;161;211m[48;2;181;167;208m▆[38;2;170;158;207m[48;2;164;152;205m▎[38;2;154;145;204m[48;2;155;140;196m▄[38;2;148;138;199m[48;2;156;138;197m▄[38;2;125;120;189m[48;2;157;140;203m▁[38;2;118;112;186m[48;2;157;141;206m▁[38;2;115;111;183m[48;2;160;143;208m▁[38;2;132;126;198m[48;2;164;145;210m▁[38;2;127;115;187m[48;2;160;144;211m━[38;2;145;131;203m[48;2;110;105;185m▌[38;2;98;96;180m[48;2;132;120;201m▆[0m
[38;2;101;122;189m[48;2;90;119;186m▂[38;2;98;122;189m[48;2;89;119;185m▃[38;2;0;0;0m[48;2;5;55;25m█[38;2;100;123;191m[48;2;89;118;185m▂[38;2;101;124;189m[48;2;89;119;184m▂[38;2;106;129;188m[48;2;95;125;188m▂[38;2;124;142;196m[48;2;104;131;190m▗[38;2;142;161;204m[48;2;123;149;196m▃[38;2;0;0;0m[48;2;5;55;25m█[38;2;185;178;222m[48;2;120;136;194m▌[38;2;90;118;183m[48;2;79;115;180m▂[38;2;89;120;184m[48;2;80;116;180m▂[38;2;89;120;184m[48;2;80;116;180m▂[38;2;88;121;184m[48;2;79;117;182m▂[38;2;0;0;0m[48;2;5;55;25m█[38;2;87;121;185m[48;2;78;117;183m▂[38;2;86;121;185m[48;2;78;117;183m▂[38;2;87;122;185m[48;2;78;116;182m▂[38;2;86;122;185m[48;2;78;117;183m▂[38;2;86;122;185m[48;2;78;117;182m▂[38;2;0;0;0m[48;2;5;55;25m█[38;2;88;123;186m[48;2;80;119;181m▂[38;2;90;124;186m[48;2;82;120;182m▂[38;2;94;126;185m[48;2;84;122;183m▂[38;2;0;0;0m[48;2;5;55;25m█[38;2;102;127;184m[48;2;93;124;184m▂[38;2;106;129;186m[48;2;97;125;181m▂[38;2;111;131;186m[48;2;102;127;183m▂[38;2;118;134;187m[48;2;108;129;185m▂[38;2;123;135;188m[48;2;114;130;186m▃[38;2;130;137;190m[48;2;122;132;188m▃[38;2;138;140;189m[48;2;131;135;190m▃[38;2;146;142;192m[48;2;140;138;191m▂[38;2;144;139;190m[48;2;149;144;195m▘[38;2;137;154;208m[48;2;150;147;199m▂[38;2;226;149;106m[48;2;155;156;201m▗[38;2;203;166;161m[48;2;242;134;68m▘[38;2;246;170;172m[48;2;243;139;95m▂[38;2;244;187;206m[48;2;244;158;149m▅[38;2;0;0;0m[48;2;243;195;221m [38;2;240;218;240m[48;2;241;200;229m▆[38;2;0;0;0m[48;2;238;223;241m [38;2;229;207;233m[48;2;238;222;240m▁[38;2;224;199;228m[48;2;238;218;239m▂[38;2;232;204;233m[48;2;236;212;236m▄[38;2;231;204;232m[48;2;237;218;240m▄[38;2;236;216;237m[48;2;230;208;231m▘[38;2;228;208;229m[48;2;234;208;235m▁[38;2;229;207;228m[48;2;235;210;236m▄[38;2;226;211;227m[48;2;233;215;233m▇[38;2;227;210;227m[48;2;236;211;238m▖[38;2;235;207;234m[48;2;233;203;227m▌[38;2;234;204;222m[48;2;236;208;230m▂[38;2;237;210;229m[48;2;234;205;227m▌[38;2;233;205;227m[48;2;232;205;227m▄[38;2;228;196;219m[48;2;235;209;230m▗[38;2;0;0;0m[48;2;237;209;231m [38;2;234;206;229m[48;2;219;191;219m▊[38;2;194;169;198m[48;2;159;139;175m▌[38;2;0;0;0m[48;2;147;130;166m [38;2;147;129;163m[48;2;138;120;155m▘[38;2;175;149;188m[48;2;185;156;188m▄[38;2;207;176;203m[48;2;226;193;215m▃[38;2;0;0;0m[48;2;225;190;220m [38;2;0;0;0m[48;2;223;188;219m [38;2;111;95;132m[48;2;169;141;175m▃[38;2;0;0;0m[48;2;105;91;127m [38;2;161;138;172m[48;2;110;94;134m┃[38;2;132;116;156m[48;2;99;87;120m▌[38;2;99;83;124m[48;2;139;100;146m▅[38;2;126;109;166m[48;2;163;124;174m▃[38;2;101;80;127m[48;2;161;110;159m▅[38;2;119;88;128m[48;2;153;106;152m▊[38;2;169;113;163m[48;2;208;154;195m▖[38;2;223;182;216m[48;2;227;198;229m▎[38;2;208;169;202m[48;2;160;123;151m▃[38;2;135;86;119m[48;2;200;167;187m▄[38;2;191;157;182m[48;2;175;157;160m▄[38;2;130;121;117m[48;2;167;163;147m▅[38;2;136;144;115m[48;2;156;160;133m▆[38;2;144;155;128m[48;2;159;161;143m▆[38;2;152;155;150m[48;2;159;154;159m▄[38;2;150;143;171m[48;2;144;137;183m▌[38;2;126;126;188m[48;2;143;142;200m▃[38;2;126;133;199m[48;2;149;150;206m▃[38;2;133;137;202m[48;2;153;152;208m▂[38;2;141;142;205m[48;2;157;152;209m▂[38;2;140;140;204m[48;2;158;151;210m▂[38;2;134;135;200m[48;2;158;149;209m▂[38;2;129;130;199m[48;2;162;151;211m▂[38;2;132;132;200m[48;2;169;155;212m▃[38;2;126;127;197m[48;2;170;155;213m▃[38;2;123;124;196m[48;2;173;159;216m▄[38;2;116;119;194m[48;2;170;158;215m▄[38;2;108;114;191m[48;2;162;152;211m▄[38;2;97;107;188m[48;2;151;144;206m▄[38;2;87;100;184m[48;2;136;134;200m▄[38;2;73;90;180m[48;2;115;117;193m▃[38;2;68;86;177m[48;2;104;108;188m▄[38;2;58;77;174m[48;2;90;99;184m▄[38;2;58;76;174m[48;2;84;92;181m▅[38;2;57;76;173m[48;2;81;89;178m▆[38;2;55;73;172m[48;2;77;87;175m▇[38;2;53;72;172m[48;2;69;81;174m▇[0m
[38;2;152;152;201m[48;2;119;132;194m▃[38;2;155;156;204m[48;2;120;133;194m▃[38;2;0;0;0m[48;2;5;55;25m█[38;2;152;157;203m[48;2;117;131;192m▄[38;2;157;161;205m[48;2;121;133;192m▃[38;2;160;165;206m[48;2;126;140;193m▃[38;2;169;173;209m[48;2;140;151;200m▃[38;2;184;186;218m[48;2;160;170;208m▃[38;2;0;0;0m[48;2;5;55;25m█[38;2;0;0;0m[48;2;5;55;25m█[38;2;0;0;0m[48;2;5;55;25m█[38;2;0;0;0m[48;2;5;55;25m█[38;2;0;0;0m[48;2;86;122;185m⡷[38;2;143;156;201m[48;2;106;129;188m▃[38;2;0;0;0m[48;2;5;55;25m█[38;2;0;0;0m[48;2;5;55;25m█[38;2;0;0;0m[48;2;5;55;25m█[38;2;0;0;0m[48;2;5;55;25m█[38;2;0;0;0m[48;2;86;122;185m⡷[38;2;140;157;200m[48;2;104;130;187m▃[38;2;0;0;0m[48;2;5;55;25m█[38;2;0;0;0m[48;2;5;55;25m█[38;2;0;0;0m[48;2;5;55;25m█[38;2;0;0;0m[48;2;5;55;25m█[38;2;0;0;0m[48;2;106;129;186m▀[38;2;149;159;200m[48;2;118;136;190m▃[38;2;153;160;201m[48;2;122;138;190m▃[38;2;157;162;201m[48;2;127;139;190m▃[38;2;160;163;200m[48;2;132;141;191m▃[38;2;164;164;201m[48;2;138;142;191m▃[38;2;169;164;200m[48;2;143;144;192m▃[38;2;163;162;202m[48;2;147;144;191m▄[38;2;144;165;210m[48;2;147;149;197m▃[38;2;0;0;0m[48;2;142;157;202m [38;2;239;132;56m[48;2;171;157;171m▃[38;2;0;0;0m[48;2;221;115;49m [38;2;242;187;187m[48;2;219;135;105m▗[38;2;244;200;218m[48;2;242;174;177m▆[38;2;0;0;0m[48;2;241;208;235m [38;2;226;201;228m[48;2;239;219;240m▁[38;2;222;199;227m[48;2;241;226;242m▃[38;2;221;194;224m[48;2;236;220;240m▄[38;2;218;190;221m[48;2;229;205;234m▄[38;2;216;189;219m[48;2;225;199;229m▃[38;2;219;191;221m[48;2;227;198;229m▃[38;2;218;190;219m[48;2;229;201;227m▗[38;2;218;193;218m[48;2;226;204;226m▄[38;2;220;199;217m[48;2;224;208;223m▖[38;2;221;210;212m[48;2;225;210;221m▃[38;2;223;212;209m[48;2;228;212;220m▄[38;2;219;215;203m[48;2;223;211;217m▄[38;2;219;213;208m[48;2;237;215;235m▖[38;2;236;214;231m[48;2;232;204;217m▖[38;2;235;213;224m[48;2;230;204;218m▌[38;2;226;192;211m[48;2;230;200;221m▃[38;2;226;189;209m[48;2;230;199;220m▄[38;2;227;194;212m[48;2;231;203;223m▌[38;2;210;182;209m[48;2;169;146;179m▊[38;2;124;113;148m[48;2;145;129;161m▅[38;2;103;95;131m[48;2;124;110;145m▃[38;2;100;86;121m[48;2;119;104;140m▃[38;2;158;136;175m[48;2;190;162;191m▌[38;2;151;129;169m[48;2;185;158;190m▄[38;2;146;126;163m[48;2;204;173;206m▖[38;2;193;168;202m[48;2;98;84;123m▌[38;2;60;56;93m[48;2;85;76;110m▄[38;2;55;51;84m[48;2;79;72;106m▄[38;2;94;83;125m[48;2;64;58;98m┃[38;2;0;0;0m[48;2;60;55;93m [38;2;59;54;97m[48;2;79;74;137m▌[38;2;106;94;159m[48;2;69;64;118m▘[38;2;57;53;100m[48;2;84;76;122m▆[38;2;97;66;113m[48;2;63;53;95m▝[38;2;103;70;116m[48;2;156;104;157m▅[38;2;160;110;159m[48;2;222;189;222m▖[38;2;0;0;0m[48;2;214;184;216m [38;2;173;111;162m[48;2;170;118;158m▄[38;2;180;115;171m[48;2;145;86;137m▖[38;2;153;74;145m[48;2;162;124;154m▃[38;2;141;69;124m[48;2;130;134;116m▅[38;2;143;91;114m[48;2;144;152;125m▄[38;2;142;123;111m[48;2;146;148;131m▁[38;2;142;144;133m[48;2;142;140;154m▃[38;2;124;122;160m[48;2;106;108;169m▌[38;2;77;90;166m[48;2;91;106;183m▄[38;2;68;89;173m[48;2;109;119;192m▆[38;2;67;88;172m[48;2;111;121;194m▆[38;2;66;87;170m[48;2;111;120;194m▆[38;2;60;83;167m[48;2;101;112;189m▅[38;2;62;83;169m[48;2;105;114;191m▆[38;2;60;81;168m[48;2;99;109;189m▆[38;2;57;79;167m[48;2;95;105;187m▆[38;2;54;77;167m[48;2;87;100;183m▆[38;2;52;76;166m[48;2;79;95;181m▆[38;2;51;74;166m[48;2;71;90;179m▆[38;2;50;73;167m[48;2;66;86;177m▇[38;2;50;72;168m[48;2;59;80;174m▇[38;2;56;72;166m[48;2;51;74;170m▁[38;2;57;72;167m[48;2;51;73;171m▁[38;2;59;73;170m[48;2;52;72;172m▁[38;2;61;73;171m[48;2;52;71;173m▁[38;2;57;72;173m[48;2;52;72;174m▃[38;2;58;74;174m[48;2;52;72;174m▃[38;2;62;78;174m[48;2;54;73;175m▁[0m
[38;2;231;230;239m[48;2;186;177;208m▅[38;2;227;225;236m[48;2;186;180;212m▅[38;2;222;221;232m[48;2;187;184;214m▅[38;2;219;217;230m[48;2;187;186;216m▅[38;2;218;217;230m[48;2;186;186;216m▅[38;2;222;221;232m[48;2;190;191;217m▄[38;2;222;223;231m[48;2;193;197;219m▄[38;2;224;221;234m[48;2;202;201;225m▄[38;2;212;219;231m[48;2;226;231;240m▘[38;2;208;211;226m[48;2;236;233;243m▘[38;2;195;195;221m[48;2;235;217;240m▝[38;2;220;221;232m[48;2;181;186;216m▄[38;2;219;218;230m[48;2;181;186;216m▄[38;2;219;218;230m[48;2;180;186;215m▄[38;2;219;218;231m[48;2;180;186;215m▄[38;2;218;218;230m[48;2;180;186;215m▄[38;2;217;218;231m[48;2;179;186;216m▄[38;2;217;218;230m[48;2;179;186;216m▄[38;2;216;218;229m[48;2;178;186;215m▄[38;2;215;218;229m[48;2;178;186;215m▄[38;2;215;218;230m[48;2;178;186;215m▄[38;2;214;218;230m[48;2;178;187;215m▄[38;2;216;217;230m[48;2;179;186;215m▄[38;2;216;218;230m[48;2;180;187;214m▄[38;2;212;215;228m[48;2;176;183;213m▅[38;2;208;219;233m[48;2;184;188;215m▄[38;2;199;218;234m[48;2;185;188;216m▄[38;2;197;220;234m[48;2;187;190;215m▄[38;2;211;221;229m[48;2;190;190;215m▄[38;2;241;169;142m[48;2;204;202;219m▁[38;2;238;127;102m[48;2;195;202;223m▁[38;2;241;147;124m[48;2;180;196;223m▂[38;2;238;102;63m[48;2;211;192;193m▁[38;2;244;119;62m[48;2;221;165;131m▆[38;2;0;0;0m[48;2;227;118;42m [38;2;206;158;81m[48;2;241;207;183m▊[38;2;245;232;188m[48;2;244;218;228m▁[38;2;243;231;226m[48;2;242;209;235m▃[38;2;246;244;239m[48;2;238;210;235m▂[38;2;240;237;240m[48;2;236;209;235m▂[38;2;231;225;234m[48;2;234;207;235m▂[38;2;233;220;234m[48;2;230;203;232m▂[38;2;233;215;234m[48;2;227;199;229m▃[38;2;232;212;234m[48;2;223;195;225m▄[38;2;232;214;234m[48;2;220;196;222m▃[38;2;231;210;225m[48;2;222;196;216m▄[38;2;230;219;228m[48;2;217;200;216m▃[38;2;233;227;230m[48;2;223;212;215m▃[38;2;232;233;220m[48;2;223;220;207m▃[38;2;226;234;197m[48;2;221;219;194m▄[38;2;223;234;193m[48;2;216;222;186m▄[38;2;0;0;0m[48;2;221;221;195m [38;2;244;238;244m[48;2;242;227;239m▅[38;2;243;238;237m[48;2;236;219;222m▖[38;2;214;175;190m[48;2;224;193;206m▗[38;2;217;174;190m[48;2;228;191;203m▊[38;2;226;196;205m[48;2;160;138;154m▊[38;2;0;0;0m[48;2;117;105;138m [38;2;81;84;132m[48;2;101;97;135m▅[38;2;69;81;134m[48;2;89;92;135m▆[38;2;77;90;142m[48;2;98;87;123m▇[38;2;90;94;146m[48;2;135;127;170m▗[38;2;115;103;151m[48;2;72;68;112m▘[38;2;136;124;163m[48;2;187;165;204m▎[38;2;0;0;0m[48;2;62;60;98m [38;2;41;42;79m[48;2;50;49;84m▇[38;2;42;43;87m[48;2;39;39;75m▁[38;2;53;55;117m[48;2;40;39;79m▁[38;2;57;63;131m[48;2;42;40;84m▁[38;2;46;63;130m[48;2;53;49;101m▂[38;2;55;78;162m[48;2;52;52;110m▃[38;2;61;78;157m[48;2;47;53;111m▃[38;2;64;74;143m[48;2;49;49;104m▃[38;2;75;65;125m[48;2;74;56;102m▅[38;2;0;0;0m[48;2;121;83;133m [38;2;141;99;148m[48;2;199;177;206m▖[38;2;163;94;141m[48;2;217;196;224m▝[38;2;0;0;0m[48;2;185;101;146m [38;2;199;98;147m[48;2;165;73;134m▄[38;2;204;115;162m[48;2;170;74;147m▃[38;2;198;127;158m[48;2;167;84;140m▃[38;2;162;104;127m[48;2;182;135;138m▘[38;2;191;162;142m[48;2;160;150;130m▄[38;2;186;173;155m[48;2;147;139;149m▅[38;2;174;171;180m[48;2;117;119;166m▄[38;2;154;153;187m[48;2;94;107;171m▃[38;2;131;128;171m[48;2;82;96;166m▄[38;2;124;116;159m[48;2;79;90;160m▄[38;2;118;104;148m[48;2;75;85;155m▄[38;2;112;92;137m[48;2;71;78;151m▄[38;2;104;82;129m[48;2;67;74;146m▄[38;2;99;76;124m[48;2;64;71;143m▄[38;2;96;73;123m[48;2;63;69;143m▄[38;2;96;74;127m[48;2;63;70;145m▄[38;2;100;78;134m[48;2;66;72;149m▄[38;2;104;84;143m[48;2;69;75;155m▄[38;2;116;93;155m[48;2;78;80;160m▃[38;2;118;100;168m[48;2;79;83;167m▄[38;2;126;110;178m[48;2;83;87;174m▄[38;2;133;120;189m[48;2;87;91;179m▄[38;2;137;127;195m[48;2;90;94;182m▄[38;2;148;139;200m[48;2;93;97;182m▃[38;2;170;163;213m[48;2;93;97;181m▂[38;2;181;176;218m[48;2;88;93;179m▂[0m
[38;2;248;249;249m[48;2;243;242;246m▇[38;2;249;249;249m[48;2;242;241;245m▇[38;2;0;0;0m[48;2;5;55;25m█[38;2;0;0;0m[48;2;5;55;25m█[38;2;247;248;248m[48;2;237;237;241m▇[38;2;0;0;0m[48;2;5;55;25m█[38;2;0;0;0m[48;2;5;55;25m█[38;2;242;249;241m[48;2;236;237;240m▆[38;2;0;0;0m[48;2;5;55;25m█[38;2;0;0;0m[48;2;5;55;25m█[38;2;0;0;0m[48;2;5;55;25m█[38;2;0;0;0m[48;2;5;55;25m█[38;2;248;249;247m[48;2;239;238;242m▆[38;2;247;249;248m[48;2;239;238;243m▆[38;2;246;248;248m[48;2;235;234;239m▇[38;2;246;249;248m[48;2;239;238;242m▆[38;2;245;249;248m[48;2;235;234;240m▇[38;2;246;249;248m[48;2;239;238;243m▆[38;2;246;249;248m[48;2;238;237;242m▆[38;2;246;249;248m[48;2;238;237;243m▆[38;2;244;247;247m[48;2;236;235;241m▇[38;2;212;234;248m[48;2;235;242;245m▁[38;2;194;228;247m[48;2;224;237;245m▃[38;2;186;230;249m[48;2;210;232;243m▅[38;2;181;231;247m[48;2;195;232;245m▄[38;2;0;0;0m[48;2;199;225;225m [38;2;245;137;72m[48;2;198;219;220m▃[38;2;247;123;76m[48;2;195;222;229m▅[38;2;245;111;70m[48;2;232;183;159m▆[38;2;244;81;38m[48;2;244;125;88m▆[38;2;246;112;86m[48;2;244;65;26m▁[38;2;241;123;99m[48;2;242;75;42m▖[38;2;220;70;51m[48;2;245;66;30m▁[38;2;243;66;41m[48;2;246;78;40m▄[38;2;222;43;29m[48;2;242;72;36m▁[38;2;246;196;166m[48;2;230;79;54m▝[38;2;227;83;60m[48;2;245;225;209m▃[38;2;0;0;0m[48;2;244;242;233m [38;2;246;250;247m[48;2;237;243;235m▄[38;2;243;249;245m[48;2;237;244;237m▃[38;2;241;248;242m[48;2;235;237;234m▆[38;2;242;248;242m[48;2;237;236;239m▆[38;2;243;248;244m[48;2;237;233;240m▆[38;2;245;247;246m[48;2;237;232;238m▆[38;2;246;248;248m[48;2;237;233;239m▆[38;2;243;239;241m[48;2;237;224;233m▅[38;2;246;248;248m[48;2;237;233;238m▆[38;2;247;248;247m[48;2;239;236;239m▆[38;2;243;246;240m[48;2;240;247;230m▌[38;2;239;250;218m[48;2;235;245;209m▄[38;2;238;249;214m[48;2;231;243;205m▄[38;2;232;231;205m[48;2;236;241;214m▝[38;2;240;232;214m[48;2;245;246;243m▎[38;2;246;245;243m[48;2;244;234;233m▊[38;2;218;192;200m[48;2;213;175;190m▌[38;2;217;180;193m[48;2;243;221;226m▊[38;2;229;211;218m[48;2;185;165;180m▊[38;2;189;165;202m[48;2;133;123;162m▅[38;2;160;142;198m[48;2;107;109;162m▖[38;2;125;123;168m[48;2;92;102;155m▂[38;2;113;113;166m[48;2;86;98;153m▂[38;2;0;0;0m[48;2;73;89;144m [38;2;59;66;114m[48;2;66;76;129m▝[38;2;151;142;190m[48;2;79;82;133m▘[38;2;46;55;106m[48;2;44;46;89m▃[38;2;44;58;112m[48;2;44;48;96m▂[38;2;40;73;144m[48;2;46;56;115m▂[38;2;41;78;161m[48;2;56;61;132m▅[38;2;43;82;168m[48;2;53;68;148m▇[38;2;48;87;173m[48;2;44;75;149m▇[38;2;61;93;181m[48;2;54;85;169m▅[38;2;96;113;199m[48;2;70;96;182m▄[38;2;130;133;210m[48;2;102;108;192m▅[38;2;161;134;212m[48;2;109;90;159m▆[38;2;169;137;208m[48;2;115;82;137m▅[38;2;180;132;201m[48;2;137;91;145m▄[38;2;181;137;184m[48;2;203;181;210m▌[38;2;218;183;216m[48;2;213;121;183m▌[38;2;0;0;0m[48;2;222;120;180m [38;2;242;152;204m[48;2;226;140;177m▄[38;2;238;171;201m[48;2;222;158;172m▃[38;2;239;188;194m[48;2;221;173;167m▃[38;2;237;197;180m[48;2;215;178;158m▅[38;2;240;208;178m[48;2;218;196;163m▅[38;2;235;213;190m[48;2;208;201;184m▅[38;2;223;204;200m[48;2;187;179;192m▅[38;2;211;182;188m[48;2;173;155;177m▅[38;2;200;159;167m[48;2;164;137;160m▅[38;2;190;137;146m[48;2;155;120;144m▅[38;2;181;121;131m[48;2;147;105;130m▅[38;2;184;126;135m[48;2;139;93;117m▅[38;2;178;114;124m[48;2;133;84;111m▅[38;2;176;104;116m[48;2;134;79;106m▄[38;2;169;91;108m[48;2;133;80;110m▄[38;2;175;100;121m[48;2;137;86;120m▄[38;2;182;112;138m[48;2;142;94;134m▄[38;2;190;128;158m[48;2;150;105;150m▄[38;2;199;146;180m[48;2;159;119;168m▄[38;2;209;166;199m[48;2;169;135;185m▄[38;2;214;180;213m[48;2;173;146;198m▅[38;2;221;196;225m[48;2;180;158;208m▅[38;2;232;215;236m[48;2;196;180;219m▄[38;2;237;227;240m[48;2;207;195;225m▄[38;2;241;235;243m[48;2;217;208;231m▄[0m
[38;2;250;250;250m[48;2;249;249;249m▇[38;2;250;250;250m[48;2;249;249;249m▆[38;2;0;0;0m[48;2;5;55;25m█[38;2;0;0;0m[48;2;234;206;210m▀[38;2;0;0;0m[48;2;5;55;25m█[38;2;0;0;0m[48;2;234;206;210m▀[38;2;0;0;0m[48;2;5;55;25m█[38;2;241;245;241m[48;2;241;249;241m▗[38;2;0;0;0m[48;2;5;55;25m█[38;2;239;246;240m[48;2;241;233;243m▖[38;2;242;221;216m[48;2;239;232;239m▝[38;2;243;212;212m[48;2;244;213;215m▄[38;2;244;194;181m[48;2;248;234;229m▄[38;2;244;215;191m[48;2;248;248;246m▖[38;2;0;0;0m[48;2;249;249;249m [38;2;250;250;250m[48;2;249;249;248m▅[38;2;248;249;248m[48;2;249;249;249m▄[38;2;243;248;249m[48;2;247;249;249m▁[38;2;228;238;249m[48;2;244;247;248m▁[38;2;210;228;249m[48;2;236;242;248m▂[38;2;204;227;248m[48;2;226;239;248m▅[38;2;192;222;248m[48;2;203;230;248m▆[38;2;187;221;247m[48;2;178;220;248m▂[38;2;227;231;216m[48;2;180;223;246m▂[38;2;245;169;96m[48;2;213;212;198m▃[38;2;0;0;0m[48;2;245;134;50m [38;2;246;123;49m[48;2;247;97;9m▘[38;2;0;0;0m[48;2;247;98;20m [38;2;217;175;91m[48;2;245;103;35m▂[38;2;172;81;35m[48;2;239;86;48m▂[38;2;238;90;67m[48;2;247;89;58m▄[38;2;245;76;38m[48;2;245;109;87m▄[38;2;239;110;90m[48;2;241;64;32m▘[38;2;241;57;17m[48;2;223;65;39m▊[38;2;0;0;0m[48;2;203;46;33m [38;2;114;24;36m[48;2;179;38;40m▃[38;2;140;38;47m[48;2;182;55;57m▄[38;2;178;121;136m[48;2;242;245;245m▌[38;2;249;249;249m[48;2;244;250;248m▇[38;2;250;250;250m[48;2;249;249;249m▄[38;2;250;250;250m[48;2;249;249;249m▄[38;2;250;250;250m[48;2;249;249;249m▄[38;2;250;250;250m[48;2;249;249;249m▄[38;2;251;251;251m[48;2;250;250;250m [38;2;251;251;251m[48;2;250;250;250m [38;2;250;250;250m[48;2;249;249;249m▃[38;2;249;249;249m[48;2;250;250;250m▄[38;2;250;250;250m[48;2;249;249;249m━[38;2;248;249;247m[48;2;244;250;240m▌[38;2;238;250;222m[48;2;241;250;233m▝[38;2;242;251;228m[48;2;239;251;221m▄[38;2;243;248;227m[48;2;244;244;221m▌[38;2;244;240;210m[48;2;246;246;238m▌[38;2;248;249;246m[48;2;248;248;244m▄[38;2;222;207;210m[48;2;220;190;199m▎[38;2;223;193;202m[48;2;241;221;228m▌[38;2;243;228;234m[48;2;220;193;212m▊[38;2;211;182;207m[48;2;205;175;206m▊[38;2;177;155;200m[48;2;201;169;206m▝[38;2;179;154;201m[48;2;155;140;190m▅[38;2;160;142;197m[48;2;129;123;175m▅[38;2;139;127;180m[48;2;91;94;147m▖[38;2;65;76;129m[48;2;66;73;125m▄[38;2;49;58;113m[48;2;55;72;133m▝[38;2;46;73;139m[48;2;45;63;119m▆[38;2;35;77;147m[48;2;41;68;130m▅[38;2;35;80;152m[48;2;35;82;158m▎[38;2;0;0;0m[48;2;34;79;158m [38;2;1;15;78m[48;2;38;80;161m▂[38;2;1;11;77m[48;2;52;90;169m▄[38;2;0;11;76m[48;2;74;95;174m▅[38;2;1;13;77m[48;2;75;99;174m▆[38;2;2;11;73m[48;2;123;143;203m▇[38;2;6;15;74m[48;2;168;160;218m▇[38;2;6;12;74m[48;2;157;139;195m▅[38;2;27;23;78m[48;2;183;151;206m▃[38;2;0;0;0m[48;2;195;151;202m [38;2;215;181;217m[48;2;234;213;239m▎[38;2;224;209;231m[48;2;191;136;175m▖[38;2;168;125;152m[48;2;222;136;189m▇[38;2;168;132;150m[48;2;207;139;172m▇[38;2;167;132;149m[48;2;207;150;166m▆[38;2;174;134;148m[48;2;224;173;178m▅[38;2;188;145;145m[48;2;235;193;177m▃[38;2;216;174;160m[48;2;238;209;183m▂[38;2;227;197;187m[48;2;230;206;196m▂[38;2;219;192;195m[48;2;210;183;189m▌[38;2;205;171;179m[48;2;197;153;164m▎[38;2;199;164;176m[48;2;193;135;145m▄[38;2;173;109;126m[48;2;189;123;133m▅[38;2;176;113;129m[48;2;191;128;136m▄[38;2;193;133;143m[48;2;178;104;117m━[38;2;176;92;106m[48;2;184;103;113m▆[38;2;178;94;109m[48;2;184;96;111m▃[38;2;187;103;119m[48;2;192;109;127m▌[38;2;197;117;136m[48;2;200;125;146m▌[38;2;205;134;155m[48;2;209;144;169m▌[38;2;213;153;179m[48;2;217;162;189m▌[38;2;220;174;198m[48;2;224;184;208m▌[38;2;228;194;217m[48;2;232;203;224m▌[38;2;234;209;229m[48;2;236;218;233m▎[38;2;238;224;238m[48;2;241;230;240m▎[38;2;243;235;243m[48;2;243;240;245m▘[38;2;245;245;247m[48;2;244;243;247m▅[0m
[38;2;244;241;239m[48;2;248;248;248m▃[38;2;243;239;237m[48;2;248;248;248m▃[38;2;0;0;0m[48;2;5;55;25m█[38;2;242;236;233m[48;2;248;247;247m▃[38;2;0;0;0m[48;2;234;206;210m▀[38;2;243;237;234m[48;2;248;248;248m▃[38;2;0;0;0m[48;2;5;55;25m█[38;2;242;237;234m[48;2;243;246;241m▃[38;2;0;0;0m[48;2;5;55;25m█[38;2;0;0;0m[48;2;5;55;25m█[38;2;0;0;0m[48;2;5;55;25m█[38;2;0;0;0m[48;2;240;223;239m [38;2;243;178;177m[48;2;242;216;229m▝[38;2;243;189;202m[48;2;242;164;142m▂[38;2;242;161;124m[48;2;245;236;224m▅[38;2;243;164;112m[48;2;246;241;235m▂[38;2;0;0;0m[48;2;241;240;240m [38;2;215;226;244m[48;2;233;240;248m▄[38;2;200;221;246m[48;2;218;233;248m▆[38;2;184;214;243m[48;2;197;223;248m▃[38;2;179;212;244m[48;2;189;219;247m▂[38;2;0;0;0m[48;2;205;227;240m [38;2;245;203;124m[48;2;222;232;220m▃[38;2;244;218;157m[48;2;243;169;78m▘[38;2;246;159;54m[48;2;246;172;91m▄[38;2;247;176;122m[48;2;247;143;35m▄[38;2;250;147;87m[48;2;243;124;29m▎[38;2;229;179;92m[48;2;63;50;31m▎[38;2;122;83;43m[48;2;26;21;18m▗[38;2;167;117;60m[48;2;182;70;8m▘[38;2;246;82;18m[48;2;234;43;4m▅[38;2;235;55;16m[48;2;238;76;42m▚[38;2;188;27;13m[48;2;221;46;11m▗[38;2;194;27;19m[48;2;172;26;12m▃[38;2;164;25;23m[48;2;115;15;22m▌[38;2;104;20;37m[48;2;112;34;55m▊[38;2;84;17;32m[48;2;93;33;59m▄[38;2;0;0;0m[48;2;138;87;108m [38;2;0;0;0m[48;2;237;229;229m [38;2;0;0;0m[48;2;243;244;243m [38;2;0;0;0m[48;2;244;244;243m [38;2;244;241;239m[48;2;248;249;248m▂[38;2;244;242;239m[48;2;248;248;248m▂[38;2;244;243;239m[48;2;248;249;248m▂[38;2;244;243;240m[48;2;248;250;248m▃[38;2;244;241;239m[48;2;248;249;247m▂[38;2;243;242;238m[48;2;248;249;248m▂[38;2;245;244;236m[48;2;247;248;246m▂[38;2;246;246;228m[48;2;248;249;243m▂[38;2;246;244;215m[48;2;246;249;232m▂[38;2;245;236;201m[48;2;246;247;223m▂[38;2;0;0;0m[48;2;238;226;198m [38;2;206;184;168m[48;2;241;234;218m▖[38;2;0;0;0m[48;2;246;241;243m [38;2;232;213;221m[48;2;231;202;216m▎[38;2;213;176;208m[48;2;233;207;223m▁[38;2;0;0;0m[48;2;208;179;207m [38;2;0;0;0m[48;2;204;172;205m [38;2;188;148;195m[48;2;200;166;202m▃[38;2;0;0;0m[48;2;174;148;196m [38;2;104;109;176m[48;2;161;139;195m▃[38;2;96;103;170m[48;2;131;119;172m▆[38;2;83;100;164m[48;2;69;97;160m▌[38;2;0;0;0m[48;2;43;84;151m [38;2;1;21;83m[48;2;36;81;155m▂[38;2;7;26;91m[48;2;33;80;153m▄[38;2;12;33;91m[48;2;35;78;147m▆[38;2;20;40;97m[48;2;5;23;81m▄[38;2;11;28;88m[48;2;6;23;81m▄[38;2;16;39;95m[48;2;0;18;75m▁[38;2;0;20;84m[48;2;0;18;74m▁[38;2;0;18;78m[48;2;1;15;74m▅[38;2;0;13;66m[48;2;0;16;75m▗[38;2;1;11;63m[48;2;0;16;78m▄[38;2;4;25;82m[48;2;0;19;75m▗[38;2;12;31;87m[48;2;20;35;89m▌[38;2;0;0;0m[48;2;31;32;84m [38;2;49;46;83m[48;2;204;185;212m▆[38;2;0;0;0m[48;2;192;182;204m [38;2;221;204;226m[48;2;157;123;148m▖[38;2;145;103;127m[48;2;162;126;150m▂[38;2;156;112;132m[48;2;165;129;151m▁[38;2;156;114;136m[48;2;160;125;148m▂[38;2;157;116;136m[48;2;170;127;137m▇[38;2;161;108;124m[48;2;194;142;141m▅[38;2;180;123;132m[48;2;211;169;166m▃[38;2;201;159;165m[48;2;211;176;183m▃[38;2;196;158;175m[48;2;181;136;157m▎[38;2;174;126;149m[48;2;164;109;134m▎[38;2;189;144;164m[48;2;157;98;122m▎[38;2;154;89;115m[48;2;160;90;113m▄[38;2;158;92;112m[48;2;162;90;110m▂[38;2;165;94;111m[48;2;170;96;111m▌[38;2;175;103;116m[48;2;178;98;113m▄[38;2;186;106;121m[48;2;188;113;126m▘[38;2;195;120;135m[48;2;200;128;144m▌[38;2;207;137;155m[48;2;210;145;163m▊[38;2;212;151;171m[48;2;215;158;180m▌[38;2;223;181;200m[48;2;218;168;189m▝[38;2;220;182;202m[48;2;227;194;212m▃[38;2;226;200;216m[48;2;233;212;225m▃[38;2;232;218;228m[48;2;239;227;236m▃[38;2;237;229;236m[48;2;241;238;242m▖[38;2;241;241;244m[48;2;244;245;247m▖[0m
[38;2;233;205;209m[48;2;241;229;228m▅[38;2;233;206;209m[48;2;239;228;227m▅[38;2;0;0;0m[48;2;5;55;25m█[38;2;234;206;210m[48;2;237;224;223m▄[38;2;234;208;212m[48;2;239;224;224m▄[38;2;236;209;213m[48;2;240;225;224m▄[38;2;0;0;0m[48;2;5;55;25m█[38;2;236;211;215m[48;2;241;226;227m▄[38;2;0;0;0m[48;2;5;55;25m█[38;2;236;210;216m[48;2;237;224;227m▃[38;2;235;217;226m[48;2;234;227;232m▆[38;2;234;215;232m[48;2;238;226;238m▄[38;2;241;222;242m[48;2;241;216;240m▄[38;2;0;0;0m[48;2;241;210;237m [38;2;238;192;225m[48;2;235;157;160m▅[38;2;237;173;197m[48;2;237;143;112m▃[38;2;0;0;0m[48;2;236;145;103m [38;2;238;138;86m[48;2;207;204;215m▅[38;2;243;145;91m[48;2;199;206;225m▃[38;2;236;161;108m[48;2;188;202;224m▁[38;2;241;217;163m[48;2;183;204;227m▗[38;2;244;201;111m[48;2;233;211;160m▆[38;2;244;178;85m[48;2;244;180;93m▄[38;2;248;139;34m[48;2;247;171;76m▅[38;2;0;0;0m[48;2;247;138;33m [38;2;247;107;18m[48;2;248;174;129m▃[38;2;247;123;73m[48;2;243;113;36m▌[38;2;237;101;27m[48;2;199;156;98m▆[38;2;240;109;4m[48;2;166;62;16m▅[38;2;249;108;16m[48;2;240;135;21m▗[38;2;246;93;17m[48;2;239;74;14m▎[38;2;241;70;27m[48;2;225;55;13m▃[38;2;233;47;11m[48;2;214;39;11m▆[38;2;202;31;9m[48;2;145;18;14m▊[38;2;136;22;18m[48;2;94;5;15m▂[38;2;81;14;34m[48;2;90;12;29m▄[38;2;117;42;61m[48;2;91;21;45m▂[38;2;126;49;75m[48;2;170;60;73m▌[38;2;239;154;117m[48;2;232;196;194m▄[38;2;237;221;216m[48;2;240;229;227m▁[38;2;238;220;220m[48;2;238;230;228m▄[38;2;238;219;220m[48;2;243;231;230m▄[38;2;238;219;220m[48;2;243;232;230m▄[38;2;239;219;220m[48;2;242;232;230m▄[38;2;239;220;219m[48;2;241;232;229m▄[38;2;240;227;219m[48;2;241;233;229m▄[38;2;241;234;216m[48;2;243;236;226m▄[38;2;243;237;212m[48;2;245;240;224m▅[38;2;0;0;0m[48;2;243;237;209m [38;2;161;131;122m[48;2;237;227;194m▂[38;2;220;206;205m[48;2;219;202;176m▄[38;2;233;213;222m[48;2;184;158;150m▆[38;2;239;209;225m[48;2;240;221;230m▅[38;2;240;217;230m[48;2;231;200;219m▘[38;2;225;189;214m[48;2;217;177;209m▊[38;2;211;174;211m[48;2;207;168;202m▄[38;2;202;170;211m[48;2;196;164;205m▖[38;2;178;149;196m[48;2;193;155;199m▁[38;2;177;141;191m[48;2;151;132;188m▌[38;2;130;124;181m[48;2;113;118;178m▎[38;2;34;49;101m[48;2;86;105;167m▁[38;2;7;29;79m[48;2;75;95;160m▄[38;2;1;22;74m[48;2;47;69;136m▆[38;2;0;0;0m[48;2;1;20;78m [38;2;0;0;0m[48;2;8;25;81m [38;2;175;160;210m[48;2;22;38;92m▂[38;2;201;183;230m[48;2;28;39;97m▄[38;2;209;191;238m[48;2;19;22;84m▅[38;2;212;193;241m[48;2;32;32;84m▅[38;2;222;191;240m[48;2;39;49;97m▄[38;2;213;180;229m[48;2;27;39;92m▃[38;2;217;182;233m[48;2;32;41;94m▁[38;2;0;0;0m[48;2;20;32;86m [38;2;15;28;74m[48;2;2;19;77m▄[38;2;7;25;82m[48;2;4;17;68m━[38;2;13;30;86m[48;2;4;19;77m▄[38;2;12;31;87m[48;2;19;39;96m▄[38;2;20;21;71m[48;2;18;34;90m▝[38;2;0;0;0m[48;2;28;26;67m [38;2;31;24;58m[48;2;194;175;197m▖[38;2;199;172;194m[48;2;155;106;129m▌[38;2;177;100;115m[48;2;145;85;108m▁[38;2;148;72;93m[48;2;153;97;120m▃[38;2;143;74;98m[48;2;151;92;116m▃[38;2;138;69;97m[48;2;140;84;106m▃[38;2;129;68;88m[48;2;149;88;102m▆[38;2;130;73;83m[48;2;190;159;162m▆[38;2;134;81;91m[48;2;196;170;177m▅[38;2;140;86;107m[48;2;176;141;157m▆[38;2;135;77;101m[48;2;145;87;112m▆[38;2;129;71;95m[48;2;143;80;105m▄[38;2;137;75;98m[48;2;150;87;108m▅[38;2;145;84;101m[48;2;157;92;108m▄[38;2;158;95;109m[48;2;169;103;114m▅[38;2;173;103;120m[48;2;182;111;124m▄[38;2;182;112;130m[48;2;192;121;137m▄[38;2;189;119;143m[48;2;200;130;150m▄[38;2;192;128;156m[48;2;203;141;164m▄[38;2;196;140;170m[48;2;207;154;177m▅[38;2;198;154;184m[48;2;209;168;193m▄[38;2;206;173;198m[48;2;216;187;207m▄[38;2;213;192;213m[48;2;223;205;221m▄[38;2;223;212;227m[48;2;230;221;232m▃[38;2;233;227;236m[48;2;237;235;240m▖[0m
[38;2;230;182;198m[48;2;216;166;178m▅[38;2;230;184;199m[48;2;221;176;186m▅[38;2;0;0;0m[48;2;5;55;25m█[38;2;230;187;203m[48;2;231;191;202m▅[38;2;231;188;204m[48;2;232;196;205m▆[38;2;231;188;204m[48;2;230;195;206m▅[38;2;0;0;0m[48;2;5;55;25m█[38;2;231;189;205m[48;2;233;197;207m▆[38;2;0;0;0m[48;2;5;55;25m█[38;2;0;0;0m[48;2;5;55;25m█[38;2;0;0;0m[48;2;5;55;25m█[38;2;0;0;0m[48;2;5;55;25m█[38;2;227;194;202m[48;2;234;207;226m▃[38;2;0;0;0m[48;2;239;211;234m [38;2;242;204;236m[48;2;240;190;216m▊[38;2;220;166;208m[48;2;239;180;205m▝[38;2;236;173;206m[48;2;213;138;176m▄[38;2;221;143;187m[48;2;225;117;115m▆[38;2;220;135;167m[48;2;229;120;89m▄[38;2;237;150;122m[48;2;238;131;51m▖[38;2;243;129;10m[48;2;244;184;103m▆[38;2;0;0;0m[48;2;245;147;30m [38;2;249;178;113m[48;2;244;148;47m┃[38;2;247;130;39m[48;2;250;161;98m▊[38;2;249;148;46m[48;2;248;134;9m▎[38;2;0;0;0m[48;2;248;133;10m [38;2;247;146;8m[48;2;245;119;15m▄[38;2;250;144;8m[48;2;249;113;4m▂[38;2;248;123;6m[48;2;250;123;4m▄[38;2;249;113;6m[48;2;247;94;12m▌[38;2;232;112;26m[48;2;246;67;8m▄[38;2;183;89;12m[48;2;228;80;17m▂[38;2;142;75;38m[48;2;206;83;34m▃[38;2;90;53;56m[48;2;175;61;26m▃[38;2;66;46;64m[48;2;148;50;47m▁[38;2;133;22;43m[48;2;101;18;35m▖[38;2;0;0;0m[48;2;114;29;49m [38;2;152;46;55m[48;2;174;106;121m▄[38;2;201;118;93m[48;2;217;188;164m▊[38;2;0;0;0m[48;2;231;206;208m [38;2;233;202;207m[48;2;238;210;214m▆[38;2;234;202;207m[48;2;237;210;213m▆[38;2;232;201;206m[48;2;237;207;211m▄[38;2;0;0;0m[48;2;232;209;211m [38;2;0;0;0m[48;2;232;213;214m [38;2;0;0;0m[48;2;234;220;215m [38;2;0;0;0m[48;2;227;213;204m [38;2;122;94;99m[48;2;221;209;196m▃[38;2;104;76;81m[48;2;195;175;166m▆[38;2;243;240;242m[48;2;133;109;113m▗[38;2;244;240;241m[48;2;236;226;232m▌[38;2;242;237;242m[48;2;238;219;230m▃[38;2;248;236;244m[48;2;242;217;231m▇[38;2;243;227;237m[48;2;237;214;228m▇[38;2;234;214;229m[48;2;222;195;220m▌[38;2;213;183;214m[48;2;206;175;213m▌[38;2;180;155;200m[48;2;194;159;206m▆[38;2;174;160;204m[48;2;172;146;194m▃[38;2;33;44;94m[48;2;153;140;188m▗[38;2;15;31;83m[48;2;105;110;162m▆[38;2;0;0;0m[48;2;3;25;77m [38;2;0;0;0m[48;2;3;23;79m [38;2;184;172;210m[48;2;22;35;90m▁[38;2;205;190;230m[48;2;32;39;95m▄[38;2;208;185;232m[48;2;80;68;130m▇[38;2;217;189;239m[48;2;214;191;237m▄[38;2;224;188;241m[48;2;216;186;238m▗[38;2;226;187;242m[48;2;221;186;240m▄[38;2;226;187;240m[48;2;225;187;242m▂[38;2;226;189;240m[48;2;227;188;240m▄[38;2;222;187;238m[48;2;229;188;241m▁[38;2;224;186;239m[48;2;229;189;241m▁[38;2;0;0;0m[48;2;220;182;235m [38;2;222;183;239m[48;2;116;102;147m▆[38;2;199;165;221m[48;2;26;29;74m▇[38;2;214;175;230m[48;2;40;43;88m▅[38;2;202;166;219m[48;2;13;22;71m▄[38;2;190;164;208m[48;2;28;36;83m▁[38;2;5;13;56m[48;2;17;36;89m▃[38;2;23;38;87m[48;2;10;16;57m▄[38;2;64;60;98m[48;2;168;153;176m▄[38;2;211;192;212m[48;2;177;129;140m▖[38;2;171;116;123m[48;2;168;86;101m▇[38;2;176;118;123m[48;2;156;74;91m▅[38;2;173;110;116m[48;2;142;63;83m▃[38;2;149;82;96m[48;2;128;50;77m▁[38;2;115;40;71m[48;2;105;36;64m▌[38;2;98;31;58m[48;2;101;55;66m▅[38;2;86;36;54m[48;2;101;61;72m▄[38;2;79;46;64m[48;2;115;68;90m▅[38;2;77;45;69m[48;2;117;65;92m▄[38;2;87;48;73m[48;2;117;63;92m▃[38;2;102;51;82m[48;2;128;70;95m▄[38;2;114;56;86m[48;2;142;80;103m▄[38;2;128;62;95m[48;2;156;89;113m▄[38;2;140;68;105m[48;2;165;93;122m▃[38;2;154;81;119m[48;2;176;104;136m▄[38;2;165;95;135m[48;2;180;113;148m▄[38;2;174;111;153m[48;2;184;124;161m▃[38;2;186;134;171m[48;2;190;145;180m▌[38;2;196;156;188m[48;2;200;167;196m▌[38;2;205;177;202m[48;2;210;190;210m▌[38;2;216;203;219m[48;2;223;213;227m▌[38;2;230;224;232m[48;2;233;232;237m▌[0m
[38;2;226;173;193m[48;2;230;178;197m▃[38;2;228;177;196m[48;2;230;181;199m▃[38;2;230;179;198m[48;2;231;182;201m▂[38;2;231;182;199m[48;2;232;184;202m▆[38;2;231;182;198m[48;2;232;184;201m▄[38;2;230;183;201m[48;2;231;184;203m━[38;2;231;182;203m[48;2;232;185;203m▅[38;2;232;181;202m[48;2;231;185;203m▆[38;2;231;179;201m[48;2;231;182;202m▅[38;2;229;176;198m[48;2;229;181;201m▆[38;2;226;172;195m[48;2;229;177;199m▆[38;2;226;174;195m[48;2;225;169;193m▘[38;2;0;0;0m[48;2;221;167;193m [38;2;197;160;199m[48;2;218;176;199m▃[38;2;179;154;205m[48;2;232;204;230m▅[38;2;179;159;208m[48;2;234;201;230m▂[38;2;240;206;239m[48;2;241;175;198m▅[38;2;241;201;238m[48;2;241;173;202m▄[38;2;241;198;230m[48;2;246;173;198m▃[38;2;248;176;139m[48;2;248;167;52m▌[38;2;247;187;96m[48;2;248;161;35m▁[38;2;248;165;11m[48;2;247;203;67m▝[38;2;249;155;6m[48;2;249;134;2m▎[38;2;248;138;13m[48;2;248;126;6m▄[38;2;248;152;15m[48;2;248;167;24m▌[38;2;248;158;9m[48;2;248;148;5m▄[38;2;247;142;14m[48;2;249;152;2m▄[38;2;249;127;5m[48;2;250;139;6m▆[38;2;248;114;3m[48;2;248;136;12m▅[38;2;235;122;22m[48;2;244;101;11m▆[38;2;224;116;28m[48;2;216;112;21m▄[38;2;155;67;12m[48;2;186;92;23m▁[38;2;151;60;23m[48;2;143;66;43m▄[38;2;117;51;45m[48;2;90;43;54m▌[38;2;90;34;40m[48;2;64;34;51m▄[38;2;140;34;48m[48;2;118;30;57m▃[38;2;95;20;43m[48;2;126;21;41m▃[38;2;181;150;150m[48;2;143;76;74m▂[38;2;0;0;0m[48;2;230;195;206m [38;2;233;193;209m[48;2;232;197;210m▄[38;2;232;194;209m[48;2;233;197;210m▃[38;2;0;0;0m[48;2;232;196;209m [38;2;210;181;192m[48;2;229;195;208m▁[38;2;0;0;0m[48;2;214;192;197m [38;2;102;73;81m[48;2;211;194;195m▂[38;2;89;59;68m[48;2;200;185;185m▅[38;2;0;0;0m[48;2;88;60;68m [38;2;139;91;74m[48;2;86;55;59m▂[38;2;197;170;170m[48;2;137;92;80m▗[38;2;159;158;172m[48;2;222;215;221m▃[38;2;0;0;0m[48;2;223;224;229m [38;2;0;0;0m[48;2;245;243;247m [38;2;0;0;0m[48;2;245;235;243m [38;2;242;227;237m[48;2;238;218;228m▊[38;2;227;203;225m[48;2;235;214;228m▝[38;2;217;197;222m[48;2;213;190;217m▄[38;2;86;79;120m[48;2;179;166;202m▁[38;2;30;40;91m[48;2;133;125;167m▅[38;2;13;23;73m[48;2;4;28;81m▘[38;2;0;0;0m[48;2;25;40;88m [38;2;219;200;232m[48;2;46;49;92m▃[38;2;223;200;236m[48;2;97;90;143m▆[38;2;221;194;238m[48;2;222;204;243m▆[38;2;201;181;234m[48;2;216;190;239m▂[38;2;201;178;235m[48;2;216;186;241m▄[38;2;201;178;234m[48;2;213;184;240m▄[38;2;194;173;229m[48;2;205;179;236m▂[38;2;192;168;228m[48;2;211;179;237m▄[38;2;187;165;226m[48;2;213;180;236m▄[38;2;186;160;225m[48;2;210;180;235m▄[38;2;185;159;226m[48;2;211;181;235m▄[38;2;184;157;226m[48;2;210;179;235m▃[38;2;192;162;229m[48;2;211;174;235m▃[38;2;202;167;234m[48;2;218;175;237m▄[38;2;207;172;235m[48;2;221;183;242m▅[38;2;213;177;238m[48;2;224;181;242m▅[38;2;220;173;236m[48;2;220;166;233m▌[38;2;219;158;229m[48;2;222;180;234m▇[38;2;204;146;216m[48;2;78;66;110m▆[38;2;167;117;184m[48;2;29;25;70m▖[38;2;24;21;67m[48;2;36;46;96m▆[38;2;48;42;81m[48;2;154;137;165m▄[38;2;0;0;0m[48;2;157;115;133m [38;2;155;110;128m[48;2;165;117;128m▆[38;2;158;111;122m[48;2;169;119;124m▆[38;2;0;0;0m[48;2;158;108;115m [38;2;147;97;105m[48;2;126;62;78m▅[38;2;126;72;86m[48;2;101;36;62m▖[38;2;92;25;56m[48;2;83;18;52m▎[38;2;73;18;55m[48;2;63;22;57m▌[38;2;49;18;60m[48;2;58;33;63m▄[38;2;49;25;59m[48;2;65;38;65m▄[38;2;59;33;62m[48;2;82;44;75m▄[38;2;73;36;70m[48;2;93;44;81m▂[38;2;94;37;85m[48;2;110;47;89m▃[38;2;113;42;96m[48;2;126;53;98m▄[38;2;128;51;107m[48;2;139;64;111m▃[38;2;148;72;122m[48;2;154;82;131m▌[38;2;166;102;153m[48;2;168;104;146m▄[38;2;178;120;160m[48;2;185;134;171m▌[38;2;192;147;180m[48;2;198;161;189m▌[38;2;204;174;197m[48;2;210;187;207m▌[38;2;216;200;215m[48;2;222;210;222m▌[38;2;227;213;227m[48;2;231;225;232m▃[0m
[38;2;223;162;187m[48;2;227;168;190m▅[38;2;223;165;188m[48;2;228;171;193m▄[38;2;226;168;191m[48;2;228;175;195m▅[38;2;226;170;194m[48;2;229;177;197m▄[38;2;226;172;194m[48;2;230;177;199m▃[38;2;228;173;196m[48;2;231;178;201m▄[38;2;228;173;196m[48;2;232;178;201m▄[38;2;228;174;197m[48;2;231;177;200m▅[38;2;227;173;196m[48;2;231;177;200m▆[38;2;216;170;198m[48;2;225;172;196m▁[38;2;211;169;200m[48;2;223;170;195m▃[38;2;203;165;199m[48;2;220;167;193m▅[38;2;189;164;199m[48;2;189;156;199m▄[38;2;179;163;199m[48;2;165;148;202m▂[38;2;167;159;201m[48;2;156;142;201m▂[38;2;0;0;0m[48;2;155;143;202m [38;2;155;144;202m[48;2;225;208;238m▇[38;2;158;151;201m[48;2;225;200;235m▅[38;2;247;213;129m[48;2;232;216;215m▗[38;2;245;212;144m[48;2;245;186;60m▘[38;2;245;198;67m[48;2;245;180;39m▂[38;2;245;175;25m[48;2;246;189;62m▆[38;2;246;174;42m[48;2;247;178;57m▄[38;2;248;155;54m[48;2;249;145;31m▎[38;2;251;144;37m[48;2;248;144;12m▁[38;2;0;0;0m[48;2;240;142;16m [38;2;220;144;61m[48;2;225;128;18m━[38;2;164;89;23m[48;2;236;121;20m▃[38;2;141;71;34m[48;2;235;109;9m▄[38;2;130;64;46m[48;2;220;112;27m▅[38;2;144;60;32m[48;2;202;98;21m▇[38;2;0;0;0m[48;2;128;51;19m [38;2;89;45;46m[48;2;119;49;24m▄[38;2;86;27;30m[48;2;130;42;36m▃[38;2;125;35;32m[48;2;98;24;26m▝[38;2;91;23;29m[48;2;90;27;41m▄[38;2;110;71;93m[48;2;73;28;37m▝[38;2;60;33;36m[48;2;195;160;175m▅[38;2;66;35;34m[48;2;204;162;179m▄[38;2;86;44;40m[48;2;226;185;201m▄[38;2;85;46;50m[48;2;224;185;201m▄[38;2;74;33;37m[48;2;204;172;185m▄[38;2;77;35;37m[48;2;178;151;161m▅[38;2;86;46;45m[48;2;139;111;119m▇[38;2;111;83;85m[48;2;100;58;45m▝[38;2;124;77;58m[48;2;142;122;121m▄[38;2;164;107;91m[48;2;126;97;93m▆[38;2;0;0;0m[48;2;185;113;102m [38;2;112;112;135m[48;2;191;173;178m▗[38;2;74;82;118m[48;2;118;123;143m▅[38;2;123;123;149m[48;2;233;237;240m▆[38;2;134;131;155m[48;2;199;198;209m▅[38;2;142;137;160m[48;2;184;175;195m▄[38;2;208;196;212m[48;2;228;212;224m▎[38;2;86;84;105m[48;2;201;186;204m▁[38;2;26;32;60m[48;2;188;170;199m▅[38;2;0;0;0m[48;2;15;24;58m [38;2;39;44;90m[48;2;11;30;80m▁[38;2;213;201;218m[48;2;67;70;116m▃[38;2;0;0;0m[48;2;223;204;230m [38;2;225;197;231m[48;2;229;204;233m▅[38;2;205;183;231m[48;2;223;195;235m▃[38;2;198;179;231m[48;2;212;188;236m▆[38;2;171;155;206m[48;2;196;177;231m▗[38;2;0;0;0m[48;2;187;169;225m [38;2;171;158;220m[48;2;189;170;227m▅[38;2;155;148;214m[48;2;176;161;222m▃[38;2;145;143;212m[48;2;175;158;221m▄[38;2;137;136;206m[48;2;168;154;218m▃[38;2;137;135;209m[48;2;164;148;218m▃[38;2;131;127;204m[48;2;166;144;217m▄[38;2;132;123;202m[48;2;164;139;213m▃[38;2;147;127;206m[48;2;170;140;215m▄[38;2;153;128;207m[48;2;181;148;222m▄[38;2;166;136;211m[48;2;193;156;227m▄[38;2;173;135;214m[48;2;196;160;228m▂[38;2;192;134;218m[48;2;208;161;230m▄[38;2;210;138;225m[48;2;216;158;233m▅[38;2;217;148;226m[48;2;218;144;228m▘[38;2;0;0;0m[48;2;216;142;225m [38;2;209;150;220m[48;2;79;59;109m▄[38;2;0;0;0m[48;2;43;33;78m [38;2;148;106;126m[48;2;45;36;66m▝[38;2;0;0;0m[48;2;161;107;126m [38;2;158;105;114m[48;2;156;108;122m▄[38;2;157;108;117m[48;2;157;108;113m▘[38;2;154;106;113m[48;2;151;105;114m▎[38;2;147;104;114m[48;2;135;84;97m▆[38;2;130;82;101m[48;2;106;48;71m▄[38;2;103;44;77m[48;2;77;21;57m▂[38;2;72;19;70m[48;2;58;15;65m▂[38;2;62;19;81m[48;2;48;17;66m▄[38;2;66;23;83m[48;2;55;24;67m▂[38;2;64;31;69m[48;2;70;36;72m▊[38;2;96;42;89m[48;2;80;40;78m▝[38;2;99;51;93m[48;2;111;47;102m▖[38;2;0;0;0m[48;2;129;59;120m [38;2;138;70;135m[48;2;158;98;165m▚[38;2;157;85;147m[48;2;163;93;151m▌[38;2;180;124;168m[48;2;173;108;162m▝[38;2;184;125;174m[48;2;190;141;181m▖[38;2;197;151;190m[48;2;203;167;196m▃[38;2;207;168;201m[48;2;214;188;210m▃[38;2;214;177;210m[48;2;221;199;219m▃[0m
[38;2;215;151;178m[48;2;220;158;183m▂[38;2;217;154;181m[48;2;221;160;185m▂[38;2;218;155;181m[48;2;221;161;186m▂[38;2;220;158;183m[48;2;223;163;188m▄[38;2;220;160;185m[48;2;224;167;190m▅[38;2;221;162;187m[48;2;224;169;192m▅[38;2;217;164;188m[48;2;224;167;190m▁[38;2;215;170;195m[48;2;224;170;194m▄[38;2;215;173;198m[48;2;220;171;196m▆[38;2;218;178;195m[48;2;217;174;199m▃[38;2;201;179;197m[48;2;215;178;197m▗[38;2;181;169;198m[48;2;201;176;198m▂[38;2;167;164;202m[48;2;190;169;200m▃[38;2;161;161;201m[48;2;183;167;202m▅[38;2;154;157;198m[48;2;166;161;199m▆[38;2;158;157;183m[48;2;155;155;199m▁[38;2;0;0;0m[48;2;177;163;173m [38;2;233;175;77m[48;2;198;181;159m▄[38;2;245;152;38m[48;2;246;210;112m▇[38;2;247;135;60m[48;2;246;146;18m▁[38;2;248;128;9m[48;2;247;169;28m▅[38;2;248;129;9m[48;2;247;158;28m▅[38;2;248;129;12m[48;2;248;142;11m▄[38;2;248;122;21m[48;2;248;141;38m▇[38;2;243;112;39m[48;2;249;124;14m▂[38;2;220;94;9m[48;2;239;124;9m▂[38;2;183;99;18m[48;2;226;118;16m▗[38;2;127;78;39m[48;2;203;108;34m▃[38;2;142;77;36m[48;2;198;91;32m▄[38;2;144;59;46m[48;2;214;73;18m▂[38;2;146;57;38m[48;2;157;48;34m▄[38;2;80;23;17m[48;2;105;50;44m▄[38;2;0;0;0m[48;2;57;22;29m [38;2;0;0;0m[48;2;75;22;28m [38;2;99;30;49m[48;2;71;18;34m━[38;2;49;9;21m[48;2;73;16;34m▆[38;2;45;5;19m[48;2;48;8;17m▘[38;2;34;9;18m[48;2;54;7;11m▂[38;2;24;5;15m[48;2;63;14;5m▄[38;2;22;5;13m[48;2;76;22;6m▅[38;2;15;5;13m[48;2;69;22;10m▄[38;2;22;7;12m[48;2;88;32;14m▅[38;2;21;9;17m[48;2;82;34;14m▅[38;2;57;28;31m[48;2;93;49;27m▇[38;2;167;81;80m[48;2;114;86;79m▃[38;2;197;85;76m[48;2;141;80;66m▅[38;2;0;0;0m[48;2;179;95;86m [38;2;204;132;130m[48;2;240;230;237m▘[38;2;149;148;162m[48;2;70;73;108m▌[38;2;0;0;0m[48;2;56;65;107m [38;2;61;61;100m[48;2;101;101;134m▆[38;2;0;0;0m[48;2;76;74;110m [38;2;95;92;123m[48;2;156;151;171m▊[38;2;17;20;37m[48;2;162;156;174m▗[38;2;0;0;0m[48;2;19;22;41m [38;2;3;9;25m[48;2;5;11;28m▄[38;2;9;20;49m[48;2;38;51;97m▌[38;2;43;50;98m[48;2;203;196;214m▘[38;2;244;233;244m[48;2;234;214;235m▎[38;2;213;189;231m[48;2;224;198;230m▗[38;2;217;193;232m[48;2;195;178;229m▘[38;2;186;173;226m[48;2;195;177;230m▆[38;2;180;168;226m[48;2;191;176;226m▄[38;2;162;155;218m[48;2;177;165;222m▂[38;2;139;140;209m[48;2;159;154;218m▁[38;2;115;122;198m[48;2;148;144;213m▃[38;2;104;113;194m[48;2;132;134;206m▅[38;2;86;97;185m[48;2;117;121;200m▃[38;2;85;93;183m[48;2;112;117;197m▄[38;2;70;80;162m[48;2;102;108;186m▄[38;2;58;70;142m[48;2;97;104;190m▁[38;2;84;96;183m[48;2;106;111;194m▂[38;2;97;103;187m[48;2;123;116;197m▄[38;2;100;105;192m[48;2;132;117;199m▃[38;2;112;106;190m[48;2;140;118;200m▂[38;2;144;114;199m[48;2;162;123;206m▄[38;2;164;109;202m[48;2;177;116;212m▃[38;2;176;103;202m[48;2;200;123;219m▖[38;2;212;136;223m[48;2;224;156;236m▎[38;2;226;160;238m[48;2;224;151;235m▆[38;2;227;159;237m[48;2;228;171;239m▊[38;2;114;86;137m[48;2;230;181;237m▝[38;2;125;92;143m[48;2;23;20;56m▖[38;2;47;32;62m[48;2;153;86;103m▌[38;2;169;95;106m[48;2;161;97;103m▌[38;2;156;98;104m[48;2;157;104;109m▃[38;2;157;108;116m[48;2;155;109;118m▌[38;2;153;109;122m[48;2;153;111;128m▊[38;2;141;99;120m[48;2;152;113;135m▝[38;2;129;88;115m[48;2;118;65;94m▄[38;2;103;53;91m[48;2;85;28;76m▖[38;2;82;29;100m[48;2;77;24;88m▗[38;2;85;28;102m[48;2;78;25;92m▅[38;2;88;31;102m[48;2;74;28;85m▅[38;2;81;35;96m[48;2;77;36;83m▃[38;2;76;47;94m[48;2;104;62;91m▊[38;2;116;65;113m[48;2;151;89;144m▚[38;2;0;0;0m[48;2;131;71;134m [38;2;143;75;141m[48;2;155;79;148m▖[38;2;171;100;163m[48;2;162;86;156m▝[38;2;171;98;165m[48;2;180;115;173m▄[38;2;180;110;174m[48;2;190;132;184m▃[38;2;192;124;184m[48;2;200;149;193m▄[38;2;199;129;190m[48;2;207;154;201m▄[0m
[38;2;206;137;173m[48;2;210;144;177m▃[38;2;209;142;177m[48;2;212;147;179m▖[38;2;211;146;177m[48;2;215;151;179m▆[38;2;213;149;176m[48;2;216;153;179m▄[38;2;215;153;178m[48;2;217;156;180m▂[38;2;215;163;185m[48;2;218;158;183m▗[38;2;215;166;188m[48;2;214;169;193m▌[38;2;218;172;190m[48;2;214;171;195m▃[38;2;210;177;190m[48;2;218;176;190m▁[38;2;193;173;196m[48;2;208;179;193m▂[38;2;197;178;198m[48;2;184;166;197m▘[38;2;193;163;185m[48;2;174;162;196m▃[38;2;187;170;187m[48;2;166;163;196m▄[38;2;0;0;0m[48;2;168;170;192m [38;2;0;0;0m[48;2;191;180;175m [38;2;0;0;0m[48;2;202;180;169m [38;2;235;153;126m[48;2;203;169;167m▃[38;2;229;154;116m[48;2;210;136;107m▄[38;2;216;155;126m[48;2;243;128;59m▘[38;2;238;94;12m[48;2;243;123;50m▅[38;2;192;57;6m[48;2;237;95;9m▁[38;2;187;54;4m[48;2;227;100;19m▂[38;2;144;61;21m[48;2;231;114;27m▅[38;2;152;50;11m[48;2;213;104;41m▄[38;2;159;58;24m[48;2;213;89;31m▄[38;2;150;79;56m[48;2;184;89;30m▅[38;2;150;76;53m[48;2;193;96;33m▅[38;2;0;0;0m[48;2;139;70;45m [38;2;122;65;36m[48;2;128;42;25m▘[38;2;103;28;30m[48;2;126;43;29m━[38;2;61;12;29m[48;2;96;26;28m▂[38;2;106;34;33m[48;2;78;19;27m▘[38;2;56;11;21m[48;2;107;39;33m▆[38;2;0;0;0m[48;2;44;8;16m [38;2;32;6;13m[48;2;53;15;21m▆[38;2;26;7;14m[48;2;52;22;29m▅[38;2;20;8;16m[48;2;41;17;27m▅[38;2;33;29;37m[48;2;20;9;19m▗[38;2;70;65;71m[48;2;38;36;44m▝[38;2;46;44;56m[48;2;87;84;90m▄[38;2;83;80;89m[48;2;42;38;46m▄[38;2;54;34;44m[48;2;28;15;27m▅[38;2;92;45;51m[48;2;84;29;41m▄[38;2;199;67;57m[48;2;131;49;53m▁[38;2;108;57;45m[48;2;180;62;57m━[38;2;0;0;0m[48;2;115;63;54m [38;2;129;103;95m[48;2;240;230;236m▘[38;2;221;217;227m[48;2;129;130;146m▊[38;2;126;125;145m[48;2;64;68;103m▌[38;2;51;64;106m[48;2;52;60;104m▂[38;2;55;58;96m[48;2;56;57;96m▄[38;2;0;0;0m[48;2;60;60;93m [38;2;11;16;30m[48;2;84;84;108m▄[38;2;12;22;46m[48;2;8;14;30m▄[38;2;17;29;57m[48;2;5;13;34m▘[38;2;3;15;42m[48;2;0;4;17m▗[38;2;53;56;94m[48;2;216;204;223m▊[38;2;247;239;248m[48;2;237;220;235m▘[38;2;236;215;233m[48;2;228;204;232m▘[38;2;210;188;229m[48;2;196;178;229m▌[38;2;180;169;226m[48;2;187;173;227m▆[38;2;174;163;224m[48;2;179;168;225m▅[38;2;155;151;212m[48;2;169;161;221m▗[38;2;130;131;200m[48;2;149;146;212m▄[38;2;106;113;190m[48;2;118;123;194m▃[38;2;77;91;177m[48;2;91;102;181m▗[38;2;58;73;165m[48;2;73;89;178m▂[38;2;49;64;158m[48;2;66;82;174m▄[38;2;44;58;154m[48;2;63;78;170m▅[38;2;46;59;145m[48;2;33;43;106m▊[38;2;0;0;0m[48;2;29;37;84m [38;2;0;0;0m[48;2;60;75;158m [38;2;59;71;148m[48;2;78;87;167m▅[38;2;71;80;162m[48;2;89;96;183m▖[38;2;89;95;183m[48;2;98;101;187m▆[38;2;94;95;179m[48;2;118;105;189m▅[38;2;118;88;174m[48;2;142;100;190m▄[38;2;107;61;137m[48;2;176;104;201m▖[38;2;151;78;163m[48;2;217;141;228m▎[38;2;190;127;199m[48;2;214;148;224m▂[38;2;200;136;208m[48;2;227;161;237m▗[38;2;213;154;221m[48;2;228;171;237m▂[38;2;222;173;228m[48;2;88;63;109m▌[38;2;0;0;0m[48;2;27;21;54m [38;2;0;0;0m[48;2;160;75;94m [38;2;155;84;94m[48;2;156;92;100m▄[38;2;151;96;106m[48;2;155;107;118m▖[38;2;153;110;124m[48;2;154;111;128m▌[38;2;155;115;133m[48;2;154;118;140m▌[38;2;147;113;137m[48;2;130;91;118m▊[38;2;116;74;104m[48;2;99;49;89m▌[38;2;81;27;98m[48;2;82;29;85m▝[38;2;84;28;100m[48;2;85;29;107m▎[38;2;94;33;111m[48;2;88;33;111m▝[38;2;31;48;109m[48;2;83;39;112m▗[38;2;29;52;110m[48;2;110;78;136m▌[38;2;121;67;77m[48;2;117;66;120m▇[38;2;87;51;96m[48;2;108;63;111m▄[38;2;105;61;109m[48;2;127;69;130m▃[38;2;126;65;133m[48;2;144;74;146m▂[38;2;145;71;150m[48;2;161;82;158m▄[38;2;158;76;157m[48;2;171;93;167m▄[38;2;167;83;163m[48;2;180;100;173m▃[38;2;177;93;170m[48;2;188;107;179m▄[0m
[38;2;203;133;169m[48;2;203;135;170m▄[38;2;204;134;171m[48;2;206;140;175m▄[38;2;205;137;173m[48;2;207;142;175m▂[38;2;207;142;174m[48;2;210;145;175m▅[38;2;209;144;174m[48;2;213;149;176m▄[38;2;216;165;187m[48;2;212;157;181m▝[38;2;213;159;182m[48;2;216;169;189m▃[38;2;213;161;183m[48;2;214;169;186m▖[38;2;208;176;189m[48;2;199;172;189m▘[38;2;204;169;186m[48;2;190;170;193m▄[38;2;210;167;184m[48;2;193;167;191m▅[38;2;192;166;176m[48;2;203;171;185m▗[38;2;0;0;0m[48;2;197;176;167m [38;2;226;207;190m[48;2;226;199;155m▄[38;2;233;198;215m[48;2;198;173;179m▗[38;2;229;183;194m[48;2;235;149;116m▘[38;2;236;136;56m[48;2;238;161;115m▗[38;2;187;146;124m[48;2;226;118;47m▁[38;2;227;119;110m[48;2;238;92;26m▄[38;2;0;0;0m[48;2;227;68;22m [38;2;137;70;44m[48;2;180;61;21m▃[38;2;86;56;42m[48;2;161;60;16m▂[38;2;65;40;36m[48;2;142;51;8m▂[38;2;66;37;31m[48;2;136;47;13m▂[38;2;90;44;31m[48;2;183;59;21m▃[38;2;98;42;26m[48;2;179;64;31m▃[38;2;116;39;24m[48;2;164;53;33m▄[38;2;115;39;27m[48;2;116;40;29m▄[38;2;110;25;28m[48;2;88;25;29m▃[38;2;80;15;23m[48;2;62;12;22m▖[38;2;42;6;20m[48;2;47;7;18m▅[38;2;26;2;13m[48;2;46;7;16m▅[38;2;30;12;26m[48;2;54;18;31m▄[38;2;33;15;33m[48;2;49;18;33m▆[38;2;28;16;32m[48;2;29;10;21m▇[38;2;22;16;28m[48;2;17;7;19m▅[38;2;23;15;26m[48;2;13;7;19m▄[38;2;24;16;26m[48;2;43;34;44m▊[38;2;116;101;106m[48;2;61;53;60m━[38;2;99;61;68m[48;2;57;51;57m▄[38;2;121;58;59m[48;2;54;38;48m▅[38;2;178;63;55m[48;2;115;47;49m━[38;2;93;54;47m[48;2;203;64;60m▂[38;2;72;46;42m[48;2;218;68;58m▃[38;2;164;60;50m[48;2;76;56;62m▘[38;2;85;72;83m[48;2;151;147;164m▘[38;2;116;116;137m[48;2;154;155;175m▌[38;2;158;159;180m[48;2;94;104;133m▘[38;2;108;112;139m[48;2;52;73;115m▘[38;2;0;0;0m[48;2;45;66;110m [38;2;15;21;38m[48;2;47;53;89m▃[38;2;0;0;0m[48;2;6;9;20m [38;2;3;6;9m[48;2;3;9;24m▄[38;2;0;1;10m[48;2;1;6;23m▆[38;2;0;1;11m[48;2;0;0;7m▌[38;2;0;3;16m[48;2;15;15;39m▊[38;2;55;48;76m[48;2;195;178;200m▎[38;2;234;215;232m[48;2;229;205;228m▘[38;2;224;200;229m[48;2;212;190;228m▌[38;2;201;181;226m[48;2;188;175;227m▌[38;2;178;168;226m[48;2;170;161;223m▎[38;2;152;147;210m[48;2;164;156;218m▂[38;2;132;133;201m[48;2;149;146;209m▃[38;2;102;108;182m[48;2;118;122;193m▗[38;2;92;101;179m[48;2;75;86;163m▊[38;2;54;67;156m[48;2;69;81;165m▅[38;2;37;51;147m[48;2;54;67;162m▆[38;2;23;33;100m[48;2;34;47;137m▗[38;2;16;26;72m[48;2;28;42;124m━[38;2;17;28;74m[48;2;27;40;110m▄[38;2;27;39;106m[48;2;16;24;61m▘[38;2;19;27;63m[48;2;47;62;132m▌[38;2;52;68;141m[48;2;48;58;122m▌[38;2;47;56;117m[48;2;64;73;150m▄[38;2;55;62;125m[48;2;74;83;162m▃[38;2;58;62;125m[48;2;75;81;159m▃[38;2;106;82;176m[48;2;87;83;177m▝[38;2;109;67;158m[48;2;118;69;149m▄[38;2;153;83;169m[48;2;173;98;185m▄[38;2;204;135;213m[48;2;172;113;179m▊[38;2;170;109;178m[48;2;190;129;199m▄[38;2;193;132;202m[48;2;210;151;221m▆[38;2;219;163;226m[48;2;121;78;136m▊[38;2;70;49;94m[48;2;17;18;52m▎[38;2;28;16;44m[48;2;151;60;81m▎[38;2;155;68;76m[48;2;152;77;83m▖[38;2;147;87;92m[48;2;149;98;105m▌[38;2;150;104;113m[48;2;152;110;122m▖[38;2;153;114;130m[48;2;154;116;136m▊[38;2;153;117;138m[48;2;142;104;125m▊[38;2;125;87;112m[48;2;103;63;93m▌[38;2;88;46;81m[48;2;74;30;82m▎[38;2;71;26;91m[48;2;77;30;105m▖[38;2;0;0;0m[48;2;74;35;113m [38;2;45;47;117m[48;2;4;31;88m▘[38;2;64;65;126m[48;2;116;64;58m▌[38;2;120;66;103m[48;2;125;66;92m▄[38;2;69;37;89m[48;2;76;42;87m▅[38;2;92;56;98m[48;2;72;44;85m▝[38;2;89;54;100m[48;2;111;62;119m▄[38;2;104;58;122m[48;2;125;63;137m▃[38;2;119;58;135m[48;2;142;65;147m▄[38;2;130;55;143m[48;2;152;68;154m▄[38;2;136;55;144m[48;2;159;71;157m▃[0m
[38;2;197;125;162m[48;2;201;129;166m▃[38;2;197;126;163m[48;2;201;130;167m▂[38;2;198;127;163m[48;2;202;132;168m▂[38;2;200;128;163m[48;2;204;134;170m▄[38;2;201;132;165m[48;2;205;139;171m▅[38;2;202;143;168m[48;2;208;151;175m▄[38;2;200;141;167m[48;2;206;151;175m▄[38;2;194;145;170m[48;2;202;154;176m▄[38;2;194;139;169m[48;2;199;155;178m▄[38;2;200;137;166m[48;2;207;156;178m▅[38;2;197;140;167m[48;2;206;154;176m▄[38;2;191;150;167m[48;2;216;191;182m▊[38;2;234;215;208m[48;2;235;214;172m▅[38;2;211;174;190m[48;2;201;168;176m▄[38;2;237;191;204m[48;2;235;144;107m▊[38;2;238;178;162m[48;2;241;157;100m▁[38;2;205;167;175m[48;2;221;143;84m▄[38;2;234;128;159m[48;2;196;170;186m▗[38;2;151;85;97m[48;2;207;89;102m▗[38;2;128;121;131m[48;2;117;58;56m▗[38;2;0;0;0m[48;2;82;71;71m [38;2;48;43;50m[48;2;70;59;61m▄[38;2;41;30;35m[48;2;57;40;43m▄[38;2;30;21;26m[48;2;54;32;33m▅[38;2;34;22;24m[48;2;55;27;24m▅[38;2;46;35;36m[48;2;71;39;32m▄[38;2;63;40;41m[48;2;97;42;29m▅[38;2;75;36;34m[48;2;110;40;26m▄[38;2;75;27;32m[48;2;100;25;28m▅[38;2;71;17;27m[48;2;56;13;23m▌[38;2;46;18;30m[48;2;43;8;19m▁[38;2;28;4;11m[48;2;46;10;19m▝[38;2;25;4;9m[48;2;24;6;12m▄[38;2;32;13;17m[48;2;31;16;25m▂[38;2;32;24;24m[48;2;28;18;28m▅[38;2;36;27;25m[48;2;25;27;29m▄[38;2;37;46;41m[48;2;20;24;27m▅[38;2;49;72;74m[48;2;23;29;28m▄[38;2;72;95;93m[48;2;31;42;43m▂[38;2;83;102;106m[48;2;37;51;59m▂[38;2;104;127;138m[48;2;42;53;58m▂[38;2;84;129;135m[48;2;47;52;46m▃[38;2;60;86;89m[48;2;47;52;49m▖[38;2;165;161;175m[48;2;51;52;57m▗[38;2;103;97;122m[48;2;141;136;153m▄[38;2;0;0;0m[48;2;87;83;112m [38;2;60;71;110m[48;2;109;114;141m▂[38;2;0;0;0m[48;2;49;69;113m [38;2;29;41;75m[48;2;43;66;111m▗[38;2;37;55;95m[48;2;9;15;31m▘[38;2;1;3;8m[48;2;6;9;20m▇[38;2;0;0;0m[48;2;1;3;7m [38;2;0;3;5m[48;2;0;2;9m▊[38;2;0;0;5m[48;2;0;2;11m▗[38;2;0;0;7m[48;2;0;0;5m▄[38;2;7;9;26m[48;2;57;52;89m▊[38;2;105;89;136m[48;2;214;188;217m▎[38;2;216;190;224m[48;2;227;200;226m▃[38;2;216;192;227m[48;2;206;183;227m▘[38;2;198;179;227m[48;2;190;174;226m▌[38;2;184;171;227m[48;2;168;158;217m▎[38;2;133;130;186m[48;2;144;139;201m▄[38;2;128;130;198m[48;2;110;117;191m▌[38;2;96;105;184m[48;2;79;91;171m▌[38;2;65;79;164m[48;2;53;68;157m▌[38;2;32;46;136m[48;2;40;55;148m▃[38;2;0;0;0m[48;2;26;39;119m [38;2;7;16;54m[48;2;24;35;105m▎[38;2;17;25;68m[48;2;17;27;78m▄[38;2;10;17;39m[48;2;22;33;94m▅[38;2;20;28;62m[48;2;15;24;60m▄[38;2;28;40;82m[48;2;17;24;58m▄[38;2;35;45;86m[48;2;25;32;74m▄[38;2;30;36;70m[48;2;41;50;106m▅[38;2;35;39;83m[48;2;39;45;94m▆[38;2;0;0;0m[48;2;34;38;80m [38;2;88;89;180m[48;2;61;56;134m▌[38;2;72;57;140m[48;2;106;67;171m▖[38;2;144;79;174m[48;2;128;61;147m▄[38;2;187;119;193m[48;2;109;57;117m▝[38;2;103;66;136m[48;2;144;90;150m▄[38;2;142;87;149m[48;2;153;97;163m▄[38;2;150;96;159m[48;2;177;125;183m▎[38;2;67;45;87m[48;2;12;14;45m▌[38;2;18;16;46m[48;2;136;47;74m▌[38;2;148;65;72m[48;2;150;55;66m▝[38;2;143;69;74m[48;2;144;83;88m▌[38;2;146;95;101m[48;2;149;105;113m▌[38;2;150;110;122m[48;2;152;113;130m▌[38;2;175;121;150m[48;2;156;115;135m▃[38;2;144;99;124m[48;2;118;75;107m▌[38;2;96;55;89m[48;2;73;33;81m▎[38;2;67;26;93m[48;2;70;31;106m▌[38;2;69;39;106m[48;2;16;31;88m▌[38;2;0;20;73m[48;2;2;33;85m▌[38;2;97;85;141m[48;2;122;69;47m▎[38;2;128;74;103m[48;2;78;47;118m▌[38;2;62;35;99m[48;2;55;32;89m▌[38;2;48;33;78m[48;2;57;37;78m▅[38;2;73;49;91m[48;2;56;40;78m▝[38;2;68;50;92m[48;2;86;54;107m▄[38;2;78;50;112m[48;2;98;52;123m▅[38;2;80;43;117m[48;2;105;46;129m▅[38;2;80;34;118m[48;2;109;43;130m▄[0m
[38;2;167;98;134m[48;2;185;113;150m▃[38;2;168;99;135m[48;2;188;115;152m▃[38;2;168;101;134m[48;2;190;117;152m▃[38;2;168;101;131m[48;2;190;117;150m▃[38;2;165;103;130m[48;2;188;121;151m▂[38;2;174;119;142m[48;2;193;133;158m▃[38;2;172;119;141m[48;2;191;131;156m▃[38;2;169;121;142m[48;2;187;134;158m▂[38;2;168;111;136m[48;2;187;126;157m▃[38;2;165;103;132m[48;2;188;119;152m▃[38;2;167;105;134m[48;2;188;125;154m▃[38;2;184;135;157m[48;2;219;201;203m▌[38;2;235;219;229m[48;2;198;167;187m▌[38;2;218;186;211m[48;2;215;184;205m▄[38;2;240;186;196m[48;2;230;138;109m▎[38;2;187;148;157m[48;2;218;172;177m▄[38;2;185;164;178m[48;2;158;127;136m▊[38;2;224;150;167m[48;2;171;119;135m┃[38;2;149;108;114m[48;2;115;84;98m┃[38;2;93;94;108m[48;2;118;113;130m▄[38;2;55;71;85m[48;2;48;63;73m▘[38;2;46;59;70m[48;2;39;39;48m▎[38;2;29;43;53m[48;2;30;29;36m▃[38;2;28;30;38m[48;2;20;18;26m▎[38;2;20;20;25m[48;2;31;26;31m▌[38;2;32;28;33m[48;2;40;39;44m▊[38;2;45;51;55m[48;2;41;39;44m▊[38;2;39;41;49m[48;2;55;36;39m▅[38;2;63;61;71m[48;2;51;34;46m▃[38;2;74;57;74m[48;2;53;31;50m▂[38;2;69;48;62m[48;2;49;31;44m▘[38;2;0;0;0m[48;2;48;25;34m [38;2;126;114;106m[48;2;54;30;32m▃[38;2;157;153;149m[48;2;72;57;48m━[38;2;168;162;140m[48;2;62;50;36m▄[38;2;197;182;158m[48;2;70;74;56m▂[38;2;166;165;131m[48;2;71;68;38m▂[38;2;156;147;78m[48;2;91;88;50m▃[38;2;178;200;142m[48;2;117;147;139m▂[38;2;199;207;213m[48;2;111;149;152m▅[38;2;153;150;156m[48;2;182;196;208m▃[38;2;178;168;176m[48;2;115;125;134m▃[38;2;144;138;156m[48;2;112;113;122m▄[38;2;70;69;99m[48;2;142;138;155m▄[38;2;72;65;97m[48;2;148;143;160m▇[38;2;77;76;109m[48;2;153;154;170m▆[38;2;0;0;0m[48;2;73;68;102m [38;2;18;19;41m[48;2;55;51;89m▗[38;2;0;0;0m[48;2;9;11;26m [38;2;0;0;0m[48;2;0;2;6m [38;2;1;3;5m[48;2;1;2;6m▃[38;2;0;1;5m[48;2;0;3;6m▄[38;2;0;0;8m[48;2;0;2;9m▄[38;2;1;5;21m[48;2;0;1;6m▗[38;2;0;2;19m[48;2;0;1;11m▃[38;2;12;18;42m[48;2;69;74;122m▊[38;2;128;119;166m[48;2;208;180;212m▎[38;2;212;185;218m[48;2;210;185;224m▃[38;2;207;181;224m[48;2;204;178;225m▌[38;2;199;177;224m[48;2;192;173;222m▎[38;2;176;161;215m[48;2;161;151;208m▌[38;2;131;128;181m[48;2;102;104;154m▊[38;2;66;72;123m[48;2;99;106;173m▂[38;2;81;91;170m[48;2;65;79;162m▎[38;2;38;52;135m[48;2;48;62;149m▆[38;2;21;34;106m[48;2;28;39;121m▁[38;2;18;29;81m[48;2;19;28;78m▄[38;2;18;30;89m[48;2;19;27;69m▄[38;2;9;16;46m[48;2;16;27;80m▚[38;2;17;28;85m[48;2;9;17;48m▖[38;2;0;0;0m[48;2;9;16;40m [38;2;0;0;0m[48;2;14;22;53m [38;2;23;32;67m[48;2;42;56;112m▇[38;2;50;60;109m[48;2;31;39;77m▘[38;2;0;0;0m[48;2;49;55;90m [38;2;0;0;0m[48;2;41;44;82m [38;2;39;42;90m[48;2;64;65;132m▎[38;2;35;28;75m[48;2;67;45;118m▆[38;2;89;47;118m[48;2;112;60;146m▄[38;2;121;68;147m[48;2;75;39;83m▚[38;2;89;52;106m[48;2;73;43;100m▄[38;2;201;132;209m[48;2;121;66;126m▘[38;2;106;64;109m[48;2;168;131;171m▊[38;2;106;68;114m[48;2;18;16;47m▎[38;2;25;13;44m[48;2;145;44;72m▌[38;2;148;47;63m[48;2;143;55;61m▊[38;2;0;0;0m[48;2;145;69;72m [38;2;222;129;155m[48;2;156;94;102m▂[38;2;202;119;148m[48;2;168;112;130m▅[38;2;166;112;126m[48;2;190;121;150m▁[38;2;166;108;137m[48;2;126;82;106m▘[38;2;92;51;87m[48;2;72;33;88m▌[38;2;66;35;79m[48;2;68;31;104m▗[38;2;52;38;59m[48;2;8;26;73m▎[38;2;65;40;25m[48;2;11;33;74m▗[38;2;99;64;16m[48;2;117;74;80m▊[38;2;113;72;92m[48;2;83;55;124m▖[38;2;0;0;0m[48;2;57;36;102m [38;2;73;54;112m[48;2;44;31;81m▖[38;2;0;0;0m[48;2;40;33;70m [38;2;47;40;76m[48;2;55;45;83m▅[38;2;58;48;89m[48;2;63;50;98m▂[38;2;61;45;100m[48;2;64;43;107m▂[38;2;57;35;103m[48;2;64;33;113m▃[0m
[38;2;108;57;86m[48;2;140;77;111m▄[38;2;110;60;88m[48;2;141;78;112m▄[38;2;115;64;92m[48;2;143;83;116m▅[38;2;114;65;92m[48;2;141;83;113m▅[38;2;113;67;92m[48;2;142;88;115m▅[38;2;116;79;97m[48;2;145;99;120m▄[38;2;119;87;103m[48;2;147;103;123m▄[38;2;120;93;106m[48;2;147;108;125m▄[38;2;111;76;95m[48;2;140;94;116m▄[38;2;110;67;91m[48;2;143;90;116m▅[38;2;111;68;89m[48;2;142;89;115m▄[38;2;144;104;123m[48;2;217;193;210m▊[38;2;223;198;219m[48;2;186;155;179m▌[38;2;0;0;0m[48;2;215;180;210m [38;2;211;149;147m[48;2;210;133;115m▃[38;2;140;100;105m[48;2;162;123;129m▇[38;2;0;0;0m[48;2;132;97;104m [38;2;144;105;112m[48;2;174;130;140m▄[38;2;128;93;108m[48;2;168;132;137m▎[38;2;0;0;0m[48;2;90;74;68m [38;2;58;43;36m[48;2;46;50;57m▅[38;2;42;51;60m[48;2;40;36;40m▘[38;2;28;30;35m[48;2;29;40;51m▄[38;2;30;37;43m[48;2;19;19;28m▊[38;2;22;24;33m[48;2;29;29;39m▊[38;2;31;35;46m[48;2;29;32;41m▄[38;2;36;46;53m[48;2;48;68;77m▊[38;2;53;77;88m[48;2;37;51;63m▖[38;2;64;58;69m[48;2;45;51;62m▝[38;2;55;53;64m[48;2;54;38;51m▖[38;2;0;0;0m[48;2;63;48;50m [38;2;68;55;44m[48;2;61;47;47m▄[38;2;101;86;54m[48;2;69;51;33m▗[38;2;105;77;28m[48;2;118;110;59m▝[38;2;0;0;0m[48;2;127;102;47m [38;2;238;192;126m[48;2;192;149;91m▗[38;2;241;175;104m[48;2;233;203;152m▄[38;2;220;202;162m[48;2;231;218;162m▄[38;2;139;138;120m[48;2;216;211;150m▅[38;2;181;178;175m[48;2;148;147;143m▄[38;2;0;0;0m[48;2;183;173;181m [38;2;49;49;77m[48;2;165;156;169m▃[38;2;0;0;0m[48;2;52;48;82m [38;2;0;0;0m[48;2;80;62;88m [38;2;0;0;0m[48;2;100;72;91m [38;2;0;0;0m[48;2;89;77;101m [38;2;0;0;0m[48;2;52;47;66m [38;2;0;0;0m[48;2;3;5;12m [38;2;0;1;5m[48;2;1;2;6m▇[38;2;0;4;7m[48;2;0;1;6m▝[38;2;0;0;0m[48;2;0;1;6m [38;2;1;8;29m[48;2;0;1;11m▁[38;2;1;8;26m[48;2;0;2;14m▃[38;2;1;6;20m[48;2;4;12;43m▘[38;2;0;9;41m[48;2;0;4;27m▂[38;2;24;38;73m[48;2;64;75;126m▊[38;2;101;97;146m[48;2;193;168;205m▎[38;2;209;179;215m[48;2;212;181;217m▗[38;2;208;181;215m[48;2;204;175;216m▌[38;2;197;171;216m[48;2;192;168;217m▌[38;2;168;152;205m[48;2;147;138;195m▊[38;2;133;129;187m[48;2;111;113;171m▌[38;2;76;81;135m[48;2;44;51;93m▌[38;2;25;32;65m[48;2;52;64;136m▆[38;2;13;20;48m[48;2;33;46;127m▄[38;2;12;19;48m[48;2;23;35;106m▃[38;2;11;20;55m[48;2;12;21;61m▄[38;2;12;23;71m[48;2;15;24;79m▄[38;2;7;14;40m[48;2;13;25;80m▝[38;2;12;23;70m[48;2;13;25;71m▄[38;2;18;34;89m[48;2;12;24;63m▆[38;2;15;28;73m[48;2;10;18;49m▖[38;2;20;27;57m[48;2;19;26;55m▄[38;2;27;33;69m[48;2;18;25;53m▂[38;2;27;34;76m[48;2;29;34;70m▄[38;2;53;58;94m[48;2;58;64;98m▄[38;2;42;46;89m[48;2;46;49;100m▄[38;2;0;0;0m[48;2;27;25;60m [38;2;53;29;66m[48;2;21;13;37m▝[38;2;53;28;66m[48;2;39;17;46m▎[38;2;57;31;63m[48;2;112;62;139m▇[38;2;109;52;109m[48;2;185;106;192m▃[38;2;222;145;225m[48;2;169;100;142m━[38;2;225;115;115m[48;2;66;45;87m▂[38;2;28;12;42m[48;2;178;77;111m▘[38;2;238;133;170m[48;2;164;62;79m▅[38;2;0;0;0m[48;2;236;135;165m [38;2;0;0;0m[48;2;230;132;160m [38;2;223;130;157m[48;2;173;105;114m▘[38;2;146;98;96m[48;2;159;108;116m▅[38;2;135;93;93m[48;2;114;72;83m▌[38;2;94;53;76m[48;2;74;35;79m▌[38;2;19;21;81m[48;2;59;28;82m▗[38;2;0;0;0m[48;2;11;26;80m [38;2;26;52;67m[48;2;60;38;28m▗[38;2;88;58;37m[48;2;72;66;72m┃[38;2;83;63;104m[48;2;96;64;104m▄[38;2;113;83;152m[48;2;99;72;138m▄[38;2;0;0;0m[48;2;40;27;73m [38;2;31;25;56m[48;2;35;28;63m▃[38;2;36;32;55m[48;2;41;35;66m▄[38;2;52;43;68m[48;2;56;47;80m▃[38;2;64;51;80m[48;2;66;50;95m▂[38;2;68;46;86m[48;2;67;42;100m▂[0m
[38;2;100;54;69m[48;2;87;46;65m▂[38;2;106;57;72m[48;2;93;50;69m▂[38;2;109;60;72m[48;2;96;52;71m▂[38;2;107;60;73m[48;2;96;53;72m▂[38;2;101;56;72m[48;2;92;52;71m▂[38;2;95;59;75m[48;2;97;66;80m▌[38;2;96;70;81m[48;2;101;75;88m▅[38;2;95;75;83m[48;2;101;81;92m▄[38;2;89;63;78m[48;2;95;75;84m▝[38;2;95;66;78m[48;2;86;55;71m▂[38;2;99;65;75m[48;2;91;56;72m▗[38;2;0;0;0m[48;2;121;85;97m [38;2;204;171;189m[48;2;203;172;192m▄[38;2;186;151;170m[48;2;239;199;233m▊[38;2;233;189;213m[48;2;222;172;185m▄[38;2;121;98;108m[48;2;191;156;169m▝[38;2;150;140;148m[48;2;124;101;109m▂[38;2;145;121;122m[48;2;129;93;95m▃[38;2;174;131;133m[48;2;145;108;106m▝[38;2;183;115;92m[48;2;200;146;137m▝[38;2;192;113;84m[48;2;117;61;31m▄[38;2;133;61;21m[48;2;74;46;28m▃[38;2;95;47;18m[48;2;45;32;29m▂[38;2;43;35;32m[48;2;40;42;45m▎[38;2;43;46;52m[48;2;26;28;38m▖[38;2;29;33;45m[48;2;33;41;52m▌[38;2;0;0;0m[48;2;36;50;60m [38;2;0;0;0m[48;2;49;74;86m [38;2;53;79;91m[48;2;47;62;73m▄[38;2;68;97;110m[48;2;79;95;102m▄[38;2;77;110;127m[48;2;60;76;79m▃[38;2;118;142;141m[48;2;85;90;74m▃[38;2;179;180;169m[48;2;107;100;69m▃[38;2;0;0;0m[48;2;119;119;68m [38;2;160;174;141m[48;2;160;148;72m▃[38;2;224;160;79m[48;2;229;197;136m▚[38;2;194;174;149m[48;2;240;212;150m▄[38;2;197;162;95m[48;2;139;135;115m▘[38;2;133;130;132m[48;2;168;166;164m▄[38;2;100;100;124m[48;2;156;151;160m▁[38;2;153;148;161m[48;2;37;38;69m▘[38;2;46;33;59m[48;2;45;40;75m▗[38;2;87;44;56m[48;2;54;35;57m▗[38;2;85;44;59m[48;2;101;53;64m▘[38;2;29;23;44m[48;2;79;50;74m▗[38;2;4;6;17m[48;2;51;45;64m▆[38;2;0;0;0m[48;2;6;7;11m [38;2;0;2;5m[48;2;0;1;4m▘[38;2;0;2;11m[48;2;0;0;4m▂[38;2;0;0;0m[48;2;0;0;6m [38;2;1;6;19m[48;2;5;14;39m▊[38;2;9;18;49m[48;2;1;8;28m▘[38;2;2;10;33m[48;2;8;19;56m▊[38;2;12;21;63m[48;2;3;14;51m▘[38;2;0;0;0m[48;2;6;18;55m [38;2;0;0;0m[48;2;70;96;157m [38;2;127;129;189m[48;2;191;169;214m▎[38;2;199;173;212m[48;2;205;175;214m▃[38;2;208;177;213m[48;2;203;175;213m▘[38;2;198;172;212m[48;2;190;165;210m▌[38;2;170;150;200m[48;2;149;139;194m▌[38;2;122;123;182m[48;2;102;107;172m▊[38;2;81;89;157m[48;2;53;63;124m▌[38;2;37;49;107m[48;2;21;31;67m▖[38;2;25;37;96m[48;2;6;13;32m▂[38;2;24;33;87m[48;2;8;14;31m▂[38;2;16;25;66m[48;2;6;14;34m▂[38;2;7;15;44m[48;2;9;17;49m▄[38;2;0;0;0m[48;2;13;26;79m [38;2;0;0;0m[48;2;14;28;78m [38;2;14;26;69m[48;2;16;31;80m▌[38;2;20;37;91m[48;2;14;26;67m▌[38;2;29;42;87m[48;2;22;31;62m▄[38;2;16;23;49m[48;2;22;32;72m▌[38;2;28;38;89m[48;2;22;30;67m▄[38;2;35;41;86m[48;2;41;47;89m▄[38;2;36;40;78m[48;2;14;17;37m▎[38;2;14;15;35m[48;2;26;23;56m▊[38;2;26;20;51m[48;2;23;17;45m▄[38;2;0;0;0m[48;2;53;26;62m [38;2;189;120;63m[48;2;87;39;60m▅[38;2;208;137;62m[48;2;131;56;81m▇[38;2;0;0;0m[48;2;226;147;74m [38;2;239;152;108m[48;2;240;140;148m▘[38;2;242;124;173m[48;2;248;163;192m▆[38;2;210;105;131m[48;2;236;131;167m▂[38;2;189;94;105m[48;2;225;125;151m▅[38;2;0;0;0m[48;2;161;82;75m [38;2;137;79;60m[48;2;138;84;74m▆[38;2;162;93;62m[48;2;139;90;73m▂[38;2;160;95;72m[48;2;124;84;72m▄[38;2;117;71;78m[48;2;66;40;98m▌[38;2;14;20;72m[48;2;23;21;84m▄[38;2;7;25;75m[48;2;48;22;61m▘[38;2;47;35;54m[48;2;13;40;84m▎[38;2;43;48;45m[48;2;67;79;118m▌[38;2;74;67;107m[48;2;78;60;94m▄[38;2;141;92;164m[48;2;65;45;98m▊[38;2;27;17;43m[48;2;33;21;56m▄[38;2;27;22;44m[48;2;30;24;51m▆[38;2;27;25;45m[48;2;34;30;49m▊[38;2;44;36;52m[48;2;48;40;60m▅[38;2;59;47;63m[48;2;62;50;72m▅[38;2;59;43;62m[48;2;64;46;74m▅[0m
[38;2;128;67;77m[48;2;115;60;71m▃[38;2;134;71;81m[48;2;120;64;76m▄[38;2;135;73;82m[48;2;121;66;79m▅[38;2;136;74;84m[48;2;120;67;79m▅[38;2;132;71;82m[48;2;115;65;77m▅[38;2;126;70;79m[48;2;112;66;77m▄[38;2;125;77;82m[48;2;110;75;81m▄[38;2;123;82;84m[48;2;108;77;83m▃[38;2;121;80;85m[48;2;105;78;83m▄[38;2;131;88;91m[48;2;108;74;80m▃[38;2;144;96;99m[48;2;118;77;84m▃[38;2;160;111;112m[48;2;134;92;97m▄[38;2;173;130;133m[48;2;214;175;191m▌[38;2;220;181;193m[48;2;210;171;186m▄[38;2;234;188;208m[48;2;237;194;219m▗[38;2;197;166;169m[48;2;226;193;214m▝[38;2;212;189;206m[48;2;185;167;170m▚[38;2;202;186;200m[48;2;163;150;147m▖[38;2;172;156;144m[48;2;162;135;128m▃[38;2;180;153;141m[48;2;170;135;126m▂[38;2;187;151;139m[48;2;223;147;128m▄[38;2;240;144;116m[48;2;209;90;49m▄[38;2;214;68;18m[48;2;150;60;17m▄[38;2;159;57;27m[48;2;93;45;23m▄[38;2;119;60;42m[48;2;71;57;51m▄[38;2;96;63;53m[48;2;49;42;43m▂[38;2;77;56;50m[48;2;50;51;57m▁[38;2;0;0;0m[48;2;62;71;73m [38;2;58;79;88m[48;2;59;88;100m▌[38;2;82;112;130m[48;2;62;93;110m▗[38;2;123;137;146m[48;2;84;113;131m▃[38;2;157;180;187m[48;2;101;137;154m▂[38;2;0;0;0m[48;2;99;118;99m [38;2;114;151;113m[48;2;104;121;81m▗[38;2;129;152;98m[48;2;158;185;140m▊[38;2;201;181;102m[48;2;202;215;172m▝[38;2;0;0;0m[48;2;156;145;107m [38;2;226;217;221m[48;2;149;145;151m▃[38;2;110;109;127m[48;2;181;177;192m▚[38;2;0;0;0m[48;2;43;43;77m [38;2;36;24;45m[48;2;41;37;68m▗[38;2;91;49;62m[48;2;57;33;51m▃[38;2;0;0;0m[48;2;99;52;65m [38;2;3;5;19m[48;2;71;47;69m▗[38;2;0;0;0m[48;2;3;4;14m [38;2;0;0;0m[48;2;0;2;6m [38;2;0;0;0m[48;2;0;1;4m [38;2;3;8;22m[48;2;0;3;11m▖[38;2;0;3;14m[48;2;0;1;8m▘[38;2;0;4;19m[48;2;0;1;10m▃[38;2;0;5;20m[48;2;3;12;32m▊[38;2;4;12;34m[48;2;6;13;34m▄[38;2;3;10;38m[48;2;2;11;47m▎[38;2;5;24;63m[48;2;1;12;46m▃[38;2;10;32;75m[48;2;49;80;136m▊[38;2;71;103;165m[48;2;83;107;173m▊[38;2;137;134;195m[48;2;182;159;209m▌[38;2;189;160;206m[48;2;196;166;207m▖[38;2;199;168;207m[48;2;199;169;212m▌[38;2;196;169;214m[48;2;189;162;209m▊[38;2;169;149;198m[48;2;138;130;189m▊[38;2;119;119;182m[48;2;103;107;177m▌[38;2;69;78;147m[48;2;44;54;109m▊[38;2;29;41;100m[48;2;34;46;107m▄[38;2;25;41;110m[48;2;9;18;44m▆[38;2;16;28;82m[48;2;8;16;32m▆[38;2;21;35;90m[48;2;11;20;49m━[38;2;7;14;35m[48;2;13;26;72m▅[38;2;14;26;76m[48;2;3;10;31m▝[38;2;0;0;0m[48;2;18;35;92m [38;2;16;28;67m[48;2;22;40;96m━[38;2;29;46;98m[48;2;27;44;96m▄[38;2;32;43;82m[48;2;23;35;73m▄[38;2;19;26;54m[48;2;27;37;78m┃[38;2;0;0;0m[48;2;35;45;98m [38;2;32;40;90m[48;2;35;43;90m▄[38;2;0;0;0m[48;2;18;22;46m [38;2;23;22;50m[48;2;13;14;37m▄[38;2;29;25;51m[48;2;21;18;42m▄[38;2;65;37;46m[48;2;198;134;83m▊[38;2;209;139;61m[48;2;210;148;67m▄[38;2;220;167;65m[48;2;221;165;72m▄[38;2;225;153;71m[48;2;240;161;99m▆[38;2;239;163;90m[48;2;247;154;143m▆[38;2;239;123;133m[48;2;227;105;160m▌[38;2;217;105;140m[48;2;199;92;116m▌[38;2;194;90;102m[48;2;182;86;80m▊[38;2;177;89;54m[48;2;170;89;69m▄[38;2;183;95;31m[48;2;166;94;47m▄[38;2;184;104;42m[48;2;170;97;57m▇[38;2;83;46;88m[48;2;177;107;69m▗[38;2;0;0;0m[48;2;33;24;85m [38;2;25;19;63m[48;2;17;20;67m▄[38;2;43;21;69m[48;2;16;31;76m▌[38;2;22;36;66m[48;2;18;32;72m▄[38;2;108;80;136m[48;2;54;65;80m▝[38;2;55;76;124m[48;2;72;81;106m▄[38;2;78;62;92m[48;2;96;74;122m▄[38;2;0;0;0m[48;2;26;16;38m [38;2;26;18;41m[48;2;24;21;40m▊[38;2;23;22;39m[48;2;26;23;40m▊[38;2;34;28;44m[48;2;43;35;50m▎[38;2;50;41;57m[48;2;58;46;62m▌[38;2;59;45;62m[48;2;63;47;65m▃[0m
[38;2;168;87;91m[48;2;138;69;78m▄[38;2;161;82;88m[48;2;143;72;82m▄[38;2;155;79;85m[48;2;147;75;85m▄[38;2;149;77;82m[48;2;149;78;87m▃[38;2;146;75;83m[48;2;142;75;84m▆[38;2;141;72;81m[48;2;135;72;81m▆[38;2;141;74;82m[48;2;135;77;84m▄[38;2;145;87;91m[48;2;135;86;89m▆[38;2;154;97;98m[48;2;140;88;91m▄[38;2;165;106;107m[48;2;149;95;99m▄[38;2;179;124;122m[48;2;163;111;113m▄[38;2;194;144;140m[48;2;179;131;129m▄[38;2;208;162;156m[48;2;197;150;146m▄[38;2;218;175;171m[48;2;228;189;201m▖[38;2;226;199;210m[48;2;232;196;211m▄[38;2;227;200;222m[48;2;236;204;232m▚[38;2;197;180;175m[48;2;227;200;221m▝[38;2;202;194;200m[48;2;212;195;208m▄[38;2;210;186;194m[48;2;187;169;165m▅[38;2;210;175;175m[48;2;189;162;151m▂[38;2;204;168;158m[48;2;193;164;152m▃[38;2;233;175;155m[48;2;201;159;146m▝[38;2;246;78;33m[48;2;245;154;128m▝[38;2;234;76;36m[48;2;197;82;54m▌[38;2;0;0;0m[48;2;202;105;77m [38;2;175;98;80m[48;2;162;145;139m▅[38;2;120;99;95m[48;2;151;136;131m▄[38;2;186;173;166m[48;2;115;103;94m▄[38;2;202;182;167m[48;2;118;115;108m▂[38;2;0;0;0m[48;2;89;114;124m [38;2;131;148;140m[48;2;135;147;151m▄[38;2;180;198;194m[48;2;131;149;150m▝[38;2;214;221;207m[48;2;137;171;156m▃[38;2;179;191;162m[48;2;131;157;112m▂[38;2;219;124;105m[48;2;162;159;116m▁[38;2;223;122;101m[48;2;191;171;133m▆[38;2;210;119;109m[48;2;241;219;217m▘[38;2;0;0;0m[48;2;222;220;225m [38;2;128;130;150m[48;2;46;43;63m▘[38;2;79;54;66m[48;2;52;42;58m▂[38;2;96;62;81m[48;2;68;49;64m▆[38;2;77;57;85m[48;2;101;58;75m▗[38;2;14;15;32m[48;2;64;51;75m▃[38;2;0;0;0m[48;2;1;3;10m [38;2;0;0;0m[48;2;0;1;6m [38;2;0;0;2m[48;2;0;0;4m [38;2;1;7;21m[48;2;0;2;10m▝[38;2;1;5;15m[48;2;0;3;13m▄[38;2;0;7;24m[48;2;0;4;16m▗[38;2;0;5;21m[48;2;0;3;14m▌[38;2;0;7;25m[48;2;4;15;41m▚[38;2;0;6;42m[48;2;0;5;29m▗[38;2;11;25;65m[48;2;4;16;54m▄[38;2;19;36;87m[48;2;10;28;72m▗[38;2;20;42;94m[48;2;40;68;126m▊[38;2;70;103;164m[48;2;78;105;167m▊[38;2;118;123;184m[48;2;156;137;192m▌[38;2;171;144;188m[48;2;181;151;196m▃[38;2;182;153;195m[48;2;192;159;200m▂[38;2;184;155;202m[48;2;189;161;207m▂[38;2;168;143;196m[48;2;141;127;190m▊[38;2;115;112;180m[48;2;100;103;179m▌[38;2;79;88;169m[48;2;59;72;155m▌[38;2;26;41;99m[48;2;38;54;128m▝[38;2;23;41;108m[48;2;21;38;104m▄[38;2;19;36;108m[48;2;13;28;81m▌[38;2;12;25;74m[48;2;5;13;39m▌[38;2;12;20;59m[48;2;7;15;39m▖[38;2;13;23;59m[48;2;7;15;38m▄[38;2;11;18;46m[48;2;19;31;72m▊[38;2;0;0;0m[48;2;29;44;94m [38;2;28;44;100m[48;2;45;57;98m▄[38;2;12;21;56m[48;2;36;49;93m▗[38;2;20;27;58m[48;2;30;41;97m▊[38;2;26;38;92m[48;2;29;39;92m▄[38;2;33;43;102m[48;2;29;37;83m▄[38;2;34;40;89m[48;2;31;36;77m▄[38;2;15;18;43m[48;2;16;17;39m▄[38;2;24;21;52m[48;2;21;19;46m▄[38;2;45;25;39m[48;2;182;104;47m▎[38;2;191;92;37m[48;2;201;120;47m▆[38;2;193;101;37m[48;2;207;133;50m▆[38;2;193;104;37m[48;2;220;162;65m▖[38;2;231;173;88m[48;2;240;169;119m▊[38;2;156;104;181m[48;2;217;111;183m▂[38;2;191;87;113m[48;2;214;118;155m▗[38;2;205;109;126m[48;2;176;71;65m▘[38;2;0;0;0m[48;2;181;77;32m [38;2;193;97;23m[48;2;199;99;27m▃[38;2;0;0;0m[48;2;183;101;42m [38;2;114;69;71m[48;2;8;20;74m▘[38;2;30;10;57m[48;2;7;17;66m▗[38;2;13;15;53m[48;2;35;15;58m▄[38;2;0;0;0m[48;2;6;22;68m [38;2;6;14;74m[48;2;33;37;73m▄[38;2;3;15;79m[48;2;19;65;60m▄[38;2;98;89;50m[48;2;34;59;102m▗[38;2;120;81;96m[48;2;43;21;52m▌[38;2;0;0;0m[48;2;30;16;39m [38;2;27;18;41m[48;2;22;20;39m▊[38;2;22;20;39m[48;2;24;21;40m▊[38;2;39;33;49m[48;2;31;26;43m▝[38;2;37;33;45m[48;2;48;40;55m▅[38;2;48;39;50m[48;2;56;45;61m▃[0m
[38;2;176;92;90m[48;2;170;87;87m▊[38;2;160;81;84m[48;2;165;84;88m▃[38;2;156;79;82m[48;2;151;76;80m▌[38;2;143;72;75m[48;2;146;74;79m▅[38;2;137;68;72m[48;2;141;70;76m▅[38;2;133;68;71m[48;2;137;68;76m▅[38;2;133;69;74m[48;2;135;69;76m▄[38;2;138;77;79m[48;2;145;81;84m▆[38;2;148;89;88m[48;2;156;96;95m▌[38;2;165;105;104m[48;2;171;116;113m▌[38;2;178;125;121m[48;2;186;135;131m▌[38;2;194;144;139m[48;2;202;153;147m▌[38;2;209;162;154m[48;2;216;170;162m▌[38;2;0;0;0m[48;2;218;183;176m [38;2;210;193;191m[48;2;220;199;209m▖[38;2;222;204;223m[48;2;215;201;212m▝[38;2;215;200;211m[48;2;217;200;217m▄[38;2;213;198;209m[48;2;221;200;217m▄[38;2;0;0;0m[48;2;216;190;200m [38;2;221;184;193m[48;2;205;171;166m▖[38;2;202;160;148m[48;2;207;172;171m▄[38;2;209;164;161m[48;2;201;157;147m━[38;2;245;153;110m[48;2;229;178;153m▗[38;2;243;145;121m[48;2;237;111;76m▌[38;2;207;103;76m[48;2;237;109;81m▌[38;2;247;144;116m[48;2;245;111;78m▖[38;2;205;134;109m[48;2;91;93;98m▊[38;2;105;98;98m[48;2;169;143;131m▌[38;2;191;162;132m[48;2;210;197;181m▄[38;2;210;202;165m[48;2;105;127;124m▎[38;2;151;163;151m[48;2;175;168;161m▌[38;2;0;0;0m[48;2;150;154;156m [38;2;205;127;128m[48;2;210;191;183m▗[38;2;237;107;82m[48;2;207;152;129m▃[38;2;242;98;70m[48;2;233;115;94m▇[38;2;221;118;109m[48;2;241;223;225m▌[38;2;179;168;155m[48;2;235;233;236m▗[38;2;194;183;180m[48;2;134;118;103m▚[38;2;219;208;215m[48;2;89;70;64m▅[38;2;224;209;219m[48;2;124;97;114m▆[38;2;105;85;112m[48;2;169;154;172m▝[38;2;21;22;35m[48;2;54;45;72m▄[38;2;1;4;11m[48;2;1;3;10m▄[38;2;0;0;4m[48;2;0;2;8m▃[38;2;0;1;7m[48;2;0;0;5m▗[38;2;0;1;7m[48;2;0;0;3m▌[38;2;0;2;10m[48;2;0;2;9m▄[38;2;0;4;15m[48;2;0;1;6m▘[38;2;0;1;10m[48;2;0;2;19m▌[38;2;0;0;0m[48;2;0;4;21m [38;2;0;3;32m[48;2;0;3;21m▗[38;2;3;9;45m[48;2;12;25;67m▌[38;2;11;24;61m[48;2;12;27;68m▄[38;2;21;36;82m[48;2;26;43;94m▎[38;2;32;55;115m[48;2;24;43;97m▝[38;2;0;0;0m[48;2;70;99;161m [38;2;96;110;170m[48;2;137;126;183m▌[38;2;151;133;185m[48;2;165;140;186m▖[38;2;177;150;196m[48;2;170;143;188m▝[38;2;176;149;195m[48;2;180;152;198m▖[38;2;170;141;195m[48;2;151;128;194m▊[38;2;117;109;179m[48;2;100;100;176m▌[38;2;80;88;171m[48;2;65;80;164m▌[38;2;50;68;154m[48;2;38;60;144m▊[38;2;0;0;0m[48;2;29;52;130m [38;2;18;37;100m[48;2;15;32;91m▄[38;2;13;28;76m[48;2;12;27;76m▄[38;2;4;12;34m[48;2;13;25;71m▝[38;2;10;20;56m[48;2;17;30;81m▎[38;2;0;0;0m[48;2;28;35;90m [38;2;165;50;41m[48;2;32;24;62m▂[38;2;171;46;26m[48;2;32;27;71m▃[38;2;159;32;24m[48;2;21;18;55m▄[38;2;190;63;45m[48;2;29;25;72m▅[38;2;191;72;48m[48;2;46;40;112m▆[38;2;196;76;45m[48;2;83;33;81m▆[38;2;191;72;49m[48;2;67;28;80m▇[38;2;204;98;68m[48;2;79;26;76m▇[38;2;196;100;62m[48;2;64;25;48m▇[38;2;187;94;48m[48;2;179;75;34m▄[38;2;193;90;43m[48;2;179;73;33m▁[38;2;188;76;35m[48;2;186;83;33m▄[38;2;0;0;0m[48;2;187;81;36m [38;2;0;0;0m[48;2;201;130;60m [38;2;168;118;150m[48;2;212;142;77m▝[38;2;36;41;100m[48;2;139;65;117m▗[38;2;14;30;98m[48;2;158;66;93m▖[38;2;191;99;121m[48;2;180;82;58m▂[38;2;187;104;111m[48;2;185;89;27m▂[38;2;153;83;59m[48;2;19;21;74m▊[38;2;0;0;0m[48;2;5;17;60m [38;2;0;0;0m[48;2;11;11;52m [38;2;0;12;40m[48;2;0;15;49m▃[38;2;0;14;56m[48;2;1;15;66m▄[38;2;0;0;0m[48;2;9;13;69m [38;2;106;84;54m[48;2;33;36;79m▗[38;2;107;70;96m[48;2;118;95;78m▄[38;2;0;0;0m[48;2;69;30;52m [38;2;57;29;52m[48;2;44;24;48m▖[38;2;39;25;50m[48;2;32;21;45m▖[38;2;30;19;42m[48;2;26;20;43m▅[38;2;29;18;40m[48;2;32;23;41m▄[38;2;24;17;43m[48;2;32;27;44m▅[38;2;33;23;48m[48;2;43;34;50m▄[0m
[38;2;152;77;80m[48;2;161;80;79m▄[38;2;157;78;80m[48;2;151;78;80m▘[38;2;152;83;83m[48;2;149;77;79m▃[38;2;154;86;85m[48;2;145;77;79m▄[38;2;151;87;86m[48;2;142;77;78m▄[38;2;149;87;85m[48;2;140;75;77m▄[38;2;148;88;86m[48;2;138;77;78m▄[38;2;151;91;90m[48;2;143;83;83m▃[38;2;152;92;91m[48;2;157;97;96m▌[38;2;162;102;101m[48;2;168;110;107m▌[38;2;180;129;123m[48;2;174;118;113m▝[38;2;195;146;136m[48;2;186;134;124m▝[38;2;198;149;136m[48;2;205;158;145m▄[38;2;207;169;159m[48;2;204;179;172m▌[38;2;200;186;178m[48;2;205;194;189m▆[38;2;207;188;180m[48;2;212;197;198m▄[38;2;204;187;181m[48;2;209;195;201m▄[38;2;205;181;172m[48;2;211;192;195m▄[38;2;208;169;160m[48;2;217;183;185m▃[38;2;210;166;162m[48;2;219;177;180m▄[38;2;212;166;162m[48;2;201;154;140m▌[38;2;200;152;139m[48;2;198;155;145m▊[38;2;234;193;159m[48;2;244;138;99m▌[38;2;245;167;145m[48;2;242;159;136m▄[38;2;237;154;124m[48;2;217;161;144m▄[38;2;234;165;145m[48;2;243;140;112m━[38;2;230;150;124m[48;2;190;155;142m▊[38;2;167;150;146m[48;2;128;124;113m▎[38;2;178;179;154m[48;2;146;159;133m▝[38;2;170;178;153m[48;2;137;150;138m▎[38;2;167;165;152m[48;2;205;189;175m▎[38;2;194;104;101m[48;2;201;171;167m▗[38;2;229;93;71m[48;2;219;124;115m▆[38;2;247;114;90m[48;2;243;99;70m▃[38;2;0;0;0m[48;2;223;109;90m [38;2;0;0;0m[48;2;223;207;213m [38;2;236;225;231m[48;2;180;168;158m▆[38;2;0;0;0m[48;2;241;228;236m [38;2;247;231;241m[48;2;245;234;242m▄[38;2;245;230;239m[48;2;228;215;226m▊[38;2;50;46;58m[48;2;144;134;149m▄[38;2;5;11;36m[48;2;2;6;16m▂[38;2;0;3;20m[48;2;0;2;13m▄[38;2;0;0;5m[48;2;0;0;3m▁[38;2;0;1;7m[48;2;0;0;6m▄[38;2;0;1;5m[48;2;0;0;10m▌[38;2;2;8;24m[48;2;0;1;9m▗[38;2;0;4;14m[48;2;0;0;3m▎[38;2;0;1;9m[48;2;2;6;31m▌[38;2;0;5;35m[48;2;0;2;25m▊[38;2;1;5;32m[48;2;9;20;56m▌[38;2;9;23;58m[48;2;13;27;67m▄[38;2;7;20;55m[48;2;20;43;89m▘[38;2;29;46;94m[48;2;23;46;94m▗[38;2;33;44;93m[48;2;28;33;80m▌[38;2;43;49;103m[48;2;77;91;151m▌[38;2;91;107;167m[48;2;122;123;181m▊[38;2;136;125;183m[48;2;163;127;189m▌[38;2;164;124;186m[48;2;164;136;186m▌[38;2;166;136;188m[48;2;175;146;192m▂[38;2;166;132;190m[48;2;154;120;188m▌[38;2;131;111;182m[48;2;107;100;176m▌[38;2;86;90;168m[48;2;66;79;164m▎[38;2;0;0;0m[48;2;44;66;149m [38;2;14;30;71m[48;2;31;56;134m▗[38;2;31;49;109m[48;2;22;41;102m▄[38;2;140;38;56m[48;2;34;40;110m▗[38;2;116;37;6m[48;2;76;32;75m▄[38;2;40;29;4m[48;2;116;29;69m▅[38;2;29;20;8m[48;2;161;41;39m▄[38;2;93;10;11m[48;2;179;45;30m▖[38;2;169;35;24m[48;2;146;11;11m▌[38;2;163;26;15m[48;2;147;15;7m▆[38;2;178;62;31m[48;2;182;36;29m▃[38;2;162;22;19m[48;2;190;64;38m▅[38;2;162;36;22m[48;2;181;71;37m▃[38;2;182;72;35m[48;2;186;86;46m▂[38;2;188;85;42m[48;2;194;98;55m▖[38;2;187;74;37m[48;2;195;96;49m▗[38;2;187;72;37m[48;2;195;91;46m▃[38;2;182;59;32m[48;2;200;92;48m▂[38;2;187;74;41m[48;2;199;96;47m▃[38;2;184;75;43m[48;2;189;87;53m▊[38;2;174;85;46m[48;2;190;102;51m▄[38;2;146;72;25m[48;2;180;92;50m▂[38;2;141;56;27m[48;2;105;23;19m▎[38;2;36;5;52m[48;2;45;21;91m▄[38;2;7;21;55m[48;2;174;107;183m▅[38;2;6;22;64m[48;2;171;98;149m▆[38;2;0;0;0m[48;2;10;24;66m [38;2;18;46;110m[48;2;0;21;68m▃[38;2;118;65;77m[48;2;11;24;74m▁[38;2;143;80;99m[48;2;6;15;61m▂[38;2;119;68;84m[48;2;11;20;62m▄[38;2;109;68;75m[48;2;50;49;67m▆[38;2;106;64;82m[48;2;121;72;79m▄[38;2;107;62;80m[48;2;104;47;66m▄[38;2;100;62;86m[48;2;86;42;62m▁[38;2;67;36;58m[48;2;59;37;59m▌[38;2;59;45;65m[48;2;35;24;48m▌[38;2;37;25;47m[48;2;30;19;42m▝[38;2;31;20;42m[48;2;28;17;42m▌[38;2;0;0;0m[48;2;32;20;47m [38;2;60;36;52m[48;2;49;32;55m▗[0m
[38;2;162;89;88m[48;2;153;82;83m▗[38;2;165;93;89m[48;2;155;84;84m▄[38;2;167;98;92m[48;2;159;90;87m▄[38;2;170;102;94m[48;2;161;94;88m▅[38;2;167;103;94m[48;2;161;97;90m▅[38;2;163;101;95m[48;2;158;95;91m▆[38;2;154;97;93m[48;2;160;99;96m▁[38;2;152;95;92m[48;2;159;99;97m▂[38;2;152;96;93m[48;2;161;102;99m▂[38;2;152;97;94m[48;2;165;106;103m▂[38;2;155;100;97m[48;2;171;111;107m▂[38;2;161;107;103m[48;2;178;120;112m▂[38;2;177;126;118m[48;2;191;138;127m▄[38;2;180;143;137m[48;2;196;159;149m▂[38;2;185;150;141m[48;2;198;170;162m▃[38;2;185;151;141m[48;2;200;171;160m▃[38;2;173;151;143m[48;2;190;171;160m▃[38;2;169;145;138m[48;2;190;165;153m▃[38;2;172;130;122m[48;2;195;152;140m▃[38;2;172;128;120m[48;2;198;154;147m▄[38;2;168;121;115m[48;2;195;151;143m▃[38;2;183;136;130m[48;2;213;187;174m▊[38;2;241;219;178m[48;2;242;171;143m▎[38;2;239;162;132m[48;2;244;178;159m┃[38;2;0;0;0m[48;2;234;180;158m [38;2;234;118;91m[48;2;232;147;131m▌[38;2;215;141;119m[48;2;187;164;137m▌[38;2;126;121;110m[48;2;169;161;135m┃[38;2;178;180;139m[48;2;149;157;135m▎[38;2;0;0;0m[48;2;189;173;162m [38;2;172;157;154m[48;2;226;173;161m▎[38;2;218;141;132m[48;2;218;103;92m▘[38;2;240;96;69m[48;2;243;130;114m▘[38;2;243;213;210m[48;2;238;141;126m▃[38;2;0;0;0m[48;2;246;229;232m [38;2;248;222;236m[48;2;245;232;245m▃[38;2;248;220;236m[48;2;246;228;243m▃[38;2;246;215;228m[48;2;246;224;237m▂[38;2;242;218;231m[48;2;247;227;238m▅[38;2;196;183;195m[48;2;75;70;89m▌[38;2;11;23;54m[48;2;7;12;29m▅[38;2;7;17;46m[48;2;1;5;31m▘[38;2;0;5;30m[48;2;0;3;20m▄[38;2;4;12;41m[48;2;0;2;12m▄[38;2;0;0;0m[48;2;0;2;14m [38;2;1;5;18m[48;2;0;1;14m▁[38;2;2;9;28m[48;2;1;4;18m┃[38;2;0;1;7m[48;2;0;0;5m▄[38;2;3;5;16m[48;2;7;12;36m▌[38;2;14;26;61m[48;2;3;7;36m▗[38;2;6;16;47m[48;2;13;26;64m▗[38;2;14;26;59m[48;2;31;46;90m▌[38;2;43;50;103m[48;2;29;50;100m▄[38;2;37;46;96m[48;2;27;46;94m▅[38;2;43;40;87m[48;2;35;38;87m▅[38;2;0;0;0m[48;2;33;36;82m [38;2;60;66;110m[48;2;94;97;151m▖[38;2;125;112;168m[48;2;151;117;181m▌[38;2;155;117;182m[48;2;153;125;182m▌[38;2;148;118;180m[48;2;158;129;185m▁[38;2;142;108;181m[48;2;151;116;185m▃[38;2;131;106;180m[48;2;113;98;176m▊[38;2;92;89;169m[48;2;68;77;156m▌[38;2;53;68;140m[48;2;32;52;109m▊[38;2;17;35;77m[48;2;27;49;114m▁[38;2;16;29;62m[48;2;24;48;119m▂[38;2;0;0;0m[48;2;31;33;89m [38;2;143;50;22m[48;2;84;33;40m▚[38;2;151;59;29m[48;2;44;37;12m▂[38;2;110;45;22m[48;2;64;44;23m▄[38;2;96;24;15m[48;2;164;49;34m▘[38;2;173;45;31m[48;2;146;9;6m▌[38;2;168;67;14m[48;2;157;28;8m▗[38;2;174;75;21m[48;2;178;75;29m▄[38;2;155;48;16m[48;2;94;2;6m▊[38;2;90;2;9m[48;2;136;9;5m▖[38;2;144;25;10m[48;2;164;51;18m▆[38;2;157;37;22m[48;2;180;82;42m▆[38;2;166;45;29m[48;2;180;71;39m▇[38;2;152;14;44m[48;2;175;48;29m▂[38;2;163;22;89m[48;2;172;38;52m▗[38;2;130;21;126m[48;2;153;31;56m━[38;2;107;19;113m[48;2;131;29;47m━[38;2;0;0;0m[48;2;123;22;53m [38;2;52;20;119m[48;2;109;17;26m▃[38;2;40;27;133m[48;2;81;5;26m▅[38;2;0;0;0m[48;2;34;27;119m [38;2;32;43;129m[48;2;2;19;83m▅[38;2;4;29;101m[48;2;1;18;62m▃[38;2;120;79;116m[48;2;24;47;107m▗[38;2;142;74;67m[48;2;79;60;104m▆[38;2;0;0;0m[48;2;148;72;62m [38;2;104;53;77m[48;2;164;75;49m▖[38;2;0;0;0m[48;2;168;79;49m [38;2;163;75;47m[48;2;129;87;73m▄[38;2;118;57;46m[48;2;97;64;73m▄[38;2;88;49;58m[48;2;94;66;88m▃[38;2;60;45;66m[48;2;103;74;101m▃[38;2;49;39;66m[48;2;75;55;77m▃[38;2;58;44;64m[48;2;36;29;56m▘[38;2;31;27;58m[48;2;24;16;36m▄[38;2;35;26;57m[48;2;27;15;36m▄[38;2;64;39;62m[48;2;41;23;45m▁[38;2;96;55;69m[48;2;65;37;50m▂[0m
[38;2;154;86;84m[48;2;170;97;92m▂[38;2;151;87;84m[48;2;169;99;92m▃[38;2;138;80;79m[48;2;163;98;90m▃[38;2;131;78;78m[48;2;162;99;92m▄[38;2;123;75;75m[48;2;155;97;90m▄[38;2;115;71;72m[48;2;147;94;90m▄[38;2;105;65;68m[48;2;140;89;87m▄[38;2;98;61;64m[48;2;133;86;84m▄[38;2;92;58;62m[48;2;128;82;82m▄[38;2;89;56;62m[48;2;126;81;82m▄[38;2;89;57;63m[48;2;129;85;86m▄[38;2;91;58;63m[48;2;131;88;86m▄[38;2;96;65;70m[48;2;142;101;98m▄[38;2;107;85;89m[48;2;152;120;117m▄[38;2;110;91;94m[48;2;153;124;120m▄[38;2;111;94;97m[48;2;152;124;120m▄[38;2;110;95;98m[48;2;146;124;122m▄[38;2;100;94;99m[48;2;137;121;121m▄[38;2;96;85;91m[48;2;139;108;106m▄[38;2;95;74;80m[48;2;137;102;100m▄[38;2;93;69;75m[48;2;134;95;95m▄[38;2;119;90;94m[48;2;167;150;150m▊[38;2;193;175;172m[48;2;235;195;174m▎[38;2;162;134;123m[48;2;221;182;166m┃[38;2;162;130;121m[48;2;208;166;161m▗[38;2;201;146;129m[48;2;223;116;85m▌[38;2;215;137;104m[48;2;177;159;116m▌[38;2;167;163;115m[48;2;144;143;111m▖[38;2;182;170;139m[48;2;151;150;119m▘[38;2;169;164;105m[48;2;202;177;159m▅[38;2;245;178;181m[48;2;223;150;132m▗[38;2;233;137;127m[48;2;245;155;149m▘[38;2;223;112;109m[48;2;240;152;144m▅[38;2;240;133;120m[48;2;246;223;219m▅[38;2;234;103;85m[48;2;246;226;226m▅[38;2;231;100;87m[48;2;250;218;231m▅[38;2;222;86;73m[48;2;250;213;227m▅[38;2;229;95;94m[48;2;244;206;222m▅[38;2;220;134;156m[48;2;57;41;55m▌[38;2;9;5;28m[48;2;11;18;52m▎[38;2;9;21;57m[48;2;1;11;43m▌[38;2;5;15;45m[48;2;0;9;36m┃[38;2;5;12;44m[48;2;1;7;36m▖[38;2;3;16;50m[48;2;1;11;41m▁[38;2;3;14;47m[48;2;0;7;32m▆[38;2;11;26;65m[48;2;4;12;34m▂[38;2;5;14;35m[48;2;1;4;14m▎[38;2;0;0;3m[48;2;0;1;8m▊[38;2;11;25;61m[48;2;1;3;21m▗[38;2;4;14;44m[48;2;14;28;68m▗[38;2;33;43;85m[48;2;9;18;49m▗[38;2;0;0;0m[48;2;45;48;101m [38;2;0;0;0m[48;2;45;49;104m [38;2;45;48;102m[48;2;48;47;92m▎[38;2;0;0;0m[48;2;49;46;88m [38;2;30;33;71m[48;2;38;38;75m▝[38;2;35;37;74m[48;2;95;89;133m▊[38;2;126;110;162m[48;2;141;112;173m▊[38;2;139;115;175m[48;2;146;116;178m▃[38;2;144;118;179m[48;2;136;106;175m▊[38;2;119;93;169m[48;2;133;101;178m▄[38;2;115;94;173m[48;2;99;87;164m▌[38;2;73;71;143m[48;2;48;51;104m▖[38;2;25;36;87m[48;2;28;38;81m▄[38;2;17;35;87m[48;2;16;30;72m▆[38;2;0;0;0m[48;2;18;32;74m [38;2;7;24;72m[48;2;12;17;34m▄[38;2;85;40;90m[48;2;9;18;57m▝[38;2;33;25;80m[48;2;135;34;33m▁[38;2;142;28;36m[48;2;165;51;29m▁[38;2;166;63;33m[48;2;162;41;25m▂[38;2;170;42;35m[48;2;159;16;24m▖[38;2;160;24;28m[48;2;160;68;18m▊[38;2;166;78;37m[48;2;161;85;21m▄[38;2;0;0;0m[48;2;149;52;34m [38;2;83;4;42m[48;2;139;31;36m▘[38;2;103;5;52m[48;2;134;16;43m▎[38;2;111;6;83m[48;2;159;33;49m▃[38;2;144;23;128m[48;2;153;26;73m▗[38;2;63;14;155m[48;2;136;21;91m━[38;2;140;37;112m[48;2;87;11;137m▂[38;2;81;32;160m[48;2;134;14;94m▅[38;2;41;30;133m[48;2;138;39;98m▃[38;2;0;0;0m[48;2;33;33;136m [38;2;77;79;165m[48;2;44;43;144m▃[38;2;84;87;166m[48;2;58;55;153m▂[38;2;0;0;0m[48;2;76;73;158m [38;2;10;29;98m[48;2;43;52;133m▄[38;2;16;28;78m[48;2;13;41;113m▄[38;2;34;34;79m[48;2;159;86;76m▂[38;2;17;35;90m[48;2;177;81;41m▂[38;2;89;62;77m[48;2;126;61;60m▄[38;2;0;0;0m[48;2;136;84;95m [38;2;169;81;83m[48;2;171;82;85m▄[38;2;166;70;50m[48;2;170;64;37m▆[38;2;157;69;48m[48;2;141;56;36m▆[38;2;100;48;46m[48;2;127;60;47m▝[38;2;59;35;49m[48;2;90;48;50m▝[38;2;67;43;58m[48;2;47;34;52m▃[38;2;60;46;68m[48;2;42;35;61m▄[38;2;84;65;90m[48;2;56;45;73m▅[38;2;119;83;108m[48;2;72;54;78m▆[38;2;151;95;120m[48;2;104;64;84m▆[38;2;162;95;120m[48;2;133;68;87m▆[0m
[38;2;92;57;62m[48;2;132;76;78m▅[38;2;87;53;59m[48;2;124;72;74m▅[38;2;83;50;57m[48;2;114;68;71m▅[38;2;75;44;53m[48;2;102;62;66m▄[38;2;71;43;51m[48;2;97;60;64m▅[38;2;67;40;51m[48;2;89;55;61m▅[38;2;63;38;50m[48;2;81;50;57m▅[38;2;59;37;49m[48;2;75;46;55m▅[38;2;55;35;46m[48;2;68;43;54m▅[38;2;52;34;45m[48;2;64;41;52m▅[38;2;49;34;44m[48;2;63;42;52m▅[38;2;46;33;44m[48;2;64;42;54m▅[38;2;46;33;44m[48;2;66;45;57m▅[38;2;52;45;57m[48;2;74;61;72m▄[38;2;63;59;72m[48;2;82;71;81m▅[38;2;63;61;73m[48;2;84;76;86m▅[38;2;62;59;71m[48;2;83;74;84m▅[38;2;58;55;68m[48;2;77;73;84m▅[38;2;57;54;66m[48;2;71;70;82m▅[38;2;55;53;64m[48;2;71;64;73m▅[38;2;56;52;64m[48;2;69;57;67m▅[38;2;0;0;0m[48;2;64;56;66m [38;2;85;75;83m[48;2;178;151;150m▖[38;2;143;124;108m[48;2;142;115;112m▄[38;2;156;143;114m[48;2;191;165;143m▝[38;2;163;163;116m[48;2;180;167;129m▄[38;2;193;125;78m[48;2;196;167;127m▝[38;2;181;140;82m[48;2;185;153;101m▄[38;2;215;131;104m[48;2;161;149;103m▂[38;2;186;110;89m[48;2;243;159;150m▘[38;2;221;104;93m[48;2;247;175;173m▗[38;2;229;123;117m[48;2;191;70;71m▚[38;2;223;102;99m[48;2;245;146;138m▚[38;2;227;84;75m[48;2;245;119;102m▆[38;2;145;30;46m[48;2;218;85;76m▄[38;2;202;72;69m[48;2;173;51;55m▄[38;2;0;0;0m[48;2;228;88;81m [38;2;184;42;55m[48;2;225;83;87m▄[38;2;175;61;87m[48;2;25;5;23m▎[38;2;11;25;62m[48;2;4;15;45m┃[38;2;0;0;0m[48;2;3;12;48m [38;2;7;22;58m[48;2;2;15;48m▌[38;2;7;17;53m[48;2;1;12;45m▊[38;2;10;26;66m[48;2;6;19;54m▅[38;2;5;18;53m[48;2;4;17;53m▄[38;2;11;25;60m[48;2;14;32;73m▗[38;2;4;13;45m[48;2;3;9;29m▊[38;2;2;4;16m[48;2;0;1;8m▎[38;2;6;11;34m[48;2;12;26;64m▘[38;2;7;18;48m[48;2;3;7;32m▘[38;2;19;26;63m[48;2;40;45;92m▘[38;2;45;46;95m[48;2;48;49;100m▂[38;2;34;39;83m[48;2;40;46;92m▗[38;2;35;37;85m[48;2;42;44;90m▅[38;2;32;35;81m[48;2;39;40;83m▆[38;2;27;32;75m[48;2;26;30;69m▌[38;2;0;0;0m[48;2;34;35;72m [38;2;0;0;0m[48;2;122;107;159m [38;2;133;113;169m[48;2;140;115;179m▌[38;2;135;111;176m[48;2;119;97;169m▌[38;2;93;83;164m[48;2;108;87;164m▃[38;2;75;77;155m[48;2;89;81;161m▗[38;2;73;75;154m[48;2;60;68;148m▘[38;2;45;55;130m[48;2;25;40;94m▌[38;2;8;22;60m[48;2;14;30;78m▝[38;2;12;29;81m[48;2;9;26;75m▅[38;2;6;23;71m[48;2;9;26;78m▗[38;2;9;29;81m[48;2;9;28;82m▄[38;2;9;29;80m[48;2;12;22;75m▇[38;2;29;34;85m[48;2;85;21;56m▆[38;2;62;39;75m[48;2;143;50;66m━[38;2;0;0;0m[48;2;159;43;32m [38;2;159;62;23m[48;2;161;26;30m━[38;2;162;34;17m[48;2;162;74;31m▃[38;2;156;24;22m[48;2;165;57;30m▂[38;2;123;12;67m[48;2;148;38;39m▗[38;2;95;20;129m[48;2;141;13;52m▆[38;2;80;30;155m[48;2;136;21;87m▆[38;2;149;45;23m[48;2;122;27;130m▁[38;2;138;25;130m[48;2;171;68;48m━[38;2;185;130;57m[48;2;157;55;53m▂[38;2;105;72;43m[48;2;77;37;132m▂[38;2;0;0;0m[48;2;28;45;132m [38;2;17;57;83m[48;2;17;46;125m▂[38;2;49;69;145m[48;2;84;88;166m▄[38;2;19;48;114m[48;2;65;81;151m▅[38;2;8;22;68m[48;2;33;52;114m▇[38;2;100;50;57m[48;2;5;17;67m▁[38;2;1;14;78m[48;2;1;15;79m▄[38;2;0;0;0m[48;2;4;22;85m [38;2;0;0;0m[48;2;18;49;81m [38;2;41;70;61m[48;2;112;99;53m▘[38;2;146;62;50m[48;2;167;100;111m▄[38;2;134;58;48m[48;2;157;74;58m▄[38;2;118;57;54m[48;2;143;65;54m▂[38;2;106;56;61m[48;2;137;64;52m▃[38;2;94;54;62m[48;2;120;60;50m▃[38;2;104;56;50m[48;2;85;52;62m▘[38;2;72;52;77m[48;2;71;48;63m▄[38;2;65;55;88m[48;2;62;50;76m▄[38;2;76;64;97m[48;2;89;73;102m▌[38;2;125;95;117m[48;2;98;79;104m▝[38;2;103;79;100m[48;2;148;108;128m▄[38;2;96;71;90m[48;2;162;118;136m▄[0m
[38;2;101;56;60m[48;2;85;52;58m▂[38;2;97;56;62m[48;2;81;50;57m▃[38;2;101;60;67m[48;2;82;51;58m▃[38;2;104;64;70m[48;2;80;49;58m▄[38;2;111;70;75m[48;2;82;51;60m▄[38;2;119;76;80m[48;2;84;53;63m▄[38;2;126;82;85m[48;2;87;56;65m▄[38;2;129;86;88m[48;2;89;58;67m▄[38;2;130;87;89m[48;2;88;59;68m▄[38;2;128;85;87m[48;2;87;58;67m▄[38;2;125;82;83m[48;2;84;56;65m▄[38;2;120;78;79m[48;2;81;53;63m▄[38;2;117;75;76m[48;2;78;51;60m▄[38;2;114;72;75m[48;2;79;55;65m▄[38;2;118;84;87m[48;2;87;73;82m▄[38;2;120;91;94m[48;2;85;71;80m▄[38;2;116;83;86m[48;2;83;66;75m▄[38;2;114;79;82m[48;2;77;58;68m▄[38;2;115;78;82m[48;2;82;65;74m▄[38;2;120;87;91m[48;2;83;67;76m▄[38;2;120;89;93m[48;2;83;68;77m▄[38;2;118;92;91m[48;2;86;71;79m▄[38;2;119;123;86m[48;2;102;90;84m▃[38;2;145;152;99m[48;2;190;165;136m▖[38;2;124;149;81m[48;2;182;172;129m▚[38;2;173;168;118m[48;2;196;177;137m▝[38;2;183;174;124m[48;2;156;163;91m▝[38;2;225;114;92m[48;2;185;155;104m▗[38;2;233;131;114m[48;2;246;158;150m▌[38;2;207;85;78m[48;2;247;161;152m▗[38;2;215;107;110m[48;2;196;75;74m▄[38;2;230;76;75m[48;2;241;136;131m▗[38;2;0;0;0m[48;2;207;68;68m [38;2;0;0;0m[48;2;144;29;45m [38;2;207;75;71m[48;2;152;38;49m▄[38;2;215;58;65m[48;2;228;84;81m▄[38;2;0;0;0m[48;2;202;50;60m [38;2;159;41;65m[48;2;165;35;56m▄[38;2;0;0;0m[48;2;30;11;35m [38;2;11;27;66m[48;2;0;13;46m▌[38;2;0;0;0m[48;2;2;10;46m [38;2;0;12;42m[48;2;4;18;51m▅[38;2;1;12;44m[48;2;12;28;67m▊[38;2;13;32;74m[48;2;12;28;69m▄[38;2;3;10;41m[48;2;9;19;55m┃[38;2;10;21;58m[48;2;2;10;40m▊[38;2;5;11;44m[48;2;2;6;27m▘[38;2;1;5;17m[48;2;4;12;35m▌[38;2;9;21;55m[48;2;1;4;24m▘[38;2;5;8;29m[48;2;27;30;67m▊[38;2;41;43;88m[48;2;47;48;97m▎[38;2;47;48;97m[48;2;41;44;91m▌[38;2;34;36;84m[48;2;40;42;90m▆[38;2;31;33;81m[48;2;34;36;84m▗[38;2;0;0;0m[48;2;29;32;79m [38;2;24;29;71m[48;2;34;38;76m▆[38;2;29;31;74m[48;2;27;30;69m▗[38;2;43;39;88m[48;2;118;107;166m▎[38;2;113;102;168m[48;2;127;107;176m▖[38;2;85;80;164m[48;2;109;96;172m▗[38;2;75;77;166m[48;2;93;90;169m▆[38;2;62;69;152m[48;2;82;86;162m▆[38;2;44;54;132m[48;2;55;64;145m▃[38;2;30;45;111m[48;2;40;55;134m▁[38;2;23;45;116m[48;2;12;28;75m▅[38;2;21;43;115m[48;2;14;30;87m▅[38;2;17;37;106m[48;2;12;30;88m▂[38;2;139;18;95m[48;2;22;25;85m▗[38;2;142;18;72m[48;2;32;27;92m▆[38;2;158;30;74m[48;2;127;31;103m▇[38;2;112;92;115m[48;2;162;52;59m▂[38;2;141;91;16m[48;2;163;50;28m▆[38;2;165;77;31m[48;2;149;79;11m▄[38;2;175;95;76m[48;2;165;45;44m▂[38;2;0;0;0m[48;2;159;79;46m [38;2;42;42;59m[48;2;126;51;59m▃[38;2;46;34;52m[48;2;127;72;52m▁[38;2;171;125;26m[48;2;143;84;13m▄[38;2;186;125;35m[48;2;166;98;17m▎[38;2;99;74;12m[48;2;168;100;20m▄[38;2;73;62;9m[48;2;171;119;38m▃[38;2;13;30;39m[48;2;100;90;12m▂[38;2;15;51;70m[48;2;46;73;66m▆[38;2;41;66;96m[48;2;7;36;73m▗[38;2;92;71;106m[48;2;7;42;103m▄[38;2;100;84;165m[48;2;47;32;72m▃[38;2;123;70;135m[48;2;102;36;42m▃[38;2;121;55;74m[48;2;121;49;36m▃[38;2;123;57;37m[48;2;47;35;74m▇[38;2;121;63;35m[48;2;17;28;79m▆[38;2;0;0;0m[48;2;112;63;46m [38;2;112;46;45m[48;2;111;52;44m▄[38;2;105;47;48m[48;2;119;54;45m▇[38;2;101;47;54m[48;2;110;53;50m▆[38;2;92;48;62m[48;2;104;54;57m▆[38;2;84;47;66m[48;2;91;52;67m▆[38;2;83;44;62m[48;2;77;46;66m▖[38;2;71;44;66m[48;2;68;45;70m▊[38;2;61;46;76m[48;2;65;48;75m▄[38;2;52;45;80m[48;2;59;51;84m▆[38;2;48;44;78m[48;2;71;62;95m▅[38;2;46;46;75m[48;2;77;70;96m▄[38;2;72;64;87m[48;2;98;87;110m▄[38;2;94;77;98m[48;2;108;91;114m▖[0m
[38;2;134;78;85m[48;2;118;69;73m▆[38;2;133;77;85m[48;2;117;68;72m▅[38;2;145;88;98m[48;2;123;73;78m▄[38;2;151;95;103m[48;2;127;76;82m▅[38;2;160;102;109m[48;2;137;84;89m▅[38;2;169;109;116m[48;2;146;91;96m▅[38;2;175;114;120m[48;2;153;97;100m▅[38;2;181;117;122m[48;2;157;101;101m▅[38;2;183;119;121m[48;2;158;102;101m▅[38;2;182;117;118m[48;2;157;100;98m▅[38;2;179;114;115m[48;2;153;96;95m▅[38;2;176;110;111m[48;2;149;92;91m▅[38;2;173;108;108m[48;2;145;89;88m▅[38;2;171;106;107m[48;2;143;86;85m▅[38;2;170;105;106m[48;2;141;89;87m▅[38;2;168;109;109m[48;2;143;101;100m▅[38;2;169;115;115m[48;2;143;100;100m▅[38;2;169;112;111m[48;2;142;94;94m▅[38;2;169;110;109m[48;2;141;91;91m▅[38;2;170;111;110m[48;2;143;94;95m▅[38;2;171;112;112m[48;2;145;101;102m▅[38;2;166;123;110m[48;2;142;111;99m▅[38;2;149;140;97m[48;2;143;154;90m▌[38;2;0;0;0m[48;2;145;168;86m [38;2;159;176;88m[48;2;196;179;128m▂[38;2;196;180;120m[48;2;168;170;100m▄[38;2;178;174;102m[48;2;186;148;92m▊[38;2;224;99;82m[48;2;243;137;126m▌[38;2;223;99;95m[48;2;246;141;129m▗[38;2;234;128;125m[48;2;209;94;94m▄[38;2;223;78;76m[48;2;240;129;122m▄[38;2;146;30;46m[48;2;202;61;63m▃[38;2;0;0;0m[48;2;132;21;41m [38;2;128;20;38m[48;2;201;74;69m▘[38;2;188;50;54m[48;2;220;77;69m▗[38;2;173;32;49m[48;2;205;49;57m▁[38;2;182;37;55m[48;2;138;22;44m▘[38;2;176;43;69m[48;2;53;11;34m▊[38;2;18;2;29m[48;2;12;16;55m▊[38;2;0;0;0m[48;2;2;13;48m [38;2;0;13;45m[48;2;0;12;41m▘[38;2;0;0;0m[48;2;1;11;40m [38;2;3;15;49m[48;2;13;30;72m▌[38;2;13;30;70m[48;2;8;22;56m▊[38;2;0;8;37m[48;2;8;22;54m▄[38;2;5;16;49m[48;2;3;9;37m▘[38;2;2;9;38m[48;2;0;4;23m▗[38;2;4;12;40m[48;2;0;2;19m▌[38;2;16;3;20m[48;2;8;2;19m▃[38;2;31;8;32m[48;2;13;12;35m▖[38;2;21;26;61m[48;2;40;41;89m▌[38;2;32;36;84m[48;2;42;42;94m▗[38;2;23;29;73m[48;2;31;33;80m▆[38;2;24;32;78m[48;2;28;33;80m▃[38;2;23;31;75m[48;2;26;33;79m▗[38;2;20;28;69m[48;2;21;28;74m▄[38;2;22;26;72m[48;2;26;32;83m▅[38;2;37;36;97m[48;2;94;91;163m▎[38;2;88;90;167m[48;2;99;95;171m▂[38;2;0;0;0m[48;2;73;77;161m [38;2;0;0;0m[48;2;65;71;160m [38;2;26;34;82m[48;2;47;56;134m▄[38;2;35;47;116m[48;2;45;55;137m▝[38;2;34;45;109m[48;2;20;33;83m▖[38;2;12;25;65m[48;2;21;41;105m▆[38;2;9;23;62m[48;2;20;41;105m▖[38;2;29;41;104m[48;2;23;37;102m▄[38;2;65;31;109m[48;2;146;26;59m▎[38;2;121;50;144m[48;2;163;31;70m▅[38;2;0;0;0m[48;2;69;58;136m [38;2;120;67;150m[48;2;134;71;70m━[38;2;47;33;87m[48;2;154;71;138m▄[38;2;21;20;41m[48;2;155;81;73m▄[38;2;21;27;49m[48;2;130;73;76m▅[38;2;8;16;44m[48;2;61;62;85m▅[38;2;0;0;0m[48;2;9;17;42m [38;2;0;0;0m[48;2;7;11;28m [38;2;0;0;0m[48;2;37;29;27m [38;2;15;10;18m[48;2;163;115;47m▆[38;2;20;10;18m[48;2;89;70;47m▆[38;2;24;12;20m[48;2;13;24;53m▅[38;2;35;19;25m[48;2;29;40;59m▄[38;2;80;46;43m[48;2;33;38;52m▄[38;2;69;54;117m[48;2;66;50;62m━[38;2;93;37;49m[48;2;70;83;158m▄[38;2;87;30;42m[48;2;105;87;172m▅[38;2;87;27;32m[48;2;100;67;126m▆[38;2;0;0;0m[48;2;99;35;29m [38;2;104;46;30m[48;2;117;50;25m▆[38;2;105;49;39m[48;2;118;58;31m▅[38;2;102;45;51m[48;2;111;49;43m▃[38;2;94;46;57m[48;2;106;44;49m▂[38;2;86;42;57m[48;2;98;41;49m▅[38;2;71;36;57m[48;2;84;38;52m▅[38;2;64;36;58m[48;2;73;38;56m▆[38;2;61;37;64m[48;2;71;40;61m▄[38;2;61;39;65m[48;2;75;45;64m▆[38;2;55;40;67m[48;2;68;47;70m▆[38;2;58;45;72m[48;2;49;39;68m▘[38;2;41;32;62m[48;2;46;39;72m▄[38;2;36;28;61m[48;2;40;36;68m▄[38;2;46;36;63m[48;2;58;40;67m▊[38;2;90;45;72m[48;2;71;45;68m▁[38;2;104;48;72m[48;2;95;51;72m▁[0m
[38;2;148;101;111m[48;2;162;109;118m▂[38;2;130;85;101m[48;2;152;100;111m▂[38;2;115;73;91m[48;2;143;91;105m▂[38;2;115;72;90m[48;2;145;91;104m▄[38;2;113;70;89m[48;2;147;91;106m▄[38;2;113;69;88m[48;2;150;93;107m▄[38;2;112;68;86m[48;2;152;94;108m▄[38;2;112;67;83m[48;2;153;95;107m▄[38;2;112;67;82m[48;2;155;96;105m▄[38;2;113;67;80m[48;2;155;95;102m▄[38;2;112;67;80m[48;2;155;95;100m▄[38;2;113;67;78m[48;2;154;94;99m▄[38;2;113;67;77m[48;2;152;92;97m▄[38;2;114;68;77m[48;2;151;92;96m▄[38;2;115;68;78m[48;2;151;91;95m▄[38;2;116;69;78m[48;2;151;91;95m▄[38;2;116;70;78m[48;2;149;93;97m▄[38;2;117;71;79m[48;2;151;94;98m▄[38;2;118;73;81m[48;2;151;95;98m▄[38;2;117;74;82m[48;2;153;97;101m▄[38;2;118;81;84m[48;2;155;99;104m▄[38;2;118;117;82m[48;2;150;121;101m▄[38;2;118;152;72m[48;2;140;155;88m▄[38;2;123;161;66m[48;2;136;171;76m▃[38;2;133;161;60m[48;2;144;170;70m▂[38;2;147;164;60m[48;2;176;176;94m▅[38;2;187;160;90m[48;2;224;128;99m▌[38;2;225;83;78m[48;2;239;118;104m▃[38;2;231;93;87m[48;2;230;110;107m▄[38;2;236;111;108m[48;2;211;56;61m▘[38;2;209;57;62m[48;2;146;27;45m▘[38;2;0;0;0m[48;2;130;20;41m [38;2;135;22;40m[48;2;200;71;71m▘[38;2;173;41;49m[48;2;217;73;71m▗[38;2;0;0;0m[48;2;158;31;44m [38;2;162;26;40m[48;2;134;19;40m▘[38;2;133;19;42m[48;2;165;35;57m▘[38;2;151;35;59m[48;2;24;1;23m▊[38;2;13;2;29m[48;2;5;9;43m▊[38;2;0;7;39m[48;2;1;9;43m▂[38;2;5;13;46m[48;2;4;10;42m▄[38;2;14;28;69m[48;2;2;8;39m▝[38;2;7;19;53m[48;2;12;27;65m▃[38;2;8;19;54m[48;2;1;9;40m▘[38;2;0;4;38m[48;2;0;5;35m▂[38;2;0;5;34m[48;2;5;11;40m▊[38;2;2;8;33m[48;2;1;5;26m▝[38;2;16;4;20m[48;2;4;2;20m▗[38;2;21;3;21m[48;2;45;8;33m▊[38;2;49;8;34m[48;2;31;6;28m▌[38;2;22;24;56m[48;2;22;14;39m▝[38;2;27;29;61m[48;2;36;38;85m▖[38;2;28;32;79m[48;2;20;27;73m▌[38;2;19;27;73m[48;2;23;31;77m▎[38;2;20;30;75m[48;2;18;28;70m▌[38;2;19;25;66m[48;2;21;27;70m▅[38;2;20;26;85m[48;2;18;23;67m▝[38;2;22;28;89m[48;2;81;84;151m▎[38;2;88;91;156m[48;2;88;90;163m▄[38;2;0;0;0m[48;2;71;77;152m [38;2;65;71;151m[48;2;58;64;139m▊[38;2;56;60;123m[48;2;30;35;75m▖[38;2;23;27;53m[48;2;35;45;107m▅[38;2;35;44;92m[48;2;30;41;96m▄[38;2;35;48;105m[48;2;18;34;78m▇[38;2;30;48;102m[48;2;19;32;77m▇[38;2;144;64;67m[48;2;44;43;87m▗[38;2;187;122;51m[48;2;160;58;38m▗[38;2;0;0;0m[48;2;160;117;72m [38;2;50;57;114m[48;2;95;87;108m▅[38;2;25;32;74m[48;2;9;16;42m▎[38;2;0;0;0m[48;2;4;11;29m [38;2;4;10;29m[48;2;4;11;34m▅[38;2;6;10;25m[48;2;6;12;35m▅[38;2;0;0;0m[48;2;8;10;24m [38;2;0;0;0m[48;2;10;11;21m [38;2;16;13;20m[48;2;11;10;20m▅[38;2;0;0;0m[48;2;19;14;23m [38;2;59;47;53m[48;2;20;13;21m▁[38;2;0;0;0m[48;2;25;16;23m [38;2;0;0;0m[48;2;33;19;24m [38;2;84;63;64m[48;2;51;27;30m▁[38;2;73;46;43m[48;2;87;39;36m▎[38;2;107;42;32m[48;2;94;37;32m▗[38;2;111;47;33m[48;2;106;36;34m▁[38;2;105;36;29m[48;2;99;33;33m▅[38;2;100;41;32m[48;2;98;36;33m▄[38;2;87;46;41m[48;2;99;46;36m▁[38;2;86;57;48m[48;2;99;52;39m▁[38;2;85;59;59m[48;2;95;51;47m▂[38;2;78;51;72m[48;2;88;46;56m▂[38;2;81;51;75m[48;2;90;50;61m▃[38;2;86;54;74m[48;2;97;57;66m▃[38;2;89;56;69m[48;2;102;61;67m▂[38;2;95;59;66m[48;2;96;57;67m▄[38;2;85;55;67m[48;2;83;50;66m▄[38;2;71;48;68m[48;2;62;45;68m▌[38;2;59;45;70m[48;2;52;38;70m▅[38;2;75;51;72m[48;2;54;40;68m▂[38;2;93;55;77m[48;2;61;39;65m▄[38;2;109;56;78m[48;2;70;39;66m▅[38;2;114;56;81m[48;2;76;46;74m▇[38;2;123;60;86m[48;2;105;56;82m▇[38;2;133;65;90m[48;2;122;60;85m▅[0m
[38;2;68;33;48m[48;2;108;62;75m▄[38;2;53;26;41m[48;2;92;53;70m▄[38;2;49;24;41m[48;2;84;49;65m▅[38;2;42;21;40m[48;2;77;45;63m▄[38;2;45;23;42m[48;2;80;46;67m▅[38;2;44;22;41m[48;2;78;45;67m▅[38;2;43;22;40m[48;2;78;44;65m▅[38;2;43;22;40m[48;2;78;44;62m▅[38;2;42;21;39m[48;2;77;45;62m▅[38;2;42;21;38m[48;2;78;45;61m▅[38;2;42;20;38m[48;2;78;45;61m▅[38;2;43;21;37m[48;2;79;46;61m▅[38;2;47;22;37m[48;2;80;47;60m▅[38;2;53;25;38m[48;2;84;48;61m▅[38;2;58;28;40m[48;2;87;49;60m▅[38;2;62;29;41m[48;2;91;50;61m▅[38;2;65;30;43m[48;2;92;50;61m▅[38;2;65;30;43m[48;2;93;51;61m▅[38;2;62;29;41m[48;2;92;52;62m▅[38;2;52;26;37m[48;2;84;49;60m▄[38;2;69;53;48m[48;2;72;76;48m▊[38;2;75;96;48m[48;2;80;120;47m▌[38;2;74;127;35m[48;2;96;143;53m▄[38;2;93;133;36m[48;2;107;148;49m▄[38;2;108;135;36m[48;2;123;151;49m▅[38;2;125;133;42m[48;2;187;98;76m▊[38;2;221;73;65m[48;2;230;95;83m▄[38;2;221;67;64m[48;2;236;90;76m▚[38;2;0;0;0m[48;2;205;51;56m [38;2;189;44;56m[48;2;134;21;41m▘[38;2;134;21;40m[48;2;129;19;39m▖[38;2;129;22;39m[48;2;194;69;68m▘[38;2;179;36;51m[48;2;210;67;71m▗[38;2;0;0;0m[48;2;150;25;42m [38;2;128;18;38m[48;2;140;19;38m▗[38;2;163;31;55m[48;2;149;26;50m▄[38;2;127;17;41m[48;2;145;25;48m▄[38;2;105;17;39m[48;2;39;4;27m▊[38;2;10;3;29m[48;2;8;17;51m▊[38;2;5;19;51m[48;2;3;12;44m▄[38;2;3;13;43m[48;2;6;17;52m▄[38;2;0;1;30m[48;2;3;9;41m▅[38;2;0;4;32m[48;2;1;6;39m▆[38;2;0;1;30m[48;2;0;2;32m▊[38;2;0;4;34m[48;2;0;4;38m▃[38;2;2;7;38m[48;2;1;6;37m▄[38;2;4;8;33m[48;2;1;2;19m▌[38;2;7;4;20m[48;2;22;5;23m▌[38;2;24;3;23m[48;2;53;9;36m▌[38;2;48;8;34m[48;2;25;3;23m▌[38;2;37;6;30m[48;2;25;7;30m▌[38;2;25;28;64m[48;2;22;16;42m▝[38;2;17;24;69m[48;2;26;29;72m▗[38;2;19;25;72m[48;2;15;24;69m▎[38;2;13;23;64m[48;2;14;25;68m▅[38;2;16;23;63m[48;2;15;24;64m▄[38;2;16;23;67m[48;2;9;16;62m▊[38;2;6;12;62m[48;2;79;85;147m▎[38;2;74;85;152m[48;2;83;91;154m▂[38;2;0;0;0m[48;2;68;75;146m [38;2;54;62;122m[48;2;63;68;142m▁[38;2;0;0;0m[48;2;57;64;135m [38;2;54;63;133m[48;2;40;45;93m▇[38;2;48;58;126m[48;2;25;32;64m▅[38;2;38;55;113m[48;2;27;36;73m▃[38;2;0;0;0m[48;2;44;51;77m [38;2;45;48;81m[48;2;119;81;75m▅[38;2;40;57;92m[48;2;133;88;58m▄[38;2;0;0;0m[48;2;36;55;95m [38;2;31;51;108m[48;2;7;18;43m▘[38;2;0;0;0m[48;2;2;10;26m [38;2;1;9;25m[48;2;4;11;28m▌[38;2;5;9;24m[48;2;3;9;25m▄[38;2;13;14;25m[48;2;7;10;21m▗[38;2;16;15;27m[48;2;12;12;24m▃[38;2;0;0;0m[48;2;20;18;32m [38;2;73;54;85m[48;2;30;25;38m▅[38;2;0;0;0m[48;2;82;58;83m [38;2;70;51;60m[48;2;85;61;72m▗[38;2;82;61;63m[48;2;86;67;66m▄[38;2;86;54;55m[48;2;43;26;27m▇[38;2;106;68;76m[48;2;132;101;104m▌[38;2;0;0;0m[48;2;104;57;65m [38;2;91;45;49m[48;2;94;33;40m▂[38;2;95;43;38m[48;2;93;31;36m▂[38;2;100;48;35m[48;2;87;29;32m▁[38;2;100;57;40m[48;2;79;31;33m▁[38;2;99;69;43m[48;2;77;43;38m▁[38;2;95;70;39m[48;2;80;54;44m▂[38;2;95;65;42m[48;2;77;53;53m▄[38;2;98;64;39m[48;2;75;50;62m▅[38;2;105;64;31m[48;2;83;52;61m▅[38;2;122;71;33m[48;2;95;58;41m━[38;2;71;50;29m[48;2;113;69;40m▂[38;2;59;45;37m[48;2;103;67;40m▂[38;2;55;44;45m[48;2;87;60;48m▄[38;2;55;45;57m[48;2;65;49;56m▄[38;2;70;52;71m[48;2;63;49;65m▝[38;2;64;39;59m[48;2;82;56;77m▃[38;2;66;33;53m[48;2;92;55;76m▄[38;2;63;27;47m[48;2;93;46;67m▄[38;2;60;24;43m[48;2;95;42;64m▄[38;2;53;20;39m[48;2;98;43;66m▃[38;2;56;18;36m[48;2;111;53;76m▃[0m
[38;2;56;23;38m[48;2;52;21;36m▄[38;2;49;22;37m[48;2;40;16;31m▂[38;2;38;17;31m[48;2;33;15;30m▖[38;2;30;14;32m[48;2;33;16;33m▆[38;2;32;15;33m[48;2;33;16;34m▆[38;2;31;14;32m[48;2;32;15;33m▅[38;2;32;15;33m[48;2;33;16;34m▆[38;2;29;14;32m[48;2;32;15;33m▄[38;2;32;37;81m[48;2;31;14;33m▁[38;2;30;27;68m[48;2;30;14;33m▂[38;2;0;0;0m[48;2;30;17;42m [38;2;36;28;62m[48;2;32;14;29m▃[38;2;37;17;29m[48;2;40;17;31m▎[38;2;44;19;32m[48;2;50;22;34m▌[38;2;59;24;35m[48;2;55;24;36m▃[38;2;64;24;37m[48;2;57;24;37m▅[38;2;0;0;0m[48;2;65;26;39m [38;2;0;0;0m[48;2;65;26;41m [38;2;58;24;36m[48;2;54;22;36m▌[38;2;47;20;32m[48;2;46;28;31m▊[38;2;52;45;32m[48;2;57;70;32m▌[38;2;60;90;31m[48;2;64;113;32m▎[38;2;68;123;31m[48;2;76;126;32m▊[38;2;84;126;34m[48;2;90;123;30m▌[38;2;96;122;30m[48;2;102;123;31m▌[38;2;127;109;43m[48;2;224;91;96m▌[38;2;234;99;81m[48;2;228;77;60m▃[38;2;0;0;0m[48;2;217;68;63m [38;2;0;0;0m[48;2;147;26;43m [38;2;131;17;38m[48;2;130;17;39m▄[38;2;148;28;43m[48;2;200;66;65m▌[38;2;0;0;0m[48;2;205;57;63m [38;2;185;42;55m[48;2;142;22;39m▘[38;2;132;18;38m[48;2;138;21;39m▗[38;2;181;48;67m[48;2;135;22;41m▗[38;2;181;43;66m[48;2;141;23;44m▘[38;2;123;14;37m[48;2;113;17;37m▘[38;2;94;14;34m[48;2;39;6;30m▌[38;2;9;2;27m[48;2;10;18;51m▊[38;2;8;21;55m[48;2;1;14;47m▊[38;2;2;13;43m[48;2;0;4;34m▌[38;2;0;1;29m[48;2;0;2;30m▌[38;2;0;1;30m[48;2;0;3;32m▌[38;2;0;2;32m[48;2;0;2;31m▊[38;2;0;3;32m[48;2;0;4;33m▄[38;2;0;2;31m[48;2;2;7;37m▌[38;2;6;10;38m[48;2;1;3;20m▊[38;2;2;2;16m[48;2;15;8;30m▌[38;2;32;6;29m[48;2;48;8;33m▌[38;2;46;8;33m[48;2;23;3;22m▌[38;2;37;6;29m[48;2;50;8;35m▎[38;2;38;7;32m[48;2;18;5;25m▖[38;2;23;12;40m[48;2;23;24;58m▃[38;2;23;27;67m[48;2;14;22;66m▖[38;2;14;21;63m[48;2;16;21;63m▘[38;2;18;23;63m[48;2;17;21;64m┃[38;2;16;20;68m[48;2;7;15;65m▊[38;2;7;13;68m[48;2;71;84;149m▎[38;2;45;52;93m[48;2;70;82;144m▗[38;2;52;59;109m[48;2;48;55;105m▄[38;2;23;26;46m[48;2;51;58;116m▃[38;2;15;18;33m[48;2;53;60;125m▃[38;2;17;20;36m[48;2;57;65;135m▃[38;2;18;23;45m[48;2;49;62;130m▃[38;2;10;18;40m[48;2;33;50;107m▃[38;2;9;18;39m[48;2;28;49;101m▄[38;2;10;17;39m[48;2;35;61;110m▅[38;2;11;21;43m[48;2;31;56;94m▆[38;2;7;13;31m[48;2;17;29;55m▅[38;2;0;0;0m[48;2;2;6;19m [38;2;3;11;23m[48;2;1;5;16m▝[38;2;2;5;17m[48;2;2;9;22m▅[38;2;13;12;22m[48;2;7;9;21m▗[38;2;0;0;0m[48;2;26;22;30m [38;2;95;64;77m[48;2;37;27;33m▁[38;2;41;30;37m[48;2;104;70;92m▘[38;2;165;137;160m[48;2;106;67;99m▁[38;2;147;126;149m[48;2;79;49;77m▁[38;2;56;37;60m[48;2;56;40;52m▄[38;2;0;0;0m[48;2;53;39;53m [38;2;48;24;49m[48;2;77;58;69m▄[38;2;70;45;66m[48;2;116;95;109m▗[38;2;51;18;40m[48;2;97;63;66m▅[38;2;46;13;34m[48;2;95;56;48m▅[38;2;40;9;26m[48;2;95;54;38m▅[38;2;40;10;20m[48;2;83;44;33m▅[38;2;47;19;21m[48;2;84;53;40m▆[38;2;55;30;20m[48;2;84;60;39m▅[38;2;55;33;22m[48;2;100;75;39m▅[38;2;43;24;26m[48;2;108;75;37m▅[38;2;35;19;27m[48;2;105;67;34m▅[38;2;32;17;27m[48;2;78;52;35m▅[38;2;35;21;30m[48;2;64;43;28m▇[38;2;40;20;36m[48;2;34;22;32m▁[38;2;41;27;44m[48;2;36;23;35m━[38;2;35;18;37m[48;2;41;32;43m▄[38;2;28;15;33m[48;2;46;34;49m▅[38;2;24;11;29m[48;2;49;34;51m▆[38;2;20;7;27m[48;2;43;22;41m▆[38;2;20;7;26m[48;2;41;17;37m▆[38;2;19;7;25m[48;2;41;18;36m▆[38;2;18;6;23m[48;2;36;14;34m▅[38;2;20;6;23m[48;2;38;13;33m▅[38;2;27;8;26m[48;2;44;14;31m▅[0m
[38;2;49;20;32m[48;2;59;25;38m▗[38;2;50;23;37m[48;2;39;16;29m▘[38;2;0;0;0m[48;2;31;15;31m [38;2;36;40;106m[48;2;29;13;31m▃[38;2;36;42;108m[48;2;29;14;32m▃[38;2;31;36;94m[48;2;30;17;39m▄[38;2;25;25;70m[48;2;28;22;57m▄[38;2;32;39;108m[48;2;27;19;48m▂[38;2;32;35;94m[48;2;27;14;36m▂[38;2;45;48;107m[48;2;26;12;29m▁[38;2;67;44;98m[48;2;28;12;27m▁[38;2;89;42;103m[48;2;35;16;32m▁[38;2;42;16;30m[48;2;40;17;30m▄[38;2;0;0;0m[48;2;52;21;34m [38;2;59;22;35m[48;2;63;22;36m▌[38;2;0;0;0m[48;2;67;25;36m [38;2;0;0;0m[48;2;78;33;51m [38;2;0;0;0m[48;2;70;27;43m [38;2;60;22;37m[48;2;54;20;36m▌[38;2;48;24;32m[48;2;51;44;32m▊[38;2;54;62;32m[48;2;60;88;32m▌[38;2;65;107;32m[48;2;67;120;34m▎[38;2;72;124;31m[48;2;78;122;31m▌[38;2;84;121;29m[48;2;91;120;28m▎[38;2;0;0;0m[48;2;107;121;31m [38;2;177;94;56m[48;2;238;103;92m▎[38;2;0;0;0m[48;2;231;104;93m [38;2;197;65;59m[48;2;140;24;41m▘[38;2;133;17;38m[48;2;131;18;38m▁[38;2;177;28;38m[48;2;142;19;37m▗[38;2;0;0;0m[48;2;204;54;58m [38;2;199;48;57m[48;2;148;23;39m▘[38;2;128;18;37m[48;2;135;20;39m▗[38;2;185;42;62m[48;2;131;17;37m▗[38;2;181;43;61m[48;2;146;25;44m▊[38;2;132;18;38m[48;2;119;17;37m▎[38;2;110;18;36m[48;2;108;17;36m▚[38;2;92;12;35m[48;2;51;8;35m▊[38;2;14;1;24m[48;2;7;8;40m▊[38;2;3;10;41m[48;2;5;17;50m▁[38;2;1;13;43m[48;2;0;4;35m▘[38;2;0;1;30m[48;2;0;1;30m▄[38;2;0;0;29m[48;2;0;3;33m▊[38;2;0;2;31m[48;2;0;3;32m▄[38;2;0;2;31m[48;2;0;6;34m▌[38;2;0;4;30m[48;2;0;3;32m▄[38;2;2;5;34m[48;2;3;7;35m▄[38;2;2;5;23m[48;2;3;4;20m▄[38;2;20;8;33m[48;2;38;6;30m▊[38;2;48;7;33m[48;2;27;4;24m▎[38;2;41;7;30m[48;2;52;7;35m▎[38;2;49;8;34m[48;2;33;7;30m▎[38;2;33;8;32m[48;2;20;6;27m▊[38;2;17;21;63m[48;2;17;12;39m▝[38;2;19;19;59m[48;2;18;20;61m▗[38;2;20;20;62m[48;2;18;18;62m┃[38;2;15;18;67m[48;2;9;15;66m▊[38;2;6;13;67m[48;2;72;84;150m▎[38;2;54;66;120m[48;2;53;63;115m▄[38;2;49;59;113m[48;2;38;45;84m▁[38;2;50;56;116m[48;2;24;29;54m▂[38;2;0;0;0m[48;2;22;25;49m [38;2;0;0;0m[48;2;22;25;46m [38;2;0;0;0m[48;2;16;22;41m [38;2;20;32;70m[48;2;9;18;39m▂[38;2;8;18;41m[48;2;7;14;33m▎[38;2;9;16;41m[48;2;5;12;30m▂[38;2;16;25;64m[48;2;6;12;32m▁[38;2;25;36;94m[48;2;7;13;36m▁[38;2;19;28;67m[48;2;5;9;26m▁[38;2;14;19;46m[48;2;4;7;20m▂[38;2;0;0;0m[48;2;23;22;40m [38;2;50;36;66m[48;2;42;36;49m▄[38;2;72;47;75m[48;2;81;55;71m▄[38;2;94;62;99m[48;2;101;68;79m▄[38;2;0;0;0m[48;2;111;80;108m [38;2;92;63;93m[48;2;163;155;160m▆[38;2;83;64;87m[48;2;169;164;170m▅[38;2;87;74;90m[48;2;146;136;149m▄[38;2;160;157;161m[48;2;66;37;68m▖[38;2;108;84;111m[48;2;72;39;72m▗[38;2;109;94;112m[48;2;46;15;37m▌[38;2;42;10;30m[48;2;45;12;35m▅[38;2;40;8;24m[48;2;42;11;33m▅[38;2;40;8;19m[48;2;39;10;30m▆[38;2;50;14;16m[48;2;43;12;19m▁[38;2;67;28;20m[48;2;51;21;17m▁[38;2;98;53;27m[48;2;63;34;19m▁[38;2;115;65;45m[48;2;63;34;26m▁[38;2;115;60;65m[48;2;58;28;35m▁[38;2;99;50;60m[48;2;56;28;39m▂[38;2;102;54;65m[48;2;59;30;43m▂[38;2;96;50;65m[48;2;59;29;44m▃[38;2;88;46;62m[48;2;58;29;46m▃[38;2;78;40;58m[48;2;55;27;46m▂[38;2;61;31;47m[48;2;45;21;40m▂[38;2;43;20;40m[48;2;33;15;34m▂[38;2;31;14;32m[48;2;24;11;28m▖[38;2;22;9;26m[48;2;19;7;26m▁[38;2;18;6;26m[48;2;16;7;26m▌[38;2;15;7;26m[48;2;15;7;25m▄[38;2;14;7;25m[48;2;14;6;25m▄[38;2;14;6;24m[48;2;17;6;23m▊[38;2;30;15;31m[48;2;22;8;25m▗[0m
[38;2;55;21;36m[48;2;46;18;32m▌[38;2;38;16;30m[48;2;35;14;25m▆[38;2;33;16;28m[48;2;30;13;27m▊[38;2;27;12;29m[48;2;33;32;80m▇[38;2;27;15;35m[48;2;35;41;104m▄[38;2;25;12;30m[48;2;30;33;80m▂[38;2;31;31;71m[48;2;25;22;58m▄[38;2;37;38;82m[48;2;27;22;57m▄[38;2;38;36;78m[48;2;29;22;57m▄[38;2;35;28;67m[48;2;33;25;60m▄[38;2;27;18;48m[48;2;55;34;89m▂[38;2;39;19;46m[48;2;86;29;83m▄[38;2;34;14;29m[48;2;101;34;88m▃[38;2;114;36;88m[48;2;59;20;43m━[38;2;52;18;36m[48;2;127;39;91m▄[38;2;53;20;36m[48;2;119;53;88m▄[38;2;46;17;30m[48;2;120;60;93m▃[38;2;44;15;29m[48;2;109;46;80m▃[38;2;0;0;0m[48;2;51;21;36m [38;2;44;33;30m[48;2;48;58;31m▌[38;2;57;84;32m[48;2;65;109;35m▌[38;2;0;0;0m[48;2;71;121;33m [38;2;77;122;29m[48;2;83;121;26m▎[38;2;90;119;25m[48;2;95;119;28m▌[38;2;130;121;42m[48;2;233;119;92m▊[38;2;244;117;99m[48;2;242;110;107m▘[38;2;211;71;70m[48;2;147;28;42m▌[38;2;0;0;0m[48;2;135;18;39m [38;2;157;27;31m[48;2;134;19;37m▗[38;2;175;33;38m[48;2;198;51;58m▌[38;2;196;48;58m[48;2;154;25;41m▌[38;2;132;19;40m[48;2;136;20;40m▄[38;2;0;0;0m[48;2;137;21;38m [38;2;0;0;0m[48;2;192;56;65m [38;2;168;36;55m[48;2;130;15;37m▘[38;2;123;14;37m[48;2;116;16;38m▌[38;2;108;15;36m[48;2;121;17;40m▊[38;2;103;13;32m[48;2;83;13;37m▌[38;2;39;5;30m[48;2;11;1;26m▎[38;2;3;10;43m[48;2;0;5;38m▘[38;2;0;7;37m[48;2;0;4;31m▝[38;2;0;5;30m[48;2;0;1;29m▎[38;2;0;2;31m[48;2;0;1;31m▄[38;2;0;1;31m[48;2;0;2;31m▖[38;2;0;2;31m[48;2;0;3;32m▄[38;2;0;3;31m[48;2;0;2;27m▊[38;2;0;2;28m[48;2;2;5;33m▌[38;2;3;7;34m[48;2;2;4;22m▊[38;2;14;9;31m[48;2;5;4;21m▝[38;2;21;6;28m[48;2;29;3;25m▎[38;2;49;6;31m[48;2;49;6;32m▄[38;2;45;8;32m[48;2;34;4;27m▎[38;2;40;6;31m[48;2;34;6;28m▄[38;2;31;4;31m[48;2;23;6;30m▅[38;2;23;25;62m[48;2;20;12;37m▝[38;2;9;15;52m[48;2;15;16;56m▄[38;2;10;13;56m[48;2;14;15;62m▂[38;2;41;54;98m[48;2;53;66;124m▄[38;2;54;78;137m[48;2;50;64;120m▆[38;2;0;0;0m[48;2;48;63;121m [38;2;21;31;61m[48;2;47;57;116m▄[38;2;36;43;84m[48;2;25;31;59m▘[38;2;33;39;74m[48;2;22;27;50m▂[38;2;38;48;92m[48;2;26;38;80m▊[38;2;15;26;57m[48;2;20;35;75m▃[38;2;5;14;32m[48;2;10;19;48m▂[38;2;17;29;68m[48;2;13;24;55m▝[38;2;17;28;61m[48;2;25;37;86m▖[38;2;14;21;55m[48;2;23;32;79m▖[38;2;24;34;85m[48;2;14;21;54m▌[38;2;16;18;48m[48;2;14;18;42m▄[38;2;24;18;48m[48;2;41;27;68m▊[38;2;71;50;99m[48;2;52;34;78m▄[38;2;73;44;103m[48;2;56;35;72m▄[38;2;77;56;97m[48;2;53;36;63m▃[38;2;59;41;64m[48;2;89;71;92m▌[38;2;91;74;95m[48;2;48;29;52m▌[38;2;50;30;55m[48;2;86;64;90m▊[38;2;0;0;0m[48;2;57;34;62m [38;2;0;0;0m[48;2;65;46;66m [38;2;60;38;62m[48;2;126;114;131m▌[38;2;0;0;0m[48;2;57;24;48m [38;2;54;10;32m[48;2;47;9;32m▂[38;2;64;9;28m[48;2;48;8;26m▂[38;2;79;14;24m[48;2;56;10;21m▃[38;2;99;30;25m[48;2;70;20;20m▄[38;2;124;60;30m[48;2;96;42;24m▅[38;2;150;88;43m[48;2;129;70;31m▆[38;2;169;103;87m[48;2;153;89;61m▗[38;2;180;108;110m[48;2;150;81;85m▄[38;2;185;114;120m[48;2;151;83;90m▅[38;2;182;116;125m[48;2;146;83;91m▅[38;2;174;115;126m[48;2;139;82;93m▄[38;2;155;101;115m[48;2;122;71;84m▄[38;2;135;87;102m[48;2;104;61;78m▃[38;2;109;66;84m[48;2;81;45;62m▃[38;2;84;47;65m[48;2;59;30;49m▃[38;2;66;34;51m[48;2;43;20;39m▂[38;2;47;22;39m[48;2;28;13;30m▂[38;2;35;15;33m[48;2;21;9;26m▂[38;2;28;12;29m[48;2;18;7;25m▂[38;2;24;10;27m[48;2;17;6;25m▂[38;2;22;8;25m[48;2;17;6;24m▂[38;2;20;7;24m[48;2;18;7;23m▂[0m
[38;2;49;20;32m[48;2;42;17;31m▌[38;2;37;16;28m[48;2;34;15;27m▌[38;2;31;14;26m[48;2;27;12;25m▌[38;2;28;11;29m[48;2;27;12;26m▁[38;2;24;12;27m[48;2;28;12;26m▆[38;2;0;0;0m[48;2;35;18;30m [38;2;0;0;0m[48;2;27;14;27m [38;2;0;0;0m[48;2;32;16;31m [38;2;63;39;49m[48;2;24;11;26m▖[38;2;0;0;0m[48;2;29;14;29m [38;2;0;0;0m[48;2;23;10;26m [38;2;0;0;0m[48;2;23;10;26m [38;2;0;0;0m[48;2;34;17;31m [38;2;0;0;0m[48;2;31;14;30m [38;2;0;0;0m[48;2;38;17;29m [38;2;0;0;0m[48;2;31;13;26m [38;2;0;0;0m[48;2;36;17;31m [38;2;20;9;25m[48;2;31;12;27m▅[38;2;24;14;25m[48;2;31;33;25m▊[38;2;37;52;29m[48;2;45;79;29m▌[38;2;52;100;28m[48;2;60;116;30m▎[38;2;66;121;28m[48;2;74;122;26m▌[38;2;83;122;25m[48;2;89;120;27m▌[38;2;0;0;0m[48;2;101;123;27m [38;2;170;121;59m[48;2;238;124;105m▎[38;2;168;39;43m[48;2;232;97;86m▗[38;2;0;0;0m[48;2;139;22;40m [38;2;0;0;0m[48;2;137;19;38m [38;2;158;24;37m[48;2;185;34;44m▘[38;2;195;50;60m[48;2;162;27;40m▊[38;2;0;0;0m[48;2;137;18;35m [38;2;0;0;0m[48;2;135;18;37m [38;2;156;28;44m[48;2;214;75;75m▌[38;2;224;90;86m[48;2;156;29;45m▘[38;2;132;15;39m[48;2;122;14;36m▘[38;2;116;15;38m[48;2;108;17;39m▌[38;2;110;17;38m[48;2;122;18;39m▌[38;2;98;13;32m[48;2;83;12;35m▌[38;2;61;12;38m[48;2;17;1;29m▌[38;2;2;4;39m[48;2;1;2;33m┃[38;2;0;0;0m[48;2;0;3;31m [38;2;0;5;27m[48;2;0;2;27m▘[38;2;0;1;29m[48;2;0;1;30m▄[38;2;0;1;25m[48;2;0;1;30m▃[38;2;0;2;31m[48;2;0;1;29m▝[38;2;0;2;26m[48;2;0;1;29m▝[38;2;0;0;28m[48;2;0;3;28m▄[38;2;1;5;34m[48;2;2;7;36m▖[38;2;3;6;32m[48;2;4;5;25m▎[38;2;8;4;23m[48;2;25;2;24m▊[38;2;49;5;31m[48;2;45;5;29m▊[38;2;36;5;27m[48;2;40;5;30m▌[38;2;48;8;34m[48;2;30;3;25m▊[38;2;40;2;26m[48;2;33;3;25m┃[38;2;37;7;34m[48;2;24;6;31m▌[38;2;11;15;52m[48;2;18;9;35m▝[38;2;7;18;55m[48;2;6;14;53m▄[38;2;0;0;0m[48;2;50;73;129m [38;2;43;58;104m[48;2;54;78;133m▗[38;2;37;49;90m[48;2;52;69;130m▅[38;2;26;37;70m[48;2;30;43;83m▄[38;2;24;33;56m[48;2;31;39;71m▄[38;2;48;57;90m[48;2;30;35;58m▂[38;2;41;51;81m[48;2;30;40;79m▄[38;2;20;29;56m[48;2;10;17;38m▎[38;2;8;15;33m[48;2;7;14;33m▄[38;2;0;0;0m[48;2;9;16;39m [38;2;18;28;67m[48;2;18;28;65m▄[38;2;14;21;54m[48;2;23;33;83m▌[38;2;23;28;79m[48;2;23;29;80m▄[38;2;26;25;62m[48;2;30;28;72m▄[38;2;43;32;80m[48;2;32;23;59m▆[38;2;49;35;73m[48;2;62;41;94m▘[38;2;0;0;0m[48;2;67;42;96m [38;2;79;48;101m[48;2;102;85;118m▅[38;2;109;75;115m[48;2;167;156;170m▄[38;2;124;103;128m[48;2;73;52;79m▘[38;2;0;0;0m[48;2;80;60;84m [38;2;145;133;147m[48;2;73;43;75m▘[38;2;81;60;81m[48;2;71;41;70m▗[38;2;150;131;151m[48;2;88;60;81m┃[38;2;81;16;43m[48;2;63;13;39m▃[38;2;80;13;34m[48;2;65;12;34m▅[38;2;83;14;27m[48;2;74;12;29m▆[38;2;100;30;26m[48;2;90;20;25m▗[38;2;122;58;35m[48;2;108;40;29m▗[38;2;131;69;37m[48;2;149;90;44m▌[38;2;179;122;80m[48;2;165;107;58m▗[38;2;186;123;94m[48;2;192;128;117m▌[38;2;209;146;149m[48;2;198;128;130m▅[38;2;216;157;164m[48;2;207;140;145m▅[38;2;215;159;169m[48;2;205;143;152m▅[38;2;205;152;165m[48;2;195;137;149m▅[38;2;190;137;154m[48;2;176;124;135m▅[38;2;176;122;138m[48;2;157;106;122m▄[38;2;158;104;117m[48;2;134;85;101m▄[38;2;140;86;101m[48;2;110;66;83m▄[38;2;120;70;86m[48;2;89;49;67m▄[38;2;100;55;72m[48;2;70;37;53m▄[38;2;83;44;60m[48;2;55;27;44m▄[38;2;66;35;51m[48;2;44;21;39m▄[38;2;54;26;44m[48;2;37;18;36m▃[38;2;40;18;37m[48;2;30;13;31m▃[38;2;30;13;31m[48;2;24;10;27m▖[0m
[38;2;33;13;26m[48;2;48;21;35m▅[38;2;29;12;26m[48;2;37;15;28m▃[38;2;33;13;27m[48;2;27;10;27m▘[38;2;25;9;27m[48;2;26;11;28m▄[38;2;0;0;0m[48;2;24;9;27m [38;2;36;18;31m[48;2;76;46;58m▇[38;2;0;0;0m[48;2;29;14;25m [38;2;0;0;0m[48;2;39;21;34m [38;2;0;0;0m[48;2;31;15;30m [38;2;0;0;0m[48;2;29;14;28m [38;2;22;9;27m[48;2;21;9;25m▘[38;2;0;0;0m[48;2;26;14;28m [38;2;0;0;0m[48;2;33;18;32m [38;2;0;0;0m[48;2;24;12;27m [38;2;0;0;0m[48;2;29;16;30m [38;2;0;0;0m[48;2;14;7;24m [38;2;0;0;0m[48;2;22;12;29m [38;2;13;7;28m[48;2;12;9;24m▎[38;2;20;20;25m[48;2;33;47;28m▌[38;2;44;74;30m[48;2;53;100;29m▌[38;2;56;117;24m[48;2;56;117;26m▄[38;2;65;121;21m[48;2;77;122;22m▌[38;2;87;123;22m[48;2;97;124;23m▌[38;2;117;125;32m[48;2;227;125;92m▊[38;2;241;114;104m[48;2;237;88;79m▊[38;2;205;61;49m[48;2;149;28;37m▘[38;2;141;23;42m[48;2;140;22;41m▄[38;2;149;24;40m[48;2;182;32;42m▌[38;2;188;31;44m[48;2;199;41;56m▘[38;2;185;33;51m[48;2;144;20;39m▎[38;2;132;19;38m[48;2;137;20;38m▗[38;2;214;69;69m[48;2;147;22;38m▗[38;2;139;20;37m[48;2;214;78;76m▗[38;2;0;0;0m[48;2;125;14;33m [38;2;121;15;37m[48;2;114;15;36m▘[38;2;104;14;37m[48;2;109;17;39m▄[38;2;118;16;36m[48;2;100;11;31m▊[38;2;92;9;31m[48;2;87;12;32m▌[38;2;70;14;37m[48;2;19;0;25m▊[38;2;0;0;0m[48;2;2;1;30m [38;2;0;2;32m[48;2;0;2;29m▌[38;2;0;1;27m[48;2;0;1;29m▊[38;2;0;0;28m[48;2;0;1;29m▄[38;2;0;1;27m[48;2;0;2;25m▎[38;2;0;1;24m[48;2;0;0;26m▃[38;2;0;0;25m[48;2;0;0;29m▂[38;2;0;0;30m[48;2;0;1;31m▆[38;2;0;1;28m[48;2;0;3;33m▄[38;2;1;5;33m[48;2;0;3;26m▌[38;2;2;2;19m[48;2;3;7;31m▝[38;2;6;4;24m[48;2;35;5;30m▖[38;2;49;2;26m[48;2;47;3;28m▄[38;2;48;3;28m[48;2;33;2;24m▊[38;2;41;2;25m[48;2;35;2;23m┃[38;2;0;0;0m[48;2;47;2;26m [38;2;40;3;31m[48;2;19;3;31m▄[38;2;0;0;0m[48;2;12;15;49m [38;2;58;73;135m[48;2;53;76;135m▄[38;2;53;63;123m[48;2;43;57;105m▌[38;2;35;47;84m[48;2;25;34;64m▌[38;2;0;0;0m[48;2;16;24;44m [38;2;0;0;0m[48;2;20;28;49m [38;2;39;51;81m[48;2;27;34;51m▝[38;2;49;62;96m[48;2;38;48;72m┃[38;2;0;0;0m[48;2;36;45;63m [38;2;29;42;71m[48;2;19;27;47m▃[38;2;22;33;66m[48;2;16;27;61m▄[38;2;92;102;138m[48;2;31;43;85m▂[38;2;104;109;135m[48;2;31;40;85m▃[38;2;119;122;150m[48;2;31;34;83m▃[38;2;110;107;140m[48;2;36;35;73m▁[38;2;45;34;85m[48;2;37;26;70m▄[38;2;49;34;82m[48;2;30;18;48m▎[38;2;0;0;0m[48;2;44;33;59m [38;2;98;66;106m[48;2;96;67;111m▄[38;2;0;0;0m[48;2;113;56;117m [38;2;0;0;0m[48;2;108;49;109m [38;2;63;29;59m[48;2;113;51;110m▗[38;2;62;36;57m[48;2;119;58;116m▅[38;2;107;81;103m[48;2;146;129;148m▊[38;2;170;139;160m[48;2;94;33;59m▌[38;2;0;0;0m[48;2;90;27;49m [38;2;101;39;51m[48;2;87;21;36m▂[38;2;105;44;46m[48;2;90;22;29m▃[38;2;98;29;30m[48;2;110;44;36m▘[38;2;120;57;40m[48;2;131;73;45m▌[38;2;146;93;50m[48;2;165;114;59m▌[38;2;178;127;74m[48;2;189;137;95m▌[38;2;198;144;119m[48;2;205;146;142m▌[38;2;210;151;156m[48;2;213;156;162m▎[38;2;207;152;165m[48;2;216;162;172m▂[38;2;200;146;162m[48;2;212;160;173m▂[38;2;193;138;159m[48;2;205;152;170m▃[38;2;186;128;150m[48;2;194;140;158m▃[38;2;178;118;138m[48;2;184;127;144m▃[38;2;175;114;131m[48;2;169;107;124m▌[38;2;163;100;117m[48;2;156;93;109m▌[38;2;146;84;100m[48;2;137;77;93m▊[38;2;130;70;89m[48;2;119;66;83m▅[38;2;114;59;79m[48;2;101;55;73m▄[38;2;76;40;58m[48;2;92;47;66m▝[38;2;79;38;57m[48;2;65;31;50m▖[38;2;58;27;47m[48;2;46;21;41m▖[38;2;40;17;36m[48;2;30;13;32m▖[0m
