[48;2;14;29;32m[38;2;11;27;31m▄[48;2;22;30;42m[38;2;16;27;37m▅[48;2;18;27;39m[38;2;19;29;40m▄[48;2;22;29;37m[38;2;0;0;0m [48;2;60;44;38m[38;2;217;199;192m▗[48;2;103;69;50m[38;2;237;227;221m▅[48;2;235;227;223m[38;2;0;0;0m [48;2;254;254;253m[38;2;254;254;254m▅▅[48;2;229;198;177m[38;2;251;249;246m▅[48;2;161;123;105m[38;2;236;219;208m▆[48;2;133;78;42m[38;2;214;184;174m▄[48;2;194;104;43m[38;2;126;88;70m▄[48;2;219;127;73m[38;2;114;54;23m▁[48;2;248;144;90m[38;2;211;114;69m▁[48;2;225;125;80m[38;2;244;134;83m▘[48;2;224;125;78m[38;2;216;119;78m▆[48;2;171;87;50m[38;2;75;28;13m▝[48;2;172;162;172m[38;2;77;47;40m▖[48;2;46;17;10m[38;2;147;133;136m▖[48;2;101;42;7m[38;2;54;19;0m▇[48;2;106;46;6m[38;2;56;24;1m▇[48;2;57;31;10m[38;2;0;0;0m [48;2;60;37;31m [48;2;97;59;41m[38;2;127;109;116m▂[48;2;178;100;53m[38;2;142;99;130m▂[48;2;182;102;51m[38;2;150;101;126m▄[48;2;175;98;64m[38;2;150;102;131m▅[48;2;170;98;71m[38;2;149;101;129m▆[48;2;157;93;96m[38;2;149;100;130m▇[48;2;141;92;122m[38;2;92;57;70m▗[48;2;145;95;126m[38;2;0;0;0m [48;2;147;96;130m[38;2;147;97;127m▆[48;2;149;98;131m[38;2;147;98;128m▅[48;2;154;106;141m[38;2;150;101;133m▊[48;2;172;158;154m[38;2;116;82;97m▊[48;2;78;52;62m[38;2;161;143;139m▎[48;2;105;77;118m[38;2;0;0;0m [48;2;75;52;71m[38;2;119;81;123m▌[48;2;36;43;56m[38;2;0;0;0m [48;2;29;41;60m[38;2;30;41;74m┗[48;2;27;37;64m[38;2;32;42;66m▄[48;2;31;41;79m[38;2;29;37;69m▌[48;2;25;36;65m[38;2;31;43;65m▁[48;2;22;37;56m[38;2;19;40;43m▗[48;2;28;44;67m[38;2;22;49;46m▄[48;2;25;38;64m[38;2;21;38;47m▄[48;2;30;44;80m[38;2;22;42;57m▃[48;2;26;41;66m[38;2;23;49;53m▃[48;2;12;32;42m[38;2;19;43;41m▃[48;2;20;39;42m[38;2;23;43;39m▂[48;2;35;53;55m[38;2;27;46;43m▇[48;2;26;45;39m[38;2;0;0;0m [48;2;23;43;38m[38;2;28;47;45m━[48;2;23;44;41m[38;2;25;44;37m▄[48;2;26;46;37m[38;2;24;44;39m▘[48;2;26;48;39m[38;2;30;51;41m▬[48;2;26;47;40m[38;2;32;52;45m▄[48;2;26;46;36m[38;2;24;42;37m▬[48;2;23;43;37m[38;2;24;47;37m▄[48;2;25;47;36m[38;2;27;53;42m▁[48;2;27;47;37m[38;2;30;51;42m▂[48;2;25;46;38m[38;2;28;50;38m▃[48;2;32;53;43m[38;2;27;49;37m▆[48;2;29;51;41m[38;2;24;47;37m▃[48;2;30;54;41m[38;2;25;49;40m▂[48;2;29;55;43m[38;2;25;52;37m▅[48;2;24;48;40m[38;2;27;55;41m▆[48;2;26;47;39m[38;2;30;57;45m▆[48;2;27;49;38m[38;2;30;54;42m▆[48;2;32;48;39m[38;2;35;56;40m▂[48;2;40;56;41m[38;2;38;48;39m▆[48;2;44;47;40m[38;2;32;50;39m▃[48;2;43;42;39m[38;2;35;53;39m▃[0m
[48;2;19;31;40m[38;2;14;29;34m▌[48;2;17;29;37m[38;2;21;34;42m▖[48;2;15;28;35m[38;2;19;31;40m▬[48;2;54;33;24m[38;2;20;31;38m▊[48;2;225;187;162m[38;2;160;119;98m▌[48;2;210;164;137m[38;2;232;210;200m▂[48;2;184;113;95m[38;2;251;206;191m▂[48;2;234;223;213m[38;2;202;108;92m▆[48;2;237;232;228m[38;2;151;79;66m▄[48;2;254;254;254m[38;2;254;253;253m▃[48;2;254;254;252m[38;2;254;254;254m▆[48;2;251;249;246m[38;2;0;0;0m [48;2;221;194;189m[38;2;246;239;237m▃[48;2;101;66;55m[38;2;202;173;170m▅[48;2;139;78;52m[38;2;0;0;0m [48;2;210;115;72m[38;2;182;96;54m▃[48;2;216;119;76m[38;2;219;122;70m▂[48;2;218;123;71m[38;2;197;107;61m▝[48;2;190;100;49m[38;2;94;48;26m▝[48;2;149;131;133m[38;2;118;68;42m▃[48;2;92;54;38m[38;2;154;138;138m▃[48;2;58;22;17m[38;2;0;0;0m [48;2;50;30;34m[38;2;159;154;154m▃[48;2;130;112;111m[38;2;94;49;36m▅[48;2;107;55;39m[38;2;0;0;0m [48;2;132;88;106m[38;2;106;58;48m▄[48;2;148;106;136m[38;2;0;0;0m [48;2;139;100;131m[38;2;91;61;82m▗[48;2;148;104;138m[38;2;0;0;0m [48;2;152;104;135m [48;2;121;75;75m[38;2;155;103;124m▊[48;2;64;34;30m[38;2;139;92;119m▝[48;2;140;93;121m[38;2;0;0;0m [48;2;148;98;129m[38;2;72;45;51m▁[48;2;144;96;128m[38;2;49;20;25m▂[48;2;53;27;37m[38;2;104;70;99m▚[48;2;91;64;99m[38;2;0;0;0m [48;2;104;75;117m[38;2;113;81;128m▝[48;2;118;79;127m[38;2;77;43;63m▗[48;2;57;41;48m[38;2;101;63;97m▂[48;2;32;45;56m[38;2;34;35;34m▂[48;2;33;48;58m[38;2;27;41;43m▃[48;2;37;47;66m[38;2;25;42;39m▄[48;2;36;48;59m[38;2;22;41;35m▄[48;2;21;40;38m[38;2;26;45;52m▘[48;2;17;45;37m[38;2;24;45;42m▅[48;2;17;37;36m[38;2;22;42;38m▆[48;2;23;43;39m[38;2;0;0;0m [48;2;25;43;40m[38;2;74;53;8m▁[48;2;32;47;40m[38;2;100;67;0m▁[48;2;28;47;40m[38;2;94;64;5m▂[48;2;32;47;34m[38;2;0;0;0m [48;2;24;44;34m[38;2;23;45;34m▄[48;2;26;47;34m[38;2;22;43;36m▃[48;2;25;47;41m[38;2;26;53;41m▬[48;2;32;57;46m[38;2;25;49;42m▃[48;2;31;49;39m[38;2;24;52;38m▅[48;2;28;47;39m[38;2;28;55;42m▬[48;2;27;48;40m[38;2;29;54;43m▬[48;2;28;53;44m[38;2;30;58;42m▬[48;2;28;53;42m[38;2;30;58;43m▆[48;2;30;53;40m[38;2;29;55;49m▃[48;2;29;54;40m[38;2;31;58;51m▬[48;2;27;54;38m[38;2;30;58;49m▬[48;2;27;55;40m[38;2;31;58;49m▬[48;2;30;57;48m[38;2;30;58;43m▄[38;2;31;56;48m▄[48;2;30;55;47m[38;2;33;55;49m▄[48;2;31;59;44m[38;2;33;51;44m▅[48;2;38;52;42m[38;2;50;45;42m╺[48;2;35;54;42m[38;2;36;40;40m▆[48;2;34;51;41m[38;2;33;35;40m▃[48;2;34;54;42m[38;2;40;37;40m▄[48;2;35;54;42m[38;2;38;33;42m▄[0m
[48;2;25;34;39m[38;2;0;0;0m [48;2;45;46;46m[38;2;209;175;156m▁[48;2;58;51;46m[38;2;237;219;210m▃[48;2;70;51;42m[38;2;235;221;215m▆[48;2;254;254;253m[38;2;254;254;254m▄[48;2;254;254;254m[38;2;254;254;253m▃[48;2;253;249;237m[38;2;251;226;168m▃[48;2;252;178;141m[38;2;251;219;159m▆[48;2;253;142;121m[38;2;253;194;143m▂[48;2;124;56;41m[38;2;243;125;109m▆[48;2;195;178;170m[38;2;150;81;57m▅[48;2;230;218;212m[38;2;129;101;89m▁[48;2;254;254;254m[38;2;254;253;252m▝[48;2;248;243;241m[38;2;220;191;186m▝[48;2;217;190;183m[38;2;123;96;92m▝[48;2;150;84;48m[38;2;65;32;17m┓[48;2;211;118;60m[38;2;183;96;43m▖[48;2;224;129;63m[38;2;221;128;59m▗[48;2;222;129;60m[38;2;211;121;53m▂[48;2;194;107;46m[38;2;0;0;0m [48;2;132;79;58m[38;2;155;139;137m▝[48;2;158;148;160m[38;2;91;45;47m▄[48;2;115;67;53m[38;2;0;0;0m [48;2;120;68;49m [48;2;124;73;55m[38;2;123;73;61m▆[48;2;120;71;60m[38;2;105;58;52m▝[48;2;112;65;58m[38;2;0;0;0m [48;2;149;97;80m[38;2;76;42;37m▃[48;2;181;99;50m[38;2;82;42;24m▊[48;2;202;127;69m[38;2;73;33;12m▄[48;2;207;126;55m[38;2;39;18;9m▅[48;2;61;27;12m[38;2;187;121;80m▁[48;2;60;24;7m[38;2;206;107;51m▂[48;2;58;29;42m[38;2;155;70;23m▁[48;2;69;38;51m[38;2;172;117;79m▁[48;2;85;50;63m[38;2;247;148;88m▂[48;2;86;53;73m[38;2;209;97;33m▂[48;2;93;63;99m[38;2;55;23;23m▅[48;2;90;58;94m[38;2;55;27;44m▘[48;2;125;81;132m[38;2;110;73;115m▌[48;2;65;35;44m[38;2;82;54;78m▗[48;2;22;38;36m[38;2;0;0;0m [48;2;22;42;42m[38;2;18;40;36m▁[48;2;21;41;41m[38;2;18;41;37m▄[48;2;20;40;36m[38;2;0;0;0m [48;2;35;45;32m[38;2;142;87;13m▁[48;2;57;53;24m[38;2;218;146;70m▃[48;2;79;56;10m[38;2;240;163;94m▅[48;2;122;74;0m[38;2;249;155;91m▆[48;2;118;76;0m[38;2;245;149;86m▇[48;2;145;84;1m[38;2;250;149;87m▆[48;2;125;75;4m[38;2;242;130;60m▄[48;2;82;62;14m[38;2;183;92;15m▂[48;2;42;51;33m[38;2;110;71;3m▁[48;2;26;47;41m[38;2;27;46;34m▂[48;2;25;49;43m[38;2;26;48;38m▅[48;2;25;49;39m[38;2;28;53;45m▬[48;2;27;52;44m[38;2;27;53;37m▄[48;2;28;51;44m[38;2;31;62;38m▂[48;2;27;48;41m[38;2;32;59;44m▂[48;2;26;46;40m[38;2;32;48;41m▖[48;2;27;48;39m[38;2;36;52;42m▝[48;2;30;53;42m[38;2;34;56;44m▘[48;2;27;50;39m[38;2;35;56;46m▁[48;2;26;50;39m[38;2;39;52;44m▃[48;2;28;53;42m[38;2;40;66;49m▃[48;2;27;50;43m[38;2;42;68;50m▄[48;2;33;50;43m[38;2;43;62;49m▂[48;2;34;50;43m[38;2;41;49;42m▂[48;2;39;55;46m[38;2;34;49;41m━[48;2;36;52;41m[38;2;45;43;44m▗[48;2;39;41;39m[38;2;51;42;42m▅[48;2;38;37;40m[38;2;48;41;42m▃[48;2;43;35;38m[38;2;49;37;36m▬[0m
[48;2;254;252;251m[38;2;254;254;254m▄[48;2;254;253;253m▆[48;2;254;254;254m[38;2;254;254;253m [38;2;254;254;252m▄[48;2;253;247;225m[38;2;251;226;164m▄[48;2;252;224;160m[38;2;252;226;160m▌[48;2;252;223;159m[38;2;252;224;160m▊[38;2;252;221;159m▝[48;2;252;220;156m[38;2;0;0;0m [48;2;253;156;127m[38;2;253;205;147m▄[48;2;252;141;112m[38;2;0;0;0m [48;2;115;66;43m[38;2;214;128;85m▄[48;2;222;206;198m[38;2;72;44;31m▖[48;2;253;252;250m[38;2;0;0;0m [48;2;248;243;238m[38;2;225;200;190m▝[48;2;205;176;162m[38;2;72;49;41m▝[48;2;157;82;30m[38;2;62;37;24m▖[48;2;211;119;50m[38;2;195;106;43m▄[48;2;188;104;45m[38;2;0;0;0m [48;2;168;96;64m[38;2;145;94;125m▃[48;2;150;101;133m[38;2;0;0;0m [48;2;64;34;45m[38;2;138;95;124m▌[48;2;90;44;38m[38;2;77;48;73m▃[48;2;114;64;47m[38;2;106;51;33m▖[48;2;123;73;60m[38;2;107;67;50m▅[48;2;109;72;59m[38;2;170;166;164m▁[48;2;111;67;52m[38;2;164;156;148m▂[48;2;35;26;28m[38;2;117;79;64m▌[48;2;54;27;18m[38;2;192;148;116m▂[48;2;215;107;40m[38;2;200;111;47m▄[48;2;118;67;35m[38;2;226;119;55m▄[48;2;235;145;90m[38;2;141;65;18m▃[48;2;228;116;50m[38;2;0;0;0m [48;2;200;88;41m[38;2;220;99;38m▌[48;2;137;71;36m[38;2;193;83;41m▆[48;2;198;95;51m[38;2;99;43;25m▬[48;2;199;91;48m[38;2;63;24;20m▄[48;2;178;78;44m[38;2;66;26;14m▁[48;2;104;50;36m[38;2;183;82;34m┓[48;2;75;41;54m[38;2;240;139;77m▃[48;2;84;51;50m[38;2;240;128;62m▄[48;2;60;45;14m[38;2;235;123;56m▅[48;2;74;49;9m[38;2;204;101;31m▅[48;2;109;66;10m[38;2;235;173;90m▂[48;2;166;112;41m[38;2;249;223;183m▃[48;2;225;159;76m[38;2;245;218;178m▆[48;2;252;206;152m[38;2;248;214;172m▆[48;2;254;180;122m[38;2;252;202;153m▆[48;2;254;170;112m[38;2;254;183;129m▃[48;2;254;161;102m[38;2;254;140;71m▝[48;2;252;148;86m[38;2;242;117;44m▬[48;2;253;147;84m[38;2;225;105;36m▄[48;2;231;113;42m[38;2;252;139;71m▬[48;2;152;85;4m[38;2;228;113;43m▅[48;2;93;64;12m[38;2;179;91;15m▖[48;2;55;57;43m[38;2;125;103;87m▂[48;2;43;50;37m[38;2;162;143;130m▃[48;2;38;52;35m[38;2;184;166;154m▃[48;2;54;63;47m[38;2;203;187;176m▁[48;2;40;54;40m[38;2;103;79;62m▁[48;2;44;47;38m[38;2;0;0;0m [48;2;34;46;41m[38;2;45;47;40m▅[48;2;32;53;46m[38;2;40;38;39m▃[48;2;33;48;42m[38;2;40;48;45m▄[48;2;38;52;46m[38;2;35;43;39m▘[48;2;37;59;44m[38;2;32;50;41m▅[48;2;44;63;50m[38;2;43;43;42m▃[48;2;38;56;41m[38;2;45;47;41m▄[48;2;48;50;45m[38;2;37;50;39m▘[48;2;45;49;44m[38;2;54;55;47m▘[48;2;45;41;42m[38;2;39;48;43m▬[48;2;49;41;41m[38;2;40;35;42m▬[48;2;46;42;43m[38;2;38;34;41m▇[48;2;38;33;41m[38;2;39;33;41m▄[0m
[48;2;254;254;254m[38;2;254;254;251m [38;2;254;254;250m▃[48;2;252;247;228m[38;2;251;228;172m▅[48;2;251;225;165m[38;2;0;0;0m [48;2;252;225;163m[38;2;252;225;164m▊[48;2;252;224;160m[38;2;252;224;161m▃[38;2;252;223;159m [48;2;252;221;159m[38;2;252;222;159m▌[48;2;252;220;156m[38;2;0;0;0m [48;2;252;217;155m[38;2;253;219;155m▎[48;2;253;156;119m[38;2;253;200;146m▌[48;2;253;158;114m[38;2;254;145;110m▎[48;2;117;69;46m[38;2;180;105;69m▄[48;2;237;223;213m[38;2;150;126;113m▎[48;2;253;251;248m[38;2;0;0;0m [48;2;221;192;175m[38;2;238;224;212m▎[48;2;88;51;25m[38;2;178;152;138m▌[48;2;175;100;55m[38;2;139;91;109m▁[48;2;154;92;85m[38;2;149;100;130m▆[48;2;150;100;132m[38;2;151;102;135m▂[48;2;156;108;131m[38;2;0;0;0m [48;2;81;38;30m[38;2;153;101;95m▌[48;2;81;44;53m[38;2;88;55;39m▄[48;2;113;77;60m[38;2;160;151;146m▃[48;2;141;131;125m[38;2;185;173;165m▄[48;2;138;127;119m[38;2;221;213;209m▅[48;2;120;98;88m[38;2;204;195;190m╸[48;2;224;166;132m[38;2;73;51;42m▘[48;2;244;203;176m[38;2;253;173;126m▆[48;2;234;146;87m[38;2;0;0;0m [48;2;214;123;58m[38;2;140;69;9m╸[48;2;235;131;63m[38;2;0;0;0m [48;2;112;50;13m[38;2;239;120;49m▆[48;2;212;95;32m[38;2;108;46;11m▬[48;2;196;83;35m[38;2;96;40;9m▃[48;2;197;80;37m[38;2;100;41;11m▁[48;2;197;80;34m[38;2;0;0;0m [48;2;204;90;36m[38;2;109;44;11m▚[48;2;238;136;76m[38;2;147;66;22m▁[48;2;254;147;85m[38;2;0;0;0m [48;2;254;144;81m[38;2;232;120;48m▗[48;2;218;115;47m[38;2;223;157;70m▄[48;2;205;139;58m[38;2;242;194;124m▅[48;2;245;211;157m[38;2;170;81;31m▂[48;2;244;219;186m[38;2;121;67;35m▂[48;2;249;213;171m[38;2;200;133;84m▁[48;2;253;190;128m[38;2;247;221;185m▂[48;2;254;198;146m[38;2;253;176;114m▇[48;2;254;182;128m[38;2;254;163;102m▆[48;2;254;169;118m[38;2;254;158;98m─[48;2;254;162;108m[38;2;0;0;0m [48;2;238;121;53m[38;2;254;154;95m▄[48;2;212;98;33m[38;2;242;123;52m▖[48;2;238;118;49m[38;2;205;94;34m▅[48;2;225;109;39m[38;2;218;101;35m▄[48;2;170;79;27m[38;2;73;44;29m▝[48;2;184;167;157m[38;2;133;103;92m▄[48;2;142;119;103m[38;2;236;226;222m▆[48;2;219;207;201m[38;2;132;108;94m⎻[48;2;177;157;146m[38;2;195;180;172m▄[48;2;137;117;102m[38;2;174;157;147m▄[48;2;94;76;63m[38;2;189;170;159m▅[48;2;66;55;52m[38;2;194;182;173m▂[48;2;39;35;39m[38;2;69;54;42m▁[48;2;37;37;39m[38;2;34;30;41m▬[48;2;40;38;40m[38;2;38;48;41m▁[48;2;40;37;40m[38;2;46;51;41m▂[48;2;45;42;39m[38;2;43;48;40m▬[48;2;39;37;40m[38;2;54;46;40m▅[48;2;45;47;43m[38;2;53;44;41m▄[48;2;45;48;44m[38;2;61;52;44m▅[48;2;52;46;43m[38;2;58;57;45m▬[48;2;49;42;42m[38;2;58;48;43m▬[48;2;44;38;41m[38;2;58;49;44m▄[0m
[48;2;252;246;230m[38;2;248;224;179m▃[48;2;249;223;174m[38;2;0;0;0m [48;2;249;221;169m[38;2;249;220;171m▁[48;2;251;221;166m[38;2;250;221;168m▎[48;2;252;224;165m[38;2;252;225;164m┗[48;2;252;224;162m[38;2;252;223;164m▖[48;2;252;222;160m[38;2;0;0;0m [48;2;252;221;159m[38;2;252;222;159m [48;2;253;217;156m[38;2;252;218;157m▌[48;2;252;215;156m[38;2;253;217;156m╴[48;2;252;211;155m[38;2;0;0;0m [48;2;253;165;124m [48;2;245;152;112m [48;2;207;183;166m[38;2;104;66;52m▌[48;2;252;248;244m[38;2;231;213;201m▎[48;2;220;199;189m[38;2;251;246;241m▎[48;2;191;169;173m[38;2;0;0;0m [48;2;150;108;142m[38;2;97;66;73m▎[48;2;153;108;143m[38;2;0;0;0m [48;2;148;103;119m[38;2;49;44;39m▁[48;2;151;98;69m[38;2;88;58;39m▄[48;2;86;64;50m[38;2;0;0;0m [48;2;124;117;112m[38;2;141;131;123m▄[48;2;224;215;209m[38;2;143;129;119m▘[48;2;212;201;196m[38;2;121;95;82m▂[48;2;130;108;97m[38;2;211;155;118m▄[48;2;244;163;116m[38;2;0;0;0m [48;2;253;169;119m[38;2;248;202;167m▃[48;2;253;178;131m[38;2;248;214;185m▄[48;2;251;186;140m[38;2;252;136;65m▂[48;2;251;181;125m[38;2;250;122;48m▅[48;2;147;72;12m[38;2;233;106;29m▅[48;2;214;120;51m[38;2;136;65;8m▗[48;2;237;137;69m[38;2;0;0;0m [48;2;242;129;62m [48;2;110;46;12m[38;2;244;114;43m▅[48;2;105;42;12m[38;2;223;94;31m▄[48;2;214;85;32m[38;2;94;38;9m▬[48;2;164;66;22m[38;2;116;45;14m▄[48;2;212;111;53m[38;2;77;30;5m▄[48;2;234;140;68m[38;2;167;93;31m┛[48;2;250;172;97m[38;2;220;94;46m▄[48;2;207;89;45m[38;2;173;71;32m▃[48;2;166;68;33m[38;2;119;48;15m▝[48;2;54;17;2m[38;2;164;69;41m▆[48;2;92;38;12m[38;2;171;73;52m▅[48;2;183;97;68m[38;2;106;43;21m▬[48;2;225;176;134m[38;2;118;53;33m▄[48;2;233;171;124m[38;2;119;58;23m▁[48;2;253;170;120m[38;2;249;192;148m▂[48;2;254;160;107m[38;2;254;164;113m▘[48;2;254;152;93m[38;2;254;157;101m▌[48;2;253;146;85m[38;2;0;0;0m [48;2;214;98;37m[38;2;245;129;66m▅[48;2;183;84;35m[38;2;150;69;25m▂[48;2;191;88;39m[38;2;0;0;0m [48;2;170;78;40m [48;2;104;60;56m[38;2;202;192;192m▝[48;2;205;198;203m[38;2;0;0;0m [48;2;242;235;233m[38;2;190;190;203m▃[48;2;173;155;147m[38;2;209;204;210m▆[48;2;181;163;154m[38;2;150;139;141m▄[48;2;198;181;171m[38;2;163;147;145m▄[48;2;178;170;168m[38;2;91;65;51m▝[48;2;80;48;32m[38;2;0;0;0m [48;2;71;48;28m[38;2;178;83;45m▂[48;2;66;53;34m[38;2;211;94;28m▁[48;2;48;51;41m[38;2;99;43;9m▁[48;2;46;45;41m[38;2;59;47;39m▃[48;2;56;46;39m[38;2;63;50;37m▬[48;2;58;48;38m[38;2;56;45;39m▅[48;2;53;45;41m[38;2;56;47;40m▘[48;2;50;44;42m[38;2;60;50;43m▄[48;2;55;47;42m[38;2;52;44;42m▄[0m
[48;2;249;220;174m[38;2;249;220;175m╸[48;2;249;220;173m[38;2;249;220;174m╸[48;2;250;221;169m[38;2;249;220;170m▌[48;2;251;220;166m[38;2;250;220;169m▎[48;2;252;222;165m[38;2;252;220;164m▆[48;2;252;222;162m[38;2;252;219;162m▅[48;2;252;219;160m[38;2;252;219;161m▄[48;2;252;219;158m[38;2;252;217;159m▄[48;2;252;216;158m[38;2;252;214;162m▃[48;2;252;214;160m[38;2;251;214;164m▄[48;2;251;214;163m[38;2;249;215;170m▂[48;2;254;166;133m[38;2;251;203;159m▌[48;2;249;163;129m[38;2;0;0;0m [48;2;186;149;138m[38;2;99;75;75m│[48;2;220;202;199m[38;2;238;226;222m▝[48;2;207;192;202m[38;2;78;81;80m▁[48;2;164;150;161m[38;2;29;44;44m▃[48;2;106;80;101m[38;2;23;38;35m▅[48;2;73;51;40m[38;2;187;101;47m▁[48;2;87;47;21m[38;2;237;125;56m▅[48;2;199;99;40m[38;2;117;65;38m▂[48;2;158;155;153m[38;2;106;82;68m▚[48;2;169;167;166m[38;2;105;93;83m▘[48;2;172;161;157m[38;2;140;91;63m▅[48;2;246;155;99m[38;2;139;97;74m▘[48;2;253;153;93m[38;2;0;0;0m [48;2;251;198;162m[38;2;253;172;124m▊[48;2;251;204;170m[38;2;251;142;77m▗[48;2;251;182;132m[38;2;244;117;42m▆[48;2;218;102;26m[38;2;0;0;0m [48;2;234;129;52m[38;2;147;72;3m╸[48;2;229;115;30m[38;2;254;167;98m▅[48;2;249;129;54m[38;2;254;158;93m▬[48;2;154;66;18m[38;2;251;123;46m▆[48;2;229;110;40m[38;2;125;54;11m⎻[48;2;246;125;52m[38;2;159;68;18m━[48;2;251;126;53m[38;2;0;0;0m [48;2;242;106;37m[38;2;254;134;61m▅[48;2;238;99;36m[38;2;254;135;64m▄[48;2;200;80;32m[38;2;246;117;50m▇[48;2;230;94;36m[38;2;254;132;59m▄[48;2;231;100;40m[38;2;254;143;74m▅[48;2;230;100;39m[38;2;254;152;86m▆[48;2;239;114;50m[38;2;253;175;117m▄[48;2;223;100;46m[38;2;252;185;133m▄[48;2;214;103;56m[38;2;250;196;153m▂[48;2;191;87;55m[38;2;254;155;95m▁[48;2;164;73;60m[38;2;0;0;0m [48;2;112;49;21m[38;2;148;68;62m▇[48;2;217;155;109m[38;2;132;64;50m▆[48;2;226;157;117m[38;2;116;63;50m▁[48;2;254;151;98m[38;2;250;181;141m▖[48;2;253;142;86m[38;2;250;125;57m▝[48;2;243;124;64m[38;2;209;96;45m▗[48;2;232;110;55m[38;2;0;0;0m [48;2;117;53;45m[38;2;185;84;68m▖[48;2;169;78;52m[38;2;87;34;41m▖[48;2;175;79;52m[38;2;0;0;0m [48;2;104;58;67m [48;2;164;163;183m[38;2;70;48;59m▖[48;2;177;178;196m[38;2;157;152;178m▁[48;2;181;182;198m[38;2;0;0;0m [48;2;123;113;117m[38;2;153;150;162m▄[48;2;136;124;127m[38;2;136;132;138m▄[48;2;158;152;157m[38;2;96;80;81m▖[48;2;116;51;39m[38;2;124;107;106m▖[48;2;229;118;61m[38;2;159;77;68m▂[48;2;151;67;15m[38;2;245;138;75m▇[48;2;118;55;21m[38;2;247;143;82m▅[48;2;87;49;31m[38;2;228;123;64m▃[48;2;86;55;39m[38;2;0;0;0m [48;2;58;49;41m [48;2;62;54;47m[38;2;55;51;46m▆[48;2;62;54;46m[38;2;55;49;43m▅[0m
[48;2;249;219;173m[38;2;249;217;172m▄[48;2;249;219;172m[38;2;249;217;169m▄[48;2;249;219;169m[38;2;251;217;166m▅[48;2;251;217;165m[38;2;252;218;163m▗[48;2;252;218;162m[38;2;252;218;160m▂[48;2;252;219;160m▄[48;2;252;217;159m[38;2;252;215;161m▄[48;2;252;216;161m[38;2;252;214;164m▅[48;2;251;215;165m[38;2;249;215;169m▗[48;2;249;215;170m[38;2;246;217;179m▗[48;2;246;218;180m[38;2;239;220;189m▁[48;2;224;182;151m[38;2;87;73;71m▗[48;2;176;140;134m[38;2;78;69;71m▂[48;2;203;187;185m[38;2;91;76;82m▁[48;2;85;84;87m[38;2;222;210;211m▘[48;2;24;39;41m[38;2;0;0;0m [48;2;26;37;38m [48;2;88;46;20m[38;2;237;127;60m▗[48;2;244;132;64m[38;2;0;0;0m [48;2;162;76;37m[38;2;242;126;54m▘[48;2;164;160;161m[38;2;100;62;45m▊[48;2;132;123;121m[38;2;110;94;87m▄[48;2;194;108;55m[38;2;111;81;64m┛[48;2;248;132;62m[38;2;0;0;0m [48;2;254;142;75m[38;2;254;138;69m▌[48;2;254;152;92m[38;2;253;180;135m▗[48;2;251;178;129m[38;2;234;119;50m▃[48;2;221;109;37m[38;2;167;79;12m▖[48;2;201;108;36m[38;2;252;192;137m▃[48;2;250;168;100m[38;2;0;0;0m [48;2;254;166;97m[38;2;254;140;71m▗[48;2;254;155;89m[38;2;254;129;55m▬[48;2;254;125;49m[38;2;254;163;98m▄[48;2;254;127;51m[38;2;254;169;103m▅[48;2;253;132;61m[38;2;254;163;98m▬[48;2;253;125;51m[38;2;254;147;81m▬[48;2;254;135;62m[38;2;250;149;83m▃[48;2;198;98;30m[38;2;240;146;69m▚[48;2;229;112;30m[38;2;251;175;95m▅[48;2;229;112;31m[38;2;249;151;76m▅[48;2;254;136;62m[38;2;226;95;34m▃[48;2;254;127;51m[38;2;253;120;42m▃[48;2;253;127;51m[38;2;254;155;93m╺[48;2;253;131;57m[38;2;254;170;110m▂[48;2;254;158;96m[38;2;247;117;41m▆[48;2;253;172;119m[38;2;243;119;46m▅[48;2;253;168;115m[38;2;246;120;48m▃[48;2;229;116;62m[38;2;252;150;93m▆[48;2;173;78;55m[38;2;239;121;61m▃[48;2;144;69;68m[38;2;0;0;0m [48;2;122;58;66m [48;2;200;136;110m[38;2;107;52;56m▄[48;2;238;144;109m[38;2;0;0;0m [48;2;254;130;84m[38;2;236;108;57m▝[48;2;194;85;47m[38;2;236;103;58m▖[48;2;186;83;57m[38;2;226;97;52m▘[48;2;146;70;75m[38;2;71;26;36m▝[48;2;125;59;65m[38;2;77;30;41m▄[48;2;159;75;64m[38;2;124;65;86m▖[48;2;82;41;53m[38;2;118;61;80m┓[48;2;133;122;147m[38;2;53;26;35m▖[48;2;153;145;171m[38;2;176;176;197m▝[48;2;180;180;199m[38;2;162;155;178m▁[48;2;157;153;166m[38;2;97;82;87m┗[48;2;128;119;124m[38;2;142;134;143m▄[48;2;139;125;123m[38;2;108;91;90m▄[48;2;136;90;90m[38;2;106;46;35m▚[48;2;153;76;78m[38;2;231;114;51m▝[48;2;231;119;58m[38;2;0;0;0m [48;2;254;149;88m[38;2;232;108;38m▄[48;2;240;125;59m[38;2;0;0;0m [48;2;125;73;47m[38;2;239;124;56m▄[48;2;78;57;43m[38;2;0;0;0m [48;2;105;87;77m[38;2;245;240;236m▗[0m
[48;2;249;215;169m[38;2;251;213;164m▃[48;2;250;216;167m[38;2;252;214;162m▅[48;2;251;216;163m[38;2;252;214;159m▃[48;2;252;216;159m[38;2;0;0;0m [38;2;252;214;160m▃[48;2;252;216;160m[38;2;252;214;161m▆[48;2;252;213;163m[38;2;252;212;165m▗[48;2;251;214;166m[38;2;248;214;172m▗[48;2;247;216;175m[38;2;244;218;186m▗[48;2;241;222;196m[38;2;0;0;0m [48;2;185;169;151m[38;2;66;64;59m▃[48;2;31;45;38m[38;2;0;0;0m [48;2;27;43;39m [48;2;56;49;57m[38;2;27;41;42m▇[48;2;28;39;42m[38;2;23;36;42m▇[48;2;23;39;44m[38;2;21;35;43m▆[48;2;58;46;39m[38;2;145;73;31m▗[48;2;248;135;66m[38;2;0;0;0m [48;2;160;77;33m[38;2;228;116;48m▌[48;2;92;38;13m[38;2;137;68;43m▊[48;2;100;81;71m[38;2;165;164;165m▝[48;2;194;90;29m[38;2;54;28;15m▘[48;2;252;126;49m[38;2;0;0;0m [48;2;254;132;56m[38;2;254;127;51m▃[48;2;254;154;96m[38;2;254;138;68m▌[48;2;242;140;79m[38;2;130;59;8m▗[48;2;218;139;84m[38;2;137;68;13m┛[48;2;244;196;155m[38;2;0;0;0m [48;2;253;180;124m[38;2;249;203;162m▎[48;2;253;172;112m[38;2;252;189;141m▁[48;2;253;171;109m[38;2;254;179;123m▖[48;2;252;181;119m[38;2;250;222;189m▂[48;2;252;186;130m[38;2;240;121;58m▂[48;2;252;159;95m[38;2;228;98;36m▅[48;2;251;143;72m[38;2;238;106;36m▊[48;2;253;143;74m[38;2;253;186;120m▆[48;2;194;112;43m[38;2;239;178;110m▚[48;2;247;180;109m[38;2;0;0;0m [48;2;253;183;115m[38;2;249;196;146m▗[48;2;205;83;27m[38;2;236;133;74m▎[48;2;228;98;33m[38;2;208;84;30m▊[48;2;227;99;33m[38;2;246;112;35m▊[48;2;241;108;34m[38;2;210;88;32m▖[48;2;246;123;51m[38;2;254;183;131m▝[48;2;251;145;80m[38;2;252;182;134m▅[48;2;228;106;40m[38;2;253;151;91m▖[48;2;218;97;36m[38;2;187;82;39m▃[48;2;226;104;39m[38;2;203;91;38m▃[48;2;253;129;61m[38;2;219;99;40m▆[48;2;208;92;43m[38;2;0;0;0m [48;2;142;69;69m[38;2;187;83;48m▃[48;2;125;62;78m[38;2;124;64;82m▄[48;2;97;49;63m[38;2;0;0;0m [48;2;229;124;104m[38;2;76;36;42m▖[48;2;248;109;71m[38;2;0;0;0m [48;2;179;79;53m[38;2;226;93;61m▖[48;2;169;77;54m[38;2;0;0;0m [48;2;135;64;68m [48;2;109;56;77m[38;2;59;16;27m▚[48;2;118;65;92m[38;2;0;0;0m [48;2;98;54;88m[38;2;48;20;30m▝[48;2;127;114;139m[38;2;46;17;25m▖[48;2;148;138;163m[38;2;0;0;0m [48;2;168;164;182m[38;2;152;140;161m▅[48;2;146;136;148m[38;2;89;74;78m▚[48;2;146;140;148m[38;2;69;48;45m▝[48;2;140;124;122m[38;2;81;59;55m▖[48;2;118;77;88m[38;2;102;43;45m▚[48;2;171;81;62m[38;2;128;71;96m▇[48;2;192;87;43m[38;2;127;72;96m▄[48;2;193;90;38m[38;2;0;0;0m [48;2;229;107;36m[38;2;191;89;33m▆[48;2;173;102;65m[38;2;234;226;221m▗[48;2;254;254;252m[38;2;254;254;251m▘[0m
[48;2;252;210;162m[38;2;252;209;158m▅[48;2;252;211;159m[38;2;252;211;156m▅[48;2;252;213;157m[38;2;253;210;155m▂[48;2;252;212;157m[38;2;252;210;156m▁[48;2;252;213;159m[38;2;252;210;159m▄[48;2;251;211;164m[38;2;252;211;161m▌[48;2;250;212;167m[38;2;248;214;174m▗[48;2;246;218;181m[38;2;0;0;0m [48;2;230;211;188m [48;2;62;51;55m[38;2;202;178;162m▘[48;2;25;34;36m[38;2;0;0;0m [48;2;27;32;35m[38;2;30;42;36m▬[48;2;29;44;42m[38;2;31;31;38m▂[48;2;31;42;44m[38;2;30;30;38m▂[48;2;29;31;40m[38;2;36;38;43m▬[48;2;26;34;41m[38;2;32;33;39m┛[48;2;161;73;22m[38;2;59;44;35m▌[48;2;237;126;60m[38;2;0;0;0m [48;2;130;66;44m[38;2;156;73;31m▘[48;2;93;41;6m[38;2;120;59;33m▊[48;2;217;102;32m[38;2;59;24;5m▘[48;2;252;119;40m[38;2;250;117;36m▁[48;2;254;122;43m[38;2;253;117;38m▆[48;2;252;130;55m[38;2;254;124;46m▌[48;2;207;106;45m[38;2;88;37;4m▗[48;2;232;139;82m[38;2;93;39;4m▘[48;2;253;162;109m[38;2;251;192;151m▘[48;2;253;176;131m[38;2;254;157;103m▄[48;2;253;170;122m[38;2;249;196;164m╺[48;2;252;176;130m[38;2;248;205;173m▗[48;2;250;214;182m[38;2;235;136;83m▗[48;2;250;184;136m[38;2;205;93;46m▆[48;2;201;83;37m[38;2;220;95;37m▗[48;2;216;104;42m[38;2;163;70;22m▖[48;2;250;200;151m[38;2;237;142;67m▘[48;2;168;91;29m[38;2;249;174;114m▌[48;2;229;182;135m[38;2;0;0;0m [48;2;253;173;109m[38;2;254;184;122m▎[48;2;245;136;73m[38;2;250;216;181m▊[48;2;189;75;20m[38;2;203;81;19m▎[48;2;207;86;30m[38;2;193;80;26m▅[48;2;210;93;31m[38;2;230;104;33m▊[48;2;196;83;29m[38;2;164;71;17m▃[48;2;227;103;33m[38;2;200;87;30m▖[48;2;235;111;39m[38;2;251;175;126m▝[48;2;253;163;108m[38;2;250;194;155m▚[48;2;249;144;83m[38;2;169;77;27m▝[48;2;174;76;40m[38;2;148;67;26m▆[48;2;180;81;41m[38;2;127;57;33m▁[48;2;191;86;43m[38;2;0;0;0m [48;2;190;84;46m[38;2;185;84;45m▆[48;2;177;81;49m[38;2;134;66;72m▝[48;2;118;61;86m[38;2;0;0;0m [48;2;96;48;86m[38;2;65;24;32m▝[48;2;198;89;72m[38;2;85;31;33m▃[48;2;235;96;63m[38;2;0;0;0m [48;2;164;74;55m[38;2;209;85;60m▖[48;2;157;73;55m[38;2;0;0;0m [48;2;93;51;90m[38;2;130;68;80m▊[48;2;88;48;89m[38;2;46;10;22m▚[48;2;100;59;106m[38;2;0;0;0m [48;2;87;48;89m[38;2;49;21;31m▝[48;2;139;127;151m[38;2;54;31;37m▖[48;2;151;139;158m[38;2;0;0;0m [48;2;145;134;148m [48;2;142;134;142m[38;2;92;76;81m┓[48;2;84;66;64m[38;2;165;162;171m▖[48;2;145;132;131m[38;2;108;81;74m▝[48;2;102;56;58m[38;2;125;69;96m▝[48;2;116;70;104m[38;2;119;70;94m▅[48;2;122;70;89m[38;2;0;0;0m [48;2;153;82;45m[38;2;217;205;198m▗[48;2;254;254;253m[38;2;254;254;254m▂▄[0m
[48;2;253;207;155m[38;2;254;208;152m▄[48;2;253;211;155m[38;2;254;210;153m▅[48;2;253;209;155m[38;2;253;208;154m▄[48;2;252;209;157m[38;2;252;211;157m▝[48;2;252;209;160m[38;2;251;209;164m▗[48;2;250;210;167m[38;2;247;213;176m▗[48;2;245;217;186m[38;2;0;0;0m [48;2;226;207;186m [48;2;49;39;45m[38;2;175;146;130m▘[48;2;32;28;36m[38;2;28;25;36m▌[48;2;30;29;37m[38;2;37;31;36m▂[48;2;38;29;35m[38;2;35;29;37m▄[48;2;34;29;36m[38;2;41;32;35m▁[48;2;32;35;40m[38;2;35;30;38m▊[48;2;33;36;42m[38;2;39;33;38m▗[48;2;36;32;38m[38;2;41;35;37m▃[48;2;208;96;32m[38;2;67;35;19m▊[48;2;149;73;38m[38;2;239;127;59m▌[48;2;122;62;44m[38;2;94;40;9m▗[48;2;211;97;29m[38;2;89;39;7m▘[48;2;251;117;37m[38;2;247;113;37m▄[48;2;249;116;37m[38;2;247;115;36m▅[48;2;252;119;39m[38;2;0;0;0m [48;2;201;94;31m[38;2;121;54;11m▄[48;2;222;118;55m[38;2;89;37;4m▘[48;2;254;130;61m[38;2;254;157;102m▘[48;2;254;136;70m[38;2;254;127;58m▅[48;2;254;132;71m[38;2;254;153;101m▝[48;2;253;148;97m[38;2;248;188;158m▗[48;2;241;180;147m[38;2;194;111;82m▃[48;2;167;75;46m[38;2;0;0;0m [48;2;168;72;42m[38;2;203;89;44m▗[48;2;188;81;33m[38;2;106;45;14m┏[48;2;252;171;123m[38;2;216;107;52m▎[48;2;241;131;68m[38;2;251;179;133m▌[48;2;136;82;48m[38;2;136;91;59m▄[48;2;250;203;164m[38;2;250;188;139m▊[48;2;251;195;156m[38;2;254;169;117m▊[48;2;240;149;91m[38;2;251;235;216m▌[48;2;181;74;15m[38;2;169;71;13m┃[48;2;166;72;17m[38;2;0;0;0m [48;2;212;95;32m[38;2;185;81;26m▎[48;2;149;67;15m[38;2;73;30;0m▗[48;2;180;80;25m[38;2;153;69;18m▃[48;2;205;94;33m[38;2;0;0;0m [48;2;222;111;49m [48;2;250;141;78m[38;2;253;172;123m▚[48;2;249;134;66m[38;2;0;0;0m [48;2;123;52;18m[38;2;227;112;48m▄[48;2;135;64;40m[38;2;96;40;15m▃[48;2;167;77;46m[38;2;128;61;48m▄[48;2;165;77;45m[38;2;139;65;36m╺[48;2;142;66;52m[38;2;101;43;24m▁[48;2;106;57;90m[38;2;124;62;70m▖[48;2;96;51;93m[38;2;45;10;24m▝[48;2;170;68;46m[38;2;78;27;28m▄[48;2;226;91;61m[38;2;194;82;58m▝[48;2;154;72;55m[38;2;180;78;56m▖[48;2;150;73;56m[38;2;0;0;0m [48;2;83;45;97m[38;2;122;65;87m▌[48;2;67;29;55m[38;2;61;23;48m▄[48;2;96;58;112m[38;2;0;0;0m [48;2;58;29;48m[38;2;90;53;110m▖[48;2;136;124;138m[38;2;0;0;0m [48;2;153;143;155m [48;2;148;137;147m[38;2;92;74;78m▝[48;2;138;126;131m[38;2;83;65;66m▖[48;2;75;56;52m[38;2;150;138;136m▝[48;2;79;50;45m[38;2;149;136;134m▌[48;2;107;56;71m[38;2;0;0;0m [48;2;101;57;64m[38;2;198;187;182m▗[48;2;254;254;253m[38;2;254;254;254m▅[48;2;254;254;254m [38;2;254;253;253m▗[0m
[48;2;254;206;151m[38;2;254;204;150m▃[48;2;254;207;152m[38;2;254;205;152m▄[48;2;253;206;155m[38;2;253;206;153m▎[48;2;252;206;158m[38;2;251;208;164m▗[48;2;249;209;168m[38;2;246;214;179m▗[48;2;244;215;184m[38;2;247;232;210m▗[48;2;238;221;200m[38;2;127;96;86m▗[48;2;54;39;40m[38;2;154;123;111m▘[48;2;34;30;37m[38;2;46;38;35m▃[48;2;30;27;36m[38;2;41;34;36m▄[48;2;40;32;37m[38;2;36;31;39m▃[48;2;37;32;36m[38;2;32;29;38m▬[48;2;38;31;36m[38;2;45;37;36m▃[48;2;35;31;39m[38;2;43;38;40m▃[48;2;32;28;38m[38;2;33;29;39m▄[48;2;36;31;39m[38;2;30;28;38m▬[48;2;217;100;30m[38;2;65;33;19m▊[48;2;109;53;29m[38;2;201;95;37m▌[48;2;216;100;29m[38;2;109;48;13m▌[48;2;248;114;35m[38;2;243;112;34m▂[48;2;245;111;35m[38;2;241;110;34m▅[48;2;249;114;36m[38;2;244;112;35m▎[48;2;207;97;30m[38;2;66;28;1m▗[48;2;178;87;30m▘[48;2;241;114;45m[38;2;245;135;70m┛[48;2;250;113;42m[38;2;241;105;44m▂[48;2;248;110;47m[38;2;231;100;49m▗[48;2;248;108;53m[38;2;247;138;106m▗[48;2;232;157;131m[38;2;144;65;52m▗[48;2;130;60;49m[38;2;0;0;0m [48;2;155;71;48m[38;2;124;56;43m▌[48;2;104;45;21m[38;2;179;81;48m▊[48;2;234;106;51m[38;2;81;33;11m▌[48;2;253;151;103m[38;2;243;121;63m▄[48;2;69;28;6m[38;2;187;85;34m▊[48;2;217;127;73m[38;2;43;15;0m▎[48;2;254;155;99m[38;2;253;175;127m▝[48;2;253;159;104m[38;2;254;147;85m▄[48;2;228;121;61m[38;2;249;203;168m▊[48;2;169;73;16m[38;2;153;67;8m┃[48;2;90;40;3m[38;2;170;77;23m▌[48;2;175;80;26m[38;2;100;44;5m▎[48;2;83;37;3m[38;2;172;80;26m▊[48;2;143;66;16m[38;2;70;29;2m▌[48;2;183;85;30m[38;2;158;74;20m▌[48;2;193;91;33m[38;2;189;88;32m▄[48;2;192;90;31m[38;2;238;118;49m▝[48;2;240;121;52m[38;2;254;145;80m┗[48;2;254;127;54m[38;2;254;122;46m▆[48;2;220;101;35m[38;2;0;0;0m [48;2;102;42;22m[38;2;164;74;24m▁[48;2;116;54;46m[38;2;0;0;0m [48;2;105;46;34m[38;2;140;66;38m▚[48;2;113;55;55m[38;2;88;35;11m▖[48;2;101;54;90m[38;2;110;57;76m▖[48;2;96;52;89m[38;2;56;13;28m▝[48;2;188;77;54m[38;2;89;29;27m▌[48;2;210;87;54m[38;2;167;76;53m▝[48;2;152;75;50m[38;2;0;0;0m [48;2;150;74;51m[38;2;118;64;86m▝[48;2;90;53;106m[38;2;56;19;45m▝[48;2;91;52;95m[38;2;60;24;41m▌[48;2;91;53;106m[38;2;0;0;0m [48;2;56;30;39m[38;2;130;113;123m▝[48;2;157;143;152m[38;2;0;0;0m [48;2;158;144;149m[38;2;161;150;156m╵[48;2;96;77;77m[38;2;104;87;85m▄[48;2;73;52;47m[38;2;144;126;128m▌[48;2;95;75;70m[38;2;162;149;145m┃[48;2;85;59;55m[38;2;241;238;237m▗[48;2;254;254;254m[38;2;253;252;252m▘[38;2;254;254;254m [38;2;254;253;253m▗[48;2;252;211;181m[38;2;253;248;244m▘[0m
[48;2;254;203;150m[38;2;254;201;150m▆[48;2;253;203;152m[38;2;0;0;0m [48;2;252;205;157m[38;2;251;206;164m▗[48;2;249;209;169m[38;2;245;215;180m▗[48;2;241;216;188m[38;2;0;0;0m [48;2;212;190;169m[38;2;99;72;66m▃[48;2;64;49;47m[38;2;0;0;0m [48;2;50;40;38m[38;2;47;38;38m▊[48;2;56;43;37m[38;2;50;41;40m▆[48;2;46;40;39m[38;2;38;34;39m▝[48;2;42;37;40m[38;2;50;44;42m▃[48;2;38;34;39m[38;2;51;45;43m▃[48;2;43;36;39m[38;2;39;34;41m━[48;2;43;37;41m[38;2;34;31;41m╸[48;2;41;35;39m[38;2;45;41;41m▬[48;2;43;37;39m[38;2;51;43;41m▬[48;2;143;64;18m[38;2;67;33;17m▊[48;2;100;46;9m[38;2;210;103;36m▗[48;2;242;113;35m[38;2;0;0;0m [48;2;234;108;35m [48;2;246;113;34m[38;2;240;110;34m▌[48;2;213;100;35m[38;2;119;60;23m▗[48;2;144;72;19m[38;2;63;27;2m▊[48;2;226;102;37m[38;2;186;89;34m▌[48;2;229;102;41m[38;2;0;0;0m [48;2;218;96;45m [48;2;217;92;50m[38;2;183;82;48m▖[48;2;232;116;91m[38;2;158;78;71m▗[48;2;115;52;54m[38;2;0;0;0m [48;2;81;26;24m[38;2;114;51;47m▚[48;2;154;72;53m[38;2;0;0;0m [48;2;64;24;10m[38;2;160;73;52m▌[48;2;216;95;48m[38;2;64;27;10m▎[48;2;213;96;46m[38;2;120;57;29m▗[48;2;57;23;8m[38;2;0;0;0m [48;2;229;113;46m[38;2;93;43;5m▎[48;2;253;128;53m[38;2;254;147;83m▝[48;2;254;138;69m[38;2;253;128;53m▆[48;2;250;147;88m[38;2;252;179;133m┃[48;2;147;66;6m[38;2;196;96;41m▎[48;2;156;73;20m[38;2;0;0;0m [48;2;117;54;11m[38;2;63;26;1m▚[48;2;155;74;20m[38;2;145;70;16m▄[48;2;56;22;1m[38;2;118;55;9m▎[48;2;128;60;14m[38;2;0;0;0m [48;2;176;84;29m[38;2;144;70;21m▖[48;2;180;86;30m[38;2;176;85;29m▂[48;2;183;88;30m[38;2;0;0;0m [48;2;235;110;36m[38;2;189;89;30m▂[48;2;245;111;36m[38;2;0;0;0m [48;2;232;104;36m [48;2;82;32;15m[38;2;205;92;36m▖[48;2;106;51;51m[38;2;69;25;15m▖[48;2;111;56;54m[38;2;86;37;13m▝[48;2;99;49;58m[38;2;70;25;17m┓[48;2;98;55;89m[38;2;100;56;82m▎[48;2;59;17;23m[38;2;90;46;81m▌[48;2;197;86;48m[38;2;110;43;26m▎[48;2;162;78;43m[38;2;192;85;46m▎[48;2;155;77;42m[38;2;0;0;0m [48;2;100;60;100m[38;2;127;67;68m▌[48;2;49;16;33m[38;2;81;46;93m▌[48;2;95;57;103m[38;2;64;30;55m▖[48;2;51;20;34m[38;2;86;49;93m▊[48;2;137;121;124m[38;2;50;26;24m▖[48;2;160;145;146m[38;2;0;0;0m [48;2;64;45;39m[38;2;152;135;135m▊[48;2;76;54;47m[38;2;138;121;117m┣[48;2;102;84;78m[38;2;242;239;238m▗[48;2;254;254;254m[38;2;253;253;252m [38;2;254;254;254m [38;2;254;254;253m▗[48;2;252;206;173m[38;2;253;243;237m▘[48;2;253;197;156m[38;2;253;202;165m [0m
[48;2;254;198;149m[38;2;254;198;147m▂[48;2;252;204;159m[38;2;253;201;152m▊[48;2;245;212;174m[38;2;250;207;166m▌[48;2;229;204;172m[38;2;141;105;92m▗[48;2;175;147;127m[38;2;88;66;61m▆[48;2;50;41;41m[38;2;0;0;0m [48;2;40;36;39m[38;2;52;43;40m▆[48;2;49;42;41m[38;2;59;52;48m▂[48;2;46;41;42m[38;2;56;49;44m▅[48;2;48;42;40m[38;2;53;45;43m▘[48;2;45;40;43m[38;2;41;36;40m▬[48;2;47;40;41m[38;2;55;46;43m▗[48;2;51;43;40m[38;2;58;46;41m┓[48;2;49;42;40m[38;2;38;33;41m▝[48;2;44;38;39m[38;2;57;47;39m▂[48;2;44;37;39m[38;2;54;45;41m▃[48;2;78;37;17m[38;2;0;0;0m [48;2;230;120;52m [48;2;235;108;34m [48;2;237;109;35m[38;2;248;122;44m▗[48;2;211;98;36m[38;2;98;48;30m▗[48;2;45;17;0m[38;2;120;61;22m▊[48;2;155;76;25m[38;2;49;19;0m▎[48;2;213;97;38m[38;2;197;92;38m▗[48;2;170;81;39m[38;2;0;0;0m [48;2;167;78;46m[38;2;196;87;45m▘[48;2;214;92;60m[38;2;182;79;50m▎[48;2;100;43;50m[38;2;178;89;82m▘[48;2;82;33;42m[38;2;57;13;14m▗[48;2;136;67;54m[38;2;85;33;25m▎[48;2;142;69;54m[38;2;109;51;54m▗[48;2;41;8;3m[38;2;101;44;44m▌[48;2;183;83;42m[38;2;71;32;13m▎[48;2;73;35;20m[38;2;149;69;35m▘[48;2;45;15;4m[38;2;0;0;0m [48;2;195;92;31m[38;2;92;44;6m▎[48;2;220;100;34m[38;2;246;113;36m▊[48;2;233;108;36m[38;2;199;93;32m▌[48;2;252;151;91m[38;2;252;122;46m▊[48;2;153;70;14m[38;2;232;134;76m▌[48;2;145;71;20m[38;2;136;64;11m▌[48;2;36;13;0m[38;2;122;58;14m▊[48;2;110;51;10m[38;2;52;20;1m▃[48;2;124;59;13m[38;2;55;21;0m▝[48;2;71;24;9m[38;2;173;56;50m▗[48;2;129;64;20m[38;2;83;32;13m▄[48;2;159;77;27m[38;2;0;0;0m [48;2;169;82;29m[38;2;167;83;28m▂[48;2;168;83;28m[38;2;0;0;0m [48;2;215;99;33m[38;2;170;84;28m▅[48;2;229;105;34m[38;2;189;90;30m▁[48;2;230;103;35m[38;2;0;0;0m [48;2;83;34;23m[38;2;183;84;46m▖[48;2;91;43;46m[38;2;45;12;4m▖[48;2;91;47;55m[38;2;67;20;15m▝[48;2;91;44;65m[38;2;50;12;11m▖[48;2;98;54;84m[38;2;0;0;0m [48;2;163;75;42m[38;2;77;28;27m▊[48;2;171;81;37m[38;2;193;88;41m▌[48;2;158;79;37m[38;2;0;0;0m [48;2;115;63;79m[38;2;146;73;47m▊[48;2;91;53;95m[38;2;0;0;0m [48;2;47;14;27m[38;2;82;46;80m▝[48;2;97;61;104m[38;2;0;0;0m [48;2;66;38;48m [48;2;155;138;136m [48;2;72;51;43m[38;2;162;144;138m▊[48;2;89;69;60m[38;2;245;242;236m▗[48;2;254;254;254m[38;2;253;253;253m [38;2;254;254;254m [38;2;254;253;252m▗[48;2;252;202;166m[38;2;253;237;227m▘[48;2;253;197;156m[38;2;253;198;159m [38;2;253;198;156m [0m
[48;2;236;175;125m[38;2;161;89;56m⎽[48;2;225;166;122m[38;2;88;56;42m⎼[48;2;205;154;120m[38;2;129;86;72m━[48;2;88;61;54m[38;2;223;167;130m▖[48;2;48;42;44m[38;2;57;46;44m▁[48;2;49;42;41m[38;2;0;0;0m [48;2;51;45;42m[38;2;59;50;40m▃[48;2;52;45;42m[38;2;45;39;40m▬[48;2;48;43;43m[38;2;57;51;45m▂[48;2;53;47;45m[38;2;62;60;60m▬[48;2;52;50;50m[38;2;60;54;52m▆[48;2;63;55;55m[38;2;55;46;47m▄[48;2;50;43;45m[38;2;51;45;45m▄[48;2;49;42;42m[38;2;54;47;45m▄[48;2;48;40;39m[38;2;52;42;40m▌[48;2;57;34;27m[38;2;47;38;39m▊[48;2;236;143;86m[38;2;111;64;40m▌[48;2;244;119;46m[38;2;0;0;0m [48;2;242;120;47m[38;2;247;142;77m▁[48;2;233;125;63m[38;2;115;53;37m▗[48;2;124;62;21m[38;2;84;40;27m▌[48;2;54;22;0m[38;2;137;71;21m▌[48;2;167;82;30m[38;2;86;40;2m▎[48;2;169;82;34m[38;2;197;91;37m▘[48;2;155;77;37m[38;2;157;79;36m▖[48;2;186;83;47m[38;2;152;76;40m▊[48;2;132;60;53m[38;2;208;88;52m▌[48;2;84;38;46m[38;2;78;34;41m▄[48;2;116;56;45m[38;2;59;16;15m▊[48;2;129;66;53m[38;2;89;41;47m▗[48;2;87;39;45m[38;2;60;19;22m▄[48;2;61;16;13m[38;2;198;67;79m▖[48;2;74;36;14m[38;2;123;60;28m┃[48;2;56;22;13m[38;2;78;37;26m▎[48;2;131;42;39m[38;2;229;103;85m▄[48;2;134;66;26m[38;2;48;19;2m▚[48;2;190;90;30m[38;2;0;0;0m [48;2;172;84;28m [48;2;227;105;34m[38;2;175;85;29m▖[48;2;231;128;66m[38;2;0;0;0m [48;2;136;64;17m [48;2;129;64;19m [48;2;89;29;17m [48;2;98;40;17m[38;2;182;79;61m▁[48;2;85;33;14m[38;2;0;0;0m [48;2;210;77;70m [48;2;107;46;24m[38;2;239;126;90m▃[48;2;136;67;22m[38;2;76;36;14m▁[48;2;160;80;25m[38;2;53;23;0m▁[48;2;158;80;25m[38;2;51;22;0m▁[48;2;161;80;26m[38;2;58;26;0m▁[48;2;196;92;29m[38;2;91;45;3m▁[48;2;222;103;32m[38;2;178;84;49m▝[48;2;81;38;36m[38;2;169;81;53m▖[48;2;71;34;40m[38;2;42;13;10m▄[48;2;78;41;56m[38;2;51;13;16m▝[48;2;96;53;77m[38;2;48;12;14m▖[48;2;60;16;15m[38;2;89;46;71m▊[48;2;168;80;34m[38;2;93;40;16m▖[48;2;163;81;31m[38;2;0;0;0m [48;2;138;71;51m[38;2;160;80;33m▊[48;2;97;60;101m[38;2;113;63;76m▌[48;2;44;9;21m[38;2;83;48;89m▌[48;2;94;58;94m[38;2;53;22;37m▖[48;2;49;17;27m[38;2;99;63;101m▌[48;2;147;128;121m[38;2;44;24;16m▎[48;2;119;100;86m[38;2;242;238;232m▗[48;2;254;254;254m[38;2;253;251;248m [38;2;254;254;254m [38;2;254;252;251m▗[48;2;252;200;163m[38;2;252;233;220m▘[48;2;253;197;156m[38;2;253;197;156m [38;2;252;199;158m [48;2;252;199;157m[38;2;251;205;162m▃[0m
[48;2;254;156;111m[38;2;254;186;135m▅[48;2;254;157;114m[38;2;254;185;135m▃[48;2;254;168;126m[38;2;254;189;136m▂[48;2;248;179;133m[38;2;0;0;0m [48;2;85;60;47m[38;2;239;177;132m▅[48;2;77;59;48m[38;2;231;185;141m▂[48;2;67;52;41m[38;2;0;0;0m [48;2;58;51;43m[38;2;48;41;39m▬[48;2;50;45;41m[38;2;46;41;43m▆[48;2;56;50;45m[38;2;52;43;41m▃[48;2;56;47;45m[38;2;49;40;41m▬[48;2;42;38;44m[38;2;59;49;41m▂[48;2;51;45;43m[38;2;42;38;45m▘[48;2;58;48;42m[38;2;52;45;40m▅[48;2;50;42;40m[38;2;42;38;40m▝[48;2;133;69;34m[38;2;52;33;28m▊[48;2;240;124;53m[38;2;0;0;0m [48;2;244;163;111m[38;2;242;131;65m▘[48;2;237;146;92m[38;2;0;0;0m [48;2;69;35;34m[38;2;159;77;55m▘[48;2;128;65;19m[38;2;0;0;0m [48;2;46;18;0m[38;2;117;58;13m▘[48;2;158;78;26m[38;2;69;30;0m▎[48;2;161;80;30m[38;2;0;0;0m [48;2;156;79;33m[38;2;159;80;31m▌[48;2;200;89;44m[38;2;158;78;35m▊[48;2;116;53;48m[38;2;181;80;49m▎[48;2;47;10;9m[38;2;84;37;40m▌[48;2;99;45;43m[38;2;71;23;17m▎[48;2;46;14;15m[38;2;94;45;50m▘[48;2;71;20;17m[38;2;143;43;43m▁[48;2;148;63;55m[38;2;80;27;16m▄[48;2;83;40;18m[38;2;40;14;2m▆[48;2;52;17;7m[38;2;0;0;0m [48;2;224;126;92m[38;2;55;27;4m▃[48;2;198;150;101m[38;2;169;133;85m▄[48;2;159;107;59m[38;2;66;36;14m▚[48;2;153;76;24m[38;2;0;0;0m [48;2;164;83;27m [48;2;219;108;43m[38;2;182;88;30m▃[48;2;144;71;27m[38;2;205;110;54m▌[48;2;124;58;21m[38;2;134;67;24m▝[48;2;73;27;10m[38;2;123;62;22m▎[48;2;233;112;89m[38;2;0;0;0m [48;2;92;46;24m[38;2;212;118;76m┓[48;2;60;19;10m[38;2;0;0;0m [48;2;88;36;11m[38;2;185;70;58m▁[48;2;60;25;6m[38;2;228;89;75m▃[48;2;53;18;7m[38;2;241;128;94m▃[48;2;76;36;10m[38;2;149;75;22m╺[48;2;49;21;0m[38;2;145;74;22m▆[48;2;46;19;0m[38;2;157;81;25m▆[48;2;94;44;3m[38;2;159;82;27m▅[48;2;127;58;26m[38;2;175;83;30m▅[48;2;53;20;23m[38;2;130;65;54m▖[48;2;61;26;31m[38;2;72;23;11m▄[48;2;48;17;23m[38;2;75;44;64m╸[48;2;97;58;89m[38;2;73;30;46m▖[48;2;143;70;27m[38;2;71;27;24m▊[48;2;164;82;30m[38;2;0;0;0m [48;2;164;81;29m [48;2;106;62;88m[38;2;136;69;53m▌[48;2;87;52;91m[38;2;0;0;0m [48;2;85;50;80m[38;2;41;12;17m▊[48;2;60;26;40m[38;2;100;60;96m▊[48;2;57;35;28m[38;2;194;179;166m▗[48;2;254;254;254m[38;2;254;254;253m▘[38;2;254;254;254m [38;2;254;252;251m▗[48;2;252;200;162m[38;2;252;232;218m▘[48;2;253;197;156m[38;2;253;197;156m [38;2;252;200;160m [48;2;251;200;159m[38;2;250;206;166m▃[48;2;251;207;165m[38;2;251;208;165m┻[0m
[48;2;254;196;143m[38;2;254;196;142m  [38;2;254;198;143m▃[48;2;254;197;143m▄▖[48;2;253;197;147m[38;2;251;205;157m▝[48;2;164;122;90m[38;2;242;203;161m▆[48;2;102;79;63m[38;2;231;208;177m▂[48;2;62;50;42m[38;2;0;0;0m [48;2;48;41;40m [48;2;54;44;39m[38;2;44;37;39m▃[48;2;61;49;41m[38;2;50;41;38m▆[48;2;63;50;40m[38;2;54;45;39m▄[48;2;45;39;39m[38;2;51;42;40m▎[48;2;61;45;34m[38;2;53;45;39m▊[48;2;238;114;40m[38;2;94;43;13m▊[48;2;248;149;84m[38;2;249;121;41m▊[48;2;243;173;120m[38;2;246;153;94m┛[48;2;84;44;56m[38;2;205;137;110m▌[48;2;124;62;22m[38;2;70;35;28m▌[48;2;56;22;1m[38;2;114;57;18m▊[48;2;114;54;7m[38;2;63;26;0m▎[48;2;140;69;19m[38;2;57;22;1m▌[48;2;162;81;28m[38;2;166;82;29m▎[48;2;158;80;31m[38;2;160;81;30m▌[48;2;157;79;32m[38;2;0;0;0m [48;2;113;55;45m[38;2;86;34;29m▗[48;2;43;13;8m[38;2;0;0;0m [48;2;42;13;12m [48;2;209;74;72m[38;2;42;9;6m▘[48;2;253;133;102m[38;2;252;94;95m▘[48;2;250;126;101m[38;2;254;144;103m▇[48;2;80;33;14m[38;2;213;115;76m▌[48;2;205;76;69m[38;2;52;15;7m▌[48;2;100;34;24m[38;2;250;101;88m▆[48;2;81;30;16m[38;2;247;87;80m▄[48;2;187;108;81m[38;2;101;59;35m━[48;2;109;73;37m[38;2;186;151;104m▄[48;2;148;74;21m[38;2;111;73;36m▖[48;2;162;81;26m[38;2;0;0;0m [48;2;172;85;32m[38;2;190;96;42m┗[48;2;128;64;29m[38;2;161;82;32m▖[48;2;55;21;3m[38;2;114;56;29m▊[48;2;245;108;93m[38;2;106;32;25m▌[48;2;189;78;57m[38;2;61;23;8m▝[48;2;78;24;17m[38;2;246;101;87m▅[48;2;207;97;72m[38;2;95;29;21m▘[48;2;246;136;97m[38;2;0;0;0m [48;2;249;142;99m [48;2;249;145;101m[38;2;190;88;47m▁[48;2;115;58;27m[38;2;233;132;88m▅[48;2;185;100;52m[38;2;104;52;13m▬[48;2;150;77;23m[38;2;86;40;12m▂[48;2;160;80;25m[38;2;0;0;0m [48;2;156;79;29m[38;2;117;64;61m▝[48;2;67;28;34m[38;2;113;63;67m▖[48;2;81;27;22m[38;2;182;65;48m┓[48;2;44;10;9m[38;2;81;38;63m▝[48;2;49;12;5m[38;2;84;43;74m▊[48;2;157;76;25m[38;2;74;30;4m▎[48;2;166;82;27m[38;2;0;0;0m [48;2;124;68;64m[38;2;162;80;30m▌[48;2;94;62;101m[38;2;104;63;89m▎[48;2;39;10;14m[38;2;82;46;78m▎[48;2;83;51;63m[38;2;0;0;0m [48;2;254;254;254m[38;2;254;254;253m▌[38;2;254;254;254m [38;2;254;253;252m▗[48;2;252;200;162m[38;2;252;232;219m▘[48;2;253;197;156m[38;2;253;197;156m [38;2;252;200;160m [48;2;251;201;161m[38;2;249;207;169m▄[48;2;249;206;168m[38;2;249;207;170m▌[48;2;252;206;166m[38;2;251;206;166m▃[0m
[48;2;254;196;143m[38;2;254;198;143m▁[48;2;254;198;143m[38;2;254;196;143m [38;2;254;197;143m▂[48;2;254;197;143m[38;2;254;197;144m▃[48;2;254;197;144m[38;2;254;198;146m [48;2;254;198;146m[38;2;254;197;144m▌[48;2;253;201;151m[38;2;251;206;162m▝[48;2;247;212;173m[38;2;245;224;196m▝[48;2;145;120;99m[38;2;236;219;196m▆[48;2;71;52;38m[38;2;181;155;135m▖[48;2;54;47;40m[38;2;67;52;36m▂[48;2;56;48;41m[38;2;56;48;41m▄[48;2;55;48;42m[38;2;68;58;52m▆[48;2;52;45;41m[38;2;67;57;47m▁[48;2;54;43;35m[38;2;71;51;33m▂[48;2;231;109;33m[38;2;103;45;9m▌[48;2;237;113;37m[38;2;0;0;0m [48;2;221;152;114m [48;2;65;33;38m [48;2;119;60;26m [48;2;68;30;3m[38;2;75;33;3m▄[48;2;122;58;19m[38;2;0;0;0m [48;2;51;19;2m [48;2;153;76;23m [48;2;160;82;26m[38;2;162;82;27m▌[48;2;148;76;30m[38;2;160;82;26m▊[48;2;109;55;45m[38;2;82;35;29m▗[48;2;36;10;5m[38;2;48;13;10m▬[48;2;197;74;65m[38;2;43;12;6m▘[48;2;251;126;97m[38;2;0;0;0m [48;2;231;128;87m[38;2;61;24;8m▁[48;2;226;123;83m[38;2;26;6;0m▃[48;2;212;117;75m[38;2;22;4;0m▄[48;2;62;21;14m[38;2;0;0;0m [48;2;215;111;78m[38;2;64;27;12m▅[48;2;212;100;70m[38;2;127;60;33m━[48;2;236;115;85m[38;2;159;75;44m╴[48;2;253;181;127m[38;2;252;148;103m▌[48;2;228;176;122m[38;2;0;0;0m [48;2;121;63;18m[38;2;181;136;88m▄[48;2;140;72;22m[38;2;0;0;0m [48;2;156;79;27m [48;2;113;57;39m[38;2;141;73;32m▖[48;2;183;61;51m[38;2;70;24;14m▊[48;2;247;126;99m[38;2;0;0;0m [48;2;233;130;87m[38;2;148;76;41m▃[48;2;228;129;82m[38;2;56;20;6m▆[48;2;64;25;10m[38;2;118;73;56m▄[48;2;48;14;5m[38;2;0;0;0m [48;2;52;11;1m[38;2;82;0;0m▁[48;2;137;59;25m[38;2;50;2;0m▅[48;2;67;20;9m[38;2;145;69;37m⎻[48;2;72;26;11m[38;2;193;102;55m▬[48;2;82;37;11m[38;2;192;101;60m▬[48;2;156;68;32m[38;2;93;41;10m━[48;2;106;55;38m[38;2;141;72;36m▚[48;2;64;27;32m[38;2;200;83;69m▝[48;2;187;82;66m[38;2;31;7;1m▝[48;2;78;38;64m[38;2;43;11;15m▌[48;2;137;68;24m[38;2;65;22;13m▊[48;2;166;83;26m[38;2;0;0;0m [48;2;136;70;51m[38;2;167;83;24m▊[48;2;97;61;99m[38;2;115;64;72m▎[48;2;63;32;46m[38;2;96;62;103m▎[48;2;231;226;224m[38;2;53;32;28m▘[48;2;254;254;254m[38;2;254;254;254m [38;2;254;253;253m▗[48;2;252;201;165m[38;2;252;235;223m▘[48;2;253;197;156m[38;2;253;197;156m [38;2;253;198;158m▗[48;2;248;207;170m[38;2;252;199;158m▘[48;2;249;206;172m[38;2;248;208;173m▌[48;2;249;204;170m[38;2;249;206;170m▘[48;2;252;203;166m[38;2;250;206;169m▊[0m
[48;2;254;198;143m[38;2;254;197;143m [38;2;254;197;144m▗[48;2;254;197;144m[38;2;254;198;146m▗▅[48;2;254;198;146m[38;2;254;198;147m▗▅[48;2;253;199;148m[38;2;0;0;0m [48;2;252;205;156m[38;2;249;210;169m▝[48;2;246;216;180m[38;2;244;225;195m▝[48;2;242;231;210m[38;2;0;0;0m [48;2;107;83;68m[38;2;223;207;186m▃[48;2;67;53;43m[38;2;0;0;0m [48;2;67;58;48m[38;2;60;53;44m▅[48;2;69;58;43m[38;2;60;50;40m▆[48;2;73;34;14m[38;2;70;54;35m▊[48;2;205;93;29m[38;2;81;35;0m▎[48;2;240;147;89m[38;2;226;104;34m▊[48;2;59;31;42m[38;2;210;142;113m▊[48;2;104;52;26m[38;2;41;22;28m▌[48;2;41;14;0m[38;2;110;56;23m▊[48;2;121;57;13m[38;2;55;21;0m▎[48;2;41;11;0m[38;2;111;54;21m▊[48;2;48;15;6m[38;2;80;36;27m┃[48;2;49;18;2m[38;2;130;64;19m▝[48;2;152;77;25m[38;2;0;0;0m [48;2;155;79;28m[38;2;161;82;25m▊[48;2;63;23;21m[38;2;120;63;47m▌[48;2;57;16;10m[38;2;219;82;74m▗[48;2;216;91;69m[38;2;0;0;0m [48;2;93;41;26m[38;2;203;97;59m▘[48;2;32;7;1m[38;2;59;11;7m▂[48;2;27;2;0m[38;2;78;0;0m▅[48;2;81;0;0m[38;2;82;0;0m▄▂[48;2;34;1;0m[38;2;80;0;0m▄[48;2;40;15;8m[38;2;0;0;0m [48;2;221;123;78m[38;2;104;55;32m▌[48;2;254;186;135m[38;2;254;158;112m▌[48;2;254;196;143m[38;2;254;203;149m▁[48;2;253;199;144m[38;2;252;210;157m▃[48;2;122;85;49m[38;2;240;197;141m▆[48;2;192;119;72m[38;2;112;63;21m▬[48;2;144;74;33m[38;2;136;71;24m▄[48;2;70;27;20m[38;2;112;57;47m▌[48;2;228;110;84m[38;2;111;36;26m▎[48;2;237;133;85m[38;2;155;70;35m▝[48;2;86;45;29m[38;2;195;124;94m▆[48;2;101;53;35m[38;2;221;162;139m▌[48;2;74;0;0m[38;2;136;9;0m▂[48;2;94;2;0m[38;2;192;14;2m▂[48;2;88;1;0m[38;2;108;11;0m▁[48;2;83;0;0m[38;2;78;6;0m▄[48;2;80;0;0m[38;2;106;10;0m▃[48;2;40;1;0m[38;2;99;3;0m▖[48;2;74;31;17m[38;2;124;73;52m╷[48;2;163;63;43m[38;2;42;11;3m▄[48;2;128;50;33m[38;2;49;17;22m▝[48;2;223;103;90m[38;2;97;32;21m▌[48;2;62;20;11m[38;2;192;89;70m▌[48;2;83;34;15m[38;2;33;5;1m▊[48;2;169;82;26m[38;2;136;69;41m▎[48;2;115;65;74m[38;2;158;78;34m▊[48;2;87;52;79m[38;2;0;0;0m [48;2;225;220;218m[38;2;70;40;46m▘[48;2;254;254;254m[38;2;254;253;253m ▗[48;2;252;209;178m[38;2;253;246;241m▘[48;2;253;197;156m[38;2;253;198;159m [38;2;252;198;156m [48;2;251;200;160m[38;2;249;206;171m▗[48;2;248;207;174m[38;2;249;204;173m▂[48;2;249;204;172m[38;2;249;203;172m▖[48;2;250;204;167m[38;2;249;203;170m▊[48;2;251;204;164m[38;2;250;204;166m▘[0m
[48;2;254;197;143m[38;2;254;198;143m▌[48;2;254;197;144m[38;2;254;198;146m [48;2;254;198;146m[38;2;254;198;147m [48;2;254;198;147m[38;2;254;198;146m▘[38;2;254;200;147m▗[48;2;254;200;147m[38;2;254;201;148m▃[48;2;254;201;148m[38;2;254;202;148m [48;2;253;203;149m[38;2;252;206;155m▝[48;2;250;210;164m[38;2;246;216;177m▝[48;2;244;222;188m[38;2;250;239;216m▝[48;2;253;247;229m[38;2;0;0;0m [48;2;234;219;197m[38;2;111;81;63m▝[48;2;72;53;43m[38;2;0;0;0m [48;2;57;47;40m[38;2;58;47;39m▄[48;2;68;31;14m[38;2;60;50;37m▊[48;2;196;86;26m[38;2;78;34;0m▎[48;2;242;151;97m[38;2;222;98;28m▌[48;2;60;30;35m[38;2;195;118;96m▌[48;2;127;68;38m[38;2;60;30;24m▌[48;2;56;21;2m[38;2;119;63;33m▎[48;2;129;62;20m[38;2;0;0;0m [48;2;59;23;14m[38;2;114;57;14m▎[48;2;46;13;1m[38;2;75;33;36m▌[48;2;52;24;22m[38;2;122;59;9m▊[48;2;38;14;11m[38;2;118;57;23m▝[48;2;141;71;23m[38;2;0;0;0m [48;2;59;22;18m[38;2;134;71;42m▌[48;2;97;33;25m[38;2;220;85;78m┗[48;2;56;16;11m[38;2;0;0;0m [48;2;199;137;114m[38;2;91;53;39m▎[48;2;64;10;6m[38;2;0;0;0m [48;2;127;15;12m[38;2;212;132;129m▗[48;2;92;14;9m[38;2;0;0;0m [48;2;75;2;0m[38;2;96;16;1m▄[48;2;122;23;16m[38;2;203;180;177m▁[48;2;95;32;28m[38;2;212;176;174m▁[48;2;176;126;97m[38;2;222;194;160m▇[48;2;253;203;150m[38;2;250;213;165m▄[48;2;253;211;154m[38;2;254;210;153m▌[48;2;250;217;163m[38;2;0;0;0m [48;2;252;220;165m[38;2;252;221;166m▌[48;2;254;168;125m[38;2;254;184;135m▖[48;2;224;154;110m[38;2;0;0;0m [48;2;113;68;43m[38;2;236;190;131m▃[48;2;179;78;55m[38;2;78;36;20m▊[48;2;249;169;122m[38;2;0;0;0m [48;2;252;242;234m[38;2;252;200;155m▊[48;2;126;90;81m[38;2;229;227;224m▊[48;2;219;17;1m[38;2;120;16;9m▌[48;2;239;61;47m[38;2;225;158;155m▝[48;2;103;29;19m[38;2;0;0;0m [48;2;114;21;0m[38;2;58;7;0m▁[48;2;142;51;40m[38;2;242;214;212m▗[48;2;163;40;33m[38;2;240;227;226m▃[48;2;148;103;85m[38;2;216;205;201m▃[48;2;78;39;24m[38;2;181;108;91m▃[48;2;242;120;98m[38;2;157;64;44m▎[48;2;144;56;39m[38;2;248;128;108m▆[48;2;129;47;30m[38;2;247;122;102m▊[48;2;128;62;16m[38;2;45;16;1m▌[48;2;164;79;31m[38;2;0;0;0m [48;2;86;50;56m[38;2;110;58;59m▊[48;2;215;207;203m[38;2;68;34;41m▘[48;2;254;254;254m[38;2;253;251;250m [38;2;254;253;253m [48;2;252;213;186m[38;2;253;242;235m▌[48;2;253;197;156m[38;2;253;197;158m [38;2;253;197;156m [48;2;252;199;159m▌[48;2;249;204;171m[38;2;0;0;0m [48;2;249;203;173m[38;2;249;203;172m▗[48;2;249;203;171m[38;2;250;203;168m▗[48;2;252;203;164m[38;2;250;202;166m▌[48;2;252;204;159m[38;2;252;204;163m▘[0m
[48;2;254;197;144m[38;2;254;197;145m [48;2;254;198;146m[38;2;254;197;144m [48;2;254;198;147m[38;2;254;198;146m▘[38;2;254;200;147m▗[48;2;254;200;147m[38;2;254;201;148m▅[48;2;254;201;148m[38;2;254;202;148m▃[48;2;254;202;148m[38;2;254;203;148m▗[48;2;254;206;150m[38;2;254;205;149m▊[48;2;253;207;153m[38;2;251;210;161m▝[48;2;246;220;180m[38;2;249;215;168m▌[48;2;251;244;222m[38;2;245;228;195m▌[48;2;253;250;232m[38;2;0;0;0m [48;2;230;213;186m[38;2;94;65;47m▝[48;2;73;56;38m[38;2;0;0;0m [48;2;68;37;21m[38;2;63;53;38m▊[48;2;186;82;23m[38;2;74;31;1m▎[48;2;243;142;81m[38;2;220;101;31m▌[48;2;51;26;31m[38;2;163;87;87m▌[48;2;125;66;43m[38;2;77;39;33m▎[48;2;108;50;8m[38;2;53;20;2m▌[48;2;89;42;2m[38;2;135;68;17m▊[48;2;95;48;42m[38;2;55;21;5m▌[48;2;99;45;10m[38;2;46;12;7m▊[48;2;60;30;29m[38;2;133;64;4m▌[48;2;37;7;1m[38;2;40;20;25m▌[48;2;83;49;27m[38;2;228;192;130m▗[48;2;85;40;14m[38;2;159;122;79m▖[48;2;163;68;61m[38;2;46;14;8m▌[48;2;48;21;14m[38;2;225;155;121m▄[48;2;236;228;224m[38;2;157;127;108m▎[48;2;134;54;44m[38;2;186;182;179m▌[48;2;238;54;32m[38;2;0;0;0m [48;2;109;17;1m[38;2;227;91;53m▃[48;2;101;17;3m[38;2;225;60;39m▂[48;2;227;203;201m[38;2;239;85;65m▅[48;2;243;228;227m[38;2;151;53;42m▄[48;2;242;218;181m[38;2;235;225;187m▄[48;2;248;223;179m[38;2;250;240;206m▃[48;2;253;213;158m[38;2;0;0;0m [48;2;235;200;154m[38;2;182;152;122m┏[48;2;252;221;166m[38;2;252;220;165m [48;2;253;176;131m[38;2;252;213;159m▎[48;2;254;168;125m[38;2;254;181;134m [48;2;254;197;144m[38;2;0;0;0m [48;2;243;195;138m [48;2;253;200;142m[38;2;193;116;70m▘[48;2;253;204;150m[38;2;0;0;0m [48;2;249;246;243m[38;2;250;222;187m▖[48;2;153;82;71m[38;2;236;233;232m▖[48;2;223;69;39m[38;2;84;23;13m▁[48;2;221;79;45m[38;2;0;0;0m [48;2;100;11;0m[38;2;243;93;55m▆[48;2;218;79;46m[38;2;0;0;0m [48;2;200;140;131m[38;2;156;114;106m▄[48;2;238;227;225m[38;2;249;149;130m▗[48;2;251;140;120m[38;2;0;0;0m [48;2;254;137;117m[38;2;254;139;120m▃[48;2;254;138;120m[38;2;254;142;124m▗[48;2;79;28;11m[38;2;237;115;94m▌[48;2;165;79;23m[38;2;87;43;4m▎[48;2;87;38;28m[38;2;153;74;31m▊[48;2;208;192;174m[38;2;109;74;62m▌[48;2;254;254;254m[38;2;254;253;253m▌ [48;2;253;244;238m[38;2;252;209;180m▗[48;2;253;197;156m[38;2;253;205;171m▘[38;2;253;197;156m [38;2;252;198;158m▗[48;2;249;202;169m[38;2;251;199;161m▘[48;2;249;203;173m[38;2;250;202;170m▃[48;2;249;202;170m[38;2;250;202;167m▃[48;2;251;202;166m[38;2;252;201;163m▗[48;2;252;204;158m[38;2;252;202;162m▌[48;2;252;204;155m[38;2;253;201;151m▗[0m
[48;2;254;198;146m[38;2;254;197;144m▘[48;2;254;198;147m[38;2;254;198;146m [48;2;254;200;147m[38;2;254;198;147m▘[48;2;254;201;148m[38;2;254;200;147m▘[48;2;254;202;148m[38;2;254;201;148m▘[38;2;254;203;148m▅[48;2;254;205;149m[38;2;254;208;150m▃[48;2;254;209;150m[38;2;254;209;151m▄[48;2;253;209;152m[38;2;254;208;151m▌[48;2;252;212;156m[38;2;250;216;166m▝[48;2;248;219;173m[38;2;243;225;189m▝[48;2;252;246;225m[38;2;245;230;192m▖[48;2;253;249;230m[38;2;0;0;0m [48;2;108;74;46m[38;2;206;181;149m▊[48;2;67;44;22m[38;2;158;109;16m▁[48;2;189;83;24m[38;2;84;37;3m▌[48;2;235;116;52m[38;2;221;104;33m▊[48;2;60;30;34m[38;2;164;82;77m▌[48;2;111;57;38m[38;2;133;70;50m┃[48;2;125;57;8m[38;2;49;18;0m▌[48;2;57;23;2m[38;2;132;65;11m▌[48;2;102;53;51m[38;2;80;34;23m▎[48;2;120;57;3m[38;2;46;12;3m▊[48;2;58;29;30m[38;2;132;64;4m▌[48;2;37;9;7m[38;2;40;21;26m▎[48;2;167;129;86m[38;2;65;31;25m▊[48;2;236;172;120m[38;2;0;0;0m [48;2;89;46;31m[38;2;180;118;93m▄[48;2;249;200;155m[38;2;205;153;131m▎[48;2;247;216;174m[38;2;0;0;0m [48;2;213;210;207m[38;2;164;150;131m▄[48;2;123;55;40m[38;2;154;145;142m▖[48;2;215;78;31m[38;2;74;29;15m▃[48;2;242;105;60m[38;2;131;55;29m▄[48;2;159;53;21m[38;2;223;196;142m▁[48;2;202;183;160m[38;2;139;87;65m▌[48;2;252;248;221m[38;2;252;230;177m▂[48;2;254;250;220m[38;2;252;228;171m▂[48;2;251;218;162m[38;2;0;0;0m [48;2;224;199;172m[38;2;157;127;106m┃[48;2;251;220;167m[38;2;251;242;216m▎[48;2;252;220;165m[38;2;252;221;166m▌[48;2;254;168;125m[38;2;254;167;124m▖[48;2;254;199;144m[38;2;254;170;126m▌[48;2;254;208;149m[38;2;254;208;151m▄[48;2;253;209;151m[38;2;253;214;154m▁[48;2;253;213;154m[38;2;0;0;0m [48;2;247;217;158m[38;2;251;236;200m▁[48;2;224;216;214m[38;2;230;202;149m▆[48;2;91;65;58m[38;2;236;208;149m▅[48;2;79;33;16m[38;2;248;219;157m▄[48;2;90;34;13m[38;2;248;217;154m▄[48;2;71;33;24m[38;2;230;195;134m▅[48;2;131;103;92m[38;2;249;189;129m▄[48;2;252;140;112m[38;2;163;75;55m▘[48;2;254;144;124m[38;2;253;129;102m▁[48;2;254;148;129m[38;2;254;133;107m▅[48;2;250;141;111m[38;2;0;0;0m [48;2;120;64;48m[38;2;91;94;158m▁[48;2;137;81;59m[38;2;90;112;212m▄[48;2;113;86;81m[38;2;110;99;122m▄[48;2;242;239;236m[38;2;194;182;175m▌[48;2;254;254;254m[38;2;254;253;253m [48;2;253;248;244m[38;2;252;217;192m▗[48;2;253;197;156m[38;2;253;234;222m [38;2;253;197;156m [38;2;252;197;157m [48;2;250;200;165m[38;2;251;198;159m▌[48;2;250;202;169m[38;2;250;202;170m [48;2;250;201;168m[38;2;251;200;166m▃[48;2;251;201;165m[38;2;252;202;162m▗[48;2;252;203;160m[38;2;252;203;156m▗[48;2;252;203;155m[38;2;253;200;152m▄[48;2;254;198;149m[38;2;253;200;151m▘[0m
[48;2;254;198;147m[38;2;254;198;146m▊[38;2;254;199;147m [48;2;254;201;148m[38;2;254;200;147m▊[48;2;254;202;148m[38;2;254;201;148m▌[48;2;254;203;148m[38;2;254;206;149m▗[48;2;254;208;150m[38;2;254;205;149m▘[48;2;254;209;151m[38;2;254;208;151m▬[38;2;253;213;153m▃[48;2;253;212;153m[38;2;253;216;154m▂[48;2;252;216;155m[38;2;0;0;0m [48;2;245;212;151m[38;2;183;140;60m▁[48;2;244;222;176m[38;2;213;166;68m▄[48;2;234;212;177m[38;2;224;171;76m▆[48;2;205;123;31m[38;2;247;197;86m▬[48;2;240;172;67m[38;2;91;38;0m▂[48;2;166;82;22m[38;2;118;48;6m▄[48;2;227;103;31m[38;2;193;85;24m▎[48;2;71;36;40m[38;2;190;88;49m▌[48;2;112;58;34m[38;2;136;71;44m┃[48;2;123;59;33m[38;2;69;24;5m▌[48;2;97;45;23m[38;2;45;14;3m┃[48;2;96;48;49m[38;2;111;58;62m▊[48;2;115;56;0m[38;2;45;14;4m▊[48;2;44;24;28m[38;2;121;59;11m▊[48;2;32;7;1m[38;2;39;19;21m▎[48;2;100;52;53m[38;2;86;39;15m▎[48;2;97;67;52m[38;2;241;181;128m▝[48;2;137;74;49m[38;2;227;136;89m▊[48;2;231;193;151m[38;2;0;0;0m [48;2;253;244;227m[38;2;252;214;167m▊[48;2;237;216;176m[38;2;0;0;0m [48;2;119;99;87m[38;2;248;221;165m▇[48;2;210;184;143m[38;2;252;226;169m▇[48;2;251;222;161m[38;2;254;245;210m▂[48;2;252;225;165m[38;2;254;251;225m▂[48;2;252;223;160m[38;2;254;254;232m▃[48;2;252;226;167m[38;2;253;248;218m▃[48;2;252;223;160m[38;2;253;222;157m▗[48;2;198;170;129m[38;2;94;68;52m┏[48;2;224;206;186m[38;2;0;0;0m [48;2;252;221;166m[38;2;252;220;165m▗[48;2;253;161;130m[38;2;252;218;164m▘[48;2;254;168;125m[38;2;254;164;124m▌[48;2;254;177;130m[38;2;254;168;125m▊[48;2;254;207;150m[38;2;254;187;137m▁[48;2;252;243;219m[38;2;252;219;161m▊[48;2;251;232;194m[38;2;253;252;247m▇[48;2;254;254;252m[38;2;254;254;254m▄[48;2;254;254;253m▅[48;2;252;228;178m[38;2;253;252;244m▆[48;2;253;225;174m[38;2;253;244;219m▬[48;2;252;212;155m[38;2;254;177;120m▗[48;2;252;213;151m[38;2;253;170;111m▄[48;2;251;218;155m[38;2;243;164;102m▄[48;2;250;137;98m[38;2;0;0;0m [48;2;253;136;108m[38;2;253;126;95m▬[48;2;230;128;95m[38;2;135;88;91m▁[48;2;139;99;105m[38;2;94;112;207m▃[48;2;94;115;214m[38;2;0;0;0m [48;2;95;112;197m[38;2;169;161;167m▗[48;2;142;123;116m[38;2;238;233;230m▗[48;2;254;254;254m[38;2;254;253;252m [48;2;253;248;245m[38;2;252;219;197m▗[48;2;252;203;168m[38;2;0;0;0m [48;2;253;197;156m[38;2;253;197;156m  [48;2;252;197;157m[38;2;252;199;162m▗[48;2;251;200;165m[38;2;250;200;168m▝[48;2;250;200;168m[38;2;251;200;165m▆[48;2;252;201;164m[38;2;252;200;160m▗[48;2;252;201;157m[38;2;252;202;162m▘[48;2;253;199;152m[38;2;252;202;156m▘[48;2;254;196;149m[38;2;254;198;151m▘[48;2;254;197;144m[38;2;254;197;147m▌[0m
[48;2;254;198;147m[38;2;254;200;151m▁[48;2;254;200;147m[38;2;254;198;147m▘[48;2;254;201;148m[38;2;254;202;148m▗[48;2;254;203;148m[38;2;254;208;149m▗[48;2;254;207;149m[38;2;254;208;151m▄[48;2;253;210;152m[38;2;253;214;154m▗[48;2;253;214;154m[38;2;252;218;156m▂[48;2;249;218;158m[38;2;0;0;0m [48;2;234;206;153m[38;2;193;146;52m▂[48;2;205;174;109m[38;2;240;200;90m▄[48;2;236;182;78m[38;2;198;98;15m▁[48;2;252;188;84m[38;2;127;46;3m▄[48;2;201;73;15m[38;2;97;17;0m▬[48;2;97;33;0m[38;2;176;0;4m▅[48;2;85;2;0m[38;2;194;0;10m▇[48;2;85;31;2m[38;2;196;22;12m▊[48;2;203;92;28m[38;2;80;34;2m▎[48;2;66;35;45m[38;2;200;91;40m▊[48;2;142;72;15m[38;2;79;40;36m▎[48;2;99;42;33m[38;2;60;21;3m▌[48;2;109;56;61m[38;2;48;13;3m▌[48;2;111;57;64m[38;2;112;56;60m┃[48;2;86;38;18m[38;2;34;9;0m┃[48;2;46;25;28m[38;2;119;59;10m▊[48;2;35;11;6m[38;2;20;3;0m│[48;2;102;57;67m[38;2;113;53;11m▊[48;2;102;57;71m[38;2;0;0;0m [48;2;175;108;68m[38;2;85;40;35m▆[48;2;212;170;126m[38;2;109;61;40m▎[48;2;252;236;204m[38;2;253;214;165m▊[48;2;253;250;226m[38;2;253;237;202m▁[48;2;253;252;230m[38;2;251;246;220m▁[48;2;254;254;233m[38;2;254;254;232m▁▄▄[48;2;253;249;219m[38;2;252;235;185m▗[48;2;252;228;171m[38;2;0;0;0m [48;2;252;220;159m [48;2;211;194;178m[38;2;85;58;47m▝[48;2;228;165;117m[38;2;131;94;72m▖[48;2;235;122;98m[38;2;251;159;119m▌[48;2;251;130;109m[38;2;154;66;27m▂[48;2;251;159;121m[38;2;162;78;38m▂[48;2;252;188;140m[38;2;247;153;112m▃[48;2;253;180;133m[38;2;253;166;123m▆[48;2;253;183;135m[38;2;0;0;0m [48;2;253;247;233m[38;2;253;193;144m▅[48;2;253;251;244m[38;2;252;200;147m▄[48;2;253;250;228m[38;2;253;203;146m▅[48;2;253;240;202m[38;2;253;197;142m▇[48;2;254;187;134m[38;2;0;0;0m [48;2;254;181;127m[38;2;253;174;108m▗[48;2;251;163;98m[38;2;254;190;132m▂[48;2;251;151;108m[38;2;250;171;114m▊[48;2;254;146;120m[38;2;251;135;100m▘[48;2;227;126;101m[38;2;96;84;121m▗[48;2;95;116;213m[38;2;104;77;94m▘[38;2;97;91;119m▗[48;2;182;175;187m[38;2;107;100;129m┛[48;2;164;149;142m[38;2;161;146;138m▄[48;2;254;254;254m[38;2;254;253;253m▄[48;2;253;245;240m[38;2;252;213;187m▗[48;2;252;203;167m[38;2;0;0;0m [48;2;253;197;156m[38;2;253;197;156m  [38;2;252;198;160m▗[48;2;252;199;164m[38;2;252;199;161m▘[48;2;252;199;165m[38;2;252;196;164m▃[48;2;252;198;162m[38;2;252;196;159m▗[48;2;252;198;158m[38;2;253;196;155m▃[48;2;253;199;154m[38;2;253;197;152m▅[48;2;254;196;150m[38;2;254;195;148m▃[48;2;254;197;145m[38;2;254;196;148m▘[48;2;254;196;143m[38;2;254;197;143m▄[0m
[48;2;251;206;160m[38;2;247;214;176m▖[48;2;253;203;151m[38;2;252;208;159m▁[48;2;254;203;148m[38;2;254;207;151m▃[48;2;254;207;150m[38;2;253;211;152m▗[48;2;253;212;153m[38;2;253;216;155m▃[48;2;250;217;152m[38;2;0;0;0m [48;2;235;202;127m[38;2;202;151;50m▂[48;2;203;158;66m[38;2;251;195;88m▄[48;2;247;179;72m[38;2;163;75;7m▂[48;2;215;121;32m[38;2;125;13;0m▄[48;2;111;21;0m[38;2;188;0;1m▄[48;2;196;0;4m[38;2;0;0;0m [48;2;193;0;4m[38;2;229;0;10m▅[48;2;224;0;11m[38;2;0;0;0m [48;2;219;0;11m[38;2;225;0;11m▃[48;2;215;4;13m[38;2;0;0;0m [48;2;177;45;16m[38;2;92;28;3m▚[48;2;210;96;35m[38;2;0;0;0m [48;2;139;72;30m[38;2;89;47;52m▌[48;2;43;14;2m[38;2;103;51;1m▎[48;2;102;50;53m[38;2;42;9;1m▎[48;2;113;60;69m[38;2;113;57;61m▊[48;2;40;12;0m[38;2;89;39;46m▌[48;2;51;27;30m[38;2;117;58;6m▊[48;2;38;10;6m[38;2;0;0;0m [48;2;130;66;16m[38;2;90;38;22m▎[48;2;107;62;74m[38;2;128;64;24m▖[48;2;53;21;22m[38;2;103;60;72m▌[48;2;145;116;86m[38;2;74;43;47m▊[48;2;246;204;147m[38;2;0;0;0m [48;2;253;223;177m[38;2;253;211;155m▇[48;2;249;233;188m[38;2;251;218;162m▆[48;2;252;246;216m[38;2;252;222;164m▇[48;2;252;225;164m[38;2;252;224;163m▃[38;2;252;224;160m▃[48;2;251;227;165m[38;2;252;223;159m▅[48;2;252;223;158m[38;2;252;218;156m▃[48;2;253;222;157m[38;2;253;221;156m▃[48;2;252;213;156m[38;2;0;0;0m [48;2;248;210;160m[38;2;204;157;104m▝[48;2;240;173;117m[38;2;164;87;44m▝[48;2;148;64;21m[38;2;250;140;106m▄[48;2;153;67;26m[38;2;251;142;107m▄[48;2;245;149;109m[38;2;0;0;0m [48;2;254;162;119m[38;2;254;165;121m▄[48;2;254;168;123m[38;2;254;171;125m▗[48;2;254;177;130m[38;2;254;172;126m▬[48;2;254;180;130m[38;2;254;176;129m╸[48;2;254;183;132m[38;2;254;180;131m▅[48;2;254;185;134m[38;2;254;181;132m▄[48;2;254;181;131m[38;2;0;0;0m [48;2;254;190;135m[38;2;254;185;133m▊[48;2;254;189;136m[38;2;0;0;0m [48;2;254;155;126m[38;2;254;178;133m▘[48;2;239;138;111m[38;2;118;96;129m▗[48;2;94;116;213m[38;2;103;92;140m▘[48;2;96;101;158m[38;2;205;199;197m▗[48;2;228;218;212m[38;2;150;139;141m▘[48;2;129;108;95m[38;2;183;163;149m▌[48;2;244;241;238m[38;2;138;122;114m▘[48;2;253;239;230m[38;2;252;206;174m▗[48;2;253;197;156m[38;2;253;200;162m▘[38;2;253;197;156m  [38;2;252;197;158m▗[48;2;252;195;162m[38;2;252;196;159m▎[48;2;252;195;164m[38;2;252;194;161m▃[48;2;252;195;161m[38;2;252;195;158m▅[48;2;252;195;155m[38;2;252;195;157m▘[48;2;253;196;153m[38;2;254;194;151m▂[48;2;254;194;149m[38;2;254;195;147m▗[48;2;254;197;144m[38;2;254;197;145m▄[48;2;254;196;143m[38;2;254;197;144m▎[48;2;254;195;141m[38;2;254;196;143m▘[0m
[48;2;245;224;194m[38;2;0;0;0m [48;2;249;214;169m[38;2;245;221;183m▃[48;2;252;214;159m[38;2;248;220;170m▂[48;2;253;214;154m[38;2;251;221;161m▄[48;2;243;207;138m[38;2;214;150;54m▂[48;2;217;159;64m[38;2;250;193;82m▄[48;2;238;161;60m[38;2;136;57;3m▁[48;2;201;105;24m[38;2;139;9;0m▄[48;2;120;11;0m[38;2;204;0;4m▅[48;2;194;0;1m[38;2;237;0;8m▅[48;2;238;0;8m[38;2;0;0;0m [48;2;236;0;10m[38;2;241;0;8m▅[48;2;235;0;9m[38;2;240;0;9m▅[48;2;233;0;9m[38;2;238;0;9m▄[48;2;230;0;10m[38;2;235;0;9m▃[48;2;221;2;10m[38;2;0;0;0m [48;2;174;29;11m[38;2;216;177;64m▁[48;2;172;89;28m[38;2;0;0;0m [48;2;99;56;71m[38;2;176;82;46m▌[48;2;36;12;0m[38;2;117;60;29m▌[48;2;106;53;51m[38;2;52;17;4m▎[48;2;113;63;71m[38;2;112;55;60m▌[48;2;54;15;16m[38;2;105;56;70m▊[48;2;115;57;15m[38;2;68;31;0m▌[48;2;81;36;34m[38;2;64;27;26m▌[48;2;122;62;26m[38;2;94;43;35m▌[48;2;115;68;59m[38;2;131;69;27m▊[48;2;102;63;74m[38;2;0;0;0m [48;2;98;62;78m[38;2;67;35;40m▌[48;2;88;60;54m[38;2;235;199;139m▝[48;2;237;197;142m[38;2;0;0;0m [48;2;253;210;153m[38;2;253;207;153m▄[48;2;253;213;154m[38;2;254;208;152m▄[48;2;253;218;155m[38;2;253;210;153m▆[48;2;253;217;155m[38;2;254;209;152m▅[48;2;253;216;154m[38;2;254;209;151m▅[48;2;253;212;153m[38;2;254;205;149m▅[48;2;250;199;140m[38;2;0;0;0m [48;2;243;193;133m[38;2;131;87;53m▃[48;2;232;180;126m[38;2;48;18;4m▂[48;2;252;193;135m[38;2;95;40;24m▃[48;2;252;173;120m[38;2;114;39;28m▃[48;2;250;156;108m[38;2;115;34;26m▃[48;2;241;150;103m[38;2;132;32;29m▃[48;2;250;163;114m[38;2;144;45;36m▄[48;2;235;122;97m[38;2;122;59;36m▬[48;2;228;117;88m[38;2;94;33;21m▬[48;2;235;143;103m[38;2;107;50;27m▖[48;2;254;173;125m[38;2;254;167;123m▅[48;2;254;177;127m[38;2;254;171;124m▄[48;2;254;178;130m[38;2;254;175;127m▆[48;2;254;187;134m[38;2;254;181;132m▌[48;2;254;159;128m[38;2;254;180;133m▌[48;2;250;144;117m[38;2;151;94;99m▗[48;2;90;108;195m[38;2;132;95;120m▘[48;2;128;124;151m[38;2;217;210;206m▃[48;2;231;223;218m[38;2;207;188;173m▄[48;2;167;142;136m[38;2;39;15;16m▗[48;2;233;228;226m[38;2;107;86;80m▌[48;2;252;219;197m[38;2;253;244;238m▊[48;2;253;197;156m[38;2;253;199;161m▌[38;2;253;197;156m  [38;2;253;196;156m▗[48;2;252;192;160m[38;2;252;196;157m▘[48;2;252;194;161m[38;2;252;191;159m▅[48;2;252;193;159m[38;2;252;192;156m▂[48;2;253;193;154m[38;2;252;194;158m▘[48;2;253;194;151m[38;2;253;194;153m▌[48;2;254;194;149m[38;2;254;194;146m▂[48;2;254;197;144m[38;2;254;196;143m▁[48;2;254;196;143m[38;2;254;197;144m▘[48;2;254;195;141m[38;2;254;196;143m▘[38;2;254;195;141m [0m
[48;2;242;228;206m[38;2;0;0;0m [48;2;245;231;197m[38;2;253;248;225m▅[48;2;246;228;183m[38;2;0;0;0m [48;2;210;148;57m[38;2;247;222;161m▘[48;2;235;162;59m[38;2;187;100;18m▁[48;2;227;132;38m[38;2;133;36;2m▅[48;2;122;15;0m[38;2;193;0;2m▅[48;2;235;0;7m[38;2;196;0;5m▘[48;2;242;0;9m[38;2;243;0;8m▄[48;2;242;0;7m[38;2;245;0;7m▄[48;2;245;0;7m[38;2;246;0;7m▅▅▆[48;2;209;19;10m[38;2;0;0;0m [48;2;181;25;7m[38;2;241;206;90m▃[48;2;159;84;15m[38;2;239;173;68m▆[48;2;248;169;63m[38;2;143;44;0m▃[48;2;149;71;13m[38;2;142;3;5m▄[48;2;182;85;45m[38;2;90;37;7m▖[48;2;70;34;32m[38;2;111;63;80m▌[48;2;47;17;11m[38;2;97;46;32m┗[48;2;106;56;64m[38;2;0;0;0m [48;2;109;62;77m [48;2;92;44;28m[38;2;50;16;5m▚[48;2;77;31;31m[38;2;104;51;23m▌[48;2;99;58;64m[38;2;78;33;13m▝[48;2;119;64;32m[38;2;0;0;0m [48;2;117;75;85m[38;2;125;73;53m▌[48;2;88;56;66m[38;2;92;60;72m▄[48;2;52;27;31m[38;2;101;70;91m▊[48;2;92;62;69m[38;2;0;0;0m [48;2;226;187;133m[38;2;125;83;74m▄[48;2;237;192;141m[38;2;0;0;0m [48;2;254;206;151m[38;2;253;201;150m▇[48;2;254;204;149m[38;2;254;198;148m▅[48;2;254;201;148m[38;2;254;198;146m▅[48;2;254;200;147m[38;2;254;198;145m▇[48;2;254;197;144m[38;2;0;0;0m [48;2;239;186;131m [48;2;69;21;10m[38;2;150;69;49m▄[48;2;239;55;60m[38;2;0;0;0m [48;2;250;62;67m[38;2;254;132;135m▃[48;2;251;67;73m[38;2;254;134;137m▅[48;2;253;78;84m[38;2;254;132;135m▆[48;2;254;104;108m[38;2;254;134;136m▆[48;2;254;101;105m▇[48;2;131;60;39m[38;2;229;100;103m▊[48;2;237;150;104m[38;2;0;0;0m [48;2;254;166;122m[38;2;254;163;120m▊[48;2;254;172;125m[38;2;254;168;124m▊[48;2;254;179;130m[38;2;254;175;127m▊[48;2;254;180;131m[38;2;254;152;121m▗[48;2;249;140;113m[38;2;0;0;0m [48;2;87;100;177m[38;2;145;96;103m▌[48;2;197;194;204m[38;2;117;106;115m┛[48;2;206;186;169m[38;2;242;238;234m▘[48;2;185;161;141m[38;2;81;55;57m▗[48;2;59;37;52m[38;2;154;136;130m▗[48;2;244;240;238m[38;2;0;0;0m [48;2;252;204;171m[38;2;252;232;218m▌[48;2;253;197;156m[38;2;252;197;156m [38;2;253;197;156m  [48;2;253;196;156m▎[48;2;252;191;158m[38;2;253;189;156m▅[48;2;252;192;156m[38;2;253;191;155m▅[48;2;253;191;154m[38;2;253;193;152m▃[48;2;253;193;151m[38;2;254;193;148m▗[48;2;254;193;148m[38;2;254;194;145m▄[48;2;254;197;144m[38;2;254;196;143m▗[48;2;254;196;143m[38;2;254;195;142m▗[48;2;254;195;141m[38;2;254;194;140m▁▄[38;2;254;194;139m▎[0m
[48;2;114;84;65m[38;2;232;199;168m▝[48;2;237;220;192m[38;2;201;137;68m▁[48;2;227;167;71m[38;2;0;0;0m [48;2;245;155;49m[38;2;122;51;1m▗[48;2;171;21;2m[38;2;108;33;0m┛[48;2;213;0;6m[38;2;176;2;0m▘[48;2;235;0;10m[38;2;0;0;0m [48;2;241;0;9m[38;2;242;0;9m▝[48;2;242;0;7m▊[48;2;246;0;7m[38;2;245;0;7m▎[48;2;245;0;6m[38;2;0;0;0m [48;2;215;27;13m [48;2;180;54;16m[38;2;241;208;100m▄[48;2;243;188;86m[38;2;178;85;14m▁[48;2;245;161;66m[38;2;147;37;4m▅[48;2;151;32;1m[38;2;190;0;2m▄[48;2;164;0;2m[38;2;195;0;3m▆[48;2;206;0;13m[38;2;202;0;11m▘[48;2;167;10;14m[38;2;96;12;2m┗[48;2;89;44;43m[38;2;142;70;50m▚[48;2;50;9;14m[38;2;76;43;50m▖[48;2;70;20;35m[38;2;151;37;95m▖[48;2;106;57;66m[38;2;52;16;12m▖[48;2;104;60;76m[38;2;69;29;31m▝[48;2;60;22;10m[38;2;101;48;16m┗[48;2;107;67;80m[38;2;82;38;40m▎[48;2;93;47;38m[38;2;97;56;62m▄[48;2;123;69;46m[38;2;0;0;0m [48;2;118;77;82m[38;2;88;58;69m▝[48;2;107;75;95m[38;2;88;57;67m▎[48;2;84;58;75m[38;2;88;60;74m▄[48;2;142;87;83m[38;2;120;84;104m▌[48;2;106;67;50m[38;2;146;86;71m▌[48;2;222;176;126m[38;2;92;66;41m▅[48;2;229;179;130m[38;2;108;72;46m▁[48;2;250;196;143m[38;2;0;0;0m [48;2;254;197;144m[38;2;254;197;145m▄[48;2;254;196;142m[38;2;254;197;144m▄[48;2;254;196;143m[38;2;254;197;143m▖[48;2;232;177;125m[38;2;0;0;0m [48;2;229;140;116m[38;2;163;69;58m▚[48;2;246;130;131m[38;2;0;0;0m [48;2;254;127;130m[38;2;254;141;146m▁[38;2;254;141;144m▃[48;2;254;132;134m[38;2;253;143;145m▂[48;2;247;126;129m[38;2;171;86;69m▗[48;2;226;140;94m[38;2;164;71;63m▘[48;2;253;158;114m[38;2;0;0;0m [48;2;247;155;106m[38;2;171;112;36m▁[48;2;254;169;113m[38;2;254;160;63m⎽[48;2;254;167;122m[38;2;253;162;57m▃[48;2;247;132;94m[38;2;246;187;63m▂[48;2;83;61;78m[38;2;194;113;65m▊[48;2;116;111;140m[38;2;238;234;230m▗[48;2;214;195;180m[38;2;241;236;233m▘[48;2;185;160;140m[38;2;0;0;0m [48;2;79;58;85m [48;2;244;241;239m[38;2;122;102;99m▘[48;2;252;222;203m[38;2;253;246;241m▊[48;2;252;201;164m[38;2;0;0;0m [48;2;253;197;156m[38;2;253;197;156m  [38;2;253;196;155m [48;2;253;194;153m[38;2;253;192;154m▝[48;2;253;190;154m[38;2;254;193;152m▆[48;2;254;194;152m[38;2;254;193;149m▃[48;2;254;193;150m[38;2;254;193;147m▅[48;2;254;193;147m[38;2;254;194;145m▆[48;2;254;196;143m[38;2;254;197;145m▘[38;2;254;195;141m▂[48;2;254;194;140m[38;2;254;194;139m▄[48;2;254;192;138m[38;2;254;187;134m▁[48;2;254;191;138m▄[48;2;254;192;138m[38;2;254;188;135m▃[0m
[48;2;81;54;24m[38;2;218;160;49m▗[48;2;250;170;64m[38;2;155;98;28m▘[48;2;213;120;29m[38;2;96;12;0m▗[48;2;176;0;2m[38;2;95;23;0m▘[48;2;227;0;10m[38;2;193;0;4m▘[48;2;234;0;8m[38;2;230;0;11m▅[48;2;235;0;9m[38;2;234;0;9m▃[48;2;235;0;10m[38;2;239;0;9m▝[48;2;242;0;9m[38;2;241;0;9m▅[48;2;218;7;7m[38;2;0;0;0m [48;2;185;52;16m[38;2;237;197;86m▃[48;2;245;190;88m[38;2;228;122;30m▗[48;2;232;139;50m[38;2;143;29;1m▄[48;2;132;26;0m[38;2;191;0;1m▅[48;2;198;0;1m[38;2;237;0;8m▃[48;2;209;0;3m[38;2;243;0;6m▆[48;2;230;0;10m[38;2;244;0;7m▊[48;2;206;0;13m[38;2;209;0;13m▌[48;2;194;0;12m[38;2;0;0;0m [48;2;131;23;68m[38;2;55;17;14m▝[48;2;66;25;18m[38;2;110;59;56m▘[48;2;165;40;98m[38;2;86;15;30m▌[48;2;92;29;56m[38;2;46;8;10m┣[48;2;103;56;66m[38;2;67;14;24m▖[48;2;104;59;71m[38;2;47;16;6m▝[48;2;96;56;68m[38;2;53;18;15m▌[48;2;109;70;82m[38;2;109;70;85m▊[48;2;96;51;43m[38;2;106;66;78m▄[48;2;112;60;40m[38;2;124;76;71m▝[48;2;112;73;81m[38;2;83;53;63m▝[48;2;78;50;60m[38;2;103;72;90m▚[48;2;134;88;94m[38;2;92;59;66m▖[48;2;83;51;48m[38;2;150;91;80m▌[48;2;66;53;27m[38;2;49;30;25m▃[48;2;87;63;34m[38;2;53;36;20m▇[48;2;174;123;87m[38;2;100;58;40m▆[48;2;237;186;132m[38;2;164;99;70m▄[48;2;238;179;127m[38;2;0;0;0m [48;2;253;197;143m [48;2;254;197;143m[38;2;254;197;144m▄[48;2;253;197;142m[38;2;0;0;0m [48;2;182;105;80m[38;2;248;192;136m▆[48;2;248;140;131m[38;2;250;198;155m▄[48;2;254;152;143m[38;2;252;189;144m▄[48;2;229;129;119m[38;2;252;167;117m▅[48;2;236;145;102m[38;2;0;0;0m [48;2;254;156;113m [48;2;253;158;114m [48;2;253;235;135m[38;2;179;109;40m▊[48;2;254;224;130m[38;2;254;238;155m▌[48;2;254;220;128m[38;2;254;198;111m▗[48;2;254;221;132m[38;2;254;187;102m▆[48;2;160;146;141m[38;2;144;101;46m▊[48;2;232;222;217m[38;2;199;170;148m▗[48;2;199;175;155m[38;2;196;173;153m▄[48;2;72;48;62m[38;2;179;154;136m▌[48;2;224;212;193m[38;2;84;63;97m▊[48;2;253;253;250m[38;2;254;253;239m▖[48;2;252;212;184m[38;2;253;243;235m▌[48;2;253;197;156m[38;2;253;198;158m▎[38;2;253;197;156m  [48;2;253;194;152m[38;2;253;196;155m▊[48;2;254;193;149m[38;2;254;193;148m▄[48;2;254;193;148m[38;2;254;193;146m▃[48;2;254;193;146m[38;2;254;196;144m▗[48;2;254;194;145m[38;2;254;196;143m▄[48;2;254;195;142m▊[48;2;254;196;143m[38;2;254;195;141m▅[48;2;254;193;139m[38;2;254;191;136m▁[48;2;254;190;137m[38;2;254;184;133m▄[48;2;254;184;132m[38;2;254;181;129m▅[48;2;254;182;130m[38;2;254;180;128m▁[48;2;254;185;133m[38;2;254;191;139m▗[0m
[48;2;248;186;86m[38;2;223;116;14m▗[48;2;187;85;14m[38;2;108;21;0m┏[48;2;190;0;4m[38;2;109;5;0m▘[48;2;222;0;11m[38;2;0;0;0m [48;2;227;0;11m[38;2;224;0;11m▅[48;2;229;0;11m[38;2;225;0;12m▃[48;2;230;0;12m[38;2;229;0;11m▆[48;2;227;0;9m[38;2;0;0;0m [48;2;193;34;11m[38;2;202;168;67m▁[48;2;246;186;79m[38;2;153;83;18m▘[48;2;243;153;57m[38;2;153;60;6m▃[48;2;183;19;3m[38;2;130;33;0m┛[48;2;209;0;2m[38;2;0;0;0m [48;2;240;0;9m [48;2;250;0;10m[38;2;248;0;10m▄[48;2;248;0;11m[38;2;250;0;10m▅[48;2;227;0;10m[38;2;246;0;8m▊[48;2;210;0;13m[38;2;213;0;13m▌[48;2;206;0;12m[38;2;0;0;0m [48;2;168;1;8m[38;2;151;25;75m▝[48;2;142;18;54m[38;2;0;0;0m [48;2;140;7;24m[38;2;54;10;8m▚[48;2;85;19;46m[38;2;136;35;82m▎[48;2;135;38;93m[38;2;0;0;0m [48;2;84;37;46m[38;2;115;31;78m▄[48;2;88;46;52m[38;2;80;35;43m▄[48;2;106;62;75m[38;2;0;0;0m [48;2;108;69;83m[38;2;107;64;77m▂[48;2;107;68;83m[38;2;85;44;45m▝[48;2;112;66;65m[38;2;94;47;34m▚[48;2;89;58;68m[38;2;108;64;57m▄[48;2;84;53;61m[38;2;129;81;75m▝[48;2;74;44;41m[38;2;137;84;74m▌[48;2;50;29;25m[38;2;62;41;23m▇[48;2;54;32;18m[38;2;77;38;19m▁[48;2;86;45;26m[38;2;61;31;20m▊[48;2;143;100;77m[38;2;220;175;128m▝[48;2;160;87;61m[38;2;238;195;153m▄[48;2;228;172;118m[38;2;142;77;52m▆[48;2;244;182;129m[38;2;157;70;48m▃[48;2;245;188;138m[38;2;0;0;0m [48;2;252;199;148m[38;2;245;218;182m▆[48;2;253;171;125m[38;2;245;217;180m▆[48;2;254;155;114m[38;2;245;215;180m▅[48;2;253;160;118m[38;2;246;211;176m▄[48;2;253;157;114m[38;2;253;161;117m⎽[48;2;253;153;113m[38;2;0;0;0m [48;2;244;137;106m[38;2;163;58;40m▁[48;2;222;182;66m[38;2;179;82;45m▊[48;2;254;225;127m[38;2;253;242;158m▌[48;2;254;194;108m[38;2;254;216;120m▊[48;2;240;170;82m[38;2;0;0;0m [48;2;214;206;202m[38;2;130;92;59m▎[48;2;200;174;154m[38;2;210;195;182m▗[48;2;191;168;153m[38;2;0;0;0m [48;2;76;52;82m [48;2;230;217;184m[38;2;92;67;72m▘[48;2;253;250;232m[38;2;0;0;0m [48;2;251;215;181m[38;2;253;244;227m▘[48;2;253;197;156m[38;2;253;198;157m [38;2;253;197;156m [38;2;253;197;155m [48;2;254;195;148m[38;2;253;196;153m▌[48;2;254;194;146m[38;2;254;194;145m▆[48;2;254;194;144m[38;2;254;196;143m▅[48;2;254;196;143m[38;2;254;197;145m [38;2;254;195;141m▂[48;2;254;195;141m[38;2;254;195;142m [48;2;254;193;139m[38;2;0;0;0m [48;2;254;182;132m[38;2;254;189;135m▘[48;2;254;182;129m[38;2;254;178;126m▃[48;2;254;179;126m[38;2;254;177;126m▊[48;2;254;181;129m[38;2;254;187;135m▗[48;2;254;194;141m[38;2;254;190;137m▘[0m
[48;2;102;19;0m[38;2;226;116;8m▘[48;2;172;0;4m[38;2;0;0;0m [48;2;213;0;12m [48;2;221;0;10m[38;2;216;0;14m▄[48;2;222;0;10m[38;2;218;0;12m▂[48;2;224;0;12m[38;2;223;0;12m▅[48;2;206;5;10m[38;2;0;0;0m [48;2;172;71;28m[38;2;226;196;109m▃[48;2;248;194;96m[38;2;243;134;34m▃[48;2;200;91;19m[38;2;97;22;0m┏[48;2;196;0;4m[38;2;103;9;0m▘[48;2;211;0;4m[38;2;236;0;8m▆[48;2;245;0;7m[38;2;242;0;8m▖[48;2;246;0;7m[38;2;247;0;6m▚[48;2;250;0;10m[38;2;249;0;10m▌[38;2;250;0;9m▅[48;2;250;0;9m[38;2;250;0;10m▄[48;2;213;0;13m[38;2;236;0;11m▖[48;2;210;0;13m[38;2;211;0;14m▖[48;2;164;0;3m[38;2;197;0;10m▊[48;2;156;0;7m[38;2;0;0;0m [48;2;185;8;30m [48;2;72;15;34m[38;2;161;45;105m▖[48;2;143;41;101m[38;2;88;17;46m▎[48;2;142;43;103m[38;2;142;43;103m▄[48;2;94;22;60m[38;2;154;45;106m▆[48;2;88;31;45m[38;2;130;38;75m▃[48;2;101;59;72m[38;2;58;24;12m▃[48;2;89;51;55m[38;2;186;144;52m▁[48;2;101;57;53m[38;2;246;152;48m▁[48;2;86;42;30m[38;2;243;152;59m▂[48;2;95;55;57m[38;2;226;141;57m▃[48;2;96;45;32m[38;2;0;0;0m [48;2;109;61;32m[38;2;211;117;33m▅[48;2;102;64;60m[38;2;189;126;120m▆[48;2;119;75;73m[38;2;183;123;122m▇[48;2;175;115;113m[38;2;115;76;73m▝[48;2;229;218;209m[38;2;128;91;81m▖[48;2;249;206;157m[38;2;252;240;225m▃[48;2;199;94;67m[38;2;247;195;138m▅[48;2;198;86;61m[38;2;233;175;115m▂[48;2;234;157;105m[38;2;198;76;57m▅[48;2;249;185;139m[38;2;174;77;46m▄[48;2;251;182;139m[38;2;164;74;30m▃[48;2;249;157;120m[38;2;159;64;28m▃[48;2;234;112;87m[38;2;172;67;40m▬[48;2;193;76;57m[38;2;251;105;97m▃[48;2;190;71;53m[38;2;251;109;98m▆[48;2;142;78;18m[38;2;237;99;84m▊[48;2;254;238;143m[38;2;235;207;91m▎[48;2;254;189;104m[38;2;254;210;116m▌[48;2;194;133;63m[38;2;183;173;171m▗[48;2;205;183;164m[38;2;235;232;230m▌[48;2;222;210;201m[38;2;202;183;168m▌[48;2;53;27;30m[38;2;176;149;142m▊[48;2;203;148;105m[38;2;66;36;47m▌[48;2;246;226;183m[38;2;249;223;169m▌[48;2;248;237;209m[38;2;244;224;187m▆[48;2;252;203;158m[38;2;247;214;174m▌[48;2;253;197;156m[38;2;253;197;155m▄[38;2;254;197;150m▂[48;2;253;196;154m[38;2;254;196;147m▂[48;2;254;197;144m[38;2;254;197;143m▁[38;2;254;196;143m▗[48;2;254;196;143m[38;2;254;195;142m [48;2;254;195;141m[38;2;254;196;143m▘[38;2;254;195;140m [48;2;254;192;139m[38;2;0;0;0m [48;2;254;182;131m[38;2;254;188;136m▘[48;2;254;179;128m[38;2;254;174;124m▗[48;2;254;175;125m[38;2;254;168;122m▄[48;2;254;182;131m[38;2;254;175;125m▌[48;2;254;193;141m[38;2;254;187;136m▌[48;2;254;197;144m[38;2;253;199;147m▄[0m
[48;2;155;0;3m[38;2;0;0;0m [48;2;213;0;12m[38;2;185;0;4m▘[48;2;215;0;13m[38;2;218;0;13m▃[48;2;216;0;15m[38;2;219;0;12m▅[48;2;216;0;14m[38;2;220;0;12m▂[48;2;211;0;13m[38;2;139;41;7m▗[48;2;226;191;100m[38;2;140;34;5m▘[48;2;229;127;28m[38;2;253;182;85m▌[48;2;100;27;0m[38;2;187;57;7m▚[48;2;191;0;6m[38;2;0;0;0m [48;2;228;0;10m[38;2;224;0;11m▖[48;2;235;0;9m[38;2;231;0;10m▄[48;2;240;0;8m[38;2;236;0;10m▖[48;2;245;0;7m[38;2;246;0;7m┗[48;2;247;0;9m[38;2;246;0;6m▎[48;2;250;0;10m[38;2;250;0;9m▝[48;2;250;0;9m[38;2;250;0;10m▃[48;2;248;0;10m[38;2;227;0;12m▝[48;2;213;0;13m[38;2;0;0;0m [48;2;208;0;13m [48;2;158;0;0m[38;2;181;0;6m▎[48;2;171;0;5m[38;2;127;9;0m╺[48;2;151;49;47m[38;2;219;198;97m▗[48;2;108;51;39m[38;2;250;237;150m▄[48;2;138;68;57m[38;2;252;230;145m▅[48;2;143;75;44m[38;2;251;221;131m▆[48;2;157;108;47m[38;2;251;218;126m▇[48;2;195;166;67m[38;2;253;215;123m▇[48;2;253;210;116m[38;2;254;182;97m▆[48;2;254;171;79m[38;2;0;0;0m [48;2;254;172;83m[38;2;254;170;78m▇[48;2;254;171;80m[38;2;0;0;0m [48;2;246;160;69m [48;2;146;71;6m[38;2;242;132;22m▅[48;2;201;122;87m[38;2;160;93;65m▬[48;2;180;116;111m[38;2;0;0;0m [48;2;186;121;117m[38;2;187;117;114m▃[48;2;161;105;93m[38;2;0;0;0m [48;2;232;225;220m [48;2;252;244;231m[38;2;250;213;170m▝[48;2;253;203;147m[38;2;251;208;158m▖[48;2;220;134;89m[38;2;252;204;145m▆[48;2;226;106;80m[38;2;246;202;139m▃[48;2;215;95;75m[38;2;0;0;0m [48;2;190;64;49m[38;2;245;97;89m▇[48;2;247;99;90m[38;2;0;0;0m [48;2;240;99;89m[38;2;145;68;40m▁[48;2;235;110;89m[38;2;144;62;37m⎼[48;2;232;124;84m[38;2;153;56;25m▝[48;2;253;237;139m[38;2;164;111;25m▎[48;2;249;184;92m[38;2;0;0;0m [48;2;214;207;204m[38;2;167;98;30m▎[48;2;192;169;154m[38;2;231;221;213m▎[48;2;196;179;169m[38;2;221;209;201m┃[48;2;77;48;35m[38;2;185;161;142m▌[48;2;227;158;108m[38;2;0;0;0m [48;2;251;216;160m[38;2;248;220;173m▝[48;2;247;218;174m[38;2;251;215;164m▂[48;2;253;204;151m[38;2;250;210;164m▘[48;2;254;198;147m[38;2;254;198;146m▝[48;2;254;198;146m[38;2;254;197;144m▄[48;2;254;197;143m▊[38;2;254;198;143m┫[48;2;254;196;143m[38;2;254;197;143m [48;2;254;195;141m[38;2;254;196;143m▘[38;2;254;195;140m [48;2;254;193;139m[38;2;254;186;135m▗[48;2;254;180;129m[38;2;254;187;135m▘[48;2;254;178;127m[38;2;254;172;123m▂[48;2;254;166;119m[38;2;254;173;124m▘[48;2;254;171;123m[38;2;254;166;120m▊[48;2;254;188;137m[38;2;254;179;128m▌[48;2;253;196;145m[38;2;0;0;0m [48;2;241;192;144m[38;2;130;101;111m▗[0m
[48;2;212;0;15m[38;2;183;0;13m▌[48;2;221;0;16m[38;2;229;0;17m▄[48;2;223;0;15m[38;2;230;0;16m▂[48;2;222;0;14m[38;2;227;0;15m▂[48;2;218;0;12m[38;2;139;21;6m▗[48;2;223;189;99m[38;2;135;30;5m▘[48;2;253;168;68m[38;2;173;86;6m▗[48;2;91;9;0m[38;2;172;45;3m▚[48;2;168;0;3m[38;2;0;0;0m [48;2;162;1;3m[38;2;130;2;0m▄[48;2;218;0;12m[38;2;0;0;0m [48;2;224;0;9m[38;2;202;0;4m▗[48;2;231;0;9m[38;2;0;0;0m [48;2;241;0;8m[38;2;238;0;9m▃[48;2;245;0;7m[38;2;246;0;7m▝[48;2;248;0;9m[38;2;246;0;6m▅[48;2;250;0;10m[38;2;248;0;10m▖[38;2;249;0;10m [48;2;241;0;10m[38;2;216;0;13m▝[48;2;213;0;13m[38;2;0;0;0m [48;2;169;0;3m[38;2;204;0;11m▌[48;2;193;0;8m[38;2;161;0;1m▊[48;2;193;6;14m[38;2;0;0;0m [48;2;205;181;99m[38;2;88;26;7m▄[48;2;242;220;137m[38;2;0;0;0m [48;2;254;215;123m [48;2;254;213;121m[38;2;254;216;121m▄[48;2;254;206;116m[38;2;254;212;120m▊[48;2;254;175;91m[38;2;254;192;107m▌[48;2;254;170;79m[38;2;254;171;81m▁[48;2;254;169;79m[38;2;254;171;80m▂[48;2;254;171;79m[38;2;254;169;80m▬[48;2;254;151;47m[38;2;254;168;77m▊[48;2;254;137;20m[38;2;254;137;24m▎[48;2;191;121;115m[38;2;244;132;40m▌[48;2;192;122;114m[38;2;189;120;114m▝[48;2;189;118;113m[38;2;193;123;115m▁[48;2;178;110;105m[38;2;0;0;0m [48;2;119;76;63m[38;2;214;203;196m▝[48;2;254;254;252m[38;2;254;254;253m [48;2;251;219;174m[38;2;253;250;242m▖[48;2;254;209;150m[38;2;254;209;151m▗▆[48;2;254;209;151m[38;2;254;211;152m⎻[48;2;161;89;54m[38;2;252;204;143m▆[48;2;130;63;39m[38;2;252;194;137m▆[48;2;248;172;121m[38;2;0;0;0m [48;2;254;163;118m [48;2;235;133;71m[38;2;254;165;117m▊[48;2;249;221;111m[38;2;142;78;15m▎[48;2;154;88;28m[38;2;251;180;88m▊[48;2;230;224;220m[38;2;151;131;122m▎[48;2;141;113;112m[38;2;194;170;154m▊[48;2;184;163;147m[38;2;0;0;0m [48;2;68;34;17m[38;2;158;135;115m▌[48;2;253;195;138m[38;2;223;128;72m▎[48;2;253;213;153m[38;2;0;0;0m [48;2;252;211;157m[38;2;254;208;150m▆[48;2;254;201;148m[38;2;254;202;148m▌[48;2;254;198;147m[38;2;254;200;147m▎[48;2;254;197;144m[38;2;254;198;146m▊[48;2;254;197;143m[38;2;254;197;144m▌[48;2;254;198;143m[38;2;254;196;143m▗[48;2;254;196;143m[38;2;254;195;141m▗[48;2;254;195;141m[38;2;254;195;142m [48;2;254;193;139m[38;2;254;184;133m▗[48;2;254;176;126m[38;2;254;186;133m▘[48;2;254;174;125m[38;2;254;168;121m▆[48;2;254;168;120m[38;2;254;164;118m▅[48;2;254;163;118m[38;2;0;0;0m [48;2;254;177;129m[38;2;254;168;122m▊[48;2;254;194;143m[38;2;254;185;134m▌[48;2;236;186;141m[38;2;0;0;0m [48;2;98;84;126m [0m
[48;2;222;14;34m[38;2;199;12;30m▎[48;2;228;8;29m[38;2;226;19;39m▄[48;2;230;5;25m[38;2;228;15;36m▄[48;2;218;4;23m[38;2;0;0;0m [48;2;211;180;99m[38;2;157;54;28m▌[48;2;253;174;74m[38;2;179;87;13m▗[48;2;113;29;2m[38;2;167;0;6m▗[48;2;200;0;11m[38;2;170;0;4m▘[48;2;168;0;5m[38;2;192;0;9m▎[48;2;94;4;0m[38;2;161;0;2m▊[48;2;211;0;13m[38;2;133;2;1m▎[48;2;188;0;4m[38;2;215;0;12m▌[48;2;227;0;10m[38;2;195;0;4m▌[48;2;234;0;9m[38;2;230;0;10m▄[48;2;240;0;9m[38;2;236;0;9m▃[48;2;244;0;7m[38;2;241;0;8m▃[48;2;246;0;6m[38;2;244;0;7m▖[48;2;248;0;9m[38;2;0;0;0m [48;2;250;0;9m[38;2;251;0;9m▃[48;2;222;0;12m[38;2;247;0;9m▖[48;2;193;0;7m[38;2;214;0;13m▊[48;2;170;0;2m[38;2;0;0;0m [48;2;214;0;15m[38;2;194;0;8m▎[48;2;101;11;24m[38;2;188;0;5m▎[48;2;132;52;71m[38;2;0;0;0m [48;2;238;212;121m[38;2;128;61;48m▖[48;2;254;215;120m[38;2;253;229;138m▖[38;2;254;207;117m▝[48;2;254;177;93m[38;2;254;193;108m▌[48;2;254;171;82m[38;2;254;171;84m▅[48;2;254;171;84m[38;2;254;172;85m▃[48;2;254;171;83m[38;2;254;172;86m▁[48;2;254;142;32m[38;2;254;163;70m▌[48;2;253;138;25m[38;2;0;0;0m [48;2;197;122;108m[38;2;242;133;46m▌[48;2;177;111;105m[38;2;77;36;25m▁[48;2;168;105;96m[38;2;88;40;31m▅[48;2;104;54;46m[38;2;241;98;88m▁[48;2;117;68;59m[38;2;230;94;83m▂[48;2;221;208;200m[38;2;117;65;47m▖[48;2;246;223;178m[38;2;253;250;242m▊[48;2;253;209;151m[38;2;253;213;153m▃[48;2;254;210;152m[38;2;254;212;153m▄[48;2;254;209;151m[38;2;254;212;152m▃[48;2;254;212;153m[38;2;254;213;153m▂[48;2;254;211;152m[38;2;254;207;150m▝[48;2;254;179;132m[38;2;254;197;143m▌[48;2;254;167;122m[38;2;0;0;0m [48;2;253;157;101m[38;2;254;168;121m▊[48;2;234;170;57m[38;2;191;103;17m▌[48;2;120;72;31m[38;2;229;154;53m▌[48;2;215;201;190m[38;2;152;131;124m▎[48;2;153;85;69m[38;2;189;166;144m▊[48;2;149;13;8m[38;2;81;16;7m┃[48;2;178;33;21m[38;2;110;15;1m│[48;2;252;213;151m[38;2;251;170;106m▎[48;2;253;212;153m[38;2;253;216;154m▎[48;2;254;206;150m[38;2;254;208;150m▊[48;2;254;201;148m[38;2;254;205;149m▎[48;2;254;198;147m[38;2;254;198;146m▗[48;2;254;197;144m▌[48;2;254;198;143m[38;2;254;197;143m▚[48;2;254;196;143m[38;2;254;195;142m▗[48;2;254;195;141m[38;2;254;194;139m▂[48;2;254;192;138m[38;2;254;175;127m▗[48;2;254;177;126m[38;2;254;165;118m▃[48;2;254;167;120m[38;2;254;162;116m▅[48;2;254;164;118m[38;2;254;161;115m▅[48;2;254;161;115m[38;2;254;162;117m▘[48;2;254;168;120m[38;2;254;163;117m▊[48;2;254;188;137m[38;2;254;175;127m▊[48;2;252;196;143m[38;2;0;0;0m [48;2;97;55;61m[38;2;231;184;136m▘[48;2;67;46;58m[38;2;151;140;153m▗[0m
[48;2;220;25;46m[38;2;0;0;0m [48;2;225;27;48m[38;2;224;30;54m▃[48;2;226;25;45m[38;2;226;29;53m▄[48;2;126;38;36m[38;2;205;84;60m▚[48;2;232;137;48m[38;2;247;184;95m▊[48;2;90;27;14m[38;2;186;61;27m▚[48;2;192;1;17m[38;2;0;0;0m [48;2;220;0;15m [48;2;176;0;6m[38;2;211;0;13m▌[48;2;167;0;4m[38;2;0;0;0m [48;2;196;0;10m[38;2;97;2;0m▌[48;2;185;0;5m[38;2;213;0;14m▊[48;2;174;0;1m[38;2;208;0;6m▝[48;2;225;0;11m[38;2;0;0;0m [48;2;232;0;9m[38;2;228;0;10m▃[48;2;238;0;9m[38;2;234;0;9m▖[48;2;245;0;6m[38;2;241;0;8m▌[48;2;249;0;9m[38;2;246;0;7m▊[48;2;252;0;9m[38;2;251;0;9m▌[48;2;252;0;12m[38;2;252;0;11m▄[48;2;223;0;11m[38;2;240;0;10m▖[48;2;189;0;4m[38;2;217;0;9m▖[48;2;214;0;14m[38;2;195;0;8m▎[48;2;141;32;79m[38;2;190;0;12m▊[48;2;164;48;111m[38;2;150;43;103m▊[48;2;179;51;120m[38;2;132;42;74m▝[48;2;203;174;95m[38;2;139;60;71m▃[48;2;252;221;119m[38;2;0;0;0m [48;2;254;185;101m[38;2;254;209;117m▌[48;2;254;173;89m[38;2;254;175;94m▂[48;2;254;173;88m[38;2;254;175;92m▃[48;2;254;169;82m[38;2;254;144;38m▗[48;2;253;141;32m[38;2;0;0;0m [48;2;232;128;38m[38;2;111;48;19m▗[48;2;134;76;70m[38;2;207;88;78m▄[48;2;120;41;31m[38;2;248;119;107m▆[48;2;230;87;78m[38;2;254;131;112m▇[48;2;254;123;114m[38;2;254;150;114m▄[48;2;253;130;112m[38;2;254;164;117m▃[48;2;246;227;187m[38;2;210;122;82m▊[48;2;249;225;179m[38;2;253;250;238m▌[48;2;253;213;153m[38;2;253;216;154m▃[48;2;254;213;153m[38;2;253;216;155m▅▄[48;2;253;214;154m[38;2;253;217;155m▃[48;2;253;213;153m[38;2;253;218;155m▖[48;2;253;195;142m[38;2;254;206;149m▎[48;2;253;182;131m[38;2;251;223;160m▄[48;2;192;134;53m[38;2;243;203;137m▌[48;2;238;194;104m[38;2;0;0;0m [48;2;211;115;29m[38;2;57;13;0m▗[48;2;195;94;85m[38;2;99;53;42m▚[48;2;149;24;18m[38;2;184;160;138m▘[48;2;234;4;12m[38;2;103;6;0m▌[48;2;223;62;40m[38;2;141;13;4m┃[48;2;252;221;157m[38;2;253;198;135m▎[48;2;253;211;152m[38;2;253;216;155m▌[48;2;254;206;150m[38;2;254;208;150m┃[48;2;254;201;148m[38;2;254;202;148m▊[48;2;254;198;146m[38;2;254;198;147m▌[48;2;254;197;143m[38;2;254;197;144m▌[48;2;254;196;143m[38;2;254;198;143m▘[48;2;254;194;141m[38;2;254;188;137m▗[48;2;254;188;135m[38;2;254;167;120m▗[48;2;254;162;115m[38;2;0;0;0m [48;2;249;144;100m [48;2;254;156;110m[38;2;254;146;103m▎[48;2;254;161;113m[38;2;254;160;113m▆[48;2;254;160;114m[38;2;0;0;0m [48;2;254;164;118m[38;2;254;174;124m▗[48;2;252;198;141m[38;2;254;187;135m▊[48;2;193;146;104m[38;2;111;66;58m▄[48;2;130;55;109m[38;2;54;17;29m▎[48;2;156;147;149m[38;2;82;42;59m▌[0m
[48;2;77;51;45m[38;2;159;25;41m▝[48;2;211;29;54m[38;2;95;35;42m▃[48;2;215;31;57m[38;2;0;0;0m [48;2;245;177;97m[38;2;99;56;41m▌[48;2;64;32;26m[38;2;211;132;65m▊[48;2;182;25;46m[38;2;90;24;35m▎[48;2;222;18;38m[38;2;200;21;42m▎[48;2;227;4;24m[38;2;227;14;34m▄[48;2;193;0;16m[38;2;225;3;21m▌[48;2;179;0;9m[38;2;186;0;13m▂[48;2;171;0;4m[38;2;106;2;2m┃[48;2;204;0;10m[38;2;215;0;13m▊[48;2;164;0;1m[38;2;181;0;3m▎[48;2;211;0;11m[38;2;177;0;4m▖[48;2;226;0;11m[38;2;222;0;11m▊[48;2;234;0;9m[38;2;229;0;10m▌[48;2;241;0;7m[38;2;237;0;10m▌[48;2;248;0;9m[38;2;246;0;6m▊[48;2;251;0;9m[38;2;250;0;9m▌[48;2;254;0;10m[38;2;252;0;12m▊[38;2;254;1;10m▃[48;2;225;0;7m[38;2;249;0;9m▬[48;2;222;0;9m[38;2;202;0;1m▃[48;2;177;34;80m[38;2;214;1;14m▊[48;2;165;47;107m[38;2;0;0;0m [48;2;188;45;108m[38;2;223;19;45m▁[48;2;222;18;42m[38;2;0;0;0m [48;2;141;43;9m[38;2;239;211;88m▝[48;2;250;210;109m[38;2;0;0;0m [48;2;254;173;89m [48;2;254;163;71m[38;2;251;142;37m▃[48;2;235;130;28m[38;2;143;62;16m▗[48;2;183;89;16m[38;2;220;102;90m▄[48;2;235;120;99m[38;2;0;0;0m [48;2;254;136;114m[38;2;254;160;115m▄[48;2;254;148;112m[38;2;254;163;117m▆[48;2;254;166;119m[38;2;253;197;141m▂[48;2;254;179;127m[38;2;252;215;153m▄[48;2;254;190;135m[38;2;253;218;154m▇[48;2;252;215;148m[38;2;253;189;115m╵[48;2;252;222;159m[38;2;0;0;0m [48;2;253;220;156m[38;2;253;222;157m▄[38;2;253;221;156m▃▃[48;2;252;221;157m[38;2;0;0;0m [48;2;252;222;157m [48;2;248;220;153m[38;2;168;129;82m▁[48;2;231;203;140m[38;2;115;77;39m▂[48;2;240;208;121m[38;2;193;136;53m▎[48;2;248;162;73m[38;2;131;60;3m▗[48;2;195;9;4m[38;2;74;12;0m▊[48;2;232;39;43m[38;2;0;0;0m [48;2;70;8;0m[38;2;171;1;0m▊[48;2;229;38;41m[38;2;0;0;0m [48;2;212;53;38m[38;2;95;29;6m│[48;2;252;221;157m[38;2;253;200;136m▎[48;2;254;209;152m[38;2;253;214;153m▊[48;2;254;204;149m[38;2;254;207;150m▊[48;2;254;198;147m[38;2;254;201;147m▌[48;2;254;197;144m[38;2;254;198;146m▌[48;2;254;196;143m[38;2;254;197;143m▌[48;2;254;193;140m[38;2;0;0;0m [48;2;254;182;131m[38;2;254;164;117m▄[48;2;252;156;109m[38;2;0;0;0m [48;2;219;115;78m[38;2;134;56;36m╺[48;2;235;114;81m[38;2;0;0;0m [48;2;254;155;108m [48;2;254;159;112m[38;2;254;158;111m▊[48;2;254;160;113m[38;2;254;166;120m▗[48;2;253;193;137m[38;2;254;178;128m▊[48;2;123;72;64m[38;2;215;163;113m▌[48;2;136;52;108m[38;2;83;26;53m▘[48;2;95;34;67m[38;2;90;24;48m▄[48;2;122;35;49m[38;2;0;0;0m [0m
[48;2;71;61;44m[38;2;60;58;41m▂[48;2;66;52;44m[38;2;0;0;0m [48;2;80;44;42m [48;2;235;157;83m[38;2;70;42;32m▎[48;2;96;35;39m[38;2;206;125;58m▎[48;2;196;36;58m[38;2;0;0;0m [48;2;224;29;51m[38;2;226;32;59m▆[48;2;226;24;45m[38;2;226;30;54m▂[48;2;201;11;32m[38;2;224;19;40m▌[48;2;194;1;19m[38;2;197;10;29m▖[48;2;87;22;44m[38;2;188;5;25m▌[48;2;215;0;13m[38;2;149;2;11m▎[48;2;167;0;3m[38;2;190;0;9m▎[48;2;193;0;6m[38;2;169;0;2m▊[48;2;218;0;12m[38;2;0;0;0m [48;2;231;0;10m[38;2;226;0;11m▌[48;2;240;0;8m[38;2;235;0;9m▌[48;2;246;0;6m[38;2;243;0;7m▌[48;2;246;0;8m[38;2;0;0;0m [48;2;240;0;8m[38;2;197;0;0m▃[48;2;229;0;3m[38;2;199;0;1m▆[48;2;207;0;1m[38;2;247;0;9m▂[48;2;216;0;2m[38;2;240;0;8m▬[48;2;208;1;4m[38;2;0;0;0m [48;2;207;32;36m[38;2;135;4;0m╸[48;2;242;63;67m[38;2;0;0;0m [48;2;246;59;62m[38;2;206;3;4m▝[48;2;147;19;6m[38;2;217;163;56m▗[48;2;254;165;72m[38;2;183;111;21m▊[48;2;238;137;41m[38;2;141;67;19m▁[48;2;165;86;14m[38;2;154;89;72m▄[48;2;112;67;52m[38;2;202;85;77m▝[48;2;253;147;118m[38;2;203;92;75m▎[48;2;254;163;119m[38;2;254;189;133m▁[48;2;254;167;120m[38;2;253;213;151m▂[48;2;254;182;130m[38;2;253;215;152m▂[48;2;252;219;155m[38;2;0;0;0m [48;2;252;223;159m[38;2;252;224;160m▄⎼[48;2;251;223;164m[38;2;0;0;0m [48;2;250;219;154m [48;2;252;221;159m[38;2;252;225;162m▃[38;2;252;225;161m▄[48;2;252;223;155m[38;2;226;187;134m▗[48;2;222;188;131m[38;2;238;227;212m▃[48;2;222;184;136m[38;2;242;233;220m▬[48;2;234;219;193m[38;2;252;178;120m▂[48;2;161;110;38m[38;2;223;195;135m▚[48;2;248;144;49m[38;2;253;210;124m▊[48;2;146;55;8m[38;2;121;18;0m▄[48;2;223;18;18m[38;2;158;11;0m┃[48;2;193;0;0m[38;2;250;41;47m▌[48;2;169;3;0m[38;2;73;8;0m│[48;2;254;78;81m[38;2;250;44;45m▎[48;2;125;27;10m[38;2;241;19;27m▌[48;2;239;178;120m[38;2;0;0;0m [48;2;254;206;149m[38;2;253;210;151m▌[48;2;254;202;148m[38;2;254;205;148m▌[48;2;254;198;146m[38;2;254;200;147m▘[48;2;254;196;142m[38;2;254;194;141m▂[48;2;254;191;138m[38;2;0;0;0m [48;2;254;163;114m[38;2;254;187;134m▘[48;2;243;146;101m[38;2;0;0;0m [48;2;152;61;40m[38;2;237;110;77m▚[48;2;248;94;68m[38;2;0;0;0m [48;2;254;148;104m[38;2;254;123;86m▎[48;2;254;157;110m[38;2;254;154;108m▎[48;2;254;159;114m[38;2;0;0;0m [48;2;254;168;122m[38;2;253;190;138m▗[48;2;210;158;109m[38;2;66;24;32m▗[48;2;134;49;105m[38;2;85;30;50m▘[48;2;138;54;108m[38;2;0;0;0m [48;2;85;9;20m[38;2;129;51;102m▌[48;2;148;5;6m[38;2;194;0;14m▊[0m
[48;2;57;51;39m[38;2;68;62;39m▝[48;2;56;49;39m[38;2;71;60;39m▬[48;2;72;61;43m[38;2;60;52;39m▃[48;2;80;60;45m[38;2;0;0;0m [48;2;66;43;41m [48;2;178;38;59m[38;2;70;46;45m▆[48;2;199;36;60m[38;2;73;45;47m▂[48;2;212;34;60m[38;2;0;0;0m [48;2;200;28;49m[38;2;225;31;55m▌[48;2;200;11;30m[38;2;196;22;43m▊[48;2;110;48;92m[38;2;173;41;87m▊[48;2;206;2;15m[38;2;73;17;30m▎[48;2;180;0;9m[38;2;210;0;15m▎[48;2;172;0;3m[38;2;0;0;0m [48;2;217;0;9m[38;2;186;0;2m▌[48;2;230;0;10m[38;2;226;0;10m▘[48;2;240;0;9m[38;2;235;0;9m▊[48;2;236;0;6m[38;2;0;0;0m [48;2;188;0;0m[38;2;225;0;3m▘[48;2;201;0;1m[38;2;228;0;7m▂[48;2;231;0;5m[38;2;191;0;1m▂[48;2;202;0;2m[38;2;146;13;6m▂[48;2;207;40;38m[38;2;123;7;0m╴[48;2;233;77;76m[38;2;0;0;0m [48;2;254;95;97m[38;2;254;85;88m▗[48;2;232;69;66m[38;2;0;0;0m [48;2;199;66;39m[38;2;232;205;112m▃[48;2;237;187;89m[38;2;167;91;20m▗[48;2;156;85;22m[38;2;145;112;89m▄[48;2;151;103;84m[38;2;133;105;92m▄[48;2;72;43;63m[38;2;146;116;102m▘[48;2;81;42;38m[38;2;102;68;122m▄[48;2;178;121;85m[38;2;217;210;204m▗[48;2;188;146;102m[38;2;212;198;187m▄[48;2;229;205;146m[38;2;125;99;72m┓[48;2;251;228;166m[38;2;252;221;154m▂[48;2;252;226;163m[38;2;252;224;159m▁[48;2;252;227;164m[38;2;252;228;164m▃[48;2;254;213;150m[38;2;252;226;162m▇[48;2;251;227;169m[38;2;0;0;0m [48;2;250;216;146m[38;2;251;226;163m▅[48;2;252;225;162m[38;2;252;226;164m▄[48;2;252;225;161m[38;2;252;225;162m▊[48;2;251;225;164m[38;2;0;0;0m [48;2;252;221;165m[38;2;206;168;108m▂[48;2;254;175;127m[38;2;248;214;153m▆[48;2;190;117;49m[38;2;251;203;141m▌[48;2;239;206;116m[38;2;0;0;0m [48;2;91;35;0m[38;2;230;137;46m▊[48;2;200;9;12m[38;2;84;4;0m▎[48;2;252;31;34m[38;2;204;11;0m┃[48;2;189;0;1m[38;2;243;16;23m▎[48;2;212;16;15m[38;2;95;8;0m┃[48;2;254;94;96m[38;2;0;0;0m [48;2;232;28;36m [48;2;172;101;62m[38;2;134;36;21m▄[48;2;253;186;134m[38;2;0;0;0m [48;2;254;197;145m[38;2;254;191;141m▖[48;2;254;195;142m[38;2;0;0;0m [48;2;254;185;135m[38;2;254;156;112m▂[48;2;254;150;106m[38;2;254;169;121m▘[48;2;233;136;93m[38;2;0;0;0m [48;2;178;81;52m[38;2;214;75;55m▄[48;2;252;91;65m[38;2;0;0;0m [48;2;254;133;93m[38;2;254;102;72m▊[48;2;254;153;107m[38;2;254;145;102m▎[48;2;254;157;111m[38;2;254;156;111m▄[48;2;254;164;118m[38;2;0;0;0m [48;2;241;183;130m[38;2;90;57;44m▗[48;2;58;22;30m[38;2;0;0;0m [48;2;140;58;114m[38;2;125;51;97m▎[48;2;138;57;110m[38;2;139;58;113m▄[48;2;125;49;97m[38;2;0;0;0m [48;2;197;0;12m[38;2;76;6;10m▎[0m
[48;2;53;47;40m[38;2;66;57;43m▃[48;2;50;46;40m[38;2;75;62;42m▄[48;2;58;49;39m[38;2;65;54;39m▆[48;2;68;56;38m[38;2;74;60;39m┗[48;2;64;52;39m[38;2;69;60;40m▃[48;2;65;56;41m[38;2;75;63;41m▬[48;2;68;57;39m[38;2;77;63;38m▖[48;2;70;48;40m[38;2;0;0;0m [48;2;174;42;69m[38;2;71;47;52m▄[48;2;172;45;78m[38;2;0;0;0m [48;2;160;69;130m [48;2;204;9;25m[38;2;78;32;51m▌[48;2;195;0;13m[38;2;228;1;21m▌[48;2;164;33;82m[38;2;181;0;15m▌[48;2;182;4;16m[38;2;0;0;0m [48;2;226;0;10m [48;2;228;0;8m [48;2;190;0;1m [48;2;185;0;1m [48;2;183;0;0m[38;2;128;11;5m▃[48;2;138;11;6m[38;2;239;74;73m▄[48;2;247;86;87m[38;2;0;0;0m [48;2;254;99;100m[38;2;254;97;99m▃[48;2;245;81;80m[38;2;0;0;0m [48;2;205;74;49m[38;2;214;195;112m▂[48;2;228;176;87m[38;2;0;0;0m [48;2;241;173;81m[38;2;151;97;49m▅[48;2;140;95;63m[38;2;168;140;120m▅[48;2;149;122;103m[38;2;73;46;58m▄[48;2;71;40;58m[38;2;104;69;125m▅[48;2;103;69;115m[38;2;0;0;0m [48;2;191;171;161m[38;2;82;51;80m▘[48;2;210;191;177m[38;2;110;86;71m▄[48;2;75;57;46m[38;2;183;162;148m▃[48;2;174;138;115m[38;2;83;54;37m┛[48;2;254;183;129m[38;2;197;143;106m▄[48;2;254;203;143m[38;2;240;165;115m▆[48;2;253;205;145m[38;2;236;161;110m▅[48;2;253;209;148m[38;2;236;160;110m▄[48;2;253;213;151m[38;2;237;159;106m▄[48;2;253;218;155m[38;2;245;166;114m▅[48;2;253;201;144m[38;2;237;151;99m▃[48;2;253;190;134m[38;2;162;99;59m▂[48;2;203;141;92m[38;2;78;54;41m▁[48;2;221;213;207m[38;2;172;153;143m▎[48;2;90;63;48m[38;2;160;135;118m▎[48;2;219;193;108m[38;2;96;61;30m▌[48;2;253;159;64m[38;2;254;226;138m▌[48;2;145;51;5m[38;2;133;24;0m▄[48;2;253;59;64m[38;2;217;5;9m▌[48;2;244;13;13m[38;2;215;8;0m╵[48;2;206;0;3m[38;2;187;0;1m┃[48;2;209;29;27m[38;2;85;9;0m│[48;2;254;97;99m[38;2;254;101;103m▌[48;2;254;79;82m[38;2;249;28;35m▝[48;2;218;2;14m[38;2;116;3;5m▝[48;2;203;103;70m[38;2;95;32;17m┓[48;2;254;162;118m[38;2;253;142;104m▃[48;2;254;171;124m[38;2;254;146;105m▆[48;2;254;145;103m[38;2;254;145;102m╺[48;2;234;133;92m[38;2;0;0;0m [48;2;230;87;62m[38;2;153;61;37m┛[48;2;253;89;64m[38;2;0;0;0m [48;2;254;94;67m [48;2;254;142;100m[38;2;254;115;81m▌[48;2;254;151;107m[38;2;254;149;105m▊[48;2;254;159;115m[38;2;254;155;110m▊[48;2;230;162;120m[38;2;0;0;0m [48;2;91;49;57m[38;2;136;57;113m▗[48;2;49;18;27m[38;2;131;55;108m▌[48;2;142;61;119m[38;2;108;46;81m▎[48;2;140;60;115m[38;2;141;61;116m▌[48;2;122;45;88m[38;2;140;57;113m▊[48;2;203;0;13m[38;2;84;8;13m▌[0m
[48;2;64;55;43m[38;2;52;42;36m▂[48;2;74;63;47m[38;2;54;46;38m▅[48;2;66;54;41m[38;2;55;45;37m▄[48;2;63;49;34m[38;2;54;44;36m▊[48;2;59;51;37m[38;2;65;53;35m▊[48;2;61;55;42m[38;2;48;43;36m▅[48;2;70;55;37m[38;2;55;47;36m▅[48;2;58;46;39m[38;2;0;0;0m [48;2;77;51;41m[38;2;203;116;76m▗[48;2;96;58;66m[38;2;217;127;85m▖[48;2;152;72;135m[38;2;71;41;60m▖[48;2;160;44;81m[38;2;96;36;55m┃[48;2;203;1;17m[38;2;229;9;30m▊[48;2;155;48;101m[38;2;186;4;23m▌[48;2;180;5;25m[38;2;158;47;102m▌[48;2;189;0;5m[38;2;230;0;10m▝[48;2;173;0;1m[38;2;211;0;6m▘[48;2;159;0;1m[38;2;104;3;0m▁[48;2;204;43;42m[38;2;113;6;2m┛[48;2;244;82;83m[38;2;0;0;0m [48;2;254;97;99m[38;2;254;94;96m▄[48;2;250;86;88m[38;2;0;0;0m [48;2;230;74;58m[38;2;229;198;107m▗[48;2;214;105;44m[38;2;245;207;116m▆[48;2;246;181;87m[38;2;153;81;17m▃[48;2;178;117;68m[38;2;94;60;42m▖[48;2;176;146;125m[38;2;98;73;59m▗[48;2;79;50;65m[38;2;0;0;0m [48;2;106;71;129m [48;2;111;82;113m [48;2;143;120;119m[38;2;200;179;164m▆[48;2;85;54;56m[38;2;196;168;148m▘[48;2;72;43;42m[38;2;98;60;99m▆[48;2;104;71;99m[38;2;0;0;0m [48;2;180;158;145m[38;2;97;63;92m▆[48;2;212;198;187m[38;2;102;73;77m▆[48;2;216;202;192m[38;2;113;92;79m▬[48;2;178;151;131m[38;2;209;186;167m▄[48;2;168;144;125m[38;2;210;193;180m▄[48;2;206;192;182m[38;2;91;72;62m━[48;2;208;190;177m[38;2;75;58;49m▄[48;2;208;187;174m[38;2;60;43;41m▄[48;2;185;164;153m[38;2;56;39;38m▄[48;2;65;48;45m[38;2;189;168;156m▘[48;2;232;225;218m[38;2;126;108;97m▎[48;2;85;57;34m[38;2;180;152;133m▌[48;2;232;206;125m[38;2;0;0;0m [48;2;127;57;1m[38;2;243;147;53m▊[48;2;205;3;6m[38;2;113;6;0m▌[48;2;253;75;79m[38;2;0;0;0m [48;2;245;8;9m[38;2;254;61;63m▎[48;2;224;0;5m[38;2;196;0;1m▌[48;2;234;49;47m[38;2;111;7;0m▌[48;2;254;95;97m[38;2;0;0;0m [48;2;254;66;70m[38;2;254;32;39m▗[48;2;250;11;20m[38;2;222;0;12m▝[48;2;166;0;4m[38;2;64;6;3m▝[48;2;207;79;65m[38;2;72;11;7m▖[48;2;254;132;97m[38;2;253;74;60m▂[48;2;234;127;90m[38;2;0;0;0m [48;2;176;75;49m[38;2;191;64;48m▄[48;2;253;85;63m[38;2;0;0;0m [48;2;254;90;65m[38;2;254;88;63m▄[48;2;254;97;69m[38;2;254;127;88m▗[48;2;254;145;103m[38;2;254;144;103m▊[48;2;254;147;104m[38;2;254;145;104m▆[48;2;250;152;112m[38;2;0;0;0m [48;2;88;43;59m[38;2;196;132;98m▘[48;2;138;59;114m[38;2;0;0;0m [48;2;59;23;37m[38;2;119;51;98m▌[48;2;138;59;114m[38;2;0;0;0m [48;2;140;59;114m [48;2;80;13;22m[38;2;122;45;89m▊[48;2;200;0;15m[38;2;114;3;4m▎[0m
[48;2;50;41;36m[38;2;53;44;36m▚[48;2;46;40;37m[38;2;50;43;35m▖[48;2;52;40;38m[38;2;43;36;35m▃[48;2;63;46;35m▄[48;2;63;49;33m[38;2;46;37;36m▅[48;2;58;45;35m[38;2;51;41;37m▄[48;2;47;38;37m[38;2;55;43;36m▘[48;2;70;44;38m[38;2;192;105;61m▗[48;2;200;112;70m[38;2;0;0;0m [48;2;90;53;38m [48;2;63;37;33m [48;2;50;23;30m[38;2;109;51;90m▘[48;2;220;8;28m[38;2;122;16;24m▎[48;2;154;47;98m[38;2;187;3;22m▌[48;2;169;21;63m[38;2;149;53;110m▊[48;2;170;0;5m[38;2;0;0;0m [48;2;159;0;1m[38;2;79;3;0m▗[48;2;222;41;44m[38;2;81;4;0m▘[48;2;254;84;87m[38;2;0;0;0m [48;2;252;81;84m [48;2;221;81;61m [48;2;198;87;43m[38;2;241;209;117m▅[48;2;252;192;98m[38;2;190;98;12m▗[48;2;141;75;22m[38;2;227;138;71m▚[48;2;247;159;122m[38;2;153;93;58m▘[48;2;179;118;90m[38;2;250;201;172m▂[48;2;127;93;73m[38;2;244;232;217m▃[48;2;54;28;31m[38;2;226;210;195m▃[48;2;125;100;98m[38;2;73;47;60m▊[48;2;194;173;159m[38;2;0;0;0m [48;2;85;65;53m[38;2;162;134;114m▘[48;2;80;47;54m[38;2;178;157;144m▅[48;2;106;71;103m[38;2;204;183;169m▄[48;2;111;76;120m[38;2;209;189;174m▃[48;2;111;74;135m[38;2;125;97;101m▄[48;2;231;220;211m[38;2;132;107;101m▌[48;2;202;187;175m[38;2;139;118;104m┃[48;2;195;173;156m[38;2;238;231;226m▇[48;2;155;126;106m[38;2;213;197;189m▇[48;2;234;227;222m[38;2;154;134;122m▊[48;2;106;86;72m[38;2;220;208;199m▌[48;2;70;47;81m[38;2;39;24;32m▊[48;2;57;38;65m[38;2;96;64;116m▆[48;2;64;42;63m[38;2;93;61;113m▊[48;2;234;226;221m[38;2;110;92;82m▌[48;2;216;195;111m[38;2;134;106;84m▌[48;2;254;169;79m[38;2;254;233;151m▌[48;2;90;8;0m[38;2;203;105;20m▌[48;2;247;50;54m[38;2;185;0;2m▌[48;2;254;99;102m[38;2;0;0;0m [48;2;232;7;13m[38;2;254;74;78m▌[48;2;232;0;10m[38;2;204;0;1m▘[48;2;184;4;7m[38;2;86;6;0m┗[48;2;248;53;57m[38;2;117;9;4m▖[48;2;250;12;22m[38;2;254;33;39m▘[48;2;244;3;14m[38;2;224;0;10m▁[48;2;205;0;12m[38;2;175;0;5m▝[48;2;158;0;4m[38;2;71;5;3m▝[48;2;200;61;52m[38;2;93;13;9m▄[48;2;77;24;14m[38;2;210;63;52m▘[48;2;244;76;59m[38;2;0;0;0m [48;2;254;82;61m[38;2;254;77;58m▃[48;2;254;87;63m[38;2;0;0;0m [48;2;254;140;99m[38;2;254;113;79m▘[48;2;254;144;103m[38;2;254;145;103m▄[48;2;254;145;104m[38;2;253;150;113m▗[48;2;94;47;47m[38;2;213;126;95m▌[48;2;137;58;112m[38;2;90;35;71m▘[38;2;0;0;0m [48;2;127;53;100m[38;2;71;26;48m▊[48;2;137;57;111m[38;2;0;0;0m [48;2;94;30;57m[38;2;141;30;60m▚[48;2;202;0;15m[38;2;80;9;10m▘[48;2;211;0;18m[38;2;0;0;0m [0m
[48;2;47;39;35m[38;2;38;33;33m▬[48;2;42;36;37m[38;2;51;41;38m▂[48;2;37;33;38m[38;2;54;43;39m▁[48;2;42;35;37m[38;2;36;32;37m┛[48;2;46;37;35m[38;2;52;41;35m▝[48;2;53;38;34m[38;2;0;0;0m [48;2;73;39;28m[38;2;187;94;40m▗[48;2;214;112;55m[38;2;112;59;30m▗[48;2;81;45;28m[38;2;0;0;0m [48;2;86;48;30m[38;2;187;100;53m▗[48;2;85;46;28m[38;2;167;90;53m▘[48;2;47;27;24m[38;2;61;35;27m▊[48;2;196;2;17m[38;2;65;14;17m▌[48;2;145;52;106m[38;2;183;9;37m▌[48;2;144;52;109m[38;2;143;52;107m▄[48;2;138;8;27m[38;2;65;3;0m▗[48;2;226;6;15m[38;2;82;3;0m▘[48;2;254;69;72m[38;2;254;36;43m▎[48;2;230;63;55m[38;2;0;0;0m [48;2;192;65;30m[38;2;235;203;112m▄[48;2;244;215;121m[38;2;250;161;57m▄[48;2;229;137;48m[38;2;130;68;16m┏[48;2;152;89;46m[38;2;239;158;120m▄[48;2;246;172;139m[38;2;252;241;233m▂[48;2;247;190;161m[38;2;253;250;249m▅[48;2;254;254;253m[38;2;254;254;254m▅▄[48;2;253;248;237m[38;2;254;254;252m▅[48;2;229;222;216m[38;2;103;85;72m▝[48;2;139;116;98m[38;2;233;228;214m▃[48;2;103;86;74m[38;2;242;237;225m▄[48;2;130;105;90m[38;2;233;214;196m┓[48;2;101;75;62m[38;2;199;132;103m▄[48;2;184;139;118m[38;2;108;82;69m▚[48;2;189;168;155m[38;2;0;0;0m [48;2;159;140;128m[38;2;138;117;104m▄[48;2;198;180;167m[38;2;128;104;85m▁[48;2;194;171;153m[38;2;210;190;177m▄[48;2;192;170;152m[38;2;211;192;177m▄[48;2;198;181;169m[38;2;127;101;86m▂[48;2;106;86;72m[38;2;177;159;146m▚[48;2;82;67;58m[38;2;191;175;165m▆[48;2;173;154;143m[38;2;93;68;55m▃[48;2;175;159;149m[38;2;113;84;67m▃[48;2;136;115;105m[38;2;77;52;36m▄[48;2;248;231;148m[38;2;160;118;47m▎[48;2;198;98;11m[38;2;253;164;74m▊[48;2;169;0;4m[38;2;77;20;0m▌[48;2;254;92;100m[38;2;235;24;31m▌[48;2;254;97;104m[38;2;0;0;0m [48;2;242;5;25m[38;2;254;65;76m▌[48;2;227;0;17m[38;2;221;0;25m▂[48;2;209;0;18m[38;2;0;0;0m [48;2;78;3;1m[38;2;142;0;7m▄[48;2;174;0;8m[38;2;60;3;0m▃[48;2;198;0;13m[38;2;0;0;0m [48;2;199;0;15m[38;2;198;0;15m▅[48;2;194;0;11m[38;2;0;0;0m [48;2;160;0;5m [48;2;68;9;4m[38;2;142;0;3m▖[48;2;214;65;51m[38;2;67;14;9m▂[48;2;250;72;55m[38;2;0;0;0m [48;2;254;131;91m[38;2;254;95;68m▌[48;2;254;144;103m[38;2;254;145;103m [48;2;254;145;103m[38;2;254;144;103m▃[48;2;236;137;100m[38;2;86;41;35m▗[48;2;114;43;88m[38;2;59;23;28m▘[48;2;139;56;111m[38;2;137;54;107m▅[48;2;52;14;29m[38;2;116;45;91m▊[48;2;106;39;78m[38;2;86;25;48m▄[48;2;167;9;25m[38;2;83;16;24m┛[48;2;202;0;17m[38;2;0;0;0m [48;2;187;2;24m [48;2;75;5;4m[38;2;180;0;20m▘[0m
[48;2;44;35;34m[38;2;51;39;34m▃[48;2;62;48;36m[38;2;49;38;35m▌[48;2;57;48;39m[38;2;73;59;38m▬[48;2;56;45;39m[38;2;59;55;42m▅[48;2;58;48;37m[38;2;0;0;0m [48;2;96;49;22m[38;2;232;111;37m▗[48;2;204;99;37m[38;2;107;51;19m▃[48;2;72;37;18m[38;2;0;0;0m [48;2;77;39;19m [48;2;148;78;39m[38;2;84;43;21m▆[48;2;65;35;20m[38;2;54;31;24m▗[48;2;46;29;33m[38;2;0;0;0m [48;2;58;16;13m [48;2;144;32;77m [48;2;136;44;100m[38;2;75;11;29m▗[48;2;208;0;9m[38;2;77;5;13m▘[48;2;240;8;17m[38;2;0;0;0m [48;2;200;56;34m[38;2;234;205;110m▗[48;2;238;186;91m[38;2;0;0;0m [48;2;211;115;20m[38;2;254;202;107m▘[48;2;153;80;17m[38;2;190;126;96m▄[48;2;232;171;140m[38;2;0;0;0m [48;2;252;246;238m[38;2;246;190;161m▘[48;2;254;254;254m[38;2;254;254;253m [38;2;254;254;254m     [48;2;254;254;253m▆▇[48;2;132;107;90m[38;2;241;234;222m▊[48;2;193;127;99m[38;2;136;102;84m▊[48;2;250;161;124m[38;2;0;0;0m [48;2;126;88;71m[38;2;244;158;120m▄[48;2;191;154;135m[38;2;93;69;58m▬[48;2;100;77;65m[38;2;202;182;170m▬[48;2;96;73;61m[38;2;209;192;183m▬[48;2;91;68;55m[38;2;205;186;175m▬[48;2;112;90;77m[38;2;208;190;180m▬[48;2;210;191;175m[38;2;129;99;84m▬[48;2;163;115;91m[38;2;251;237;225m▃[48;2;242;167;136m[38;2;253;248;245m▄[48;2;249;179;143m[38;2;253;250;248m▅[48;2;217;184;125m[38;2;107;71;42m┃[48;2;254;162;76m[38;2;253;229;147m▊[48;2;62;23;0m[38;2;224;119;34m▊[48;2;189;2;17m[38;2;65;0;1m▎[48;2;253;81;96m[38;2;0;0;0m [48;2;254;70;89m[38;2;253;23;55m▗[48;2;231;1;38m[38;2;254;30;53m▘[48;2;214;0;32m[38;2;206;0;41m▄[48;2;208;0;28m[38;2;200;0;36m▅[48;2;192;0;25m[38;2;160;0;10m▝[48;2;142;0;7m[38;2;55;2;0m▝[48;2;67;2;0m[38;2;163;0;8m▝[48;2;179;0;11m[38;2;0;0;0m [48;2;195;0;11m[38;2;179;0;8m▁[48;2;189;0;10m[38;2;0;0;0m [48;2;154;0;3m[38;2;181;0;6m▬[48;2;78;1;1m[38;2;143;0;2m▆[48;2;108;33;23m[38;2;111;0;1m▄[48;2;222;120;82m[38;2;67;16;6m▂[48;2;249;142;100m[38;2;0;0;0m [48;2;240;138;96m [48;2;93;33;52m [48;2;128;46;100m[38;2;115;40;90m▃[48;2;120;43;92m[38;2;53;12;26m▗[48;2;56;7;11m[38;2;139;2;8m▁[48;2;186;0;16m[38;2;84;4;3m▘[48;2;193;3;27m[38;2;153;30;76m▃[48;2;156;29;76m[38;2;105;23;56m▗[48;2;46;10;7m[38;2;111;28;61m▊[48;2;55;30;19m[38;2;117;36;70m▝[0m
