[48;2;116;116;0m[38;2;255;255;0m▞[48;2;0;0;0m[38;2;116;116;0m▙ ▀[48;2;116;116;0m[38;2;255;255;0m▀ [48;2;116;116;0m[38;2;0;0;0m▜[48;2;116;116;0m[38;2;255;255;0m▗[48;2;116;116;0m[38;2;116;116;0m  [48;2;116;116;0m[38;2;0;0;0m▗[48;2;116;116;0m[38;2;116;116;0m [48;2;0;0;0m[38;2;116;116;0m▖▌ [48;2;116;0;69m[38;2;0;0;0m▙[48;2;0;0;0m[38;2;255;89;89m▄ [48;2;255;255;0m[38;2;116;116;0m▌   ▗[48;2;181;99;0m[38;2;116;116;0m▄[48;2;0;0;0m[38;2;0;0;0m▉[48;2;116;116;0m[38;2;0;0;0m▙[48;2;0;0;0m[38;2;116;116;0m▀▀▀   [48;2;0;0;0m[38;2;127;127;127m▄[48;2;0;0;0m[38;2;0;140;255m▄[48;2;0;0;0m[38;2;0;0;0m▉[48;2;0;140;255m[38;2;0;0;0m▛[48;2;0;140;255m[38;2;0;64;116m▀[48;2;0;0;0m[38;2;0;140;255m▄     [48;2;116;116;0m[38;2;0;0;0m▙[48;2;255;255;0m[38;2;181;99;0m▄[48;2;252;127;0m[38;2;255;255;0m▀▀▀▀▀▀▀▀▀▀▀▀▀▀[48;2;252;127;0m[38;2;116;116;0m▀▀▀▀▀[48;2;255;180;89m[38;2;252;127;0m▄▙[48;2;252;127;0m[38;2;116;116;0m▀[48;2;252;127;0m[38;2;255;180;89m▀▘▘[48;2;252;127;0m[38;2;252;127;0m [48;2;181;99;0m[38;2;255;180;89m▀[48;2;0;0;0m[38;2;181;99;0m▛    [48;2;127;127;127m[38;2;0;0;0m▚[48;2;127;127;127m[38;2;0;140;255m▄[0m
[48;2;0;0;0m[38;2;0;147;0m▖[48;2;116;116;0m[38;2;0;0;0m▙ [48;2;255;255;0m[38;2;116;116;0m▟[48;2;0;0;0m[38;2;116;116;0m▄[48;2;0;0;0m[38;2;0;0;0m  [48;2;0;0;0m[38;2;116;116;0m▐[48;2;0;0;0m[38;2;0;0;0m  [48;2;116;116;0m[38;2;0;0;0m▛▀[48;2;255;180;89m[38;2;116;116;0m▛[48;2;0;0;0m[38;2;255;180;89m▄[48;2;0;0;0m[38;2;0;0;0m  [48;2;181;0;0m[38;2;255;89;89m▀[48;2;0;0;0m[38;2;0;0;0m▉[48;2;0;0;0m[38;2;116;116;0m▝▀▀▘[48;2;0;0;0m[38;2;0;0;0m▉[48;2;0;0;0m[38;2;0;116;116m▗[48;2;0;0;0m[38;2;0;140;255m▄[48;2;0;0;0m[38;2;109;255;255m▄[48;2;0;0;0m[38;2;0;140;255m▄[48;2;0;0;0m[38;2;0;0;0m [48;2;0;140;255m[38;2;0;64;116m▌[48;2;0;140;255m[38;2;0;140;255m [48;2;0;140;255m[38;2;0;0;0m▐▙[48;2;0;0;0m[38;2;0;140;255m▀▀  [48;2;0;0;0m[38;2;127;127;127m▀     [48;2;0;0;0m[38;2;181;0;0m▗[48;2;0;0;0m[38;2;255;0;0m▄[48;2;181;0;0m[38;2;0;0;0m▜[48;2;0;0;0m[38;2;181;99;0m▀[48;2;252;127;0m[38;2;0;0;0m▄[48;2;252;127;0m[38;2;181;0;0m▄[48;2;255;0;0m[38;2;252;127;0m▀▀▀▀▀▀▀▀▀▀▘[48;2;255;0;0m[38;2;255;0;0m         [48;2;181;0;0m[38;2;255;0;0m▛▀[48;2;0;0;0m[38;2;181;0;0m▀▗▖[48;2;0;0;0m[38;2;0;0;0m     [48;2;0;0;0m[38;2;0;64;116m▀[0m
[48;2;0;116;0m[38;2;0;147;0m▙[48;2;0;0;0m[38;2;0;116;0m▖[48;2;0;0;0m[38;2;0;0;0m  [48;2;116;116;0m[38;2;0;0;0m▖[48;2;116;116;0m[38;2;255;255;0m▗▖[48;2;116;116;0m[38;2;0;0;0m▘[48;2;116;116;0m[38;2;116;116;0m▉[48;2;116;116;0m[38;2;255;180;89m▗[48;2;0;0;0m[38;2;116;116;0m▙▝▀▘[48;2;0;0;0m[38;2;0;0;0m   [48;2;0;0;0m[38;2;127;127;127m▗[48;2;0;0;0m[38;2;0;0;0m▉[48;2;0;64;116m[38;2;0;0;0m▌[48;2;0;140;255m[38;2;0;140;255m  [48;2;0;0;0m[38;2;127;127;127m▌[48;2;0;0;0m[38;2;0;140;255m▝▀▀[48;2;0;0;0m[38;2;0;116;116m▘[48;2;0;0;0m[38;2;0;0;0m  [48;2;0;0;0m[38;2;81;116;0m▄[48;2;116;116;0m[38;2;0;0;0m▀▀▀[48;2;255;255;0m[38;2;116;116;0m▀[48;2;0;0;0m[38;2;255;255;0m▄[48;2;0;0;0m[38;2;116;116;0m▐ [48;2;181;0;0m[38;2;0;0;0m▛[48;2;181;0;0m[38;2;255;0;0m▄▄[48;2;0;0;0m[38;2;181;0;0m▖[48;2;0;0;0m[38;2;0;0;0m▉[48;2;181;0;0m[38;2;0;0;0m▌[48;2;255;0;0m[38;2;255;0;0m  [48;2;255;0;0m[38;2;181;0;0m▜[48;2;0;0;0m[38;2;0;0;0m  [48;2;0;0;0m[38;2;127;0;0m▀[48;2;255;0;0m[38;2;0;0;0m▄[48;2;255;0;0m[38;2;181;0;0m▄▖[48;2;255;0;0m[38;2;255;0;0m             [48;2;255;0;0m[38;2;181;0;0m▄[48;2;127;0;0m[38;2;255;0;0m▀[48;2;0;0;0m[38;2;127;0;0m▀▘[48;2;181;0;0m[38;2;0;0;0m▛[48;2;255;0;0m[38;2;181;0;0m▀[48;2;255;0;0m[38;2;127;0;0m▘[48;2;181;0;0m[38;2;255;0;0m▌[48;2;0;0;0m[38;2;0;0;0m▉[48;2;181;0;0m[38;2;0;0;0m▛[48;2;255;0;0m[38;2;127;0;0m▀▀[48;2;0;0;0m[38;2;181;0;0m▖[48;2;116;116;0m[38;2;0;0;0m▙[0m
[48;2;0;0;0m[38;2;0;0;0m   [48;2;0;0;0m[38;2;127;0;0m▚[48;2;181;0;0m[38;2;0;0;0m▜[48;2;0;0;0m[38;2;116;116;0m▀▘▝▀▀▀ [48;2;0;0;0m[38;2;0;64;116m▄[48;2;0;0;0m[38;2;0;140;255m▄[48;2;0;0;0m[38;2;127;127;127m▖[48;2;0;0;0m[38;2;0;0;0m [48;2;0;140;255m[38;2;0;140;255m  [48;2;0;140;255m[38;2;127;127;127m▞[48;2;0;0;0m[38;2;0;0;0m [48;2;0;0;0m[38;2;0;64;116m▀[48;2;0;0;0m[38;2;127;127;127m▚[48;2;181;0;0m[38;2;0;0;0m▀▀▘[48;2;181;0;0m[38;2;127;0;0m▘[48;2;181;0;0m[38;2;181;0;0m▉[48;2;255;0;0m[38;2;181;0;0m▀▀[48;2;255;0;0m[38;2;116;58;0m▀[48;2;116;116;0m[38;2;255;0;0m▄[48;2;181;0;0m[38;2;116;116;0m▀▀[48;2;255;255;0m[38;2;181;0;0m▄[48;2;116;58;0m[38;2;255;255;0m▀[48;2;255;255;0m[38;2;116;116;0m▞[48;2;0;0;0m[38;2;0;0;0m [48;2;127;0;0m[38;2;181;0;0m▟[48;2;181;0;0m[38;2;255;0;0m▀▜[48;2;0;0;0m[38;2;181;0;0m▌ ▐[48;2;255;0;0m[38;2;255;0;0m   [48;2;0;0;0m[38;2;0;0;0m▉[48;2;181;0;0m[38;2;0;0;0m▛[48;2;255;0;0m[38;2;181;0;0m▀[48;2;0;0;0m[38;2;255;0;0m▄[48;2;0;0;0m[38;2;181;0;0m▄[48;2;0;0;0m[38;2;127;0;0m▄▀[48;2;255;0;0m[38;2;0;0;0m▄▄[48;2;255;0;0m[38;2;181;0;0m▄▄▄[48;2;255;0;0m[38;2;255;0;0m▉[48;2;255;0;0m[38;2;181;0;0m▄▄[48;2;0;0;0m[38;2;255;0;0m▀[48;2;181;0;0m[38;2;0;0;0m▄[48;2;0;0;0m[38;2;127;0;0m▀[48;2;0;0;0m[38;2;181;0;0m▗▄[48;2;0;0;0m[38;2;255;0;0m▄▄[48;2;0;0;0m[38;2;0;0;0m [48;2;255;0;0m[38;2;0;0;0m▌[48;2;255;0;0m[38;2;255;0;0m   [48;2;0;0;0m[38;2;0;0;0m▉[48;2;181;0;0m[38;2;0;0;0m▌[48;2;181;0;0m[38;2;255;0;0m▛▀[48;2;127;0;0m[38;2;181;0;0m▟[48;2;0;0;0m[38;2;0;0;0m [0m
[48;2;0;116;0m[38;2;0;147;0m▛[48;2;0;0;0m[38;2;0;116;0m▘[48;2;0;0;0m[38;2;116;116;0m▗▄[48;2;0;0;0m[38;2;181;0;0m▝▀[48;2;0;0;0m[38;2;0;0;0m  [48;2;0;0;0m[38;2;127;127;127m▗[48;2;0;0;0m[38;2;0;140;255m▄[48;2;0;116;116m[38;2;0;0;0m▜[48;2;0;140;255m[38;2;0;64;116m▚[48;2;109;255;255m[38;2;0;140;255m▙▟[48;2;0;140;255m[38;2;127;127;127m▞[48;2;0;0;0m[38;2;0;0;0m  [48;2;181;0;0m[38;2;0;0;0m▛▀[48;2;181;0;0m[38;2;255;0;0m▄[48;2;0;0;0m[38;2;181;0;0m▛▀▗▖[48;2;0;0;0m[38;2;0;0;0m▉[48;2;0;0;0m[38;2;116;116;0m▗[48;2;0;0;0m[38;2;255;255;0m▄[48;2;116;116;0m[38;2;0;0;0m▀[48;2;116;116;0m[38;2;127;0;0m▀▀▀[48;2;255;0;0m[38;2;0;0;0m▄▄[48;2;255;0;0m[38;2;127;0;0m▄▄[48;2;255;0;0m[38;2;181;0;0m▄[48;2;255;0;0m[38;2;255;0;0m  [48;2;255;0;0m[38;2;181;0;0m▄[48;2;127;0;0m[38;2;255;0;0m▀[48;2;0;0;0m[38;2;127;0;0m▘[48;2;0;0;0m[38;2;0;0;0m▉[48;2;181;0;0m[38;2;0;0;0m▌[48;2;255;0;0m[38;2;255;0;0m  [48;2;181;0;0m[38;2;255;0;0m▛[48;2;0;0;0m[38;2;127;0;0m▌[48;2;181;0;0m[38;2;0;0;0m▌[48;2;255;0;0m[38;2;255;0;0m     [48;2;255;0;0m[38;2;127;0;0m▀[48;2;0;0;0m[38;2;255;0;0m▄▄[48;2;0;0;0m[38;2;181;0;0m▄▄▄▄[48;2;255;0;0m[38;2;0;0;0m▀▀[48;2;255;0;0m[38;2;127;0;0m▀    [48;2;181;0;0m[38;2;255;0;0m▌[48;2;0;0;0m[38;2;0;0;0m▉[48;2;255;0;0m[38;2;0;0;0m▌  [48;2;181;0;0m[38;2;255;0;0m▌[48;2;0;0;0m[38;2;0;0;0m▉[48;2;127;0;0m[38;2;0;0;0m▌[48;2;127;0;0m[38;2;255;0;0m▀[48;2;127;0;0m[38;2;181;0;0m▜▛▘[0m
[48;2;0;0;0m[38;2;0;116;0m▘[48;2;0;0;0m[38;2;0;0;0m [48;2;0;0;0m[38;2;116;116;0m▀▀[48;2;0;0;0m[38;2;0;64;116m▗[48;2;0;0;0m[38;2;127;127;127m▄[48;2;0;0;0m[38;2;0;0;0m▉[48;2;0;140;255m[38;2;0;0;0m▌[48;2;109;255;255m[38;2;0;140;255m▙▞[48;2;0;140;255m[38;2;127;127;127m▞[48;2;0;0;0m[38;2;0;0;0m   [48;2;0;0;0m[38;2;116;0;69m▗▖[48;2;0;0;0m[38;2;0;0;0m [48;2;255;0;0m[38;2;127;0;0m▌[48;2;255;0;0m[38;2;255;0;0m  [48;2;255;0;0m[38;2;181;0;0m▀▀▜[48;2;0;0;0m[38;2;127;0;0m▘[48;2;0;0;0m[38;2;0;0;0m▉[48;2;116;116;0m[38;2;0;0;0m▙[48;2;255;255;0m[38;2;116;116;0m▖[48;2;255;255;0m[38;2;255;255;0m▉[48;2;255;255;0m[38;2;116;116;0m▗[48;2;255;255;0m[38;2;0;0;0m▄▄[48;2;116;116;0m[38;2;255;255;0m▀[48;2;0;0;0m[38;2;116;116;0m▛▘[48;2;0;0;0m[38;2;0;0;0m        [48;2;181;0;0m[38;2;0;0;0m▙[48;2;181;0;0m[38;2;255;0;0m▀▀▘[48;2;181;0;0m[38;2;0;0;0m▟▙[48;2;255;0;0m[38;2;252;127;0m▄▄▄▄▄▄▄▄▄▄▄▄▄▄▄▄▄▄▄[48;2;181;0;0m[38;2;255;0;0m▚[48;2;0;0;0m[38;2;0;0;0m▉[48;2;0;0;0m[38;2;181;0;0m▝[48;2;255;0;0m[38;2;0;0;0m▄▄[48;2;255;0;0m[38;2;181;0;0m▞[48;2;0;0;0m[38;2;0;0;0m      [0m
[48;2;0;0;0m[38;2;0;0;0m▉[48;2;0;0;0m[38;2;0;116;116m▗▖[48;2;0;0;0m[38;2;0;0;0m [48;2;0;147;147m[38;2;0;140;255m▐[48;2;0;140;255m[38;2;109;255;255m▀[48;2;127;127;127m[38;2;0;140;255m▌[48;2;0;0;0m[38;2;0;0;0m  [48;2;0;0;0m[38;2;116;0;69m▗[48;2;0;0;0m[38;2;0;0;0m     [48;2;0;0;0m[38;2;116;0;69m▘[48;2;0;0;0m[38;2;0;0;0m▉[48;2;181;0;0m[38;2;0;0;0m▙[48;2;255;0;0m[38;2;181;0;0m▖[48;2;255;0;0m[38;2;255;0;0m    [48;2;255;0;0m[38;2;181;0;0m▞[48;2;0;0;0m[38;2;0;0;0m       [48;2;0;0;0m[38;2;116;116;0m▄▄▄[48;2;0;0;0m[38;2;0;0;0m▉[48;2;116;116;0m[38;2;0;0;0m▌[48;2;116;116;0m[38;2;255;255;0m▄[48;2;116;116;0m[38;2;116;116;0m▉[48;2;81;116;0m[38;2;116;116;0m▙[48;2;0;0;0m[38;2;0;0;0m   [48;2;0;0;0m[38;2;181;0;0m▄▄▄▄▖[48;2;116;58;0m[38;2;0;0;0m▛[48;2;252;127;0m[38;2;255;180;89m▄▄▄▄[48;2;252;127;0m[38;2;252;127;0m         [48;2;252;127;0m[38;2;255;180;89m▄▗▄▄[48;2;116;116;0m[38;2;252;127;0m▀▀[48;2;0;0;0m[38;2;252;127;0m▌[48;2;0;0;0m[38;2;0;0;0m▉[48;2;0;0;0m[38;2;181;0;0m▄[48;2;0;0;0m[38;2;255;0;0m▄▄[48;2;0;0;0m[38;2;181;0;0m▖[48;2;0;0;0m[38;2;0;0;0m▉[48;2;0;0;0m[38;2;181;0;0m▗[48;2;0;0;0m[38;2;0;0;0m [48;2;116;58;0m[38;2;116;116;0m▜[48;2;116;116;0m[38;2;255;255;0m▀▗[0m
[48;2;0;0;0m[38;2;0;0;0m [48;2;0;140;255m[38;2;0;64;116m▖[48;2;127;127;127m[38;2;0;140;255m▛[48;2;0;0;0m[38;2;0;140;255m▘[48;2;0;0;0m[38;2;0;0;0m     [48;2;0;0;0m[38;2;116;0;69m▝▘[48;2;0;0;0m[38;2;0;0;0m        [48;2;0;0;0m[38;2;181;0;0m▀▀▀▘[48;2;0;0;0m[38;2;116;116;0m▄▄[48;2;0;0;0m[38;2;0;0;0m▉[48;2;116;116;0m[38;2;0;0;0m▌[48;2;116;116;0m[38;2;255;255;0m▄[48;2;116;116;0m[38;2;116;116;0m  [48;2;0;0;0m[38;2;0;0;0m [48;2;0;0;0m[38;2;116;116;0m▀[48;2;0;0;0m[38;2;255;255;0m▀[48;2;116;58;0m[38;2;116;116;0m▀[48;2;0;0;0m[38;2;0;0;0m  [48;2;181;0;0m[38;2;0;0;0m▀[48;2;255;0;0m[38;2;127;0;0m▀[48;2;255;0;0m[38;2;181;0;0m▀▀  [48;2;0;0;0m[38;2;255;0;0m▛▀[48;2;0;0;0m[38;2;252;127;0m▀▀[48;2;0;0;0m[38;2;181;99;0m▘[48;2;0;0;0m[38;2;116;58;0m▝[48;2;0;0;0m[38;2;255;180;89m▄▄▄▄▄▄▄▄▄▄▄▄▄▄▄▄[48;2;181;99;0m[38;2;0;0;0m▀▀▀▀▜[48;2;0;0;0m[38;2;252;127;0m▀▀▀[48;2;0;0;0m[38;2;181;99;0m▘[48;2;116;58;0m[38;2;0;0;0m▛[48;2;252;127;0m[38;2;252;127;0m  [48;2;252;127;0m[38;2;181;0;0m▀[48;2;252;127;0m[38;2;181;99;0m▀[48;2;116;58;0m[38;2;252;127;0m▄[0m
[48;2;0;0;0m[38;2;127;127;127m▘[48;2;0;0;0m[38;2;0;0;0m   [48;2;116;116;0m[38;2;0;0;0m▛[48;2;255;255;0m[38;2;116;116;0m▀▜[48;2;0;0;0m[38;2;0;0;0m   [48;2;0;0;0m[38;2;181;0;0m▗[48;2;0;0;0m[38;2;0;0;0m  [48;2;0;0;0m[38;2;181;0;0m▀[48;2;0;0;0m[38;2;0;0;0m     [48;2;0;0;0m[38;2;116;116;0m▄▄[48;2;0;0;0m[38;2;0;0;0m▉[48;2;116;116;0m[38;2;0;0;0m▙[48;2;116;116;0m[38;2;255;255;0m▀▘[48;2;0;0;0m[38;2;116;116;0m▘[48;2;0;0;0m[38;2;0;0;0m▉[48;2;0;0;0m[38;2;181;0;0m▄▄[48;2;255;0;0m[38;2;0;0;0m▀[48;2;252;127;0m[38;2;127;0;0m▀▀ [48;2;181;99;0m[38;2;252;127;0m▛[48;2;181;99;0m[38;2;116;58;0m▟[48;2;0;0;0m[38;2;0;0;0m▉[48;2;181;0;0m[38;2;0;0;0m▄▄[48;2;0;0;0m[38;2;127;0;0m▀ [48;2;255;180;89m[38;2;0;0;0m▀▀[48;2;255;180;89m[38;2;181;0;0m▄▄▄▄▄[48;2;255;255;113m[38;2;255;180;89m▀[48;2;181;0;0m[38;2;181;0;0m     [48;2;181;0;0m[38;2;255;255;113m▄[48;2;181;0;0m[38;2;181;0;0m      [48;2;181;0;0m[38;2;255;255;113m▄[48;2;181;0;0m[38;2;181;0;0m       [48;2;181;99;0m[38;2;181;0;0m▙▄▄▄[48;2;0;0;0m[38;2;181;0;0m▄[48;2;181;99;0m[38;2;0;0;0m▀▀▀▀▀▀[0m
[48;2;255;255;0m[38;2;116;116;0m▛ ▝▀▘[48;2;255;255;0m[38;2;207;255;96m▛ [48;2;0;0;0m[38;2;255;255;0m▄[48;2;0;0;0m[38;2;116;116;0m▖[48;2;0;0;0m[38;2;0;0;0m     [48;2;116;116;0m[38;2;0;0;0m▛▀[48;2;255;255;0m[38;2;116;116;0m▜[48;2;0;0;0m[38;2;81;116;0m▖[48;2;0;0;0m[38;2;116;116;0m▝▀▀ [48;2;0;0;0m[38;2;181;0;0m▄▄[48;2;255;0;0m[38;2;0;0;0m▀[48;2;255;0;0m[38;2;181;0;0m▀▘[48;2;255;0;0m[38;2;255;0;0m▉[48;2;255;0;0m[38;2;181;0;0m▄[48;2;127;0;0m[38;2;255;0;0m▀[48;2;0;0;0m[38;2;181;99;0m▀▀[48;2;0;0;0m[38;2;116;58;0m▘[48;2;255;180;89m[38;2;0;0;0m▀▀[48;2;255;180;89m[38;2;181;0;0m▄▄[48;2;255;255;113m[38;2;255;180;89m▀▀▀[48;2;181;0;0m[38;2;255;255;113m▄▖[48;2;181;0;0m[38;2;181;0;0m    [48;2;255;255;113m[38;2;181;0;0m▌[48;2;181;0;0m[38;2;255;255;113m▌     [48;2;255;255;113m[38;2;255;255;113m [48;2;181;0;0m[38;2;181;0;0m      [48;2;255;255;113m[38;2;255;255;113m [48;2;181;0;0m[38;2;181;0;0m       [48;2;255;255;113m[38;2;181;0;0m▌[48;2;181;0;0m[38;2;255;255;113m▛    ▗▟▙▖[48;2;116;58;0m[38;2;181;0;0m▙[0m
[48;2;255;255;0m[38;2;116;116;0m▄▄▄[48;2;0;0;0m[38;2;255;255;0m▀▀▀▀▀[48;2;0;0;0m[38;2;116;116;0m▀  [48;2;207;255;96m[38;2;0;0;0m▛[48;2;116;116;0m[38;2;255;255;0m▄[48;2;0;0;0m[38;2;116;116;0m▙ ▀▘[48;2;0;0;0m[38;2;0;0;0m▉[48;2;181;0;0m[38;2;0;0;0m▀▀[48;2;255;0;0m[38;2;181;0;0m▀▘[48;2;255;0;0m[38;2;255;0;0m  [48;2;181;0;0m[38;2;255;0;0m▀[48;2;181;0;0m[38;2;0;0;0m▄[48;2;0;0;0m[38;2;127;0;0m▀  [48;2;255;180;89m[38;2;0;0;0m▀▀[48;2;181;0;0m[38;2;255;180;89m▀▀   [48;2;181;0;0m[38;2;255;255;113m▀  ▗[48;2;181;0;0m[38;2;255;255;113m▛      [48;2;255;255;113m[38;2;255;255;113m [48;2;181;0;0m[38;2;181;0;0m     [48;2;255;255;113m[38;2;255;255;113m [48;2;181;0;0m[38;2;181;0;0m      [48;2;181;0;0m[38;2;255;255;113m▜▖[48;2;181;0;0m[38;2;181;0;0m      [48;2;255;255;113m[38;2;181;0;0m▌[48;2;181;0;0m[38;2;255;255;113m▌   ▐▀ [48;2;255;255;113m[38;2;255;255;113m [48;2;181;0;0m[38;2;255;255;113m▘[48;2;181;0;0m[38;2;181;0;0m [0m
[48;2;0;0;0m[38;2;0;0;0m   [48;2;0;0;0m[38;2;116;0;69m▗[48;2;0;0;0m[38;2;181;0;0m▄[48;2;0;0;0m[38;2;0;0;0m   [48;2;116;116;0m[38;2;0;0;0m▛[48;2;116;116;0m[38;2;178;255;0m▄[48;2;0;0;0m[38;2;116;116;0m▌ ▘[48;2;0;0;0m[38;2;0;0;0m▉[48;2;0;0;0m[38;2;181;0;0m▄[48;2;255;0;0m[38;2;0;0;0m▀[48;2;255;0;0m[38;2;181;0;0m▀    ▄[48;2;0;0;0m[38;2;181;0;0m▀[48;2;0;0;0m[38;2;127;0;0m▘[48;2;0;0;0m[38;2;0;0;0m▉[48;2;255;180;89m[38;2;0;0;0m▀▀[48;2;181;0;0m[38;2;255;180;89m▀▘[48;2;181;0;0m[38;2;255;255;113m▗▞▀▜▄▖[48;2;181;0;0m[38;2;181;0;0m    [48;2;255;255;113m[38;2;255;255;113m [48;2;181;0;0m[38;2;181;0;0m  [48;2;181;0;0m[38;2;255;255;113m▄▄[48;2;181;0;0m[38;2;181;0;0m   [48;2;255;255;113m[38;2;181;0;0m▌[48;2;181;0;0m[38;2;255;255;113m▌    ▝▀▀▀▘[48;2;181;0;0m[38;2;181;0;0m  [48;2;255;255;113m[38;2;181;0;0m▙[48;2;181;0;0m[38;2;255;255;113m▀▀▀▀   ▛    [48;2;255;255;113m[38;2;255;255;113m▉[48;2;255;255;113m[38;2;181;0;0m▄▄[48;2;255;255;113m[38;2;255;255;113m [48;2;181;0;0m[38;2;181;0;0m  [0m
[48;2;0;0;0m[38;2;255;89;89m▄[48;2;0;0;0m[38;2;0;0;0m   [48;2;116;116;0m[38;2;0;0;0m▛[48;2;116;116;0m[38;2;255;255;0m▄▖[48;2;0;0;0m[38;2;116;116;0m▌  [48;2;181;0;0m[38;2;0;0;0m▛▀[48;2;255;0;0m[38;2;181;0;0m▀[48;2;255;0;0m[38;2;127;0;0m▘[48;2;255;0;0m[38;2;255;0;0m    [48;2;181;0;0m[38;2;255;0;0m▀[48;2;0;0;0m[38;2;181;0;0m▛[48;2;0;0;0m[38;2;127;0;0m▘[48;2;255;180;89m[38;2;0;0;0m▛▀[48;2;181;0;0m[38;2;255;180;89m▛▀▘[48;2;181;0;0m[38;2;181;0;0m   [48;2;181;0;0m[38;2;255;255;113m▝▜▄▗▞▀▜▄[48;2;181;0;0m[38;2;181;0;0m  [48;2;181;0;0m[38;2;255;255;113m▀▀▀▘[48;2;255;180;89m[38;2;181;0;0m▀▀▀▀▀[48;2;0;0;0m[38;2;255;180;89m▛▀▀▀▀▀▀▀▀▀▀▀▀▀▀▀[48;2;181;0;0m[38;2;255;180;89m▄▄▄▄▄▄▖[48;2;181;0;0m[38;2;181;0;0m  [48;2;181;0;0m[38;2;255;255;113m▘[48;2;181;0;0m[38;2;181;0;0m  [48;2;181;0;0m[38;2;255;255;113m▛  [0m
[48;2;0;0;0m[38;2;181;0;0m▘[48;2;81;116;0m[38;2;0;0;0m▀[48;2;116;116;0m[38;2;255;255;0m▄[48;2;0;0;0m[38;2;116;116;0m▙▝▀▘[48;2;181;0;0m[38;2;0;0;0m▛▀[48;2;255;0;0m[38;2;181;0;0m▀[48;2;255;0;0m[38;2;255;0;0m      [48;2;181;0;0m[38;2;255;0;0m▀[48;2;0;0;0m[38;2;181;0;0m▀ [48;2;255;180;89m[38;2;0;0;0m▀[48;2;181;0;0m[38;2;255;180;89m▀▀[48;2;255;255;113m[38;2;181;0;0m▀▗▄▄[48;2;255;255;113m[38;2;255;255;113m [48;2;181;0;0m[38;2;255;255;113m▖[48;2;181;0;0m[38;2;181;0;0m   [48;2;255;255;113m[38;2;181;0;0m▙[48;2;181;0;0m[38;2;255;255;113m▜▙  [48;2;181;99;0m[38;2;181;0;0m▛▀▘[48;2;0;0;0m[38;2;181;99;0m▀▀▀▀[48;2;0;0;0m[38;2;116;116;0m▄[48;2;255;255;0m[38;2;0;0;0m▀▀▀▀▀[48;2;255;255;0m[38;2;116;116;0m▀▀▀▘[48;2;255;255;113m[38;2;255;255;0m▀▀▀▀▀▀▛▀▀▛▀[48;2;0;0;0m[38;2;255;255;0m▄▄▄[48;2;0;0;0m[38;2;116;116;0m▖[48;2;0;0;0m[38;2;0;0;0m▉[48;2;0;0;0m[38;2;116;116;0m▄[48;2;255;180;89m[38;2;0;0;0m▙▄▄▄▄[48;2;181;0;0m[38;2;255;180;89m▄▄▖[48;2;181;0;0m[38;2;181;0;0m [0m
[48;2;0;0;0m[38;2;116;116;0m▖[48;2;0;0;0m[38;2;207;255;96m▀[48;2;0;0;0m[38;2;116;116;0m▀▘[48;2;181;0;0m[38;2;0;0;0m▀[48;2;255;0;0m[38;2;181;0;0m▀▀[48;2;255;0;0m[38;2;255;0;0m        [48;2;0;0;0m[38;2;181;0;0m▛[48;2;0;0;0m[38;2;127;0;0m▘[48;2;255;180;89m[38;2;0;0;0m▛[48;2;181;0;0m[38;2;255;180;89m▀▘[48;2;181;0;0m[38;2;181;0;0m  [48;2;255;255;113m[38;2;181;0;0m▙▖▀▀▚[48;2;181;0;0m[38;2;255;255;113m▀▀▜▙  [48;2;181;99;0m[38;2;181;0;0m▀▘[48;2;0;0;0m[38;2;181;99;0m▀▀ [48;2;116;116;0m[38;2;0;0;0m▀▀▙[48;2;255;255;0m[38;2;116;116;0m▙ [48;2;255;255;113m[38;2;255;255;0m▄▖[48;2;255;255;113m[38;2;255;255;113m     [48;2;255;255;0m[38;2;255;255;113m▛▀▀▘▀▀▝▀▝▀▘▝▀▀ [48;2;116;116;0m[38;2;255;255;0m▀[48;2;0;0;0m[38;2;116;116;0m▀▄[48;2;116;116;0m[38;2;255;255;0m▟[48;2;255;255;113m[38;2;255;255;0m▖[48;2;255;255;113m[38;2;255;255;113m [48;2;255;255;113m[38;2;255;255;0m▀▘▝▜[48;2;0;0;0m[38;2;255;255;0m▄[48;2;0;0;0m[38;2;0;0;0m▉[48;2;255;180;89m[38;2;0;0;0m▙▄[0m
[48;2;0;0;0m[38;2;116;116;0m▀ [48;2;181;0;0m[38;2;0;0;0m▛[48;2;127;0;0m[38;2;181;0;0m▞[48;2;255;0;0m[38;2;255;0;0m         [48;2;181;0;0m[38;2;255;0;0m▛[48;2;0;0;0m[38;2;181;0;0m▘[48;2;255;180;89m[38;2;0;0;0m▛▘[48;2;181;0;0m[38;2;255;180;89m▘[48;2;181;0;0m[38;2;255;255;113m▄▛▀▄[48;2;181;0;0m[38;2;181;0;0m   [48;2;181;0;0m[38;2;255;255;113m▀▚▄[48;2;181;0;0m[38;2;181;0;0m  [48;2;181;99;0m[38;2;181;0;0m▛▘[48;2;0;0;0m[38;2;181;99;0m▀   [48;2;116;116;0m[38;2;0;0;0m▛[48;2;255;255;0m[38;2;116;116;0m▀[48;2;255;255;0m[38;2;255;255;0m  [48;2;255;255;0m[38;2;116;116;0m▝[48;2;0;0;0m[38;2;255;255;0m▄[48;2;116;116;0m[38;2;0;0;0m▚▄[48;2;255;255;0m[38;2;116;116;0m▄[48;2;255;255;0m[38;2;255;255;113m▝▀▀ [48;2;255;255;0m[38;2;116;116;0m▄▄[48;2;0;0;0m[38;2;255;255;0m▀[48;2;116;116;0m[38;2;0;0;0m▄[48;2;116;116;0m[38;2;116;116;0m [48;2;0;0;0m[38;2;116;116;0m▄▄[48;2;0;0;0m[38;2;255;255;0m▄▄[48;2;0;0;0m[38;2;116;116;0m▄▛▀[48;2;255;255;0m[38;2;0;0;0m▄▄[48;2;116;116;0m[38;2;255;255;0m▀[48;2;116;116;0m[38;2;0;0;0m▟▀[48;2;255;255;113m[38;2;116;116;0m▚[48;2;255;255;113m[38;2;255;255;0m▝[48;2;255;255;113m[38;2;255;255;113m  [48;2;255;255;0m[38;2;255;255;113m▛▀▚▄▉▌ [48;2;0;0;0m[38;2;255;255;0m▄ [0m
[48;2;181;0;0m[38;2;0;0;0m▘[48;2;255;0;0m[38;2;181;0;0m▀[48;2;0;0;0m[38;2;252;127;0m▄[48;2;0;0;0m[38;2;181;0;0m▄[48;2;116;58;0m[38;2;0;0;0m▜[48;2;0;0;0m[38;2;127;0;0m▀[48;2;255;0;0m[38;2;0;0;0m▄[48;2;255;0;0m[38;2;181;0;0m▄▖[48;2;255;0;0m[38;2;255;0;0m   [48;2;0;0;0m[38;2;181;0;0m▛ [48;2;255;180;89m[38;2;0;0;0m▀[48;2;181;0;0m[38;2;255;180;89m▀ [48;2;255;255;113m[38;2;255;255;113m [48;2;181;0;0m[38;2;255;255;113m▄[48;2;181;0;0m[38;2;181;0;0m  [48;2;181;0;0m[38;2;255;255;113m▄▛▀▀▖[48;2;181;0;0m[38;2;181;0;0m▉[48;2;181;0;0m[38;2;255;255;113m▘[48;2;181;99;0m[38;2;181;0;0m▀[48;2;0;0;0m[38;2;181;99;0m▛▀[48;2;0;0;0m[38;2;252;127;0m▄[48;2;0;0;0m[38;2;181;99;0m▖[48;2;0;0;0m[38;2;0;0;0m  [48;2;116;116;0m[38;2;0;0;0m▀[48;2;255;255;0m[38;2;116;116;0m▘[48;2;255;255;0m[38;2;255;255;0m [48;2;255;255;113m[38;2;255;255;0m▘[48;2;255;255;113m[38;2;255;255;113m  [48;2;255;255;0m[38;2;255;255;113m▙ [48;2;0;0;0m[38;2;255;255;0m▄▄[48;2;116;116;0m[38;2;0;0;0m▙[48;2;0;0;0m[38;2;255;255;0m▀[48;2;255;255;113m[38;2;116;116;0m▄[48;2;0;0;0m[38;2;116;116;0m▀[48;2;81;116;0m[38;2;0;0;0m▛[48;2;116;116;0m[38;2;0;0;0m▚[48;2;81;116;0m[38;2;116;116;0m▜[48;2;255;255;0m[38;2;116;116;0m▄▄▄▄▖[48;2;255;255;0m[38;2;255;255;0m▉[48;2;116;116;0m[38;2;255;255;0m▀▀[48;2;0;0;0m[38;2;116;116;0m▀[48;2;0;0;0m[38;2;81;116;0m▘[48;2;0;0;0m[38;2;0;0;0m  [48;2;116;116;0m[38;2;0;0;0m▙[48;2;255;255;113m[38;2;0;0;0m▄[48;2;255;255;0m[38;2;255;255;113m▙▄[48;2;255;255;0m[38;2;255;255;113m▙         [48;2;255;255;0m[38;2;116;116;0m▜[0m
[48;2;255;0;0m[38;2;255;0;0m  [48;2;252;127;0m[38;2;255;0;0m▘[48;2;252;127;0m[38;2;252;127;0m  [48;2;255;180;89m[38;2;181;99;0m▀[48;2;0;0;0m[38;2;255;255;0m▄▄[48;2;116;116;0m[38;2;0;0;0m▀▜[48;2;0;0;0m[38;2;181;0;0m▀[48;2;0;0;0m[38;2;127;0;0m▀ [48;2;0;0;0m[38;2;255;180;89m▟[48;2;181;0;0m[38;2;255;180;89m▘[48;2;181;0;0m[38;2;181;0;0m    [48;2;181;0;0m[38;2;255;255;113m▀▀▚▖[48;2;181;0;0m[38;2;181;0;0m▉[48;2;181;0;0m[38;2;255;255;113m▞▘[48;2;181;99;0m[38;2;181;0;0m▀[48;2;0;0;0m[38;2;181;99;0m▀▘▄[48;2;255;180;89m[38;2;252;127;0m▛▚[48;2;0;0;0m[38;2;181;99;0m▌ [48;2;116;116;0m[38;2;0;0;0m▛[48;2;255;255;0m[38;2;116;116;0m▘[48;2;255;255;113m[38;2;255;255;0m▛     [48;2;255;255;0m[38;2;255;255;113m▌  [48;2;255;255;0m[38;2;116;116;0m▞[48;2;0;0;0m[38;2;0;0;0m   [48;2;0;0;0m[38;2;0;64;116m▗[48;2;0;0;0m[38;2;0;140;255m▄[48;2;0;64;116m[38;2;0;0;0m▀▚[48;2;0;140;255m[38;2;0;64;116m▀▀[48;2;0;140;255m[38;2;0;0;0m▀▜▀[48;2;0;64;116m[38;2;0;140;255m▄  [48;2;0;64;116m[38;2;0;116;116m▀[48;2;0;140;255m[38;2;0;64;116m▛[48;2;0;0;0m[38;2;0;140;255m▄▄[48;2;0;0;0m[38;2;0;64;116m▖[48;2;0;0;0m[38;2;116;116;0m▝[48;2;255;255;113m[38;2;0;0;0m▄[48;2;116;116;0m[38;2;255;255;113m▜[48;2;255;255;0m[38;2;255;255;113m▄▖[48;2;255;255;0m[38;2;255;255;0m        [0m
[48;2;255;0;0m[38;2;255;0;0m▉[48;2;252;127;0m[38;2;255;0;0m▌  [48;2;255;180;89m[38;2;252;127;0m▛[48;2;255;255;0m[38;2;255;180;89m▘[48;2;255;255;113m[38;2;255;255;0m▛  [48;2;255;255;0m[38;2;255;255;0m [48;2;0;0;0m[38;2;116;116;0m▘[48;2;255;180;89m[38;2;0;0;0m▛[48;2;181;0;0m[38;2;255;180;89m▛▘[48;2;181;0;0m[38;2;181;0;0m        [48;2;181;0;0m[38;2;255;255;113m▝▀[48;2;181;99;0m[38;2;181;0;0m▛▚[48;2;0;0;0m[38;2;181;99;0m▘[48;2;116;116;0m[38;2;0;0;0m▀[48;2;116;116;0m[38;2;181;99;0m▀[48;2;116;116;0m[38;2;255;255;0m▄▄▉[48;2;0;0;0m[38;2;116;116;0m▌ ▐[48;2;255;255;0m[38;2;255;255;0m▉[48;2;255;255;113m[38;2;255;255;0m▌▘[48;2;255;255;113m[38;2;255;255;113m  [48;2;255;255;0m[38;2;255;255;113m▌▘[48;2;116;116;0m[38;2;255;255;0m▛[48;2;0;0;0m[38;2;116;116;0m▛▘[48;2;0;64;116m[38;2;0;0;0m▛▜▀[48;2;0;140;255m[38;2;0;64;116m▙▀▘▄▄▗▄[48;2;0;140;255m[38;2;0;140;255m [48;2;0;64;116m[38;2;0;0;0m▐[48;2;0;140;255m[38;2;0;64;116m▞[48;2;0;64;116m[38;2;0;0;0m▛ [48;2;0;64;116m[38;2;0;140;255m▄[48;2;0;64;116m[38;2;0;64;116m  [48;2;0;64;116m[38;2;0;0;0m▀[48;2;0;140;255m[38;2;0;64;116m▜▄▞[48;2;0;0;0m[38;2;0;140;255m▄[48;2;0;0;0m[38;2;0;0;0m [48;2;0;0;0m[38;2;116;116;0m▀[48;2;255;255;113m[38;2;0;0;0m▄[48;2;255;255;0m[38;2;255;255;113m▙▄[48;2;255;255;0m[38;2;255;255;0m  [48;2;255;255;0m[38;2;116;116;0m▄[48;2;0;0;0m[38;2;255;255;0m▀[48;2;0;0;0m[38;2;116;116;0m▀▄[0m
[48;2;255;0;0m[38;2;255;0;0m [48;2;252;127;0m[38;2;252;127;0m   [48;2;255;255;0m[38;2;252;127;0m▌[48;2;255;255;113m[38;2;255;255;0m▀  [48;2;255;255;0m[38;2;255;255;0m [48;2;0;0;0m[38;2;255;255;0m▌[48;2;0;0;0m[38;2;0;0;0m [48;2;0;0;0m[38;2;255;180;89m▟[48;2;181;0;0m[38;2;255;255;113m▗▛▀▀▀▙▄▄▄[48;2;181;0;0m[38;2;181;0;0m  [48;2;181;99;0m[38;2;181;0;0m▛[48;2;0;0;0m[38;2;181;99;0m▀ [48;2;255;255;0m[38;2;116;116;0m▛▘[48;2;255;255;113m[38;2;255;255;0m▛▚▐▉[48;2;0;0;0m[38;2;116;116;0m▌ [48;2;255;255;0m[38;2;0;0;0m▌[48;2;255;255;113m[38;2;255;255;0m▛▘▗[48;2;255;255;113m[38;2;255;255;113m [48;2;255;255;0m[38;2;255;255;113m▞[48;2;255;255;0m[38;2;255;255;0m▉[48;2;116;116;0m[38;2;255;255;0m▛[48;2;0;0;0m[38;2;116;116;0m▘[48;2;0;0;0m[38;2;0;64;116m▗[48;2;0;147;147m[38;2;0;0;0m▀[48;2;0;64;116m[38;2;0;64;116m▉[48;2;0;140;255m[38;2;0;64;116m▛▘[48;2;0;140;255m[38;2;0;0;0m▗[48;2;0;140;255m[38;2;0;64;116m▞▚ ▜▙▖[48;2;0;140;255m[38;2;0;140;255m [48;2;0;0;0m[38;2;0;64;116m▌[48;2;0;64;116m[38;2;0;140;255m▌[48;2;0;64;116m[38;2;0;0;0m▖[48;2;0;64;116m[38;2;0;64;116m▉[48;2;0;64;116m[38;2;0;0;0m▗▖[48;2;0;140;255m[38;2;0;64;116m▙▄▛[48;2;0;64;116m[38;2;0;140;255m▟  [48;2;0;0;0m[38;2;0;140;255m▀[48;2;0;0;0m[38;2;0;64;116m▄[48;2;0;0;0m[38;2;0;0;0m▉[48;2;0;0;0m[38;2;255;255;0m▀[48;2;0;0;0m[38;2;116;116;0m▀▙[48;2;255;255;0m[38;2;0;0;0m▀[48;2;116;116;0m[38;2;255;255;0m▄[48;2;255;255;113m[38;2;116;116;0m▀[48;2;255;255;113m[38;2;255;255;0m▀▀[0m
[48;2;252;127;0m[38;2;255;0;0m▌  [48;2;255;180;89m[38;2;252;127;0m▛[48;2;255;255;0m[38;2;255;255;0m▉[48;2;255;255;0m[38;2;255;255;113m▄▉▌[48;2;116;116;0m[38;2;255;255;0m▌[48;2;0;0;0m[38;2;0;0;0m [48;2;0;0;0m[38;2;255;180;89m▟[48;2;181;0;0m[38;2;255;180;89m▘[48;2;181;0;0m[38;2;181;0;0m [48;2;181;0;0m[38;2;255;255;113m▀▚▄▄[48;2;181;0;0m[38;2;255;255;113m▌    [48;2;181;99;0m[38;2;181;0;0m▀[48;2;0;0;0m[38;2;181;99;0m▘[48;2;116;58;0m[38;2;0;0;0m▛[48;2;255;255;0m[38;2;116;116;0m▛[48;2;255;255;113m[38;2;255;255;0m▛▘[48;2;255;255;113m[38;2;255;255;113m▉[48;2;255;255;113m[38;2;255;255;0m▝[48;2;255;255;113m[38;2;255;255;113m [48;2;255;255;0m[38;2;255;255;0m [48;2;0;0;0m[38;2;116;116;0m▌ ▐[48;2;255;255;0m[38;2;255;255;0m  [48;2;255;255;0m[38;2;255;255;113m▀▀▘[48;2;116;116;0m[38;2;255;255;0m▛[48;2;0;0;0m[38;2;116;116;0m▘[48;2;0;64;116m[38;2;0;0;0m▛[48;2;0;64;116m[38;2;0;140;255m▟▟▀▀[48;2;0;0;0m[38;2;0;64;116m▌[48;2;0;64;116m[38;2;0;140;255m▄▌▟▀▟▛▀▛[48;2;0;140;255m[38;2;0;0;0m▟[48;2;0;64;116m[38;2;0;140;255m▞▉▛▀▜▄▄[48;2;0;64;116m[38;2;0;64;116m  [48;2;0;0;0m[38;2;0;140;255m▀[48;2;0;0;0m[38;2;0;64;116m▚▀▄▘[48;2;0;0;0m[38;2;0;0;0m▉[48;2;116;116;0m[38;2;0;0;0m▙[48;2;116;116;0m[38;2;255;255;0m▜[48;2;255;255;113m[38;2;255;255;0m▗[48;2;255;255;113m[38;2;255;255;113m▉[48;2;255;255;0m[38;2;255;255;113m▀ [48;2;116;116;0m[38;2;255;255;0m▌[0m
[48;2;252;127;0m[38;2;252;127;0m   [48;2;255;255;0m[38;2;255;180;89m▌ [48;2;255;255;0m[38;2;255;255;113m▟▘[48;2;116;116;0m[38;2;255;255;0m▛[48;2;0;0;0m[38;2;116;116;0m▘[48;2;0;0;0m[38;2;0;0;0m [48;2;181;0;0m[38;2;255;180;89m▌     [48;2;181;0;0m[38;2;255;255;113m▝▀▀▘[48;2;181;0;0m[38;2;181;0;0m [48;2;181;0;0m[38;2;181;99;0m▟[48;2;0;0;0m[38;2;181;99;0m▘[48;2;0;0;0m[38;2;0;0;0m [48;2;255;255;0m[38;2;116;116;0m▛ [48;2;255;255;0m[38;2;255;255;113m▀▀▀▀▀ [48;2;0;0;0m[38;2;255;255;0m▌  [48;2;116;116;0m[38;2;255;255;0m▞▀▀[48;2;0;0;0m[38;2;116;116;0m▀▀  [48;2;0;140;255m[38;2;0;0;0m▌[48;2;0;64;116m[38;2;0;140;255m▌▖▀▀▄[48;2;0;0;0m[38;2;0;64;116m▐[48;2;0;64;116m[38;2;0;140;255m▀▄▐▌[48;2;0;0;0m[38;2;0;64;116m▛▀[48;2;159;159;159m[38;2;0;0;0m▀[48;2;255;255;255m[38;2;159;159;159m▀[48;2;0;0;0m[38;2;255;255;255m▄▄[48;2;0;140;255m[38;2;127;127;127m▄[48;2;0;0;0m[38;2;0;140;255m▀[48;2;0;64;116m[38;2;0;140;255m▘[48;2;0;64;116m[38;2;0;64;116m [48;2;0;140;255m[38;2;0;64;116m▄[48;2;0;140;255m[38;2;0;0;0m▄[48;2;0;64;116m[38;2;0;140;255m▙[48;2;0;0;0m[38;2;0;140;255m▄[48;2;0;0;0m[38;2;0;0;0m [48;2;0;0;0m[38;2;0;64;116m▟▐[48;2;0;0;0m[38;2;0;64;116m▌  [48;2;116;116;0m[38;2;0;0;0m▙[48;2;255;255;0m[38;2;116;116;0m▖[48;2;255;255;0m[38;2;255;255;113m▘[48;2;255;255;0m[38;2;255;255;0m▉[48;2;116;116;0m[38;2;255;255;0m▀[48;2;116;116;0m[38;2;0;0;0m▟[0m
[48;2;252;127;0m[38;2;252;127;0m  [48;2;255;180;89m[38;2;252;127;0m▛[48;2;255;255;0m[38;2;255;255;0m▉[48;2;255;255;0m[38;2;255;255;113m▐▉▘[48;2;116;116;0m[38;2;255;255;0m▌[48;2;0;0;0m[38;2;0;0;0m▉[48;2;255;180;89m[38;2;0;0;0m▌[48;2;181;0;0m[38;2;255;180;89m▘[48;2;181;0;0m[38;2;181;0;0m       [48;2;255;255;113m[38;2;255;255;113m [48;2;181;0;0m[38;2;181;0;0m▉[48;2;255;180;89m[38;2;181;0;0m▛[48;2;0;0;0m[38;2;181;99;0m▌[48;2;0;0;0m[38;2;0;0;0m▉[48;2;0;0;0m[38;2;116;116;0m▗▄▄▄▉▀▀▀[48;2;0;0;0m[38;2;255;255;0m▀[48;2;0;0;0m[38;2;116;116;0m▀[48;2;0;0;0m[38;2;0;0;0m   [48;2;116;116;0m[38;2;0;0;0m▛▚[48;2;255;255;0m[38;2;116;116;0m▘[48;2;255;255;0m[38;2;255;255;0m▉[48;2;0;0;0m[38;2;255;255;0m▌ [48;2;0;140;255m[38;2;0;64;116m▚[48;2;0;64;116m[38;2;0;0;0m▟[48;2;0;140;255m[38;2;0;64;116m▀▄▐▀[48;2;0;0;0m[38;2;0;140;255m▛[48;2;0;0;0m[38;2;0;64;116m▀[48;2;255;255;255m[38;2;0;0;0m▀[48;2;255;255;255m[38;2;159;159;159m▀▀▘[48;2;255;255;255m[38;2;255;255;255m        [48;2;255;255;255m[38;2;159;159;159m▀▀[48;2;210;210;210m[38;2;188;188;188m▚[48;2;226;226;226m[38;2;210;210;210m▚[48;2;159;159;159m[38;2;255;255;255m▚[48;2;0;140;255m[38;2;0;64;116m▐[48;2;0;64;116m[38;2;0;0;0m▚[48;2;0;64;116m[38;2;0;116;116m▚[48;2;0;0;0m[38;2;0;64;116m▞▗[48;2;0;0;0m[38;2;0;0;0m  [48;2;116;116;0m[38;2;255;255;0m▝▛[48;2;0;0;0m[38;2;116;116;0m▀  [0m
[48;2;0;0;0m[38;2;252;127;0m▀▀▀[48;2;0;0;0m[38;2;255;180;89m▀[48;2;0;0;0m[38;2;255;255;0m▀▀▀[48;2;0;0;0m[38;2;116;116;0m▘[48;2;0;0;0m[38;2;0;0;0m [48;2;255;180;89m[38;2;116;58;0m▌[48;2;181;0;0m[38;2;181;0;0m▉[48;2;181;0;0m[38;2;255;255;113m▗▄▄▄▄▄▄▛ [48;2;255;180;89m[38;2;181;0;0m▌[48;2;0;0;0m[38;2;255;180;89m▘[48;2;0;0;0m[38;2;0;0;0m [48;2;255;255;0m[38;2;116;116;0m▘[48;2;255;255;0m[38;2;255;255;113m▗▖[48;2;255;255;0m[38;2;255;255;0m▉[48;2;255;255;0m[38;2;255;255;113m▄▖[48;2;255;255;0m[38;2;255;255;0m▉[48;2;116;116;0m[38;2;255;255;0m▛[48;2;0;0;0m[38;2;81;116;0m▀[48;2;0;0;0m[38;2;116;116;0m▄[48;2;0;0;0m[38;2;81;116;0m▞[48;2;0;0;0m[38;2;0;0;0m   [48;2;116;116;0m[38;2;0;0;0m▙[48;2;255;255;0m[38;2;0;0;0m▄[48;2;116;116;0m[38;2;255;255;0m▜[48;2;0;0;0m[38;2;255;255;0m▌[48;2;0;0;0m[38;2;0;0;0m [48;2;0;64;116m[38;2;0;140;255m▌[48;2;0;64;116m[38;2;0;0;0m▌[48;2;0;140;255m[38;2;0;64;116m▞[48;2;0;140;255m[38;2;0;0;0m▛ [48;2;0;64;116m[38;2;0;140;255m▛[48;2;129;129;129m[38;2;0;64;116m▌[48;2;77;77;77m[38;2;255;255;255m▀[48;2;101;101;101m[38;2;188;188;188m▚[48;2;54;54;54m[38;2;159;159;159m▄[48;2;210;210;210m[38;2;54;54;54m▀[48;2;77;77;77m[38;2;101;101;101m▞[48;2;255;255;255m[38;2;0;0;0m▄[48;2;255;255;255m[38;2;54;54;54m▄[48;2;255;255;255m[38;2;255;255;255m    [48;2;255;255;255m[38;2;188;188;188m▗[48;2;210;210;210m[38;2;255;255;255m▚[48;2;19;19;19m[38;2;77;77;77m▚[48;2;19;19;19m[38;2;188;188;188m▄[48;2;159;159;159m[38;2;19;19;19m▀[48;2;159;159;159m[38;2;0;0;0m▀[48;2;19;19;19m[38;2;188;188;188m▄[48;2;0;0;0m[38;2;40;40;40m▚[48;2;0;140;255m[38;2;0;64;116m▚[48;2;0;140;255m[38;2;0;0;0m▜▖▜[48;2;0;140;255m[38;2;0;64;116m▐[48;2;0;0;0m[38;2;0;0;0m▉[48;2;0;0;0m[38;2;116;116;0m▝▘[48;2;0;0;0m[38;2;0;0;0m▉[48;2;116;116;0m[38;2;0;0;0m▀[48;2;116;116;0m[38;2;255;255;0m▟[0m
[48;2;252;127;0m[38;2;181;99;0m▀▀▀[48;2;255;180;89m[38;2;252;127;0m▄[48;2;255;255;0m[38;2;255;180;89m▀[48;2;116;116;0m[38;2;255;255;0m▄▄[48;2;0;0;0m[38;2;116;116;0m▌ [48;2;255;180;89m[38;2;255;180;89m [48;2;181;0;0m[38;2;181;0;0m          [48;2;255;180;89m[38;2;181;0;0m▌[48;2;0;0;0m[38;2;0;0;0m▉[48;2;116;116;0m[38;2;0;0;0m▌[48;2;255;255;0m[38;2;255;255;0m [48;2;255;255;113m[38;2;255;255;0m▘[48;2;255;255;113m[38;2;255;255;113m  [48;2;255;255;0m[38;2;255;255;113m▛ [48;2;116;116;0m[38;2;255;255;0m▀[48;2;0;0;0m[38;2;116;116;0m▚[48;2;255;255;113m[38;2;81;116;0m▚[48;2;116;116;0m[38;2;0;0;0m▟[48;2;0;0;0m[38;2;0;116;0m▟[48;2;0;116;0m[38;2;0;147;0m▙▄[48;2;0;0;0m[38;2;0;116;0m▄  [48;2;0;0;0m[38;2;0;64;116m▗[48;2;0;0;0m[38;2;0;140;255m▄▄▌[48;2;0;0;0m[38;2;0;64;116m▐[48;2;0;0;0m[38;2;0;0;0m▉[48;2;0;0;0m[38;2;0;140;255m▐▀[48;2;19;19;19m[38;2;0;0;0m▛[48;2;255;255;255m[38;2;188;188;188m▌[48;2;255;255;255m[38;2;255;255;255m▉[48;2;226;226;226m[38;2;255;255;255m▌[48;2;226;226;226m[38;2;188;188;188m▀[48;2;159;159;159m[38;2;210;210;210m▄[48;2;226;226;226m[38;2;159;159;159m▀[48;2;159;159;159m[38;2;210;210;210m▌[48;2;210;210;210m[38;2;54;54;54m▀[48;2;0;0;0m[38;2;159;159;159m▜[48;2;255;255;255m[38;2;255;255;255m  [48;2;226;226;226m[38;2;255;255;255m▛[48;2;40;40;40m[38;2;159;159;159m▚[48;2;255;255;255m[38;2;210;210;210m▀[48;2;255;255;255m[38;2;159;159;159m▘[48;2;255;255;255m[38;2;188;188;188m▗[48;2;255;255;255m[38;2;159;159;159m▄[48;2;255;255;255m[38;2;101;101;101m▄[48;2;255;255;255m[38;2;188;188;188m▄[48;2;226;226;226m[38;2;255;255;255m▀[48;2;0;0;0m[38;2;40;40;40m▚[48;2;0;64;116m[38;2;0;140;255m▐[48;2;0;0;0m[38;2;0;140;255m▖▜▖[48;2;0;64;116m[38;2;0;0;0m▙[48;2;0;140;255m[38;2;0;140;255m▉[48;2;0;0;0m[38;2;0;140;255m▄ [48;2;255;255;0m[38;2;116;116;0m▚[48;2;255;255;113m[38;2;255;255;0m▌[0m
[48;2;252;127;0m[38;2;252;127;0m   [48;2;255;255;0m[38;2;252;127;0m▌ [48;2;255;255;0m[38;2;255;255;113m▜▖[48;2;0;0;0m[38;2;116;116;0m▌ [48;2;255;180;89m[38;2;116;58;0m▌[48;2;181;0;0m[38;2;181;0;0m▉[48;2;181;0;0m[38;2;255;255;113m▗▄▄▄▄▄▄▄▖[48;2;255;180;89m[38;2;181;0;0m▌[48;2;0;0;0m[38;2;0;0;0m▉[48;2;116;116;0m[38;2;0;0;0m▌[48;2;255;255;113m[38;2;255;255;0m▛▝[48;2;255;255;113m[38;2;255;255;113m  [48;2;255;255;0m[38;2;255;255;0m▉[48;2;116;116;0m[38;2;255;255;0m▌[48;2;0;0;0m[38;2;0;0;0m [48;2;255;255;113m[38;2;116;116;0m▚[48;2;0;0;0m[38;2;0;0;0m [48;2;0;0;0m[38;2;0;116;0m▟[48;2;0;181;0m[38;2;0;147;0m▌[48;2;0;255;0m[38;2;0;255;0m [48;2;0;255;0m[38;2;0;181;0m▜[48;2;0;116;0m[38;2;0;147;0m▙[48;2;0;0;0m[38;2;0;0;0m [48;2;0;0;0m[38;2;0;64;116m▞[48;2;0;64;116m[38;2;0;140;255m▛[48;2;0;64;116m[38;2;0;0;0m▖▗[48;2;0;64;116m[38;2;0;64;116m [48;2;0;0;0m[38;2;0;0;0m   [48;2;0;0;0m[38;2;0;140;255m▟[48;2;54;54;54m[38;2;0;64;116m▌[48;2;226;226;226m[38;2;255;255;255m▀[48;2;255;255;255m[38;2;210;210;210m▀▀[48;2;40;40;40m[38;2;188;188;188m▙[48;2;0;0;0m[38;2;54;54;54m▖[48;2;0;0;0m[38;2;0;0;0m [48;2;255;255;255m[38;2;77;77;77m▛[48;2;188;188;188m[38;2;255;255;255m▄[48;2;0;0;0m[38;2;188;188;188m▙[48;2;255;255;255m[38;2;0;0;0m▙ ▐[48;2;255;255;255m[38;2;159;159;159m▌▄[48;2;255;255;255m[38;2;188;188;188m▀[48;2;0;0;0m[38;2;159;159;159m▚[48;2;54;54;54m[38;2;0;0;0m▀[48;2;226;226;226m[38;2;54;54;54m▛[48;2;255;255;255m[38;2;255;255;255m  [48;2;101;101;101m[38;2;226;226;226m▌[48;2;0;64;116m[38;2;0;0;0m▙[48;2;0;64;116m[38;2;0;140;255m▚[48;2;0;140;255m[38;2;0;0;0m▜▙[48;2;0;0;0m[38;2;0;64;116m▚[48;2;0;0;0m[38;2;0;140;255m▄▖[48;2;0;0;0m[38;2;0;0;0m▉[48;2;116;116;0m[38;2;0;0;0m▌[48;2;255;255;0m[38;2;255;255;0m [0m
[48;2;252;127;0m[38;2;252;127;0m   [48;2;255;180;89m[38;2;252;127;0m▌[48;2;255;255;0m[38;2;255;255;0m [48;2;255;255;0m[38;2;255;255;113m▜▘[48;2;0;0;0m[38;2;255;255;0m▌[48;2;0;0;0m[38;2;0;0;0m▉[48;2;255;180;89m[38;2;0;0;0m▌[48;2;181;0;0m[38;2;255;180;89m▖[48;2;181;0;0m[38;2;181;0;0m         [48;2;255;180;89m[38;2;181;0;0m▌[48;2;0;0;0m[38;2;0;0;0m▉[48;2;116;116;0m[38;2;0;0;0m▌[48;2;255;255;0m[38;2;255;255;113m▝▉▟▜ [48;2;0;0;0m[38;2;255;255;0m▌[48;2;116;116;0m[38;2;0;0;0m▛[48;2;116;116;0m[38;2;255;255;113m▌[48;2;0;0;0m[38;2;0;0;0m [48;2;0;147;0m[38;2;0;116;0m▌[48;2;0;181;0m[38;2;0;181;0m [48;2;0;181;0m[38;2;0;255;0m▀▘[48;2;0;147;0m[38;2;0;181;0m▙[48;2;0;181;0m[38;2;0;116;0m▀[48;2;0;147;0m[38;2;0;64;116m▜[48;2;0;140;255m[38;2;0;71;44m▄[48;2;0;0;0m[38;2;0;140;255m▀▀   [48;2;0;64;116m[38;2;0;0;0m▙[48;2;0;0;0m[38;2;0;140;255m▀[48;2;19;19;19m[38;2;0;64;116m▙[48;2;226;226;226m[38;2;159;159;159m▌[48;2;255;255;255m[38;2;226;226;226m▀  ▝[48;2;188;188;188m[38;2;226;226;226m▀[48;2;255;255;255m[38;2;129;129;129m▀[48;2;255;255;255m[38;2;188;188;188m▀ [48;2;0;0;0m[38;2;127;127;127m▌[48;2;255;255;255m[38;2;255;255;255m [48;2;0;0;0m[38;2;127;127;127m▌[48;2;255;255;255m[38;2;255;255;255m  [48;2;255;255;255m[38;2;226;226;226m▀[48;2;255;255;255m[38;2;188;188;188m▄▄▄[48;2;255;255;255m[38;2;226;226;226m▄[48;2;255;255;255m[38;2;255;255;255m▉[48;2;226;226;226m[38;2;255;255;255m▙[48;2;0;0;0m[38;2;0;64;116m▗[48;2;0;140;255m[38;2;0;0;0m▀[48;2;0;64;116m[38;2;0;140;255m▀▙[48;2;0;0;0m[38;2;0;140;255m▖[48;2;0;0;0m[38;2;0;0;0m▉[48;2;116;116;0m[38;2;0;0;0m▀[48;2;255;255;0m[38;2;116;116;0m▀▄▄[0m
[48;2;252;127;0m[38;2;252;127;0m   [48;2;252;127;0m[38;2;181;99;0m▗[48;2;0;0;0m[38;2;252;127;0m▀[48;2;0;0;0m[38;2;255;180;89m▀[48;2;0;0;0m[38;2;116;116;0m▚▄▖[48;2;116;58;0m[38;2;0;0;0m▙[48;2;181;0;0m[38;2;255;180;89m▌[48;2;181;0;0m[38;2;255;255;113m▐▌ ▐[48;2;181;0;0m[38;2;181;0;0m     [48;2;255;180;89m[38;2;181;0;0m▌[48;2;0;0;0m[38;2;255;180;89m▖[48;2;116;116;0m[38;2;0;0;0m▙[48;2;116;116;0m[38;2;255;255;0m▜[48;2;255;255;0m[38;2;255;255;113m▀ [48;2;116;116;0m[38;2;255;255;0m▀▀▚[48;2;0;0;0m[38;2;0;0;0m [48;2;116;116;0m[38;2;255;255;113m▜[48;2;0;0;0m[38;2;116;116;0m▚[48;2;0;0;0m[38;2;0;71;0m▀[48;2;0;71;0m[38;2;0;181;0m▀[48;2;0;147;0m[38;2;0;71;0m▄[48;2;0;147;0m[38;2;0;0;0m▄[48;2;0;71;0m[38;2;0;147;0m▀[48;2;0;181;0m[38;2;0;147;0m▄▟[48;2;0;116;0m[38;2;0;181;0m▙[48;2;0;0;0m[38;2;0;147;0m▌  [48;2;0;64;116m[38;2;0;0;0m▀▘[48;2;0;140;255m[38;2;0;64;116m▄[48;2;0;0;0m[38;2;0;140;255m▀[48;2;0;140;255m[38;2;0;64;116m▟[48;2;255;255;255m[38;2;40;40;40m▌  [48;2;255;255;255m[38;2;210;210;210m▝▀[48;2;255;255;255m[38;2;226;226;226m▘[48;2;255;255;255m[38;2;255;255;255m   [48;2;0;0;0m[38;2;127;127;127m▌[48;2;255;255;255m[38;2;255;255;255m [48;2;0;0;0m[38;2;127;127;127m▌[48;2;255;255;255m[38;2;255;255;255m        [48;2;226;226;226m[38;2;255;255;255m▌[48;2;0;0;0m[38;2;0;0;0m [48;2;0;64;116m[38;2;0;140;255m▛▜▄[48;2;0;0;0m[38;2;0;64;116m▌[48;2;0;0;0m[38;2;0;0;0m  [48;2;0;0;0m[38;2;116;116;0m▗▄[48;2;0;0;0m[38;2;0;0;0m [0m
[48;2;116;58;0m[38;2;252;127;0m▀[48;2;0;0;0m[38;2;181;99;0m▀[48;2;0;0;0m[38;2;116;58;0m▚[48;2;0;0;0m[38;2;116;116;0m▄[48;2;255;255;0m[38;2;0;0;0m▀[48;2;255;255;0m[38;2;116;116;0m▀[48;2;255;255;113m[38;2;255;255;0m▜▜[48;2;255;255;0m[38;2;116;116;0m▜[48;2;0;0;0m[38;2;0;0;0m [48;2;0;0;0m[38;2;255;180;89m▜[48;2;181;0;0m[38;2;181;0;0m [48;2;255;255;113m[38;2;255;255;113m [48;2;181;0;0m[38;2;255;255;113m▄▟▛▀▀▀▀[48;2;255;180;89m[38;2;181;0;0m▙[48;2;0;0;0m[38;2;255;180;89m▙ [48;2;0;0;0m[38;2;255;255;0m▀[48;2;0;0;0m[38;2;116;116;0m▀▄[48;2;255;255;113m[38;2;116;116;0m▀▉[48;2;0;0;0m[38;2;255;255;113m▀[48;2;0;0;0m[38;2;81;116;0m▘[48;2;0;116;0m[38;2;0;0;0m▜[48;2;0;0;0m[38;2;255;255;113m▀▘[48;2;0;0;0m[38;2;0;0;0m  [48;2;255;255;255m[38;2;127;127;127m▛[48;2;255;255;255m[38;2;0;0;0m▀[48;2;0;0;0m[38;2;127;127;127m▄[48;2;0;0;0m[38;2;19;19;19m▀[48;2;0;0;0m[38;2;0;116;0m▀▘[48;2;0;0;0m[38;2;0;0;0m  [48;2;0;0;0m[38;2;0;64;116m▖▐[48;2;0;116;116m[38;2;0;0;0m▟[48;2;0;0;0m[38;2;0;64;116m▞[48;2;0;64;116m[38;2;0;140;255m▌[48;2;127;127;127m[38;2;0;0;0m▌[48;2;255;255;255m[38;2;255;255;255m      [48;2;77;77;77m[38;2;255;255;255m▛▀[48;2;0;0;0m[38;2;77;77;77m▌[48;2;255;255;255m[38;2;255;255;255m [48;2;127;127;127m[38;2;0;0;0m▐[48;2;255;255;255m[38;2;127;127;127m▌▖[48;2;255;255;255m[38;2;255;255;255m      [48;2;210;210;210m[38;2;255;255;255m▌[48;2;0;64;116m[38;2;0;0;0m▌[48;2;0;64;116m[38;2;0;140;255m▌ [48;2;0;0;0m[38;2;0;64;116m▀▘[48;2;0;0;0m[38;2;0;0;0m  [48;2;0;0;0m[38;2;116;116;0m▀▚[48;2;255;255;113m[38;2;0;0;0m▀[0m
[48;2;0;0;0m[38;2;0;0;0m▉[48;2;116;58;0m[38;2;0;0;0m▙[48;2;116;58;0m[38;2;252;127;0m▜[48;2;255;180;89m[38;2;255;180;89m [48;2;255;255;0m[38;2;255;255;113m▝▉▟▙[48;2;116;116;0m[38;2;255;255;0m▙[48;2;0;0;0m[38;2;116;116;0m▖[48;2;0;0;0m[38;2;0;0;0m [48;2;181;0;0m[38;2;255;180;89m▙         ▝[48;2;0;0;0m[38;2;255;180;89m▙ [48;2;255;255;113m[38;2;0;0;0m▌[48;2;116;116;0m[38;2;255;255;113m▀[48;2;0;0;0m[38;2;116;116;0m▘[48;2;0;116;0m[38;2;0;0;0m▀[48;2;0;181;0m[38;2;0;116;0m▀ [48;2;0;147;0m[38;2;0;181;0m▙[48;2;0;181;0m[38;2;0;116;0m▜[48;2;0;0;0m[38;2;0;0;0m▉[48;2;127;127;127m[38;2;0;0;0m▛[48;2;127;127;127m[38;2;159;159;159m▜▄[48;2;255;255;255m[38;2;127;127;127m▄[48;2;159;159;159m[38;2;255;255;255m▚[48;2;127;127;127m[38;2;255;255;255m▖[48;2;159;159;159m[38;2;127;127;127m▚▐[48;2;0;0;0m[38;2;159;159;159m▄[48;2;0;0;0m[38;2;127;127;127m▖[48;2;0;0;0m[38;2;0;0;0m▉[48;2;0;0;0m[38;2;0;140;255m▀[48;2;0;64;116m[38;2;0;0;0m▟[48;2;0;140;255m[38;2;0;64;116m▚▄[48;2;0;64;116m[38;2;0;0;0m▜[48;2;0;0;0m[38;2;127;127;127m▀[48;2;255;255;255m[38;2;127;127;127m▄▖[48;2;255;255;255m[38;2;255;255;255m  [48;2;127;127;127m[38;2;255;255;255m▀[48;2;0;0;0m[38;2;77;77;77m▚[48;2;0;0;0m[38;2;0;64;116m▙[48;2;0;64;116m[38;2;0;140;255m▙[48;2;0;64;116m[38;2;127;127;127m▀[48;2;0;0;0m[38;2;0;64;116m▟▄[48;2;127;127;127m[38;2;0;0;0m▚[48;2;255;255;255m[38;2;159;159;159m▚[48;2;255;255;255m[38;2;127;127;127m▄[48;2;255;255;255m[38;2;255;255;255m  [48;2;159;159;159m[38;2;255;255;255m▛[48;2;0;0;0m[38;2;127;127;127m▀▘[48;2;0;64;116m[38;2;0;140;255m▝[48;2;0;64;116m[38;2;0;64;116m [48;2;0;0;0m[38;2;0;0;0m    [48;2;0;0;0m[38;2;127;127;127m▞▌[48;2;0;0;0m[38;2;0;0;0m [48;2;255;255;255m[38;2;255;156;156m▚[0m
[48;2;0;0;0m[38;2;255;255;113m▄[48;2;0;0;0m[38;2;116;116;0m▖[48;2;0;0;0m[38;2;0;0;0m [48;2;0;0;0m[38;2;116;58;0m▜[48;2;255;180;89m[38;2;252;127;0m▙[48;2;255;180;89m[38;2;255;255;0m▜[48;2;255;255;113m[38;2;255;255;0m▄[48;2;255;255;113m[38;2;255;255;113m▉[48;2;255;255;0m[38;2;255;255;113m▙[48;2;116;116;0m[38;2;255;255;0m▙[48;2;0;0;0m[38;2;116;116;0m▖[48;2;255;180;89m[38;2;0;0;0m▙[48;2;181;0;0m[38;2;255;180;89m▙  [48;2;181;0;0m[38;2;252;127;0m▗[48;2;181;0;0m[38;2;181;0;0m  [48;2;181;0;0m[38;2;255;180;89m▝▖[48;2;181;0;0m[38;2;181;0;0m  [48;2;255;180;89m[38;2;181;0;0m▙[48;2;0;0;0m[38;2;255;180;89m▙▖[48;2;0;0;0m[38;2;0;0;0m [48;2;0;181;0m[38;2;0;116;0m▛[48;2;0;116;0m[38;2;0;147;0m▜[48;2;0;255;0m[38;2;0;181;0m▙[48;2;0;181;0m[38;2;0;255;0m▙  [48;2;0;181;0m[38;2;0;116;0m▜[48;2;127;127;127m[38;2;0;0;0m▚[48;2;127;127;127m[38;2;255;255;255m▚▄[48;2;127;127;127m[38;2;159;159;159m▀▄[48;2;255;255;255m[38;2;127;127;127m▄[48;2;159;159;159m[38;2;255;255;255m▚[48;2;255;255;255m[38;2;127;127;127m▜▙[48;2;255;255;255m[38;2;159;159;159m▖[48;2;0;0;0m[38;2;255;255;255m▄[48;2;0;0;0m[38;2;127;127;127m▖[48;2;0;0;0m[38;2;0;0;0m [48;2;0;0;0m[38;2;0;64;116m▀▘[48;2;0;0;0m[38;2;0;140;255m▀[48;2;0;0;0m[38;2;0;64;116m▀▖[48;2;0;0;0m[38;2;0;0;0m▉[48;2;0;0;0m[38;2;127;127;127m▝▀[48;2;0;140;255m[38;2;0;0;0m▌[48;2;0;64;116m[38;2;0;64;116m [48;2;0;0;0m[38;2;0;140;255m▀[48;2;0;0;0m[38;2;0;64;116m▘▚[48;2;0;0;0m[38;2;127;127;127m▖▄[48;2;0;0;0m[38;2;0;64;116m▝[48;2;0;0;0m[38;2;0;116;116m▝▘[48;2;0;0;0m[38;2;255;255;255m▀[48;2;0;0;0m[38;2;159;159;159m▘[48;2;0;0;0m[38;2;0;140;255m▄[48;2;0;64;116m[38;2;0;0;0m▜▀▗▛[48;2;0;0;0m[38;2;0;116;116m▀[48;2;0;0;0m[38;2;0;64;116m▘[48;2;0;0;0m[38;2;0;0;0m▉[48;2;116;116;0m[38;2;0;0;0m▛[48;2;255;255;113m[38;2;255;255;255m▀[48;2;255;156;156m[38;2;255;255;113m▞[48;2;255;156;156m[38;2;127;127;127m▞[48;2;127;127;127m[38;2;255;255;113m▐[0m
[48;2;116;116;0m[38;2;0;0;0m▙[48;2;116;116;0m[38;2;255;255;113m▜[48;2;0;0;0m[38;2;255;255;113m▖[48;2;0;0;0m[38;2;0;0;0m [48;2;0;0;0m[38;2;181;99;0m▜[48;2;181;99;0m[38;2;255;180;89m▀[48;2;255;255;0m[38;2;181;99;0m▄[48;2;116;116;0m[38;2;255;255;0m▀[48;2;255;255;0m[38;2;255;255;113m▀▘[48;2;116;116;0m[38;2;255;255;0m▙[48;2;0;0;0m[38;2;116;116;0m▖[48;2;116;58;0m[38;2;0;0;0m▙[48;2;0;0;0m[38;2;255;180;89m▜[48;2;181;0;0m[38;2;255;180;89m▖[48;2;181;0;0m[38;2;181;0;0m▉[48;2;181;0;0m[38;2;252;127;0m▘▝[48;2;181;0;0m[38;2;255;180;89m▄[48;2;181;0;0m[38;2;181;0;0m▉[48;2;181;0;0m[38;2;252;127;0m▖▘[48;2;181;0;0m[38;2;181;0;0m [48;2;181;0;0m[38;2;252;127;0m▜[48;2;255;180;89m[38;2;252;127;0m▖[48;2;0;0;0m[38;2;255;180;89m▙▖[48;2;0;0;0m[38;2;0;116;0m▀[48;2;0;147;0m[38;2;0;0;0m▖[48;2;0;181;0m[38;2;0;147;0m▄[48;2;0;181;0m[38;2;0;255;0m▝[48;2;0;181;0m[38;2;0;181;0m [48;2;0;181;0m[38;2;0;147;0m▀[48;2;0;181;0m[38;2;0;116;0m▀[48;2;0;0;0m[38;2;0;116;0m▄[48;2;255;255;255m[38;2;0;0;0m▙[48;2;159;159;159m[38;2;255;255;255m▚[48;2;159;159;159m[38;2;127;127;127m▚[48;2;159;159;159m[38;2;255;255;255m▚[48;2;127;127;127m[38;2;159;159;159m▄[48;2;255;255;255m[38;2;127;127;127m▙[48;2;159;159;159m[38;2;255;255;255m▙[48;2;255;255;255m[38;2;127;127;127m▜[48;2;255;255;255m[38;2;159;159;159m▙▝[48;2;127;127;127m[38;2;0;0;0m▜[48;2;255;255;255m[38;2;127;127;127m▛▜[48;2;0;0;0m[38;2;0;0;0m   [48;2;0;0;0m[38;2;0;64;116m▗▖▀▀[48;2;0;0;0m[38;2;127;127;127m▄[48;2;255;255;255m[38;2;0;0;0m▀[48;2;127;127;127m[38;2;159;159;159m▞[48;2;0;0;0m[38;2;127;127;127m▀[48;2;0;0;0m[38;2;159;159;159m▗▄[48;2;0;0;0m[38;2;255;255;255m▄▄[48;2;0;0;0m[38;2;127;127;127m▖[48;2;0;0;0m[38;2;0;0;0m [48;2;0;64;116m[38;2;0;0;0m▄▟[48;2;0;140;255m[38;2;0;64;116m▚▝[48;2;0;0;0m[38;2;0;64;116m▞[48;2;0;0;0m[38;2;0;116;116m▗[48;2;0;0;0m[38;2;0;0;0m   [48;2;0;0;0m[38;2;116;116;0m▝▀[48;2;0;0;0m[38;2;127;127;127m▗▖[48;2;0;0;0m[38;2;0;0;0m [0m
[48;2;0;0;0m[38;2;0;116;0m▖[48;2;116;116;0m[38;2;0;0;0m▌[48;2;116;116;0m[38;2;255;255;113m▙[48;2;0;0;0m[38;2;116;116;0m▖[48;2;0;0;0m[38;2;0;0;0m▉[48;2;0;0;0m[38;2;116;116;0m▄▄[48;2;0;0;0m[38;2;255;255;113m▄[48;2;0;0;0m[38;2;116;116;0m▖▀▀▀▄▖[48;2;255;180;89m[38;2;0;0;0m▙[48;2;255;180;89m[38;2;252;127;0m▀[48;2;181;0;0m[38;2;255;180;89m▄[48;2;181;0;0m[38;2;252;127;0m▖[48;2;181;0;0m[38;2;181;0;0m [48;2;181;0;0m[38;2;252;127;0m▚▝▚▄▙[48;2;252;127;0m[38;2;255;180;89m▙[48;2;255;180;89m[38;2;252;127;0m▚  [48;2;0;0;0m[38;2;255;180;89m▄[48;2;19;19;19m[38;2;0;0;0m▚[48;2;0;0;0m[38;2;0;116;0m▀[48;2;0;181;0m[38;2;0;147;0m▄[48;2;0;181;0m[38;2;0;181;0m▉[48;2;0;255;0m[38;2;0;181;0m▜[48;2;0;255;0m[38;2;0;147;0m▛[48;2;0;0;0m[38;2;0;181;0m▙[48;2;127;127;127m[38;2;0;0;0m▙[48;2;255;255;255m[38;2;127;127;127m▙▀[48;2;127;127;127m[38;2;159;159;159m▜[48;2;255;255;255m[38;2;127;127;127m▀[48;2;127;127;127m[38;2;159;159;159m▟[48;2;255;255;255m[38;2;255;255;255m [48;2;255;255;255m[38;2;159;159;159m▀▘[48;2;255;255;255m[38;2;127;127;127m▀▙ [48;2;255;255;255m[38;2;159;159;159m▜[48;2;0;0;0m[38;2;159;159;159m▖[48;2;0;0;0m[38;2;0;0;0m▉[48;2;0;0;0m[38;2;0;64;116m▗[48;2;159;159;159m[38;2;0;0;0m▀[48;2;159;159;159m[38;2;127;127;127m▚[48;2;0;0;0m[38;2;255;255;255m▀[48;2;0;0;0m[38;2;127;127;127m▀[48;2;0;0;0m[38;2;0;64;116m▗[48;2;0;0;0m[38;2;0;0;0m▉[48;2;0;0;0m[38;2;127;127;127m▝[48;2;0;0;0m[38;2;0;0;0m    [48;2;0;0;0m[38;2;0;64;116m▗[48;2;0;0;0m[38;2;0;0;0m   [48;2;0;0;0m[38;2;0;64;116m▄▖[48;2;0;0;0m[38;2;0;0;0m   [48;2;127;127;127m[38;2;0;0;0m▛▘[48;2;210;210;210m[38;2;127;127;127m▌[48;2;255;255;255m[38;2;210;210;210m▄[48;2;255;255;255m[38;2;255;255;255m▉[48;2;210;210;210m[38;2;255;255;255m▌[48;2;0;0;0m[38;2;0;0;0m [0m
[48;2;0;116;0m[38;2;0;147;0m▌[48;2;0;0;0m[38;2;0;0;0m [48;2;255;255;113m[38;2;116;116;0m▌[48;2;0;0;0m[38;2;255;255;113m▌ [48;2;0;0;0m[38;2;0;116;0m▗▄▖[48;2;0;0;0m[38;2;0;0;0m [48;2;0;0;0m[38;2;116;116;0m▀[48;2;0;0;0m[38;2;81;116;0m▚[48;2;0;0;0m[38;2;116;116;0m▖▝▘[48;2;0;0;0m[38;2;0;116;0m▗▖[48;2;255;180;89m[38;2;0;0;0m▙▄[48;2;252;127;0m[38;2;255;180;89m▀[48;2;181;0;0m[38;2;255;180;89m▄▄[48;2;252;127;0m[38;2;181;0;0m▙[48;2;255;180;89m[38;2;252;127;0m▄[48;2;255;180;89m[38;2;255;180;89m▉[48;2;255;180;89m[38;2;252;127;0m▘[48;2;255;180;89m[38;2;255;180;89m   [48;2;116;116;0m[38;2;255;180;89m▌[48;2;0;0;0m[38;2;0;0;0m  [48;2;0;147;0m[38;2;0;116;0m▙[48;2;0;147;0m[38;2;0;181;0m▀▀[48;2;0;255;0m[38;2;0;255;0m [48;2;0;147;0m[38;2;0;181;0m▙[48;2;0;181;0m[38;2;0;116;0m▜[48;2;0;116;0m[38;2;0;0;0m▀[48;2;255;255;255m[38;2;127;127;127m▙[48;2;255;255;255m[38;2;159;159;159m▖[48;2;255;255;255m[38;2;255;255;255m   [48;2;255;255;255m[38;2;159;159;159m▖[48;2;127;127;127m[38;2;255;255;255m▀[48;2;127;127;127m[38;2;0;0;0m▄▉[48;2;255;255;255m[38;2;127;127;127m▙ [48;2;159;159;159m[38;2;255;255;255m▙[48;2;0;0;0m[38;2;159;159;159m▙   [48;2;0;0;0m[38;2;0;140;255m▄[48;2;0;0;0m[38;2;0;0;0m▉[48;2;0;0;0m[38;2;0;140;255m▐[48;2;0;0;0m[38;2;0;116;116m▖[48;2;0;0;0m[38;2;0;64;116m▐[48;2;0;140;255m[38;2;0;0;0m▜[48;2;0;64;116m[38;2;0;140;255m▚[48;2;0;0;0m[38;2;0;0;0m  [48;2;0;0;0m[38;2;0;64;116m▝▘[48;2;0;0;0m[38;2;0;0;0m [48;2;0;0;0m[38;2;0;140;255m▀ [48;2;0;0;0m[38;2;116;116;0m▗▄[48;2;0;0;0m[38;2;0;0;0m  [48;2;127;127;127m[38;2;0;0;0m▙▄▄▄[48;2;0;0;0m[38;2;210;210;210m▀[48;2;0;0;0m[38;2;127;127;127m▘[48;2;0;0;0m[38;2;0;0;0m [0m
[48;2;0;0;0m[38;2;0;116;0m▘[48;2;0;0;0m[38;2;0;0;0m [48;2;116;116;0m[38;2;255;255;113m▝[48;2;0;0;0m[38;2;116;116;0m▌ [48;2;0;147;0m[38;2;0;116;0m▙[48;2;0;147;0m[38;2;0;255;0m▀▝[48;2;0;147;0m[38;2;0;116;0m▐[48;2;0;0;0m[38;2;0;147;0m▄[48;2;0;0;0m[38;2;0;116;0m▖[48;2;255;255;113m[38;2;0;0;0m▙[48;2;0;0;0m[38;2;116;116;0m▙ [48;2;0;116;0m[38;2;0;0;0m▙[48;2;0;147;0m[38;2;0;147;0m [48;2;0;147;0m[38;2;0;116;0m▀[48;2;0;0;0m[38;2;0;116;0m▄[48;2;0;0;0m[38;2;0;0;0m▉[48;2;252;127;0m[38;2;0;0;0m▙▄[48;2;255;180;89m[38;2;0;0;0m▄[48;2;255;180;89m[38;2;116;116;0m▄▄▄▖[48;2;255;180;89m[38;2;255;180;89m   [48;2;116;116;0m[38;2;255;180;89m▙[48;2;0;0;0m[38;2;255;180;89m▄[48;2;0;0;0m[38;2;116;116;0m▖[48;2;0;71;44m[38;2;0;0;0m▙[48;2;0;116;0m[38;2;0;71;0m▙[48;2;0;255;0m[38;2;0;181;0m▙▙▝[48;2;0;181;0m[38;2;0;147;0m▜[48;2;0;116;73m[38;2;0;0;0m▜[48;2;0;0;0m[38;2;127;127;127m▜[48;2;127;127;127m[38;2;255;255;255m▀[48;2;159;159;159m[38;2;0;0;0m▄[48;2;0;0;0m[38;2;127;127;127m▜[48;2;159;159;159m[38;2;0;0;0m▀[48;2;127;127;127m[38;2;255;255;255m▄[48;2;255;255;255m[38;2;159;159;159m▀[48;2;127;127;127m[38;2;255;255;255m▀[48;2;127;127;127m[38;2;0;0;0m▟[48;2;159;159;159m[38;2;255;255;255m▐▉▜[48;2;0;0;0m[38;2;159;159;159m▙ [48;2;0;0;0m[38;2;0;64;116m▗▝▘[48;2;0;0;0m[38;2;0;0;0m   [48;2;0;140;255m[38;2;0;64;116m▖[48;2;0;0;0m[38;2;0;140;255m▛[48;2;0;0;0m[38;2;0;64;116m▞ ▄[48;2;0;0;0m[38;2;0;0;0m▉[48;2;116;116;0m[38;2;0;0;0m▀[48;2;116;116;0m[38;2;255;255;0m▄▄▀[48;2;116;116;0m[38;2;0;0;0m▟▚▞▉▚[48;2;255;255;0m[38;2;116;116;0m▀▀▘[48;2;255;255;0m[38;2;255;255;0m [48;2;255;255;0m[38;2;116;116;0m▀[0m
[48;2;0;0;0m[38;2;0;140;255m▄▄▄▄▄[48;2;0;0;0m[38;2;0;116;116m▄▄[48;2;0;0;0m[38;2;0;116;0m▝▀▀▉[48;2;0;0;0m[38;2;0;0;0m▉[48;2;116;116;0m[38;2;0;0;0m▙[48;2;0;0;0m[38;2;255;255;113m▌ [48;2;0;147;0m[38;2;0;116;0m▙[48;2;0;147;0m[38;2;0;255;0m▀ [48;2;0;116;0m[38;2;0;147;0m▛▘[48;2;0;0;0m[38;2;0;116;0m▖[48;2;0;0;0m[38;2;0;0;0m     [48;2;0;0;0m[38;2;116;116;0m▀[48;2;255;180;89m[38;2;116;116;0m▖[48;2;255;180;89m[38;2;255;180;89m    [48;2;0;0;0m[38;2;116;116;0m▌ [48;2;0;116;0m[38;2;0;147;0m▜[48;2;0;181;0m[38;2;0;181;0m▉[48;2;0;116;0m[38;2;0;181;0m▀[48;2;0;0;0m[38;2;0;116;0m▀▘[48;2;0;0;0m[38;2;159;159;159m▄[48;2;255;255;255m[38;2;0;0;0m▀[48;2;255;255;255m[38;2;159;159;159m▀▗[48;2;127;127;127m[38;2;255;255;255m▀▘[48;2;159;159;159m[38;2;0;0;0m▀[48;2;255;255;255m[38;2;127;127;127m▀[48;2;127;127;127m[38;2;0;0;0m▚[48;2;255;255;255m[38;2;159;159;159m▖[48;2;255;255;255m[38;2;255;255;255m▉[48;2;255;255;255m[38;2;159;159;159m▘[48;2;255;255;255m[38;2;255;255;255m [48;2;0;0;0m[38;2;127;127;127m▖[48;2;0;0;0m[38;2;0;0;0m    [48;2;0;0;0m[38;2;0;64;116m▗▐[48;2;0;0;0m[38;2;0;0;0m  [48;2;0;0;0m[38;2;0;140;255m▀  [48;2;116;116;0m[38;2;0;0;0m▌[48;2;255;255;0m[38;2;255;255;0m▉[48;2;116;116;0m[38;2;255;255;0m▛ ▄[48;2;116;116;0m[38;2;116;116;0m [48;2;255;255;0m[38;2;255;255;0m [48;2;255;255;0m[38;2;116;116;0m▟[48;2;116;116;0m[38;2;0;0;0m▌[48;2;255;255;0m[38;2;255;255;0m▉[48;2;255;255;0m[38;2;116;116;0m▖[48;2;255;255;0m[38;2;255;255;0m [48;2;116;116;0m[38;2;116;116;0m [48;2;255;255;0m[38;2;116;116;0m▘[48;2;255;255;0m[38;2;255;255;0m [0m
[48;2;0;0;0m[38;2;0;116;116m▀▀[48;2;0;0;0m[38;2;0;64;116m▀[48;2;0;0;0m[38;2;0;116;116m▀▀[48;2;0;140;255m[38;2;0;0;0m▄▄[48;2;0;140;255m[38;2;0;116;116m▄[48;2;0;140;255m[38;2;0;140;255m▉[48;2;0;0;0m[38;2;0;140;255m▄▄[48;2;0;0;0m[38;2;0;116;116m▄▖[48;2;0;0;0m[38;2;116;116;0m▘[48;2;0;0;0m[38;2;0;0;0m▉[48;2;0;116;73m[38;2;0;0;0m▙[48;2;0;0;0m[38;2;0;116;0m▀[48;2;0;0;0m[38;2;0;116;116m▄▄[48;2;0;140;255m[38;2;0;0;0m▀▀[48;2;0;116;116m[38;2;0;147;147m▖[48;2;0;140;255m[38;2;0;116;116m▌[48;2;0;0;0m[38;2;0;140;255m▀▀[48;2;0;0;0m[38;2;127;127;127m▘[48;2;0;0;0m[38;2;0;0;0m  [48;2;0;0;0m[38;2;116;116;0m▀[48;2;255;180;89m[38;2;0;0;0m▄[48;2;255;180;89m[38;2;255;180;89m  [48;2;0;0;0m[38;2;255;180;89m▙▄[48;2;116;116;0m[38;2;0;0;0m▜[48;2;0;0;0m[38;2;0;116;0m▀[48;2;127;127;127m[38;2;0;0;0m▛[48;2;255;255;255m[38;2;159;159;159m▀ [48;2;255;255;255m[38;2;127;127;127m▄[48;2;0;0;0m[38;2;255;255;255m▀[48;2;0;0;0m[38;2;127;127;127m▀[48;2;159;159;159m[38;2;0;0;0m▀[48;2;255;255;255m[38;2;127;127;127m▀   [48;2;255;255;255m[38;2;159;159;159m▝▘[48;2;255;255;255m[38;2;255;255;255m  [48;2;159;159;159m[38;2;255;255;255m▛[48;2;0;0;0m[38;2;127;127;127m▌ [48;2;0;0;0m[38;2;116;116;0m▗▟▄▖[48;2;0;0;0m[38;2;0;0;116m▘[48;2;0;0;0m[38;2;0;0;0m  [48;2;116;116;0m[38;2;0;0;0m▛▀▀[48;2;255;255;0m[38;2;116;116;0m▀ [48;2;116;116;0m[38;2;255;255;0m▙▟  [48;2;255;255;0m[38;2;255;255;0m▉[48;2;116;116;0m[38;2;255;255;0m▌[48;2;116;116;0m[38;2;0;0;0m▙[48;2;116;116;0m[38;2;255;255;0m▀[48;2;116;116;0m[38;2;0;0;0m▚[48;2;255;255;0m[38;2;116;116;0m▟▛▟▛[0m
[48;2;0;140;255m[38;2;0;140;255m    [48;2;0;64;116m[38;2;0;140;255m▙▄[48;2;0;0;0m[38;2;0;140;255m▄[48;2;0;0;0m[38;2;127;127;127m▄[48;2;0;0;0m[38;2;0;0;0m▉[48;2;0;0;0m[38;2;0;116;116m▝[48;2;0;0;0m[38;2;0;140;255m▀▀▀▀▀▀[48;2;0;147;147m[38;2;0;0;0m▄[48;2;0;0;0m[38;2;0;116;116m▀▀[48;2;0;0;0m[38;2;0;64;116m▄[48;2;0;140;255m[38;2;0;0;0m▀[48;2;0;64;116m[38;2;0;140;255m▄▄▄[48;2;0;0;0m[38;2;0;64;116m▀ [48;2;0;0;0m[38;2;181;0;0m▗▄▄[48;2;0;0;0m[38;2;0;0;0m▉[48;2;116;116;0m[38;2;0;0;0m▙[48;2;255;180;89m[38;2;0;0;0m▄[48;2;255;180;89m[38;2;116;116;0m▄▄▄[48;2;0;0;0m[38;2;255;180;89m▀    [48;2;0;0;0m[38;2;116;116;0m▄[48;2;127;127;127m[38;2;0;0;0m▙[48;2;255;255;255m[38;2;0;0;0m▄[48;2;255;255;255m[38;2;159;159;159m▄[48;2;255;255;255m[38;2;255;255;255m     [48;2;255;255;255m[38;2;159;159;159m▗[48;2;127;127;127m[38;2;255;255;255m▀[48;2;0;0;0m[38;2;159;159;159m▘[48;2;116;116;0m[38;2;0;0;0m▀[48;2;255;255;0m[38;2;116;116;0m▜[48;2;0;0;0m[38;2;0;0;0m [48;2;116;116;0m[38;2;255;255;0m▗[48;2;116;116;0m[38;2;116;116;0m▉[48;2;0;0;0m[38;2;116;116;0m▚[48;2;0;0;0m[38;2;0;64;116m▝▘[48;2;0;0;0m[38;2;127;127;127m▖[48;2;116;116;0m[38;2;0;0;0m▙[48;2;255;255;0m[38;2;116;116;0m▌     ▀ ▗▞[48;2;116;116;0m[38;2;0;0;0m▜▖[48;2;255;255;0m[38;2;116;116;0m▀[48;2;116;116;0m[38;2;0;0;0m▜[48;2;116;116;0m[38;2;255;255;0m▐[48;2;116;116;0m[38;2;116;116;0m [48;2;116;116;0m[38;2;255;255;0m▟[0m
[48;2;109;255;255m[38;2;109;255;255m    [48;2;0;140;255m[38;2;109;255;255m▜▀▌[48;2;0;140;255m[38;2;0;64;116m▟[48;2;0;140;255m[38;2;0;0;0m▛[48;2;109;255;255m[38;2;0;140;255m▛▀▀▀[48;2;109;255;255m[38;2;0;64;116m▀[48;2;0;140;255m[38;2;109;255;255m▄▖[48;2;0;140;255m[38;2;0;140;255m   [48;2;0;140;255m[38;2;0;64;116m▄[48;2;0;0;0m[38;2;0;140;255m▀[48;2;0;0;0m[38;2;127;0;0m▗[48;2;0;0;0m[38;2;181;0;0m▄[48;2;71;0;0m[38;2;0;0;0m▚[48;2;116;0;0m[38;2;71;0;0m▚[48;2;181;0;0m[38;2;255;0;0m▚[48;2;181;0;0m[38;2;127;0;0m▚[48;2;255;0;0m[38;2;181;0;0m▛▛▛[48;2;181;0;0m[38;2;71;0;0m▀[48;2;0;0;0m[38;2;181;0;0m▄▄▄▄[48;2;0;0;0m[38;2;127;0;0m▄▖[48;2;0;0;0m[38;2;0;0;0m  [48;2;116;116;0m[38;2;0;0;0m▚▝[48;2;255;255;0m[38;2;116;116;0m▛▀[48;2;0;0;0m[38;2;255;255;0m▄[48;2;127;127;127m[38;2;0;0;0m▚▄[48;2;0;0;0m[38;2;159;159;159m▀[48;2;127;127;127m[38;2;159;159;159m▘[48;2;0;0;0m[38;2;127;127;127m▀▘[48;2;0;0;0m[38;2;0;0;0m [48;2;255;255;0m[38;2;116;116;0m▌  [48;2;0;0;0m[38;2;116;116;0m▌▐[48;2;116;116;0m[38;2;255;255;0m▙ ▚ ▄▝▀▀▀▚[48;2;0;0;0m[38;2;116;116;0m▀▀▗▄[48;2;0;0;0m[38;2;255;255;0m▄[48;2;116;116;0m[38;2;0;0;0m▀▀▀▗▟▙▙[48;2;116;116;0m[38;2;255;255;0m▀[0m
[48;2;109;255;255m[38;2;255;255;255m▄[48;2;109;255;255m[38;2;109;255;255m  [48;2;109;255;255m[38;2;255;255;255m▀▀▝[48;2;0;0;0m[38;2;0;140;255m▛[48;2;129;129;129m[38;2;0;0;0m▛[48;2;255;255;255m[38;2;0;140;255m▀[48;2;109;255;255m[38;2;255;255;255m▖▄▄▄▄▖[48;2;109;255;255m[38;2;109;255;255m [48;2;109;255;255m[38;2;0;140;255m▟[48;2;0;0;0m[38;2;0;140;255m▘[48;2;181;0;0m[38;2;0;0;0m▛▀ [48;2;127;0;0m[38;2;181;0;0m▞[48;2;181;0;0m[38;2;255;0;0m▜▜▚▜▚▜▚▚▀[48;2;127;0;0m[38;2;181;0;0m▞[48;2;181;0;0m[38;2;255;0;0m▜▜▜▚[48;2;127;0;0m[38;2;181;0;0m▙[48;2;0;0;0m[38;2;127;0;0m▖[48;2;116;116;0m[38;2;0;0;0m▛[48;2;255;255;0m[38;2;116;116;0m▜[48;2;116;116;0m[38;2;0;0;0m▌[48;2;255;255;0m[38;2;255;255;0m▉[48;2;116;116;0m[38;2;255;255;0m▛▝[48;2;116;116;0m[38;2;116;116;0m▉[48;2;0;0;0m[38;2;116;116;0m▙[48;2;127;127;127m[38;2;0;0;0m▙▞[48;2;127;127;127m[38;2;255;255;255m▄[48;2;0;0;0m[38;2;127;127;127m▌ [48;2;255;255;0m[38;2;116;116;0m▌ ▗[48;2;116;116;0m[38;2;0;0;0m▟▌[48;2;116;116;0m[38;2;255;255;0m▀▚[48;2;116;116;0m[38;2;127;127;127m▄[48;2;159;159;159m[38;2;0;0;0m▀[48;2;255;255;255m[38;2;71;71;0m▀[48;2;127;127;127m[38;2;255;255;255m▄[48;2;255;255;255m[38;2;159;159;159m▀▀ ▝▀[48;2;255;255;255m[38;2;127;127;127m▜[48;2;0;0;0m[38;2;127;127;127m▖[48;2;116;116;0m[38;2;0;0;0m▙[48;2;255;255;0m[38;2;116;116;0m▚▄[48;2;255;255;0m[38;2;255;255;0m   [48;2;0;0;0m[38;2;116;116;0m▛▜▄▞[0m
[48;2;255;255;255m[38;2;255;255;255m     [48;2;255;255;255m[38;2;0;140;255m▟[48;2;0;0;0m[38;2;0;0;0m [48;2;255;255;255m[38;2;0;140;255m▛       [48;2;159;159;159m[38;2;255;255;255m▛[48;2;0;0;0m[38;2;127;127;127m▘[48;2;181;0;0m[38;2;0;0;0m▛[48;2;127;0;0m[38;2;181;0;0m▟▟▟▞[48;2;181;0;0m[38;2;255;0;0m▜▜▀▀▜▀▜▘▘[48;2;127;0;0m[38;2;181;0;0m▞[48;2;255;0;0m[38;2;181;0;0m▖▖[48;2;255;0;0m[38;2;255;0;0m▉[48;2;181;0;0m[38;2;255;0;0m▜▘[48;2;0;0;0m[38;2;127;0;0m▌[48;2;116;116;0m[38;2;0;0;0m▌[48;2;116;116;0m[38;2;255;255;0m▌[48;2;0;0;0m[38;2;116;116;0m▟[48;2;255;255;0m[38;2;255;255;0m [48;2;255;255;0m[38;2;116;116;0m▜[48;2;116;116;0m[38;2;0;0;0m▌[48;2;116;116;0m[38;2;255;255;0m▌ [48;2;0;0;0m[38;2;116;116;0m▌▄[48;2;0;0;0m[38;2;127;127;127m▀  [48;2;255;255;0m[38;2;116;116;0m▌ ▐[48;2;0;0;0m[38;2;0;0;0m▉[48;2;127;127;127m[38;2;0;0;0m▀[48;2;255;255;255m[38;2;127;127;127m▀[48;2;255;255;255m[38;2;159;159;159m▀          ▐[48;2;0;0;0m[38;2;127;127;127m▌[48;2;116;116;0m[38;2;0;0;0m▛▝▘[48;2;116;116;0m[38;2;255;255;0m▐▀[48;2;116;116;0m[38;2;0;0;0m▞[48;2;116;116;0m[38;2;116;116;0m▉[48;2;0;0;0m[38;2;116;116;0m▟[48;2;116;116;0m[38;2;255;255;0m▀[0m
[48;2;255;255;255m[38;2;127;127;127m▄▄[48;2;255;255;255m[38;2;0;140;255m▄[48;2;159;159;159m[38;2;255;255;255m▀[48;2;127;127;127m[38;2;0;140;255m▀[48;2;127;127;127m[38;2;0;0;0m▟▘[48;2;255;255;255m[38;2;255;255;255m    [48;2;0;0;0m[38;2;255;255;255m▀▘[48;2;181;0;0m[38;2;0;0;0m▀▀▀▀[48;2;181;0;0m[38;2;255;0;0m▗[48;2;181;0;0m[38;2;181;0;0m [48;2;127;0;0m[38;2;181;0;0m▞▉▞[48;2;116;0;0m[38;2;127;0;0m▚[48;2;159;159;159m[38;2;116;0;0m▀[48;2;0;0;0m[38;2;71;0;0m▀[48;2;0;0;0m[38;2;19;19;19m▝[48;2;181;0;0m[38;2;0;0;0m▙▄▄[48;2;181;0;0m[38;2;127;0;0m▘[48;2;181;0;0m[38;2;181;0;0m▉[48;2;181;0;0m[38;2;127;0;0m▘[48;2;181;0;0m[38;2;181;0;0m▉[48;2;255;0;0m[38;2;181;0;0m▞▟▖▐[48;2;181;0;0m[38;2;127;0;0m▜[48;2;0;0;0m[38;2;0;0;0m [48;2;116;116;0m[38;2;255;255;0m▜▖[48;2;116;116;0m[38;2;0;0;0m▗[48;2;255;255;0m[38;2;116;116;0m▟[48;2;116;116;0m[38;2;0;0;0m▌[48;2;116;116;0m[38;2;255;255;0m▜[48;2;116;116;0m[38;2;0;0;0m▞[48;2;255;255;0m[38;2;116;116;0m▚  [48;2;116;116;0m[38;2;0;0;0m▗▛[48;2;116;116;0m[38;2;255;255;0m▞[48;2;0;0;0m[38;2;116;116;0m▀[48;2;159;159;159m[38;2;0;0;0m▛[48;2;255;255;255m[38;2;127;127;127m▀[48;2;159;159;159m[38;2;255;255;255m▘[48;2;159;159;159m[38;2;159;159;159m▉[48;2;255;255;255m[38;2;159;159;159m▙▖[48;2;255;255;255m[38;2;255;255;255m        [48;2;127;127;127m[38;2;255;255;255m▛[48;2;0;0;0m[38;2;127;127;127m▀[48;2;0;0;0m[38;2;0;0;0m▉[48;2;116;116;0m[38;2;0;0;0m▛▘[48;2;116;116;0m[38;2;116;116;0m▉[48;2;255;255;0m[38;2;116;116;0m▟[48;2;116;116;0m[38;2;0;0;0m▙▖▚[48;2;255;255;0m[38;2;116;116;0m▌▀[0m
[48;2;0;0;0m[38;2;0;64;116m▜▄[48;2;0;0;0m[38;2;0;140;255m▄[48;2;0;0;0m[38;2;0;0;0m▉[48;2;0;0;0m[38;2;40;40;40m▗[48;2;0;0;0m[38;2;77;77;77m▄▄[48;2;40;40;40m[38;2;0;0;0m▀[48;2;0;0;0m[38;2;127;127;127m▀▘[48;2;181;0;0m[38;2;0;0;0m▀[48;2;116;0;0m[38;2;181;0;0m▞[48;2;255;0;0m[38;2;181;0;0m▞▞[48;2;255;0;0m[38;2;255;0;0m▉[48;2;181;0;0m[38;2;255;0;0m▜▜▚▜▗[48;2;181;0;0m[38;2;127;0;0m▀[48;2;0;0;0m[38;2;181;0;0m▄[48;2;181;0;0m[38;2;127;127;127m▀[48;2;127;127;127m[38;2;255;255;255m▀[48;2;255;255;255m[38;2;159;159;159m▛[48;2;0;0;0m[38;2;159;159;159m▄[48;2;127;127;127m[38;2;0;0;0m▀▀ ▞[48;2;181;0;0m[38;2;0;0;0m▘[48;2;127;0;0m[38;2;181;0;0m▟▟[48;2;127;0;0m[38;2;0;0;0m▟[48;2;181;0;0m[38;2;127;0;0m▘▘▘[48;2;255;0;0m[38;2;181;0;0m▛[48;2;0;0;0m[38;2;127;0;0m▚[48;2;116;116;0m[38;2;0;0;0m▙[48;2;116;116;0m[38;2;255;255;0m▞▙[48;2;116;116;0m[38;2;0;0;0m▘▛[48;2;116;116;0m[38;2;255;255;0m▐▉[48;2;116;116;0m[38;2;0;0;0m▐▘[48;2;116;116;0m[38;2;116;116;0m [48;2;116;116;0m[38;2;0;0;0m▀[48;2;255;255;0m[38;2;116;116;0m▚[48;2;116;116;0m[38;2;0;0;0m▟[48;2;255;255;255m[38;2;54;54;54m▛[48;2;255;255;255m[38;2;127;127;127m▚[48;2;0;0;0m[38;2;159;159;159m▀[48;2;127;127;127m[38;2;255;255;255m▝[48;2;127;127;127m[38;2;0;0;0m▖[48;2;255;255;255m[38;2;127;127;127m▚▄[48;2;255;255;255m[38;2;159;159;159m▛ ▗[48;2;127;127;127m[38;2;255;255;255m▀▀[48;2;159;159;159m[38;2;0;0;0m▄▄[48;2;0;0;0m[38;2;116;116;0m▄▄[48;2;0;0;0m[38;2;0;0;0m  [48;2;255;255;0m[38;2;0;0;0m▌[48;2;255;255;0m[38;2;255;255;0m  [48;2;116;116;0m[38;2;0;0;0m▐▉[48;2;255;255;0m[38;2;116;116;0m▛▀[48;2;116;116;0m[38;2;0;0;0m▚[48;2;116;116;0m[38;2;255;255;0m▜[0m
[48;2;0;0;0m[38;2;0;147;0m▄[48;2;0;0;0m[38;2;0;0;0m  [48;2;0;0;0m[38;2;71;0;0m▟[48;2;255;156;156m[38;2;77;77;77m▀[48;2;255;156;156m[38;2;255;255;255m▄[48;2;255;156;156m[38;2;255;156;156m▉[48;2;255;156;156m[38;2;255;255;255m▄[48;2;101;101;101m[38;2;255;156;156m▙[48;2;116;58;0m[38;2;0;0;0m▀[48;2;181;0;0m[38;2;71;0;0m▄[48;2;127;0;0m[38;2;181;0;0m▞[48;2;181;0;0m[38;2;255;0;0m▜▜▜▜▜▜▚▚▘▀[48;2;181;0;0m[38;2;181;0;0m▉[48;2;181;0;0m[38;2;127;0;0m▚[48;2;181;0;0m[38;2;181;0;0m [48;2;0;0;0m[38;2;181;0;0m▖[48;2;0;0;0m[38;2;0;0;0m▉[48;2;181;0;0m[38;2;0;0;0m▌ [48;2;127;0;0m[38;2;181;0;0m▞[48;2;181;0;0m[38;2;255;0;0m▟[48;2;181;0;0m[38;2;127;0;0m▘[48;2;181;0;0m[38;2;181;0;0m [48;2;0;0;0m[38;2;0;0;0m [48;2;181;0;0m[38;2;181;0;0m▉[48;2;127;0;0m[38;2;181;0;0m▟[48;2;181;0;0m[38;2;255;0;0m▟[48;2;181;0;0m[38;2;127;0;0m▘[48;2;255;0;0m[38;2;181;0;0m▟[48;2;181;0;0m[38;2;127;0;0m▀[48;2;0;0;0m[38;2;127;0;0m▄[48;2;116;116;0m[38;2;0;0;0m▙▄[48;2;116;116;0m[38;2;116;116;0m  [48;2;255;255;0m[38;2;116;116;0m▀▀   [48;2;0;0;0m[38;2;116;116;0m▘[48;2;0;0;0m[38;2;159;159;159m▐▛ [48;2;0;0;0m[38;2;116;58;0m▄[48;2;0;0;0m[38;2;0;0;0m▉[48;2;0;0;0m[38;2;116;116;0m▗▄[48;2;127;127;127m[38;2;0;0;0m▙[48;2;0;0;0m[38;2;159;159;159m▀[48;2;0;0;0m[38;2;127;127;127m▘[48;2;0;0;0m[38;2;116;58;0m▄▖[48;2;116;116;0m[38;2;0;0;0m▌▐▉[48;2;255;255;0m[38;2;116;116;0m▌▐[48;2;0;0;0m[38;2;0;0;0m▉[48;2;116;116;0m[38;2;0;0;0m▛[48;2;255;255;0m[38;2;116;116;0m▘[48;2;255;255;0m[38;2;255;255;0m  [48;2;0;0;0m[38;2;116;116;0m▌▗[48;2;255;255;0m[38;2;255;255;0m  [48;2;116;116;0m[38;2;255;255;0m▙[48;2;0;0;0m[38;2;116;116;0m▟[0m
[48;2;0;147;0m[38;2;0;181;0m▄[48;2;0;0;0m[38;2;0;116;0m▖[48;2;0;0;0m[38;2;0;0;0m [48;2;0;0;0m[38;2;71;0;0m▜[48;2;255;156;156m[38;2;71;0;0m▖[48;2;255;156;156m[38;2;255;156;156m    [48;2;116;58;0m[38;2;255;156;156m▛[48;2;0;0;0m[38;2;116;58;0m▌[48;2;181;0;0m[38;2;71;0;0m▌[48;2;127;0;0m[38;2;181;0;0m▟[48;2;181;0;0m[38;2;255;0;0m▀▘▘▜▙▛▘[48;2;127;0;0m[38;2;181;0;0m▟▟▟[48;2;255;0;0m[38;2;127;0;0m▌[48;2;181;0;0m[38;2;255;0;0m▌[48;2;127;0;0m[38;2;0;0;0m▐[48;2;255;255;255m[38;2;127;127;127m▌▀[48;2;127;127;127m[38;2;0;0;0m▜[48;2;127;0;0m[38;2;181;0;0m▟[48;2;181;0;0m[38;2;255;0;0m▄▙[48;2;127;0;0m[38;2;181;0;0m▟[48;2;0;0;0m[38;2;0;0;0m [48;2;181;0;0m[38;2;127;0;0m▌[48;2;255;0;0m[38;2;181;0;0m▄  ▝▖▖▞[48;2;127;0;0m[38;2;181;0;0m▟[48;2;181;0;0m[38;2;0;0;0m▀▀[48;2;0;0;0m[38;2;116;116;0m▀▀▀▀▀   [48;2;0;0;0m[38;2;116;58;0m▐▀[48;2;116;116;0m[38;2;0;0;0m▛▘[48;2;116;116;0m[38;2;255;255;0m▀▛[48;2;0;0;0m[38;2;116;116;0m▘[48;2;116;58;0m[38;2;0;0;0m▛▗▉[48;2;116;116;0m[38;2;0;0;0m▚▐▉[48;2;116;116;0m[38;2;255;255;0m▞▙[48;2;0;0;0m[38;2;116;116;0m▙▞[48;2;255;255;0m[38;2;255;255;0m   [48;2;116;116;0m[38;2;0;0;0m▞▉[48;2;255;255;0m[38;2;116;116;0m▌  ▝[0m
[48;2;0;181;0m[38;2;0;147;0m▙[48;2;0;181;0m[38;2;0;116;0m▀[48;2;0;0;0m[38;2;0;181;0m▄[48;2;0;0;0m[38;2;0;252;0m▄[48;2;0;116;0m[38;2;0;0;0m▀[48;2;0;0;0m[38;2;71;0;0m▀▀[48;2;181;0;0m[38;2;127;0;0m▀▀▀[48;2;181;0;0m[38;2;0;0;0m▝[48;2;181;0;0m[38;2;127;0;0m▘[48;2;181;0;0m[38;2;181;0;0m▉[48;2;181;0;0m[38;2;127;0;0m▘[48;2;181;0;0m[38;2;255;0;0m▝▀ [48;2;181;0;0m[38;2;127;0;0m▘[48;2;181;0;0m[38;2;0;0;0m▄▀▀▘[48;2;181;0;0m[38;2;181;0;0m▉[48;2;181;0;0m[38;2;127;0;0m▘[48;2;255;0;0m[38;2;181;0;0m▙▀▉[48;2;181;0;0m[38;2;0;0;0m▀ [48;2;181;0;0m[38;2;127;0;0m▘[48;2;181;0;0m[38;2;255;0;0m▘[48;2;127;0;0m[38;2;181;0;0m▞[48;2;0;0;0m[38;2;181;0;0m▘[48;2;0;0;0m[38;2;116;116;0m▄[48;2;127;0;0m[38;2;0;0;0m▙[48;2;181;0;0m[38;2;127;0;0m▌[48;2;181;0;0m[38;2;255;0;0m▝[48;2;127;0;0m[38;2;181;0;0m▐[48;2;181;0;0m[38;2;255;0;0m▙▜▜▜▘[48;2;181;0;0m[38;2;127;0;0m▘[48;2;181;0;0m[38;2;181;0;0m [48;2;0;0;0m[38;2;127;0;0m▘[48;2;0;0;0m[38;2;0;0;0m      [48;2;116;116;0m[38;2;0;0;0m▛▀[48;2;116;116;0m[38;2;255;255;0m▄▟▌[48;2;0;0;0m[38;2;116;116;0m▌ [48;2;116;58;0m[38;2;0;0;0m▛▗▉[48;2;0;0;0m[38;2;116;116;0m▟[48;2;116;116;0m[38;2;255;255;0m▜▙[48;2;116;116;0m[38;2;0;0;0m▜▙[48;2;255;255;0m[38;2;116;116;0m▖[48;2;255;255;0m[38;2;255;255;0m      [48;2;0;0;0m[38;2;116;116;0m▚▞[48;2;255;255;0m[38;2;116;116;0m▖[48;2;255;255;0m[38;2;255;255;0m  [0m
[48;2;0;147;0m[38;2;0;116;0m▖[48;2;0;147;0m[38;2;0;181;0m▗[48;2;0;147;0m[38;2;0;147;0m [48;2;0;181;0m[38;2;0;181;0m [48;2;0;252;0m[38;2;81;116;0m▐[48;2;0;0;0m[38;2;0;116;0m▌ [48;2;181;0;0m[38;2;0;0;0m▄▄▄▄[48;2;127;0;0m[38;2;181;0;0m▟[48;2;181;0;0m[38;2;0;0;0m▄[48;2;116;0;0m[38;2;181;0;0m▄▄▄▄[48;2;181;0;0m[38;2;0;0;0m▀[48;2;181;0;0m[38;2;127;0;0m▀[48;2;116;58;0m[38;2;181;0;0m▛[48;2;116;0;0m[38;2;116;58;0m▟[48;2;181;0;0m[38;2;181;99;0m▀▀[48;2;181;0;0m[38;2;127;0;0m▄[48;2;181;0;0m[38;2;0;0;0m▄ [48;2;127;0;0m[38;2;181;0;0m▟[48;2;181;0;0m[38;2;0;0;0m▄[48;2;181;0;0m[38;2;127;0;0m▚[48;2;181;0;0m[38;2;116;116;0m▄[48;2;116;116;0m[38;2;0;0;0m▀[48;2;116;116;0m[38;2;255;255;0m▄▟▀[48;2;0;0;0m[38;2;116;116;0m▌ [48;2;127;0;0m[38;2;0;0;0m▙▄▖[48;2;127;0;0m[38;2;181;0;0m▀▀▀[48;2;0;0;0m[38;2;127;0;0m▀▀▘[48;2;181;0;0m[38;2;0;0;0m▀[48;2;181;0;0m[38;2;127;0;0m▘▘▘[48;2;181;0;0m[38;2;181;0;0m [48;2;0;0;0m[38;2;127;0;0m▌[48;2;0;0;0m[38;2;0;0;0m [48;2;255;255;0m[38;2;116;116;0m▚ ▗▄[48;2;0;0;0m[38;2;116;116;0m▘[48;2;0;0;0m[38;2;116;58;0m▗▞▘[48;2;116;116;0m[38;2;0;0;0m▛[48;2;255;255;0m[38;2;116;116;0m▀▝▜▄▜[48;2;0;0;0m[38;2;0;0;0m▉[48;2;0;0;0m[38;2;116;116;0m▝[48;2;255;255;0m[38;2;0;0;0m▄[48;2;255;255;0m[38;2;116;116;0m▄[48;2;255;255;0m[38;2;255;255;0m     [48;2;255;255;0m[38;2;116;116;0m▝▀▖[48;2;255;255;0m[38;2;255;255;0m [0m
[48;2;0;116;0m[38;2;0;147;0m▐[48;2;0;181;0m[38;2;0;116;0m▞▞[48;2;81;116;0m[38;2;0;181;0m▘[48;2;0;116;0m[38;2;81;116;0m▚[48;2;0;0;0m[38;2;19;19;19m▀[48;2;0;0;0m[38;2;0;0;0m  [48;2;255;156;156m[38;2;0;0;0m▛▘[48;2;255;156;156m[38;2;255;156;156m [48;2;0;0;0m[38;2;116;58;0m▄[48;2;255;156;156m[38;2;0;0;0m▀[48;2;181;0;0m[38;2;127;0;0m▚[48;2;19;19;19m[38;2;181;0;0m▀[48;2;181;0;0m[38;2;0;0;0m▄[48;2;0;0;0m[38;2;127;0;0m▀▀[48;2;116;58;0m[38;2;0;0;0m▄▄[48;2;19;19;19m[38;2;116;58;0m▀[48;2;0;0;0m[38;2;116;0;0m▀▀[48;2;0;0;0m[38;2;19;19;19m▀▄▄▄[48;2;0;0;0m[38;2;0;0;0m [48;2;0;0;0m[38;2;116;116;0m▀▀▀▀[48;2;0;0;0m[38;2;116;58;0m▀[48;2;0;0;0m[38;2;0;0;0m [48;2;181;0;0m[38;2;0;0;0m▖[48;2;181;0;0m[38;2;127;0;0m▘[48;2;0;0;0m[38;2;181;0;0m▙▄[48;2;0;0;0m[38;2;0;0;0m   [48;2;181;0;0m[38;2;0;0;0m▛▀▀ [48;2;181;0;0m[38;2;127;0;0m▘[48;2;181;0;0m[38;2;181;0;0m▉[48;2;127;0;0m[38;2;181;0;0m▟[48;2;181;0;0m[38;2;255;0;0m▀▀ [48;2;0;0;0m[38;2;0;0;0m▉[48;2;0;0;0m[38;2;116;116;0m▝▀▘[48;2;0;0;0m[38;2;116;58;0m▄▛▘[48;2;116;116;0m[38;2;0;0;0m▛▀▌[48;2;255;255;0m[38;2;255;255;0m  [48;2;116;116;0m[38;2;116;116;0m   [48;2;0;0;0m[38;2;116;116;0m▚▛▄▄▖▀▀▀▀▀▀▀▙[0m
[48;2;0;71;0m[38;2;0;181;0m▞[48;2;0;147;0m[38;2;81;116;0m▟[48;2;81;116;0m[38;2;0;116;0m▚[48;2;0;71;0m[38;2;0;0;0m▞▚[48;2;0;71;0m[38;2;0;116;0m▄[48;2;0;71;0m[38;2;0;71;0m [48;2;19;19;19m[38;2;0;0;0m▐[48;2;255;156;156m[38;2;255;156;156m  [48;2;116;58;0m[38;2;0;0;0m▗[48;2;255;156;156m[38;2;116;58;0m▌ [48;2;0;0;0m[38;2;255;156;156m▌[48;2;0;71;0m[38;2;0;0;0m▀[48;2;0;71;0m[38;2;0;147;0m▄[48;2;0;181;0m[38;2;0;71;0m▀[48;2;0;147;0m[38;2;0;181;0m▄▄[48;2;0;116;0m[38;2;0;147;0m▚[48;2;0;71;0m[38;2;0;116;0m▄▄▖[48;2;19;19;19m[38;2;0;71;0m▛[48;2;19;19;19m[38;2;0;0;0m▛[48;2;0;116;73m[38;2;101;255;201m▄[48;2;0;71;44m[38;2;0;147;147m▄[48;2;0;0;0m[38;2;0;181;113m▄[48;2;19;19;19m[38;2;0;0;0m▀[48;2;116;58;0m[38;2;19;19;19m▄[48;2;0;0;0m[38;2;116;58;0m▀▀▘▗▄▄▄▄▄▄▄▄[48;2;0;0;0m[38;2;0;0;0m       [48;2;0;0;0m[38;2;116;58;0m▗▄▄▄▟▀▘[48;2;116;116;0m[38;2;0;0;0m▀[48;2;116;116;0m[38;2;255;255;0m▄▟▙[48;2;116;116;0m[38;2;0;0;0m▜[48;2;116;116;0m[38;2;255;255;0m▝▉▙[48;2;116;116;0m[38;2;0;0;0m▗▟[48;2;255;255;0m[38;2;116;116;0m▌▝[48;2;0;0;0m[38;2;116;116;0m▄[48;2;255;255;0m[38;2;0;0;0m▄[48;2;116;116;0m[38;2;255;255;0m▜▙[48;2;116;116;0m[38;2;0;0;0m▝▉[48;2;116;116;0m[38;2;116;116;0m▉[48;2;255;255;0m[38;2;116;116;0m▀▀[48;2;0;0;0m[38;2;116;116;0m▄[48;2;255;255;0m[38;2;0;0;0m▄[0m
[48;2;0;71;44m[38;2;0;0;0m▄[48;2;0;71;0m[38;2;0;71;44m▛▚[48;2;0;116;0m[38;2;0;71;0m▘[48;2;0;116;0m[38;2;125;181;0m▄▄[48;2;0;147;0m[38;2;0;116;0m▀[48;2;0;0;0m[38;2;0;71;0m▌[48;2;255;156;156m[38;2;0;0;0m▖[48;2;255;156;156m[38;2;255;156;156m [48;2;116;58;0m[38;2;0;0;0m▝[48;2;255;156;156m[38;2;116;58;0m▌ [48;2;0;0;0m[38;2;255;156;156m▌[48;2;0;71;44m[38;2;81;116;0m▐[48;2;0;181;0m[38;2;125;181;0m▙[48;2;0;181;0m[38;2;0;255;0m▗[48;2;0;181;0m[38;2;125;181;0m▝[48;2;0;181;0m[38;2;178;255;0m▝[48;2;81;116;0m[38;2;0;181;0m▚[48;2;125;181;0m[38;2;0;116;0m▞[48;2;19;19;19m[38;2;0;71;0m▀[48;2;19;19;19m[38;2;0;0;0m▐[48;2;101;255;201m[38;2;19;19;19m▀[48;2;0;0;0m[38;2;101;255;201m▄[48;2;101;255;201m[38;2;0;71;44m▀[48;2;0;116;116m[38;2;19;19;19m▀[48;2;101;255;201m[38;2;0;116;116m▚[48;2;19;19;19m[38;2;0;181;113m▌[48;2;0;0;0m[38;2;0;71;44m▚[48;2;0;0;0m[38;2;19;19;19m▄[48;2;0;0;0m[38;2;181;0;0m▄[48;2;0;0;0m[38;2;255;0;0m▄[48;2;181;0;0m[38;2;0;0;0m▀▀▀▀▀▀▀▀▜[48;2;0;0;0m[38;2;116;58;0m▀▀▀▀▀▀▀▘[48;2;0;0;0m[38;2;127;0;0m▄[48;2;0;0;0m[38;2;181;0;0m▄▖[48;2;0;0;0m[38;2;0;0;0m  [48;2;255;255;0m[38;2;116;116;0m▙   ▄▝[48;2;116;116;0m[38;2;0;0;0m▚[48;2;255;255;0m[38;2;116;116;0m▚ ▝[48;2;116;116;0m[38;2;0;0;0m▀▙[48;2;255;255;0m[38;2;0;0;0m▄[48;2;255;255;0m[38;2;255;255;0m [48;2;0;0;0m[38;2;116;116;0m▚▝[48;2;116;116;0m[38;2;255;255;0m▜▙[48;2;0;0;0m[38;2;0;0;0m [48;2;116;116;0m[38;2;116;116;0m▉[48;2;116;116;0m[38;2;255;255;0m▝▉[48;2;116;116;0m[38;2;116;116;0m▉[48;2;255;255;0m[38;2;116;116;0m▛[0m
[48;2;0;71;0m[38;2;0;0;0m▀[48;2;0;116;0m[38;2;0;71;0m▀[48;2;0;116;0m[38;2;125;181;0m▄▖[48;2;0;181;0m[38;2;0;147;0m▘[48;2;0;181;0m[38;2;0;181;0m▉[48;2;0;181;0m[38;2;125;181;0m▘[48;2;0;71;0m[38;2;0;181;0m▄[48;2;0;116;0m[38;2;0;0;0m▜[48;2;255;156;156m[38;2;0;0;0m▖[48;2;255;156;156m[38;2;116;58;0m▝▘[48;2;0;0;0m[38;2;255;156;156m▛ [48;2;0;0;0m[38;2;0;71;0m▀[48;2;0;116;0m[38;2;125;181;0m▀[48;2;81;116;0m[38;2;0;181;0m▀[48;2;0;116;0m[38;2;81;116;0m▀▝[48;2;19;19;19m[38;2;0;116;0m▀ [48;2;101;255;201m[38;2;19;19;19m▀[48;2;0;255;255m[38;2;101;255;201m▀[48;2;109;255;255m[38;2;0;255;255m▛▀[48;2;101;255;201m[38;2;109;255;255m▙[48;2;0;255;255m[38;2;101;255;201m▖▗[48;2;0;116;116m[38;2;0;255;255m▌[48;2;0;0;0m[38;2;19;19;19m▚▝[48;2;127;0;0m[38;2;181;0;0m▐[48;2;181;0;0m[38;2;255;0;0m▀[48;2;127;0;0m[38;2;181;0;0m▟[48;2;255;0;0m[38;2;181;0;0m▄[48;2;255;0;0m[38;2;255;0;0m  [48;2;181;0;0m[38;2;255;0;0m▚[48;2;127;0;0m[38;2;181;0;0m▞[48;2;181;0;0m[38;2;255;0;0m▚▗▄▄▄▄▄▄▄▄▄▄▄[48;2;181;0;0m[38;2;181;0;0m▉[48;2;0;0;0m[38;2;181;0;0m▄▖[48;2;0;0;0m[38;2;0;0;0m [48;2;0;0;0m[38;2;116;116;0m▀[48;2;255;255;0m[38;2;116;116;0m▄[48;2;255;255;0m[38;2;255;255;0m [48;2;116;116;0m[38;2;255;255;0m▄[48;2;116;116;0m[38;2;116;116;0m▉[48;2;255;255;0m[38;2;116;116;0m▟[48;2;0;0;0m[38;2;116;116;0m▄[48;2;255;255;0m[38;2;0;0;0m▄[48;2;255;255;0m[38;2;116;116;0m▄[48;2;255;255;0m[38;2;255;255;0m [48;2;255;255;0m[38;2;116;116;0m▀[48;2;116;116;0m[38;2;0;0;0m▀▄[48;2;116;116;0m[38;2;255;255;0m▜[48;2;116;116;0m[38;2;0;0;0m▐▙[48;2;116;116;0m[38;2;255;255;0m▜[48;2;0;0;0m[38;2;116;116;0m▌▜[48;2;116;116;0m[38;2;255;255;0m▙ [48;2;0;0;0m[38;2;116;116;0m▙▝[0m
[48;2;125;181;0m[38;2;0;116;0m▀[48;2;0;147;0m[38;2;0;116;0m▀[48;2;0;147;0m[38;2;178;255;0m▄[48;2;0;181;0m[38;2;0;147;0m▀ ▗▛ [48;2;0;181;0m[38;2;0;71;0m▀[48;2;19;19;19m[38;2;0;181;0m▄[48;2;0;147;0m[38;2;0;0;0m▀▀▀[48;2;0;0;0m[38;2;0;116;0m▟[48;2;0;0;0m[38;2;0;71;0m▙▖▜[48;2;0;71;0m[38;2;81;116;0m▀[48;2;81;116;0m[38;2;19;19;19m▟[48;2;19;19;19m[38;2;101;255;201m▟▛[48;2;0;255;255m[38;2;19;19;19m▄[48;2;101;255;201m[38;2;0;116;116m▄[48;2;109;255;255m[38;2;101;255;201m▙▄[48;2;255;255;156m[38;2;109;255;255m▀[48;2;0;255;255m[38;2;109;255;255m▗[48;2;0;181;113m[38;2;0;255;255m▛[48;2;0;116;116m[38;2;0;181;113m▛[48;2;0;116;116m[38;2;0;0;0m▟[48;2;0;0;0m[38;2;19;19;19m▚[48;2;181;0;0m[38;2;0;0;0m▌▟▘[48;2;181;0;0m[38;2;181;0;0m▉[48;2;181;0;0m[38;2;127;0;0m▘[48;2;255;0;0m[38;2;181;0;0m▟▖▖[48;2;255;0;0m[38;2;255;0;0m         [48;2;255;0;0m[38;2;181;0;0m▖[48;2;255;0;0m[38;2;255;0;0m   [48;2;181;0;0m[38;2;255;0;0m▜▚ [48;2;0;0;0m[38;2;181;0;0m▙▄[48;2;0;0;0m[38;2;0;0;0m [48;2;0;0;0m[38;2;116;116;0m▀[48;2;255;255;0m[38;2;116;116;0m▖[48;2;255;255;0m[38;2;255;255;0m [48;2;116;116;0m[38;2;0;0;0m▞[48;2;255;255;0m[38;2;116;116;0m▚▀[48;2;116;116;0m[38;2;0;0;0m▜▄[48;2;255;255;0m[38;2;116;116;0m▚▖[48;2;0;0;0m[38;2;255;255;0m▄[48;2;116;116;0m[38;2;0;0;0m▚[48;2;255;255;0m[38;2;116;116;0m▟[48;2;0;0;0m[38;2;0;0;0m [48;2;255;255;0m[38;2;116;116;0m▚[48;2;0;0;0m[38;2;116;116;0m▌[48;2;0;0;0m[38;2;0;0;0m [48;2;116;116;0m[38;2;255;255;0m▞▙[48;2;0;0;0m[38;2;116;116;0m▚▚[0m
[48;2;0;181;0m[38;2;81;116;0m▚[48;2;0;181;0m[38;2;0;147;0m▟[48;2;0;181;0m[38;2;0;255;0m▞[48;2;0;181;0m[38;2;0;147;0m▗▌[48;2;0;181;0m[38;2;125;181;0m▌[48;2;0;181;0m[38;2;0;147;0m▝[48;2;0;181;0m[38;2;0;181;0m▉[48;2;0;181;0m[38;2;125;181;0m▝[48;2;0;181;0m[38;2;0;181;0m  [48;2;0;181;0m[38;2;125;181;0m▘[48;2;0;181;0m[38;2;0;181;0m▉[48;2;0;147;0m[38;2;0;181;0m▄[48;2;125;181;0m[38;2;0;147;0m▀[48;2;0;71;0m[38;2;0;116;0m▚[48;2;0;71;0m[38;2;0;0;0m▜[48;2;0;0;0m[38;2;116;116;0m▀[48;2;71;71;0m[38;2;0;0;0m▟[48;2;0;116;116m[38;2;101;255;201m▜[48;2;101;255;201m[38;2;19;19;19m▀[48;2;101;255;201m[38;2;0;147;147m▄[48;2;0;71;44m[38;2;101;255;201m▀[48;2;0;0;0m[38;2;0;147;147m▀[48;2;0;116;73m[38;2;0;0;0m▙[48;2;0;255;255m[38;2;101;255;201m▚[48;2;0;181;113m[38;2;0;255;255m▌[48;2;0;116;116m[38;2;0;181;113m▀[48;2;0;0;0m[38;2;0;116;116m▘[48;2;0;0;0m[38;2;0;71;0m▗[48;2;0;0;0m[38;2;19;19;19m▞[48;2;0;0;0m[38;2;116;58;0m▘[48;2;181;0;0m[38;2;0;0;0m▙[48;2;127;0;0m[38;2;181;0;0m▟[48;2;127;0;0m[38;2;0;0;0m▟[48;2;127;0;0m[38;2;181;0;0m▞[48;2;255;0;0m[38;2;255;0;0m▉[48;2;255;0;0m[38;2;181;0;0m▖[48;2;255;0;0m[38;2;255;0;0m      [48;2;181;0;0m[38;2;255;0;0m▙[48;2;181;0;0m[38;2;127;0;0m▘▚[48;2;255;0;0m[38;2;181;0;0m▟▖▖[48;2;255;0;0m[38;2;255;0;0m     [48;2;181;0;0m[38;2;255;0;0m▜▘[48;2;127;0;0m[38;2;181;0;0m▟[48;2;0;0;0m[38;2;0;0;0m▉[48;2;116;116;0m[38;2;0;0;0m▌ [48;2;116;116;0m[38;2;255;255;0m▀[48;2;116;116;0m[38;2;0;0;0m▙[48;2;116;116;0m[38;2;255;255;0m▜[48;2;116;116;0m[38;2;0;0;0m▞▌▀▙[48;2;255;255;0m[38;2;116;116;0m▙▝[48;2;0;0;0m[38;2;116;116;0m▞[48;2;0;0;0m[38;2;0;0;0m▉[48;2;116;116;0m[38;2;0;0;0m▌▐▀▙[48;2;255;255;0m[38;2;116;116;0m▖[48;2;255;255;0m[38;2;255;255;0m [48;2;0;0;0m[38;2;116;116;0m▚[0m
[48;2;0;71;44m[38;2;0;71;0m▜[48;2;0;71;0m[38;2;0;116;0m▜[48;2;81;116;0m[38;2;0;147;0m▀[48;2;0;116;0m[38;2;0;147;0m▘[48;2;0;181;0m[38;2;0;116;0m▄[48;2;0;181;0m[38;2;0;147;0m▖▖▄[48;2;0;181;0m[38;2;0;181;0m   [48;2;0;181;0m[38;2;125;181;0m▖[48;2;0;181;0m[38;2;0;147;0m▗[48;2;0;181;0m[38;2;0;181;0m [48;2;0;147;0m[38;2;125;181;0m▀[48;2;0;71;0m[38;2;0;147;0m▌[48;2;0;0;0m[38;2;0;71;0m▌[48;2;0;0;0m[38;2;81;116;0m▗▄[48;2;0;0;0m[38;2;0;0;0m [48;2;0;0;0m[38;2;0;116;116m▀[48;2;101;255;201m[38;2;0;0;0m▄▖[48;2;19;19;19m[38;2;101;255;201m▄[48;2;101;255;201m[38;2;0;0;0m▀▀[48;2;0;116;116m[38;2;101;255;201m▛[48;2;0;0;0m[38;2;0;116;73m▘[48;2;0;71;0m[38;2;0;0;0m▚[48;2;0;71;44m[38;2;0;71;0m▚[48;2;0;0;0m[38;2;0;0;0m     [48;2;181;0;0m[38;2;127;0;0m▘[48;2;255;0;0m[38;2;181;0;0m▟▖▖[48;2;255;0;0m[38;2;255;0;0m     [48;2;181;0;0m[38;2;255;0;0m▛[48;2;127;0;0m[38;2;0;0;0m▟[48;2;181;0;0m[38;2;0;0;0m▘[48;2;127;0;0m[38;2;181;0;0m▞[48;2;255;0;0m[38;2;181;0;0m▄▖▖[48;2;255;0;0m[38;2;255;0;0m   [48;2;181;0;0m[38;2;255;0;0m▜▚▘[48;2;127;0;0m[38;2;181;0;0m▟[48;2;0;0;0m[38;2;181;0;0m▘[48;2;116;116;0m[38;2;0;0;0m▌▐[48;2;116;116;0m[38;2;116;116;0m [48;2;116;116;0m[38;2;0;0;0m▌[48;2;116;116;0m[38;2;255;255;0m▟▚[48;2;0;0;0m[38;2;0;0;0m [48;2;116;116;0m[38;2;0;0;0m▖[48;2;255;255;0m[38;2;116;116;0m▜[48;2;116;116;0m[38;2;0;0;0m▜[48;2;255;255;0m[38;2;116;116;0m▚[48;2;0;0;0m[38;2;116;116;0m▌[48;2;0;0;0m[38;2;0;0;0m▉[48;2;116;116;0m[38;2;0;0;0m▌▐[48;2;116;116;0m[38;2;116;116;0m [48;2;0;0;0m[38;2;0;0;0m [48;2;255;255;0m[38;2;116;116;0m▙  [0m
[48;2;0;0;0m[38;2;0;0;0m▉[48;2;0;71;0m[38;2;0;0;0m▚[48;2;0;116;0m[38;2;0;0;0m▄[48;2;81;116;0m[38;2;0;116;0m▟[48;2;0;147;0m[38;2;0;116;0m▚[48;2;0;181;0m[38;2;0;147;0m▞[48;2;81;116;0m[38;2;0;181;0m▀[48;2;0;116;0m[38;2;0;147;0m▙[48;2;0;147;0m[38;2;0;181;0m▀▚▖[48;2;0;147;0m[38;2;0;116;0m▖[48;2;0;181;0m[38;2;0;147;0m▀[48;2;0;147;0m[38;2;0;116;0m▜[48;2;0;71;0m[38;2;0;116;0m▘[48;2;0;0;0m[38;2;0;71;0m▀[48;2;19;19;19m[38;2;0;0;0m▛[48;2;81;116;0m[38;2;0;116;0m▚[48;2;81;116;0m[38;2;0;147;0m▚[48;2;0;116;0m[38;2;125;181;0m▝[48;2;0;116;0m[38;2;81;116;0m▘[48;2;0;116;0m[38;2;125;181;0m▖[48;2;19;19;19m[38;2;0;116;0m▄▄  [48;2;0;0;0m[38;2;19;19;19m▚[48;2;19;19;19m[38;2;127;0;0m▞[48;2;255;0;0m[38;2;181;0;0m▀▀▀▀[48;2;127;0;0m[38;2;255;0;0m▟[48;2;181;0;0m[38;2;255;0;0m▄[48;2;181;0;0m[38;2;0;0;0m▀▙[48;2;127;0;0m[38;2;181;0;0m▟[48;2;255;0;0m[38;2;181;0;0m▖▖[48;2;255;0;0m[38;2;255;0;0m▉[48;2;255;0;0m[38;2;181;0;0m▄▄[48;2;255;0;0m[38;2;255;0;0m [48;2;255;0;0m[38;2;181;0;0m▞[48;2;0;0;0m[38;2;127;0;0m▘[48;2;181;0;0m[38;2;0;0;0m▙▄[48;2;116;0;0m[38;2;127;0;0m▚[48;2;127;0;0m[38;2;181;0;0m▞[48;2;255;0;0m[38;2;255;0;0m     [48;2;181;0;0m[38;2;255;0;0m▜▜▘[48;2;0;0;0m[38;2;181;0;0m▛ [48;2;116;116;0m[38;2;0;0;0m▘▉▞[48;2;255;255;0m[38;2;116;116;0m▙▞[48;2;116;116;0m[38;2;0;0;0m▛[48;2;255;255;0m[38;2;116;116;0m▀[48;2;116;116;0m[38;2;0;0;0m▚[48;2;116;116;0m[38;2;255;255;0m▝[48;2;0;0;0m[38;2;116;116;0m▚▝▉[48;2;0;0;0m[38;2;0;0;0m [48;2;116;116;0m[38;2;0;0;0m▘▟[48;2;255;255;0m[38;2;116;116;0m▌[48;2;116;116;0m[38;2;0;0;0m▜▌[48;2;255;255;0m[38;2;255;255;0m▉[48;2;116;116;0m[38;2;255;255;0m▛[0m
[48;2;255;255;0m[38;2;255;255;0m▉[48;2;255;255;0m[38;2;116;116;0m▝[48;2;81;116;0m[38;2;255;255;0m▄[48;2;255;255;0m[38;2;0;0;0m▀[48;2;81;116;0m[38;2;0;116;0m▀[48;2;0;71;0m[38;2;0;116;0m▀[48;2;81;116;0m[38;2;0;71;0m▄[48;2;0;71;0m[38;2;0;116;0m▜[48;2;81;116;0m[38;2;0;147;0m▀[48;2;0;147;0m[38;2;0;116;0m▌▄▌[48;2;0;147;0m[38;2;0;181;0m▙[48;2;0;71;0m[38;2;0;116;0m▌[48;2;0;0;0m[38;2;181;181;0m▗[48;2;226;255;156m[38;2;0;0;0m▀[48;2;226;255;156m[38;2;181;181;0m▚[48;2;0;116;0m[38;2;0;71;0m▙[48;2;81;116;0m[38;2;0;116;0m▀▞[48;2;0;147;0m[38;2;81;116;0m▚[48;2;0;147;0m[38;2;0;116;0m▀[48;2;0;147;0m[38;2;81;116;0m▚[48;2;0;116;0m[38;2;0;147;0m▄[48;2;0;71;0m[38;2;0;116;0m▛ [48;2;0;71;44m[38;2;0;0;0m▜[48;2;0;0;0m[38;2;116;0;0m▀[48;2;181;0;0m[38;2;0;0;0m▄[48;2;181;0;0m[38;2;116;116;0m▄[48;2;116;0;0m[38;2;116;116;0m▄[48;2;0;0;0m[38;2;116;0;0m▀[48;2;255;0;0m[38;2;181;0;0m▄▄▉[48;2;0;0;0m[38;2;127;0;0m▌[48;2;181;0;0m[38;2;0;0;0m▙[48;2;127;0;0m[38;2;181;0;0m▟[48;2;255;0;0m[38;2;255;0;0m  [48;2;181;0;0m[38;2;255;0;0m▌[48;2;181;0;0m[38;2;127;0;0m▘[48;2;181;0;0m[38;2;0;0;0m▖▀▜[48;2;181;0;0m[38;2;127;0;0m▌[48;2;255;0;0m[38;2;181;0;0m▀▄▖[48;2;255;0;0m[38;2;255;0;0m▉[48;2;181;0;0m[38;2;255;0;0m▜▘▘▜▘▘[48;2;0;0;0m[38;2;181;0;0m▛ [48;2;116;116;0m[38;2;0;0;0m▛[48;2;255;255;0m[38;2;116;116;0m▟[48;2;0;0;0m[38;2;0;0;0m [48;2;0;0;0m[38;2;116;116;0m▟▘▟[48;2;116;116;0m[38;2;255;255;0m▀▀▜▄[48;2;116;116;0m[38;2;0;0;0m▝▘▟▛[48;2;116;116;0m[38;2;255;255;0m▖[48;2;0;0;0m[38;2;116;116;0m▟[48;2;116;116;0m[38;2;255;255;0m▟[48;2;116;116;0m[38;2;0;0;0m▟▘[48;2;116;116;0m[38;2;255;255;0m▌[48;2;0;0;0m[38;2;116;116;0m▜[0m
[48;2;255;255;0m[38;2;255;255;0m▉[48;2;116;116;0m[38;2;255;255;0m▛▀[48;2;0;0;0m[38;2;116;116;0m▀[48;2;0;0;0m[38;2;0;71;0m▀[48;2;0;116;73m[38;2;0;0;0m▀[48;2;19;19;19m[38;2;0;116;73m▄[48;2;0;0;0m[38;2;0;116;73m▄[48;2;0;116;0m[38;2;0;0;0m▄▄[48;2;0;116;0m[38;2;0;71;0m▞[48;2;0;116;0m[38;2;0;116;0m [48;2;81;116;0m[38;2;0;71;0m▟[48;2;0;71;0m[38;2;0;0;0m▟[48;2;255;255;113m[38;2;0;71;44m▄[48;2;116;116;0m[38;2;255;255;113m▚[48;2;0;0;0m[38;2;116;116;0m▄▄[48;2;0;0;0m[38;2;19;19;19m▄▞[48;2;0;0;0m[38;2;255;255;113m▄[48;2;0;0;0m[38;2;19;19;19m▞[48;2;181;181;0m[38;2;0;0;0m▀▀[48;2;0;0;0m[38;2;19;19;19m▚[48;2;81;116;0m[38;2;0;0;0m▀[48;2;0;0;0m[38;2;116;116;0m▄  [48;2;116;116;0m[38;2;255;255;113m▜▛[48;2;0;0;0m[38;2;0;0;0m▉[48;2;0;0;0m[38;2;181;0;0m▝[48;2;0;0;0m[38;2;116;0;0m▀[48;2;0;0;0m[38;2;0;0;0m▉[48;2;0;0;0m[38;2;127;127;127m▗[48;2;0;0;0m[38;2;0;116;116m▖[48;2;181;0;0m[38;2;0;0;0m▙[48;2;255;0;0m[38;2;127;0;0m▌[48;2;255;0;0m[38;2;255;0;0m▉[48;2;181;0;0m[38;2;255;0;0m▛[48;2;127;0;0m[38;2;181;0;0m▟[48;2;181;0;0m[38;2;0;0;0m▄[48;2;255;0;0m[38;2;181;0;0m▄[48;2;0;0;0m[38;2;127;0;0m▌[48;2;0;0;0m[38;2;0;0;0m▉[48;2;181;0;0m[38;2;0;0;0m▄[48;2;127;0;0m[38;2;181;0;0m▐[48;2;181;0;0m[38;2;0;0;0m▙▖[48;2;181;0;0m[38;2;255;0;0m▀▚[48;2;116;0;0m[38;2;71;0;0m▚[48;2;181;0;0m[38;2;0;0;0m▄[48;2;181;0;0m[38;2;255;0;0m▀[48;2;127;0;0m[38;2;181;0;0m▟[48;2;0;0;0m[38;2;181;0;0m▄[48;2;0;0;0m[38;2;0;0;0m    [48;2;0;0;0m[38;2;116;116;0m▀▝▉[48;2;0;0;0m[38;2;0;0;0m  [48;2;116;116;0m[38;2;0;0;0m▙[48;2;255;255;0m[38;2;116;116;0m▖[48;2;255;255;0m[38;2;255;255;0m [48;2;116;116;0m[38;2;0;0;0m▐▛[48;2;255;255;0m[38;2;116;116;0m▀▄▄▟[48;2;0;0;0m[38;2;0;0;0m [48;2;116;116;0m[38;2;255;255;0m▐▉[48;2;0;0;0m[38;2;116;116;0m▌[0m
[48;2;0;0;0m[38;2;116;116;0m▘[48;2;0;0;0m[38;2;0;0;0m▉[48;2;0;116;73m[38;2;0;0;0m▀[48;2;0;116;73m[38;2;0;116;116m▀▘[48;2;0;116;73m[38;2;0;116;73m  [48;2;0;116;73m[38;2;111;255;111m▜▙▖[48;2;0;0;0m[38;2;0;116;73m▄▄[48;2;0;0;0m[38;2;0;0;0m▉[48;2;0;0;0m[38;2;19;19;19m▗[48;2;0;0;0m[38;2;0;0;0m▉[48;2;0;0;0m[38;2;0;116;73m▖[48;2;0;0;0m[38;2;0;64;116m▗▀[48;2;0;0;0m[38;2;46;0;71m▖[48;2;19;19;19m[38;2;0;0;0m▟[48;2;255;255;113m[38;2;255;255;113m▉[48;2;255;255;113m[38;2;255;255;156m▐[48;2;255;255;113m[38;2;0;0;0m▄[48;2;226;255;156m[38;2;255;255;113m▚[48;2;0;0;0m[38;2;116;116;0m▀[48;2;255;255;113m[38;2;0;0;0m▄▄[48;2;255;255;113m[38;2;255;255;113m▉[48;2;255;255;113m[38;2;116;116;0m▄▝[48;2;0;0;0m[38;2;255;255;113m▄ [48;2;127;127;127m[38;2;0;0;0m▌▐▞[48;2;0;116;116m[38;2;0;0;0m▄[48;2;0;116;73m[38;2;0;116;116m▞[48;2;0;0;0m[38;2;0;0;0m▉[48;2;181;0;0m[38;2;0;0;0m▙[48;2;181;0;0m[38;2;255;0;0m▀▘[48;2;0;0;0m[38;2;127;0;0m▘[48;2;181;0;0m[38;2;0;0;0m▛[48;2;181;0;0m[38;2;127;0;0m▚[48;2;0;0;0m[38;2;181;0;0m▌ [48;2;127;127;127m[38;2;0;116;73m▐[48;2;0;0;0m[38;2;0;116;73m▄[48;2;0;0;0m[38;2;0;116;0m▖[48;2;0;0;0m[38;2;0;0;0m▉[48;2;127;0;0m[38;2;0;0;0m▙[48;2;181;0;0m[38;2;0;0;0m▄[48;2;181;0;0m[38;2;181;0;0m [48;2;0;0;0m[38;2;181;0;0m▖[48;2;0;0;0m[38;2;0;0;0m  [48;2;0;0;0m[38;2;181;0;0m▀[48;2;0;0;0m[38;2;127;0;0m▌ [48;2;0;0;0m[38;2;81;116;0m▄[48;2;0;0;0m[38;2;0;0;0m       [48;2;0;0;0m[38;2;116;116;0m▝▀▀▀▘[48;2;0;0;0m[38;2;0;0;0m  [48;2;0;0;0m[38;2;116;116;0m▀ ▀▀▘[0m
[48;2;0;0;0m[38;2;0;0;0m [48;2;0;0;0m[38;2;0;116;116m▜[48;2;0;116;73m[38;2;0;116;116m▖[48;2;0;116;73m[38;2;111;255;111m▄▖[48;2;0;116;73m[38;2;0;116;73m [48;2;0;116;73m[38;2;111;255;111m▀▘[48;2;0;116;73m[38;2;0;116;73m  [48;2;0;116;73m[38;2;111;255;111m▄[48;2;0;116;73m[38;2;0;116;73m [48;2;0;0;0m[38;2;0;116;73m▖[48;2;19;19;19m[38;2;0;0;0m▟[48;2;0;0;0m[38;2;255;255;113m▐▙[48;2;0;64;116m[38;2;116;116;0m▄[48;2;0;0;0m[38;2;19;19;19m▝[48;2;75;0;116m[38;2;0;0;0m▞[48;2;255;255;113m[38;2;116;116;0m▀[48;2;255;255;113m[38;2;255;255;113m [48;2;0;0;0m[38;2;116;116;0m▌[48;2;116;116;0m[38;2;0;64;116m▜[48;2;0;0;0m[38;2;19;19;19m▄[48;2;75;0;116m[38;2;0;0;0m▀[48;2;0;0;0m[38;2;0;0;116m▄ [48;2;255;255;113m[38;2;116;116;0m▌[48;2;0;0;0m[38;2;255;255;113m▌[48;2;116;116;0m[38;2;255;255;113m▐▉[48;2;0;0;0m[38;2;116;116;0m▌[48;2;0;0;0m[38;2;0;116;116m▐[48;2;0;0;0m[38;2;0;0;0m [48;2;255;255;113m[38;2;255;255;113m [48;2;0;0;0m[38;2;116;116;0m▌ [48;2;0;0;0m[38;2;81;116;0m▞[48;2;0;0;0m[38;2;116;116;0m▖[48;2;181;0;0m[38;2;0;0;0m▙[48;2;255;0;0m[38;2;181;0;0m▟[48;2;127;0;0m[38;2;0;0;0m▐[48;2;127;0;0m[38;2;181;0;0m▐[48;2;181;0;0m[38;2;255;0;0m▜▌[48;2;0;0;0m[38;2;0;0;0m▉[48;2;0;0;0m[38;2;0;116;116m▝[48;2;0;116;73m[38;2;0;0;0m▄[48;2;116;116;0m[38;2;0;116;0m▀[48;2;0;0;0m[38;2;0;116;116m▀▚[48;2;0;0;0m[38;2;0;0;0m  [48;2;0;0;0m[38;2;127;0;0m▀[48;2;0;0;0m[38;2;116;116;0m▖[48;2;0;0;0m[38;2;0;0;0m  [48;2;0;116;116m[38;2;0;0;0m▙[48;2;0;116;73m[38;2;0;116;73m▉[48;2;0;116;73m[38;2;111;255;111m▖▄[48;2;0;116;73m[38;2;0;116;116m▝[48;2;0;0;0m[38;2;0;116;73m▄▖[48;2;0;0;0m[38;2;0;0;0m  [48;2;116;116;0m[38;2;0;0;0m▙[48;2;255;255;0m[38;2;116;116;0m▙▀▀▀▀[48;2;0;0;0m[38;2;116;116;0m▄[48;2;0;0;0m[38;2;127;0;0m▌[48;2;0;0;0m[38;2;0;0;0m [48;2;0;116;73m[38;2;0;0;0m▘[48;2;0;116;73m[38;2;0;116;0m▝▘[48;2;0;116;116m[38;2;0;116;73m▙[0m
[48;2;0;0;0m[38;2;255;255;0m▄[48;2;0;0;0m[38;2;0;0;0m▉[48;2;0;116;116m[38;2;0;0;0m▙▄[48;2;0;116;73m[38;2;0;116;116m▄▖▗[48;2;0;116;73m[38;2;0;116;73m▉[48;2;0;116;73m[38;2;0;116;116m▗[48;2;0;116;73m[38;2;0;116;73m  [48;2;0;116;116m[38;2;0;116;73m▜[48;2;0;0;0m[38;2;0;116;116m▙ [48;2;116;116;0m[38;2;0;0;0m▙[48;2;255;255;113m[38;2;116;116;0m▚  ▄[48;2;116;116;0m[38;2;0;0;0m▄[48;2;255;255;113m[38;2;116;116;0m▚▝[48;2;255;255;113m[38;2;0;0;0m▀[48;2;19;19;19m[38;2;116;116;0m▄[48;2;116;116;0m[38;2;0;0;0m▀▀[48;2;116;116;0m[38;2;255;255;113m▄▚[48;2;116;116;0m[38;2;0;0;0m▌[48;2;116;116;0m[38;2;255;255;113m▜▚[48;2;127;127;127m[38;2;0;0;0m▛[48;2;0;0;0m[38;2;0;116;116m▌ [48;2;207;255;96m[38;2;255;255;113m▜[48;2;0;0;0m[38;2;116;116;0m▌ [48;2;0;0;0m[38;2;81;116;0m▝[48;2;0;0;0m[38;2;0;0;0m  [48;2;0;0;0m[38;2;255;255;113m▄▄[48;2;0;0;0m[38;2;0;0;0m▉[48;2;0;0;0m[38;2;181;0;0m▀▘[48;2;0;0;0m[38;2;116;116;0m▄[48;2;0;0;0m[38;2;0;0;0m  [48;2;0;0;0m[38;2;255;255;113m▀[48;2;0;0;0m[38;2;116;116;0m▌ [48;2;0;0;0m[38;2;255;255;113m▄[48;2;0;0;0m[38;2;0;0;0m▉[48;2;0;0;0m[38;2;116;116;0m▘[48;2;0;0;0m[38;2;0;0;0m▉[48;2;116;116;0m[38;2;0;0;0m▌[48;2;116;116;0m[38;2;255;255;113m▙[48;2;0;0;0m[38;2;116;116;0m▖[48;2;0;116;116m[38;2;0;0;0m▙[48;2;0;116;73m[38;2;116;116;0m▄▄[48;2;0;0;0m[38;2;0;116;73m▀▀▀[48;2;0;0;0m[38;2;0;116;116m▀   [48;2;116;116;0m[38;2;0;0;0m▄▄[48;2;255;255;0m[38;2;116;58;0m▄[48;2;116;116;0m[38;2;255;255;0m▀[48;2;116;116;0m[38;2;181;0;0m▟[48;2;0;0;0m[38;2;127;0;0m▌[48;2;0;0;0m[38;2;0;0;0m [48;2;0;116;73m[38;2;0;0;0m▌[48;2;0;116;73m[38;2;0;116;73m  [48;2;0;0;0m[38;2;0;116;116m▌[0m
[48;2;81;116;0m[38;2;255;255;0m▀[48;2;0;0;0m[38;2;116;116;0m▘▗▄[48;2;0;0;0m[38;2;0;0;0m [48;2;0;0;0m[38;2;0;116;116m▀[48;2;0;116;116m[38;2;0;116;73m▀▘▀▀▝▘[48;2;0;0;0m[38;2;0;116;116m▀▘[48;2;0;0;0m[38;2;0;0;0m [48;2;255;255;113m[38;2;116;116;0m▚[48;2;255;255;113m[38;2;0;0;0m▄[48;2;255;255;113m[38;2;255;255;113m [48;2;255;255;113m[38;2;116;116;0m▜▖▀▄[48;2;255;255;113m[38;2;255;255;113m▉[48;2;255;255;113m[38;2;116;116;0m▗[48;2;0;0;0m[38;2;255;255;113m▀▀[48;2;0;0;0m[38;2;116;116;0m▀[48;2;116;116;0m[38;2;255;255;113m▟[48;2;0;0;0m[38;2;116;116;0m▌[48;2;0;0;0m[38;2;0;0;0m▉[48;2;127;127;127m[38;2;0;0;0m▙▟▙▐[48;2;255;255;113m[38;2;116;116;0m▚[48;2;0;0;0m[38;2;116;116;0m▖[48;2;0;0;0m[38;2;0;0;0m▉[48;2;0;0;0m[38;2;181;0;0m▀[48;2;0;0;0m[38;2;127;0;0m▘[48;2;0;0;0m[38;2;0;0;0m [48;2;255;255;113m[38;2;116;116;0m▚ ▐[48;2;0;0;0m[38;2;0;0;0m▉[48;2;116;116;0m[38;2;0;0;0m▙[48;2;255;255;113m[38;2;255;255;113m▉[48;2;0;0;0m[38;2;255;255;113m▙  [48;2;116;116;0m[38;2;0;0;0m▟▌[48;2;255;255;113m[38;2;255;255;113m [48;2;0;0;0m[38;2;116;116;0m▘[48;2;0;0;0m[38;2;0;116;116m▗[48;2;0;0;0m[38;2;0;116;73m▖[48;2;116;116;0m[38;2;0;0;0m▌[48;2;255;255;113m[38;2;255;255;113m [48;2;0;0;0m[38;2;116;116;0m▌[48;2;255;255;113m[38;2;0;0;0m▌ [48;2;116;116;0m[38;2;255;255;113m▀▚[48;2;0;0;0m[38;2;0;0;0m [48;2;116;116;0m[38;2;255;255;113m▐▙[48;2;0;0;0m[38;2;116;116;0m▚ ▗[48;2;0;0;0m[38;2;255;255;113m▄▄[48;2;0;0;0m[38;2;0;0;0m▉[48;2;0;0;0m[38;2;181;0;0m▀▀[48;2;0;0;0m[38;2;0;0;0m▉[48;2;0;64;116m[38;2;0;0;0m▌[48;2;0;116;73m[38;2;0;116;116m▌[48;2;0;0;0m[38;2;0;116;73m▀▀[48;2;0;147;147m[38;2;0;0;0m▟[0m
[48;2;0;0;0m[38;2;181;0;0m▄[48;2;0;0;0m[38;2;0;0;0m [48;2;255;255;0m[38;2;116;116;0m▚[48;2;81;116;0m[38;2;255;255;0m▀▘[48;2;0;0;0m[38;2;0;0;0m          [48;2;0;0;0m[38;2;255;255;113m▄[48;2;0;0;0m[38;2;116;116;0m▖▀▄[48;2;0;0;0m[38;2;255;255;113m▞[48;2;116;116;0m[38;2;0;0;0m▄▛▄▄[48;2;255;255;113m[38;2;116;116;0m▀▀ ▗[48;2;0;0;0m[38;2;255;255;113m▘[48;2;0;0;0m[38;2;0;0;0m▉[48;2;0;0;0m[38;2;116;116;0m▄[48;2;0;0;0m[38;2;255;255;113m▄[48;2;0;0;0m[38;2;116;116;0m▄▖▗▖▗[48;2;0;0;0m[38;2;0;0;0m▉[48;2;0;0;0m[38;2;116;116;0m▄[48;2;0;0;0m[38;2;0;0;0m▉[48;2;116;116;0m[38;2;0;0;0m▌[48;2;255;255;113m[38;2;255;255;113m▉[48;2;116;116;0m[38;2;255;255;113m▛[48;2;0;0;0m[38;2;0;0;0m  [48;2;255;255;113m[38;2;255;255;113m  [48;2;0;0;0m[38;2;0;0;0m▉[48;2;116;116;0m[38;2;0;0;0m▙▛[48;2;116;116;0m[38;2;255;255;113m▟▚[48;2;0;0;0m[38;2;0;0;0m▉[48;2;0;0;0m[38;2;0;116;73m▀[48;2;0;0;0m[38;2;0;116;116m▘[48;2;116;116;0m[38;2;0;0;0m▌[48;2;116;116;0m[38;2;255;255;113m▛[48;2;0;0;0m[38;2;0;0;0m▉[48;2;116;116;0m[38;2;0;0;0m▙[48;2;0;0;0m[38;2;255;255;113m▜▄[48;2;116;116;0m[38;2;0;0;0m▀▀[48;2;255;255;113m[38;2;116;116;0m▘[48;2;255;255;113m[38;2;255;255;113m▉[48;2;116;116;0m[38;2;255;255;113m▌[48;2;0;0;0m[38;2;0;0;0m▉[48;2;116;116;0m[38;2;0;0;0m▀▗[48;2;0;0;0m[38;2;255;255;113m▀  [48;2;0;0;0m[38;2;116;116;0m▗▄▄▄[48;2;0;0;0m[38;2;255;255;113m▄[48;2;116;116;0m[38;2;0;0;0m▀▀[0m
[48;2;0;0;0m[38;2;127;0;0m▀ [48;2;0;0;0m[38;2;181;0;0m▄▖[48;2;0;0;0m[38;2;0;0;0m▉[48;2;116;116;0m[38;2;0;0;0m▙[48;2;255;255;0m[38;2;116;116;0m▄[48;2;255;255;0m[38;2;255;255;0m [48;2;81;116;0m[38;2;116;116;0m▀[48;2;0;0;0m[38;2;0;0;0m     [48;2;116;116;0m[38;2;255;255;113m▀▀▘[48;2;116;116;0m[38;2;116;116;0m [48;2;255;255;113m[38;2;255;255;113m▉[48;2;116;116;0m[38;2;255;255;113m▙▖▝▙▖[48;2;0;0;0m[38;2;116;116;0m▀▀▚[48;2;0;116;116m[38;2;0;0;0m▀[48;2;0;116;116m[38;2;0;147;147m▄[48;2;0;0;0m[38;2;0;116;116m▖[48;2;116;116;0m[38;2;0;0;0m▙▄[48;2;255;255;113m[38;2;0;0;0m▄[48;2;116;116;0m[38;2;255;255;113m▙▞▌▝[48;2;116;116;0m[38;2;0;0;0m▝[48;2;255;255;113m[38;2;116;116;0m▙▀  [48;2;0;0;0m[38;2;255;255;113m▌[48;2;0;0;0m[38;2;0;0;0m [48;2;0;0;0m[38;2;116;116;0m▞[48;2;255;255;113m[38;2;255;255;113m [48;2;255;255;113m[38;2;116;116;0m▞[48;2;116;116;0m[38;2;0;0;0m▛[48;2;255;255;113m[38;2;116;116;0m▀ ▞[48;2;0;0;0m[38;2;116;116;0m▗[48;2;255;255;113m[38;2;0;0;0m▀[48;2;255;255;113m[38;2;116;116;0m▀▀▗[48;2;255;255;113m[38;2;0;0;0m▟▛[48;2;116;116;0m[38;2;255;255;113m▄▞[48;2;116;116;0m[38;2;0;0;0m▄▝▄[48;2;116;116;0m[38;2;255;255;113m▜[48;2;0;0;0m[38;2;116;116;0m▛ [48;2;255;255;113m[38;2;0;0;0m▌ [48;2;116;116;0m[38;2;255;255;113m▛▀         [0m
[48;2;0;0;0m[38;2;0;0;0m  [48;2;0;0;0m[38;2;181;0;0m▜[48;2;181;0;0m[38;2;127;0;0m▟[48;2;0;0;0m[38;2;0;0;0m▉[48;2;0;0;0m[38;2;116;116;0m▗▄[48;2;0;0;0m[38;2;81;116;0m▝▘[48;2;0;0;0m[38;2;0;0;0m [48;2;255;255;0m[38;2;116;116;0m▙▖▜[48;2;0;0;0m[38;2;116;116;0m▖▗▄[48;2;0;0;0m[38;2;0;0;0m   [48;2;0;0;0m[38;2;0;116;116m▗▄[48;2;0;147;147m[38;2;0;0;0m▀▀▀[48;2;0;64;116m[38;2;0;147;147m▄[48;2;0;0;0m[38;2;0;147;147m▄[48;2;0;0;0m[38;2;0;0;0m [48;2;0;116;73m[38;2;0;116;116m▚[48;2;0;147;147m[38;2;0;116;73m▜▛[48;2;0;116;116m[38;2;0;147;147m▌[48;2;0;0;0m[38;2;0;116;73m▄[48;2;0;0;0m[38;2;0;116;116m▄▄[48;2;0;0;0m[38;2;0;64;116m▖[48;2;0;0;0m[38;2;0;0;0m [48;2;255;255;113m[38;2;116;116;0m▄▄▄[48;2;0;0;0m[38;2;255;255;113m▀[48;2;0;0;0m[38;2;116;116;0m▀▘[48;2;0;0;0m[38;2;0;0;0m [48;2;255;255;113m[38;2;116;116;0m▌[48;2;0;0;0m[38;2;255;255;113m▀[48;2;0;0;0m[38;2;116;116;0m▘[48;2;0;0;0m[38;2;0;0;0m▉[48;2;255;255;113m[38;2;0;0;0m▄▄[48;2;0;0;0m[38;2;116;116;0m▀ [48;2;255;255;113m[38;2;0;0;0m▄▄▄[48;2;0;0;0m[38;2;116;116;0m▀[48;2;0;0;0m[38;2;0;116;116m▗▄[48;2;0;0;0m[38;2;0;0;0m [48;2;255;255;113m[38;2;0;0;0m▄[48;2;116;116;0m[38;2;255;255;113m▚[48;2;255;255;113m[38;2;0;0;0m▀[48;2;0;0;0m[38;2;116;116;0m▟▄[48;2;116;116;0m[38;2;255;255;113m▛▚[48;2;0;0;0m[38;2;0;0;0m  [48;2;0;0;0m[38;2;116;116;0m▀ [48;2;0;0;0m[38;2;0;116;116m▄[48;2;0;0;0m[38;2;0;116;73m▄▄▄[48;2;0;0;0m[38;2;0;147;147m▄[48;2;0;0;0m[38;2;0;116;116m▖[48;2;0;0;0m[38;2;0;0;0m▉[48;2;0;0;0m[38;2;0;116;116m▗[48;2;0;147;147m[38;2;0;0;0m▀[48;2;0;0;0m[38;2;0;116;73m▐[0m
[48;2;0;0;0m[38;2;0;0;0m     [48;2;0;0;0m[38;2;116;116;0m▀▀▗▄▖[48;2;0;0;0m[38;2;0;0;0m [48;2;0;0;0m[38;2;116;116;0m▀▘[48;2;0;0;0m[38;2;0;0;0m [48;2;81;116;0m[38;2;116;116;0m▀[48;2;116;116;0m[38;2;255;255;0m▀▘[48;2;0;0;0m[38;2;0;0;0m  [48;2;0;0;0m[38;2;81;116;0m▄[48;2;0;0;0m[38;2;116;116;0m▖[48;2;0;0;0m[38;2;0;116;116m▝[48;2;0;116;73m[38;2;0;0;0m▄▄[48;2;0;147;147m[38;2;0;116;116m▄▟[48;2;0;0;0m[38;2;0;0;0m▉[48;2;0;0;0m[38;2;116;116;0m▗▖[48;2;0;116;116m[38;2;0;0;0m▙▄▄[48;2;0;0;0m[38;2;0;64;116m▀▀▀   [48;2;0;0;0m[38;2;116;116;0m▄[48;2;0;0;0m[38;2;255;255;113m▄▄[48;2;0;0;0m[38;2;0;0;0m▉[48;2;0;0;0m[38;2;116;116;0m▗[48;2;0;0;0m[38;2;255;255;113m▄[48;2;0;0;0m[38;2;0;0;0m  [48;2;0;116;116m[38;2;0;0;0m▄▄▙▄[48;2;0;116;116m[38;2;0;116;116m   [48;2;0;147;147m[38;2;0;116;116m▛▚[48;2;0;116;73m[38;2;0;116;73m [48;2;0;116;116m[38;2;0;116;73m▞[48;2;0;147;147m[38;2;0;116;116m▟[48;2;0;0;0m[38;2;0;64;116m▌[48;2;0;0;0m[38;2;0;0;0m▉[48;2;0;0;0m[38;2;0;116;116m▗▄▄[48;2;0;116;73m[38;2;0;0;0m▀[48;2;0;116;116m[38;2;0;116;73m▄[48;2;0;255;160m[38;2;0;116;116m▀▀▀[48;2;0;255;160m[38;2;0;147;147m▀[48;2;0;255;160m[38;2;0;116;73m▝▝▘[48;2;0;147;147m[38;2;0;255;160m▙ [48;2;0;0;0m[38;2;0;147;147m▌ [48;2;0;116;116m[38;2;0;0;0m▌[48;2;0;255;160m[38;2;0;255;160m [48;2;0;116;73m[38;2;0;116;73m [0m
[48;2;0;0;0m[38;2;0;0;0m   [48;2;116;116;0m[38;2;0;0;0m▀[48;2;116;116;0m[38;2;255;255;0m▄▄▟▛[48;2;0;0;0m[38;2;116;116;0m▀[48;2;0;0;0m[38;2;0;0;0m         [48;2;81;116;0m[38;2;0;0;0m▙[48;2;255;255;0m[38;2;81;116;0m▄[48;2;116;116;0m[38;2;255;255;0m▜▖[48;2;0;0;0m[38;2;116;116;0m▖[48;2;0;0;0m[38;2;0;0;0m    [48;2;0;0;0m[38;2;116;116;0m▗▛▀▀▀▀▀▀▀▀▀▀[48;2;255;255;113m[38;2;0;0;0m▄[48;2;116;116;0m[38;2;255;255;113m▚[48;2;116;116;0m[38;2;0;0;0m▛[48;2;116;116;0m[38;2;255;255;113m▖▀▘[48;2;0;0;0m[38;2;116;116;0m▛▜▄▄▄[48;2;0;0;0m[38;2;255;255;113m▄▄[48;2;0;0;0m[38;2;116;116;0m▄▖[48;2;0;0;0m[38;2;0;0;0m   [48;2;0;0;0m[38;2;116;116;0m▗[48;2;0;0;0m[38;2;255;255;113m▄▖[48;2;0;64;116m[38;2;0;0;0m▙[48;2;0;0;0m[38;2;0;116;116m▀▀▀▀▀▀▀▀▀▀▀▀▀▘[48;2;0;0;0m[38;2;0;0;0m▉[48;2;0;116;116m[38;2;0;0;0m▙▄▄[0m
[48;2;0;140;255m[38;2;109;255;255m▀[48;2;0;0;0m[38;2;0;64;116m▌  [48;2;0;0;0m[38;2;116;116;0m▀▜[48;2;116;116;0m[38;2;255;255;0m▀[48;2;0;0;0m[38;2;116;116;0m▘[48;2;0;0;0m[38;2;0;0;0m   [48;2;0;0;0m[38;2;116;0;69m▝▘[48;2;0;0;0m[38;2;0;0;0m [48;2;0;0;0m[38;2;116;0;69m▀        [48;2;116;116;0m[38;2;0;0;0m▌[48;2;207;255;96m[38;2;116;116;0m▌[48;2;81;116;0m[38;2;207;255;96m▌[48;2;0;0;0m[38;2;81;116;0m▖[48;2;0;0;0m[38;2;116;116;0m▗▄▄[48;2;0;0;0m[38;2;81;116;0m▖[48;2;0;0;0m[38;2;0;0;0m [48;2;0;0;0m[38;2;0;116;116m▀[48;2;0;147;147m[38;2;0;0;0m▄▄▄[48;2;0;116;73m[38;2;0;147;147m▀▞▀[48;2;0;64;116m[38;2;0;116;116m▚[48;2;0;0;0m[38;2;0;64;116m▖[48;2;0;0;0m[38;2;0;0;0m [48;2;0;0;0m[38;2;116;116;0m▀[48;2;0;0;0m[38;2;0;116;116m▗▄[48;2;0;0;0m[38;2;0;116;73m▄[48;2;0;0;0m[38;2;0;147;147m▄▄[48;2;0;0;0m[38;2;0;116;116m▄▄[48;2;0;0;0m[38;2;0;0;0m  [48;2;116;116;0m[38;2;0;0;0m▙▄[48;2;255;255;113m[38;2;0;0;0m▄▄▄[48;2;255;255;113m[38;2;255;255;113m  [48;2;0;0;0m[38;2;116;116;0m▌[48;2;0;116;116m[38;2;0;0;0m▛[48;2;0;147;147m[38;2;0;64;116m▀[48;2;0;147;147m[38;2;0;116;116m▝▀[48;2;0;64;116m[38;2;0;147;147m▙▄[48;2;0;64;116m[38;2;0;255;160m▄▄▄▄▄[48;2;0;64;116m[38;2;0;147;147m▄▄[48;2;0;64;116m[38;2;0;255;160m▄[48;2;0;147;147m[38;2;0;64;116m▀▀[48;2;0;116;116m[38;2;0;255;160m▄[48;2;0;147;147m[38;2;0;116;116m▀[48;2;0;116;116m[38;2;0;64;116m▀[0m
[48;2;0;0;0m[38;2;0;0;0m  [48;2;0;140;255m[38;2;0;116;116m▌ [48;2;0;0;0m[38;2;0;64;116m▌▗▄[48;2;0;0;0m[38;2;0;0;0m    [48;2;0;0;0m[38;2;116;0;69m▀[48;2;0;0;0m[38;2;0;0;0m       [48;2;181;0;0m[38;2;0;0;0m▛▀[48;2;255;0;0m[38;2;181;0;0m▀[48;2;0;0;0m[38;2;255;0;0m▄▄[48;2;0;0;0m[38;2;181;0;0m▖[48;2;0;0;0m[38;2;0;0;0m  [48;2;116;116;0m[38;2;0;0;0m▙[48;2;255;255;0m[38;2;0;0;0m▄[48;2;116;116;0m[38;2;255;255;0m▀[48;2;116;116;0m[38;2;0;0;0m▄▉[48;2;255;255;0m[38;2;116;116;0m▛[48;2;0;0;0m[38;2;255;255;0m▄▄[48;2;0;0;0m[38;2;0;0;0m▉[48;2;0;0;0m[38;2;81;116;0m▗[48;2;116;116;0m[38;2;0;0;0m▜[48;2;0;0;0m[38;2;0;64;116m▀▀   [48;2;0;0;0m[38;2;0;147;147m▀[48;2;0;116;116m[38;2;0;255;160m▀[48;2;0;116;116m[38;2;0;147;147m▀▀[48;2;0;116;116m[38;2;0;255;160m▀[48;2;0;116;116m[38;2;0;116;73m▀[48;2;0;147;147m[38;2;0;255;160m▀▀  [48;2;0;116;116m[38;2;0;147;147m▄[48;2;0;0;0m[38;2;0;116;116m▙▄[48;2;0;0;0m[38;2;0;0;0m [48;2;0;0;0m[38;2;116;116;0m▀[48;2;0;0;0m[38;2;255;255;113m▀▘[48;2;0;0;0m[38;2;0;0;0m [48;2;0;255;160m[38;2;0;116;116m▙[48;2;0;255;160m[38;2;0;147;147m▄▄▄▄[48;2;0;116;116m[38;2;0;255;160m▀▀▝▝▀▀[48;2;0;0;0m[38;2;0;147;147m▀[48;2;0;0;0m[38;2;0;116;116m▀▀▀▘[48;2;116;116;0m[38;2;0;0;0m▛▀[0m
[48;2;0;0;0m[38;2;0;116;0m▄[48;2;0;0;0m[38;2;0;0;0m    [48;2;0;140;255m[38;2;127;127;127m▖[48;2;109;255;255m[38;2;0;140;255m▟[48;2;0;140;255m[38;2;0;64;116m▟[48;2;0;0;0m[38;2;0;0;0m▉[48;2;0;0;0m[38;2;127;127;127m▗▖[48;2;0;0;0m[38;2;0;0;0m       [48;2;181;0;0m[38;2;0;0;0m▛[48;2;255;0;0m[38;2;127;0;0m▘[48;2;255;0;0m[38;2;255;0;0m   [48;2;181;0;0m[38;2;255;0;0m▛[48;2;0;0;0m[38;2;181;0;0m▛  [48;2;0;0;0m[38;2;81;116;0m▄[48;2;0;0;0m[38;2;116;116;0m▄▄[48;2;0;0;0m[38;2;0;0;0m   [48;2;0;0;0m[38;2;81;116;0m▝[48;2;0;0;0m[38;2;0;0;0m  [48;2;116;116;0m[38;2;0;0;0m▙[48;2;0;0;0m[38;2;207;255;96m▀[48;2;81;116;0m[38;2;178;255;0m▀[48;2;0;0;0m[38;2;81;116;0m▀   [48;2;0;0;0m[38;2;116;116;0m▗▄[48;2;0;0;0m[38;2;0;0;0m                           [48;2;0;0;0m[38;2;116;116;0m▄[48;2;0;0;0m[38;2;0;0;0m    [48;2;0;0;0m[38;2;116;116;0m▀[48;2;0;0;0m[38;2;255;255;0m▀[0m
[48;2;0;147;0m[38;2;0;255;0m▙[48;2;0;147;0m[38;2;0;116;0m▜[48;2;0;0;0m[38;2;0;0;0m [48;2;255;255;0m[38;2;116;116;0m▛[48;2;0;0;0m[38;2;255;255;0m▄[48;2;0;0;0m[38;2;116;116;0m▖[48;2;0;0;0m[38;2;0;0;0m  [48;2;0;140;255m[38;2;0;0;0m▌[48;2;0;140;255m[38;2;109;255;255m▝[48;2;0;140;255m[38;2;0;140;255m▉[48;2;0;64;116m[38;2;0;140;255m▌[48;2;0;0;0m[38;2;0;0;0m▉[48;2;0;0;0m[38;2;127;127;127m▗▖[48;2;0;0;0m[38;2;0;0;0m   [48;2;181;0;0m[38;2;0;0;0m▌[48;2;181;0;0m[38;2;255;0;0m▜▛▚[48;2;0;0;0m[38;2;181;0;0m▀▜▌ [48;2;116;116;0m[38;2;0;0;0m▛[48;2;255;255;0m[38;2;116;116;0m▘[48;2;255;255;0m[38;2;255;255;0m  [48;2;116;116;0m[38;2;255;255;0m▖▝▀[48;2;0;0;0m[38;2;116;116;0m▀▘[48;2;0;0;0m[38;2;181;0;0m▗▄▄▄▄▄▖[48;2;0;0;0m[38;2;0;0;0m [48;2;255;255;0m[38;2;116;116;0m▌  [48;2;0;0;0m[38;2;116;116;0m▌ [48;2;255;255;0m[38;2;0;0;0m▌ [48;2;255;255;0m[38;2;116;116;0m▝▀▀▀▀▀▀▝▘[48;2;255;255;0m[38;2;255;255;0m        [48;2;116;116;0m[38;2;255;255;0m▙[48;2;116;116;0m[38;2;0;0;0m▜▌[48;2;255;255;0m[38;2;255;255;0m   [48;2;0;0;0m[38;2;116;116;0m▌  [48;2;0;0;0m[38;2;181;0;0m▄[48;2;255;0;0m[38;2;0;0;0m▀▀[0m
[48;2;0;147;0m[38;2;0;255;0m▘[48;2;0;116;0m[38;2;0;147;0m▛[48;2;0;0;0m[38;2;81;116;0m▌[48;2;0;0;0m[38;2;116;116;0m▝▘[48;2;0;0;0m[38;2;116;0;69m▄[48;2;0;0;0m[38;2;181;0;0m▖[48;2;0;0;0m[38;2;0;0;0m     [48;2;0;64;116m[38;2;0;0;0m▌[48;2;0;140;255m[38;2;0;64;116m▖[48;2;0;140;255m[38;2;109;255;255m▘[48;2;0;116;116m[38;2;0;140;255m▌[48;2;0;0;0m[38;2;0;0;0m▉[48;2;0;0;0m[38;2;0;140;255m▗▄[48;2;181;0;0m[38;2;0;0;0m▙[48;2;0;0;0m[38;2;127;0;0m▀[48;2;0;0;0m[38;2;181;0;0m▜[48;2;0;0;0m[38;2;127;0;0m▙[48;2;181;0;0m[38;2;0;0;0m▀▀▀[48;2;116;116;0m[38;2;181;0;0m▄▄▄[48;2;0;0;0m[38;2;181;0;0m▄[48;2;255;0;0m[38;2;0;0;0m▀[48;2;181;0;0m[38;2;255;0;0m▄▄▖[48;2;127;0;0m[38;2;181;0;0m▟[48;2;181;0;0m[38;2;255;0;0m▀▀[48;2;0;0;0m[38;2;127;0;0m▀[48;2;127;0;0m[38;2;181;0;0m▟[48;2;0;0;0m[38;2;127;0;0m▀[48;2;181;0;0m[38;2;255;0;0m▀[48;2;0;0;0m[38;2;181;0;0m▌ [48;2;252;127;0m[38;2;181;99;0m▌[48;2;255;255;0m[38;2;255;180;89m▄[48;2;252;127;0m[38;2;255;255;0m▀[48;2;116;58;0m[38;2;252;127;0m▌[48;2;0;0;0m[38;2;0;0;0m [48;2;255;255;0m[38;2;71;0;0m▙[48;2;255;255;0m[38;2;252;127;0m▄[48;2;255;255;0m[38;2;181;99;0m▄[48;2;255;255;0m[38;2;116;58;0m▄[48;2;0;0;0m[38;2;255;255;0m▀[48;2;0;0;0m[38;2;116;116;0m▀▀ [48;2;0;0;0m[38;2;116;58;0m▄[48;2;0;0;0m[38;2;181;99;0m▄▄▄[48;2;116;58;0m[38;2;0;0;0m▜[48;2;0;0;0m[38;2;116;116;0m▀▀[48;2;255;255;0m[38;2;0;0;0m▄[48;2;255;255;0m[38;2;116;116;0m▄[48;2;255;255;0m[38;2;255;180;89m▄▄[48;2;252;127;0m[38;2;255;255;0m▀[48;2;0;0;0m[38;2;116;116;0m▌[48;2;0;0;0m[38;2;0;0;0m [48;2;255;255;0m[38;2;252;127;0m▙[48;2;255;180;89m[38;2;255;255;0m▀▀[48;2;0;0;0m[38;2;252;127;0m▌ [48;2;181;0;0m[38;2;0;0;0m▌[48;2;181;0;0m[38;2;255;0;0m▛[48;2;127;0;0m[38;2;181;0;0m▞▟[0m
[48;2;0;0;0m[38;2;0;116;0m▄▄[48;2;0;0;0m[38;2;0;0;0m  [48;2;0;0;0m[38;2;181;0;0m▝[48;2;0;0;0m[38;2;127;0;0m▘[48;2;0;0;0m[38;2;181;0;0m▄▄▗▄▄▄▖[48;2;0;0;0m[38;2;0;0;0m    [48;2;0;64;116m[38;2;0;140;255m▀▀[48;2;0;0;0m[38;2;0;116;116m▛ ▄[48;2;0;0;0m[38;2;109;255;255m▄[48;2;0;140;255m[38;2;0;0;0m▜[48;2;0;0;0m[38;2;127;0;0m▀▀[48;2;0;0;0m[38;2;181;0;0m▀[48;2;0;0;0m[38;2;127;0;0m▀[48;2;0;0;0m[38;2;181;0;0m▀[48;2;0;0;0m[38;2;127;0;0m▀[48;2;0;0;0m[38;2;181;0;0m▀[48;2;116;116;0m[38;2;127;0;0m▀[48;2;116;116;0m[38;2;116;58;0m▀[48;2;116;116;0m[38;2;0;0;0m▀[48;2;255;255;0m[38;2;116;116;0m▀▀▐[48;2;0;0;0m[38;2;0;0;0m [48;2;0;0;0m[38;2;181;0;0m▜[48;2;255;0;0m[38;2;255;0;0m  [48;2;0;0;0m[38;2;127;0;0m▌ [48;2;252;127;0m[38;2;181;0;0m▖[48;2;252;127;0m[38;2;252;127;0m▉[48;2;252;127;0m[38;2;255;0;0m▄[48;2;116;58;0m[38;2;252;127;0m▚[48;2;0;0;0m[38;2;0;0;0m▉[48;2;0;0;0m[38;2;71;0;0m▝▚[48;2;181;0;0m[38;2;0;0;0m▀▀[48;2;252;127;0m[38;2;181;0;0m▀[48;2;252;127;0m[38;2;181;99;0m▀▝▞▝▞▞▖▖[48;2;252;127;0m[38;2;252;127;0m▉[48;2;181;99;0m[38;2;252;127;0m▚[48;2;0;0;0m[38;2;252;127;0m▄[48;2;0;0;0m[38;2;181;99;0m▄[48;2;116;0;0m[38;2;0;0;0m▀[48;2;0;0;0m[38;2;71;33;0m▀[48;2;0;0;0m[38;2;181;99;0m▀[48;2;0;0;0m[38;2;116;58;0m▘[48;2;0;0;0m[38;2;0;0;0m [48;2;252;127;0m[38;2;181;0;0m▖[48;2;252;127;0m[38;2;252;127;0m  [48;2;0;0;0m[38;2;252;127;0m▌ [48;2;181;0;0m[38;2;0;0;0m▙[48;2;255;0;0m[38;2;255;0;0m  [48;2;255;0;0m[38;2;181;0;0m▞[0m
[48;2;0;147;0m[38;2;0;147;0m▉[48;2;0;116;0m[38;2;0;147;0m▛[48;2;0;0;0m[38;2;0;116;0m▘[48;2;0;0;0m[38;2;0;0;0m  [48;2;0;0;0m[38;2;181;0;0m▟[48;2;181;0;0m[38;2;127;0;0m▙[48;2;127;0;0m[38;2;116;0;69m▙▐▗▖▄[48;2;127;0;0m[38;2;0;0;0m▀[48;2;127;0;0m[38;2;181;0;0m▟[48;2;0;0;0m[38;2;181;0;0m▄[48;2;0;0;0m[38;2;0;0;0m      [48;2;109;255;255m[38;2;0;116;116m▙[48;2;0;64;116m[38;2;0;140;255m▀[48;2;0;64;116m[38;2;0;0;0m▟▛[48;2;0;64;116m[38;2;0;140;255m▟[48;2;0;140;255m[38;2;109;255;255m▀[48;2;0;140;255m[38;2;0;64;116m▜[48;2;0;0;0m[38;2;0;0;0m▉[48;2;0;0;0m[38;2;0;64;116m▗[48;2;0;0;0m[38;2;109;255;255m▄[48;2;0;0;0m[38;2;0;0;0m  [48;2;0;0;0m[38;2;81;116;0m▀[48;2;0;0;0m[38;2;116;116;0m▀▀▀▘[48;2;0;0;0m[38;2;0;0;0m [48;2;0;0;0m[38;2;127;0;0m▀▀▘[48;2;0;0;0m[38;2;0;0;0m [48;2;255;0;0m[38;2;127;0;0m▙[48;2;0;0;0m[38;2;255;0;0m▀[48;2;181;0;0m[38;2;0;0;0m▄▉▀▘[48;2;255;0;0m[38;2;181;0;0m▛[48;2;255;0;0m[38;2;255;140;0m▞[48;2;252;127;0m[38;2;255;0;0m▚▚▚▗[48;2;255;140;0m[38;2;252;127;0m▀[48;2;252;127;0m[38;2;255;0;0m▚▌▗▚▚▝▗▘▚▛[48;2;255;0;0m[38;2;181;0;0m▀[48;2;0;0;0m[38;2;255;0;0m▄[48;2;0;0;0m[38;2;181;0;0m▄[48;2;0;0;0m[38;2;0;0;0m [48;2;0;0;0m[38;2;181;0;0m▀[48;2;255;0;0m[38;2;181;0;0m▄[48;2;255;0;0m[38;2;255;0;0m▉[48;2;0;0;0m[38;2;255;0;0m▌  [48;2;0;0;0m[38;2;181;0;0m▀▀[48;2;0;0;0m[38;2;0;0;0m [0m
[48;2;0;116;0m[38;2;0;147;0m▀[48;2;0;0;0m[38;2;0;116;0m▘[48;2;181;0;0m[38;2;0;0;0m▛[48;2;181;0;0m[38;2;127;0;0m▘[48;2;181;0;0m[38;2;181;0;0m [48;2;127;0;0m[38;2;0;0;0m▟▘[48;2;127;0;0m[38;2;116;0;69m▀▝▝▀▛[48;2;0;0;0m[38;2;127;0;0m▟▛▌[48;2;0;0;0m[38;2;0;0;0m  [48;2;127;0;0m[38;2;255;89;89m▐[48;2;0;0;0m[38;2;116;0;69m▘[48;2;116;116;0m[38;2;0;0;0m▌[48;2;255;255;0m[38;2;116;116;0m▀[48;2;0;0;0m[38;2;255;255;0m▄[48;2;0;0;0m[38;2;116;116;0m▄▄▖[48;2;0;0;0m[38;2;0;64;116m▝▀▘[48;2;0;0;0m[38;2;0;0;0m [48;2;0;64;116m[38;2;0;140;255m▀▀[48;2;0;0;0m[38;2;0;140;255m▘[48;2;0;64;116m[38;2;0;0;0m▛[48;2;0;140;255m[38;2;0;140;255m [48;2;0;140;255m[38;2;109;255;255m▀[48;2;0;0;0m[38;2;0;64;116m▖[48;2;0;0;0m[38;2;0;140;255m▗[48;2;0;0;0m[38;2;109;255;255m▄[48;2;0;0;0m[38;2;0;140;255m▄[48;2;0;0;0m[38;2;0;0;0m     [48;2;181;0;0m[38;2;0;0;0m▀[48;2;255;0;0m[38;2;181;0;0m▀▘[48;2;255;0;0m[38;2;255;0;0m▉[48;2;255;0;0m[38;2;252;127;0m▘▖▞▖▞▞▞▞▝▝▞▖▞▝▞▝[48;2;255;0;0m[38;2;255;140;0m▞[48;2;255;0;0m[38;2;252;127;0m▖▖▘[48;2;255;0;0m[38;2;255;0;0m  [48;2;0;0;0m[38;2;181;0;0m▙▖[48;2;0;0;0m[38;2;0;0;0m      [48;2;0;140;255m[38;2;0;0;0m▀[0m
[48;2;0;0;0m[38;2;0;0;0m▉[48;2;181;0;0m[38;2;0;0;0m▌[48;2;127;0;0m[38;2;181;0;0m▞[48;2;0;0;0m[38;2;0;0;0m▉[48;2;181;0;0m[38;2;0;0;0m▛ [48;2;255;0;0m[38;2;181;0;0m▞[48;2;0;0;0m[38;2;127;0;0m▘[48;2;0;0;0m[38;2;181;0;0m▝▀▀[48;2;0;0;0m[38;2;127;0;0m▘[48;2;0;0;0m[38;2;181;0;0m▝[48;2;0;0;0m[38;2;127;0;0m▘▘[48;2;0;0;0m[38;2;0;0;0m  [48;2;0;0;0m[38;2;181;0;0m▀[48;2;0;0;0m[38;2;0;0;0m▉[48;2;116;116;0m[38;2;0;0;0m▌[48;2;116;116;0m[38;2;255;255;0m▀▀▀▀▘[48;2;0;0;0m[38;2;0;0;0m▉[48;2;0;0;0m[38;2;116;116;0m▐▉▄▄▄[48;2;0;0;0m[38;2;0;0;0m     [48;2;0;64;116m[38;2;0;0;0m▙[48;2;0;0;0m[38;2;0;140;255m▀[48;2;0;0;0m[38;2;0;64;116m▀    [48;2;127;0;0m[38;2;181;0;0m▟[48;2;181;0;0m[38;2;255;0;0m▀▀▀▀▀▀▀▀▀▀▀▀▀▀▀▀▀▀▀▀▀▀▀▀▀▀▀▀[48;2;0;0;0m[38;2;127;0;0m▌     [48;2;0;0;0m[38;2;127;127;127m▀[0m
