[48;2;0;30;26m[38;2;0;28;25m▄[48;2;0;27;25m[38;2;0;0;0m [48;2;0;29;26m[38;2;1;30;28m▄[48;2;0;31;28m[38;2;0;30;27m▄[48;2;0;32;29m[38;2;0;33;30m▄[48;2;0;32;30m[38;2;0;33;31m▄[48;2;0;33;30m[38;2;0;0;0m [48;2;1;36;31m[38;2;0;35;31m▄[48;2;0;39;34m[38;2;1;38;35m▄[48;2;1;41;39m[38;2;0;0;0m [48;2;0;40;37m[38;2;2;41;38m▄[48;2;1;44;37m[38;2;7;53;43m╹[48;2;1;57;46m[38;2;0;45;39m▗[48;2;1;37;32m[38;2;0;0;0m [48;2;0;29;28m[38;2;0;29;27m▄[48;2;0;29;26m[38;2;0;33;29m▃[48;2;0;34;29m[38;2;0;33;30m▄[48;2;0;34;30m[38;2;0;0;0m [48;2;0;36;31m[38;2;0;34;31m▝[48;2;0;36;31m[38;2;0;36;31m▄[48;2;0;36;32m[38;2;0;0;0m [48;2;1;39;36m[38;2;0;0;0m [48;2;1;39;36m[38;2;0;0;0m [48;2;0;41;40m[38;2;3;43;43m┏[48;2;2;43;43m[38;2;0;0;0m [48;2;7;54;47m[38;2;0;41;38m▚[48;2;1;61;48m[38;2;3;52;43m▌[48;2;1;58;49m[38;2;1;63;51m▁[48;2;0;58;46m[38;2;0;67;50m▅[48;2;2;57;49m[38;2;1;68;51m▅[48;2;2;45;37m[38;2;2;65;49m▊[48;2;0;33;29m[38;2;1;35;30m⎼[48;2;0;34;31m[38;2;0;0;0m [48;2;0;34;31m[38;2;0;33;31m▄[48;2;0;38;36m[38;2;0;0;0m [48;2;0;40;42m[38;2;2;44;51m▖[48;2;1;38;40m[38;2;1;37;34m▗[48;2;0;36;33m[38;2;0;35;33m▄[48;2;0;37;33m[38;2;0;36;33m▄[48;2;2;54;50m[38;2;0;0;0m [48;2;1;53;50m[38;2;0;45;42m▝[48;2;0;38;34m[38;2;1;49;47m▖[48;2;0;40;36m[38;2;0;35;33m▎[48;2;0;39;37m[38;2;0;0;0m [48;2;2;47;43m[38;2;0;38;36m▊[48;2;1;53;47m[38;2;0;48;43m▎[48;2;1;47;44m[38;2;0;56;49m▌[48;2;0;41;36m[38;2;2;47;40m━[48;2;1;37;34m[38;2;0;40;38m▗[48;2;1;37;34m[38;2;0;40;38m▌[48;2;0;45;43m[38;2;0;39;37m▎[48;2;0;51;47m[38;2;0;56;49m▂[48;2;1;54;47m[38;2;0;0;0m [48;2;1;55;49m[38;2;0;0;0m [48;2;0;53;48m[38;2;0;57;48m━[48;2;0;53;48m[38;2;1;56;49m╋[48;2;1;49;44m[38;2;0;42;39m▗[48;2;0;40;36m[38;2;0;0;0m [48;2;0;38;35m[38;2;0;40;37m▄[48;2;0;41;40m[38;2;0;40;39m▄[48;2;2;45;41m[38;2;0;42;39m▅[48;2;0;39;37m[38;2;0;41;38m▄[48;2;1;45;46m[38;2;0;41;39m▊[48;2;1;49;52m[38;2;1;48;52m▄[48;2;0;45;45m[38;2;0;58;49m▗[48;2;0;60;52m[38;2;0;0;0m [48;2;0;56;51m[38;2;1;60;53m▌[48;2;0;48;48m[38;2;0;52;51m▊[48;2;0;57;52m[38;2;0;49;47m▌[48;2;1;55;53m[38;2;1;61;55m┓[48;2;0;48;46m[38;2;0;52;50m▌[48;2;2;57;55m[38;2;0;47;46m▊[48;2;0;60;55m[38;2;0;58;53m┛[48;2;0;62;56m[38;2;0;61;63m▝[48;2;0;60;56m[38;2;0;0;0m [48;2;0;49;47m[38;2;0;50;50m╴[48;2;1;47;47m[38;2;0;48;47m▄[48;2;0;52;51m[38;2;3;63;66m╺[48;2;2;57;57m[38;2;0;0;0m [48;2;0;53;51m[38;2;3;56;58m▅[0m
[48;2;0;28;25m[38;2;0;28;26m▄[48;2;0;30;27m[38;2;0;28;25m▌[48;2;1;33;28m[38;2;0;0;0m [48;2;0;33;28m[38;2;0;0;0m [48;2;0;34;30m[38;2;0;32;29m▄[48;2;0;33;30m[38;2;0;34;31m▄[48;2;0;34;30m[38;2;0;35;30m▄[48;2;2;36;33m[38;2;0;41;39m▂[48;2;0;42;40m[38;2;1;39;37m▚[48;2;0;41;39m[38;2;0;42;40m▄[48;2;1;40;37m[38;2;0;0;0m [48;2;4;45;41m[38;2;0;36;32m▂[48;2;1;34;31m[38;2;1;46;42m▘[48;2;0;32;29m[38;2;0;34;30m╸[48;2;0;32;29m[38;2;1;36;33m╵[48;2;0;35;30m[38;2;0;0;0m [48;2;0;35;32m[38;2;0;33;30m┫[48;2;0;37;32m[38;2;0;37;33m▄[48;2;0;36;32m[38;2;0;36;32m▄[48;2;0;37;33m[38;2;0;36;33m▄[48;2;1;36;34m[38;2;0;37;34m▄[48;2;0;39;36m[38;2;0;0;0m [48;2;0;38;36m[38;2;1;42;39m▗[48;2;2;44;46m[38;2;1;44;43m▊[48;2;8;52;44m[38;2;2;47;44m▊[48;2;0;45;37m[38;2;2;61;47m▚[48;2;4;61;50m[38;2;1;71;53m▄[48;2;0;63;50m[38;2;0;70;52m▆[48;2;0;64;51m[38;2;0;69;52m▇[48;2;0;67;51m[38;2;0;0;0m [48;2;0;34;30m[38;2;6;57;46m▘[48;2;0;34;31m[38;2;0;33;30m▄[48;2;0;34;31m[38;2;0;38;32m⎽[48;2;1;36;35m[38;2;0;41;43m▂[48;2;2;45;49m[38;2;0;0;0m [48;2;3;43;46m[38;2;0;37;36m▇[48;2;0;35;32m[38;2;0;39;36m▗[48;2;0;36;32m[38;2;0;39;37m▌[48;2;0;35;32m[38;2;0;39;35m┗[48;2;1;62;51m[38;2;1;52;45m▎[48;2;0;54;51m[38;2;0;59;52m▇[48;2;0;44;41m[38;2;3;54;50m┻[48;2;0;39;36m[38;2;0;41;37m▄[48;2;0;39;36m[38;2;0;39;37m▄[48;2;2;42;39m[38;2;0;39;37m▆[48;2;2;51;46m[38;2;2;50;45m▄[48;2;2;46;41m[38;2;0;0;0m [48;2;0;37;34m[38;2;1;41;37m▗[48;2;0;38;35m[38;2;0;40;37m┛[48;2;0;42;40m[38;2;0;38;34m▌[48;2;1;45;43m[38;2;2;58;50m▗[48;2;0;55;48m[38;2;0;62;52m▂[48;2;1;58;50m[38;2;0;55;50m▂[48;2;0;55;50m[38;2;0;0;0m [48;2;0;54;48m[38;2;0;53;49m▄[48;2;0;49;44m[38;2;0;53;48m▊[48;2;0;38;37m[38;2;0;46;42m▎[48;2;0;37;36m[38;2;0;41;40m▗[48;2;0;41;39m[38;2;0;41;39m▄[48;2;0;40;38m[38;2;0;0;0m [48;2;0;40;37m[38;2;0;40;38m▄[48;2;0;40;39m[38;2;0;0;0m [48;2;1;50;55m[38;2;0;41;42m▘[48;2;1;51;53m[38;2;6;59;54m▁[48;2;0;63;54m[38;2;2;54;50m▘[48;2;0;64;54m[38;2;1;59;52m▝[48;2;0;57;52m[38;2;0;62;53m▆[48;2;0;46;45m[38;2;0;55;52m▎[48;2;0;48;46m[38;2;1;43;42m▊[48;2;2;58;54m[38;2;2;63;56m▄[48;2;0;48;46m[38;2;0;56;52m▎[48;2;0;50;49m[38;2;0;45;44m▊[48;2;0;63;57m[38;2;1;56;53m▌[48;2;0;64;58m[38;2;0;61;56m▄[48;2;0;64;61m[38;2;0;0;0m [48;2;0;52;52m[38;2;0;62;61m▌[48;2;0;49;49m[38;2;0;51;52m▁[48;2;0;48;49m[38;2;0;49;51m━[48;2;2;55;57m[38;2;0;48;52m▖[48;2;2;55;58m[38;2;2;53;54m▄[0m
[48;2;0;27;25m[38;2;0;28;25m▄[48;2;3;34;30m[38;2;0;30;25m▊[48;2;0;33;29m[38;2;0;0;0m [48;2;0;32;29m[38;2;1;34;29m▄[48;2;0;33;31m[38;2;0;0;0m [48;2;0;35;31m[38;2;0;36;30m▄[48;2;1;36;32m[38;2;2;39;38m▄[48;2;1;41;40m[38;2;0;0;0m [48;2;0;40;38m[38;2;0;40;38m▄[48;2;2;41;38m[38;2;2;38;34m▗[48;2;1;38;33m[38;2;5;46;42m▝[48;2;0;35;31m[38;2;0;0;0m [48;2;0;33;29m[38;2;0;32;29m▄[48;2;0;33;30m[38;2;0;0;0m [48;2;0;34;31m[38;2;0;0;0m [48;2;0;34;30m[38;2;0;34;29m▄[48;2;0;35;32m[38;2;1;36;32m▄[48;2;0;37;32m[38;2;0;36;32m▄[48;2;1;37;34m[38;2;0;36;33m─[48;2;0;38;35m[38;2;0;0;0m [48;2;1;39;35m[38;2;0;0;0m [48;2;0;39;36m[38;2;0;41;37m▎[48;2;0;41;39m[38;2;0;44;41m▄[48;2;1;44;44m[38;2;0;0;0m [48;2;4;50;42m[38;2;2;54;45m▄[48;2;1;63;49m[38;2;0;0;0m [48;2;0;71;51m[38;2;0;68;52m▄[48;2;0;71;50m[38;2;0;65;50m▃[48;2;1;66;50m[38;2;0;53;43m▗[48;2;0;38;32m[38;2;5;67;50m▘[48;2;0;33;30m[38;2;0;0;0m [48;2;0;35;30m[38;2;0;36;31m▄[48;2;0;35;32m[38;2;1;41;43m▗[48;2;3;47;53m[38;2;2;41;44m▘[48;2;1;42;39m[38;2;2;41;45m▌[48;2;0;37;34m[38;2;5;46;41m▎[48;2;0;42;39m[38;2;0;0;0m [48;2;0;41;37m[38;2;1;39;37m▄[48;2;0;37;35m[38;2;0;0;0m [48;2;3;56;50m[38;2;1;47;42m▌[48;2;0;37;33m[38;2;1;50;44m▊[48;2;0;34;31m[38;2;0;35;33m▄[48;2;0;39;37m[38;2;1;43;40m╏[48;2;0;39;38m[38;2;1;44;41m▂[48;2;0;40;38m[38;2;0;42;40m▄[48;2;1;47;43m[38;2;0;0;0m [48;2;0;39;37m[38;2;1;48;43m▎[48;2;1;40;37m[38;2;0;0;0m [48;2;0;40;37m[38;2;0;39;37m▄[48;2;1;43;42m[38;2;1;45;44m▄[48;2;1;59;50m[38;2;0;0;0m [48;2;1;60;50m[38;2;0;0;0m [48;2;0;55;49m[38;2;0;0;0m [48;2;0;54;49m[38;2;0;0;0m [48;2;0;52;47m[38;2;0;55;50m⎼[48;2;0;43;40m[38;2;0;49;45m▌[48;2;0;39;38m[38;2;0;39;37m▄[48;2;0;41;39m[38;2;0;0;0m [48;2;0;41;41m[38;2;0;0;0m [48;2;0;41;40m[38;2;1;47;51m▂[48;2;1;42;41m[38;2;2;50;52m▂[48;2;1;51;56m[38;2;3;46;49m▘[48;2;1;50;52m[38;2;2;56;52m▗[48;2;1;64;55m[38;2;2;58;53m▎[48;2;0;66;54m[38;2;0;68;55m▄[48;2;0;66;55m[38;2;0;0;0m [48;2;0;60;53m[38;2;0;62;54m▄[48;2;0;50;48m[38;2;5;60;54m▎[48;2;0;45;44m[38;2;1;46;48m╺[48;2;2;57;53m[38;2;1;50;49m▄[48;2;0;47;46m[38;2;0;47;45m▄[48;2;0;46;46m[38;2;0;49;46m▖[48;2;2;63;60m[38;2;0;53;52m▊[48;2;0;64;61m[38;2;0;59;56m⎼[48;2;1;67;67m[38;2;0;81;106m▁[48;2;1;64;61m[38;2;1;85;117m▂[48;2;1;54;58m[38;2;0;0;0m [48;2;0;51;52m[38;2;0;54;57m▖[48;2;0;50;51m[38;2;0;55;58m▝[48;2;0;57;61m[38;2;0;51;52m▄[0m
[48;2;0;28;24m[38;2;0;28;24m▄[48;2;0;30;24m[38;2;0;30;27m▇[48;2;1;32;29m[38;2;0;34;30m▃[48;2;0;35;30m[38;2;0;32;29m▊[48;2;0;33;30m[38;2;0;35;30m▄[48;2;2;37;33m[38;2;0;0;0m [48;2;0;40;40m[38;2;1;39;37m▄[48;2;1;40;39m[38;2;2;41;39m▄[48;2;2;41;38m[38;2;10;42;41m─[48;2;1;37;34m[38;2;0;36;31m▅[48;2;0;35;31m[38;2;1;35;30m▄[48;2;0;33;30m[38;2;0;33;28m▄[48;2;0;37;32m[38;2;0;34;31m▊[48;2;0;35;31m[38;2;0;37;33m▎[48;2;0;33;31m[38;2;0;31;29m▗[48;2;0;35;31m[38;2;0;38;32m▄[48;2;0;38;32m[38;2;0;40;34m╸[48;2;0;35;31m[38;2;1;38;34m▄[48;2;1;38;35m[38;2;0;0;0m [48;2;0;38;36m[38;2;0;38;35m▄[48;2;0;39;36m[38;2;0;39;36m▄[48;2;0;38;35m[38;2;0;41;37m▃[48;2;1;43;43m[38;2;6;44;44m╸[48;2;1;50;45m[38;2;2;55;48m▄[48;2;3;56;50m[38;2;1;49;42m▘[48;2;0;62;50m[38;2;0;60;50m▄[48;2;0;62;49m[38;2;0;56;48m▆[48;2;1;62;50m[38;2;0;56;48m▂[48;2;0;36;33m[38;2;3;54;46m▌[48;2;0;33;30m[38;2;0;33;30m▄[48;2;0;34;31m[38;2;0;0;0m [48;2;0;35;32m[38;2;0;0;0m [48;2;1;42;45m[38;2;0;37;37m▌[48;2;1;43;45m[38;2;0;0;0m [48;2;4;46;41m[38;2;3;53;43m▄[48;2;1;43;39m[38;2;0;47;42m▄[48;2;0;43;40m[38;2;0;42;39m▄[48;2;0;41;39m[38;2;0;42;39m▄[48;2;0;37;36m[38;2;1;40;38m▎[48;2;5;54;46m[38;2;0;41;38m▊[48;2;0;37;34m[38;2;1;51;44m▊[48;2;0;35;33m[38;2;0;37;33m⎽[48;2;0;38;36m[38;2;0;39;37m▄[48;2;0;41;39m[38;2;1;45;42m▗[48;2;0;41;39m[38;2;0;0;0m [48;2;1;38;36m[38;2;1;41;37m▖[48;2;0;39;38m[38;2;0;0;0m [48;2;1;39;37m[38;2;0;39;37m▄[48;2;0;40;38m[38;2;0;44;42m▗[48;2;2;60;53m[38;2;1;48;45m▊[48;2;1;62;55m[38;2;1;53;48m▗[48;2;2;59;53m[38;2;1;53;49m▆[48;2;0;52;48m[38;2;0;52;49m▄[48;2;0;55;50m[38;2;0;52;51m▄[48;2;3;46;45m[38;2;2;51;47m▊[48;2;0;38;38m[38;2;0;42;40m▌[48;2;0;41;40m[38;2;0;38;38m▎[48;2;0;40;38m[38;2;0;43;40m▄[48;2;1;50;54m[38;2;0;45;46m▎[48;2;1;50;55m[38;2;0;52;59m▁[48;2;1;51;56m[38;2;0;0;0m [48;2;1;50;54m[38;2;0;45;45m▄[48;2;0;65;57m[38;2;2;52;48m▘[48;2;0;64;58m[38;2;4;71;74m▝[48;2;0;68;61m[38;2;0;0;0m [48;2;0;71;68m[38;2;0;0;0m [48;2;0;67;62m[38;2;0;65;55m▂[48;2;0;54;50m[38;2;1;64;57m▊[48;2;0;44;44m[38;2;0;51;49m▌[48;2;1;47;47m[38;2;0;47;47m▄[48;2;1;47;47m[38;2;1;46;47m▄[48;2;0;47;48m[38;2;0;46;47m▄[48;2;0;64;64m[38;2;0;50;51m▊[48;2;1;65;68m[38;2;0;0;0m [48;2;2;83;112m[38;2;0;68;74m▆[48;2;2;88;125m[38;2;0;0;0m [48;2;3;61;71m[38;2;7;87;122m▌[48;2;0;54;54m[38;2;0;55;59m▃[48;2;0;50;52m[38;2;0;0;0m [48;2;0;50;51m[38;2;0;50;51m▄[0m
[48;2;0;29;25m[38;2;0;0;0m [48;2;0;30;27m[38;2;0;32;29m▄[48;2;1;32;29m[38;2;0;33;30m▄[48;2;0;34;30m[38;2;0;0;0m [48;2;0;35;32m[38;2;0;37;33m▂[48;2;1;39;36m[38;2;1;36;32m▊[48;2;0;39;37m[38;2;0;39;37m▄[48;2;1;39;37m[38;2;0;0;0m [48;2;1;40;36m[38;2;0;0;0m [48;2;0;37;32m[38;2;0;34;30m▄[48;2;0;36;31m[38;2;0;35;31m▄[48;2;0;34;30m[38;2;0;34;30m▄[48;2;0;35;31m[38;2;0;36;32m▄[48;2;0;36;33m[38;2;0;34;32m▄[48;2;0;32;30m[38;2;0;0;0m [48;2;0;36;32m[38;2;0;37;32m▄[48;2;0;38;33m[38;2;2;41;38m▗[48;2;0;37;34m[38;2;0;40;36m▆[48;2;0;40;36m[38;2;0;0;0m [48;2;1;40;36m[38;2;1;40;36m▄[48;2;0;41;37m[38;2;0;38;35m▚[48;2;1;40;37m[38;2;0;36;31m▂[48;2;2;52;45m[38;2;1;42;39m▊[48;2;1;55;47m[38;2;0;50;44m╵[48;2;0;58;48m[38;2;0;58;49m▄[48;2;1;58;48m[38;2;0;57;48m▄[48;2;0;57;48m[38;2;1;58;48m╵[48;2;5;56;48m[38;2;0;36;32m▗[48;2;1;33;30m[38;2;0;37;32m▚[48;2;0;36;34m[38;2;0;0;0m [48;2;0;38;36m[38;2;1;39;37m▄[48;2;0;41;39m[38;2;1;44;46m▁[48;2;0;41;40m[38;2;2;51;48m▄[48;2;4;56;49m[38;2;0;46;41m▚[48;2;0;47;42m[38;2;4;52;48m╹[48;2;0;43;40m[38;2;0;41;39m▖[48;2;0;43;40m[38;2;1;44;43m╴[48;2;0;43;40m[38;2;0;0;0m [48;2;0;37;36m[38;2;0;41;38m▌[48;2;1;39;36m[38;2;0;37;35m▅[48;2;0;39;37m[38;2;4;49;46m▘[48;2;0;36;34m[38;2;0;36;34m▄[48;2;0;37;36m[38;2;0;40;38m┏[48;2;0;44;42m[38;2;0;40;39m▌[48;2;0;40;39m[38;2;0;43;40m▅[48;2;0;39;38m[38;2;0;40;38m▄[48;2;0;40;39m[38;2;0;45;40m▃[48;2;1;39;37m[38;2;0;43;41m▁[48;2;1;45;43m[38;2;2;52;55m▁[48;2;22;89;109m[38;2;4;56;59m▊[48;2;4;62;68m[38;2;15;90;117m╸[48;2;2;56;57m[38;2;13;71;82m╶[48;2;5;64;71m[38;2;24;91;113m╵[48;2;1;54;52m[38;2;0;51;51m▃[48;2;1;44;44m[38;2;7;57;60m▘[48;2;0;40;38m[38;2;0;0;0m [48;2;0;39;38m[38;2;0;43;41m▊[48;2;1;51;55m[38;2;0;43;43m▊[48;2;0;51;58m[38;2;8;53;61m╴[48;2;2;51;57m[38;2;0;0;0m [48;2;2;51;52m[38;2;0;0;0m [48;2;0;47;46m[38;2;1;47;48m▄[48;2;2;62;59m[38;2;0;46;46m▖[48;2;0;60;55m[38;2;0;65;58m▌[48;2;0;65;58m[38;2;0;59;56m▅[48;2;0;68;57m[38;2;0;67;58m▄[48;2;0;67;58m[38;2;0;68;59m▄[48;2;1;65;63m[38;2;8;73;74m╵[48;2;0;46;46m[38;2;0;52;51m▊[48;2;1;46;47m[38;2;0;0;0m [48;2;0;46;47m[38;2;0;0;0m [48;2;0;49;50m[38;2;0;46;47m▚[48;2;4;63;63m[38;2;0;50;52m▊[48;2;1;63;65m[38;2;0;0;0m [48;2;1;63;62m[38;2;0;64;67m╹[48;2;8;86;119m[38;2;2;68;78m▊[48;2;2;68;84m[38;2;4;92;131m▌[48;2;0;56;59m[38;2;0;0;0m [48;2;0;52;54m[38;2;0;54;58m▌[48;2;1;51;53m[38;2;0;0;0m [0m
[48;2;0;30;27m[38;2;0;0;0m [48;2;0;32;29m[38;2;0;30;28m▗[48;2;0;34;30m[38;2;0;32;29m▅[48;2;2;37;33m[38;2;0;0;0m [48;2;0;37;33m[38;2;1;37;34m▄[48;2;2;38;36m[38;2;0;0;0m [48;2;0;39;36m[38;2;1;39;37m▄[48;2;1;40;39m[38;2;1;42;40m▄[48;2;1;37;33m[38;2;0;0;0m [48;2;0;35;32m[38;2;0;34;30m▄[48;2;0;34;30m[38;2;0;33;30m▄[48;2;0;34;31m[38;2;0;35;29m▄[48;2;0;39;32m[38;2;0;36;32m▇[48;2;0;34;31m[38;2;0;36;32m▌[48;2;0;35;32m[38;2;2;38;35m⎼[48;2;1;40;33m[38;2;0;36;33m▆[48;2;0;39;35m[38;2;1;39;35m▄[48;2;0;38;35m[38;2;0;40;36m━[48;2;0;39;35m[38;2;0;42;36m▝[48;2;1;39;37m[38;2;1;40;37m▄[48;2;0;38;35m[38;2;0;43;41m▁[48;2;0;35;32m[38;2;0;41;39m▃[48;2;4;45;39m[38;2;1;43;38m▄[48;2;0;57;48m[38;2;0;0;0m [48;2;0;57;49m[38;2;0;0;0m [48;2;0;56;49m[38;2;0;45;39m▁[48;2;1;52;44m[38;2;0;35;32m▂[48;2;0;33;31m[38;2;0;0;0m [48;2;0;37;32m[38;2;0;33;29m▎[48;2;0;36;33m[38;2;0;41;39m▃[48;2;1;40;40m[38;2;3;46;48m▃[48;2;0;44;44m[38;2;3;47;48m▊[48;2;2;53;50m[38;2;1;49;45m▄[48;2;1;54;49m[38;2;0;0;0m [48;2;0;46;43m[38;2;0;51;47m▎[48;2;0;43;41m[38;2;0;44;41m▄[48;2;0;43;41m[38;2;0;43;42m▄[48;2;0;44;42m[38;2;0;45;43m▄[48;2;1;42;40m[38;2;0;40;35m▝[48;2;0;37;35m[38;2;0;37;35m▄[48;2;0;35;33m[38;2;0;42;40m▌[48;2;0;35;33m[38;2;1;38;35m▁[48;2;0;39;38m[38;2;0;43;41m▃[48;2;0;42;41m[38;2;0;43;41m▄[48;2;0;43;41m[38;2;0;43;42m▄[48;2;0;43;41m[38;2;1;46;45m▗[48;2;0;43;41m[38;2;1;47;49m▁[48;2;2;51;55m[38;2;1;44;45m▘[48;2;2;51;54m[38;2;0;0;0m [48;2;29;101;131m[38;2;3;63;68m▇[48;2;0;58;57m[38;2;0;0;0m [48;2;0;54;54m[38;2;0;47;44m▅[48;2;1;46;45m[38;2;0;0;0m [48;2;2;46;46m[38;2;1;38;37m▆[48;2;0;41;41m[38;2;3;46;47m▘[48;2;1;45;43m[38;2;0;42;41m▊[48;2;0;44;43m[38;2;0;44;43m▄[48;2;4;50;57m[38;2;0;0;0m [48;2;1;53;59m[38;2;1;51;54m▂[48;2;1;54;59m[38;2;2;49;54m▎[48;2;1;56;59m[38;2;2;58;63m▌[48;2;0;44;43m[38;2;0;52;55m▌[48;2;2;61;59m[38;2;0;43;42m▌[48;2;0;64;59m[38;2;0;65;61m▄[48;2;0;61;57m[38;2;0;66;59m▆[48;2;0;65;58m[38;2;0;66;64m▁[48;2;0;66;59m[38;2;0;0;0m [48;2;0;60;58m[38;2;0;66;66m▁[48;2;0;53;53m[38;2;0;61;58m▖[48;2;0;49;51m[38;2;0;57;65m▂[48;2;1;50;52m[38;2;1;56;63m▁[48;2;0;47;50m[38;2;0;49;51m▄[48;2;3;61;65m[38;2;0;51;53m▊[48;2;0;61;65m[38;2;3;63;73m┏[48;2;6;73;90m[38;2;6;93;144m┓[48;2;2;60;65m[38;2;8;86;123m▃[48;2;0;63;72m[38;2;0;0;0m [48;2;1;62;70m[38;2;0;56;60m▝[48;2;0;54;57m[38;2;0;56;62m▖[48;2;0;52;55m[38;2;0;52;55m▄[0m
[48;2;0;30;28m[38;2;0;33;29m▄[48;2;0;33;30m[38;2;0;33;30m▄[48;2;1;35;31m[38;2;0;32;29m▁[48;2;3;39;34m[38;2;1;38;35m▄[48;2;0;41;38m[38;2;0;36;34m▊[48;2;1;39;37m[38;2;0;0;0m [48;2;0;41;39m[38;2;2;43;41m╏[48;2;0;39;38m[38;2;0;0;0m [48;2;0;33;30m[38;2;0;31;30m▄[48;2;0;36;30m[38;2;0;34;31m▄[48;2;0;31;29m[38;2;0;33;30m▄[48;2;0;35;31m[38;2;0;33;29m▘[48;2;0;37;31m[38;2;0;37;33m▄[48;2;0;35;31m[38;2;0;0;0m [48;2;0;38;33m[38;2;1;37;33m▄[48;2;0;39;35m[38;2;1;39;35m▄[48;2;0;41;37m[38;2;0;38;36m▄[48;2;0;37;34m[38;2;0;36;34m▄[48;2;1;38;36m[38;2;0;0;0m [48;2;0;41;38m[38;2;2;47;50m▗[48;2;0;44;46m[38;2;2;48;54m▅[48;2;1;45;45m[38;2;2;49;53m▃[48;2;0;55;49m[38;2;0;45;43m▎[48;2;1;59;50m[38;2;0;0;0m [48;2;3;53;46m[38;2;0;36;31m▗[48;2;0;35;32m[38;2;0;0;0m [48;2;0;34;30m[38;2;0;34;31m▄[48;2;0;33;32m[38;2;0;34;32m▄[48;2;0;35;33m[38;2;0;39;36m▆[48;2;1;43;42m[38;2;7;50;55m▁[48;2;4;49;54m[38;2;5;46;48m▚[48;2;2;46;45m[38;2;0;0;0m [48;2;1;54;50m[38;2;2;52;48m▎[48;2;1;55;51m[38;2;0;0;0m [48;2;0;48;44m[38;2;1;55;50m▌[48;2;0;42;39m[38;2;0;46;43m▎[48;2;0;45;43m[38;2;0;48;43m▄[48;2;0;46;43m[38;2;1;45;41m▝[48;2;0;42;38m[38;2;0;43;42m▇[48;2;0;38;36m[38;2;0;40;36m▃[48;2;0;37;36m[38;2;0;39;36m▄[48;2;1;38;36m[38;2;0;39;36m▄[48;2;0;43;41m[38;2;0;0;0m [48;2;0;43;41m[38;2;0;0;0m [48;2;1;44;42m[38;2;0;0;0m [48;2;0;45;45m[38;2;1;47;47m▄[48;2;3;53;58m[38;2;1;48;51m▘[48;2;3;52;56m[38;2;8;59;68m▖[48;2;3;58;63m[38;2;0;0;0m [48;2;5;68;80m[38;2;21;103;136m╸[48;2;1;48;47m[38;2;4;60;68m▎[48;2;0;44;43m[38;2;0;0;0m [48;2;1;43;42m[38;2;0;44;44m▄[48;2;2;44;45m[38;2;5;47;51m▄[48;2;0;43;44m[38;2;1;48;52m▃[48;2;0;45;45m[38;2;2;50;54m▖[48;2;2;53;59m[38;2;0;47;47m▌[48;2;2;52;61m[38;2;11;56;66m╴[48;2;2;50;54m[38;2;8;58;65m┏[48;2;2;56;60m[38;2;3;58;64m▄[48;2;2;56;64m[38;2;9;57;65m⎼[48;2;2;48;49m[38;2;0;55;62m▊[48;2;7;66;76m[38;2;0;0;0m [48;2;4;76;82m[38;2;35;122;174m▂[48;2;6;76;90m[38;2;0;0;0m [48;2;7;77;95m[38;2;28;116;162m▗[48;2;5;73;80m[38;2;30;122;182m▂[48;2;3;73;77m[38;2;25;118;169m▅[48;2;1;62;69m[38;2;20;99;127m╸[48;2;2;59;68m[38;2;2;57;59m▎[48;2;0;52;60m[38;2;1;57;67m▊[48;2;0;50;51m[38;2;1;50;54m▄[48;2;3;60;66m[38;2;0;52;54m▊[48;2;1;59;69m[38;2;1;56;62m▄[48;2;3;66;79m[38;2;0;0;0m [48;2;2;71;91m[38;2;3;99;151m▄[48;2;2;69;82m[38;2;2;95;146m▖[48;2;3;73;96m[38;2;6;98;154m▗[48;2;1;56;64m[38;2;7;81;112m▎[48;2;1;53;53m[38;2;0;53;56m▌[0m
[48;2;1;32;30m[38;2;0;0;0m [48;2;1;35;31m[38;2;0;33;30m▆[48;2;1;35;32m[38;2;0;0;0m [48;2;1;37;34m[38;2;0;0;0m [48;2;0;35;34m[38;2;0;38;34m▄[48;2;1;38;34m[38;2;1;40;36m▄[48;2;1;41;40m[38;2;0;0;0m [48;2;0;33;31m[38;2;2;38;37m▌[48;2;0;33;29m[38;2;0;33;30m▄[48;2;0;34;30m[38;2;0;0;0m [48;2;0;32;29m[38;2;0;34;30m▄[48;2;2;38;34m[38;2;0;34;31m▊[48;2;1;36;32m[38;2;0;40;34m▄[48;2;1;37;33m[38;2;0;40;33m▃[48;2;0;36;33m[38;2;0;0;0m [48;2;1;38;36m[38;2;0;0;0m [48;2;0;36;33m[38;2;0;37;35m▌[48;2;0;37;34m[38;2;0;39;38m▄[48;2;1;45;47m[38;2;1;41;41m▊[48;2;3;48;56m[38;2;0;0;0m [48;2;6;49;57m[38;2;1;45;47m▗[48;2;4;51;48m[38;2;0;39;40m┛[48;2;2;63;52m[38;2;0;0;0m [48;2;0;43;36m[38;2;0;66;53m▘[48;2;0;33;30m[38;2;3;38;34m╴[48;2;0;34;32m[38;2;0;35;32m▄[48;2;0;35;32m[38;2;0;0;0m [48;2;0;38;36m[38;2;0;41;38m▄[48;2;2;44;44m[38;2;8;50;59m▂[48;2;5;50;59m[38;2;0;0;0m [48;2;1;50;49m[38;2;3;60;59m▁[48;2;1;55;51m[38;2;0;0;0m [48;2;0;55;51m[38;2;0;0;0m [48;2;0;54;50m[38;2;0;56;51m▄[48;2;0;56;53m[38;2;5;58;59m▝[48;2;2;49;47m[38;2;6;60;59m▁[48;2;1;48;45m[38;2;1;48;45m▄[48;2;0;46;44m[38;2;4;48;47m▁[48;2;0;44;43m[38;2;0;46;43m▄[48;2;0;38;37m[38;2;0;42;41m▌[48;2;0;39;37m[38;2;0;40;39m▄[48;2;0;41;39m[38;2;0;45;43m▂[48;2;1;44;42m[38;2;1;46;45m▄[48;2;0;44;42m[38;2;0;45;44m▄[48;2;0;45;44m[38;2;0;48;47m▄[48;2;3;53;58m[38;2;1;49;52m▎[48;2;1;54;59m[38;2;0;0;0m [48;2;4;57;60m[38;2;19;76;93m╵[48;2;3;65;74m[38;2;10;78;101m┏[48;2;1;50;49m[38;2;2;58;62m▎[48;2;1;46;48m[38;2;0;44;44m▄[48;2;3;47;48m[38;2;0;42;43m▄[48;2;0;42;42m[38;2;1;38;39m▃[48;2;3;45;48m[38;2;1;44;47m▄[48;2;1;50;54m[38;2;0;0;0m [48;2;1;50;56m[38;2;3;55;63m▅[48;2;2;55;63m[38;2;0;0;0m [48;2;2;51;59m[38;2;1;54;62m▄[48;2;8;69;88m[38;2;13;89;128m╵[48;2;5;62;76m[38;2;2;57;64m▊[48;2;1;57;65m[38;2;0;54;60m┃[48;2;0;54;60m[38;2;0;52;55m╵[48;2;31;121;165m[38;2;1;52;59m▎[48;2;28;117;163m[38;2;7;78;107m▄[48;2;15;98;127m[38;2;27;115;167m▄[48;2;33;129;183m[38;2;12;83;107m▘[48;2;28;124;179m[38;2;10;113;173m▃[48;2;25;122;179m[38;2;36;129;191m▗[48;2;11;81;110m[38;2;31;126;182m▊[48;2;3;63;73m[38;2;2;56;64m▊[48;2;0;58;68m[38;2;8;68;79m▖[48;2;0;53;57m[38;2;1;55;61m▄[48;2;3;61;71m[38;2;1;51;54m▊[48;2;0;53;59m[38;2;0;60;73m▌[48;2;1;59;67m[38;2;0;0;0m [48;2;7;91;139m[38;2;2;66;86m▎[48;2;1;100;161m[38;2;2;107;171m▂[48;2;0;98;160m[38;2;3;105;170m▂[48;2;1;55;64m[38;2;4;95;145m▌[48;2;0;54;58m[38;2;1;53;59m▄[0m
[48;2;0;33;29m[38;2;0;36;34m▁[48;2;0;35;29m[38;2;0;35;31m▄[48;2;0;40;34m[38;2;0;36;33m▅[48;2;0;36;34m[38;2;4;41;38m╶[48;2;1;38;34m[38;2;1;37;34m▚[48;2;0;40;37m[38;2;0;38;37m▄[48;2;1;40;39m[38;2;0;37;35m┏[48;2;0;33;30m[38;2;1;36;35m▌[48;2;0;34;30m[38;2;0;32;31m▄[48;2;0;34;31m[38;2;0;34;30m▄[48;2;0;34;31m[38;2;0;36;33m▁[48;2;0;34;32m[38;2;0;36;31m▄[48;2;0;37;33m[38;2;0;0;0m [48;2;1;39;35m[38;2;0;0;0m [48;2;0;37;33m[38;2;0;37;34m▄[48;2;0;39;36m[38;2;0;39;37m▄[48;2;0;39;36m[38;2;1;40;36m▄[48;2;2;46;47m[38;2;1;40;38m▊[48;2;2;51;58m[38;2;2;45;47m▘[48;2;3;49;57m[38;2;3;46;48m▗[48;2;2;45;43m[38;2;2;55;52m▖[48;2;2;59;50m[38;2;1;48;44m▘[48;2;0;36;32m[38;2;5;53;48m▘[48;2;1;38;34m[38;2;0;34;30m▊[48;2;0;34;31m[38;2;0;36;33m▄[48;2;0;37;34m[38;2;0;41;37m▁[48;2;1;40;38m[38;2;0;0;0m [48;2;2;44;44m[38;2;9;54;66m▗[48;2;10;54;67m[38;2;5;55;66m▅[48;2;3;52;58m[38;2;0;60;59m▂[48;2;1;65;58m[38;2;0;0;0m [48;2;0;57;54m[38;2;1;66;59m▃[48;2;0;56;54m[38;2;0;58;54m▄[48;2;0;57;54m[38;2;0;58;57m▃[48;2;0;55;54m[38;2;0;0;0m [48;2;1;51;49m[38;2;0;0;0m [48;2;1;49;46m[38;2;1;49;48m▄[48;2;2;52;48m[38;2;1;46;46m▝[48;2;0;47;45m[38;2;1;50;51m▖[48;2;0;42;41m[38;2;2;48;46m▎[48;2;0;41;39m[38;2;0;0;0m [48;2;9;54;54m[38;2;1;45;44m▊[48;2;0;46;45m[38;2;1;49;49m▎[48;2;1;48;48m[38;2;0;45;44m▊[48;2;1;54;59m[38;2;1;50;52m▌[48;2;3;56;62m[38;2;0;0;0m [48;2;1;47;48m[38;2;2;55;59m▘[48;2;1;50;50m[38;2;15;61;64m╴[48;2;8;65;77m[38;2;2;53;53m▃[48;2;2;48;49m[38;2;0;0;0m [48;2;0;44;44m[38;2;0;47;48m▎[48;2;0;40;40m[38;2;0;40;40m▄[48;2;0;38;39m[38;2;2;43;46m▗[48;2;2;49;57m[38;2;3;45;50m▘[48;2;1;51;58m[38;2;0;53;60m▄[48;2;3;56;67m[38;2;0;0;0m [48;2;0;54;62m[38;2;2;56;65m▌[48;2;4;56;66m[38;2;16;88;128m▗[48;2;33;121;169m[38;2;0;0;0m [48;2;4;65;80m[38;2;17;80;105m▎[48;2;0;57;63m[38;2;0;0;0m [48;2;0;56;62m[38;2;1;61;71m▃[48;2;37;129;184m[38;2;4;64;80m▌[48;2;7;89;133m[38;2;37;132;189m▆[48;2;40;136;199m[38;2;35;134;192m▘[48;2;22;118;176m[38;2;36;136;198m▎[48;2;16;113;175m[38;2;30;124;191m▗[48;2;30;126;190m[38;2;6;94;139m▝[48;2;5;71;99m[38;2;30;122;183m▖[48;2;4;61;71m[38;2;0;0;0m [48;2;4;65;84m[38;2;21;102;147m┏[48;2;0;55;63m[38;2;0;58;68m▖[48;2;0;53;58m[38;2;1;53;61m⎺[48;2;1;55;61m[38;2;4;59;69m▘[48;2;7;69;90m[38;2;0;55;63m▊[48;2;21;107;161m[38;2;3;62;80m▊[48;2;3;108;172m[38;2;19;117;183m▆[48;2;7;110;176m[38;2;17;115;182m▄[48;2;0;58;70m[38;2;11;98;153m▎[48;2;1;54;59m[38;2;0;54;63m▖[0m
[48;2;0;35;32m[38;2;0;34;32m▄[48;2;1;37;34m[38;2;0;34;31m▊[48;2;1;37;35m[38;2;0;35;33m▄[48;2;0;37;35m[38;2;0;35;34m▆[48;2;1;40;36m[38;2;0;38;34m┗[48;2;1;39;38m[38;2;5;41;40m╴[48;2;1;35;33m[38;2;0;36;36m▎[48;2;1;35;34m[38;2;0;34;31m▇[48;2;0;34;31m[38;2;0;0;0m [48;2;0;32;30m[38;2;0;35;30m▗[48;2;0;36;32m[38;2;0;35;32m▄[48;2;0;39;35m[38;2;0;36;33m▄[48;2;1;38;34m[38;2;1;38;34m▄[48;2;0;37;35m[38;2;2;40;36m▚[48;2;0;39;37m[38;2;0;40;37m▄[48;2;0;39;36m[38;2;3;44;39m╹[48;2;0;39;37m[38;2;4;44;48m▗[48;2;5;50;57m[38;2;1;44;46m▘[48;2;2;50;55m[38;2;2;43;45m▗[48;2;4;47;47m[38;2;1;42;38m▂[48;2;3;49;46m[38;2;3;45;41m▄[48;2;0;36;32m[38;2;2;51;43m▘[48;2;0;37;34m[38;2;0;33;31m▖[48;2;0;36;33m[38;2;0;38;35m▄[48;2;0;37;35m[38;2;1;40;38m▄[48;2;0;42;41m[38;2;0;0;0m [48;2;2;47;47m[38;2;3;52;59m▅[48;2;5;52;63m[38;2;16;54;65m╸[48;2;9;54;65m[38;2;3;53;61m▇[48;2;0;70;58m[38;2;1;62;58m▎[48;2;0;69;59m[38;2;0;68;57m⎺[48;2;0;60;57m[38;2;1;66;58m▎[48;2;0;57;57m[38;2;0;56;53m⎺[48;2;0;57;56m[38;2;0;0;0m [48;2;0;53;51m[38;2;0;57;56m▊[48;2;0;48;45m[38;2;0;49;47m▂[48;2;1;49;46m[38;2;1;47;45m▄[48;2;2;52;52m[38;2;0;0;0m [48;2;1;50;47m[38;2;1;51;51m▅[48;2;1;45;44m[38;2;0;48;48m▄[48;2;1;44;43m[38;2;0;0;0m [48;2;0;46;45m[38;2;5;52;55m▗[48;2;0;48;48m[38;2;0;47;48m▄[48;2;0;50;50m[38;2;1;53;56m▗[48;2;3;58;64m[38;2;3;54;59m▎[48;2;1;56;61m[38;2;0;50;54m╺[48;2;0;48;49m[38;2;0;54;57m▖[48;2;1;46;45m[38;2;0;44;43m▄[48;2;0;45;45m[38;2;5;54;56m╵[48;2;1;44;43m[38;2;0;0;0m [48;2;0;42;43m[38;2;2;47;47m▖[48;2;1;41;41m[38;2;0;43;45m▁[48;2;3;50;55m[38;2;0;43;46m▘[48;2;2;53;59m[38;2;0;0;0m [48;2;5;58;68m[38;2;4;55;61m▘[48;2;0;56;64m[38;2;5;54;57m▗[48;2;4;58;67m[38;2;29;98;126m╵[48;2;37;129;180m[38;2;18;86;110m▌[48;2;42;136;197m[38;2;38;131;189m╵[48;2;6;69;93m[38;2;27;111;160m▌[48;2;7;72;101m[38;2;1;60;67m▊[48;2;2;66;87m[38;2;5;74;104m▃[48;2;34;125;176m[38;2;0;53;60m▌[48;2;41;139;202m[38;2;42;140;204m▄[48;2;43;141;205m[38;2;0;0;0m [48;2;28;127;192m[38;2;17;117;182m▝[48;2;33;130;198m[38;2;0;0;0m [48;2;38;134;201m[38;2;11;99;157m╶[48;2;7;70;85m[38;2;32;127;185m▎[48;2;3;63;78m[38;2;18;90;120m│[48;2;24;120;185m[38;2;24;97;144m▎[48;2;3;61;78m[38;2;0;0;0m [48;2;0;53;60m[38;2;0;56;67m▖[48;2;0;52;60m[38;2;0;56;60m▝[48;2;6;60;75m[38;2;0;55;60m▊[48;2;27;112;167m[38;2;4;65;85m▊[48;2;23;115;175m[38;2;26;115;181m▘[48;2;5;65;84m[38;2;23;106;160m▊[48;2;1;55;61m[38;2;0;0;0m [48;2;0;54;61m[38;2;0;0;0m [0m
[48;2;0;35;33m[38;2;0;33;31m▄[48;2;0;38;35m[38;2;0;34;31m▌[48;2;0;35;34m[38;2;0;38;35m▎[48;2;0;40;37m[38;2;0;36;33m▊[48;2;0;41;39m[38;2;1;44;43m▄[48;2;0;37;36m[38;2;4;43;43m▘[48;2;0;33;31m[38;2;0;0;0m [48;2;0;33;30m[38;2;0;34;31m▄[48;2;0;33;31m[38;2;0;33;31m▄[48;2;0;34;31m[38;2;0;36;33m─[48;2;0;35;32m[38;2;0;35;33m▄[48;2;0;37;34m[38;2;0;35;33m▄[48;2;0;37;35m[38;2;3;41;42m▂[48;2;0;39;35m[38;2;0;41;42m▇[48;2;0;38;36m[38;2;0;41;39m▎[48;2;5;44;45m[38;2;0;39;37m▊[48;2;3;48;51m[38;2;12;51;57m─[48;2;2;49;54m[38;2;2;44;45m▃[48;2;0;39;38m[38;2;3;45;46m▘[48;2;2;36;34m[38;2;5;46;43m▘[48;2;1;34;32m[38;2;0;0;0m [48;2;0;34;32m[38;2;1;37;35m╴[48;2;0;35;34m[38;2;0;37;35m▄[48;2;0;39;38m[38;2;1;43;43m▗[48;2;1;44;44m[38;2;4;52;59m▁[48;2;6;54;65m[38;2;2;45;48m▘[48;2;3;52;65m[38;2;16;55;67m╴[48;2;4;55;61m[38;2;0;0;0m [48;2;3;63;57m[38;2;0;0;0m [48;2;0;68;61m[38;2;1;68;61m▄[48;2;0;69;61m[38;2;0;62;59m▃[48;2;0;58;58m[38;2;4;65;59m▘[48;2;0;59;59m[38;2;1;59;60m▄[48;2;0;58;56m[38;2;1;57;57m▄[48;2;0;53;53m[38;2;1;56;57m▊[48;2;1;50;49m[38;2;1;52;53m▁[48;2;0;51;51m[38;2;0;46;44m▊[48;2;0;53;53m[38;2;0;54;54m▄[48;2;1;53;54m[38;2;0;0;0m [48;2;0;48;48m[38;2;0;51;49m▂[48;2;2;51;51m[38;2;0;46;45m▊[48;2;2;51;52m[38;2;0;48;47m▌[48;2;0;52;50m[38;2;0;50;50m▄[48;2;3;58;63m[38;2;2;57;58m▌[48;2;3;57;64m[38;2;0;0;0m [48;2;4;55;62m[38;2;0;0;0m [48;2;0;47;49m[38;2;2;54;59m▎[48;2;0;46;46m[38;2;0;47;49m▄[48;2;1;47;46m[38;2;1;47;49m▅[48;2;1;44;44m[38;2;0;46;48m▅[48;2;1;44;45m[38;2;0;0;0m [48;2;1;51;56m[38;2;1;44;46m▘[48;2;2;54;60m[38;2;0;0;0m [48;2;2;58;67m[38;2;0;0;0m [48;2;0;59;68m[38;2;0;56;62m▗[48;2;4;56;62m[38;2;0;0;0m [48;2;19;83;105m[38;2;41;134;189m▗[48;2;45;141;204m[38;2;0;0;0m [48;2;46;142;208m[38;2;46;145;210m▄[48;2;1;67;87m[38;2;41;132;193m▌[48;2;8;80;118m[38;2;1;60;72m▊[48;2;4;75;107m[38;2;0;0;0m [48;2;39;140;209m[38;2;7;70;90m▊[48;2;42;141;211m[38;2;0;0;0m [48;2;36;133;202m[38;2;42;140;209m▌[48;2;29;125;194m[38;2;34;127;203m▂[48;2;35;132;202m[38;2;33;128;198m▄[48;2;39;131;197m[38;2;13;85;118m▂[48;2;4;60;73m[38;2;0;0;0m [48;2;16;86;119m[38;2;21;88;121m▄[48;2;35;124;186m[38;2;0;0;0m [48;2;10;73;96m[38;2;32;114;171m▌[48;2;0;57;65m[38;2;0;59;69m┃[48;2;0;55;60m[38;2;0;56;63m▌[48;2;2;58;67m[38;2;0;56;62m▊[48;2;29;114;164m[38;2;2;60;74m▌[48;2;30;120;179m[38;2;35;115;171m▃[48;2;3;63;79m[38;2;26;112;161m▎[48;2;1;54;62m[38;2;0;0;0m [48;2;2;56;70m[38;2;13;94;147m▗[0m
[48;2;0;33;31m[38;2;0;0;0m [48;2;0;36;34m[38;2;0;33;31m▎[48;2;0;36;34m[38;2;0;35;34m▄[48;2;1;44;43m[38;2;1;36;35m▘[48;2;0;45;46m[38;2;0;37;38m▗[48;2;0;36;33m[38;2;0;36;34m▄[48;2;0;33;31m[38;2;0;34;32m▄[48;2;0;34;32m[38;2;2;37;34m╹[48;2;0;35;32m[38;2;0;35;33m▄[48;2;0;35;32m[38;2;0;0;0m [48;2;0;35;34m[38;2;3;43;44m▂[48;2;1;42;44m[38;2;0;39;41m▎[48;2;2;44;44m[38;2;2;40;39m▄[48;2;0;38;36m[38;2;0;42;39m▂[48;2;0;44;45m[38;2;0;38;35m▘[48;2;4;48;54m[38;2;0;44;46m▎[48;2;2;47;53m[38;2;1;39;41m▗[48;2;0;39;40m[38;2;0;36;35m▅[48;2;0;37;37m[38;2;0;40;39m┃[48;2;0;35;33m[38;2;0;0;0m [48;2;0;37;34m[38;2;0;34;32m▎[48;2;0;36;34m[38;2;0;42;42m▂[48;2;0;43;41m[38;2;0;47;50m▗[48;2;0;45;49m[38;2;4;53;63m▃[48;2;6;54;69m[38;2;0;0;0m [48;2;6;53;66m[38;2;21;54;73m⎺[48;2;3;56;63m[38;2;2;55;53m▗[48;2;1;59;56m[38;2;0;61;60m▄[48;2;1;67;61m[38;2;0;75;64m━[48;2;0;66;62m[38;2;1;62;61m▄[48;2;0;61;60m[38;2;0;62;62m▄[48;2;1;61;62m[38;2;0;59;60m▘[48;2;1;61;62m[38;2;0;0;0m [48;2;0;62;61m[38;2;0;0;0m [48;2;0;59;58m[38;2;0;55;55m━[48;2;1;54;54m[38;2;0;50;51m⎼[48;2;0;49;49m[38;2;0;47;47m▘[48;2;2;55;56m[38;2;0;0;0m [48;2;0;56;56m[38;2;0;58;57m▄[48;2;1;54;55m[38;2;0;0;0m [48;2;0;49;49m[38;2;2;49;51m━[48;2;0;47;48m[38;2;1;49;51m▄[48;2;0;52;53m[38;2;1;56;57m▄[48;2;1;59;64m[38;2;6;59;67m╹[48;2;1;56;61m[38;2;7;59;66m╴[48;2;2;54;59m[38;2;1;53;57m▄[48;2;1;48;50m[38;2;0;0;0m [48;2;0;48;49m[38;2;1;48;49m▄[48;2;0;46;47m[38;2;0;47;47m▄[48;2;0;48;48m[38;2;0;47;49m▄[48;2;5;53;61m[38;2;1;49;54m▌[48;2;2;57;67m[38;2;10;60;73m▁[48;2;3;60;70m[38;2;12;61;69m╵[48;2;2;58;68m[38;2;0;0;0m [48;2;1;57;62m[38;2;1;56;62m▄[48;2;15;76;94m[38;2;0;0;0m [48;2;48;142;204m[38;2;0;0;0m [48;2;49;148;212m[38;2;52;150;217m┓[48;2;49;147;211m[38;2;48;146;217m▄[48;2;4;73;102m[38;2;48;144;208m▌[48;2;4;77;109m[38;2;3;63;78m▊[48;2;0;71;104m[38;2;4;75;109m▊[48;2;35;116;165m[38;2;2;59;73m▊[48;2;42;138;206m[38;2;41;128;189m▗[48;2;33;128;199m[38;2;38;127;183m▂[48;2;33;127;198m[38;2;33;127;200m▄[48;2;32;125;197m[38;2;0;0;0m [48;2;3;64;80m[38;2;27;106;169m▎[48;2;22;88;122m[38;2;1;57;66m▊[48;2;31;101;144m[38;2;32;115;178m▄[48;2;40;126;187m[38;2;41;130;201m▖[48;2;37;125;185m[38;2;0;0;0m [48;2;3;65;84m[38;2;34;119;178m▖[48;2;1;56;68m[38;2;1;62;83m▖[48;2;3;55;70m[38;2;0;56;64m▊[48;2;27;114;184m[38;2;2;62;92m▎[48;2;28;120;195m[38;2;0;0;0m [48;2;2;59;72m[38;2;0;0;0m [48;2;0;56;65m[38;2;0;0;0m [48;2;25;120;203m[38;2;3;71;100m▌[0m
[48;2;0;34;32m[38;2;0;32;30m▆[48;2;0;36;34m[38;2;0;37;34m▄[48;2;1;41;42m[38;2;0;36;35m▘[48;2;0;45;45m[38;2;1;43;44m▄[48;2;0;38;35m[38;2;0;40;39m▎[48;2;0;36;33m[38;2;0;37;35m▄[48;2;0;35;32m[38;2;0;36;33m▄[48;2;0;34;32m[38;2;0;35;32m▄[48;2;0;35;33m[38;2;3;38;37m╴[48;2;0;38;36m[38;2;1;41;42m▄[48;2;1;42;44m[38;2;1;37;40m▗[48;2;0;40;40m[38;2;1;36;34m▅[48;2;0;37;35m[38;2;0;0;0m [48;2;0;42;41m[38;2;3;49;52m▗[48;2;3;46;50m[38;2;2;52;57m▄[48;2;5;50;58m[38;2;3;42;47m▗[48;2;1;36;36m[38;2;0;0;0m [48;2;0;36;35m[38;2;0;36;35m▄[48;2;0;36;35m[38;2;0;36;35m▄[48;2;0;37;36m[38;2;0;41;39m▂[48;2;0;40;39m[38;2;0;43;41m▇[48;2;1;45;46m[38;2;0;0;0m [48;2;4;54;68m[38;2;0;48;54m▘[48;2;10;56;74m[38;2;7;57;75m▄[48;2;5;53;63m[38;2;0;0;0m [48;2;0;54;54m[38;2;4;61;64m┛[48;2;1;61;61m[38;2;0;47;46m▘[48;2;0;60;61m[38;2;1;62;64m▄[48;2;3;68;65m[38;2;0;63;63m▆[48;2;0;62;62m[38;2;0;65;63m▄[48;2;0;63;63m[38;2;0;66;63m▅[48;2;0;62;63m[38;2;1;66;65m▖[48;2;1;62;63m[38;2;0;65;65m▄[48;2;1;63;63m[38;2;0;66;65m╵[48;2;1;60;62m[38;2;0;0;0m [48;2;0;57;56m[38;2;1;58;58m▄[48;2;0;51;52m[38;2;2;53;53m▎[48;2;2;56;58m[38;2;1;60;61m┏[48;2;0;58;57m[38;2;1;59;59m▄[48;2;1;56;57m[38;2;0;0;0m [48;2;0;49;49m[38;2;1;53;54m▗[48;2;0;49;50m[38;2;0;54;55m▅[48;2;2;57;57m[38;2;2;61;64m▗[48;2;1;59;63m[38;2;0;56;59m┗[48;2;2;54;60m[38;2;0;59;63m▘[48;2;1;52;57m[38;2;0;0;0m [48;2;0;50;51m[38;2;0;48;49m▄[48;2;0;50;50m[38;2;0;49;49m▄[48;2;0;49;49m[38;2;0;47;49m▄[48;2;0;49;53m[38;2;4;55;65m▗[48;2;4;58;69m[38;2;2;62;75m▃[48;2;16;62;74m[38;2;3;62;75m▇[48;2;3;61;72m[38;2;0;0;0m [48;2;0;60;68m[38;2;3;61;68m▄[48;2;5;62;74m[38;2;0;0;0m [48;2;47;145;212m[38;2;29;112;159m▎[48;2;50;150;217m[38;2;53;151;223m▄[48;2;50;149;221m[38;2;0;0;0m [48;2;49;147;217m[38;2;0;0;0m [48;2;3;73;102m[38;2;45;140;208m▌[48;2;7;75;108m[38;2;2;65;83m▊[48;2;1;73;102m[38;2;5;77;114m▌[48;2;2;59;72m[38;2;5;67;91m▎[48;2;40;126;185m[38;2;0;0;0m [48;2;39;130;188m[38;2;40;131;193m▄[48;2;35;127;192m[38;2;43;133;194m▄[48;2;35;128;199m[38;2;43;130;190m▃[48;2;5;65;83m[38;2;12;86;131m▎[48;2;23;91;129m[38;2;1;60;75m▌[48;2;38;128;196m[38;2;0;0;0m [48;2;41;134;213m[38;2;41;136;208m▄[48;2;39;130;198m[38;2;43;132;213m▄[48;2;11;75;106m[38;2;39;131;200m▌[48;2;0;62;83m[38;2;0;0;0m [48;2;2;57;69m[38;2;0;0;0m [48;2;30;121;199m[38;2;5;69;93m▌[48;2;3;75;114m[38;2;28;124;208m▌[48;2;0;54;66m[38;2;0;56;66m▄[48;2;0;58;74m[38;2;0;0;0m [48;2;25;119;200m[38;2;0;0;0m [0m
[48;2;0;33;30m[38;2;0;31;29m▄[48;2;1;38;39m[38;2;2;37;34m▘[48;2;0;40;40m[38;2;0;40;39m▄[48;2;0;40;37m[38;2;0;0;0m [48;2;1;38;37m[38;2;0;39;37m▄[48;2;0;37;34m[38;2;0;38;37m▎[48;2;0;35;32m[38;2;0;36;34m▂[48;2;0;36;34m[38;2;0;40;39m▂[48;2;0;40;41m[38;2;2;42;44m▄[48;2;2;43;46m[38;2;0;35;35m▂[48;2;0;37;36m[38;2;0;34;34m▄[48;2;0;37;34m[38;2;0;40;38m▗[48;2;2;45;48m[38;2;0;41;41m▊[48;2;5;49;58m[38;2;0;0;0m [48;2;8;51;62m[38;2;6;50;58m▄[48;2;1;37;40m[38;2;1;45;51m▎[48;2;0;36;35m[38;2;0;37;35m▄[48;2;0;37;35m[38;2;0;38;36m▄[48;2;0;38;36m[38;2;0;43;42m▂[48;2;1;43;43m[38;2;0;0;0m [48;2;2;46;50m[38;2;4;55;62m▂[48;2;8;55;70m[38;2;0;0;0m [48;2;9;56;71m[38;2;8;52;58m▁[48;2;1;53;57m[38;2;5;54;69m▘[48;2;1;61;60m[38;2;1;49;49m╺[48;2;0;64;62m[38;2;2;51;50m▘[48;2;0;65;64m[38;2;0;0;0m [48;2;0;64;65m[38;2;0;66;65m▘[48;2;0;64;65m[38;2;0;66;66m▄[48;2;0;64;64m[38;2;1;69;67m▄[48;2;1;68;66m[38;2;0;0;0m [48;2;1;68;65m[38;2;1;68;67m▄[48;2;1;64;63m[38;2;0;69;67m▃[48;2;0;63;63m[38;2;0;66;66m▇[48;2;0;65;64m[38;2;0;66;65m▄[48;2;1;64;64m[38;2;0;64;65m▄[48;2;0;56;57m[38;2;1;63;64m▎[48;2;0;60;61m[38;2;0;62;64m▇[48;2;0;63;63m[38;2;0;0;0m [48;2;1;55;56m[38;2;0;59;60m▌[48;2;0;52;51m[38;2;0;55;56m▆[48;2;0;56;59m[38;2;1;60;60m▂[48;2;2;59;63m[38;2;1;58;60m⎺[48;2;1;56;63m[38;2;0;60;64m▊[48;2;1;51;57m[38;2;1;53;61m▊[48;2;2;49;54m[38;2;0;0;0m [48;2;0;45;47m[38;2;0;45;47m▄[48;2;0;46;47m[38;2;0;47;49m▗[48;2;1;50;53m[38;2;3;56;65m▗[48;2;4;59;74m[38;2;0;0;0m [48;2;3;64;78m[38;2;0;0;0m [48;2;1;62;72m[38;2;3;64;76m▘[48;2;1;62;73m[38;2;8;64;77m▁[48;2;1;61;69m[38;2;2;65;79m▂[48;2;45;138;203m[38;2;6;72;96m▌[48;2;52;154;227m[38;2;53;154;220m▘[48;2;45;141;217m[38;2;52;152;225m▊[48;2;44;138;209m[38;2;25;113;175m━[48;2;22;107;166m[38;2;51;146;226m▅[48;2;2;70;98m[38;2;41;125;193m▌[48;2;7;72;100m[38;2;0;67;86m┃[48;2;0;68;95m[38;2;5;76;110m▊[48;2;0;55;64m[38;2;4;67;87m▎[48;2;45;130;194m[38;2;8;69;94m▎[48;2;43;134;201m[38;2;46;132;193m━[48;2;44;130;193m[38;2;44;133;202m▃[48;2;40;126;182m[38;2;0;0;0m [48;2;1;59;74m[38;2;0;0;0m [48;2;16;82;116m[38;2;39;117;152m╵[48;2;45;136;213m[38;2;45;135;208m▄[48;2;43;136;216m[38;2;46;141;212m▄[48;2;42;133;210m[38;2;46;145;215m▄[48;2;0;61;86m[38;2;40;130;201m▊[48;2;1;63;82m[38;2;1;62;81m▄[48;2;1;58;74m[38;2;1;63;82m▌[48;2;10;77;116m[38;2;0;57;69m▊[48;2;2;65;88m[38;2;17;104;174m▘[48;2;0;57;71m[38;2;1;56;65m▘[48;2;18;114;188m[38;2;1;62;86m▊[48;2;28;128;222m[38;2;35;132;226m▄[0m
[48;2;1;35;35m[38;2;0;32;29m▌[48;2;0;39;39m[38;2;1;41;41m▝[48;2;0;40;38m[38;2;0;37;35m▆[48;2;0;39;36m[38;2;0;39;36m▄[48;2;0;38;35m[38;2;1;36;33m▄[48;2;0;35;34m[38;2;0;39;37m▂[48;2;1;39;38m[38;2;1;39;41m▄[48;2;0;41;43m[38;2;0;38;37m▂[48;2;0;35;33m[38;2;2;41;42m▘[48;2;0;35;34m[38;2;0;35;35m▄[48;2;1;39;38m[38;2;0;0;0m [48;2;1;42;42m[38;2;0;0;0m [48;2;4;48;55m[38;2;12;49;58m─[48;2;2;51;62m[38;2;14;51;65m▖[48;2;0;42;45m[38;2;1;48;54m▊[48;2;1;37;39m[38;2;0;0;0m [48;2;1;38;36m[38;2;0;36;36m▄[48;2;1;38;38m[38;2;0;42;43m▃[48;2;0;42;42m[38;2;0;0;0m [48;2;6;52;61m[38;2;1;47;49m▊[48;2;3;53;61m[38;2;7;54;64m⎽[48;2;4;50;58m[38;2;0;43;45m▄[48;2;1;44;44m[38;2;4;57;56m▗[48;2;2;65;64m[38;2;0;0;0m [48;2;1;67;67m[38;2;1;63;62m▘[48;2;1;65;65m[38;2;0;0;0m [48;2;1;70;68m[38;2;0;66;66m▘[48;2;0;70;68m[38;2;0;70;67m▄[48;2;0;67;68m[38;2;0;69;69m▌[48;2;1;69;68m[38;2;0;72;69m▝[48;2;0;68;67m[38;2;0;72;69m▘[48;2;1;69;70m[38;2;0;0;0m [48;2;0;69;69m[38;2;0;67;66m⎽[48;2;1;66;70m[38;2;0;65;70m▄[48;2;0;65;67m[38;2;0;67;71m▄[48;2;1;63;67m[38;2;0;66;71m▇[48;2;1;61;62m[38;2;0;63;66m▌[48;2;1;65;68m[38;2;0;0;0m [48;2;1;66;68m[38;2;0;0;0m [48;2;2;58;59m[38;2;0;62;64m▌[48;2;1;60;60m[38;2;0;0;0m [48;2;0;60;62m[38;2;3;61;65m▆[48;2;1;63;69m[38;2;1;62;66m▎[48;2;2;55;61m[38;2;0;60;64m▌[48;2;2;52;59m[38;2;0;0;0m [48;2;0;50;55m[38;2;0;0;0m [48;2;0;47;51m[38;2;0;49;54m▂[48;2;0;49;54m[38;2;2;56;64m▗[48;2;1;63;77m[38;2;2;55;67m▘[48;2;5;65;79m[38;2;0;0;0m [48;2;5;64;75m[38;2;0;0;0m [48;2;2;65;76m[38;2;0;0;0m [48;2;3;64;74m[38;2;0;0;0m [48;2;3;68;84m[38;2;2;65;78m▊[48;2;37;131;197m[38;2;6;75;99m▊[48;2;54;156;229m[38;2;54;153;231m▄[48;2;51;148;221m[38;2;55;153;233m▄[48;2;52;149;223m[38;2;55;153;234m▄[48;2;52;151;230m[38;2;53;153;234m▄[48;2;3;78;115m[38;2;39;126;200m▎[48;2;1;71;96m[38;2;0;0;0m [48;2;2;69;99m[38;2;2;76;109m▌[48;2;1;57;67m[38;2;1;66;85m▎[48;2;49;137;198m[38;2;7;67;91m▎[48;2;45;136;207m[38;2;46;139;205m▄[48;2;45;136;210m[38;2;47;134;200m╵[48;2;4;67;90m[38;2;39;118;183m▌[48;2;6;66;86m[38;2;0;0;0m [48;2;36;117;179m[38;2;24;102;160m╏[48;2;38;135;208m[38;2;43;134;208m▊[48;2;45;138;215m[38;2;39;132;210m▃[48;2;45;142;218m[38;2;44;138;219m▄[48;2;3;71;100m[38;2;38;131;207m▌[48;2;0;61;82m[38;2;2;60;78m▌[48;2;0;63;82m[38;2;0;63;82m▄[48;2;1;58;72m[38;2;3;61;78m▖[48;2;1;59;73m[38;2;0;0;0m [48;2;0;58;71m[38;2;1;59;74m▄[48;2;35;132;223m[38;2;3;69;106m▌[48;2;37;140;233m[38;2;36;138;227m▘[0m
[48;2;0;32;31m[38;2;0;32;30m▄[48;2;0;36;34m[38;2;0;35;33m▄[48;2;0;36;34m[38;2;0;0;0m [48;2;0;37;34m[38;2;0;38;37m▄[48;2;0;34;33m[38;2;0;39;39m▇[48;2;0;40;41m[38;2;1;42;44m╴[48;2;0;39;39m[38;2;0;36;35m▂[48;2;0;36;34m[38;2;6;39;36m╴[48;2;0;35;33m[38;2;1;37;34m▄[48;2;1;38;36m[38;2;1;44;42m▗[48;2;1;44;44m[38;2;0;0;0m [48;2;0;45;48m[38;2;2;47;50m▄[48;2;1;48;54m[38;2;0;0;0m [48;2;2;49;56m[38;2;2;44;45m▗[48;2;0;38;37m[38;2;3;46;50m▘[48;2;0;37;37m[38;2;0;37;37m▄[48;2;0;39;39m[38;2;1;46;44m▂[48;2;1;43;42m[38;2;1;48;47m▗[48;2;0;47;50m[38;2;3;52;60m▗[48;2;3;51;59m[38;2;11;55;66m╴[48;2;0;43;44m[38;2;6;52;57m▘[48;2;1;48;47m[38;2;4;64;60m▃[48;2;0;56;55m[38;2;2;68;68m▆[48;2;1;74;69m[38;2;0;74;72m▄[48;2;0;67;67m[38;2;0;70;70m▊[48;2;0;70;69m[38;2;2;66;70m▌[48;2;0;71;71m[38;2;0;0;0m [48;2;0;69;69m[38;2;0;0;0m [48;2;0;70;70m[38;2;0;69;71m▄[48;2;0;75;72m[38;2;0;70;70m▊[48;2;1;76;70m[38;2;0;75;72m▄[48;2;0;72;70m[38;2;1;71;75m┏[48;2;1;68;70m[38;2;2;74;73m▂[48;2;1;67;71m[38;2;0;74;74m▂[48;2;0;68;71m[38;2;0;72;75m▄[48;2;1;68;72m[38;2;0;0;0m [48;2;2;67;71m[38;2;1;63;65m▊[48;2;0;66;70m[38;2;0;0;0m [48;2;1;65;71m[38;2;0;0;0m [48;2;2;61;63m[38;2;1;61;65m▄[48;2;0;62;66m[38;2;1;63;69m▃[48;2;1;65;69m[38;2;0;0;0m [48;2;0;64;70m[38;2;0;0;0m [48;2;0;55;63m[38;2;1;60;66m▌[48;2;1;53;62m[38;2;0;0;0m [48;2;0;51;57m[38;2;1;52;60m▅[48;2;0;52;57m[38;2;0;0;0m [48;2;3;59;70m[38;2;3;65;83m▗[48;2;6;65;82m[38;2;3;67;84m▄[48;2;10;66;81m[38;2;1;67;81m▆[48;2;3;66;80m[38;2;0;0;0m [48;2;4;70;90m[38;2;12;81;115m▗[48;2;14;83;117m[38;2;48;138;190m▗[48;2;6;73;94m[38;2;43;133;201m▖[48;2;2;69;87m[38;2;0;0;0m [48;2;49;145;219m[38;2;11;88;129m▎[48;2;56;159;236m[38;2;58;157;239m▄[48;2;54;154;237m[38;2;56;156;238m▄[48;2;52;153;238m[38;2;54;149;235m▄[48;2;0;73;105m[38;2;37;118;190m▎[48;2;1;73;97m[38;2;1;72;103m▌[48;2;2;70;98m[38;2;3;74;109m│[48;2;4;67;87m[38;2;0;0;0m [48;2;48;138;206m[38;2;0;0;0m [48;2;52;138;207m[38;2;51;142;211m▄[48;2;47;136;198m[38;2;0;0;0m [48;2;3;67;85m[38;2;0;0;0m [48;2;32;113;171m[38;2;7;69;91m▌[48;2;40;133;204m[38;2;0;0;0m [48;2;39;135;214m[38;2;44;136;215m▄[48;2;39;136;217m[38;2;38;137;221m▄[48;2;39;137;219m[38;2;0;0;0m [48;2;3;71;102m[38;2;0;0;0m [48;2;0;61;81m[38;2;1;65;93m▖[48;2;0;62;85m[38;2;1;63;84m▄[48;2;0;59;75m[38;2;0;62;84m▌[48;2;0;59;74m[38;2;0;0;0m [48;2;1;60;80m[38;2;0;0;0m [48;2;38;140;234m[38;2;16;90;147m▎[48;2;39;140;239m[38;2;40;137;234m┃[0m
[48;2;0;32;30m[38;2;0;36;32m▗[48;2;0;35;33m[38;2;0;34;32m▄[48;2;0;37;37m[38;2;1;33;33m┛[48;2;1;40;38m[38;2;1;40;38m▄[48;2;0;39;39m[38;2;0;39;38m▄[48;2;0;39;39m[38;2;0;36;34m▅[48;2;0;35;33m[38;2;0;35;33m▄[48;2;0;35;34m[38;2;1;37;34m▄[48;2;0;37;35m[38;2;2;42;42m▗[48;2;1;41;42m[38;2;2;45;49m▅[48;2;2;46;49m[38;2;2;48;53m▆[48;2;2;47;53m[38;2;0;0;0m [48;2;3;46;50m[38;2;0;0;0m [48;2;0;39;39m[38;2;4;46;51m▘[48;2;0;37;36m[38;2;0;41;38m▗[48;2;0;38;39m[38;2;0;46;45m▄[48;2;0;45;47m[38;2;0;42;42m▘[48;2;3;49;52m[38;2;0;0;0m [48;2;3;53;66m[38;2;0;0;0m [48;2;1;45;45m[38;2;9;53;68m▘[48;2;3;61;56m[38;2;0;39;38m▘[48;2;2;67;65m[38;2;3;56;56m┛[48;2;1;72;72m[38;2;0;0;0m [48;2;0;71;72m[38;2;1;74;74m▄[48;2;0;71;70m[38;2;0;78;76m▄[48;2;0;71;69m[38;2;0;77;73m▆[48;2;1;69;73m[38;2;0;0;0m [48;2;0;71;73m[38;2;0;78;75m▗[48;2;1;72;72m[38;2;0;75;74m▆[48;2;0;70;70m[38;2;1;77;75m▆[48;2;0;70;72m[38;2;2;76;77m╸[48;2;0;75;74m[38;2;1;75;75m▄[48;2;0;79;76m[38;2;1;82;76m▝[48;2;1;79;78m[38;2;0;78;76m▄[48;2;2;69;75m[38;2;0;0;0m [48;2;4;72;75m[38;2;20;75;77m⎽[48;2;8;68;74m[38;2;28;70;77m▄[48;2;5;69;74m[38;2;31;73;80m▄[48;2;3;67;75m[38;2;30;71;77m▃[48;2;0;62;67m[38;2;1;64;69m▆[48;2;1;64;72m[38;2;0;0;0m [48;2;0;66;71m[38;2;0;66;74m▄[48;2;0;63;71m[38;2;1;65;71m▘[48;2;0;55;63m[38;2;1;59;67m▎[48;2;1;53;63m[38;2;0;0;0m [48;2;0;54;62m[38;2;1;58;65m▄[48;2;2;63;75m[38;2;2;56;67m▌[48;2;6;68;83m[38;2;5;68;82m▄[48;2;2;68;82m[38;2;0;0;0m [48;2;2;67;81m[38;2;0;0;0m [48;2;4;77;101m[38;2;1;70;85m▌[48;2;4;83;122m[38;2;1;77;103m▊[48;2;60;158;232m[38;2;47;131;188m▎[48;2;53;149;220m[38;2;16;93;130m▝[48;2;1;70;85m[38;2;0;72;92m▎[48;2;53;147;227m[38;2;8;77;105m▊[48;2;59;160;243m[38;2;60;160;246m▄[48;2;53;151;236m[38;2;36;133;208m▗[48;2;58;158;245m[38;2;51;149;231m▎[48;2;0;72;97m[38;2;37;122;190m▎[48;2;4;77;110m[38;2;7;84;124m┏[48;2;6;73;103m[38;2;13;87;133m▌[48;2;12;81;124m[38;2;0;67;86m▊[48;2;53;150;228m[38;2;54;154;240m▄[48;2;54;148;224m[38;2;53;152;239m▃[48;2;4;64;85m[38;2;47;133;192m▊[48;2;1;62;78m[38;2;0;63;82m▄[48;2;43;128;188m[38;2;27;99;141m▌[48;2;46;139;212m[38;2;49;140;212m▄[48;2;46;141;221m[38;2;47;138;213m▌[48;2;44;137;221m[38;2;45;141;221m┓[48;2;2;71;108m[38;2;41;131;206m▊[48;2;1;63;88m[38;2;0;63;93m▗[48;2;1;62;87m[38;2;1;67;100m▌[48;2;1;65;89m[38;2;0;65;91m▊[48;2;0;61;80m[38;2;0;62;85m▎[48;2;0;60;78m[38;2;0;61;79m▄[48;2;20;95;160m[38;2;0;61;83m▊[48;2;43;143;240m[38;2;0;0;0m [48;2;41;143;245m[38;2;42;139;242m▄[0m
[48;2;0;34;31m[38;2;0;0;0m [48;2;0;35;33m[38;2;1;37;36m▄[48;2;0;38;38m[38;2;0;40;38m▊[48;2;0;39;38m[38;2;0;35;34m▃[48;2;0;37;35m[38;2;0;38;36m▄[48;2;0;36;34m[38;2;0;36;34m▄[48;2;0;36;34m[38;2;0;38;39m▁[48;2;0;39;39m[38;2;1;45;48m▗[48;2;2;45;48m[38;2;1;48;54m▗[48;2;3;49;53m[38;2;2;50;54m▄[48;2;1;49;53m[38;2;2;46;52m▄[48;2;1;46;51m[38;2;0;45;46m▗[48;2;0;44;45m[38;2;0;38;38m▗[48;2;0;37;37m[38;2;1;42;40m━[48;2;0;42;43m[38;2;0;42;42m▄[48;2;0;44;44m[38;2;0;0;0m [48;2;1;51;59m[38;2;1;48;51m▌[48;2;3;54;66m[38;2;8;55;66m╵[48;2;1;47;50m[38;2;1;55;68m▘[48;2;4;70;65m[38;2;1;48;46m▚[48;2;4;69;67m[38;2;2;55;52m▘[48;2;0;72;72m[38;2;1;79;74m▂[48;2;1;71;74m[38;2;2;79;77m▗[48;2;0;80;75m[38;2;0;79;76m▄[48;2;1;76;75m[38;2;0;0;0m [48;2;0;74;78m[38;2;6;77;86m⎼[48;2;1;69;77m[38;2;0;74;81m▄[48;2;1;76;77m[38;2;0;0;0m [48;2;0;79;76m[38;2;1;77;79m▄[48;2;0;75;77m[38;2;0;79;79m▂[48;2;1;73;78m[38;2;1;83;80m▂[48;2;1;80;78m[38;2;0;74;78m▊[48;2;0;80;79m[38;2;1;84;82m▁[48;2;0;78;80m[38;2;1;85;81m▃[48;2;6;82;81m[38;2;19;83;84m╺[48;2;42;81;83m[38;2;22;84;84m▎[48;2;129;85;86m[38;2;54;77;80m▊[48;2;51;75;82m[38;2;48;77;82m▄[48;2;31;73;81m[38;2;0;0;0m [48;2;22;69;76m[38;2;36;72;78m▅[48;2;8;70;75m[38;2;21;73;82m▃[48;2;2;67;77m[38;2;10;69;82m⎼[48;2;1;65;72m[38;2;0;66;74m▄[48;2;0;56;65m[38;2;0;58;69m▄[48;2;1;56;68m[38;2;0;0;0m [48;2;1;61;69m[38;2;2;63;75m▃[48;2;3;65;77m[38;2;0;0;0m [48;2;3;68;83m[38;2;0;0;0m [48;2;2;69;83m[38;2;0;0;0m [48;2;1;70;87m[38;2;4;77;102m▁[48;2;2;80;106m[38;2;7;85;119m┏[48;2;2;80;109m[38;2;1;80;111m▄[48;2;15;100;154m[38;2;53;147;222m┗[48;2;51;152;228m[38;2;11;92;135m▄[48;2;3;73;95m[38;2;0;0;0m [48;2;4;74;99m[38;2;0;0;0m [48;2;57;156;241m[38;2;0;0;0m [48;2;52;148;235m[38;2;58;156;248m▆[48;2;57;158;245m[38;2;60;159;250m▄[48;2;10;88;132m[38;2;56;149;227m▎[48;2;8;87;132m[38;2;6;82;124m▌[48;2;8;75;108m[38;2;6;85;124m▌[48;2;1;68;88m[38;2;2;68;91m▄[48;2;53;156;248m[38;2;27;103;157m▎[48;2;54;153;242m[38;2;0;0;0m [48;2;2;67;90m[38;2;35;113;175m▎[48;2;1;65;91m[38;2;2;65;82m▌[48;2;53;145;219m[38;2;34;110;168m▊[48;2;50;144;218m[38;2;52;147;227m▃[48;2;49;145;219m[38;2;49;145;231m▄[48;2;46;139;219m[38;2;49;145;226m▇[48;2;4;70;105m[38;2;33;118;184m▎[48;2;0;66;98m[38;2;0;65;92m▊[48;2;1;67;103m[38;2;23;83;126m╵[48;2;1;66;95m[38;2;2;68;103m▃[48;2;1;61;88m[38;2;1;62;90m▄[48;2;1;61;85m[38;2;0;0;0m [48;2;43;140;237m[38;2;5;71;112m▊[48;2;43;140;246m[38;2;0;0;0m [48;2;47;138;246m[38;2;43;139;246m▄[0m
[48;2;0;34;34m[38;2;2;38;39m▁[48;2;0;40;40m[38;2;0;0;0m [48;2;0;38;38m[38;2;0;38;36m▄[48;2;0;35;34m[38;2;0;39;38m▗[48;2;0;38;37m[38;2;0;36;34m▗[48;2;0;34;35m[38;2;0;36;35m▄[48;2;0;44;45m[38;2;0;38;38m▌[48;2;2;49;52m[38;2;0;41;41m▃[48;2;3;49;53m[38;2;1;42;42m▃[48;2;2;48;53m[38;2;0;41;42m▅[48;2;0;43;46m[38;2;0;41;41m▄[48;2;0;42;45m[38;2;0;39;40m▄[48;2;0;38;37m[38;2;0;37;37m▄[48;2;0;40;41m[38;2;1;37;37m▊[48;2;0;43;44m[38;2;0;46;46m▁[48;2;1;52;61m[38;2;1;45;47m▘[48;2;2;54;66m[38;2;10;56;69m⎽[48;2;4;51;60m[38;2;0;0;0m [48;2;6;69;71m[38;2;1;54;55m▚[48;2;3;68;74m[38;2;2;60;61m▘[48;2;0;71;76m[38;2;0;76;78m▝[48;2;3;82;80m[38;2;0;0;0m [48;2;1;80;76m[38;2;2;86;81m▅[48;2;0;80;77m[38;2;2;85;81m▖[48;2;1;74;77m[38;2;0;77;82m▄[48;2;0;76;81m[38;2;0;67;77m▝[48;2;0;75;82m[38;2;6;79;90m╴[48;2;1;78;84m[38;2;0;76;80m▅[48;2;0;78;81m[38;2;0;73;81m▂[48;2;1;76;83m[38;2;0;0;0m [48;2;0;82;82m[38;2;0;77;79m▌[48;2;1;80;81m[38;2;1;83;83m▄[48;2;22;91;89m[38;2;4;87;85m▊[48;2;35;93;88m[38;2;0;0;0m [48;2;8;85;86m[38;2;0;0;0m [48;2;23;86;88m[38;2;57;81;82m▝[48;2;228;97;91m[38;2;74;79;81m▊[48;2;34;77;87m[38;2;135;84;82m▎[48;2;48;77;85m[38;2;0;0;0m [48;2;56;78;83m[38;2;0;0;0m [48;2;27;72;85m[38;2;10;73;84m▆[48;2;6;72;81m[38;2;18;73;86m╵[48;2;2;68;78m[38;2;0;0;0m [48;2;2;62;72m[38;2;1;67;79m▃[48;2;1;63;75m[38;2;0;69;82m▂[48;2;0;66;79m[38;2;0;69;82m▅[48;2;2;70;84m[38;2;0;69;80m▊[48;2;2;70;85m[38;2;11;70;88m━[48;2;3;70;85m[38;2;0;0;0m [48;2;4;84;121m[38;2;2;72;93m▌[48;2;2;86;122m[38;2;13;93;136m╏[48;2;2;80;111m[38;2;0;83;120m▌[48;2;47;137;207m[38;2;7;83;119m▊[48;2;10;79;105m[38;2;52;146;226m▎[48;2;4;72;95m[38;2;0;68;85m▌[48;2;2;72;94m[38;2;1;74;97m▁[48;2;59;160;246m[38;2;18;91;134m▎[48;2;60;160;248m[38;2;0;0;0m [48;2;59;160;251m[38;2;63;159;243m▁[48;2;7;92;140m[38;2;52;146;232m▌[48;2;17;94;143m[38;2;20;97;148m▄[48;2;1;78;116m[38;2;11;88;135m▖[48;2;0;70;94m[38;2;1;73;107m▎[48;2;5;78;115m[38;2;0;0;0m [48;2;43;125;200m[38;2;9;81;125m▆[48;2;2;68;94m[38;2;1;72;103m▎[48;2;5;71;109m[38;2;1;68;96m┃[48;2;48;132;205m[38;2;27;103;169m│[48;2;51;147;236m[38;2;51;147;237m▄[48;2;51;143;228m[38;2;51;145;238m▊[48;2;16;91;141m[38;2;46;135;208m▌[48;2;3;67;98m[38;2;2;68;103m▄[48;2;7;73;112m[38;2;0;0;0m [48;2;12;81;132m[38;2;42;126;198m▌[48;2;2;69;109m[38;2;2;70;113m┏[48;2;0;64;96m[38;2;0;62;92m┣[48;2;0;63;90m[38;2;0;0;0m [48;2;42;133;234m[38;2;2;67;110m▌[48;2;43;140;248m[38;2;46;141;248m▄[48;2;45;139;246m[38;2;0;0;0m [0m
[48;2;1;41;40m[38;2;0;0;0m [48;2;1;39;39m[38;2;0;0;0m [48;2;0;36;36m[38;2;0;0;0m [48;2;1;39;39m[38;2;1;42;44m┏[48;2;0;37;36m[38;2;0;36;36m▄[48;2;0;37;35m[38;2;0;36;35m▄[48;2;0;36;35m[38;2;0;41;41m▁[48;2;0;35;35m[38;2;1;42;44m▃[48;2;0;38;39m[38;2;0;41;42m▄[48;2;0;40;41m[38;2;0;42;43m▂[48;2;0;40;40m[38;2;0;42;42m━[48;2;0;38;37m[38;2;0;40;42m▃[48;2;0;38;38m[38;2;0;42;44m▃[48;2;0;40;41m[38;2;0;46;48m▅[48;2;1;48;52m[38;2;2;51;61m▄[48;2;3;55;69m[38;2;13;56;76m▁[48;2;6;54;67m[38;2;0;50;56m▗[48;2;1;54;56m[38;2;8;64;69m▖[48;2;2;73;81m[38;2;3;61;64m▌[48;2;2;79;87m[38;2;0;0;0m [48;2;1;83;89m[38;2;27;101;119m╹[48;2;1;84;88m[38;2;28;104;116m╵[48;2;1;86;86m[38;2;15;96;106m▁[48;2;0;86;81m[38;2;2;83;90m▁[48;2;1;74;82m[38;2;1;81;84m▘[48;2;1;76;85m[38;2;0;0;0m [48;2;2;80;96m[38;2;0;0;0m [48;2;0;79;88m[38;2;1;79;96m▂[48;2;2;82;89m[38;2;0;0;0m [48;2;0;80;85m[38;2;3;81;91m▂[48;2;5;82;89m[38;2;0;0;0m [48;2;1;80;91m[38;2;0;0;0m [48;2;8;78;89m[38;2;29;81;96m▁[48;2;104;84;83m[38;2;33;82;93m▊[48;2;47;83;91m[38;2;153;111;102m▎[48;2;48;84;89m[38;2;178;114;106m▁[48;2;233;130;114m[38;2;92;87;86m▎[48;2;115;85;86m[38;2;237;152;133m▅[48;2;107;84;85m[38;2;250;156;133m▁[48;2;71;78;87m[38;2;238;122;103m▎[48;2;19;75;88m[38;2;28;76;90m▄[48;2;10;75;86m[38;2;29;76;91m▅[48;2;6;72;87m[38;2;15;75;90m▖[48;2;1;70;83m[38;2;3;73;89m▃[48;2;1;70;86m[38;2;0;72;87m▄[48;2;2;71;88m[38;2;0;0;0m [48;2;2;72;87m[38;2;0;0;0m [48;2;3;71;89m[38;2;0;0;0m [48;2;1;71;88m[38;2;2;72;90m⎻[48;2;39;125;182m[38;2;5;79;102m▊[48;2;4;89;131m[38;2;40;130;190m▎[48;2;3;82;115m[38;2;6;84;128m▖[48;2;1;77;104m[38;2;0;80;111m▎[48;2;7;81;114m[38;2;42;126;185m▘[48;2;3;74;96m[38;2;1;76;102m▝[48;2;1;71;92m[38;2;0;74;100m▘[48;2;31;118;179m[38;2;1;72;97m▆[48;2;54;150;236m[38;2;12;92;139m▌[48;2;61;155;227m[38;2;61;163;250m▖[48;2;9;89;139m[38;2;61;152;223m▌[48;2;11;95;147m[38;2;11;96;147m▄[48;2;6;82;123m[38;2;18;93;145m▌[48;2;0;72;105m[38;2;3;78;114m▌[48;2;3;77;118m[38;2;1;73;105m▊[48;2;2;73;108m[38;2;2;77;118m▊[48;2;0;70;102m[38;2;1;69;95m▘[48;2;26;97;156m[38;2;0;68;102m▊[48;2;34;117;183m[38;2;46;136;218m▅[48;2;54;148;241m[38;2;52;147;237m▄[48;2;50;143;232m[38;2;12;87;145m▗[48;2;2;71;112m[38;2;0;0;0m [48;2;0;67;106m[38;2;3;72;117m▁[48;2;47;136;216m[38;2;10;79;128m▘[48;2;0;72;123m[38;2;44;136;219m▊[48;2;2;69;114m[38;2;2;70;117m▊[48;2;0;64;96m[38;2;1;65;103m▅[48;2;0;64;96m[38;2;1;63;101m▅[48;2;39;128;226m[38;2;0;65;109m▎[48;2;44;141;245m[38;2;45;140;247m▄[48;2;12;90;161m[38;2;41;135;240m▊[0m
[48;2;0;40;40m[38;2;0;42;41m╴[48;2;0;38;39m[38;2;0;43;49m▗[48;2;3;44;51m[38;2;0;0;0m [48;2;0;35;36m[38;2;0;42;49m▘[48;2;0;35;35m[38;2;0;36;38m▖[48;2;0;40;40m[38;2;2;46;47m▂[48;2;0;44;45m[38;2;0;45;47m┗[48;2;1;44;47m[38;2;0;44;44m▄[48;2;0;43;44m[38;2;1;40;40m▄[48;2;0;40;41m[38;2;0;43;44m┻[48;2;1;43;43m[38;2;0;0;0m [48;2;0;42;44m[38;2;0;44;49m▗[48;2;2;48;54m[38;2;0;42;45m▘[48;2;2;48;56m[38;2;2;53;65m▄[48;2;5;53;68m[38;2;5;56;74m▅[48;2;4;57;72m[38;2;0;0;0m [48;2;1;54;61m[38;2;2;54;61m▄[48;2;2;61;68m[38;2;0;0;0m [48;2;3;80;92m[38;2;0;0;0m [48;2;1;77;84m[38;2;0;0;0m [48;2;2;84;88m[38;2;0;0;0m [48;2;0;84;87m[38;2;0;0;0m [48;2;4;83;90m[38;2;0;0;0m [48;2;0;77;84m[38;2;0;82;88m▄[48;2;4;85;97m[38;2;35;114;139m╺[48;2;3;82;97m[38;2;0;0;0m [48;2;2;81;94m[38;2;7;95;120m▁[48;2;2;92;105m[38;2;30;136;166m╺[48;2;4;89;108m[38;2;24;112;153m▘[48;2;10;89;109m[38;2;2;83;98m▊[48;2;8;86;107m[38;2;30;126;158m━[48;2;5;83;101m[38;2;0;0;0m [48;2;41;85;100m[38;2;30;93;111m▄[48;2;91;83;87m[38;2;58;91;101m▊[48;2;206;96;91m[38;2;0;0;0m [48;2;211;128;105m[38;2;66;75;82m▅[48;2;197;147;140m[38;2;60;54;59m▆[48;2;252;222;193m[38;2;66;67;71m▇[48;2;226;156;126m[38;2;85;78;86m▆[48;2;178;97;91m[38;2;197;98;94m▄[48;2;67;80;92m[38;2;0;0;0m [48;2;35;78;94m[38;2;43;80;95m▊[48;2;10;76;91m[38;2;24;79;96m▌[48;2;2;74;88m[38;2;0;0;0m [48;2;0;72;87m[38;2;0;73;92m▗[48;2;1;72;93m[38;2;0;0;0m [48;2;0;73;87m[38;2;1;73;91m▅[48;2;1;72;90m[38;2;0;0;0m [48;2;4;75;103m[38;2;18;93;128m╹[48;2;18;95;135m[38;2;59;150;222m▆[48;2;42;123;185m[38;2;61;155;225m▊[48;2;1;83;121m[38;2;2;84;132m▎[48;2;1;81;111m[38;2;0;80;117m▆[48;2;2;79;115m[38;2;0;0;0m [48;2;2;73;99m[38;2;0;0;0m [48;2;1;72;96m[38;2;0;73;103m▂[48;2;1;72;93m[38;2;0;71;97m▅[48;2;48;140;215m[38;2;1;71;99m▌[48;2;62;161;253m[38;2;0;0;0m [48;2;7;85;142m[38;2;60;154;237m▌[48;2;13;95;155m[38;2;19;100;153m▄[48;2;3;83;129m[38;2;17;97;155m▎[48;2;0;74;113m[38;2;4;79;124m▌[48;2;2;78;124m[38;2;2;74;112m▎[48;2;1;71;108m[38;2;2;79;126m▌[48;2;3;71;108m[38;2;2;71;116m▗[48;2;54;138;213m[38;2;5;75;120m▊[48;2;46;132;212m[38;2;20;89;151m╸[48;2;50;141;228m[38;2;0;0;0m [48;2;7;80;133m[38;2;0;0;0m [48;2;1;68;113m[38;2;0;70;115m▄[48;2;51;138;215m[38;2;13;84;136m▊[48;2;53;143;230m[38;2;51;143;227m▄[48;2;0;80;140m[38;2;45;134;220m▊[48;2;1;72;117m[38;2;2;74;124m▆[48;2;1;67;105m[38;2;2;69;112m▖[48;2;1;67;106m[38;2;0;0;0m [48;2;47;141;241m[38;2;6;73;129m▎[48;2;47;143;247m[38;2;47;141;239m╵[48;2;5;75;131m[38;2;36;125;221m▘[0m
[48;2;1;42;44m[38;2;3;47;51m▁[48;2;2;47;54m[38;2;0;0;0m [48;2;1;37;38m[38;2;2;45;51m▘[48;2;0;34;34m[38;2;0;35;36m▄[48;2;0;38;39m[38;2;2;46;50m▗[48;2;0;47;51m[38;2;0;45;47m▘[48;2;1;45;48m[38;2;0;43;43m▄[48;2;0;40;41m[38;2;0;42;44m▊[48;2;1;39;40m[38;2;0;40;40m▄[48;2;0;42;46m[38;2;0;42;43m▚[48;2;0;43;46m[38;2;0;45;47m▄[48;2;3;51;60m[38;2;0;46;49m▘[48;2;2;53;65m[38;2;12;54;73m╵[48;2;3;56;74m[38;2;20;59;81m╶[48;2;5;58;81m[38;2;13;60;85m╏[48;2;1;56;70m[38;2;2;58;75m▌[48;2;33;105;142m[38;2;9;66;85m▌[48;2;4;79;104m[38;2;35;118;167m▘[48;2;6;86;106m[38;2;0;0;0m [48;2;5;87;107m[38;2;39;140;195m▁[48;2;2;80;93m[38;2;0;0;0m [48;2;0;78;89m[38;2;1;84;98m▃[48;2;0;79;87m[38;2;0;82;87m▄[48;2;0;84;88m[38;2;1;83;90m▄[48;2;1;88;90m[38;2;1;83;91m▝[48;2;1;89;96m[38;2;0;83;92m▄[48;2;1;83;97m[38;2;0;84;103m▄[48;2;1;90;113m[38;2;0;0;0m [48;2;6;101;116m[38;2;0;0;0m [48;2;1;93;105m[38;2;0;0;0m [48;2;6;86;106m[38;2;2;86;100m▄[48;2;27;90;114m[38;2;11;84;108m▄[48;2;37;92;112m[38;2;23;91;115m▃[48;2;25;91;112m[38;2;50;94;107m▝[48;2;91;90;94m[38;2;26;83;99m▇[48;2;31;16;15m[38;2;45;55;54m▘[48;2;26;9;11m[38;2;19;11;7m▄[48;2;32;28;30m[38;2;18;8;12m▅[48;2;45;51;57m[38;2;17;20;30m▖[48;2;50;77;95m[38;2;51;65;74m▎[48;2;48;81;100m[38;2;0;0;0m [48;2;37;82;100m[38;2;23;82;102m▃[48;2;16;77;98m[38;2;9;78;101m▄[48;2;1;74;94m[38;2;6;79;103m⎼[48;2;1;75;94m[38;2;0;74;98m▃[48;2;3;74;95m[38;2;0;0;0m [48;2;2;74;94m[38;2;0;75;101m╵[48;2;1;74;96m[38;2;4;78;113m▗[48;2;67;164;238m[38;2;20;98;138m▊[48;2;63;159;242m[38;2;19;101;159m▄[48;2;58;150;225m[38;2;4;81;133m▃[48;2;6;86;126m[38;2;0;0;0m [48;2;2;82;122m[38;2;3;83;124m▄[48;2;2;81;117m[38;2;2;81;122m▄[48;2;1;76;105m[38;2;0;80;114m▖[48;2;0;75;103m[38;2;1;75;106m▄[48;2;1;74;102m[38;2;0;0;0m [48;2;63;163;244m[38;2;11;85;124m▊[48;2;62;161;248m[38;2;63;156;241m▅[48;2;13;92;156m[38;2;57;149;227m▊[48;2;20;98;158m[38;2;23;101;163m▄[48;2;4;86;133m[38;2;20;97;151m▎[48;2;5;85;134m[38;2;0;78;123m▝[48;2;5;80;127m[38;2;3;84;133m▆[48;2;0;73;113m[38;2;1;78;125m▌[48;2;2;75;118m[38;2;1;72;112m▊[48;2;1;74;123m[38;2;15;85;146m▗[48;2;56;148;235m[38;2;30;107;181m▎[48;2;6;80;135m[38;2;46;135;214m▘[48;2;3;72;120m[38;2;3;72;123m▄[48;2;2;72;121m[38;2;0;0;0m [48;2;48;137;225m[38;2;18;91;151m▘[48;2;53;150;250m[38;2;53;145;233m▘[48;2;14;91;159m[38;2;53;146;252m▌[48;2;0;70;117m[38;2;1;75;128m▌[48;2;1;69;114m[38;2;0;0;0m [48;2;0;68;115m[38;2;0;0;0m [48;2;48;142;242m[38;2;23;98;170m▎[48;2;15;91;162m[38;2;44;134;234m▊[48;2;1;67;114m[38;2;0;0;0m [0m
[48;2;2;47;55m[38;2;1;43;47m▎[48;2;0;38;39m[38;2;0;46;52m▊[48;2;0;35;37m[38;2;0;36;36m▄[48;2;1;39;40m[38;2;1;46;51m▗[48;2;0;45;50m[38;2;1;48;55m▇[48;2;0;43;46m[38;2;2;47;52m▎[48;2;0;42;43m[38;2;0;41;41m▃[48;2;0;38;39m[38;2;0;40;41m▄[48;2;0;43;46m[38;2;0;40;43m▌[48;2;0;44;46m[38;2;1;44;46m▄[48;2;1;49;56m[38;2;0;46;49m▌[48;2;1;53;63m[38;2;0;0;0m [48;2;3;54;71m[38;2;0;0;0m [48;2;4;59;80m[38;2;9;59;82m▄[48;2;5;57;76m[38;2;15;60;85m▎[48;2;6;56;72m[38;2;10;72;98m▗[48;2;31;106;142m[38;2;2;76;105m▆[48;2;2;81;98m[38;2;0;0;0m [48;2;2;85;95m[38;2;2;85;109m▝[48;2;30;127;181m[38;2;6;86;116m▇[48;2;2;86;110m[38;2;39;133;181m▃[48;2;19;106;135m[38;2;46;142;191m▆[48;2;12;102;123m[38;2;46;141;193m▄[48;2;7;98;113m[38;2;43;143;190m▖[48;2;5;94;110m[38;2;0;0;0m [48;2;1;87;105m[38;2;45;145;197m▂[48;2;4;86;109m[38;2;36;131;184m▁[48;2;4;97;121m[38;2;0;0;0m [48;2;2;94;108m[38;2;0;0;0m [48;2;1;94;111m[38;2;0;0;0m [48;2;0;82;106m[38;2;0;0;0m [48;2;1;82;113m[38;2;23;128;179m▝[48;2;3;86;121m[38;2;33;137;189m⎺[48;2;4;84;111m[38;2;0;82;112m▄[48;2;11;18;19m[38;2;5;65;87m▌[48;2;8;3;6m[38;2;28;4;18m╶[48;2;4;3;3m[38;2;0;0;0m [48;2;11;3;5m[38;2;0;0;0m [48;2;21;14;13m[38;2;11;9;17m▄[48;2;32;67;81m[38;2;24;47;54m▊[48;2;28;81;107m[38;2;10;75;100m▆[48;2;12;82;107m[38;2;0;78;105m▆[48;2;4;79;105m[38;2;0;77;104m▄[48;2;0;75;100m[38;2;1;76;106m╸[48;2;0;74;98m[38;2;1;76;101m▄[48;2;0;74;97m[38;2;0;75;101m▗[48;2;2;76;105m[38;2;0;77;105m▄[48;2;6;85;126m[38;2;30;114;168m╵[48;2;58;154;223m[38;2;9;89;136m▌[48;2;54;149;216m[38;2;8;94;148m▂[48;2;21;99;155m[38;2;58;150;219m▇[48;2;15;97;150m[38;2;51;141;219m▖[48;2;2;85;130m[38;2;11;86;144m▖[48;2;2;82;124m[38;2;1;82;127m▄[48;2;1;80;118m[38;2;1;82;122m▌[48;2;1;77;113m[38;2;1;80;122m▃[48;2;0;75;110m[38;2;1;78;118m▃[48;2;69;159;247m[38;2;14;87;131m▊[48;2;63;155;240m[38;2;65;159;247m▆[48;2;61;156;242m[38;2;0;0;0m [48;2;24;99;162m[38;2;0;0;0m [48;2;3;88;139m[38;2;19;99;159m▎[48;2;6;87;140m[38;2;21;95;152m▗[48;2;1;85;136m[38;2;4;88;142m▖[48;2;1;76;123m[38;2;0;76;124m▄[48;2;2;75;124m[38;2;0;74;116m▘[48;2;12;87;149m[38;2;37;117;186m┃[48;2;14;93;152m[38;2;48;140;219m▘[48;2;2;75;130m[38;2;0;0;0m [48;2;1;71;122m[38;2;1;74;128m▊[48;2;13;87;148m[38;2;47;131;219m╵[48;2;57;148;250m[38;2;27;100;177m▎[48;2;54;149;253m[38;2;56;150;253m▄[48;2;8;82;148m[38;2;50;143;241m▌[48;2;1;71;125m[38;2;1;75;132m▌[48;2;1;70;121m[38;2;2;70;124m▄[48;2;6;76;134m[38;2;0;0;0m [48;2;44;135;233m[38;2;0;0;0m [48;2;6;77;137m[38;2;0;0;0m [48;2;1;70;120m[38;2;0;0;0m [0m
[48;2;0;45;50m[38;2;0;41;43m▆[48;2;0;40;42m[38;2;1;44;48m▌[48;2;0;42;44m[38;2;0;48;56m▃[48;2;1;45;50m[38;2;3;49;56m▊[48;2;1;45;51m[38;2;0;41;43m▆[48;2;0;41;42m[38;2;0;38;40m▄[48;2;0;40;40m[38;2;0;40;41m▄[48;2;0;41;42m[38;2;0;42;45m▄[48;2;0;43;45m[38;2;0;43;45m▄[48;2;0;46;51m[38;2;0;45;48m▊[48;2;1;47;51m[38;2;0;0;0m [48;2;2;52;64m[38;2;0;47;55m▎[48;2;4;56;74m[38;2;0;0;0m [48;2;13;57;81m[38;2;9;21;30m▁[48;2;4;53;66m[38;2;3;10;11m▄[48;2;8;31;38m[38;2;17;80;109m▝[48;2;12;91;122m[38;2;2;15;14m▃[48;2;5;83;102m[38;2;7;16;17m▂[48;2;3;85;101m[38;2;0;0;0m [48;2;4;93;113m[38;2;38;132;177m▗[48;2;14;107;137m[38;2;39;133;188m▂[48;2;47;143;197m[38;2;47;143;199m▄[48;2;45;143;201m[38;2;47;145;193m▘[48;2;11;107;131m[38;2;43;142;196m▄[48;2;4;101;124m[38;2;0;0;0m [48;2;40;146;191m[38;2;12;106;140m▆[48;2;12;106;145m[38;2;37;153;212m▃[48;2;3;101;128m[38;2;27;133;179m▎[48;2;1;92;117m[38;2;0;83;112m━[48;2;4;97;130m[38;2;26;138;198m▝[48;2;4;93;137m[38;2;0;0;0m [48;2;3;88;129m[38;2;19;130;197m━[48;2;0;84;123m[38;2;15;127;194m▗[48;2;6;35;48m[38;2;5;79;116m▌[48;2;3;4;8m[38;2;4;5;17m⎽[48;2;3;3;3m[38;2;0;0;0m [48;2;3;2;4m[38;2;0;0;0m [48;2;3;8;6m[38;2;0;0;0m [48;2;5;10;8m[38;2;9;20;21m▗[48;2;23;48;54m[38;2;13;19;24m▌[48;2;21;65;75m[38;2;22;43;44m▆[48;2;6;68;89m[38;2;21;40;42m▃[48;2;1;78;108m[38;2;11;63;76m▖[48;2;0;77;103m[38;2;0;79;113m▁[48;2;1;77;105m[38;2;1;79;110m▁[48;2;1;80;114m[38;2;0;77;108m▊[48;2;0;79;114m[38;2;1;83;137m▗[48;2;4;85;134m[38;2;0;0;0m [48;2;9;92;150m[38;2;40;131;201m▗[48;2;13;97;153m[38;2;60;159;233m▅[48;2;67;162;243m[38;2;61;154;228m▎[48;2;11;92;147m[38;2;58;155;238m▌[48;2;1;83;130m[38;2;6;87;137m┃[48;2;1;84;132m[38;2;0;0;0m [48;2;0;80;123m[38;2;2;86;131m▌[48;2;1;82;123m[38;2;1;81;128m▆[48;2;1;81;127m[38;2;1;82;131m▄[48;2;60;150;233m[38;2;4;84;134m▊[48;2;64;157;248m[38;2;0;0;0m [48;2;64;157;249m[38;2;0;0;0m [48;2;12;98;163m[38;2;57;147;231m▎[48;2;11;95;154m[38;2;26;104;168m▖[48;2;23;98;161m[38;2;12;93;153m▌[48;2;3;83;137m[38;2;4;85;144m▌[48;2;1;76;127m[38;2;0;79;130m▄[48;2;1;75;125m[38;2;0;78;130m▄[48;2;10;85;145m[38;2;44;118;190m╵[48;2;2;79;135m[38;2;0;0;0m [48;2;2;75;133m[38;2;0;0;0m [48;2;5;79;134m[38;2;0;0;0m [48;2;25;97;163m[38;2;34;112;187m▄[48;2;55;147;236m[38;2;58;146;233m▄[48;2;55;148;245m[38;2;57;145;232m▅[48;2;12;85;152m[38;2;52;145;233m▎[48;2;2;73;132m[38;2;0;0;0m [48;2;2;71;129m[38;2;0;0;0m [48;2;49;140;236m[38;2;11;85;151m▊[48;2;9;81;148m[38;2;44;133;234m▘[48;2;3;70;122m[38;2;5;72;129m▂[48;2;1;73;136m[38;2;10;85;158m▗[0m
[48;2;2;44;47m[38;2;1;44;48m▄[48;2;1;50;59m[38;2;0;47;51m▘[48;2;1;49;55m[38;2;0;40;43m▗[48;2;0;41;42m[38;2;0;0;0m [48;2;0;40;39m[38;2;0;39;42m▄[48;2;0;40;43m[38;2;0;42;45m▄[48;2;0;41;43m[38;2;0;40;41m▄[48;2;2;37;39m[38;2;0;0;0m [48;2;1;38;39m[38;2;3;19;20m▃[48;2;1;38;41m[38;2;0;4;4m▁[48;2;0;45;48m[38;2;0;0;0m [48;2;9;46;54m[38;2;0;0;0m [48;2;12;50;63m[38;2;10;19;21m▆[48;2;9;9;9m[38;2;23;20;24m━[48;2;12;10;10m[38;2;25;18;22m━[48;2;21;23;20m[38;2;10;9;9m▆[48;2;13;14;15m[38;2;37;39;42m▂[48;2;18;19;21m[38;2;37;48;49m╺[48;2;10;85;102m[38;2;14;19;18m▇[48;2;40;127;166m[38;2;10;19;18m▆[48;2;44;140;195m[38;2;11;26;31m▆[48;2;34;121;162m[38;2;8;48;54m━[48;2;42;142;199m[38;2;9;108;138m▅[48;2;40;142;202m[38;2;29;132;183m▄[48;2;7;100;138m[38;2;0;0;0m [48;2;5;99;137m[38;2;33;147;205m▝[48;2;5;100;139m[38;2;0;0;0m [48;2;3;96;134m[38;2;0;0;0m [48;2;3;97;136m[38;2;25;135;204m▃[48;2;1;90;128m[38;2;23;130;195m▖[48;2;2;94;133m[38;2;0;0;0m [48;2;6;96;143m[38;2;20;150;227m━[48;2;6;82;118m[38;2;11;31;38m▃[48;2;9;16;19m[38;2;0;0;0m [48;2;7;13;10m[38;2;0;0;0m [48;2;9;6;10m[38;2;11;25;31m▃[48;2;3;15;14m[38;2;12;22;27m▆[48;2;9;22;23m[38;2;13;28;29m▄[48;2;18;28;33m[38;2;11;27;32m▄[48;2;16;30;35m[38;2;12;21;29m▎[48;2;17;35;37m[38;2;5;18;19m▂[48;2;18;36;39m[38;2;13;34;38m▄[48;2;10;60;76m[38;2;20;44;50m▌[48;2;0;79;114m[38;2;3;79;119m▄[48;2;1;80;119m[38;2;0;81;122m▄[48;2;1;81;122m[38;2;0;0;0m [48;2;19;105;169m[38;2;32;133;212m▄[48;2;9;96;155m[38;2;51;158;241m▄[48;2;3;88;145m[38;2;52;153;236m▆[48;2;58;157;236m[38;2;0;0;0m [48;2;62;158;237m[38;2;60;159;238m▄[48;2;63;157;243m[38;2;0;0;0m [48;2;14;96;154m[38;2;52;138;221m▖[48;2;3;87;139m[38;2;2;83;136m▄[48;2;1;85;134m[38;2;1;86;136m▄[48;2;2;85;137m[38;2;0;82;127m▌[48;2;0;84;136m[38;2;1;85;141m▖[48;2;37;117;186m[38;2;1;82;133m▊[48;2;66;159;244m[38;2;63;158;239m▇[48;2;65;157;238m[38;2;64;157;247m▝[48;2;12;96;160m[38;2;63;156;239m▌[48;2;23;101;166m[38;2;35;113;182m╹[48;2;18;97;158m[38;2;14;97;159m▄[48;2;8;83;142m[38;2;6;82;143m▄[48;2;1;80;135m[38;2;1;80;139m▄[48;2;3;80;138m[38;2;15;83;142m╶[48;2;2;81;140m[38;2;11;83;142m╴[48;2;0;80;137m[38;2;1;79;139m▄[48;2;3;77;139m[38;2;0;0;0m [48;2;44;125;199m[38;2;17;91;157m▚[48;2;50;136;217m[38;2;0;0;0m [48;2;59;146;233m[38;2;57;148;236m▄[48;2;53;144;234m[38;2;0;0;0m [48;2;13;82;149m[38;2;0;0;0m [48;2;2;75;137m[38;2;0;0;0m [48;2;3;73;133m[38;2;4;76;140m▖[48;2;11;83;150m[38;2;38;117;199m╵[48;2;2;70;130m[38;2;0;0;0m [48;2;2;73;136m[38;2;0;0;0m [48;2;12;86;158m[38;2;41;124;208m▗[0m
[48;2;1;47;51m[38;2;1;43;44m▆[48;2;1;51;52m[38;2;0;44;41m▖[48;2;1;42;43m[38;2;5;57;52m╸[48;2;0;38;40m[38;2;2;41;44m╹[48;2;0;38;40m[38;2;0;38;39m▄[48;2;0;40;42m[38;2;0;42;45m▂[48;2;0;43;45m[38;2;0;44;46m▄[48;2;1;46;50m[38;2;0;43;46m▆[48;2;1;42;45m[38;2;0;0;0m [48;2;5;12;10m[38;2;1;38;40m▄[48;2;4;16;15m[38;2;12;17;23m▄[48;2;17;33;38m[38;2;12;13;14m▇[48;2;19;19;18m[38;2;29;32;35m━[48;2;15;16;17m[38;2;21;20;21m▄[48;2;10;10;11m[38;2;25;28;28m▄[48;2;29;31;32m[38;2;24;23;22m▄[48;2;34;33;35m[38;2;14;11;10m▇[48;2;11;15;14m[38;2;14;16;12m▄[48;2;19;28;25m[38;2;6;7;6m▂[48;2;10;17;16m[38;2;0;0;0m [48;2;22;29;25m[38;2;14;13;19m▃[48;2;21;24;24m[38;2;0;0;0m [48;2;24;108;144m[38;2;35;39;39m▇[48;2;7;85;110m[38;2;18;20;18m▅[48;2;6;85;116m[38;2;24;52;67m▖[48;2;2;88;133m[38;2;0;0;0m [48;2;2;90;137m[38;2;0;0;0m [48;2;8;103;157m[38;2;0;0;0m [48;2;0;87;131m[38;2;0;0;0m [48;2;0;83;126m[38;2;0;85;136m▄[48;2;0;88;135m[38;2;0;83;129m▄[48;2;2;83;128m[38;2;8;110;170m╵[48;2;9;21;20m[38;2;0;0;0m [48;2;8;8;5m[38;2;0;0;0m [48;2;14;24;23m[38;2;6;5;9m▆[48;2;7;24;29m[38;2;7;4;7m▅[48;2;6;13;13m[38;2;9;12;9m▄[48;2;10;14;12m[38;2;20;23;27m━[48;2;11;26;27m[38;2;11;12;9m▄[48;2;7;11;7m[38;2;19;12;8m╴[48;2;11;19;16m[38;2;13;26;28m▄[48;2;19;34;38m[38;2;24;26;32m╴[48;2;12;52;64m[38;2;18;40;48m▌[48;2;0;83;122m[38;2;13;59;81m▌[48;2;0;82;127m[38;2;0;81;133m▁[48;2;6;95;149m[38;2;38;156;240m▗[48;2;41;153;241m[38;2;23;120;200m╵[48;2;55;155;246m[38;2;47;156;247m▄[48;2;51;156;244m[38;2;59;159;247m╸[48;2;55;158;242m[38;2;53;160;243m▄[48;2;58;158;242m[38;2;55;160;243m▄[48;2;62;161;245m[38;2;61;161;245m▄[48;2;53;147;231m[38;2;0;0;0m [48;2;5;88;147m[38;2;0;0;0m [48;2;3;88;142m[38;2;0;0;0m [48;2;1;85;140m[38;2;0;0;0m [48;2;2;87;146m[38;2;0;0;0m [48;2;14;92;156m[38;2;1;83;140m▊[48;2;64;156;237m[38;2;64;159;239m▂[48;2;66;155;240m[38;2;63;154;237m▄[48;2;18;93;162m[38;2;66;153;237m▌[48;2;36;115;185m[38;2;22;101;169m▌[48;2;16;101;167m[38;2;32;111;181m▌[48;2;11;87;149m[38;2;15;96;160m▄[48;2;6;84;143m[38;2;4;86;150m▅[48;2;3;84;146m[38;2;0;0;0m [48;2;2;83;145m[38;2;14;86;148m⎼[48;2;3;81;142m[38;2;8;82;147m▗[48;2;13;86;152m[38;2;58;143;228m▗[48;2;54;140;225m[38;2;26;105;176m┛[48;2;58;150;238m[38;2;56;147;237m▄[48;2;57;151;247m[38;2;58;144;238m▘[48;2;12;85;157m[38;2;49;137;232m▊[48;2;5;77;141m[38;2;15;82;144m╸[48;2;11;78;143m[38;2;1;78;142m▇[48;2;3;74;134m[38;2;3;77;141m▌[48;2;2;74;135m[38;2;0;0;0m [48;2;6;71;135m[38;2;12;74;141m╺[48;2;4;74;139m[38;2;6;76;145m▄[48;2;47;133;222m[38;2;13;83;153m▌[0m
[48;2;1;57;50m[38;2;0;45;42m▝[48;2;2;51;48m[38;2;1;54;49m▄[48;2;0;38;39m[38;2;5;56;52m▗[48;2;0;46;45m[38;2;1;64;55m▃[48;2;0;42;43m[38;2;1;60;55m▅[48;2;0;44;46m[38;2;3;56;55m▖[48;2;0;45;47m[38;2;0;43;46m▄[48;2;0;44;46m[38;2;0;43;47m▄[48;2;1;41;44m[38;2;0;43;47m▗[48;2;1;51;62m[38;2;0;42;42m▘[48;2;12;46;54m[38;2;18;29;32m▝[48;2;23;17;14m[38;2;21;25;28m▌[48;2;23;21;18m[38;2;21;15;18m┓[48;2;20;17;19m[38;2;32;31;32m▗[48;2;33;37;38m[38;2;22;24;26m▎[48;2;22;17;20m[38;2;31;28;29m▄[48;2;10;7;5m[38;2;28;20;16m▃[48;2;9;7;5m[38;2;0;0;0m [48;2;20;11;11m[38;2;27;27;29m▅[48;2;9;10;10m[38;2;28;24;24m▄[48;2;8;6;5m[38;2;26;30;29m▄[48;2;5;6;6m[38;2;22;25;28m▁[48;2;14;17;13m[38;2;0;0;0m [48;2;19;24;24m[38;2;0;0;0m [48;2;22;20;21m[38;2;75;51;46m▘[48;2;17;99;141m[38;2;39;44;42m▇[48;2;24;124;186m[38;2;37;51;58m▅[48;2;20;127;198m[38;2;0;86;140m▝[48;2;1;93;148m[38;2;15;137;221m▖[48;2;3;92;152m[38;2;20;141;232m▗[48;2;0;85;138m[38;2;12;120;201m▖[48;2;14;56;66m[38;2;5;88;138m▊[48;2;6;14;14m[38;2;36;33;34m▂[48;2;11;11;9m[38;2;27;28;29m▁[48;2;4;4;3m[38;2;14;11;5m▎[48;2;6;5;7m[38;2;0;0;0m [48;2;9;17;8m[38;2;5;7;4m▄[48;2;6;4;6m[38;2;35;36;35m▁[48;2;10;8;8m[38;2;31;34;32m▃[48;2;9;7;10m[38;2;31;39;40m▄[48;2;21;35;39m[38;2;21;37;40m▄[48;2;17;38;49m[38;2;14;47;58m▄[48;2;19;41;49m[38;2;13;28;32m▗[48;2;14;48;64m[38;2;4;77;112m▝[48;2;1;84;138m[38;2;15;123;198m▗[48;2;34;147;235m[38;2;7;106;179m╸[48;2;46;161;250m[38;2;46;160;251m▄[48;2;47;157;249m[38;2;48;158;250m▄[48;2;47;157;249m[38;2;53;162;248m▝[48;2;53;160;247m[38;2;53;155;248m┳[48;2;53;159;246m[38;2;50;161;244m╵[48;2;59;157;247m[38;2;55;156;246m▄[48;2;63;160;248m[38;2;60;161;248m▗[48;2;4;93;156m[38;2;35;129;213m▎[48;2;1;85;142m[38;2;1;87;147m▄[48;2;2;88;145m[38;2;0;0;0m [48;2;3;89;150m[38;2;0;0;0m [48;2;4;86;146m[38;2;4;88;150m▄[48;2;58;150;231m[38;2;0;0;0m [48;2;66;156;243m[38;2;64;156;241m▄[48;2;2;87;152m[38;2;58;145;228m▊[48;2;37;117;189m[38;2;21;102;169m▌[48;2;13;96;161m[38;2;37;114;186m▊[48;2;26;99;168m[38;2;17;95;161m╵[48;2;5;87;156m[38;2;14;94;164m▎[48;2;9;87;152m[38;2;12;89;154m▄[48;2;9;83;149m[38;2;8;86;150m▄[48;2;4;85;149m[38;2;10;89;153m▁[48;2;50;133;218m[38;2;29;106;180m▎[48;2;59;148;242m[38;2;0;0;0m [48;2;58;150;249m[38;2;60;149;250m▄[48;2;58;148;251m[38;2;59;149;249m▄[48;2;13;90;163m[38;2;49;137;229m▎[48;2;8;80;146m[38;2;7;80;149m▄[48;2;4;80;147m[38;2;0;0;0m [48;2;6;77;141m[38;2;0;0;0m [48;2;4;78;144m[38;2;10;77;143m╴[48;2;6;77;147m[38;2;16;81;154m▖[48;2;6;79;147m[38;2;10;80;153m▄[48;2;52;142;237m[38;2;25;93;170m▊[0m
[48;2;1;62;52m[38;2;0;0;0m [48;2;0;43;44m[38;2;2;55;50m▊[48;2;0;42;43m[38;2;3;61;54m▗[48;2;0;60;55m[38;2;0;66;57m▄[48;2;1;60;56m[38;2;0;0;0m [48;2;1;49;50m[38;2;1;56;57m▁[48;2;1;45;47m[38;2;3;57;57m▂[48;2;0;41;44m[38;2;0;41;46m▄[48;2;0;49;61m[38;2;0;42;45m▘[48;2;1;53;61m[38;2;0;45;52m▁[48;2;12;43;46m[38;2;13;21;21m▂[48;2;9;11;12m[38;2;25;35;37m▘[48;2;17;15;14m[38;2;11;14;12m▄[48;2;23;24;24m[38;2;22;27;27m▄[48;2;38;42;43m[38;2;30;31;30m▎[48;2;35;33;35m[38;2;40;40;43m▄[48;2;31;21;28m[38;2;38;39;40m▊[48;2;11;7;6m[38;2;28;19;18m▌[48;2;6;6;7m[38;2;21;21;29m▝[48;2;25;21;26m[38;2;14;12;16m▄[48;2;31;32;35m[38;2;15;12;20m▁[48;2;28;30;33m[38;2;21;19;17m▁[48;2;27;25;29m[38;2;20;25;25m▄[48;2;7;7;6m[38;2;28;36;35m▅[48;2;5;12;10m[38;2;38;47;49m▃[48;2;12;16;14m[38;2;44;48;51m▁[48;2;12;16;12m[38;2;60;47;45m▝[48;2;14;65;98m[38;2;29;30;27m▇[48;2;19;121;193m[38;2;40;38;36m▆[48;2;33;137;212m[38;2;17;79;122m━[48;2;15;127;207m[38;2;13;63;81m▗[48;2;12;29;33m[38;2;0;0;0m [48;2;47;29;30m[38;2;13;12;12m▅[48;2;18;18;17m[38;2;36;30;33m▘[48;2;24;15;13m[38;2;84;46;45m╺[48;2;24;23;24m[38;2;34;39;43m▗[48;2;24;40;45m[38;2;14;20;18m▌[48;2;26;40;42m[38;2;25;42;47m▄[48;2;23;34;35m[38;2;15;37;37m╹[48;2;21;32;33m[38;2;13;27;27m┗[48;2;17;33;29m[38;2;16;32;30m▄[48;2;14;37;43m[38;2;16;39;41m▄[48;2;10;32;36m[38;2;12;26;36m▄[48;2;12;43;49m[38;2;15;24;29m▚[48;2;11;40;54m[38;2;6;91;151m▝[48;2;42;152;245m[38;2;0;0;0m [48;2;45;159;253m[38;2;0;0;0m [48;2;45;160;251m[38;2;46;160;252m▄[48;2;48;157;251m[38;2;42;155;251m━[48;2;48;155;250m[38;2;47;156;251m▄[48;2;51;156;249m[38;2;51;156;250m▄[48;2;54;155;247m[38;2;53;155;249m▄[48;2;61;156;249m[38;2;54;155;248m▆[48;2;6;97;174m[38;2;44;138;231m▎[48;2;2;89;154m[38;2;3;91;158m▄[48;2;2;89;148m[38;2;3;87;152m▄[48;2;6;90;158m[38;2;12;92;164m─[48;2;2;89;155m[38;2;4;89;158m▄[48;2;60;150;235m[38;2;9;94;160m▌[48;2;65;156;239m[38;2;65;154;243m▅[48;2;25;105;181m[38;2;66;155;242m▌[48;2;35;107;181m[38;2;15;99;169m▌[48;2;36;110;187m[38;2;30;105;176m▝[48;2;19;101;173m[38;2;29;107;180m▆[48;2;12;92;162m[38;2;16;94;163m▄[48;2;10;91;157m[38;2;12;93;160m▄[48;2;12;87;157m[38;2;19;90;159m▄[48;2;48;134;216m[38;2;10;91;160m▊[48;2;59;146;240m[38;2;0;0;0m [48;2;60;152;251m[38;2;62;156;251m┓[48;2;60;151;248m[38;2;59;146;242m╶[48;2;55;140;232m[38;2;19;95;170m▗[48;2;16;87;159m[38;2;16;87;161m▄[48;2;12;83;152m[38;2;7;87;160m▗[48;2;9;83;154m[38;2;10;85;158m▄[48;2;4;78;148m[38;2;10;80;147m▄[48;2;19;87;162m[38;2;7;81;152m▌[48;2;7;83;154m[38;2;14;85;160m▎[48;2;19;83;157m[38;2;9;82;153m▌[48;2;52;142;236m[38;2;24;95;173m▊[0m
[48;2;1;47;46m[38;2;2;61;55m▊[48;2;3;57;55m[38;2;0;49;48m━[48;2;2;63;56m[38;2;0;48;48m┛[48;2;0;66;57m[38;2;0;69;57m▄[48;2;1;64;57m[38;2;0;0;0m [48;2;2;61;58m[38;2;0;0;0m [48;2;1;55;55m[38;2;1;45;46m▇[48;2;0;42;44m[38;2;3;56;55m▗[48;2;2;54;59m[38;2;1;60;59m▄[48;2;8;17;21m[38;2;3;49;53m▊[48;2;13;14;12m[38;2;24;14;17m▌[48;2;10;11;10m[38;2;14;13;14m▄[48;2;23;23;19m[38;2;13;11;12m▘[48;2;23;26;26m[38;2;23;16;15m╹[48;2;32;37;39m[38;2;17;28;28m╶[48;2;31;36;35m[38;2;18;14;15m▃[48;2;18;10;9m[38;2;45;8;14m─[48;2;35;35;35m[38;2;9;7;4m▌[48;2;6;6;5m[38;2;0;0;0m [48;2;8;4;3m[38;2;7;7;1m▄[48;2;20;13;19m[38;2;10;3;3m▇[48;2;19;12;8m[38;2;12;5;6m▄[48;2;23;18;21m[38;2;17;17;15m▄[48;2;18;10;14m[38;2;26;17;30m▝[48;2;31;35;38m[38;2;0;0;0m [48;2;38;46;50m[38;2;30;28;37m▖[48;2;14;15;21m[38;2;40;45;49m▇[48;2;20;20;20m[38;2;41;49;56m▅[48;2;34;41;47m[38;2;13;13;13m▝[48;2;27;28;31m[38;2;0;0;0m [48;2;11;58;70m[38;2;22;20;22m▃[48;2;8;16;16m[38;2;12;40;51m▘[48;2;10;9;8m[38;2;0;0;0m [48;2;4;6;7m[38;2;0;0;0m [48;2;25;20;21m[38;2;13;15;11m▄[48;2;5;6;6m[38;2;33;34;31m▎[48;2;21;46;54m[38;2;5;7;8m▌[48;2;20;40;43m[38;2;21;43;49m▄[48;2;17;28;31m[38;2;0;0;0m [48;2;21;27;30m[38;2;12;16;18m▄[48;2;12;21;29m[38;2;15;26;30m▄[48;2;14;34;37m[38;2;5;16;16m▖[48;2;14;32;39m[38;2;11;22;20m▄[48;2;12;28;36m[38;2;15;43;54m▝[48;2;12;59;84m[38;2;15;116;197m▝[48;2;42;156;249m[38;2;0;0;0m [48;2;44;158;253m[38;2;45;155;254m▄[48;2;48;155;253m[38;2;44;157;254m▄[48;2;48;158;253m[38;2;46;156;253m▄[48;2;43;153;252m[38;2;49;156;253m▚[48;2;47;154;251m[38;2;44;154;252m▄[48;2;52;156;250m[38;2;47;155;251m▃[48;2;50;158;249m[38;2;51;156;251m▄[48;2;7;103;182m[38;2;46;147;239m▌[48;2;2;93;164m[38;2;5;100;178m▎[48;2;2;90;158m[38;2;0;0;0m [48;2;5;96;168m[38;2;2;90;160m▌[48;2;5;93;165m[38;2;14;99;180m▖[48;2;54;142;229m[38;2;6;93;163m▌[48;2;61;151;236m[38;2;0;0;0m [48;2;25;104;181m[38;2;57;145;231m▌[48;2;25;101;176m[38;2;19;98;171m╋[48;2;34;111;188m[38;2;28;106;181m┛[48;2;26;102;175m[38;2;31;107;183m▊[48;2;14;97;167m[38;2;25;99;172m▅[48;2;22;97;168m[38;2;19;95;165m▄[48;2;20;95;165m[38;2;7;93;164m▝[48;2;55;140;226m[38;2;16;93;165m▌[48;2;60;149;239m[38;2;31;106;189m╵[48;2;66;155;248m[38;2;65;154;248m▄[48;2;55;142;231m[38;2;19;100;173m▗[48;2;25;96;169m[38;2;0;0;0m [48;2;4;88;159m[38;2;23;94;168m▊[48;2;16;86;158m[38;2;24;89;165m▄[48;2;10;87;159m[38;2;13;85;156m▄[48;2;15;83;153m[38;2;12;86;157m▄[48;2;20;90;166m[38;2;0;0;0m [48;2;22;88;163m[38;2;10;85;157m▘[48;2;19;87;163m[38;2;11;85;158m┗[48;2;53;136;227m[38;2;30;95;178m▌[0m
[48;2;1;60;57m[38;2;1;45;46m▗[48;2;1;57;53m[38;2;0;59;55m▄[48;2;0;65;58m[38;2;1;61;57m┓[48;2;0;65;57m[38;2;0;0;0m [48;2;0;64;59m[38;2;0;0;0m [48;2;3;59;57m[38;2;1;48;50m▝[48;2;5;49;49m[38;2;1;48;49m▄[48;2;1;44;45m[38;2;1;63;60m▄[48;2;0;59;58m[38;2;0;47;49m▘[48;2;0;43;45m[38;2;6;55;57m▁[48;2;4;18;20m[38;2;5;39;41m▆[48;2;17;21;19m[38;2;48;50;52m▗[48;2;20;18;14m[38;2;24;22;22m▄[48;2;41;49;53m[38;2;28;26;24m▊[48;2;18;20;21m[38;2;32;43;47m▊[48;2;12;13;8m[38;2;14;9;7m▄[48;2;15;8;6m[38;2;17;14;18m▁[48;2;32;27;25m[38;2;0;0;0m [48;2;5;6;7m[38;2;0;0;0m [48;2;10;3;0m[38;2;26;14;10m▇[48;2;20;10;5m[38;2;8;5;2m▝[48;2;10;2;1m[38;2;20;2;3m▃[48;2;16;6;6m[38;2;9;2;2m▄[48;2;14;16;23m[38;2;16;11;13m▄[48;2;27;27;34m[38;2;27;16;23m▄[48;2;35;33;35m[38;2;30;26;32m▎[48;2;34;33;36m[38;2;0;0;0m [48;2;37;45;53m[38;2;38;41;43m▆[48;2;42;47;52m[38;2;36;38;44m┏[48;2;42;46;52m[38;2;0;0;0m [48;2;25;27;24m[38;2;46;47;50m▖[48;2;12;13;16m[38;2;27;31;25m▖[48;2;12;13;10m[38;2;0;0;0m [48;2;6;7;6m[38;2;43;37;34m▁[48;2;53;53;49m[38;2;12;13;11m▊[48;2;4;3;2m[38;2;36;35;31m▎[48;2;18;29;42m[38;2;5;6;6m▊[48;2;20;42;48m[38;2;21;40;44m▄[48;2;19;35;38m[38;2;12;21;13m▃[48;2;11;15;23m[38;2;16;19;20m▄[48;2;8;22;28m[38;2;11;17;13m▄[48;2;13;19;25m[38;2;10;14;13m▂[48;2;17;31;34m[38;2;5;24;23m▂[48;2;20;35;40m[38;2;11;28;29m▎[48;2;18;40;47m[38;2;21;43;55m▃[48;2;18;65;88m[38;2;33;145;233m▝[48;2;39;149;244m[38;2;0;0;0m [48;2;46;154;254m[38;2;44;159;254m▄[48;2;45;154;254m[38;2;47;158;254m▄[48;2;46;157;253m[38;2;46;158;254m▄[48;2;46;153;253m[38;2;45;156;254m▄[48;2;46;155;252m[38;2;49;157;253m▄[48;2;53;156;252m[38;2;48;156;252m▄[48;2;45;151;245m[38;2;0;0;0m [48;2;6;105;189m[38;2;0;0;0m [48;2;12;108;192m[38;2;12;109;199m▆[48;2;8;104;180m[38;2;15;107;197m▄[48;2;13;103;182m[38;2;13;106;190m▄[48;2;13;100;179m[38;2;0;0;0m [48;2;55;146;233m[38;2;18;104;185m▖[48;2;21;106;182m[38;2;0;0;0m [48;2;33;114;192m[38;2;21;99;175m▊[48;2;32;112;189m[38;2;40;119;200m▇[48;2;32;109;188m[38;2;31;112;191m▄[48;2;28;101;176m[38;2;30;104;179m▄[48;2;24;98;169m[38;2;27;102;177m▄[48;2;26;101;174m[38;2;25;100;178m▄[48;2;64;147;235m[38;2;27;103;177m▌[48;2;60;143;231m[38;2;0;0;0m [48;2;60;147;237m[38;2;32;103;179m▆[48;2;32;99;174m[38;2;0;0;0m [48;2;30;95;170m[38;2;32;98;175m▄[48;2;23;90;164m[38;2;23;92;170m▄[48;2;24;93;169m[38;2;0;0;0m [48;2;18;87;160m[38;2;19;90;163m▄[48;2;26;90;166m[38;2;11;88;159m⎻[48;2;25;95;171m[38;2;25;94;175m▄[48;2;22;93;169m[38;2;26;92;173m▄[48;2;26;90;169m[38;2;28;92;172m▄[48;2;57;142;233m[38;2;39;106;186m▎[0m
[48;2;2;60;57m[38;2;0;49;48m╵[48;2;1;60;57m[38;2;0;51;52m⎽[48;2;0;60;57m[38;2;1;49;51m▖[48;2;0;54;53m[38;2;0;64;59m▆[48;2;1;66;59m[38;2;0;0;0m [48;2;0;68;60m[38;2;3;56;54m▘[48;2;1;55;53m[38;2;2;66;61m▅[48;2;1;64;61m[38;2;0;0;0m [48;2;1;65;64m[38;2;1;63;62m▄[48;2;3;62;61m[38;2;2;57;58m▄[48;2;2;44;47m[38;2;8;57;58m▎[48;2;55;68;69m[38;2;26;45;46m▊[48;2;26;25;21m[38;2;52;62;67m▎[48;2;43;42;43m[38;2;30;29;27m▎[48;2;24;19;21m[38;2;39;39;40m▄[48;2;38;35;35m[38;2;0;0;0m [48;2;37;32;33m[38;2;36;31;21m▎[48;2;32;28;32m[38;2;13;17;20m▂[48;2;9;26;35m[38;2;0;0;0m [48;2;25;43;52m[38;2;14;100;167m▁[48;2;23;17;10m[38;2;29;27;24m╴[48;2;7;3;1m[38;2;27;9;4m▄[48;2;7;1;0m[38;2;11;3;1m▄[48;2;10;2;4m[38;2;14;1;2m▄[48;2;32;22;17m[38;2;34;21;17m▄[48;2;35;21;22m[38;2;29;19;16m▄[48;2;31;26;30m[38;2;26;18;19m⎻[48;2;38;34;34m[38;2;31;29;23m▁[48;2;43;40;44m[38;2;43;37;38m▄[48;2;44;40;42m[38;2;45;46;52m▝[48;2;29;33;33m[38;2;41;48;49m▊[48;2;3;15;5m[38;2;25;31;31m▊[48;2;27;31;33m[38;2;16;24;19m▄[48;2;55;41;40m[38;2;39;31;31m▂[48;2;44;43;37m[38;2;28;26;22m▘[48;2;6;5;6m[38;2;0;0;0m [48;2;1;1;1m[38;2;0;0;0m [48;2;21;41;46m[38;2;1;6;10m▎[48;2;9;9;12m[38;2;17;23;23m▎[48;2;14;8;14m[38;2;4;7;6m▆[48;2;7;7;8m[38;2;0;0;0m [48;2;8;12;16m[38;2;9;9;14m▄[48;2;12;20;23m[38;2;17;25;28m▄[48;2;24;37;40m[38;2;18;42;44m▄[48;2;16;41;47m[38;2;24;47;54m▄[48;2;23;46;55m[38;2;18;39;44m▄[48;2;18;58;75m[38;2;19;112;176m▝[48;2;45;145;236m[38;2;11;80;117m▂[48;2;46;157;254m[38;2;0;0;0m [48;2;47;158;254m[38;2;49;159;254m▄[48;2;48;158;254m[38;2;54;159;254m╺[48;2;48;157;253m[38;2;54;156;254m▆[48;2;47;157;252m[38;2;57;160;254m▅[48;2;53;157;252m[38;2;55;160;253m▄[48;2;14;115;212m[38;2;26;129;233m▄[48;2;11;114;212m[38;2;13;121;219m▄[48;2;11;105;197m[38;2;14;113;214m▌[48;2;17;111;201m[38;2;23;117;212m▆[48;2;8;98;178m[38;2;16;103;191m▄[48;2;18;102;185m[38;2;21;103;192m▄[48;2;21;103;186m[38;2;27;110;196m▅[48;2;36;117;204m[38;2;24;104;186m▊[48;2;39;118;204m[38;2;38;122;206m▄[48;2;36;116;194m[38;2;40;124;204m▎[48;2;33;108;188m[38;2;24;107;181m⎻[48;2;33;106;182m[38;2;36;106;183m▄[48;2;28;103;183m[38;2;35;106;186m▅[48;2;31;105;181m[38;2;0;0;0m [48;2;34;104;181m[38;2;0;0;0m [48;2;33;100;177m[38;2;34;105;184m▂[48;2;31;102;179m[38;2;34;105;183m▄[48;2;28;93;172m[38;2;32;101;178m▊[48;2;30;98;175m[38;2;20;96;173m╸[48;2;31;97;177m[38;2;0;0;0m [48;2;18;93;168m[38;2;26;93;170m▆[48;2;28;96;173m[38;2;31;99;181m▅[48;2;31;96;175m[38;2;20;95;170m⎻[48;2;24;90;169m[38;2;33;95;174m▊[48;2;34;102;184m[38;2;0;0;0m [48;2;60;144;239m[38;2;0;0;0m [0m
[48;2;1;66;61m[38;2;0;0;0m [48;2;1;65;61m[38;2;0;67;62m▄[48;2;0;58;57m[38;2;1;62;59m▄[48;2;0;67;60m[38;2;1;66;60m▄[48;2;1;66;61m[38;2;0;0;0m [48;2;0;71;62m[38;2;0;60;54m╸[48;2;1;71;64m[38;2;0;56;55m▁[48;2;0;70;64m[38;2;0;0;0m [48;2;1;76;66m[38;2;0;0;0m [48;2;0;66;62m[38;2;1;75;66m▅[48;2;6;51;55m[38;2;1;71;64m▆[48;2;19;52;52m[38;2;6;11;10m▗[48;2;16;15;15m[38;2;35;46;51m▘[48;2;39;32;34m[38;2;10;10;8m▄[48;2;43;44;42m[38;2;8;11;13m▄[48;2;15;12;10m[38;2;41;42;43m▘[48;2;33;27;27m[38;2;6;3;7m▄[48;2;8;15;20m[38;2;13;116;187m▗[48;2;11;119;210m[38;2;0;0;0m [48;2;7;133;234m[38;2;0;0;0m [48;2;25;58;76m[38;2;8;127;230m▖[48;2;29;25;22m[38;2;32;46;50m▁[48;2;27;16;8m[38;2;32;20;14m▄[48;2;25;5;2m[38;2;23;21;11m▁[48;2;13;6;6m[38;2;30;18;18m▊[48;2;24;15;17m[38;2;12;7;8m▎[48;2;30;23;27m[38;2;24;10;15m▃[48;2;37;27;30m[38;2;28;21;18m▄[48;2;38;34;35m[38;2;34;30;27m▁[48;2;39;34;38m[38;2;35;20;19m▖[48;2;35;34;35m[38;2;39;40;43m▊[48;2;17;31;25m[38;2;8;13;19m▅[48;2;13;23;18m[38;2;6;8;6m▅[48;2;38;33;35m[38;2;7;4;4m▎[48;2;40;37;32m[38;2;43;34;34m▄[48;2;4;6;5m[38;2;27;21;21m▎[48;2;4;4;6m[38;2;0;0;0m [48;2;16;37;43m[38;2;0;0;0m [48;2;3;7;8m[38;2;13;32;34m▌[48;2;2;7;3m[38;2;1;7;22m╺[48;2;4;5;6m[38;2;0;0;0m [48;2;7;9;9m[38;2;0;0;0m [48;2;20;22;23m[38;2;20;22;21m▄[48;2;21;42;47m[38;2;15;31;34m╵[48;2;26;49;60m[38;2;0;0;0m [48;2;24;42;47m[38;2;24;36;33m▗[48;2;22;43;55m[38;2;24;35;42m▅[48;2;14;64;82m[38;2;22;43;50m▅[48;2;28;115;180m[38;2;18;60;76m▆[48;2;41;139;226m[38;2;20;59;79m▃[48;2;52;155;249m[38;2;21;94;141m▁[48;2;52;159;254m[38;2;54;160;254m▖[48;2;55;159;254m[38;2;56;157;254m▄[48;2;55;158;253m[38;2;61;159;254m⎼[48;2;21;130;235m[38;2;48;152;250m▌[48;2;18;125;228m[38;2;12;118;224m▎[48;2;21;125;229m[38;2;9;106;202m▝[48;2;21;119;221m[38;2;11;112;208m▎[48;2;23;113;215m[38;2;13;108;195m▝[48;2;26;112;207m[38;2;13;107;189m▘[48;2;25;110;202m[38;2;18;102;185m▝[48;2;28;109;197m[38;2;29;114;208m▖[48;2;37;123;209m[38;2;42;121;209m▄[48;2;40;119;201m[38;2;45;128;214m▌[48;2;37;111;194m[38;2;36;114;197m▄[48;2;38;111;192m[38;2;39;116;197m▂[48;2;37;107;188m[38;2;38;109;190m▄[48;2;40;104;186m[38;2;41;108;188m▄[48;2;35;105;184m[38;2;36;107;189m▄[48;2;36;106;184m[38;2;38;110;186m▄[48;2;35;106;189m[38;2;36;108;190m▄[48;2;32;102;180m[38;2;36;102;183m▄[48;2;31;99;175m[38;2;36;101;182m▆[48;2;31;101;182m[38;2;37;104;188m▖[48;2;32;101;180m[38;2;28;99;174m▚[48;2;34;103;184m[38;2;30;98;172m▂[48;2;26;96;169m[38;2;11;93;147m▃[48;2;29;95;161m[38;2;6;87;134m▇[48;2;34;104;174m[38;2;5;79;129m▇[48;2;53;132;212m[38;2;4;80;126m▇[0m
[48;2;0;65;61m[38;2;0;0;0m [48;2;0;67;62m[38;2;0;0;0m [48;2;1;54;52m[38;2;1;64;62m▇[48;2;3;52;52m[38;2;2;60;61m▄[48;2;2;67;62m[38;2;0;0;0m [48;2;0;72;64m[38;2;0;68;62m▘[48;2;1;60;59m[38;2;1;72;65m▇[48;2;3;67;65m[38;2;0;57;58m╹[48;2;0;74;67m[38;2;0;68;65m▌[48;2;0;76;67m[38;2;0;77;65m▄[48;2;0;77;67m[38;2;0;78;66m▄[48;2;5;33;32m[38;2;13;64;60m▅[48;2;7;9;8m[38;2;33;41;44m▆[48;2;12;7;3m[38;2;36;30;27m▇[48;2;22;18;18m[38;2;29;26;26m▄[48;2;14;10;7m[38;2;16;16;11m▄[48;2;5;7;8m[38;2;29;23;24m▖[48;2;11;119;208m[38;2;7;34;48m▌[48;2;8;132;241m[38;2;3;134;227m┏[48;2;4;132;238m[38;2;0;0;0m [48;2;5;123;219m[38;2;8;32;50m▁[48;2;24;46;62m[38;2;0;0;0m [48;2;16;12;11m[38;2;27;26;26m▘[48;2;24;14;10m[38;2;0;0;0m [48;2;26;18;13m[38;2;12;5;3m▝[48;2;22;15;8m[38;2;10;4;3m▄[48;2;23;13;9m[38;2;6;6;4m▃[48;2;23;18;12m[38;2;5;9;4m▃[48;2;29;19;20m[38;2;2;6;1m▂[48;2;32;22;20m[38;2;18;11;3m▂[48;2;9;9;6m[38;2;26;19;16m▊[48;2;6;6;7m[38;2;18;28;23m▆[48;2;14;16;16m[38;2;0;0;0m [48;2;31;32;28m[38;2;32;21;22m╵[48;2;45;34;35m[38;2;40;34;34m▎[48;2;14;11;6m[38;2;37;29;29m▌[48;2;7;7;6m[38;2;0;0;0m [48;2;15;33;36m[38;2;0;0;0m [48;2;5;3;4m[38;2;13;29;36m▌[48;2;4;4;3m[38;2;0;0;0m [48;2;2;3;2m[38;2;0;0;0m [48;2;5;5;5m[38;2;32;33;30m▝[48;2;30;34;32m[38;2;11;12;12m▅[48;2;26;38;42m[38;2;9;11;9m▊[48;2;24;46;55m[38;2;0;0;0m [48;2;25;34;40m[38;2;14;39;43m╴[48;2;24;32;36m[38;2;11;31;34m▁[48;2;22;35;39m[38;2;0;0;0m [48;2;20;47;56m[38;2;18;32;40m▆[48;2;16;54;64m[38;2;16;36;39m▃[48;2;26;67;87m[38;2;21;46;56m▃[48;2;34;123;196m[38;2;22;74;93m▅[48;2;44;143;232m[38;2;17;83;122m▂[48;2;52;154;254m[38;2;56;153;252m▄[48;2;35;143;250m[38;2;54;154;253m▊[48;2;16;124;231m[38;2;26;134;241m▖[48;2;25;132;240m[38;2;23;130;233m▗[48;2;20;121;224m[38;2;23;124;232m▄[48;2;25;121;225m[38;2;0;0;0m [48;2;25;123;220m[38;2;28;122;226m▄[48;2;31;115;212m[38;2;32;124;223m▊[48;2;33;116;215m[38;2;28;107;203m▘[48;2;40;125;217m[38;2;33;115;207m▎[48;2;38;117;205m[38;2;43;129;220m▊[48;2;39;116;205m[38;2;41;117;205m▄[48;2;39;115;200m[38;2;40;115;200m▄[48;2;40;111;195m[38;2;40;112;195m▄[48;2;39;111;193m[38;2;39;115;197m▄[48;2;42;110;190m[38;2;43;114;196m▄[48;2;43;116;194m[38;2;38;109;191m▘[48;2;36;107;186m[38;2;41;108;187m▄[48;2;38;106;186m[38;2;40;106;189m▄[48;2;39;106;186m[38;2;41;110;193m▅[48;2;37;106;186m[38;2;0;0;0m [48;2;9;92;145m[38;2;27;100;168m▂[48;2;29;96;165m[38;2;5;86;135m▇[48;2;0;81;129m[38;2;8;102;150m▂[48;2;11;100;147m[38;2;0;0;0m [48;2;7;91;134m[38;2;32;118;188m▂[48;2;11;91;140m[38;2;42;127;201m▖[0m
[48;2;0;66;62m[38;2;0;68;62m▁[48;2;0;68;64m[38;2;1;69;66m╵[48;2;1;66;64m[38;2;1;58;57m╶[48;2;1;64;64m[38;2;1;53;56m▝[48;2;1;67;66m[38;2;0;57;62m▆[48;2;1;69;66m[38;2;0;62;64m▄[48;2;0;72;66m[38;2;0;0;0m [48;2;1;76;67m[38;2;0;67;64m▝[48;2;1;72;70m[38;2;1;75;70m▌[48;2;0;77;68m[38;2;0;71;71m▄[48;2;2;80;70m[38;2;1;75;69m▄[48;2;22;38;42m[38;2;5;75;66m▌[48;2;29;24;22m[38;2;22;25;25m▄[48;2;21;15;13m[38;2;18;16;9m▄[48;2;23;16;13m[38;2;13;8;4m▄[48;2;15;16;16m[38;2;30;23;21m┏[48;2;7;15;15m[38;2;21;32;33m▚[48;2;8;131;226m[38;2;11;39;58m▎[48;2;5;131;239m[38;2;2;133;229m▝[48;2;4;128;228m[38;2;15;64;92m▗[48;2;30;50;58m[38;2;0;0;0m [48;2;11;17;19m[38;2;31;41;44m▌[48;2;8;10;12m[38;2;22;27;25m▂[48;2;10;12;13m[38;2;0;0;0m [48;2;6;11;9m[38;2;7;17;13m▄[48;2;7;9;8m[38;2;15;22;22m⎻[48;2;8;25;18m[38;2;5;7;6m▃[48;2;24;28;26m[38;2;8;12;8m▂[48;2;17;24;26m[38;2;4;2;7m▂[48;2;6;10;7m[38;2;23;21;20m▘[48;2;5;8;9m[38;2;27;30;27m▗[48;2;34;39;35m[38;2;46;48;37m▂[48;2;14;13;8m[38;2;37;38;30m▘[48;2;7;6;8m[38;2;0;0;0m [48;2;40;31;33m[38;2;0;0;0m [48;2;43;33;37m[38;2;0;0;0m [48;2;11;8;8m[38;2;0;0;0m [48;2;5;6;9m[38;2;10;27;34m▝[48;2;3;7;11m[38;2;11;19;30m▌[48;2;4;5;3m[38;2;0;0;0m [48;2;2;2;2m[38;2;0;0;0m [48;2;5;10;11m[38;2;0;0;0m [48;2;19;22;22m[38;2;17;16;21m▄[48;2;21;30;28m[38;2;8;11;18m▘[48;2;28;41;45m[38;2;17;35;41m▗[48;2;22;28;33m[38;2;0;0;0m [48;2;23;30;36m[38;2;25;30;34m▄[48;2;19;35;38m[38;2;20;31;34m▄[48;2;23;33;37m[38;2;0;0;0m [48;2;16;33;37m[38;2;19;33;35m▄[48;2;18;37;42m[38;2;0;0;0m [48;2;31;66;85m[38;2;25;42;49m▆[48;2;27;75;94m[38;2;37;55;65m▃[48;2;33;76;103m[38;2;33;127;209m▝[48;2;47;140;234m[38;2;30;88;137m▁[48;2;16;123;231m[38;2;43;147;252m▌[48;2;24;135;243m[38;2;17;118;231m▎[48;2;26;133;242m[38;2;21;119;229m▝[48;2;26;122;232m[38;2;26;125;236m▄[48;2;28;130;233m[38;2;23;119;221m▘[48;2;34;123;226m[38;2;32;130;232m▌[48;2;33;121;219m[38;2;37;124;229m▁[48;2;41;131;225m[38;2;29;115;208m▌[48;2;38;121;210m[38;2;44;132;225m▊[48;2;42;119;208m[38;2;34;118;204m▘[48;2;44;115;204m[38;2;44;118;205m▄[48;2;44;117;202m[38;2;41;113;196m▘[48;2;46;116;200m[38;2;44;123;203m╺[48;2;44;114;197m[38;2;42;118;201m▄[48;2;45;115;197m[38;2;51;118;205m╴[48;2;42;109;191m[38;2;44;115;197m▃[48;2;42;109;191m[38;2;45;113;196m▚[48;2;46;109;193m[38;2;45;115;199m▄[48;2;22;103;167m[38;2;39;108;187m▊[48;2;16;105;161m[38;2;43;118;193m▗[48;2;12;106;147m[38;2;27;110;167m▎[48;2;18;110;147m[38;2;0;0;0m [48;2;37;117;182m[38;2;21;110;155m▇[48;2;15;101;146m[38;2;0;0;0m [48;2;6;92;132m[38;2;43;123;191m▖[0m
[48;2;0;68;63m[38;2;0;0;0m [48;2;0;68;64m[38;2;0;0;0m [48;2;0;66;63m[38;2;0;0;0m [48;2;0;67;65m[38;2;0;0;0m [48;2;1;65;66m[38;2;0;56;60m▝[48;2;1;61;63m[38;2;0;49;51m━[48;2;2;61;64m[38;2;0;47;52m━[48;2;1;69;68m[38;2;0;0;0m [48;2;0;74;75m[38;2;0;71;71m▌[48;2;0;70;74m[38;2;1;71;76m▝[48;2;1;74;74m[38;2;0;69;73m┏[48;2;3;67;69m[38;2;0;0;0m [48;2;11;53;58m[38;2;12;13;11m▝[48;2;21;19;14m[38;2;10;78;70m▁[48;2;14;15;13m[38;2;34;36;31m┳[48;2;19;16;13m[38;2;7;62;61m▁[48;2;22;39;38m[38;2;4;82;91m▂[48;2;10;90;132m[38;2;23;59;65m▇[48;2;2;111;189m[38;2;19;66;77m▅[48;2;21;61;74m[38;2;0;0;0m [48;2;18;26;30m[38;2;39;50;54m▌[48;2;13;18;16m[38;2;10;16;7m▄[48;2;23;31;31m[38;2;9;16;15m▄[48;2;12;19;16m[38;2;6;2;4m━[48;2;9;10;10m[38;2;11;13;17m▄[48;2;8;11;12m[38;2;5;8;9m▄[48;2;5;7;5m[38;2;9;17;20m▖[48;2;10;12;10m[38;2;15;22;23m▄[48;2;14;22;19m[38;2;45;48;37m▂[48;2;20;23;17m[38;2;39;39;31m━[48;2;40;43;32m[38;2;12;13;15m▅[48;2;11;17;11m[38;2;0;0;0m [48;2;6;7;7m[38;2;16;21;19m▖[48;2;4;4;4m[38;2;13;17;17m▚[48;2;37;31;29m[38;2;13;16;11m▌[48;2;38;27;29m[38;2;0;0;0m [48;2;8;7;5m[38;2;29;20;23m▌[48;2;4;9;5m[38;2;0;0;0m [48;2;3;5;6m[38;2;0;0;0m [48;2;2;2;7m[38;2;2;4;13m▄[48;2;6;8;7m[38;2;0;0;0m [48;2;9;5;5m[38;2;0;0;0m [48;2;23;20;19m[38;2;33;31;34m▄[48;2;16;18;15m[38;2;18;19;24m▄[48;2;15;34;37m[38;2;23;36;43m▚[48;2;19;30;34m[38;2;8;30;34m╹[48;2;24;33;34m[38;2;19;27;32m┛[48;2;23;32;35m[38;2;17;31;38m╵[48;2;18;33;35m[38;2;18;33;36m▄[48;2;17;32;36m[38;2;0;0;0m [48;2;18;27;32m[38;2;0;0;0m [48;2;27;32;35m[38;2;14;35;35m▘[48;2;32;46;55m[38;2;25;40;48m▌[48;2;35;48;56m[38;2;42;65;81m▝[48;2;34;70;91m[38;2;0;0;0m [48;2;31;129;233m[38;2;18;76;113m▖[48;2;16;125;236m[38;2;16;123;232m▄[48;2;27;134;245m[38;2;26;141;246m▄[48;2;23;123;237m[38;2;23;127;234m▄[48;2;30;131;238m[38;2;30;131;234m╴[48;2;33;129;233m[38;2;33;132;236m▄[48;2;34;123;226m[38;2;35;128;229m▄[48;2;39;131;229m[38;2;31;117;216m▘[48;2;40;121;215m[38;2;45;133;226m▊[48;2;40;121;210m[38;2;41;120;213m▄[48;2;46;119;209m[38;2;47;126;213m▂[48;2;45;116;201m[38;2;0;0;0m [48;2;47;121;204m[38;2;7;94;152m▂[48;2;46;121;202m[38;2;0;0;0m [48;2;47;117;201m[38;2;47;118;201m▄[48;2;45;118;197m[38;2;47;119;202m▌[48;2;47;116;197m[38;2;37;120;185m▁[48;2;42;113;193m[38;2;12;100;152m▁[48;2;42;112;189m[38;2;15;105;148m▃[48;2;38;114;183m[38;2;20;114;151m▄[48;2;20;110;151m[38;2;0;0;0m [48;2;6;93;136m[38;2;10;106;141m▄[48;2;12;92;134m[38;2;14;97;142m▌[48;2;30;109;149m[38;2;7;90;128m▆[48;2;11;92;132m[38;2;0;0;0m [0m
[48;2;0;69;65m[38;2;0;66;63m▇[48;2;0;66;64m[38;2;0;67;65m━[48;2;0;68;65m[38;2;0;67;65m▄[48;2;0;66;64m[38;2;1;61;62m╺[48;2;2;64;64m[38;2;0;56;59m┛[48;2;0;68;67m[38;2;0;0;0m [48;2;0;64;66m[38;2;0;70;71m▆[48;2;0;69;73m[38;2;0;66;71m│[48;2;0;70;71m[38;2;0;68;73m▄[48;2;1;69;74m[38;2;0;61;68m─[48;2;0;68;77m[38;2;0;71;77m▄[48;2;1;70;79m[38;2;0;62;72m▌[48;2;0;73;77m[38;2;0;73;80m▄[48;2;4;51;50m[38;2;2;78;79m▊[48;2;2;74;77m[38;2;2;42;41m▎[48;2;1;76;80m[38;2;0;73;81m▄[48;2;0;79;95m[38;2;2;88;117m╵[48;2;6;73;83m[38;2;0;93;132m▄[48;2;19;56;63m[38;2;0;102;163m▅[48;2;26;55;67m[38;2;0;0;0m [48;2;36;44;43m[38;2;15;24;19m⎺[48;2;22;22;19m[38;2;53;52;45m⎼[48;2;20;23;20m[38;2;42;43;37m⎽[48;2;9;14;11m[38;2;29;30;27m▄[48;2;9;18;18m[38;2;30;35;27m▄[48;2;21;26;19m[38;2;45;47;33m⎼[48;2;13;18;13m[38;2;41;42;37m━[48;2;38;36;30m[38;2;6;6;3m▅[48;2;33;35;24m[38;2;7;16;16m▇[48;2;6;10;12m[38;2;13;20;20m▄[48;2;19;20;21m[38;2;7;8;5m▆[48;2;8;8;8m[38;2;0;0;0m [48;2;5;6;5m[38;2;0;0;0m [48;2;11;17;13m[38;2;13;17;16m▄[48;2;25;20;14m[38;2;8;14;16m▌[48;2;31;19;15m[38;2;34;22;15m▄[48;2;26;12;23m[38;2;32;19;25m▇[48;2;6;5;3m[38;2;15;14;10m─[48;2;3;6;6m[38;2;8;16;13m─[48;2;2;9;11m[38;2;2;2;4m▄[48;2;1;2;3m[38;2;13;16;17m╵[48;2;32;32;33m[38;2;3;3;3m▊[48;2;33;33;35m[38;2;26;26;25m▂[48;2;15;16;18m[38;2;13;20;20m▄[48;2;21;36;40m[38;2;20;33;40m▄[48;2;22;30;34m[38;2;24;32;35m▄[48;2;28;35;40m[38;2;0;0;0m [48;2;23;35;39m[38;2;23;36;41m▄[48;2;17;35;39m[38;2;23;35;42m▄[48;2;18;30;36m[38;2;21;30;33m▄[48;2;23;26;31m[38;2;17;20;28m│[48;2;25;30;34m[38;2;0;0;0m [48;2;27;33;39m[38;2;25;28;32m▖[48;2;31;42;51m[38;2;32;35;43m▅[48;2;40;60;71m[38;2;36;46;58m▅[48;2;22;119;216m[38;2;22;68;94m▊[48;2;14;120;236m[38;2;12;117;232m▄[48;2;27;136;246m[38;2;26;137;246m▄[48;2;22;124;236m[38;2;24;133;244m▌[48;2;30;134;239m[38;2;26;123;233m▖[48;2;35;134;241m[38;2;37;123;238m╵[48;2;36;126;232m[38;2;35;128;233m▄[48;2;43;135;233m[38;2;43;134;234m▄[48;2;42;125;224m[38;2;46;137;233m▌[48;2;43;121;213m[38;2;41;113;209m│[48;2;46;122;214m[38;2;48;129;218m┗[48;2;46;120;206m[38;2;10;93;152m▝[48;2;13;101;156m[38;2;28;116;177m▂[48;2;42;117;196m[38;2;26;111;178m▁[48;2;47;119;205m[38;2;41;114;195m⎻[48;2;23;102;162m[38;2;46;117;197m▌[48;2;23;113;160m[38;2;16;110;153m▄[48;2;14;105;142m[38;2;15;112;153m▎[48;2;13;104;138m[38;2;6;104;137m▄[48;2;7;94;136m[38;2;35;121;175m▝[48;2;15;99;136m[38;2;19;109;156m▘[48;2;10;96;132m[38;2;22;107;152m▘[48;2;10;100;134m[38;2;9;95;128m▄[48;2;15;101;134m[38;2;24;109;144m▘[48;2;15;102;137m[38;2;7;90;126m▄[0m
[48;2;0;66;66m[38;2;0;70;75m▁[48;2;0;67;64m[38;2;0;68;70m▃[48;2;1;67;67m[38;2;0;0;0m [48;2;0;66;67m[38;2;0;68;72m▄[48;2;1;66;67m[38;2;0;68;68m▄[48;2;0;67;68m[38;2;0;68;67m▄[48;2;0;71;71m[38;2;0;71;69m▄[48;2;0;69;72m[38;2;0;0;0m [48;2;0;69;72m[38;2;0;73;71m▄[48;2;0;70;74m[38;2;0;70;74m▄[48;2;0;72;76m[38;2;0;0;0m [48;2;0;73;79m[38;2;0;72;79m▄[48;2;0;72;79m[38;2;0;70;80m▄[48;2;1;70;81m[38;2;0;71;79m▄[48;2;32;64;60m[38;2;11;62;68m▌[48;2;7;71;80m[38;2;0;0;0m [48;2;0;75;88m[38;2;2;88;107m▁[48;2;0;79;94m[38;2;0;0;0m [48;2;3;82;97m[38;2;0;101;157m▝[48;2;19;46;50m[38;2;5;86;137m▘[48;2;31;44;47m[38;2;21;26;30m▄[48;2;10;12;11m[38;2;20;18;21m⎽[48;2;13;14;13m[38;2;17;12;15m▄[48;2;17;20;20m[38;2;6;5;6m▇[48;2;4;11;7m[38;2;11;12;17m▄[48;2;5;8;10m[38;2;13;19;17m┛[48;2;4;7;8m[38;2;10;16;10m▃[48;2;4;6;1m[38;2;14;19;15m▄[48;2;16;22;20m[38;2;6;7;9m▌[48;2;6;13;12m[38;2;18;27;25m▆[48;2;10;20;18m[38;2;4;3;7m▃[48;2;11;9;10m[38;2;14;19;16m━[48;2;6;9;8m[38;2;19;14;17m⎽[48;2;3;6;9m[38;2;5;13;21m▝[48;2;8;4;7m[38;2;27;6;8m▝[48;2;27;11;15m[38;2;30;19;15m┳[48;2;10;5;15m[38;2;26;19;18m▊[48;2;7;10;7m[38;2;13;9;19m▄[48;2;3;6;9m[38;2;0;0;0m [48;2;2;5;7m[38;2;0;0;0m [48;2;1;5;6m[38;2;6;18;14m╵[48;2;7;9;14m[38;2;5;8;11m▄[48;2;19;24;25m[38;2;7;6;6m▃[48;2;12;18;27m[38;2;9;16;24m▄[48;2;17;33;39m[38;2;21;35;40m▄[48;2;22;31;34m[38;2;24;27;32m╵[48;2;27;33;39m[38;2;18;31;34m▁[48;2;25;37;48m[38;2;12;30;37m▂[48;2;25;42;52m[38;2;13;34;39m▁[48;2;22;33;40m[38;2;25;39;49m▌[48;2;26;29;34m[38;2;0;0;0m [48;2;28;32;34m[38;2;24;34;36m▄[48;2;30;33;37m[38;2;0;0;0m [48;2;33;35;39m[38;2;33;35;45m▄[48;2;31;39;47m[38;2;0;0;0m [48;2;28;52;68m[38;2;0;0;0m [48;2;11;119;231m[38;2;16;93;165m▎[48;2;30;136;249m[38;2;19;132;244m▌[48;2;23;125;242m[38;2;29;134;248m▊[48;2;32;134;243m[38;2;27;128;241m▊[48;2;35;124;237m[38;2;32;130;240m▊[48;2;36;123;234m[38;2;38;133;236m▝[48;2;40;131;234m[38;2;40;138;238m▘[48;2;45;125;228m[38;2;44;126;223m━[48;2;45;119;218m[38;2;45;123;226m▎[48;2;44;124;215m[38;2;10;101;165m╺[48;2;40;121;201m[38;2;14;107;165m▊[48;2;45;119;202m[38;2;6;101;152m▂[48;2;43;119;200m[38;2;10;93;145m▃[48;2;51;124;207m[38;2;20;98;164m▝[48;2;15;101;150m[38;2;43;116;180m▃[48;2;10;103;141m[38;2;17;112;150m╴[48;2;8;99;136m[38;2;23;107;141m▝[48;2;14;101;134m[38;2;18;111;147m━[48;2;9;98;136m[38;2;9;84;129m▂[48;2;8;88;128m[38;2;24;86;135m╸[48;2;9;91;126m[38;2;24;93;133m▗[48;2;6;95;130m[38;2;11;93;128m▄[48;2;5;86;127m[38;2;0;0;0m [48;2;7;86;127m[38;2;18;93;132m╹[0m
[48;2;1;68;80m[38;2;0;69;92m▄[48;2;0;67;78m[38;2;0;0;0m [48;2;0;66;77m[38;2;0;68;87m▄[48;2;0;72;81m[38;2;0;71;84m▄[48;2;0;71;77m[38;2;1;72;89m▅[48;2;0;70;72m[38;2;0;72;89m▄[48;2;0;68;72m[38;2;1;71;87m▁[48;2;1;68;69m[38;2;0;63;69m▁[48;2;1;70;71m[38;2;0;63;68m▂[48;2;0;68;75m[38;2;0;70;73m▄[48;2;0;68;73m[38;2;0;73;75m▄[48;2;0;70;76m[38;2;0;73;75m▄[48;2;0;71;82m[38;2;0;75;83m▃[48;2;0;71;85m[38;2;0;75;86m▄[48;2;1;74;83m[38;2;0;0;0m [48;2;32;66;62m[38;2;7;76;82m▄[48;2;3;82;97m[38;2;28;71;70m▄[48;2;4;80;91m[38;2;42;62;51m▂[48;2;29;70;71m[38;2;9;84;92m▚[48;2;10;82;103m[38;2;1;86;132m╵[48;2;24;46;52m[38;2;39;67;75m▖[48;2;9;17;13m[38;2;0;0;0m [48;2;12;20;14m[38;2;14;14;16m▄[48;2;9;13;10m[38;2;8;19;17m▄[48;2;12;6;9m[38;2;4;10;11m▄[48;2;6;9;13m[38;2;20;19;26m⎼[48;2;12;12;17m[38;2;6;7;7m▄[48;2;6;8;14m[38;2;0;0;0m [48;2;2;5;8m[38;2;8;8;21m⎻[48;2;18;22;23m[38;2;2;3;3m▅[48;2;15;17;25m[38;2;4;3;5m▅[48;2;9;5;5m[38;2;23;7;6m▂[48;2;5;3;2m[38;2;30;12;8m▅[48;2;6;3;1m[38;2;30;17;8m▅[48;2;12;6;4m[38;2;20;7;12m▄[48;2;24;18;12m[38;2;11;2;9m▗[48;2;11;11;7m[38;2;20;15;8m▚[48;2;18;15;20m[38;2;10;10;7m▎[48;2;6;7;8m[38;2;11;12;20m▗[48;2;1;3;2m[38;2;0;0;0m [48;2;6;10;19m[38;2;18;27;34m╹[48;2;8;10;18m[38;2;6;9;18m▄[48;2;6;4;7m[38;2;20;22;25m▅[48;2;14;10;13m[38;2;3;6;9m▄[48;2;14;30;36m[38;2;15;31;37m▄[48;2;12;27;30m[38;2;10;22;28m▄[48;2;21;33;34m[38;2;15;27;30m▄[48;2;11;30;30m[38;2;12;24;30m▄[48;2;20;41;50m[38;2;11;27;29m▊[48;2;15;28;35m[38;2;5;9;10m╺[48;2;18;24;27m[38;2;16;18;19m▘[48;2;27;31;37m[38;2;14;20;24m▖[48;2;28;35;42m[38;2;33;39;46m▆[48;2;24;38;44m[38;2;33;39;47m▆[48;2;32;42;50m[38;2;36;45;58m▝[48;2;31;48;60m[38;2;34;53;70m▅[48;2;17;117;237m[38;2;15;79;138m▌[48;2;27;135;247m[38;2;21;125;242m▌[48;2;34;140;250m[38;2;32;139;250m▄[48;2;31;130;243m[38;2;33;135;247m▂[48;2;29;130;239m[38;2;34;133;242m▄[48;2;37;125;235m[38;2;38;130;240m▖[48;2;37;126;229m[38;2;39;126;231m▄[48;2;41;123;225m[38;2;42;125;226m▄[48;2;23;109;183m[38;2;46;125;225m▌[48;2;40;127;209m[38;2;14;113;167m▆[48;2;12;111;164m[38;2;11;107;156m▄[48;2;9;102;155m[38;2;26;109;172m⎻[48;2;17;110;163m[38;2;42;123;193m▝[48;2;54;127;215m[38;2;30;109;175m▖[48;2;47;121;197m[38;2;30;109;169m▁[48;2;13;97;142m[38;2;40;122;171m▂[48;2;16;101;142m[38;2;9;92;135m▅[48;2;7;93;133m[38;2;19;95;138m▁[48;2;9;90;128m[38;2;18;94;135m▄[48;2;14;86;129m[38;2;9;84;129m▄[48;2;13;88;130m[38;2;18;87;132m▄[48;2;16;87;128m[38;2;3;79;123m▅[48;2;3;79;125m[38;2;3;74;120m▄[48;2;4;83;127m[38;2;17;85;131m▁[0m
[48;2;1;68;92m[38;2;0;62;80m▅[48;2;0;67;85m[38;2;1;63;84m▄[48;2;0;64;81m[38;2;0;70;90m▝[48;2;0;69;90m[38;2;2;71;95m━[48;2;0;71;87m[38;2;0;70;87m▄[48;2;0;73;90m[38;2;1;74;96m▝[48;2;0;72;95m[38;2;0;72;86m▁[48;2;1;64;77m[38;2;0;70;89m▆[48;2;0;68;73m[38;2;1;73;89m▖[48;2;1;70;72m[38;2;0;72;74m▖[48;2;0;67;74m[38;2;0;0;0m [48;2;0;71;79m[38;2;0;63;75m▅[48;2;0;74;84m[38;2;0;67;80m▅[48;2;0;73;86m[38;2;0;76;87m╺[48;2;0;77;86m[38;2;0;76;86m▄[48;2;0;80;88m[38;2;0;79;91m▄[48;2;0;78;91m[38;2;0;77;97m╴[48;2;2;79;96m[38;2;2;76;95m▄[48;2;13;77;93m[38;2;36;45;52m▗[48;2;37;56;66m[38;2;25;32;34m▅[48;2;30;39;41m[38;2;22;15;16m▅[48;2;13;6;5m[38;2;0;0;0m [48;2;23;20;24m[38;2;7;6;5m▇[48;2;15;20;22m[38;2;9;14;13m▄[48;2;1;4;3m[38;2;22;30;30m▅[48;2;11;12;10m[38;2;15;24;19m▆[48;2;7;8;9m[38;2;0;0;0m [48;2;18;16;19m[38;2;4;2;3m▇[48;2;5;1;1m[38;2;18;3;1m▂[48;2;11;0;0m[38;2;13;1;2m▄[48;2;21;3;4m[38;2;14;1;0m⎼[48;2;25;13;9m[38;2;14;9;9m▃[48;2;23;7;7m[38;2;13;6;2m━[48;2;16;3;3m[38;2;18;13;4m▄[48;2;21;8;12m[38;2;11;4;5m▌[48;2;16;8;4m[38;2;24;9;5m▄[48;2;7;6;3m[38;2;16;15;8m▝[48;2;6;6;4m[38;2;16;18;6m╸[48;2;7;8;19m[38;2;5;10;8m▊[48;2;4;10;9m[38;2;2;17;22m▁[48;2;5;3;4m[38;2;22;5;3m╵[48;2;1;2;4m[38;2;11;12;14m▁[48;2;12;18;13m[38;2;5;9;12m▇[48;2;3;5;3m[38;2;3;8;20m▁[48;2;11;24;27m[38;2;4;11;15m⎼[48;2;13;27;33m[38;2;0;17;23m╸[48;2;12;28;33m[38;2;7;18;15m╸[48;2;10;21;28m[38;2;16;32;34m▅[48;2;18;37;47m[38;2;23;42;51m▄[48;2;16;36;40m[38;2;20;41;49m▄[48;2;12;27;33m[38;2;24;41;51m▄[48;2;21;25;34m[38;2;24;35;44m▅[48;2;29;36;44m[38;2;0;0;0m [48;2;29;39;48m[38;2;25;41;50m▗[48;2;28;44;53m[38;2;28;44;54m▄[48;2;32;58;85m[38;2;31;50;65m▌[48;2;41;135;236m[38;2;32;84;134m▎[48;2;28;129;248m[38;2;47;145;252m▂[48;2;35;140;250m[38;2;52;151;252m▂[48;2;38;136;248m[38;2;52;152;250m▃[48;2;39;137;245m[38;2;54;149;248m▃[48;2;42;134;241m[38;2;55;153;246m▂[48;2;46;130;239m[38;2;59;148;245m▁[48;2;45;125;227m[38;2;44;126;232m▌[48;2;49;127;227m[38;2;45;124;220m▝[48;2;23;116;181m[38;2;44;127;214m▊[48;2;5;101;150m[38;2;0;0;0m [48;2;13;108;158m[38;2;7;97;146m▂[48;2;42;121;193m[38;2;16;112;159m▅[48;2;40;122;191m[38;2;22;107;163m▄[48;2;24;102;150m[38;2;41;116;182m▎[48;2;14;94;145m[38;2;29;111;163m▘[48;2;4;86;140m[38;2;17;87;137m▅[48;2;17;90;135m[38;2;15;91;137m▄[48;2;18;89;136m[38;2;17;85;133m▄[48;2;8;86;136m[38;2;23;91;137m▆[48;2;18;90;135m[38;2;0;0;0m [48;2;14;92;141m[38;2;13;92;139m▄[48;2;7;85;127m[38;2;26;101;142m▃[48;2;23;91;131m[38;2;0;0;0m [0m
[48;2;0;62;83m[38;2;0;64;88m▅[48;2;0;64;87m[38;2;0;68;94m▂[48;2;0;67;90m[38;2;0;63;81m▝[48;2;0;66;88m[38;2;1;67;89m▄[48;2;0;68;93m[38;2;0;0;0m [48;2;0;70;93m[38;2;1;71;95m▄[48;2;0;72;94m[38;2;0;72;96m▄[48;2;0;70;89m[38;2;0;71;95m▇[48;2;0;74;86m[38;2;0;71;93m▅[48;2;0;74;77m[38;2;0;72;92m▄[48;2;0;69;74m[38;2;0;72;89m▂[48;2;0;70;76m[38;2;0;68;83m▂[48;2;0;70;81m[38;2;0;75;85m▄[48;2;0;75;86m[38;2;0;0;0m [48;2;0;73;89m[38;2;0;0;0m [48;2;7;71;85m[38;2;40;65;73m▁[48;2;21;66;77m[38;2;16;20;18m▁[48;2;18;70;84m[38;2;19;23;24m▆[48;2;14;11;13m[38;2;0;0;0m [48;2;20;5;5m[38;2;8;5;7m▆[48;2;7;4;2m[38;2;15;3;1m╶[48;2;13;0;0m[38;2;13;4;2m▄[48;2;13;2;1m[38;2;16;4;3m▄[48;2;10;4;6m[38;2;24;13;4m╸[48;2;21;24;24m[38;2;6;6;5m▅[48;2;4;6;5m[38;2;0;0;0m [48;2;4;8;8m[38;2;0;0;0m [48;2;1;10;12m[38;2;3;96;146m▁[48;2;8;5;6m[38;2;9;120;213m▂[48;2;7;6;8m[38;2;12;96;173m▁[48;2;6;2;2m[38;2;0;0;0m [48;2;10;10;12m[38;2;14;14;17m▄[48;2;4;3;3m[38;2;0;0;0m [48;2;24;10;6m[38;2;11;3;3m▃[48;2;13;9;5m[38;2;22;7;3m▌[48;2;11;7;6m[38;2;10;19;7m╴[48;2;7;5;3m[38;2;0;0;0m [48;2;3;2;3m[38;2;10;3;1m╴[48;2;3;3;7m[38;2;0;0;0m [48;2;3;3;5m[38;2;6;5;17m▝[48;2;9;7;9m[38;2;10;15;5m╹[48;2;3;4;6m[38;2;7;10;19m┏[48;2;6;8;11m[38;2;9;11;21m▄[48;2;9;23;28m[38;2;0;18;11m╴[48;2;3;15;23m[38;2;9;27;33m▇[48;2;18;29;35m[38;2;0;0;0m [48;2;15;34;36m[38;2;25;47;60m▗[48;2;19;41;46m[38;2;27;59;80m▃[48;2;25;44;57m[38;2;0;0;0m [48;2;23;46;58m[38;2;20;34;46m▆[48;2;25;50;66m[38;2;21;35;44m▅[48;2;26;40;54m[38;2;24;39;48m▁[48;2;30;44;56m[38;2;29;48;62m▄[48;2;29;47;58m[38;2;0;0;0m [48;2;30;54;75m[38;2;22;57;80m╺[48;2;26;66;96m[38;2;31;58;83m▊[48;2;64;158;252m[38;2;37;109;174m▎[48;2;41;140;252m[38;2;51;144;252m▄[48;2;42;142;251m[38;2;51;143;251m▄[48;2;52;149;250m[38;2;57;149;251m▄[48;2;53;147;248m[38;2;59;148;249m▄[48;2;53;145;246m[38;2;56;146;246m▄[48;2;56;145;241m[38;2;38;124;209m▁[48;2;52;134;235m[38;2;0;0;0m [48;2;51;130;231m[38;2;58;137;234m▂[48;2;53;130;223m[38;2;20;99;164m▝[48;2;5;85;134m[38;2;35;117;192m▃[48;2;1;93;135m[38;2;3;107;154m▝[48;2;6;103;150m[38;2;0;87;125m▄[48;2;2;92;129m[38;2;3;83;117m▄[48;2;8;92;130m[38;2;5;87;122m▄[48;2;9;96;140m[38;2;2;78;108m▃[48;2;25;96;141m[38;2;16;87;132m▃[48;2;18;91;136m[38;2;18;93;135m▄[48;2;24;95;137m[38;2;0;0;0m [48;2;27;102;139m[38;2;15;95;135m━[48;2;12;99;139m[38;2;30;108;147m▅[48;2;15;33;38m[38;2;30;91;117m▘[48;2;29;79;105m[38;2;12;20;18m▃[48;2;15;45;59m[38;2;19;50;65m▄[0m
[48;2;0;65;92m[38;2;0;67;90m▄[48;2;1;69;93m[38;2;12;66;81m▂[48;2;0;69;93m[38;2;0;69;100m▚[48;2;15;64;72m[38;2;0;68;94m▊[48;2;5;67;91m[38;2;25;64;62m▖[48;2;0;67;90m[38;2;0;69;95m▅[48;2;0;70;92m[38;2;0;0;0m [48;2;0;68;92m[38;2;0;72;96m▅[48;2;0;70;93m[38;2;0;72;94m▄[48;2;1;72;102m[38;2;0;70;97m▊[48;2;0;73;100m[38;2;0;72;102m▄[48;2;0;76;90m[38;2;0;76;102m▄[48;2;0;74;88m[38;2;0;75;104m▂[48;2;0;75;87m[38;2;0;76;102m▃[48;2;2;73;87m[38;2;2;82;105m▂[48;2;37;54;59m[38;2;19;18;16m▗[48;2;9;5;5m[38;2;21;1;14m╵[48;2;2;3;1m[38;2;0;0;0m [48;2;4;5;3m[38;2;0;0;0m [48;2;9;14;13m[38;2;0;0;0m [48;2;6;13;20m[38;2;2;82;102m▁[48;2;10;12;13m[38;2;2;82;108m▃[48;2;11;18;16m[38;2;1;84;114m▅[48;2;5;29;32m[38;2;0;90;123m▆[48;2;1;100;155m[38;2;0;93;124m▁[48;2;2;113;201m[38;2;0;96;149m▃[48;2;1;94;142m[38;2;0;97;141m▄[48;2;0;109;165m[38;2;0;109;183m▄[48;2;2;126;230m[38;2;0;105;168m▂[48;2;7;115;210m[38;2;3;109;182m▄[48;2;6;12;11m[38;2;7;38;43m▎[48;2;8;9;14m[38;2;5;8;15m▄[48;2;18;22;27m[38;2;2;1;2m▝[48;2;10;9;14m[38;2;0;0;0m [48;2;23;7;12m[38;2;14;8;11m▆[48;2;21;6;18m[38;2;7;8;13m▆[48;2;5;2;6m[38;2;9;7;12m▁[48;2;4;3;5m[38;2;14;9;7m╶[48;2;4;2;5m[38;2;5;22;20m▁[48;2;5;5;4m[38;2;10;23;14m▁[48;2;5;8;5m[38;2;22;33;32m▂[48;2;3;8;13m[38;2;18;22;18m▁[48;2;9;13;22m[38;2;5;6;5m▃[48;2;10;17;26m[38;2;2;6;9m▂[48;2;5;14;22m[38;2;3;14;8m▝[48;2;10;23;31m[38;2;5;17;31m▁[48;2;23;38;48m[38;2;26;45;62m▗[48;2;30;55;75m[38;2;0;0;0m [48;2;29;52;74m[38;2;30;57;85m▄[48;2;22;43;54m[38;2;30;57;82m▅[48;2;24;43;56m[38;2;26;58;77m▃[48;2;16;41;50m[38;2;25;52;71m▆[48;2;27;51;64m[38;2;27;55;73m▇[48;2;29;52;67m[38;2;31;46;60m┗[48;2;29;46;60m[38;2;27;49;64m▄[48;2;23;61;91m[38;2;30;49;70m▌[48;2;61;151;247m[38;2;0;0;0m [48;2;52;145;252m[38;2;61;154;253m▎[48;2;49;141;251m[38;2;0;0;0m [48;2;52;148;249m[38;2;58;147;250m▄[48;2;57;148;248m[38;2;57;150;248m▄[48;2;56;147;244m[38;2;0;0;0m [48;2;42;129;218m[38;2;56;145;238m▅[48;2;38;126;202m[38;2;36;127;206m▄[48;2;60;143;230m[38;2;39;131;204m▘[48;2;61;140;228m[38;2;17;99;157m▝[48;2;31;111;175m[38;2;56;133;213m▂[48;2;15;98;150m[38;2;57;132;207m━[48;2;1;78;120m[38;2;10;89;143m▅[48;2;2;82;120m[38;2;6;92;135m▄[48;2;7;88;118m[38;2;0;0;0m [48;2;17;72;95m[38;2;7;24;21m▖[48;2;28;99;142m[38;2;13;92;133m▝[48;2;27;97;137m[38;2;30;107;143m▅[48;2;25;101;139m[38;2;2;98;134m╸[48;2;29;110;146m[38;2;31;109;153m▄[48;2;30;99;133m[38;2;18;42;53m▁[48;2;13;18;18m[38;2;0;0;0m [48;2;17;39;52m[38;2;32;69;74m▄[48;2;23;83;116m[38;2;37;47;19m▃[0m
[48;2;0;67;90m[38;2;21;64;69m▁[48;2;32;62;57m[38;2;9;66;84m▌[48;2;6;69;87m[38;2;29;61;56m▎[48;2;3;65;84m[38;2;1;68;95m▌[48;2;12;68;86m[38;2;41;59;47m▌[48;2;2;71;97m[38;2;0;0;0m [48;2;2;72;99m[38;2;15;69;80m▎[48;2;0;73;98m[38;2;0;73;101m▄[48;2;0;73;100m[38;2;0;72;98m▄[48;2;0;74;100m[38;2;1;77;106m▗[48;2;1;74;104m[38;2;0;74;99m▆[48;2;0;75;103m[38;2;0;75;99m▄[48;2;0;75;105m[38;2;5;81;115m╶[48;2;0;78;108m[38;2;0;78;106m▄[48;2;0;77;109m[38;2;0;79;110m▄[48;2;4;75;102m[38;2;12;23;26m▝[48;2;12;15;15m[38;2;0;0;0m [48;2;13;7;6m[38;2;0;0;0m [48;2;4;47;65m[38;2;8;11;15m▊[48;2;10;76;88m[38;2;1;81;115m▇[48;2;0;81;104m[38;2;0;84;119m▄[48;2;0;82;104m[38;2;0;82;115m▃[48;2;0;83;111m[38;2;0;81;111m▄[48;2;0;86;114m[38;2;0;88;119m▁[48;2;0;90;130m[38;2;0;0;0m [48;2;0;92;134m[38;2;0;0;0m [48;2;0;90;126m[38;2;0;94;138m▝[48;2;0;103;155m[38;2;0;0;0m [48;2;0;105;161m[38;2;0;0;0m [48;2;3;104;170m[38;2;0;0;0m [48;2;15;27;34m[38;2;6;52;72m▎[48;2;6;21;31m[38;2;19;34;43m▅[48;2;25;34;40m[38;2;8;28;35m┓[48;2;13;12;23m[38;2;29;34;44m▌[48;2;19;8;14m[38;2;8;14;20m▄[48;2;9;17;20m[38;2;24;12;22m━[48;2;9;9;23m[38;2;5;7;11m▎[48;2;5;22;24m[38;2;2;13;9m▘[48;2;10;12;27m[38;2;9;26;34m▃[48;2;13;18;30m[38;2;17;31;39m▄[48;2;41;54;66m[38;2;33;42;50m▝[48;2;13;21;28m[38;2;26;33;41m▆[48;2;20;29;36m[38;2;17;12;24m▝[48;2;4;10;14m[38;2;7;14;26m▄[48;2;7;21;30m[38;2;7;9;17m▘[48;2;16;33;39m[38;2;6;13;26m▘[48;2;25;44;58m[38;2;20;39;49m▎[48;2;28;57;79m[38;2;29;51;72m▌[48;2;27;63;91m[38;2;27;63;94m▄[48;2;27;66;100m[38;2;29;71;110m▗[48;2;28;66;99m[38;2;22;73;120m▄[48;2;32;62;92m[38;2;0;0;0m [48;2;29;57;75m[38;2;30;56;79m▅[48;2;30;55;72m[38;2;30;56;72m▄[48;2;30;49;69m[38;2;25;47;64m╸[48;2;30;55;76m[38;2;28;53;69m┫[48;2;67;155;251m[38;2;28;78;126m▎[48;2;57;148;252m[38;2;66;154;253m▌[48;2;54;147;251m[38;2;56;148;251m▄[48;2;58;149;250m[38;2;57;148;249m▄[48;2;58;150;248m[38;2;59;149;247m▄[48;2;61;147;245m[38;2;58;147;245m╋[48;2;63;147;241m[38;2;40;128;213m▝[48;2;60;146;235m[38;2;45;137;217m▚[48;2;55;140;219m[38;2;40;128;191m┏[48;2;65;146;232m[38;2;39;122;187m▅[48;2;68;146;231m[38;2;37;122;181m▅[48;2;20;99;154m[38;2;0;0;0m [48;2;9;92;145m[38;2;3;83;124m▁[48;2;7;88;132m[38;2;0;0;0m [48;2;14;77;100m[38;2;18;44;50m▄[48;2;29;82;115m[38;2;7;3;3m▌[48;2;33;110;155m[38;2;45;124;174m━[48;2;28;103;143m[38;2;33;110;151m▄[48;2;31;104;147m[38;2;0;0;0m [48;2;30;87;114m[38;2;15;23;24m▗[48;2;13;16;15m[38;2;0;0;0m [48;2;35;101;135m[38;2;14;27;31m▘[48;2;37;50;21m[38;2;40;99;121m▎[48;2;37;41;1m[38;2;26;31;0m▃[0m
[48;2;43;62;45m[38;2;46;54;19m▄[48;2;39;62;54m[38;2;58;71;16m▄[48;2;55;67;23m[38;2;27;66;66m▝[48;2;25;68;75m[38;2;11;74;92m▊[48;2;14;68;81m[38;2;45;60;46m▊[48;2;31;69;72m[38;2;7;72;95m▌[48;2;2;75;95m[38;2;1;76;104m▃[48;2;1;71;97m[38;2;0;76;103m▃[48;2;0;79;103m[38;2;0;75;102m▊[48;2;0;77;102m[38;2;0;71;101m▝[48;2;0;72;100m[38;2;1;75;102m▄[48;2;0;73;100m[38;2;1;73;103m▄[48;2;0;76;107m[38;2;0;74;103m▚[48;2;0;74;106m[38;2;0;73;106m▄[48;2;0;75;109m[38;2;0;73;105m╏[48;2;0;77;111m[38;2;0;76;110m▄[48;2;2;78;113m[38;2;17;45;57m▝[48;2;24;32;37m[38;2;0;0;0m [48;2;22;13;20m[38;2;23;16;24m▄[48;2;11;29;38m[38;2;3;80;115m▝[48;2;0;82;117m[38;2;0;0;0m [48;2;0;80;123m[38;2;0;81;119m▌[48;2;0;82;121m[38;2;0;0;0m [48;2;0;90;127m[38;2;0;86;123m▇[48;2;0;88;123m[38;2;0;89;134m╴[48;2;0;89;136m[38;2;0;83;126m▆[48;2;0;95;133m[38;2;0;89;123m▆[48;2;0;91;129m[38;2;0;96;141m▘[48;2;0;98;149m[38;2;0;110;174m╏[48;2;0;97;154m[38;2;0;0;0m [48;2;18;52;67m[38;2;2;83;127m▎[48;2;19;45;59m[38;2;25;53;73m▅[48;2;25;41;54m[38;2;27;50;68m▃[48;2;21;26;36m[38;2;32;50;61m▊[48;2;19;16;28m[38;2;15;25;31m▄[48;2;9;21;29m[38;2;22;31;35m▄[48;2;9;17;28m[38;2;9;31;36m▅[48;2;11;28;36m[38;2;17;35;42m▄[48;2;19;21;35m[38;2;20;34;42m▇[48;2;24;38;50m[38;2;12;35;43m▎[48;2;38;64;79m[38;2;35;51;66m▝[48;2;26;43;57m[38;2;34;50;66m▎[48;2;24;36;46m[38;2;10;33;41m╶[48;2;12;29;37m[38;2;3;22;32m╴[48;2;12;34;40m[38;2;19;34;42m▄[48;2;24;43;55m[38;2;20;40;53m╵[48;2;26;54;78m[38;2;28;49;67m▌[48;2;27;54;78m[38;2;28;59;88m▆[48;2;30;61;95m[38;2;25;64;94m▇[48;2;26;69;107m[38;2;31;67;105m▄[48;2;24;78;130m[38;2;25;73;117m▊[48;2;22;87;158m[38;2;24;79;138m▎[48;2;29;70;108m[38;2;31;109;192m▖[48;2;30;57;86m[38;2;32;70;107m▖[48;2;29;54;74m[38;2;26;59;83m▌[48;2;32;58;83m[38;2;31;67;98m▗[48;2;67;154;246m[38;2;24;73;119m▌[48;2;66;156;252m[38;2;67;154;252m▄[48;2;57;147;250m[38;2;62;148;251m▄[48;2;58;150;249m[38;2;67;151;250m▃[48;2;63;151;247m[38;2;67;152;247m▄[48;2;65;149;245m[38;2;62;146;244m─[48;2;66;147;243m[38;2;72;150;247m⎽[48;2;43;131;201m[38;2;62;144;234m▌[48;2;32;124;187m[38;2;33;127;183m▄[48;2;16;114;164m[38;2;18;111;163m▄[48;2;17;104;158m[38;2;23;106;166m▄[48;2;3;83;126m[38;2;6;93;143m▌[48;2;3;77;116m[38;2;12;33;40m▃[48;2;8;84;122m[38;2;9;23;23m▁[48;2;13;26;29m[38;2;19;94;132m▖[48;2;19;73;106m[38;2;6;5;2m▌[48;2;36;114;164m[38;2;23;101;146m▄[48;2;37;111;155m[38;2;33;108;154m▄[48;2;36;95;129m[38;2;9;18;16m▗[48;2;14;23;25m[38;2;38;107;149m▗[48;2;19;36;48m[38;2;35;99;137m▇[48;2;36;47;21m[38;2;36;82;111m▘[48;2;26;31;0m[38;2;36;40;3m▘[48;2;22;28;0m[38;2;0;0;0m [0m
[48;2;46;56;6m[38;2;59;70;9m━[48;2;58;74;9m[38;2;44;53;6m▅[48;2;55;70;9m[38;2;45;57;8m▖[48;2;48;78;47m[38;2;56;76;15m▅[48;2;37;69;54m[38;2;62;87;18m▃[48;2;22;72;80m[38;2;63;94;40m▃[48;2;3;76;98m[38;2;54;66;30m▃[48;2;4;74;95m[38;2;51;63;38m▃[48;2;9;75;92m[38;2;48;63;39m▄[48;2;7;77;95m[38;2;42;67;54m▁[48;2;6;75;98m[38;2;43;67;54m▁[48;2;3;74;103m[38;2;34;68;62m▂[48;2;3;72;98m[38;2;38;66;57m▃[48;2;0;72;104m[38;2;0;74;109m▅[48;2;0;76;112m[38;2;0;76;114m▄[48;2;0;79;115m[38;2;0;77;109m▃[48;2;0;79;116m[38;2;0;75;110m▁[48;2;4;78;112m[38;2;27;53;61m▝[48;2;25;18;24m[38;2;31;38;41m▊[48;2;21;10;16m[38;2;21;12;13m▄[48;2;18;34;42m[38;2;1;79;114m▝[48;2;0;80;118m[38;2;0;0;0m [48;2;0;80;118m[38;2;0;79;117m▄[48;2;0;84;122m[38;2;0;81;116m▃[48;2;0;85;123m[38;2;0;84;116m▃[48;2;0;87;121m[38;2;0;0;0m [48;2;0;90;125m[38;2;0;91;134m▗[48;2;0;92;135m[38;2;0;95;148m▗[48;2;1;107;166m[38;2;0;0;0m [48;2;1;107;178m[38;2;4;116;201m⎺[48;2;2;108;185m[38;2;13;69;109m▝[48;2;17;71;108m[38;2;0;108;172m▄[48;2;13;72;109m[38;2;1;106;180m▅[48;2;30;49;61m[38;2;21;85;142m▎[48;2;14;27;36m[38;2;10;14;28m▗[48;2;24;30;36m[38;2;10;15;23m▄[48;2;20;52;71m[38;2;19;33;43m▊[48;2;23;59;89m[38;2;22;114;207m▂[48;2;25;45;60m[38;2;0;0;0m [48;2;26;52;70m[38;2;23;45;60m▌[48;2;36;65;89m[38;2;36;64;89m▄[48;2;34;52;68m[38;2;33;58;81m▂[48;2;25;39;52m[38;2;26;48;62m▖[48;2;14;33;42m[38;2;22;39;46m▄[48;2;22;33;42m[38;2;0;0;0m [48;2;24;38;52m[38;2;15;39;52m▘[48;2;27;50;70m[38;2;27;44;61m▆[48;2;30;57;83m[38;2;29;53;73m▌[48;2;28;62;92m[38;2;21;64;93m╹[48;2;33;62;96m[38;2;32;67;107m▝[48;2;25;74;117m[38;2;30;68;107m▊[48;2;18;97;186m[38;2;25;82;142m▊[48;2;53;144;238m[38;2;0;0;0m [48;2;30;73;125m[38;2;40;119;205m▖[48;2;25;64;96m[38;2;30;72;120m▆[48;2;25;72;114m[38;2;27;64;90m▘[48;2;61;147;238m[38;2;25;77;132m▊[48;2;70;158;252m[38;2;70;159;251m▄[48;2;62;153;250m[38;2;66;153;250m▄[48;2;64;149;247m[38;2;0;0;0m [48;2;66;153;246m[38;2;0;0;0m [48;2;65;151;242m[38;2;47;143;225m▗[48;2;50;144;224m[38;2;55;154;233m━[48;2;40;129;196m[38;2;52;144;218m▊[48;2;12;104;162m[38;2;41;131;192m▃[48;2;12;101;155m[38;2;25;118;177m▖[48;2;18;107;159m[38;2;15;103;155m▄[48;2;5;99;149m[38;2;17;100;155m▄[48;2;14;95;147m[38;2;0;0;0m [48;2;9;33;39m[38;2;19;97;147m▇[48;2;17;44;55m[38;2;23;94;147m▃[48;2;13;19;19m[38;2;0;0;0m [48;2;25;35;34m[38;2;30;94;126m▝[48;2;24;86;126m[38;2;14;19;17m▅[48;2;27;74;111m[38;2;13;24;28m▌[48;2;34;101;141m[38;2;0;0;0m [48;2;36;82;92m[38;2;36;48;22m▆[48;2;28;32;0m[38;2;34;40;1m▌[48;2;20;27;0m[38;2;7;8;0m▁[48;2;19;23;0m[38;2;4;4;0m▄[0m
[48;2;44;50;6m[38;2;47;48;20m▃[48;2;46;49;5m[38;2;50;49;22m⎽[48;2;51;55;9m[38;2;0;0;0m [48;2;59;76;7m[38;2;55;64;10m▆[48;2;71;97;13m[38;2;59;76;8m▅[48;2;76;99;7m[38;2;62;78;5m▅[48;2;73;91;9m[38;2;61;68;6m▄[48;2;62;66;21m[38;2;62;67;10m▚[48;2;58;67;23m[38;2;64;74;5m▄[48;2;52;62;30m[38;2;62;78;20m▄[48;2;48;66;50m[38;2;51;72;42m▄[48;2;42;65;55m[38;2;9;73;90m▃[48;2;42;67;56m[38;2;40;67;62m▄[48;2;30;71;72m[38;2;37;69;60m▄[48;2;2;75;106m[38;2;0;0;0m [48;2;0;74;111m[38;2;0;76;113m▄[48;2;0;76;114m[38;2;0;78;116m▄[48;2;0;79;115m[38;2;1;78;121m╏[48;2;31;38;43m[38;2;16;65;89m▎[48;2;11;7;5m[38;2;29;19;19m▆[48;2;21;12;12m[38;2;0;0;0m [48;2;8;67;88m[38;2;18;27;32m▎[48;2;3;79;111m[38;2;30;45;49m▁[48;2;1;80;113m[38;2;0;0;0m [48;2;0;85;115m[38;2;0;86;119m▄[48;2;0;89;130m[38;2;0;88;123m▘[48;2;0;93;142m[38;2;0;91;138m▊[48;2;0;98;149m[38;2;0;107;165m▗[48;2;0;110;177m[38;2;0;119;196m┣[48;2;0;111;174m[38;2;0;114;188m┃[48;2;0;113;186m[38;2;0;115;189m▄[48;2;0;107;172m[38;2;1;118;200m▂[48;2;3;109;190m[38;2;15;116;210m▂[48;2;31;46;59m[38;2;25;70;101m▎[48;2;12;15;25m[38;2;24;21;26m▁[48;2;13;12;20m[38;2;29;26;32m▄[48;2;25;111;203m[38;2;19;40;64m▌[48;2;29;134;252m[38;2;0;0;0m [48;2;26;63;98m[38;2;24;112;199m▌[48;2;26;59;85m[38;2;28;53;75m▌[48;2;26;64;92m[38;2;0;0;0m [48;2;37;68;99m[38;2;33;62;83m▝[48;2;29;53;71m[38;2;34;61;86m▂[48;2;27;46;59m[38;2;32;55;73m▃[48;2;19;39;50m[38;2;26;40;49m▚[48;2;18;37;48m[38;2;23;40;49m▄[48;2;25;48;62m[38;2;27;42;52m▌[48;2;32;55;77m[38;2;29;52;68m▌[48;2;30;64;94m[38;2;27;61;87m▌[48;2;31;68;98m[38;2;32;64;92m▊[48;2;33;68;98m[38;2;0;0;0m [48;2;53;142;243m[38;2;26;80;137m▊[48;2;71;160;254m[38;2;68;158;254m▄[48;2;62;148;241m[38;2;0;0;0m [48;2;27;79;136m[38;2;40;121;206m▖[48;2;26;74;125m[38;2;25;82;136m▃[48;2;25;83;144m[38;2;0;0;0m [48;2;69;154;248m[38;2;30;101;181m▖[48;2;66;152;249m[38;2;70;156;250m━[48;2;53;149;239m[38;2;61;149;245m▎[48;2;55;150;236m[38;2;0;0;0m [48;2;56;150;233m[38;2;60;150;235m╵[48;2;56;145;226m[38;2;59;146;228m▄[48;2;55;146;216m[38;2;55;144;218m▄[48;2;44;130;192m[38;2;53;142;208m▊[48;2;31;115;172m[38;2;45;127;190m▄[48;2;21;105;161m[38;2;38;115;179m▄[48;2;29;105;161m[38;2;30;105;163m▄[48;2;15;99;150m[38;2;27;99;157m▇[48;2;26;102;155m[38;2;0;0;0m [48;2;26;97;151m[38;2;0;0;0m [48;2;26;51;71m[38;2;24;91;138m▊[48;2;12;10;6m[38;2;0;0;0m [48;2;7;5;1m[38;2;18;8;0m▎[48;2;22;42;51m[38;2;39;75;94m╸[48;2;30;52;52m[38;2;28;59;74m▄[48;2;23;28;9m[38;2;29;62;76m▖[48;2;30;33;0m[38;2;6;4;0m▅[48;2;6;2;0m[38;2;0;0;0m [48;2;3;1;0m[38;2;11;3;0m╴[0m
[48;2;47;48;33m[38;2;44;46;31m▝[48;2;45;46;33m[38;2;40;41;29m╴[48;2;40;41;19m[38;2;45;45;33m▇[48;2;47;48;29m[38;2;0;0;0m [48;2;56;68;7m[38;2;48;50;31m▇[48;2;56;67;17m[38;2;47;48;33m▅[48;2;58;64;15m[38;2;49;51;33m▆[48;2;59;67;2m[38;2;52;53;31m▅[48;2;61;71;13m[38;2;54;54;35m▃[48;2;62;77;13m[38;2;56;64;34m▄[48;2;60;74;26m[38;2;58;72;35m╸[48;2;18;80;82m[38;2;57;74;33m▅[48;2;43;79;61m[38;2;45;76;60m▄[48;2;19;75;89m[38;2;49;81;58m▃[48;2;3;75;110m[38;2;37;82;72m▁[48;2;3;78;113m[38;2;37;82;64m▁[48;2;7;77;110m[38;2;45;85;47m▗[48;2;7;81;109m[38;2;41;87;55m▁[48;2;2;82;120m[38;2;23;59;80m▝[48;2;22;21;21m[38;2;21;66;85m▖[48;2;13;10;3m[38;2;8;4;2m▄[48;2;18;26;26m[38;2;7;9;8m▆[48;2;24;30;32m[38;2;10;6;3m▆[48;2;15;22;23m[38;2;0;0;0m [48;2;1;81;121m[38;2;3;45;63m▎[48;2;0;87;133m[38;2;0;87;140m▃[48;2;0;98;147m[38;2;0;92;140m▊[48;2;0;100;152m[38;2;0;106;161m▝[48;2;1;114;195m[38;2;0;104;167m▖[48;2;0;113;181m[38;2;3;117;200m▊[48;2;4;120;209m[38;2;0;112;187m▌[48;2;6;123;214m[38;2;0;114;189m▝[48;2;10;107;197m[38;2;19;128;232m▆[48;2;32;62;88m[38;2;0;0;0m [48;2;27;27;30m[38;2;0;0;0m [48;2;34;32;38m[38;2;28;33;37m▂[48;2;30;130;232m[38;2;20;48;67m▎[48;2;34;138;254m[38;2;37;144;254m▄[48;2;38;141;253m[38;2;0;0;0m [48;2;18;80;144m[38;2;44;143;251m▇[48;2;20;74;120m[38;2;44;144;245m▆[48;2;35;89;145m[38;2;53;149;254m▖[48;2;30;67;99m[38;2;31;78;123m▖[48;2;31;59;84m[38;2;31;65;98m▂[48;2;31;53;70m[38;2;30;61;87m▂[48;2;27;45;60m[38;2;31;54;74m▃[48;2;26;52;66m[38;2;29;55;76m▄[48;2;28;53;73m[38;2;31;58;83m▅[48;2;30;61;89m[38;2;0;0;0m [48;2;27;65;98m[38;2;28;73;118m▁[48;2;28;73;120m[38;2;28;71;106m▌[48;2;54;150;244m[38;2;27;87;153m▊[48;2;69;160;254m[38;2;71;162;254m▄[48;2;71;158;253m[38;2;68;158;253m▄[48;2;29;97;174m[38;2;61;148;241m▊[48;2;26;90;159m[38;2;23;82;147m▝[48;2;30;96;175m[38;2;26;91;161m▊[48;2;61;149;244m[38;2;34;109;199m▌[48;2;64;154;247m[38;2;64;153;246m▄[48;2;56;146;239m[38;2;62;151;240m▁[48;2;53;142;230m[38;2;62;150;236m▃[48;2;57;144;229m[38;2;0;0;0m [48;2;59;141;225m[38;2;53;136;216m▝[48;2;56;144;221m[38;2;62;143;221m▄[48;2;58;142;215m[38;2;59;137;212m▄[48;2;51;129;199m[38;2;57;132;206m▄[48;2;42;117;183m[38;2;55;133;205m▖[48;2;35;103;165m[38;2;37;109;173m▌[48;2;29;97;158m[38;2;39;106;172m▖[48;2;26;95;149m[38;2;24;96;153m▄[48;2;23;100;153m[38;2;22;96;152m▄[48;2;23;95;150m[38;2;31;81;113m▗[48;2;12;12;7m[38;2;30;60;74m▎[48;2;13;5;0m[38;2;10;1;0m▄[48;2;11;8;5m[38;2;0;0;0m [48;2;28;45;46m[38;2;13;7;3m▆[48;2;11;16;14m[38;2;0;0;0m [48;2;15;5;0m[38;2;10;2;0m▝[48;2;7;3;0m[38;2;14;4;0m┛[48;2;1;1;0m[38;2;2;1;0m▄[0m
[48;2;31;33;20m[38;2;48;49;36m▄[48;2;50;50;36m[38;2;33;33;21m─[48;2;48;49;35m[38;2;38;38;23m▂[48;2;49;49;35m[38;2;36;35;25m▂[48;2;42;42;29m[38;2;47;48;35m▄[48;2;43;45;33m[38;2;44;46;32m▄[48;2;44;45;33m[38;2;47;48;34m▄[48;2;44;45;33m[38;2;33;35;13m⎼[48;2;46;47;33m[38;2;38;39;29m▄[48;2;48;49;34m[38;2;35;37;20m▁[48;2;51;53;20m[38;2;48;49;34m▆[48;2;49;52;32m[38;2;48;52;20m┗[48;2;59;65;24m[38;2;40;42;24m▄[48;2;52;75;54m[38;2;57;61;24m▆[48;2;57;73;28m[38;2;67;69;42m▁[48;2;59;79;23m[38;2;63;72;15m▄[48;2;60;82;23m[38;2;61;78;8m▆[48;2;55;87;33m[38;2;63;83;17m▆[48;2;56;86;30m[38;2;14;87;101m▝[48;2;12;76;103m[38;2;47;87;47m▄[48;2;19;29;32m[38;2;15;72;94m▃[48;2;9;10;7m[38;2;27;33;32m▖[48;2;15;12;13m[38;2;8;6;5m▄[48;2;15;15;15m[38;2;18;19;20m▄[48;2;3;85;130m[38;2;2;30;35m▎[48;2;0;89;140m[38;2;0;87;135m▎[48;2;0;92;144m[38;2;0;95;149m⎽[48;2;0;99;153m[38;2;0;96;148m▎[48;2;0;113;191m[38;2;0;104;160m▊[48;2;8;120;216m[38;2;0;122;202m╸[48;2;14;125;225m[38;2;21;130;235m▗[48;2;10;122;225m[38;2;21;132;240m▆[48;2;31;140;248m[38;2;28;141;248m▄[48;2;30;72;107m[38;2;36;138;240m▌[48;2;34;38;45m[38;2;20;38;43m▘[48;2;27;35;48m[38;2;35;35;45m▊[48;2;39;142;251m[38;2;21;66;108m▎[48;2;39;141;254m[38;2;47;143;254m▃[48;2;38;143;254m[38;2;50;146;255m▄[48;2;41;144;254m[38;2;56;150;255m▃[48;2;54;150;255m[38;2;60;152;255m▄[48;2;24;87;164m[38;2;52;140;241m▊[48;2;27;80;139m[38;2;23;91;165m▃[48;2;27;72;116m[38;2;24;82;149m▃[48;2;26;73;118m[38;2;0;0;0m [48;2;28;66;100m[38;2;29;91;165m▁[48;2;30;62;86m[38;2;30;62;99m▂[48;2;30;62;87m[38;2;32;64;89m▄[48;2;41;109;187m[38;2;29;63;94m▊[48;2;27;83;148m[38;2;46;127;217m▌[48;2;25;86;149m[38;2;61;148;241m▅[48;2;74;160;254m[38;2;62;154;250m▎[48;2;70;158;253m[38;2;74;161;253m▄[48;2;67;158;252m[38;2;37;136;243m▁[48;2;69;157;251m[38;2;37;135;236m▃[48;2;29;104;186m[38;2;41;127;219m▌[48;2;28;100;172m[38;2;31;112;196m▅[48;2;41;123;210m[38;2;61;155;245m▝[48;2;64;153;244m[38;2;49;138;225m▁[48;2;66;153;239m[38;2;73;155;244m╹[48;2;67;152;236m[38;2;0;0;0m [48;2;64;148;234m[38;2;65;151;234m▄[48;2;64;146;229m[38;2;66;152;230m▅[48;2;62;145;222m[38;2;65;149;227m▌[48;2;58;134;212m[38;2;64;143;216m▃[48;2;56;128;203m[38;2;59;134;210m▌[48;2;51;123;193m[38;2;56;129;204m▎[48;2;42;107;173m[38;2;47;114;183m▌[48;2;32;102;162m[38;2;0;0;0m [48;2;28;97;153m[38;2;23;99;154m▂[48;2;27;96;149m[38;2;8;96;152m▘[48;2;38;56;61m[38;2;26;91;140m▘[48;2;25;22;10m[38;2;41;48;34m▚[48;2;13;6;0m[38;2;34;35;4m▃[48;2;10;2;0m[38;2;16;12;0m▄[48;2;13;5;0m[38;2;11;5;0m▄[48;2;12;9;3m[38;2;38;46;38m╺[48;2;15;14;13m[38;2;35;67;79m╴[48;2;9;6;3m[38;2;0;0;0m [48;2;2;1;0m[38;2;0;0;0m [0m
[48;2;22;28;4m[38;2;13;27;6m╹[48;2;30;30;14m[38;2;24;27;2m▄[48;2;42;47;24m[38;2;38;49;9m▄[48;2;31;34;13m[38;2;48;64;11m▆[48;2;31;37;14m[38;2;50;69;13m▄[48;2;20;23;8m[38;2;35;40;16m▄[48;2;26;27;15m[38;2;39;38;24m▃[48;2;31;33;18m[38;2;53;55;42m▃[48;2;43;45;28m[38;2;37;37;24m▄[48;2;49;50;36m[38;2;36;36;24m▅[48;2;53;52;37m[38;2;35;36;23m▄[48;2;52;54;38m[38;2;34;34;23m▂[48;2;44;45;32m[38;2;47;49;32m▄[48;2;59;61;44m[38;2;46;48;32m▆[48;2;62;63;42m[38;2;45;47;31m▃[48;2;65;67;43m[38;2;47;48;30m▂[48;2;63;72;16m[38;2;65;68;40m▇[48;2;63;74;8m[38;2;66;70;39m▆[48;2;64;76;12m[38;2;65;71;39m▄[48;2;62;76;36m[38;2;63;71;15m━[48;2;36;83;77m[38;2;57;67;19m▇[48;2;36;39;23m[38;2;46;52;28m┛[48;2;18;15;14m[38;2;47;48;31m▄[48;2;26;30;25m[38;2;64;67;41m▄[48;2;10;83;113m[38;2;54;57;38m▆[48;2;3;84;119m[38;2;55;62;41m▆[48;2;11;85;124m[38;2;54;61;41m▅[48;2;11;95;136m[38;2;41;60;55m▅[48;2;0;99;159m[38;2;9;87;127m▎[48;2;4;118;204m[38;2;0;110;179m▖[48;2;18;129;234m[38;2;14;126;226m▌[48;2;23;133;242m[38;2;38;144;251m╺[48;2;30;140;251m[38;2;43;147;254m▅[48;2;28;70;100m[38;2;32;135;234m▊[48;2;35;46;57m[38;2;36;59;71m▎[48;2;32;42;51m[38;2;34;51;67m▂[48;2;48;146;251m[38;2;23;64;102m▎[48;2;44;146;254m[38;2;55;149;255m▁[48;2;51;150;255m[38;2;55;153;255m▄[48;2;57;152;255m[38;2;62;157;255m▄[48;2;64;154;255m[38;2;61;156;255m▄[48;2;28;123;227m[38;2;65;157;254m▊[48;2;24;97;185m[38;2;25;108;202m▅[48;2;22;91;166m[38;2;23;101;188m▄[48;2;54;145;240m[38;2;19;85;162m▘[48;2;58;148;243m[38;2;20;87;158m▝[48;2;26;77;130m[38;2;60;153;247m▃[48;2;32;75;116m[38;2;0;0;0m [48;2;44;120;202m[38;2;32;77;123m▊[48;2;67;156;251m[38;2;46;121;186m▖[48;2;74;162;254m[38;2;75;162;253m▄[48;2;76;162;253m[38;2;59;152;250m▗[48;2;41;139;241m[38;2;64;157;251m▘[48;2;37;137;240m[38;2;40;137;236m▄[48;2;35;133;230m[38;2;39;132;226m▄[48;2;36;126;213m[38;2;39;135;227m▊[48;2;30;114;196m[38;2;33;107;184m▄[48;2;35;114;194m[38;2;29;108;172m▂[48;2;48;129;218m[38;2;39;123;198m▄[48;2;64;146;232m[38;2;50;131;209m▄[48;2;54;136;214m[38;2;39;102;146m╵[48;2;58;137;216m[38;2;43;111;170m▂[48;2;62;141;213m[38;2;39;108;159m▃[48;2;60;133;197m[38;2;52;112;149m┏[48;2;63;140;210m[38;2;46;96;122m▁[48;2;59;136;207m[38;2;50;99;130m▂[48;2;42;110;171m[38;2;37;81;100m▂[48;2;28;107;167m[38;2;28;102;158m▃[48;2;26;100;158m[38;2;10;96;152m⎽[48;2;29;85;127m[38;2;29;41;22m▗[48;2;37;82;112m[38;2;38;44;13m▅[48;2;38;41;8m[38;2;0;0;0m [48;2;33;34;2m[38;2;16;11;0m▗[48;2;39;43;12m[38;2;8;6;3m▃[48;2;18;11;0m[38;2;25;28;3m▌[48;2;12;9;0m[38;2;20;22;2m┣[48;2;6;3;0m[38;2;18;11;0m╸[48;2;13;17;5m[38;2;6;2;0m▇[48;2;3;1;0m[38;2;15;5;0m━[48;2;5;1;0m[38;2;11;7;1m╸[0m
[48;2;39;43;7m[38;2;51;56;11m▂[48;2;36;40;4m[38;2;0;0;0m [48;2;35;39;6m[38;2;32;35;4m▄[48;2;31;35;1m[38;2;39;47;9m▗[48;2;36;43;4m[38;2;52;74;10m▁[48;2;25;30;5m[38;2;0;0;0m [48;2;20;21;6m[38;2;0;0;0m [48;2;29;28;15m[38;2;9;6;1m▃[48;2;45;45;33m[38;2;27;27;12m▄[48;2;30;31;19m[38;2;0;0;0m [48;2;32;34;28m[38;2;32;33;21m━[48;2;33;34;22m[38;2;37;45;41m▃[48;2;33;34;26m[38;2;46;51;42m▁[48;2;41;42;24m[38;2;0;0;0m [48;2;65;68;48m[38;2;49;51;22m▇[48;2;64;67;32m[38;2;61;64;19m┓[48;2;61;64;39m[38;2;66;69;28m▆[48;2;68;71;45m[38;2;64;68;26m▆[48;2;63;65;35m[38;2;50;51;24m━[48;2;57;60;38m[38;2;62;64;24m▂[48;2;61;65;43m[38;2;56;63;45m▄[48;2;39;41;22m[38;2;58;70;56m▆[48;2;60;68;51m[38;2;48;59;50m▂[48;2;39;46;37m[38;2;59;67;47m▘[48;2;37;37;26m[38;2;39;50;42m▄[48;2;36;40;27m[38;2;33;49;46m▃[48;2;33;48;44m[38;2;36;51;48m▄[48;2;34;59;58m[38;2;55;105;58m▃[48;2;47;115;79m[38;2;14;101;143m▝[48;2;7;120;195m[38;2;48;132;99m▃[48;2;13;124;216m[38;2;0;0;0m [48;2;21;132;237m[38;2;15;124;222m▎[48;2;30;142;247m[38;2;26;130;234m▂[48;2;29;73;105m[38;2;29;135;232m▊[48;2;38;58;78m[38;2;39;60;84m━[48;2;32;53;77m[38;2;40;57;76m▊[48;2;40;145;242m[38;2;23;67;105m▎[48;2;57;153;255m[38;2;46;149;254m╸[48;2;60;151;255m[38;2;65;156;255m▄[48;2;64;155;255m[38;2;0;0;0m [48;2;63;156;255m[38;2;66;156;255m▄[48;2;37;129;234m[38;2;70;157;255m▌[48;2;29;118;214m[38;2;30;122;220m▄[48;2;29;115;211m[38;2;0;0;0m [48;2;66;159;253m[38;2;0;0;0m [48;2;69;158;254m[38;2;71;159;254m▄[48;2;60;149;245m[38;2;0;0;0m [48;2;33;108;167m[38;2;36;112;160m▄[48;2;37;141;241m[38;2;0;0;0m [48;2;44;131;203m[38;2;38;88;106m│[48;2;46;133;214m[38;2;50;86;96m▗[48;2;44;134;219m[38;2;50;99;118m▖[48;2;43;134;220m[38;2;57;82;68m▁[48;2;49;145;235m[38;2;66;92;81m▂[48;2;50;143;230m[38;2;37;132;203m▗[48;2;38;127;206m[38;2;0;0;0m [48;2;24;107;167m[38;2;37;95;115m▄[48;2;27;98;162m[38;2;33;87;105m▅[48;2;36;101;147m[38;2;30;86;108m▆[48;2;37;114;171m[38;2;31;90;115m▄[48;2;32;108;160m[38;2;27;89;111m▃[48;2;24;93;130m[38;2;31;100;149m╵[48;2;25;87;121m[38;2;0;0;0m [48;2;26;82;114m[38;2;20;85;125m▃[48;2;24;82;115m[38;2;0;0;0m [48;2;40;81;96m[38;2;21;82;120m▆[48;2;20;81;113m[38;2;20;79;118m▄[48;2;23;82;124m[38;2;0;0;0m [48;2;25;80;112m[38;2;37;57;39m▄[48;2;35;45;8m[38;2;37;67;72m▘[48;2;31;34;0m[38;2;37;45;2m▖[48;2;39;43;1m[38;2;29;32;0m▆[48;2;30;32;0m[38;2;0;0;0m [48;2;8;3;0m[38;2;22;23;1m▎[48;2;9;7;0m[38;2;24;25;4m▘[48;2;4;1;0m[38;2;18;19;0m▘[48;2;5;2;0m[38;2;0;0;0m [48;2;5;4;1m[38;2;20;31;17m▂[48;2;2;3;0m[38;2;23;39;22m▃[48;2;4;3;0m[38;2;12;26;7m▄[0m
[48;2;50;55;14m[38;2;61;65;13m▂[48;2;47;54;10m[38;2;58;63;17m▅[48;2;46;54;8m[38;2;56;64;17m▄[48;2;48;57;7m[38;2;0;0;0m [48;2;53;75;4m[38;2;48;56;9m▄[48;2;60;78;10m[38;2;46;54;4m▃[48;2;64;79;6m[38;2;42;48;5m▂[48;2;48;56;12m[38;2;57;67;12m▄[48;2;23;25;6m[38;2;54;61;19m▖[48;2;46;55;44m[38;2;29;32;18m▌[48;2;37;45;38m[38;2;51;66;58m▇[48;2;39;53;53m[38;2;49;67;61m▇[48;2;50;64;60m[38;2;37;57;56m▅[48;2;35;51;52m[38;2;32;38;30m▝[48;2;39;41;19m[38;2;40;54;48m▄[48;2;62;63;25m[38;2;49;56;23m▄[48;2;62;63;23m[38;2;49;53;6m▄[48;2;60;63;19m[38;2;45;49;6m▃[48;2;64;66;23m[38;2;0;0;0m [48;2;64;69;36m[38;2;49;58;21m▄[48;2;40;53;38m[38;2;57;82;34m▂[48;2;42;57;43m[38;2;58;77;31m▂[48;2;39;56;46m[38;2;54;72;29m▂[48;2;39;54;44m[38;2;50;69;41m▄[48;2;40;54;45m[38;2;51;78;49m▅[48;2;42;63;51m[38;2;53;80;49m▇[48;2;56;80;47m[38;2;0;0;0m [48;2;51;90;53m[38;2;56;79;47m▆[48;2;46;107;62m[38;2;49;83;62m▅[48;2;49;108;76m[38;2;0;0;0m [48;2;20;126;185m[38;2;43;114;95m▇[48;2;19;118;193m[38;2;43;106;84m▅[48;2;24;132;217m[38;2;47;91;50m▅[48;2;48;83;55m[38;2;41;126;203m▘[48;2;44;65;74m[38;2;45;74;30m▂[48;2;37;57;73m[38;2;42;65;35m▄[48;2;44;126;200m[38;2;26;72;93m▌[48;2;59;152;241m[38;2;46;105;91m▁[48;2;47;150;243m[38;2;36;134;183m▁[48;2;44;147;240m[38;2;0;0;0m [48;2;60;157;254m[38;2;0;0;0m [48;2;30;116;216m[38;2;58;154;250m▘[48;2;31;115;210m[38;2;25;103;190m▂[48;2;49;143;244m[38;2;24;105;197m▌[48;2;70;160;254m[38;2;45;146;248m▂[48;2;65;152;237m[38;2;39;107;146m▁[48;2;42;144;245m[38;2;31;103;146m▃[48;2;41;90;100m[38;2;36;123;189m▎[48;2;39;131;217m[38;2;38;89;107m▄[48;2;43;93;102m[38;2;0;0;0m [48;2;45;87;78m[38;2;0;0;0m [48;2;49;84;67m[38;2;41;88;88m▅[48;2;56;79;61m[38;2;37;90;95m▅[48;2;61;80;56m[38;2;44;89;89m▆[48;2;45;99;104m[38;2;56;83;66m▆[48;2;45;93;98m[38;2;60;79;39m▆[48;2;55;82;62m[38;2;63;76;20m▅[48;2;45;87;86m[38;2;50;86;69m▖[48;2;47;85;92m[38;2;29;88;113m▃[48;2;40;87;97m[38;2;23;88;123m▄[48;2;30;88;106m[38;2;20;88;126m▆[48;2;20;90;133m[38;2;24;84;116m▂[48;2;18;87;129m[38;2;25;82;112m▁[48;2;18;86;127m[38;2;26;81;115m▂[48;2;20;82;123m[38;2;30;77;106m▃[48;2;24;78;114m[38;2;39;67;79m▂[48;2;24;74;100m[38;2;31;40;17m▃[48;2;29;69;86m[38;2;29;40;17m▆[48;2;35;43;2m[38;2;0;0;0m [48;2;38;46;1m[38;2;0;0;0m [48;2;30;35;0m[38;2;36;42;2m▌[48;2;26;30;0m[38;2;0;0;0m [48;2;23;25;0m[38;2;6;4;0m▄[48;2;10;6;0m[38;2;4;1;0m▇[48;2;4;4;0m[38;2;16;21;4m▁[48;2;3;7;0m[38;2;16;29;9m▅[48;2;17;27;4m[38;2;0;0;0m [48;2;15;31;7m[38;2;9;18;0m▃[48;2;12;28;3m[38;2;13;21;0m▄[48;2;4;5;0m[38;2;15;18;2m▃[0m
[48;2;58;60;15m[38;2;0;0;0m [48;2;57;60;16m[38;2;47;49;17m▁[48;2;55;60;18m[38;2;48;53;18m▃[48;2;54;57;22m[38;2;41;46;21m▗[48;2;52;54;12m[38;2;53;62;24m▆[48;2;50;53;17m[38;2;50;62;14m▄[48;2;44;51;8m[38;2;46;57;10m┏[48;2;39;42;2m[38;2;53;60;11m▄[48;2;33;35;6m[38;2;51;57;17m▃[48;2;32;37;19m[38;2;39;42;28m▄[48;2;39;54;49m[38;2;30;36;21m▃[48;2;35;56;55m[38;2;26;40;36m▁[48;2;40;60;58m[38;2;26;49;53m▂[48;2;40;60;58m[38;2;37;59;60m▂[48;2;36;58;58m[38;2;43;64;58m▅[48;2;39;59;57m[38;2;48;68;59m▃[48;2;53;64;38m[38;2;42;61;57m▇[48;2;52;58;16m[38;2;45;63;55m▆[48;2;61;65;24m[38;2;47;69;57m▅[48;2;56;68;22m[38;2;48;72;57m▅[48;2;57;86;38m[38;2;48;70;49m▅[48;2;61;85;36m[38;2;61;84;24m┏[48;2;60;80;27m[38;2;60;76;6m⎽[48;2;58;77;27m[38;2;57;79;11m⎼[48;2;56;76;39m[38;2;67;91;34m▂[48;2;57;79;40m[38;2;70;101;32m▃[48;2;63;81;32m[38;2;67;80;17m▄[48;2;62;84;41m[38;2;70;79;21m▆[48;2;56;86;60m[38;2;58;76;42m▂[48;2;40;83;64m[38;2;51;102;72m▅[48;2;40;91;73m[38;2;46;100;73m▆[48;2;42;96;79m[38;2;44;93;83m┏[48;2;36;93;84m[38;2;0;0;0m [48;2;49;93;36m[38;2;36;96;86m▆[48;2;53;87;27m[38;2;40;97;84m▅[48;2;55;79;22m[38;2;45;97;75m▅[48;2;45;83;51m[38;2;43;98;79m▅[48;2;50;105;89m[38;2;43;99;87m▄[48;2;47;130;146m[38;2;48;108;91m▇[48;2;37;131;166m[38;2;43;108;97m▆[48;2;28;119;182m[38;2;35;107;108m▅[48;2;23;91;164m[38;2;23;92;105m▇[48;2;21;95;156m[38;2;33;99;92m▆[48;2;36;127;194m[38;2;38;108;115m▇[48;2;47;142;217m[38;2;43;110;101m▆[48;2;49;107;85m[38;2;0;0;0m [48;2;46;103;88m[38;2;44;107;107m╵[48;2;46;97;88m[38;2;50;91;79m▁[48;2;41;84;86m[38;2;44;90;89m▄[48;2;43;87;84m[38;2;51;85;75m▁[48;2;46;88;82m[38;2;54;84;62m▁[48;2;43;88;90m[38;2;0;0;0m [48;2;43;86;86m[38;2;52;80;62m▁[48;2;49;82;71m[38;2;56;73;49m▃[48;2;57;77;48m[38;2;38;84;95m▁[48;2;58;76;38m[38;2;29;84;108m▄[48;2;61;80;41m[38;2;31;83;102m▆[48;2;46;85;86m[38;2;29;87;109m▅[48;2;39;86;95m[38;2;31;85;108m▆[48;2;30;84;109m[38;2;36;82;104m▂[48;2;37;82;101m[38;2;24;86;119m▁[48;2;37;81;106m[38;2;26;82;117m▂[48;2;30;78;109m[38;2;29;80;114m▌[48;2;31;78;99m[38;2;29;78;106m▊[48;2;31;75;97m[38;2;42;81;99m▃[48;2;40;74;87m[38;2;39;51;31m▗[48;2;36;41;5m[38;2;0;0;0m [48;2;31;32;0m[38;2;36;39;0m▊[48;2;28;32;0m[38;2;0;0;0m [48;2;29;34;0m[38;2;29;34;0m▄[48;2;26;30;0m[38;2;0;0;0m [48;2;8;6;1m[38;2;28;30;1m▘[48;2;6;3;0m[38;2;13;22;0m▁[48;2;11;13;0m[38;2;24;30;1m▅[48;2;29;36;0m[38;2;20;21;0m▁[48;2;28;33;0m[38;2;12;11;0m▁[48;2;20;25;0m[38;2;21;13;1m▂[48;2;8;15;0m[38;2;19;13;0m▄[48;2;15;8;0m[38;2;14;17;0m┗[48;2;16;14;1m[38;2;16;9;1m▄[0m
[48;2;22;33;11m[38;2;0;0;0m [48;2;14;26;3m[38;2;36;41;17m▝[48;2;38;41;23m[38;2;8;14;3m▖[48;2;42;47;25m[38;2;43;47;20m▄[48;2;41;47;19m[38;2;0;0;0m [48;2;42;54;5m[38;2;49;59;16m▄[48;2;45;57;10m[38;2;59;70;17m▂[48;2;43;55;6m[38;2;50;59;15m▁[48;2;54;67;14m[38;2;50;62;9m▄[48;2;49;53;33m[38;2;57;64;24m▇[48;2;41;47;27m[38;2;39;44;25m▄[48;2;28;37;23m[38;2;37;43;28m▆[48;2;33;45;37m[38;2;41;48;22m▃[48;2;38;56;47m[38;2;54;59;16m▃[48;2;40;58;52m[38;2;50;52;14m▂[48;2;40;60;54m[38;2;38;43;12m▁[48;2;42;61;58m[38;2;39;49;31m▁[48;2;40;62;63m[38;2;39;52;45m▁[48;2;37;58;61m[38;2;51;66;59m▁[48;2;46;67;57m[38;2;48;62;55m▄[48;2;56;71;52m[38;2;56;62;27m▁[48;2;60;75;49m[38;2;53;56;31m▁[48;2;62;76;44m[38;2;43;45;8m▁[48;2;59;78;32m[38;2;61;71;29m▄[48;2;66;85;30m[38;2;55;67;53m▃[48;2;70;93;21m[38;2;60;71;54m▅[48;2;63;84;42m[38;2;57;71;49m▄[48;2;67;79;39m[38;2;52;55;45m▂[48;2;58;79;50m[38;2;59;75;54m▄[48;2;47;86;73m[38;2;55;78;53m▂[48;2;35;87;89m[38;2;47;78;58m▂[48;2;46;90;84m[38;2;37;89;93m▆[48;2;39;89;86m[38;2;24;90;110m▃[48;2;40;88;84m[38;2;19;89;112m▃[48;2;38;88;84m[38;2;17;87;117m▃[48;2;41;91;77m[38;2;16;89;117m▄[48;2;42;90;72m[38;2;19;86;113m▄[48;2;43;93;81m[38;2;19;90;110m▄[48;2;39;104;96m[38;2;20;91;106m▅[48;2;41;106;94m[38;2;23;90;107m▄[48;2;33;100;96m[38;2;20;88;105m▄[48;2;30;100;96m[38;2;23;83;103m▄[48;2;23;93;98m[38;2;29;82;98m▅[48;2;27;89;95m[38;2;41;83;90m▄[48;2;32;85;91m[38;2;47;79;83m▅[48;2;48;81;81m[38;2;38;73;82m▁[48;2;52;81;77m[38;2;40;74;82m▂[48;2;50;76;72m[38;2;32;52;54m▂[48;2;57;72;53m[38;2;30;38;30m▃[48;2;58;64;41m[38;2;31;32;25m⎼[48;2;64;72;32m[38;2;65;68;48m▆[48;2;64;75;53m[38;2;62;78;68m▂[48;2;62;75;53m[38;2;53;82;88m▄[48;2;50;78;75m[38;2;34;85;114m▅[48;2;28;84;112m[38;2;19;87;133m▇[48;2;20;87;130m[38;2;12;91;144m▅[48;2;22;82;116m[38;2;13;89;136m▆[48;2;17;84;128m[38;2;17;79;111m▁[48;2;20;86;128m[38;2;23;78;118m▃[48;2;20;85;132m[38;2;18;80;118m▅[48;2;19;81;119m[38;2;12;75;110m▂[48;2;20;79;114m[38;2;11;74;107m▄[48;2;23;75;107m[38;2;8;71;89m▁[48;2;32;78;102m[38;2;20;67;87m▄[48;2;29;62;75m[38;2;0;0;0m [48;2;18;23;9m[38;2;35;54;57m▘[48;2;38;42;8m[38;2;38;54;48m▃[48;2;33;39;8m[38;2;43;61;56m▃[48;2;29;35;9m[38;2;35;52;45m▄[48;2;23;28;2m[38;2;29;45;35m▅[48;2;7;12;3m[38;2;20;35;19m▇[48;2;15;19;3m[38;2;16;27;8m▊[48;2;12;19;0m[38;2;15;8;0m▅[48;2;21;19;0m[38;2;8;3;0m▅[48;2;19;12;0m[38;2;5;2;0m▆[48;2;15;11;0m[38;2;3;1;0m▇[48;2;13;3;0m[38;2;5;2;0m▇[48;2;4;3;0m[38;2;12;7;0m╴[48;2;6;5;0m[38;2;13;16;0m▝[48;2;8;9;0m[38;2;23;24;3m▝[0m
[48;2;16;29;1m[38;2;5;25;0m▄[48;2;23;32;7m[38;2;4;21;0m▄[48;2;18;25;11m[38;2;39;45;20m⎻[48;2;33;38;15m[38;2;13;21;7m▅[48;2;36;43;15m[38;2;20;28;8m▄[48;2;51;58;18m[38;2;32;37;9m▂[48;2;62;67;19m[38;2;58;67;16m▅[48;2;61;69;15m[38;2;0;0;0m [48;2;60;67;18m[38;2;56;64;11m⎽[48;2;65;71;17m[38;2;47;52;10m▁[48;2;51;54;18m[38;2;61;68;17m▖[48;2;46;53;18m[38;2;50;51;6m▆[48;2;53;60;18m[38;2;52;54;3m▃[48;2;51;55;6m[38;2;52;55;14m▁[48;2;52;53;9m[38;2;53;53;8m▄[48;2;56;62;12m[38;2;59;72;21m▝[48;2;59;63;17m[38;2;65;79;15m━[48;2;46;54;27m[38;2;59;62;23m▃[48;2;50;61;50m[38;2;43;47;30m▇[48;2;49;57;37m[38;2;42;41;10m━[48;2;48;49;20m[38;2;62;71;52m▂[48;2;54;60;20m[38;2;63;80;47m▂[48;2;45;49;21m[38;2;65;82;47m▆[48;2;74;94;60m[38;2;0;0;0m [48;2;65;84;50m[38;2;78;97;66m▘[48;2;55;70;31m[38;2;67;86;43m⎻[48;2;60;79;19m[38;2;78;103;21m┗[48;2;57;72;24m[38;2;77;108;25m━[48;2;53;66;44m[38;2;75;105;18m▅[48;2;62;80;51m[38;2;64;82;22m▁[48;2;56;78;56m[38;2;55;77;47m▄[48;2;48;81;69m[38;2;53;82;69m▄[48;2;37;83;90m[38;2;57;79;52m▁[48;2;24;85;106m[38;2;48;66;44m▂[48;2;21;84;112m[38;2;31;46;32m▂[48;2;23;82;105m[38;2;81;84;48m▁[48;2;26;88;110m[38;2;86;95;67m▂[48;2;25;87;114m[38;2;62;87;72m▁[48;2;20;86;120m[38;2;42;81;89m▂[48;2;18;83;120m[38;2;26;79;106m▂[48;2;18;81;116m[38;2;20;78;106m▃[48;2;20;80;110m[38;2;11;71;101m▂[48;2;27;79;105m[38;2;13;74;104m▆[48;2;26;74;91m[38;2;16;72;100m▆[48;2;22;73;95m[38;2;11;58;69m▂[48;2;21;65;83m[38;2;13;42;48m▂[48;2;21;58;68m[38;2;7;23;16m▃[48;2;26;43;45m[38;2;11;16;10m▄[48;2;27;35;21m[38;2;42;49;37m▄[48;2;59;63;46m[38;2;43;50;36m▄[48;2;56;71;60m[38;2;23;38;29m╴[48;2;53;80;86m[38;2;33;64;74m▂[48;2;39;84;104m[38;2;29;77;84m▃[48;2;20;84;127m[38;2;23;85;111m▄[48;2;16;83;130m[38;2;15;86;125m▄[48;2;15;88;133m[38;2;10;80;120m▝[48;2;17;76;111m[38;2;21;86;124m▄[48;2;10;76;110m[38;2;23;84;115m▄[48;2;11;78;110m[38;2;42;79;75m▂[48;2;16;78;105m[38;2;50;76;68m▃[48;2;27;75;96m[38;2;0;0;0m [48;2;35;78;93m[38;2;32;42;19m▂[48;2;31;69;80m[38;2;31;36;7m▃[48;2;40;67;71m[38;2;30;33;3m▄[48;2;37;51;44m[38;2;35;38;5m▄[48;2;34;46;41m[38;2;38;42;6m▄[48;2;40;58;52m[38;2;39;42;4m▄[48;2;42;54;37m[38;2;42;44;2m▄[48;2;34;49;35m[38;2;41;45;6m▇[48;2;21;32;11m[38;2;21;16;0m▂[48;2;22;27;3m[38;2;13;13;0m▖[48;2;14;15;0m[38;2;35;39;9m▆[48;2;10;11;1m[38;2;36;41;10m▇[48;2;36;42;10m[38;2;36;41;16m▊[48;2;34;38;11m[38;2;35;40;9m▄[48;2;11;12;0m[38;2;35;38;9m▇[48;2;2;2;0m[38;2;30;31;5m▆[48;2;6;5;0m[38;2;20;15;0m━[48;2;11;7;0m[38;2;12;10;0m▄[48;2;6;5;0m[38;2;12;9;0m╸[0m
[48;2;9;23;2m[38;2;1;5;0m⎽[48;2;17;26;8m[38;2;27;33;4m▄[48;2;9;16;1m[38;2;29;34;8m▎[48;2;7;17;2m[38;2;28;32;17m╺[48;2;38;44;10m[38;2;21;27;6m▖[48;2;54;62;9m[38;2;54;62;19m▚[48;2;60;66;17m[38;2;60;65;9m▘[48;2;63;70;17m[38;2;61;68;10m⎻[48;2;60;70;17m[38;2;41;46;6m▁[48;2;43;46;9m[38;2;59;65;13m▘[48;2;54;56;14m[38;2;38;40;7m▄[48;2;50;51;8m[38;2;41;43;11m▄[48;2;47;48;10m[38;2;35;37;6m▄[48;2;47;50;16m[38;2;44;51;18m▄[48;2;54;57;12m[38;2;48;54;14m▄[48;2;53;57;8m[38;2;56;56;10m▄[48;2;53;53;8m[38;2;0;0;0m [48;2;48;52;32m[38;2;48;51;12m▎[48;2;47;55;47m[38;2;0;0;0m [48;2;49;60;54m[38;2;45;55;49m▄[48;2;48;60;52m[38;2;41;50;39m▄[48;2;40;58;49m[38;2;49;61;51m▃[48;2;65;86;59m[38;2;52;72;60m▎[48;2;74;94;53m[38;2;81;103;33m▁[48;2;76;95;19m[38;2;77;97;49m▘[48;2;77;99;14m[38;2;82;92;17m▄[48;2;61;74;6m[38;2;75;94;12m▊[48;2;60;84;10m[38;2;69;88;8m▄[48;2;77;104;5m[38;2;0;0;0m [48;2;80;104;6m[38;2;62;80;9m┗[48;2;74;95;14m[38;2;47;60;9m─[48;2;61;64;33m[38;2;65;75;14m▄[48;2;67;77;27m[38;2;54;56;11m▇[48;2;39;39;2m[38;2;53;53;19m▘[48;2;58;60;16m[38;2;90;90;30m▝[48;2;90;91;45m[38;2;56;63;18m▃[48;2;84;90;34m[38;2;58;63;11m⎼[48;2;55;64;23m[38;2;93;104;11m▗[48;2;40;80;75m[38;2;63;86;16m▄[48;2;17;72;97m[38;2;47;84;40m▃[48;2;13;76;94m[38;2;33;64;38m▃[48;2;18;74;91m[38;2;49;69;30m▃[48;2;26;70;80m[38;2;55;68;16m▃[48;2;20;58;64m[38;2;32;38;10m▄[48;2;20;48;49m[38;2;31;37;7m▅[48;2;14;34;23m[38;2;33;34;11m▆[48;2;31;33;10m[38;2;48;49;30m▃[48;2;43;47;26m[38;2;49;51;28m▄[48;2;44;49;26m[38;2;25;35;23m▄[48;2;31;40;28m[38;2;22;59;65m▃[48;2;45;82;69m[38;2;26;54;50m▎[48;2;44;86;77m[38;2;39;71;65m▂[48;2;47;93;81m[38;2;48;79;64m▂[48;2;38;87;100m[38;2;49;84;84m▆[48;2;30;85;106m[38;2;48;83;84m▆[48;2;28;83;108m[38;2;48;83;83m▇[48;2;32;83;98m[38;2;48;81;83m▇[48;2;49;80;81m[38;2;39;72;79m▃[48;2;49;81;78m[38;2;48;78;79m▄[48;2;48;77;75m[38;2;48;76;77m╵[48;2;33;39;9m[38;2;47;73;68m▌[48;2;31;34;0m[38;2;0;0;0m [48;2;35;37;2m[38;2;0;0;0m [48;2;32;33;0m[38;2;36;39;0m▄[48;2;32;34;0m[38;2;38;41;1m▄[48;2;38;41;1m[38;2;0;0;0m [48;2;41;43;1m[38;2;0;0;0m [48;2;40;42;2m[38;2;23;28;0m▁[48;2;28;32;2m[38;2;11;10;0m▂[48;2;11;2;0m[38;2;13;14;0m▘[48;2;26;24;5m[38;2;8;4;0m▆[48;2;35;37;4m[38;2;13;7;0m▄[48;2;37;41;14m[38;2;14;8;0m▄[48;2;32;37;11m[38;2;8;5;0m▃[48;2;33;37;11m[38;2;5;4;0m▄[48;2;31;33;6m[38;2;10;12;5m▆[48;2;14;11;0m[38;2;22;34;27m▁[48;2;13;11;0m[38;2;20;26;20m▁[48;2;5;3;0m[38;2;0;0;0m [48;2;5;2;0m[38;2;0;0;0m [0m
[48;2;11;21;1m[38;2;34;41;4m▆[48;2;34;40;4m[38;2;25;32;3m▘[48;2;31;38;4m[38;2;0;0;0m [48;2;15;24;3m[38;2;35;39;16m▂[48;2;43;49;12m[38;2;18;23;5m▖[48;2;54;63;13m[38;2;40;47;6m⎼[48;2;62;68;16m[38;2;65;69;31m▄[48;2;56;59;18m[38;2;66;67;36m┓[48;2;37;40;4m[38;2;43;44;20m▃[48;2;40;43;4m[38;2;62;63;36m▄[48;2;38;41;9m[38;2;48;51;30m▄[48;2;42;45;22m[38;2;30;33;12m▗[48;2;39;43;23m[38;2;23;28;7m▂[48;2;40;45;26m[38;2;57;59;35m▁[48;2;49;52;25m[38;2;68;68;43m▁[48;2;51;52;18m[38;2;36;36;15m▅[48;2;41;43;26m[38;2;39;40;15m▁[48;2;48;53;42m[38;2;47;48;28m▅[48;2;50;62;49m[38;2;41;44;19m▅[48;2;46;55;40m[38;2;40;41;14m▃[48;2;36;45;30m[38;2;70;73;35m▂[48;2;50;65;42m[38;2;79;90;35m▃[48;2;76;99;43m[38;2;79;104;22m▃[48;2;75;94;17m[38;2;76;100;13m▄[48;2;71;91;13m[38;2;56;76;2m⎽[48;2;84;95;16m[38;2;75;98;9m▄[48;2;85;99;16m[38;2;72;100;4m▄[48;2;67;88;12m[38;2;74;108;6m▄[48;2;77;98;8m[38;2;67;86;4m┓[48;2;81;107;2m[38;2;72;88;4m▅[48;2;79;101;2m[38;2;74;85;6m▄[48;2;86;98;11m[38;2;67;75;10m▝[48;2;54;56;9m[38;2;84;87;12m▅[48;2;47;53;4m[38;2;77;91;6m▅[48;2;53;61;15m[38;2;74;96;4m▆[48;2;81;104;3m[38;2;0;0;0m [48;2;98;111;5m[38;2;113;115;12m▆[48;2;115;114;14m[38;2;95;108;12m▁[48;2;109;113;12m[38;2;0;0;0m [48;2;82;116;21m[38;2;114;117;12m▆[48;2;55;83;26m[38;2;109;114;14m▆[48;2;65;81;14m[38;2;82;86;9m▄[48;2;49;55;3m[38;2;69;71;10m▃[48;2;38;39;2m[38;2;53;56;9m▅[48;2;33;35;7m[38;2;50;50;29m╴[48;2;58;69;51m[38;2;28;33;8m▘[48;2;64;67;39m[38;2;37;69;69m▅[48;2;33;45;36m[38;2;19;59;74m▆[48;2;26;66;71m[38;2;0;0;0m [48;2;30;70;65m[38;2;49;84;65m▆[48;2;53;88;67m[38;2;52;83;65m▄[48;2;42;71;63m[38;2;54;79;62m▇[48;2;49;74;59m[38;2;56;70;45m▁[48;2;50;80;74m[38;2;55;73;51m▄[48;2;48;82;82m[38;2;55;74;56m▄[48;2;48;83;82m[38;2;52;81;77m▂[48;2;49;80;81m[38;2;52;79;73m▃[48;2;45;77;79m[38;2;50;77;71m▄[48;2;49;79;78m[38;2;49;76;74m▅[48;2;50;76;72m[38;2;0;0;0m [48;2;54;71;58m[38;2;0;0;0m [48;2;40;46;11m[38;2;52;58;30m▖[48;2;36;40;5m[38;2;0;0;0m [48;2;33;36;0m[38;2;39;42;3m▅[48;2;35;39;0m[38;2;39;42;1m▄[48;2;36;40;1m[38;2;0;0;0m [48;2;17;23;0m[38;2;31;35;0m▊[48;2;17;22;1m[38;2;14;7;0m▆[48;2;9;1;0m[38;2;20;6;0m▁[48;2;5;2;0m[38;2;15;6;0m▃[48;2;14;9;2m[38;2;0;0;0m [48;2;18;11;1m[38;2;27;34;28m▃[48;2;18;11;3m[38;2;29;39;32m▄[48;2;10;12;6m[38;2;27;36;30m▅[48;2;24;32;25m[38;2;18;18;6m▁[48;2;25;33;26m[38;2;12;14;2m▂[48;2;23;29;22m[38;2;16;20;6m━[48;2;23;30;22m[38;2;19;22;8m▁[48;2;20;25;19m[38;2;8;6;0m▁[48;2;15;15;10m[38;2;14;7;3m▄[0m
[48;2;37;45;2m[38;2;0;0;0m [48;2;30;36;2m[38;2;12;18;0m╵[48;2;36;43;6m[38;2;17;27;0m⎼[48;2;49;54;28m[38;2;34;41;7m▆[48;2;36;41;11m[38;2;0;0;0m [48;2;49;54;16m[38;2;32;34;10m▅[48;2;50;56;16m[38;2;55;56;28m▄[48;2;55;57;21m[38;2;42;44;20m▆[48;2;58;58;30m[38;2;34;35;12m▃[48;2;36;37;13m[38;2;0;0;0m [48;2;31;35;12m[38;2;11;15;3m▂[48;2;35;39;17m[38;2;17;22;2m▃[48;2;20;26;4m[38;2;9;17;0m┓[48;2;51;53;29m[38;2;19;26;1m▇[48;2;55;57;34m[38;2;23;26;2m▇[48;2;38;39;23m[38;2;30;31;5m▎[48;2;42;44;24m[38;2;0;0;0m [48;2;45;47;24m[38;2;74;82;21m▂[48;2;48;52;23m[38;2;82;87;35m▄[48;2;64;68;38m[38;2;81;86;33m▆[48;2;75;81;40m[38;2;82;88;41m━[48;2;80;93;40m[38;2;73;100;22m▃[48;2;83;104;24m[38;2;76;110;6m▅[48;2;88;110;12m[38;2;74;108;4m▆[48;2;76;110;7m[38;2;85;97;12m▗[48;2;71;105;10m[38;2;76;84;17m▅[48;2;75;102;10m[38;2;90;86;18m▃[48;2;79;108;5m[38;2;100;100;15m▄[48;2;88;97;12m[38;2;87;114;9m┛[48;2;92;94;14m[38;2;0;0;0m [48;2;64;68;6m[38;2;82;83;12m▄[48;2;51;53;6m[38;2;88;88;17m▂[48;2;50;52;4m[38;2;52;53;23m▄[48;2;56;63;7m[38;2;63;79;18m▄[48;2;56;69;4m[38;2;73;103;10m▄[48;2;84;106;5m[38;2;66;89;2m▎[48;2;101;113;9m[38;2;95;112;7m▄[48;2;87;107;10m[38;2;88;110;6m▄[48;2;89;105;13m[38;2;104;111;15m▝[48;2;106;114;15m[38;2;74;87;18m▄[48;2;74;86;19m[38;2;0;0;0m [48;2;90;85;14m[38;2;70;75;20m▇[48;2;55;59;25m[38;2;75;78;13m▘[48;2;42;44;10m[38;2;37;43;28m▗[48;2;46;68;63m[38;2;40;48;27m▘[48;2;22;55;62m[38;2;51;76;75m▘[48;2;18;58;70m[38;2;36;62;53m▃[48;2;38;71;58m[38;2;47;86;59m━[48;2;49;87;57m[38;2;52;79;56m▄[48;2;52;80;59m[38;2;0;0;0m [48;2;52;77;58m[38;2;64;77;35m▂[48;2;59;74;38m[38;2;0;0;0m [48;2;62;68;24m[38;2;0;0;0m [48;2;59;65;32m[38;2;3;14;1m▁[48;2;55;70;45m[38;2;4;11;1m▃[48;2;53;78;66m[38;2;47;58;24m▅[48;2;48;75;66m[38;2;55;72;43m╸[48;2;49;77;73m[38;2;42;74;77m▂[48;2;46;73;73m[38;2;26;63;66m▁[48;2;49;66;61m[38;2;25;61;67m▁[48;2;39;50;26m[38;2;46;58;43m▌[48;2;41;53;24m[38;2;39;57;47m▆[48;2;45;50;27m[38;2;37;54;47m▆[48;2;35;45;27m[38;2;26;41;22m▁[48;2;33;38;10m[38;2;13;27;4m▖[48;2;28;34;2m[38;2;22;31;6m▄[48;2;22;26;7m[38;2;35;44;37m▁[48;2;19;19;8m[38;2;32;44;38m▄[48;2;15;19;9m[38;2;29;41;35m▅[48;2;17;16;5m[38;2;27;35;28m▆[48;2;28;35;30m[38;2;27;24;14m▁[48;2;27;35;30m[38;2;19;16;7m▄[48;2;23;27;19m[38;2;12;13;1m▅[48;2;21;18;10m[38;2;7;6;0m▇[48;2;10;8;0m[38;2;9;7;0m▄[48;2;12;9;0m[38;2;12;10;0m▄[48;2;25;26;18m[38;2;7;7;0m▇[48;2;16;14;5m[38;2;2;1;0m▇[48;2;2;0;0m[38;2;0;0;0m [48;2;2;0;0m[38;2;0;0;0m [0m
[48;2;24;31;1m[38;2;10;15;2m▝[48;2;13;19;4m[38;2;16;20;4m▄[48;2;31;37;4m[38;2;0;0;0m [48;2;34;40;4m[38;2;25;31;7m▁[48;2;42;44;18m[38;2;23;26;8m╸[48;2;39;38;16m[38;2;34;34;9m▄[48;2;27;25;9m[38;2;36;31;19m▚[48;2;17;22;5m[38;2;28;28;12m▄[48;2;33;36;16m[38;2;13;21;2m▆[48;2;6;20;0m[38;2;15;24;0m╵[48;2;4;18;0m[38;2;19;25;3m▝[48;2;8;18;0m[38;2;22;26;1m╸[48;2;13;21;0m[38;2;24;27;6m━[48;2;25;29;2m[38;2;40;40;15m▅[48;2;34;36;10m[38;2;0;0;0m [48;2;58;62;24m[38;2;38;40;7m▊[48;2;61;66;29m[38;2;71;77;27m▆[48;2;82;86;31m[38;2;71;77;18m▃[48;2;73;77;24m[38;2;42;46;2m▁[48;2;75;85;20m[38;2;72;76;16m▄[48;2;77;86;22m[38;2;76;82;15m▄[48;2;91;102;27m[38;2;77;80;15m▄[48;2;90;102;20m[38;2;78;85;16m▅[48;2;100;100;35m[38;2;79;82;18m▄[48;2;96;93;37m[38;2;72;75;16m▃[48;2;97;93;23m[38;2;62;64;16m▂[48;2;95;91;15m[38;2;81;83;12m▄[48;2;99;101;16m[38;2;86;85;15m▅[48;2;91;92;15m[38;2;77;79;18m▃[48;2;83;87;20m[38;2;79;82;17m▄[48;2;86;89;18m[38;2;88;93;15m▄[48;2;98;97;15m[38;2;0;0;0m [48;2;64;66;19m[38;2;88;99;19m▖[48;2;72;86;20m[38;2;49;59;8m▆[48;2;74;89;15m[38;2;50;62;13m▃[48;2;92;113;10m[38;2;52;64;6m▃[48;2;90;110;14m[38;2;65;69;25m▁[48;2;78;101;16m[38;2;59;72;21m▗[48;2;81;100;19m[38;2;58;67;27m▄[48;2;89;104;18m[38;2;53;62;31m▅[48;2;70;82;24m[38;2;51;60;30m▇[48;2;56;60;33m[38;2;46;52;21m▂[48;2;43;45;17m[38;2;31;34;1m▄[48;2;32;40;27m[38;2;23;27;7m▆[48;2;21;47;51m[38;2;37;43;7m▅[48;2;41;51;21m[38;2;0;0;0m [48;2;49;60;22m[38;2;67;84;17m╺[48;2;54;84;45m[38;2;64;77;8m▅[48;2;52;74;47m[38;2;70;85;11m▅[48;2;65;74;22m[38;2;0;0;0m [48;2;59;63;21m[38;2;14;23;4m▗[48;2;46;52;22m[38;2;5;16;1m▂[48;2;15;22;8m[38;2;41;45;27m━[48;2;8;20;1m[38;2;34;40;20m▘[48;2;6;23;0m[38;2;15;31;4m▄[48;2;31;66;61m[38;2;21;42;22m▌[48;2;30;67;66m[38;2;0;0;0m [48;2;34;70;74m[38;2;29;64;64m▆[48;2;28;63;65m[38;2;0;0;0m [48;2;28;59;58m[38;2;27;48;14m▗[48;2;32;49;41m[38;2;29;45;16m▌[48;2;38;56;50m[38;2;33;52;44m▇[48;2;24;41;27m[38;2;34;50;41m▊[48;2;24;40;24m[38;2;32;42;37m▇[48;2;25;35;25m[38;2;40;38;51m▅[48;2;33;42;40m[38;2;27;25;16m▗[48;2;34;45;39m[38;2;27;27;14m▃[48;2;32;43;37m[38;2;25;25;16m▃[48;2;29;39;34m[38;2;26;27;22m▄[48;2;26;26;22m[38;2;23;14;3m▗[48;2;25;19;14m[38;2;13;13;3m▅[48;2;6;7;0m[38;2;0;0;0m [48;2;2;3;0m[38;2;0;0;0m [48;2;15;8;0m[38;2;8;5;0m▌[48;2;10;7;0m[38;2;15;14;0m▄[48;2;11;13;0m[38;2;5;4;0m▄[48;2;3;1;0m[38;2;19;12;0m▁[48;2;3;0;0m[38;2;14;6;0m▃[48;2;6;1;0m[38;2;17;10;0m▅[48;2;9;4;0m[38;2;17;10;0m┓[0m
[48;2;9;14;0m[38;2;19;28;6m▄[48;2;16;16;6m[38;2;1;8;0m▇[48;2;32;32;15m[38;2;11;17;4m▌[48;2;25;29;13m[38;2;32;27;18m▄[48;2;15;21;6m[38;2;36;29;19m▁[48;2;40;35;25m[38;2;21;24;4m▆[48;2;30;27;15m[38;2;16;12;1m▂[48;2;44;37;26m[38;2;38;31;20m▄[48;2;16;18;7m[38;2;47;39;26m▃[48;2;7;12;1m[38;2;0;0;0m [48;2;4;14;0m[38;2;3;11;0m▄[48;2;12;15;10m[38;2;48;36;74m▂[48;2;11;15;7m[38;2;59;39;102m▃[48;2;56;45;76m[38;2;51;35;82m▄[48;2;59;46;87m[38;2;43;37;48m▂[48;2;43;41;23m[38;2;60;49;73m▆[48;2;55;56;26m[38;2;32;35;13m┓[48;2;56;60;18m[38;2;45;36;53m▃[48;2;41;44;7m[38;2;45;35;43m▃[48;2;57;63;15m[38;2;38;40;2m▆[48;2;56;60;12m[38;2;32;35;0m▅[48;2;68;76;15m[38;2;43;47;6m▄[48;2;73;80;17m[38;2;49;52;11m▅[48;2;65;69;18m[38;2;51;53;8m▆[48;2;54;57;23m[38;2;53;55;9m▘[48;2;54;57;25m[38;2;54;59;29m▆[48;2;72;74;24m[38;2;52;55;25m▆[48;2;79;76;24m[38;2;56;58;26m▇[48;2;58;60;13m[38;2;57;60;26m▃[48;2;79;78;15m[38;2;90;101;24m▃[48;2;96;106;22m[38;2;0;0;0m [48;2;89;96;15m[38;2;93;110;24m▆[48;2;89;109;21m[38;2;93;111;22m▄[48;2;81;102;18m[38;2;0;0;0m [48;2;66;79;11m[38;2;63;80;13m▄[48;2;46;56;8m[38;2;60;72;14m▄[48;2;43;52;7m[38;2;0;0;0m [48;2;38;45;1m[38;2;42;52;22m▘[48;2;46;51;25m[38;2;38;45;3m▇[48;2;52;56;33m[38;2;42;46;7m▃[48;2;56;58;33m[38;2;47;49;12m▁[48;2;30;31;4m[38;2;42;45;20m▌[48;2;34;37;10m[38;2;26;27;0m▊[48;2;56;59;31m[38;2;37;41;10m▘[48;2;59;62;8m[38;2;55;58;30m▆[48;2;56;58;4m[38;2;57;59;32m▄[48;2;61;63;12m[38;2;56;58;24m▅[48;2;64;67;12m[38;2;55;60;25m▆[48;2;51;57;25m[38;2;21;33;9m━[48;2;42;48;21m[38;2;7;20;1m╸[48;2;14;25;5m[38;2;34;40;10m▄[48;2;6;17;1m[38;2;34;41;7m▃[48;2;6;20;1m[38;2;23;35;6m━[48;2;5;17;1m[38;2;17;27;3m▄[48;2;5;22;0m[38;2;30;40;4m▄[48;2;24;38;9m[38;2;5;14;0m▂[48;2;36;65;55m[38;2;20;34;3m▆[48;2;31;66;61m[38;2;30;39;27m▆[48;2;32;49;33m[38;2;58;43;96m▂[48;2;26;40;13m[38;2;41;43;57m▁[48;2;32;48;38m[38;2;35;58;51m▅[48;2;38;59;50m[38;2;45;55;63m▁[48;2;38;55;47m[38;2;29;40;34m╺[48;2;35;44;43m[38;2;21;31;22m▘[48;2;47;36;63m[38;2;34;43;42m▃[48;2;46;35;61m[38;2;18;15;25m▁[48;2;12;8;11m[38;2;35;27;44m▌[48;2;1;0;0m[38;2;0;0;0m▄[48;2;24;21;19m[38;2;11;7;6m┓[48;2;22;15;16m[38;2;35;31;46m▆[48;2;18;17;21m[38;2;39;34;54m▆[48;2;10;8;8m[38;2;38;33;51m▄[48;2;10;9;0m[38;2;20;19;21m▖[48;2;17;14;0m[38;2;5;5;0m▄[48;2;10;5;0m[38;2;14;4;0m▄[48;2;18;8;0m[38;2;6;2;0m▘[48;2;11;5;0m[38;2;20;6;0m▅[48;2;18;9;1m[38;2;20;14;0m╏[48;2;18;12;3m[38;2;24;28;21m▗[48;2;11;10;4m[38;2;22;33;28m▄[0m
[48;2;22;32;11m[38;2;4;17;0m▝[48;2;6;13;1m[38;2;19;29;8m▂[48;2;1;5;0m[38;2;5;16;0m▆[48;2;5;9;1m[38;2;0;0;0m [48;2;29;22;14m[38;2;6;6;0m▃[48;2;24;24;10m[38;2;52;39;28m▃[48;2;16;16;5m[38;2;0;0;0m [48;2;27;22;13m[38;2;9;7;1m▂[48;2;39;34;20m[38;2;58;45;34m▊[48;2;34;30;17m[38;2;0;0;0m [48;2;0;3;0m[38;2;22;27;2m▇[48;2;10;19;7m[38;2;0;0;0m [48;2;61;45;107m[38;2;18;24;10m▇[48;2;56;38;95m[38;2;10;17;3m▆[48;2;24;29;15m[38;2;0;0;0m [48;2;39;39;14m[38;2;11;21;0m▅[48;2;28;34;8m[38;2;70;83;24m▁[48;2;16;23;4m[38;2;32;33;11m▝[48;2;52;54;32m[38;2;33;34;10m▎[48;2;43;45;5m[38;2;48;51;22m▌[48;2;45;47;9m[38;2;38;41;7m▄[48;2;44;46;10m[38;2;22;27;0m▁[48;2;45;48;10m[38;2;52;53;26m▃[48;2;51;56;14m[38;2;54;57;15m▄[48;2;51;56;23m[38;2;39;44;5m▂[48;2;54;58;23m[38;2;41;45;9m▃[48;2;46;50;23m[38;2;50;54;24m▄[48;2;48;52;23m[38;2;39;42;11m▄[48;2;50;54;29m[38;2;49;56;16m▄[48;2;81;95;24m[38;2;59;67;24m▌[48;2;90;110;27m[38;2;0;0;0m [48;2;85;104;24m[38;2;0;0;0m [48;2;78;96;24m[38;2;44;51;4m▂[48;2;82;104;21m[38;2;62;74;9m▂[48;2;69;87;13m[38;2;76;88;18m▄[48;2;58;68;7m[38;2;74;89;14m▌[48;2;55;62;6m[38;2;60;75;16m▄[48;2;43;50;2m[38;2;57;68;14m▂[48;2;38;46;1m[38;2;57;63;31m▂[48;2;39;43;1m[38;2;0;0;0m [48;2;38;45;0m[38;2;0;0;0m [48;2;49;53;25m[38;2;38;44;0m▖[48;2;50;53;29m[38;2;0;0;0m [48;2;55;59;33m[38;2;43;52;4m▄[48;2;54;60;28m[38;2;44;55;2m▅[48;2;40;48;3m[38;2;51;60;28m▘[48;2;40;48;1m[38;2;37;43;0m┗[48;2;40;44;3m[38;2;25;35;0m▂[48;2;21;28;5m[38;2;36;41;5m▊[48;2;27;33;3m[38;2;3;13;0m▇[48;2;23;34;9m[38;2;4;18;0m▆[48;2;23;29;14m[38;2;9;21;2m▄[48;2;0;11;0m[38;2;1;15;0m▁[48;2;28;38;14m[38;2;4;15;0m▇[48;2;28;37;2m[38;2;15;30;3m▂[48;2;11;23;0m[38;2;29;39;4m▇[48;2;30;40;12m[38;2;57;46;83m▗[48;2;55;40;86m[38;2;58;36;122m▄[48;2;62;42;117m[38;2;50;35;86m▗[48;2;61;43;108m[38;2;44;35;66m▃[48;2;58;45;101m[38;2;46;37;79m▂[48;2;57;45;99m[38;2;43;35;73m▁[48;2;42;51;60m[38;2;51;40;86m▅[48;2;29;28;24m[38;2;48;44;72m╸[48;2;25;34;28m[38;2;21;11;3m▇[48;2;3;1;1m[38;2;18;10;0m▅[48;2;3;5;2m[38;2;25;25;14m▄[48;2;3;4;0m[38;2;0;0;0m [48;2;16;23;7m[38;2;6;10;2m▚[48;2;3;2;0m[38;2;0;0;0m [48;2;29;22;37m[38;2;3;1;3m▇[48;2;37;31;49m[38;2;0;0;0m▆[48;2;1;1;0m[38;2;0;0;0m [48;2;6;2;0m[38;2;19;8;0m▁[48;2;23;15;0m[38;2;52;40;4m┏[48;2;21;13;0m[38;2;48;37;1m▅[48;2;24;14;0m[38;2;46;38;2m▅[48;2;22;32;26m[38;2;38;36;11m▃[48;2;19;36;30m[38;2;37;35;10m▄[48;2;24;36;28m[38;2;43;34;3m▄[0m
[48;2;24;35;11m[38;2;0;0;0m [48;2;23;33;10m[38;2;11;17;3m▂[48;2;10;17;1m[38;2;31;27;13m▂[48;2;11;18;0m[38;2;16;22;1m▄[48;2;7;14;1m[38;2;20;27;0m▆[48;2;15;17;2m[38;2;44;35;26m▝[48;2;65;46;32m[38;2;24;17;12m▖[48;2;37;27;18m[38;2;67;44;61m▂[48;2;57;44;34m[38;2;60;41;80m▂[48;2;43;36;26m[38;2;59;42;77m▂[48;2;21;25;3m[38;2;38;31;45m▁[48;2;14;20;3m[38;2;44;51;19m▗[48;2;49;63;15m[38;2;11;17;1m▘[48;2;41;53;13m[38;2;40;53;12m▄[48;2;42;55;6m[38;2;66;83;17m▆[48;2;56;64;21m[38;2;68;87;16m▆[48;2;71;86;17m[38;2;58;67;10m▂[48;2;49;58;13m[38;2;64;80;16m▄[48;2;44;51;11m[38;2;67;81;19m▆[48;2;60;69;21m[38;2;53;64;14m▄[48;2;31;38;6m[38;2;44;52;10m▎[48;2;33;37;5m[38;2;32;41;5m▄[48;2;34;41;2m[38;2;28;37;0m▖[48;2;42;47;11m[38;2;19;34;0m▃[48;2;34;39;4m[38;2;0;0;0m [48;2;41;46;7m[38;2;32;38;2m▎[48;2;46;52;12m[38;2;44;50;7m▄[48;2;47;52;11m[38;2;45;50;8m▄[48;2;46;51;4m[38;2;0;0;0m [48;2;70;86;23m[38;2;41;50;3m▚[48;2;61;75;17m[38;2;74;91;21m▄[48;2;68;83;20m[38;2;88;108;22m▄[48;2;53;65;9m[38;2;92;114;24m▆[48;2;83;104;19m[38;2;0;0;0m [48;2;86;111;21m[38;2;0;0;0m [48;2;76;96;16m[38;2;58;68;7m▂[48;2;45;53;3m[38;2;69;85;16m▘[48;2;38;44;3m[38;2;48;56;10m⎼[48;2;52;54;24m[38;2;39;43;4m▆[48;2;38;42;2m[38;2;0;0;0m [48;2;38;43;1m[38;2;0;0;0m [48;2;37;42;0m[38;2;42;48;3m▖[48;2;32;39;3m[38;2;19;29;0m╏[48;2;38;50;3m[38;2;0;0;0m [48;2;37;47;0m[38;2;39;46;0m▄[48;2;35;43;0m[38;2;22;30;0m▂[48;2;37;46;0m[38;2;31;37;0m▄[48;2;37;47;0m[38;2;31;37;0m▃[48;2;33;40;0m[38;2;0;0;0m [48;2;1;14;0m[38;2;33;41;0m▇[48;2;15;29;1m[38;2;36;42;0m▄[48;2;31;39;2m[38;2;9;27;0m▘[48;2;8;18;1m[38;2;23;33;0m▂[48;2;6;17;1m[38;2;23;33;1m▂[48;2;7;18;0m[38;2;4;13;0m▄[48;2;4;16;1m[38;2;19;28;2m▃[48;2;10;19;10m[38;2;0;0;0m [48;2;55;36;114m[38;2;13;18;18m▄[48;2;55;36;123m[38;2;34;46;53m▂[48;2;54;35;117m[38;2;43;49;79m▁[48;2;53;37;104m[38;2;38;44;56m▁[48;2;42;30;69m[38;2;3;5;11m▁[48;2;6;3;10m[38;2;34;26;50m▘[48;2;0;0;0m[38;2;14;3;0m [48;2;1;0;0m[38;2;0;0;0m▅[48;2;22;10;4m[38;2;9;2;1m╹[48;2;23;21;9m[38;2;0;0;0m [48;2;19;20;11m[38;2;17;21;11m▄[48;2;4;2;0m[38;2;15;16;6m▘[48;2;5;3;0m[38;2;0;0;0m [48;2;17;14;0m[38;2;20;17;4m▄[48;2;3;4;0m[38;2;14;12;0m▎[48;2;2;1;0m[38;2;0;0;0m [48;2;12;4;0m[38;2;15;17;1m▃[48;2;49;39;7m[38;2;30;30;8m▎[48;2;51;37;2m[38;2;39;33;6m▁[48;2;47;38;0m[38;2;48;37;0m▄[48;2;43;33;0m[38;2;50;37;0m▂[48;2;44;34;0m[38;2;39;32;0m━[48;2;42;32;0m[38;2;38;29;0m▄[0m
[48;2;13;21;6m[38;2;26;36;11m▅[48;2;23;31;11m[38;2;17;19;4m▄[48;2;29;29;14m[38;2;14;18;0m╴[48;2;36;31;22m[38;2;0;0;0m [48;2;26;28;3m[38;2;43;35;23m▂[48;2;25;27;1m[38;2;0;0;0m [48;2;41;34;15m[38;2;24;25;4m▊[48;2;59;43;37m[38;2;57;39;77m▝[48;2;56;39;87m[38;2;62;45;35m▃[48;2;58;38;95m[38;2;51;38;43m▄[48;2;57;38;99m[38;2;28;28;16m▄[48;2;50;39;75m[38;2;31;37;7m▄[48;2;54;68;15m[38;2;16;23;1m╸[48;2;54;68;17m[38;2;31;40;6m⎻[48;2;64;79;15m[38;2;62;77;18m▄[48;2;71;92;18m[38;2;68;83;24m▄[48;2;49;60;2m[38;2;66;85;20m▆[48;2;62;78;7m[38;2;69;87;16m▆[48;2;73;88;19m[38;2;42;54;11m▁[48;2;63;75;17m[38;2;53;64;4m▂[48;2;25;32;2m[38;2;62;73;19m▘[48;2;29;37;1m[38;2;4;5;0m▂[48;2;29;38;2m[38;2;3;6;0m▃[48;2;29;37;1m[38;2;3;12;0m▂[48;2;20;27;2m[38;2;0;2;0m▃[48;2;34;42;2m[38;2;9;25;0m╴[48;2;38;44;0m[38;2;49;53;5m▗[48;2;46;49;13m[38;2;62;68;38m▁[48;2;52;59;16m[38;2;55;61;32m▄[48;2;71;84;29m[38;2;51;58;13m▆[48;2;81;96;23m[38;2;71;83;21m▌[48;2;88;105;24m[38;2;70;82;17m▄[48;2;76;92;22m[38;2;38;48;6m▃[48;2;77;94;18m[38;2;57;71;18m▖[48;2;72;83;17m[38;2;47;54;1m⎻[48;2;64;73;15m[38;2;49;53;4m▆[48;2;45;49;1m[38;2;0;0;0m [48;2;42;49;5m[38;2;27;33;0m╸[48;2;41;47;3m[38;2;41;47;0m▄[48;2;45;52;3m[38;2;28;31;0m▃[48;2;45;54;0m[38;2;30;32;0m▄[48;2;42;49;0m[38;2;24;29;0m▃[48;2;43;50;1m[38;2;23;26;0m▄[48;2;33;40;1m[38;2;9;11;0m▃[48;2;27;30;0m[38;2;1;1;0m▃[48;2;23;29;0m[38;2;3;4;0m▂[48;2;22;28;0m[38;2;5;10;0m▁[48;2;24;29;0m[38;2;15;13;0m━[48;2;26;31;0m[38;2;15;12;0m▁[48;2;30;35;0m[38;2;17;29;0m▁[48;2;31;35;0m[38;2;0;0;0m [48;2;33;40;0m[38;2;31;35;0m▅[48;2;32;38;0m[38;2;34;42;0m┗[48;2;36;45;0m[38;2;32;39;0m▅[48;2;31;40;0m[38;2;6;18;0m▝[48;2;27;33;0m[38;2;18;28;0m╴[48;2;27;31;0m[38;2;25;31;0m▄[48;2;22;31;4m[38;2;0;0;0m [48;2;33;50;32m[38;2;18;25;0m▃[48;2;27;41;33m[38;2;9;11;0m▆[48;2;13;30;16m[38;2;2;3;0m▇[48;2;0;0;0m[38;2;1;0;0m▂[48;2;0;0;0m[38;2;1;1;0m [48;2;0;0;0m[38;2;1;1;0m▃[48;2;0;0;0m[38;2;1;0;0m▄[48;2;5;3;0m[38;2;28;32;0m▂[48;2;4;5;0m[38;2;32;36;2m▃[48;2;6;5;0m[38;2;31;35;0m▁[48;2;3;2;0m[38;2;30;35;1m▂[48;2;7;4;0m[38;2;31;35;1m▃[48;2;28;28;2m[38;2;0;0;0m [48;2;7;8;1m[38;2;30;35;5m▅[48;2;2;3;1m[38;2;26;34;18m▇[48;2;22;33;25m[38;2;28;30;11m▁[48;2;4;11;3m[38;2;32;29;9m▂[48;2;0;0;0m[38;2;15;9;0m▁[48;2;0;1;0m[38;2;0;0;0m━[48;2;40;31;0m[38;2;3;3;0m▆[48;2;43;31;0m[38;2;0;0;0m▆[48;2;36;29;5m[38;2;0;0;0m▇[0m
[48;2;34;42;7m[38;2;28;37;8m▌[48;2;29;33;8m[38;2;32;42;11m▄[48;2;28;30;8m[38;2;31;42;10m▃[48;2;31;28;19m[38;2;26;27;3m▆[48;2;39;32;23m[38;2;28;27;11m▆[48;2;34;27;13m[38;2;51;40;29m▚[48;2;15;19;1m[38;2;42;31;18m▖[48;2;55;42;28m[38;2;23;26;5m▌[48;2;72;48;36m[38;2;65;47;32m▝[48;2;50;40;26m[38;2;66;49;36m▎[48;2;30;34;3m[38;2;49;43;29m▎[48;2;30;36;1m[38;2;37;47;5m▗[48;2;55;70;17m[38;2;38;48;5m▆[48;2;51;66;13m[38;2;55;72;13m▄[48;2;55;70;11m[38;2;48;62;7m▄[48;2;63;67;41m[38;2;67;88;17m▆[48;2;76;94;28m[38;2;71;92;13m▄[48;2;53;66;5m[38;2;71;91;14m▌[48;2;46;57;3m[38;2;63;76;9m▖[48;2;58;72;13m[38;2;40;50;5m▅[48;2;3;8;0m[38;2;28;34;6m▎[48;2;6;11;0m[38;2;11;24;0m▄[48;2;20;28;0m[38;2;5;19;0m▃[48;2;10;23;0m[38;2;1;11;0m▃[48;2;1;6;0m[38;2;0;0;0m [48;2;0;1;0m[38;2;0;0;0m▄[48;2;42;47;7m[38;2;7;11;0m▃[48;2;36;42;2m[38;2;12;16;0m▁[48;2;29;37;6m[38;2;5;6;0m▃[48;2;59;70;18m[38;2;29;37;7m▆[48;2;71;82;23m[38;2;55;65;22m▁[48;2;50;59;19m[38;2;31;42;4m┃[48;2;34;41;1m[38;2;46;56;12m▄[48;2;47;58;11m[38;2;59;68;18m▊[48;2;50;57;8m[38;2;63;72;25m⎺[48;2;44;49;3m[38;2;48;52;1m▇[48;2;43;49;3m[38;2;13;19;0m▁[48;2;40;47;4m[38;2;27;32;0m▆[48;2;24;28;0m[38;2;6;6;0m▄[48;2;23;27;0m[38;2;6;2;0m▅[48;2;27;32;0m[38;2;7;3;0m▆[48;2;16;23;0m[38;2;9;6;0m▆[48;2;6;3;0m[38;2;20;14;1m▃[48;2;13;2;0m[38;2;16;22;1m╴[48;2;3;1;0m[38;2;21;1;0m▖[48;2;2;1;0m[38;2;0;0;0m [48;2;5;1;0m[38;2;0;0;0m [48;2;7;7;0m[38;2;0;0;0m [48;2;16;23;0m[38;2;6;9;0m▖[48;2;22;29;0m[38;2;16;27;0m▁[48;2;16;29;0m[38;2;18;27;0m▄[48;2;21;32;0m[38;2;17;29;0m▄[48;2;27;33;0m[38;2;20;31;0m▎[48;2;30;33;0m[38;2;32;38;3m▄[48;2;30;35;1m[38;2;25;28;0m╴[48;2;29;35;0m[38;2;12;19;0m▁[48;2;35;42;1m[38;2;31;37;0m▅[48;2;34;41;16m[38;2;31;39;8m▊[48;2;27;32;11m[38;2;0;0;0m [48;2;23;26;4m[38;2;5;6;1m▄[48;2;5;1;0m[38;2;24;22;0m▁[48;2;8;5;0m[38;2;28;28;0m▗[48;2;3;3;0m[38;2;29;31;0m▅[48;2;6;5;0m[38;2;30;33;0m▆[48;2;4;5;0m[38;2;29;33;0m▇[48;2;34;38;0m[38;2;29;34;0m▅[48;2;33;37;0m[38;2;28;35;2m▅[48;2;31;35;0m[38;2;29;34;1m▄[48;2;29;34;3m[38;2;27;38;18m━[48;2;30;35;3m[38;2;28;38;17m━[48;2;33;37;4m[38;2;32;37;11m▃[48;2;31;37;21m[38;2;34;38;3m▆[48;2;29;38;27m[38;2;28;29;4m▅[48;2;34;30;14m[38;2;26;25;3m▆[48;2;25;23;3m[38;2;28;27;3m▌[48;2;23;24;2m[38;2;17;16;1m▂[48;2;16;19;0m[38;2;3;4;0m▃[48;2;7;11;0m[38;2;8;9;0m▄[48;2;16;20;0m[38;2;1;2;0m▂[48;2;17;20;0m[38;2;0;0;0m▂[0m
[48;2;27;36;7m[38;2;28;39;9m▄[48;2;29;40;5m[38;2;30;41;12m▎[48;2;29;38;5m[38;2;0;0;0m [48;2;27;31;2m[38;2;0;0;0m [48;2;27;33;3m[38;2;23;29;0m╵[48;2;34;29;16m[38;2;24;26;3m▅[48;2;49;39;25m[38;2;27;24;10m▖[48;2;51;37;24m[38;2;0;0;0m [48;2;68;47;32m[38;2;0;0;0m [48;2;51;39;26m[38;2;61;46;30m▎[48;2;50;40;25m[38;2;37;40;7m▝[48;2;39;38;11m[38;2;40;37;15m▄[48;2;45;43;14m[38;2;56;68;20m▁[48;2;63;78;18m[38;2;55;66;14m─[48;2;64;81;14m[38;2;51;63;4m▘[48;2;60;75;11m[38;2;44;56;1m╵[48;2;46;56;7m[38;2;43;53;7m▄[48;2;58;71;12m[38;2;23;29;2m▅[48;2;55;67;7m[38;2;72;89;16m┗[48;2;33;42;2m[38;2;51;64;8m⎼[48;2;29;36;2m[38;2;62;73;15m▇[48;2;16;23;2m[38;2;55;65;16m▇[48;2;20;28;4m[38;2;50;59;5m▁[48;2;12;19;3m[38;2;55;63;12m▖[48;2;1;12;0m[38;2;4;5;0m▆[48;2;0;0;0m[38;2;4;0;0m▃[48;2;0;0;0m[38;2;1;4;0m╺[48;2;15;31;0m[38;2;1;9;0m▌[48;2;9;11;4m[38;2;22;33;0m▇[48;2;35;44;13m[38;2;36;44;10m▄[48;2;22;34;1m[38;2;59;66;31m╸[48;2;20;31;1m[38;2;45;54;17m▗[48;2;56;65;20m[38;2;26;38;7m▂[48;2;39;47;0m[38;2;60;67;15m▘[48;2;35;44;0m[38;2;0;0;0m [48;2;26;28;0m[38;2;20;26;0m▄[48;2;21;28;0m[38;2;0;0;0m [48;2;6;4;0m[38;2;23;26;0m▘[48;2;8;6;0m[38;2;0;0;0m [48;2;15;16;0m[38;2;49;53;17m▂[48;2;27;27;5m[38;2;58;65;15m▄[48;2;39;40;7m[38;2;66;75;13m▅[48;2;27;21;1m[38;2;76;87;20m▄[48;2;19;14;1m[38;2;46;52;11m▖[48;2;10;5;0m[38;2;13;25;0m▁[48;2;13;5;0m[38;2;26;31;2m▝[48;2;31;38;0m[38;2;17;13;0m▂[48;2;32;39;0m[38;2;0;0;0m [48;2;5;5;0m[38;2;26;30;0m▂[48;2;6;6;0m[38;2;0;0;0m [48;2;14;20;0m[38;2;2;3;0m▆[48;2;3;2;0m[38;2;0;0;0m [48;2;9;9;0m[38;2;37;40;7m▁[48;2;28;32;0m[38;2;3;3;0m─[48;2;19;28;0m[38;2;33;39;0m▄[48;2;15;23;0m[38;2;33;37;0m▄[48;2;28;34;0m[38;2;16;19;0m▘[48;2;28;37;7m[38;2;35;43;32m▝[48;2;6;10;3m[38;2;27;34;9m▄[48;2;16;14;0m[38;2;35;42;1m▄[48;2;28;35;0m[38;2;12;15;0m⎺[48;2;12;21;0m[38;2;28;39;0m▆[48;2;10;22;0m[38;2;30;37;0m▇[48;2;29;34;0m[38;2;29;44;2m▂[48;2;29;42;10m[38;2;12;29;3m⎻[48;2;27;37;12m[38;2;28;44;27m▆[48;2;29;39;20m[38;2;26;41;31m▇[48;2;26;30;3m[38;2;26;37;24m▖[48;2;31;34;0m[38;2;26;28;0m▅[48;2;35;38;1m[38;2;27;28;1m▄[48;2;31;34;1m[38;2;19;20;0m▂[48;2;29;31;1m[38;2;22;22;0m▄[48;2;23;23;2m[38;2;26;29;23m▁[48;2;19;20;3m[38;2;25;29;25m▁[48;2;21;22;5m[38;2;20;25;18m▄[48;2;15;11;0m[38;2;14;24;16m▃[48;2;10;3;0m[38;2;9;12;4m▄[48;2;0;0;0m[38;2;1;0;0m▂[48;2;0;0;0m[38;2;1;0;0m▗[48;2;0;0;0m[38;2;1;1;0m▂[0m
[48;2;21;32;8m[38;2;2;8;0m▃[48;2;21;32;7m[38;2;7;16;1m▗[48;2;19;29;1m[38;2;1;4;0m▆[48;2;10;16;0m[38;2;11;16;0m▄[48;2;19;26;0m[38;2;9;23;0m▖[48;2;22;26;0m[38;2;8;17;0m▁[48;2;15;18;3m[38;2;0;0;0m [48;2;48;36;22m[38;2;7;7;0m▁[48;2;57;41;29m[38;2;35;32;12m▁[48;2;51;38;25m[38;2;0;0;0m [48;2;53;39;25m[38;2;64;46;30m┗[48;2;42;36;14m[38;2;61;45;29m▄[48;2;44;54;15m[38;2;25;38;6m━[48;2;49;64;13m[38;2;30;42;4m╺[48;2;59;70;15m[38;2;57;63;13m▄[48;2;55;67;9m[38;2;30;34;1m▂[48;2;38;47;3m[38;2;62;77;17m▗[48;2;47;56;5m[38;2;69;85;13m▅[48;2;75;90;16m[38;2;74;90;13m▄[48;2;37;45;3m[38;2;60;73;14m▌[48;2;45;53;8m[38;2;30;36;6m▄[48;2;61;74;11m[38;2;55;65;9m▄[48;2;48;56;12m[38;2;42;48;5m▄[48;2;28;34;5m[38;2;51;56;10m─[48;2;7;8;0m[38;2;24;33;0m▅[48;2;2;4;0m[38;2;27;38;0m▆[48;2;4;11;0m[38;2;32;41;0m▆[48;2;27;36;0m[38;2;0;0;0m [48;2;10;30;0m[38;2;34;42;0m▅[48;2;10;31;0m[38;2;30;39;0m▄[48;2;7;9;0m[38;2;25;33;0m▅[48;2;35;41;5m[38;2;8;10;1m▘[48;2;31;39;0m[38;2;0;0;0m [48;2;31;42;0m[38;2;11;30;0m▂[48;2;20;32;0m[38;2;3;5;0m▁[48;2;16;28;0m[38;2;3;4;0m▄[48;2;3;4;0m[38;2;0;0;0m [48;2;14;13;1m[38;2;0;0;0m [48;2;47;55;13m[38;2;47;54;16m▄[48;2;47;55;13m[38;2;52;63;13m▄[48;2;53;62;8m[38;2;71;84;19m▄[48;2;81;94;23m[38;2;60;67;12m▘[48;2;79;91;23m[38;2;52;60;9m▃[48;2;37;46;4m[38;2;18;29;2m▗[48;2;29;38;5m[38;2;17;24;0m┏[48;2;7;8;0m[38;2;30;35;1m▇[48;2;4;5;0m[38;2;38;45;3m▃[48;2;8;7;0m[38;2;39;48;5m▂[48;2;14;15;0m[38;2;39;50;3m▁[48;2;17;16;0m[38;2;18;26;0m▄[48;2;5;3;0m[38;2;17;24;0m▆[48;2;13;19;0m[38;2;35;41;8m▝[48;2;24;32;0m[38;2;9;14;0m▃[48;2;10;21;0m[38;2;34;44;0m▆[48;2;13;28;0m[38;2;36;45;0m▆[48;2;23;34;0m[38;2;39;47;0m▅[48;2;11;29;0m[38;2;36;46;0m▆[48;2;8;26;0m[38;2;35;44;0m▆[48;2;30;37;1m[38;2;0;0;0m [48;2;37;46;1m[38;2;24;28;7m▁[48;2;36;44;2m[38;2;9;16;7m▁[48;2;36;46;3m[38;2;25;42;25m▃[48;2;34;44;0m[38;2;26;37;25m▅[48;2;28;40;11m[38;2;23;28;17m▃[48;2;29;37;9m[38;2;23;8;0m▄[48;2;29;37;22m[38;2;19;10;0m▅[48;2;25;21;18m[38;2;50;34;76m▗[48;2;38;32;43m[38;2;56;44;85m▄[48;2;41;38;38m[38;2;41;45;8m▃[48;2;18;18;6m[38;2;39;43;6m▆[48;2;25;29;4m[38;2;40;42;36m▗[48;2;21;26;18m[38;2;37;35;50m▃[48;2;30;35;37m[38;2;44;39;70m▁[48;2;30;35;37m[38;2;46;41;71m▃[48;2;37;38;49m[38;2;24;20;34m▄[48;2;19;28;19m[38;2;5;8;4m▃[48;2;13;25;18m[38;2;0;2;0m▂[48;2;16;24;18m[38;2;2;3;5m▂[48;2;4;9;4m[38;2;20;27;22m━[48;2;11;17;10m[38;2;0;1;0m▃[0m
[48;2;1;5;0m[38;2;12;20;0m▃[48;2;7;16;0m[38;2;18;23;1m▗[48;2;3;11;0m[38;2;20;23;0m▅[48;2;12;18;0m[38;2;28;46;20m▁[48;2;20;31;6m[38;2;50;71;27m▗[48;2;28;45;14m[38;2;84;108;42m▃[48;2;20;26;4m[38;2;88;97;36m⎽[48;2;11;13;5m[38;2;34;44;10m▁[48;2;29;37;11m[38;2;15;19;5m▄[48;2;41;40;18m[38;2;31;40;11m▄[48;2;38;35;16m[38;2;39;50;9m▆[48;2;60;44;28m[38;2;40;43;13m▅[48;2;68;63;26m[38;2;59;46;26m▅[48;2;61;64;22m[38;2;51;43;22m▄[48;2;49;48;14m[38;2;34;34;12m▄[48;2;42;53;12m[38;2;53;63;19m▄[48;2;58;74;14m[38;2;0;0;0m [48;2;66;82;18m[38;2;34;44;5m▃[48;2;75;89;15m[38;2;37;46;7m▂[48;2;65;75;13m[38;2;37;50;7m▄[48;2;54;62;9m[38;2;31;39;1m▆[48;2;26;37;0m[38;2;40;54;3m━[48;2;27;39;1m[38;2;9;21;0m▂[48;2;20;34;0m[38;2;1;8;0m▂[48;2;11;31;0m[38;2;3;8;0m▂[48;2;11;27;0m[38;2;12;12;0m▂[48;2;13;30;0m[38;2;9;7;0m▂[48;2;13;29;0m[38;2;5;1;0m▂[48;2;12;28;0m[38;2;1;2;0m▃[48;2;8;24;0m[38;2;30;37;0m▃[48;2;19;35;0m[38;2;25;37;0m▄[48;2;20;34;0m[38;2;16;20;0m▗[48;2;18;27;0m[38;2;5;8;0m▄[48;2;4;5;0m[38;2;12;18;0m▁[48;2;4;5;0m[38;2;17;11;0m╺[48;2;5;4;0m[38;2;17;8;0m╴[48;2;18;10;0m[38;2;5;5;0m▊[48;2;21;23;2m[38;2;14;10;0m▊[48;2;31;38;8m[38;2;60;70;14m▗[48;2;35;43;6m[38;2;54;64;18m▌[48;2;58;69;18m[38;2;25;33;4m▄[48;2;61;74;18m[38;2;27;35;2m▄[48;2;34;40;2m[38;2;0;0;0m [48;2;24;33;2m[38;2;19;20;4m▂[48;2;26;35;2m[38;2;22;27;1m▄[48;2;31;38;1m[38;2;18;26;0m╸[48;2;37;46;0m[38;2;35;42;0m▄[48;2;41;50;1m[38;2;38;46;0m▎[48;2;40;51;2m[38;2;33;42;4m╴[48;2;41;50;2m[38;2;11;15;0m▁[48;2;34;45;1m[38;2;0;0;0m [48;2;32;41;0m[38;2;0;0;0m [48;2;34;43;2m[38;2;9;12;1m▗[48;2;31;39;1m[38;2;1;2;0m▄[48;2;33;39;0m[38;2;1;1;0m▄[48;2;31;38;1m[38;2;0;1;0m▄[48;2;31;38;0m[38;2;1;1;0m▅[48;2;26;34;0m[38;2;7;12;4m▆[48;2;6;10;1m[38;2;21;35;17m▄[48;2;5;13;8m[38;2;20;36;23m▅[48;2;22;39;29m[38;2;16;20;4m⎽[48;2;22;35;25m[38;2;12;14;3m▗[48;2;22;30;23m[38;2;18;14;0m▄[48;2;28;20;18m[38;2;0;0;0m [48;2;31;16;25m[38;2;54;37;104m▅[48;2;34;24;35m[38;2;51;37;99m▆[48;2;47;36;85m[38;2;0;0;0m [48;2;55;41;102m[38;2;43;33;78m▁[48;2;47;45;45m[38;2;54;41;99m▆[48;2;44;44;25m[38;2;55;42;99m▅[48;2;45;43;39m[38;2;54;43;95m▆[48;2;55;44;96m[38;2;46;39;69m▁[48;2;53;43;86m[38;2;37;37;51m▄[48;2;23;26;28m[38;2;37;28;51m▘[48;2;6;5;5m[38;2;21;28;21m▃[48;2;3;7;6m[38;2;26;27;34m▂[48;2;1;2;3m[38;2;28;29;45m▃[48;2;28;28;43m[38;2;9;9;16m▘[48;2;7;5;11m[38;2;29;27;41m▇[48;2;7;6;10m[38;2;26;25;38m▅[0m
[48;2;14;22;1m[38;2;43;54;9m▂[48;2;18;26;3m[38;2;96;101;39m▗[48;2;27;35;13m[38;2;107;112;44m▄[48;2;66;101;46m[38;2;31;41;14m▂[48;2;40;55;7m[38;2;45;58;24m▄[48;2;65;78;22m[38;2;22;27;6m▆[48;2;42;56;9m[38;2;13;17;4m▄[48;2;50;63;15m[38;2;58;81;32m⎻[48;2;42;57;8m[38;2;76;101;38m─[48;2;38;51;7m[38;2;18;26;4m╹[48;2;34;45;8m[38;2;11;15;4m┗[48;2;41;50;11m[38;2;7;11;2m▁[48;2;27;31;12m[38;2;7;8;3m╺[48;2;61;60;28m[38;2;50;39;22m▄[48;2;59;50;24m[38;2;23;21;6m▅[48;2;55;66;17m[38;2;6;17;1m▆[48;2;50;66;18m[38;2;20;30;1m▆[48;2;24;31;3m[38;2;0;0;0m [48;2;34;40;4m[38;2;4;5;0m▁[48;2;33;38;2m[38;2;5;10;0m▃[48;2;22;30;0m[38;2;1;2;0m▄[48;2;0;0;0m[38;2;1;1;0m▄[48;2;2;1;0m[38;2;0;0;0m [48;2;5;3;0m[38;2;21;17;0m⎻[48;2;8;7;0m[38;2;0;0;0m [48;2;12;8;0m[38;2;7;28;0m▁[48;2;9;5;0m[38;2;22;34;5m▂[48;2;11;7;0m[38;2;52;63;19m▃[48;2;8;9;0m[38;2;38;48;10m▃[48;2;28;35;0m[38;2;7;7;0m━[48;2;14;20;0m[38;2;11;16;0m▄[48;2;3;9;0m[38;2;6;14;0m▄[48;2;0;1;0m[38;2;0;0;0m┏[48;2;5;18;0m[38;2;4;14;0m▄[48;2;3;19;0m[38;2;11;10;0m▄[48;2;7;7;0m[38;2;0;0;0m [48;2;8;5;0m[38;2;20;6;0m⎻[48;2;19;8;0m[38;2;7;1;0m▄[48;2;0;0;0m[38;2;1;0;0m▄[48;2;26;29;7m[38;2;20;23;6m▄[48;2;44;51;9m[38;2;0;0;0m [48;2;30;35;9m[38;2;40;47;7m▇[48;2;25;29;7m[38;2;24;33;2m▄[48;2;11;15;2m[38;2;37;43;10m▂[48;2;36;42;1m[38;2;42;48;2m▄[48;2;35;41;3m[38;2;0;0;0m [48;2;32;38;0m[38;2;0;0;0m [48;2;37;44;0m[38;2;35;40;0m▄[48;2;40;50;0m[38;2;35;45;0m▄[48;2;39;46;0m[38;2;0;0;0m [48;2;39;47;6m[38;2;0;0;0m [48;2;39;46;0m[38;2;0;0;0m [48;2;13;19;1m[38;2;33;40;5m▅[48;2;2;2;0m[38;2;33;42;9m▆[48;2;3;4;0m[38;2;37;43;0m▄[48;2;4;6;0m[38;2;26;39;18m▄[48;2;13;22;9m[38;2;18;30;19m▄[48;2;24;39;27m[38;2;12;25;12m▝[48;2;18;25;15m[38;2;26;48;36m▅[48;2;22;27;13m[38;2;26;43;34m▆[48;2;11;32;15m[38;2;26;42;33m▇[48;2;20;42;32m[38;2;27;43;34m▆[48;2;26;41;32m[38;2;0;0;0m [48;2;27;37;32m[38;2;0;0;0m [48;2;49;39;105m[38;2;43;44;71m▎[48;2;52;37;106m[38;2;53;37;114m▅[48;2;48;36;91m[38;2;53;36;111m▅[48;2;44;36;82m[38;2;50;38;105m▅[48;2;42;35;77m[38;2;51;38;109m▄[48;2;42;35;76m[38;2;49;39;103m▃[48;2;46;38;86m[38;2;18;14;35m▁[48;2;46;37;81m[38;2;4;4;8m▂[48;2;37;35;60m[38;2;4;3;7m▄[48;2;24;32;29m[38;2;1;8;2m▆[48;2;20;30;24m[38;2;2;20;2m▁[48;2;23;30;27m[38;2;5;18;5m▁[48;2;30;31;48m[38;2;16;25;19m▅[48;2;30;31;50m[38;2;5;13;10m▄[48;2;27;29;48m[38;2;0;1;2m▃[48;2;20;22;36m[38;2;0;1;2m▄[0m
[48;2;34;43;11m[38;2;55;67;22m━[48;2;41;53;11m[38;2;83;94;35m▝[48;2;53;69;17m[38;2;60;87;33m┏[48;2;61;70;20m[38;2;117;128;52m╹[48;2;37;44;9m[38;2;0;0;0m [48;2;1;2;0m[38;2;44;55;15m▆[48;2;38;48;7m[38;2;54;75;19m┻[48;2;46;60;9m[38;2;69;94;33m╴[48;2;43;56;10m[38;2;57;80;27m▝[48;2;43;58;5m[38;2;18;26;2m▃[48;2;33;46;2m[38;2;32;44;4m▄[48;2;12;14;2m[38;2;42;50;8m▇[48;2;42;52;8m[38;2;0;0;0m [48;2;26;35;7m[38;2;43;53;10m▆[48;2;18;25;3m[38;2;34;42;9m┓[48;2;8;18;2m[38;2;0;0;0m [48;2;5;11;0m[38;2;54;42;40m▁[48;2;0;0;0m[38;2;50;44;32m▁[48;2;0;0;0m[38;2;1;0;0m▂[48;2;0;0;0m[38;2;1;0;0m▁[48;2;0;0;0m[38;2;1;0;0m│[48;2;0;0;0m[38;2;1;0;0m▄[48;2;0;0;0m[38;2;53;39;83m▁[48;2;0;1;0m[38;2;0;0;0m▊[48;2;5;10;1m[38;2;45;55;14m▆[48;2;26;40;3m[38;2;9;16;1m▁[48;2;45;56;14m[38;2;11;19;1m▃[48;2;35;43;9m[38;2;28;34;6m▄[48;2;29;39;3m[38;2;46;59;18m▆[48;2;36;48;11m[38;2;9;19;0m▂[48;2;41;51;13m[38;2;21;30;3m▃[48;2;27;35;6m[38;2;8;13;0m▅[48;2;2;6;0m[38;2;23;27;4m▘[48;2;19;15;0m[38;2;1;1;0m▂[48;2;22;18;0m[38;2;6;8;0m▂[48;2;5;5;0m[38;2;16;13;0m▘[48;2;1;1;0m[38;2;1;2;0m╺[48;2;6;4;1m[38;2;0;0;0m [48;2;19;21;7m[38;2;93;101;35m▁[48;2;45;52;14m[38;2;47;55;14m▄[48;2;66;74;20m[38;2;68;82;20m▄[48;2;42;50;8m[38;2;74;91;24m▆[48;2;26;31;7m[38;2;65;78;16m▂[48;2;37;41;5m[38;2;21;24;6m▄[48;2;34;39;2m[38;2;0;0;0m [48;2;38;42;1m[38;2;7;9;0m▂[48;2;40;45;1m[38;2;34;40;0m▃[48;2;39;45;5m[38;2;0;0;0m [48;2;39;46;7m[38;2;4;11;5m▃[48;2;26;31;0m[38;2;11;18;12m▄[48;2;22;27;2m[38;2;10;12;5m▄[48;2;40;47;0m[38;2;12;15;0m▅[48;2;33;40;2m[38;2;0;0;0m [48;2;35;42;1m[38;2;0;0;0m [48;2;29;42;17m[38;2;16;31;4m▁[48;2;20;39;28m[38;2;0;0;0m [48;2;23;40;29m[38;2;1;11;2m╴[48;2;26;47;36m[38;2;17;41;31m╴[48;2;26;47;36m[38;2;15;42;29m▁[48;2;26;44;34m[38;2;25;35;27m▁[48;2;21;24;10m[38;2;26;37;28m▊[48;2;17;32;16m[38;2;26;15;0m▇[48;2;8;18;8m[38;2;27;17;0m▇[48;2;28;39;31m[38;2;17;14;1m▇[48;2;28;40;33m[38;2;9;19;3m▆[48;2;45;42;83m[38;2;5;22;5m▆[48;2;50;38;104m[38;2;5;15;5m▅[48;2;51;38;111m[38;2;7;13;11m▅[48;2;47;39;98m[38;2;7;9;9m▅[48;2;0;0;3m[38;2;0;0;0m▅[48;2;0;0;0m[38;2;0;1;0m▁[48;2;0;0;0m[38;2;0;1;0m▅[48;2;4;6;1m[38;2;19;27;3m▃[48;2;8;13;2m[38;2;28;32;6m┛[48;2;6;15;2m[38;2;5;7;1m▄[48;2;5;16;3m[38;2;13;21;4m▎[48;2;7;16;2m[38;2;4;11;1m┓[48;2;3;10;3m[38;2;7;16;4m▇[48;2;1;4;0m[38;2;4;15;2m▄[48;2;1;4;1m[38;2;14;23;15m▃[0m
[48;2;29;34;1m[38;2;30;34;0m▄[48;2;27;32;0m[38;2;32;37;2m▅[48;2;32;37;2m[38;2;0;0;0m [48;2;31;35;0m[38;2;3;5;0m▃[48;2;30;35;0m[38;2;3;8;0m▂[48;2;29;35;0m[38;2;3;9;0m▁[48;2;34;41;1m[38;2;17;27;0m▃[48;2;36;40;0m[38;2;12;26;0m▃[48;2;38;43;0m[38;2;21;29;0m▃[48;2;34;40;2m[38;2;13;22;0m▁[48;2;31;38;0m[38;2;34;41;2m▄[48;2;27;33;0m[38;2;40;46;3m▄[48;2;30;34;0m[38;2;36;44;5m▁[48;2;29;33;0m[38;2;26;31;0m┗[48;2;30;30;1m[38;2;34;29;14m╺[48;2;33;27;14m[38;2;59;38;70m▝[48;2;60;37;86m[38;2;30;19;37m▁[48;2;36;26;22m[38;2;62;40;89m▆[48;2;35;26;15m[38;2;61;40;85m▆[48;2;35;27;17m[38;2;63;40;88m▅[48;2;24;18;19m[38;2;60;38;82m▆[48;2;50;31;70m[38;2;0;0;0m [48;2;56;38;89m[38;2;53;31;78m▂[48;2;24;19;35m[38;2;56;39;86m▆[48;2;24;28;8m[38;2;43;36;44m▎[48;2;3;8;0m[38;2;19;26;0m╺[48;2;22;30;0m[38;2;8;14;0m▘[48;2;32;41;3m[38;2;20;31;0m▂[48;2;25;34;3m[38;2;36;45;8m▌[48;2;26;34;1m[38;2;11;24;1m▖[48;2;18;24;0m[38;2;19;20;1m▄[48;2;11;22;0m[38;2;26;24;5m▄[48;2;18;17;12m[38;2;44;28;38m━[48;2;25;23;16m[38;2;61;33;88m━[48;2;4;5;3m[38;2;34;42;7m▄[48;2;0;3;0m[38;2;32;41;2m▄[48;2;0;0;0m[38;2;27;37;0m▄[48;2;25;30;6m[38;2;76;85;30m▝[48;2;91;105;31m[38;2;60;67;20m▁[48;2;52;62;13m[38;2;75;90;23m▇[48;2;78;97;23m[38;2;54;65;19m▗[48;2;83;105;27m[38;2;58;67;16m▖[48;2;79;103;29m[38;2;44;72;52m▁[48;2;50;63;16m[38;2;39;73;64m▃[48;2;36;47;14m[38;2;42;73;65m▄[48;2;11;18;8m[38;2;39;70;63m▆[48;2;31;41;11m[38;2;39;71;64m▇[48;2;39;68;60m[38;2;22;41;13m▁[48;2;39;71;64m[38;2;22;39;15m▂[48;2;38;63;50m[38;2;35;43;9m▅[48;2;34;38;2m[38;2;0;0;0m [48;2;25;33;12m[38;2;3;4;0m▃[48;2;0;1;0m[38;2;0;0;0m▃[48;2;30;37;5m[38;2;8;14;8m▆[48;2;9;26;11m[38;2;25;48;37m▅[48;2;25;45;35m[38;2;20;46;34m╶[48;2;23;44;32m[38;2;22;22;8m▗[48;2;16;38;25m[38;2;21;14;1m▄[48;2;18;33;22m[38;2;10;2;0m▆[48;2;17;24;15m[38;2;14;2;0m▇[48;2;17;5;0m[38;2;15;5;0m▄[48;2;26;17;0m[38;2;11;15;5m▂[48;2;15;16;1m[38;2;16;27;18m▄[48;2;2;16;1m[38;2;21;33;25m▆[48;2;10;16;3m[38;2;22;35;28m▇[48;2;22;35;28m[38;2;0;0;0m [48;2;23;36;27m[38;2;7;25;8m▂[48;2;23;36;27m[38;2;9;21;0m▃[48;2;23;36;28m[38;2;9;22;6m▄[48;2;21;33;25m[38;2;2;12;2m▃[48;2;11;24;9m[38;2;7;16;5m╺[48;2;9;13;1m[38;2;6;12;2m▄[48;2;6;6;0m[38;2;34;29;0m▁[48;2;4;5;0m[38;2;45;37;2m▂[48;2;6;11;1m[38;2;46;36;3m▂[48;2;8;14;1m[38;2;33;31;3m▂[48;2;5;8;1m[38;2;5;14;3m▄[48;2;3;11;1m[38;2;26;23;2m▁[48;2;4;9;1m[38;2;19;14;0m▁[48;2;9;17;6m[38;2;6;10;3m▄[0m
[48;2;38;42;4m[38;2;42;47;11m╵[48;2;38;42;4m[38;2;13;15;2m▁[48;2;5;7;0m[38;2;33;38;3m▘[48;2;0;0;0m[38;2;0;1;0m▁[48;2;0;0;0m[38;2;0;1;0m [48;2;0;0;0m[38;2;27;30;0m [48;2;0;1;0m[38;2;26;30;0m▄[48;2;2;3;0m[38;2;28;32;0m▂[48;2;1;4;0m[38;2;24;26;0m▃[48;2;2;7;0m[38;2;23;28;0m▅[48;2;4;8;0m[38;2;23;27;0m▅[48;2;9;10;0m[38;2;21;28;0m▄[48;2;10;14;0m[38;2;21;28;0m▂[48;2;30;35;0m[38;2;6;12;0m▅[48;2;25;32;0m[38;2;6;5;0m▃[48;2;26;26;2m[38;2;2;3;0m▂[48;2;42;35;18m[38;2;16;25;0m▃[48;2;53;35;68m[38;2;41;37;17m▆[48;2;59;37;84m[38;2;32;25;18m▅[48;2;54;35;78m[38;2;27;20;21m▆[48;2;45;30;60m[38;2;23;16;13m▅[48;2;48;29;64m[38;2;19;6;11m▃[48;2;41;25;57m[38;2;8;3;7m▅[48;2;57;42;75m[38;2;0;0;0m▆[48;2;30;29;7m[38;2;8;7;1m▅[48;2;33;32;14m[38;2;0;0;0m [48;2;10;11;0m[38;2;24;26;5m▄[48;2;19;22;4m[38;2;0;0;0m [48;2;34;39;4m[38;2;0;0;0m [48;2;27;30;0m[38;2;0;0;0m [48;2;15;16;2m[38;2;30;32;0m▂[48;2;11;8;2m[38;2;26;29;0m▃[48;2;14;12;2m[38;2;43;36;34m━[48;2;22;26;0m[38;2;8;3;0m▆[48;2;28;36;0m[38;2;6;6;0m▄[48;2;29;38;0m[38;2;10;8;0m▂[48;2;29;37;0m[38;2;12;16;0m▝[48;2;9;8;0m[38;2;29;37;0m▃[48;2;58;63;19m[38;2;40;53;25m▄[48;2;72;88;22m[38;2;40;64;45m▆[48;2;46;61;27m[38;2;40;70;62m▅[48;2;40;69;51m[38;2;36;52;16m▂[48;2;41;71;58m[38;2;33;43;7m▄[48;2;41;73;65m[38;2;33;44;5m▆[48;2;39;69;55m[38;2;35;42;1m▆[48;2;40;68;51m[38;2;33;40;2m▇[48;2;27;37;4m[38;2;9;12;1m▃[48;2;19;31;0m[38;2;8;11;0m▄[48;2;25;34;0m[38;2;5;9;0m▆[48;2;15;18;0m[38;2;16;16;1m▄[48;2;31;35;0m[38;2;0;0;0m▁[48;2;0;0;0m[38;2;1;0;0m▎[48;2;0;0;0m[38;2;1;0;0m▂[48;2;20;31;23m[38;2;14;4;1m▅[48;2;25;42;33m[38;2;20;3;0m▄[48;2;29;38;29m[38;2;30;19;3m▄[48;2;28;19;2m[38;2;28;15;3m▄[48;2;28;20;0m[38;2;27;26;19m▄[48;2;21;11;0m[38;2;29;35;26m▄[48;2;25;13;0m[38;2;21;30;20m▅[48;2;13;13;0m[38;2;22;34;25m▆[48;2;19;34;27m[38;2;0;0;0m [48;2;21;38;30m[38;2;0;0;0m [48;2;22;37;29m[38;2;7;19;5m▂[48;2;17;34;23m[38;2;8;22;1m▃[48;2;10;22;4m[38;2;7;11;0m▖[48;2;9;19;1m[38;2;0;0;0m [48;2;8;18;0m[38;2;9;17;7m▄[48;2;5;12;4m[38;2;17;33;26m▄[48;2;4;12;4m[38;2;20;30;23m▆[48;2;13;21;3m[38;2;19;30;24m▆[48;2;41;31;5m[38;2;19;26;15m▊[48;2;56;40;0m[38;2;0;0;0m [48;2;49;36;0m[38;2;57;41;0m▌[48;2;44;34;0m[38;2;41;32;0m▄[48;2;41;32;0m[38;2;32;28;0m▝[48;2;16;18;0m[38;2;34;27;1m▇[48;2;33;26;0m[38;2;26;19;0m▗[48;2;29;22;0m[38;2;23;12;0m▗[48;2;24;22;4m[38;2;8;5;0m▅[0m
[48;2;30;33;7m[38;2;3;3;0m▅[48;2;0;0;0m[38;2;1;0;0m▄[48;2;0;0;0m[38;2;0;1;0m [48;2;0;1;0m[38;2;0;0;0m▇[48;2;4;6;0m[38;2;16;19;0m┗[48;2;20;26;0m[38;2;2;3;0m▂[48;2;25;28;0m[38;2;4;5;0m▂[48;2;28;31;0m[38;2;0;0;0m [48;2;31;34;0m[38;2;30;33;0m▄[48;2;31;35;0m[38;2;30;33;0m▄[48;2;31;33;0m[38;2;37;40;0m▂[48;2;32;35;0m[38;2;0;0;0m [48;2;32;35;0m[38;2;38;40;1m▄[48;2;31;33;0m[38;2;43;46;0m▁[48;2;18;21;0m[38;2;28;30;0m▇[48;2;12;17;0m[38;2;30;32;0m▆[48;2;3;5;0m[38;2;33;36;1m▅[48;2;6;14;0m[38;2;35;42;0m▃[48;2;26;35;4m[38;2;11;24;0m▆[48;2;18;14;3m[38;2;14;27;0m▆[48;2;0;0;0m[38;2;35;40;0m▂[48;2;0;0;0m[38;2;1;1;0m [48;2;0;0;0m[38;2;1;1;0m▂[48;2;17;16;6m[38;2;0;0;0m [48;2;18;17;4m[38;2;71;71;39m╸[48;2;34;36;2m[38;2;10;14;2m▘[48;2;31;34;0m[38;2;0;0;0m [48;2;34;38;3m[38;2;27;25;1m▄[48;2;39;42;5m[38;2;28;28;0m▄[48;2;29;33;0m[38;2;0;0;0m⎼[48;2;22;27;0m[38;2;29;31;0m▄[48;2;26;29;0m[38;2;30;31;0m▄[48;2;14;22;0m[38;2;27;30;0m▇[48;2;35;40;1m[38;2;29;33;0m▌[48;2;15;16;2m[38;2;37;43;1m▆[48;2;17;7;9m[38;2;41;46;4m▇[48;2;9;9;0m[38;2;40;47;1m▅[48;2;15;19;0m[38;2;37;44;6m▄[48;2;25;34;0m[38;2;20;21;1m▄[48;2;27;36;2m[38;2;13;10;0m▂[48;2;30;42;6m[38;2;8;11;0m▂[48;2;23;35;0m[38;2;0;0;0m▁[48;2;19;30;0m[38;2;0;0;0m▁[48;2;19;30;0m[38;2;2;2;0m▂[48;2;29;36;0m[38;2;4;7;0m▃[48;2;24;27;0m[38;2;2;3;0m▄[48;2;27;31;0m[38;2;0;0;0m▂[48;2;27;31;0m[38;2;0;0;0m▂[48;2;35;37;0m[38;2;0;0;0m▆[48;2;0;0;0m[38;2;8;1;0m [48;2;0;0;0m[38;2;1;1;0m▂[48;2;0;0;0m[38;2;3;1;0m▗[48;2;6;2;1m[38;2;22;30;24m▁[48;2;14;8;6m[38;2;33;29;53m▂[48;2;21;17;8m[38;2;32;31;46m▃[48;2;31;17;9m[38;2;46;37;66m▇[48;2;31;30;29m[38;2;49;40;76m▇[48;2;36;44;43m[38;2;47;41;73m▇[48;2;21;30;32m[38;2;30;32;45m┛[48;2;24;38;31m[38;2;1;30;21m▁[48;2;24;39;31m[38;2;0;0;0m [48;2;19;34;25m[38;2;3;20;5m╺[48;2;15;26;16m[38;2;5;14;3m┛[48;2;6;17;1m[38;2;21;35;27m▃[48;2;10;17;2m[38;2;17;36;28m▃[48;2;7;20;2m[38;2;20;36;28m▄[48;2;6;19;6m[38;2;19;31;24m▅[48;2;18;29;22m[38;2;8;22;4m▁[48;2;14;25;15m[38;2;10;11;0m▂[48;2;18;24;12m[38;2;6;11;1m▅[48;2;18;20;10m[38;2;5;13;1m▆[48;2;0;0;0m[38;2;1;1;0m▌[48;2;55;40;0m[38;2;0;0;0m▆[48;2;45;32;3m[38;2;2;0;0m▄[48;2;41;31;0m[38;2;4;2;0m▄[48;2;32;24;0m[38;2;0;0;0m▃[48;2;28;21;0m[38;2;1;0;0m▄[48;2;25;18;0m[38;2;0;0;0m▄[48;2;24;16;0m[38;2;1;3;0m▅[48;2;16;10;0m[38;2;4;10;1m▇[0m
