[?25l[0m[38;2;126;100;54;48;2;14;100;108m⡀[38;2;100;68;54;48;2;0;61;90m⠈[38;2;48;199;156m⣀[38;2;74;254;188;48;2;24;117;48m⣄[38;2;42;68;19m⠋[38;2;108;222;48;48;2;24;68;36m⣀[38;2;24;68;36;48;2;24;117;48m⢋[38;2;14;100;108;48;2;24;68;36m⢰[38;2;29;146;137;48;2;42;68;19m⣄[38;2;126;100;54m⢤[38;2;14;100;108m⠙[38;2;42;68;19;48;2;0;61;90m⡘[38;2;156;178;24;48;2;42;68;19m⠉[38;2;42;68;19;48;2;0;61;90m⠧[38;2;100;68;54m⠊[38;2;14;100;108;48;2;68;100;19m⣤[48;2;42;68;19m⣄[38;2;126;100;54m⠡[38;2;188;166;68m⠰[38;2;100;68;54;48;2;156;126;61m⢠[38;2;126;100;54;48;2;48;68;0m⢋[48;2;74;48;48m⠠[38;2;210;188;82;48;2;126;100;54m⢴⡄[38;2;126;100;54;48;2;74;48;48m⣄[38;2;156;126;61;48;2;100;68;54m⣤[38;2;100;68;54;48;2;126;100;54m⠮[38;2;126;100;54;48;2;100;68;54m⠅[48;2;74;48;48m⠸[38;2;100;68;54;48;2;126;100;54m⢰[48;2;74;48;48m⠁[38;2;156;126;61;48;2;100;68;54m⣰[38;2;126;100;54;48;2;233;210;100m⠇[38;2;188;166;68m⣠[38;2;233;210;100;48;2;188;166;68m⠋[38;2;100;68;54;48;2;156;126;61m⢈[38;2;126;100;54;48;2;100;68;54m⠋[38;2;156;126;61;48;2;126;100;54m⠋[38;2;126;100;54;48;2;100;68;54m⠇[38;2;156;126;61m⢸[48;2;210;188;82m⡠[38;2;188;166;68;48;2;156;126;61m⠅[38;2;100;68;54;48;2;126;100;54m⢠[38;2;126;100;54;48;2;74;48;48m⡀⠸[38;2;100;68;54;48;2;126;100;54m⢰[48;2;74;48;48m⠁[38;2;126;100;54m⡈[38;2;100;68;54m⢠⡀[38;2;74;48;48;48;2;100;68;54m⣀[38;2;100;68;54;48;2;74;48;48m⢠[38;2;126;100;54m⣄[38;2;156;126;61;48;2;100;68;54m⠘[38;2;126;100;54;48;2;74;48;48m⠃[48;2;100;68;54m⢸[38;2;188;166;68;48;2;156;126;61m⠋[48;2;126;100;54m⠁[38;2;74;48;48;48;2;100;68;54m⢸[38;2;156;126;61m⠘[38;2;188;166;68;48;2;156;126;61m⠙[48;2;74;48;48m⠇[38;2;156;126;61;48;2;100;68;54m⠸[38;2;188;166;68;48;2;126;100;54m⠋[38;2;156;126;61;48;2;210;188;82m⠁[38;2;210;188;82;48;2;156;126;61m⠆[38;2;156;126;61;48;2;126;100;54m⠇[38;2;74;48;48;48;2;100;68;54m⠘[38;2;126;100;54;48;2;74;48;48m⣄[38;2;156;126;61;48;2;100;68;54m⠘[38;2;126;100;54;48;2;74;48;48m⠃[38;2;156;126;61;48;2;100;68;54m⠸[48;2;210;188;82m⠁[38;2;210;188;82;48;2;156;126;61m⠆[38;2;156;126;61;48;2;126;100;54m⠇[38;2;126;100;54;48;2;100;68;54m⠘[38;2;100;68;54;48;2;74;48;48m⠁[38;2;74;48;48;48;2;100;68;54m⢋[38;2;156;126;61;48;2;74;48;48m⢨[38;2;100;68;54;48;2;156;126;61m⢱[38;2;126;100;54;48;2;100;68;54m⠋[38;2;74;48;48;48;2;74;48;48m⠀[38;2;54;29;48m⢸[38;2;100;68;54m⠸[38;2;156;126;61;48;2;100;68;54m⢸[38;2;210;188;82;48;2;188;166;68m⠩[38;2;156;126;61;48;2;233;210;100m⣤[38;2;100;68;54;48;2;126;100;54m⡈[38;2;126;100;54;48;2;233;210;100m⠇[38;2;188;166;68m⣠[38;2;233;210;100;48;2;188;166;68m⠋[38;2;100;68;54;48;2;156;126;61m⢈[38;2;126;100;54;48;2;100;68;54m⠋[38;2;156;126;61;48;2;126;100;54m⠋[38;2;126;100;54;48;2;100;68;54m⠇[38;2;156;126;61m⢸[48;2;210;188;82m⡠[38;2;188;166;68;48;2;156;126;61m⠅[38;2;100;68;54;48;2;126;100;54m⢠[38;2;48;199;156;48;2;100;68;54m⠈[48;2;74;48;48m⢁[48;2;0;61;90m⣤[48;2;14;100;108m⠄[38;2;29;146;137;48;2;0;61;90m⣠[38;2;42;68;19;48;2;14;100;108m⠊⠉[48;2;0;61;90m⣠[38;2;108;137;24;48;2;42;68;19m⣁[38;2;156;178;24;48;2;68;100;19m⡄[38;2;108;137;24;48;2;42;68;19m⣠[38;2;24;117;48m⢰[38;2;108;222;48;48;2;24;68;36m⠖[38;2;24;117;48;48;2;61;166;48m⢎[38;2;61;166;48;48;2;24;68;36m⢀⣠[38;2;188;254;61;48;2;24;117;48m⣤[38;2;42;68;19m⠋[38;2;108;222;48;48;2;24;68;36m⣀[38;2;24;68;36;48;2;24;117;48m⢋[38;2;61;166;48m⠠[0m
[38;2;156;178;24;48;2;42;68;19m⡀[38;2;0;61;90;48;2;48;199;156m⣠[38;2;48;199;156;48;2;29;146;137m⢡[38;2;61;166;48;48;2;74;254;188m⢱[38;2;24;117;48;48;2;61;166;48m⡄[38;2;108;222;48m⡘[38;2;188;254;61;48;2;24;117;48m⠓[38;2;61;166;48;48;2;0;61;90m⡂[38;2;188;166;68m⠐[38;2;42;68;19;48;2;210;188;82m⣡[38;2;0;61;90;48;2;74;42;61m⣀[48;2;42;68;19m⠍[48;2;68;100;19m⠈[38;2;108;137;24;48;2;42;68;19m⠄[38;2;42;68;19;48;2;0;61;90m⡀[38;2;14;100;108m⠶[38;2;188;166;68;48;2;14;100;108m⠰[38;2;0;61;90;48;2;42;68;19m⡀[38;2;74;100;9m⣠[48;2;48;68;0m⣁[38;2;14;68;36;48;2;61;166;48m⡰[38;2;188;244;54;48;2;74;100;9m⡠[38;2;210;188;82m⠉[48;2;156;126;61m⣤[38;2;126;100;54;48;2;210;188;82m⠉[38;2;156;126;61m⠁[38;2;210;188;82;48;2;156;126;61m⣈[38;2;188;166;68;48;2;126;100;54m⡄[38;2;126;100;54;48;2;74;48;48m⠠⡀[38;2;156;126;61m⣤[38;2;100;68;54;48;2;156;126;61m⠆[38;2;188;166;68m⠉⠁[38;2;100;68;54m⢠[38;2;156;126;61;48;2;126;100;54m⡰[38;2;74;48;48;48;2;100;68;54m⢠[38;2;126;100;54m⠋[38;2;100;68;54;48;2;74;48;48m⢋[38;2;74;48;48;48;2;126;100;54m⠇[38;2;156;126;61;48;2;156;126;61m⠀[38;2;188;166;68m⠔[38;2;100;68;54;48;2;126;100;54m⡀⢁[38;2;126;100;54;48;2;74;48;48m⠠⡀[38;2;156;126;61m⣤⡁[38;2;100;68;54m⣈⢡[38;2;156;126;61m⣤⣀[38;2;188;166;68;48;2;126;100;54m⠘[38;2;156;126;61;48;2;100;68;54m⠇[38;2;74;48;48;48;2;74;48;48m⠀[38;2;188;166;68;48;2;100;68;54m⠸[38;2;126;100;54;48;2;188;166;68m⣤[38;2;100;68;54;48;2;156;126;61m⣠[48;2;74;48;48m⠇[38;2;126;100;54m⢰[38;2;100;68;54;48;2;126;100;54m⠤[38;2;126;100;54;48;2;100;68;54m⡀[38;2;210;188;82m⢠[38;2;156;126;61;48;2;210;188;82m⠙⠐[38;2;210;188;82;48;2;156;126;61m⠄[38;2;100;68;54;48;2;126;100;54m⠘[38;2;126;100;54;48;2;74;48;48m⢀[38;2;188;166;68;48;2;126;100;54m⠘[38;2;156;126;61;48;2;100;68;54m⠇[38;2;74;48;48;48;2;74;48;48m⠀[38;2;188;166;68;48;2;100;68;54m⢰[38;2;156;126;61;48;2;210;188;82m⠐[38;2;210;188;82;48;2;156;126;61m⠄[38;2;100;68;54;48;2;126;100;54m⠘[48;2;74;48;48m⡄[38;2;74;48;48;48;2;54;29;48m⡄[38;2;100;68;54;48;2;74;48;48m⠂[38;2;156;126;61;48;2;100;68;54m⢸[38;2;126;100;54m⠇[48;2;74;48;48m⣠[48;2;100;68;54m⡆[38;2;74;48;48;48;2;54;29;48m⣂[38;2;126;100;54;48;2;74;48;48m⡀⢠[38;2;188;166;68;48;2;156;126;61m⣀[38;2;100;68;54m⠰[38;2;156;126;61;48;2;100;68;54m⢸[38;2;188;166;68;48;2;156;126;61m⠉⠁[38;2;100;68;54m⢠[38;2;156;126;61;48;2;126;100;54m⡰[38;2;74;48;48;48;2;100;68;54m⢠[38;2;126;100;54m⠋[38;2;100;68;54;48;2;74;48;48m⢋[38;2;74;48;48;48;2;126;100;54m⠇[38;2;156;126;61;48;2;156;126;61m⠀[38;2;188;166;68m⠔[38;2;100;68;54;48;2;126;100;54m⡀[38;2;233;210;100m⢠[38;2;210;188;82;48;2;156;126;61m⣆[38;2;156;126;61;48;2;210;188;82m⠋[38;2;0;61;90;48;2;188;166;68m⢉[38;2;156;126;61;48;2;0;61;90m⠄[38;2;29;146;137;48;2;42;68;19m⠘⠁[38;2;42;68;19;48;2;210;222;29m⡥[38;2;68;100;19;48;2;156;178;24m⢴[38;2;156;178;24;48;2;210;222;29m⠋[38;2;210;222;29;48;2;68;100;19m⠙⠇[38;2;68;100;19;48;2;108;137;24m⠙[38;2;156;178;24;48;2;24;68;36m⡀[38;2;24;68;36;48;2;108;222;48m⣠[38;2;108;222;48;48;2;61;166;48m⢡[38;2;61;166;48;48;2;188;254;61m⢱[38;2;24;117;48;48;2;61;166;48m⡄[38;2;108;222;48m⡘[38;2;188;254;61;48;2;24;117;48m⠓[38;2;61;166;48;48;2;24;68;36m⡀[0m
[38;2;210;188;82;48;2;74;42;61m⡀[38;2;233;210;100m⠁[38;2;188;254;61m⠈[38;2;74;42;61;48;2;24;117;48m⣠[38;2;188;166;68;48;2;24;68;36m⢄[38;2;108;222;48m⠉[38;2;74;42;61m⣄[38;2;14;100;108m⠸[38;2;68;100;19;48;2;0;61;90m⢠[38;2;42;68;19;48;2;108;137;24m⠋[38;2;156;178;24;48;2;68;100;19m⢠[38;2;108;137;24;48;2;42;68;19m⡆[48;2;68;100;19m⢠[38;2;42;68;19;48;2;156;178;24m⠢[38;2;156;178;24;48;2;42;68;19m⢓[38;2;233;210;100;48;2;0;61;90m⠐⢆[38;2;188;244;54;48;2;74;100;9m⠐[38;2;146;188;36m⠋[38;2;61;166;48;48;2;48;68;0m⣄[38;2;14;68;36;48;2;74;100;9m⣆[38;2;146;188;36;48;2;48;68;0m⢤[38;2;233;210;100;48;2;74;100;9m⣀[38;2;100;82;42;48;2;210;188;82m⠃[38;2;188;166;68;48;2;233;210;100m⣁[38;2;156;126;61m⣠[38;2;210;188;82;48;2;126;100;54m⠙[38;2;126;100;54;48;2;210;188;82m⢘[38;2;100;68;54;48;2;126;100;54m⢱[38;2;188;166;68;48;2;156;126;61m⠃[38;2;100;68;54;48;2;126;100;54m⢠[38;2;156;126;61;48;2;74;48;48m⢀[38;2;188;166;68;48;2;156;126;61m⢀⡀[38;2;156;126;61;48;2;100;68;54m⡄[38;2;100;68;54;48;2;188;166;68m⠉[38;2;188;166;68;48;2;100;68;54m⣄[38;2;100;68;54;48;2;74;48;48m⣤[38;2;126;100;54m⠰[38;2;100;68;54;48;2;126;100;54m⣀[48;2;156;126;61m⣆[48;2;126;100;54m⣠[38;2;74;48;48;48;2;100;68;54m⣰[38;2;100;68;54;48;2;74;48;48m⠃⠈[38;2;74;48;48;48;2;100;68;54m⢸[38;2;126;100;54m⠙[38;2;100;68;54;48;2;156;126;61m⣤[38;2;156;126;61;48;2;100;68;54m⢁[38;2;100;68;54;48;2;156;126;61m⠉[48;2;126;100;54m⠑⢤[38;2;126;100;54;48;2;100;68;54m⠃[38;2;100;68;54;48;2;74;48;48m⢉⣈[38;2;156;126;61;48;2;100;68;54m⠘[38;2;100;68;54;48;2;126;100;54m⣠[38;2;126;100;54;48;2;100;68;54m⠁[38;2;100;68;54;48;2;54;29;48m⡀[38;2;156;126;61;48;2;100;68;54m⠸[38;2;188;166;68;48;2;126;100;54m⢀[38;2;100;68;54;48;2;188;166;68m⢀[48;2;126;100;54m⣡[38;2;156;126;61;48;2;210;188;82m⣆[38;2;233;210;100m⠂[38;2;156;126;61;48;2;126;100;54m⠇[38;2;126;100;54;48;2;100;68;54m⢸[38;2;210;188;82;48;2;156;126;61m⢱[38;2;188;166;68;48;2;126;100;54m⠂[38;2;126;100;54;48;2;100;68;54m⠸⠂[38;2;210;188;82m⢸[38;2;188;166;68;48;2;126;100;54m⠃[38;2;126;100;54;48;2;100;68;54m⡘⠁[38;2;100;68;54;48;2;74;48;48m⠇⢀[38;2;156;126;61m⡀[38;2;100;68;54m⢸[48;2;156;126;61m⠁[38;2;126;100;54;48;2;100;68;54m⠋[38;2;100;68;54;48;2;74;48;48m⠃⢸[38;2;156;126;61;48;2;100;68;54m⢰[38;2;100;68;54;48;2;126;100;54m⢱[38;2;188;166;68;48;2;156;126;61m⠃[38;2;100;68;54;48;2;126;100;54m⢠[38;2;156;126;61;48;2;74;48;48m⢀[38;2;188;166;68;48;2;156;126;61m⢀⡀[38;2;156;126;61;48;2;100;68;54m⡄[38;2;100;68;54;48;2;188;166;68m⠉[38;2;188;166;68;48;2;100;68;54m⣄[38;2;100;68;54;48;2;74;48;48m⣤[38;2;126;100;54m⠰[38;2;100;68;54;48;2;126;100;54m⣀[48;2;156;126;61m⣆[48;2;126;100;54m⣠[38;2;74;48;48;48;2;100;68;54m⣰[38;2;254;233;126m⢸[38;2;156;126;61;48;2;233;210;100m⢀[38;2;188;166;68m⣄[38;2;210;188;82;48;2;68;100;19m⣂[38;2;188;166;68m⡐[38;2;108;137;24;48;2;42;68;19m⠋[38;2;68;100;19m⢁[38;2;210;188;82m⠉[38;2;24;117;48;48;2;14;100;108m⢸[38;2;210;222;29;48;2;24;117;48m⠁[38;2;61;166;48;48;2;24;68;36m⡀[38;2;24;68;36;48;2;42;68;19m⣆[38;2;188;166;68;48;2;24;68;36m⢤[38;2;156;126;61;48;2;74;42;61m⡀[38;2;210;188;82m⠁[38;2;188;254;61m⠈[38;2;74;42;61;48;2;24;117;48m⣠[38;2;188;166;68;48;2;24;68;36m⢄[38;2;108;222;48m⠉[38;2;74;42;61m⣄[38;2;61;166;48m⠈[0m
[38;2;61;166;48;48;2;24;117;48m⡤[38;2;24;68;36m⠲[38;2;61;166;48;48;2;108;222;48m⡙[48;2;24;68;36m⢠[48;2;74;42;61m⣄[38;2;24;68;36m⣀[38;2;126;100;54;48;2;24;68;36m⠙⢎[38;2;108;137;24;48;2;0;61;90m⠘⠉[38;2;126;100;54;48;2;42;68;19m⣀[38;2;156;178;24;48;2;100;68;54m⠁[38;2;100;68;54;48;2;0;61;90m⣀[38;2;42;68;19;48;2;126;100;54m⠍[38;2;210;188;82m⠁[38;2;126;100;54;48;2;156;126;61m⣄[38;2;61;166;48m⠉[38;2;156;126;61;48;2;188;166;68m⣠[38;2;100;82;42;48;2;210;188;82m⢡[38;2;24;117;48m⠚[38;2;100;82;42m⠋[38;2;74;100;9m⠉[38;2;108;146;24;48;2;233;210;100m⠂[38;2;100;68;54m⢀[38;2;156;126;61;48;2;74;48;48m⠋[38;2;126;100;54;48;2;100;68;54m⠔[48;2;74;48;48m⠈[38;2;100;68;54;48;2;126;100;54m⣰[48;2;74;48;48m⠁[38;2;188;166;68;48;2;156;126;61m⢠[48;2;100;68;54m⡄[38;2;156;126;61;48;2;74;48;48m⠸[38;2;188;166;68;48;2;233;210;100m⣠[38;2;126;100;54;48;2;188;166;68m⢰[38;2;156;126;61;48;2;100;68;54m⠁[38;2;100;68;54;48;2;156;126;61m⡀[38;2;188;166;68m⣀[38;2;156;126;61;48;2;100;68;54m⡀[38;2;210;188;82;48;2;74;48;48m⢠[38;2;100;68;54;48;2;210;188;82m⠋[48;2;188;166;68m⠁[38;2;156;126;61;48;2;126;100;54m⣆[38;2;126;100;54;48;2;100;68;54m⣆[38;2;74;48;48m⠉[38;2;100;68;54;48;2;74;48;48m⡄⠈⠘[38;2;74;48;48;48;2;100;68;54m⣈[38;2;126;100;54;48;2;74;48;48m⠘[38;2;210;188;82;48;2;126;100;54m⠙[38;2;156;126;61;48;2;210;188;82m⣄[38;2;188;166;68;48;2;126;100;54m⠂[38;2;100;68;54m⠎[38;2;233;210;100m⣤[38;2;210;188;82m⣄[38;2;126;100;54;48;2;100;68;54m⣤⣰[38;2;233;210;100;48;2;126;100;54m⣤[38;2;210;188;82m⣄[38;2;126;100;54;48;2;74;48;48m⡄[38;2;156;126;61;48;2;100;68;54m⠈[38;2;188;166;68m⠖[38;2;100;68;54;48;2;74;48;48m⠋[38;2;126;100;54;48;2;100;68;54m⠙[38;2;100;68;54;48;2;126;100;54m⣤⣤[38;2;126;100;54;48;2;74;48;48m⠈[38;2;100;68;54;48;2;156;126;61m⣀[48;2;126;100;54m⣤[48;2;74;48;48m⠇[38;2;126;100;54;48;2;100;68;54m⣠[38;2;156;126;61m⢸[38;2;210;188;82;48;2;126;100;54m⢀[38;2;100;68;54m⠚[38;2;126;100;54;48;2;100;68;54m⣤[38;2;100;68;54;48;2;74;48;48m⡄[38;2;156;126;61;48;2;100;68;54m⠘[38;2;74;48;48m⣠[38;2;126;100;54;48;2;54;29;48m⢸[48;2;100;68;54m⠋[38;2;74;48;48;48;2;54;29;48m⢋[38;2;54;29;48;48;2;74;48;48m⠱[38;2;100;68;54m⠄[38;2;126;100;54m⠈[38;2;100;68;54m⠁[38;2;188;166;68;48;2;156;126;61m⢠[48;2;100;68;54m⡄[38;2;156;126;61;48;2;74;48;48m⠸[38;2;188;166;68;48;2;233;210;100m⣠[38;2;126;100;54;48;2;188;166;68m⢰[38;2;156;126;61;48;2;100;68;54m⠁[38;2;100;68;54;48;2;156;126;61m⡀[38;2;188;166;68m⣀[38;2;156;126;61;48;2;100;68;54m⡀[38;2;210;188;82;48;2;74;48;48m⢠[38;2;100;68;54;48;2;210;188;82m⠋[48;2;188;166;68m⠁[38;2;156;126;61;48;2;126;100;54m⣆[38;2;126;100;54;48;2;100;68;54m⣆[38;2;156;126;61m⠸[38;2;126;100;54;48;2;156;126;61m⣰[48;2;100;68;54m⠙[38;2;156;126;61;48;2;254;233;126m⣤[38;2;254;233;126;48;2;156;178;24m⡁[38;2;156;126;61;48;2;68;100;19m⣠[38;2;108;137;24m⡈[38;2;156;126;61;48;2;42;68;19m⢀[38;2;42;68;19;48;2;156;126;61m⢃[38;2;108;137;24;48;2;24;117;48m⡉[48;2;42;68;19m⢰[48;2;24;117;48m⡄[38;2;61;166;48;48;2;24;68;36m⢀[48;2;24;117;48m⡤[38;2;24;68;36m⠲[38;2;61;166;48;48;2;108;222;48m⡙[48;2;24;68;36m⢠[48;2;74;42;61m⣄[38;2;24;68;36m⣀[38;2;126;100;54;48;2;24;68;36m⠙⠎[0m
[38;2;108;222;48;48;2;100;68;54m⠘[48;2;24;68;36m⠁[38;2;74;42;61m⢀[38;2;24;68;36;48;2;74;42;61m⠙[38;2;74;42;61;48;2;24;68;36m⣠[38;2;24;68;36;48;2;100;68;54m⠈[38;2;100;68;54;48;2;24;117;48m⣄⣁[38;2;108;222;48;48;2;100;68;54m⣀[38;2;61;166;48m⣀[38;2;74;100;9;48;2;24;117;48m⢬[38;2;48;68;0;48;2;100;68;54m⢀[38;2;61;166;48;48;2;48;68;0m⢀[38;2;24;117;48;48;2;100;68;54m⣀⡀[38;2;126;100;54m⠈[38;2;74;100;9m⢀[38;2;0;61;90m⢀[38;2;29;146;137;48;2;48;68;0m⡀[48;2;156;126;61m⢀[38;2;156;126;61;48;2;14;100;108m⠋[38;2;108;146;24;48;2;210;188;82m⣀[38;2;146;188;36m⣀[38;2;74;48;48m⠈[38;2;210;188;82;48;2;74;48;48m⡄[38;2;100;68;54m⡁[38;2;126;100;54m⢰[38;2;100;68;54;48;2;156;126;61m⢸[38;2;126;100;54;48;2;74;48;48m⣄[38;2;156;126;61;48;2;100;68;54m⠘[38;2;126;100;54;48;2;74;48;48m⠃[48;2;100;68;54m⢸[38;2;188;166;68;48;2;156;126;61m⠋[48;2;126;100;54m⠁[38;2;74;48;48;48;2;100;68;54m⢸[38;2;156;126;61m⠘[38;2;188;166;68;48;2;156;126;61m⠙[48;2;74;48;48m⠇[38;2;156;126;61;48;2;100;68;54m⠸[38;2;188;166;68;48;2;126;100;54m⠋[38;2;156;126;61;48;2;210;188;82m⠁[38;2;210;188;82;48;2;156;126;61m⠆[38;2;156;126;61;48;2;126;100;54m⠇[38;2;74;48;48;48;2;100;68;54m⢀[38;2;100;68;54;48;2;74;48;48m⢰[48;2;156;126;61m⠈[38;2;126;100;54;48;2;100;68;54m⡦⢀[38;2;100;68;54;48;2;126;100;54m⡀[48;2;188;166;68m⠉[38;2;188;166;68;48;2;126;100;54m⡄[38;2;126;100;54;48;2;74;48;48m⠁[48;2;100;68;54m⠘[38;2;188;166;68;48;2;126;100;54m⠹[38;2;100;68;54m⢠[38;2;126;100;54;48;2;100;68;54m⠈[38;2;156;126;61m⠘[38;2;233;210;100m⠉[38;2;126;100;54;48;2;74;48;48m⠉[38;2;100;68;54;48;2;54;29;48m⣁[38;2;74;48;48m⡌[38;2;100;68;54;48;2;74;48;48m⠉[38;2;54;29;48m⡜[38;2;100;68;54m⡤[38;2;54;29;48m⢀[38;2;100;68;54;48;2;54;29;48m⠠[38;2;54;29;48;48;2;74;48;48m⢱[38;2;74;48;48;48;2;54;29;48m⠋[38;2;54;29;48;48;2;74;48;48m⠶⡀[38;2;100;68;54;48;2;126;100;54m⢀[38;2;74;48;48;48;2;100;68;54m⣆[38;2;100;68;54;48;2;126;100;54m⡄[38;2;126;100;54;48;2;188;166;68m⣠[48;2;100;68;54m⠃[38;2;54;29;48;48;2;74;48;48m⢀[38;2;100;68;54m⠁[48;2;54;29;48m⢀[38;2;156;126;61;48;2;100;68;54m⣀[38;2;126;100;54;48;2;74;48;48m⢠[38;2;74;48;48;48;2;156;126;61m⠁[48;2;100;68;54m⢸[38;2;126;100;54;48;2;74;48;48m⢠[48;2;100;68;54m⠆[48;2;74;48;48m⣄[38;2;156;126;61;48;2;100;68;54m⠘[38;2;126;100;54;48;2;74;48;48m⠃[48;2;100;68;54m⢸[38;2;188;166;68;48;2;156;126;61m⠋[48;2;126;100;54m⠁[38;2;74;48;48;48;2;100;68;54m⢸[38;2;156;126;61m⠘[38;2;188;166;68;48;2;156;126;61m⠙[48;2;74;48;48m⠇[38;2;156;126;61;48;2;100;68;54m⠸[38;2;188;166;68;48;2;126;100;54m⠋[38;2;156;126;61;48;2;210;188;82m⠁[38;2;210;188;82;48;2;156;126;61m⠆[38;2;156;126;61;48;2;126;100;54m⠇[38;2;126;100;54;48;2;100;68;54m⢀⢄⢀⢈[38;2;100;68;54;48;2;126;100;54m⡀⡘[38;2;126;100;54;48;2;100;68;54m⡑⠁⠁[38;2;42;68;19m⠉[38;2;156;178;24m⠘[48;2;42;68;19m⠇[38;2;126;100;54;48;2;100;68;54m⠁[38;2;108;222;48m⠘[48;2;24;68;36m⠁[38;2;74;42;61m⢀[38;2;24;68;36;48;2;74;42;61m⠙[38;2;74;42;61;48;2;24;68;36m⣠[38;2;24;68;36;48;2;100;68;54m⠈[38;2;100;68;54;48;2;24;117;48m⣄⣁[0m
[38;2;126;100;54;48;2;100;68;54m⠠[38;2;117;74;36;48;2;74;42;61m⢆⣄⡀[38;2;74;42;61m⠀[38;2;100;68;54m⢈[38;2;74;42;61;48;2;100;68;54m⢤⡀[38;2;146;188;36m⣨[38;2;108;222;48;48;2;74;100;9m⠉[38;2;61;166;48m⢓[38;2;74;100;9;48;2;48;68;0m⣁[38;2;14;68;36;48;2;61;166;48m⡰[38;2;188;244;54;48;2;74;100;9m⡠[38;2;100;68;54m⢉[38;2;74;100;9;48;2;100;68;54m⠒[38;2;108;146;24;48;2;100;82;42m⠲[38;2;188;244;54;48;2;74;100;9m⢄[38;2;48;68;0;48;2;29;146;137m⣄[38;2;14;100;108;48;2;48;68;0m⠎[38;2;108;146;24;48;2;74;100;9m⡐[38;2;14;100;108m⣠[38;2;210;188;82;48;2;48;199;156m⠺[38;2;74;254;188;48;2;210;188;82m⡀[38;2;100;68;54;48;2;188;166;68m⣰[48;2;74;48;48m⠱⠸[38;2;156;126;61;48;2;100;68;54m⢇[38;2;188;166;68;48;2;126;100;54m⠘[38;2;156;126;61;48;2;100;68;54m⠇[38;2;74;48;48;48;2;74;48;48m⠀[38;2;188;166;68;48;2;100;68;54m⠸[38;2;126;100;54;48;2;188;166;68m⣤[38;2;100;68;54;48;2;156;126;61m⣠[48;2;74;48;48m⠇[38;2;126;100;54m⢰[38;2;100;68;54;48;2;126;100;54m⠤[38;2;126;100;54;48;2;100;68;54m⡀[38;2;210;188;82m⢠[38;2;156;126;61;48;2;210;188;82m⠙⠐[38;2;210;188;82;48;2;156;126;61m⠄[38;2;100;68;54;48;2;126;100;54m⠘[48;2;74;48;48m⡄⢈[38;2;126;100;54;48;2;100;68;54m⠈[38;2;100;68;54;48;2;74;48;48m⠋[48;2;126;100;54m⡦[38;2;126;100;54;48;2;100;68;54m⢸[48;2;156;126;61m⣤[38;2;100;68;54m⢸[48;2;74;48;48m⣡[38;2;126;100;54;48;2;100;68;54m⡄[38;2;74;48;48m⡐[38;2;100;68;54;48;2;74;48;48m⡉[38;2;54;29;48m⣠[38;2;48;19;61;48;2;54;29;48m⢀[38;2;100;68;54m⠂[38;2;74;48;48m⠂[38;2;126;100;54m⠉[38;2;74;42;90m⢀⢀[48;2;48;19;61m⡤[38;2;54;29;48m⠉[38;2;74;42;90m⢤⡀⡀[38;2;54;29;48m⠘[38;2;74;48;48;48;2;54;29;48m⠉⠈[38;2;100;68;54m⠋[38;2;54;29;48;48;2;74;48;48m⣄[38;2;100;68;54m⢉[38;2;74;48;48;48;2;100;68;54m⢂[38;2;126;100;54m⢠[38;2;100;68;54;48;2;74;48;48m⡄[38;2;74;48;48;48;2;54;29;48m⠁[38;2;126;100;54;48;2;74;48;48m⠘[48;2;100;68;54m⠋[48;2;74;48;48m⠈[38;2;100;68;54;48;2;126;100;54m⣠[48;2;74;48;48m⠁[38;2;126;100;54m⠈[48;2;100;68;54m⢀[38;2;188;166;68;48;2;126;100;54m⠘[38;2;156;126;61;48;2;100;68;54m⠇[38;2;74;48;48;48;2;74;48;48m⠀[38;2;188;166;68;48;2;100;68;54m⠸[38;2;126;100;54;48;2;188;166;68m⣤[38;2;100;68;54;48;2;156;126;61m⣠[48;2;74;48;48m⠇[38;2;126;100;54m⢰[38;2;100;68;54;48;2;126;100;54m⠤[38;2;126;100;54;48;2;100;68;54m⡀[38;2;210;188;82m⢠[38;2;156;126;61;48;2;210;188;82m⠙⠐[38;2;210;188;82;48;2;156;126;61m⠄[38;2;100;68;54;48;2;126;100;54m⠘[38;2;156;126;61;48;2;100;68;54m⢸[38;2;100;68;54;48;2;126;100;54m⢰[38;2;156;126;61;48;2;74;48;48m⠸[38;2;100;68;54;48;2;126;100;54m⠨[38;2;126;100;54;48;2;100;68;54m⠕[38;2;100;68;54;48;2;126;100;54m⡨[38;2;156;126;61;48;2;100;68;54m⠉[38;2;126;100;54m⠐[38;2;100;68;54m⠀[38;2;126;100;54m⠐[38;2;100;68;54m⠀[38;2;126;100;54m⠁[38;2;100;68;54m⠀[38;2;126;100;54m⠐[38;2;100;68;54;48;2;74;42;61m⢆[38;2;117;74;36m⣄⡀[38;2;74;42;61m⠀[38;2;100;68;54m⢈[38;2;74;42;61;48;2;100;68;54m⢤⡀[0m
[38;2;74;42;61;48;2;100;68;54m⠐[38;2;188;108;42;48;2;74;42;61m⢐[48;2;117;74;36m⠑⠧[38;2;117;74;36;48;2;74;42;61m⠜[38;2;188;108;42m⡀[38;2;100;68;54m⢴[48;2;100;68;54m⠀[38;2;108;222;48;48;2;100;82;42m⣠[38;2;188;244;54;48;2;74;100;9m⠐[38;2;146;188;36m⠋[38;2;61;166;48;48;2;48;68;0m⣄[48;2;74;100;9m⣐[38;2;146;188;36;48;2;48;68;0m⠦[38;2;14;68;36;48;2;74;100;9m⡀[38;2;108;146;24;48;2;100;82;42m⡀[38;2;61;166;48;48;2;48;68;0m⢀[38;2;48;199;156;48;2;14;68;36m⠴[38;2;14;100;108;48;2;74;100;9m⠶[38;2;146;188;36m⣤[38;2;74;100;9;48;2;146;188;36m⢤[38;2;188;244;54;48;2;0;61;90m⠂[38;2;233;210;100;48;2;29;146;137m⠰[38;2;100;68;54;48;2;210;188;82m⠈[38;2;210;188;82;48;2;74;48;48m⣤[38;2;188;166;68m⡀[38;2;100;68;54m⠃[38;2;233;210;100;48;2;100;68;54m⠰[48;2;210;188;82m⠂[38;2;156;126;61;48;2;126;100;54m⠇[38;2;126;100;54;48;2;100;68;54m⢸[38;2;210;188;82;48;2;156;126;61m⠁[38;2;188;166;68;48;2;210;188;82m⢡[48;2;156;126;61m⠇[38;2;100;68;54;48;2;126;100;54m⣠[38;2;233;210;100m⠰[48;2;210;188;82m⠂[38;2;156;126;61;48;2;126;100;54m⠇[38;2;126;100;54;48;2;100;68;54m⢸[38;2;156;126;61;48;2;210;188;82m⡆[38;2;188;166;68;48;2;126;100;54m⠃[38;2;126;100;54;48;2;100;68;54m⡘⠁⠁[48;2;74;48;48m⠈[38;2;156;126;61m⠃[38;2;100;68;54;48;2;156;126;61m⡁[38;2;188;166;68;48;2;126;100;54m⡀[38;2;126;100;54;48;2;100;68;54m⠸[38;2;188;166;68;48;2;156;126;61m⠒[38;2;126;100;54;48;2;188;166;68m⠉[38;2;100;68;54;48;2;156;126;61m⢱[48;2;74;48;48m⠋[38;2;126;100;54m⠘[38;2;156;126;61m⠃[38;2;48;19;61;48;2;54;29;48m⢸[48;2;48;19;61m⠀[38;2;74;42;90m⢀⡄[38;2;108;68;126m⢀⢀[38;2;146;117;166m⣤[38;2;74;42;90;48;2;146;117;166m⠉[38;2;146;117;166;48;2;108;68;126m⣤[38;2;74;42;90;48;2;146;117;166m⠉[38;2;146;117;166;48;2;48;19;61m⣤[38;2;108;68;126m⡀⡀[38;2;74;42;90m⢠⡀[38;2;48;19;61m⠀[38;2;54;29;48m⢸[38;2;156;126;61;48;2;74;48;48m⠘[38;2;126;100;54m⠃[38;2;100;68;54m⠙[38;2;126;100;54m⠁[38;2;74;48;48;48;2;54;29;48m⢀[38;2;100;68;54;48;2;74;48;48m⣠[38;2;156;126;61;48;2;100;68;54m⡄[38;2;100;68;54;48;2;74;48;48m⠈[48;2;156;126;61m⢋[38;2;74;48;48;48;2;54;29;48m⢆[38;2;126;100;54;48;2;100;68;54m⡠⠚⠃[38;2;100;68;54;48;2;74;48;48m⢉⣈⢱[38;2;188;166;68;48;2;126;100;54m⢀[38;2;156;126;61;48;2;188;166;68m⢸[38;2;126;100;54;48;2;100;68;54m⡆[38;2;156;126;61m⢸[38;2;100;68;54;48;2;126;100;54m⢲[38;2;74;48;48;48;2;100;68;54m⡔[38;2;126;100;54;48;2;188;166;68m⠇[38;2;188;166;68;48;2;156;126;61m⠈[38;2;100;68;54;48;2;126;100;54m⣠[38;2;156;126;61;48;2;100;68;54m⢰⣤[38;2;188;166;68;48;2;126;100;54m⠄[38;2;126;100;54;48;2;100;68;54m⠁⣠[38;2;100;68;54;48;2;156;126;61m⠃[38;2;210;188;82m⡥[38;2;188;166;68;48;2;126;100;54m⡀[38;2;156;126;61;48;2;100;68;54m⣁⣤[38;2;100;68;54m⠀[38;2;126;100;54m⠠⠄⠂[38;2;100;68;54m⠀[38;2;74;42;61m⠐[38;2;188;108;42;48;2;74;42;61m⢐[48;2;117;74;36m⠑⠧[38;2;117;74;36;48;2;74;42;61m⠜[38;2;188;108;42m⡀[38;2;100;68;54m⢴[48;2;100;68;54m⠀[0m
[38;2;188;108;42;48;2;100;68;54m⠠⠋[38;2;126;100;54;48;2;74;42;61m⡡[48;2;100;68;54m⡠[38;2;74;42;61m⠉[38;2;188;108;42m⠈[38;2;74;42;61m⠕[38;2;126;100;54m⢐[38;2;61;166;48m⠉[38;2;126;100;54m⡠[38;2;188;244;54;48;2;100;82;42m⠘[48;2;100;68;54m⠁[38;2;146;188;36;48;2;100;82;42m⣨[38;2;108;222;48;48;2;74;100;9m⠉[38;2;61;166;48m⢓[38;2;74;100;9;48;2;48;68;0m⣁[38;2;14;68;36;48;2;61;166;48m⡰[38;2;188;244;54;48;2;74;100;9m⡠[38;2;74;100;9;48;2;100;82;42m⡤[48;2;188;166;68m⠓[38;2;100;82;42m⠌[38;2;233;210;100;48;2;210;188;82m⠈[38;2;29;146;137m⠉[38;2;233;210;100m⠰[38;2;156;126;61;48;2;233;210;100m⢀[38;2;254;233;126;48;2;74;48;48m⠃[38;2;100;68;54;48;2;54;29;48m⢀[38;2;126;100;54;48;2;74;48;48m⠸[48;2;156;126;61m⢀[38;2;188;166;68;48;2;126;100;54m⡤[38;2;126;100;54;48;2;100;68;54m⡌[38;2;100;68;54;48;2;156;126;61m⢸[38;2;188;166;68m⠁[38;2;100;68;54;48;2;126;100;54m⢀[38;2;126;100;54;48;2;74;48;48m⢀[38;2;100;68;54;48;2;126;100;54m⢃[38;2;126;100;54;48;2;156;126;61m⢀[38;2;188;166;68;48;2;126;100;54m⡤[38;2;126;100;54;48;2;100;68;54m⡌[48;2;156;126;61m⣄[38;2;210;188;82;48;2;126;100;54m⢀[38;2;100;68;54m⠚[38;2;126;100;54;48;2;100;68;54m⣤⠘[38;2;100;68;54;48;2;74;48;48m⢀[38;2;126;100;54m⡀⠈[48;2;100;68;54m⢃[38;2;100;68;54;48;2;74;48;48m⠸[38;2;126;100;54;48;2;100;68;54m⠙[38;2;100;68;54;48;2;126;100;54m⡀[38;2;126;100;54;48;2;100;68;54m⠃⣄[38;2;100;68;54;48;2;54;29;48m⡀[38;2;48;19;61m⢰[38;2;74;42;90;48;2;48;19;61m⠐[38;2;108;68;126;48;2;74;42;90m⠲[38;2;199;188;222;48;2;108;68;126m⠤⣠[48;2;146;117;166m⣀[38;2;108;68;126m⠓[38;2;199;188;222m⣀⣀⣀⣀⣀[38;2;108;68;126m⠚[38;2;199;188;222m⣀[48;2;108;68;126m⣠⠤[38;2;108;68;126;48;2;74;42;90m⠖[38;2;74;42;90;48;2;48;19;61m⠂[38;2;48;19;61;48;2;54;29;48m⡆[38;2;100;68;54m⢀[38;2;126;100;54;48;2;100;68;54m⣠[38;2;100;68;54;48;2;74;48;48m⣤[38;2;74;48;48;48;2;100;68;54m⢇[38;2;126;100;54m⠋[38;2;100;68;54;48;2;74;48;48m⠋⣨[48;2;126;100;54m⠚[48;2;74;48;48m⡄[38;2;126;100;54m⠁[48;2;100;68;54m⢸[38;2;100;68;54;48;2;126;100;54m⠎[38;2;233;210;100m⣤[38;2;210;188;82m⣄[38;2;126;100;54;48;2;100;68;54m⡄[38;2;210;188;82;48;2;126;100;54m⢀[48;2;156;126;61m⣀[38;2;188;166;68;48;2;100;68;54m⣤[38;2;126;100;54;48;2;126;100;54m⠀[48;2;100;68;54m⠅[38;2;74;48;48m⡅[38;2;156;126;61;48;2;126;100;54m⠙[38;2;100;68;54m⣄[38;2;74;48;48;48;2;100;68;54m⢸[38;2;156;126;61;48;2;74;48;48m⠘[38;2;100;68;54;48;2;126;100;54m⣰[38;2;126;100;54;48;2;100;68;54m⡌⢰[38;2;156;126;61;48;2;233;210;100m⠇[38;2;254;233;126m⡁[38;2;233;210;100;48;2;210;188;82m⠄[38;2;156;126;61m⠉[48;2;188;166;68m⠠[38;2;188;166;68;48;2;126;100;54m⡄[38;2;100;68;54m⠈⢈⠶⠋⠫[38;2;188;108;42;48;2;100;68;54m⠠⠋[38;2;126;100;54;48;2;74;42;61m⡡[48;2;100;68;54m⡠[38;2;74;42;61m⠉[38;2;188;108;42m⠈[38;2;74;42;61m⠕[38;2;126;100;54m⢐[0m
[38;2;156;126;61;48;2;126;100;54m⣠[38;2;188;166;68;48;2;156;126;61m⢄[48;2;100;68;54m⣄[38;2;156;126;61;48;2;126;100;54m⣤[38;2;100;68;54;48;2;156;126;61m⠙[38;2;126;100;54;48;2;100;68;54m⣢[38;2;100;68;54;48;2;156;126;61m⠙[38;2;210;188;82m⡀[38;2;188;166;68;48;2;100;68;54m⣠[48;2;156;126;61m⡠[38;2;156;126;61;48;2;126;100;54m⣄[38;2;233;210;100;48;2;156;126;61m⣠[38;2;108;222;48;48;2;100;82;42m⣤[38;2;188;244;54;48;2;74;100;9m⠐[38;2;146;188;36m⠋[38;2;61;166;48;48;2;48;68;0m⣄[38;2;14;68;36;48;2;74;100;9m⣆[38;2;146;188;36;48;2;48;68;0m⢤[38;2;210;188;82;48;2;74;100;9m⣀[38;2;100;82;42;48;2;210;188;82m⠃[38;2;254;233;126m⡀[38;2;233;210;100m⡦[48;2;188;166;68m⠂[48;2;210;188;82m⣠[38;2;156;126;61;48;2;233;210;100m⢠[38;2;126;100;54;48;2;74;48;48m⠁[38;2;54;29;48m⠃[38;2;156;126;61;48;2;100;68;54m⢰[38;2;126;100;54;48;2;74;48;48m⣄[38;2;156;126;61;48;2;100;68;54m⣤[38;2;100;68;54;48;2;126;100;54m⠮⡚⠇[38;2;126;100;54;48;2;100;68;54m⣤[38;2;210;188;82;48;2;156;126;61m⢴[48;2;126;100;54m⡄[38;2;126;100;54;48;2;100;68;54m⠋[38;2;156;126;61;48;2;126;100;54m⠋[38;2;126;100;54;48;2;100;68;54m⢇[38;2;156;126;61m⢸[48;2;210;188;82m⡠[38;2;188;166;68;48;2;156;126;61m⠅[38;2;100;68;54;48;2;126;100;54m⢠[38;2;126;100;54;48;2;74;48;48m⡀[38;2;156;126;61m⠘[38;2;74;48;48;48;2;100;68;54m⣠[38;2;100;68;54;48;2;74;48;48m⠁⢀[38;2;74;48;48;48;2;100;68;54m⢃[38;2;100;68;54;48;2;126;100;54m⡁[38;2;156;126;61;48;2;100;68;54m⠇[38;2;126;100;54;48;2;74;48;48m⠸⠋[38;2;74;48;48;48;2;54;29;48m⠇[38;2;108;68;126;48;2;48;19;61m⢀[48;2;74;42;90m⡤[38;2;74;42;90;48;2;48;19;61m⠰[38;2;108;68;126;48;2;74;42;90m⢰[38;2;146;117;166;48;2;108;68;126m⣆[38;2;178;156;210m⡦⣰⢠⡂[38;2;108;68;126;48;2;178;156;210m⠉[38;2;178;156;210;48;2;108;68;126m⢐⡄⣆⢴[38;2;146;117;166m⣰[38;2;108;68;126;48;2;74;42;90m⡆[38;2;74;42;90;48;2;48;19;61m⠆[38;2;108;68;126;48;2;74;42;90m⢤[48;2;48;19;61m⡀[38;2;74;48;48;48;2;54;29;48m⠸[38;2;126;100;54;48;2;74;48;48m⠙⠇[38;2;156;126;61;48;2;100;68;54m⠸[38;2;100;68;54;48;2;126;100;54m⢈[38;2;74;48;48;48;2;100;68;54m⡘[38;2;126;100;54;48;2;74;48;48m⠈⠉[38;2;100;68;54m⠲⠄⠸[38;2;156;126;61;48;2;100;68;54m⢸[38;2;210;188;82;48;2;188;166;68m⠩[38;2;156;126;61;48;2;233;210;100m⣤[38;2;100;68;54;48;2;126;100;54m⡈[38;2;233;210;100;48;2;156;126;61m⠸[38;2;188;166;68;48;2;233;210;100m⣠[38;2;233;210;100;48;2;188;166;68m⠋[38;2;100;68;54;48;2;156;126;61m⠸[38;2;74;48;48;48;2;100;68;54m⠺[38;2;156;126;61;48;2;74;48;48m⣀[38;2;126;100;54;48;2;100;68;54m⡔[38;2;156;126;61m⣰[38;2;126;100;54;48;2;74;48;48m⣄[38;2;156;126;61;48;2;100;68;54m⣤[38;2;100;68;54;48;2;126;100;54m⠮[38;2;126;100;54;48;2;100;68;54m⠅[38;2;54;29;48;48;2;74;48;48m⠲[38;2;210;188;82m⠈[48;2;126;100;54m⢉[38;2;233;210;100;48;2;188;166;68m⣠[48;2;210;188;82m⡙[38;2;254;233;126m⠠[38;2;188;166;68;48;2;233;210;100m⠋⠸[38;2;156;126;61;48;2;210;188;82m⠋⠋[38;2;233;210;100;48;2;188;166;68m⢀[48;2;156;126;61m⣂[38;2;156;126;61;48;2;126;100;54m⣠[38;2;188;166;68;48;2;156;126;61m⢄[48;2;100;68;54m⣄[38;2;156;126;61;48;2;126;100;54m⣤[38;2;100;68;54;48;2;156;126;61m⠙[38;2;126;100;54;48;2;100;68;54m⣢[38;2;100;68;54;48;2;156;126;61m⠙[38;2;210;188;82m⡀[0m
[38;2;233;210;100;48;2;210;188;82m⣈⡁[38;2;188;166;68m⠬[38;2;233;210;100m⠐⠢[38;2;156;126;61m⠈[38;2;210;188;82;48;2;233;210;100m⡅[38;2;156;126;61;48;2;210;188;82m⠁[38;2;188;166;68m⠥[38;2;233;210;100m⢈⣁⡉[38;2;61;166;48m⠉[38;2;233;210;100m⢈[38;2;100;82;42m⠡[38;2;24;117;48;48;2;233;210;100m⠚[38;2;100;82;42;48;2;210;188;82m⠋[38;2;74;100;9m⠉[38;2;108;146;24m⠂[38;2;233;210;100m⢈[38;2;188;166;68;48;2;233;210;100m⠶[38;2;233;210;100;48;2;188;166;68m⠐[38;2;254;233;126;48;2;210;188;82m⠪[38;2;126;100;54;48;2;233;210;100m⣠[38;2;156;126;61;48;2;74;48;48m⠃[38;2;74;48;48;48;2;54;29;48m⢸[38;2;100;68;54;48;2;156;126;61m⠃[38;2;210;188;82m⢠[38;2;126;100;54;48;2;210;188;82m⠉[38;2;156;126;61m⠁[38;2;210;188;82;48;2;156;126;61m⣈[38;2;188;166;68m⣄[38;2;156;126;61;48;2;210;188;82m⠋[38;2;210;188;82;48;2;156;126;61m⣤[38;2;156;126;61;48;2;210;188;82m⠦[38;2;188;166;68;48;2;156;126;61m⡃[38;2;74;48;48;48;2;100;68;54m⢠[38;2;100;68;54;48;2;126;100;54m⣄⢀[38;2;126;100;54;48;2;100;68;54m⠋[38;2;74;48;48;48;2;156;126;61m⣄[38;2;100;68;54;48;2;126;100;54m⣠[38;2;126;100;54;48;2;74;48;48m⠋[38;2;100;68;54;48;2;54;29;48m⠁[38;2;74;48;48m⠋[38;2;100;68;54;48;2;74;48;48m⠰[38;2;54;29;48m⢡[38;2;100;68;54;48;2;54;29;48m⠈[38;2;54;29;48;48;2;74;48;48m⣄[38;2;100;68;54m⠘[48;2;54;29;48m⠁[38;2;74;48;48m⠈[38;2;74;42;90m⣠[38;2;108;68;126;48;2;74;42;90m⢤[38;2;48;19;61;48;2;146;117;166m⠋[38;2;108;68;126;48;2;48;19;61m⡆[38;2;146;117;166;48;2;74;42;90m⠐[38;2;199;188;222m⠒[48;2;108;68;126m⠒⠒⠒⠒⠒[38;2;108;68;126;48;2;199;188;222m⣤[38;2;199;188;222;48;2;108;68;126m⠒⠒⠒⠒⠒[48;2;74;42;90m⠒[38;2;146;117;166m⠂[38;2;108;68;126;48;2;48;19;61m⢰[38;2;199;188;222;48;2;74;42;90m⣤[38;2;108;68;126m⡤[38;2;74;42;90;48;2;54;29;48m⣄[38;2;74;48;48m⠁[38;2;100;68;54m⠈[48;2;74;48;48m⠃[38;2;54;29;48m⣠[38;2;100;68;54;48;2;54;29;48m⠁[38;2;54;29;48;48;2;74;48;48m⡌[38;2;100;68;54m⠆[38;2;74;48;48;48;2;54;29;48m⠙⠸[38;2;126;100;54;48;2;74;48;48m⠙[38;2;100;68;54;48;2;126;100;54m⣄[38;2;74;48;48m⣠[38;2;156;126;61;48;2;100;68;54m⠘[38;2;100;68;54;48;2;126;100;54m⡀[48;2;156;126;61m⣀⢠[38;2;233;210;100;48;2;126;100;54m⢠[38;2;210;188;82;48;2;156;126;61m⣆[38;2;156;126;61;48;2;210;188;82m⠋[48;2;188;166;68m⢔[38;2;210;188;82;48;2;156;126;61m⣠[38;2;126;100;54;48;2;210;188;82m⠉[38;2;156;126;61m⠁[38;2;210;188;82;48;2;156;126;61m⣈[38;2;188;166;68;48;2;126;100;54m⣤[38;2;210;188;82m⣆[38;2;54;29;48;48;2;100;68;54m⢸[38;2;156;126;61m⠙[48;2;233;210;100m⡀[38;2;210;188;82m⣠[38;2;233;210;100;48;2;210;188;82m⠋⣀[38;2;210;188;82;48;2;233;210;100m⠶[38;2;233;210;100;48;2;210;188;82m⣈⡁[38;2;254;233;126m⠈[38;2;233;210;100m⢉⣈⡁[38;2;188;166;68m⠬[38;2;233;210;100m⠐⠢[38;2;156;126;61m⠈[38;2;210;188;82;48;2;233;210;100m⡅[38;2;156;126;61;48;2;210;188;82m⠁[0m
[38;2;156;126;61;48;2;210;188;82m⣠[48;2;126;100;54m⠋[38;2;210;188;82;48;2;156;126;61m⠙[38;2;254;233;126;48;2;210;188;82m⠪[38;2;188;166;68;48;2;233;210;100m⢤[38;2;156;126;61;48;2;188;166;68m⣤[38;2;188;166;68;48;2;233;210;100m⡄[38;2;210;188;82m⣨[38;2;156;126;61;48;2;188;166;68m⢠[38;2;126;100;54;48;2;156;126;61m⢰[38;2;210;188;82m⠈[38;2;126;100;54;48;2;210;188;82m⡆[38;2;254;233;126m⠖[48;2;188;166;68m⠹[48;2;233;210;100m⠖[38;2;188;166;68m⢀[38;2;156;126;61;48;2;210;188;82m⣠[48;2;126;100;54m⠋[38;2;210;188;82;48;2;156;126;61m⠙[38;2;254;233;126;48;2;233;210;100m⠢[38;2;156;126;61m⢠[38;2;254;233;126;48;2;100;68;54m⠋[38;2;74;48;48;48;2;126;100;54m⣠[48;2;100;68;54m⡰[38;2;100;68;54;48;2;54;29;48m⡄[38;2;74;48;48m⠘[38;2;188;166;68;48;2;126;100;54m⠐[38;2;233;210;100;48;2;210;188;82m⠘[38;2;210;188;82;48;2;233;210;100m⣀[38;2;233;210;100;48;2;210;188;82m⠓⢃⠲[38;2;188;166;68;48;2;233;210;100m⣁[38;2;156;126;61m⣠[38;2;233;210;100;48;2;126;100;54m⠉[38;2;126;100;54;48;2;100;68;54m⠱[48;2;74;48;48m⠋[38;2;100;68;54m⠁⠁[38;2;74;48;48;48;2;54;29;48m⠁[38;2;54;29;48m⠀[38;2;74;48;48m⠉⠋[38;2;54;29;48m⠀[38;2;48;19;61m⢀[38;2;74;48;48m⠉[38;2;48;19;61m⢀⣀[38;2;74;48;48m⠒⠂[38;2;48;19;61m⢠[48;2;48;19;61m⠀[38;2;74;42;90m⠤[38;2;108;68;126;48;2;74;42;90m⠠[38;2;146;117;166m⠦[38;2;19;9;24m⢸[48;2;19;9;24m⠀⠀⠀⠀⠀⠀⠀⠀⠀⠀⠀⠀⠀⠀⠀[38;2;74;42;90m⢸[38;2;146;117;166;48;2;74;42;90m⠦[38;2;108;68;126m⠄[38;2;74;42;90;48;2;48;19;61m⠤[38;2;48;19;61m⠀[48;2;54;29;48m⡄[38;2;74;48;48m⠐⠒[38;2;48;19;61m⣀⡀[38;2;74;48;48m⠉[38;2;48;19;61m⡀[38;2;54;29;48m⠀[38;2;74;48;48m⠙⠉[38;2;54;29;48m⠀[38;2;74;48;48m⠈[38;2;100;68;54;48;2;74;48;48m⠈⠈[38;2;126;100;54m⠙[48;2;100;68;54m⠎[38;2;210;188;82m⠙[38;2;188;166;68;48;2;233;210;100m⣄[38;2;233;210;100;48;2;210;188;82m⠶⠒⠈[38;2;210;188;82;48;2;233;210;100m⣂⣀[38;2;233;210;100;48;2;210;188;82m⠃[38;2;74;48;48m⢰[38;2;126;100;54;48;2;100;68;54m⠑[38;2;156;126;61;48;2;126;100;54m⢢[38;2;188;166;68m⡀[38;2;126;100;54;48;2;156;126;61m⡆[38;2;188;166;68;48;2;233;210;100m⣁[38;2;233;210;100;48;2;254;233;126m⡉⢒[38;2;188;166;68;48;2;233;210;100m⢤[38;2;156;126;61;48;2;188;166;68m⣤[38;2;188;166;68;48;2;233;210;100m⡄[38;2;210;188;82m⣨[38;2;156;126;61;48;2;188;166;68m⢠[38;2;126;100;54;48;2;156;126;61m⢰[38;2;210;188;82m⠈[38;2;126;100;54;48;2;210;188;82m⡆[38;2;254;233;126m⠖[48;2;188;166;68m⠹[48;2;233;210;100m⠖[38;2;188;166;68m⢀[0m
[38;2;156;126;61;48;2;24;117;48m⢉[38;2;24;68;36;48;2;126;100;54m⠂[38;2;100;68;54m⢀[38;2;188;166;68;48;2;156;126;61m⠙[48;2;126;100;54m⠁[38;2;100;68;54m⣰[38;2;188;166;68m⠸[48;2;156;126;61m⠋⠁[38;2;126;100;54;48;2;100;68;54m⠃[38;2;74;48;48m⣤[38;2;188;166;68m⠸[38;2;233;210;100;48;2;156;126;61m⠃[38;2;100;68;54;48;2;126;100;54m⡀[38;2;156;126;61;48;2;188;166;68m⣆[48;2;126;100;54m⢋[38;2;210;188;82;48;2;156;126;61m⡠[38;2;100;68;54m⠃[48;2;126;100;54m⢀[38;2;210;188;82;48;2;156;126;61m⠉[38;2;100;68;54;48;2;126;100;54m⣰[38;2;74;48;48;48;2;54;29;48m⢋[38;2;100;68;54m⣠[38;2;156;126;61;48;2;74;48;48m⡀[38;2;54;29;48m⣰[38;2;126;100;54;48;2;54;29;48m⢰[38;2;156;126;61;48;2;126;100;54m⢰[38;2;188;166;68;48;2;210;188;82m⡉⠊[38;2;233;210;100m⢀[38;2;254;233;126;48;2;233;210;100m⢀[38;2;100;68;54m⢀[38;2;156;126;61;48;2;74;48;48m⠋[38;2;126;100;54;48;2;100;68;54m⠔[38;2;74;48;48;48;2;54;29;48m⠁⠋[38;2;74;42;90m⢀[38;2;108;68;126m⣠[38;2;178;156;210;48;2;108;68;126m⣤[38;2;74;42;90;48;2;178;156;210m⠙[38;2;108;68;126;48;2;48;19;61m⡄[38;2;54;29;48m⠈⠉⠈[38;2;74;42;90m⡀[38;2;48;19;61m⠀[38;2;74;42;90m⡀[38;2;48;19;61m⠀⠀[38;2;74;42;90m⢠⢀⡆[38;2;108;68;126m⡀[48;2;74;42;90m⢀[48;2;48;19;61m⢠[38;2;19;9;24m⢸[48;2;19;9;24m⠀⠀⠀⠀⠀⠀⠀⠀⠀⠀⠀⠀⠀⠀⠀[38;2;48;19;61m⢸[38;2;108;68;126;48;2;48;19;61m⡄[48;2;74;42;90m⡀[48;2;48;19;61m⢀[38;2;74;42;90m⢰⡀⡄[38;2;48;19;61m⠀⠀[38;2;74;42;90m⢀[38;2;48;19;61m⠀[38;2;74;42;90m⢀[38;2;54;29;48m⠁⠉⠁[38;2;108;68;126m⢠[38;2;74;42;90;48;2;178;156;210m⠋[38;2;178;156;210;48;2;108;68;126m⣤[38;2;108;68;126;48;2;54;29;48m⣄[38;2;74;42;90m⡀[38;2;74;48;48m⠙⠈[38;2;126;100;54;48;2;100;68;54m⠙[48;2;233;210;100m⣄[38;2;254;233;126m⣄[38;2;233;210;100;48;2;210;188;82m⡦⠢⠂[38;2;188;166;68m⠑[38;2;126;100;54m⢸[38;2;100;68;54;48;2;74;48;48m⡈[38;2;156;126;61;48;2;100;68;54m⠘[38;2;188;166;68;48;2;126;100;54m⠁[38;2;126;100;54;48;2;100;68;54m⠘[38;2;156;126;61;48;2;126;100;54m⠙[38;2;188;166;68;48;2;156;126;61m⠙[38;2;210;188;82m⠋[38;2;188;166;68;48;2;126;100;54m⠁[38;2;100;68;54m⣰[38;2;188;166;68m⠸[48;2;156;126;61m⠋⠁[38;2;126;100;54;48;2;100;68;54m⠃[38;2;74;48;48m⣤[38;2;188;166;68m⠸[38;2;233;210;100;48;2;156;126;61m⠃[38;2;100;68;54;48;2;126;100;54m⡀[38;2;156;126;61;48;2;188;166;68m⣆[48;2;126;100;54m⢋[0m
[38;2;188;166;68;48;2;68;100;19m⠉[38;2;108;137;24;48;2;24;68;36m⡤[38;2;156;126;61m⠚[38;2;61;166;48;48;2;156;126;61m⡀[38;2;188;166;68;48;2;126;100;54m⣀[38;2;126;100;54;48;2;74;48;48m⣄[38;2;156;126;61;48;2;100;68;54m⢸[38;2;100;68;54;48;2;156;126;61m⢠[38;2;126;100;54;48;2;100;68;54m⢋[38;2;233;210;100m⣀[38;2;156;126;61m⣠⣠[38;2;210;188;82;48;2;126;100;54m⣄[38;2;126;100;54;48;2;100;68;54m⡄[38;2;156;126;61;48;2;126;100;54m⣠[38;2;100;68;54;48;2;156;126;61m⢇[38;2;188;166;68m⠁[38;2;100;68;54;48;2;126;100;54m⣰[38;2;188;166;68m⢰[38;2;156;126;61;48;2;100;68;54m⡆[38;2;54;29;48;48;2;74;48;48m⢲[38;2;100;68;54m⢸[38;2;188;166;68;48;2;126;100;54m⠘[38;2;126;100;54;48;2;74;48;48m⠇[38;2;74;48;48;48;2;54;29;48m⣠[38;2;100;68;54m⠈[38;2;156;126;61;48;2;126;100;54m⢤[38;2;233;210;100;48;2;188;166;68m⢰[48;2;210;188;82m⡦[38;2;188;166;68m⠑[38;2;233;210;100;48;2;188;166;68m⠠[38;2;156;126;61;48;2;210;188;82m⠙[38;2;210;188;82;48;2;74;48;48m⡄[38;2;74;48;48;48;2;100;68;54m⠆[38;2;54;29;48;48;2;74;48;48m⢸[38;2;74;42;90;48;2;54;29;48m⢰[38;2;146;117;166;48;2;108;68;126m⢰[48;2;178;156;210m⠁[38;2;199;188;222;48;2;233;222;244m⠁[38;2;178;156;210;48;2;199;188;222m⢸[38;2;108;68;126;48;2;146;117;166m⢸[38;2;48;19;61;48;2;74;42;90m⠇[48;2;48;19;61m⠀[38;2;74;42;90m⢸[38;2;48;19;61;48;2;74;42;90m⢸[38;2;108;68;126m⡀[38;2;74;42;90;48;2;48;19;61m⡐⠆[38;2;48;19;61;48;2;74;42;90m⠥[38;2;74;42;90;48;2;48;19;61m⢸⢸[38;2;108;68;126;48;2;74;42;90m⡀[38;2;48;19;61;48;2;108;68;126m⢸[38;2;146;117;166m⢠[38;2;108;68;126;48;2;48;19;61m⢸[38;2;19;9;24;48;2;74;42;90m⢸[48;2;19;9;24m⠀⠀⠀⠀⠀⠀⠀⠀⠀⠀⠀⠀⠀⠀⠀[38;2;74;42;90m⢸[38;2;48;19;61;48;2;108;68;126m⢸[38;2;146;117;166m⡄[38;2;108;68;126;48;2;48;19;61m⢸[48;2;74;42;90m⢀[38;2;48;19;61m⢸⢸⠬[38;2;74;42;90;48;2;48;19;61m⠰⢂[38;2;108;68;126;48;2;74;42;90m⢀[38;2;74;42;90;48;2;48;19;61m⢸[38;2;48;19;61;48;2;74;42;90m⢸[48;2;48;19;61m⠀[48;2;74;42;90m⠸[38;2;146;117;166;48;2;108;68;126m⢸[38;2;199;188;222;48;2;178;156;210m⢸[48;2;233;222;244m⠈[38;2;146;117;166;48;2;178;156;210m⠈[48;2;108;68;126m⡆[38;2;74;42;90;48;2;54;29;48m⡆[38;2;74;48;48m⢸[38;2;126;100;54;48;2;100;68;54m⢀[38;2;210;188;82m⢀[38;2;156;126;61;48;2;210;188;82m⠶⠔[38;2;233;210;100;48;2;188;166;68m⢀[48;2;210;188;82m⢄⡔[38;2;126;100;54;48;2;233;210;100m⠸[48;2;100;68;54m⡑[38;2;100;68;54;48;2;156;126;61m⢇[38;2;156;126;61;48;2;100;68;54m⡆[38;2;100;68;54;48;2;74;48;48m⡈[38;2;126;100;54;48;2;100;68;54m⠁⢠[38;2;100;68;54;48;2;156;126;61m⠂[38;2;188;166;68;48;2;126;100;54m⣀[38;2;126;100;54;48;2;74;48;48m⣄[38;2;156;126;61;48;2;100;68;54m⢸[38;2;100;68;54;48;2;156;126;61m⢠[38;2;126;100;54;48;2;100;68;54m⢋[38;2;233;210;100m⣀[38;2;156;126;61m⣠⣠[38;2;210;188;82;48;2;126;100;54m⣄[38;2;126;100;54;48;2;100;68;54m⡄[38;2;156;126;61;48;2;126;100;54m⣠[38;2;100;68;54;48;2;156;126;61m⢇[0m
[38;2;24;68;36;48;2;68;100;19m⣀⠡[38;2;126;100;54;48;2;24;117;48m⠠[38;2;24;68;36;48;2;126;100;54m⠁[38;2;156;126;61;48;2;100;68;54m⠙⠃[38;2;100;68;54;48;2;156;126;61m⡁[48;2;126;100;54m⢸[38;2;156;126;61;48;2;74;48;48m⢸[38;2;233;210;100;48;2;188;166;68m⠁[38;2;126;100;54;48;2;100;68;54m⠋[38;2;188;166;68m⢸[48;2;156;126;61m⠋[38;2;126;100;54;48;2;100;68;54m⠇[38;2;156;126;61;48;2;188;166;68m⡜[48;2;210;188;82m⠁[48;2;126;100;54m⡆[48;2;100;68;54m⢰[38;2;100;68;54;48;2;156;126;61m⢀[38;2;126;100;54m⣰[38;2;100;68;54;48;2;74;48;48m⠇[48;2;54;29;48m⠈[38;2;126;100;54;48;2;100;68;54m⢡[38;2;74;48;48;48;2;126;100;54m⢸[48;2;54;29;48m⠋[38;2;126;100;54m⢰[38;2;188;166;68;48;2;156;126;61m⣰[38;2;233;210;100;48;2;210;188;82m⢈[38;2;210;188;82;48;2;233;210;100m⠄⠕[38;2;254;233;126m⠠⡀[38;2;100;68;54;48;2;188;166;68m⣰[38;2;74;48;48;48;2;100;68;54m⣆[38;2;100;68;54;48;2;74;48;48m⡄[38;2;74;42;90;48;2;54;29;48m⢸[38;2;146;117;166;48;2;108;68;126m⢸[38;2;199;188;222;48;2;178;156;210m⢸[38;2;233;222;244;48;2;233;222;244m⠀[38;2;178;156;210;48;2;199;188;222m⢸[38;2;108;68;126;48;2;146;117;166m⢸[48;2;74;42;90m⢰[38;2;48;19;61m⢸[38;2;108;68;126m⢰⡆⡆[48;2;48;19;61m⣤[38;2;48;19;61;48;2;74;42;90m⠘[38;2;108;68;126m⣤⢸[38;2;146;117;166m⢠[38;2;74;42;90;48;2;108;68;126m⢸[38;2;48;19;61;48;2;146;117;166m⢸[38;2;108;68;126m⠃[38;2;146;117;166;48;2;48;19;61m⢸[38;2;19;9;24;48;2;108;68;126m⢸[48;2;19;9;24m⠀⠀⠀⠀⠀⠀⠀⠀⠀⠀⠀⠀⠀⠀⠀[38;2;108;68;126m⢸[38;2;48;19;61;48;2;146;117;166m⢸[38;2;108;68;126m⠘[38;2;146;117;166;48;2;48;19;61m⢸[38;2;108;68;126;48;2;74;42;90m⢸[38;2;146;117;166m⡄[38;2;74;42;90;48;2;108;68;126m⢸[38;2;108;68;126;48;2;74;42;90m⣤[38;2;48;19;61m⠃[38;2;108;68;126;48;2;48;19;61m⣤[48;2;74;42;90m⢰⢰⡆[38;2;74;42;90;48;2;48;19;61m⢸[38;2;108;68;126;48;2;74;42;90m⡆[38;2;146;117;166;48;2;108;68;126m⢸[38;2;199;188;222;48;2;178;156;210m⢸[38;2;233;222;244;48;2;233;222;244m⠀[38;2;178;156;210;48;2;199;188;222m⢸[38;2;108;68;126;48;2;146;117;166m⢸[38;2;54;29;48;48;2;74;42;90m⢸[38;2;100;68;54;48;2;74;48;48m⢠[38;2;210;188;82;48;2;100;68;54m⠐[38;2;126;100;54;48;2;233;210;100m⡀[38;2;254;233;126;48;2;210;188;82m⣠[48;2;233;210;100m⡀⠈[38;2;210;188;82m⠠[38;2;233;210;100;48;2;210;188;82m⡃⣄[38;2;74;48;48;48;2;156;126;61m⢸[38;2;100;68;54;48;2;126;100;54m⠁⠡[38;2;74;48;48;48;2;100;68;54m⠜[38;2;126;100;54m⣀⠸[38;2;156;126;61;48;2;126;100;54m⠋[48;2;188;166;68m⡃[38;2;210;188;82;48;2;156;126;61m⡒[38;2;126;100;54;48;2;100;68;54m⡆⠁[38;2;156;126;61;48;2;74;48;48m⢸[38;2;233;210;100;48;2;188;166;68m⠁[38;2;126;100;54;48;2;100;68;54m⠋[38;2;188;166;68m⢸[48;2;156;126;61m⠋[38;2;126;100;54;48;2;100;68;54m⠇[38;2;156;126;61;48;2;188;166;68m⡜[48;2;210;188;82m⠁[0m
[38;2;68;100;19;48;2;24;68;36m⡀[38;2;108;137;24;48;2;24;117;48m⣠[38;2;24;117;48;48;2;61;166;48m⠦[38;2;126;100;54;48;2;24;68;36m⢀[38;2;24;68;36;48;2;156;126;61m⣂[38;2;24;117;48m⣤[38;2;156;126;61;48;2;24;117;48m⢘[38;2;188;166;68;48;2;156;126;61m⠋[38;2;100;68;54;48;2;126;100;54m⣠[38;2;156;126;61;48;2;100;68;54m⢰⣤[38;2;188;166;68;48;2;126;100;54m⠄[38;2;100;68;54m⢲[38;2;74;48;48;48;2;100;68;54m⡔[38;2;126;100;54;48;2;188;166;68m⠇[48;2;156;126;61m⢌[38;2;188;166;68;48;2;210;188;82m⢡[48;2;156;126;61m⠇[38;2;100;68;54;48;2;126;100;54m⣠[38;2;126;100;54;48;2;100;68;54m⡰[38;2;100;68;54;48;2;74;48;48m⠇[38;2;74;48;48;48;2;54;29;48m⠰[38;2;188;166;68;48;2;126;100;54m⢰[38;2;210;188;82m⡤[38;2;100;68;54;48;2;54;29;48m⡄[38;2;126;100;54;48;2;188;166;68m⠇[38;2;210;188;82;48;2;233;210;100m⢅⠚[38;2;188;166;68m⣐[38;2;156;126;61m⠄[38;2;233;210;100;48;2;210;188;82m⠉[38;2;100;68;54m⠈[38;2;210;188;82;48;2;74;48;48m⣤[38;2;188;166;68;48;2;100;68;54m⡀[38;2;54;29;48;48;2;74;48;48m⢸[38;2;74;42;90;48;2;54;29;48m⢸[38;2;146;117;166;48;2;108;68;126m⢈[48;2;178;156;210m⠄[38;2;199;188;222;48;2;233;222;244m⣤[38;2;146;117;166;48;2;178;156;210m⠠[48;2;108;68;126m⡁[38;2;108;68;126;48;2;74;42;90m⢰[38;2;48;19;61m⢸[38;2;108;68;126m⢸[38;2;74;42;90;48;2;146;117;166m⢸[48;2;108;68;126m⢸[38;2;146;117;166;48;2;74;42;90m⢀[38;2;108;68;126m⡙[38;2;146;117;166m⢀[38;2;108;68;126m⢸[38;2;146;117;166m⢸[38;2;74;42;90;48;2;108;68;126m⢸[48;2;178;156;210m⢸[38;2;178;156;210m⠀[48;2;74;42;90m⢸[38;2;19;9;24;48;2;108;68;126m⢸[38;2;48;19;61;48;2;19;9;24m⡀⡠⣢[38;2;19;9;24;48;2;48;19;61m⠙⠑⠁⠁[38;2;74;42;90m⣤⠤[38;2;19;9;24m⠈⠈⠊⠫[38;2;48;19;61;48;2;19;9;24m⢄⢀[38;2;108;68;126m⢸[38;2;74;42;90;48;2;178;156;210m⢸[38;2;178;156;210m⠀[48;2;74;42;90m⢸[38;2;108;68;126m⢸[38;2;74;42;90;48;2;146;117;166m⢸[48;2;108;68;126m⢸[38;2;146;117;166;48;2;74;42;90m⡀[38;2;108;68;126m⢋[38;2;146;117;166m⡀[38;2;108;68;126m⢸[38;2;146;117;166m⢸[38;2;74;42;90;48;2;108;68;126m⢸[48;2;48;19;61m⢸[38;2;108;68;126;48;2;74;42;90m⡆[38;2;146;117;166;48;2;108;68;126m⢈[48;2;178;156;210m⠄[38;2;199;188;222;48;2;233;222;244m⣤[38;2;146;117;166;48;2;178;156;210m⠠[48;2;108;68;126m⡁[38;2;54;29;48;48;2;74;42;90m⢸[38;2;74;48;48;48;2;54;29;48m⢸[38;2;156;126;61;48;2;100;68;54m⢠[38;2;100;68;54;48;2;156;126;61m⠃[38;2;156;126;61;48;2;210;188;82m⠦[38;2;233;210;100m⠘⢊⣨⠔[38;2;156;126;61m⠸[38;2;74;48;48;48;2;126;100;54m⠒[38;2;126;100;54;48;2;100;68;54m⠖[38;2;100;68;54;48;2;74;48;48m⢘[38;2;74;48;48m⠀[38;2;100;68;54m⡁[38;2;126;100;54m⠙[38;2;156;126;61;48;2;100;68;54m⠘[38;2;188;166;68;48;2;126;100;54m⣈[38;2;210;188;82;48;2;156;126;61m⣄[38;2;100;68;54;48;2;126;100;54m⢸[38;2;156;126;61;48;2;100;68;54m⢰[38;2;100;68;54;48;2;126;100;54m⢰[38;2;156;126;61;48;2;100;68;54m⢰⣤[38;2;188;166;68;48;2;126;100;54m⠄[38;2;100;68;54m⢲[38;2;74;48;48;48;2;100;68;54m⡔[38;2;126;100;54;48;2;188;166;68m⠇[48;2;156;126;61m⢌[0m
[38;2;108;137;24;48;2;24;68;36m⠧[38;2;61;166;48m⣈[38;2;108;137;24m⡁[38;2;24;117;48m⠴[38;2;61;166;48;48;2;24;117;48m⠔[38;2;108;137;24;48;2;24;68;36m⢂[38;2;100;68;54m⠤[38;2;126;100;54m⠚[38;2;100;68;54;48;2;24;117;48m⠉[38;2;74;48;48;48;2;61;166;48m⣁[38;2;61;166;48;48;2;100;68;54m⠂[38;2;100;68;54;48;2;126;100;54m⠃[38;2;126;100;54;48;2;100;68;54m⠅[38;2;74;48;48m⡅[38;2;156;126;61;48;2;126;100;54m⠙[48;2;100;68;54m⠃[38;2;188;166;68;48;2;156;126;61m⠁[38;2;100;68;54;48;2;126;100;54m⢀[38;2;126;100;54;48;2;74;48;48m⢀[38;2;156;126;61m⡄[38;2;126;100;54;48;2;100;68;54m⠄[48;2;156;126;61m⡙[38;2;233;210;100m⢀⣠[38;2;188;166;68;48;2;126;100;54m⣄[38;2;210;188;82m⠘[38;2;233;210;100;48;2;210;188;82m⡡⠙[38;2;210;188;82;48;2;233;210;100m⣆[38;2;233;210;100;48;2;210;188;82m⠂⠫[38;2;210;188;82;48;2;233;210;100m⢋[38;2;156;126;61m⢀[38;2;254;233;126;48;2;74;48;48m⠃[38;2;100;68;54m⡄[38;2;74;42;90;48;2;54;29;48m⢸[38;2;146;117;166;48;2;108;68;126m⢸[38;2;199;188;222;48;2;178;156;210m⢸[38;2;233;222;244;48;2;233;222;244m⠀[38;2;178;156;210;48;2;199;188;222m⢸[38;2;108;68;126;48;2;146;117;166m⢸[48;2;74;42;90m⢠[38;2;48;19;61m⢸[38;2;108;68;126m⢸[48;2;178;156;210m⢸[38;2;146;117;166;48;2;74;42;90m⡆[48;2;108;68;126m⢴⠴[38;2;108;68;126;48;2;178;156;210m⢉[38;2;146;117;166;48;2;74;42;90m⢰[38;2;178;156;210;48;2;108;68;126m⢸[38;2;74;42;90m⢸[38;2;146;117;166;48;2;233;222;244m⢸[38;2;233;222;244;48;2;199;188;222m⣤[48;2;146;117;166m⢸[38;2;48;19;61;48;2;108;68;126m⢸[38;2;19;9;24;48;2;48;19;61m⠁[38;2;74;42;90m⣂[38;2;48;19;61;48;2;74;42;90m⠍[38;2;108;68;126m⠠⡀[38;2;74;42;90m⠀[38;2;108;68;126m⠤[38;2;146;117;166;48;2;108;68;126m⢀[38;2;108;68;126;48;2;74;42;90m⣤⠌⢅⡄[38;2;48;19;61m⠩[38;2;74;42;90;48;2;48;19;61m⣐[38;2;19;9;24m⠈[38;2;108;68;126m⢸[38;2;146;117;166;48;2;233;222;244m⢸[38;2;233;222;244;48;2;199;188;222m⣤[48;2;146;117;166m⢸[38;2;108;68;126;48;2;74;42;90m⢸[48;2;178;156;210m⢸[38;2;146;117;166;48;2;74;42;90m⡆[38;2;108;68;126;48;2;178;156;210m⡉[38;2;146;117;166;48;2;108;68;126m⠦⡦[48;2;74;42;90m⢰[38;2;178;156;210;48;2;108;68;126m⢸[38;2;74;42;90m⢸[48;2;48;19;61m⢸[38;2;108;68;126;48;2;74;42;90m⡄[38;2;146;117;166;48;2;108;68;126m⢸[38;2;199;188;222;48;2;178;156;210m⢸[38;2;233;222;244;48;2;233;222;244m⠀[38;2;178;156;210;48;2;199;188;222m⢸[38;2;108;68;126;48;2;146;117;166m⢸[38;2;54;29;48;48;2;74;42;90m⢸[38;2;100;68;54;48;2;74;48;48m⢠[48;2;233;210;100m⠃[38;2;254;233;126m⡁[38;2;233;210;100;48;2;210;188;82m⠌[48;2;188;166;68m⢀⡀[48;2;210;188;82m⠉⠉[38;2;210;188;82;48;2;233;210;100m⣤[38;2;188;166;68;48;2;156;126;61m⡢[38;2;156;126;61;48;2;100;68;54m⡄[38;2;126;100;54;48;2;74;48;48m⠄[38;2;100;68;54;48;2;126;100;54m⢋[38;2;74;48;48;48;2;100;68;54m⣠[38;2;100;68;54;48;2;74;48;48m⠆[38;2;126;100;54m⢰[38;2;156;126;61;48;2;210;188;82m⣆[38;2;210;188;82;48;2;156;126;61m⠃[38;2;100;68;54;48;2;126;100;54m⡌[38;2;126;100;54;48;2;100;68;54m⣀[48;2;74;48;48m⠁[38;2;156;126;61m⠘[38;2;100;68;54;48;2;126;100;54m⣰⠃[38;2;126;100;54;48;2;100;68;54m⠅[38;2;74;48;48m⡅[38;2;156;126;61;48;2;126;100;54m⠙[48;2;100;68;54m⠃[0m
[38;2;61;166;48;48;2;24;117;48m⠠[38;2;24;117;48;48;2;61;166;48m⠳[38;2;24;68;36;48;2;24;117;48m⠶[38;2;68;100;19;48;2;42;68;19m⢤[38;2;108;137;24m⣄[38;2;156;178;24;48;2;24;68;36m⠉⠁[38;2;68;100;19;48;2;42;68;19m⠲[38;2;108;137;24;48;2;24;68;36m⠦[38;2;100;68;54;48;2;24;117;48m⠉[38;2;61;166;48;48;2;100;68;54m⣄[38;2;126;100;54m⢅[38;2;108;222;48;48;2;74;48;48m⣀[38;2;61;166;48m⣀[38;2;14;68;36;48;2;74;100;9m⡀[38;2;108;146;24;48;2;100;68;54m⡀[38;2;61;166;48;48;2;48;68;0m⢀[38;2;24;117;48;48;2;100;68;54m⣀[48;2;188;166;68m⡀[38;2;100;68;54;48;2;156;126;61m⠘[38;2;74;48;48;48;2;126;100;54m⠁[38;2;156;126;61;48;2;188;166;68m⢉[38;2;233;210;100m⠎[38;2;188;166;68;48;2;156;126;61m⠋[48;2;100;68;54m⠁[38;2;126;100;54;48;2;156;126;61m⣠[38;2;233;210;100;48;2;100;68;54m⢸[48;2;210;188;82m⢠[38;2;254;233;126m⡀[38;2;233;210;100m⡦[48;2;188;166;68m⠂[48;2;210;188;82m⣠[38;2;156;126;61;48;2;233;210;100m⢠[38;2;126;100;54;48;2;74;48;48m⠁[38;2;74;42;90m⢀[38;2;100;68;54;48;2;74;42;90m⠇[38;2;146;117;166;48;2;108;68;126m⢸[38;2;199;188;222;48;2;178;156;210m⢸[38;2;233;222;244;48;2;233;222;244m⠀[38;2;178;156;210;48;2;199;188;222m⢸[38;2;108;68;126;48;2;146;117;166m⢸[38;2;48;19;61;48;2;74;42;90m⢠[38;2;108;68;126;48;2;48;19;61m⢠[38;2;74;42;90;48;2;108;68;126m⢇[38;2;199;188;222;48;2;146;117;166m⢇[38;2;146;117;166;48;2;178;156;210m⠓⠒⠒⠒⠚[48;2;199;188;222m⢇[38;2;108;68;126;48;2;74;42;90m⠇[38;2;146;117;166;48;2;233;222;244m⢸[38;2;233;222;244;48;2;199;188;222m⠉[48;2;146;117;166m⢸[38;2;74;42;90;48;2;108;68;126m⢸[38;2;108;68;126;48;2;74;42;90m⣠[38;2;74;42;90;48;2;108;68;126m⠓[38;2;146;117;166m⡀⣠⡀⣐[38;2;108;68;126;48;2;146;117;166m⠍⠉[38;2;146;117;166;48;2;108;68;126m⣂[38;2;108;68;126;48;2;146;117;166m⠋[38;2;146;117;166;48;2;108;68;126m⠄⢄⢀[38;2;74;42;90m⠚[38;2;108;68;126;48;2;74;42;90m⣄⢸[38;2;146;117;166;48;2;233;222;244m⢸[38;2;233;222;244;48;2;199;188;222m⠉[48;2;146;117;166m⢸[38;2;108;68;126;48;2;74;42;90m⠸[38;2;199;188;222;48;2;146;117;166m⢇[38;2;146;117;166;48;2;178;156;210m⠓⠒⠒⠒⠚[48;2;199;188;222m⢇[38;2;108;68;126;48;2;74;42;90m⢇[48;2;48;19;61m⡄[38;2;48;19;61;48;2;74;42;90m⡄[38;2;146;117;166;48;2;108;68;126m⢸[38;2;199;188;222;48;2;178;156;210m⢸[38;2;233;222;244;48;2;233;222;244m⠀[38;2;178;156;210;48;2;199;188;222m⢸[38;2;108;68;126;48;2;146;117;166m⢸[38;2;74;48;48;48;2;74;42;90m⠸[38;2;74;42;90;48;2;74;48;48m⡀[38;2;210;188;82m⠈[48;2;126;100;54m⢉[38;2;233;210;100;48;2;188;166;68m⣠[48;2;210;188;82m⡙[38;2;254;233;126m⠠[38;2;188;166;68;48;2;233;210;100m⠋[38;2;233;210;100;48;2;210;188;82m⡆⠐⠤[38;2;156;126;61m⠫[38;2;210;188;82;48;2;126;100;54m⡐[38;2;156;126;61;48;2;74;48;48m⣄[38;2;74;48;48;48;2;126;100;54m⠋[38;2;156;126;61;48;2;210;188;82m⠃[38;2;210;188;82;48;2;126;100;54m⠂[38;2;188;166;68;48;2;156;126;61m⠸[38;2;100;68;54;48;2;126;100;54m⢸[38;2;188;166;68;48;2;100;68;54m⢸[48;2;156;126;61m⠉[38;2;126;100;54;48;2;100;68;54m⠃[48;2;74;48;48m⠠[38;2;100;68;54;48;2;126;100;54m⠮[38;2;126;100;54;48;2;100;68;54m⢅[38;2;108;222;48;48;2;74;48;48m⣀[38;2;61;166;48m⣀[38;2;14;68;36;48;2;74;100;9m⡀[38;2;108;146;24;48;2;100;68;54m⡀[0m
[38;2;61;166;48;48;2;24;68;36m⠈[38;2;24;117;48;48;2;108;222;48m⢋[38;2;61;166;48;48;2;24;68;36m⠁[38;2;108;222;48m⠳[38;2;156;178;24m⢀[38;2;108;137;24m⣤[38;2;42;68;19;48;2;68;100;19m⢋[38;2;108;137;24m⢤[48;2;42;68;19m⠲[38;2;210;188;82;48;2;24;68;36m⢄[38;2;24;68;36;48;2;210;188;82m⠓[38;2;188;166;68;48;2;126;100;54m⣤[38;2;108;146;24;48;2;188;166;68m⠩[38;2;108;222;48;48;2;74;100;9m⠉[38;2;61;166;48m⢓[38;2;74;100;9;48;2;48;68;0m⣁[38;2;14;68;36;48;2;61;166;48m⡰[38;2;188;244;54;48;2;74;100;9m⡠[38;2;233;210;100m⠉[38;2;210;188;82;48;2;156;126;61m⣡[38;2;100;68;54;48;2;233;210;100m⠙[38;2;233;210;100;48;2;156;126;61m⣀[38;2;188;166;68m⣆[38;2;233;210;100;48;2;126;100;54m⣀[38;2;74;48;48;48;2;210;188;82m⠋[38;2;100;68;54m⠋[38;2;126;100;54;48;2;233;210;100m⠁[38;2;210;188;82m⠲[38;2;188;166;68m⠶[38;2;233;210;100;48;2;188;166;68m⠐[38;2;254;233;126;48;2;210;188;82m⠪[38;2;126;100;54;48;2;233;210;100m⣠[38;2;156;126;61;48;2;74;48;48m⠃[38;2;74;48;48;48;2;54;29;48m⢸[38;2;108;68;126;48;2;74;42;90m⢀[38;2;146;117;166;48;2;108;68;126m⡀[38;2;108;68;126;48;2;146;117;166m⠙[38;2;199;188;222;48;2;178;156;210m⣈[48;2;254;254;254m⠶[38;2;233;222;244;48;2;178;156;210m⡀[38;2;108;68;126;48;2;146;117;166m⠋[38;2;48;19;61;48;2;108;68;126m⠸[38;2;146;117;166;48;2;74;42;90m⡀[48;2;108;68;126m⢱[38;2;199;188;222;48;2;146;117;166m⠤⠴⠶⠶⠶⠶⠶[38;2;146;117;166;48;2;108;68;126m⡦[48;2;199;188;222m⠸[48;2;178;156;210m⠤[48;2;199;188;222m⠇[38;2;108;68;126;48;2;146;117;166m⢸[38;2;146;117;166;48;2;108;68;126m⣤[38;2;108;68;126;48;2;146;117;166m⠁[38;2;146;117;166;48;2;82;36;36m⠋[48;2;156;36;82m⠩[38;2;156;156;82m⠄[38;2;146;117;166;48;2;82;36;36m⠙[38;2;178;156;210;48;2;146;117;166m⣀⡒[38;2;146;117;166;48;2;178;156;210m⡁[38;2;178;156;210;48;2;146;117;166m⡥⠄⡀⢤[38;2;108;68;126m⠈[38;2;146;117;166;48;2;108;68;126m⣤⢸[48;2;199;188;222m⠸[48;2;178;156;210m⠤[48;2;199;188;222m⠇[48;2;108;68;126m⢴[38;2;199;188;222;48;2;146;117;166m⠶⠶⠶⠶⠶⠦⠤[38;2;108;68;126m⢱[38;2;146;117;166;48;2;74;42;90m⢀[38;2;48;19;61;48;2;108;68;126m⠇[38;2;108;68;126;48;2;146;117;166m⠙[38;2;233;222;244;48;2;178;156;210m⢀[38;2;199;188;222;48;2;254;254;254m⠶[48;2;178;156;210m⣁[38;2;108;68;126;48;2;146;117;166m⠋[38;2;146;117;166;48;2;108;68;126m⢀[38;2;126;100;54;48;2;74;42;90m⠈[38;2;54;29;48;48;2;100;68;54m⢸[38;2;156;126;61m⠙[48;2;233;210;100m⡀[38;2;210;188;82m⣠[38;2;233;210;100;48;2;210;188;82m⠋⣀[38;2;210;188;82;48;2;233;210;100m⠎[38;2;233;210;100;48;2;210;188;82m⣢⣐[38;2;210;188;82;48;2;233;210;100m⣀[38;2;156;126;61;48;2;210;188;82m⢀[38;2;210;188;82;48;2;156;126;61m⡁[38;2;100;68;54;48;2;126;100;54m⢰[38;2;188;166;68;48;2;156;126;61m⠁[48;2;100;68;54m⢰[38;2;156;126;61;48;2;188;166;68m⣡[48;2;210;188;82m⡉[48;2;188;166;68m⢠[38;2;100;68;54;48;2;126;100;54m⠸[38;2;126;100;54;48;2;74;48;48m⢀[38;2;100;68;54;48;2;126;100;54m⠋[38;2;210;188;82m⢈[38;2;188;166;68m⣤[38;2;108;146;24;48;2;188;166;68m⠩[38;2;108;222;48;48;2;74;100;9m⠉[38;2;61;166;48m⢓[38;2;74;100;9;48;2;48;68;0m⣁[0m
[38;2;233;210;100;48;2;24;68;36m⠐[38;2;210;188;82;48;2;42;68;19m⢤[38;2;254;233;126m⡀[38;2;42;68;19;48;2;24;68;36m⡘[48;2;233;210;100m⠶[38;2;68;100;19;48;2;24;68;36m⠁[38;2;233;210;100m⠈[48;2;68;100;19m⠂[38;2;24;117;48;48;2;42;68;19m⣄[38;2;233;210;100m⠡[38;2;42;68;19;48;2;210;188;82m⠋[38;2;233;210;100m⣠[48;2;61;166;48m⠆[38;2;188;244;54;48;2;74;100;9m⠐[38;2;146;188;36m⠋[38;2;61;166;48;48;2;48;68;0m⣄[38;2;14;68;36;48;2;74;100;9m⣆[38;2;146;188;36;48;2;48;68;0m⢤[38;2;233;210;100;48;2;74;100;9m⣀[38;2;100;82;42;48;2;210;188;82m⠃[38;2;254;233;126m⠖[48;2;188;166;68m⠹[48;2;233;210;100m⠖[38;2;188;166;68m⢀[38;2;156;126;61;48;2;210;188;82m⣠[48;2;126;100;54m⠋[38;2;210;188;82;48;2;156;126;61m⠙[38;2;254;233;126;48;2;233;210;100m⠢[38;2;156;126;61m⢠[38;2;254;233;126;48;2;100;68;54m⠋[38;2;74;48;48;48;2;126;100;54m⣠[48;2;100;68;54m⡰[38;2;100;68;54;48;2;54;29;48m⡄[38;2;74;48;48m⠘[38;2;146;117;166;48;2;108;68;126m⢸[48;2;178;156;210m⠉[48;2;199;188;222m⠙[38;2;233;222;244;48;2;178;156;210m⣀[38;2;178;156;210;48;2;233;222;244m⠶[38;2;233;222;244;48;2;178;156;210m⣀[38;2;146;117;166;48;2;199;188;222m⠋[38;2;233;222;244;48;2;146;117;166m⣆[38;2;90;42;36;48;2;178;156;210m⢸[38;2;108;68;126;48;2;90;42;36m⠈⠉⠉⢉[38;2;90;42;36;48;2;126;117;199m⠶[38;2;108;68;126;48;2;108;54;42m⡉⠉[48;2;90;42;36m⠉⠉[38;2;233;222;244;48;2;146;117;166m⢀[38;2;146;117;166;48;2;178;156;210m⠒[38;2;108;68;126m⠲⡀[38;2;199;188;222m⣄[38;2;156;82;82;48;2;82;36;36m⠙[38;2;222;156;156;48;2;156;82;82m⠶[38;2;254;254;222;48;2;156;36;36m⣤[38;2;222;222;156;48;2;82;36;36m⣤[38;2;222;156;156;48;2;222;82;82m⠶[38;2;178;156;210;48;2;156;36;82m⠈[38;2;146;117;166;48;2;178;156;210m⠁[38;2;199;188;222m⣄[38;2;178;156;210;48;2;199;188;222m⠋[38;2;199;188;222;48;2;178;156;210m⣂⢀[38;2;146;117;166m⠈⠈[38;2;199;188;222m⣠[38;2;108;68;126m⢀⠖[38;2;146;117;166m⠒[38;2;233;222;244;48;2;146;117;166m⡀[38;2;108;68;126;48;2;90;42;36m⠉⠉[48;2;108;54;42m⠉⢉[38;2;90;42;36;48;2;126;117;199m⠶[38;2;108;68;126;48;2;90;42;36m⡉⠉⠉⠁[38;2;178;156;210m⢸[38;2;233;222;244;48;2;146;117;166m⢰[38;2;146;117;166;48;2;199;188;222m⠙[38;2;233;222;244;48;2;178;156;210m⣀[38;2;178;156;210;48;2;233;222;244m⠶[38;2;233;222;244;48;2;178;156;210m⣀[38;2;146;117;166;48;2;199;188;222m⠋[48;2;178;156;210m⠉[38;2;108;68;126;48;2;146;117;166m⢸[38;2;126;100;54;48;2;100;68;54m⠑[38;2;156;126;61;48;2;126;100;54m⢢[38;2;188;166;68m⡀[38;2;126;100;54;48;2;156;126;61m⡆[38;2;188;166;68;48;2;233;210;100m⣁[38;2;233;210;100;48;2;254;233;126m⡉[38;2;210;188;82m⢰[38;2;254;233;126;48;2;210;188;82m⠖[48;2;188;166;68m⠹[48;2;233;210;100m⠖[38;2;156;126;61m⢈[38;2;210;188;82;48;2;126;100;54m⠃[38;2;156;126;61;48;2;100;68;54m⢰[38;2;254;233;126;48;2;156;126;61m⡀[38;2;100;68;54;48;2;126;100;54m⠇[38;2;126;100;54;48;2;100;68;54m⠇[38;2;210;188;82;48;2;188;166;68m⠲[38;2;156;126;61m⣨[38;2;100;68;54m⢸[38;2;74;48;48;48;2;100;68;54m⣰[38;2;126;100;54m⠘⢈[38;2;233;210;100;48;2;210;188;82m⢄[38;2;210;188;82;48;2;61;166;48m⠆[38;2;188;244;54;48;2;74;100;9m⠐[38;2;146;188;36m⠋[38;2;61;166;48;48;2;48;68;0m⣄[0m
[38;2;210;188;82;48;2;24;68;36m⠐[38;2;42;68;19;48;2;210;188;82m⣡[38;2;24;68;36;48;2;74;42;61m⣀[38;2;68;100;19;48;2;42;68;19m⠐[38;2;254;233;126;48;2;68;100;19m⠁[38;2;108;137;24;48;2;42;68;19m⠄[38;2;24;117;48;48;2;24;68;36m⠐⠶[38;2;233;210;100;48;2;24;117;48m⠰[38;2;210;188;82;48;2;42;68;19m⢤[38;2;42;68;19;48;2;210;188;82m⠓[38;2;233;210;100m⠘[38;2;61;166;48m⠉[38;2;188;166;68m⢖[38;2;100;82;42m⠡[38;2;24;117;48;48;2;233;210;100m⠚[38;2;100;82;42m⠋[38;2;74;100;9m⢉[38;2;254;233;126;48;2;156;126;61m⠉[38;2;156;126;61;48;2;100;68;54m⠹[38;2;233;210;100;48;2;156;126;61m⠃[38;2;100;68;54;48;2;126;100;54m⡀[38;2;156;126;61;48;2;188;166;68m⣆[48;2;126;100;54m⢋[38;2;210;188;82;48;2;156;126;61m⡠[38;2;100;68;54m⠃[48;2;126;100;54m⢀[38;2;210;188;82;48;2;156;126;61m⠉[38;2;100;68;54;48;2;126;100;54m⣰[38;2;74;48;48;48;2;54;29;48m⢋[38;2;100;68;54m⣠[38;2;156;126;61;48;2;74;48;48m⡀[38;2;54;29;48m⣰[38;2;146;117;166;48;2;54;29;48m⢰[38;2;108;68;126;48;2;178;156;210m⠋[38;2;199;188;222m⣠[38;2;254;254;254m⡄[38;2;233;222;244m⠤⠤⠤⠤[48;2;199;188;222m⠥[48;2;108;54;42m⠇[38;2;90;42;36;48;2;137;74;48m⠓[38;2;254;244;254m⣀[38;2;126;117;199m⣰[38;2;254;244;254;48;2;188;178;222m⢰⢴[38;2;188;178;222;48;2;126;117;199m⡆[38;2;100;90;178;48;2;137;74;48m⢆[38;2;188;178;222m⡀[38;2;108;54;42m⠚[38;2;146;117;166;48;2;108;54;42m⠸[38;2;178;156;210;48;2;233;222;244m⣄[38;2;233;222;244;48;2;199;188;222m⣄[38;2;146;117;166m⠙[38;2;222;156;156;48;2;146;117;166m⠸[38;2;156;82;82;48;2;82;82;36m⣄[38;2;156;36;82;48;2;222;222;156m⠋[38;2;36;36;0;48;2;254;254;222m⡆⢰[38;2;156;36;82;48;2;222;156;156m⠙[38;2;156;82;82;48;2;82;36;36m⣠[38;2;222;156;156;48;2;222;222;222m⠁[38;2;233;222;244;48;2;199;188;222m⣤⣤⡦⠦[38;2;146;117;166m⢀⣠[38;2;178;156;210;48;2;146;117;166m⢋[38;2;146;117;166;48;2;199;188;222m⠋[38;2;233;222;244m⣠[38;2;178;156;210;48;2;233;222;244m⣡[38;2;146;117;166;48;2;108;54;42m⢃[38;2;108;54;42;48;2;137;74;48m⠓[38;2;254;244;254m⣀[38;2;126;117;199m⣰[38;2;254;244;254;48;2;188;178;222m⢰⢴[38;2;188;178;222;48;2;126;117;199m⡆[38;2;100;90;178;48;2;137;74;48m⢆[38;2;188;178;222m⡀[38;2;90;42;36m⠚[38;2;233;222;244;48;2;108;54;42m⠸[48;2;199;188;222m⠬[48;2;178;156;210m⠤⠤⠤⠤[38;2;254;254;254m⢠[38;2;199;188;222m⣄[38;2;108;68;126m⠙[38;2;146;117;166;48;2;74;48;48m⡆[38;2;156;126;61;48;2;100;68;54m⠘[38;2;188;166;68;48;2;126;100;54m⠁[38;2;126;100;54;48;2;100;68;54m⠘[38;2;156;126;61;48;2;126;100;54m⠙[38;2;188;166;68;48;2;156;126;61m⠙[38;2;156;126;61;48;2;210;188;82m⣠[38;2;233;210;100;48;2;156;126;61m⠃[38;2;100;68;54;48;2;126;100;54m⡀[38;2;156;126;61;48;2;188;166;68m⣆[48;2;126;100;54m⢋[38;2;210;188;82;48;2;156;126;61m⡰⠪[38;2;188;166;68;48;2;126;100;54m⠋[38;2;126;100;54;48;2;156;126;61m⡊[38;2;233;210;100;48;2;126;100;54m⠒[38;2;210;188;82;48;2;156;126;61m⣀[38;2;188;166;68;48;2;126;100;54m⡀[38;2;210;188;82;48;2;100;68;54m⣀[38;2;188;166;68m⣠[38;2;100;68;54;48;2;210;188;82m⠋[38;2;126;100;54m⠁[38;2;233;210;100m⠑[38;2;61;166;48;48;2;233;210;100m⠉[38;2;210;188;82m⣨[38;2;100;82;42;48;2;210;188;82m⠡[38;2;24;117;48m⠚[0m
[38;2;68;100;19;48;2;24;68;36m⢀[38;2;42;68;19;48;2;108;137;24m⠋[38;2;156;178;24;48;2;68;100;19m⢠[38;2;108;137;24;48;2;42;68;19m⡆[48;2;68;100;19m⢠[38;2;42;68;19;48;2;156;178;24m⠢[38;2;156;178;24;48;2;42;68;19m⢓[38;2;188;166;68;48;2;24;68;36m⠐[38;2;24;68;36;48;2;210;188;82m⡉[38;2;210;188;82;48;2;188;166;68m⡨⡠[38;2;233;210;100;48;2;210;188;82m⢠[38;2;254;233;126;48;2;233;210;100m⡀[38;2;233;210;100;48;2;210;188;82m⡦[48;2;188;166;68m⠂⣠[38;2;126;100;54;48;2;210;188;82m⢘[48;2;100;68;54m⠄[38;2;74;48;48;48;2;54;29;48m⢡[38;2;156;126;61;48;2;74;48;48m⢨[38;2;210;188;82;48;2;126;100;54m⣄[38;2;126;100;54;48;2;100;68;54m⡄[38;2;156;126;61;48;2;126;100;54m⣠[38;2;100;68;54;48;2;156;126;61m⢇[38;2;188;166;68m⠁[38;2;100;68;54;48;2;126;100;54m⣰[38;2;188;166;68m⢰[38;2;156;126;61;48;2;100;68;54m⡆[38;2;54;29;48;48;2;74;48;48m⢲[38;2;100;68;54m⢸[38;2;188;166;68;48;2;126;100;54m⠘[38;2;126;100;54;48;2;74;48;48m⠇[38;2;74;48;48;48;2;54;29;48m⣠[38;2;178;156;210m⢸[38;2;146;117;166;48;2;199;188;222m⣠⣄[38;2;233;222;244;48;2;108;54;42m⠇[38;2;166;90;61m⣠[38;2;199;117;68m⡄[38;2;90;42;36;48;2;166;90;61m⠋[38;2;108;54;42m⠋[38;2;199;117;68;48;2;137;74;48m⣠[38;2;90;42;36;48;2;166;90;61m⠋[38;2;137;74;48m⠋[38;2;126;117;199m⠈[38;2;188;178;222;48;2;100;90;178m⢁⠨[38;2;222;210;233;48;2;126;117;199m⠦[38;2;126;117;199;48;2;74;68;166m⠥[48;2;100;90;178m⡌[38;2;74;68;166;48;2;137;74;48m⠁[38;2;108;54;42m⠉[38;2;199;117;68;48;2;108;54;42m⢰[48;2;166;90;61m⣀[38;2;178;156;210;48;2;199;117;68m⠙[38;2;146;117;166;48;2;233;222;244m⣀[38;2;199;188;222m⡙[38;2;68;68;68;48;2;222;82;82m⠈[38;2;222;222;36;48;2;156;82;156m⢀[38;2;68;68;68;48;2;254;222;156m⢤⡤[38;2;156;156;156;48;2;156;82;82m⣁[38;2;146;117;166;48;2;156;36;82m⡘[38;2;233;222;244;48;2;178;156;210m⣀⣀⣀[48;2;146;117;166m⣤[38;2;146;117;166;48;2;199;188;222m⠋⠉⠁[38;2;199;188;222;48;2;233;222;244m⢋[38;2;146;117;166m⣠[38;2;178;156;210;48;2;199;117;68m⠋[38;2;199;117;68;48;2;166;90;61m⣀[48;2;108;54;42m⡆[38;2;108;54;42;48;2;137;74;48m⠉[38;2;126;117;199m⠈[38;2;188;178;222;48;2;100;90;178m⢁⠨[38;2;222;210;233;48;2;126;117;199m⠦[38;2;126;117;199;48;2;74;68;166m⠥[48;2;100;90;178m⡌[38;2;74;68;166;48;2;166;90;61m⠁[38;2;137;74;48m⠙[38;2;90;42;36m⠋[38;2;199;117;68;48;2;137;74;48m⣠[38;2;108;54;42;48;2;166;90;61m⠋[38;2;90;42;36m⠋[38;2;166;90;61;48;2;108;54;42m⢰[38;2;199;117;68m⣀[38;2;233;222;244m⠸[38;2;146;117;166;48;2;199;188;222m⣠⣄[38;2;100;68;54;48;2;178;156;210m⢸[48;2;156;126;61m⢇[38;2;156;126;61;48;2;100;68;54m⡆[38;2;100;68;54;48;2;74;48;48m⡈[38;2;126;100;54;48;2;100;68;54m⠁⢠[38;2;100;68;54;48;2;188;166;68m⠚[38;2;210;188;82;48;2;126;100;54m⣄[38;2;126;100;54;48;2;100;68;54m⡄[38;2;156;126;61;48;2;126;100;54m⣠[38;2;100;68;54;48;2;156;126;61m⢇[38;2;188;166;68m⠁[38;2;100;68;54;48;2;126;100;54m⣰[38;2;188;166;68m⢰[38;2;156;126;61m⡆[38;2;126;100;54;48;2;100;68;54m⠅[38;2;100;68;54;48;2;126;100;54m⣰[38;2;254;233;126m⢀[38;2;156;126;61;48;2;233;210;100m⠓[38;2;210;188;82m⢖[38;2;233;210;100;48;2;210;188;82m⣰[38;2;188;166;68;48;2;254;233;126m⠋[38;2;254;233;126;48;2;210;188;82m⡀[38;2;210;188;82;48;2;188;166;68m⡃⠚⠉[38;2;100;82;42m⠘[0m
[38;2;108;137;24;48;2;24;68;36m⠘⠉[38;2;126;100;54;48;2;42;68;19m⣀[38;2;42;68;19;48;2;156;126;61m⡚[38;2;156;126;61;48;2;24;68;36m⣀[38;2;42;68;19;48;2;188;166;68m⢍[38;2;156;126;61;48;2;210;188;82m⣠[38;2;188;166;68;48;2;233;210;100m⡕[38;2;233;210;100;48;2;210;188;82m⣀[38;2;188;166;68m⢴[38;2;233;210;100m⠠⢊[38;2;188;166;68;48;2;233;210;100m⠶[38;2;233;210;100;48;2;188;166;68m⠐[38;2;188;166;68;48;2;233;210;100m⣁[38;2;126;100;54m⣰[38;2;156;126;61;48;2;100;68;54m⠃[38;2;54;29;48;48;2;74;48;48m⢴[38;2;100;68;54m⠸[38;2;126;100;54;48;2;188;166;68m⡅[38;2;188;166;68;48;2;156;126;61m⠋[38;2;126;100;54;48;2;100;68;54m⠇[38;2;156;126;61;48;2;188;166;68m⡜[48;2;210;188;82m⠁[48;2;126;100;54m⡆[48;2;100;68;54m⢰[38;2;100;68;54;48;2;156;126;61m⢀[38;2;126;100;54m⣰[38;2;100;68;54;48;2;74;48;48m⠇[48;2;54;29;48m⠈[38;2;126;100;54;48;2;100;68;54m⢡[38;2;74;48;48;48;2;126;100;54m⢸[38;2;178;156;210;48;2;54;29;48m⢀[38;2;233;222;244;48;2;146;117;166m⣈⠋[48;2;178;156;210m⠉[38;2;178;156;210;48;2;108;54;42m⡃[38;2;137;74;48;48;2;199;117;68m⠩[38;2;199;117;68;48;2;166;90;61m⣀⣠[38;2;108;54;42;48;2;137;74;48m⠋[38;2;166;90;61;48;2;108;54;42m⣠[38;2;137;74;48m⣤[38;2;108;54;42;48;2;166;90;61m⠉[38;2;188;178;222;48;2;74;68;166m⠲[48;2;126;117;199m⠈[48;2;100;90;178m⢂[38;2;74;68;166;48;2;126;117;199m⠶[38;2;54;48;156m⢇[38;2;188;178;222;48;2;100;90;178m⠁[48;2;36;36;146m⠖[38;2;199;117;68;48;2;137;74;48m⣠⣠[38;2;108;54;42;48;2;166;90;61m⠋[38;2;199;117;68;48;2;137;74;48m⢀⣠[38;2;254;156;156;48;2;100;100;100m⣠[48;2;222;82;82m⠆[38;2;222;222;222;48;2;82;36;0m⢆[38;2;82;36;36;48;2;156;82;82m⠖[38;2;156;36;36;48;2;254;82;156m⠶[38;2;233;222;244;48;2;82;36;0m⣰[38;2;254;156;156;48;2;222;82;82m⠰[38;2;233;222;244m⠙[38;2;178;156;210;48;2;233;222;244m⣤[38;2;108;68;126m⣀[38;2;137;74;48;48;2;199;188;222m⣠[48;2;178;156;210m⣠[38;2;199;188;222;48;2;166;90;61m⠋[48;2;137;74;48m⠉[38;2;108;68;126m⢉[48;2;166;90;61m⠁[38;2;199;117;68;48;2;137;74;48m⡀[38;2;108;54;42;48;2;166;90;61m⠋[38;2;199;117;68;48;2;137;74;48m⣠⣠[38;2;188;178;222;48;2;74;68;166m⠲[48;2;126;117;199m⠈[48;2;100;90;178m⢂[38;2;74;68;166;48;2;126;117;199m⠶[38;2;54;48;156m⢇[38;2;188;178;222;48;2;100;90;178m⠁[48;2;36;36;146m⠖[38;2;108;54;42;48;2;166;90;61m⠉[38;2;137;74;48;48;2;108;54;42m⣤[38;2;166;90;61m⣠[38;2;108;54;42;48;2;137;74;48m⠙[38;2;199;117;68;48;2;166;90;61m⣄⣀[38;2;108;54;42m⠈[38;2;178;156;210;48;2;108;54;42m⢘[38;2;233;222;244;48;2;178;156;210m⠉[48;2;146;117;166m⠋⣁[38;2;178;156;210;48;2;126;100;54m⡀[38;2;100;68;54m⠡[38;2;74;48;48;48;2;100;68;54m⠜[38;2;126;100;54m⣀⠸[38;2;188;166;68;48;2;156;126;61m⠸⠋[38;2;126;100;54;48;2;100;68;54m⠇[38;2;156;126;61;48;2;188;166;68m⡜[48;2;210;188;82m⠁[48;2;126;100;54m⡆[48;2;100;68;54m⢰[38;2;100;68;54;48;2;156;126;61m⢀[38;2;156;126;61;48;2;100;68;54m⠇[48;2;74;48;48m⢠[38;2;126;100;54m⡀[38;2;210;188;82;48;2;126;100;54m⠈[38;2;156;126;61;48;2;233;210;100m⡀[38;2;210;188;82m⣠[38;2;233;210;100;48;2;188;166;68m⢋[38;2;156;126;61;48;2;233;210;100m⠶[38;2;233;210;100;48;2;210;188;82m⠉⠚⣁⣠⣤[0m
[38;2;100;68;54;48;2;100;68;54m⠀⠀⠀[38;2;126;100;54m⠈[38;2;108;222;48m⣀[38;2;61;166;48m⣀[38;2;156;126;61;48;2;74;100;9m⠹[38;2;233;210;100;48;2;126;100;54m⠸[48;2;48;68;0m⠋[38;2;24;117;48;48;2;233;210;100m⣀[38;2;188;166;68;48;2;126;100;54m⠹[38;2;210;188;82;48;2;233;210;100m⡅[38;2;156;126;61m⢠[38;2;254;233;126;48;2;100;68;54m⠋[38;2;74;48;48;48;2;126;100;54m⣠[48;2;100;68;54m⣰[38;2;100;68;54;48;2;156;126;61m⢋[38;2;74;48;48;48;2;54;29;48m⢆[38;2;126;100;54;48;2;100;68;54m⡠[38;2;100;68;54;48;2;156;126;61m⡅[48;2;126;100;54m⢲[38;2;74;48;48;48;2;100;68;54m⡔[38;2;126;100;54;48;2;188;166;68m⠇[48;2;156;126;61m⢌[38;2;188;166;68;48;2;210;188;82m⢡[48;2;156;126;61m⠇[38;2;100;68;54;48;2;126;100;54m⣠[38;2;126;100;54;48;2;100;68;54m⡰[38;2;100;68;54;48;2;74;48;48m⠇[38;2;74;48;48;48;2;54;29;48m⠰[38;2;146;117;166;48;2;126;100;54m⢀[38;2;100;68;54;48;2;199;188;222m⠋[38;2;108;68;126m⡠[48;2;178;156;210m⠪[38;2;146;117;166;48;2;199;188;222m⠊⣡[38;2;178;156;210;48;2;108;68;126m⠹[38;2;146;117;166;48;2;233;222;244m⡉[38;2;233;222;244;48;2;137;74;48m⣤[38;2;178;156;210m⣄[38;2;146;117;166m⡀[38;2;166;90;61m⠰[38;2;199;117;68;48;2;166;90;61m⢀⣠[38;2;188;178;222;48;2;100;90;178m⡆[38;2;74;68;166;48;2;54;48;156m⡜[38;2;100;90;178;48;2;188;178;222m⡀⣀[38;2;188;178;222;48;2;126;117;199m⠆[38;2;74;68;166;48;2;54;48;156m⢢[38;2;156;146;210;48;2;100;90;178m⡀[38;2;108;54;42;48;2;137;74;48m⠉⠈[38;2;137;74;48m⠀[38;2;166;90;61m⠤[38;2;254;222;156m⠘[38;2;137;74;48;48;2;254;222;156m⣄[38;2;222;156;156;48;2;137;74;48m⠋[38;2;137;74;48;48;2;24;24;24m⣀[38;2;188;188;188;48;2;82;36;36m⠈[48;2;82;36;0m⠉[38;2;82;82;82;48;2;24;24;24m⣁[38;2;222;156;156;48;2;137;74;48m⠸[38;2;199;117;68;48;2;254;222;156m⣰[38;2;222;156;156;48;2;137;74;48m⠃[38;2;166;90;61m⠶[38;2;108;54;42;48;2;166;90;61m⢉⢉[38;2;166;90;61;48;2;137;74;48m⠶⠠⠤⠤⠤[38;2;137;74;48m⠀[38;2;108;54;42m⠁⠉[38;2;188;178;222;48;2;100;90;178m⡆[38;2;74;68;166;48;2;54;48;156m⡜[38;2;100;90;178;48;2;188;178;222m⡀⣀[38;2;188;178;222;48;2;126;117;199m⠆[38;2;74;68;166;48;2;54;48;156m⢢[38;2;156;146;210;48;2;100;90;178m⡀[38;2;199;117;68;48;2;166;90;61m⣄⡀[38;2;166;90;61;48;2;137;74;48m⠆[38;2;146;117;166m⢀[38;2;178;156;210m⣠[38;2;137;74;48;48;2;199;188;222m⠋[38;2;146;117;166;48;2;233;222;244m⢉[38;2;108;68;126;48;2;178;156;210m⢰[38;2;199;188;222;48;2;146;117;166m⠳[38;2;146;117;166;48;2;199;188;222m⠑[38;2;108;68;126;48;2;178;156;210m⢑[48;2;199;188;222m⢄[38;2;100;68;54m⠙[38;2;146;117;166;48;2;74;48;48m⡀[38;2;100;68;54m⡁[38;2;126;100;54m⠙[38;2;156;126;61;48;2;100;68;54m⢸[38;2;100;68;54;48;2;126;100;54m⢲[38;2;74;48;48;48;2;100;68;54m⡔[38;2;126;100;54;48;2;188;166;68m⠇[48;2;156;126;61m⢌[38;2;188;166;68;48;2;210;188;82m⢡[48;2;156;126;61m⠇[38;2;100;68;54;48;2;126;100;54m⣠[38;2;126;100;54;48;2;100;68;54m⡀[48;2;74;48;48m⠈[38;2;156;126;61m⠃[38;2;100;68;54;48;2;156;126;61m⡁[38;2;188;166;68;48;2;126;100;54m⡀[38;2;126;100;54;48;2;156;126;61m⡆[38;2;188;166;68;48;2;233;210;100m⣁[38;2;233;210;100;48;2;254;233;126m⡉[38;2;188;166;68m⢀[38;2;156;126;61;48;2;233;210;100m⢀[38;2;188;166;68m⣄[38;2;233;210;100;48;2;210;188;82m⠶⠒[0m
[38;2;126;100;54;48;2;100;68;54m⠈[38;2;100;68;54m⠀[38;2;126;100;54m⠂[38;2;100;68;54m⠀[38;2;146;188;36m⣨[38;2;108;222;48;48;2;74;100;9m⠉[38;2;61;166;48m⢓[38;2;74;100;9;48;2;48;68;0m⣁[38;2;14;68;36;48;2;61;166;48m⡰[38;2;188;244;54;48;2;74;100;9m⡠[38;2;74;100;9;48;2;108;146;24m⣡[38;2;100;68;54;48;2;156;126;61m⣢[48;2;126;100;54m⣰[38;2;74;48;48;48;2;54;29;48m⢋[38;2;100;68;54m⣠[38;2;156;126;61;48;2;74;48;48m⣀[38;2;100;68;54;48;2;126;100;54m⠚[48;2;74;48;48m⡄[38;2;126;100;54m⠁[48;2;100;68;54m⢸⠅[38;2;74;48;48m⡅[38;2;156;126;61;48;2;126;100;54m⠙[48;2;100;68;54m⠃[38;2;188;166;68;48;2;156;126;61m⠁[38;2;100;68;54;48;2;126;100;54m⢀[38;2;126;100;54;48;2;74;48;48m⢀[38;2;156;126;61m⡄[38;2;178;156;210;48;2;100;68;54m⢀[38;2;74;48;48;48;2;199;188;222m⠋[38;2;108;68;126m⡠[48;2;178;156;210m⠪[38;2;146;117;166;48;2;199;188;222m⠋[38;2;108;68;126m⣠[38;2;146;117;166;48;2;74;42;90m⠫[38;2;74;42;90;48;2;178;156;210m⠋[38;2;108;68;126;48;2;199;188;222m⠋[38;2;178;156;210;48;2;146;117;166m⣄[38;2;108;68;126m⠤[38;2;233;222;244m⠋[48;2;178;156;210m⠒[38;2;137;74;48m⠈[38;2;233;222;244;48;2;137;74;48m⣤[38;2;137;74;48;48;2;156;146;210m⠃[38;2;188;178;222;48;2;222;210;233m⠸[38;2;126;117;199;48;2;74;68;166m⣠[38;2;74;68;166;48;2;126;117;199m⠙[38;2;156;146;210;48;2;74;68;166m⣤[38;2;126;117;199m⡔[38;2;100;90;178m⢸[38;2;156;146;210;48;2;222;210;233m⠸[38;2;137;74;48;48;2;100;90;178m⢸[38;2;199;117;68;48;2;166;90;61m⠶⠶⠶[48;2;137;74;48m⠠[48;2;166;90;61m⠤[38;2;0;0;0m⣠[38;2;166;90;61;48;2;24;24;24m⢋[38;2;222;222;156;48;2;82;36;36m⠉⠉[38;2;166;90;61;48;2;36;36;36m⡙[38;2;0;0;0;48;2;166;90;61m⣄[38;2;199;117;68;48;2;137;74;48m⠆[38;2;166;90;61m⠶⠶⠶⠠[38;2;199;117;68;48;2;166;90;61m⠦⠤⠤[48;2;137;74;48m⠄[48;2;166;90;61m⠶⠶⠶[38;2;156;146;210;48;2;137;74;48m⢸[38;2;188;178;222;48;2;222;210;233m⠸[38;2;126;117;199;48;2;74;68;166m⣠[38;2;74;68;166;48;2;126;117;199m⠙[38;2;156;146;210;48;2;74;68;166m⣤[38;2;126;117;199m⡔[38;2;100;90;178m⢸[38;2;156;146;210;48;2;222;210;233m⠸[38;2;199;188;222;48;2;100;90;178m⢀[38;2;137;74;48;48;2;199;188;222m⠋[48;2;178;156;210m⠁[38;2;233;222;244m⠒[48;2;146;117;166m⠋[38;2;108;68;126m⠤[38;2;178;156;210m⣠[38;2;108;68;126;48;2;199;188;222m⠋[38;2;233;222;244;48;2;108;68;126m⡦[38;2;74;42;90;48;2;146;117;166m⣢[38;2;108;68;126;48;2;199;188;222m⣄[38;2;146;117;166m⠙[38;2;108;68;126;48;2;178;156;210m⢑[48;2;199;188;222m⢄[38;2;100;68;54m⠙[38;2;178;156;210;48;2;74;48;48m⡀[38;2;126;100;54m⢸[48;2;100;68;54m⠅[38;2;74;48;48m⡅[38;2;156;126;61;48;2;126;100;54m⠙[48;2;100;68;54m⠃[38;2;188;166;68;48;2;156;126;61m⠁[38;2;100;68;54;48;2;126;100;54m⢀[38;2;126;100;54;48;2;74;48;48m⢀[48;2;100;68;54m⡜[38;2;100;68;54;48;2;74;48;48m⢀[38;2;126;100;54m⡀⠈[38;2;100;68;54;48;2;126;100;54m⣤[38;2;126;100;54;48;2;100;68;54m⠘[38;2;156;126;61;48;2;126;100;54m⠙[38;2;188;166;68;48;2;156;126;61m⠙[38;2;210;188;82m⠇[38;2;126;100;54m⣰[48;2;100;68;54m⠙[48;2;233;210;100m⣄[38;2;254;233;126m⣄[0m
[38;2;108;222;48;48;2;100;68;54m⣀[38;2;61;166;48m⣀[38;2;14;68;36;48;2;126;100;54m⡀[38;2;48;68;0;48;2;100;68;54m⢀[38;2;61;166;48;48;2;48;68;0m⢀[38;2;188;244;54;48;2;74;100;9m⠐[38;2;146;188;36m⠋[38;2;61;166;48;48;2;48;68;0m⣄[38;2;14;68;36;48;2;74;100;9m⣆[38;2;146;188;36;48;2;48;68;0m⢤[48;2;74;100;9m⡀[38;2;156;126;61;48;2;100;68;54m⡄[38;2;54;29;48;48;2;74;48;48m⢲[38;2;100;68;54m⢸[38;2;188;166;68;48;2;126;100;54m⠘[38;2;100;68;54m⣰[38;2;126;100;54;48;2;100;68;54m⠋[38;2;74;48;48;48;2;74;48;48m⠀[38;2;54;29;48m⢸[38;2;100;68;54m⢸[38;2;74;48;48;48;2;100;68;54m⠺[38;2;156;126;61;48;2;74;48;48m⣀[38;2;126;100;54;48;2;100;68;54m⡔⣠[38;2;100;68;54;48;2;126;100;54m⠇[38;2;126;100;54;48;2;100;68;54m⣤[38;2;178;156;210;48;2;156;126;61m⢀[38;2;156;126;61;48;2;199;188;222m⠋[38;2;108;68;126m⡡[38;2;199;188;222;48;2;108;68;126m⢅[38;2;146;117;166;48;2;199;188;222m⠊[38;2;108;68;126m⣠[38;2;146;117;166;48;2;74;42;90m⠫[38;2;74;42;90;48;2;178;156;210m⠋[38;2;108;68;126;48;2;199;188;222m⠋[38;2;199;188;222;48;2;146;117;166m⣀[38;2;108;68;126m⠦[38;2;233;222;244m⠙[38;2;146;117;166;48;2;233;222;244m⣄[38;2;254;254;254;48;2;178;156;210m⠆[38;2;233;222;244;48;2;146;117;166m⣠[38;2;199;188;222m⣄[38;2;178;156;210m⡉[38;2;108;68;126;48;2;188;178;222m⡀[38;2;100;90;178;48;2;156;146;210m⡔[38;2;222;210;233;48;2;100;90;178m⡄[48;2;188;178;222m⡄[38;2;126;117;199;48;2;156;146;210m⢸[38;2;156;146;210;48;2;100;90;178m⢀[38;2;188;178;222;48;2;74;68;166m⢰⠙[38;2;166;90;61;48;2;100;90;178m⢸[48;2;137;74;48m⡆[38;2;199;117;68m⠤⠄[38;2;166;90;61m⠤⠄[38;2;0;0;0;48;2;166;90;61m⠙[38;2;137;74;48;48;2;0;0;0m⣄⣀⣀⣠[38;2;0;0;0;48;2;166;90;61m⠋[38;2;199;117;68;48;2;137;74;48m⠤⠤⠄[38;2;233;146;82;48;2;166;90;61m⠥[38;2;199;117;68m⠤⠤⠄[38;2;166;90;61;48;2;137;74;48m⠠⠤[38;2;199;117;68m⠠⠤[38;2;166;90;61m⢰[38;2;222;210;233;48;2;166;90;61m⢸[38;2;100;90;178;48;2;156;146;210m⡔[38;2;222;210;233;48;2;100;90;178m⡄[48;2;188;178;222m⡄[38;2;126;117;199;48;2;156;146;210m⢸[38;2;156;146;210;48;2;100;90;178m⢀[38;2;188;178;222;48;2;74;68;166m⢰⠙[38;2;233;222;244;48;2;100;90;178m⠘[38;2;178;156;210;48;2;146;117;166m⢉[38;2;199;188;222m⣠[38;2;233;222;244m⣄[38;2;254;254;254;48;2;178;156;210m⠰[38;2;146;117;166;48;2;233;222;244m⣠[38;2;233;222;244;48;2;146;117;166m⠋[38;2;108;68;126m⠴[38;2;199;188;222m⣀[38;2;108;68;126;48;2;199;188;222m⠋[38;2;233;222;244;48;2;108;68;126m⡦[38;2;74;42;90;48;2;146;117;166m⣢[38;2;108;68;126;48;2;199;188;222m⣄[38;2;146;117;166m⠑[38;2;199;188;222;48;2;108;68;126m⡨[38;2;108;68;126;48;2;199;188;222m⢌[38;2;100;68;54m⠙[38;2;178;156;210;48;2;74;48;48m⡀[38;2;156;126;61m⣀[38;2;126;100;54;48;2;100;68;54m⡔⣠[38;2;100;68;54;48;2;126;100;54m⠇[38;2;126;100;54;48;2;100;68;54m⣤[38;2;210;188;82;48;2;156;126;61m⢴[38;2;74;48;48;48;2;188;166;68m⢸[38;2;126;100;54;48;2;74;48;48m⠸[38;2;100;68;54;48;2;126;100;54m⢰[48;2;74;48;48m⠁[38;2;126;100;54;48;2;100;68;54m⡀[38;2;100;68;54;48;2;74;48;48m⡈[38;2;126;100;54;48;2;100;68;54m⠁⢠[38;2;188;166;68m⡅[38;2;126;100;54m⢄⢀[38;2;210;188;82m⢀[38;2;156;126;61;48;2;210;188;82m⠶[0m
[38;2;146;188;36;48;2;100;68;54m⣨[38;2;108;222;48;48;2;74;100;9m⠉[38;2;61;166;48m⢓[38;2;74;100;9;48;2;48;68;0m⣁[38;2;14;68;36;48;2;61;166;48m⡰[38;2;188;244;54;48;2;74;100;9m⡠[38;2;108;146;24m⠚[38;2;74;100;9;48;2;210;188;82m⠚[38;2;188;166;68;48;2;100;68;54m⠄[38;2;74;100;9;48;2;74;48;48m⠉[38;2;188;244;54;48;2;100;68;54m⠁[38;2;100;68;54;48;2;156;126;61m⣀[48;2;74;48;48m⠇[48;2;54;29;48m⠈[38;2;126;100;54;48;2;100;68;54m⢡⡆[48;2;74;48;48m⣠[48;2;100;68;54m⡆[38;2;74;48;48;48;2;54;29;48m⣂[38;2;188;166;68;48;2;100;68;54m⢰[38;2;210;188;82;48;2;156;126;61m⣆[38;2;156;126;61;48;2;210;188;82m⠋[48;2;188;166;68m⢔[38;2;210;188;82;48;2;156;126;61m⣀[38;2;178;156;210;48;2;188;166;68m⢀[38;2;156;126;61;48;2;199;188;222m⠋[38;2;108;68;126m⡠[38;2;199;188;222;48;2;108;68;126m⢑[38;2;146;117;166;48;2;199;188;222m⠊⣠[48;2;74;42;90m⠫[38;2;74;42;90;48;2;233;222;244m⠋[38;2;233;222;244;48;2;108;68;126m⣤[38;2;199;188;222;48;2;146;117;166m⣀[38;2;146;117;166;48;2;108;68;126m⡙[38;2;254;254;254;48;2;146;117;166m⠙[38;2;146;117;166;48;2;233;222;244m⣤[38;2;199;188;222;48;2;178;156;210m⠴[38;2;108;68;126;48;2;233;222;244m⠙[38;2;199;188;222;48;2;108;68;126m⣄[48;2;146;117;166m⡈[38;2;254;254;254m⠉[38;2;199;188;222m⠓[38;2;254;254;254m⠄[38;2;100;90;178;48;2;74;68;166m⡈[38;2;126;117;199m⠸[38;2;156;146;210;48;2;188;178;222m⣰[38;2;100;90;178;48;2;126;117;199m⣰[38;2;188;178;222;48;2;100;90;178m⢸[38;2;54;48;156m⢸[48;2;74;68;166m⡖[38;2;254;254;254m⠰[38;2;137;74;48;48;2;233;222;244m⠉[38;2;199;188;222;48;2;137;74;48m⣄[38;2;199;117;68;48;2;166;90;61m⠲[38;2;233;146;82m⠦⠦[38;2;137;74;48;48;2;199;117;68m⣁[38;2;199;117;68;48;2;137;74;48m⠸[38;2;233;146;82;48;2;166;90;61m⠦⠦⠦[38;2;199;117;68;48;2;137;74;48m⠇[38;2;233;146;82;48;2;166;90;61m⠦⠦⠦⠦⠦[38;2;199;117;68;48;2;137;74;48m⠇[38;2;137;74;48;48;2;199;117;68m⣈[38;2;233;146;82;48;2;166;90;61m⠦⠦[38;2;199;117;68m⠖[38;2;199;188;222;48;2;137;74;48m⣠[38;2;137;74;48;48;2;233;222;244m⠉[38;2;233;222;244;48;2;100;90;178m⢆[38;2;100;90;178;48;2;74;68;166m⡈[38;2;126;117;199m⠸[38;2;156;146;210;48;2;188;178;222m⣰[38;2;100;90;178;48;2;126;117;199m⣰[38;2;188;178;222;48;2;100;90;178m⢸[38;2;54;48;156m⢸[48;2;74;68;166m⡖[38;2;254;254;254;48;2;100;90;178m⠠[38;2;146;117;166;48;2;199;188;222m⣡[38;2;254;254;254;48;2;146;117;166m⠉[38;2;199;188;222m⢁[48;2;108;68;126m⣠[38;2;108;68;126;48;2;233;222;244m⠋[38;2;199;188;222;48;2;178;156;210m⠦[38;2;146;117;166;48;2;233;222;244m⣤[38;2;254;254;254;48;2;146;117;166m⠋[38;2;146;117;166;48;2;108;68;126m⢋[38;2;199;188;222;48;2;146;117;166m⣀[38;2;233;222;244;48;2;108;68;126m⣤[38;2;74;42;90;48;2;233;222;244m⠙[48;2;146;117;166m⣢[38;2;146;117;166;48;2;199;188;222m⣄⠑[38;2;199;188;222;48;2;108;68;126m⡊[38;2;108;68;126;48;2;199;188;222m⢄[38;2;156;126;61m⠋[38;2;178;156;210;48;2;188;166;68m⡀[38;2;210;188;82;48;2;156;126;61m⣀[38;2;156;126;61;48;2;210;188;82m⠋[38;2;210;188;82;48;2;156;126;61m⣤[38;2;156;126;61;48;2;210;188;82m⠦[38;2;188;166;68;48;2;126;100;54m⡃[38;2;126;100;54;48;2;74;48;48m⠠⡀[38;2;156;126;61m⣤[38;2;100;68;54;48;2;126;100;54m⠦[38;2;74;48;48;48;2;100;68;54m⠜[38;2;126;100;54m⣀⠸[48;2;156;126;61m⣄[38;2;100;68;54;48;2;126;100;54m⢰[38;2;156;126;61;48;2;54;29;48m⠸[38;2;126;100;54;48;2;233;210;100m⡀[38;2;254;233;126;48;2;210;188;82m⣠[0m
[38;2;108;222;48;48;2;100;68;54m⣠[38;2;188;244;54;48;2;74;100;9m⠐[38;2;146;188;36m⠋[38;2;61;166;48;48;2;48;68;0m⣄[38;2;14;68;36;48;2;74;100;9m⣆[38;2;146;188;36;48;2;48;68;0m⢤[38;2;188;166;68;48;2;74;100;9m⣀[38;2;100;82;42;48;2;210;188;82m⠋[38;2;210;188;82;48;2;74;48;48m⣤[38;2;188;166;68m⡀[38;2;100;68;54m⠃[38;2;126;100;54m⠰[38;2;100;68;54m⠇[38;2;74;48;48;48;2;54;29;48m⠰[38;2;100;68;54;48;2;126;100;54m⣡[48;2;74;48;48m⠃[38;2;54;29;48m⢇[38;2;126;100;54;48;2;54;29;48m⢀[38;2;210;188;82;48;2;156;126;61m⣰[48;2;233;210;100m⠺[38;2;233;210;100;48;2;210;188;82m⣠[38;2;210;188;82;48;2;233;210;100m⠕[38;2;178;156;210m⢀⣰[38;2;108;68;126;48;2;199;188;222m⣠[48;2;178;156;210m⠪[38;2;146;117;166;48;2;199;188;222m⠊⣠[48;2;74;42;90m⠣[38;2;74;42;90;48;2;178;156;210m⠋[38;2;233;222;244;48;2;146;117;166m⢄[38;2;199;188;222m⣄[38;2;178;156;210m⡉[38;2;199;188;222;48;2;108;68;126m⠙[38;2;146;117;166;48;2;233;222;244m⣤[38;2;199;188;222;48;2;146;117;166m⠶[38;2;108;68;126;48;2;199;188;222m⠙[38;2;199;188;222;48;2;146;117;166m⣄[38;2;108;68;126m⠤[38;2;254;254;254m⠉[38;2;146;117;166;48;2;178;156;210m⣄[38;2;233;222;244m⠦[48;2;146;117;166m⡦[38;2;199;188;222m⡠[38;2;254;254;254;48;2;54;48;156m⠄[38;2;100;90;178;48;2;74;68;166m⢸[38;2;156;146;210;48;2;126;117;199m⡁[38;2;126;117;199;48;2;100;90;178m⢠[38;2;188;178;222;48;2;156;146;210m⠸[38;2;100;90;178;48;2;74;68;166m⡄[38;2;108;68;126;48;2;54;48;156m⠠[38;2;36;36;146;48;2;108;68;126m⡀[38;2;178;156;210;48;2;146;117;166m⠙[38;2;199;188;222;48;2;254;254;254m⣤⣤⣤⣤⣤⣤[38;2;178;156;210;48;2;233;222;244m⢬[38;2;199;188;222;48;2;254;254;254m⣤⣤⣤⣤⣤⣤⣤[38;2;178;156;210;48;2;233;222;244m⣤[38;2;199;188;222;48;2;254;254;254m⣤⣤⣤⣤⣤⣤[38;2;178;156;210;48;2;146;117;166m⠋[38;2;146;117;166;48;2;108;68;126m⠐[38;2;108;68;126;48;2;54;48;156m⠄[38;2;100;90;178;48;2;74;68;166m⢸[38;2;156;146;210;48;2;126;117;199m⡁[38;2;126;117;199;48;2;100;90;178m⢠[38;2;188;178;222;48;2;156;146;210m⠸[38;2;100;90;178;48;2;74;68;166m⡄[38;2;254;254;254;48;2;54;48;156m⠠[38;2;108;68;126;48;2;146;117;166m⡑[38;2;233;222;244m⢴[48;2;178;156;210m⠴[38;2;146;117;166m⣠[38;2;254;254;254;48;2;146;117;166m⠉[38;2;108;68;126m⠤[38;2;199;188;222m⣠[38;2;108;68;126;48;2;199;188;222m⠋[38;2;199;188;222;48;2;146;117;166m⠶[38;2;146;117;166;48;2;233;222;244m⣤[38;2;199;188;222;48;2;108;68;126m⠋[38;2;178;156;210;48;2;146;117;166m⢉[38;2;199;188;222m⣠[38;2;233;222;244m⡠[38;2;199;188;222;48;2;108;68;126m⡦[38;2;146;117;166;48;2;74;42;90m⠜[48;2;199;188;222m⣄⠑[38;2;108;68;126;48;2;178;156;210m⢑[48;2;199;188;222m⣄[38;2;178;156;210;48;2;233;210;100m⣆[48;2;210;188;82m⡀[38;2;233;210;100m⣢⡠⡐[38;2;156;126;61m⠩[48;2;126;100;54m⡆[38;2;100;68;54;48;2;74;48;48m⡂[38;2;74;48;48;48;2;100;68;54m⡦[48;2;74;48;48m⠀[38;2;100;68;54m⡁[38;2;126;100;54m⠙[48;2;100;68;54m⢨⠁⣠[38;2;100;68;54;48;2;156;126;61m⠃[38;2;156;126;61;48;2;210;188;82m⠦[0m
[38;2;61;166;48;48;2;156;126;61m⠉[38;2;156;126;61;48;2;188;166;68m⠄[38;2;100;82;42m⠡[38;2;24;117;48;48;2;210;188;82m⠚[38;2;100;82;42;48;2;188;166;68m⠋[38;2;74;100;9m⠉[38;2;108;146;24;48;2;210;188;82m⠂[38;2;254;233;126;48;2;233;210;100m⠄[38;2;156;126;61m⢀[38;2;254;233;126;48;2;74;48;48m⠃[38;2;100;68;54;48;2;54;29;48m⢀[48;2;74;48;48m⠄[38;2;126;100;54;48;2;100;68;54m⠄[38;2;54;29;48;48;2;74;48;48m⠸⡰[38;2;126;100;54;48;2;54;29;48m⢠[38;2;156;126;61;48;2;74;48;48m⣄[38;2;188;166;68;48;2;156;126;61m⣰[38;2;233;210;100;48;2;210;188;82m⡠[38;2;178;156;210m⢀[38;2;254;233;126;48;2;199;188;222m⠋[38;2;233;210;100m⠁[38;2;233;222;244m⠤[38;2;137;74;48m⢀[48;2;146;117;166m⣠[38;2;178;156;210;48;2;137;74;48m⠘[38;2;199;188;222m⠉[38;2;74;42;90m⠉[38;2;108;68;126m⠉[38;2;108;54;42;48;2;108;68;126m⣤[38;2;146;117;166m⠙[38;2;254;254;254;48;2;146;117;166m⠉[38;2;146;117;166;48;2;254;254;254m⣤[38;2;199;188;222;48;2;146;117;166m⠣[38;2;108;68;126;48;2;233;222;244m⠙[38;2;199;188;222;48;2;108;68;126m⣄[38;2;108;68;126;48;2;146;117;166m⠤[38;2;254;254;254m⠙[38;2;108;68;126;48;2;199;188;222m⣄[38;2;233;222;244;48;2;146;117;166m⠴[38;2;199;188;222m⡤⣠[38;2;146;117;166;48;2;199;188;222m⣡[38;2;254;254;254;48;2;100;90;178m⠁[38;2;156;146;210;48;2;74;68;166m⢠[38;2;100;90;178;48;2;156;146;210m⠋[38;2;188;178;222m⣄[38;2;222;210;233m⣠[38;2;156;146;210;48;2;222;210;233m⢁[38;2;100;90;178;48;2;156;146;210m⡙[38;2;156;146;210;48;2;54;48;156m⡀[38;2;74;42;90m⢸[38;2;108;68;126;48;2;146;117;166m⣆[38;2;146;117;166;48;2;254;254;254m⢋[38;2;233;222;244;48;2;146;117;166m⠤⠤⠤[38;2;254;254;254m⠤[38;2;146;117;166;48;2;178;156;210m⠙[48;2;108;68;126m⡆[38;2;108;68;126;48;2;146;117;166m⠉[38;2;254;254;254m⡤[38;2;233;222;244m⠤⠤[38;2;254;254;254m⠤⢤[38;2;108;68;126m⠉[38;2;146;117;166;48;2;108;68;126m⢰[38;2;233;222;244;48;2;146;117;166m⢴[38;2;254;254;254m⠤[38;2;233;222;244m⠤⠤⠤[38;2;146;117;166;48;2;254;254;254m⡙[38;2;108;68;126;48;2;146;117;166m⣰[38;2;100;90;178;48;2;74;42;90m⢸[38;2;156;146;210;48;2;74;68;166m⢠[38;2;100;90;178;48;2;156;146;210m⠋[38;2;188;178;222m⣄[38;2;222;210;233m⣠[38;2;156;146;210;48;2;222;210;233m⢁[38;2;100;90;178;48;2;156;146;210m⡙[38;2;156;146;210;48;2;54;48;156m⡀[38;2;254;254;254m⠈[38;2;199;188;222;48;2;146;117;166m⠳⣄⢤[38;2;233;222;244m⠦[38;2;108;68;126;48;2;199;188;222m⣠[38;2;254;254;254;48;2;146;117;166m⠋[38;2;108;68;126m⠤[38;2;199;188;222;48;2;108;68;126m⣠[38;2;108;68;126;48;2;233;222;244m⠋[38;2;199;188;222;48;2;146;117;166m⡔[38;2;146;117;166;48;2;254;254;254m⣤[38;2;254;254;254;48;2;146;117;166m⠉[38;2;146;117;166;48;2;108;68;126m⠋[38;2;108;54;42m⣤[38;2;108;68;126;48;2;137;74;48m⠉[38;2;74;42;90m⠉[38;2;199;188;222m⠉[38;2;178;156;210m⠃⠺[38;2;137;74;48;48;2;199;188;222m⡀[38;2;233;222;244m⠤[38;2;233;210;100m⠈⠙[38;2;178;156;210;48;2;210;188;82m⡀[38;2;210;188;82;48;2;233;210;100m⣤[38;2;126;100;54;48;2;210;188;82m⠙[38;2;210;188;82;48;2;100;68;54m⡀[38;2;126;100;54;48;2;74;48;48m⠄[38;2;100;68;54;48;2;126;100;54m⢋[38;2;74;48;48;48;2;100;68;54m⣠[38;2;100;68;54;48;2;74;48;48m⠆[38;2;126;100;54m⠈[48;2;100;68;54m⢰[38;2;156;126;61;48;2;233;210;100m⠇[38;2;254;233;126m⡁[38;2;233;210;100;48;2;210;188;82m⠌[0m
[38;2;210;188;82;48;2;188;166;68m⣨[38;2;233;210;100;48;2;210;188;82m⠙[38;2;254;233;126;48;2;233;210;100m⠦[38;2;210;188;82m⡘[38;2;254;233;126;48;2;210;188;82m⡀[38;2;233;210;100m⡦[48;2;188;166;68m⠂[48;2;210;188;82m⣠[38;2;156;126;61;48;2;233;210;100m⢠[38;2;126;100;54;48;2;74;48;48m⠁[38;2;54;29;48m⠃[38;2;156;126;61;48;2;100;68;54m⢠[48;2;74;48;48m⣠[38;2;126;100;54m⡤[38;2;156;126;61;48;2;100;68;54m⣠[38;2;188;166;68;48;2;126;100;54m⣀[38;2;210;188;82;48;2;156;126;61m⣐[38;2;233;210;100;48;2;210;188;82m⠔[38;2;210;188;82;48;2;233;210;100m⢤[38;2;178;156;210;48;2;210;188;82m⢸[38;2;199;188;222;48;2;233;222;244m⡒[38;2;178;156;210m⠺[38;2;137;74;48;48;2;178;156;210m⠺[38;2;146;117;166;48;2;137;74;48m⡀[38;2;166;90;61m⢤⣤⠶[38;2;137;74;48;48;2;166;90;61m⡤[38;2;166;90;61;48;2;137;74;48m⡉⠴[38;2;108;54;42;48;2;166;90;61m⠉⠁[38;2;108;68;126m⠉[38;2;137;74;48;48;2;108;68;126m⣤[48;2;146;117;166m⣠[38;2;254;254;254m⠉[38;2;233;222;244m⠋⠴[38;2;199;188;222m⡤⣠[38;2;146;117;166;48;2;254;254;254m⣡[38;2;178;156;210;48;2;146;117;166m⡡[38;2;146;117;166;48;2;199;188;222m⠕[38;2;156;146;210;48;2;222;210;233m⠙[38;2;222;210;233;48;2;156;146;210m⣀[48;2;126;117;199m⣐[38;2;100;90;178;48;2;156;146;210m⠕[38;2;222;210;233m⣠[48;2;126;117;199m⣀⣂[38;2;100;90;178;48;2;188;178;222m⠋[38;2;74;42;90;48;2;74;68;166m⢸[38;2;146;117;166;48;2;108;68;126m⢄[48;2;199;188;222m⢸[38;2;233;222;244;48;2;178;156;210m⠐[38;2;178;156;210;48;2;233;222;244m⣁[48;2;199;188;222m⣂[48;2;146;117;166m⠃[38;2;233;222;244;48;2;178;156;210m⠂[38;2;108;68;126;48;2;146;117;166m⢸[38;2;178;156;210m⢸[38;2;146;117;166;48;2;199;188;222m⢸[48;2;233;222;244m⣈[38;2;178;156;210;48;2;199;188;222m⣐[38;2;254;254;254;48;2;178;156;210m⠆[38;2;199;188;222;48;2;146;117;166m⢸[38;2;146;117;166;48;2;178;156;210m⢸[48;2;108;68;126m⢸[38;2;233;222;244;48;2;178;156;210m⠐[38;2;178;156;210;48;2;146;117;166m⠘[38;2;233;222;244;48;2;178;156;210m⠧[38;2;178;156;210;48;2;233;222;244m⣈[38;2;233;222;244;48;2;178;156;210m⠂[38;2;199;188;222;48;2;146;117;166m⢸[38;2;146;117;166;48;2;108;68;126m⡠[38;2;222;210;233;48;2;74;42;90m⢸[48;2;156;146;210m⣀[48;2;126;117;199m⣐[38;2;100;90;178;48;2;156;146;210m⠕[38;2;222;210;233m⣠[48;2;126;117;199m⣀⣂[38;2;100;90;178;48;2;188;178;222m⠋[38;2;199;188;222;48;2;74;68;166m⢰[38;2;146;117;166;48;2;199;188;222m⠪[38;2;178;156;210;48;2;146;117;166m⢌[38;2;254;254;254m⠳[38;2;199;188;222m⣄⢤[38;2;233;222;244m⠦⠙[38;2;254;254;254m⠉[38;2;137;74;48m⣠[48;2;108;68;126m⣤[38;2;108;68;126;48;2;166;90;61m⠉[38;2;108;54;42m⠈⠉[38;2;166;90;61;48;2;137;74;48m⠦⢉[38;2;137;74;48;48;2;166;90;61m⢤[38;2;166;90;61;48;2;137;74;48m⠶⣤⡤[38;2;146;117;166m⢀[38;2;178;156;210m⣨[38;2;233;222;244;48;2;178;156;210m⣠[38;2;199;188;222;48;2;233;222;244m⢒[38;2;210;188;82;48;2;178;156;210m⢸[38;2;233;210;100;48;2;210;188;82m⠐⠤[38;2;156;126;61m⠫[38;2;210;188;82;48;2;126;100;54m⡐[38;2;156;126;61;48;2;74;48;48m⣄[48;2;100;68;54m⢠[48;2;74;48;48m⣄[38;2;126;100;54m⠃[38;2;54;29;48m⠲[38;2;210;188;82m⠈[48;2;126;100;54m⢉[38;2;48;199;156;48;2;188;166;68m⠈[0m
[38;2;254;233;126;48;2;233;210;100m⢄⣄⢄[38;2;210;188;82m⠳[38;2;188;166;68m⠶[38;2;233;210;100;48;2;188;166;68m⠐[38;2;254;233;126;48;2;210;188;82m⠪[38;2;126;100;54;48;2;233;210;100m⣠[38;2;156;126;61;48;2;74;48;48m⠃[38;2;74;48;48;48;2;54;29;48m⢸[38;2;100;68;54;48;2;156;126;61m⠃[38;2;233;210;100m⢠[38;2;156;126;61;48;2;210;188;82m⠁[38;2;233;210;100;48;2;188;166;68m⣠[38;2;126;100;54;48;2;210;188;82m⠁[38;2;233;210;100m⡰[38;2;210;188;82;48;2;233;210;100m⣠[38;2;233;210;100;48;2;210;188;82m⠋[38;2;210;188;82;48;2;233;210;100m⠍[38;2;146;117;166;48;2;210;188;82m⠈⠙[38;2;199;188;222m⠙[38;2;146;117;166;48;2;233;222;244m⣄[38;2;178;156;210m⣈[38;2;137;74;48;48;2;199;188;222m⠈[48;2;178;156;210m⠙[38;2;178;156;210;48;2;166;90;61m⣄[38;2;146;117;166m⡀[38;2;199;117;68m⢄⡠[38;2;166;90;61;48;2;137;74;48m⠆[38;2;199;117;68m⠉[38;2;166;90;61m⠁[38;2;137;74;48m⠀[38;2;108;54;42m⠈[38;2;199;117;68m⢀[38;2;108;68;126m⠩[38;2;199;188;222;48;2;146;117;166m⣠[38;2;146;117;166;48;2;254;254;254m⣡[38;2;178;156;210;48;2;146;117;166m⡡[38;2;199;188;222m⣢[38;2;146;117;166;48;2;199;188;222m⢁[38;2;199;188;222;48;2;108;68;126m⠋[38;2;108;68;126;48;2;146;117;166m⡂[38;2;188;178;222;48;2;126;117;199m⠤⠤⠤[48;2;100;90;178m⠤[38;2;74;68;166;48;2;126;117;199m⠚⠒[38;2;100;90;178m⠒[38;2;137;74;48;48;2;74;68;166m⢸[38;2;108;68;126;48;2;108;54;42m⠈[38;2;178;156;210;48;2;108;68;126m⠋[38;2;137;74;48;48;2;146;117;166m⣠[38;2;166;90;61m⣀⣀⣀[38;2;108;68;126;48;2;178;156;210m⣤[38;2;108;54;42;48;2;108;68;126m⣄[38;2;146;117;166m⠙[38;2;199;188;222;48;2;146;117;166m⠉⠉⠉⠉⠉[38;2;146;117;166;48;2;166;90;61m⠋[38;2;108;54;42;48;2;108;68;126m⣤[38;2;108;68;126;48;2;178;156;210m⣤[38;2;166;90;61;48;2;146;117;166m⣀⣀⣀[38;2;137;74;48m⣠[38;2;178;156;210;48;2;108;68;126m⠙[38;2;108;68;126;48;2;108;54;42m⠁[38;2;100;90;178;48;2;137;74;48m⢸[38;2;188;178;222;48;2;126;117;199m⠤⠤⠤[48;2;100;90;178m⠤[38;2;74;68;166;48;2;126;117;199m⠚⠒[38;2;100;90;178m⠒[38;2;108;54;42;48;2;74;68;166m⢀[38;2;199;188;222;48;2;108;68;126m⠙[38;2;146;117;166;48;2;199;188;222m⡈⠫[38;2;178;156;210;48;2;146;117;166m⢌[38;2;254;254;254m⠳[38;2;199;188;222m⣄[38;2;108;68;126;48;2;137;74;48m⠍[38;2;199;117;68m⡀[38;2;108;54;42m⠁[38;2;137;74;48m⠀[38;2;166;90;61m⠈[38;2;199;117;68m⠉[38;2;166;90;61m⠰[38;2;199;117;68;48;2;166;90;61m⢄⡠[38;2;146;117;166m⢀[38;2;178;156;210m⣠[38;2;137;74;48;48;2;178;156;210m⠋[48;2;199;188;222m⠁[38;2;178;156;210;48;2;233;222;244m⣡[38;2;146;117;166m⣠[38;2;199;188;222;48;2;210;188;82m⠋[38;2;146;117;166m⠋[48;2;233;210;100m⠁[38;2;233;210;100;48;2;210;188;82m⣢⣐[38;2;210;188;82;48;2;233;210;100m⣀[38;2;233;210;100;48;2;210;188;82m⢅[38;2;188;166;68;48;2;233;210;100m⠩[38;2;233;210;100;48;2;188;166;68m⣄[38;2;156;126;61;48;2;233;210;100m⠚[38;2;233;210;100;48;2;126;100;54m⣤[38;2;210;188;82m⣆[38;2;54;29;48;48;2;100;68;54m⢸[38;2;156;126;61m⠙[48;2;233;210;100m⡀[0m
[38;2;156;126;61;48;2;210;188;82m⣠[48;2;126;100;54m⠋[38;2;210;188;82;48;2;24;68;36m⠙[38;2;233;210;100;48;2;24;117;48m⠙[38;2;14;100;108;48;2;233;210;100m⣠[38;2;254;233;126;48;2;100;68;54m⠋[38;2;0;61;90m⢀[38;2;24;68;36m⣠[38;2;100;68;54;48;2;54;29;48m⡄[38;2;74;48;48m⠘[38;2;188;166;68;48;2;126;100;54m⠐[38;2;233;210;100;48;2;188;166;68m⢀[38;2;188;166;68;48;2;210;188;82m⠂[38;2;233;210;100m⠑⠁⠁⠉[38;2;254;233;126m⠈[48;2;233;210;100m⠊[38;2;233;210;100;48;2;210;188;82m⠓⠉⠂[38;2;188;166;68m⣀[38;2;146;117;166;48;2;188;166;68m⠈⠙[38;2;178;156;210m⠸[38;2;146;117;166;48;2;199;188;222m⣄[38;2;233;222;244;48;2;178;156;210m⠧[38;2;137;74;48;48;2;199;188;222m⠈[38;2;199;188;222;48;2;166;90;61m⣤[38;2;178;156;210;48;2;137;74;48m⣄[38;2;146;117;166;48;2;166;90;61m⡀[38;2;199;117;68;48;2;137;74;48m⠠⠔[48;2;166;90;61m⠊⠁[38;2;137;74;48m⠉[38;2;199;188;222m⠈[38;2;178;156;210;48;2;108;68;126m⠘[38;2;199;188;222m⠺⠋[38;2;108;68;126;48;2;166;90;61m⠋[38;2;108;54;42m⠩[48;2;137;74;48m⠉[38;2;137;74;48;48;2;108;54;42m⣤⣤[38;2;108;54;42;48;2;137;74;48m⠋⠑[48;2;166;90;61m⠒[48;2;137;74;48m⠊[48;2;166;90;61m⢉[38;2;137;74;48m⠉[38;2;146;117;166;48;2;137;74;48m⣀⣠[38;2;137;74;48;48;2;146;117;166m⠋[38;2;199;117;68;48;2;178;156;210m⠉[38;2;146;117;166;48;2;199;188;222m⠋⠉⠉[48;2;178;156;210m⠡[38;2;233;222;244m⢰[38;2;178;156;210;48;2;233;222;244m⠙[38;2;233;222;244;48;2;199;188;222m⣄⡠⠠⠤⢤[48;2;178;156;210m⡤[38;2;146;117;166;48;2;199;188;222m⠉[38;2;108;68;126;48;2;178;156;210m⠈⠉[38;2;178;156;210;48;2;166;90;61m⣤[48;2;137;74;48m⣄[38;2;146;117;166;48;2;166;90;61m⣠⣀[38;2;108;54;42m⠈[48;2;137;74;48m⠉⠒⠒⠊⠙[38;2;137;74;48;48;2;108;54;42m⣤⣤[38;2;108;54;42;48;2;137;74;48m⠉[48;2;166;90;61m⠩[38;2;108;68;126m⠙[38;2;199;188;222;48;2;108;68;126m⠙[38;2;108;68;126;48;2;199;188;222m⣨[38;2;178;156;210;48;2;108;68;126m⠃[38;2;199;188;222;48;2;166;90;61m⠁[38;2;137;74;48m⠉[38;2;199;117;68m⠈⠑[48;2;137;74;48m⠢⠄[38;2;146;117;166;48;2;166;90;61m⢀[38;2;178;156;210;48;2;137;74;48m⣠[38;2;137;74;48;48;2;199;188;222m⠋⠁[38;2;178;156;210;48;2;233;222;244m⣡[38;2;146;117;166;48;2;199;188;222m⣠[38;2;233;222;244;48;2;146;117;166m⠁[38;2;146;117;166;48;2;210;188;82m⠋[48;2;188;166;68m⠁[38;2;210;188;82m⡁[38;2;233;210;100m⠈[38;2;210;188;82m⣁[38;2;233;210;100;48;2;210;188;82m⢁[38;2;188;166;68m⠂[38;2;233;210;100m⠑⠁⠁⠉[38;2;254;233;126m⠈[48;2;233;210;100m⠊[48;2;210;188;82m⠂[38;2;74;48;48m⢰[38;2;126;100;54;48;2;100;68;54m⠑[38;2;156;126;61;48;2;126;100;54m⢢[38;2;188;166;68m⡀[0m
[38;2;61;166;48;48;2;42;68;19m⡀[38;2;156;178;24m⠠⣤⡘[38;2;108;137;24;48;2;0;61;90m⡆[38;2;156;178;24;48;2;14;100;108m⢀[38;2;108;137;24;48;2;0;61;90m⡀[38;2;61;166;48m⢸[38;2;24;117;48;48;2;74;48;48m⡖[38;2;126;100;54;48;2;54;29;48m⢰[38;2;156;126;61;48;2;126;100;54m⢰[38;2;233;210;100;48;2;210;188;82m⠐[38;2;210;188;82;48;2;233;210;100m⣀⣨[38;2;233;210;100;48;2;210;188;82m⠄⠐⠦[38;2;210;188;82m⠀[38;2;188;166;68m⠑⠙⠳⠌[38;2;233;210;100m⢀⡄⢤[38;2;254;233;126m⡠[48;2;233;210;100m⡤[38;2;146;117;166;48;2;210;188;82m⠈[48;2;233;210;100m⠙[38;2;199;188;222;48;2;210;188;82m⠙[38;2;146;117;166;48;2;199;188;222m⣄[38;2;254;254;254;48;2;178;156;210m⠠[38;2;137;74;48;48;2;199;188;222m⠈[38;2;199;188;222;48;2;166;90;61m⣤[38;2;178;156;210m⣄[38;2;233;146;82m⠒[48;2;199;117;68m⠤[38;2;166;90;61m⣁[38;2;199;117;68;48;2;137;74;48m⠓[38;2;108;54;42m⠄[38;2;199;117;68;48;2;166;90;61m⠐⠶⠦[38;2;137;74;48m⡠[38;2;108;54;42;48;2;137;74;48m⠄⠂[38;2;199;117;68;48;2;166;90;61m⠤⣀[38;2;146;117;166m⢀⣠[38;2;199;188;222;48;2;108;68;126m⣠[38;2;146;117;166;48;2;199;188;222m⠋[38;2;178;156;210;48;2;254;254;254m⠋[38;2;233;222;244;48;2;199;188;222m⣤[38;2;178;156;210m⣨[38;2;108;68;126;48;2;178;156;210m⣄[38;2;233;222;244;48;2;146;117;166m⠈[38;2;199;188;222m⡉[38;2;108;68;126;48;2;178;156;210m⠦[38;2;146;117;166;48;2;108;68;126m⡉[38;2;233;222;244m⢤[38;2;199;188;222;48;2;146;117;166m⣤[38;2;146;117;166;48;2;108;68;126m⡈⢑[38;2;199;188;222m⢀[48;2;146;117;166m⣤[38;2;108;68;126m⢉⠦[48;2;178;156;210m⠶[38;2;199;188;222;48;2;146;117;166m⣁[38;2;146;117;166;48;2;199;188;222m⣤[38;2;108;68;126;48;2;233;222;244m⣄[38;2;146;117;166m⣀[38;2;233;222;244;48;2;199;188;222m⠄[38;2;199;188;222;48;2;178;156;210m⣤[38;2;146;117;166m⠙[38;2;137;74;48m⠙[38;2;146;117;166;48;2;166;90;61m⣄[38;2;199;117;68m⠦⢄⠤[38;2;108;54;42;48;2;137;74;48m⠐⠠[38;2;137;74;48;48;2;166;90;61m⢄[38;2;199;117;68m⠴⠶⠂[38;2;108;54;42;48;2;137;74;48m⠠[38;2;199;117;68m⠚[38;2;166;90;61;48;2;199;117;68m⣈[38;2;233;146;82m⠤[48;2;166;90;61m⠒[38;2;178;156;210m⣠[38;2;137;74;48;48;2;199;188;222m⠋⠁[38;2;254;254;254;48;2;178;156;210m⠄[38;2;146;117;166;48;2;199;188;222m⣠[38;2;199;188;222;48;2;210;188;82m⠋[38;2;146;117;166m⠋⠁[38;2;188;166;68m⠳⠌[38;2;233;210;100m⢀⡄⢤[38;2;254;233;126m⡠[48;2;233;210;100m⡤[38;2;233;210;100;48;2;210;188;82m⠔[38;2;210;188;82;48;2;233;210;100m⣀⣨[38;2;233;210;100;48;2;210;188;82m⠄⠐⠦[38;2;210;188;82m⠀[38;2;188;166;68m⠑⠑[38;2;126;100;54m⢸[38;2;100;68;54;48;2;74;48;48m⡈[38;2;156;126;61;48;2;100;68;54m⠘[38;2;188;166;68;48;2;126;100;54m⠁[0m
[38;2;24;68;36;48;2;108;222;48m⣆[38;2;61;166;48;48;2;24;117;48m⠂[38;2;108;222;48;48;2;24;68;36m⢐[38;2;108;137;24;48;2;24;117;48m⠉[38;2;14;100;108;48;2;48;199;156m⡈[38;2;48;199;156;48;2;14;100;108m⡄[38;2;108;137;24;48;2;0;61;90m⢉[38;2;156;178;24;48;2;24;68;36m⡀[38;2;68;100;19m⣤[38;2;108;137;24m⡤[38;2;24;68;36;48;2;126;100;54m⡥[38;2;61;166;48;48;2;188;166;68m⡀[38;2;210;188;82m⡃⠚⠉⣀[38;2;188;166;68;48;2;210;188;82m⠳⠊[38;2;233;210;100m⢴⡢[38;2;254;233;126;48;2;233;210;100m⡀⡀[38;2;233;210;100;48;2;210;188;82m⣄⢄[38;2;188;166;68m⠑[38;2;210;188;82;48;2;188;166;68m⠙⢋[38;2;233;210;100;48;2;210;188;82m⡀[38;2;210;188;82;48;2;188;166;68m⡃⠚⠉[38;2;146;117;166m⠈[48;2;210;188;82m⠙[38;2;199;188;222m⠙[38;2;178;156;210;48;2;199;188;222m⡤⠚[38;2;137;74;48;48;2;178;156;210m⠈[48;2;108;54;42m⡰[38;2;199;117;68;48;2;166;90;61m⢄⡀[38;2;166;90;61m⠀[38;2;137;74;48m⠈[38;2;199;117;68;48;2;137;74;48m⠠[38;2;166;90;61;48;2;199;117;68m⠋⠫[38;2;199;117;68;48;2;166;90;61m⣄⡄[38;2;146;117;166;48;2;137;74;48m⣠[38;2;233;222;244;48;2;146;117;166m⣤[38;2;146;117;166;48;2;199;188;222m⠁[38;2;178;156;210m⢠[38;2;108;68;126;48;2;233;222;244m⣠[38;2;146;117;166;48;2;199;188;222m⣤[38;2;108;68;126;48;2;146;117;166m⡔[38;2;178;156;210m⣐[38;2;199;188;222m⣄[38;2;108;68;126m⠲[38;2;178;156;210;48;2;108;68;126m⠙[48;2;233;222;244m⡤[38;2;233;222;244;48;2;178;156;210m⠲[38;2;178;156;210;48;2;233;222;244m⡙[38;2;199;188;222m⠎[38;2;146;117;166;48;2;199;188;222m⠐[38;2;108;68;126;48;2;146;117;166m⠎[38;2;178;156;210;48;2;233;222;244m⠆[38;2;199;188;222m⠰[38;2;178;156;210;48;2;199;188;222m⢉[38;2;146;117;166m⣠[48;2;233;222;244m⠴[38;2;199;188;222;48;2;108;68;126m⠁[38;2;178;156;210;48;2;146;117;166m⣠[38;2;199;188;222m⣤[38;2;233;222;244m⣀[38;2;146;117;166;48;2;108;68;126m⡜[38;2;178;156;210;48;2;146;117;166m⠙[38;2;146;117;166;48;2;199;188;222m⣤⡀[48;2;178;156;210m⠐[38;2;108;68;126m⠊[38;2;166;90;61m⠙[38;2;146;117;166;48;2;166;90;61m⡀[38;2;233;146;82m⣀⡀[38;2;199;117;68m⣤[48;2;137;74;48m⠄[38;2;137;74;48;48;2;166;90;61m⠁[38;2;166;90;61m⠀[38;2;199;117;68m⢀⡠[38;2;137;74;48;48;2;108;54;42m⢆[48;2;178;156;210m⠁[38;2;178;156;210;48;2;199;188;222m⠓⢤[38;2;199;188;222;48;2;188;166;68m⠋[38;2;146;117;166m⠋⠁[38;2;188;166;68;48;2;210;188;82m⠳⠊[38;2;233;210;100m⢴⡢[38;2;254;233;126;48;2;233;210;100m⡀⡀[38;2;233;210;100;48;2;210;188;82m⣄⢄[38;2;188;166;68m⠑[38;2;210;188;82;48;2;188;166;68m⠙⢋[38;2;233;210;100;48;2;210;188;82m⡀[38;2;210;188;82;48;2;188;166;68m⡃⠚⠉⣀[38;2;188;166;68;48;2;210;188;82m⠳⠊[38;2;233;210;100m⢴⡒[38;2;126;100;54;48;2;233;210;100m⠸[48;2;100;68;54m⡑[38;2;100;68;54;48;2;156;126;61m⢇[38;2;156;126;61;48;2;100;68;54m⡆[0m
[38;2;61;166;48;48;2;24;117;48m⠔[38;2;108;137;24;48;2;24;68;36m⢂[38;2;24;117;48m⠤[38;2;74;254;188;48;2;24;117;48m⢀[48;2;14;100;108m⣆[38;2;14;100;108;48;2;29;146;137m⠣[38;2;108;137;24m⢀[38;2;48;199;156;48;2;24;117;48m⠓[38;2;24;68;36;48;2;68;100;19m⣀⠡[38;2;188;166;68;48;2;24;117;48m⠠[38;2;24;68;36;48;2;210;188;82m⠁[38;2;233;210;100m⠚⣁⣠⣤[38;2;210;188;82;48;2;233;210;100m⠙[38;2;233;210;100;48;2;210;188;82m⣠⡀[38;2;254;233;126m⠈⠈[38;2;233;210;100m⢁⣀⠈⠃[38;2;210;188;82;48;2;188;166;68m⢅⢑[38;2;233;210;100;48;2;210;188;82m⠈⠚⣁⣠⣤[38;2;210;188;82;48;2;233;210;100m⠙[48;2;178;156;210m⠃[38;2;233;222;244;48;2;199;188;222m⣄[38;2;137;74;48m⢀[38;2;146;117;166;48;2;137;74;48m⠁[38;2;137;74;48m⠀[38;2;108;54;42m⠈[38;2;199;117;68m⠈[48;2;166;90;61m⠉⠒[38;2;166;90;61;48;2;137;74;48m⣃[48;2;233;146;82m⣤[38;2;137;74;48;48;2;199;117;68m⣀[48;2;233;146;82m⣤[48;2;146;117;166m⠃[38;2;254;254;254;48;2;199;188;222m⠐[38;2;199;188;222;48;2;254;254;254m⡀[38;2;178;156;210;48;2;233;222;244m⢀[38;2;108;68;126;48;2;146;117;166m⠔⠁[38;2;199;188;222m⣠[38;2;233;222;244m⣀[38;2;146;117;166;48;2;233;222;244m⠲⠦[38;2;178;156;210m⠄⠙[38;2;146;117;166m⠇[38;2;199;188;222m⠐[38;2;233;222;244;48;2;146;117;166m⡀[38;2;199;188;222;48;2;233;222;244m⠆[38;2;233;222;244;48;2;254;254;254m⡨[38;2;178;156;210m⠉[38;2;233;222;244m⣡[38;2;199;188;222;48;2;233;222;244m⠰[38;2;233;222;244;48;2;146;117;166m⢀[38;2;199;188;222;48;2;233;222;244m⠠[38;2;178;156;210m⠰[38;2;146;117;166m⠉[38;2;199;188;222m⠡[38;2;146;117;166m⠴⠚[38;2;233;222;244;48;2;146;117;166m⣀⣀[38;2;108;68;126m⠈⠓[38;2;178;156;210;48;2;233;222;244m⣆[38;2;199;188;222;48;2;254;254;254m⠈[38;2;233;222;244;48;2;199;188;222m⡂[38;2;146;117;166;48;2;178;156;210m⠙[38;2;156;156;254;48;2;137;74;48m⡀[38;2;137;74;48;48;2;233;146;82m⣠[38;2;233;146;82;48;2;166;90;61m⠋[38;2;137;74;48m⠧[38;2;199;117;68m⠒⠉[48;2;137;74;48m⠁[38;2;108;54;42m⠁[38;2;137;74;48m⠀[38;2;146;117;166m⠈[38;2;137;74;48;48;2;199;188;222m⡀[38;2;233;222;244m⣠[38;2;210;188;82;48;2;178;156;210m⠘[38;2;233;210;100;48;2;210;188;82m⣠⣤[38;2;210;188;82;48;2;233;210;100m⠙[38;2;233;210;100;48;2;210;188;82m⣠⡀[38;2;254;233;126m⠈⠈[38;2;233;210;100m⢁⣀⠈⠃[38;2;210;188;82;48;2;188;166;68m⢅⢑[38;2;233;210;100;48;2;210;188;82m⠈⠚⣁⣠⣤[38;2;210;188;82;48;2;233;210;100m⠙[38;2;233;210;100;48;2;210;188;82m⣠⡀⡀⣄[38;2;74;48;48;48;2;156;126;61m⢸[38;2;100;68;54;48;2;126;100;54m⠁⠡[0m
[38;2;108;137;24;48;2;42;68;19m⣄[38;2;156;178;24;48;2;24;68;36m⠉⠁[38;2;14;100;108;48;2;42;68;19m⢸[38;2;42;68;19;48;2;48;199;156m⣤[38;2;29;146;137;48;2;0;61;90m⠎[38;2;74;254;188;48;2;108;137;24m⠑[38;2;48;199;156;48;2;68;100;19m⠂[38;2;68;100;19;48;2;24;68;36m⡀[38;2;108;137;24;48;2;24;117;48m⣠[38;2;24;117;48;48;2;61;166;48m⠦[38;2;233;210;100;48;2;24;68;36m⠘[38;2;24;117;48;48;2;233;210;100m⣠[38;2;61;166;48m⣀[38;2;24;68;36m⢀⣀[38;2;233;210;100;48;2;210;188;82m⠓⢀[38;2;254;233;126;48;2;233;210;100m⡀[38;2;233;210;100;48;2;210;188;82m⣄⣠[38;2;210;188;82;48;2;233;210;100m⠕⠑⡁[38;2;233;210;100;48;2;210;188;82m⣢⣢⡠⡐[38;2;254;233;126;48;2;233;210;100m⠢⠄⠄[38;2;233;210;100;48;2;210;188;82m⠍[38;2;178;156;210m⢰[38;2;233;222;244;48;2;199;188;222m⢄[38;2;146;117;166m⠐[38;2;137;74;48;48;2;146;117;166m⢸[38;2;166;90;61;48;2;137;74;48m⠤⢔[38;2;137;74;48;48;2;166;90;61m⠵[38;2;233;146;82m⠐[38;2;166;90;61;48;2;233;146;82m⣁[38;2;233;146;82;48;2;199;117;68m⣤⣀⢀[38;2;199;117;68;48;2;166;90;61m⣤[38;2;146;117;166m⢠[38;2;233;222;244;48;2;199;188;222m⢰[38;2;254;254;254;48;2;233;222;244m⠆[38;2;178;156;210;48;2;199;188;222m⠲[38;2;108;68;126;48;2;146;117;166m⣄[38;2;146;117;166;48;2;178;156;210m⣠[38;2;199;188;222;48;2;146;117;166m⢰[48;2;178;156;210m⣈[38;2;178;156;210;48;2;254;254;254m⣀[48;2;233;222;244m⣠[38;2;146;117;166m⠤[38;2;178;156;210;48;2;254;254;254m⢤⣤⣄⣀[38;2;199;188;222;48;2;233;222;244m⢀[38;2;254;254;254m⢕⢁⠔⠡⡢[38;2;233;222;244;48;2;254;254;254m⠋[38;2;178;156;210m⣀[38;2;146;117;166m⣀⣤[38;2;178;156;210m⣤⣤[38;2;199;188;222m⣤[38;2;178;156;210m⣀[38;2;233;222;244;48;2;146;117;166m⠇[38;2;108;68;126m⢃[38;2;146;117;166;48;2;178;156;210m⣆[38;2;108;68;126;48;2;146;117;166m⢀[38;2;222;156;36;48;2;233;222;244m⠲[38;2;222;222;0;48;2;222;222;156m⠇[38;2;126;126;126;48;2;222;156;222m⠆[38;2;222;156;254;48;2;254;254;254m⠐[38;2;166;90;61;48;2;254;222;254m⠉[38;2;199;117;68;48;2;222;222;254m⠙[38;2;156;82;254;48;2;199;117;68m⡀[38;2;233;146;82m⣤[38;2;166;90;61;48;2;233;146;82m⣈[38;2;233;146;82;48;2;166;90;61m⠂[38;2;137;74;48m⠮[38;2;166;90;61;48;2;137;74;48m⡢⠤[38;2;146;117;166m⢸[48;2;199;188;222m⠂[38;2;233;222;244m⡠[38;2;178;156;210;48;2;233;210;100m⡆[38;2;233;210;100;48;2;210;188;82m⠍⠓⢀[38;2;254;233;126;48;2;233;210;100m⡀[38;2;233;210;100;48;2;210;188;82m⣄⣠[38;2;210;188;82;48;2;233;210;100m⠕⠑⡁[38;2;233;210;100;48;2;210;188;82m⣢⣢⡠⡐[38;2;254;233;126;48;2;233;210;100m⠢⠄⠄[38;2;233;210;100;48;2;210;188;82m⠍⠓⢀[38;2;254;233;126;48;2;233;210;100m⡀[38;2;233;210;100;48;2;210;188;82m⡔[38;2;68;100;19m⡀[38;2;74;48;48;48;2;126;100;54m⠒[38;2;100;68;54;48;2;24;68;36m⡘[38;2;61;166;48;48;2;100;68;54m⡦[0m
[38;2;156;178;24;48;2;24;68;36m⢀[38;2;108;137;24m⣤[38;2;42;68;19;48;2;68;100;19m⢋[38;2;156;178;24m⠠[48;2;108;137;24m⣄[38;2;42;68;19m⢴[38;2;68;100;19;48;2;0;61;90m⡉[38;2;0;61;90;48;2;108;137;24m⣤[38;2;108;137;24;48;2;24;68;36m⠧[38;2;61;166;48m⣈[38;2;108;137;24m⡁⠸[48;2;42;68;19m⣆[38;2;156;178;24;48;2;24;117;48m⢀[38;2;108;137;24;48;2;24;68;36m⡀[38;2;233;210;100;48;2;24;117;48m⠈[38;2;210;188;82m⢉[38;2;24;68;36;48;2;210;188;82m⠂[38;2;254;233;126m⠈[38;2;233;210;100m⠙[38;2;254;233;126m⠙[48;2;233;210;100m⠚⠢⠂⠂[38;2;210;188;82m⣤[38;2;233;210;100;48;2;210;188;82m⠋[38;2;188;166;68m⢔⣄⢔⠄[38;2;210;188;82;48;2;233;210;100m⠶[38;2;178;156;210;48;2;210;188;82m⢸[38;2;199;188;222;48;2;233;222;244m⡀[38;2;178;156;210;48;2;199;188;222m⢸[38;2;199;117;68;48;2;146;117;166m⢸[38;2;166;90;61;48;2;199;117;68m⠋⠉[38;2;233;146;82m⣀⡠[38;2;199;117;68;48;2;166;90;61m⠖[48;2;137;74;48m⠈[38;2;233;146;82m⠉⠙[38;2;137;74;48;48;2;233;146;82m⣤[38;2;146;117;166;48;2;166;90;61m⠘[48;2;233;222;244m⣀[38;2;199;188;222;48;2;254;254;254m⣤[38;2;233;222;244;48;2;199;188;222m⠋[38;2;108;68;126;48;2;146;117;166m⠁[38;2;146;117;166;48;2;178;156;210m⠈[38;2;199;188;222;48;2;146;117;166m⡘[38;2;233;222;244;48;2;199;188;222m⢄⢄⢔[38;2;199;188;222;48;2;233;222;244m⠋⠫[38;2;233;222;244;48;2;199;188;222m⢄⢄[38;2;178;156;210m⠙[48;2;233;222;244m⠇[38;2;233;222;244;48;2;254;254;254m⠊⠊⠈⠁⢀[38;2;178;156;210;48;2;233;222;244m⢸[38;2;108;68;126;48;2;146;117;166m⠎[38;2;146;117;166;48;2;178;156;210m⠃[38;2;178;156;210;48;2;199;188;222m⠑[38;2;233;222;244m⢀⢄⢴[38;2;199;188;222;48;2;233;222;244m⠄[48;2;178;156;210m⠢[38;2;108;68;126m⢈⠁[38;2;178;156;210;48;2;108;68;126m⣆[38;2;254;254;254;48;2;178;156;210m⢤[38;2;233;222;244;48;2;199;188;222m⣤[38;2;0;0;0m⣠[38;2;100;100;100;48;2;254;254;254m⣀[38;2;156;82;156;48;2;254;222;254m⣀[38;2;156;82;254;48;2;222;156;222m⡤[38;2;0;0;0;48;2;156;82;254m⣀[38;2;199;117;68;48;2;222;222;254m⠉[38;2;254;222;254;48;2;199;117;68m⣤[38;2;156;82;222m⣤[38;2;233;146;82m⣀[38;2;166;90;61m⠉⠙[38;2;146;117;166m⢸[38;2;199;188;222;48;2;178;156;210m⢸[48;2;233;222;244m⢀[38;2;210;188;82;48;2;178;156;210m⢸[48;2;233;210;100m⠶[38;2;233;210;100;48;2;210;188;82m⣀⡀[38;2;254;233;126m⠈[38;2;233;210;100m⠙[38;2;254;233;126m⠙[48;2;233;210;100m⠚⠢⠂⠂[38;2;210;188;82m⣤[38;2;233;210;100;48;2;210;188;82m⠋[38;2;188;166;68m⢔⣄⢔⠄[38;2;210;188;82;48;2;233;210;100m⠶[38;2;233;210;100;48;2;210;188;82m⣀[38;2;24;68;36m⠠[38;2;254;233;126;48;2;24;117;48m⠉[38;2;233;210;100m⠙[38;2;61;166;48;48;2;42;68;19m⡀[38;2;156;178;24m⠡⣤⡘[0m
[38;2;24;117;48;48;2;42;68;19m⣄[38;2;210;222;29m⠠⠐[38;2;156;178;24m⢆[48;2;68;100;19m⡄[38;2;108;137;24;48;2;42;68;19m⣠[38;2;24;117;48m⢰[38;2;108;222;48;48;2;24;68;36m⠖[38;2;61;166;48;48;2;24;117;48m⠱[48;2;24;68;36m⢀⣠[38;2;188;254;61;48;2;24;117;48m⣤[38;2;42;68;19m⠋[38;2;108;222;48;48;2;24;68;36m⣀[38;2;24;68;36;48;2;24;117;48m⢋[38;2;24;117;48;48;2;24;68;36m⠦[38;2;233;210;100;48;2;68;100;19m⠉[38;2;108;137;24;48;2;24;68;36m⡤[38;2;233;210;100m⠚[38;2;24;68;36;48;2;210;188;82m⣠[38;2;24;117;48;48;2;233;210;100m⣠[38;2;61;166;48m⣀[38;2;24;68;36;48;2;210;188;82m⢀⣀[38;2;233;210;100m⡀[38;2;210;188;82;48;2;188;166;68m⡨⡠⣀⣨[38;2;233;210;100;48;2;210;188;82m⠙[38;2;254;233;126;48;2;233;210;100m⠦[38;2;210;188;82m⡠[38;2;178;156;210m⠈[48;2;254;254;254m⡆[38;2;233;222;244;48;2;199;188;222m⠧[38;2;137;74;48;48;2;178;156;210m⠸[48;2;233;146;82m⣤[38;2;233;146;82;48;2;166;90;61m⢉[38;2;166;90;61;48;2;199;117;68m⠶[38;2;199;117;68;48;2;166;90;61m⣀[48;2;137;74;48m⡀[38;2;166;90;61m⢤⣤⠤[38;2;137;74;48;48;2;166;90;61m⠭[38;2;166;90;61;48;2;137;74;48m⣂[38;2;108;68;126;48;2;146;117;166m⡆[38;2;199;188;222;48;2;233;222;244m⣄[38;2;254;254;254m⣤[38;2;178;156;210m⠙[38;2;199;188;222;48;2;146;117;166m⣄[38;2;146;117;166;48;2;178;156;210m⢌[38;2;233;222;244m⠈[38;2;146;117;166;48;2;199;188;222m⣄[38;2;233;222;244m⠕[38;2;199;188;222;48;2;233;222;244m⡀[38;2;233;222;244m⠀[38;2;199;188;222m⣠[38;2;233;222;244;48;2;199;188;222m⠋[38;2;254;254;254m⣠[38;2;233;222;244;48;2;254;254;254m⠉⢐[38;2;254;254;254;48;2;233;222;244m⢊[38;2;233;222;244;48;2;254;254;254m⢂⢔[38;2;254;254;254;48;2;233;222;244m⣠[38;2;199;188;222;48;2;254;254;254m⠉[38;2;233;222;244;48;2;178;156;210m⣄[38;2;146;117;166m⢄[48;2;199;188;222m⡀[38;2;233;222;244m⠔[38;2;199;188;222;48;2;233;222;244m⣨⣠[48;2;178;156;210m⠋[38;2;108;68;126m⣠[48;2;146;117;166m⠂[38;2;146;117;166;48;2;178;156;210m⡐[48;2;199;188;222m⠁[38;2;254;254;254;48;2;233;222;244m⡜[38;2;178;156;210m⣠[38;2;199;188;222;48;2;0;0;0m⡦[38;2;0;0;0;48;2;156;82;36m⠂[38;2;36;36;36m⠩[38;2;0;0;0;48;2;137;74;48m⠴[38;2;166;90;61;48;2;0;0;0m⣠[38;2;0;0;0;48;2;166;90;61m⠋[38;2;222;156;254m⠈[38;2;156;82;254m⠉[38;2;82;82;222m⠁[38;2;233;146;82m⡙[38;2;137;74;48;48;2;233;146;82m⣤[48;2;178;156;210m⠇[38;2;199;188;222;48;2;233;222;244m⣃[38;2;178;156;210;48;2;254;254;254m⢰[48;2;233;210;100m⠁[38;2;210;188;82m⡠[38;2;254;233;126m⠢⠢⠄[48;2;210;188;82m⠠[38;2;210;188;82;48;2;233;210;100m⠑⣈[38;2;233;210;100;48;2;210;188;82m⢄⣀⡀[38;2;210;188;82;48;2;188;166;68m⡨⡠⣀[38;2;108;222;48m⣀[38;2;61;166;48;48;2;210;188;82m⣐[38;2;233;210;100;48;2;108;146;24m⠉[48;2;14;100;108m⠸[48;2;48;68;0m⠋[48;2;24;68;36m⠁[38;2;61;166;48m⢀[38;2;108;222;48;48;2;24;117;48m⠉⠓[38;2;61;166;48m⢢[38;2;68;100;19;48;2;108;222;48m⠋[38;2;108;137;24;48;2;24;117;48m⠍[0m
[38;2;24;117;48;48;2;42;68;19m⣤[38;2;100;68;54m⢀⣄[38;2;156;178;24;48;2;100;68;54m⠈[48;2;210;222;29m⠋[38;2;210;222;29;48;2;68;100;19m⠙⠇[38;2;68;100;19;48;2;108;137;24m⠙[38;2;156;178;24;48;2;24;68;36m⡀[38;2;24;68;36;48;2;108;222;48m⣠[38;2;108;222;48;48;2;61;166;48m⢡[38;2;61;166;48;48;2;188;254;61m⢱[38;2;24;117;48;48;2;61;166;48m⡄[38;2;108;222;48m⡘[38;2;188;254;61;48;2;24;117;48m⠓[38;2;108;137;24;48;2;24;68;36m⡘[48;2;42;68;19m⣆[38;2;156;178;24;48;2;24;117;48m⢀[38;2;108;137;24;48;2;24;68;36m⡀⠸[48;2;42;68;19m⣆[38;2;156;178;24;48;2;24;117;48m⢀[38;2;108;137;24;48;2;24;68;36m⡀[38;2;233;210;100;48;2;24;117;48m⠈[38;2;210;188;82m⢉[38;2;24;68;36;48;2;188;166;68m⠂[38;2;233;210;100;48;2;210;188;82m⠠⠲[38;2;254;233;126;48;2;233;210;100m⢄⣄⢄[38;2;210;188;82m⠫[38;2;233;210;100;48;2;210;188;82m⢄[38;2;178;156;210m⠸[38;2;146;117;166;48;2;199;188;222m⡀[38;2;233;222;244m⡀[38;2;178;156;210;48;2;137;74;48m⣆[38;2;166;90;61;48;2;199;117;68m⡄[38;2;233;146;82m⠶[38;2;137;74;48;48;2;233;146;82m⣀[38;2;199;117;68;48;2;137;74;48m⠋[38;2;137;74;48;48;2;166;90;61m⡜[38;2;199;117;68m⣤[38;2;166;90;61;48;2;199;117;68m⠉[38;2;233;146;82m⣀⡠[38;2;199;117;68;48;2;166;90;61m⠖[38;2;146;117;166m⠙[38;2;233;222;244;48;2;146;117;166m⠹[38;2;178;156;210;48;2;254;254;254m⣠[38;2;199;188;222m⠔[38;2;254;254;254;48;2;199;188;222m⣤[38;2;233;222;244;48;2;146;117;166m⣤[38;2;146;117;166;48;2;178;156;210m⠪[38;2;178;156;210;48;2;146;117;166m⠮[38;2;146;117;166;48;2;178;156;210m⠢⠤[38;2;254;254;254m⠐[38;2;146;117;166;48;2;254;254;254m⣀[38;2;178;156;210m⣀[38;2;199;188;222m⣀[38;2;233;222;244m⣁[38;2;178;156;210m⣠[38;2;254;254;254;48;2;178;156;210m⠉[38;2;178;156;210;48;2;254;254;254m⣄[38;2;233;222;244m⢀[38;2;199;188;222m⣀[38;2;178;156;210m⣀⣠[38;2;233;222;244;48;2;146;117;166m⠖[38;2;199;188;222m⠪[38;2;146;117;166;48;2;178;156;210m⠤⢖[38;2;178;156;210;48;2;146;117;166m⢔⣢[38;2;146;117;166;48;2;199;188;222m⠋[38;2;233;222;244m⠸[38;2;199;188;222;48;2;254;254;254m⢀[38;2;178;156;210;48;2;233;222;244m⣠[48;2;137;74;48m⠋[38;2;146;117;166;48;2;166;90;61m⠁[38;2;233;146;82;48;2;199;117;68m⢠[38;2;199;117;68;48;2;233;146;82m⠉[38;2;233;146;82;48;2;199;117;68m⡄[38;2;199;117;68;48;2;166;90;61m⣤[38;2;166;90;61;48;2;137;74;48m⡜[38;2;199;117;68m⠙[38;2;137;74;48;48;2;233;146;82m⣀[38;2;233;146;82;48;2;199;117;68m⠶[38;2;166;90;61m⢠[38;2;178;156;210;48;2;137;74;48m⣰[38;2;233;222;244;48;2;199;188;222m⢀[38;2;146;117;166m⢀[38;2;178;156;210;48;2;233;210;100m⠇[38;2;254;233;126m⢄[38;2;210;188;82m⠫[38;2;233;210;100;48;2;210;188;82m⢄⢀[38;2;188;166;68m⢀[38;2;210;188;82m⠀[38;2;233;210;100m⢀[48;2;188;166;68m⡀[38;2;254;233;126m⠉[38;2;233;210;100;48;2;210;188;82m⢉⣀[38;2;48;199;156m⣀[38;2;29;146;137m⣐[38;2;210;188;82;48;2;14;100;108m⢉[38;2;233;210;100;48;2;108;137;24m⡑[38;2;108;222;48;48;2;74;100;9m⠉[38;2;61;166;48m⢓[38;2;74;100;9;48;2;48;68;0m⣁[38;2;14;68;36;48;2;61;166;48m⡰[38;2;188;244;54;48;2;74;100;9m⡠[38;2;61;166;48m⠋[38;2;188;254;61m⠐[38;2;24;117;48;48;2;108;222;48m⣄[38;2;188;254;61;48;2;61;166;48m⠘[48;2;24;117;48m⠁⢀[0m
[38;2;61;166;48;48;2;24;68;36m⠰⢀⣠[38;2;188;254;61;48;2;24;117;48m⡄[38;2;210;222;29m⠁[38;2;61;166;48;48;2;24;68;36m⡀[38;2;24;68;36;48;2;42;68;19m⣆[38;2;108;222;48;48;2;68;100;19m⢠[38;2;61;166;48;48;2;74;42;61m⡀[38;2;108;222;48m⠁[38;2;188;254;61m⠈[38;2;74;42;61;48;2;24;117;48m⣠[38;2;42;68;19;48;2;24;68;36m⣄[38;2;108;222;48m⠉[38;2;74;42;61m⣄[38;2;108;222;48;48;2;24;117;48m⠈⠓[38;2;61;166;48m⢢[38;2;68;100;19;48;2;108;222;48m⠋[38;2;108;137;24;48;2;24;117;48m⠍[38;2;24;117;48;48;2;108;222;48m⡈[38;2;108;222;48;48;2;24;117;48m⡄[38;2;24;68;36;48;2;108;222;48m⠶[38;2;156;178;24;48;2;24;68;36m⡀[38;2;210;188;82;48;2;68;100;19m⠉[38;2;108;137;24;48;2;24;68;36m⡤[38;2;188;166;68m⠚[38;2;61;166;48;48;2;210;188;82m⡀[38;2;188;166;68m⠂[38;2;233;210;100m⠑⠁⠁⠉[38;2;254;233;126m⠈[38;2;178;156;210;48;2;233;210;100m⠙[38;2;233;222;244;48;2;146;117;166m⠹[38;2;199;188;222;48;2;233;222;244m⡈[38;2;137;74;48;48;2;199;188;222m⠈[38;2;178;156;210;48;2;137;74;48m⣄[38;2;166;90;61;48;2;199;117;68m⡉⠙[38;2;199;117;68;48;2;166;90;61m⣄⠈[38;2;233;146;82m⠉[38;2;199;117;68m⣁⣤⣀[38;2;166;90;61m⠀[38;2;137;74;48m⠈[38;2;146;117;166m⠉[38;2;178;156;210m⠙[38;2;137;74;48;48;2;233;222;244m⣄[38;2;146;117;166m⡀[38;2;199;188;222m⡀⠈[38;2;178;156;210m⠉[38;2;233;222;244;48;2;178;156;210m⣄⣀[38;2;199;188;222;48;2;146;117;166m⣁[38;2;146;117;166;48;2;199;188;222m⠭[48;2;178;156;210m⢍[38;2;178;156;210;48;2;146;117;166m⠎⠭⠭⠭⠵⠶[38;2;146;117;166;48;2;178;156;210m⠭[38;2;254;254;254m⣀⣀[38;2;233;222;244;48;2;146;117;166m⣤[48;2;178;156;210m⣠[38;2;146;117;166;48;2;233;222;244m⠁[38;2;199;188;222;48;2;254;254;254m⢉⣀[38;2;178;156;210;48;2;233;222;244m⣠[38;2;146;117;166m⣠[38;2;166;90;61;48;2;178;156;210m⣤[38;2;146;117;166;48;2;166;90;61m⠁[38;2;137;74;48m⠁[38;2;199;117;68m⣀⣤⣈[38;2;233;146;82m⠉[38;2;199;117;68m⠁⣠[38;2;166;90;61;48;2;199;117;68m⠋⢉[38;2;178;156;210;48;2;137;74;48m⣠[38;2;137;74;48;48;2;199;188;222m⠁[38;2;199;188;222;48;2;233;222;244m⢁[38;2;146;117;166m⣠[38;2;178;156;210;48;2;210;188;82m⠋[38;2;233;210;100m⠑⠁⠁⠉[38;2;254;233;126m⠈[48;2;233;210;100m⠊[38;2;233;210;100;48;2;210;188;82m⠓⠉⠂[38;2;188;166;68m⣀[38;2;210;188;82;48;2;188;166;68m⠫[38;2;48;199;156m⢀[38;2;188;166;68;48;2;48;199;156m⠓[38;2;48;199;156;48;2;29;146;137m⠉[38;2;68;100;19;48;2;0;61;90m⠠[38;2;108;222;48;48;2;68;100;19m⣄[38;2;188;244;54;48;2;74;100;9m⠐[38;2;146;188;36m⠋[38;2;61;166;48;48;2;48;68;0m⣄[38;2;14;68;36;48;2;74;100;9m⣆[38;2;146;188;36;48;2;48;68;0m⢤[48;2;74;100;9m⣀[38;2;100;82;42;48;2;61;166;48m⠃[38;2;61;166;48;48;2;188;254;61m⣡⠚[38;2;108;222;48;48;2;24;117;48m⠐[38;2;61;166;48m⠎[0m
[38;2;156;178;24;48;2;24;68;36m⡀[38;2;24;68;36;48;2;108;222;48m⣠[38;2;108;222;48;48;2;61;166;48m⢡[38;2;108;137;24;48;2;188;254;61m⢱[38;2;24;117;48;48;2;108;137;24m⢲[38;2;108;137;24;48;2;42;68;19m⢰[48;2;24;117;48m⡄[38;2;61;166;48;48;2;24;68;36m⢀[48;2;24;117;48m⡤[38;2;24;68;36m⠲[38;2;61;166;48;48;2;108;222;48m⡙[48;2;24;68;36m⢠[48;2;74;42;61m⣄[38;2;24;68;36m⣰[38;2;24;117;48;48;2;24;68;36m⢀[38;2;188;254;61;48;2;68;100;19m⠐[38;2;24;117;48;48;2;108;222;48m⣄[38;2;188;254;61;48;2;61;166;48m⠘[48;2;24;117;48m⠁⢀⣆[38;2;24;117;48;48;2;61;166;48m⠣[48;2;108;222;48m⡦[48;2;156;178;24m⣤[38;2;24;68;36;48;2;68;100;19m⣀⠡[38;2;254;233;126;48;2;24;117;48m⠠[38;2;24;68;36;48;2;210;188;82m⠁[38;2;210;188;82;48;2;233;210;100m⣀⣨[38;2;233;210;100;48;2;210;188;82m⠄⠐⠦[38;2;210;188;82m⠀[38;2;188;166;68m⠑⠙[38;2;146;117;166m⠙[48;2;199;188;222m⣄[38;2;233;222;244m⠤[38;2;166;90;61m⠈[38;2;199;188;222;48;2;199;117;68m⣤⣀[38;2;166;90;61m⣈[38;2;199;117;68;48;2;166;90;61m⠄⠈[38;2;233;146;82m⠉[38;2;137;74;48;48;2;199;117;68m⣄[38;2;233;146;82m⠤[38;2;166;90;61m⣀[38;2;199;117;68;48;2;166;90;61m⠋⢀⣤⣀[38;2;156;156;254m⣈[38;2;199;188;222m⡉[38;2;233;222;244m⠙[38;2;166;90;61;48;2;254;254;254m⣤[48;2;233;222;244m⣄[38;2;137;74;48;48;2;254;254;254m⣀[38;2;178;156;210;48;2;233;222;244m⣠⣀[38;2;199;188;222;48;2;254;254;254m⣀⣀[48;2;233;222;244m⣈[38;2;254;254;254;48;2;199;188;222m⠶⠶[38;2;199;188;222;48;2;233;222;244m⣢⣤[38;2;137;74;48m⣀[38;2;166;90;61m⣀[38;2;137;74;48m⣀[38;2;166;90;61;48;2;199;188;222m⣠⣤[38;2;178;156;210;48;2;166;90;61m⠋⠉[38;2;146;117;166;48;2;199;117;68m⠁[38;2;199;117;68;48;2;137;74;48m⡐[48;2;166;90;61m⠚[38;2;166;90;61;48;2;199;117;68m⣈[38;2;233;146;82m⠠[38;2;137;74;48m⣠[38;2;233;146;82;48;2;166;90;61m⠉[38;2;199;117;68m⠁⠠[38;2;166;90;61;48;2;199;117;68m⣁[38;2;199;188;222m⣀⣤[38;2;166;90;61;48;2;199;188;222m⠁[38;2;233;222;244m⠤[38;2;146;117;166m⡠[48;2;254;233;126m⠋[38;2;233;210;100;48;2;210;188;82m⠔[38;2;210;188;82;48;2;233;210;100m⣀⣨[38;2;233;210;100;48;2;210;188;82m⠄⠐⠦[38;2;210;188;82m⠀[38;2;188;166;68m⠑⠙⠳⠌[38;2;233;210;100m⢀⡄[38;2;48;199;156m⣀[38;2;210;188;82;48;2;14;100;108m⠓[38;2;210;222;29;48;2;0;61;90m⠠[38;2;156;178;24;48;2;68;100;19m⠶[38;2;24;117;48;48;2;108;137;24m⣨[38;2;74;254;188;48;2;0;61;90m⠐[38;2;188;244;54;48;2;14;100;108m⠘[48;2;29;146;137m⠡[38;2;100;82;42;48;2;24;117;48m⢋[38;2;24;117;48;48;2;68;100;19m⠒[38;2;42;68;19;48;2;188;254;61m⣆[48;2;108;222;48m⣠[38;2;68;100;19;48;2;42;68;19m⣠[38;2;108;222;48m⠈[38;2;188;254;61m⠁[38;2;156;178;24;48;2;68;100;19m⠠[0m
[?25h