[48;2;92;161;216m[38;2;89;158;213m▄[48;2;95;164;219m[38;2;93;162;217m▄[48;2;93;162;217m[38;2;88;157;212m▅[48;2;89;159;210m[38;2;90;158;214m▌[48;2;93;163;213m[38;2;91;161;211m▄[48;2;93;160;209m[38;2;93;162;212m▌[48;2;94;159;210m[38;2;92;157;208m▄[48;2;89;151;202m[38;2;93;155;206m▆[48;2;91;154;198m[38;2;94;160;200m▝[48;2;91;154;195m[38;2;98;161;202m▗[48;2;92;154;195m[38;2;99;161;202m━[48;2;93;154;196m[38;2;94;157;199m▂[48;2;93;154;190m[38;2;93;154;194m▎[48;2;95;152;189m[38;2;92;153;188m▄[48;2;100;153;191m[38;2;96;153;190m▄[48;2;101;152;191m[38;2;90;140;180m▃[48;2;100;152;189m[38;2;88;140;179m▅[48;2;98;152;187m[38;2;92;142;182m▖[48;2;102;154;188m[38;2;102;151;185m▄[48;2;101;150;186m[38;2;101;148;178m▅[48;2;100;148;170m[38;2;105;153;183m▊[48;2;109;151;173m[38;2;102;147;168m▖[48;2;102;141;163m[38;2;113;152;175m▂[48;2;108;141;163m[38;2;106;144;166m▆[48;2;106;143;165m[38;2;96;132;156m▃[48;2;104;148;166m[38;2;96;135;156m▅[48;2;105;149;166m[38;2;101;136;157m▄[48;2;98;138;156m[38;2;104;137;158m▄[48;2;100;133;153m[38;2;105;142;160m▘[48;2;103;133;154m[38;2;112;145;165m▘[48;2;104;132;154m[38;2;98;128;150m▅[48;2;103;128;152m[38;2;107;136;152m▅[48;2;110;133;154m[38;2;112;138;149m▄[48;2;110;134;144m[38;2;105;126;145m▘[48;2;110;131;139m[38;2;111;136;143m▄[48;2;114;135;141m[38;2;111;136;139m▄[48;2;124;144;147m[38;2;117;141;143m▎[48;2;120;139;143m[38;2;122;144;141m▄[48;2;122;140;143m[38;2;134;157;155m▃[48;2;132;147;149m[38;2;139;158;157m▆[48;2;143;158;153m[38;2;138;156;152m▌[48;2;144;154;154m[38;2;141;155;146m▆[48;2;144;158;157m[38;2;139;151;143m▃[48;2;144;158;157m[38;2;142;157;150m▄[48;2;143;152;147m[38;2;149;160;147m▗[48;2;144;152;144m[38;2;152;159;144m▁[48;2;144;156;143m[38;2;141;149;141m▘[48;2;142;158;144m[38;2;140;153;143m▝[48;2;142;153;141m[38;2;148;157;139m▁[48;2;143;148;144m[38;2;146;151;139m▄[48;2;142;145;141m[38;2;150;156;141m▄[48;2;145;151;147m[38;2;141;154;140m▆[48;2;139;145;146m[38;2;144;157;146m▆[48;2;135;145;142m[38;2;143;153;150m━[48;2;133;147;148m[38;2;138;149;146m▆[48;2;129;147;147m[38;2;134;148;145m▂[48;2;119;136;138m[38;2;112;130;138m▝[48;2;105;128;141m[38;2;113;133;138m▆[48;2;114;131;133m[38;2;0;0;0m [48;2;239;239;191m[38;2;120;140;137m▆[48;2;215;218;161m[38;2;117;136;131m▆[48;2;116;135;126m[38;2;0;0;0m [48;2;106;130;135m[38;2;0;0;0m [48;2;99;123;138m[38;2;94;122;143m▝[48;2;93;120;143m[38;2;94;120;139m▂[48;2;85;114;141m[38;2;87;113;138m▅[48;2;80;111;144m[38;2;80;109;138m▄[48;2;75;108;144m[38;2;78;112;143m▄[48;2;59;98;132m[38;2;70;108;141m▎[48;2;52;95;133m[38;2;56;96;132m▃[48;2;44;94;134m[38;2;49;93;132m▅[48;2;44;90;132m[38;2;42;87;133m┛[48;2;65;103;142m[38;2;54;97;136m▎[48;2;64;100;139m[38;2;66;102;141m▗[48;2;62;98;137m[38;2;50;86;125m▁[48;2;61;97;136m[38;2;50;86;125m▄[48;2;54;92;134m[38;2;52;88;128m▄[48;2;47;88;133m[38;2;45;84;124m▄[48;2;42;87;132m[38;2;43;84;126m▅[48;2;38;83;128m[38;2;36;80;121m▅[0m
[48;2;88;157;212m[38;2;92;160;216m▅[48;2;89;158;213m[38;2;0;0;0m [48;2;91;160;215m[38;2;95;164;219m┓[48;2;90;159;212m[38;2;93;162;216m▚[48;2;91;161;211m[38;2;90;160;210m▘[48;2;94;161;211m[38;2;91;162;212m▎[48;2;94;158;209m[38;2;95;161;211m▌[48;2;90;152;203m[38;2;88;149;201m╏[48;2;93;155;199m[38;2;94;157;200m▄[48;2;97;160;201m[38;2;91;154;195m▆[48;2;92;155;196m[38;2;95;158;199m▄[48;2;91;154;195m[38;2;96;159;200m┓[48;2;91;154;191m[38;2;95;158;196m╸[48;2;100;160;196m[38;2;98;158;194m▄[48;2;95;152;189m[38;2;100;156;194m▗[48;2;85;136;175m[38;2;97;147;187m▎[48;2;87;139;178m[38;2;91;141;180m▘[48;2;102;154;189m[38;2;89;139;178m▌[48;2;107;157;191m[38;2;105;155;190m▄[48;2;102;149;177m[38;2;109;156;187m▌[48;2;102;150;171m[38;2;107;155;180m▊[48;2;105;148;169m[38;2;93;137;158m▂[48;2;107;147;170m[38;2;99;139;161m▅[48;2;103;141;164m[38;2;92;131;154m▆[48;2;99;135;158m[38;2;98;134;157m▄[48;2;100;134;156m[38;2;99;132;153m▄[48;2;102;135;156m[38;2;108;137;158m▗[48;2;103;133;155m[38;2;104;130;153m▄[48;2;107;135;156m[38;2;104;128;151m▄[48;2;103;129;148m[38;2;109;136;153m━[48;2;105;133;152m[38;2;105;133;144m▆[48;2;112;137;147m[38;2;105;132;143m┛[48;2;112;136;142m[38;2;116;140;147m▎[48;2;113;137;143m[38;2;118;142;144m▂[48;2;116;141;143m[38;2;115;139;138m▗[48;2;118;142;141m[38;2;131;151;147m▗[48;2;126;148;143m[38;2;141;160;153m▄[48;2;136;155;148m[38;2;141;157;148m▅[48;2;139;160;153m[38;2;144;162;154m▗[48;2;143;162;154m[38;2;149;164;152m▃[48;2;142;156;143m[38;2;145;159;149m▎[48;2;145;159;145m[38;2;144;157;139m▅[48;2;141;155;141m[38;2;150;159;140m▄[48;2;147;157;141m[38;2;158;161;139m▗[48;2;152;159;140m[38;2;165;167;140m▂[48;2;156;163;144m[38;2;161;164;137m▆[48;2;155;159;138m[38;2;170;172;130m▂[48;2;163;166;130m[38;2;0;0;0m [48;2;158;162;128m[38;2;237;233;174m▃[48;2;168;170;131m[38;2;0;0;0m [48;2;154;164;136m[38;2;168;171;135m▁[48;2;150;161;138m[38;2;162;166;135m▃[48;2;146;156;136m[38;2;158;161;134m▃[48;2;145;152;137m[38;2;157;158;134m▃[48;2;143;150;140m[38;2;155;157;138m▄[48;2;139;147;138m[38;2;145;149;135m▃[48;2;124;137;130m[38;2;136;143;128m▃[48;2;121;137;133m[38;2;129;139;127m▖[48;2;117;134;134m[38;2;123;136;128m▂[48;2;121;138;136m[38;2;119;136;129m▖[48;2;119;138;139m[38;2;124;139;135m▄[48;2;113;133;135m[38;2;116;135;136m▎[48;2;109;128;135m[38;2;112;135;136m▖[48;2;102;126;134m[38;2;106;125;133m▂[48;2;99;121;134m[38;2;93;118;135m▝[48;2;90;115;138m[38;2;95;119;136m▅[48;2;85;113;138m[38;2;84;110;133m▄[48;2;81;110;137m[38;2;0;0;0m [48;2;64;101;127m[38;2;77;113;138m▎[48;2;56;95;125m[38;2;61;100;126m▌[48;2;54;94;130m[38;2;55;94;126m▎[48;2;47;91;129m[38;2;54;93;128m▃[48;2;62;101;140m[38;2;54;92;130m▅[48;2;59;95;134m[38;2;54;90;129m▄[48;2;50;86;125m[38;2;58;94;133m▎[48;2;54;90;129m[38;2;48;84;123m▄[48;2;49;85;125m[38;2;47;83;123m▄[48;2;44;82;122m[38;2;42;80;121m▄[48;2;33;75;115m[38;2;41;83;124m━[48;2;46;90;131m[38;2;31;75;115m▆[0m
[48;2;93;163;216m[38;2;96;165;220m━[48;2;91;161;213m[38;2;97;166;221m━[48;2;90;159;212m[38;2;95;164;219m━[48;2;92;161;213m[38;2;93;163;216m━[48;2;92;162;212m[38;2;91;161;211m⎼[48;2;93;161;211m[38;2;96;162;211m▗[48;2;96;161;211m[38;2;97;161;211m┃[48;2;90;152;203m[38;2;97;160;210m╸[48;2;91;155;199m[38;2;88;151;192m▝[48;2;94;158;198m[38;2;89;154;195m▊[48;2;94;158;198m[38;2;92;155;196m▄[48;2;90;151;193m[38;2;93;157;198m╸[48;2;101;163;198m[38;2;92;155;193m▌[48;2;95;155;191m[38;2;103;164;199m▌[48;2;99;156;193m[38;2;93;151;187m▅[48;2;83;135;172m[38;2;94;144;183m▎[48;2;88;140;178m[38;2;85;137;173m▅[48;2;103;153;189m[38;2;88;139;177m▊[48;2;104;153;187m[38;2;0;0;0m [48;2;108;155;184m[38;2;91;136;165m▃[48;2;104;151;176m[38;2;94;139;163m▆[48;2;86;131;152m[38;2;95;136;158m▆[48;2;96;136;158m[38;2;103;142;165m┛[48;2;100;138;161m[38;2;93;129;152m▅[48;2;100;135;159m[38;2;101;133;157m▄[48;2;103;137;156m[38;2;109;139;160m⎺[48;2;103;132;153m[38;2;102;139;151m▄[48;2;104;131;149m[38;2;106;141;150m▂[48;2;106;129;148m[38;2;110;144;150m▃[48;2;107;132;145m[38;2;112;140;146m▃[48;2;110;136;144m[38;2;115;137;144m▄[48;2;114;136;143m[38;2;121;142;145m▗[48;2;121;145;146m[38;2;127;145;145m▁[48;2;122;145;145m[38;2;137;154;154m▃[48;2;128;150;148m[38;2;141;161;161m▆[48;2;142;161;155m[38;2;142;160;156m▄[48;2;147;163;153m[38;2;144;158;148m┃[48;2;148;163;151m[38;2;156;169;157m▅[48;2;144;159;144m[38;2;152;166;151m▖[48;2;149;162;144m[38;2;144;160;143m▎[48;2;150;163;144m[38;2;157;167;143m▃[48;2;149;159;138m[38;2;158;166;140m▄[48;2;158;163;137m[38;2;171;174;136m▂[48;2;160;165;140m[38;2;173;172;137m▆[48;2;171;169;136m[38;2;176;170;131m▃[48;2;173;172;130m[38;2;183;182;125m▃[48;2;197;195;130m[38;2;244;240;162m┏[48;2;249;242;161m[38;2;0;0;0m [48;2;255;245;177m[38;2;255;243;164m┛[48;2;195;186;118m[38;2;251;241;166m▎[48;2;176;175;134m[38;2;186;183;129m▄[48;2;174;175;134m[38;2;187;183;121m▃[48;2;169;169;134m[38;2;180;177;123m▄[48;2;167;166;132m[38;2;178;177;126m▃[48;2;164;164;137m[38;2;175;173;132m▆[48;2;154;156;135m[38;2;170;168;128m▅[48;2;144;149;123m[38;2;160;159;121m▖[48;2;135;142;124m[38;2;144;148;119m▃[48;2;127;137;123m[38;2;134;143;121m▂[48;2;126;139;128m[38;2;134;140;126m▄[48;2;127;137;129m[38;2;133;137;127m▃[48;2;120;136;134m[38;2;125;133;129m▃[48;2;114;130;134m[38;2;118;134;135m▌[48;2;108;127;133m[38;2;113;127;136m▃[48;2;102;122;132m[38;2;108;124;135m▖[48;2;96;118;133m[38;2;0;0;0m [48;2;89;115;134m[38;2;94;117;137m▖[48;2;88;115;137m[38;2;85;112;134m▄[48;2;71;105;128m[38;2;80;108;133m▄[48;2;71;107;132m[38;2;64;92;122m▃[48;2;66;105;134m[38;2;58;91;122m▅[48;2;52;90;124m[38;2;61;100;133m╹[48;2;45;82;119m[38;2;51;84;121m▄[48;2;50;86;125m[38;2;47;82;121m▄[48;2;48;84;123m[38;2;42;78;117m▄[48;2;47;83;122m[38;2;40;79;117m▄[48;2;43;80;120m[38;2;36;76;114m▃[48;2;38;76;117m[38;2;35;74;114m▄[48;2;40;81;122m[38;2;34;74;114m▌[48;2;30;72;112m[38;2;38;77;117m▖[0m
[48;2;94;164;214m[38;2;102;172;222m━[48;2;92;162;212m[38;2;97;167;217m▎[48;2;92;162;212m[38;2;87;157;207m▅[48;2;94;164;214m[38;2;90;160;210m▆[48;2;92;162;212m[38;2;85;156;206m▝[48;2;93;161;210m[38;2;87;155;205m▘[48;2;92;158;208m[38;2;96;159;210m│[48;2;90;152;203m[38;2;97;158;209m▗[48;2;91;158;198m[38;2;89;154;198m▊[48;2;95;161;201m[38;2;90;154;195m▗[48;2;93;154;195m[38;2;91;153;194m▄[48;2;93;150;193m[38;2;91;150;192m▄[48;2;97;157;193m[38;2;95;156;192m▄[48;2;98;158;192m[38;2;91;153;186m▊[48;2;101;159;194m[38;2;98;156;192m▄[48;2;87;140;174m[38;2;95;147;182m▎[48;2;83;136;170m[38;2;87;140;174m▁[48;2;92;140;178m[38;2;86;136;172m▆[48;2;89;135;170m[38;2;90;136;171m▄[48;2;91;136;166m[38;2;103;147;176m▗[48;2;99;141;166m[38;2;95;138;163m▄[48;2;96;137;159m[38;2;107;146;169m┓[48;2;99;138;160m[38;2;97;136;158m▄[48;2;103;137;159m[38;2;95;132;155m▌[48;2;100;132;156m[38;2;108;139;163m▁[48;2;104;139;156m[38;2;100;132;151m▆[48;2;107;138;150m[38;2;99;132;144m┛[48;2;109;144;150m[38;2;110;140;148m▄[48;2;117;145;151m[38;2;110;141;147m▌[48;2;111;138;143m[38;2;117;143;147m▅[48;2;119;140;146m[38;2;127;152;152m▗[48;2;123;143;145m[38;2;137;159;157m▃[48;2;130;149;149m[38;2;137;157;152m▇[48;2;139;156;151m[38;2;0;0;0m [48;2;143;160;158m[38;2;145;158;152m▃[48;2;145;158;155m[38;2;151;165;155m▄[48;2;149;162;151m[38;2;147;158;145m▃[48;2;154;164;150m[38;2;149;159;144m▚[48;2;154;164;142m[38;2;156;169;150m▘[48;2;157;165;141m[38;2;152;164;141m▘[48;2;167;172;143m[38;2;160;166;140m▊[48;2;163;167;139m[38;2;174;177;143m▅[48;2;177;177;131m[38;2;168;171;136m▘[48;2;180;176;133m[38;2;186;179;136m▗[48;2;182;176;131m[38;2;189;180;132m▃[48;2;191;185;125m[38;2;189;184;119m╺[48;2;255;249;172m[38;2;220;214;131m▌[48;2;255;245;158m[38;2;255;248;165m▆[48;2;255;247;175m[38;2;255;246;166m▊[48;2;214;206;114m[38;2;254;246;164m▎[48;2;196;192;125m[38;2;210;203;122m▄[48;2;196;187;120m[38;2;207;198;118m▄[48;2;191;185;120m[38;2;206;198;119m▄[48;2;190;188;126m[38;2;201;196;120m▄[48;2;186;184;126m[38;2;196;190;119m▃[48;2;179;175;126m[38;2;191;181;124m▅[48;2;167;163;119m[38;2;178;169;116m▃[48;2;154;154;119m[38;2;166;162;118m▃[48;2;142;146;119m[38;2;153;153;118m▃[48;2;142;144;122m[38;2;151;149;118m▄[48;2;142;143;124m[38;2;150;147;119m▃[48;2;133;136;128m[38;2;142;141;122m▖[48;2;124;132;134m[38;2;131;135;129m▄[48;2;117;129;135m[38;2;124;130;128m▖[48;2;110;123;132m[38;2;115;124;134m▖[48;2;99;118;132m[38;2;105;122;133m▇[48;2;92;114;132m[38;2;78;103;116m▗[48;2;82;109;132m[38;2;72;98;117m▅[48;2;71;98;122m[38;2;63;90;116m▄[48;2;58;88;119m[38;2;67;93;121m▌[48;2;58;90;123m[38;2;57;89;122m▄[48;2;49;85;119m[38;2;61;97;131m▘[48;2;49;81;119m[38;2;51;84;121m─[48;2;45;80;119m[38;2;51;85;124m▎[48;2;48;84;123m[38;2;42;79;117m▆[48;2;39;79;117m[38;2;0;0;0m [48;2;35;75;114m[38;2;45;84;123m▃[48;2;38;77;117m[38;2;37;76;116m▄[48;2;34;73;113m[38;2;34;73;113m▄[48;2;36;75;115m[38;2;31;70;110m▘[0m
[48;2;93;163;213m[38;2;90;160;210m▆[48;2;92;162;212m[38;2;0;0;0m [48;2;92;162;212m[38;2;95;165;215m⎻[48;2;93;163;213m[38;2;98;169;219m━[48;2;92;162;212m[38;2;90;161;211m▄[48;2;93;161;210m[38;2;95;164;214m▌[48;2;92;158;209m[38;2;97;159;210m▝[48;2;88;150;201m[38;2;92;156;206m▌[48;2;90;155;198m[38;2;91;157;200m▄[48;2;92;157;197m[38;2;86;153;193m▘[48;2;84;145;187m[38;2;80;141;183m▄[48;2;86;144;185m[38;2;85;143;185m▄[48;2;90;150;186m[38;2;89;150;185m▄[48;2;92;154;187m[38;2;100;161;194m▄[48;2;100;157;193m[38;2;90;149;184m▂[48;2;80;134;168m[38;2;94;145;180m▌[48;2;84;136;171m[38;2;78;132;166m▃[48;2;83;132;170m[38;2;88;137;174m▄[48;2;92;139;173m[38;2;87;133;168m▅[48;2;96;140;170m[38;2;86;131;161m▅[48;2;100;142;167m[38;2;89;133;159m▖[48;2;90;131;153m[38;2;94;135;157m▄[48;2;99;138;160m[38;2;99;138;159m▄[48;2;103;138;163m[38;2;99;135;157m▄[48;2;100;132;156m[38;2;104;137;157m▄[48;2;102;129;147m[38;2;102;133;153m▌[48;2;109;136;148m[38;2;102;131;144m▌[48;2;117;141;149m[38;2;109;135;145m▌[48;2;118;141;147m[38;2;129;155;158m▂[48;2;133;160;160m[38;2;119;145;148m▘[48;2;138;163;160m[38;2;132;160;156m┗[48;2;138;162;157m[38;2;134;155;147m▆[48;2;138;159;149m[38;2;141;159;147m▄[48;2;144;163;151m[38;2;143;159;142m▂[48;2;149;161;150m[38;2;151;163;152m▝[48;2;151;162;149m[38;2;149;159;148m▄[48;2;156;163;147m[38;2;154;165;141m▗[48;2;159;165;145m[38;2;160;170;145m▁[48;2;161;168;143m[38;2;161;169;142m▄[48;2;166;170;140m[38;2;160;168;139m━[48;2;176;177;139m[38;2;170;172;137m▊[48;2;179;180;135m[38;2;180;183;143m▘[48;2;181;179;130m[38;2;188;182;129m▗[48;2;188;180;132m[38;2;190;183;128m▄[48;2;195;185;132m[38;2;202;191;128m▗[48;2;197;191;122m[38;2;206;197;125m▆[48;2;254;249;157m[38;2;216;209;114m▌[48;2;255;249;157m[38;2;255;250;164m┛[48;2;255;248;167m[38;2;255;248;158m▌[48;2;233;223;109m[38;2;254;247;158m▎[48;2;225;215;117m[38;2;233;225;115m▁[48;2;222;211;116m[38;2;234;227;116m▃[48;2;220;210;117m[38;2;231;225;115m▃[48;2;214;206;117m[38;2;229;223;116m▂[48;2;208;200;119m[38;2;221;212;117m▄[48;2;203;191;121m[38;2;216;204;121m▃[48;2;189;178;116m[38;2;197;186;116m▄[48;2;175;168;116m[38;2;184;178;115m▃[48;2;164;160;117m[38;2;173;172;114m▂[48;2;160;155;118m[38;2;166;160;115m▄[48;2;155;149;117m[38;2;162;154;119m▄[48;2;149;147;121m[38;2;153;149;120m▄[48;2;135;136;123m[38;2;143;142;124m▌[48;2;126;130;124m[38;2;118;121;115m▂[48;2;104;116;118m[38;2;112;120;123m▌[48;2;95;109;116m[38;2;97;111;117m▄[48;2;86;106;115m[38;2;92;109;119m▖[48;2;77;102;116m[38;2;81;106;123m▗[48;2;65;92;116m[38;2;71;96;120m▊[48;2;62;89;116m[38;2;65;93;122m┗[48;2;58;90;123m[38;2;59;89;118m▃[48;2;50;85;120m[38;2;56;88;121m▄[48;2;59;90;127m[38;2;49;81;118m▚[48;2;47;82;121m[38;2;49;81;119m▄[48;2;45;81;121m[38;2;43;78;116m▄[48;2;38;77;115m[38;2;0;0;0m [48;2;42;82;120m[38;2;40;78;117m▆[48;2;37;75;115m[38;2;40;77;117m▖[48;2;34;74;113m[38;2;39;77;118m▅[48;2;35;74;114m[38;2;39;77;118m▆[0m
[48;2;92;164;214m[38;2;101;174;224m▆[48;2;91;164;214m[38;2;102;175;225m▃[48;2;90;163;213m[38;2;98;171;221m▃[48;2;88;162;212m[38;2;95;168;218m▖[48;2;86;159;209m[38;2;89;163;212m▅[48;2;92;163;212m[38;2;87;158;208m▁[48;2;92;161;210m[38;2;90;157;206m▗[48;2;89;154;204m[38;2;85;152;202m▖[48;2;93;159;202m[38;2;98;163;208m▘[48;2;93;158;199m[38;2;86;149;190m╺[48;2;85;145;187m[38;2;78;140;182m┫[48;2;82;140;182m[38;2;88;146;188m▄[48;2;96;157;191m[38;2;84;143;181m▌[48;2;92;154;187m[38;2;75;136;170m▗[48;2;77;136;170m[38;2;89;148;183m▘[48;2;81;134;168m[38;2;76;130;164m┏[48;2;82;135;169m[38;2;82;135;169m▄[48;2;81;130;168m[38;2;79;128;165m▄[48;2;89;136;167m[38;2;82;127;164m▌[48;2;85;131;160m[38;2;86;132;161m▄[48;2;92;136;160m[38;2;97;140;164m▄[48;2;90;132;154m[38;2;93;135;156m▄[48;2;91;131;153m[38;2;100;139;159m▝[48;2;101;139;152m[38;2;97;136;153m▌[48;2;102;139;151m[38;2;110;146;157m▂[48;2;111;139;150m[38;2;101;136;148m▌[48;2;115;144;152m[38;2;128;153;161m▗[48;2;122;150;155m[38;2;130;157;162m▄[48;2;133;161;163m[38;2;128;155;156m▝[48;2;131;153;152m[38;2;136;160;158m▂[48;2;136;156;153m[38;2;138;159;157m▝[48;2;141;156;151m[38;2;140;157;155m▌[48;2;146;157;149m[38;2;147;158;150m▄[48;2;146;161;144m[38;2;151;165;149m▃[48;2;153;162;143m[38;2;153;160;153m▝[48;2;156;161;147m[38;2;163;168;130m▗[48;2;167;179;139m[38;2;230;237;174m▁[48;2;171;178;143m[38;2;0;0;0m [48;2;172;174;141m[38;2;163;167;140m▘[48;2;171;173;138m[38;2;174;176;137m▄[48;2;181;180;134m[38;2;174;175;135m▘[48;2;182;181;134m[38;2;189;186;136m▗[48;2;193;186;130m[38;2;187;185;133m▌[48;2;202;194;128m[38;2;196;191;129m▌[48;2;204;195;124m[38;2;210;202;125m▗[48;2;210;201;122m[38;2;215;208;123m▄[48;2;248;246;170m[38;2;231;223;130m▊[48;2;253;248;158m[38;2;228;220;112m▃[48;2;249;244;139m[38;2;235;229;110m▆[48;2;240;234;116m[38;2;234;228;111m┛[48;2;243;236;119m[38;2;0;0;0m [48;2;246;233;113m[38;2;226;197;75m▁[48;2;247;234;117m[38;2;216;191;72m▃[48;2;241;227;114m[38;2;213;186;74m▃[48;2;237;223;115m[38;2;209;182;76m▃[48;2;227;213;118m[38;2;187;164;68m▂[48;2;212;199;114m[38;2;202;184;95m▁[48;2;195;187;113m[38;2;207;194;113m▃[48;2;181;178;111m[38;2;189;181;112m▄[48;2;177;170;116m[38;2;186;178;114m▖[48;2;167;158;117m[38;2;165;157;107m▂[48;2;149;144;115m[38;2;156;151;115m▃[48;2;134;132;115m[38;2;142;139;117m▌[48;2;122;126;116m[38;2;133;133;118m▖[48;2;111;118;116m[38;2;118;126;119m▎[48;2;99;111;117m[38;2;105;114;117m▌[48;2;87;103;117m[38;2;94;107;120m▊[48;2;81;100;121m[38;2;83;100;120m▄[48;2;73;97;116m[38;2;77;99;117m▄[48;2;67;89;113m[38;2;73;96;122m▝[48;2;62;85;117m[38;2;67;90;119m▊[48;2;63;89;120m[38;2;59;85;117m▌[48;2;55;83;119m[38;2;61;90;122m▌[48;2;51;82;117m[38;2;55;86;121m▄[48;2;52;86;120m[38;2;47;82;117m╋[48;2;41;79;113m[38;2;52;90;123m▗[48;2;42;80;114m[38;2;0;0;0m [48;2;43;79;118m[38;2;58;94;133m▂[48;2;45;81;120m[38;2;58;94;133m▄[48;2;48;85;124m[38;2;59;95;134m▇[0m
[48;2;94;167;217m[38;2;99;172;222m▂[48;2;97;170;220m[38;2;92;165;215m━[48;2;102;174;224m[38;2;94;167;217m▂[48;2;87;164;212m[38;2;92;165;215m▌[48;2;88;162;212m[38;2;90;164;213m▄[48;2;91;161;211m[38;2;89;160;209m▄[48;2;92;160;209m[38;2;97;165;215m━[48;2;92;156;204m[38;2;95;160;210m▊[48;2;86;151;194m[38;2;88;154;197m▄[48;2;89;152;192m[38;2;95;161;202m▊[48;2;78;139;181m[38;2;80;141;183m▄[48;2;79;137;179m[38;2;0;0;0m [48;2;89;150;186m[38;2;104;166;200m▝[48;2;83;144;177m[38;2;92;154;187m▎[48;2;79;137;172m[38;2;78;136;170m▄[48;2;81;134;168m[38;2;86;138;173m╏[48;2;76;129;165m[38;2;84;137;171m▌[48;2;78;128;165m[38;2;0;0;0m [48;2;82;129;163m[38;2;80;127;161m▄[48;2;93;138;166m[38;2;82;128;159m▌[48;2;90;134;158m[38;2;0;0;0m [48;2;93;134;155m[38;2;0;0;0m [48;2;91;131;153m[38;2;95;136;156m▅[48;2;116;153;165m[38;2;99;138;153m▊[48;2;107;143;154m[38;2;122;159;169m▄[48;2;125;154;166m[38;2;119;153;164m▖[48;2;127;155;163m[38;2;133;161;169m▃[48;2;130;155;160m[38;2;131;160;165m▊[48;2;133;161;162m[38;2;129;154;158m▎[48;2;137;159;157m[38;2;132;157;156m▘[48;2;138;157;155m[38;2;141;162;160m▁[48;2;140;157;154m[38;2;144;161;155m▝[48;2;146;158;147m[38;2;148;158;152m▌[48;2;149;163;148m[38;2;154;169;151m▗[48;2;178;181;141m[38;2;155;166;139m▊[48;2;195;197;142m[38;2;246;249;187m▆[48;2;245;254;182m[38;2;251;255;172m▇[48;2;178;173;119m[38;2;245;245;174m▌[48;2;176;176;135m[38;2;183;181;133m▅[48;2;184;183;134m[38;2;181;181;134m▌[48;2;188;186;136m[38;2;188;184;130m▄[48;2;187;183;129m[38;2;194;189;130m▃[48;2;195;191;128m[38;2;197;192;127m▄[48;2;208;201;129m[38;2;199;196;126m▌[48;2;213;208;124m[38;2;210;203;127m▘[48;2;224;219;127m[38;2;219;213;125m▌[48;2;226;222;123m[38;2;230;229;114m▗[48;2;229;226;117m[38;2;242;238;114m▃[48;2;240;232;118m[38;2;251;238;119m▅[48;2;251;236;120m[38;2;231;201;79m▂[48;2;242;225;103m[38;2;229;198;75m▆[48;2;228;195;70m[38;2;0;0;0m [48;2;220;187;66m[38;2;226;192;67m▅[48;2;219;184;64m[38;2;211;178;61m▝[48;2;204;170;59m[38;2;210;176;60m▊[48;2;192;161;56m[38;2;179;151;53m▝[48;2;173;146;53m[38;2;0;0;0m [48;2;204;186;105m[38;2;165;139;54m▆[48;2;203;186;110m[38;2;156;133;52m▄[48;2;186;174;107m[38;2;195;179;107m▌[48;2;169;162;102m[38;2;179;170;106m▌[48;2;154;150;103m[38;2;164;159;103m▖[48;2;147;143;111m[38;2;147;144;102m▖[48;2;122;123;108m[38;2;136;135;110m▊[48;2;121;126;117m[38;2;117;120;109m▄[48;2;108;117;116m[38;2;109;115;111m▄[48;2;95;108;116m[38;2;101;112;118m▄[48;2;83;101;115m[38;2;89;104;114m▌[48;2;74;98;116m[38;2;80;101;117m▎[48;2;73;96;119m[38;2;73;96;119m▄[48;2;67;90;122m[38;2;66;91;118m▌[48;2;67;93;124m[38;2;62;87;118m▖[48;2;60;88;124m[38;2;57;86;118m▌[48;2;53;84;119m[38;2;61;91;127m▂[48;2;54;89;124m[38;2;65;99;133m▁[48;2;49;87;120m[38;2;65;102;136m▄[48;2;56;93;128m[38;2;61;99;134m▆[48;2;61;97;136m[38;2;61;97;136m▄[48;2;59;95;134m[38;2;56;92;131m▄[48;2;58;94;133m[38;2;61;97;136m┛[0m
[48;2;96;168;220m[38;2;89;161;214m▂[48;2;97;170;220m[38;2;93;165;218m▆[48;2;88;160;213m[38;2;91;163;216m▎[48;2;90;163;214m[38;2;98;169;223m╸[48;2;89;163;212m[38;2;93;163;213m▆[48;2;92;162;212m[38;2;90;160;210m▚[48;2;93;162;212m[38;2;88;158;208m▖[48;2;91;159;208m[38;2;86;157;206m▄[48;2;90;157;200m[38;2;91;163;207m▖[48;2;86;152;192m[38;2;96;163;203m▌[48;2;86;149;190m[38;2;96;161;201m▃[48;2;78;138;179m[38;2;90;150;193m▂[48;2;87;148;183m[38;2;94;155;190m▅[48;2;84;146;178m[38;2;97;159;192m▖[48;2;79;137;171m[38;2;78;137;172m▄[48;2;78;131;166m[38;2;88;140;175m▄[48;2;81;134;169m[38;2;76;130;165m▄[48;2;81;131;168m[38;2;0;0;0m [48;2;83;130;164m[38;2;90;136;170m▃[48;2;88;133;162m[38;2;89;134;163m▄[48;2;90;134;158m[38;2;98;141;166m▂[48;2;92;134;156m[38;2;101;141;163m▗[48;2;98;137;158m[38;2;109;147;169m▅[48;2;118;155;170m[38;2;0;0;0m [48;2;123;159;169m[38;2;118;155;165m▚[48;2;126;153;164m[38;2;121;155;165m▌[48;2;127;152;160m[38;2;127;157;164m▌[48;2;128;153;158m[38;2;130;159;164m▊[48;2;129;157;159m[38;2;130;157;159m▄[48;2;135;157;156m[38;2;139;162;161m▅[48;2;139;160;158m[38;2;142;164;161m╸[48;2;147;161;156m[38;2;142;160;156m▊[48;2;151;161;154m[38;2;145;156;149m▂[48;2;148;162;149m[38;2;152;162;154m▘[48;2;178;187;131m[38;2;148;161;134m▊[48;2;245;248;169m[38;2;250;254;190m┃[48;2;254;250;170m[38;2;254;253;182m▝[48;2;185;178;117m[38;2;251;246;172m▌[48;2;181;179;137m[38;2;182;179;129m▎[48;2;184;184;133m[38;2;184;183;137m▊[48;2;191;185;128m[38;2;185;184;131m▌[48;2;194;189;130m[38;2;193;189;127m▇[48;2;202;194;129m[38;2;196;191;127m▖[48;2;212;204;125m[38;2;206;199;128m▊[48;2;217;212;121m[38;2;213;206;123m▌[48;2;231;227;123m[38;2;223;220;121m▌[48;2;237;236;121m[38;2;233;234;113m▝[48;2;248;242;115m[38;2;0;0;0m [48;2;238;211;83m[38;2;253;234;121m▌[48;2;241;204;77m[38;2;231;198;67m▄[48;2;237;199;74m[38;2;232;201;63m▃[48;2;235;193;74m[38;2;248;216;67m▃[48;2;234;198;61m[38;2;241;215;92m▁[48;2;216;193;67m[38;2;234;222;143m▁[48;2;214;180;72m[38;2;0;0;0m [48;2;197;166;53m[38;2;211;188;65m▁[48;2;183;154;48m[38;2;0;0;0m [48;2;174;146;56m[38;2;207;182;82m▁[48;2;157;137;54m[38;2;184;167;88m▗[48;2;191;176;98m[38;2;0;0;0m [48;2;181;168;104m[38;2;189;175;104m▊[48;2;161;151;102m[38;2;171;160;101m▌[48;2;149;139;105m[38;2;150;140;104m▄[48;2;135;126;106m[38;2;143;133;107m▌[48;2;121;119;103m[38;2;129;125;108m▄[48;2;108;115;106m[38;2;116;117;108m▌[48;2;105;117;118m[38;2;97;111;112m━[48;2;93;109;115m[38;2;87;105;111m┏[48;2;82;105;117m[38;2;80;101;109m▅[48;2;74;97;111m[38;2;85;107;118m╸[48;2;68;93;116m[38;2;74;99;116m▅[48;2;67;92;118m[38;2;75;101;123m▅[48;2;63;92;120m[38;2;78;104;130m▅[48;2;64;92;128m[38;2;73;99;129m▆[48;2;68;99;132m[38;2;73;105;135m▖[48;2;62;96;131m[38;2;65;100;134m▊[48;2;60;96;130m[38;2;60;97;131m▄[48;2;64;102;136m[38;2;58;95;130m▊[48;2;58;95;131m[38;2;58;96;129m▄[48;2;58;95;131m[38;2;59;97;130m┳[0m
[48;2;87;159;212m[38;2;93;165;218m━[48;2;90;162;215m[38;2;96;168;221m▂[48;2;85;157;210m[38;2;92;164;217m▄[48;2;91;163;215m[38;2;96;169;221m┗[48;2;89;160;209m[38;2;98;168;218m▃[48;2;90;161;211m[38;2;93;163;213m▄[48;2;92;162;212m[38;2;90;160;210m▄[48;2;84;155;204m[38;2;93;163;213m▖[48;2;89;158;201m[38;2;82;152;194m▃[48;2;87;154;194m[38;2;94;162;202m┳[48;2;86;151;192m[38;2;91;156;196m▃[48;2;94;155;197m[38;2;91;152;193m▇[48;2;93;154;190m[38;2;95;156;192m▄[48;2;95;157;190m[38;2;88;149;182m▆[48;2;87;145;180m[38;2;89;147;182m▄[48;2;87;139;174m[38;2;83;136;170m▝[48;2;82;134;170m[38;2;89;141;176m▊[48;2;82;131;168m[38;2;85;134;172m▄[48;2;85;132;166m[38;2;96;142;176m▁[48;2;89;134;164m[38;2;99;143;173m▄[48;2;109;151;176m[38;2;113;155;180m▄[48;2;109;149;171m[38;2;115;155;178m▄[48;2;112;150;172m[38;2;116;154;177m▂[48;2;118;155;170m[38;2;113;151;166m▂[48;2;116;150;161m[38;2;119;158;168m▌[48;2;125;153;164m[38;2;120;154;164m▌[48;2;123;151;158m[38;2;125;152;161m▄[48;2;128;155;161m[38;2;131;159;164m▁[48;2;132;159;162m[38;2;136;165;167m┓[48;2;135;156;154m[38;2;137;163;163m▎[48;2;141;162;160m[38;2;136;156;153m▃[48;2;143;161;157m[38;2;139;156;152m▂[48;2;145;156;149m[38;2;149;161;150m▗[48;2;146;160;150m[38;2;152;164;152m▂[48;2;157;166;123m[38;2;148;161;144m▌[48;2;238;238;159m[38;2;251;253;188m┃[48;2;254;248;171m[38;2;251;250;174m▄[48;2;181;175;122m[38;2;236;230;165m▌[48;2;181;179;140m[38;2;182;179;134m▎[48;2;185;183;137m[38;2;180;178;136m▖[48;2;191;185;129m[38;2;185;184;131m▌[48;2;192;189;127m[38;2;194;191;128m▁[48;2;201;193;127m[38;2;195;190;127m▌[48;2;213;205;126m[38;2;207;199;128m▊[48;2;221;216;125m[38;2;215;208;125m▌[48;2;234;228;122m[38;2;227;224;121m▊[48;2;236;234;119m[38;2;231;235;115m▗[48;2;244;244;116m[38;2;235;241;117m▄[48;2;233;218;92m[38;2;251;248;123m▆[48;2;226;202;69m[38;2;254;243;138m▖[48;2;252;247;128m[38;2;237;214;83m▊[48;2;252;237;83m[38;2;244;254;155m▇[48;2;250;239;136m[38;2;242;254;192m▇[48;2;245;250;233m[38;2;0;0;0m [48;2;236;236;148m[38;2;249;252;218m▊[48;2;246;252;172m[38;2;230;229;122m▌[48;2;241;224;104m[38;2;249;245;146m▌[48;2;180;159;55m[38;2;229;208;97m▌[48;2;195;180;83m[38;2;146;127;32m▘[48;2;203;191;104m[38;2;216;206;111m╸[48;2;184;173;97m[38;2;191;181;99m▌[48;2;168;159;98m[38;2;180;170;100m▎[48;2;155;147;107m[38;2;155;149;101m▆[48;2;147;138;109m[38;2;136;126;105m▝[48;2;127;124;108m[38;2;132;127;110m▌[48;2;106;114;103m[38;2;117;119;110m▌[48;2;102;116;116m[38;2;99;113;113m▄[48;2;94;111;116m[38;2;100;117;123m▃[48;2;87;109;117m[38;2;98;119;127m▂[48;2;83;106;118m[38;2;91;113;125m▅[48;2;87;111;128m[38;2;82;107;125m▗[48;2;79;105;126m[38;2;82;107;131m▗[48;2;75;101;128m[38;2;79;108;130m▌[48;2;68;96;128m[38;2;74;100;128m▊[48;2;63;94;126m[38;2;0;0;0m [48;2;61;95;130m[38;2;0;0;0m [48;2;62;99;132m[38;2;55;93;126m▂[48;2;61;99;132m[38;2;59;97;130m▄[48;2;57;95;128m[38;2;60;98;131m▊[48;2;58;96;129m[38;2;59;97;130m▖[0m
[48;2;91;163;216m[38;2;89;162;212m▄[48;2;92;164;217m[38;2;88;161;211m▄[48;2;88;160;212m[38;2;91;164;213m▂[48;2;91;164;216m[38;2;86;160;209m▄[48;2;93;164;214m[38;2;88;161;211m▅[48;2;91;162;212m[38;2;87;157;207m▗[48;2;88;158;208m[38;2;95;162;211m▗[48;2;90;160;209m[38;2;86;151;201m▃[48;2;82;150;193m[38;2;80;146;188m▄[48;2;85;152;192m[38;2;80;144;185m▄[48;2;81;145;186m[38;2;74;136;178m▄[48;2;94;155;197m[38;2;81;139;180m▆[48;2;96;157;193m[38;2;88;145;182m▅[48;2;99;157;191m[38;2;89;148;182m▎[48;2;89;147;181m[38;2;94;150;183m▄[48;2;99;153;188m[38;2;105;161;195m▃[48;2;95;147;182m[38;2;96;150;184m▄[48;2;95;143;182m[38;2;107;151;189m▗[48;2;102;147;183m[38;2;112;159;191m▝[48;2;105;149;179m[38;2;112;156;188m▘[48;2;113;156;182m[38;2;122;165;189m▝[48;2;105;148;172m[38;2;122;163;185m▘[48;2;113;151;174m[38;2;113;153;177m▄[48;2;119;155;173m[38;2;111;149;170m▖[48;2;120;156;166m[38;2;123;157;171m▄[48;2;128;160;165m[38;2;0;0;0m [48;2;139;169;171m[38;2;0;0;0m [48;2;129;156;160m[38;2;124;152;155m┓[48;2;129;155;158m[38;2;122;145;151m▄[48;2;128;151;152m[38;2;120;144;150m▂[48;2;138;159;159m[38;2;127;149;150m▌[48;2;140;157;152m[38;2;138;157;155m▄[48;2;144;154;147m[38;2;145;156;151m▊[48;2;147;158;146m[38;2;145;155;145m▄[48;2;153;162;143m[38;2;154;160;124m▝[48;2;228;231;171m[38;2;154;163;136m▄[48;2;219;221;147m[38;2;161;166;125m▇[48;2;158;163;137m[38;2;154;161;129m▎[48;2;174;175;134m[38;2;167;171;138m▌[48;2;179;179;132m[38;2;170;174;131m▖[48;2;183;184;131m[38;2;191;185;130m▝[48;2;192;189;128m[38;2;185;186;128m▖[48;2;200;192;127m[38;2;192;188;126m▖[48;2;209;200;125m[38;2;204;196;125m▊[48;2;214;206;122m[38;2;211;203;120m▃[48;2;226;220;121m[38;2;219;213;119m▌[48;2;230;229;118m[38;2;225;222;116m▁[48;2;233;237;115m[38;2;228;232;114m▎[48;2;247;250;117m[38;2;238;242;116m▌[48;2;253;252;127m[38;2;253;242;140m▝[48;2;225;211;67m[38;2;254;250;137m▖[48;2;242;246;129m[38;2;228;222;72m▌[48;2;240;254;140m[38;2;237;255;176m▝[48;2;245;254;216m[38;2;238;255;147m▄[48;2;197;184;58m[38;2;247;250;174m▊[48;2;250;250;153m[38;2;203;194;49m▌[48;2;248;239;121m[38;2;202;183;55m▗[48;2;174;158;43m[38;2;188;172;68m▗[48;2;218;207;102m[38;2;0;0;0m [48;2;202;189;100m[38;2;210;201;101m▌[48;2;189;176;96m[38;2;197;184;98m▌[48;2;167;157;100m[38;2;177;165;98m▊[48;2;154;146;103m[38;2;159;151;101m▊[48;2;145;137;106m[38;2;151;141;109m▄[48;2;131;126;107m[38;2;146;142;116m▄[48;2;120;123;113m[38;2;130;131;119m▅[48;2;113;125;127m[38;2;119;125;124m▌[48;2;103;119;126m[38;2;109;122;128m▌[48;2;96;119;127m[38;2;101;120;128m▌[48;2;89;111;124m[38;2;94;116;128m▄[48;2;86;111;128m[38;2;85;109;124m╸[48;2;81;107;129m[38;2;85;111;132m▃[48;2;76;102;128m[38;2;78;106;129m▎[48;2;70;98;129m[38;2;75;100;128m▊[48;2;64;95;128m[38;2;70;100;130m▘[48;2;60;95;129m[38;2;59;93;128m▁[48;2;53;91;124m[38;2;58;95;128m▅[48;2;59;97;130m[38;2;55;93;126m▅[48;2;60;98;131m[38;2;61;99;132m▄[48;2;59;97;130m[38;2;54;92;125m▗[0m
[48;2;85;158;208m[38;2;91;163;213m▎[48;2;86;159;209m[38;2;85;158;208m▄[48;2;87;160;210m[38;2;88;161;211m▄[48;2;87;161;211m[38;2;82;158;206m▝[48;2;86;160;209m[38;2;91;164;214m┏[48;2;85;156;206m[38;2;87;158;208m▄[48;2;88;156;205m[38;2;94;160;209m╵[48;2;82;147;197m[38;2;76;139;189m▗[48;2;74;140;182m[38;2;83;148;191m┓[48;2;69;135;175m[38;2;79;143;183m▗[48;2;77;139;180m[38;2;69;131;172m▅[48;2;84;142;183m[38;2;72;131;172m▅[48;2;82;140;177m[38;2;81;139;175m▄[48;2;82;138;172m[38;2;78;134;168m▄[48;2;102;158;192m[38;2;94;150;184m▆[48;2;98;154;188m[38;2;90;146;180m▘[48;2;93;149;183m[38;2;98;154;188m▅[48;2;97;147;185m[38;2;96;149;186m▄[48;2;96;148;181m[38;2;104;153;190m▘[48;2;104;151;181m[38;2;98;148;177m▄[48;2;110;155;180m[38;2;104;152;176m▄[48;2;112;157;183m[38;2;0;0;0m [48;2;110;149;175m[38;2;115;156;183m╸[48;2;114;151;171m[38;2;113;150;170m▄[48;2;120;154;165m[38;2;120;156;171m▌[48;2;168;201;201m[38;2;120;154;158m▊[48;2;125;157;158m[38;2;203;238;237m▎[48;2;130;158;162m[38;2;125;152;159m┏[48;2;117;142;151m[38;2;125;150;159m▌[48;2;121;144;150m[38;2;119;143;151m▄[48;2;132;156;157m[38;2;126;147;152m▌[48;2;138;156;156m[38;2;138;157;157m▄[48;2;144;155;152m[38;2;148;159;156m─[48;2;147;156;146m[38;2;146;155;146m▄[48;2;148;158;143m[38;2;150;158;147m▃[48;2;147;154;138m[38;2;156;164;146m▘[48;2;153;159;135m[38;2;144;149;131m▆[48;2;159;161;134m[38;2;152;157;135m▎[48;2;168;172;136m[38;2;161;166;134m▎[48;2;174;176;133m[38;2;176;174;138m▁[48;2;179;178;130m[38;2;174;176;129m▌[48;2;182;180;129m[38;2;178;175;129m▖[48;2;192;185;129m[38;2;194;185;123m▝[48;2;198;188;123m[38;2;206;196;126m▝[48;2;208;199;120m[38;2;201;190;117m▅[48;2;211;202;116m[38;2;207;196;116m▄[48;2;213;206;112m[38;2;221;218;113m▝[48;2;222;220;113m[38;2;230;229;114m▝[48;2;236;232;114m[38;2;226;220;113m▁[48;2;249;247;118m[38;2;238;234;113m▃[48;2;251;242;121m[38;2;252;239;113m╵[48;2;207;183;61m[38;2;251;231;126m▖[48;2;238;234;108m[38;2;196;178;63m▃[48;2;244;255;140m[38;2;253;247;117m▆[48;2;200;176;51m[38;2;251;240;131m▌[48;2;240;220;122m[38;2;201;174;56m▌[48;2;180;160;47m[38;2;0;0;0m [48;2;221;204;103m[38;2;184;167;58m▎[48;2;211;198;104m[38;2;223;208;110m▎[48;2;200;188;102m[38;2;0;0;0m [48;2;187;175;98m[38;2;197;187;113m▂[48;2;175;164;101m[38;2;184;173;117m▄[48;2;169;157;113m[38;2;171;160;122m▆[48;2;153;147;117m[38;2;166;157;124m▎[48;2;136;139;113m[38;2;144;142;114m▌[48;2;123;130;119m[38;2;130;135;118m▌[48;2;115;123;123m[38;2;116;129;130m▅[48;2;106;122;128m[38;2;102;120;126m▃[48;2;99;121;129m[38;2;105;123;132m▘[48;2;92;115;128m[38;2;99;120;132m▖[48;2;87;112;128m[38;2;82;106;124m▗[48;2;84;110;131m[38;2;80;106;128m▇[48;2;76;102;128m[38;2;79;107;129m▘[48;2;71;98;129m[38;2;75;100;127m▌[48;2;66;96;130m[38;2;66;98;128m▌[48;2;61;95;130m[38;2;65;100;135m▗[48;2;57;94;127m[38;2;53;91;124m┓[48;2;53;91;124m[38;2;51;89;121m▁[48;2;57;95;128m[38;2;50;88;121m▃[48;2;58;96;129m[38;2;61;99;132m▂[0m
[48;2;91;164;214m[38;2;99;172;221m┳[48;2;86;160;210m[38;2;93;166;216m╴[48;2;91;164;214m[38;2;87;161;211m▄[48;2;82;159;207m[38;2;87;161;211m▌[48;2;83;159;208m[38;2;88;162;212m┃[48;2;84;158;207m[38;2;89;160;210m┗[48;2;86;154;204m[38;2;90;162;212m▖[48;2;76;140;191m[38;2;88;155;205m▆[48;2;78;146;185m[38;2;85;151;196m▌[48;2;78;143;183m[38;2;86;153;193m▁[48;2;76;137;179m[38;2;89;153;194m▖[48;2;78;136;177m[38;2;71;131;172m▅[48;2;76;136;171m[38;2;0;0;0m [48;2;79;138;171m[38;2;84;148;183m▁[48;2;96;154;188m[38;2;87;144;177m▘[48;2;99;155;189m[38;2;90;147;183m▂[48;2;102;159;194m[38;2;96;153;187m▊[48;2;96;153;188m[38;2;105;161;194m▅[48;2;109;159;185m[38;2;0;0;0m [48;2;116;166;187m[38;2;206;232;235m▁[48;2;104;157;179m[38;2;110;164;193m▗[48;2;110;155;181m[38;2;106;153;180m▄[48;2;106;147;172m[38;2;97;140;164m▃[48;2;120;156;176m[38;2;112;152;172m▌[48;2;120;155;168m[38;2;115;152;166m▄[48;2;123;159;167m[38;2;0;0;0m [48;2;127;160;168m[38;2;0;0;0m [48;2;130;159;168m[38;2;120;150;162m▄[48;2;113;141;154m[38;2;122;150;162m▎[48;2;114;143;151m[38;2;120;144;152m▝[48;2;133;157;158m[38;2;123;149;152m▌[48;2;136;155;153m[38;2;140;157;158m▘[48;2;140;150;147m[38;2;140;152;146m▄[48;2;143;151;143m[38;2;143;153;143m▄[48;2;150;156;146m[38;2;142;148;139m▅[48;2;143;149;137m[38;2;146;152;142m▌[48;2;146;151;136m[38;2;141;147;134m▖[48;2;154;156;134m[38;2;147;151;133m▅[48;2;164;164;135m[38;2;158;160;134m▎[48;2;169;169;134m[38;2;175;173;136m┗[48;2;178;176;134m[38;2;174;171;132m▄[48;2;183;180;133m[38;2;178;174;131m▆[48;2;185;175;125m[38;2;177;170;124m▖[48;2;189;177;118m[38;2;184;175;119m▃[48;2;196;184;116m[38;2;189;180;113m▃[48;2;203;190;113m[38;2;198;186;112m▆[48;2;206;195;112m[38;2;198;188;111m▃[48;2;213;205;115m[38;2;206;199;111m▌[48;2;222;214;114m[38;2;216;206;111m▅[48;2;232;224;112m[38;2;223;212;107m▄[48;2;238;230;109m[38;2;227;215;105m▂[48;2;239;229;111m[38;2;0;0;0m [48;2;175;154;52m[38;2;219;198;103m▃[48;2;232;214;106m[38;2;151;126;36m▅[48;2;210;181;84m[38;2;143;118;44m▆[48;2;173;146;66m[38;2;130;107;41m▅[48;2;212;193;101m[38;2;157;136;52m▌[48;2;222;205;108m[38;2;223;206;108m▄[48;2;211;193;105m[38;2;216;197;112m▆[48;2;200;188;114m[38;2;206;191;111m▌[48;2;193;184;114m[38;2;182;174;113m▂[48;2;173;165;118m[38;2;184;174;118m▘[48;2;159;154;124m[38;2;167;160;123m▌[48;2;142;145;119m[38;2;152;149;122m▊[48;2;132;139;118m[38;2;141;144;117m▘[48;2;118;129;121m[38;2;124;134;118m▌[48;2;108;127;128m[38;2;114;131;128m▘[48;2;96;117;125m[38;2;101;120;126m▊[48;2;95;116;126m[38;2;96;119;131m▗[48;2;92;116;129m[38;2;86;111;129m▗[48;2;81;106;127m[38;2;86;111;126m▘[48;2;80;105;128m[38;2;76;103;128m▄[48;2;76;103;128m[38;2;72;102;129m▃[48;2;70;99;130m[38;2;72;98;127m▊[48;2;67;98;131m[38;2;71;102;132m▖[48;2;64;98;134m[38;2;62;96;131m▆[48;2;54;92;125m[38;2;61;98;132m▌[48;2;52;90;121m[38;2;55;90;115m▂[48;2;48;86;118m[38;2;0;0;0m [48;2;56;94;128m[38;2;46;86;123m▖[0m
[48;2;86;162;211m[38;2;80;157;206m▖[48;2;84;161;209m[38;2;81;158;206m▘[48;2;87;164;212m[38;2;0;0;0m [48;2;88;167;214m[38;2;101;179;226m▖[48;2;83;162;210m[38;2;94;171;219m▝[48;2;89;163;212m[38;2;87;161;210m▄[48;2;88;158;208m[38;2;85;156;206m▄[48;2;89;160;209m[38;2;95;165;214m▗[48;2;87;157;198m[38;2;94;166;210m▖[48;2;89;156;196m[38;2;95;163;204m▌[48;2;79;144;184m[38;2;87;152;192m▅[48;2;65;128;169m[38;2;85;146;187m▅[48;2;86;149;186m[38;2;84;147;184m▄[48;2;91;155;190m[38;2;101;165;201m▂[48;2;96;156;191m[38;2;90;150;186m▚[48;2;93;151;188m[38;2;99;157;194m▚[48;2;96;151;184m[38;2;97;152;189m▖[48;2;126;165;187m[38;2;100;150;179m▊[48;2;178;204;216m[38;2;230;243;243m▆[48;2;185;218;219m[38;2;242;251;244m▊[48;2;106;157;186m[38;2;131;171;181m▎[48;2;95;141;168m[38;2;105;158;190m▎[48;2;97;140;161m[38;2;96;139;166m▌[48;2;106;148;167m[38;2;108;150;169m▄[48;2;109;148;163m[38;2;113;156;170m▌[48;2;110;147;164m[38;2;119;152;173m▗[48;2;118;153;168m[38;2;112;148;162m▃[48;2;119;149;161m[38;2;121;156;168m▘[48;2;110;141;148m[38;2;121;149;157m▌[48;2;111;144;149m[38;2;112;143;150m▄[48;2;126;154;156m[38;2;114;145;149m▌[48;2;132;152;151m[38;2;128;152;153m▌[48;2;137;152;147m[38;2;134;153;151m▂[48;2;138;150;142m[38;2;141;155;152m▃[48;2;139;151;144m[38;2;144;156;145m▝[48;2;138;149;138m[38;2;147;158;146m▘[48;2;141;149;135m[38;2;134;144;132m▂[48;2;142;149;130m[38;2;139;147;132m▃[48;2;158;161;136m[38;2;147;154;132m▎[48;2;164;165;135m[38;2;158;161;135m▃[48;2;165;164;130m[38;2;160;161;130m┓[48;2;171;168;128m[38;2;164;163;129m▃[48;2;173;168;123m[38;2;165;161;123m▅[48;2;174;166;119m[38;2;170;164;125m▂[48;2;182;175;114m[38;2;175;169;119m▃[48;2;188;179;109m[38;2;182;176;112m▅[48;2;195;186;111m[38;2;188;179;112m▄[48;2;201;189;112m[38;2;193;181;112m▃[48;2;209;196;111m[38;2;197;185;110m▂[48;2;217;204;108m[38;2;206;193;108m▃[48;2;227;213;108m[38;2;213;200;106m▅[48;2;227;209;110m[38;2;214;200;109m▃[48;2;196;176;91m[38;2;229;209;117m▊[48;2;127;107;36m[38;2;0;0;0m [48;2;105;89;42m[38;2;31;25;5m▂[48;2;110;96;42m[38;2;25;21;3m▄[48;2;197;183;109m[38;2;0;0;0m [48;2;215;197;105m[38;2;205;189;108m▃[48;2;205;188;112m[38;2;196;180;114m▃[48;2;193;182;118m[38;2;181;171;117m▂[48;2;179;172;117m[38;2;171;164;117m▂[48;2;168;164;123m[38;2;156;153;118m▁[48;2;153;152;121m[38;2;148;146;122m▄[48;2;136;141;126m[38;2;145;146;126m▌[48;2;121;130;123m[38;2;127;135;124m▌[48;2;112;126;126m[38;2;118;127;124m▌[48;2;106;122;130m[38;2;110;125;130m▌[48;2;101;121;130m[38;2;97;118;127m▃[48;2;89;114;127m[38;2;97;119;132m▘[48;2;85;110;128m[38;2;90;115;130m▘[48;2;78;103;130m[38;2;79;104;126m▌[48;2;73;102;127m[38;2;76;102;129m▊[48;2;76;102;129m[38;2;72;104;126m▌[48;2;71;98;127m[38;2;76;101;129m▘[48;2;68;99;131m[38;2;70;101;131m▖[48;2;63;98;132m[38;2;61;95;131m▄[48;2;68;95;125m[38;2;0;0;0m [48;2;61;82;102m[38;2;164;173;165m▂[48;2;53;82;117m[38;2;117;134;145m▖[48;2;43;78;132m[38;2;40;77;130m▄[0m
[48;2;85;162;210m[38;2;98;175;222m▅[48;2;90;167;215m[38;2;95;171;216m▄[48;2;99;175;223m[38;2;88;168;213m▃[48;2;88;169;217m[38;2;96;173;221m▘[48;2;89;167;215m[38;2;87;166;214m▄[48;2;89;162;212m[38;2;91;167;215m▎[48;2;94;164;215m[38;2;94;165;215m▄[48;2;83;153;202m[38;2;92;162;212m▎[48;2;90;160;203m[38;2;88;157;197m▝[48;2;93;159;199m[38;2;88;156;196m▌[48;2;95;161;201m[38;2;96;161;201m▄[48;2;94;156;197m[38;2;93;153;195m▄[48;2;86;148;185m[38;2;92;155;192m▃[48;2;88;152;188m[38;2;95;159;195m▘[48;2;90;151;187m[38;2;94;157;193m▖[48;2;99;156;193m[38;2;96;154;191m▌[48;2;100;156;191m[38;2;95;153;189m▄[48;2;128;168;181m[38;2;105;155;182m▊[48;2;246;253;239m[38;2;199;223;227m▎[48;2;186;217;210m[38;2;247;251;231m▊[48;2;102;157;187m[38;2;127;172;178m▎[48;2;93;138;165m[38;2;96;147;179m▌[48;2;96;140;163m[38;2;95;137;163m▁[48;2;108;150;169m[38;2;101;143;162m▄[48;2;104;144;160m[38;2;112;154;170m▌[48;2;107;144;162m[38;2;104;140;160m▂[48;2;116;150;165m[38;2;107;143;159m▌[48;2;112;144;157m[38;2;119;148;160m▝[48;2;112;141;150m[38;2;120;146;157m▎[48;2;110;142;150m[38;2;0;0;0m [48;2;125;154;161m[38;2;112;143;152m▌[48;2;125;149;154m[38;2;123;148;156m▄[48;2;130;148;151m[38;2;127;149;153m▄[48;2;136;153;152m[38;2;133;149;150m▇[48;2;136;152;149m[38;2;135;153;153m▄[48;2;134;146;140m[38;2;138;152;148m▊[48;2;129;142;130m[38;2;138;150;142m▅[48;2;142;152;139m[38;2;138;150;139m▄[48;2;149;158;139m[38;2;140;150;136m▄[48;2;147;153;132m[38;2;152;158;142m▂[48;2;153;155;130m[38;2;148;152;131m▎[48;2;155;156;129m[38;2;0;0;0m [48;2;161;158;128m[38;2;154;151;127m▄[48;2;165;158;125m[38;2;162;156;129m▅[48;2;165;160;122m[38;2;173;165;121m▝[48;2;175;168;117m[38;2;170;164;120m▄[48;2;179;172;114m[38;2;175;168;118m▄[48;2;187;176;115m[38;2;176;166;116m▂[48;2;191;179;112m[38;2;183;172;113m▖[48;2;201;189;111m[38;2;189;177;107m▄[48;2;203;190;107m[38;2;194;182;107m▄[48;2;205;192;111m[38;2;193;183;109m▄[48;2;214;199;129m[38;2;203;188;115m▊[48;2;38;33;15m[38;2;183;169;104m▎[48;2;0;0;0m[38;2;17;13;1m [48;2;0;0;0m[38;2;0;0;0m [48;2;189;179;124m[38;2;40;37;18m▎[48;2;197;183;114m[38;2;184;172;115m▅[48;2;188;172;119m[38;2;176;162;118m▅[48;2;174;165;119m[38;2;164;157;117m▅[48;2;155;151;115m[38;2;163;158;117m▌[48;2;150;147;119m[38;2;140;139;114m▃[48;2;139;138;122m[38;2;128;129;119m▄[48;2;131;135;127m[38;2;120;126;122m▅[48;2;115;129;128m[38;2;125;135;130m▘[48;2;111;128;130m[38;2;107;122;128m▅[48;2;100;119;133m[38;2;106;122;131m▘[48;2;91;114;131m[38;2;97;115;133m▘[48;2;85;110;124m[38;2;88;114;127m▘[48;2;83;108;125m[38;2;78;103;124m▂[48;2;80;105;129m[38;2;84;108;134m▂[48;2;72;101;125m[38;2;74;100;127m▊[48;2;75;101;128m[38;2;70;102;125m▌[48;2;73;99;128m[38;2;69;97;126m▂[48;2;65;95;130m[38;2;64;96;126m▊[48;2;61;95;129m[38;2;64;96;131m▎[48;2;76;103;116m[38;2;65;97;126m▎[48;2;162;181;166m[38;2;84;102;120m▂[48;2;58;85;100m[38;2;0;0;0m [48;2;41;83;117m[38;2;38;75;124m▃[0m
[48;2;122;188;220m[38;2;180;227;248m┏[48;2;106;179;205m[38;2;189;231;248m▆[48;2;91;167;203m[38;2;0;0;0m [48;2;80;166;222m[38;2;86;155;214m▄[48;2;89;167;214m[38;2;84;161;214m▌[48;2;92;165;215m[38;2;86;162;210m▌[48;2;92;163;213m[38;2;98;169;220m┓[48;2;89;158;207m[38;2;84;153;202m▄[48;2;94;158;197m[38;2;82;150;192m▘[48;2;77;141;177m[38;2;86;152;189m▎[48;2;87;150;187m[38;2;109;174;206m▗[48;2;90;153;190m[38;2;99;161;197m▎[48;2;84;151;186m[38;2;97;167;202m▝[48;2;89;158;192m[38;2;95;167;201m▘[48;2;89;152;187m[38;2;90;152;188m▄[48;2;81;135;173m[38;2;91;148;186m▌[48;2;84;136;174m[38;2;78;136;172m▃[48;2;115;154;168m[38;2;98;145;175m▊[48;2;222;239;236m[38;2;147;181;196m▁[48;2;210;227;225m[38;2;118;152;169m▃[48;2;94;144;178m[38;2;109;152;172m▎[48;2;90;134;172m[38;2;92;141;179m▎[48;2;91;132;165m[38;2;92;133;169m▄[48;2;104;142;171m[38;2;106;144;176m┫[48;2;108;146;173m[38;2;104;141;166m▝[48;2;100;139;160m[38;2;105;144;167m▅[48;2;111;145;167m[38;2;102;141;165m▅[48;2;111;144;167m[38;2;104;140;163m▂[48;2;103;134;157m[38;2;112;143;166m▎[48;2;111;139;154m[38;2;105;135;155m▆[48;2;119;145;158m[38;2;109;136;151m▊[48;2;121;145;157m[38;2;114;140;152m▃[48;2;128;150;156m[38;2;122;146;153m▃[48;2;126;146;150m[38;2;124;146;152m▄[48;2;129;146;148m[38;2;118;140;145m▂[48;2;132;149;149m[38;2;127;146;148m▄[48;2;138;150;144m[38;2;128;146;143m▅[48;2;136;147;138m[38;2;123;140;135m▃[48;2;140;149;142m[38;2;129;141;137m▃[48;2;151;158;145m[38;2;136;144;136m▇[48;2;142;148;135m[38;2;136;144;133m▄[48;2;144;150;137m[38;2;143;146;129m▝[48;2;150;150;127m[38;2;140;143;124m▅[48;2;155;154;128m[38;2;145;147;126m▂[48;2;159;155;123m[38;2;153;153;126m▄[48;2;162;157;122m[38;2;157;154;123m▗[48;2;164;158;119m[38;2;164;160;128m▂[48;2;170;163;121m[38;2;158;153;120m▃[48;2;174;164;115m[38;2;166;157;117m▆[48;2;180;167;112m[38;2;173;163;119m▆[48;2;186;174;118m[38;2;177;166;121m▂[48;2;188;175;115m[38;2;177;167;121m▂[48;2;188;175;125m[38;2;177;167;128m▄[48;2;0;0;0m[38;2;171;158;108m▎[48;2;0;0;0m[38;2;0;0;0m [48;2;0;0;0m[38;2;0;0;0m [48;2;163;154;122m[38;2;11;10;4m▎[48;2;172;160;119m[38;2;161;153;122m▅[48;2;165;156;119m[38;2;152;150;122m▆[48;2;154;155;120m[38;2;139;145;121m▆[48;2;148;152;119m[38;2;138;147;123m▇[48;2;133;142;122m[38;2;127;137;128m▂[48;2;114;123;116m[38;2;121;130;126m▖[48;2;111;122;122m[38;2;103;117;119m▅[48;2;106;120;126m[38;2;98;113;121m▅[48;2;109;126;136m[38;2;97;116;126m▂[48;2;95;114;130m[38;2;100;119;133m▘[48;2;86;107;126m[38;2;91;111;131m▎[48;2;84;105;123m[38;2;82;107;125m▄[48;2;81;105;128m[38;2;76;102;124m▂[48;2;77;102;132m[38;2;83;107;134m▘[48;2;70;97;129m[38;2;72;97;129m━[48;2;69;99;127m[38;2;69;101;131m▆[48;2;64;97;126m[38;2;66;99;128m▎[48;2;65;98;127m[38;2;67;100;129m▖[48;2;66;99;128m[38;2;63;96;124m▄[48;2;60;94;128m[38;2;62;100;134m╵[48;2;64;91;117m[38;2;56;94;131m▆[48;2;48;82;113m[38;2;42;83;125m▃[48;2;43;80;119m[38;2;41;79;117m┓[0m
[48;2;106;176;217m[38;2;0;0;0m [48;2;159;207;231m[38;2;94;167;211m▆[48;2;87;157;196m[38;2;83;169;210m▇[48;2;88;162;211m[38;2;85;158;204m▂[48;2;92;168;217m[38;2;88;164;213m▄[48;2;86;159;209m[38;2;90;167;216m▎[48;2;88;160;209m[38;2;87;158;208m▄[48;2;89;159;208m[38;2;83;154;202m▚[48;2;93;157;194m[38;2;95;166;204m▄[48;2;77;142;177m[38;2;87;154;188m▎[48;2;83;146;182m[38;2;100;163;199m▝[48;2;96;159;194m[38;2;111;166;206m▗[48;2;89;157;192m[38;2;98;155;193m▄[48;2;88;153;189m[38;2;92;155;191m▄[48;2;91;155;191m[38;2;103;166;202m▂[48;2;75;138;173m[38;2;92;154;190m▌[48;2;76;139;172m[38;2;70;136;170m╺[48;2;95;153;187m[38;2;86;149;176m▂[48;2;111;157;186m[38;2;91;147;188m▄[48;2;102;155;189m[38;2;88;145;180m╺[48;2;95;152;188m[38;2;90;150;178m▃[48;2;85;134;172m[38;2;94;146;183m▎[48;2;86;130;166m[38;2;84;131;166m▄[48;2;98;140;172m[38;2;89;134;166m▎[48;2;104;145;171m[38;2;104;147;173m▄[48;2;101;144;166m[38;2;111;153;174m▘[48;2;99;140;162m[38;2;99;144;164m▄[48;2;103;144;165m[38;2;101;142;164m▄[48;2;98;137;158m[38;2;103;141;164m╸[48;2;100;133;155m[38;2;97;133;157m▄[48;2;110;139;161m[38;2;104;134;157m▊[48;2;118;146;160m[38;2;110;139;158m▅[48;2;115;142;153m[38;2;102;131;148m▂[48;2;110;136;147m[38;2;105;133;146m▃[48;2;117;142;151m[38;2;106;136;144m▗[48;2;121;145;151m[38;2;112;142;147m▗[48;2;122;147;149m[38;2;114;141;144m━[48;2;127;148;146m[38;2;116;143;144m▄[48;2;128;143;143m[38;2;121;139;143m▃[48;2;125;139;139m[38;2;132;143;141m┗[48;2;129;139;130m[38;2;129;140;136m▅[48;2;133;140;130m[38;2;130;138;133m▄[48;2;134;141;127m[38;2;132;141;134m▆[48;2;134;143;134m[38;2;141;145;129m▝[48;2;148;150;131m[38;2;138;144;132m▅[48;2;141;145;128m[38;2;150;150;128m▝[48;2;161;158;129m[38;2;147;149;130m▇[48;2;160;158;132m[38;2;147;150;134m▃[48;2;161;158;129m[38;2;147;149;128m▂[48;2;163;159;126m[38;2;151;152;125m▁[48;2;168;163;124m[38;2;157;156;126m▄[48;2;167;162;122m[38;2;158;158;132m▅[48;2;164;159;130m[38;2;153;153;131m▃[48;2;0;0;0m[38;2;157;151;120m▎[48;2;0;0;0m[38;2;0;0;0m [48;2;0;0;0m[38;2;0;0;0m [48;2;158;157;136m[38;2;43;43;37m▌[48;2;149;148;122m[38;2;141;142;125m▂[48;2;143;144;126m[38;2;133;138;127m▅[48;2;131;137;130m[38;2;0;0;0m [48;2;127;134;127m[38;2;127;137;132m▄[48;2;125;135;132m[38;2;119;134;126m▄[48;2;117;131;130m[38;2;105;128;117m▁[48;2;98;115;120m[38;2;110;132;129m▖[48;2;89;108;123m[38;2;92;111;124m▊[48;2;87;106;123m[38;2;86;106;130m▗[48;2;89;111;135m[38;2;82;107;132m▁[48;2;80;106;127m[38;2;82;105;131m▌[48;2;80;106;125m[38;2;76;105;122m▄[48;2;77;103;125m[38;2;76;107;128m▆[48;2;70;103;131m[38;2;75;105;129m▘[48;2;68;101;131m[38;2;62;97;127m▗[48;2;65;99;128m[38;2;69;102;131m┗[48;2;64;97;126m[38;2;65;99;129m▗[48;2;64;97;126m[38;2;64;97;125m▄[48;2;62;95;124m[38;2;0;0;0m [48;2;62;97;127m[38;2;69;98;119m▗[48;2;78;103;112m[38;2;0;0;0m [48;2;62;95;118m[38;2;209;209;164m▄[48;2;51;82;102m[38;2;151;160;139m▖[0m
[48;2;88;164;217m[38;2;100;169;223m▝[48;2;96;168;223m[38;2;87;163;215m▄[48;2;92;173;221m[38;2;83;160;212m▅[48;2;93;164;212m[38;2;81;156;207m▅[48;2;82;157;206m[38;2;89;164;213m▘[48;2;87;160;210m[38;2;94;165;215m┏[48;2;84;152;201m[38;2;88;158;207m▊[48;2;85;155;204m[38;2;82;147;198m▆[48;2;87;163;201m[38;2;86;153;201m▇[48;2;82;152;190m[38;2;85;149;197m▄[48;2;94;152;184m[38;2;95;152;180m▄[48;2;103;150;184m[38;2;209;235;242m▆[48;2;110;165;201m[38;2;188;220;235m▊[48;2;90;150;190m[38;2;82;142;181m▚[48;2;91;153;192m[38;2;100;163;204m▗[48;2;69;135;172m[38;2;85;149;187m▌[48;2;74;140;174m[38;2;65;130;168m▂[48;2;93;156;189m[38;2;80;144;175m▎[48;2;90;153;191m[38;2;102;165;203m╺[48;2;92;154;191m[38;2;91;155;191m▄[48;2;97;156;183m[38;2;95;157;192m▅[48;2;84;137;171m[38;2;90;147;179m▎[48;2;82;133;167m[38;2;82;134;169m▄[48;2;95;140;175m[38;2;84;134;167m▎[48;2;99;144;174m[38;2;90;135;172m▃[48;2;103;147;172m[38;2;97;139;168m▃[48;2;99;145;165m[38;2;99;140;165m▆[48;2;101;142;165m[38;2;107;147;173m▄[48;2;105;144;169m[38;2;97;139;165m▂[48;2;99;137;159m[38;2;107;147;169m▖[48;2;104;138;159m[38;2;101;139;155m▄[48;2;102;134;152m[38;2;0;0;0m [48;2;98;127;145m[38;2;102;133;152m▂[48;2;106;134;149m[38;2;101;130;148m▄[48;2;105;135;147m[38;2;106;135;151m▄[48;2;111;142;149m[38;2;103;133;143m▆[48;2;110;138;145m[38;2;105;133;141m▁[48;2;116;144;147m[38;2;110;139;144m▄[48;2;115;134;141m[38;2;120;140;150m┓[48;2;114;133;139m[38;2;118;140;148m▁[48;2;116;132;135m[38;2;109;128;134m▃[48;2;123;136;134m[38;2;115;133;135m▄[48;2;127;140;137m[38;2;127;146;144m▅[48;2;128;140;138m[38;2;130;147;146m▃[48;2;135;144;137m[38;2;135;145;144m▅[48;2;141;148;139m[38;2;140;146;146m▄[48;2;142;145;138m[38;2;141;147;144m▂[48;2;140;144;135m[38;2;134;139;131m┏[48;2;138;142;128m[38;2;133;138;133m▄[48;2;143;145;128m[38;2;132;138;132m▃[48;2;150;152;136m[38;2;132;137;130m▃[48;2;144;148;134m[38;2;135;139;127m▂[48;2;146;155;144m[38;2;135;143;130m▊[48;2;0;0;0m[38;2;138;139;123m▎[48;2;0;0;0m[38;2;0;0;0m [48;2;0;0;0m[38;2;0;0;0m [48;2;135;144;137m[38;2;36;38;35m▌[48;2;131;136;124m[38;2;118;138;133m▆[48;2;125;135;130m[38;2;115;133;134m▅[48;2;124;134;128m[38;2;0;0;0m [48;2;141;145;108m[38;2;248;239;176m▃[48;2;134;146;121m[38;2;247;246;176m▅[48;2;126;147;129m[38;2;237;244;190m▇[48;2;102;127;122m[38;2;170;184;147m▎[48;2;82;105;122m[38;2;98;119;134m▌[48;2;77;99;122m[38;2;77;102;121m▄[48;2;72;97;123m[38;2;82;108;135m▝[48;2;77;104;130m[38;2;81;109;135m▃[48;2;75;107;128m[38;2;74;107;136m▄[48;2;73;106;132m[38;2;77;111;136m▌[48;2;68;101;131m[38;2;68;101;129m▘[48;2;64;99;132m[38;2;67;101;130m▄[48;2;66;100;131m[38;2;61;97;130m▅[48;2;60;97;132m[38;2;60;96;129m▌[48;2;61;96;129m[38;2;56;94;127m▄[48;2;58;93;125m[38;2;59;97;130m▃[48;2;55;86;94m[38;2;57;92;119m▊[48;2;235;225;159m[38;2;139;151;131m▎[48;2;236;221;143m[38;2;104;116;95m▁[48;2;57;90;109m[38;2;167;172;131m▘[0m
[48;2;82;159;211m[38;2;75;152;204m▅[48;2;75;152;204m[38;2;82;159;211m▝[48;2;84;162;214m[38;2;79;156;208m▆[48;2;77;154;204m[38;2;79;156;207m▄[48;2;89;162;211m[38;2;92;166;215m▄[48;2;96;166;216m[38;2;103;175;226m▎[48;2;80;148;198m[38;2;91;160;210m▌[48;2;82;147;197m[38;2;97;162;211m▁[48;2;97;159;210m[38;2;85;149;199m▆[48;2;86;153;201m[38;2;89;156;201m▄[48;2;87;156;200m[38;2;83;145;184m▝[48;2;166;207;228m[38;2;86;146;193m▆[48;2;87;140;174m[38;2;90;151;197m▅[48;2;93;158;200m[38;2;98;163;203m▄[48;2;84;146;188m[38;2;78;141;181m▄[48;2;71;129;171m[38;2;78;136;177m▖[48;2;72;130;169m[38;2;78;140;175m▗[48;2;83;148;183m[38;2;87;153;189m▄[48;2;85;149;185m[38;2;79;144;180m▄[48;2;74;139;175m[38;2;77;141;177m▄[48;2;84;148;183m[38;2;87;152;187m▄[48;2;80;138;171m[38;2;85;147;178m▎[48;2;75;131;164m[38;2;68;127;161m▂[48;2;91;142;178m[38;2;84;138;172m▊[48;2;97;145;181m[38;2;87;138;173m▂[48;2;97;141;170m[38;2;94;141;170m▄[48;2;99;142;168m[38;2;95;141;168m▄[48;2;95;140;166m[38;2;98;144;170m▄[48;2;103;147;174m[38;2;91;138;165m▅[48;2;105;146;168m[38;2;88;133;158m▄[48;2;94;134;152m[38;2;91;131;155m▄[48;2;94;131;153m[38;2;0;0;0m [48;2;100;132;155m[38;2;91;125;151m▖[48;2;100;132;155m[38;2;91;124;153m▁[48;2;99;132;151m[38;2;98;131;154m▄[48;2;102;134;151m[38;2;93;127;142m━[48;2;100;130;140m[38;2;103;133;149m▃[48;2;102;130;138m[38;2;104;133;145m▄[48;2;110;135;147m[38;2;99;126;143m▃[48;2;108;129;140m[38;2;107;131;147m▄[48;2;114;135;145m[38;2;109;131;140m▘[48;2;123;141;146m[38;2;121;141;149m▄[48;2;128;147;147m[38;2;120;144;148m▆[48;2;125;148;148m[38;2;120;146;150m▂[48;2;127;146;145m[38;2;120;142;145m▅[48;2;133;148;148m[38;2;122;141;145m▄[48;2;127;141;143m[38;2;134;144;143m▝[48;2;135;144;141m[38;2;124;141;140m▅[48;2;129;138;135m[38;2;130;145;145m▅[48;2;124;136;134m[38;2;119;136;135m┏[48;2;123;131;127m[38;2;113;127;128m▅[48;2;130;135;127m[38;2;115;127;128m▆[48;2;125;141;140m[38;2;140;155;150m▝[48;2;0;0;0m[38;2;133;146;141m▎[48;2;0;0;0m[38;2;0;0;0m [48;2;0;0;0m[38;2;0;0;0m [48;2;100;114;115m[38;2;19;21;21m▌[48;2;114;137;138m[38;2;107;129;135m▅[48;2;111;129;134m[38;2;104;124;134m▄[48;2;214;212;163m[38;2;106;121;116m▌[48;2;255;245;170m[38;2;255;246;190m▎[48;2;254;250;175m[38;2;255;248;165m▗[48;2;254;249;171m[38;2;254;247;175m▄[48;2;105;131;125m[38;2;215;221;173m▎[48;2;87;116;130m[38;2;98;126;137m▊[48;2;72;103;120m[38;2;80;109;126m▎[48;2;71;98;125m[38;2;65;96;121m▆[48;2;67;100;125m[38;2;75;108;132m▝[48;2;71;104;132m[38;2;68;102;131m┗[48;2;69;102;131m[38;2;67;100;129m▄[48;2;64;96;125m[38;2;63;96;125m▄[48;2;66;99;128m[38;2;63;96;125m▁[48;2;65;102;133m[38;2;59;97;130m▝[48;2;60;98;131m[38;2;56;94;127m▚[48;2;55;93;126m[38;2;56;94;127m▄[48;2;56;94;127m[38;2;55;93;126m▝[48;2;56;91;126m[38;2;51;87;124m╹[48;2;129;147;137m[38;2;64;91;119m▇[48;2;64;87;98m[38;2;52;85;124m▆[48;2;30;70;117m[38;2;44;72;103m▂[0m
[48;2;83;146;197m[38;2;88;90;110m▁[48;2;89;155;206m[38;2;0;0;0m [48;2;86;163;213m[38;2;101;168;213m▁[48;2;82;161;210m[38;2;89;172;214m▗[48;2;88;164;212m[38;2;91;168;215m▗[48;2;92;164;214m[38;2;78;154;203m▖[48;2;93;162;212m[38;2;86;158;208m▄[48;2;75;145;194m[38;2;86;153;203m┛[48;2;85;154;203m[38;2;72;144;194m▄[48;2;82;151;196m[38;2;94;162;207m▗[48;2;94;161;198m[38;2;85;151;195m▄[48;2;89;153;199m[38;2;85;150;197m▄[48;2;96;154;203m[38;2;96;158;204m▄[48;2;82;141;183m[38;2;97;160;201m▄[48;2;87;149;190m[38;2;81;140;181m▄[48;2;68;131;172m[38;2;78;140;181m▅[48;2;65;129;168m[38;2;72;139;175m╹[48;2;69;136;171m[38;2;67;134;173m▄[48;2;75;139;177m[38;2;80;144;185m▂[48;2;79;144;179m[38;2;78;140;181m▄[48;2;77;140;177m[38;2;97;155;194m▂[48;2;78;140;173m[38;2;95;155;191m▄[48;2;77;137;172m[38;2;93;152;187m━[48;2;87;143;177m[38;2;78;134;170m▅[48;2;77;131;166m[38;2;81;134;170m▄[48;2;83;133;163m[38;2;90;138;169m╵[48;2;95;143;169m[38;2;83;131;161m▃[48;2;94;143;165m[38;2;83;131;159m▆[48;2;86;135;161m[38;2;87;132;161m▄[48;2;83;129;157m[38;2;86;130;165m▃[48;2;88;129;160m[38;2;97;137;169m╴[48;2;97;135;163m[38;2;83;122;154m▄[48;2;88;123;153m[38;2;97;133;162m▘[48;2;92;127;156m[38;2;89;126;153m▄[48;2;89;126;150m[38;2;98;137;159m▖[48;2;96;131;153m[38;2;89;126;149m▄[48;2;97;129;150m[38;2;93;125;148m▊[48;2;101;130;146m[38;2;102;133;154m▄[48;2;107;135;155m[38;2;114;149;165m▂[48;2;110;135;156m[38;2;113;144;160m▄[48;2;112;136;151m[38;2;109;138;153m▄[48;2;113;137;150m[38;2;0;0;0m [48;2;113;142;148m[38;2;107;136;147m▆[48;2;113;143;151m[38;2;109;140;149m▎[48;2;117;141;147m[38;2;112;139;147m▆[48;2;116;138;145m[38;2;111;136;143m┏[48;2;116;138;143m[38;2;120;141;148m▊[48;2;119;138;141m[38;2;118;138;145m▅[48;2;121;140;143m[38;2;115;131;139m▅[48;2;113;130;135m[38;2;109;135;137m▗[48;2;102;126;130m[38;2;0;0;0m [48;2;107;124;134m[38;2;99;124;135m▃[48;2;124;144;152m[38;2;104;126;136m▊[48;2;0;0;0m[38;2;55;64;64m▌[48;2;0;0;0m[38;2;0;0;0m [48;2;0;0;0m[38;2;0;0;0m [48;2;90;108;116m[38;2;11;13;14m▊[48;2;104;126;136m[38;2;93;116;135m▂[48;2;105;125;136m[38;2;97;119;134m▅[48;2;202;211;157m[38;2;107;127;116m▊[48;2;254;249;166m[38;2;251;254;195m▎[48;2;255;247;169m[38;2;255;244;183m▃[48;2;254;251;198m[38;2;254;247;175m▊[48;2;117;135;126m[38;2;231;230;179m▎[48;2;88;119;134m[38;2;98;126;138m▎[48;2;70;104;124m[38;2;81;114;132m▌[48;2;60;95;119m[38;2;65;100;126m▗[48;2;60;98;123m[38;2;68;101;130m▖[48;2;70;104;134m[38;2;61;99;135m▂[48;2;70;104;134m[38;2;60;98;135m▃[48;2;69;103;134m[38;2;60;99;136m▂[48;2;66;99;129m[38;2;57;94;131m▃[48;2;66;103;135m[38;2;56;95;131m▄[48;2;55;94;130m[38;2;59;98;132m▌[48;2;56;94;127m[38;2;56;94;132m▄[48;2;51;90;125m[38;2;56;94;128m▘[48;2;58;91;125m[38;2;50;88;128m▆[48;2;56;87;131m[38;2;46;83;131m▅[48;2;52;82;120m[38;2;36;74;114m▂[48;2;45;71;104m[38;2;35;70;110m▅[0m
[48;2;136;99;92m[38;2;114;91;84m▂[48;2;95;96;108m[38;2;139;108;95m▅[48;2;88;132;165m[38;2;115;96;93m▆[48;2;93;143;182m[38;2;121;103;100m▅[48;2;98;155;202m[38;2;96;97;109m▄[48;2;94;153;200m[38;2;96;108;118m▃[48;2;81;139;184m[38;2;78;97;114m▁[48;2;75;143;190m[38;2;87;141;186m▄[48;2;90;154;202m[38;2;79;138;183m▅[48;2;89;149;197m[38;2;107;172;213m▂[48;2;106;166;214m[38;2;82;149;192m▃[48;2;86;147;195m[38;2;69;138;179m▃[48;2;76;142;184m[38;2;83;153;192m▗[48;2;99;165;205m[38;2;83;151;191m▇[48;2;87;150;191m[38;2;96;161;202m▖[48;2;76;136;177m[38;2;94;156;198m▎[48;2;68;130;170m[38;2;79;143;183m▃[48;2;75;142;182m[38;2;92;159;198m▂[48;2;79;143;184m[38;2;84;147;188m▄[48;2;72;132;174m[38;2;86;144;186m▝[48;2;78;137;176m[38;2;78;137;176m▄[48;2;85;147;181m[38;2;76;138;173m▄[48;2;82;141;178m[38;2;107;167;203m▖[48;2;84;137;175m[38;2;72;129;166m▘[48;2;83;134;172m[38;2;89;139;179m▖[48;2;91;143;178m[38;2;85;138;174m▎[48;2;80;131;163m[38;2;79;133;167m▄[48;2;81;129;160m[38;2;76;127;162m▄[48;2;79;123;158m[38;2;87;132;163m╹[48;2;77;121;159m[38;2;83;127;164m╵[48;2;86;127;164m[38;2;75;120;158m▅[48;2;78;118;154m[38;2;76;120;154m▄[48;2;87;127;155m[38;2;79;120;153m▖[48;2;89;127;153m[38;2;100;140;164m▃[48;2;93;133;155m[38;2;92;135;157m▄[48;2;97;136;158m[38;2;92;133;155m▖[48;2;98;132;156m[38;2;103;142;164m▃[48;2;102;133;158m[38;2;105;140;163m▄[48;2;109;146;164m[38;2;97;137;158m▆[48;2;100;138;157m[38;2;0;0;0m [48;2;104;136;154m[38;2;97;133;153m▆[48;2;105;134;151m[38;2;100;132;153m▆[48;2;104;134;152m[38;2;101;134;154m▄[48;2;105;137;152m[38;2;100;133;153m▃[48;2;109;138;147m[38;2;109;140;152m▄[48;2;111;143;149m[38;2;108;137;145m▎[48;2;120;142;145m[38;2;0;0;0m [48;2;132;149;133m[38;2;237;245;202m▃[48;2;118;136;117m[38;2;231;244;181m▆[48;2;140;163;148m[38;2;216;234;188m▆[48;2;98;127;130m[38;2;100;127;116m▎[48;2;94;123;133m[38;2;87;116;128m▅[48;2;101;127;146m[38;2;83;110;130m▊[48;2;0;0;0m[38;2;50;62;69m▌[48;2;0;0;0m[38;2;0;0;0m [48;2;0;0;0m[38;2;0;0;0m [48;2;5;7;8m[38;2;0;0;0m▌[48;2;97;120;142m[38;2;90;115;141m▄[48;2;94;119;139m[38;2;86;113;136m▅[48;2;161;175;144m[38;2;89;112;123m▊[48;2;248;248;171m[38;2;250;253;199m▘[48;2;255;244;177m[38;2;255;246;175m▄[48;2;235;250;202m[38;2;246;253;168m▊[48;2;109;134;125m[38;2;211;230;185m▎[48;2;83;114;137m[38;2;96;124;140m▘[48;2;69;102;129m[38;2;78;110;134m▊[48;2;58;92;118m[38;2;57;92;123m▅[48;2;61;98;128m[38;2;54;90;127m▅[48;2;57;96;134m[38;2;47;86;124m┓[48;2;62;102;140m[38;2;59;99;137m▄[48;2;56;96;134m[38;2;64;104;142m▖[48;2;59;99;137m[38;2;55;95;133m▆[48;2;58;98;136m[38;2;53;93;131m▌[48;2;55;95;133m[38;2;50;90;127m▁[48;2;53;93;131m[38;2;44;84;122m▃[48;2;48;88;126m[38;2;34;73;111m▃[48;2;45;84;122m[38;2;35;75;113m▆[48;2;38;77;117m[38;2;36;75;115m▄[48;2;36;75;115m[38;2;29;67;107m▃[48;2;32;71;111m[38;2;35;73;114m▄[0m
[48;2;110;96;86m[38;2;129;97;75m▂[48;2;113;95;83m[38;2;135;109;89m▌[48;2;117;96;79m[38;2;99;85;79m┛[48;2;124;101;83m[38;2;101;80;68m▂[48;2;118;92;80m[38;2;131;96;83m┣[48;2;120;96;92m[38;2;124;88;76m▄[48;2;126;93;83m[38;2;95;86;92m▝[48;2;71;100;132m[38;2;117;91;84m▇[48;2;84;126;163m[38;2;117;94;85m▅[48;2;97;152;191m[38;2;90;88;89m▅[48;2;86;143;182m[38;2;87;89;93m▄[48;2;86;141;179m[38;2;106;105;108m▂[48;2;91;155;194m[38;2;75;103;130m▁[48;2;83;150;190m[38;2;104;174;214m▝[48;2;86;154;194m[38;2;85;149;189m▄[48;2;85;151;191m[38;2;83;149;190m▄[48;2;74;140;180m[38;2;89;155;196m┓[48;2;80;147;187m[38;2;77;144;184m▄[48;2;86;150;191m[38;2;90;155;195m▄[48;2;69;129;170m[38;2;75;137;179m▃[48;2;87;147;183m[38;2;71;130;171m▊[48;2;73;135;169m[38;2;84;146;182m▄[48;2;85;145;181m[38;2;78;138;175m▄[48;2;84;138;177m[38;2;66;122;161m▅[48;2;71;124;163m[38;2;87;137;175m╺[48;2;72;128;165m[38;2;75;130;170m▄[48;2;68;124;161m[38;2;77;131;172m▗[48;2;71;123;161m[38;2;73;126;166m▄[48;2;76;124;163m[38;2;72;124;164m▄[48;2;70;119;158m[38;2;71;123;162m▄[48;2;73;123;160m[38;2;87;139;176m▄[48;2;86;131;165m[38;2;92;139;172m▇[48;2;93;138;166m[38;2;86;132;165m▖[48;2;96;143;162m[38;2;92;137;161m▊[48;2;91;136;159m[38;2;94;141;159m▄[48;2;96;139;159m[38;2;96;140;163m▄[48;2;104;144;166m[38;2;92;133;155m▅[48;2;94;135;158m[38;2;97;137;159m▎[48;2;91;132;157m[38;2;92;136;162m▃[48;2;94;134;160m[38;2;85;126;155m▃[48;2;92;130;158m[38;2;96;135;159m▘[48;2;97;132;158m[38;2;97;136;165m▁[48;2;93;130;153m[38;2;98;136;160m▃[48;2;96;133;154m[38;2;103;138;160m▗[48;2;102;136;154m[38;2;107;142;163m▖[48;2;106;138;154m[38;2;106;135;147m▝[48;2;165;181;148m[38;2;110;137;134m▊[48;2;247;255;190m[38;2;242;251;204m▌[48;2;247;255;167m[38;2;252;253;180m▅[48;2;185;201;162m[38;2;246;254;196m▊[48;2;98;126;129m[38;2;101;124;106m▎[48;2;78;113;124m[38;2;78;114;126m▄[48;2;86;114;133m[38;2;73;107;126m▊[48;2;0;0;0m[38;2;66;88;101m▌[48;2;0;0;0m[38;2;0;0;0m [48;2;0;0;0m[38;2;0;0;0m [48;2;5;6;8m[38;2;0;0;0m▌[48;2;78;106;139m[38;2;92;117;144m▌[48;2;81;110;139m[38;2;83;114;147m▄[48;2;120;150;145m[38;2;83;113;137m▊[48;2;213;234;178m[38;2;87;115;121m▃[48;2;224;224;178m[38;2;86;109;130m▅[48;2;179;198;165m[38;2;85;125;129m▇[48;2;77;109;137m[38;2;0;0;0m [48;2;76;110;137m[38;2;68;103;135m▃[48;2;72;109;138m[38;2;70;106;140m▄[48;2;47;84;122m[38;2;60;96;133m▌[48;2;44;82;121m[38;2;47;85;124m▌[48;2;44;83;121m[38;2;37;76;116m▃[48;2;57;97;135m[38;2;50;90;129m▃[48;2;58;98;136m[38;2;46;86;124m▃[48;2;57;97;135m[38;2;37;76;114m▄[48;2;53;93;131m[38;2;40;80;118m▆[48;2;36;75;113m[38;2;47;87;125m━[48;2;37;77;115m[38;2;34;73;111m▄[48;2;36;75;114m[38;2;27;65;104m▖[48;2;35;74;112m[38;2;25;63;103m▃[48;2;37;76;117m[38;2;31;70;110m▗[48;2;30;69;109m[38;2;35;74;114m▄[48;2;31;70;110m[38;2;30;68;108m▄[0m
[48;2;112;85;70m[38;2;97;75;66m┏[48;2;126;100;78m[38;2;106;79;65m▂[48;2;126;96;75m[38;2;104;75;63m▁[48;2;100;78;69m[38;2;142;108;80m╸[48;2;126;104;83m[38;2;84;69;65m▃[48;2;99;81;72m[38;2;127;104;84m▘[48;2;146;120;91m[38;2;106;89;74m▃[48;2;144;116;88m[38;2;91;77;68m▂[48;2;103;88;71m[38;2;123;107;80m╸[48;2;121;103;78m[38;2;90;77;66m▂[48;2;117;101;78m[38;2;87;77;65m▄[48;2;130;113;83m[38;2;91;80;64m▁[48;2;102;98;86m[38;2;115;99;77m▄[48;2;80;93;104m[38;2;135;115;89m▄[48;2;96;139;179m[38;2;103;100;89m▆[48;2;86;135;167m[38;2;91;90;81m▄[48;2;86;138;171m[38;2;102;93;83m▃[48;2;90;143;180m[38;2;101;97;94m▂[48;2;91;145;183m[38;2;88;105;109m▁[48;2;76;136;174m[38;2;95;139;177m▁[48;2;74;140;178m[38;2;78;136;173m▄[48;2;92;159;198m[38;2;70;137;175m▊[48;2;80;144;185m[38;2;54;119;161m╺[48;2;74;136;177m[38;2;72;133;174m▄[48;2;74;131;172m[38;2;77;136;177m▄[48;2;69;125;163m[38;2;79;135;172m▂[48;2;80;134;172m[38;2;78;133;170m▄[48;2;62;117;156m[38;2;84;138;176m▄[48;2;84;137;175m[38;2;93;146;184m▃[48;2;88;142;178m[38;2;92;146;181m▄[48;2;83;136;171m[38;2;94;146;181m━[48;2;90;138;174m[38;2;89;137;173m▄[48;2;91;136;172m[38;2;98;141;179m▘[48;2;92;137;166m[38;2;93;137;175m▁[48;2;100;148;169m[38;2;86;136;172m▄[48;2;87;137;165m[38;2;0;0;0m [48;2;106;144;151m[38;2;0;0;0m [48;2;104;146;166m[38;2;181;210;201m▁[48;2;83;128;159m[38;2;0;0;0m [48;2;87;132;163m[38;2;85;129;161m▄[48;2;91;134;165m[38;2;81;126;158m▅[48;2;93;135;165m[38;2;86;131;161m▆[48;2;86;129;155m[38;2;93;134;156m▝[48;2;94;133;156m[38;2;0;0;0m [48;2;101;135;159m[38;2;92;130;155m▄[48;2;105;137;157m[38;2;93;125;151m▅[48;2;128;150;149m[38;2;96;120;151m▊[48;2;240;254;187m[38;2;204;229;192m▎[48;2;254;247;174m[38;2;248;254;186m▅[48;2;187;210;177m[38;2;240;254;198m▊[48;2;97;123;137m[38;2;101;121;114m▘[48;2;69;107;129m[38;2;82;116;135m▌[48;2;79;108;131m[38;2;72;105;130m▊[48;2;0;1;1m[38;2;66;88;107m▌[48;2;0;0;0m[38;2;0;0;0m [48;2;0;0;0m[38;2;0;0;0m [48;2;3;6;7m[38;2;0;0;0m▌[48;2;77;110;140m[38;2;93;123;146m▌[48;2;79;114;149m[38;2;66;102;138m▃[48;2;68;106;137m[38;2;72;109;143m▌[48;2;76;113;136m[38;2;70;108;138m▆[48;2;72;111;140m[38;2;80;119;147m┏[48;2;78;118;144m[38;2;71;110;140m▂[48;2;72;111;139m[38;2;66;104;139m▂[48;2;69;105;139m[38;2;63;99;135m▄[48;2;67;103;137m[38;2;63;101;138m▂[48;2;54;91;125m[38;2;63;99;135m▌[48;2;48;85;120m[38;2;53;91;128m▃[48;2;39;80;121m[38;2;41;83;122m▄[48;2;41;82;123m[38;2;36;77;118m┃[48;2;32;74;115m[38;2;39;81;122m▌[48;2;35;77;118m[38;2;26;67;108m╺[48;2;34;74;115m[38;2;44;84;124m┗[48;2;38;77;117m[38;2;32;70;111m▄[48;2;35;73;113m[38;2;43;82;122m▂[48;2;34;73;113m[38;2;30;68;109m▄[48;2;33;72;112m[38;2;25;63;103m▂[48;2;32;71;111m[38;2;24;62;102m▄[48;2;28;67;107m[38;2;26;64;104m▄[48;2;27;66;106m[38;2;25;63;103m▄[0m
[48;2;86;59;54m[38;2;109;71;61m▆[48;2;98;68;59m[38;2;99;65;56m▄[48;2;101;67;58m[38;2;88;61;53m▚[48;2;101;72;61m[38;2;102;68;57m▄[48;2;72;60;51m[38;2;93;72;56m▌[48;2;87;71;60m[38;2;71;60;48m▆[48;2;91;76;59m[38;2;84;70;49m▄[48;2;82;67;56m[38;2;79;66;48m▄[48;2;93;72;59m[38;2;72;57;49m▖[48;2;84;66;56m[38;2;101;78;60m━[48;2;97;78;61m[38;2;87;64;53m▄[48;2;81;66;57m[38;2;78;58;51m▄[48;2;66;55;50m[38;2;73;58;52m▌[48;2;78;66;52m[38;2;89;70;55m┗[48;2;104;80;58m[38;2;73;67;51m▃[48;2;99;76;55m[38;2;74;73;55m▁[48;2;91;73;56m[38;2;129;87;64m▘[48;2;82;65;61m[38;2;89;70;57m▄[48;2;67;69;72m[38;2;81;68;61m▄[48;2;81;117;144m[38;2;66;73;72m▇[48;2;86;130;161m[38;2;63;84;89m▅[48;2;75;140;180m[38;2;63;120;158m▎[48;2;73;139;178m[38;2;70;136;176m▄[48;2;74;135;176m[38;2;69;130;172m┗[48;2;67;125;167m[38;2;79;136;178m▃[48;2;89;144;182m[38;2;70;129;166m▘[48;2;90;144;181m[38;2;80;134;171m┏[48;2;90;143;181m[38;2;102;156;194m╹[48;2;83;137;175m[38;2;77;131;169m┓[48;2;89;144;179m[38;2;71;127;163m▖[48;2;85;138;173m[38;2;96;147;182m▄[48;2;83;133;168m[38;2;92;141;177m▌[48;2;92;137;173m[38;2;0;0;0m [48;2;102;145;181m[38;2;92;135;172m▚[48;2;99;138;168m[38;2;91;132;151m▗[48;2;143;178;166m[38;2;219;243;218m┏[48;2;236;249;199m[38;2;0;0;0m [48;2;166;196;178m[38;2;237;251;213m▊[48;2;88;132;163m[38;2;88;129;140m▌[48;2;83;127;159m[38;2;77;122;154m▅[48;2;76;121;153m[38;2;74;119;152m▄[48;2;86;131;161m[38;2;79;123;156m▂[48;2;81;125;156m[38;2;83;129;158m▘[48;2;87;130;159m[38;2;85;126;159m▄[48;2;92;131;159m[38;2;94;133;164m▄[48;2;97;132;161m[38;2;90;127;159m▆[48;2;119;138;128m[38;2;93;118;149m▊[48;2;238;252;185m[38;2;185;204;162m▎[48;2;239;243;192m[38;2;0;0;0m [48;2;211;233;192m[38;2;92;128;126m▂[48;2;83;111;134m[38;2;99;127;132m▎[48;2;68;107;137m[38;2;81;119;146m▌[48;2;65;99;129m[38;2;58;94;128m▊[48;2;1;2;3m[38;2;61;88;115m▌[48;2;0;0;0m[38;2;0;0;0m [48;2;0;0;0m[38;2;0;0;0m [48;2;1;3;5m[38;2;0;0;0m▌[48;2;68;103;131m[38;2;85;114;137m▌[48;2;70;105;141m[38;2;63;100;135m▅[48;2;68;105;143m[38;2;60;96;135m▖[48;2;68;105;140m[38;2;64;99;138m▄[48;2;63;100;136m[38;2;67;104;142m┓[48;2;67;105;139m[38;2;59;96;134m▆[48;2;63;102;138m[38;2;56;96;135m▃[48;2;58;98;139m[38;2;61;104;145m┏[48;2;60;100;139m[38;2;53;95;137m▃[48;2;53;94;135m[38;2;48;88;129m▚[48;2;47;87;126m[38;2;45;86;129m▄[48;2;44;86;127m[38;2;38;80;121m▄[48;2;41;83;124m[38;2;37;79;120m▄[48;2;32;74;115m[38;2;41;83;124m▂[48;2;34;76;117m[38;2;38;80;121m▄[48;2;33;73;114m[38;2;40;80;120m⎻[48;2;34;73;113m[38;2;33;72;112m▄[48;2;39;77;117m[38;2;29;68;108m▆[48;2;36;74;114m[38;2;25;63;103m▅[48;2;24;62;102m[38;2;28;66;106m▘[48;2;25;64;104m[38;2;24;62;102m▄[48;2;21;59;98m[38;2;28;66;106m▝[48;2;25;63;103m[38;2;21;59;99m▆[0m
[48;2;107;66;57m[38;2;91;58;50m▆[48;2;100;64;54m[38;2;82;56;47m▄[48;2;86;56;48m[38;2;89;62;50m▄[48;2;87;61;48m[38;2;82;59;45m▄[48;2;89;69;46m[38;2;102;74;51m╸[48;2;75;56;44m[38;2;96;68;51m▖[48;2;74;55;44m[38;2;81;50;46m▄[48;2;79;52;46m[38;2;91;57;51m━[48;2;88;62;51m[38;2;81;56;46m▄[48;2;85;60;49m[38;2;96;66;53m▄[48;2;76;53;45m[38;2;96;69;54m▘[48;2;82;57;48m[38;2;76;52;44m▄[48;2;73;57;49m[38;2;74;52;45m▄[48;2;68;64;49m[38;2;64;50;47m▆[48;2;72;67;53m[38;2;74;57;50m▄[48;2;66;57;50m[38;2;98;78;62m╸[48;2;82;74;60m[38;2;94;77;57m▄[48;2;81;71;59m[38;2;82;72;56m▄[48;2;86;75;61m[38;2;81;72;56m▄[48;2;92;79;62m[38;2;77;67;53m▁[48;2;56;72;77m[38;2;92;79;61m▌[48;2;93;155;203m[38;2;62;109;150m▎[48;2;93;158;206m[38;2;78;142;193m▁[48;2;88;150;195m[38;2;80;145;195m▄[48;2;77;139;186m[38;2;88;151;205m▗[48;2;81;137;184m[38;2;85;146;193m▌[48;2;85;141;183m[38;2;85;143;188m▄[48;2;89;147;189m[38;2;84;139;179m▝[48;2;75;130;171m[38;2;82;139;181m▄[48;2;88;145;182m[38;2;81;142;178m▄[48;2;89;145;182m[38;2;76;137;172m▃[48;2;82;137;174m[38;2;92;149;186m▂[48;2;92;139;177m[38;2;90;140;179m▄[48;2;83;130;170m[38;2;92;141;181m▃[48;2;85;132;152m[38;2;87;131;168m▊[48;2;219;243;228m[38;2;104;147;157m▎[48;2;245;255;215m[38;2;243;255;205m▝[48;2;173;198;188m[38;2;240;252;221m▊[48;2;86;134;168m[38;2;83;125;142m▌[48;2;75;121;158m[38;2;82;131;165m▊[48;2;70;115;152m[38;2;73;117;156m━[48;2;73;118;152m[38;2;68;110;147m▄[48;2;78;125;157m[38;2;86;133;164m▄[48;2;79;127;158m[38;2;84;129;160m▝[48;2;92;131;162m[38;2;81;125;157m▆[48;2;87;126;159m[38;2;80;120;154m▃[48;2;83;122;156m[38;2;83;119;142m▝[48;2;175;202;183m[38;2;80;123;152m▆[48;2;85;118;150m[38;2;0;0;0m [48;2;86;124;146m[38;2;71;114;151m▆[48;2;69;113;149m[38;2;68;112;148m▄[48;2;68;111;147m[38;2;74;116;152m┗[48;2;61;99;136m[38;2;62;105;143m▎[48;2;0;2;3m[38;2;58;88;120m▌[48;2;0;0;0m[38;2;0;0;0m [48;2;0;0;0m[38;2;0;0;0m [48;2;0;3;5m[38;2;0;0;0m▌[48;2;70;104;136m[38;2;71;107;147m▄[48;2;58;96;134m[38;2;65;106;147m▅[48;2;66;104;145m[38;2;57;98;138m▃[48;2;55;94;134m[38;2;59;96;137m▝[48;2;59;96;138m[38;2;55;93;134m┃[48;2;64;100;142m[38;2;56;95;135m▄[48;2;64;101;143m[38;2;57;96;137m▄[48;2;58;96;140m[38;2;56;94;135m▅[48;2;53;93;137m[38;2;51;89;130m▆[48;2;47;86;128m[38;2;59;98;138m▗[48;2;43;83;127m[38;2;46;86;126m▄[48;2;38;81;122m[38;2;46;88;128m▗[48;2;36;78;119m[38;2;33;75;116m▄[48;2;37;79;120m[38;2;29;71;112m▄[48;2;32;73;114m[38;2;0;0;0m [48;2;27;67;108m[38;2;35;74;114m▗[48;2;38;77;117m[38;2;30;68;108m▇[48;2;25;63;103m[38;2;31;70;110m━[48;2;26;64;104m[38;2;23;61;101m▃[48;2;24;62;102m[38;2;30;69;109m┛[48;2;23;61;101m[38;2;23;61;101m▄[48;2;24;62;102m[38;2;20;58;98m┛[48;2;23;61;101m[38;2;24;62;102m▄[0m
[48;2;98;79;43m[38;2;0;0;0m [48;2;86;66;42m[38;2;121;96;50m▁[48;2;78;53;45m[38;2;70;49;41m▄[48;2;78;56;45m[38;2;87;61;48m▄[48;2;88;70;40m[38;2;109;81;50m╴[48;2;82;64;40m[38;2;145;114;59m▁[48;2;80;57;44m[38;2;78;59;39m▄[48;2;81;52;46m[38;2;76;55;43m▄[48;2;89;63;48m[38;2;78;58;42m▄[48;2;87;65;44m[38;2;78;59;42m▚[48;2;79;58;43m[38;2;68;53;34m▃[48;2;81;61;42m[38;2;0;0;0m [48;2;92;68;48m[38;2;92;69;42m▄[48;2;74;57;42m[38;2;105;76;41m▁[48;2;71;55;44m[38;2;87;67;41m▄[48;2;93;70;45m[38;2;82;65;47m┛[48;2;90;69;49m[38;2;69;56;42m▗[48;2;77;66;49m[38;2;106;83;56m▂[48;2;89;75;53m[38;2;77;65;47m▃[48;2;91;75;53m[38;2;109;86;56m▖[48;2;60;70;81m[38;2;101;83;57m▌[48;2;93;153;203m[38;2;80;125;169m▎[48;2;72;136;187m[38;2;86;150;201m▊[48;2;81;145;196m[38;2;83;146;197m▄[48;2;91;154;204m[38;2;81;145;196m▎[48;2;92;147;185m[38;2;110;161;190m▁[48;2;129;180;212m[38;2;202;236;248m▖[48;2;90;146;186m[38;2;99;154;194m╏[48;2;87;145;188m[38;2;119;178;221m╸[48;2;92;151;190m[38;2;99;158;200m▄[48;2;74;134;170m[38;2;81;142;177m┫[48;2;89;147;184m[38;2;67;125;163m▆[48;2;90;140;179m[38;2;93;143;184m▄[48;2;88;137;176m[38;2;87;138;178m▄[48;2;94;140;162m[38;2;92;142;177m▊[48;2;230;245;232m[38;2;118;156;163m▌[48;2;247;254;216m[38;2;243;253;226m▃[48;2;174;210;207m[38;2;238;253;229m▊[48;2;84;138;171m[38;2;88;138;159m▌[48;2;77;130;165m[38;2;85;137;172m│[48;2;66;115;153m[38;2;69;123;158m▂[48;2;70;116;153m[38;2;60;109;146m▄[48;2;71;121;157m[38;2;82;130;166m▚[48;2;83;133;165m[38;2;74;125;162m▆[48;2;75;121;157m[38;2;89;137;175m▄[48;2;77;119;156m[38;2;84;129;166m▖[48;2;81;124;159m[38;2;78;121;159m▄[48;2;83;127;163m[38;2;75;119;157m▌[48;2;67;111;149m[38;2;80;124;161m▎[48;2;70;114;151m[38;2;61;105;143m▖[48;2;67;111;147m[38;2;56;101;134m╺[48;2;61;106;143m[38;2;64;108;145m▄[48;2;53;90;125m[38;2;66;106;144m▊[48;2;1;4;6m[38;2;50;81;112m▌[48;2;0;0;0m[38;2;0;0;0m [48;2;0;0;0m[38;2;0;0;0m [48;2;16;34;52m[38;2;0;0;0m▊[48;2;50;89;129m[38;2;60;96;135m▌[48;2;50;93;134m[38;2;58;101;141m▂[48;2;50;92;133m[38;2;52;95;136m▄[48;2;51;92;134m[38;2;53;97;137m▄[48;2;51;93;134m[38;2;48;92;132m▄[48;2;55;97;138m[38;2;53;97;138m▄[48;2;59;101;141m[38;2;62;107;147m┏[48;2;55;97;138m[38;2;46;92;132m▗[48;2;48;89;130m[38;2;44;88;128m▄[48;2;47;90;130m[38;2;41;84;125m━[48;2;41;83;124m[38;2;52;95;135m┓[48;2;37;79;120m[38;2;39;82;122m▄[48;2;36;78;119m[38;2;67;108;148m▝[48;2;36;78;118m[38;2;0;0;0m [48;2;33;75;116m[38;2;27;69;109m▌[48;2;28;68;108m[38;2;26;68;109m╴[48;2;30;69;109m[38;2;34;73;113m▄[48;2;30;69;109m[38;2;47;85;125m▁[48;2;29;67;107m[38;2;41;80;120m▃[48;2;29;67;107m[38;2;45;84;124m▃[48;2;38;77;117m[38;2;31;69;109m▘[48;2;32;71;111m[38;2;25;64;104m┗[48;2;27;66;106m[38;2;32;71;111m╺[0m
[48;2;132;117;46m[38;2;65;65;33m▅[48;2;64;65;38m[38;2;149;123;61m┗[48;2;69;49;38m[38;2;128;103;59m▄[48;2;81;56;41m[38;2;139;105;55m▃[48;2;120;103;55m[38;2;0;0;0m [48;2;149;123;61m[38;2;64;63;41m▂[48;2;87;71;40m[38;2;146;119;62m▖[48;2;72;57;34m[38;2;100;81;44m▁[48;2;73;61;35m[38;2;123;107;52m▁[48;2;155;123;63m[38;2;92;75;40m▘[48;2;115;91;47m[38;2;83;62;34m▄[48;2;112;90;46m[38;2;154;126;55m▄[48;2;87;74;34m[38;2;144;127;54m▁[48;2;98;80;39m[38;2;155;131;63m▁[48;2;158;123;60m[38;2;106;92;45m▁[48;2;118;92;48m[38;2;170;139;70m▖[48;2;99;76;44m[38;2;88;80;51m▄[48;2;95;74;52m[38;2;74;66;51m▄[48;2;103;74;41m[38;2;170;126;38m▗[48;2;142;110;51m[38;2;204;166;65m▖[48;2;47;82;113m[38;2;84;83;57m▊[48;2;76;132;180m[38;2;89;148;198m┗[48;2;89;153;203m[38;2;80;142;193m▆[48;2;87;150;201m[38;2;86;148;200m▄[48;2;86;149;199m[38;2;75;138;183m▝[48;2;117;168;194m[38;2;94;151;185m▊[48;2;106;159;190m[38;2;192;232;247m▘[48;2;95;147;185m[38;2;84;140;177m▆[48;2;77;136;178m[38;2;84;142;181m▄[48;2;83;144;186m[38;2;81;142;184m▄[48;2;66;125;164m[38;2;79;139;178m▌[48;2;63;119;158m[38;2;58;110;152m▗[48;2;78;129;169m[38;2;65;115;159m▁[48;2;90;142;180m[38;2;77;133;172m▄[48;2;86;139;176m[38;2;88;137;166m▝[48;2;100;145;173m[38;2;222;238;243m▝[48;2;224;241;232m[38;2;97;143;168m▅[48;2;156;198;212m[38;2;88;141;174m▆[48;2;76;134;169m[38;2;84;136;175m▗[48;2;74;130;165m[38;2;87;140;177m▖[48;2;61;114;152m[38;2;70;124;160m▌[48;2;58;109;148m[38;2;64;115;154m⎼[48;2;83;133;173m[38;2;60;112;150m▌[48;2;69;122;162m[38;2;72;121;162m▄[48;2;81;129;170m[38;2;71;115;155m▂[48;2;73;121;161m[38;2;65;106;148m▃[48;2;68;112;152m[38;2;61;104;144m▃[48;2;83;126;162m[38;2;65;109;149m▆[48;2;75;118;157m[38;2;61;107;147m▂[48;2;73;117;155m[38;2;55;99;140m▅[48;2;64;108;145m[38;2;60;105;144m▄[48;2;61;104;142m[38;2;64;108;150m▄[48;2;53;92;130m[38;2;65;104;147m▄[48;2;6;13;21m[38;2;59;91;126m▌[48;2;0;0;0m[38;2;0;0;0m [48;2;0;0;0m[38;2;0;0;0m [48;2;25;45;65m[38;2;0;0;0m▊[48;2;70;107;146m[38;2;56;96;130m▄[48;2;58;100;141m[38;2;49;93;136m▆[48;2;50;95;138m[38;2;58;105;151m▗[48;2;49;96;138m[38;2;0;0;0m [48;2;47;94;136m[38;2;39;87;134m▁[48;2;49;95;137m[38;2;52;100;146m▁[48;2;57;105;146m[38;2;50;96;139m▌[48;2;49;96;135m[38;2;55;103;143m▖[48;2;46;91;131m[38;2;48;96;136m▆[48;2;50;98;138m[38;2;56;102;142m┛[48;2;53;101;140m[38;2;45;90;130m▝[48;2;40;83;124m[38;2;44;86;126m▄[48;2;39;81;122m[38;2;41;81;122m▄[48;2;36;77;117m[38;2;51;91;131m▂[48;2;35;76;117m[38;2;47;89;130m▄[48;2;34;74;114m[38;2;47;90;131m▅[48;2;46;85;126m[38;2;51;93;133m▄[48;2;52;91;131m[38;2;53;94;134m▄[48;2;50;89;129m[38;2;42;81;121m┗[48;2;38;78;117m[38;2;44;82;121m▄[48;2;34;73;113m[38;2;34;73;112m▄[48;2;34;73;112m[38;2;0;0;0m [48;2;31;70;110m[38;2;27;65;103m▂[0m
[48;2;42;59;44m[38;2;31;63;67m▅[48;2;30;68;67m[38;2;49;71;54m▘[48;2;41;57;47m[38;2;41;69;71m▄[48;2;90;76;46m[38;2;61;65;56m▇[48;2;45;48;41m[38;2;52;56;50m▖[48;2;56;56;41m[38;2;45;46;42m▅[48;2;105;89;53m[38;2;57;52;43m▆[48;2;156;125;66m[38;2;69;58;45m▅[48;2;147;125;60m[38;2;89;77;44m▅[48;2;80;72;53m[38;2;0;0;0m [48;2;56;48;53m[38;2;43;43;62m▖[48;2;66;61;51m[38;2;0;0;0m [48;2;142;122;60m[38;2;83;73;51m▆[48;2;153;128;64m[38;2;89;76;50m▆[48;2;83;76;46m[38;2;101;87;48m━[48;2;142;120;58m[38;2;86;78;43m▆[48;2;137;108;51m[38;2;88;85;66m▃[48;2;116;102;49m[38;2;192;153;49m━[48;2;234;218;117m[38;2;224;224;171m▄[48;2;201;188;83m[38;2;232;241;211m▅[48;2;90;119;111m[38;2;102;147;192m▆[48;2;81;143;194m[38;2;75;142;196m▄[48;2;75;141;191m[38;2;89;156;206m▃[48;2;80;144;195m[38;2;79;147;196m▄[48;2;88;154;203m[38;2;74;141;191m▌[48;2;89;151;196m[38;2;0;0;0m [48;2;81;140;181m[38;2;81;140;185m▄[48;2;95;154;193m[38;2;80;141;185m▄[48;2;78;139;176m[38;2;90;150;194m▅[48;2;80;141;183m[38;2;90;155;196m▃[48;2;79;139;180m[38;2;71;128;168m▝[48;2;67;118;161m[38;2;72;122;166m▄[48;2;69;119;163m[38;2;55;108;151m▝[48;2;79;138;174m[38;2;74;127;169m▌[48;2;82;136;174m[38;2;81;135;172m▄[48;2;86;139;177m[38;2;94;147;185m┓[48;2;85;139;176m[38;2;73;128;165m━[48;2;78;133;170m[38;2;96;149;187m▂[48;2;84;135;175m[38;2;76;128;167m▚[48;2;81;132;171m[38;2;95;145;185m▘[48;2;59;110;150m[38;2;82;132;172m▌[48;2;60;111;151m[38;2;69;120;160m▗[48;2;66;117;156m[38;2;76;125;165m▝[48;2;74;123;161m[38;2;66;114;154m▃[48;2;76;120;159m[38;2;59;104;144m▄[48;2;64;106;147m[38;2;60;101;141m▝[48;2;60;101;142m[38;2;68;110;151m⎼[48;2;59;105;145m[38;2;67;113;153m▄[48;2;58;104;144m[38;2;60;106;146m▄[48;2;62;108;148m[38;2;76;122;160m┗[48;2;63;110;149m[38;2;75;120;159m━[48;2;52;98;143m[38;2;64;113;158m▃[48;2;57;99;143m[38;2;62;109;154m▖[48;2;9;21;33m[38;2;61;97;136m▌[48;2;0;0;0m[38;2;0;0;0m [48;2;0;0;0m[38;2;0;0;0m [48;2;4;8;9m[38;2;0;0;0m▊[48;2;63;104;136m[38;2;67;108;140m▄[48;2;46;91;135m[38;2;53;97;142m▆[48;2;47;94;141m[38;2;37;87;132m▄[48;2;44;94;139m[38;2;48;100;144m╵[48;2;45;94;139m[38;2;53;105;149m▗[48;2;55;103;149m[38;2;53;105;149m▄[48;2;53;104;149m[38;2;64;113;158m▝[48;2;52;101;144m[38;2;52;104;150m▄[48;2;46;94;139m[38;2;52;104;151m▃[48;2;47;98;141m[38;2;46;95;141m▌[48;2;50;99;144m[38;2;39;90;134m▗[48;2;48;93;133m[38;2;44;91;131m▎[48;2;46;89;131m[38;2;48;94;134m▄[48;2;49;93;134m[38;2;52;99;139m▂[48;2;45;88;129m[38;2;44;90;130m▄[48;2;48;93;133m[38;2;40;87;127m▃[48;2;50;94;134m[38;2;50;94;135m▄[48;2;44;86;127m[38;2;49;89;130m▗[48;2;52;90;131m[38;2;47;86;126m╸[48;2;43;82;121m[38;2;50;90;128m┻[48;2;37;77;115m[38;2;44;84;122m▇[48;2;33;72;110m[38;2;40;80;117m▄[48;2;32;71;109m[38;2;40;80;118m▆[0m
[48;2;30;58;77m[38;2;23;48;75m▎[48;2;23;53;78m[38;2;31;64;81m▝[48;2;39;61;80m[38;2;33;58;78m▂[48;2;40;49;70m[38;2;32;40;66m┃[48;2;49;54;59m[38;2;40;46;55m▇[48;2;42;44;47m[38;2;50;51;54m▅[48;2;61;57;53m[38;2;49;49;47m▘[48;2;65;56;53m[38;2;55;52;51m▗[48;2;74;60;50m[38;2;59;53;48m▄[48;2;57;56;59m[38;2;60;67;54m▁[48;2;71;73;57m[38;2;91;85;30m▗[48;2;102;84;27m[38;2;176;150;65m▃[48;2;107;87;30m[38;2;163;144;73m▄[48;2;70;82;53m[38;2;0;0;0m [48;2;63;87;71m[38;2;86;137;171m▂[48;2;58;88;90m[38;2;92;147;188m▄[48;2;51;87;103m[38;2;76;138;180m▆[48;2;115;150;183m[38;2;83;143;167m▆[48;2;242;250;246m[38;2;181;207;218m▎[48;2;197;224;232m[38;2;244;250;243m▊[48;2;76;140;181m[38;2;128;171;188m▎[48;2;81;152;204m[38;2;78;148;196m▄[48;2;88;158;208m[38;2;0;0;0m [48;2;86;155;205m[38;2;79;148;198m┏[48;2;81;150;200m[38;2;83;152;202m▄[48;2;80;146;194m[38;2;83;148;198m▄[48;2;90;153;199m[38;2;78;142;193m▄[48;2;79;142;192m[38;2;88;152;201m▊[48;2;85;148;199m[38;2;77;140;189m┛[48;2;90;155;199m[38;2;78;140;186m▃[48;2;77;134;176m[38;2;82;144;186m▎[48;2;81;131;175m[38;2;70;122;165m▄[48;2;64;117;160m[38;2;75;125;168m▌[48;2;66;121;161m[38;2;78;137;173m▝[48;2;83;137;175m[38;2;78;135;172m▄[48;2;95;148;187m[38;2;77;131;169m▝[48;2;89;142;181m[38;2;79;133;171m▚[48;2;79;133;171m[38;2;0;0;0m [48;2;74;127;166m[38;2;63;118;157m┓[48;2;78;129;169m[38;2;71;123;162m▄[48;2;58;109;149m[38;2;76;127;166m▎[48;2;69;121;160m[38;2;56;107;147m▌[48;2;61;111;151m[38;2;56;106;146m┗[48;2;67;116;156m[38;2;56;106;146m▆[48;2;64;109;149m[38;2;59;106;147m▄[48;2;62;104;145m[38;2;52;98;137m▂[48;2;61;104;145m[38;2;69;112;153m╏[48;2;59;106;145m[38;2;54;100;140m▗[48;2;62;108;148m[38;2;62;108;147m▄[48;2;59;105;145m[38;2;60;105;145m▄[48;2;67;117;157m[38;2;61;106;146m▄[48;2;57;108;151m[38;2;69;120;163m━[48;2;60;111;155m[38;2;54;102;144m▝[48;2;61;96;127m[38;2;0;0;0m [48;2;0;0;0m[38;2;33;49;61m [48;2;0;0;0m[38;2;0;0;0m [48;2;0;0;0m[38;2;13;24;33m [48;2;61;104;140m[38;2;45;69;88m▎[48;2;57;101;146m[38;2;54;100;141m▄[48;2;40;91;136m[38;2;55;104;146m▄[48;2;41;96;140m[38;2;60;117;157m▄[48;2;46;103;146m[38;2;55;111;154m▌[48;2;47;102;145m[38;2;50;106;149m▅[48;2;46;101;147m[38;2;54;111;153m╸[48;2;47;101;151m[38;2;44;100;150m▄[48;2;45;100;149m[38;2;52;106;156m▊[48;2;44;98;147m[38;2;49;103;155m┻[48;2;45;99;146m[38;2;51;107;156m▖[48;2;45;96;137m[38;2;59;114;156m▂[48;2;52;103;144m[38;2;43;93;133m━[48;2;47;97;137m[38;2;44;96;137m▄[48;2;44;93;133m[38;2;39;91;132m▄[48;2;46;93;133m[38;2;45;93;132m▄[48;2;48;92;132m[38;2;43;88;129m⎽[48;2;44;85;126m[38;2;53;98;138m▁[48;2;46;85;126m[38;2;50;93;135m▁[48;2;45;84;123m[38;2;50;89;128m▃[48;2;43;83;121m[38;2;49;89;127m▂[48;2;43;83;121m[38;2;51;91;129m▃[48;2;50;90;128m[38;2;41;81;119m▊[0m
[48;2;21;52;71m[38;2;14;48;64m▅[48;2;27;57;71m[38;2;16;53;61m▂[48;2;35;62;73m[38;2;21;51;66m▎[48;2;32;60;70m[38;2;34;69;72m▗[48;2;33;55;61m[38;2;30;65;69m▖[48;2;40;52;57m[38;2;32;58;64m▖[48;2;56;58;57m[38;2;49;60;59m▆[48;2;61;62;57m[38;2;54;58;57m▌[48;2;53;65;51m[38;2;48;73;73m▃[48;2;51;69;69m[38;2;32;71;83m▃[48;2;71;85;62m[38;2;96;129;161m▁[48;2;184;170;98m[38;2;228;238;236m▃[48;2;146;140;56m[38;2;195;210;200m▆[48;2;87;143;179m[38;2;0;0;0m [48;2;81;155;196m[38;2;91;162;212m▌[48;2;78;145;182m[38;2;87;161;198m▅[48;2;80;151;199m[38;2;0;0;0m [48;2;83;145;186m[38;2;100;155;184m▝[48;2;185;211;226m[38;2;90;155;191m▅[48;2;158;187;204m[38;2;89;145;181m▇[48;2;75;140;176m[38;2;83;141;187m▄[48;2;85;153;199m[38;2;69;136;184m▆[48;2;79;146;195m[38;2;75;142;191m▄[48;2;86;153;202m[38;2;0;0;0m [48;2;82;149;198m[38;2;72;139;188m┛[48;2;83;150;199m[38;2;67;134;183m▘[48;2;94;161;211m[38;2;75;142;191m▄[48;2;91;158;207m[38;2;76;143;192m▃[48;2;89;156;206m[38;2;92;159;208m▄[48;2;88;151;197m[38;2;81;138;182m▗[48;2;73;127;169m[38;2;87;139;182m▁[48;2;74;127;169m[38;2;76;129;171m▄[48;2;77;130;172m[38;2;71;124;166m┗[48;2;72;128;170m[38;2;67;120;162m▖[48;2;93;151;192m[38;2;73;132;174m▃[48;2;90;148;189m[38;2;58;117;159m▅[48;2;65;117;160m[38;2;69;121;164m▄[48;2;59;110;154m[38;2;69;121;162m▝[48;2;62;120;157m[38;2;56;114;151m▄[48;2;65;120;158m[38;2;75;131;169m▘[48;2;64;115;155m[38;2;69;121;160m▄[48;2;63;113;153m[38;2;76;126;164m▖[48;2;59;109;149m[38;2;55;105;145m▊[48;2;63;113;153m[38;2;64;114;154m▄[48;2;55;104;144m[38;2;73;123;162m▄[48;2;58;108;148m[38;2;79;128;167m▄[48;2;65;114;153m[38;2;75;125;163m▃[48;2;64;109;149m[38;2;67;113;152m▄[48;2;77;122;162m[38;2;69;114;154m▄[48;2;57;102;143m[38;2;67;112;152m▌[48;2;58;104;144m[38;2;75;120;160m▄[48;2;55;102;147m[38;2;61;109;153m▅[48;2;48;100;146m[38;2;59;111;157m▅[48;2;73;108;143m[38;2;60;105;145m▌[48;2;0;0;0m[38;2;30;44;60m▎[48;2;0;0;0m[38;2;0;0;0m [48;2;0;0;0m[38;2;1;2;1m [48;2;53;98;137m[38;2;35;52;75m▎[48;2;52;102;142m[38;2;75;121;160m╺[48;2;55;99;139m[38;2;59;99;140m▂[48;2;57;110;150m[38;2;63;118;158m━[48;2;54;114;158m[38;2;64;123;165m▅[48;2;45;101;150m[38;2;55;114;161m▆[48;2;55;109;159m[38;2;54;108;157m▄[48;2;56;112;155m[38;2;51;104;147m▗[48;2;53;104;149m[38;2;46;95;141m▅[48;2;51;104;147m[38;2;46;98;142m▄[48;2;48;105;148m[38;2;45;97;141m▁[48;2;51;105;148m[38;2;42;85;131m▅[48;2;54;103;148m[38;2;34;73;120m▃[48;2;51;102;145m[38;2;31;72;118m▄[48;2;53;106;149m[38;2;32;75;120m▅[48;2;47;96;136m[38;2;29;74;114m▆[48;2;46;92;132m[38;2;28;74;114m▆[48;2;47;93;133m[38;2;30;75;115m▆[48;2;50;95;136m[38;2;28;73;113m▆[48;2;45;87;126m[38;2;30;72;110m▄[48;2;49;89;127m[38;2;37;76;114m▃[48;2;44;84;122m[38;2;39;79;117m▂[48;2;43;83;121m[38;2;56;96;134m▝[0m
[48;2;12;47;56m[38;2;22;61;57m▄[48;2;13;49;57m[38;2;23;57;56m▆[48;2;29;63;62m[38;2;23;54;58m▌[48;2;34;65;62m[38;2;24;59;65m▝[48;2;27;74;74m[38;2;36;66;69m▇[48;2;32;67;70m[38;2;21;57;65m▁[48;2;32;68;73m[38;2;51;100;128m▁[48;2;41;70;79m[38;2;114;161;189m▂[48;2;51;75;84m[38;2;220;233;239m▄[48;2;50;84;115m[38;2;224;239;247m▆[48;2;120;153;179m[38;2;227;239;244m▅[48;2;235;244;245m[38;2;0;0;0m [48;2;109;163;176m[38;2;225;241;243m▊[48;2;83;157;195m[38;2;81;144;165m▎[48;2;79;160;204m[38;2;79;156;200m▄[48;2;82;157;193m[38;2;96;164;201m▃[48;2;76;140;185m[38;2;90;159;207m▌[48;2;77;141;183m[38;2;100;168;208m▗[48;2;69;153;198m[38;2;84;157;205m▅[48;2;73;142;186m[38;2;77;152;200m▌[48;2;79;139;182m[38;2;82;149;183m▂[48;2;72;139;188m[38;2;84;149;195m▌[48;2;71;138;187m[38;2;58;126;175m▗[48;2;77;144;193m[38;2;70;137;186m▅[48;2;77;144;193m[38;2;82;149;198m▄[48;2;78;146;195m[38;2;72;139;188m┻[48;2;80;147;197m[38;2;66;134;183m┏[48;2;69;136;185m[38;2;78;145;194m▄[48;2;61;129;178m[38;2;76;143;192m▌[48;2;79;140;186m[38;2;62;122;169m▂[48;2;92;144;187m[38;2;83;135;178m▅[48;2;76;129;172m[38;2;77;130;172m▄[48;2;79;131;174m[38;2;70;123;166m▄[48;2;70;126;168m[38;2;70;126;167m▄[48;2;75;133;175m[38;2;58;118;161m▗[48;2;59;118;159m[38;2;54;113;155m▄[48;2;66;119;162m[38;2;76;127;171m┛[48;2;59;111;154m[38;2;68;120;163m▖[48;2;63;121;158m[38;2;80;136;174m▁[48;2;70;126;164m[38;2;78;134;171m╴[48;2;66;119;158m[38;2;78;128;167m▅[48;2;65;115;155m[38;2;76;126;164m▃[48;2;66;116;156m[38;2;71;121;160m▄[48;2;70;119;158m[38;2;76;126;164m━[48;2;75;125;163m[38;2;66;116;156m▝[48;2;63;113;152m[38;2;75;125;163m▌[48;2;72;121;160m[38;2;63;111;152m▗[48;2;76;122;161m[38;2;60;106;146m▃[48;2;64;110;150m[38;2;63;109;149m▄[48;2;50;96;136m[38;2;64;110;150m▆[48;2;64;110;150m[38;2;57;103;143m▃[48;2;57;105;151m[38;2;54;100;144m▌[48;2;52;104;147m[38;2;61;113;159m▊[48;2;71;102;136m[38;2;61;104;142m▊[48;2;0;0;0m[38;2;34;48;64m▎[48;2;0;0;0m[38;2;0;0;0m [48;2;0;0;0m[38;2;0;0;0m [48;2;58;103;143m[38;2;31;49;72m▎[48;2;54;98;139m[38;2;58;111;150m▌[48;2;64;100;141m[38;2;62;90;134m▗[48;2;60;105;148m[38;2;59;97;138m▌[48;2;53;110;154m[38;2;53;106;150m▄[48;2;45;104;151m[38;2;59;116;165m▗[48;2;50;105;152m[38;2;51;107;158m▌[48;2;53;104;148m[38;2;37;86;130m▂[48;2;45;90;136m[38;2;34;75;121m▃[48;2;46;96;140m[38;2;32;78;123m▆[48;2;41;93;136m[38;2;34;83;128m▆[48;2;37;78;124m[38;2;51;93;139m▂[48;2;34;72;118m[38;2;50;91;138m▂[48;2;34;70;117m[38;2;50;93;138m▃[48;2;36;72;119m[38;2;47;87;134m▄[48;2;33;77;118m[38;2;42;88;128m▅[48;2;41;87;128m[38;2;36;81;121m▘[48;2;37;83;123m[38;2;47;93;133m▂[48;2;31;77;117m[38;2;45;91;131m▅[48;2;33;76;114m[38;2;40;84;122m▁[48;2;33;73;111m[38;2;43;83;121m▃[48;2;32;72;109m[38;2;36;76;114m▌[48;2;39;79;116m[38;2;29;67;105m▆[0m
[48;2;25;56;54m[38;2;24;48;59m▄[48;2;23;45;60m[38;2;31;45;56m┻[48;2;23;51;67m[38;2;0;0;0m [48;2;31;64;83m[38;2;92;153;195m▁[48;2;36;73;94m[38;2;82;130;167m▃[48;2;34;82;114m[38;2;89;152;184m━[48;2;87;155;186m[38;2;28;80;116m▃[48;2;77;137;170m[38;2;166;210;233m▝[48;2;220;239;244m[38;2;96;156;183m▂[48;2;226;240;244m[38;2;120;175;199m▂[48;2;222;238;243m[38;2;91;151;180m▂[48;2;222;239;243m[38;2;101;160;186m▄[48;2;168;204;217m[38;2;82;145;177m▆[48;2;87;156;194m[38;2;78;151;190m▄[48;2;79;149;190m[38;2;75;149;187m▄[48;2;76;146;185m[38;2;91;158;198m▘[48;2;79;148;190m[38;2;90;164;202m▗[48;2;84;154;192m[38;2;85;158;197m▄[48;2;92;160;202m[38;2;80;148;188m▅[48;2;79;147;186m[38;2;96;163;204m▘[48;2;78;145;182m[38;2;86;150;191m▄[48;2;83;149;198m[38;2;76;144;189m▘[48;2;68;136;184m[38;2;70;137;186m▄[48;2;63;130;179m[38;2;72;139;188m▅[48;2;71;138;187m[38;2;64;132;181m▂[48;2;78;144;193m[38;2;65;135;185m▇[48;2;71;140;190m[38;2;66;136;185m╴[48;2;59;127;176m[38;2;74;142;191m▎[48;2;56;122;171m[38;2;63;127;177m▄[48;2;76;134;180m[38;2;71;129;175m▄[48;2;79;132;174m[38;2;80;133;175m▄[48;2;72;126;168m[38;2;0;0;0m [48;2;73;126;168m[38;2;86;138;181m╶[48;2;71;128;169m[38;2;60;118;160m╹[48;2;79;138;180m[38;2;64;129;170m▅[48;2;67;130;172m[38;2;88;154;194m━[48;2;60;120;162m[38;2;87;152;193m▅[48;2;71;131;171m[38;2;84;149;189m▆[48;2;81;133;172m[38;2;68;120;159m▃[48;2;78;128;167m[38;2;81;130;169m▄[48;2;79;129;168m[38;2;79;128;168m▄[48;2;76;126;164m[38;2;72;123;162m▄[48;2;70;116;156m[38;2;74;126;164m▂[48;2;73;120;160m[38;2;84;128;167m▝[48;2;74;124;163m[38;2;59;109;149m▅[48;2;71;122;161m[38;2;64;116;156m━[48;2;70;120;159m[38;2;71;117;156m▄[48;2;62;109;149m[38;2;71;116;155m▌[48;2;62;108;148m[38;2;68;113;153m▄[48;2;61;107;147m[38;2;69;115;155m▖[48;2;68;114;153m[38;2;61;111;151m▄[48;2;60;106;149m[38;2;76;123;166m╸[48;2;60;104;152m[38;2;72;120;167m▂[48;2;67;113;149m[38;2;58;108;143m┳[48;2;0;0;0m[38;2;33;49;64m▎[48;2;0;0;0m[38;2;0;0;0m [48;2;0;0;0m[38;2;0;0;0m [48;2;61;107;143m[38;2;35;54;72m▎[48;2;53;100;144m[38;2;59;111;151m╸[48;2;51;90;136m[38;2;52;97;142m▅[48;2;54;99;143m[38;2;0;0;0m [48;2;53;99;144m[38;2;33;77;122m▁[48;2;53;104;153m[38;2;39;81;127m▆[48;2;37;79;125m[38;2;0;0;0m [48;2;34;80;123m[38;2;31;77;116m▄[48;2;32;78;119m[38;2;0;0;0m [48;2;34;79;121m[38;2;55;101;141m▃[48;2;38;86;128m[38;2;55;101;141m▅[48;2;52;98;139m[38;2;67;112;152m▖[48;2;50;94;136m[38;2;45;91;131m▇[48;2;44;90;131m[38;2;55;99;142m╵[48;2;43;88;133m[38;2;42;88;128m▅[48;2;43;90;136m[38;2;49;99;146m━[48;2;37;87;130m[38;2;45;90;136m▂[48;2;47;97;137m[38;2;46;90;131m▃[48;2;49;97;135m[38;2;44;86;124m▄[48;2;45;86;124m[38;2;64;106;144m▌[48;2;44;84;122m[38;2;44;84;122m▄[48;2;41;81;119m[38;2;46;86;124m▝[48;2;31;71;108m[38;2;44;84;122m▄[0m
[48;2;24;47;67m[38;2;19;52;93m▄[48;2;11;52;83m[38;2;22;70;112m▄[48;2;83;157;196m[38;2;28;87;128m▎[48;2;94;179;218m[38;2;66;161;203m▂[48;2;26;89;127m[38;2;82;160;197m▎[48;2;27;67;111m[38;2;50;112;156m▁[48;2;33;70;115m[38;2;41;100;146m▁[48;2;63;131;173m[38;2;37;96;137m▊[48;2;80;151;193m[38;2;78;148;202m▄[48;2;80;154;196m[38;2;84;160;212m▄[48;2;77;151;197m[38;2;90;166;211m▂[48;2;77;153;195m[38;2;95;160;208m▅[48;2;78;153;193m[38;2;76;140;182m▄[48;2;77;150;188m[38;2;93;167;205m━[48;2;82;157;196m[38;2;77;143;183m▂[48;2;82;156;196m[38;2;81;149;189m▄[48;2;87;163;201m[38;2;69;140;179m▄[48;2;76;149;188m[38;2;85;157;197m▅[48;2;82;151;191m[38;2;79;147;188m▄[48;2;78;145;185m[38;2;78;145;185m▄[48;2;79;143;185m[38;2;67;133;174m▂[48;2;76;142;191m[38;2;73;139;187m▄[48;2;64;131;180m[38;2;71;138;187m▂[48;2;68;135;184m[38;2;57;125;174m⎻[48;2;72;140;189m[38;2;77;144;193m▄[48;2;69;139;189m[38;2;68;139;188m▄[48;2;68;137;187m[38;2;70;139;189m▄[48;2;62;128;178m[38;2;79;145;194m╸[48;2;62;126;177m[38;2;67;131;182m▄[48;2;65;124;171m[38;2;82;140;186m▂[48;2;67;121;163m[38;2;77;131;172m▃[48;2;75;129;171m[38;2;0;0;0m [48;2;75;128;170m[38;2;91;143;186m▂[48;2;80;137;179m[38;2;90;148;190m▃[48;2;75;141;181m[38;2;73;140;179m▄[48;2;70;134;174m[38;2;92;152;193m▁[48;2;79;139;180m[38;2;65;120;162m▗[48;2;75;134;174m[38;2;68;119;162m▄[48;2;77;129;167m[38;2;86;141;178m▅[48;2;69;121;161m[38;2;77;132;170m▄[48;2;74;128;165m[38;2;82;140;177m▂[48;2;80;136;173m[38;2;67;121;159m┛[48;2;76;134;171m[38;2;68;124;162m▃[48;2;71;127;164m[38;2;79;136;173m▖[48;2;67;119;159m[38;2;77;132;169m▖[48;2;70;119;158m[38;2;77;128;166m▌[48;2;68;115;155m[38;2;72;124;163m▄[48;2;58;108;148m[38;2;79;129;169m━[48;2;55;104;144m[38;2;64;115;154m▆[48;2;64;113;153m[38;2;58;108;149m▄[48;2;60;110;150m[38;2;49;100;139m▂[48;2;50;101;145m[38;2;67;120;162m▘[48;2;69;120;165m[38;2;52;103;149m▇[48;2;64;124;157m[38;2;68;124;158m▄[48;2;0;0;0m[38;2;36;62;75m▎[48;2;0;0;0m[38;2;0;0;0m [48;2;0;0;0m[38;2;0;0;0m [48;2;73;119;153m[38;2;37;57;73m▎[48;2;51;93;143m[38;2;48;102;141m▌[48;2;61;106;152m[38;2;47;93;138m▂[48;2;52;99;145m[38;2;29;76;121m▅[48;2;32;76;121m[38;2;26;70;115m▖[48;2;33;73;119m[38;2;43;82;129m▗[48;2;41;81;124m[38;2;54;95;138m▂[48;2;34;79;119m[38;2;51;97;137m▆[48;2;50;96;136m[38;2;45;91;131m▖[48;2;50;96;136m[38;2;43;89;129m▃[48;2;69;115;155m[38;2;51;97;137m▊[48;2;46;92;132m[38;2;70;116;156m▎[48;2;50;96;136m[38;2;48;94;134m▄[48;2;51;97;137m[38;2;44;90;130m▄[48;2;45;90;130m[38;2;48;94;134m▄[48;2;41;84;132m[38;2;47;94;142m▂[48;2;47;88;134m[38;2;47;94;138m▖[48;2;51;91;132m[38;2;40;84;125m▃[48;2;44;84;122m[38;2;39;77;116m━[48;2;55;93;132m[38;2;72;111;149m┃[48;2;42;82;120m[38;2;41;81;119m▄[48;2;38;78;116m[38;2;43;83;121m▌[48;2;40;80;118m[38;2;37;77;115m┏[0m
[48;2;27;66;107m[38;2;0;0;0m [48;2;20;70;111m[38;2;82;147;186m▗[48;2;81;164;209m[38;2;97;167;211m▌[48;2;68;162;206m[38;2;81;173;218m▆[48;2;62;142;183m[38;2;85;174;218m▇[48;2;89;168;212m[38;2;84;168;214m▄[48;2;79;145;190m[38;2;88;165;212m▇[48;2;83;153;199m[38;2;79;151;200m▄[48;2;71;150;191m[38;2;80;157;200m▌[48;2;83;169;209m[38;2;77;160;197m▅[48;2;74;156;190m[38;2;0;0;0m [48;2;78;146;181m[38;2;83;150;191m▂[48;2;75;136;172m[38;2;75;139;176m▄[48;2;75;135;176m[38;2;75;139;176m▄[48;2;70;131;171m[38;2;81;144;180m▄[48;2;80;141;180m[38;2;72;136;172m▗[48;2;76;139;180m[38;2;69;134;171m▄[48;2;83;153;193m[38;2;72;137;173m▄[48;2;75;143;179m[38;2;67;135;174m┛[48;2;65;137;173m[38;2;82;151;188m▊[48;2;64;131;171m[38;2;68;140;176m▄[48;2;66;136;184m[38;2;80;145;193m▘[48;2;70;139;188m[38;2;81;149;199m▊[48;2;67;135;185m[38;2;57;127;180m╵[48;2;63;131;180m[38;2;76;145;196m▖[48;2;70;140;190m[38;2;68;139;190m▄[48;2;75;144;196m[38;2;76;144;199m▄[48;2;71;137;186m[38;2;82;150;204m▆[48;2;86;148;199m[38;2;72;139;194m▅[48;2;74;132;180m[38;2;75;140;193m▅[48;2;65;125;169m[38;2;71;136;183m▁[48;2;78;135;176m[38;2;71;134;177m▃[48;2;77;131;172m[38;2;77;136;175m▄[48;2;78;137;176m[38;2;91;152;193m▝[48;2;84;150;190m[38;2;89;152;193m▄[48;2;81;140;182m[38;2;97;156;198m▘[48;2;86;139;182m[38;2;82;139;181m▄[48;2;85;135;178m[38;2;69;125;167m▂[48;2;77;134;173m[38;2;87;144;184m╵[48;2;68;126;164m[38;2;83;141;183m▄[48;2;77;133;173m[38;2;67;122;162m━[48;2;79;133;172m[38;2;67;119;162m▗[48;2;71;124;163m[38;2;67;120;162m▄[48;2;73;126;167m[38;2;77;128;171m▁[48;2;74;132;168m[38;2;63;119;159m▆[48;2;79;139;175m[38;2;74;130;171m▄[48;2;71;128;167m[38;2;59;110;154m▗[48;2;58;107;150m[38;2;69;121;161m▘[48;2;70;122;162m[38;2;60;109;154m▄[48;2;51;102;144m[38;2;58;108;152m▚[48;2;56;108;148m[38;2;56;106;149m▄[48;2;58;103;147m[38;2;73;113;159m╺[48;2;56;99;147m[38;2;69;109;157m━[48;2;54;103;141m[38;2;68;114;147m▗[48;2;0;0;0m[38;2;34;54;68m▎[48;2;0;0;0m[38;2;0;0;0m [48;2;0;0;0m[38;2;0;0;0m [48;2;55;99;134m[38;2;16;26;34m▎[48;2;49;98;140m[38;2;31;76;125m▗[48;2;34;78;123m[38;2;0;0;0m [48;2;38;84;129m[38;2;31;76;119m▆[48;2;31;75;119m[38;2;45;91;130m▂[48;2;43;83;129m[38;2;53;96;139m▆[48;2;48;93;133m[38;2;44;86;128m▚[48;2;53;99;139m[38;2;45;91;131m▖[48;2;47;93;132m[38;2;56;102;142m▂[48;2;49;95;135m[38;2;50;96;136m▄[48;2;60;106;145m[38;2;49;94;134m┓[48;2;47;92;131m[38;2;72;118;157m▎[48;2;45;90;130m[38;2;47;92;132m▄[48;2;44;89;130m[38;2;43;88;132m▄[48;2;46;93;134m[38;2;45;89;136m▄[48;2;48;97;140m[38;2;51;101;148m▝[48;2;52;103;146m[38;2;43;93;133m▂[48;2;39;89;130m[38;2;44;94;134m▗[48;2;40;88;126m[38;2;44;95;135m▃[48;2;55;99;137m[38;2;71;116;153m┃[48;2;42;83;121m[38;2;47;89;127m▄[48;2;41;80;118m[38;2;37;78;116m┛[48;2;39;78;116m[38;2;44;80;119m▁[0m
[48;2;23;87;124m[38;2;78;167;210m▅[48;2;81;165;206m[38;2;0;0;0m [48;2;87;172;212m[38;2;82;173;215m▄[48;2;81;171;215m[38;2;72;162;205m▌[48;2;79;169;214m[38;2;84;174;218m▄[48;2;80;162;210m[38;2;89;176;222m▌[48;2;86;165;213m[38;2;76;155;203m▄[48;2;94;166;215m[38;2;69;142;191m▅[48;2;80;154;194m[38;2;69;143;184m▄[48;2;75;155;192m[38;2;91;172;209m▃[48;2;79;158;195m[38;2;85;168;203m▖[48;2;75;141;181m[38;2;74;146;185m▎[48;2;75;140;176m[38;2;81;144;184m▎[48;2;72;137;173m[38;2;83;147;183m▗[48;2;76;140;176m[38;2;74;139;175m▄[48;2;76;140;176m[38;2;64;129;165m▝[48;2;83;147;183m[38;2;72;137;174m▌[48;2;70;135;170m[38;2;79;142;176m▎[48;2;82;146;182m[38;2;73;137;171m▌[48;2;80;148;183m[38;2;72;135;171m▅[48;2;83;153;187m[38;2;77;141;178m▄[48;2;72;139;188m[38;2;80;144;191m▖[48;2;66;135;184m[38;2;77;143;193m▃[48;2;69;139;188m[38;2;72;138;188m▄[48;2;70;139;188m[38;2;61;128;175m▂[48;2;61;131;182m[38;2;73;140;189m▆[48;2;80;150;200m[38;2;72;139;186m▄[48;2;76;145;194m[38;2;68;134;179m▁[48;2;74;142;192m[38;2;68;137;181m▖[48;2;70;137;186m[38;2;0;0;0m [48;2;75;139;186m[38;2;69;134;181m▄[48;2;79;143;185m[38;2;77;140;183m▄[48;2;82;142;180m[38;2;68;128;167m▅[48;2;79;143;179m[38;2;77;137;173m▊[48;2;76;144;183m[38;2;80;146;186m▄[48;2;71;137;177m[38;2;76;139;180m▄[48;2;76;137;178m[38;2;46;105;147m▁[48;2;60;119;161m[38;2;79;138;179m▝[48;2;88;146;188m[38;2;56;116;158m▄[48;2;81;139;181m[38;2;60;119;161m▄[48;2;83;136;178m[38;2;72;126;168m▄[48;2;64;114;158m[38;2;64;115;159m▄[48;2;69;118;163m[38;2;70;117;160m▄[48;2;72;121;164m[38;2;72;118;163m▄[48;2;70;117;161m[38;2;60;107;152m▃[48;2;78;127;172m[38;2;66;113;158m▇[48;2;62;109;154m[38;2;58;105;150m╏[48;2;64;112;158m[38;2;80;127;172m▝[48;2;56;104;150m[38;2;62;110;156m▘[48;2;59;107;153m[38;2;52;100;146m┛[48;2;46;96;137m[38;2;54;102;148m▌[48;2;54;98;142m[38;2;53;97;142m▄[48;2;57;100;149m[38;2;72;113;162m▘[48;2;79;120;153m[38;2;52;103;141m▊[48;2;0;0;0m[38;2;39;60;76m▎[48;2;0;0;0m[38;2;0;0;0m [48;2;0;0;0m[38;2;0;0;0m [48;2;49;89;125m[38;2;4;8;11m▎[48;2;26;74;118m[38;2;18;66;109m▁[48;2;33;78;118m[38;2;26;70;114m▊[48;2;42;88;128m[38;2;58;104;144m┏[48;2;51;97;137m[38;2;49;95;135m▄[48;2;56;102;142m[38;2;51;97;137m▄[48;2;42;88;128m[38;2;49;95;135m▎[48;2;53;99;139m[38;2;47;93;133m▌[48;2;54;100;139m[38;2;50;96;136m▌[48;2;47;93;133m[38;2;54;100;140m┓[48;2;74;119;157m[38;2;51;97;137m▊[48;2;41;86;123m[38;2;66;111;149m▌[48;2;43;88;128m[38;2;50;95;135m┓[48;2;41;86;129m[38;2;45;90;135m▗[48;2;46;89;138m[38;2;41;85;134m▄[48;2;44;92;134m[38;2;41;85;128m▆[48;2;40;89;128m[38;2;42;87;127m▄[48;2;44;90;130m[38;2;39;87;126m▌[48;2;38;84;125m[38;2;36;84;124m┗[48;2;54;98;137m[38;2;72;118;155m┃[48;2;37;80;118m[38;2;42;86;123m▚[48;2;43;82;120m[38;2;38;78;116m▘[48;2;42;78;118m[38;2;46;82;121m▘[0m
[48;2;81;168;220m[38;2;61;150;207m▘[48;2;79;171;221m[38;2;84;171;219m▄[48;2;73;165;204m[38;2;84;173;218m▌[48;2;85;177;217m[38;2;76;169;206m▅[48;2;77;169;212m[38;2;80;168;214m▄[48;2;80;164;211m[38;2;80;163;209m▄[48;2;66;142;190m[38;2;77;157;204m▌[48;2;72;144;190m[38;2;82;154;203m┫[48;2;71;145;186m[38;2;74;144;185m▄[48;2;72;152;189m[38;2;67;140;179m▂[48;2;81;160;198m[38;2;70;142;181m▂[48;2;70;138;179m[38;2;74;142;182m▄[48;2;76;142;178m[38;2;94;162;197m▁[48;2;78;142;179m[38;2;67;135;170m▆[48;2;68;133;170m[38;2;83;146;182m▗[48;2;70;135;170m[38;2;78;142;177m▎[48;2;74;139;174m[38;2;70;134;170m▄[48;2;70;135;170m[38;2;68;132;168m▄[48;2;79;140;175m[38;2;71;134;169m▘[48;2;73;133;168m[38;2;85;140;178m━[48;2;77;135;175m[38;2;71;125;164m▊[48;2;74;137;185m[38;2;67;128;172m▄[48;2;70;133;184m[38;2;64;127;168m▃[48;2;71;136;187m[38;2;58;121;168m▆[48;2;65;129;178m[38;2;56;117;160m▂[48;2;76;139;183m[38;2;60;125;171m╸[48;2;81;146;189m[38;2;73;134;172m▄[48;2;67;133;176m[38;2;70;131;170m▄[48;2;75;138;180m[38;2;86;149;189m┣[48;2;76;140;184m[38;2;89;153;195m╸[48;2;74;138;186m[38;2;71;136;180m▄[48;2;74;137;180m[38;2;87;150;192m┏[48;2;78;138;176m[38;2;78;138;177m▄[48;2;67;126;164m[38;2;60;118;160m▄[48;2;60;119;161m[38;2;51;104;146m▃[48;2;56;111;153m[38;2;76;125;164m▗[48;2;51;104;147m[38;2;47;94;136m▄[48;2;57;107;152m[38;2;72;124;170m▁[48;2;47;106;150m[38;2;72;131;177m▂[48;2;55;114;156m[38;2;89;147;188m▃[48;2;56;110;153m[38;2;66;124;164m▖[48;2;61;112;155m[38;2;78;128;169m▂[48;2;66;116;160m[38;2;72;123;167m┣[48;2;61;112;156m[38;2;59;115;158m▄[48;2;64;119;161m[38;2;54;114;156m▗[48;2;54;107;150m[38;2;68;121;163m┛[48;2;60;109;155m[38;2;65;113;157m▄[48;2;56;104;150m[38;2;66;114;159m▆[48;2;54;102;148m[38;2;69;118;160m▃[48;2;51;99;144m[38;2;60;109;150m▁[48;2;53;102;146m[38;2;50;100;142m▄[48;2;62;106;152m[38;2;44;89;134m▅[48;2;58;101;150m[38;2;46;90;139m▂[48;2;70;112;145m[38;2;50;101;139m▊[48;2;0;0;0m[38;2;31;52;68m▎[48;2;0;0;0m[38;2;0;0;0m [48;2;0;0;0m[38;2;0;0;0m [48;2;32;68;100m[38;2;0;1;2m▎[48;2;19;66;111m[38;2;25;72;116m▄[48;2;47;93;135m[38;2;34;77;124m▌[48;2;55;101;142m[38;2;49;96;137m▖[48;2;53;98;139m[38;2;41;87;126m▗[48;2;48;94;133m[38;2;63;109;149m▊[48;2;45;91;130m[38;2;49;95;135m┗[48;2;49;95;135m[38;2;43;89;129m▚[48;2;43;89;129m[38;2;48;94;134m▗[48;2;49;95;135m[38;2;45;91;131m▄[48;2;69;115;153m[38;2;48;93;133m▊[48;2;46;91;129m[38;2;68;113;151m▌[48;2;47;93;133m[38;2;40;85;124m▘[48;2;40;86;128m[38;2;44;90;134m▗[48;2;36;79;128m[38;2;42;88;131m▎[48;2;41;81;122m[38;2;40;84;128m▌[48;2;39;80;121m[38;2;41;81;121m▄[48;2;45;88;129m[38;2;44;84;125m▆[48;2;42;83;124m[38;2;44;83;124m▄[48;2;56;99;137m[38;2;77;120;157m┃[48;2;42;85;123m[38;2;41;89;130m▂[48;2;41;82;121m[38;2;37;82;130m▂[48;2;40;78;119m[38;2;40;77;115m┗[0m
[48;2;87;173;210m[38;2;71;158;195m▖[48;2;89;176;209m[38;2;141;223;248m▗[48;2;99;185;216m[38;2;157;229;252m▅[48;2;102;187;216m[38;2;177;234;253m╸[48;2;75;162;209m[38;2;63;151;198m▝[48;2;77;162;206m[38;2;89;170;217m┃[48;2;83;160;202m[38;2;75;152;194m▄[48;2;75;145;184m[38;2;68;141;179m▖[48;2;79;147;187m[38;2;67;136;176m▅[48;2;61;131;170m[38;2;66;135;175m▄[48;2;77;145;184m[38;2;65;134;173m▎[48;2;72;141;181m[38;2;78;146;187m⎻[48;2;103;173;208m[38;2;71;142;176m▆[48;2;71;137;172m[38;2;80;148;183m▌[48;2;67;132;168m[38;2;75;139;175m▂[48;2;67;129;164m[38;2;85;147;181m▖[48;2;73;134;170m[38;2;70;131;165m▄[48;2;74;139;176m[38;2;64;127;163m▆[48;2;79;138;174m[38;2;69;131;166m▌[48;2;70;129;165m[38;2;75;129;168m▄[48;2;71;127;165m[38;2;64;117;157m▃[48;2;75;136;171m[38;2;74;132;169m▄[48;2;77;138;173m[38;2;75;132;170m▄[48;2;63;126;161m[38;2;76;135;171m▆[48;2;74;133;169m[38;2;68;129;164m▌[48;2;70;130;166m[38;2;67;125;162m▄[48;2;75;134;171m[38;2;65;125;162m▂[48;2;70;129;165m[38;2;74;133;169m▄[48;2;87;145;182m[38;2;77;135;172m▊[48;2;69;133;170m[38;2;84;144;179m▎[48;2;73;139;179m[38;2;76;139;177m▄[48;2;79;140;181m[38;2;63;127;168m╸[48;2;51;108;150m[38;2;75;133;175m▘[48;2;48;105;147m[38;2;58;113;156m▂[48;2;46;98;142m[38;2;59;112;153m▂[48;2;123;170;203m[38;2;58;105;145m▌[48;2;74;123;160m[38;2;103;149;182m▎[48;2;77;131;176m[38;2;70;124;169m▄[48;2;73;134;179m[38;2;62;125;168m▁[48;2;73;132;173m[38;2;61;125;165m▘[48;2;83;137;175m[38;2;74;128;167m▄[48;2;78;126;163m[38;2;108;160;196m▌[48;2;64;119;162m[38;2;75;127;166m▊[48;2;74;132;174m[38;2;62;119;161m▚[48;2;61;119;161m[38;2;50;112;154m┛[48;2;50;103;147m[38;2;64;115;158m▃[48;2;54;102;143m[38;2;60;110;151m▁[48;2;57;107;146m[38;2;66;116;156m▂[48;2;63;113;152m[38;2;53;103;143m▄[48;2;63;113;153m[38;2;53;103;143m▂[48;2;50;101;141m[38;2;64;114;154m▘[48;2;48;95;140m[38;2;63;110;155m▃[48;2;52;97;145m[38;2;55;102;149m▄[48;2;74;121;152m[38;2;58;112;149m▊[48;2;0;0;0m[38;2;35;58;74m▎[48;2;0;0;0m[38;2;0;0;0m [48;2;0;0;0m[38;2;0;0;0m [48;2;34;74;112m[38;2;7;14;21m▌[48;2;29;75;119m[38;2;43;90;134m▅[48;2;46;89;141m[38;2;47;90;141m▄[48;2;44;90;135m[38;2;47;95;143m▌[48;2;50;95;134m[38;2;51;96;140m▎[48;2;57;99;138m[38;2;72;115;155m┫[48;2;54;98;139m[38;2;48;89;127m▌[48;2;49;94;138m[38;2;52;100;145m▗[48;2;50;96;139m[38;2;54;100;145m▌[48;2;42;88;132m[38;2;0;0;0m [48;2;45;93;136m[38;2;65;112;152m▝[48;2;48;95;135m[38;2;74;121;160m▌[48;2;40;87;127m[38;2;45;94;133m▖[48;2;46;92;132m[38;2;42;90;131m▄[48;2;43;90;130m[38;2;39;86;125m┓[48;2;38;82;122m[38;2;45;91;131m▃[48;2;39;81;121m[38;2;43;89;129m▂[48;2;45;88;129m[38;2;40;84;124m┏[48;2;39;81;123m[38;2;48;90;131m▌[48;2;55;101;139m[38;2;80;126;163m┃[48;2;40;90;132m[38;2;34;85;123m▘[48;2;34;82;132m[38;2;37;86;136m▌[48;2;35;77;120m[38;2;33;80;128m▎[0m
[48;2;78;164;202m[38;2;81;163;214m▅[48;2;91;179;211m[38;2;78;161;208m▆[48;2;83;169;208m[38;2;0;0;0m [48;2;83;170;211m[38;2;76;166;196m▘[48;2;73;161;208m[38;2;81;169;216m▆[48;2;74;157;202m[38;2;76;159;204m▄[48;2;80;157;199m[38;2;70;148;189m▁[48;2;66;137;176m[38;2;75;146;185m▚[48;2;70;139;179m[38;2;74;143;183m▄[48;2;72;140;180m[38;2;90;158;198m━[48;2;70;139;179m[38;2;96;164;204m╸[48;2;63;132;172m[38;2;82;151;191m▂[48;2;81;150;184m[38;2;70;141;176m▌[48;2;74;141;176m[38;2;57;124;159m▆[48;2;74;138;173m[38;2;56;122;158m▘[48;2;76;138;173m[38;2;65;126;161m▗[48;2;73;132;168m[38;2;65;125;161m▄[48;2;64;123;160m[38;2;64;122;159m▄[48;2;68;122;161m[38;2;82;135;174m┛[48;2;73;124;163m[38;2;64;116;156m▚[48;2;69;119;159m[38;2;70;120;159m▄[48;2;67;118;158m[38;2;75;128;166m▝[48;2;86;140;178m[38;2;70;121;161m▆[48;2;68;120;159m[38;2;60;111;151m▄[48;2;71;123;162m[38;2;60;110;151m▁[48;2;60;118;155m[38;2;65;121;159m▎[48;2;72;131;168m[38;2;67;126;162m▄[48;2;71;131;167m[38;2;87;145;182m╸[48;2;73;131;168m[38;2;65;125;161m━[48;2;69;130;167m[38;2;67;126;163m▄[48;2;63;121;162m[38;2;0;0;0m [48;2;71;130;171m[38;2;46;100;143m▅[48;2;51;103;146m[38;2;80;127;165m▁[48;2;66;120;163m[38;2;50;102;145m▊[48;2;85;137;179m[38;2;70;123;165m▚[48;2;126;173;206m[38;2;89;135;173m▌[48;2;78;127;165m[38;2;129;177;210m▎[48;2;64;120;167m[38;2;80;132;175m▌[48;2;68;130;174m[38;2;77;139;184m┏[48;2;76;134;175m[38;2;62;125;165m▌[48;2;66;118;157m[38;2;72;131;168m▌[48;2;84;135;170m[38;2;112;162;198m┃[48;2;68;126;164m[38;2;79;136;174m▚[48;2;59;117;159m[38;2;70;127;169m▄[48;2;72;123;166m[38;2;60;109;154m▄[48;2;57;108;152m[38;2;59;109;153m▄[48;2;61;112;153m[38;2;51;103;144m▄[48;2;57;107;147m[38;2;49;100;142m▁[48;2;60;110;150m[38;2;57;106;147m▄[48;2;59;109;149m[38;2;49;99;139m▅[48;2;52;103;142m[38;2;45;95;136m▆[48;2;66;113;159m[38;2;47;95;138m▆[48;2;66;111;159m[38;2;60;107;154m▄[48;2;56;108;142m[38;2;65;119;157m╸[48;2;0;0;0m[38;2;25;49;64m▎[48;2;0;0;0m[38;2;0;0;0m [48;2;0;0;0m[38;2;0;0;0m [48;2;42;83;121m[38;2;12;22;31m▌[48;2;46;92;136m[38;2;55;101;145m━[48;2;44;87;138m[38;2;54;97;148m━[48;2;54;101;147m[38;2;44;91;138m▘[48;2;46;90;131m[38;2;58;103;145m▌[48;2;61;103;142m[38;2;77;120;158m┗[48;2;47;91;133m[38;2;54;97;141m▂[48;2;47;96;148m[38;2;57;106;155m╺[48;2;42;91;142m[38;2;45;91;148m▖[48;2;43;90;140m[38;2;46;94;149m▄[48;2;46;95;144m[38;2;52;100;155m▖[48;2;32;84;124m[38;2;63;114;154m▊[48;2;39;90;129m[38;2;37;89;129m▄[48;2;37;87;127m[38;2;35;87;128m▄[48;2;32;83;122m[38;2;24;74;117m▂[48;2;32;80;120m[38;2;29;79;119m▄[48;2;28;78;119m[38;2;36;84;123m▝[48;2;41;89;129m[38;2;38;88;128m▄[48;2;40;88;129m[38;2;44;94;134m▌[48;2;54;102;139m[38;2;80;128;164m┃[48;2;41;91;135m[38;2;35;86;124m▌[48;2;40;90;139m[38;2;38;86;135m▂[48;2;37;79;123m[38;2;34;82;129m▎[0m
[48;2;74;156;205m[38;2;68;147;194m▄[48;2;77;157;206m[38;2;47;124;173m▁[48;2;78;159;207m[38;2;57;133;181m▂[48;2;81;163;209m[38;2;52;129;176m▂[48;2;82;168;208m[38;2;49;130;169m▂[48;2;80;161;199m[38;2;57;129;169m▂[48;2;62;133;173m[38;2;75;150;188m▌[48;2;78;146;186m[38;2;62;126;167m▄[48;2;66;132;169m[38;2;86;153;191m▘[48;2;67;136;172m[38;2;82;150;185m▗[48;2;74;144;179m[38;2;85;157;194m▝[48;2;89;165;201m[38;2;67;141;174m▅[48;2;72;139;174m[38;2;76;141;176m▄[48;2;64;122;159m[38;2;78;132;170m▄[48;2;67;124;162m[38;2;76;130;168m▃[48;2;69;124;162m[38;2;74;128;166m▄[48;2;60;115;153m[38;2;79;132;171m▁[48;2;64;118;158m[38;2;69;131;165m▝[48;2;63;118;157m[38;2;72;129;165m━[48;2;66;122;160m[38;2;56;111;149m▂[48;2;63;118;157m[38;2;75;129;167m▃[48;2;66;118;157m[38;2;57;112;146m▗[48;2;71;121;164m[38;2;63;118;154m▄[48;2;68;120;162m[38;2;67;117;159m▄[48;2;61;111;154m[38;2;72;122;166m▆[48;2;72;125;165m[38;2;61;113;153m▆[48;2;69;121;160m[38;2;78;129;168m╴[48;2;70;123;161m[38;2;75;126;165m▄[48;2;67;119;159m[38;2;70;121;160m▄[48;2;65;119;155m[38;2;76;129;165m┛[48;2;40;96;145m[38;2;55;110;151m▌[48;2;53;98;133m[38;2;52;101;149m▌[48;2;65;112;139m[38;2;118;159;182m▊[48;2;78;139;176m[38;2;67;121;155m▌[48;2;82;140;176m[38;2;84;144;176m▄[48;2;124;166;195m[38;2;80;128;156m▊[48;2;84;133;168m[38;2;150;193;224m▎[48;2;70;127;171m[38;2;75;133;177m▄[48;2;68;128;166m[38;2;74;134;176m▎[48;2;69;128;169m[38;2;0;0;0m [48;2;65;115;157m[38;2;64;114;155m▄[48;2;122;158;188m[38;2;85;127;161m▌[48;2;66;118;149m[38;2;81;123;150m▎[48;2;72;129;172m[38;2;67;125;162m▊[48;2;59;114;158m[38;2;59;115;163m▄[48;2;55;105;146m[38;2;67;118;161m▘[48;2;49;98;139m[38;2;66;112;151m▃[48;2;47;98;143m[38;2;55;105;151m▖[48;2;48;99;145m[38;2;60;112;159m▝[48;2;49;99;146m[38;2;58;108;154m▚[48;2;47;100;142m[38;2;59;109;154m▖[48;2;60;106;144m[38;2;47;100;137m▌[48;2;64;107;149m[38;2;52;93;133m▅[48;2;54;103;138m[38;2;54;99;135m▄[48;2;0;0;0m[38;2;4;7;9m▌[48;2;0;0;0m[38;2;0;0;0m [48;2;0;0;0m[38;2;0;0;0m [48;2;53;94;132m[38;2;16;25;34m▌[48;2;42;90;131m[38;2;37;79;130m▝[48;2;36;80;125m[38;2;49;92;134m▄[48;2;45;91;131m[38;2;52;97;135m▗[48;2;51;96;134m[38;2;49;94;132m▄[48;2;74;119;156m[38;2;57;102;140m▎[48;2;51;97;141m[38;2;48;95;139m▄[48;2;51;98;154m[38;2;44;91;147m▆[48;2;40;87;142m[38;2;46;93;149m▊[48;2;48;94;150m[38;2;41;89;144m▊[48;2;46;91;145m[38;2;46;94;145m▄[48;2;28;81;120m[38;2;65;115;154m▊[48;2;27;80;124m[38;2;31;83;124m▄[48;2;33;83;130m[38;2;25;71;124m╺[48;2;29;68;120m[38;2;34;75;131m▘[48;2;29;76;120m[38;2;24;71;115m┫[48;2;32;79;127m[38;2;28;73;124m┣[48;2;35;76;132m[38;2;36;84;137m▗[48;2;41;87;131m[38;2;0;0;0m [48;2;55;105;142m[38;2;76;127;162m┃[48;2;39;87;129m[38;2;36;86;124m╸[48;2;42;85;136m[38;2;37;81;132m▝[48;2;41;84;128m[38;2;45;87;131m▅[0m
[48;2;54;130;178m[38;2;73;154;201m▆[48;2;58;133;181m[38;2;79;161;207m▆[48;2;61;137;185m[38;2;82;164;211m▆[48;2;74;150;197m[38;2;64;146;191m▄[48;2;83;155;195m[38;2;57;132;171m▃[48;2;76;145;185m[38;2;87;157;197m▇[48;2;71;137;177m[38;2;71;145;184m▄[48;2;64;130;170m[38;2;79;154;192m▂[48;2;60;129;164m[38;2;64;137;170m▄[48;2;71;140;174m[38;2;72;139;174m▄[48;2;72;139;174m[38;2;68;132;166m▄[48;2;64;131;166m[38;2;66;128;163m▄[48;2;66;127;163m[38;2;79;134;172m┏[48;2;72;127;165m[38;2;68;123;160m▄[48;2;70;124;162m[38;2;67;122;160m▄[48;2;64;119;158m[38;2;77;131;169m▄[48;2;67;123;161m[38;2;66;123;160m▄[48;2;72;129;166m[38;2;0;0;0m [48;2;66;122;157m[38;2;186;217;231m▁[48;2;73;126;152m[38;2;221;235;241m▁[48;2;69;122;146m[38;2;201;216;222m▂[48;2;69;121;138m[38;2;186;200;204m▃[48;2;57;109;136m[38;2;142;170;181m▄[48;2;67;114;148m[38;2;92;132;157m▂[48;2;66;115;157m[38;2;54;104;146m▚[48;2;72;123;162m[38;2;56;107;147m▄[48;2;66;117;157m[38;2;78;130;168m▝[48;2;70;121;161m[38;2;59;110;150m▁[48;2;71;122;161m[38;2;64;115;156m▚[48;2;69;122;157m[38;2;48;101;136m▗[48;2;39;96;145m[38;2;38;94;134m▌[48;2;59;99;128m[38;2;52;99;144m▊[48;2;102;144;166m[38;2;160;200;219m┃[48;2;75;138;174m[38;2;69;123;156m▌[48;2;89;145;177m[38;2;71;134;168m▌[48;2;108;150;177m[38;2;83;130;157m▊[48;2;69;119;155m[38;2;135;179;210m▌[48;2;79;138;181m[38;2;77;135;179m▄[48;2;74;137;174m[38;2;73;138;175m▄[48;2;69;131;171m[38;2;61;128;166m▃[48;2;66;119;156m[38;2;69;128;168m▌[48;2;132;172;199m[38;2;86;131;166m▌[48;2;64;120;157m[38;2;86;130;159m▎[48;2;67;126;171m[38;2;72;132;181m▃[48;2;68;124;170m[38;2;64;118;165m▄[48;2;63;110;147m[38;2;65;110;141m▄[48;2;77;121;153m[38;2;123;162;187m▖[48;2;56;104;146m[38;2;64;110;148m▄[48;2;49;96;136m[38;2;54;101;142m▎[48;2;46;94;136m[38;2;43;89;128m▄[48;2;47;96;134m[38;2;71;122;154m▗[48;2;58;104;141m[38;2;63;106;143m▄[48;2;59;97;137m[38;2;59;92;134m▄[48;2;59;99;134m[38;2;49;91;128m┫[48;2;0;0;0m[38;2;4;8;9m▌[48;2;0;0;0m[38;2;0;0;0m [48;2;0;0;0m[38;2;0;0;0m [48;2;59;99;137m[38;2;17;26;35m▌[48;2;45;91;135m[38;2;42;88;131m▄[48;2;43;87;127m[38;2;52;93;138m▘[48;2;46;92;130m[38;2;35;80;118m▗[48;2;42;87;125m[38;2;47;92;130m┃[48;2;75;120;158m[38;2;55;100;138m▌[48;2;40;88;136m[38;2;42;89;128m▌[48;2;42;89;145m[38;2;47;93;150m▘[48;2;45;92;148m[38;2;42;91;145m▁[48;2;40;87;143m[38;2;46;93;149m▃[48;2;37;88;136m[38;2;42;89;143m▖[48;2;52;102;139m[38;2;70;121;158m┫[48;2;38;82;118m[38;2;8;17;27m▗[48;2;37;78;115m[38;2;0;0;1m▅[48;2;32;61;92m[38;2;2;4;6m▃[48;2;39;78;112m[38;2;3;10;17m▁[48;2;33;82;122m[38;2;0;0;0m [48;2;30;87;137m[38;2;40;100;143m▆[48;2;41;99;137m[38;2;42;100;135m▄[48;2;54;104;140m[38;2;74;131;160m▊[48;2;41;89;131m[38;2;48;97;137m▅[48;2;45;87;139m[38;2;54;96;147m▃[48;2;54;95;136m[38;2;48;89;136m▊[0m
[48;2;75;167;213m[38;2;77;167;212m▄[48;2;74;165;211m[38;2;72;162;207m▄[48;2;74;164;209m[38;2;62;153;198m▘[48;2;74;162;206m[38;2;69;158;204m▄[48;2;64;141;180m[38;2;75;159;201m▆[48;2;60;140;177m[38;2;72;151;192m▄[48;2;68;143;181m[38;2;53;123;163m▃[48;2;81;158;196m[38;2;69;135;173m▇[48;2;70;134;169m[38;2;85;155;190m▘[48;2;62;127;163m[38;2;73;133;169m▗[48;2;73;133;170m[38;2;71;127;164m▄[48;2;64;119;158m[38;2;65;116;156m▄[48;2;81;135;173m[38;2;63;114;154m▆[48;2;73;128;165m[38;2;64;114;153m▆[48;2;65;119;158m[38;2;60;111;150m▆[48;2;74;128;165m[38;2;63;113;153m▅[48;2;61;113;150m[38;2;61;111;150m▄[48;2;77;117;145m[38;2;31;59;82m▗[48;2;161;185;199m[38;2;14;23;34m▆[48;2;201;212;218m[38;2;16;21;28m▇[48;2;131;134;137m[38;2;7;12;21m▇[48;2;7;14;18m[38;2;0;0;0m [48;2;2;7;11m[38;2;8;19;27m▆[48;2;65;102;131m[38;2;14;34;47m▌[48;2;65;114;153m[38;2;62;111;155m▄[48;2;54;106;146m[38;2;66;114;155m▅[48;2;63;114;155m[38;2;64;113;153m▄[48;2;54;105;145m[38;2;65;116;156m▅[48;2;65;115;154m[38;2;62;107;146m▅[48;2;48;98;133m[38;2;53;95;131m▄[48;2;43;99;148m[38;2;44;95;136m▌[48;2;52;101;144m[38;2;73;121;153m▗[48;2;109;154;176m[38;2;154;198;217m┃[48;2;75;138;174m[38;2;92;146;178m▘[48;2;87;153;186m[38;2;74;144;181m▎[48;2;84;139;166m[38;2;60;110;137m╵[48;2;93;149;183m[38;2;141;194;222m▌[48;2;71;137;177m[38;2;79;141;181m▌[48;2;71;136;173m[38;2;64;127;166m▆[48;2;74;131;173m[38;2;63;112;159m┏[48;2;75;133;170m[38;2;66;121;159m▅[48;2;121;160;184m[38;2;69;118;147m▌[48;2;88;135;170m[38;2;74;117;150m┏[48;2;62;120;162m[38;2;68;127;169m▚[48;2;61;119;162m[38;2;67;129;169m▁[48;2;72;117;149m[38;2;0;0;0m [48;2;76;116;149m[38;2;114;150;175m▌[48;2;54;99;138m[38;2;66;112;152m▃[48;2;57;103;141m[38;2;58;104;144m▄[48;2;55;100;139m[38;2;56;101;141m▄[48;2;47;97;133m[38;2;55;101;140m▌[48;2;50;91;134m[38;2;59;102;142m┛[48;2;47;82;125m[38;2;60;100;149m▃[48;2;55;96;131m[38;2;58;106;146m▖[48;2;0;0;0m[38;2;60;86;114m▎[48;2;0;0;0m[38;2;0;0;0m [48;2;0;0;0m[38;2;0;0;0m [48;2;55;96;134m[38;2;15;25;34m▌[48;2;44;91;135m[38;2;47;93;137m▄[48;2;48;90;132m[38;2;38;80;122m▃[48;2;45;90;128m[38;2;51;95;133m┏[48;2;48;92;130m[38;2;51;96;134m▊[48;2;75;120;157m[38;2;52;96;134m▌[48;2;41;89;131m[38;2;54;99;137m▎[48;2;46;98;147m[38;2;42;90;142m▌[48;2;43;93;143m[38;2;0;0;0m [48;2;40;90;141m[38;2;0;0;0m [48;2;42;91;141m[38;2;42;93;138m▄[48;2;72;113;147m[38;2;44;92;131m▎[48;2;10;18;27m[38;2;22;39;50m▄[48;2;0;0;0m[38;2;22;37;45m [48;2;0;0;0m[38;2;0;0;0m [48;2;0;0;0m[38;2;70;96;123m [48;2;65;109;139m[38;2;19;41;60m▘[48;2;45;104;140m[38;2;99;153;172m▂[48;2;53;105;139m[38;2;117;167;179m▁[48;2;75;118;154m[38;2;113;154;167m▂[48;2;64;106;141m[38;2;153;202;203m▂[48;2;72;111;147m[38;2;169;217;214m▃[48;2;73;112;142m[38;2;171;220;209m▄[0m
[48;2;73;159;205m[38;2;66;150;197m▊[48;2;73;158;204m[38;2;78;161;208m▘[48;2;75;161;208m[38;2;81;164;211m▄[48;2;66;153;199m[38;2;68;152;199m▄[48;2;72;155;201m[38;2;66;150;195m━[48;2;66;145;187m[38;2;72;151;193m▄[48;2;58;128;167m[38;2;72;141;180m▃[48;2;64;127;163m[38;2;79;138;173m▗[48;2;62;124;159m[38;2;76;138;171m▖[48;2;64;125;161m[38;2;64;125;161m▄[48;2;63;117;156m[38;2;65;125;161m▎[48;2;64;115;155m[38;2;72;123;162m╺[48;2;64;115;155m[38;2;76;127;166m▖[48;2;68;118;157m[38;2;61;110;151m▆[48;2;62;112;152m[38;2;54;104;144m┓[48;2;63;113;153m[38;2;69;119;159m▂[48;2;63;113;154m[38;2;57;108;151m▄[48;2;65;107;145m[38;2;0;0;0m [48;2;6;15;24m[38;2;51;72;98m▖[48;2;8;13;20m[38;2;8;11;15m▗[48;2;9;17;27m[38;2;6;11;15m▅[48;2;4;9;19m[38;2;34;33;34m▁[48;2;4;12;19m[38;2;83;84;77m▁[48;2;94;120;137m[38;2;32;42;48m▌[48;2;76;114;147m[38;2;146;169;175m▁[48;2;66;105;145m[38;2;68;96;130m▁[48;2;70;115;156m[38;2;58;103;143m┛[48;2;67;119;158m[38;2;59;110;151m⎻[48;2;56;103;144m[38;2;54;104;145m▄[48;2;60;105;140m[38;2;48;92;129m▌[48;2;48;104;153m[38;2;52;103;144m▌[48;2;78;127;158m[38;2;60;112;159m▌[48;2;152;202;223m[38;2;90;136;156m▌[48;2;72;135;174m[38;2;109;159;190m▎[48;2;83;147;181m[38;2;75;143;181m▌[48;2;85;139;165m[38;2;90;148;177m▌[48;2;96;150;180m[38;2;135;187;219m┃[48;2;72;137;173m[38;2;71;132;171m▄[48;2;61;126;165m[38;2;65;132;169m▄[48;2;66;116;162m[38;2;59;113;158m▄[48;2;67;128;161m[38;2;60;117;157m▎[48;2;130;170;190m[38;2;70;123;147m▌[48;2;69;123;156m[38;2;118;157;180m▎[48;2;60;125;165m[38;2;41;103;151m▃[48;2;54;117;162m[38;2;34;90;140m▃[48;2;67;118;152m[38;2;40;90;128m▃[48;2;80;124;156m[38;2;48;95;129m▅[48;2;41;86;127m[38;2;59;105;145m▝[48;2;48;94;134m[38;2;33;78;118m▖[48;2;57;103;143m[38;2;40;85;125m▃[48;2;45;93;133m[38;2;33;81;121m▃[48;2;54;95;140m[38;2;34;74;120m▃[48;2;56;95;144m[38;2;33;72;121m▃[48;2;45;89;121m[38;2;32;82;121m▌[48;2;0;0;0m[38;2;5;8;10m▌[48;2;0;0;0m[38;2;0;0;0m [48;2;0;0;0m[38;2;0;0;0m [48;2;43;83;121m[38;2;9;16;23m▌[48;2;48;94;138m[38;2;25;70;114m▃[48;2;47;90;131m[38;2;27;68;110m▂[48;2;48;92;130m[38;2;31;75;109m▃[48;2;44;88;126m[38;2;28;72;109m▃[48;2;79;123;159m[38;2;46;90;127m▌[48;2;51;96;136m[38;2;33;77;114m▃[48;2;54;103;148m[38;2;31;80;119m▄[48;2;49;97;142m[38;2;36;83;122m▃[48;2;55;102;145m[38;2;78;127;169m╹[48;2;45;94;137m[38;2;66;115;151m▆[48;2;115;165;180m[38;2;67;115;141m▘[48;2;80;116;137m[38;2;126;162;177m▄[48;2;0;0;0m[38;2;65;93;114m [48;2;0;0;0m[38;2;0;0;0m [48;2;0;0;0m[38;2;2;3;5m [48;2;118;159;171m[38;2;0;0;0m▇[48;2;155;203;199m[38;2;41;57;52m▖[48;2;154;209;200m[38;2;181;225;203m▄[48;2;153;200;187m[38;2;134;181;164m┫[48;2;140;191;181m[38;2;159;209;193m▘[48;2;144;201;190m[38;2;132;185;173m▎[48;2;155;217;199m[38;2;119;175;178m▂[0m
[48;2;70;155;201m[38;2;69;150;197m┛[48;2;79;160;207m[38;2;79;160;207m▄[48;2;79;160;207m[38;2;66;146;193m▄[48;2;64;142;190m[38;2;73;155;202m▘[48;2;57;136;182m[38;2;64;147;194m▘[48;2;81;158;199m[38;2;67;147;189m▌[48;2;55;122;161m[38;2;72;143;182m▌[48;2;68;130;165m[38;2;70;131;166m▄[48;2;61;123;161m[38;2;62;115;161m▃[48;2;62;120;160m[38;2;67;130;164m▘[48;2;66;122;160m[38;2;60;112;155m▗[48;2;67;118;158m[38;2;60;111;155m▄[48;2;61;112;154m[38;2;71;121;162m━[48;2;66;115;155m[38;2;59;109;148m▚[48;2;66;116;155m[38;2;51;101;140m▖[48;2;58;108;148m[38;2;63;113;153m▄[48;2;53;100;139m[38;2;0;0;0m [48;2;66;107;147m[38;2;9;25;40m▂[48;2;65;81;101m[38;2;4;8;16m▂[48;2;19;22;28m[38;2;107;112;121m━[48;2;93;97;101m[38;2;12;13;20m▄[48;2;125;125;130m[38;2;6;10;18m▅[48;2;158;159;153m[38;2;9;9;13m▆[48;2;99;108;104m[38;2;33;39;46m▆[48;2;32;48;57m[38;2;77;112;140m▄[48;2;43;69;104m[38;2;67;108;148m▅[48;2;62;104;144m[38;2;72;118;158m▃[48;2;57;108;148m[38;2;73;123;161m▃[48;2;48;101;142m[38;2;62;115;155m▌[48;2;51;100;137m[38;2;41;95;139m▃[48;2;46;99;144m[38;2;46;102;148m▄[48;2;69;119;153m[38;2;54;107;154m▎[48;2;157;206;226m[38;2;82;129;150m▌[48;2;74;132;166m[38;2;118;166;192m▎[48;2;77;141;178m[38;2;72;133;172m▖[48;2;83;137;165m[38;2;94;146;174m┃[48;2;93;140;169m[38;2;143;188;218m┃[48;2;72;133;169m[38;2;60;114;147m▖[48;2;73;138;177m[38;2;61;121;164m▁[48;2;66;128;170m[38;2;79;138;183m━[48;2;65;131;164m[38;2;0;0;0m [48;2;128;168;192m[38;2;73;124;150m▊[48;2;46;98;137m[38;2;109;150;176m▎[48;2;43;97;148m[38;2;29;82;128m▄[48;2;36;79;136m[38;2;25;74;121m▃[48;2;41;84;128m[38;2;26;72;118m▃[48;2;35;80;119m[38;2;28;72;114m┏[48;2;37;83;124m[38;2;31;75;119m▂[48;2;41;87;127m[38;2;29;74;116m▅[48;2;41;87;127m[38;2;30;75;117m▆[48;2;26;73;114m[38;2;39;85;125m▘[48;2;26;67;112m[38;2;30;72;117m▚[48;2;33;72;121m[38;2;22;58;107m▅[48;2;22;66;101m[38;2;0;0;0m [48;2;0;0;0m[38;2;33;61;86m▎[48;2;0;0;0m[38;2;0;0;0m [48;2;0;0;0m[38;2;0;0;0m [48;2;27;66;100m[38;2;5;12;17m▌[48;2;15;60;103m[38;2;21;63;101m▅[48;2;25;65;106m[38;2;29;72;110m▝[48;2;22;65;102m[38;2;26;69;107m▘[48;2;22;64;101m[38;2;0;0;0m [48;2;68;111;150m[38;2;28;72;109m▌[48;2;23;68;105m[38;2;46;88;126m▎[48;2;30;75;114m[38;2;23;67;110m▃[48;2;29;74;113m[38;2;50;95;133m▝[48;2;47;94;130m[38;2;26;70;108m▄[48;2;74;126;149m[38;2;55;102;139m▌[48;2;110;173;178m[38;2;79;146;157m▂[48;2;97;139;149m[38;2;144;189;198m┛[48;2;0;0;0m[38;2;19;28;28m▎[48;2;0;0;0m[38;2;0;0;0m [48;2;0;0;0m[38;2;0;0;0m [48;2;0;0;0m[38;2;0;0;0m [48;2;0;0;0m[38;2;171;208;202m [48;2;160;205;197m[38;2;0;0;0m [48;2;132;192;185m[38;2;167;232;217m▁[48;2;115;176;174m[38;2;123;194;189m╸[48;2;118;174;176m[38;2;108;169;164m▅[48;2;111;170;165m[38;2;119;176;173m▝[0m
[48;2;75;159;207m[38;2;66;147;194m▗[48;2;72;154;201m[38;2;65;146;193m▖[48;2;68;147;195m[38;2;74;155;202m▃[48;2;61;135;184m[38;2;75;153;201m▅[48;2;80;152;200m[38;2;118;192;240m⎻[48;2;68;146;186m[38;2;98;172;216m╸[48;2;60;127;166m[38;2;68;142;180m▌[48;2;61;119;157m[38;2;53;116;152m▖[48;2;69;121;164m[38;2;67;120;157m▃[48;2;76;131;161m[38;2;114;172;185m▁[48;2;67;122;153m[38;2;115;175;184m▃[48;2;77;130;164m[38;2;0;0;0m [48;2;64;114;156m[38;2;58;109;149m╹[48;2;56;105;145m[38;2;65;115;156m▖[48;2;63;112;152m[38;2;55;104;144m▖[48;2;66;116;155m[38;2;59;109;149m▊[48;2;56;101;139m[38;2;0;0;0m [48;2;24;40;56m[38;2;59;106;152m▆[48;2;53;70;95m[38;2;74;111;150m▇[48;2;10;18;31m[38;2;79;105;136m▖[48;2;4;7;15m[38;2;4;6;10m▆[48;2;1;8;15m[38;2;4;6;8m▅[48;2;8;8;9m[38;2;0;0;0m [48;2;46;51;60m[38;2;14;17;21m▆[48;2;71;109;139m[38;2;18;33;44m▖[48;2;57;110;154m[38;2;84;127;152m▁[48;2;53;109;153m[38;2;55;112;157m▄[48;2;56;111;155m[38;2;53;113;163m▄[48;2;65;119;162m[38;2;51;108;152m▃[48;2;58;113;149m[38;2;0;0;0m [48;2;68;122;157m[38;2;91;142;165m▄[48;2;128;177;197m[38;2;77;126;157m▘[48;2;179;226;238m[38;2;128;176;192m▊[48;2;119;164;183m[38;2;163;212;223m▆[48;2;112;171;193m[38;2;152;210;218m▅[48;2;105;165;185m[38;2;131;191;201m▆[48;2;141;181;207m[38;2;118;158;182m▘[48;2;66;124;163m[38;2;74;120;157m▎[48;2;67;130;174m[38;2;53;120;163m▂[48;2;64;134;170m[38;2;59;128;165m▄[48;2;64;129;157m[38;2;81;144;166m▁[48;2;125;167;191m[38;2;73;122;144m▊[48;2;48;102;140m[38;2;109;152;181m▎[48;2;27;84;126m[38;2;37;93;136m▃[48;2;27;78;122m[38;2;35;87;130m⎻[48;2;30;78;124m[38;2;26;73;119m╸[48;2;26;73;119m[38;2;29;76;121m▄[48;2;27;71;116m[38;2;30;75;119m▄[48;2;28;73;117m[38;2;21;65;109m▗[48;2;26;70;115m[38;2;0;0;0m [48;2;25;71;115m[38;2;15;63;103m▝[48;2;20;66;110m[38;2;24;72;117m┛[48;2;20;55;105m[38;2;25;63;111m▗[48;2;26;68;101m[38;2;18;62;102m▌[48;2;0;0;0m[38;2;0;1;1m▌[48;2;0;0;0m[38;2;0;0;0m [48;2;0;0;0m[38;2;0;0;0m [48;2;30;71;97m[38;2;7;17;23m▌[48;2;27;65;99m[38;2;55;94;130m▂[48;2;31;67;105m[38;2;28;63;101m▄[48;2;23;62;99m[38;2;20;52;90m▄[48;2;21;58;96m[38;2;7;37;73m▁[48;2;22;57;95m[38;2;41;80;118m▝[48;2;23;60;102m[38;2;33;73;112m▘[48;2;17;59;104m[38;2;20;60;110m▌[48;2;19;62;104m[38;2;19;59;103m▄[48;2;19;63;102m[38;2;0;0;0m [48;2;61;111;138m[38;2;34;79;115m▌[48;2;86;140;153m[38;2;64;121;137m▌[48;2;109;148;162m[38;2;0;0;0m [48;2;0;0;0m[38;2;47;67;84m [48;2;0;0;0m[38;2;0;0;0m [48;2;0;0;0m[38;2;0;0;0m [48;2;0;0;0m[38;2;0;0;0m [48;2;0;0;0m[38;2;2;4;1m [48;2;139;171;163m[38;2;43;58;53m▌[48;2;165;219;207m[38;2;27;46;43m▁[48;2;121;180;175m[38;2;0;0;0m [48;2;115;173;172m[38;2;112;170;170m╵[48;2;113;172;174m[38;2;110;164;167m▄[0m
[48;2;76;151;196m[38;2;0;0;0m [48;2;67;148;195m[38;2;70;149;192m▄[48;2;79;162;208m[38;2;70;152;200m▘[48;2;69;150;197m[38;2;68;150;198m▄[48;2;63;137;185m[38;2;55;127;177m▂[48;2;68;143;185m[38;2;0;0;0m [48;2;64;136;175m[38;2;52;122;162m▃[48;2;68;124;162m[38;2;60;122;158m▌[48;2;68;126;159m[38;2;56;111;143m▝[48;2;137;196;199m[38;2;100;157;172m▎[48;2;149;210;209m[38;2;142;201;191m▅[48;2;66;122;146m[38;2;112;171;180m▌[48;2;59;112;149m[38;2;53;107;145m┗[48;2;58;108;148m[38;2;66;115;155m▄[48;2;59;109;149m[38;2;53;102;142m▂[48;2;53;102;143m[38;2;58;109;150m▅[48;2;62;112;154m[38;2;60;102;139m▗[48;2;61;104;144m[38;2;25;40;56m▁[48;2;61;97;133m[38;2;3;11;22m▃[48;2;7;13;21m[38;2;55;73;98m▘[48;2;10;12;13m[38;2;54;57;59m━[48;2;8;10;17m[38;2;32;34;47m━[48;2;11;14;17m[38;2;50;57;61m─[48;2;14;18;17m[38;2;57;64;59m─[48;2;32;38;30m[38;2;124;130;111m╺[48;2;90;107;98m[38;2;19;23;8m▁[48;2;68;106;127m[38;2;33;44;40m▃[48;2;56;99;140m[38;2;0;0;0m [48;2;59;106;152m[38;2;64;108;158m╴[48;2;64;117;151m[38;2;0;0;0m [48;2;112;168;188m[38;2;61;121;152m▃[48;2;109;164;186m[38;2;75;134;166m▃[48;2;84;143;171m[38;2;124;181;204m┗[48;2;135;189;211m[38;2;92;152;187m▃[48;2;111;171;199m[38;2;144;202;223m┗[48;2;137;195;211m[38;2;105;166;193m▃[48;2;137;179;209m[38;2;122;165;189m▌[48;2;68;125;163m[38;2;76;139;176m╺[48;2;63;131;177m[38;2;53;120;166m▝[48;2;65;131;167m[38;2;62;124;162m▄[48;2;105;166;182m[38;2;80;147;166m▘[48;2;125;190;196m[38;2;110;173;179m▌[48;2;49;105;142m[38;2;104;162;180m▌[48;2;37;94;137m[38;2;50;106;149m▄[48;2;32;83;127m[38;2;42;95;139m▌[48;2;28;77;122m[38;2;23;69;115m▝[48;2;25;72;117m[38;2;36;83;128m▃[48;2;26;69;113m[38;2;26;71;116m▄[48;2;24;68;113m[38;2;30;75;120m┏[48;2;22;65;109m[38;2;27;71;116m▄[48;2;29;77;120m[38;2;21;67;109m▅[48;2;23;68;112m[38;2;0;0;0m [48;2;24;60;109m[38;2;22;57;107m▄[48;2;29;68;100m[38;2;19;62;101m▊[48;2;0;0;0m[38;2;3;7;9m▌[48;2;0;0;0m[38;2;0;0;0m [48;2;0;0;0m[38;2;0;0;0m [48;2;36;75;102m[38;2;3;9;14m▌[48;2;44;84;119m[38;2;59;99;134m▚[48;2;38;76;114m[38;2;56;90;129m▘[48;2;40;78;117m[38;2;36;81;114m▄[48;2;13;43;79m[38;2;20;60;98m▇[48;2;4;38;73m[38;2;15;57;95m▆[48;2;10;43;81m[38;2;18;58;100m▅[48;2;17;52;99m[38;2;3;34;80m━[48;2;17;50;91m[38;2;0;26;61m╴[48;2;22;60;99m[38;2;4;18;32m▂[48;2;43;77;106m[38;2;0;0;0m [48;2;83;112;128m[38;2;24;43;56m━[48;2;98;120;135m[38;2;9;14;16m▄[48;2;0;0;0m[38;2;73;92;105m [48;2;0;0;0m[38;2;0;0;0m [48;2;0;0;0m[38;2;1;1;1m [48;2;0;0;0m[38;2;0;0;0m [48;2;0;0;0m[38;2;0;0;0m [48;2;0;0;0m[38;2;0;0;0m [48;2;22;29;28m[38;2;123;149;146m▗[48;2;112;161;156m[38;2;0;3;2m▁[48;2;119;173;172m[38;2;14;27;27m▂[48;2;118;167;171m[38;2;20;47;51m▂[0m
[48;2;77;145;176m[38;2;110;170;196m┛[48;2;71;144;178m[38;2;64;136;171m▆[48;2;68;143;188m[38;2;59;129;173m▅[48;2;63;136;185m[38;2;58;122;172m▆[48;2;51;118;167m[38;2;61;125;174m▅[48;2;50;115;159m[38;2;63;128;174m▌[48;2;63;126;166m[38;2;52;113;155m▃[48;2;59;119;156m[38;2;64;127;161m▖[48;2;68;118;154m[38;2;58;112;150m▊[48;2;117;167;183m[38;2;81;130;152m▃[48;2;119;169;177m[38;2;102;146;161m▃[48;2;62;105;137m[38;2;98;142;161m▘[48;2;56;108;144m[38;2;56;107;143m▄[48;2;65;107;145m[38;2;52;101;137m▎[48;2;59;106;146m[38;2;60;108;148m▄[48;2;64;115;162m[38;2;57;114;157m▊[48;2;66;102;145m[38;2;25;40;62m▗[48;2;4;13;26m[38;2;0;0;0m [48;2;0;9;25m[38;2;0;7;18m▄[48;2;0;7;21m[38;2;0;5;15m▂[48;2;0;4;15m[38;2;0;2;10m▂[48;2;0;3;14m[38;2;0;2;7m▂[48;2;0;4;13m[38;2;0;2;9m▃[48;2;0;4;13m[38;2;0;2;8m▂[48;2;6;9;10m[38;2;1;5;13m▇[48;2;24;30;22m[38;2;2;7;15m▅[48;2;35;45;40m[38;2;6;12;22m▄[48;2;13;31;44m[38;2;0;0;0m [48;2;62;115;155m[38;2;35;74;105m▎[48;2;50;114;156m[38;2;63;124;169m▚[48;2;53;112;152m[38;2;55;113;154m▄[48;2;49;107;149m[38;2;63;121;162m▘[48;2;60;119;159m[38;2;51;109;151m▃[48;2;69;127;167m[38;2;96;154;192m▝[48;2;94;154;189m[38;2;87;146;181m▄[48;2;90;150;184m[38;2;83;142;178m▄[48;2;113;171;205m[38;2;90;148;183m▌[48;2;66;128;164m[38;2;78;137;171m▎[48;2;60;128;173m[38;2;50;116;163m▃[48;2;62;124;165m[38;2;51;116;162m▌[48;2;80;139;172m[38;2;104;160;192m╶[48;2;94;147;174m[38;2;66;125;154m▃[48;2;94;149;175m[38;2;52;102;144m▝[48;2;37;88;136m[38;2;58;114;146m▖[48;2;36;86;139m[38;2;50;104;160m▄[48;2;31;88;135m[38;2;54;111;167m▁[48;2;33;89;131m[38;2;40;98;147m▁[48;2;26;76;120m[38;2;37;89;133m▁[48;2;24;72;117m[38;2;35;86;130m▁[48;2;28;71;117m[38;2;31;76;121m▄[48;2;29;71;114m[38;2;35;81;123m▃[48;2;27;64;105m[38;2;40;79;119m▁[48;2;23;60;105m[38;2;35;75;121m▄[48;2;30;73;111m[38;2;19;66;108m▌[48;2;0;0;0m[38;2;4;7;10m▌[48;2;0;0;0m[38;2;0;0;0m [48;2;0;0;0m[38;2;0;0;0m [48;2;39;83;105m[38;2;2;6;8m▌[48;2;48;98;127m[38;2;62;115;136m▂[48;2;51;96;129m[38;2;48;96;128m▄[48;2;42;91;119m[38;2;51;97;128m▆[48;2;27;69;103m[38;2;7;23;38m▗[48;2;17;57;92m[38;2;0;2;3m▃[48;2;23;59;98m[38;2;0;1;2m▃[48;2;20;49;84m[38;2;0;1;3m▄[48;2;28;54;91m[38;2;0;0;0m▆[48;2;0;2;4m[38;2;0;0;0m▅[48;2;0;0;0m[38;2;4;8;11m [48;2;0;0;0m[38;2;1;2;2m [48;2;0;0;0m[38;2;0;0;0m [48;2;0;0;0m[38;2;0;0;0m [48;2;0;0;0m[38;2;0;0;0m [48;2;0;0;0m[38;2;25;32;39m [48;2;0;0;0m[38;2;0;0;0m [48;2;0;0;0m[38;2;0;0;0m [48;2;0;0;0m[38;2;0;0;0m [48;2;0;0;0m[38;2;0;1;0m [48;2;0;0;0m[38;2;2;6;6m▘[48;2;0;2;1m[38;2;0;0;0m▆[48;2;30;48;56m[38;2;2;3;4m▃[0m
[48;2;64;141;179m[38;2;71;143;192m▂[48;2;61;139;183m[38;2;53;131;171m▝[48;2;53;123;167m[38;2;60;131;175m│[48;2;57;118;167m[38;2;46;109;157m▎[48;2;63;126;174m[38;2;58;123;172m▄[48;2;55;120;164m[38;2;64;130;175m╸[48;2;57;119;160m[38;2;50;112;153m━[48;2;62;122;158m[38;2;54;116;152m▊[48;2;61;120;156m[38;2;74;128;163m▝[48;2;58;108;145m[38;2;84;129;160m▝[48;2;79;122;151m[38;2;70;113;152m▄[48;2;57;105;142m[38;2;72;117;154m┛[48;2;55;106;143m[38;2;66;118;154m┗[48;2;57;101;140m[38;2;67;114;153m▘[48;2;50;101;138m[38;2;54;109;142m▅[48;2;53;89;117m[38;2;67;122;152m▊[48;2;3;15;32m[38;2;0;0;0m [48;2;0;7;14m[38;2;0;8;18m▘[48;2;0;5;13m[38;2;0;4;11m▆[48;2;0;3;9m[38;2;0;2;8m▄[48;2;0;1;6m[38;2;0;1;8m▘[48;2;0;1;6m[38;2;0;0;4m▄[48;2;0;1;6m[38;2;0;1;5m▆[48;2;0;1;8m[38;2;0;2;6m▅[48;2;0;2;9m[38;2;0;2;7m▆[48;2;0;3;16m[38;2;0;3;12m▌[48;2;0;6;20m[38;2;0;9;27m▝[48;2;0;9;22m[38;2;0;12;27m┗[48;2;59;108;147m[38;2;16;46;72m▎[48;2;51;113;155m[38;2;72;126;168m▖[48;2;48;106;149m[38;2;56;114;156m▄[48;2;43;101;144m[38;2;52;110;152m┏[48;2;49;107;149m[38;2;43;101;143m▌[48;2;72;129;171m[38;2;50;108;150m▌[48;2;80;138;179m[38;2;63;120;164m▊[48;2;77;136;176m[38;2;79;135;181m▄[48;2;92;149;191m[38;2;79;135;180m▗[48;2;58;116;161m[38;2;73;131;171m▘[48;2;55;119;167m[38;2;45;109;159m▗[48;2;56;121;166m[38;2;48;114;158m│[48;2;81;145;179m[38;2;93;161;194m▅[48;2;101;165;192m[38;2;101;172;198m▄[48;2;101;165;186m[38;2;79;142;175m▂[48;2;53;112;153m[38;2;80;138;169m▎[48;2;52;110;164m[38;2;46;107;161m▄[48;2;62;121;179m[38;2;50;113;164m▆[48;2;51;113;156m[38;2;56;120;166m▌[48;2;53;108;152m[38;2;48;106;149m▄[48;2;42;94;138m[38;2;55;111;154m▅[48;2;47;98;142m[38;2;55;107;150m┏[48;2;47;96;138m[38;2;66;117;160m▖[48;2;54;95;136m[38;2;54;99;140m▄[48;2;43;87;132m[38;2;56;99;144m┓[48;2;47;98;137m[38;2;33;87;126m▁[48;2;0;0;0m[38;2;62;103;137m▎[48;2;0;0;0m[38;2;0;0;0m [48;2;0;0;0m[38;2;0;0;0m [48;2;107;161;170m[38;2;7;13;14m▌[48;2;75;134;147m[38;2;110;176;182m▅[48;2;66;117;139m[38;2;117;174;182m▃[48;2;50;95;116m[38;2;101;155;160m▁[48;2;0;2;2m[38;2;28;62;78m▌[48;2;0;0;0m[38;2;0;0;0m [48;2;0;0;0m[38;2;0;0;0m [48;2;0;0;0m[38;2;0;0;0m [48;2;0;0;0m[38;2;0;0;0m [48;2;0;0;0m[38;2;0;0;0m [48;2;0;0;0m[38;2;0;0;0m [48;2;0;0;0m[38;2;0;0;0m [48;2;0;0;0m[38;2;0;0;0m [48;2;0;0;0m[38;2;0;0;0m [48;2;0;0;0m[38;2;0;0;0m [48;2;0;0;0m[38;2;0;0;0m [48;2;0;0;0m[38;2;0;0;0m [48;2;0;0;0m[38;2;0;0;0m [48;2;0;0;0m[38;2;0;0;0m [48;2;0;0;0m[38;2;0;0;0m [48;2;0;0;0m[38;2;0;0;0m [48;2;0;0;0m[38;2;0;0;0m [48;2;0;0;0m[38;2;1;3;3m▝[0m
[48;2;63;133;181m[38;2;59;128;169m▅[48;2;59;133;177m[38;2;57;130;170m┓[48;2;63;140;179m[38;2;0;0;0m [48;2;60;137;176m[38;2;48;127;163m▁[48;2;64;136;174m[38;2;53;134;166m▖[48;2;54;117;156m[38;2;60;128;165m▎[48;2;55;113;152m[38;2;0;0;0m [48;2;63;122;159m[38;2;65;125;161m▄[48;2;60;122;157m[38;2;55;118;154m▄[48;2;57;111;150m[38;2;64;124;160m▅[48;2;53;103;143m[38;2;60;113;153m▄[48;2;46;96;136m[38;2;53;104;144m┳[48;2;53;106;143m[38;2;44;95;134m╺[48;2;53;98;139m[38;2;44;90;130m▌[48;2;49;104;141m[38;2;60;108;154m▖[48;2;23;51;74m[38;2;59;108;141m▊[48;2;1;7;21m[38;2;0;2;6m▎[48;2;0;6;10m[38;2;1;6;13m▌[48;2;0;3;7m[38;2;0;4;9m▊[48;2;0;1;6m[38;2;0;2;7m▎[48;2;0;1;5m[38;2;0;0;3m▗[48;2;0;0;4m[38;2;0;0;5m━[48;2;0;0;5m[38;2;0;1;4m▄[48;2;0;0;5m[38;2;0;0;4m┏[48;2;0;1;5m[38;2;0;0;5m▌[48;2;0;2;10m[38;2;0;2;7m▌[48;2;2;6;14m[38;2;1;5;12m▊[48;2;0;1;12m[38;2;0;5;17m▊[48;2;68;116;157m[38;2;13;34;63m▌[48;2;55;113;159m[38;2;45;109;157m▄[48;2;48;108;157m[38;2;35;97;150m╶[48;2;44;107;154m[38;2;28;90;142m▖[48;2;50;109;154m[38;2;48;114;164m▆[48;2;58;119;163m[38;2;51;120;165m▄[48;2;80;144;182m[38;2;67;131;171m▊[48;2;81;143;184m[38;2;69;137;173m┓[48;2;84;144;188m[38;2;72;140;178m▅[48;2;54;114;158m[38;2;58;126;164m▅[48;2;60;125;169m[38;2;38;114;164m▂[48;2;56;125;165m[38;2;54;130;170m▄[48;2;74;140;175m[38;2;64;133;165m▄[48;2;66;129;161m[38;2;27;73;103m▄[48;2;72;129;163m[38;2;31;73;102m▅[48;2;51;106;151m[38;2;25;70;105m▖[48;2;50;112;165m[38;2;44;105;159m▅[48;2;52;118;165m[38;2;41;107;159m┓[48;2;48;111;152m[38;2;57;120;167m▖[48;2;50;108;151m[38;2;26;84;126m▂[48;2;46;104;147m[38;2;30;88;130m▁[48;2;44;101;143m[38;2;21;79;122m▅[48;2;49;105;146m[38;2;25;85;125m▃[48;2;44;93;135m[38;2;22;78;120m▄[48;2;44;100;149m[38;2;40;88;137m▌[48;2;33;91;130m[38;2;42;103;145m▄[48;2;0;0;0m[38;2;61;104;142m▎[48;2;0;0;0m[38;2;0;0;0m [48;2;0;0;0m[38;2;0;0;0m [48;2;131;185;190m[38;2;11;16;17m▌[48;2;123;188;190m[38;2;120;176;180m▄[48;2;123;182;186m[38;2;117;169;178m▅[48;2;106;165;174m[38;2;0;0;0m [48;2;6;12;13m[38;2;94;139;149m▎[48;2;0;0;0m[38;2;0;0;0m [48;2;0;0;0m[38;2;0;0;0m [48;2;0;0;0m[38;2;0;0;0m [48;2;0;0;0m[38;2;0;0;0m [48;2;0;0;0m[38;2;0;0;0m [48;2;0;0;0m[38;2;9;12;20m [48;2;0;0;0m[38;2;24;29;50m▂[48;2;0;0;0m[38;2;22;27;47m▁[48;2;0;0;0m[38;2;0;0;0m [48;2;0;0;0m[38;2;0;0;0m [48;2;0;0;0m[38;2;0;0;0m [48;2;0;0;0m[38;2;0;0;0m [48;2;0;0;0m[38;2;0;0;0m [48;2;0;0;0m[38;2;0;0;0m [48;2;0;0;0m[38;2;0;0;0m [48;2;0;0;0m[38;2;0;0;0m [48;2;0;0;0m[38;2;0;0;0m [48;2;0;0;0m[38;2;0;0;0m [0m
[48;2;63;130;169m[38;2;51;115;157m▖[48;2;58;127;168m[38;2;65;132;172m▄[48;2;53;128;168m[38;2;66;136;176m▆[48;2;46;124;161m[38;2;52;126;163m▄[48;2;56;126;161m[38;2;63;136;170m▊[48;2;60;117;156m[38;2;51;118;154m▎[48;2;56;107;146m[38;2;64;116;156m▘[48;2;46;99;139m[38;2;62;117;155m▘[48;2;55;111;150m[38;2;53;100;141m▄[48;2;54;105;144m[38;2;59;113;152m┗[48;2;53;106;146m[38;2;56;107;147m▄[48;2;59;111;151m[38;2;48;99;140m━[48;2;47;98;137m[38;2;56;111;147m▊[48;2;59;105;146m[38;2;46;94;134m▎[48;2;45;96;139m[38;2;57;108;151m▅[48;2;34;62;93m[38;2;59;107;143m▊[48;2;0;6;17m[38;2;0;0;0m [48;2;0;5;9m[38;2;0;5;12m▊[48;2;0;4;8m[38;2;0;3;7m [48;2;0;1;6m[38;2;0;3;8m▎[48;2;0;0;4m[38;2;0;2;6m▎[48;2;0;1;4m[38;2;0;1;3m▌[48;2;0;1;3m[38;2;0;1;4m━[48;2;0;0;5m[38;2;0;1;3m▌[48;2;0;1;5m[38;2;0;0;5m▌[48;2;0;1;8m[38;2;0;1;6m▌[48;2;0;4;12m[38;2;0;4;8m▌[48;2;0;2;13m[38;2;0;3;19m┃[48;2;65;113;155m[38;2;8;19;39m▌[48;2;45;109;157m[38;2;47;111;159m▄[48;2;35;96;148m[38;2;51;113;164m▃[48;2;48;112;163m[38;2;57;121;171m▆[48;2;56;123;172m[38;2;46;114;164m╹[48;2;56;125;172m[38;2;51;119;167m┃[48;2;67;134;176m[38;2;56;122;168m▄[48;2;63;130;170m[38;2;60;125;171m▄[48;2;61;128;169m[38;2;57;122;169m▄[48;2;49;117;162m[38;2;40;106;155m▄[48;2;43;117;171m[38;2;52;111;168m▄[48;2;43;98;150m[38;2;0;0;0m [48;2;54;102;138m[38;2;9;33;70m▃[48;2;16;43;70m[38;2;0;0;0m [48;2;21;42;73m[38;2;18;41;66m▎[48;2;17;41;74m[38;2;61;98;138m▝[48;2;57;104;147m[38;2;19;53;85m▂[48;2;41;103;153m[38;2;58;109;151m▖[48;2;25;87;135m[38;2;41;108;158m▘[48;2;29;87;129m[38;2;45;104;146m⎻[48;2;21;75;118m[38;2;32;88;131m┻[48;2;30;85;127m[38;2;15;63;107m▄[48;2;37;95;135m[38;2;33;81;124m▄[48;2;30;93;134m[38;2;28;81;123m▄[48;2;23;77;128m[38;2;25;65;119m▄[48;2;24;75;118m[38;2;10;62;97m╵[48;2;0;0;0m[38;2;59;101;139m▎[48;2;0;0;0m[38;2;0;0;0m [48;2;0;0;0m[38;2;0;0;0m [48;2;121;172;178m[38;2;9;14;15m▌[48;2;115;171;175m[38;2;116;171;176m▄[48;2;103;151;161m[38;2;40;92;102m▁[48;2;86;143;155m[38;2;21;79;91m╴[48;2;10;22;25m[38;2;86;126;141m▖[48;2;0;0;0m[38;2;0;0;0m [48;2;0;0;0m[38;2;0;0;0m [48;2;0;0;0m[38;2;0;0;0m [48;2;0;0;0m[38;2;0;0;0m [48;2;0;0;0m[38;2;0;0;0m [48;2;0;0;0m[38;2;8;10;17m [48;2;20;25;46m[38;2;0;0;0m [48;2;21;26;43m[38;2;0;0;0m [48;2;0;0;0m[38;2;15;19;27m▖[48;2;0;0;0m[38;2;0;0;0m [48;2;0;0;0m[38;2;0;0;0m [48;2;0;0;0m[38;2;0;0;0m [48;2;0;0;0m[38;2;0;0;0m [48;2;0;0;0m[38;2;0;0;0m [48;2;0;0;0m[38;2;0;0;0m [48;2;0;0;0m[38;2;0;0;0m [48;2;0;0;0m[38;2;0;0;0m [48;2;0;0;0m[38;2;0;0;0m [0m
[48;2;63;123;164m[38;2;52;105;150m▄[48;2;51;117;158m[38;2;45;106;153m▄[48;2;53;121;161m[38;2;57;122;162m▄[48;2;53;120;157m[38;2;37;94;124m▂[48;2;59;125;160m[38;2;45;97;131m▃[48;2;50;103;145m[38;2;61;118;156m▌[48;2;62;112;152m[38;2;49;101;147m▄[48;2;46;96;135m[38;2;45;94;137m▄[48;2;51;98;138m[38;2;58;112;149m▗[48;2;53;99;139m[38;2;65;110;151m╸[48;2;56;103;143m[38;2;66;113;152m━[48;2;44;98;137m[38;2;52;101;141m▅[48;2;49;99;140m[38;2;54;109;146m▊[48;2;50;99;143m[38;2;46;94;135m┛[48;2;45;96;139m[38;2;48;98;146m▄[48;2;61;94;127m[38;2;63;107;145m▊[48;2;0;6;14m[38;2;27;50;79m▎[48;2;0;5;9m[38;2;1;7;12m▌[48;2;0;4;7m[38;2;0;3;7m▂[48;2;0;2;6m[38;2;0;1;6m┃[48;2;0;1;3m[38;2;0;0;4m▊[48;2;0;1;3m[38;2;0;0;3m━[48;2;0;1;3m[38;2;0;0;3m━[48;2;0;0;4m[38;2;0;0;3m▌[48;2;0;1;4m[38;2;0;1;5m▄[48;2;0;2;6m[38;2;0;1;8m▝[48;2;0;3;12m[38;2;0;3;8m▌[48;2;0;2;14m[38;2;0;5;22m▗[48;2;56;96;135m[38;2;5;12;24m▌[48;2;47;107;153m[38;2;0;0;0m [48;2;52;113;165m[38;2;41;102;154m▅[48;2;57;120;170m[38;2;52;111;154m▅[48;2;57;122;169m[38;2;51;113;158m▌[48;2;42;108;157m[38;2;53;121;171m▘[48;2;50;117;164m[38;2;0;0;0m [48;2;43;108;158m[38;2;54;122;163m▅[48;2;57;122;169m[38;2;49;108;147m▃[48;2;50;113;161m[38;2;36;86;126m▃[48;2;50;115;157m[38;2;35;95;135m▂[48;2;52;113;154m[38;2;15;59;103m▝[48;2;9;41;75m[38;2;52;112;151m▅[48;2;19;51;87m[38;2;53;115;153m▆[48;2;19;53;91m[38;2;51;109;149m▖[48;2;8;29;57m[38;2;15;46;83m▖[48;2;9;27;49m[38;2;20;49;80m▝[48;2;28;67;110m[38;2;26;49;75m▄[48;2;43;88;133m[38;2;30;58;91m▖[48;2;29;81;122m[38;2;21;46;76m▃[48;2;25;74;117m[38;2;16;38;72m▄[48;2;33;74;118m[38;2;13;35;69m▄[48;2;26;64;107m[38;2;12;36;70m▅[48;2;19;46;87m[38;2;13;27;46m▃[48;2;26;46;100m[38;2;12;26;27m▄[48;2;28;64;106m[38;2;11;29;23m▄[48;2;0;0;0m[38;2;74;116;149m [48;2;0;0;0m[38;2;0;0;0m [48;2;0;0;0m[38;2;0;0;0m [48;2;64;100;115m[38;2;4;8;9m▌[48;2;78;119;136m[38;2;28;64;68m⎻[48;2;99;145;155m[38;2;0;0;0m [48;2;106;162;172m[38;2;34;64;68m▁[48;2;8;16;19m[38;2;88;127;140m▌[48;2;0;0;0m[38;2;0;2;3m [48;2;0;0;0m[38;2;0;0;0m [48;2;0;0;0m[38;2;0;0;0m [48;2;0;0;0m[38;2;0;0;0m [48;2;0;0;0m[38;2;0;0;0m [48;2;1;2;3m[38;2;0;0;0m▊[48;2;21;27;48m[38;2;0;0;0m▃[48;2;19;23;35m[38;2;0;0;0m▄[48;2;0;0;0m[38;2;6;8;6m▘[48;2;0;0;0m[38;2;0;0;0m [48;2;0;0;0m[38;2;0;0;0m [48;2;0;0;0m[38;2;0;0;0m [48;2;0;0;0m[38;2;0;0;0m [48;2;0;0;0m[38;2;0;0;0m [48;2;0;0;0m[38;2;0;0;0m [48;2;0;0;0m[38;2;0;0;0m [48;2;0;0;0m[38;2;0;0;0m [48;2;0;0;0m[38;2;0;0;0m [0m
[48;2;52;110;153m[38;2;41;107;149m▄[48;2;48;107;156m[38;2;63;123;174m╸[48;2;55;109;149m[38;2;51;97;138m▃[48;2;40;91;120m[38;2;45;83;116m▆[48;2;56;106;141m[38;2;40;84;116m▊[48;2;52;108;153m[38;2;59;112;153m▌[48;2;56;113;161m[38;2;51;114;162m▄[48;2;49;104;147m[38;2;37;100;143m▂[48;2;51;108;146m[38;2;48;108;146m▄[48;2;47;95;135m[38;2;0;0;0m [48;2;52;94;135m[38;2;42;85;126m▌[48;2;46;92;133m[38;2;55;103;143m▝[48;2;57;107;149m[38;2;47;98;139m▅[48;2;60;112;157m[38;2;49;101;147m▄[48;2;52;101;151m[38;2;47;96;147m▁[48;2;58;99;139m[38;2;51;94;134m┓[48;2;2;10;18m[38;2;52;85;116m▎[48;2;0;7;12m[38;2;0;9;16m▖[48;2;0;4;8m[38;2;0;5;12m╵[48;2;0;2;6m[38;2;0;2;7m▌[48;2;0;1;4m[38;2;0;1;6m▁[48;2;0;1;3m[38;2;0;1;4m▄[48;2;0;1;4m[38;2;0;1;3m▊[48;2;0;0;5m[38;2;0;1;3m▃[48;2;0;2;5m[38;2;0;2;6m╺[48;2;0;3;6m[38;2;0;2;5m▊[48;2;0;4;11m[38;2;0;3;8m▌[48;2;2;6;11m[38;2;6;13;26m▝[48;2;12;20;29m[38;2;0;0;0m [48;2;31;66;90m[38;2;12;24;33m▃[48;2;48;100;143m[38;2;0;0;0m [48;2;36;105;163m[38;2;42;107;167m▄[48;2;36;106;158m[38;2;57;125;170m▝[48;2;48;113;153m[38;2;51;118;150m▄[48;2;49;116;160m[38;2;43;109;151m▄[48;2;45;112;148m[38;2;49;117;158m▊[48;2;38;89;127m[38;2;43;102;140m▌[48;2;37;83;120m[38;2;42;85;123m▆[48;2;46;107;150m[38;2;39;93;133m▌[48;2;56;121;162m[38;2;37;102;143m▂[48;2;47;115;155m[38;2;35;103;144m▗[48;2;44;113;154m[38;2;33;103;144m▖[48;2;46;106;148m[38;2;39;88;131m▝[48;2;12;37;68m[38;2;17;55;94m▌[48;2;13;26;44m[38;2;15;31;54m▌[48;2;11;24;41m[38;2;0;0;0m [48;2;10;28;51m[38;2;0;0;0m [48;2;10;25;49m[38;2;40;55;80m▁[48;2;16;27;55m[38;2;12;20;42m▃[48;2;20;35;65m[38;2;7;18;40m▅[48;2;10;26;48m[38;2;12;31;60m▘[48;2;12;28;13m[38;2;14;27;35m▘[48;2;9;21;9m[38;2;10;23;10m▄[48;2;9;19;6m[38;2;10;23;7m▖[48;2;0;0;0m[38;2;8;19;6m▌[48;2;0;0;0m[38;2;0;0;0m [48;2;0;0;0m[38;2;0;0;0m [48;2;2;10;20m[38;2;39;69;106m▗[48;2;5;22;38m[38;2;24;49;73m▄[48;2;0;0;0m[38;2;27;47;55m [48;2;0;0;0m[38;2;25;31;43m [48;2;0;0;0m[38;2;76;95;121m▖[48;2;0;0;0m[38;2;0;0;0m [48;2;0;0;0m[38;2;0;0;0m [48;2;0;0;0m[38;2;0;0;0m [48;2;0;0;0m[38;2;0;0;0m [48;2;0;0;0m[38;2;0;0;0m [48;2;0;0;0m[38;2;0;0;0m [48;2;0;0;0m[38;2;0;0;0m [48;2;0;0;0m[38;2;0;0;0m [48;2;0;0;0m[38;2;0;0;0m [48;2;0;0;0m[38;2;0;0;0m [48;2;0;0;0m[38;2;0;0;0m [48;2;0;0;0m[38;2;0;0;0m [48;2;0;0;0m[38;2;0;0;0m [48;2;0;0;0m[38;2;0;0;0m [48;2;0;0;0m[38;2;0;0;0m [48;2;0;0;0m[38;2;0;0;0m [48;2;0;0;0m[38;2;0;0;0m [48;2;0;0;0m[38;2;0;0;0m [0m
[48;2;48;107;150m[38;2;40;93;133m▂[48;2;52;105;153m[38;2;42;97;149m▘[48;2;54;93;133m[38;2;56;102;145m▊[48;2;43;78;111m[38;2;48;84;121m▎[48;2;50;97;133m[38;2;40;81;115m▊[48;2;50;106;147m[38;2;40;100;144m▝[48;2;51;118;165m[38;2;38;108;157m▃[48;2;36;103;144m[38;2;52;121;163m▅[48;2;47;109;146m[38;2;59;122;162m▄[48;2;46;96;137m[38;2;52;107;146m▖[48;2;49;93;134m[38;2;51;97;142m▗[48;2;42;91;132m[38;2;50;97;137m▌[48;2;45;95;136m[38;2;53;103;145m▄[48;2;52;104;149m[38;2;42;93;138m▂[48;2;50;100;149m[38;2;56;109;153m▂[48;2;54;98;138m[38;2;45;91;131m▚[48;2;47;83;113m[38;2;4;11;17m▝[48;2;1;8;15m[38;2;53;76;100m▃[48;2;0;4;11m[38;2;0;3;10m▄[48;2;0;3;9m[38;2;0;5;9m▁[48;2;0;3;9m[38;2;0;2;8m▄[48;2;0;2;6m[38;2;0;2;5m▝[48;2;0;1;4m[38;2;0;2;5m▄[48;2;0;1;4m[38;2;0;2;5m▄[48;2;0;2;5m[38;2;0;2;6m▄[48;2;0;2;6m[38;2;0;2;6m▄[48;2;0;5;8m[38;2;0;3;7m▆[48;2;0;4;10m[38;2;28;50;75m▗[48;2;5;7;18m[38;2;50;73;108m▃[48;2;7;13;31m[38;2;0;0;0m [48;2;58;74;83m[38;2;16;28;41m▊[48;2;84;111;119m[38;2;9;13;11m▁[48;2;63;110;136m[38;2;102;133;143m▂[48;2;48;108;149m[38;2;45;102;148m▄[48;2;46;107;151m[38;2;48;111;157m▄[48;2;48;111;151m[38;2;40;101;142m━[48;2;39;86;125m[38;2;45;100;139m▌[48;2;41;82;121m[38;2;45;82;121m┃[48;2;46;104;146m[38;2;40;89;129m▎[48;2;44;108;150m[38;2;37;101;143m▘[48;2;41;110;150m[38;2;36;104;144m┛[48;2;48;118;159m[38;2;37;104;145m▃[48;2;48;109;152m[38;2;40;103;144m▄[48;2;41;84;120m[38;2;4;27;53m▝[48;2;17;33;55m[38;2;0;0;0m [48;2;13;20;38m[38;2;11;21;39m▝[48;2;10;22;42m[38;2;0;0;0m [48;2;45;61;84m[38;2;11;24;40m▇[48;2;10;18;33m[38;2;18;26;48m▘[48;2;10;20;37m[38;2;15;29;46m▗[48;2;11;28;35m[38;2;10;25;44m▊[48;2;13;30;16m[38;2;0;0;0m [48;2;15;29;12m[38;2;16;28;40m▖[48;2;10;21;7m[38;2;13;25;8m▌[48;2;0;0;0m[38;2;5;10;3m▌[48;2;0;0;0m[38;2;0;0;0m [48;2;0;0;0m[38;2;0;0;0m [48;2;41;72;110m[38;2;0;1;2m▌[48;2;33;67;104m[38;2;13;28;41m▝[48;2;0;0;0m[38;2;3;15;31m [48;2;0;0;0m[38;2;3;5;8m [48;2;9;15;22m[38;2;20;35;52m╏[48;2;0;0;0m[38;2;0;0;0m [48;2;0;0;0m[38;2;0;0;0m [48;2;0;0;0m[38;2;0;1;0m [48;2;0;1;1m[38;2;0;0;0m▅[48;2;0;0;0m[38;2;0;0;0m [48;2;0;0;0m[38;2;0;0;0m [48;2;0;0;0m[38;2;0;0;0m [48;2;0;0;0m[38;2;0;0;0m [48;2;0;0;0m[38;2;0;0;0m [48;2;0;0;0m[38;2;0;0;0m [48;2;0;0;0m[38;2;0;0;0m [48;2;0;0;0m[38;2;0;0;0m [48;2;0;0;0m[38;2;0;0;0m [48;2;0;0;0m[38;2;0;0;0m [48;2;0;0;0m[38;2;0;0;0m [48;2;0;0;0m[38;2;0;0;0m [48;2;0;0;0m[38;2;0;0;0m [48;2;0;0;0m[38;2;0;0;0m [0m
[48;2;46;99;135m[38;2;47;99;137m▄[48;2;53;110;147m[38;2;43;99;136m▆[48;2;53;103;141m[38;2;61;109;147m│[48;2;39;78;118m[38;2;45;88;127m▎[48;2;53;101;142m[38;2;41;80;123m▊[48;2;51;111;152m[38;2;0;0;0m [48;2;46;115;162m[38;2;47;109;153m▄[48;2;51;113;164m[38;2;41;95;145m▅[48;2;53;115;156m[38;2;43;102;147m▌[48;2;50;109;151m[38;2;55;120;160m▘[48;2;41;99;141m[38;2;50;110;153m▃[48;2;50;100;145m[38;2;44;103;145m▆[48;2;46;99;142m[38;2;49;112;154m▄[48;2;41;95;139m[38;2;45;106;149m▆[48;2;57;115;158m[38;2;47;106;149m▆[48;2;52;111;155m[38;2;46;101;144m▃[48;2;50;109;150m[38;2;49;100;141m▃[48;2;9;19;34m[38;2;50;89;126m▌[48;2;0;4;10m[38;2;0;3;13m▊[48;2;0;6;9m[38;2;0;7;9m┗[48;2;0;3;10m[38;2;0;5;9m▎[48;2;0;2;8m[38;2;0;2;9m▊[48;2;0;1;7m[38;2;0;1;6m▘[48;2;0;2;8m[38;2;0;1;6m┃[48;2;0;2;10m[38;2;0;2;10m▄[48;2;0;2;7m[38;2;0;4;11m▖[48;2;0;2;10m[38;2;0;1;8m▌[48;2;52;94;119m[38;2;5;17;27m▊[48;2;44;96;136m[38;2;60;109;140m▎[48;2;43;90;130m[38;2;0;0;0m [48;2;11;28;44m[38;2;41;79;106m▁[48;2;9;12;16m[38;2;57;56;69m▄[48;2;31;51;65m[38;2;60;80;103m▂[48;2;49;107;144m[38;2;61;107;139m▎[48;2;50;117;159m[38;2;36;98;143m▅[48;2;50;117;156m[38;2;44;105;145m▃[48;2;46;96;135m[38;2;52;108;147m▘[48;2;38;80;118m[38;2;42;81;119m┗[48;2;46;98;138m[38;2;36;82;121m▌[48;2;40;98;139m[38;2;46;109;151m▝[48;2;39;106;149m[38;2;30;93;137m▅[48;2;38;100;148m[38;2;35;93;143m▄[48;2;42;103;149m[38;2;32;92;136m▗[48;2;46;98;138m[38;2;37;94;134m┓[48;2;37;76;112m[38;2;5;26;52m▝[48;2;7;21;44m[38;2;0;0;0m [48;2;12;20;43m[38;2;43;56;89m▗[48;2;10;16;39m[38;2;24;34;67m▖[48;2;12;16;33m[38;2;6;22;42m▁[48;2;11;22;43m[38;2;0;0;0m [48;2;11;26;51m[38;2;15;42;76m▂[48;2;15;32;47m[38;2;14;39;66m▄[48;2;12;32;20m[38;2;18;36;59m▌[48;2;14;30;10m[38;2;13;24;8m▝[48;2;0;0;0m[38;2;4;6;2m▌[48;2;0;0;0m[38;2;0;0;0m [48;2;0;0;0m[38;2;0;0;0m [48;2;33;59;88m[38;2;5;9;13m▊[48;2;20;54;95m[38;2;32;75;114m┏[48;2;0;1;2m[38;2;26;55;90m▌[48;2;0;0;0m[38;2;0;0;0m [48;2;3;7;12m[38;2;23;44;69m╵[48;2;0;0;0m[38;2;0;0;0m [48;2;0;0;0m[38;2;0;0;0m [48;2;0;0;0m[38;2;0;0;0m [48;2;0;0;0m[38;2;0;0;0m [48;2;0;0;0m[38;2;0;0;0m [48;2;0;0;0m[38;2;0;0;0m [48;2;0;0;0m[38;2;0;0;0m [48;2;0;0;0m[38;2;0;0;0m [48;2;0;0;0m[38;2;0;0;0m [48;2;0;0;0m[38;2;0;0;0m [48;2;0;0;0m[38;2;0;0;0m [48;2;0;0;0m[38;2;0;0;0m [48;2;0;0;0m[38;2;0;0;0m [48;2;0;0;0m[38;2;0;0;0m [48;2;0;0;0m[38;2;0;0;0m [48;2;0;0;0m[38;2;0;0;0m [48;2;0;0;0m[38;2;0;0;0m [48;2;41;68;98m[38;2;7;12;18m▊[0m
[48;2;37;90;135m[38;2;47;99;142m▘[48;2;40;90;134m[38;2;40;88;136m▄[48;2;47;100;145m[38;2;36;90;134m━[48;2;46;105;149m[38;2;32;99;147m▂[48;2;42;96;146m[38;2;45;104;160m▖[48;2;43;97;141m[38;2;47;98;147m▄[48;2;49;96;140m[38;2;38;86;130m╸[48;2;45;89;131m[38;2;17;49;83m▁[48;2;41;96;138m[38;2;46;106;146m▃[48;2;42;103;144m[38;2;44;110;151m▖[48;2;53;112;155m[38;2;43;102;144m▄[48;2;50;110;152m[38;2;42;96;139m▃[48;2;49;109;152m[38;2;39;90;134m▁[48;2;40;104;146m[38;2;47;104;146m▄[48;2;46;106;149m[38;2;37;96;138m▌[48;2;41;100;142m[38;2;49;108;151m▎[48;2;43;90;127m[38;2;0;0;0m [48;2;0;5;14m[38;2;22;41;62m▎[48;2;0;6;12m[38;2;1;6;15m▌[48;2;0;6;10m[38;2;0;0;0m [48;2;0;2;12m[38;2;0;4;11m▎[48;2;0;2;9m[38;2;0;1;10m▄[48;2;0;1;7m[38;2;0;1;6m▄[48;2;0;2;10m[38;2;0;1;8m▌[48;2;0;2;12m[38;2;0;3;12m▄[48;2;0;3;10m[38;2;0;5;10m╵[48;2;0;3;12m[38;2;1;2;9m▊[48;2;37;77;98m[38;2;0;5;11m▊[48;2;37;90;130m[38;2;49;100;129m▎[48;2;31;88;132m[38;2;43;86;137m▃[48;2;41;70;101m[38;2;56;99;139m▊[48;2;17;37;58m[38;2;5;13;23m┃[48;2;53;93;127m[38;2;53;78;103m▎[48;2;38;94;138m[38;2;32;88;135m┏[48;2;38;94;139m[38;2;30;80;127m▆[48;2;40;96;137m[38;2;35;89;132m▎[48;2;45;97;136m[38;2;37;88;127m▄[48;2;38;80;118m[38;2;42;87;125m▎[48;2;39;88;127m[38;2;34;78;118m▊[48;2;43;95;136m[38;2;30;86;128m▝[48;2;35;93;137m[38;2;42;101;148m▝[48;2;36;88;140m[38;2;44;96;148m╹[48;2;33;84;138m[38;2;38;90;145m▚[48;2;33;94;139m[38;2;22;81;131m▖[48;2;32;84;122m[38;2;26;91;132m▖[48;2;12;39;68m[38;2;33;73;108m▌[48;2;22;56;98m[38;2;5;28;58m▌[48;2;38;70;105m[38;2;37;82;126m▆[48;2;25;64;97m[38;2;3;33;57m┃[48;2;36;67;97m[38;2;40;88;126m▇[48;2;36;79;120m[38;2;30;83;131m▅[48;2;23;55;96m[38;2;38;79;127m▅[48;2;12;39;70m[38;2;43;79;119m▖[48;2;9;26;15m[38;2;10;32;46m▎[48;2;0;0;0m[38;2;20;36;12m▎[48;2;0;0;0m[38;2;0;0;0m [48;2;0;0;0m[38;2;0;0;0m [48;2;0;0;0m[38;2;29;61;82m [48;2;44;87;112m[38;2;5;9;12m▅[48;2;18;36;49m[38;2;40;59;75m▄[48;2;0;0;0m[38;2;0;0;0m [48;2;20;32;53m[38;2;4;7;11m▊[48;2;0;0;0m[38;2;32;57;82m [48;2;0;0;0m[38;2;0;0;0m [48;2;0;0;0m[38;2;0;0;0m [48;2;0;0;0m[38;2;0;0;0m [48;2;0;0;0m[38;2;0;0;0m [48;2;0;0;0m[38;2;0;0;0m [48;2;0;0;0m[38;2;0;0;0m [48;2;0;0;0m[38;2;0;0;0m [48;2;0;0;0m[38;2;0;0;0m [48;2;0;0;0m[38;2;0;0;0m [48;2;0;0;0m[38;2;0;0;0m [48;2;0;0;0m[38;2;0;0;0m [48;2;0;0;0m[38;2;51;64;89m▗[48;2;0;0;0m[38;2;23;31;44m [48;2;0;0;0m[38;2;26;31;44m▖[48;2;0;0;0m[38;2;43;78;110m▗[48;2;3;6;12m[38;2;36;62;93m▄[48;2;43;75;106m[38;2;0;0;0m▊[0m
[48;2;38;95;139m[38;2;39;104;146m▌[48;2;46;93;140m[38;2;40;92;137m▎[48;2;57;115;160m[38;2;50;106;150m▅[48;2;32;103;148m[38;2;45;117;160m▆[48;2;50;113;158m[38;2;40;106;159m▊[48;2;33;85;123m[38;2;6;33;51m▗[48;2;16;47;66m[38;2;59;98;122m▊[48;2;2;24;40m[38;2;20;57;83m▝[48;2;53;113;144m[38;2;25;57;78m▁[48;2;42;99;141m[38;2;56;91;127m▁[48;2;41;92;140m[38;2;45;89;140m▄[48;2;37;92;130m[38;2;51;110;154m▂[48;2;35;93;134m[38;2;48;110;150m▃[48;2;41;98;144m[38;2;32;91;136m┓[48;2;49;107;153m[38;2;49;107;152m▄[48;2;37;98;143m[38;2;46;105;150m▊[48;2;11;36;57m[38;2;39;89;129m▊[48;2;0;5;16m[38;2;0;0;2m▎[48;2;0;5;12m[38;2;0;6;15m▘[48;2;0;5;11m[38;2;0;3;9m▃[48;2;0;3;12m[38;2;0;3;8m▄[48;2;0;0;9m[38;2;0;2;6m▄[48;2;0;2;6m[38;2;0;2;5m▅[48;2;0;1;8m[38;2;0;2;5m▅[48;2;0;2;10m[38;2;0;2;6m▆[48;2;0;4;9m[38;2;0;2;7m▆[48;2;0;2;11m[38;2;1;2;9m▎[48;2;6;19;32m[38;2;46;91;123m▗[48;2;40;93;133m[38;2;38;95;138m▄[48;2;39;83;136m[38;2;44;91;146m▌[48;2;16;39;56m[38;2;52;88;123m▊[48;2;41;79;114m[38;2;3;16;26m▊[48;2;45;96;140m[38;2;35;84;133m┓[48;2;39;93;137m[38;2;37;88;130m┏[48;2;36;86;131m[38;2;44;93;141m▝[48;2;46;98;144m[38;2;39;90;134m▅[48;2;45;97;139m[38;2;38;89;133m▄[48;2;34;83;126m[38;2;40;91;133m▌[48;2;35;85;129m[38;2;46;95;140m▝[48;2;40;92;135m[38;2;39;90;134m▄[48;2;32;86;131m[38;2;42;94;138m▆[48;2;34;85;132m[38;2;40;91;135m▄[48;2;34;89;133m[38;2;38;94;142m▝[48;2;34;92;136m[38;2;39;98;141m┫[48;2;29;81;125m[38;2;36;85;130m▝[48;2;40;81;125m[38;2;0;0;0m [48;2;11;44;85m[38;2;30;71;113m▁[48;2;38;79;122m[38;2;31;73;110m▄[48;2;5;44;77m[38;2;37;81;121m▌[48;2;42;95;138m[38;2;25;73;116m▌[48;2;26;81;127m[38;2;39;96;141m▄[48;2;27;76;123m[38;2;35;88;131m▄[48;2;39;81;124m[38;2;0;0;0m [48;2;8;27;30m[38;2;49;79;119m▖[48;2;0;0;0m[38;2;0;7;4m▎[48;2;0;0;0m[38;2;0;0;0m [48;2;0;0;0m[38;2;0;0;0m [48;2;0;0;0m[38;2;0;0;0m [48;2;0;0;0m[38;2;0;0;0m [48;2;43;67;103m[38;2;7;12;19m▌[48;2;0;0;0m[38;2;43;69;111m▖[48;2;0;0;0m[38;2;25;35;49m [48;2;30;48;69m[38;2;11;23;38m▄[48;2;0;0;0m[38;2;8;20;32m [48;2;0;0;0m[38;2;0;0;0m [48;2;0;0;0m[38;2;0;0;0m [48;2;0;0;0m[38;2;15;24;48m [48;2;0;0;0m[38;2;15;22;48m [48;2;0;0;0m[38;2;0;0;0m [48;2;0;0;0m[38;2;0;0;0m [48;2;0;0;0m[38;2;0;0;0m [48;2;0;0;0m[38;2;0;0;0m [48;2;0;0;0m[38;2;0;0;0m [48;2;0;0;0m[38;2;28;48;72m [48;2;38;56;79m[38;2;10;17;25m▌[48;2;0;0;0m[38;2;15;23;36m▎[48;2;9;15;27m[38;2;40;62;102m▗[48;2;33;62;101m[38;2;0;0;0m [48;2;32;65;101m[38;2;42;70;105m▝[48;2;0;0;0m[38;2;37;64;103m▎[0m
[48;2;52;104;148m[38;2;46;98;142m▄[48;2;41;89;134m[38;2;45;102;144m▃[48;2;47;102;146m[38;2;40;96;138m▝[48;2;36;101;142m[38;2;45;112;156m▝[48;2;47;107;154m[38;2;44;110;152m▄[48;2;3;19;35m[38;2;44;86;121m▌[48;2;8;18;32m[38;2;14;27;43m╵[48;2;4;19;34m[38;2;7;17;27m▇[48;2;6;19;28m[38;2;6;19;25m▄[48;2;22;50;80m[38;2;3;20;38m▇[48;2;43;87;132m[38;2;0;0;0m [48;2;48;109;160m[38;2;41;97;147m▅[48;2;44;99;144m[38;2;42;85;126m▗[48;2;39;94;136m[38;2;35;84;122m▅[48;2;41;99;137m[38;2;34;91;126m▂[48;2;45;95;134m[38;2;27;82;121m┛[48;2;6;15;26m[38;2;46;86;123m▌[48;2;0;3;9m[38;2;0;5;12m┗[48;2;0;3;9m[38;2;0;3;7m▅[48;2;0;2;5m[38;2;0;2;7m▘[48;2;0;3;6m[38;2;0;2;5m▇[48;2;0;1;4m[38;2;0;1;3m▖[48;2;0;1;4m[38;2;0;2;5m▝[48;2;0;2;6m[38;2;0;2;5m▊[48;2;0;2;6m[38;2;0;2;7m▗[48;2;0;2;6m[38;2;0;0;0m [48;2;0;0;6m[38;2;1;2;11m▊[48;2;56;102;134m[38;2;6;19;33m▌[48;2;37;93;138m[38;2;45;100;146m▃[48;2;33;82;134m[38;2;27;77;127m│[48;2;4;18;29m[38;2;43;83;117m▌[48;2;49;83;118m[38;2;7;19;31m▌[48;2;43;91;139m[38;2;32;83;131m┗[48;2;34;85;125m[38;2;40;93;137m▌[48;2;36;83;128m[38;2;40;87;131m╴[48;2;40;86;132m[38;2;43;91;137m▘[48;2;41;89;135m[38;2;35;81;126m▆[48;2;40;87;133m[38;2;35;80;125m▃[48;2;40;88;133m[38;2;38;84;129m▄[48;2;31;79;125m[38;2;34;80;125m▄[48;2;32;79;125m[38;2;41;86;130m▂[48;2;32;80;126m[38;2;41;86;131m▄[48;2;32;86;130m[38;2;43;97;140m━[48;2;37;98;140m[38;2;49;103;146m▄[48;2;34;90;133m[38;2;41;96;139m▄[48;2;35;87;130m[38;2;32;85;128m▄[48;2;34;81;123m[38;2;23;64;104m▝[48;2;26;64;102m[38;2;13;44;78m▁[48;2;20;65;106m[38;2;39;80;121m▊[48;2;17;63;107m[38;2;37;89;133m▝[48;2;35;88;133m[38;2;26;78;123m▆[48;2;26;79;122m[38;2;27;80;123m▄[48;2;35;76;115m[38;2;28;75;120m▊[48;2;8;18;19m[38;2;40;67;104m▊[48;2;0;0;0m[38;2;1;1;0m [48;2;0;0;0m[38;2;0;0;0m [48;2;0;0;0m[38;2;0;0;0m [48;2;0;0;0m[38;2;0;0;0m [48;2;0;0;0m[38;2;0;0;0m [48;2;37;58;93m[38;2;4;8;13m▌[48;2;4;11;20m[38;2;43;65;100m▆[48;2;0;0;0m[38;2;15;27;43m▎[48;2;0;0;0m[38;2;30;52;82m▝[48;2;1;5;9m[38;2;32;55;84m▅[48;2;2;5;9m[38;2;39;73;106m▅[48;2;4;10;16m[38;2;24;58;88m▄[48;2;4;10;16m[38;2;24;58;89m▄[48;2;0;3;6m[38;2;36;70;102m▅[48;2;1;5;8m[38;2;32;68;95m▅[48;2;0;2;3m[38;2;26;58;84m▅[48;2;0;0;1m[38;2;23;51;75m▅[48;2;0;0;0m[38;2;36;62;93m▖[48;2;0;0;0m[38;2;14;23;37m [48;2;11;18;27m[38;2;33;51;75m▆[48;2;6;10;15m[38;2;39;59;83m▘[48;2;0;0;0m[38;2;15;22;36m [48;2;35;53;91m[38;2;17;24;42m▖[48;2;26;54;94m[38;2;4;25;56m╴[48;2;17;47;82m[38;2;33;65;101m▄[48;2;2;7;13m[38;2;26;51;88m▎[0m
[48;2;47;109;153m[38;2;61;130;175m▂[48;2;42;107;149m[38;2;58;126;175m▅[48;2;55;125;166m[38;2;67;135;178m╴[48;2;31;102;140m[38;2;67;147;178m▄[48;2;39;110;147m[38;2;65;136;169m▅[48;2;4;15;29m[38;2;41;80;107m▎[48;2;11;19;28m[38;2;9;15;28m▅[48;2;7;17;28m[38;2;4;19;33m▗[48;2;48;89;104m[38;2;8;29;38m▊[48;2;14;47;66m[38;2;58;120;152m▆[48;2;42;99;144m[38;2;52;123;175m▂[48;2;56;104;146m[38;2;20;55;86m▗[48;2;42;80;119m[38;2;7;26;46m▅[48;2;41;75;110m[38;2;2;8;21m▃[48;2;46;95;136m[38;2;0;0;0m [48;2;45;88;122m[38;2;39;97;140m▊[48;2;1;6;13m[38;2;31;57;83m▎[48;2;0;3;8m[38;2;0;0;0m [48;2;0;2;6m[38;2;0;0;0m [48;2;0;0;5m[38;2;0;2;5m▊[48;2;0;1;3m[38;2;0;0;4m▄[48;2;0;1;3m[38;2;0;1;4m▝[48;2;0;1;3m[38;2;0;1;4m▘[48;2;0;1;4m[38;2;0;2;5m▝[48;2;0;2;5m[38;2;0;0;4m▃[48;2;0;3;7m[38;2;0;2;5m▎[48;2;0;1;6m[38;2;1;2;11m┃[48;2;49;92;126m[38;2;9;28;47m▌[48;2;38;93;137m[38;2;31;79;126m▃[48;2;38;83;131m[38;2;42;77;109m▗[48;2;0;9;20m[38;2;25;56;86m▎[48;2;47;79;120m[38;2;19;41;61m▘[48;2;35;83;131m[38;2;35;77;126m▄[48;2;35;86;128m[38;2;35;86;129m▄[48;2;40;89;131m[38;2;44;91;136m┗[48;2;35;80;122m[38;2;41;86;130m▌[48;2;28;73;118m[38;2;36;82;124m▆[48;2;31;78;122m[38;2;30;81;121m▄[48;2;31;78;122m[38;2;37;86;129m▌[48;2;31;77;121m[38;2;26;75;114m▂[48;2;32;78;119m[38;2;43;88;133m▝[48;2;32;76;121m[38;2;29;71;114m▆[48;2;29;73;118m[38;2;30;76;116m▄[48;2;42;87;130m[38;2;32;79;122m▊[48;2;35;82;125m[38;2;38;81;122m▄[48;2;33;82;125m[38;2;30;70;110m▄[48;2;38;79;121m[38;2;32;70;108m▄[48;2;14;43;75m[38;2;22;55;90m▆[48;2;32;69;110m[38;2;29;60;99m▄[48;2;31;71;116m[38;2;24;56;99m▖[48;2;35;84;131m[38;2;35;76;122m▃[48;2;28;74;118m[38;2;37;85;129m▊[48;2;26;62;103m[38;2;27;68;113m▊[48;2;7;20;21m[38;2;29;56;93m▊[48;2;0;0;0m[38;2;1;0;0m▎[48;2;0;0;0m[38;2;0;0;0m [48;2;0;0;0m[38;2;0;0;0m [48;2;0;0;0m[38;2;0;0;0m [48;2;0;0;0m[38;2;0;0;0m [48;2;2;4;8m[38;2;45;72;105m▗[48;2;5;10;20m[38;2;29;55;88m▖[48;2;0;0;0m[38;2;23;41;74m▁[48;2;4;7;12m[38;2;35;61;95m▃[48;2;6;11;20m[38;2;23;49;77m▖[48;2;27;47;81m[38;2;12;24;45m▎[48;2;9;28;61m[38;2;15;38;73m▄[48;2;19;41;77m[38;2;34;64;104m▃[48;2;17;37;71m[38;2;30;61;101m▄[48;2;11;31;61m[38;2;37;65;105m▃[48;2;2;18;45m[38;2;32;59;100m▃[48;2;10;25;55m[38;2;32;58;99m▃[48;2;31;50;85m[38;2;5;8;15m▝[48;2;0;0;0m[38;2;0;1;4m [48;2;0;2;4m[38;2;0;0;0m▄[48;2;5;7;11m[38;2;34;50;74m▄[48;2;0;0;0m[38;2;2;4;7m▎[48;2;6;12;27m[38;2;26;48;78m▆[48;2;24;50;88m[38;2;9;29;55m▃[48;2;31;55;88m[38;2;0;0;0m [48;2;0;0;0m[38;2;0;1;2m▚[0m
[48;2;53;128;168m[38;2;44;109;145m▁[48;2;39;110;161m[38;2;59;130;175m▆[48;2;42;115;154m[38;2;63;132;168m▄[48;2;88;166;196m[38;2;76;150;175m▆[48;2;10;34;54m[38;2;76;137;169m▊[48;2;6;11;28m[38;2;0;6;17m▎[48;2;8;15;24m[38;2;0;0;0m [48;2;5;13;22m[38;2;6;16;30m▝[48;2;65;99;126m[38;2;9;25;42m▊[48;2;73;117;154m[38;2;40;98;140m┗[48;2;51;128;176m[38;2;53;114;150m▃[48;2;48;121;160m[38;2;67;148;181m▅[48;2;64;113;141m[38;2;0;0;0m [48;2;0;5;12m[38;2;10;19;28m▎[48;2;54;105;148m[38;2;10;30;46m▎[48;2;36;84;127m[38;2;5;17;36m▗[48;2;0;4;7m[38;2;0;2;5m▌[48;2;0;3;6m[38;2;0;2;7m╵[48;2;0;2;6m[38;2;0;2;5m▅[48;2;0;1;5m[38;2;0;2;5m▘[48;2;0;1;3m[38;2;0;0;4m▘[48;2;0;1;3m[38;2;0;1;2m╸[48;2;0;1;3m[38;2;0;1;3m [48;2;0;0;5m[38;2;0;1;3m▌[48;2;0;2;5m[38;2;0;0;5m▌[48;2;0;2;5m[38;2;0;2;7m▗[48;2;0;0;1m[38;2;1;2;9m▊[48;2;43;77;111m[38;2;7;19;36m▎[48;2;33;81;128m[38;2;30;79;124m▄[48;2;15;35;55m[38;2;44;78;118m▊[48;2;20;46;79m[38;2;0;7;16m▊[48;2;30;69;117m[38;2;43;78;119m▌[48;2;35;80;124m[38;2;25;66;116m▌[48;2;36;85;128m[38;2;22;66;108m▄[48;2;37;88;128m[38;2;26;72;112m▅[48;2;31;71;112m[38;2;35;81;122m▘[48;2;33;78;119m[38;2;32;73;114m▌[48;2;38;89;129m[38;2;35;84;124m▊[48;2;30;77;117m[38;2;36;86;126m▌[48;2;30;75;115m[38;2;31;74;115m▄[48;2;33;76;116m[38;2;30;71;111m▅[48;2;34;74;114m[38;2;30;67;109m▄[48;2;26;67;108m[38;2;32;73;113m▗[48;2;32;74;114m[38;2;25;66;107m▝[48;2;30;71;111m[38;2;30;67;108m▅[48;2;27;64;105m[38;2;30;64;107m▄[48;2;29;63;102m[38;2;32;67;106m┓[48;2;25;55;90m[38;2;19;47;81m▖[48;2;28;52;93m[38;2;31;59;99m▘[48;2;30;66;109m[38;2;26;55;98m▊[48;2;33;75;120m[38;2;24;59;105m▅[48;2;34;74;120m[38;2;26;61;108m▅[48;2;32;72;117m[38;2;0;0;0m [48;2;9;23;23m[38;2;36;67;103m▊[48;2;0;0;0m[38;2;1;0;0m▎[48;2;0;0;0m[38;2;0;0;0m [48;2;0;0;0m[38;2;0;0;0m [48;2;0;0;0m[38;2;0;0;0m [48;2;0;0;0m[38;2;0;0;0m [48;2;17;35;61m[38;2;3;7;12m▊[48;2;28;49;82m[38;2;1;4;7m▘[48;2;3;20;45m[38;2;28;52;88m▌[48;2;31;57;92m[38;2;7;26;56m▎[48;2;29;52;83m[38;2;0;0;0m [48;2;17;36;64m[38;2;3;6;12m▘[48;2;16;41;77m[38;2;10;34;66m▄[48;2;29;61;100m[38;2;38;73;112m┗[48;2;29;64;104m[38;2;33;68;109m━[48;2;35;69;108m[38;2;34;69;108m▄[48;2;35;68;107m[38;2;49;84;123m▆[48;2;34;68;107m[38;2;51;87;126m▆[48;2;38;69;107m[38;2;48;83;120m▆[48;2;0;0;0m[38;2;56;84;120m▎[48;2;41;58;78m[38;2;10;14;19m▊[48;2;46;69;93m[38;2;0;0;0m [48;2;1;4;6m[38;2;27;47;66m▎[48;2;50;82;109m[38;2;40;69;91m▎[48;2;48;72;102m[38;2;0;0;0m [48;2;15;27;46m[38;2;4;7;11m▆[48;2;44;66;95m[38;2;4;7;12m▘[0m
[48;2;32;79;118m[38;2;18;50;83m▃[48;2;43;97;142m[38;2;17;55;92m▄[48;2;68;133;167m[38;2;20;68;99m▄[48;2;93;161;181m[38;2;76;134;158m▖[48;2;8;26;43m[38;2;87;138;158m▎[48;2;10;15;26m[38;2;6;19;37m▎[48;2;9;16;21m[38;2;8;14;23m▂[48;2;9;15;22m[38;2;11;17;24m┃[48;2;7;14;22m[38;2;8;17;29m┗[48;2;14;38;65m[38;2;7;13;22m▇[48;2;29;69;101m[38;2;7;12;23m▇[48;2;54;107;133m[38;2;6;15;28m▆[48;2;57;88;108m[38;2;7;15;28m▆[48;2;10;31;37m[38;2;57;102;130m▃[48;2;57;114;146m[38;2;0;0;0m [48;2;5;14;30m[38;2;48;84;124m▎[48;2;0;3;6m[38;2;0;2;10m▎[48;2;0;2;6m[38;2;0;2;5m▁[48;2;0;0;5m[38;2;0;2;5m▌[48;2;0;1;3m[38;2;0;2;5m▊[48;2;0;1;3m[38;2;0;1;3m [48;2;0;1;3m[38;2;0;1;3m [48;2;0;1;3m[38;2;0;1;4m [48;2;0;0;5m[38;2;0;0;4m▊[48;2;0;2;5m[38;2;0;0;5m▎[48;2;0;2;7m[38;2;0;1;5m▌[48;2;0;0;0m[38;2;0;2;7m▊[48;2;38;74;108m[38;2;12;26;44m▎[48;2;35;83;128m[38;2;26;69;113m▄[48;2;3;12;25m[38;2;37;67;106m▌[48;2;34;64;93m[38;2;2;10;19m▌[48;2;37;81;121m[38;2;27;72;116m┗[48;2;30;75;123m[38;2;0;0;0m [48;2;31;69;115m[38;2;37;79;120m▝[48;2;30;74;115m[38;2;31;69;114m▄[48;2;31;68;109m[38;2;33;69;115m▃[48;2;31;69;110m[38;2;33;69;117m▃[48;2;39;84;125m[38;2;30;71;115m▅[48;2;32;75;117m[38;2;30;72;114m▄[48;2;30;71;111m[38;2;33;74;114m▄[48;2;31;68;109m[38;2;33;73;112m▎[48;2;32;66;108m[38;2;34;67;109m▄[48;2;30;67;108m[38;2;27;64;105m▄[48;2;33;70;111m[38;2;29;68;109m▌[48;2;36;70;113m[38;2;33;65;108m▅[48;2;29;56;99m[38;2;33;63;107m▌[48;2;26;53;93m[38;2;19;45;83m▗[48;2;29;53;90m[38;2;10;35;67m╸[48;2;29;50;92m[38;2;27;47;89m┏[48;2;27;51;95m[38;2;28;62;103m▗[48;2;26;59;105m[38;2;30;73;118m▂[48;2;28;62;109m[38;2;29;75;120m▂[48;2;29;75;118m[38;2;30;72;109m▗[48;2;7;23;18m[38;2;31;67;96m▊[48;2;0;0;0m[38;2;1;0;0m▎[48;2;0;0;0m[38;2;0;0;0m [48;2;0;0;0m[38;2;0;0;0m [48;2;0;0;0m[38;2;0;0;0m [48;2;0;0;0m[38;2;0;0;0m [48;2;0;0;2m[38;2;0;0;0m▌[48;2;26;45;81m[38;2;7;18;46m▂[48;2;5;22;49m[38;2;21;43;77m▌[48;2;23;42;75m[38;2;3;17;42m▌[48;2;29;45;77m[38;2;0;0;0m [48;2;17;37;66m[38;2;18;35;60m▄[48;2;14;39;73m[38;2;1;20;49m▘[48;2;30;61;101m[38;2;26;54;92m▌[48;2;28;60;101m[38;2;36;64;105m▗[48;2;21;52;91m[38;2;35;59;96m▅[48;2;23;54;92m[38;2;35;57;93m▃[48;2;35;68;107m[38;2;24;48;86m▆[48;2;34;66;103m[38;2;23;47;84m▇[48;2;3;9;17m[38;2;29;50;77m▆[48;2;7;13;21m[38;2;32;48;73m▃[48;2;28;44;65m[38;2;3;6;10m▅[48;2;0;0;0m[38;2;21;32;52m▎[48;2;10;18;26m[38;2;34;56;80m┗[48;2;13;22;34m[38;2;14;28;39m▄[48;2;38;61;88m[38;2;13;19;31m▘[48;2;34;61;89m[38;2;24;47;75m▌[0m
[48;2;22;47;77m[38;2;14;34;65m▂[48;2;26;56;85m[38;2;15;40;68m▄[48;2;33;65;94m[38;2;18;48;77m▊[48;2;63;96;124m[38;2;102;137;161m▝[48;2;54;81;105m[38;2;5;16;27m▝[48;2;7;16;32m[38;2;0;0;0m [48;2;8;14;25m[38;2;10;16;30m▎[48;2;7;14;22m[38;2;10;18;27m▝[48;2;8;16;22m[38;2;0;0;0m [48;2;8;13;20m[38;2;9;15;22m▅[48;2;7;12;20m[38;2;4;9;16m┗[48;2;3;8;14m[38;2;5;10;17m▁[48;2;27;50;74m[38;2;1;7;14m▊[48;2;31;76;120m[38;2;54;96;133m▘[48;2;42;75;97m[38;2;40;88;128m▊[48;2;2;7;11m[38;2;0;0;0m [48;2;0;1;7m[38;2;0;2;10m│[48;2;0;2;5m[38;2;0;2;6m▌[48;2;0;0;5m[38;2;0;1;5m▄[48;2;0;0;4m[38;2;0;2;4m│[48;2;0;1;3m[38;2;0;1;3m [48;2;0;1;3m[38;2;0;1;4m╵[48;2;0;1;3m[38;2;0;1;4m▌[48;2;0;0;5m[38;2;0;1;4m▌[48;2;0;0;5m[38;2;0;1;5m▄[48;2;0;1;6m[38;2;0;0;0m [48;2;0;0;2m[38;2;0;3;7m▌[48;2;34;71;113m[38;2;16;35;56m▎[48;2;32;69;108m[38;2;0;0;0m [48;2;0;6;11m[38;2;17;36;52m▎[48;2;39;67;94m[38;2;5;16;29m▎[48;2;31;76;114m[38;2;35;74;114m▄[48;2;35;82;125m[38;2;48;88;128m▃[48;2;35;75;115m[38;2;57;98;128m▂[48;2;29;68;106m[38;2;56;98;123m▃[48;2;31;69;108m[38;2;55;98;123m▃[48;2;34;73;112m[38;2;54;98;122m▃[48;2;38;77;117m[38;2;52;96;121m▃[48;2;34;78;115m[38;2;42;87;121m▁[48;2;30;70;107m[38;2;27;71;108m▎[48;2;31;67;106m[38;2;30;69;107m▌[48;2;31;66;105m[38;2;28;62;100m▆[48;2;26;67;114m[38;2;25;62;103m▊[48;2;29;67;109m[38;2;23;62;103m┓[48;2;28;61;101m[38;2;30;64;103m▄[48;2;22;49;84m[38;2;34;64;100m▊[48;2;21;48;82m[38;2;12;39;72m▖[48;2;34;60;94m[38;2;27;52;85m▎[48;2;25;48;88m[38;2;22;43;79m▃[48;2;32;68;109m[38;2;31;59;100m▌[48;2;29;73;117m[38;2;26;62;104m▂[48;2;29;75;122m[38;2;20;52;101m▄[48;2;30;68;105m[38;2;26;52;90m▆[48;2;12;26;24m[38;2;24;44;69m▌[48;2;0;0;0m[38;2;1;1;1m▎[48;2;0;0;0m[38;2;0;0;0m [48;2;0;0;0m[38;2;0;0;0m [48;2;0;0;0m[38;2;0;0;0m [48;2;0;0;0m[38;2;0;0;0m [48;2;43;66;93m[38;2;11;17;23m▊[48;2;12;26;53m[38;2;14;36;65m▄[48;2;9;20;47m[38;2;25;46;79m▂[48;2;16;36;66m[38;2;3;12;34m▘[48;2;8;24;47m[38;2;11;32;56m▄[48;2;13;27;50m[38;2;7;18;37m▘[48;2;17;33;59m[38;2;10;21;38m▁[48;2;20;38;68m[38;2;22;43;81m▝[48;2;19;39;75m[38;2;12;25;48m▂[48;2;15;32;61m[38;2;7;16;30m▂[48;2;18;36;65m[38;2;10;21;38m▁[48;2;13;29;56m[38;2;0;2;2m▁[48;2;14;30;55m[38;2;0;0;0m [48;2;20;37;62m[38;2;3;7;13m▄[48;2;26;45;70m[38;2;2;6;10m▂[48;2;37;61;85m[38;2;17;35;58m▘[48;2;10;19;26m[38;2;42;78;101m▄[48;2;9;17;23m[38;2;92;132;141m▇[48;2;60;96;113m[38;2;114;166;169m▆[48;2;58;99;110m[38;2;83;133;140m┓[48;2;22;56;71m[38;2;29;68;87m▅[0m
[48;2;19;38;68m[38;2;17;34;66m▄[48;2;17;38;67m[38;2;17;38;68m▄[48;2;21;46;76m[38;2;14;38;67m┗[48;2;24;53;81m[38;2;17;43;74m▄[48;2;47;71;101m[38;2;23;46;78m▆[48;2;4;10;28m[38;2;29;43;73m▎[48;2;7;11;29m[38;2;32;37;64m▗[48;2;3;9;22m[38;2;0;0;0m [48;2;4;10;17m[38;2;6;15;33m▁[48;2;5;11;18m[38;2;2;7;14m▗[48;2;5;10;16m[38;2;4;10;14m▄[48;2;5;10;16m[38;2;3;8;14m▗[48;2;14;26;44m[38;2;1;6;10m▊[48;2;38;64;102m[38;2;0;0;0m [48;2;6;14;23m[38;2;36;60;95m▊[48;2;0;2;5m[38;2;0;6;6m▗[48;2;0;2;6m[38;2;0;2;5m▄[48;2;0;2;5m[38;2;0;2;6m▌[48;2;0;0;5m[38;2;0;1;5m▎[48;2;0;1;3m[38;2;0;0;5m▊[48;2;0;1;3m[38;2;0;1;2m [48;2;0;1;3m[38;2;0;1;4m╵[48;2;0;1;3m[38;2;0;1;4m▘[48;2;0;0;5m[38;2;0;0;4m▌[48;2;0;0;5m[38;2;0;2;5m▗[48;2;0;2;7m[38;2;0;2;5m▌[48;2;5;17;30m[38;2;0;2;4m▊[48;2;32;61;102m[38;2;26;45;70m▎[48;2;5;15;34m[38;2;26;53;93m▊[48;2;1;8;20m[38;2;0;0;0m [48;2;42;69;104m[38;2;34;57;86m▎[48;2;35;66;107m[38;2;30;53;96m▅[48;2;48;85;123m[38;2;27;56;92m▅[48;2;55;93;121m[38;2;30;66;94m▃[48;2;54;97;122m[38;2;29;68;101m▃[48;2;54;97;123m[38;2;32;71;104m▂[48;2;55;98;123m[38;2;40;78;112m▂[48;2;54;97;123m[38;2;32;71;105m▂[48;2;30;73;109m[38;2;52;98;131m▘[48;2;28;68;106m[38;2;36;76;114m▁[48;2;25;61;99m[38;2;30;69;107m▖[48;2;25;60;99m[38;2;30;64;104m╺[48;2;27;65;107m[38;2;38;79;124m▝[48;2;28;65;106m[38;2;31;72;115m▌[48;2;29;62;101m[38;2;23;58;98m▘[48;2;16;44;79m[38;2;26;55;92m▌[48;2;24;54;83m[38;2;0;0;0m [48;2;22;51;77m[38;2;17;46;70m┏[48;2;27;48;79m[38;2;20;42;69m▌[48;2;28;49;85m[38;2;33;55;91m▗[48;2;25;55;96m[38;2;32;58;97m▄[48;2;28;53;103m[38;2;24;51;92m▁[48;2;19;37;69m[38;2;27;48;87m▊[48;2;9;18;7m[38;2;21;36;54m▊[48;2;0;0;0m[38;2;0;0;0m [48;2;0;0;0m[38;2;0;0;0m [48;2;0;0;0m[38;2;0;0;0m [48;2;0;0;0m[38;2;0;0;0m [48;2;0;0;0m[38;2;0;0;0m [48;2;0;0;0m[38;2;33;50;76m▝[48;2;10;30;58m[38;2;0;3;6m▅[48;2;24;48;77m[38;2;9;21;38m▗[48;2;17;37;66m[38;2;0;2;4m▃[48;2;11;29;54m[38;2;1;4;9m▆[48;2;15;29;53m[38;2;0;0;0m▇[48;2;0;0;0m[38;2;14;25;44m [48;2;0;2;3m[38;2;0;0;0m▆[48;2;0;0;0m[38;2;16;29;51m [48;2;0;0;0m[38;2;0;0;0m [48;2;0;0;0m[38;2;6;15;25m [48;2;0;0;0m[38;2;0;0;0m [48;2;0;0;0m[38;2;9;20;36m [48;2;0;0;0m[38;2;5;13;23m [48;2;18;30;48m[38;2;1;2;4m▊[48;2;23;40;64m[38;2;1;2;5m▁[48;2;18;39;61m[38;2;5;7;14m▁[48;2;82;126;133m[38;2;17;34;59m▅[48;2;115;165;167m[38;2;27;54;76m▆[48;2;74;115;126m[38;2;25;48;74m▆[48;2;39;66;94m[38;2;18;42;68m▌[0m
[48;2;24;62;102m[38;2;38;91;139m▃[48;2;27;66;106m[38;2;29;85;131m▄[48;2;24;63;100m[38;2;38;95;140m▅[48;2;37;81;121m[38;2;41;101;146m▄[48;2;36;76;119m[38;2;46;107;148m▃[48;2;8;22;44m[38;2;33;65;105m▊[48;2;41;58;86m[38;2;3;8;20m▌[48;2;3;8;19m[38;2;41;55;79m▎[48;2;22;38;59m[38;2;34;60;93m▇[48;2;8;17;29m[38;2;46;70;102m▖[48;2;2;9;15m[38;2;1;8;11m▘[48;2;2;10;17m[38;2;3;7;19m▃[48;2;0;8;18m[38;2;0;7;18m▄[48;2;14;30;49m[38;2;31;48;74m▝[48;2;5;11;23m[38;2;13;27;47m▁[48;2;0;3;10m[38;2;8;18;35m▁[48;2;0;1;5m[38;2;9;16;31m▁[48;2;0;2;5m[38;2;0;0;0m [48;2;0;2;3m[38;2;0;0;4m▄[48;2;0;1;3m[38;2;0;0;4m▊[48;2;0;1;4m[38;2;0;2;4m▆[48;2;0;1;4m[38;2;0;1;3m▁[48;2;0;1;3m[38;2;0;1;4m▄[48;2;0;2;5m[38;2;0;1;4m▌[48;2;0;2;6m[38;2;0;2;5m▄[48;2;0;1;8m[38;2;0;1;6m▊[48;2;14;32;50m[38;2;0;1;5m▊[48;2;35;60;89m[38;2;26;50;74m▇[48;2;4;14;24m[38;2;31;53;77m▎[48;2;28;58;92m[38;2;4;15;26m▊[48;2;30;65;104m[38;2;32;64;103m▝[48;2;29;59;99m[38;2;33;66;106m▊[48;2;34;63;104m[38;2;0;0;0m [48;2;33;64;98m[38;2;27;54;94m▆[48;2;35;69;106m[38;2;33;63;103m▅[48;2;32;67;102m[38;2;33;63;103m▆[48;2;31;62;101m[38;2;27;58;94m▝[48;2;32;63;102m[38;2;29;59;98m▚[48;2;35;67;107m[38;2;30;59;99m▂[48;2;35;72;111m[38;2;33;64;103m▆[48;2;29;59;98m[38;2;35;65;105m▁[48;2;30;59;99m[38;2;0;0;0m [48;2;21;53;94m[38;2;30;60;95m▅[48;2;23;56;95m[38;2;26;54;89m▆[48;2;32;59;95m[38;2;30;54;90m▄[48;2;26;47;84m[38;2;29;49;86m▃[48;2;24;46;80m[38;2;28;48;84m▄[48;2;24;44;78m[38;2;23;38;76m▅[48;2;31;49;83m[38;2;18;34;71m▅[48;2;30;46;84m[38;2;15;31;67m▄[48;2;32;53;87m[38;2;14;30;59m▄[48;2;24;49;79m[38;2;16;36;57m▅[48;2;19;42;72m[38;2;11;31;56m▄[48;2;7;19;7m[38;2;20;37;58m▊[48;2;0;0;0m[38;2;0;0;0m [48;2;0;0;0m[38;2;0;0;0m [48;2;0;0;0m[38;2;0;0;0m [48;2;0;0;0m[38;2;0;0;0m [48;2;0;0;0m[38;2;0;0;0m [48;2;0;0;0m[38;2;10;17;36m [48;2;0;1;2m[38;2;0;0;0m▊[48;2;0;0;0m[38;2;27;43;71m▘[48;2;0;0;0m[38;2;2;5;12m [48;2;0;0;0m[38;2;0;0;0m [48;2;0;0;0m[38;2;0;1;2m▖[48;2;0;0;0m[38;2;0;0;0m [48;2;0;0;0m[38;2;0;0;0m [48;2;0;0;0m[38;2;0;0;0m [48;2;0;0;0m[38;2;0;0;0m [48;2;0;0;0m[38;2;0;0;0m [48;2;0;0;0m[38;2;0;0;0m [48;2;0;0;0m[38;2;0;0;0m [48;2;0;0;0m[38;2;0;0;0m [48;2;0;0;0m[38;2;0;0;0m [48;2;0;0;0m[38;2;0;0;0m [48;2;0;0;0m[38;2;0;0;0m [48;2;0;0;0m[38;2;15;28;51m▝[48;2;11;26;49m[38;2;1;3;5m▖[48;2;18;38;66m[38;2;15;37;60m▅[48;2;31;59;86m[38;2;17;47;71m▃[0m
[48;2;45;104;151m[38;2;18;66;104m▄[48;2;43;105;150m[38;2;7;51;85m▃[48;2;46;107;150m[38;2;31;79;115m▁[48;2;42;108;150m[38;2;48;102;137m▁[48;2;44;115;153m[38;2;38;100;140m▃[48;2;35;68;101m[38;2;49;99;137m▊[48;2;79;100;123m[38;2;8;19;33m▊[48;2;1;5;11m[38;2;52;73;95m▌[48;2;18;51;85m[38;2;38;76;114m┃[48;2;13;46;86m[38;2;37;89;135m▁[48;2;13;24;45m[38;2;17;46;87m▅[48;2;1;7;20m[38;2;18;34;60m▖[48;2;1;8;26m[38;2;0;6;20m╏[48;2;16;31;53m[38;2;29;43;73m▃[48;2;17;33;58m[38;2;30;45;74m━[48;2;13;30;56m[38;2;9;24;48m▚[48;2;13;28;51m[38;2;23;40;68m▊[48;2;15;25;40m[38;2;15;28;52m▄[48;2;1;5;10m[38;2;0;0;0m [48;2;0;2;4m[38;2;0;2;6m▖[48;2;0;1;4m[38;2;0;2;4m▎[48;2;7;8;16m[38;2;0;0;4m▌[48;2;0;1;3m[38;2;1;2;7m▎[48;2;0;1;4m[38;2;0;1;6m▗[48;2;2;4;9m[38;2;0;0;0m [48;2;1;3;10m[38;2;27;38;56m▃[48;2;26;39;62m[38;2;1;5;16m┛[48;2;26;47;74m[38;2;40;61;91m▊[48;2;0;6;11m[38;2;5;23;42m▎[48;2;33;63;90m[38;2;9;22;33m▎[48;2;32;67;106m[38;2;31;67;106m▄[48;2;26;59;97m[38;2;32;67;105m▌[48;2;28;56;95m[38;2;23;50;92m▝[48;2;30;56;97m[38;2;34;62;102m━[48;2;33;62;102m[38;2;27;55;94m▗[48;2;32;61;101m[38;2;28;56;96m▄[48;2;27;55;94m[38;2;30;58;97m▎[48;2;31;60;99m[38;2;29;57;96m▎[48;2;29;57;96m[38;2;32;62;102m▂[48;2;31;61;101m[38;2;28;56;95m▌[48;2;39;69;109m[38;2;32;61;101m▄[48;2;28;56;96m[38;2;34;64;103m▎[48;2;27;56;90m[38;2;31;61;95m▄[48;2;23;51;86m[38;2;25;55;88m▌[48;2;26;50;87m[38;2;32;55;91m▝[48;2;26;46;83m[38;2;18;37;75m▂[48;2;22;40;70m[38;2;21;41;76m▌[48;2;20;35;69m[38;2;20;33;60m▆[48;2;22;36;67m[38;2;18;31;55m▃[48;2;20;34;65m[38;2;16;28;52m▃[48;2;13;26;50m[38;2;15;28;55m▎[48;2;13;28;48m[38;2;15;28;49m▖[48;2;10;28;53m[38;2;14;28;53m▅[48;2;11;19;7m[38;2;22;33;54m▊[48;2;0;0;0m[38;2;0;0;0m [48;2;0;0;0m[38;2;0;0;0m [48;2;0;0;0m[38;2;0;0;0m [48;2;0;0;0m[38;2;0;0;0m [48;2;0;0;0m[38;2;0;0;0m [48;2;14;22;45m[38;2;0;0;0m▊[48;2;4;7;12m[38;2;0;0;0m [48;2;0;0;0m[38;2;24;38;63m▎[48;2;0;0;0m[38;2;14;25;48m╺[48;2;0;0;0m[38;2;12;24;43m [48;2;0;0;0m[38;2;14;26;49m [48;2;0;0;0m[38;2;0;0;0m [48;2;0;0;0m[38;2;0;0;0m [48;2;0;0;0m[38;2;0;0;0m [48;2;0;0;0m[38;2;0;0;0m [48;2;0;0;0m[38;2;0;0;0m [48;2;0;0;0m[38;2;0;0;0m [48;2;0;0;0m[38;2;0;0;0m [48;2;0;0;0m[38;2;0;0;0m [48;2;0;0;0m[38;2;0;0;0m [48;2;0;0;0m[38;2;0;0;0m [48;2;0;0;0m[38;2;0;0;0m [48;2;0;0;0m[38;2;0;0;0m [48;2;0;1;2m[38;2;0;0;0m▃[48;2;43;70;87m[38;2;12;28;39m▌[48;2;68;103;119m[38;2;0;0;0m [0m
[48;2;13;47;79m[38;2;24;61;99m▃[48;2;6;40;67m[38;2;9;39;70m▄[48;2;11;51;81m[38;2;11;39;67m▅[48;2;18;57;89m[38;2;13;35;59m▄[48;2;28;78;120m[38;2;16;42;75m▆[48;2;43;79;119m[38;2;6;29;60m▆[48;2;35;58;83m[38;2;3;18;37m▊[48;2;5;19;33m[38;2;34;59;84m▌[48;2;23;63;97m[38;2;6;26;54m▃[48;2;44;88;131m[38;2;5;20;48m▃[48;2;39;80;121m[38;2;0;25;44m▃[48;2;3;7;22m[38;2;24;49;75m▊[48;2;13;27;48m[38;2;0;3;15m▊[48;2;24;43;73m[38;2;52;79;110m▖[48;2;12;32;61m[38;2;28;47;78m▘[48;2;14;35;64m[38;2;15;33;63m▄[48;2;15;35;63m[38;2;4;19;42m▂[48;2;28;46;74m[38;2;13;27;54m▌[48;2;13;28;53m[38;2;1;5;15m▝[48;2;1;3;10m[38;2;0;0;0m [48;2;0;1;4m[38;2;0;1;6m▃[48;2;0;0;6m[38;2;3;4;11m▝[48;2;0;1;5m[38;2;0;1;6m▄[48;2;0;1;5m[38;2;0;1;9m▗[48;2;18;31;53m[38;2;2;6;15m▊[48;2;13;27;48m[38;2;22;43;80m▄[48;2;17;32;62m[38;2;11;32;65m▄[48;2;4;18;41m[38;2;16;34;65m▌[48;2;11;26;46m[38;2;0;8;21m▊[48;2;31;57;85m[38;2;13;26;50m▄[48;2;34;64;101m[38;2;12;26;53m▄[48;2;30;58;92m[38;2;17;37;66m▃[48;2;28;56;89m[38;2;17;42;71m▃[48;2;26;54;91m[38;2;22;50;81m▖[48;2;26;54;96m[38;2;33;61;101m▂[48;2;26;53;95m[38;2;32;60;100m▁[48;2;23;50;91m[38;2;34;61;102m▁[48;2;30;58;100m[38;2;29;56;97m▄[48;2;29;58;99m[38;2;25;51;92m▄[48;2;30;58;99m[38;2;27;55;96m▄[48;2;29;62;101m[38;2;26;58;99m▚[48;2;28;58;98m[38;2;21;57;95m▅[48;2;26;55;91m[38;2;19;46;78m▗[48;2;26;51;86m[38;2;19;41;73m▃[48;2;23;44;78m[38;2;20;38;69m▄[48;2;22;38;74m[38;2;18;31;61m▂[48;2;24;39;69m[38;2;19;32;59m▆[48;2;23;33;57m[38;2;17;32;56m▃[48;2;16;28;51m[38;2;0;0;0m [48;2;17;28;50m[38;2;19;32;55m▗[48;2;16;28;48m[38;2;20;32;56m▖[48;2;16;29;46m[38;2;17;30;50m┗[48;2;14;27;51m[38;2;12;26;46m▄[48;2;14;20;8m[38;2;22;31;52m▊[48;2;0;0;0m[38;2;1;1;0m [48;2;0;0;0m[38;2;0;0;0m [48;2;0;0;0m[38;2;0;0;0m [48;2;0;0;0m[38;2;0;0;0m [48;2;0;0;0m[38;2;0;0;0m [48;2;0;0;0m[38;2;0;0;0m [48;2;0;1;3m[38;2;0;0;0m▌[48;2;0;0;0m[38;2;12;20;33m▎[48;2;0;0;0m[38;2;0;0;0m [48;2;0;0;0m[38;2;2;6;10m [48;2;12;20;40m[38;2;0;0;1m▄[48;2;6;9;19m[38;2;12;22;42m▄[48;2;0;0;0m[38;2;14;25;46m [48;2;0;0;0m[38;2;0;0;0m [48;2;0;0;0m[38;2;0;0;0m [48;2;0;0;0m[38;2;0;0;0m [48;2;0;0;0m[38;2;0;0;0m [48;2;0;0;0m[38;2;0;0;0m [48;2;0;0;0m[38;2;0;0;0m [48;2;0;0;0m[38;2;0;0;0m [48;2;0;0;0m[38;2;0;0;0m [48;2;0;0;0m[38;2;0;0;0m [48;2;0;0;0m[38;2;0;0;0m [48;2;0;0;0m[38;2;0;0;0m [48;2;9;23;37m[38;2;1;5;7m▊[48;2;17;39;61m[38;2;0;0;0m [0m
[48;2;15;56;96m[38;2;37;84;128m▃[48;2;21;58;96m[38;2;36;80;119m▃[48;2;17;48;82m[38;2;26;65;103m▃[48;2;18;46;78m[38;2;22;58;92m▂[48;2;13;42;69m[38;2;24;61;90m▃[48;2;12;38;64m[38;2;44;78;107m▄[48;2;11;33;59m[38;2;32;61;91m▖[48;2;7;25;47m[38;2;31;55;85m▊[48;2;10;33;66m[38;2;2;22;44m▌[48;2;19;38;72m[38;2;17;33;67m▄[48;2;20;51;78m[38;2;8;31;56m▂[48;2;6;16;33m[38;2;26;55;79m▌[48;2;2;9;27m[38;2;29;46;74m▗[48;2;15;38;67m[38;2;25;45;75m▄[48;2;9;26;53m[38;2;27;44;74m┓[48;2;14;31;60m[38;2;14;27;55m▄[48;2;11;25;50m[38;2;23;35;65m▖[48;2;12;27;50m[38;2;21;37;64m▃[48;2;14;32;59m[38;2;30;49;78m▃[48;2;1;5;13m[38;2;19;34;57m▎[48;2;0;2;6m[38;2;0;1;4m▄[48;2;0;1;6m[38;2;0;0;7m╋[48;2;0;1;5m[38;2;0;0;0m [48;2;0;1;5m[38;2;0;1;6m▄[48;2;35;53;82m[38;2;7;13;26m▌[48;2;21;47;79m[38;2;14;35;58m▂[48;2;25;53;83m[38;2;4;23;44m▂[48;2;1;11;24m[38;2;22;47;75m▊[48;2;32;58;86m[38;2;3;14;27m▌[48;2;18;37;62m[38;2;28;53;85m▆[48;2;13;30;60m[38;2;31;57;93m▆[48;2;18;41;76m[38;2;35;59;95m━[48;2;14;37;70m[38;2;21;44;79m━[48;2;19;42;78m[38;2;11;36;68m▘[48;2;21;46;83m[38;2;18;40;73m▂[48;2;26;52;91m[38;2;15;38;72m▆[48;2;37;64;103m[38;2;14;36;69m▅[48;2;36;63;101m[38;2;10;31;63m▄[48;2;31;55;93m[38;2;7;29;60m▃[48;2;32;58;95m[38;2;9;30;61m▃[48;2;31;58;95m[38;2;9;26;57m▂[48;2;31;58;95m[38;2;11;26;59m▂[48;2;19;37;68m[38;2;22;49;81m▘[48;2;18;38;69m[38;2;13;30;58m▃[48;2;17;36;66m[38;2;13;30;58m▂[48;2;12;30;58m[38;2;16;34;63m━[48;2;16;32;62m[38;2;21;39;70m╸[48;2;14;29;55m[38;2;14;31;62m▄[48;2;13;29;57m[38;2;15;33;62m━[48;2;19;36;63m[38;2;12;31;61m▄[48;2;18;35;61m[38;2;9;26;54m▂[48;2;17;33;53m[38;2;11;29;50m▃[48;2;10;26;50m[38;2;12;28;55m━[48;2;13;23;9m[38;2;16;28;49m▊[48;2;0;0;0m[38;2;1;2;1m▎[48;2;0;0;0m[38;2;0;0;0m [48;2;0;0;0m[38;2;0;0;0m [48;2;0;0;0m[38;2;0;0;0m [48;2;0;0;0m[38;2;0;0;0m [48;2;0;0;0m[38;2;27;38;60m [48;2;0;0;0m[38;2;0;2;3m┓[48;2;0;0;0m[38;2;0;0;0m [48;2;0;0;0m[38;2;0;0;0m [48;2;0;0;0m[38;2;0;0;0m [48;2;0;0;0m[38;2;5;11;22m [48;2;3;8;16m[38;2;0;0;0m▆[48;2;0;0;0m[38;2;24;37;62m▁[48;2;0;0;0m[38;2;35;48;77m▂[48;2;0;0;0m[38;2;37;50;83m▂[48;2;0;0;0m[38;2;31;48;77m▁[48;2;0;0;0m[38;2;30;45;76m▁[48;2;0;0;0m[38;2;16;28;55m▁[48;2;0;0;0m[38;2;13;23;41m [48;2;0;0;0m[38;2;0;0;0m [48;2;0;0;0m[38;2;0;0;0m [48;2;0;0;0m[38;2;2;4;6m [48;2;0;0;0m[38;2;0;0;0m [48;2;0;0;0m[38;2;9;15;28m [48;2;14;27;48m[38;2;0;2;4m▅[48;2;14;29;57m[38;2;0;0;0m [0m
[48;2;19;65;111m[38;2;27;79;126m┛[48;2;23;69;112m[38;2;19;62;102m▄[48;2;25;66;106m[38;2;7;44;79m▃[48;2;17;56;90m[38;2;0;0;0m [48;2;14;54;81m[38;2;38;82;113m╸[48;2;17;48;76m[38;2;0;22;39m╴[48;2;8;32;59m[38;2;16;44;73m━[48;2;20;40;69m[38;2;9;31;58m▘[48;2;21;42;72m[38;2;30;59;91m┛[48;2;7;20;51m[38;2;13;25;51m▄[48;2;5;24;50m[38;2;2;15;35m▄[48;2;14;36;59m[38;2;2;15;33m▅[48;2;14;27;51m[38;2;2;12;29m▃[48;2;18;36;65m[38;2;1;9;27m▄[48;2;14;26;54m[38;2;2;10;28m▃[48;2;18;28;58m[38;2;8;16;38m▄[48;2;9;17;39m[38;2;18;27;54m▘[48;2;10;24;47m[38;2;26;38;62m▃[48;2;7;21;42m[38;2;27;40;67m▆[48;2;4;7;16m[38;2;19;32;53m▌[48;2;0;1;5m[38;2;0;1;6m▄[48;2;0;2;7m[38;2;0;1;7m▊[48;2;0;1;5m[38;2;0;2;7m╸[48;2;0;2;8m[38;2;0;0;0m [48;2;2;9;23m[38;2;22;38;67m▅[48;2;3;14;30m[38;2;19;40;68m▄[48;2;23;43;69m[38;2;2;12;27m━[48;2;18;37;64m[38;2;13;27;51m▄[48;2;35;57;92m[38;2;22;42;75m▚[48;2;30;58;98m[38;2;16;36;70m▃[48;2;37;70;110m[38;2;28;54;93m▄[48;2;31;58;99m[38;2;24;49;86m▂[48;2;32;53;95m[38;2;28;54;92m▄[48;2;33;54;93m[38;2;24;48;85m▅[48;2;38;60;92m[38;2;26;49;79m▅[48;2;34;55;87m[38;2;26;48;78m▅[48;2;19;39;69m[38;2;25;46;77m▇[48;2;29;50;80m[38;2;27;50;79m▄[48;2;15;38;66m[38;2;35;64;93m▆[48;2;14;37;66m[38;2;33;60;91m▖[48;2;12;27;55m[38;2;13;37;68m▃[48;2;15;27;54m[38;2;20;41;74m▃[48;2;15;28;58m[38;2;17;42;72m▁[48;2;16;33;62m[38;2;27;52;84m▁[48;2;19;39;70m[38;2;12;30;58m━[48;2;23;45;76m[38;2;10;28;56m▄[48;2;25;48;80m[38;2;13;30;59m▄[48;2;26;47;83m[38;2;17;36;65m▃[48;2;33;54;90m[38;2;17;37;63m▂[48;2;31;54;88m[38;2;17;38;65m▁[48;2;19;41;71m[38;2;24;46;81m▎[48;2;22;47;76m[38;2;24;46;73m▊[48;2;21;44;78m[38;2;31;57;91m▃[48;2;22;34;27m[38;2;37;57;88m▊[48;2;0;0;0m[38;2;2;1;3m▎[48;2;0;0;0m[38;2;0;0;0m [48;2;0;0;0m[38;2;0;0;0m [48;2;0;0;0m[38;2;0;0;0m [48;2;0;0;0m[38;2;0;0;0m [48;2;1;2;4m[38;2;0;0;0m▌[48;2;10;16;28m[38;2;33;44;71m▊[48;2;0;0;0m[38;2;6;12;26m▁[48;2;0;0;0m[38;2;19;28;54m▗[48;2;0;0;0m[38;2;18;27;56m▃[48;2;3;6;12m[38;2;8;15;37m▁[48;2;12;22;44m[38;2;0;0;0m [48;2;20;32;56m[38;2;15;25;50m▆[48;2;29;43;70m[38;2;21;33;62m▅[48;2;27;42;74m[38;2;23;39;69m▌[48;2;31;46;77m[38;2;23;40;71m▄[48;2;9;23;50m[38;2;23;37;67m▘[48;2;13;26;53m[38;2;10;23;50m▇[48;2;9;19;36m[38;2;3;8;10m┗[48;2;0;0;0m[38;2;9;19;34m▃[48;2;0;0;0m[38;2;7;16;26m╵[48;2;0;0;0m[38;2;0;1;1m▝[48;2;1;4;6m[38;2;17;30;53m▗[48;2;0;1;1m[38;2;15;28;49m▅[48;2;8;19;30m[38;2;12;26;47m▇[48;2;11;25;49m[38;2;20;39;68m▝[0m
[48;2;20;71;112m[38;2;42;102;141m▂[48;2;24;67;106m[38;2;14;61;99m▄[48;2;36;75;110m[38;2;16;51;87m▅[48;2;11;43;75m[38;2;31;59;92m▂[48;2;14;44;73m[38;2;8;30;57m▅[48;2;25;45;76m[38;2;14;27;56m▄[48;2;10;24;51m[38;2;16;25;54m▄[48;2;23;41;71m[38;2;10;24;52m▌[48;2;6;17;36m[38;2;16;31;55m▎[48;2;12;23;43m[38;2;3;13;30m▇[48;2;6;18;37m[38;2;2;13;30m▄[48;2;0;10;26m[38;2;2;13;30m▊[48;2;1;9;26m[38;2;1;10;26m▄[48;2;1;7;25m[38;2;5;11;29m╸[48;2;1;7;24m[38;2;1;7;25m▄[48;2;1;7;25m[38;2;2;8;26m▆[48;2;1;7;23m[38;2;1;7;25m▆[48;2;2;8;26m[38;2;1;8;25m▎[48;2;2;8;25m[38;2;3;9;27m▄[48;2;17;26;47m[38;2;2;8;23m▆[48;2;0;3;12m[38;2;3;10;25m▂[48;2;0;3;7m[38;2;0;0;0m [48;2;0;2;6m[38;2;0;2;6m▝[48;2;3;9;15m[38;2;0;0;0m [48;2;12;30;58m[38;2;11;26;51m╴[48;2;19;44;77m[38;2;16;37;67m▗[48;2;27;50;81m[38;2;13;32;62m▖[48;2;31;52;84m[38;2;33;55;87m▄[48;2;23;40;71m[38;2;13;32;62m▄[48;2;19;36;68m[38;2;13;35;65m▄[48;2;22;43;79m[38;2;16;41;77m▗[48;2;21;45;80m[38;2;12;35;68m▖[48;2;19;46;81m[38;2;29;55;90m▄[48;2;27;52;86m[38;2;34;65;94m▝[48;2;28;51;82m[38;2;33;57;89m▎[48;2;29;52;83m[38;2;25;48;79m▌[48;2;29;52;83m[38;2;36;61;92m▅[48;2;21;47;78m[38;2;29;52;83m▖[48;2;32;62;98m[38;2;23;53;86m▊[48;2;28;55;90m[38;2;35;65;100m▌[48;2;17;43;80m[38;2;23;48;83m▅[48;2;23;44;80m[38;2;25;46;83m╋[48;2;25;51;82m[38;2;23;45;77m▄[48;2;33;58;89m[38;2;32;53;85m▂[48;2;30;51;83m[38;2;23;44;76m▅[48;2;17;34;63m[38;2;22;42;74m▇[48;2;13;28;56m[38;2;22;41;73m▆[48;2;18;36;66m[38;2;27;47;82m▄[48;2;12;31;58m[38;2;30;54;89m▄[48;2;9;31;58m[38;2;27;54;89m▃[48;2;10;33;59m[38;2;27;52;85m▂[48;2;22;47;72m[38;2;13;29;53m▇[48;2;32;57;89m[38;2;11;26;56m▆[48;2;18;29;23m[38;2;25;39;65m▊[48;2;0;0;0m[38;2;4;13;7m [48;2;0;0;0m[38;2;0;0;0m [48;2;0;0;0m[38;2;0;0;0m [48;2;0;0;0m[38;2;0;0;0m [48;2;0;0;0m[38;2;0;0;0m [48;2;1;3;5m[38;2;0;0;0m▌[48;2;23;40;71m[38;2;37;54;86m▎[48;2;13;27;56m[38;2;15;34;63m┓[48;2;9;23;49m[38;2;15;35;66m▂[48;2;8;20;46m[38;2;15;34;63m▃[48;2;13;24;52m[38;2;17;32;61m▂[48;2;14;25;53m[38;2;17;31;61m▄[48;2;16;28;57m[38;2;12;27;53m▁[48;2;29;42;75m[38;2;22;36;68m▂[48;2;24;42;74m[38;2;21;40;70m▄[48;2;24;43;73m[38;2;13;31;61m▃[48;2;14;32;61m[38;2;21;40;71m▃[48;2;12;30;58m[38;2;19;38;68m▆[48;2;14;28;52m[38;2;17;34;59m▖[48;2;13;26;49m[38;2;16;29;53m▅[48;2;6;16;26m[38;2;14;28;51m▆[48;2;2;8;12m[38;2;15;29;53m▆[48;2;9;20;36m[38;2;17;31;56m▆[48;2;11;24;48m[38;2;20;34;60m▄[48;2;16;29;54m[38;2;19;33;59m▂[48;2;12;25;48m[38;2;26;41;67m▅[0m
[48;2;44;104;144m[38;2;21;73;115m▅[48;2;40;91;129m[38;2;20;73;110m▄[48;2;22;59;95m[38;2;32;80;114m▇[48;2;11;38;66m[38;2;31;74;104m▆[48;2;11;36;64m[38;2;25;59;87m▅[48;2;14;30;59m[38;2;21;45;77m▄[48;2;14;25;54m[38;2;21;41;73m▄[48;2;17;34;64m[38;2;30;52;83m▃[48;2;6;19;39m[38;2;17;35;60m▎[48;2;5;16;34m[38;2;5;16;34m▄[48;2;4;15;32m[38;2;3;14;31m⎻[48;2;4;15;33m[38;2;0;0;0m [48;2;2;11;28m[38;2;14;25;47m▁[48;2;2;8;25m[38;2;4;11;30m▁[48;2;1;7;25m[38;2;3;9;27m╸[48;2;1;8;25m[38;2;5;12;32m▗[48;2;2;9;26m[38;2;0;0;0m [48;2;7;14;34m[38;2;1;8;25m▌[48;2;4;11;29m[38;2;6;14;32m▄[48;2;3;9;27m[38;2;4;11;28m▄[48;2;4;12;28m[38;2;1;8;20m▗[48;2;0;3;6m[38;2;1;6;14m▎[48;2;0;3;7m[38;2;1;6;13m▁[48;2;15;26;40m[38;2;0;3;6m▌[48;2;13;29;57m[38;2;23;41;71m▂[48;2;11;29;60m[38;2;25;43;78m▂[48;2;14;33;62m[38;2;31;51;84m▃[48;2;14;34;64m[38;2;28;51;84m▃[48;2;12;34;62m[38;2;24;51;83m▅[48;2;29;58;90m[38;2;21;51;81m━[48;2;17;44;79m[38;2;29;58;93m▆[48;2;18;42;77m[38;2;26;51;88m▆[48;2;23;43;81m[38;2;29;51;87m▝[48;2;27;47;82m[38;2;32;52;89m▘[48;2;26;49;80m[38;2;22;44;77m▃[48;2;22;45;76m[38;2;22;44;77m▄[48;2;28;52;83m[38;2;22;46;78m▆[48;2;26;51;82m[38;2;26;49;81m▄[48;2;27;52;87m[38;2;26;48;83m╺[48;2;28;52;87m[38;2;21;43;79m▆[48;2;23;43;78m[38;2;29;51;83m▁[48;2;24;41;78m[38;2;35;53;91m▂[48;2;24;42;74m[38;2;25;43;78m▄[48;2;29;50;82m[38;2;24;44;76m▆[48;2;30;51;83m[38;2;19;42;75m▃[48;2;24;47;78m[38;2;25;53;85m▃[48;2;33;56;91m[38;2;19;45;82m▄[48;2;18;39;82m[38;2;29;50;90m▘[48;2;26;53;93m[38;2;18;43;85m▊[48;2;31;63;102m[38;2;30;58;98m▌[48;2;25;53;86m[38;2;28;59;98m▌[48;2;17;41;67m[38;2;22;46;74m▌[48;2;15;33;66m[38;2;19;42;75m▆[48;2;24;35;38m[38;2;35;51;81m▊[48;2;0;0;0m[38;2;7;13;6m▎[48;2;0;0;0m[38;2;0;0;0m [48;2;0;0;0m[38;2;0;0;0m [48;2;0;0;0m[38;2;0;0;0m [48;2;0;0;0m[38;2;0;0;0m [48;2;1;1;3m[38;2;0;0;0m▊[48;2;31;50;81m[38;2;16;26;53m▅[48;2;8;25;51m[38;2;7;17;43m▅[48;2;22;40;71m[38;2;9;19;43m▄[48;2;24;41;73m[38;2;14;24;49m▃[48;2;17;33;62m[38;2;10;25;50m▃[48;2;10;26;53m[38;2;15;32;60m▗[48;2;14;30;58m[38;2;21;39;70m▆[48;2;24;43;74m[38;2;17;32;61m▂[48;2;26;46;77m[38;2;17;32;62m▂[48;2;23;41;72m[38;2;20;39;70m▄[48;2;28;47;78m[38;2;17;35;65m▃[48;2;17;35;64m[38;2;0;0;0m [48;2;20;38;63m[38;2;27;43;70m┗[48;2;19;33;59m[38;2;30;45;73m▘[48;2;16;30;55m[38;2;18;36;61m▁[48;2;17;30;55m[38;2;17;34;58m▁[48;2;18;32;58m[38;2;20;38;63m▁[48;2;21;35;61m[38;2;20;35;61m▄[48;2;18;31;56m[38;2;18;35;60m▂[48;2;15;29;53m[38;2;18;33;57m▖[0m
[48;2;35;88;133m[38;2;34;91;136m▄[48;2;29;89;126m[38;2;43;105;144m▆[48;2;19;77;111m[38;2;39;96;132m▆[48;2;27;73;107m[38;2;51;99;134m━[48;2;23;55;85m[38;2;34;69;99m╸[48;2;23;52;82m[38;2;0;0;0m [48;2;29;52;83m[38;2;0;0;0m [48;2;28;48;80m[38;2;39;61;93m▃[48;2;30;47;73m[38;2;13;27;50m┗[48;2;5;16;38m[38;2;15;29;52m▁[48;2;8;19;41m[38;2;0;0;0m [48;2;13;25;48m[38;2;15;29;53m▄[48;2;19;30;55m[38;2;16;29;54m▄[48;2;17;26;52m[38;2;29;39;72m▆[48;2;16;27;54m[38;2;33;47;80m▆[48;2;8;19;42m[38;2;19;36;66m▇[48;2;12;29;53m[38;2;28;48;80m▃[48;2;6;21;41m[38;2;21;42;69m▃[48;2;10;24;43m[38;2;24;42;66m▄[48;2;8;19;32m[38;2;26;41;61m▅[48;2;1;9;18m[38;2;7;18;30m▎[48;2;4;8;21m[38;2;4;7;18m▘[48;2;4;10;27m[38;2;2;8;21m▌[48;2;11;23;45m[38;2;20;34;63m▗[48;2;11;29;56m[38;2;22;41;71m┛[48;2;15;39;79m[38;2;7;28;60m▌[48;2;30;54;94m[38;2;18;43;83m▄[48;2;22;47;86m[38;2;27;52;93m▅[48;2;25;51;90m[38;2;23;48;89m▄[48;2;20;46;86m[38;2;31;62;102m▂[48;2;27;55;95m[38;2;32;66;105m▃[48;2;29;55;96m[38;2;37;70;110m▆[48;2;23;47;88m[38;2;33;68;107m▅[48;2;33;57;96m[38;2;30;59;97m▄[48;2;27;47;84m[38;2;33;55;92m╸[48;2;25;46;82m[38;2;22;43;79m▆[48;2;28;49;86m[38;2;33;56;92m▗[48;2;27;47;84m[38;2;28;49;85m▄[48;2;34;54;91m[38;2;26;45;83m▅[48;2;22;43;79m[38;2;0;0;0m [48;2;27;52;87m[38;2;35;60;96m▃[48;2;33;61;96m[38;2;23;49;85m▃[48;2;21;50;91m[38;2;15;44;80m▊[48;2;25;53;92m[38;2;31;63;102m▆[48;2;23;52;91m[38;2;32;65;105m━[48;2;25;55;92m[38;2;29;62;100m┛[48;2;19;47;90m[38;2;25;57;101m▗[48;2;19;42;94m[38;2;31;63;112m▅[48;2;21;51;95m[38;2;32;63;108m▆[48;2;31;62;103m[38;2;24;47;87m▂[48;2;15;48;85m[38;2;33;58;95m▅[48;2;19;51;86m[38;2;31;66;105m▅[48;2;27;58;96m[38;2;17;48;85m▗[48;2;23;37;46m[38;2;27;48;80m▊[48;2;0;0;0m[38;2;7;11;4m▎[48;2;0;0;0m[38;2;0;0;0m [48;2;0;0;0m[38;2;0;0;0m [48;2;0;0;0m[38;2;0;0;0m [48;2;0;0;0m[38;2;0;0;0m [48;2;0;0;0m[38;2;14;23;39m [48;2;15;26;48m[38;2;25;45;80m▃[48;2;6;20;46m[38;2;23;46;87m▂[48;2;9;20;42m[38;2;34;55;90m▂[48;2;11;21;39m[38;2;0;0;0m [48;2;9;19;37m[38;2;8;21;41m▗[48;2;16;31;51m[38;2;10;22;40m▇[48;2;15;28;49m[38;2;10;22;41m▆[48;2;19;32;54m[38;2;15;27;49m▊[48;2;22;34;61m[38;2;19;32;61m▄[48;2;15;32;61m[38;2;17;37;66m▁[48;2;16;35;65m[38;2;25;41;72m▝[48;2;20;33;64m[38;2;27;39;72m┛[48;2;17;34;63m[38;2;20;41;75m▗[48;2;16;36;62m[38;2;29;49;83m▄[48;2;18;38;68m[38;2;25;47;79m▖[48;2;16;38;69m[38;2;16;37;65m▊[48;2;25;46;75m[38;2;15;36;68m▄[48;2;27;47;77m[38;2;16;39;71m▃[48;2;24;45;75m[38;2;15;38;70m▂[48;2;14;35;62m[38;2;18;39;69m▌[0m
[48;2;34;93;137m[38;2;22;78;127m▎[48;2;41;99;139m[38;2;25;80;122m▂[48;2;30;77;116m[38;2;47;90;130m▂[48;2;26;59;96m[38;2;0;0;0m [48;2;28;59;89m[38;2;24;56;84m▝[48;2;30;59;89m[38;2;0;0;0m [48;2;15;36;65m[38;2;32;54;87m▁[48;2;10;29;57m[38;2;20;40;71m▁[48;2;18;34;59m[38;2;10;24;47m▇[48;2;13;26;49m[38;2;8;20;42m▄[48;2;24;38;65m[38;2;14;28;51m▌[48;2;25;40;66m[38;2;15;28;52m▆[48;2;24;40;71m[38;2;18;32;58m▊[48;2;31;48;80m[38;2;0;0;0m [48;2;33;53;85m[38;2;27;49;80m▃[48;2;29;50;82m[38;2;25;49;80m▄[48;2;31;55;86m[38;2;33;61;93m▗[48;2;27;50;82m[38;2;34;58;93m▅[48;2;31;52;83m[38;2;0;0;0m [48;2;14;32;52m[38;2;31;51;77m▊[48;2;4;17;34m[38;2;9;25;44m▖[48;2;4;12;25m[38;2;4;15;28m▃[48;2;2;14;32m[38;2;3;12;27m▌[48;2;26;46;75m[38;2;4;18;34m▎[48;2;24;49;79m[38;2;17;38;68m▘[48;2;22;47;84m[38;2;34;61;99m▇[48;2;23;47;88m[38;2;34;59;101m╸[48;2;21;46;87m[38;2;37;63;104m▃[48;2;33;60;100m[38;2;26;52;93m▆[48;2;34;65;104m[38;2;26;53;93m▖[48;2;34;69;108m[38;2;31;58;98m▁[48;2;35;70;109m[38;2;27;55;94m▂[48;2;21;54;93m[38;2;33;66;105m▌[48;2;16;48;85m[38;2;34;64;101m▃[48;2;23;48;83m[38;2;33;63;98m▃[48;2;20;45;81m[38;2;26;53;89m▃[48;2;24;51;86m[38;2;33;59;96m┗[48;2;20;45;81m[38;2;29;58;93m▂[48;2;17;44;80m[38;2;23;53;87m▁[48;2;33;58;94m[38;2;22;48;84m▊[48;2;25;48;83m[38;2;37;62;97m▘[48;2;21;43;80m[38;2;29;47;84m▂[48;2;20;46;81m[38;2;21;44;77m▅[48;2;31;56;90m[38;2;36;64;96m┃[48;2;21;47;81m[38;2;21;45;77m▄[48;2;27;54;90m[38;2;20;44;76m▅[48;2;28;59;97m[38;2;19;45;81m▄[48;2;29;63;106m[38;2;23;47;88m▃[48;2;30;58;98m[38;2;22;45;81m▃[48;2;21;43;78m[38;2;0;0;0m [48;2;22;43;76m[38;2;0;0;0m [48;2;29;61;100m[38;2;22;43;83m▂[48;2;29;62;100m[38;2;26;49;89m▂[48;2;35;55;77m[38;2;36;62;93m▊[48;2;0;0;0m[38;2;7;11;14m▎[48;2;0;0;0m[38;2;0;0;0m [48;2;0;0;0m[38;2;0;0;0m [48;2;0;0;0m[38;2;0;0;0m [48;2;0;0;0m[38;2;0;0;0m [48;2;36;56;80m[38;2;0;0;0m▊[48;2;31;59;98m[38;2;42;70;103m▖[48;2;29;60;105m[38;2;18;51;87m▂[48;2;33;61;100m[38;2;17;46;79m▃[48;2;32;56;88m[38;2;15;41;68m▃[48;2;21;40;65m[38;2;28;53;83m▅[48;2;13;28;51m[38;2;30;51;82m▄[48;2;12;23;47m[38;2;24;36;67m▖[48;2;14;24;49m[38;2;15;24;51m▅[48;2;14;28;56m[38;2;19;37;68m▝[48;2;32;56;88m[38;2;24;45;76m▎[48;2;22;44;75m[38;2;26;51;82m▄[48;2;25;43;74m[38;2;18;38;68m▃[48;2;30;54;91m[38;2;28;47;80m▎[48;2;30;56;93m[38;2;20;45;88m▗[48;2;27;51;86m[38;2;27;52;92m▆[48;2;19;43;78m[38;2;23;49;89m▆[48;2;19;44;79m[38;2;29;56;96m▅[48;2;17;43;78m[38;2;29;56;95m▅[48;2;13;38;75m[38;2;22;49;89m▃[48;2;18;43;80m[38;2;25;53;93m▃[0m
[48;2;36;98;136m[38;2;42;105;145m▌[48;2;27;82;119m[38;2;31;88;126m▄[48;2;45;88;128m[38;2;21;69;108m▄[48;2;37;67;107m[38;2;27;67;107m▅[48;2;27;58;94m[38;2;29;64;102m▖[48;2;26;59;95m[38;2;0;0;0m [48;2;30;60;96m[38;2;37;77;115m▁[48;2;28;50;87m[38;2;26;55;95m▁[48;2;22;40;68m[38;2;30;51;85m▆[48;2;18;32;58m[38;2;29;49;81m▇[48;2;22;37;63m[38;2;28;48;79m▇[48;2;15;31;58m[38;2;26;47;78m▅[48;2;23;43;76m[38;2;13;32;60m▘[48;2;27;47;80m[38;2;32;53;85m▗[48;2;27;48;80m[38;2;34;56;88m▃[48;2;32;54;85m[38;2;35;60;92m▝[48;2;35;59;92m[38;2;33;54;86m▖[48;2;31;54;93m[38;2;29;48;85m▅[48;2;26;44;77m[38;2;28;46;84m▎[48;2;27;43;73m[38;2;14;27;53m▗[48;2;6;18;37m[38;2;11;22;44m▊[48;2;4;12;29m[38;2;5;14;34m▖[48;2;3;14;28m[38;2;11;19;34m▃[48;2;25;45;71m[38;2;6;18;32m▌[48;2;26;52;89m[38;2;23;46;78m▌[48;2;33;62;103m[38;2;25;51;95m▝[48;2;17;42;85m[38;2;31;55;101m▃[48;2;34;59;101m[38;2;25;47;92m▅[48;2;33;64;107m[38;2;24;57;98m▁[48;2;33;63;106m[38;2;22;54;93m▃[48;2;22;44;86m[38;2;33;57;99m▘[48;2;21;50;92m[38;2;0;0;0m [48;2;20;55;98m[38;2;38;86;131m▄[48;2;25;60;103m[38;2;29;87;132m▅[48;2;27;62;100m[38;2;31;80;122m▅[48;2;17;49;86m[38;2;29;71;111m▃[48;2;18;47;83m[38;2;0;0;0m [48;2;31;59;95m[38;2;26;47;82m▅[48;2;31;59;93m[38;2;26;47;79m▅[48;2;28;53;87m[38;2;22;44;76m▆[48;2;24;44;79m[38;2;27;48;80m▚[48;2;31;50;85m[38;2;29;51;83m▄[48;2;22;45;76m[38;2;26;49;84m▗[48;2;30;54;86m[38;2;33;58;93m▂[48;2;20;44;74m[38;2;21;44;78m▆[48;2;21;44;75m[38;2;33;58;93m▃[48;2;23;48;83m[38;2;23;50;86m▄[48;2;27;51;92m[38;2;33;58;99m┛[48;2;23;42;83m[38;2;27;46;86m▘[48;2;24;49;82m[38;2;31;54;96m▄[48;2;18;46;79m[38;2;36;66;104m▃[48;2;17;41;78m[38;2;26;57;87m▂[48;2;12;43;76m[38;2;22;62;89m▗[48;2;31;55;85m[38;2;38;69;99m┓[48;2;0;0;0m[38;2;6;10;15m▎[48;2;0;0;0m[38;2;0;0;0m [48;2;0;0;0m[38;2;0;0;0m [48;2;0;0;0m[38;2;0;0;0m [48;2;0;0;0m[38;2;0;0;0m [48;2;1;3;5m[38;2;0;0;0m▌[48;2;27;52;94m[38;2;44;67;102m▘[48;2;13;43;83m[38;2;22;54;100m▄[48;2;23;48;84m[38;2;30;62;102m▅[48;2;16;40;67m[38;2;24;50;84m▅[48;2;22;46;80m[38;2;0;0;0m [48;2;23;42;78m[38;2;37;57;90m▝[48;2;28;43;79m[38;2;11;21;50m▝[48;2;11;21;52m[38;2;12;26;55m▗[48;2;8;25;52m[38;2;13;28;56m▄[48;2;14;33;62m[38;2;29;52;83m▝[48;2;22;43;73m[38;2;8;23;49m━[48;2;19;38;69m[38;2;8;22;50m━[48;2;30;51;91m[38;2;17;36;70m▄[48;2;23;50;90m[38;2;14;40;75m▄[48;2;23;53;93m[38;2;17;47;81m▄[48;2;21;45;83m[38;2;12;35;70m─[48;2;21;43;85m[38;2;15;37;71m▄[48;2;21;47;88m[38;2;15;38;73m▅[48;2;29;53;91m[38;2;19;43;77m▖[48;2;28;53;91m[38;2;34;60;99m▌[0m
[48;2;38;104;140m[38;2;29;88;126m▁[48;2;36;100;136m[38;2;25;88;124m▝[48;2;18;75;112m[38;2;28;88;125m▅[48;2;38;90;128m[38;2;36;92;129m▄[48;2;18;62;99m[38;2;28;74;112m▎[48;2;38;89;125m[38;2;19;67;104m▎[48;2;34;80;118m[38;2;20;64;102m▁[48;2;17;52;90m[38;2;29;66;104m▘[48;2;27;50;83m[38;2;21;47;83m▖[48;2;29;50;82m[38;2;0;0;0m [48;2;27;48;80m[38;2;0;0;0m [48;2;32;53;85m[38;2;26;47;79m▌[48;2;25;46;78m[38;2;29;50;82m▎[48;2;27;48;80m[38;2;0;0;0m [48;2;30;51;83m[38;2;29;50;82m▃[48;2;33;55;87m[38;2;26;47;79m▅[48;2;32;55;87m[38;2;25;47;79m▆[48;2;30;55;90m[38;2;35;60;95m▃[48;2;23;45;79m[38;2;37;58;94m▂[48;2;15;35;61m[38;2;26;48;79m▌[48;2;11;25;46m[38;2;15;31;55m▖[48;2;6;14;33m[38;2;12;22;44m▖[48;2;10;18;33m[38;2;10;17;32m▄[48;2;23;42;66m[38;2;9;22;36m▊[48;2;33;56;94m[38;2;29;51;87m▄[48;2;27;53;95m[38;2;20;40;79m▅[48;2;30;55;98m[38;2;18;41;81m▅[48;2;28;55;95m[38;2;22;49;86m▖[48;2;20;50;90m[38;2;26;55;91m▄[48;2;23;52;84m[38;2;28;58;93m▊[48;2;19;43;80m[38;2;11;39;68m▁[48;2;19;44;83m[38;2;28;59;101m▝[48;2;35;79;120m[38;2;12;49;88m▃[48;2;30;86;128m[38;2;16;63;105m▖[48;2;29;83;122m[38;2;33;89;132m▌[48;2;31;80;118m[38;2;31;73;112m▄[48;2;38;70;107m[38;2;17;47;83m▄[48;2;30;49;85m[38;2;18;40;75m▄[48;2;27;48;80m[38;2;17;38;68m▃[48;2;23;44;76m[38;2;19;39;70m▃[48;2;23;44;76m[38;2;17;38;68m▄[48;2;27;48;80m[38;2;24;45;77m▄[48;2;27;51;83m[38;2;28;52;84m▄[48;2;32;56;90m[38;2;22;45;79m▄[48;2;20;43;78m[38;2;11;34;66m━[48;2;29;53;89m[38;2;19;42;77m▅[48;2;20;45;82m[38;2;27;50;86m▎[48;2;27;55;94m[38;2;20;46;86m▆[48;2;25;51;91m[38;2;30;62;101m▗[48;2;32;60;100m[38;2;26;54;93m─[48;2;26;55;93m[38;2;15;41;78m▆[48;2;20;46;76m[38;2;32;59;90m▗[48;2;14;47;75m[38;2;32;62;92m▅[48;2;22;47;77m[38;2;0;0;0m [48;2;1;3;6m[38;2;20;41;72m▅[48;2;0;1;2m[38;2;24;52;84m▆[48;2;0;1;3m[38;2;25;52;83m▇[48;2;1;3;5m[38;2;25;47;80m▇[48;2;2;4;8m[38;2;26;45;79m▇[48;2;24;44;72m[38;2;0;0;0m [48;2;23;55;90m[38;2;17;41;70m▖[48;2;31;68;108m[38;2;31;65;105m▎[48;2;27;61;92m[38;2;29;66;101m▊[48;2;19;53;81m[38;2;35;64;90m▃[48;2;26;53;82m[38;2;0;0;0m [48;2;31;55;88m[38;2;9;27;51m▃[48;2;9;25;51m[38;2;29;50;83m▘[48;2;10;23;49m[38;2;10;26;55m┛[48;2;17;28;57m[38;2;13;24;51m▄[48;2;28;48;80m[38;2;18;33;63m▌[48;2;28;52;83m[38;2;17;45;74m▂[48;2;16;45;74m[38;2;19;52;82m▆[48;2;17;43;77m[38;2;25;54;87m▂[48;2;17;40;75m[38;2;24;48;83m▃[48;2;23;50;85m[38;2;20;43;79m▃[48;2;27;51;86m[38;2;19;43;78m▅[48;2;33;60;95m[38;2;28;53;89m▌[48;2;24;49;84m[38;2;29;58;92m▅[48;2;22;48;83m[38;2;24;55;89m▂[48;2;25;51;87m[38;2;19;48;82m▅[0m
[48;2;21;71;110m[38;2;35;87;128m▂[48;2;40;92;131m[38;2;25;72;111m▄[48;2;43;98;136m[38;2;38;87;126m▅[48;2;39;90;129m[38;2;21;72;107m▅[48;2;19;60;97m[38;2;27;69;103m▃[48;2;35;79;116m[38;2;26;64;96m▂[48;2;15;49;85m[38;2;35;75;110m▌[48;2;22;51;88m[38;2;15;36;70m▂[48;2;26;48;81m[38;2;18;36;62m▂[48;2;22;43;75m[38;2;16;37;70m▄[48;2;24;46;84m[38;2;20;41;72m▘[48;2;27;48;80m[38;2;9;26;58m▄[48;2;27;47;79m[38;2;7;24;54m▄[48;2;25;46;78m[38;2;8;28;60m▃[48;2;36;57;90m[38;2;24;49;83m▄[48;2;29;50;83m[38;2;34;59;95m▂[48;2;26;47;80m[38;2;23;40;70m▗[48;2;24;42;77m[38;2;20;34;65m▄[48;2;29;45;79m[38;2;6;17;42m▆[48;2;25;39;67m[38;2;9;18;39m▆[48;2;18;29;52m[38;2;8;15;32m▅[48;2;10;16;33m[38;2;13;22;44m▘[48;2;10;17;33m[38;2;11;21;40m▗[48;2;16;35;61m[38;2;10;24;42m▊[48;2;25;47;83m[38;2;31;56;88m▄[48;2;16;34;70m[38;2;32;59;97m▄[48;2;19;43;83m[38;2;14;34;66m▘[48;2;24;50;89m[38;2;30;60;98m━[48;2;12;38;73m[38;2;20;48;87m▅[48;2;22;47;79m[38;2;33;63;98m▅[48;2;14;42;66m[38;2;23;51;80m▅[48;2;24;50;82m[38;2;18;43;72m▌[48;2;30;64;101m[38;2;29;57;91m▎[48;2;23;62;101m[38;2;29;64;106m▄[48;2;25;63;107m[38;2;24;50;93m▇[48;2;23;49;91m[38;2;0;0;0m [48;2;25;52;90m[38;2;21;46;87m▊[48;2;26;50;85m[38;2;33;60;97m▅[48;2;26;49;82m[38;2;29;61;91m▂[48;2;33;55;87m[38;2;23;52;80m▖[48;2;25;47;77m[38;2;35;60;97m▄[48;2;22;43;78m[38;2;25;47;85m▖[48;2;21;45;81m[38;2;22;50;90m▗[48;2;31;60;96m[38;2;23;46;84m▘[48;2;21;46;82m[38;2;30;57;93m▃[48;2;21;43;79m[38;2;0;0;0m [48;2;21;44;80m[38;2;15;40;74m▃[48;2;28;53;91m[38;2;34;64;98m┏[48;2;30;62;99m[38;2;27;55;85m▁[48;2;31;61;100m[38;2;24;48;81m▃[48;2;17;40;73m[38;2;21;42;84m▘[48;2;20;44;75m[38;2;17;44;72m▄[48;2;28;52;82m[38;2;26;52;82m▄[48;2;18;42;73m[38;2;29;57;86m▃[48;2;26;54;84m[38;2;35;66;95m▅[48;2;30;63;92m[38;2;32;53;78m▂[48;2;29;57;86m[38;2;17;35;56m▁[48;2;29;54;85m[38;2;11;28;47m▃[48;2;27;45;80m[38;2;10;24;47m▆[48;2;24;39;69m[38;2;10;20;42m▅[48;2;27;45;77m[38;2;10;20;43m▄[48;2;30;54;90m[38;2;12;20;44m▃[48;2;21;48;77m[38;2;13;23;47m▅[48;2;22;42;66m[38;2;10;19;40m▆[48;2;9;19;39m[38;2;0;0;0m [48;2;11;20;42m[38;2;10;19;40m▂[48;2;12;22;44m[38;2;0;0;0m [48;2;15;25;49m[38;2;31;50;81m▃[48;2;17;38;66m[38;2;31;62;97m▅[48;2;17;41;74m[38;2;25;55;92m▖[48;2;14;40;69m[38;2;18;41;73m▄[48;2;16;41;70m[38;2;17;37;63m┏[48;2;28;54;87m[38;2;24;44;73m▃[48;2;27;49;85m[38;2;19;43;77m▆[48;2;20;41;77m[38;2;24;54;89m▂[48;2;18;43;79m[38;2;25;53;92m▂[48;2;21;48;84m[38;2;29;62;96m▝[48;2;26;59;93m[38;2;18;44;79m▅[48;2;27;60;94m[38;2;18;46;86m▄[48;2;23;56;90m[38;2;30;61;103m▅[0m
[48;2;23;75;116m[38;2;38;92;133m▅[48;2;15;57;96m[38;2;38;82;122m▖[48;2;18;56;93m[38;2;26;70;103m▝[48;2;32;81;113m[38;2;25;65;99m▄[48;2;32;71;105m[38;2;20;62;94m▌[48;2;37;73;107m[38;2;30;65;99m▄[48;2;22;48;85m[38;2;28;62;96m▎[48;2;30;50;86m[38;2;21;45;81m▌[48;2;19;44;81m[38;2;29;53;86m▌[48;2;32;63;104m[38;2;22;47;80m▘[48;2;38;67;111m[38;2;54;93;133m▂[48;2;30;57;90m[38;2;63;100;126m▃[48;2;24;46;76m[38;2;59;91;115m▄[48;2;21;49;83m[38;2;48;83;113m▄[48;2;28;66;98m[38;2;53;94;122m▄[48;2;35;68;101m[38;2;56;95;122m▃[48;2;28;53;85m[38;2;9;27;54m▝[48;2;9;22;48m[38;2;25;45;76m▂[48;2;12;24;47m[38;2;37;53;81m▂[48;2;14;25;44m[38;2;4;16;32m▃[48;2;4;13;26m[38;2;15;25;40m▘[48;2;7;16;30m[38;2;5;13;27m▚[48;2;2;11;28m[38;2;0;0;0m [48;2;5;18;40m[38;2;17;32;61m▗[48;2;26;47;78m[38;2;8;26;55m▘[48;2;35;62;98m[38;2;21;43;74m▖[48;2;26;45;86m[38;2;33;58;95m▊[48;2;30;49;90m[38;2;20;40;76m▃[48;2;30;57;97m[38;2;19;41;77m▄[48;2;34;62;98m[38;2;22;43;79m▄[48;2;27;46;75m[38;2;31;53;85m▘[48;2;26;43;70m[38;2;27;47;75m▝[48;2;19;41;85m[38;2;21;42;77m▊[48;2;31;62;105m[38;2;24;49;98m▌[48;2;23;53;92m[38;2;32;68;107m▅[48;2;27;57;98m[38;2;29;64;102m▅[48;2;13;44;85m[38;2;23;58;96m▄[48;2;30;66;104m[38;2;22;54;93m▘[48;2;29;67;105m[38;2;18;53;96m▂[48;2;29;61;95m[38;2;31;66;105m▆[48;2;29;56;90m[38;2;21;45;77m┏[48;2;23;43;81m[38;2;19;39;69m▆[48;2;27;51;92m[38;2;20;42;77m▌[48;2;19;45;88m[38;2;26;55;96m▌[48;2;28;59;99m[38;2;16;47;89m▅[48;2;22;49;89m[38;2;28;64;105m▇[48;2;15;44;76m[38;2;19;53;91m▌[48;2;23;52;80m[38;2;19;43;68m▄[48;2;20;46;76m[38;2;19;41;65m▅[48;2;19;38;68m[38;2;18;32;55m▁[48;2;23;39;68m[38;2;13;23;45m▁[48;2;27;45;74m[38;2;13;20;41m▂[48;2;27;47;79m[38;2;13;22;44m▄[48;2;40;62;94m[38;2;11;21;43m▅[48;2;38;60;90m[38;2;10;20;43m▆[48;2;10;22;43m[38;2;0;0;0m [48;2;7;19;38m[38;2;8;22;41m╸[48;2;7;19;38m[38;2;4;13;31m▂[48;2;7;20;39m[38;2;3;12;30m▂[48;2;8;18;38m[38;2;5;11;31m▃[48;2;9;17;39m[38;2;5;11;32m▄[48;2;5;12;33m[38;2;9;17;40m▘[48;2;10;16;38m[38;2;4;13;34m▆[48;2;7;14;35m[38;2;3;16;36m▅[48;2;4;17;35m[38;2;8;27;54m▂[48;2;7;20;42m[38;2;14;36;69m▄[48;2;12;28;58m[38;2;17;43;84m▃[48;2;17;39;76m[38;2;22;50;92m▃[48;2;25;55;94m[38;2;16;40;73m▃[48;2;19;42;78m[38;2;33;63;102m▘[48;2;18;39;74m[38;2;25;43;79m▅[48;2;17;34;65m[38;2;18;35;75m▁[48;2;17;38;75m[38;2;24;48;92m▗[48;2;21;52;88m[38;2;29;61;105m▅[48;2;28;62;100m[38;2;27;65;110m▇[48;2;27;59;102m[38;2;26;61;112m▅[48;2;19;44;87m[38;2;25;54;102m▃[48;2;17;41;79m[38;2;23;49;91m▂[48;2;29;55;96m[38;2;16;43;83m▘[48;2;28;56;99m[38;2;22;48;87m▂[0m
[48;2;32;90;127m[38;2;58;116;142m▁[48;2;20;61;99m[38;2;48;95;117m▁[48;2;27;60;95m[38;2;20;54;86m▖[48;2;35;70;105m[38;2;29;63;95m▄[48;2;24;62;96m[38;2;33;72;105m━[48;2;21;55;89m[38;2;31;67;102m▄[48;2;22;50;86m[38;2;26;59;93m▖[48;2;20;45;82m[38;2;26;49;85m━[48;2;23;47;91m[38;2;23;46;86m▊[48;2;23;53;98m[38;2;38;72;116m▝[48;2;51;89;127m[38;2;27;61;99m▄[48;2;32;65;88m[38;2;47;86;111m▘[48;2;46;75;96m[38;2;27;54;78m▃[48;2;36;69;96m[38;2;28;57;82m▅[48;2;39;79;104m[38;2;22;56;80m▅[48;2;43;79;104m[38;2;23;54;78m▆[48;2;19;43;71m[38;2;23;48;80m▁[48;2;25;46;77m[38;2;18;40;71m▌[48;2;21;38;63m[38;2;41;62;92m▘[48;2;10;25;42m[38;2;19;36;58m▎[48;2;2;12;26m[38;2;4;18;31m▅[48;2;1;12;25m[38;2;6;21;35m▅[48;2;7;19;36m[38;2;0;12;25m▘[48;2;5;16;36m[38;2;18;32;61m▝[48;2;25;39;70m[38;2;14;23;49m▅[48;2;16;28;59m[38;2;7;14;37m▅[48;2;21;39;70m[38;2;10;24;48m▆[48;2;14;32;62m[38;2;30;49;76m▄[48;2;14;29;59m[38;2;10;22;47m▆[48;2;22;41;75m[38;2;17;28;58m▎[48;2;26;49;78m[38;2;26;55;87m▂[48;2;23;43;69m[38;2;28;55;84m▃[48;2;29;58;98m[38;2;25;49;83m▌[48;2;31;63;107m[38;2;0;0;0m [48;2;32;65;104m[38;2;20;47;84m▄[48;2;26;57;96m[38;2;20;45;83m▃[48;2;16;48;88m[38;2;29;55;95m▅[48;2;19;49;87m[38;2;29;53;92m▃[48;2;12;43;81m[38;2;17;40;74m▅[48;2;25;54;92m[38;2;22;47;79m▅[48;2;21;49;85m[38;2;31;60;94m▘[48;2;15;42;75m[38;2;30;60;100m▄[48;2;20;44;74m[38;2;22;49;74m▄[48;2;23;47;78m[38;2;10;28;43m▂[48;2;18;43;75m[38;2;9;24;40m▃[48;2;36;64;97m[38;2;11;23;42m▄[48;2;34;60;90m[38;2;11;24;41m▅[48;2;23;42;63m[38;2;10;22;38m▆[48;2;16;32;53m[38;2;9;20;36m▇[48;2;12;21;40m[38;2;9;15;28m▂[48;2;11;19;37m[38;2;4;9;26m▂[48;2;12;19;38m[38;2;5;13;29m▄[48;2;13;20;39m[38;2;4;11;27m▅[48;2;10;18;34m[38;2;2;12;27m▄[48;2;10;16;36m[38;2;3;11;27m▆[48;2;8;15;35m[38;2;4;11;28m▇[48;2;4;10;29m[38;2;5;12;26m▂[48;2;4;10;27m[38;2;2;9;24m▄[48;2;4;11;28m[38;2;0;0;0m [48;2;4;12;31m[38;2;0;0;0m [48;2;4;11;33m[38;2;15;41;71m▁[48;2;4;15;36m[38;2;27;51;82m▂[48;2;4;20;39m[38;2;23;48;76m▄[48;2;4;22;44m[38;2;27;55;89m▆[48;2;23;51;90m[38;2;0;0;0m [48;2;28;59;101m[38;2;13;45;90m▄[48;2;29;58;103m[38;2;27;59;109m▇[48;2;27;54;92m[38;2;26;59;106m▊[48;2;24;44;73m[38;2;28;49;82m▌[48;2;14;31;63m[38;2;12;36;71m▁[48;2;21;38;77m[38;2;28;48;88m▗[48;2;23;39;82m[38;2;24;51;92m▁[48;2;21;43;80m[38;2;21;46;85m▁[48;2;26;59;100m[38;2;18;46;79m▆[48;2;27;63;102m[38;2;24;57;87m▖[48;2;30;62;107m[38;2;26;53;93m▃[48;2;29;58;105m[38;2;19;47;90m▃[48;2;29;58;102m[38;2;22;54;98m▖[48;2;29;56;93m[38;2;32;61;102m▊[48;2;20;44;79m[38;2;25;51;88m▎[0m
[48;2;85;136;154m[38;2;48;89;113m▂[48;2;40;78;101m[38;2;89;138;156m▘[48;2;46;79;103m[38;2;65;103;124m╵[48;2;27;56;82m[38;2;44;69;98m▖[48;2;31;60;94m[38;2;70;96;126m▂[48;2;27;58;94m[38;2;41;66;99m▄[48;2;18;48;85m[38;2;28;52;82m▄[48;2;27;55;91m[38;2;28;53;83m▂[48;2;21;48;92m[38;2;32;52;97m▄[48;2;29;50;97m[38;2;20;47;90m▘[48;2;32;58;103m[38;2;38;61;107m━[48;2;25;56;94m[38;2;33;55;102m▆[48;2;31;60;97m[38;2;28;47;90m▄[48;2;33;63;96m[38;2;30;50;91m▆[48;2;21;44;83m[38;2;28;47;88m▂[48;2;27;47;88m[38;2;36;63;101m▝[48;2;33;59;99m[38;2;21;46;83m▝[48;2;17;39;74m[38;2;22;57;94m▃[48;2;9;23;51m[38;2;0;0;0m [48;2;7;17;39m[38;2;12;19;48m▁[48;2;6;18;37m[38;2;6;13;34m▂[48;2;3;12;31m[38;2;9;20;36m▘[48;2;4;12;30m[38;2;8;19;43m▃[48;2;8;16;34m[38;2;5;15;37m▄[48;2;8;17;37m[38;2;15;25;54m▗[48;2;3;11;30m[38;2;18;28;51m▇[48;2;8;19;41m[38;2;2;9;27m▆[48;2;17;28;52m[38;2;4;11;30m▄[48;2;12;23;46m[38;2;2;10;27m▄[48;2;24;45;78m[38;2;9;20;43m▎[48;2;27;55;94m[38;2;18;45;85m┓[48;2;16;44;81m[38;2;28;55;94m▌[48;2;29;56;94m[38;2;20;46;84m▌[48;2;35;63;101m[38;2;25;48;84m▃[48;2;24;48;80m[38;2;19;36;61m▄[48;2;17;40;70m[38;2;13;28;47m▂[48;2;25;47;77m[38;2;5;18;36m▂[48;2;29;51;83m[38;2;6;20;40m▃[48;2;32;55;86m[38;2;5;20;40m▄[48;2;35;57;90m[38;2;6;20;41m▅[48;2;24;44;78m[38;2;6;18;40m▆[48;2;18;35;74m[38;2;5;16;37m▇[48;2;8;19;38m[38;2;5;10;30m▃[48;2;10;19;34m[38;2;3;7;25m▃[48;2;10;19;34m[38;2;2;6;24m▄[48;2;9;19;33m[38;2;3;9;26m▅[48;2;10;19;32m[38;2;3;9;26m▆[48;2;10;17;30m[38;2;3;10;25m▇[48;2;5;10;23m[38;2;2;9;26m▅[48;2;4;9;21m[38;2;2;9;26m▅[48;2;4;8;22m[38;2;3;9;28m▃[48;2;6;8;24m[38;2;7;12;33m▁[48;2;7;9;25m[38;2;10;18;38m▂[48;2;5;10;26m[38;2;10;20;39m▂[48;2;6;12;28m[38;2;8;21;40m▂[48;2;6;15;37m[38;2;10;33;69m▂[48;2;7;18;41m[38;2;28;55;98m▂[48;2;7;20;38m[38;2;29;52;93m▄[48;2;8;24;43m[38;2;18;42;83m▄[48;2;7;37;61m[38;2;24;58;92m▆[48;2;26;60;93m[38;2;31;70;103m▇[48;2;21;50;84m[38;2;29;62;97m▌[48;2;22;46;79m[38;2;26;53;95m▂[48;2;24;45;80m[38;2;32;60;97m▂[48;2;27;49;85m[38;2;20;49;83m▂[48;2;21;44;82m[38;2;30;55;89m▗[48;2;28;50;92m[38;2;27;53;87m▄[48;2;21;44;82m[38;2;25;56;92m▁[48;2;21;42;83m[38;2;29;53;97m▃[48;2;15;43;79m[38;2;29;55;97m▆[48;2;32;62;102m[38;2;0;0;0m [48;2;26;58;97m[38;2;32;65;106m▌[48;2;22;45;77m[38;2;22;50;84m▌[48;2;20;43;80m[38;2;28;49;78m▆[48;2;23;50;86m[38;2;26;48;76m▆[48;2;21;46;81m[38;2;23;44;71m▅[48;2;20;46;83m[38;2;28;56;97m▗[48;2;29;60;102m[38;2;19;51;90m▘[48;2;27;61;97m[38;2;31;61;103m▆[48;2;19;49;87m[38;2;28;60;102m▃[0m
