[48;2;101;82;41m[38;2;158;132;80m┃[48;2;141;125;78m[38;2;119;87;38m▆[48;2;132;108;61m[38;2;94;66;30m▅[48;2;102;86;41m[38;2;76;57;22m▆[48;2;99;81;40m[38;2;70;54;25m▆[48;2;95;73;28m[38;2;82;65;36m▄[48;2;95;79;40m[38;2;53;47;25m▗[48;2;66;63;20m[38;2;52;49;27m▄[48;2;101;76;35m[38;2;129;89;43m▗[48;2;82;53;22m[38;2;134;97;54m▊[48;2;55;37;16m[38;2;41;29;16m▄[48;2;49;32;12m[38;2;38;31;23m▅[48;2;46;29;10m[38;2;34;30;20m▃[48;2;55;34;9m[38;2;51;34;21m▄[48;2;47;31;11m[38;2;42;29;26m▃[48;2;52;32;11m[38;2;44;31;22m▅[48;2;50;29;12m[38;2;56;36;22m▁[48;2;59;28;13m[38;2;49;33;21m▄[48;2;55;24;5m[38;2;63;41;28m▆[48;2;61;32;10m[38;2;71;47;31m▖[48;2;169;130;64m[38;2;87;55;13m▌[48;2;236;189;88m[38;2;213;175;94m▘[48;2;199;157;65m[38;2;154;102;21m▄[48;2;137;107;43m[38;2;104;65;20m▆[48;2;81;58;15m[38;2;53;33;12m▅[48;2;47;32;18m[38;2;69;50;20m▘[48;2;53;32;15m[38;2;44;27;18m▃[48;2;56;27;14m[38;2;69;40;22m▗[48;2;66;30;15m[38;2;79;49;27m▄[48;2;68;32;11m[38;2;83;50;30m▅[48;2;62;29;13m[38;2;61;39;25m▄[48;2;41;18;10m[38;2;28;20;15m▃[48;2;48;19;2m[38;2;23;15;13m▆[48;2;62;30;12m[38;2;20;15;12m▅[48;2;68;29;4m[38;2;28;18;9m▆[48;2;90;43;10m[38;2;42;22;9m▆[48;2;96;44;21m[38;2;64;30;22m▅[48;2;59;19;11m[38;2;41;16;11m▆[48;2;50;23;19m[38;2;35;19;18m▆[48;2;55;23;16m[38;2;38;21;20m▆[48;2;53;18;4m[38;2;35;16;11m▆[48;2;59;27;13m[38;2;44;26;21m▅[48;2;72;36;16m[38;2;47;25;12m▅[48;2;92;45;14m[38;2;66;34;13m▆[48;2;106;50;13m[38;2;87;45;26m▆[48;2;111;52;13m[38;2;75;31;13m▆[48;2;161;91;31m[38;2;106;50;17m▂[48;2;171;94;30m[38;2;140;67;24m▄[48;2;184;113;51m[38;2;149;83;36m▃[48;2;148;83;30m[38;2;121;60;21m▄[48;2;73;35;20m[38;2;106;55;28m▌[48;2;38;21;15m[38;2;50;22;14m▎[48;2;47;23;15m[38;2;36;22;19m▆[48;2;74;42;30m[38;2;49;28;17m▊[48;2;76;36;17m[38;2;83;46;34m▖[48;2;123;76;45m[38;2;104;56;25m▃[48;2;89;42;28m[38;2;52;37;40m▝[48;2;21;26;34m[38;2;44;25;21m▖[48;2;9;28;47m[38;2;12;23;32m▃[48;2;6;28;46m[38;2;6;22;33m▃[48;2;6;28;45m[38;2;6;22;39m▃[48;2;14;33;47m[38;2;9;26;46m▆[48;2;14;34;50m[38;2;8;29;48m▆[48;2;11;31;53m[38;2;10;29;46m▁[48;2;12;32;53m[38;2;13;34;60m━[48;2;11;31;50m[38;2;8;33;57m▅[48;2;7;31;46m[38;2;9;32;59m▅[48;2;16;30;45m[38;2;8;33;56m▆[48;2;19;32;48m[38;2;11;36;59m▆[48;2;20;33;48m[38;2;9;35;57m▆[48;2;12;31;51m[38;2;11;37;60m▃[48;2;17;29;44m[38;2;7;32;54m▆[48;2;18;31;49m[38;2;8;33;56m▄[48;2;24;33;49m[38;2;11;34;58m▅[48;2;27;33;47m[38;2;12;34;58m▆[48;2;29;35;49m[38;2;12;36;59m▆[48;2;21;27;41m[38;2;10;34;56m▆[48;2;19;24;38m[38;2;11;33;58m▆[48;2;19;20;28m[38;2;18;33;60m▇[48;2;5;7;15m[38;2;19;35;61m▇[0m
[48;2;119;79;31m[38;2;141;116;83m▌[48;2;110;82;46m[38;2;132;96;52m▊[48;2;56;48;24m[38;2;79;58;27m▎[48;2;63;56;32m[38;2;69;57;41m▄[48;2;54;46;29m[38;2;70;48;32m▂[48;2;92;79;46m[38;2;70;63;37m▌[48;2;46;43;27m[38;2;64;52;26m▌[48;2;40;41;29m[38;2;0;0;0m [48;2;117;84;50m[38;2;65;48;28m▖[48;2;90;57;27m[38;2;129;87;47m▌[48;2;39;30;24m[38;2;56;35;17m▎[48;2;33;31;30m[38;2;27;27;22m▂[48;2;28;32;28m[38;2;24;33;29m▅[48;2;49;38;28m[38;2;30;33;28m▖[48;2;57;37;26m[38;2;95;61;42m▗[48;2;70;41;26m[38;2;131;89;66m▂[48;2;83;55;39m[38;2;104;67;39m▆[48;2;89;51;23m[38;2;143;92;43m▂[48;2;110;66;31m[38;2;205;157;81m▂[48;2;111;66;29m[38;2;223;182;94m▃[48;2;138;92;33m[38;2;0;0;0m [48;2;158;104;50m[38;2;100;62;23m▃[48;2;76;37;13m[38;2;106;61;26m▎[48;2;54;25;15m[38;2;67;42;30m▝[48;2;46;31;22m[38;2;59;42;32m▘[48;2;30;21;19m[38;2;42;30;28m▅[48;2;30;18;18m[38;2;40;27;23m▝[48;2;53;35;26m[38;2;29;17;16m▅[48;2;48;28;17m[38;2;32;24;26m▅[48;2;38;24;13m[38;2;30;22;24m▅[48;2;26;16;8m[38;2;31;23;23m▅[48;2;26;19;18m[38;2;27;19;18m▄[48;2;23;19;23m[38;2;31;24;23m▄[48;2;23;20;23m[38;2;27;18;12m▁[48;2;21;16;18m[38;2;0;0;0m [48;2;25;21;17m[38;2;37;24;24m▃[48;2;42;21;19m[38;2;36;20;19m▆[48;2;29;13;16m[38;2;31;21;22m▄[48;2;31;14;19m[38;2;27;14;17m▆[48;2;38;20;22m[38;2;34;22;19m▄[48;2;30;15;14m[38;2;33;17;16m▚[48;2;45;24;23m[38;2;37;20;20m▌[48;2;63;35;24m[38;2;47;22;16m▌[48;2;69;34;15m[38;2;80;49;32m▌[48;2;99;60;42m[38;2;72;35;15m▎[48;2;43;17;12m[38;2;83;48;37m▌[48;2;51;30;23m[38;2;90;50;32m▝[48;2;107;50;29m[38;2;81;38;26m▃[48;2;125;66;32m[38;2;103;53;27m▄[48;2;104;49;24m[38;2;132;80;51m▌[48;2;100;53;35m[38;2;127;78;60m┃[48;2;45;23;16m[38;2;58;29;20m▄[48;2;40;25;21m[38;2;36;26;22m▊[48;2;50;30;24m[38;2;0;0;0m [48;2;72;40;29m[38;2;43;24;16m▖[48;2;101;55;29m[38;2;85;44;25m▃[48;2;70;32;16m[38;2;90;49;32m▚[48;2;45;25;18m[38;2;0;0;0m [48;2;37;27;29m[38;2;36;22;17m▄[48;2;24;22;26m[38;2;32;20;14m▄[48;2;21;18;22m[38;2;11;19;30m▝[48;2;12;19;32m[38;2;25;19;30m▖[48;2;9;20;35m[38;2;19;25;32m▂[48;2;6;24;40m[38;2;10;17;29m▃[48;2;5;25;44m[38;2;7;19;35m▖[48;2;9;30;50m[38;2;5;30;49m▗[48;2;9;34;56m[38;2;2;31;50m▅[48;2;12;37;62m[38;2;8;33;56m▊[48;2;13;39;63m[38;2;12;38;63m▄[48;2;4;31;55m[38;2;6;35;59m▄[48;2;4;34;57m[38;2;4;36;59m▃[48;2;5;37;60m[38;2;6;38;61m▄[48;2;3;33;56m[38;2;5;39;62m▅[48;2;5;35;59m[38;2;3;38;61m▅[48;2;4;35;59m[38;2;1;35;59m▄[48;2;2;33;56m[38;2;3;36;60m▆[48;2;3;34;57m[38;2;4;38;62m▄[48;2;4;35;60m[38;2;2;35;57m▘[48;2;10;38;63m[38;2;10;37;65m▄[48;2;12;39;64m[38;2;10;36;65m▄[0m
[48;2;171;127;61m[38;2;94;78;49m▎[48;2;81;61;36m[38;2;129;91;44m▊[48;2;38;38;30m[38;2;57;47;31m▎[48;2;70;53;32m[38;2;158;124;88m▗[48;2;93;55;26m[38;2;170;127;88m▖[48;2;87;53;26m[38;2;107;76;50m▝[48;2;62;44;30m[38;2;88;59;37m▎[48;2;38;40;33m[38;2;51;44;32m▖[48;2;45;40;25m[38;2;0;0;0m [48;2;100;68;37m[38;2;70;49;24m▖[48;2;78;50;30m[38;2;49;33;20m▝[48;2;29;28;25m[38;2;44;35;31m▖[48;2;28;30;23m[38;2;38;32;23m▄[48;2;29;27;27m[38;2;40;33;29m▅[48;2;41;30;24m[38;2;65;35;25m▝[48;2;119;76;35m[38;2;86;53;28m▊[48;2;147;99;43m[38;2;201;165;77m▗[48;2;185;132;65m[38;2;242;224;125m▄[48;2;233;194;102m[38;2;217;186;87m▄[48;2;235;197;90m[38;2;127;74;12m▂[48;2;213;175;89m[38;2;98;61;22m▁[48;2;118;89;35m[38;2;173;136;79m▅[48;2;84;58;27m[38;2;0;0;0m [48;2;65;39;24m[38;2;72;54;30m▅[48;2;62;38;26m[38;2;75;51;28m▄[48;2;65;41;30m[38;2;76;50;30m▃[48;2;50;29;21m[38;2;86;52;34m▆[48;2;41;22;11m[38;2;91;53;33m▆[48;2;42;26;15m[38;2;100;60;44m▅[48;2;37;25;16m[38;2;98;58;41m▄[48;2;35;26;18m[38;2;65;31;21m▄[48;2;32;25;19m[38;2;46;24;18m▆[48;2;39;22;15m[38;2;59;29;20m▁[48;2;41;22;13m[38;2;77;51;39m▃[48;2;58;37;31m[38;2;35;19;19m▗[48;2;27;18;18m[38;2;37;21;21m▘[48;2;24;23;19m[38;2;31;24;21m▊[48;2;30;25;27m[38;2;23;23;21m▌[48;2;27;19;19m[38;2;30;20;23m▎[48;2;26;19;17m[38;2;33;25;19m▝[48;2;29;17;15m[38;2;33;20;23m▃[48;2;39;15;15m[38;2;63;32;30m▗[48;2;61;23;12m[38;2;78;32;21m▂[48;2;99;54;30m[38;2;115;60;36m▄[48;2;115;62;31m[38;2;93;39;9m▌[48;2;44;19;7m[38;2;101;58;34m▌[48;2;50;30;25m[38;2;31;19;13m▊[48;2;81;36;25m[38;2;69;35;28m▊[48;2;147;99;69m[38;2;94;49;30m▊[48;2;115;57;25m[38;2;172;119;88m▌[48;2;133;85;63m[38;2;183;135;113m┃[48;2;74;37;30m[38;2;71;24;12m▌[48;2;42;25;22m[38;2;0;0;0m [48;2;56;40;37m[38;2;42;30;28m▊[48;2;45;27;22m[38;2;0;0;0m [48;2;79;48;31m [48;2;109;61;35m[38;2;86;38;12m▎[48;2;41;25;15m[38;2;89;53;34m▎[48;2;33;23;21m[38;2;30;26;31m▄[48;2;24;17;16m[38;2;26;22;24m▄[48;2;31;18;20m[38;2;25;18;18m▌[48;2;29;20;20m[38;2;39;20;22m▄[48;2;31;18;17m[38;2;46;19;18m▂[48;2;22;18;29m[38;2;40;19;18m▆[48;2;21;19;28m[38;2;65;38;34m▃[48;2;16;21;32m[38;2;71;41;32m▂[48;2;15;26;40m[38;2;40;22;23m▁[48;2;9;32;52m[38;2;11;27;41m▖[48;2;11;40;62m[38;2;11;36;56m▃[48;2;5;35;60m[38;2;11;41;62m▁[48;2;5;35;59m[38;2;10;38;60m▁[48;2;6;36;60m[38;2;5;36;56m▂[48;2;4;37;59m[38;2;0;0;0m [48;2;3;38;60m[38;2;3;37;58m▄[48;2;2;37;59m[38;2;5;39;60m▄[48;2;4;37;59m[38;2;4;36;57m▃[48;2;1;33;55m[38;2;6;35;56m▁[48;2;8;37;62m[38;2;6;37;59m▎[48;2;8;35;60m[38;2;6;33;63m▄[38;2;2;33;62m▄[0m
[48;2;86;57;28m[38;2;132;93;47m┃[48;2;68;52;31m[38;2;98;65;37m▘[48;2;27;39;25m[38;2;38;41;30m▂[48;2;67;49;30m[38;2;0;0;0m [48;2;135;92;46m[38;2;187;145;100m▊[48;2;71;41;15m[38;2;94;54;13m▎[48;2;73;51;34m[38;2;61;40;27m▅[48;2;64;42;34m[38;2;0;0;0m [48;2;41;32;24m[38;2;63;34;31m▃[48;2;47;29;19m[38;2;66;43;26m▝[48;2;75;47;31m[38;2;59;37;23m▖[48;2;55;36;25m[38;2;73;44;30m▄[48;2;39;32;22m[38;2;53;38;26m▖[48;2;52;34;28m[38;2;42;31;22m▊[48;2;35;34;23m[38;2;72;45;40m▃[48;2;45;31;15m[38;2;0;0;0m [48;2;125;84;30m[38;2;219;187;103m▝[48;2;227;201;91m[38;2;243;198;91m▄[48;2;202;151;58m[38;2;192;142;43m▄[48;2;99;54;12m[38;2;138;84;17m▌[48;2;53;30;12m[38;2;74;38;10m▎[48;2;93;61;31m[38;2;44;31;16m▇[48;2;66;39;25m[38;2;36;25;12m▆[48;2;53;44;24m[38;2;31;27;16m▆[48;2;54;36;23m[38;2;36;28;20m▅[48;2;65;41;28m[38;2;44;26;21m▇[48;2;53;27;17m[38;2;75;39;21m▁[48;2;58;27;11m[38;2;93;52;24m▁[48;2;67;33;18m[38;2;123;79;48m▁[48;2;64;26;10m[38;2;112;70;40m▂[48;2;65;30;15m[38;2;105;56;22m▃[48;2;71;33;19m[38;2;110;59;23m▄[48;2;86;44;27m[38;2;93;50;26m▄[48;2;69;40;31m[38;2;42;25;20m▃[48;2;28;18;18m[38;2;37;21;18m▘[48;2;34;22;24m[38;2;53;31;27m▄[48;2;34;26;25m[38;2;47;35;34m▃[48;2;36;31;31m[38;2;55;40;40m▅[48;2;23;21;21m[38;2;35;24;24m▘[48;2;26;19;21m[38;2;23;19;20m▊[48;2;24;15;19m[38;2;26;21;23m▄[48;2;63;24;14m[38;2;39;16;13m▊[48;2;80;26;15m[38;2;68;22;9m▘[48;2;119;54;36m[38;2;109;48;35m▌[48;2;120;53;24m[38;2;104;43;21m▄[48;2;62;29;20m[38;2;96;48;29m▌[48;2;79;44;36m[38;2;48;20;12m▊[48;2;75;39;26m[38;2;93;48;34m▄[48;2;131;67;37m[38;2;106;53;27m▊[48;2;143;83;47m[38;2;196;134;90m▗[48;2;142;82;46m[38;2;189;130;89m▎[48;2;140;83;54m[38;2;110;50;21m▌[48;2;75;35;29m[38;2;113;59;42m▌[48;2;52;30;24m[38;2;63;31;27m▃[48;2;73;37;27m[38;2;100;49;33m▁[48;2;71;34;22m[38;2;97;49;33m▃[48;2;115;59;35m[38;2;103;46;25m▎[48;2;39;24;18m[38;2;83;44;25m▎[48;2;22;23;25m[38;2;18;22;26m┃[48;2;25;22;23m[38;2;23;21;22m▄[48;2;23;20;22m[38;2;35;23;24m▝[48;2;39;20;15m[38;2;52;26;22m▗[48;2;56;24;15m[38;2;46;18;12m▘[48;2;69;26;20m[38;2;71;27;17m▄[48;2;81;33;25m[38;2;0;0;0m [48;2;86;41;25m [48;2;106;57;42m[38;2;78;26;10m▖[48;2;56;39;38m[38;2;143;84;56m▄[48;2;37;34;42m[38;2;113;65;54m▁[48;2;13;36;53m[38;2;41;32;45m▁[48;2;11;38;59m[38;2;0;0;0m [48;2;10;35;59m[38;2;3;34;57m▝[48;2;6;37;58m[38;2;6;35;60m▄[48;2;4;38;60m[38;2;8;40;64m▖[48;2;1;35;57m[38;2;2;33;55m▄[48;2;3;33;53m[38;2;6;31;52m▃[48;2;10;37;62m[38;2;5;31;53m▌[48;2;9;36;63m[38;2;5;34;62m▃[48;2;8;34;62m[38;2;4;34;60m▝[48;2;3;36;62m[38;2;8;32;63m▄[0m
[48;2;81;53;27m[38;2;72;50;23m▄[48;2;51;39;25m[38;2;38;33;25m▄[48;2;35;38;29m[38;2;44;43;30m▌[48;2;26;30;28m[38;2;0;0;0m [48;2;53;41;26m[38;2;148;114;79m▝[48;2;109;69;36m[38;2;110;69;40m▄[48;2;57;34;23m[38;2;91;52;33m▖[48;2;42;31;24m[38;2;59;34;27m▝[48;2;65;39;28m[38;2;45;33;22m▃[48;2;53;33;17m[38;2;62;38;22m▚[48;2;55;31;20m[38;2;68;38;24m▁[48;2;66;44;34m[38;2;52;33;23m▄[48;2;58;40;30m[38;2;58;37;24m▄[48;2;62;43;28m[38;2;116;94;70m▂[48;2;67;37;20m[38;2;0;0;0m [48;2;76;44;26m[38;2;78;33;7m▂[48;2;148;86;25m[38;2;99;56;20m▌[48;2;213;140;44m[38;2;235;162;49m▗[48;2;239;182;77m[38;2;222;144;40m▅[48;2;182;119;40m[38;2;156;79;12m▃[48;2;97;59;17m[38;2;141;88;34m▆[48;2;77;43;17m[38;2;129;78;30m▅[48;2;79;39;20m[38;2;141;85;26m▄[48;2;78;51;31m[38;2;168;123;62m▅[48;2;86;58;31m[38;2;182;143;78m▅[48;2;112;78;49m[38;2;201;167;92m▅[48;2;131;90;58m[38;2;216;180;102m▆[48;2;151;103;63m[38;2;205;155;83m▆[48;2;154;90;40m[38;2;166;108;51m▎[48;2;136;74;34m[38;2;103;44;17m▁[48;2;121;62;29m[38;2;80;41;20m▃[48;2;62;33;20m[38;2;100;47;23m▘[48;2;62;37;23m[38;2;42;23;19m▆[48;2;32;22;17m[38;2;69;46;48m▄[48;2;49;36;27m[38;2;42;26;24m▃[48;2;50;36;31m[38;2;30;25;20m▅[48;2;85;66;60m[38;2;44;34;32m▘[48;2;61;41;37m[38;2;0;0;0m [48;2;39;30;35m[38;2;86;58;53m▄[48;2;42;23;21m[38;2;0;0;0m [48;2;26;15;13m[38;2;50;25;16m▂[48;2;63;27;16m[38;2;104;56;35m▄[48;2;88;29;18m[38;2;120;55;32m▅[48;2;99;36;25m[38;2;118;52;35m▗[48;2;100;36;15m[38;2;113;41;12m▁[48;2;95;45;24m[38;2;122;61;29m▅[48;2;99;46;21m[38;2;172;109;69m▃[48;2;127;74;40m[38;2;167;114;58m▂[48;2;157;106;56m[38;2;227;186;111m▃[48;2;215;158;98m[38;2;219;172;92m▄[48;2;175;115;54m[38;2;216;164;87m▄[48;2;192;130;76m[38;2;230;175;107m▆[48;2;117;62;26m[38;2;177;119;63m▎[48;2;77;36;24m[38;2;0;0;0m [48;2;122;70;44m[38;2;205;148;104m▗[48;2;105;52;29m[38;2;162;105;64m▖[48;2;140;91;64m[38;2;94;40;16m▊[48;2;69;41;25m[38;2;152;107;79m▖[48;2;29;23;23m[38;2;53;31;28m▂[48;2;29;21;19m[38;2;62;36;31m▄[48;2;31;21;19m[38;2;59;29;26m▁[48;2;42;25;22m[38;2;32;25;20m▘[48;2;56;26;23m[38;2;76;37;38m▗[48;2;78;32;25m[38;2;110;65;47m▂[48;2;93;45;28m[38;2;114;61;35m▂[48;2;153;103;84m[38;2;101;42;31m▃[48;2;104;49;36m[38;2;185;130;107m▄[48;2;139;80;55m[38;2;170;108;81m▄[48;2;183;129;105m[38;2;175;117;82m▄[48;2;85;51;51m[38;2;204;157;123m▅[48;2;62;51;54m[38;2;175;150;123m▁[48;2;15;30;45m[38;2;0;0;0m [48;2;5;32;53m[38;2;8;27;41m▄[48;2;6;35;58m[38;2;6;27;45m▄[48;2;5;30;49m[38;2;4;31;54m▘[48;2;10;33;52m[38;2;9;31;50m▄[48;2;6;28;50m[38;2;9;32;58m▝[48;2;6;32;60m[38;2;6;29;55m▖[48;2;7;32;62m[38;2;8;32;60m▄[48;2;14;34;66m[38;2;10;35;64m▂[0m
[48;2;50;34;14m[38;2;85;57;18m┃[48;2;32;33;31m[38;2;39;33;26m▎[48;2;31;32;31m[38;2;34;38;36m▖[48;2;26;32;26m[38;2;33;41;38m▗[48;2;22;32;28m[38;2;24;38;40m▄[48;2;32;29;19m[38;2;78;45;26m▝[48;2;98;59;43m[38;2;75;46;30m▖[48;2;46;32;24m[38;2;86;52;28m▖[48;2;32;32;32m[38;2;40;32;30m▝[48;2;55;36;27m[38;2;34;31;31m▄[48;2;79;45;27m[38;2;53;33;19m▃[48;2;73;39;20m[38;2;107;60;33m▅[48;2;59;36;12m[38;2;125;81;43m▂[48;2;66;42;26m[38;2;0;0;0m [48;2;170;142;103m[38;2;75;43;16m▃[48;2;105;62;17m[38;2;192;161;96m▅[48;2;137;78;25m[38;2;241;205;132m▂[48;2;167;99;24m[38;2;208;142;44m▝[48;2;235;190;83m[38;2;186;116;20m▃[48;2;178;111;41m[38;2;231;185;79m▇[48;2;120;67;25m[38;2;229;182;80m▄[48;2;104;55;15m[38;2;192;135;52m▂[48;2;132;77;14m[38;2;157;104;30m▝[48;2;191;144;68m[38;2;131;77;6m▃[48;2;217;186;104m[38;2;139;90;19m▃[48;2;228;197;105m[38;2;138;92;15m▃[48;2;219;186;91m[38;2;139;97;24m▄[48;2;183;143;64m[38;2;122;82;27m▆[48;2;126;73;26m[38;2;101;60;26m▆[48;2;85;42;23m[38;2;0;0;0m [48;2;68;34;26m[38;2;69;38;26m▄[48;2;61;35;28m[38;2;48;25;21m▄[48;2;68;40;33m[38;2;43;23;23m▅[48;2;41;24;23m[38;2;0;0;0m [48;2;45;29;29m [48;2;114;80;63m[38;2;42;25;23m▘[48;2;91;54;38m[38;2;166;121;97m▗[48;2;115;88;71m[38;2;189;150;120m▆[48;2;134;92;72m[38;2;199;152;118m▅[48;2;92;56;41m[38;2;132;84;60m▄[48;2;77;42;27m[38;2;176;138;107m▗[48;2;146;92;61m[38;2;197;141;100m▆[48;2;144;74;39m[38;2;188;124;85m▁[48;2;145;79;54m[38;2;188;116;83m▅[48;2;148;71;36m[38;2;177;102;56m▄[48;2;141;83;40m[38;2;211;180;137m▗[48;2;200;146;85m[38;2;228;182;130m▌[48;2;190;140;71m[38;2;242;206;124m▗[48;2;249;215;126m[38;2;0;0;0m [48;2;230;186;100m[38;2;245;204;117m▅[48;2;183;122;51m[38;2;229;174;92m▊[48;2;216;164;92m[38;2;145;85;30m▖[48;2;202;150;88m[38;2;219;164;100m▆[48;2;186;128;75m[38;2;113;64;29m▝[48;2;220;161;105m[38;2;151;93;44m▎[48;2;154;95;52m[38;2;212;151;95m▆[48;2;122;69;37m[38;2;168;108;63m▆[48;2;97;51;25m[38;2;179;127;90m▊[48;2;69;34;26m[38;2;122;65;48m▃[48;2;90;42;35m[38;2;114;56;47m▂[48;2;71;32;29m[38;2;88;40;33m▎[48;2;58;28;26m[38;2;39;14;14m▗[48;2;66;30;25m[38;2;52;22;20m▖[48;2;119;64;41m[38;2;81;35;22m▌[48;2;155;94;64m[38;2;162;100;66m▄[48;2;128;64;37m[38;2;198;127;86m▃[48;2;133;60;29m[38;2;155;95;72m▝[48;2;208;160;126m[38;2;155;85;47m▖[48;2;194;134;95m[38;2;232;188;153m▇[48;2;224;192;153m[38;2;187;125;84m▘[48;2;200;175;143m[38;2;226;205;166m▇[48;2;109;80;65m[38;2;227;194;148m▆[48;2;60;56;46m[38;2;213;184;126m▃[48;2;26;33;38m[38;2;0;0;0m [48;2;5;25;41m[38;2;7;19;30m▃[48;2;6;26;44m[38;2;6;23;35m▂[48;2;6;26;45m[38;2;5;25;40m▄[48;2;9;30;52m[38;2;5;26;46m▌[48;2;8;32;53m[38;2;5;32;56m▝[48;2;4;34;60m[38;2;9;34;59m▄[0m
[48;2;49;35;17m[38;2;81;52;19m┃[48;2;18;37;35m[38;2;34;40;33m▌[48;2;27;38;37m[38;2;15;36;36m▖[48;2;20;32;31m[38;2;24;36;36m▆[48;2;30;41;38m[38;2;21;31;24m▄[48;2;28;31;26m[38;2;32;33;28m▄[48;2;42;31;20m[38;2;0;0;0m [48;2;89;54;34m[38;2;60;37;22m▖[48;2;49;33;20m[38;2;74;42;24m▄[48;2;28;36;28m[38;2;43;36;20m▖[48;2;24;29;25m[38;2;0;0;0m [48;2;71;37;14m[38;2;28;25;15m▆[48;2;150;99;62m[38;2;61;34;13m▄[48;2;126;75;34m[38;2;190;139;89m▆[48;2;104;54;14m[38;2;222;175;108m▄[48;2;120;72;16m[38;2;217;171;102m▂[48;2;212;183;109m[38;2;148;97;29m▆[48;2;225;186;110m[38;2;133;81;10m▄[48;2;164;95;23m[38;2;206;146;65m▘[48;2;204;123;27m[38;2;151;72;14m▃[48;2;228;161;63m[38;2;0;0;0m [48;2;223;169;67m[38;2;246;200;93m▆[48;2;208;158;66m[38;2;244;214;116m▆[48;2;179;135;51m[38;2;243;220;131m▆[48;2;163;114;40m[38;2;240;207;118m▆[48;2;175;130;53m[38;2;229;191;101m▅[48;2;162;119;44m[38;2;201;155;69m▃[48;2;138;97;40m[38;2;173;126;54m▆[48;2;118;69;29m[38;2;143;96;41m▎[48;2;64;37;25m[38;2;89;51;31m▌[48;2;41;30;24m[38;2;52;34;24m▊[48;2;37;29;26m[38;2;25;20;20m▄[48;2;39;23;23m[38;2;0;0;0m [48;2;69;37;31m[38;2;136;90;71m▃[48;2;149;91;63m[38;2;0;0;0m [48;2;128;70;45m[38;2;193;124;76m▄[48;2;210;154;111m[38;2;183;116;50m▂[48;2;220;168;127m[38;2;197;131;67m▄[48;2;193;128;82m[38;2;224;166;124m▘[48;2;161;113;69m[38;2;227;190;137m▗[48;2;217;170;122m[38;2;0;0;0m [48;2;181;125;76m[38;2;204;144;98m▄[48;2;197;141;101m[38;2;0;0;0m [48;2;139;82;49m[38;2;189;129;92m▚[48;2;178;112;69m[38;2;181;109;61m▄[48;2;213;170;123m[38;2;219;161;92m▄[48;2;197;136;55m[38;2;223;166;87m▚[48;2;237;192;105m[38;2;0;0;0m [48;2;227;181;92m[38;2;165;107;40m▂[48;2;207;149;80m[38;2;236;192;106m▘[48;2;168;102;48m[38;2;194;131;66m▎[48;2;202;140;91m[38;2;154;88;43m▘[48;2;205;141;79m[38;2;218;154;96m▌[48;2;209;139;80m[38;2;231;166;103m▊[48;2;196;120;65m[38;2;218;143;86m▅[48;2;188;117;62m[38;2;231;161;105m▊[48;2;214;149;95m[38;2;178;111;58m▊[48;2;178;108;64m[38;2;214;147;95m▌[48;2;162;92;67m[38;2;189;112;76m▃[48;2;129;68;51m[38;2;164;96;68m▃[48;2;86;45;32m[38;2;116;62;44m▁[48;2;42;21;19m[38;2;60;28;23m▖[48;2;35;16;17m[38;2;0;0;0m [48;2;47;19;20m[38;2;78;35;20m▝[48;2;159;94;57m[38;2;81;28;16m▃[48;2;162;81;39m[38;2;224;147;96m▝[48;2;228;171;122m[38;2;189;127;65m▂[48;2;173;91;40m[38;2;212;156;106m▖[48;2;230;181;115m[38;2;203;131;67m▌[48;2;238;220;175m[38;2;238;212;154m▌[48;2;238;224;185m[38;2;242;228;180m▄[48;2;241;223;170m[38;2;248;236;190m▌[48;2;233;201;134m[38;2;238;208;128m▄[48;2;212;184;119m[38;2;0;0;0m [48;2;44;38;33m[38;2;198;164;108m▖[48;2;8;17;26m[38;2;0;0;0m [48;2;7;21;36m[38;2;7;19;31m▃[48;2;7;27;45m[38;2;5;23;38m▂[48;2;6;30;49m[38;2;5;27;44m▄[48;2;8;32;56m[38;2;5;28;51m▆[0m
[48;2;45;34;19m[38;2;71;45;21m┃[48;2;20;40;37m[38;2;35;45;34m▌[48;2;17;38;41m[38;2;25;40;41m▂[48;2;27;34;31m[38;2;24;34;33m▁[48;2;25;32;27m[38;2;32;33;28m▃[48;2;40;37;31m[38;2;33;35;30m▌[48;2;41;35;26m[38;2;47;40;31m▚[48;2;48;35;25m[38;2;50;39;28m▄[48;2;66;38;27m[38;2;47;33;22m▃[48;2;51;36;27m[38;2;61;38;29m▊[48;2;30;34;30m[38;2;49;38;27m▅[48;2;20;30;28m[38;2;47;40;30m▃[48;2;22;31;25m[38;2;32;24;20m▁[48;2;42;34;18m[38;2;0;0;0m [48;2;178;140;92m[38;2;77;54;33m▅[48;2;221;181;126m[38;2;99;67;42m▃[48;2;213;180;113m[38;2;117;90;59m▁[48;2;155;98;32m[38;2;220;193;136m▅[48;2;142;85;36m[38;2;215;182;130m▂[48;2;141;79;29m[38;2;180;131;71m▁[48;2;148;73;15m[38;2;167;106;38m▁[48;2;209;160;57m[38;2;157;81;12m▆[48;2;226;193;82m[38;2;165;97;19m▅[48;2;242;213;109m[38;2;170;113;36m▅[48;2;235;201;103m[38;2;149;98;36m▄[48;2;209;163;88m[38;2;99;54;11m▃[48;2;179;132;65m[38;2;72;38;12m▄[48;2;116;73;24m[38;2;51;30;13m▆[48;2;81;49;28m[38;2;30;26;15m▆[48;2;25;23;16m[38;2;0;0;0m [48;2;31;25;23m[38;2;24;21;16m▘[48;2;41;25;25m[38;2;55;28;23m▗[48;2;100;54;36m[38;2;66;32;24m▌[48;2;140;84;51m[38;2;124;60;18m▄[48;2;174;101;45m[38;2;158;87;27m▝[48;2;187;111;44m[38;2;229;158;84m▂[48;2;194;123;53m[38;2;227;153;79m▆[48;2;210;135;61m[38;2;223;153;77m▚[48;2;207;148;89m[38;2;227;166;96m▄[48;2;222;166;108m[38;2;184;107;51m▄[48;2;183;120;66m[38;2;99;38;11m▂[48;2;191;122;85m[38;2;96;37;15m▆[48;2;153;96;69m[38;2;106;49;16m▆[48;2;168;102;59m[38;2;180;110;54m▄[48;2;203;122;52m[38;2;193;107;48m▎[48;2;205;137;58m[38;2;230;164;87m▗[48;2;230;164;88m[38;2;178;110;52m▁[48;2;127;63;22m[38;2;209;148;71m▘[48;2;145;75;32m[38;2;206;123;75m▃[48;2;218;145;87m[38;2;219;142;82m▄[48;2;242;182;124m[38;2;216;152;89m▘[48;2;225;165;114m[38;2;242;183;125m▆[48;2;213;144;85m[38;2;229;162;104m▌[48;2;236;172;109m[38;2;234;167;107m▄[48;2;229;158;97m[38;2;235;165;102m▚[48;2;217;142;73m[38;2;229;159;92m▌[48;2;239;176;105m[38;2;217;150;79m▌[48;2;234;166;98m[38;2;215;144;85m▝[48;2;218;142;99m[38;2;242;173;122m▆[48;2;201;130;93m[38;2;235;170;123m▄[48;2;148;82;57m[38;2;193;117;81m▄[48;2;87;36;30m[38;2;142;64;46m▃[48;2;41;16;14m[38;2;89;40;30m▖[48;2;39;20;22m[38;2;36;16;16m▆[48;2;36;13;11m[38;2;0;0;0m [48;2;92;34;16m[38;2;47;19;8m▃[48;2;112;38;14m[38;2;163;87;40m▝[48;2;211;143;96m[38;2;157;68;31m▅[48;2;203;139;81m[38;2;171;84;31m▊[48;2;240;211;161m[38;2;224;179;129m▖[48;2;245;236;182m[38;2;229;206;158m▖[48;2;248;244;197m[38;2;239;229;167m▖[48;2;246;234;180m[38;2;224;204;108m▝[48;2;235;203;103m[38;2;246;216;125m▄[48;2;233;189;101m[38;2;0;0;0m [48;2;70;53;37m[38;2;180;132;72m▄[48;2;18;21;24m[38;2;0;0;0m [48;2;6;22;34m[38;2;8;17;27m▃[48;2;8;27;44m[38;2;7;22;37m▅[48;2;7;27;49m[38;2;7;24;45m▄[0m
[48;2;61;36;13m[38;2;32;18;4m▎[48;2;30;37;27m[38;2;40;36;27m▆[48;2;23;32;29m[38;2;36;35;31m▅[48;2;26;35;31m[38;2;40;37;30m▅[48;2;40;37;31m[38;2;50;38;29m▁[48;2;36;33;29m[38;2;48;40;33m▃[48;2;48;35;27m[38;2;42;29;17m▄[48;2;61;40;24m[38;2;81;48;29m▗[48;2;65;42;27m[38;2;90;53;30m▁[48;2;54;34;26m[38;2;71;46;30m▄[48;2;53;36;25m[38;2;63;41;24m▁[48;2;63;47;34m[38;2;53;35;25m▅[48;2;57;35;26m[38;2;39;27;20m▝[48;2;26;24;20m[38;2;55;44;29m▄[48;2;36;32;21m[38;2;0;0;0m [48;2;113;102;80m[38;2;38;30;21m▅[48;2;147;124;100m[38;2;78;61;45m▄[48;2;156;133;103m[38;2;162;135;107m▄[48;2;192;160;122m[38;2;143;106;75m━[48;2;208;159;103m[38;2;149;111;68m▄[48;2;209;152;77m[38;2;153;108;46m▃[48;2;193;125;46m[38;2;154;98;36m▂[48;2;169;92;23m[38;2;150;82;26m▃[48;2;129;61;10m[38;2;128;59;16m▄[48;2;113;60;21m[38;2;94;39;11m▆[48;2;96;57;20m[38;2;70;28;10m▆[48;2;60;36;19m[38;2;57;25;15m▆[48;2;41;25;17m[38;2;55;21;14m▂[48;2;28;21;18m[38;2;54;22;17m▂[48;2;27;20;19m[38;2;66;27;22m▂[48;2;34;18;17m[38;2;79;31;16m▂[48;2;60;25;19m[38;2;108;45;15m▂[48;2;97;41;16m[38;2;155;76;32m▂[48;2;152;83;33m[38;2;193;111;53m▃[48;2;225;153;83m[38;2;188;113;56m▁[48;2;233;159;86m[38;2;150;79;30m▁[48;2;225;145;70m[38;2;117;42;7m▂[48;2;219;138;71m[38;2;108;38;8m▄[48;2;177;100;45m[38;2;82;24;7m▅[48;2;129;54;16m[38;2;71;20;10m▇[48;2;60;19;9m[38;2;0;0;0m [48;2;81;38;20m[38;2;182;135;97m▂[48;2;181;118;70m[38;2;137;91;56m▘[48;2;187;115;54m[38;2;159;81;29m▆[48;2;186;113;55m[38;2;165;88;41m▖[48;2;194;125;71m[38;2;119;47;16m▃[48;2;140;70;26m[38;2;119;38;10m▆[48;2;186;99;48m[38;2;99;27;6m▘[48;2;202;119;65m[38;2;228;152;101m▚[48;2;237;169;114m[38;2;0;0;0m [48;2;249;194;130m[38;2;248;194;120m▃[48;2;247;186;127m[38;2;250;195;131m▌[48;2;238;166;110m[38;2;245;176;121m▌[48;2;228;159;93m[38;2;241;169;111m▘[48;2;237;167;95m[38;2;0;0;0m [48;2;219;140;65m[38;2;190;118;39m▂[48;2;247;178;97m[38;2;239;164;87m▘[48;2;246;181;117m[38;2;238;168;95m▌[48;2;252;197;143m[38;2;252;212;166m▗[48;2;248;197;149m[38;2;252;217;178m▄[48;2;228;154;113m[38;2;250;196;157m▅[48;2;190;105;68m[38;2;229;157;117m▖[48;2;121;55;28m[38;2;174;90;54m▄[48;2;65;22;14m[38;2;119;44;24m▖[48;2;33;14;16m[38;2;0;0;0m [48;2;40;14;9m[38;2;28;16;14m▊[48;2;87;34;18m[38;2;60;21;12m▌[48;2;102;35;10m[38;2;124;43;15m▝[48;2;140;51;13m[38;2;118;34;10m▇[48;2;164;83;38m[38;2;235;188;135m▝[48;2;235;199;143m[38;2;233;174;108m▅[48;2;235;209;145m[38;2;212;161;88m▗[48;2;252;238;169m[38;2;250;219;144m▂[48;2;242;208;120m[38;2;233;194;99m▄[48;2;250;215;111m[38;2;249;216;119m▄[48;2;238;178;84m[38;2;0;0;0m [48;2;186;135;71m[38;2;55;43;28m▝[48;2;20;19;21m[38;2;0;0;0m [48;2;8;18;35m[38;2;7;18;30m▌[48;2;8;24;44m[38;2;9;22;40m▊[0m
[48;2;63;37;13m[38;2;32;18;2m▎[48;2;46;39;29m[38;2;42;37;29m┃[48;2;47;38;26m[38;2;67;49;31m▗[48;2;49;36;28m[38;2;67;47;32m▅[48;2;63;43;31m[38;2;66;43;28m▄[48;2;64;45;30m[38;2;76;45;25m▆[48;2;75;46;25m[38;2;108;58;30m▅[48;2;95;55;31m[38;2;125;60;25m▅[48;2;142;98;67m[38;2;143;76;36m▄[48;2;107;69;36m[38;2;180;124;84m▃[48;2;89;49;21m[38;2;164;122;87m▁[48;2;74;41;27m[38;2;72;36;12m▖[48;2;51;30;22m[38;2;62;36;26m▌[48;2;47;36;21m[38;2;46;35;29m▃[48;2;48;37;27m[38;2;44;33;24m▄[48;2;48;33;27m[38;2;65;49;35m▃[48;2;57;35;22m[38;2;95;69;50m▂[48;2;85;59;35m[38;2;72;37;17m▅[48;2;119;92;61m[38;2;85;44;20m▆[48;2;147;114;80m[38;2;87;41;17m▄[48;2;168;128;90m[38;2;93;47;19m▃[48;2;177;130;89m[38;2;123;73;39m▂[48;2;137;81;39m[38;2;173;120;75m▅[48;2;122;65;28m[38;2;164;107;59m▅[48;2;98;49;19m[38;2;134;72;36m▃[48;2;71;31;14m[38;2;106;56;32m▂[48;2;73;32;20m[38;2;93;44;22m▂[48;2;90;36;15m[38;2;0;0;0m [48;2;83;30;15m[38;2;128;59;24m▅[48;2;95;34;12m[38;2;144;63;26m▅[48;2;137;62;20m[38;2;187;108;57m━[48;2;155;78;24m[38;2;195;109;48m▅[48;2;190;99;39m[38;2;165;71;14m▂[48;2;158;66;15m[38;2;164;73;20m▄[48;2;129;47;5m[38;2;166;78;28m▄[48;2;113;40;6m[38;2;165;79;32m▄[48;2;111;41;16m[38;2;146;67;21m▂[48;2;97;34;15m[38;2;148;79;35m▁[48;2;89;36;19m[38;2;164;103;64m▂[48;2;88;45;28m[38;2;164;107;70m▄[48;2;167;115;74m[38;2;127;57;21m▁[48;2;181;115;73m[38;2;125;49;21m▄[48;2;123;46;19m[38;2;146;69;29m▘[48;2;143;70;38m[38;2;111;38;11m▄[48;2;117;49;28m[38;2;127;45;18m▄[48;2;119;38;16m[38;2;149;58;25m▅[48;2;169;77;35m[38;2;206;130;82m▂[48;2;211;123;72m[38;2;182;112;62m▗[48;2;238;179;122m[38;2;201;132;83m▌[48;2;249;189;117m[38;2;0;0;0m [48;2;252;199;135m[38;2;252;194;118m▘[48;2;249;189;135m[38;2;0;0;0m [48;2;243;175;116m[38;2;213;144;81m▂[48;2;223;150;93m[38;2;0;0;0m [48;2;205;138;80m[38;2;128;54;28m▄[48;2;231;164;91m[38;2;180;110;42m▘[48;2;237;173;89m[38;2;246;191;113m▗[48;2;248;211;154m[38;2;247;198;128m▌[48;2;249;226;189m[38;2;251;218;169m▘[48;2;253;226;193m[38;2;254;234;205m▅[48;2;254;219;182m[38;2;251;232;198m▆[48;2;251;219;182m[38;2;242;178;138m▝[48;2;213;128;89m[38;2;244;177;136m▃[48;2;152;69;42m[38;2;201;110;69m▆[48;2;91;38;23m[38;2;165;84;52m▖[48;2;48;22;18m[38;2;0;0;0m [48;2;32;15;13m[38;2;57;23;17m▝[48;2;91;33;18m[38;2;63;26;19m▖[48;2;109;33;11m[38;2;115;44;24m▖[48;2;163;71;24m[38;2;117;31;5m▊[48;2;221;147;79m[38;2;201;116;50m▂[48;2;190;103;31m[38;2;214;128;63m▊[48;2;244;201;121m[38;2;204;128;54m▎[48;2;218;175;75m[38;2;242;215;121m▊[48;2;248;219;128m[38;2;232;190;91m▎[48;2;240;169;70m[38;2;251;202;107m▌[48;2;227;156;63m[38;2;219;140;40m▌[48;2;77;50;28m[38;2;181;128;65m▌[48;2;15;18;27m[38;2;0;0;0m [48;2;9;21;40m[38;2;9;25;43m▃[0m
[48;2;63;38;14m[38;2;32;19;3m▎[48;2;48;39;29m[38;2;43;38;30m┃[48;2;73;41;25m[38;2;61;41;28m▌[48;2;82;47;24m[38;2;104;56;26m▗[48;2;84;50;26m[38;2;117;63;25m▃[48;2;80;46;30m[38;2;137;83;39m▄[48;2;100;56;25m[38;2;184;128;82m▂[48;2;132;77;31m[38;2;113;59;21m▖[48;2;126;60;17m[38;2;156;95;46m▂[48;2;144;69;31m[38;2;115;55;15m▄[48;2;168;119;85m[38;2;127;63;30m▅[48;2;120;76;48m[38;2;172;132;104m━[48;2;74;44;27m[38;2;174;138;110m▄[48;2;65;42;28m[38;2;155;123;99m▁[48;2;47;30;19m[38;2;0;0;0m [48;2;42;28;15m[38;2;47;33;27m▃[48;2;94;68;48m[38;2;58;36;20m▆[48;2;115;76;55m[38;2;78;45;20m▄[48;2;90;48;20m[38;2;116;74;43m━[48;2;100;57;28m[38;2;134;92;65m▗[48;2;96;51;24m[38;2;167;122;95m▃[48;2;116;60;26m[38;2;154;101;73m▂[48;2;138;68;24m[38;2;104;43;11m▂[48;2;143;67;21m[38;2;103;41;7m▂[48;2;118;52;18m[38;2;90;36;10m▃[48;2;100;47;23m[38;2;82;35;18m▄[48;2;102;51;29m[38;2;92;47;33m▄[48;2;116;61;34m[38;2;87;42;25m▂[48;2;132;69;29m[38;2;102;51;27m▅[48;2;130;62;23m[38;2;91;48;23m▃[48;2;140;74;31m[38;2;100;54;22m▂[48;2;144;64;16m[38;2;153;95;50m▄[48;2;153;70;21m[38;2;186;122;69m▃[48;2;150;65;17m[38;2;192;125;70m▄[48;2;147;68;18m[38;2;198;134;77m▄[48;2;152;76;21m[38;2;201;137;81m▄[48;2;179;108;48m[38;2;189;125;71m▄[48;2;189;125;70m[38;2;112;46;7m▂[48;2;192;126;81m[38;2;110;46;11m▄[48;2;167;98;61m[38;2;97;31;7m▅[48;2;116;43;19m[38;2;84;28;10m▃[48;2;104;41;19m[38;2;0;0;0m [48;2;106;39;20m[38;2;157;95;61m▂[48;2;114;41;19m[38;2;138;62;26m▃[48;2;131;54;19m[38;2;165;95;53m▗[48;2;192;125;64m[38;2;160;85;36m▘[48;2;212;144;83m[38;2;228;161;93m▄[48;2;180;107;46m[38;2;216;144;80m▚[48;2;242;179;112m[38;2;0;0;0m [48;2;252;193;120m[38;2;219;144;75m▂[48;2;246;187;125m[38;2;216;139;84m▄[48;2;211;139;87m[38;2;127;62;35m▁[48;2;196;133;80m[38;2;88;24;8m▃[48;2;116;51;22m[38;2;0;0;0m [48;2;226;168;100m[38;2;136;67;27m▘[48;2;246;193;119m[38;2;0;0;0m [48;2;246;199;129m[38;2;250;214;157m▄[48;2;251;225;188m[38;2;251;219;171m▌[48;2;252;234;206m[38;2;252;229;198m▎[48;2;253;237;208m[38;2;252;236;205m▂[48;2;250;235;208m[38;2;254;236;212m▅[48;2;252;225;195m[38;2;251;231;207m▊[48;2;251;213;180m[38;2;247;191;151m▝[48;2;222;143;98m[38;2;248;181;139m▄[48;2;210;118;74m[38;2;170;87;53m▝[48;2;81;26;11m[38;2;138;62;34m▌[48;2;36;12;11m[38;2;64;18;14m▖[48;2;82;35;22m[38;2;44;14;7m▌[48;2;96;30;17m[38;2;104;44;29m▌[48;2;106;38;14m[38;2;0;0;0m [48;2;197;112;52m[38;2;202;127;74m▖[48;2;166;69;6m[38;2;188;97;41m▌[48;2;240;172;89m[38;2;195;106;33m▌[48;2;222;180;93m[38;2;247;211;127m▊[48;2;244;205;132m[38;2;204;158;77m▌[48;2;241;183;103m[38;2;251;217;146m▌[48;2;188;114;23m[38;2;220;146;58m▌[48;2;226;174;99m[38;2;0;0;0m [48;2;51;29;19m[38;2;167;109;61m▖[48;2;7;23;38m[38;2;17;20;29m▎[0m
[48;2;55;37;15m[38;2;27;15;3m▎[48;2;51;37;26m[38;2;41;36;24m▊[48;2;92;51;28m[38;2;65;40;27m▌[48;2;119;62;20m[38;2;155;85;29m▗[48;2;189;130;68m[38;2;165;101;42m▊[48;2;161;97;33m[38;2;235;186;110m▃[48;2;189;125;54m[38;2;0;0;0m [48;2;166;107;40m[38;2;213;150;79m▅[48;2;150;87;28m[38;2;197;136;74m▂[48;2;123;69;15m[38;2;132;75;22m▘[48;2;104;56;16m[38;2;80;43;15m▗[48;2;79;41;21m[38;2;60;36;25m▃[48;2;81;41;18m[38;2;51;35;20m▆[48;2;138;105;82m[38;2;54;37;20m▆[48;2;98;68;55m[38;2;54;27;14m▄[48;2;60;34;22m[38;2;78;47;31m━[48;2;59;32;18m[38;2;71;44;22m▝[48;2;74;38;17m[38;2;104;62;38m━[48;2;72;33;13m[38;2;131;77;49m▃[48;2;78;36;13m[38;2;155;103;71m▁[48;2;95;45;21m[38;2;65;30;9m▅[48;2;94;44;20m[38;2;56;28;14m▅[48;2;79;32;8m[38;2;53;26;15m▆[48;2;72;33;11m[38;2;50;23;12m▆[48;2;59;28;12m[38;2;67;30;8m▁[48;2;69;33;21m[38;2;66;35;32m━[48;2;69;36;27m[38;2;83;40;20m▁[48;2;68;38;23m[38;2;80;46;31m▖[48;2;67;32;16m[38;2;59;33;19m▇[48;2;67;33;19m[38;2;54;33;22m▆[48;2;94;45;26m[38;2;57;31;17m▅[48;2;116;52;20m[38;2;73;29;12m▅[48;2;158;86;41m[38;2;95;33;10m▅[48;2;177;96;38m[38;2;124;50;15m▄[48;2;188;104;36m[38;2;116;42;6m▃[48;2;197;109;43m[38;2;123;41;5m▂[48;2;155;68;11m[38;2;192;105;37m▅[48;2;131;59;11m[38;2;224;162;80m▅[48;2;119;58;17m[38;2;235;191;108m▅[48;2;119;60;27m[38;2;238;192;116m▅[48;2;115;66;32m[38;2;230;176;103m▆[48;2;169;119;73m[38;2;217;157;89m▇[48;2;175;110;54m[38;2;238;174;103m▅[48;2;173;97;47m[38;2;235;170;98m▆[48;2;221;154;85m[38;2;0;0;0m [48;2;219;153;86m[38;2;153;79;30m▃[48;2;182;107;47m[38;2;187;113;72m▄[48;2;202;128;69m[38;2;127;54;22m▃[48;2;199;129;69m[38;2;104;42;14m▄[48;2;171;100;53m[38;2;67;22;5m▄[48;2;165;95;62m[38;2;67;22;9m▆[48;2;78;25;10m[38;2;190;144;106m▂[48;2;105;51;28m[38;2;233;186;131m▄[48;2;228;180;119m[38;2;0;0;0m [48;2;246;203;130m[38;2;251;211;166m▃[48;2;247;206;147m[38;2;251;217;179m▆[48;2;251;220;176m[38;2;252;225;190m▇[48;2;249;224;187m[38;2;252;228;194m▆[48;2;252;231;198m[38;2;252;230;196m▌[48;2;252;232;200m[38;2;251;234;203m▝[48;2;253;234;206m[38;2;254;230;200m▃[48;2;251;231;201m[38;2;251;226;191m▗[48;2;253;221;188m[38;2;252;218;181m▄[48;2;249;184;138m[38;2;253;199;159m▊[48;2;217;131;83m[38;2;237;162;114m▌[48;2;200;108;67m[38;2;157;69;38m▝[48;2;98;30;9m[38;2;142;64;35m▌[48;2;98;34;17m[38;2;66;16;6m▘[48;2;82;24;5m[38;2;0;0;0m [48;2;206;159;126m[38;2;121;61;32m▌[48;2;195;130;78m[38;2;240;192;152m▌[48;2;187;98;26m[38;2;220;129;51m▄[48;2;237;171;82m[38;2;226;137;52m▌[48;2;237;185;94m[38;2;246;196;105m┃[48;2;241;210;156m[38;2;208;162;85m▌[48;2;216;153;71m[38;2;241;210;152m▊[48;2;183;100;23m[38;2;220;138;49m▌[48;2;244;209;142m[38;2;194;136;71m▎[48;2;129;74;40m[38;2;231;180;119m▌[48;2;23;19;24m[38;2;57;23;10m▖[0m
[48;2;49;35;16m[38;2;24;14;1m▎[48;2;53;36;23m[38;2;36;34;21m▌[48;2;70;36;16m[38;2;97;50;27m▗[48;2;144;78;28m[38;2;112;57;23m▊[48;2;222;178;102m[38;2;187;126;61m▊[48;2;224;191;106m[38;2;237;218;142m▃[48;2;235;198;112m[38;2;211;171;91m▄[48;2;184;121;51m[38;2;223;163;93m▄[48;2;195;135;77m[38;2;136;75;33m▄[48;2;156;96;52m[38;2;92;43;21m▂[48;2;74;31;12m[38;2;94;45;15m▌[48;2;66;31;26m[38;2;74;28;22m▅[48;2;47;24;14m[38;2;75;29;19m▄[48;2;41;24;21m[38;2;61;23;17m▂[48;2;40;24;24m[38;2;0;0;0m [48;2;42;26;22m[38;2;35;21;20m▆[48;2;42;24;19m[38;2;62;30;18m▁[48;2;44;25;20m[38;2;63;36;20m▂[48;2;52;26;16m[38;2;0;0;0m [48;2;146;99;66m[38;2;52;22;9m▅[48;2;165;115;72m[38;2;85;46;20m▃[48;2;124;68;28m[38;2;180;129;80m▆[48;2;120;67;29m[38;2;191;141;83m▅[48;2;103;54;21m[38;2;186;140;81m▅[48;2;115;67;26m[38;2;181;138;86m▄[48;2;113;61;27m[38;2;165;117;76m▅[48;2;118;70;37m[38;2;175;122;83m━[48;2;129;86;50m[38;2;0;0;0m [48;2;91;55;32m[38;2;206;170;119m▃[48;2;70;42;20m[38;2;150;115;82m▖[48;2;64;38;25m[38;2;92;48;19m▃[48;2;85;42;27m[38;2;119;71;45m▂[48;2;110;57;34m[38;2;70;27;12m▂[48;2;107;52;30m[38;2;58;24;10m▅[48;2;72;22;10m[38;2;51;26;17m▆[48;2;83;38;16m[38;2;66;31;18m▌[48;2;110;55;16m[38;2;137;76;24m▝[48;2;166;107;38m[38;2;204;151;74m▗[48;2;208;152;63m[38;2;243;191;101m▄[48;2;243;186;91m[38;2;0;0;0m [48;2;246;188;89m[38;2;227;148;61m▃[48;2;244;175;86m[38;2;202;121;37m▃[48;2;236;160;74m[38;2;203;117;39m▄[48;2;208;128;51m[38;2;211;127;67m▄[48;2;181;105;53m[38;2;91;34;15m▁[48;2;199;131;85m[38;2;79;30;13m▄[48;2;86;37;18m[38;2;0;0;0m [48;2;110;54;35m[38;2;208;152;117m▁[48;2;103;49;33m[38;2;231;174;146m▄[48;2;116;70;51m[38;2;244;191;157m▅[48;2;159;113;81m[38;2;246;196;151m▇[48;2;247;200;147m[38;2;253;205;158m▅[48;2;251;202;153m[38;2;252;204;164m▆[48;2;251;205;162m[38;2;252;208;172m▇[48;2;254;218;182m[38;2;253;211;176m▂[48;2;253;224;188m[38;2;252;217;178m▃[48;2;252;224;192m[38;2;253;221;185m▃[48;2;253;225;194m[38;2;252;221;186m▃[48;2;250;224;190m[38;2;253;222;185m▃[48;2;253;224;190m[38;2;254;219;181m▃[48;2;253;221;187m[38;2;254;214;177m▄[48;2;252;216;180m[38;2;253;209;169m▅[48;2;251;205;162m[38;2;252;211;169m▘[48;2;253;195;154m[38;2;252;200;158m▊[48;2;250;186;143m[38;2;0;0;0m [48;2;223;141;93m[38;2;246;177;129m▖[48;2;164;73;29m[38;2;204;109;57m▅[48;2;131;45;21m[38;2;158;57;22m▄[48;2;122;44;20m[38;2;206;145;111m▗[48;2;247;220;175m[38;2;202;150;118m▘[48;2;231;167;88m[38;2;242;203;145m▎[48;2;238;154;64m[38;2;244;172;91m▗[48;2;237;179;101m[38;2;250;215;148m▅[48;2;233;186;96m[38;2;246;202;116m▌[48;2;245;225;171m[38;2;224;183;105m▎[48;2;214;146;57m[38;2;238;200;133m▌[48;2;184;124;74m[38;2;184;102;20m▊[48;2;240;217;164m[38;2;0;0;0m [48;2;147;87;45m[38;2;234;188;128m▊[48;2;39;22;23m[38;2;88;35;9m▌[0m
[48;2;47;31;18m[38;2;23;11;2m▎[48;2;53;34;26m[38;2;41;36;28m▌[48;2;93;48;19m[38;2;65;33;16m▊[48;2;138;86;42m[38;2;177;111;63m▝[48;2;186;119;48m[38;2;231;198;134m▄[48;2;232;195;119m[38;2;228;176;93m▚[48;2;237;210;140m[38;2;237;191;102m▄[48;2;179;116;48m[38;2;220;166;91m▄[48;2;115;55;21m[38;2;165;96;43m▎[48;2;47;27;17m[38;2;67;28;13m▌[48;2;59;36;23m[38;2;29;28;21m▆[48;2;50;27;17m[38;2;19;22;17m▅[48;2;60;27;20m[38;2;26;23;21m▄[48;2;60;26;19m[38;2;36;23;22m▅[48;2;33;24;19m[38;2;45;27;19m▘[48;2;38;19;11m[38;2;28;22;11m▄[48;2;49;23;10m[38;2;105;62;44m▝[48;2;135;81;50m[38;2;82;35;10m▂[48;2;90;49;25m[38;2;166;104;59m▅[48;2;88;46;24m[38;2;164;108;59m▄[48;2;79;37;17m[38;2;163;119;70m▃[48;2;69;32;10m[38;2;136;102;58m▁[48;2;60;30;7m[38;2;138;106;64m▁[48;2;64;37;13m[38;2;182;149;95m▁[48;2;67;41;18m[38;2;219;189;130m▂[48;2;76;49;23m[38;2;230;205;144m▄[48;2;115;84;45m[38;2;238;208;142m▆[48;2;232;194;127m[38;2;185;134;75m▗[48;2;209;168;97m[38;2;158;103;52m▆[48;2;114;69;26m[38;2;130;82;45m▆[48;2;134;89;56m[38;2;68;34;20m▃[48;2;108;66;42m[38;2;52;26;18m▆[48;2;54;22;13m[38;2;39;19;16m▆[48;2;44;21;12m[38;2;138;93;70m▁[48;2;81;52;33m[38;2;197;143;103m▂[48;2;102;60;37m[38;2;227;174;123m▅[48;2;154;97;50m[38;2;236;176;111m▆[48;2;234;171;91m[38;2;175;96;35m▂[48;2;229;165;77m[38;2;163;81;18m▄[48;2;226;151;68m[38;2;169;85;24m▆[48;2;213;126;58m[38;2;176;95;37m▅[48;2;195;109;38m[38;2;167;85;28m▅[48;2;197;116;55m[38;2;141;64;19m▆[48;2;109;44;15m[38;2;159;84;50m▁[48;2;83;32;19m[38;2;173;103;73m▂[48;2;110;60;41m[38;2;214;151;114m▃[48;2;158;103;68m[38;2;242;181;136m▅[48;2;249;191;145m[38;2;0;0;0m [48;2;251;198;152m [48;2;250;202;154m[38;2;253;199;156m▆[48;2;249;202;157m[38;2;253;201;160m▄[48;2;251;202;162m[38;2;253;202;162m▃[48;2;252;202;162m[38;2;253;204;165m▝[48;2;253;205;169m[38;2;253;204;163m▅[48;2;252;207;171m[38;2;251;207;165m▅[48;2;252;213;175m[38;2;252;215;173m▄[48;2;254;217;180m[38;2;252;214;175m▆[48;2;253;216;179m[38;2;0;0;0m [48;2;251;215;176m[38;2;252;214;176m▄[48;2;252;214;174m[38;2;251;211;170m▆[48;2;251;205;164m[38;2;252;208;167m▌[48;2;252;202;161m[38;2;250;199;156m▃[48;2;252;201;155m[38;2;253;202;158m▘[48;2;252;200;154m[38;2;251;199;151m▄[48;2;252;196;153m[38;2;248;196;148m▃[48;2;238;164;109m[38;2;247;185;135m▊[48;2;196;101;44m[38;2;232;144;87m▌[48;2;171;83;25m[38;2;222;168;99m▗[48;2;242;188;121m[38;2;0;0;0m [48;2;244;189;124m[38;2;198;113;51m▄[48;2;212;137;60m[38;2;0;0;0m [48;2;246;208;133m[38;2;217;148;64m▘[48;2;253;230;165m[38;2;243;194;116m▗[48;2;237;183;99m[38;2;237;175;81m▄[48;2;250;203;123m[38;2;249;183;84m▄[48;2;208;121;31m[38;2;233;160;63m▌[48;2;237;173;113m[38;2;199;112;38m▌[48;2;234;189;126m[38;2;211;133;74m▃[48;2;163;93;41m[38;2;227;166;97m▌[48;2;29;19;24m[38;2;91;42;20m▌[0m
[48;2;36;24;13m[38;2;55;33;16m┃[48;2;36;30;21m[38;2;46;32;23m▁[48;2;48;29;12m[38;2;41;32;24m▅[48;2;60;33;14m[38;2;140;86;38m▝[48;2;202;145;78m[38;2;128;72;22m▄[48;2;239;209;133m[38;2;172;101;36m▂[48;2;229;184;100m[38;2;243;215;147m▆[48;2;218;156;80m[38;2;246;212;145m▖[48;2;128;66;20m[38;2;180;111;45m▎[48;2;54;22;17m[38;2;77;30;11m▌[48;2;32;26;23m[38;2;41;23;22m▌[48;2;28;28;22m[38;2;19;23;22m▝[48;2;18;21;20m[38;2;20;24;29m▝[48;2;20;27;29m[38;2;16;23;19m▄[48;2;20;24;24m[38;2;20;22;15m▃[48;2;17;22;20m[38;2;26;20;22m▃[48;2;19;21;17m[38;2;35;24;19m▂[48;2;31;21;17m[38;2;0;0;0m [48;2;123;78;44m[38;2;34;20;15m▆[48;2;181;139;92m[38;2;38;22;8m▅[48;2;213;177;126m[38;2;61;39;16m▅[48;2;208;170;123m[38;2;60;27;12m▄[48;2;226;182;130m[38;2;79;35;17m▄[48;2;230;189;127m[38;2;92;44;21m▄[48;2;217;188;120m[38;2;83;40;17m▄[48;2;210;182;113m[38;2;71;34;11m▅[48;2;194;149;94m[38;2;61;29;13m▆[48;2;133;83;50m[38;2;63;30;20m▆[48;2;117;79;54m[38;2;70;34;20m▆[48;2;59;27;19m[38;2;144;88;65m▂[48;2;73;36;27m[38;2;196;135;109m▂[48;2;76;38;26m[38;2;186;123;95m▄[48;2;125;79;57m[38;2;195;132;99m▅[48;2;208;143;103m[38;2;244;201;170m▂[48;2;193;123;78m[38;2;236;195;161m▃[48;2;166;94;51m[38;2;242;197;160m▃[48;2;154;76;28m[38;2;235;178;138m▃[48;2;165;85;32m[38;2;221;150;107m▃[48;2;176;99;45m[38;2;212;134;84m▆[48;2;211;136;83m[38;2;222;143;94m▄[48;2;205;127;72m[38;2;232;161;113m▃[48;2;197;118;68m[38;2;230;163;114m▄[48;2;201;126;80m[38;2;239;173;124m▄[48;2;197;124;83m[38;2;246;183;136m▅[48;2;221;151;114m[38;2;250;190;144m▆[48;2;251;194;150m[38;2;0;0;0m [48;2;253;200;156m[38;2;252;198;154m▊[48;2;251;198;155m[38;2;252;200;158m▄[48;2;251;202;159m[38;2;251;203;167m▁[48;2;251;203;160m[38;2;250;204;170m▂[48;2;252;204;162m[38;2;251;205;167m▂[48;2;251;203;161m[38;2;0;0;0m [48;2;252;202;161m[38;2;254;209;162m▂[48;2;252;203;161m[38;2;253;207;158m▁[48;2;252;205;165m[38;2;253;204;159m▄[48;2;253;211;174m[38;2;254;206;163m▁[48;2;253;212;177m[38;2;254;210;170m▁[48;2;251;216;184m[38;2;253;217;177m▁[48;2;254;218;185m[38;2;250;222;188m▆[48;2;253;218;186m[38;2;253;226;186m▂[48;2;250;204;168m[38;2;254;214;180m▌[48;2;248;192;145m[38;2;242;175;119m▗[48;2;253;192;142m[38;2;236;162;109m▂[48;2;252;190;141m[38;2;241;171;118m▁[48;2;248;185;133m[38;2;240;170;111m▄[48;2;247;183;120m[38;2;224;152;88m▗[48;2;209;144;77m[38;2;206;134;73m▄[48;2;232;171;101m[38;2;170;83;36m▃[48;2;214;142;82m[38;2;160;77;31m▆[48;2;171;91;26m[38;2;235;170;97m▃[48;2;242;184;87m[38;2;0;0;0m [48;2;244;199;102m[38;2;230;161;54m▄[48;2;235;185;91m[38;2;236;171;63m▆[48;2;237;173;74m[38;2;219;136;46m▂[48;2;234;156;62m[38;2;218;116;26m▃[48;2;235;125;34m[38;2;215;117;25m▘[48;2;236;128;51m[38;2;191;71;12m▗[48;2;198;85;37m[38;2;165;54;14m▁[48;2;51;21;11m[38;2;158;84;38m▘[48;2;12;24;40m[38;2;21;16;19m▘[0m
[48;2;63;32;17m[38;2;30;12;4m▎[48;2;66;39;29m[38;2;59;36;25m▌[48;2;48;32;18m[38;2;81;44;23m▄[48;2;48;32;21m[38;2;78;45;26m▁[48;2;44;26;15m[38;2;0;0;0m [48;2;109;50;13m[38;2;43;26;9m▅[48;2;169;103;44m[38;2;82;37;12m▆[48;2;203;144;86m[38;2;88;38;10m▅[48;2;196;144;98m[38;2;89;46;17m▄[48;2;80;48;28m[38;2;117;78;48m▎[48;2;44;25;23m[38;2;65;40;31m▖[48;2;30;23;26m[38;2;62;45;41m▂[48;2;25;23;19m[38;2;74;57;49m▁[48;2;28;23;23m[38;2;51;28;20m▂[48;2;34;27;16m[38;2;49;23;10m▂[48;2;45;21;18m[38;2;77;33;11m▂[48;2;69;32;25m[38;2;95;33;12m▄[48;2;65;28;6m[38;2;127;59;20m▆[48;2;72;33;11m[38;2;149;77;28m▅[48;2;60;29;13m[38;2;119;49;14m▆[48;2;73;34;16m[38;2;120;51;23m▆[48;2;104;47;27m[38;2;99;36;11m▄[48;2;105;43;27m[38;2;70;25;7m▃[48;2;85;32;20m[38;2;43;15;10m▂[48;2;51;19;12m[38;2;41;20;19m▄[48;2;46;20;18m[38;2;79;31;23m▁[48;2;73;35;19m[38;2;139;70;35m▗[48;2;121;69;36m[38;2;220;143;96m▃[48;2;165;106;78m[38;2;236;174;132m▆[48;2;221;159;124m[38;2;249;200;159m▆[48;2;246;190;154m[38;2;252;212;177m▆[48;2;251;204;170m[38;2;253;222;192m▆[48;2;253;215;185m[38;2;253;225;196m▇[48;2;250;229;200m[38;2;253;223;188m▄[48;2;253;230;200m[38;2;251;223;184m▄[48;2;252;222;189m[38;2;247;218;180m▃[48;2;252;215;180m[38;2;249;212;175m▁[48;2;251;194;156m[38;2;252;207;169m▆[48;2;245;178;135m[38;2;251;199;153m▆[48;2;243;171;125m[38;2;252;194;147m▇[48;2;249;183;139m[38;2;253;194;148m▆[48;2;251;188;143m[38;2;252;194;147m▆[48;2;252;196;148m[38;2;252;193;146m▘[48;2;252;197;149m[38;2;252;199;151m▄[48;2;251;200;153m[38;2;250;200;153m▄[48;2;251;201;156m[38;2;252;205;160m▁[48;2;251;202;158m[38;2;253;206;164m▃[48;2;251;202;161m[38;2;252;206;166m▄[48;2;253;210;174m[38;2;251;205;168m▌[48;2;253;210;175m[38;2;251;209;164m▁[48;2;251;208;172m[38;2;212;167;130m▁[48;2;249;203;164m[38;2;153;100;68m▂[48;2;241;189;147m[38;2;114;54;29m▂[48;2;231;176;132m[38;2;102;38;17m▂[48;2;231;177;131m[38;2;110;45;24m▃[48;2;234;180;136m[38;2;104;44;24m▄[48;2;236;181;142m[38;2;95;35;22m▄[48;2;241;188;151m[38;2;107;49;33m▄[48;2;241;199;159m[38;2;97;45;29m▄[48;2;237;198;157m[38;2;88;42;25m▃[48;2;242;203;161m[38;2;104;54;38m▂[48;2;247;199;151m[38;2;142;93;65m▂[48;2;230;154;107m[38;2;193;119;83m▁[48;2;222;144;89m[38;2;222;135;80m▄[48;2;239;165;101m[38;2;215;131;71m▌[48;2;231;166;102m[38;2;195;113;59m▝[48;2;165;74;32m[38;2;218;138;79m▄[48;2;169;76;34m[38;2;216;127;61m▆[48;2;236;151;86m[38;2;192;100;34m▄[48;2;236;164;83m[38;2;193;109;31m▅[48;2;209;125;42m[38;2;0;0;0m [48;2;218;133;53m[38;2;116;49;18m▂[48;2;209;127;47m[38;2;147;70;32m▆[48;2;206;110;33m[38;2;172;70;13m▃[48;2;217;98;17m[38;2;185;61;13m▃[48;2;203;84;19m[38;2;136;31;3m▃[48;2;183;66;12m[38;2;142;40;14m▆[48;2;134;45;23m[38;2;46;16;19m▗[48;2;17;19;30m[38;2;0;0;0m [48;2;10;26;49m[38;2;6;23;51m▄[0m
[48;2;45;31;19m[38;2;23;12;5m▎[48;2;54;40;24m[38;2;30;28;22m▅[48;2;68;41;17m[38;2;39;29;19m▃[48;2;81;47;28m[38;2;60;35;24m▄[48;2;57;33;22m[38;2;43;32;23m▝[48;2;34;28;20m[38;2;43;29;18m▖[48;2;36;28;20m[38;2;29;28;21m▅[48;2;44;29;23m[38;2;25;25;23m▆[48;2;40;26;15m[38;2;21;24;22m▆[48;2;32;22;12m[38;2;15;21;20m▄[48;2;40;25;12m[38;2;15;22;17m▅[48;2;50;32;18m[38;2;23;25;21m▅[48;2;109;86;74m[38;2;38;26;21m▆[48;2;122;89;70m[38;2;89;59;42m▄[48;2;89;48;26m[38;2;198;160;133m▄[48;2;128;72;28m[38;2;225;202;155m▃[48;2;171;102;45m[38;2;208;169;109m▂[48;2;142;62;14m[38;2;192;119;53m▄[48;2;171;99;36m[38;2;139;68;17m▅[48;2;173;102;45m[38;2;95;36;6m▃[48;2;88;32;16m[38;2;117;54;25m▌[48;2;61;19;12m[38;2;74;25;11m▘[48;2;47;20;12m[38;2;67;20;5m▂[48;2;48;16;11m[38;2;107;35;8m▁[48;2;74;23;9m[38;2;166;84;39m▂[48;2;112;44;19m[38;2;212;128;77m▄[48;2;181;106;62m[38;2;244;169;118m▆[48;2;250;178;122m[38;2;249;188;129m▇[48;2;253;196;144m[38;2;250;192;134m▎[48;2;252;206;158m[38;2;251;194;146m▁[48;2;252;207;161m[38;2;251;216;172m▝[48;2;250;219;182m[38;2;250;207;164m▅[48;2;251;222;185m[38;2;250;210;169m▄[48;2;251;220;183m[38;2;248;210;172m▃[48;2;253;213;172m[38;2;251;217;178m▊[48;2;251;207;164m[38;2;251;212;169m▘[48;2;247;206;166m[38;2;251;203;159m▇[48;2;252;202;158m[38;2;253;199;153m▄[48;2;253;200;152m[38;2;252;194;147m▃[48;2;252;198;147m[38;2;253;193;146m▆[48;2;253;194;147m[38;2;251;189;145m▄[48;2;253;193;147m[38;2;251;189;144m▅[48;2;253;194;148m[38;2;252;190;145m▅[48;2;252;199;151m[38;2;250;196;145m▃[48;2;250;201;153m[38;2;252;199;146m▃[48;2;251;204;158m[38;2;252;198;148m▅[48;2;251;198;152m[38;2;231;162;116m▁[48;2;243;190;146m[38;2;182;108;69m▂[48;2;245;189;147m[38;2;178;114;81m▅[48;2;214;160;128m[38;2;153;86;62m━[48;2;133;75;47m[38;2;225;176;156m▅[48;2;130;70;49m[38;2;233;189;170m▅[48;2;125;64;44m[38;2;226;183;163m▅[48;2;121;64;44m[38;2;225;182;162m▅[48;2;112;55;38m[38;2;217;170;148m▅[48;2;126;65;49m[38;2;225;166;134m▄[48;2;108;52;36m[38;2;212;139;105m▄[48;2;84;34;25m[38;2;191;105;78m▃[48;2;57;18;12m[38;2;150;67;48m▃[48;2;45;15;7m[38;2;122;50;35m▃[48;2;40;12;10m[38;2;88;26;17m▂[48;2;71;28;12m[38;2;38;5;5m▇[48;2;112;45;22m[38;2;59;10;3m▆[48;2;200;119;73m[38;2;121;43;15m▆[48;2;218;142;79m[38;2;172;77;30m▆[48;2;242;179;107m[38;2;194;97;43m▃[48;2;244;180;106m[38;2;0;0;0m [48;2;233;152;74m[38;2;241;172;87m▆[48;2;182;93;43m[38;2;210;120;53m▊[48;2;170;94;56m[38;2;107;31;13m━[48;2;151;75;29m[38;2;105;44;28m▇[48;2;96;41;29m[38;2;85;32;18m▄[48;2;109;37;13m[38;2;114;36;17m▄[48;2;169;61;23m[38;2;105;19;7m▄[48;2;158;37;14m[38;2;115;21;9m▅[48;2;106;26;11m[38;2;0;0;0m [48;2;95;36;17m[38;2;35;17;19m▄[48;2;19;20;31m[38;2;0;0;0m [48;2;9;24;42m[38;2;11;25;49m▄[48;2;8;28;58m[38;2;7;22;46m▄[0m
[48;2;25;21;16m[38;2;42;33;22m┃[48;2;20;28;28m[38;2;24;26;25m▂[48;2;19;23;22m[38;2;0;0;0m [48;2;28;26;23m[38;2;45;29;28m▝[48;2;48;31;26m[38;2;26;25;21m▃[48;2;33;27;23m[38;2;49;35;28m▘[48;2;25;24;25m[38;2;32;28;21m▂[48;2;20;26;25m[38;2;0;0;0m [48;2;14;22;25m[38;2;14;22;19m▃[48;2;12;20;24m[38;2;14;17;19m▅[48;2;13;21;23m[38;2;13;16;18m▖[48;2;14;26;26m[38;2;14;19;20m▅[48;2;18;22;20m[38;2;22;22;21m▄[48;2;40;23;15m[38;2;68;23;11m▝[48;2;70;26;11m[38;2;126;65;32m▝[48;2;211;171;122m[38;2;94;46;18m▅[48;2;237;206;151m[38;2;124;68;33m▄[48;2;219;171;111m[38;2;92;42;8m▃[48;2;142;85;36m[38;2;78;36;13m▃[48;2;72;29;12m[38;2;122;73;46m━[48;2;66;25;12m[38;2;90;51;29m━[48;2;86;28;15m[38;2;0;0;0m [48;2;109;31;10m[38;2;177;90;48m▂[48;2;153;62;11m[38;2;216;125;50m▃[48;2;197;102;36m[38;2;234;134;60m▅[48;2;233;148;81m[38;2;223;133;62m▊[48;2;244;167;103m[38;2;232;146;87m▃[48;2;251;179;122m[38;2;249;169;114m▖[48;2;252;182;129m[38;2;248;180;124m▁[48;2;250;187;137m[38;2;253;184;132m▆[48;2;250;189;142m[38;2;252;185;133m▅[48;2;249;195;150m[38;2;250;189;139m▆[48;2;254;204;160m[38;2;251;196;149m▄[48;2;251;205;163m[38;2;251;200;154m▃[48;2;247;202;161m[38;2;251;201;158m▅[48;2;251;201;156m[38;2;252;202;158m▎[48;2;251;199;152m[38;2;251;201;154m▎[48;2;249;194;147m[38;2;252;200;150m▃[48;2;250;191;143m[38;2;253;198;149m▃[48;2;252;192;145m[38;2;253;197;148m▂[48;2;252;191;144m[38;2;252;193;144m▅[48;2;250;191;143m[38;2;0;0;0m [48;2;251;194;146m[38;2;249;187;146m▃[48;2;251;191;143m[38;2;246;179;136m▗[48;2;249;184;136m[38;2;235;161;120m▄[48;2;245;173;130m[38;2;226;146;104m━[48;2;209;130;88m[38;2;246;177;136m▅[48;2;219;142;101m[38;2;249;189;148m▆[48;2;251;200;162m[38;2;0;0;0m [48;2;252;214;182m[38;2;253;210;175m▎[48;2;250;219;191m[38;2;251;222;197m▝[48;2;252;226;202m[38;2;247;220;192m▃[48;2;253;229;207m[38;2;251;223;195m▅[48;2;254;231;209m[38;2;251;225;196m▄[48;2;249;217;186m[38;2;250;224;198m▊[48;2;240;180;139m[38;2;246;202;166m▊[48;2;239;157;112m[38;2;247;178;133m▘[48;2;206;108;63m[38;2;226;133;86m▌[48;2;188;88;47m[38;2;203;96;53m▅[48;2;188;75;36m[38;2;167;52;19m▁[48;2;126;39;16m[38;2;177;63;23m▆[48;2;110;32;11m[38;2;167;53;14m▅[48;2;129;47;22m[38;2;186;65;23m▅[48;2;165;61;23m[38;2;214;86;32m▄[48;2;185;69;26m[38;2;210;90;27m▅[48;2;190;76;27m[38;2;205;94;32m▅[48;2;194;109;51m[38;2;172;69;19m▇[48;2;201;127;73m[38;2;123;37;7m▆[48;2;137;64;34m[38;2;155;73;42m▄[48;2;97;27;15m[38;2;143;55;32m▂[48;2;79;17;9m[38;2;97;23;13m▂[48;2;80;25;12m[38;2;96;25;8m▃[48;2;87;16;13m[38;2;93;27;18m▆[48;2;91;24;18m[38;2;34;14;12m▁[48;2;87;27;21m[38;2;27;15;22m▄[48;2;22;19;29m[38;2;0;0;0m [48;2;10;26;40m[38;2;15;20;30m▘[48;2;9;26;42m[38;2;9;25;48m▝[48;2;11;27;49m[38;2;6;23;43m▂[48;2;8;23;45m[38;2;7;22;43m▄[0m
[48;2;54;27;15m[38;2;26;12;3m▎[48;2;42;25;19m[38;2;70;33;23m▄[48;2;32;25;19m[38;2;62;28;25m▅[48;2;33;28;24m[38;2;54;19;11m▃[48;2;35;23;18m[38;2;99;55;32m▁[48;2;43;24;18m[38;2;163;118;84m▁[48;2;45;27;18m[38;2;167;129;89m▁[48;2;38;25;15m[38;2;120;85;52m▁[48;2;31;23;18m[38;2;67;28;13m▁[48;2;21;21;23m[38;2;41;21;13m▂[48;2;15;23;26m[38;2;25;19;14m▁[48;2;15;24;29m[38;2;13;20;21m▃[48;2;21;21;25m[38;2;17;17;19m▃[48;2;45;24;14m[38;2;33;24;18m▊[48;2;58;33;19m[38;2;70;39;21m▅[48;2;47;28;12m[38;2;70;41;23m▅[48;2;48;27;20m[38;2;77;47;47m▗[48;2;77;53;49m[38;2;0;0;0m [48;2;47;29;25m[38;2;139;102;89m▄[48;2;41;22;18m[38;2;145;101;73m▅[48;2;63;22;17m[38;2;162;109;74m▆[48;2;169;98;57m[38;2;0;0;0m [48;2;186;99;37m[38;2;174;78;20m▗[48;2;208;110;35m[38;2;182;81;22m▃[48;2;212;114;48m[38;2;186;87;35m▃[48;2;207;102;53m[38;2;217;117;60m▝[48;2;240;151;88m[38;2;225;127;69m▌[48;2;251;173;115m[38;2;251;169;108m▌[48;2;248;177;116m[38;2;254;169;118m▃[48;2;252;180;124m[38;2;251;174;124m▁[48;2;253;184;133m[38;2;253;182;130m▌[48;2;252;186;137m[38;2;252;189;139m▝[48;2;251;194;146m[38;2;254;190;146m▄[48;2;253;198;155m[38;2;251;195;151m▌[48;2;252;200;157m[38;2;253;199;158m▄[48;2;252;201;156m[38;2;253;201;158m▌[48;2;251;201;153m[38;2;251;201;157m▂[48;2;251;200;153m[38;2;250;202;156m▁[48;2;252;200;151m[38;2;252;201;154m▖[48;2;252;197;149m[38;2;252;200;153m▄[48;2;252;195;145m[38;2;254;199;152m▄[48;2;253;192;145m[38;2;254;194;146m▄[48;2;254;187;144m[38;2;250;185;132m▄[48;2;252;182;136m[38;2;252;177;124m▄[48;2;252;177;130m[38;2;253;166;114m▄[48;2;252;176;131m[38;2;245;152;103m▄[48;2;244;175;130m[38;2;244;158;113m▄[48;2;243;176;132m[38;2;247;193;151m▝[48;2;253;201;166m[38;2;246;188;144m▂[48;2;251;206;178m[38;2;252;197;160m▃[48;2;249;209;182m[38;2;246;187;153m▂[48;2;247;205;175m[38;2;201;132;101m▁[48;2;247;203;173m[38;2;157;96;71m▂[48;2;238;193;166m[38;2;123;68;46m▃[48;2;234;186;162m[38;2;104;55;42m▄[48;2;206;146;119m[38;2;71;24;19m▄[48;2;208;131;101m[38;2;82;36;27m▅[48;2;177;93;62m[38;2;71;26;15m▆[48;2;136;54;30m[38;2;53;14;7m▅[48;2;126;29;7m[38;2;74;18;8m▅[48;2;148;42;6m[38;2;112;34;9m▖[48;2;175;52;6m[38;2;205;78;23m▗[48;2;217;87;33m[38;2;238;117;59m▃[48;2;230;103;44m[38;2;243;129;72m▄[48;2;229;112;49m[38;2;244;139;82m▂[48;2;237;129;63m[38;2;249;179;124m▂[48;2;235;133;61m[38;2;247;193;138m▂[48;2;178;88;32m[38;2;232;142;82m▅[48;2;56;18;12m[38;2;106;37;14m▌[48;2;125;51;29m[38;2;26;10;10m▅[48;2;116;53;39m[38;2;25;13;17m▄[48;2;85;28;14m[38;2;23;17;23m▅[48;2;63;23;9m[38;2;17;18;25m▇[48;2;16;16;21m[38;2;9;20;39m▆[48;2;8;19;35m[38;2;5;20;46m▅[48;2;8;23;45m[38;2;5;20;40m▂[48;2;8;25;49m[38;2;10;24;44m▄[48;2;7;23;47m[38;2;9;24;52m━[48;2;6;22;44m[38;2;10;26;50m▆[48;2;6;23;44m[38;2;3;19;42m▄[0m
[48;2;49;24;16m[38;2;26;11;6m▎[48;2;46;18;13m[38;2;0;0;0m [48;2;71;30;19m[38;2;190;145;106m▂[48;2;111;57;44m[38;2;233;186;144m▅[48;2;161;111;86m[38;2;243;191;148m▇[48;2;243;187;133m[38;2;174;94;50m▁[48;2;244;194;141m[38;2;167;87;55m▂[48;2;241;186;132m[38;2;176;93;58m▂[48;2;136;90;63m[38;2;230;161;108m▇[48;2;91;44;22m[38;2;226;141;79m▆[48;2;73;32;12m[38;2;208;123;58m▄[48;2;54;26;16m[38;2;141;71;25m▁[48;2;20;16;16m[38;2;53;17;3m▂[48;2;30;14;7m[38;2;74;35;15m▗[48;2;62;26;11m[38;2;153;89;49m▂[48;2;69;27;6m[38;2;143;68;21m▂[48;2;88;45;21m[38;2;178;115;75m▂[48;2;116;60;39m[38;2;218;169;125m▄[48;2;136;79;57m[38;2;218;178;138m▅[48;2;209;169;124m[38;2;154;76;33m▂[48;2;213;148;101m[38;2;149;52;13m▃[48;2;179;88;49m[38;2;109;38;18m▂[48;2;148;60;23m[38;2;64;12;3m▃[48;2;132;46;17m[38;2;76;19;8m▖[48;2;185;83;43m[38;2;154;58;24m▎[48;2;211;104;55m[38;2;242;134;81m▗[48;2;249;149;92m[38;2;245;140;81m▁[48;2;252;163;109m[38;2;252;158;102m▎[48;2;252;168;117m[38;2;251;166;112m▂[48;2;252;176;125m[38;2;251;170;120m▎[48;2;254;184;136m[38;2;254;180;131m▌[48;2;250;185;140m[38;2;252;185;138m▎[48;2;253;194;150m[38;2;252;189;146m▌[48;2;254;197;153m[38;2;254;195;154m▂[48;2;253;201;158m[38;2;253;198;154m▌[48;2;254;203;161m[38;2;254;204;163m━[48;2;253;204;161m[38;2;254;206;162m▅[48;2;252;205;159m━[48;2;251;204;156m[38;2;253;204;160m▘[48;2;253;201;154m[38;2;253;203;155m▖[48;2;250;195;148m[38;2;253;200;154m▘[48;2;248;186;138m[38;2;248;190;144m▎[48;2;248;181;130m[38;2;253;183;136m▄[48;2;249;176;124m[38;2;251;182;131m▂[48;2;252;174;120m[38;2;249;162;110m▝[48;2;244;151;103m[38;2;242;155;103m▄[48;2;240;150;106m[38;2;191;99;57m▁[48;2;235;155;116m[38;2;172;82;48m▃[48;2;232;166;123m[38;2;180;101;68m▅[48;2;225;165;125m[38;2;167;100;69m▆[48;2;186;124;93m[38;2;103;58;45m▂[48;2;165;109;82m[38;2;37;11;6m▂[48;2;153;96;71m[38;2;57;23;13m▄[48;2;118;70;50m[38;2;40;18;11m▅[48;2;103;64;54m[38;2;24;13;13m▅[48;2;36;16;18m[38;2;0;0;0m [48;2;59;35;33m[38;2;23;11;13m▆[48;2;49;26;23m[38;2;23;12;14m▅[48;2;27;6;8m[38;2;0;0;0m [48;2;57;13;9m [48;2;130;43;20m[38;2;214;110;75m▗[48;2;234;113;66m[38;2;0;0;0m [48;2;252;136;80m[38;2;244;124;70m▘[48;2;249;162;106m[38;2;248;146;90m▊[48;2;253;174;117m[38;2;252;192;132m▃[48;2;254;218;178m[38;2;254;199;145m▎[48;2;251;221;179m[38;2;254;242;209m▇[48;2;196;119;76m[38;2;246;207;158m▌[48;2;58;23;16m[38;2;150;71;45m▖[48;2;15;15;24m[38;2;27;21;24m▖[48;2;9;14;29m[38;2;8;19;35m▇[48;2;9;20;35m[38;2;12;21;42m▂[48;2;11;20;43m[38;2;11;19;36m▘[48;2;7;22;44m[38;2;10;23;45m▌[48;2;9;24;46m[38;2;5;21;44m▖[48;2;8;21;41m[38;2;12;23;46m▆[48;2;9;24;43m[38;2;13;28;49m▂[48;2;4;23;42m[38;2;7;27;44m▎[48;2;8;26;46m[38;2;12;29;49m▂[48;2;12;28;50m[38;2;9;26;46m▆[0m
[48;2;69;24;7m[38;2;135;69;43m▗[48;2;130;78;56m[38;2;223;164;123m▅[48;2;248;199;142m[38;2;0;0;0m [48;2;226;161;109m[38;2;156;67;29m▃[48;2;196;127;79m[38;2;120;45;22m▇[48;2;106;31;13m[38;2;199;132;86m▁[48;2;88;19;9m[38;2;161;93;58m▁[48;2;86;21;4m[38;2;124;67;35m▁[48;2;144;55;20m[38;2;88;18;10m▇[48;2;199;97;52m[38;2;93;15;10m▅[48;2;215;117;59m[38;2;114;31;9m▁[48;2;229;131;65m[38;2;0;0;0m [48;2;127;55;18m[38;2;216;132;61m▄[48;2;109;46;14m[38;2;157;77;12m▅[48;2;164;90;46m[38;2;163;83;22m▆[48;2;156;76;27m[38;2;188;108;32m▄[48;2;147;71;22m[38;2;199;118;38m▄[48;2;143;71;22m[38;2;202;117;56m▅[48;2;159;72;19m[38;2;167;78;33m▄[48;2;154;57;24m[38;2;90;25;8m▄[48;2;110;30;12m[38;2;43;12;9m▅[48;2;45;15;8m[38;2;0;0;0m [48;2;68;24;15m[38;2;117;54;31m▃[48;2;131;51;23m[38;2;127;45;14m▄[48;2;189;85;42m[38;2;165;66;30m▌[48;2;231;119;64m[38;2;212;102;53m▌[48;2;249;143;85m[38;2;244;132;75m▌[48;2;252;160;105m[38;2;249;151;95m▌[48;2;252;166;111m[38;2;254;171;119m▗[48;2;252;178;125m[38;2;252;174;118m▘[48;2;254;184;135m[38;2;252;181;129m▌[48;2;251;186;142m[38;2;252;185;139m▊[48;2;252;191;150m[38;2;251;188;145m▌[48;2;253;193;153m[38;2;251;189;149m▂[48;2;253;196;156m[38;2;249;191;150m▂[48;2;253;201;159m[38;2;250;195;154m▂[48;2;253;205;162m[38;2;252;202;160m▖[48;2;251;206;160m[38;2;252;205;162m▃[48;2;253;207;159m[38;2;252;207;162m▅[48;2;253;207;160m[38;2;251;200;153m▝[48;2;249;197;149m[38;2;253;204;158m▄[48;2;252;197;150m[38;2;254;206;159m▅[48;2;251;196;148m[38;2;252;204;161m▄[48;2;253;191;141m[38;2;252;200;157m▅[48;2;249;179;129m[38;2;254;199;158m▃[48;2;221;139;90m[38;2;247;184;143m▄[48;2;194;110;69m[38;2;243;189;153m▄[48;2;173;99;70m[38;2;249;219;191m▃[48;2;134;74;53m[38;2;237;219;194m▄[48;2;91;41;28m[38;2;206;172;142m▃[48;2;78;34;30m[38;2;167;110;86m▄[48;2;96;82;82m[38;2;217;192;180m▆[48;2;103;94;97m[38;2;208;199;196m▆[48;2;34;39;42m[38;2;132;135;127m▂[48;2;36;43;44m[38;2;137;147;141m▂[48;2;39;35;31m[38;2;199;186;181m▄[48;2;39;21;14m[38;2;125;69;50m▂[48;2;49;19;11m[38;2;154;82;50m▃[48;2;70;22;15m[38;2;202;115;82m▄[48;2;123;51;32m[38;2;216;124;88m▆[48;2;234;123;77m[38;2;244;149;100m▂[48;2;248;132;78m[38;2;251;147;95m▃[48;2;253;142;83m[38;2;254;154;95m▄[48;2;253;173;115m[38;2;252;157;99m▘[48;2;251;208;151m[38;2;249;190;131m▊[48;2;253;235;201m[38;2;251;218;170m▌[48;2;250;217;174m[38;2;254;244;211m▊[48;2;208;123;74m[38;2;235;180;130m▎[48;2;67;36;31m[38;2;170;94;66m▌[48;2;14;16;23m[38;2;11;19;35m▗[48;2;13;20;40m[38;2;11;21;34m▘[48;2;10;19;39m[38;2;14;22;39m▖[48;2;9;20;44m[38;2;7;20;40m▄[48;2;10;25;48m[38;2;6;21;44m▚[48;2;8;22;46m[38;2;8;24;48m▘[48;2;12;22;47m[38;2;15;25;52m━[48;2;15;29;52m[38;2;11;25;50m▅[48;2;7;25;46m[38;2;2;20;43m▆[48;2;11;26;49m[38;2;4;20;43m▅[48;2;8;23;46m[38;2;0;0;0m [0m
[48;2;207;145;115m[38;2;86;38;22m▌[48;2;251;204;157m[38;2;0;0;0m [48;2;238;156;96m[38;2;249;182;121m▊[48;2;201;121;81m[38;2;246;176;122m▆[48;2;247;197;149m[38;2;249;183;115m▁[48;2;248;193;137m[38;2;243;176;113m▂[48;2;231;177;133m[38;2;250;219;183m▅[48;2;179;130;95m[38;2;249;223;184m▇[48;2;147;78;50m[38;2;235;169;118m▅[48;2;110;35;13m[38;2;178;86;46m▃[48;2;99;25;5m[38;2;114;35;11m▂[48;2;140;54;15m[38;2;200;109;47m▝[48;2;225;145;69m[38;2;187;105;39m▁[48;2;201;125;40m[38;2;231;159;75m▆[48;2;189;115;22m[38;2;220;159;77m▅[48;2;218;149;50m[38;2;235;191;133m▃[48;2;216;140;48m[38;2;235;202;148m▃[48;2;172;89;23m[38;2;233;198;131m▃[48;2;147;70;30m[38;2;197;141;82m▖[48;2;77;24;14m[38;2;106;41;17m▌[48;2;59;19;18m[38;2;93;39;25m▁[48;2;76;28;15m[38;2;123;56;39m▄[48;2;135;59;30m[38;2;125;42;21m▄[48;2;136;47;17m[38;2;115;32;9m▊[48;2;188;85;41m[38;2;158;61;24m▊[48;2;235;124;71m[38;2;213;105;57m▌[48;2;248;140;83m[38;2;251;147;95m▃[48;2;252;161;109m[38;2;252;154;98m▘[48;2;251;171;119m[38;2;251;167;115m▌[48;2;253;180;131m[38;2;252;176;126m▌[48;2;253;183;136m[38;2;254;182;132m▘[48;2;251;186;142m[38;2;252;185;140m▊[48;2;249;185;142m[38;2;252;189;146m▃[48;2;250;187;145m[38;2;253;190;150m▂[48;2;248;187;145m[38;2;252;190;149m▅[48;2;250;193;152m[38;2;254;193;154m▄[48;2;252;199;158m[38;2;252;195;156m▄[48;2;253;203;162m[38;2;254;199;161m▁[48;2;251;204;163m[38;2;253;203;163m▂[48;2;251;206;163m[38;2;252;206;165m▅[38;2;253;208;164m▝[48;2;254;209;165m[38;2;253;210;167m━[48;2;254;211;171m[38;2;254;213;171m▄[48;2;251;209;170m[38;2;253;219;179m▅[48;2;252;210;173m[38;2;250;224;185m▅[48;2;252;211;173m[38;2;251;224;187m▆[48;2;254;227;195m[38;2;250;225;190m▂[48;2;251;226;201m[38;2;250;233;210m▝[48;2;251;236;211m[38;2;252;225;200m▃[48;2;245;204;166m[38;2;250;223;190m▊[48;2;223;156;111m[38;2;249;188;143m▆[48;2;186;114;72m[38;2;246;163;110m▆[48;2;183;120;91m[38;2;241;143;92m▅[48;2;136;102;82m[38;2;220;131;90m▄[48;2;141;139;130m[38;2;136;71;48m▆[48;2;215;170;158m[38;2;137;60;36m▅[48;2;232;170;133m[38;2;193;120;91m▌[48;2;214;142;103m[38;2;251;206;165m▆[48;2;241;162;123m[38;2;254;213;181m▅[48;2;248;183;138m[38;2;252;216;181m▅[48;2;250;181;131m[38;2;251;204;164m▄[48;2;248;166;117m[38;2;251;188;145m▂[48;2;249;166;106m[38;2;249;184;127m▃[48;2;252;184;127m[38;2;249;176;117m▎[48;2;250;205;153m[38;2;252;194;139m▌[48;2;252;232;193m[38;2;250;220;175m▌[48;2;207;163;131m[38;2;249;230;192m▊[48;2;157;81;48m[38;2;90;37;23m▄[48;2;37;22;23m[38;2;105;58;42m▘[48;2;9;17;32m[38;2;11;16;21m▂[48;2;6;19;36m[38;2;8;19;31m▃[48;2;8;18;36m[38;2;6;18;35m▄[48;2;11;22;41m[38;2;11;23;38m▁[48;2;8;23;42m[38;2;13;23;42m▂[48;2;11;24;45m[38;2;7;22;42m▌[48;2;11;22;45m[38;2;16;27;49m▃[48;2;9;23;47m[38;2;9;22;44m▄[48;2;1;21;43m[38;2;3;21;41m▄[48;2;3;20;43m[38;2;5;24;46m▅[48;2;6;22;46m[38;2;1;20;44m▃[0m
[48;2;210;146;109m[38;2;66;34;16m▎[48;2;251;204;150m[38;2;253;208;164m▊[48;2;245;163;95m[38;2;248;184;122m▌[48;2;251;174;106m[38;2;250;159;87m▃[48;2;248;159;86m[38;2;250;176;108m▘[48;2;249;183;131m[38;2;246;160;97m▊[48;2;252;207;163m[38;2;253;229;194m▝[48;2;253;216;176m[38;2;252;203;157m▃[48;2;245;162;104m[38;2;249;188;137m▎[48;2;193;97;43m[38;2;228;125;65m▊[48;2;145;64;20m[38;2;215;156;103m▂[48;2;161;77;33m[38;2;226;160;104m▁[48;2;184;99;41m[38;2;167;78;25m▌[48;2;207;126;55m[38;2;188;109;41m▃[48;2;201;131;45m[38;2;205;141;74m▄[48;2;190;129;61m[38;2;236;197;147m▃[48;2;203;144;80m[38;2;247;216;169m▃[48;2;207;141;71m[38;2;237;189;132m▃[48;2;142;66;20m[38;2;180;111;48m▎[48;2;94;36;18m[38;2;110;40;10m▎[48;2;97;40;24m[38;2;81;25;8m▃[48;2;114;38;21m[38;2;89;24;9m▅[48;2;103;29;20m[38;2;83;22;18m▂[48;2;137;49;16m[38;2;105;32;11m▊[48;2;202;100;57m[38;2;163;68;30m▎[48;2;245;140;86m[38;2;226;120;71m▘[48;2;251;149;94m[38;2;252;154;97m▃[48;2;252;167;115m[38;2;250;160;107m▌[48;2;253;173;122m[38;2;253;170;119m▎[48;2;252;179;128m[38;2;252;175;126m▖[48;2;254;184;134m[38;2;254;185;138m▗[48;2;251;186;136m[38;2;252;186;142m▃[48;2;248;185;138m[38;2;252;186;145m▄[48;2;251;186;144m[38;2;247;184;140m▘[48;2;252;189;149m[38;2;252;187;146m▇[48;2;254;192;152m[38;2;253;189;147m▃[48;2;253;191;153m[38;2;252;189;148m▆[48;2;253;196;157m[38;2;252;192;150m▆[48;2;252;200;159m[38;2;251;194;152m▅[48;2;253;204;163m[38;2;251;198;156m▅[48;2;252;205;163m[38;2;252;201;158m▃[48;2;253;205;162m[38;2;251;201;158m▂[48;2;254;209;167m[38;2;251;205;162m▅[48;2;253;216;174m[38;2;252;210;167m▅[48;2;248;220;179m[38;2;252;214;172m▆[48;2;245;220;178m[38;2;249;212;168m▆[48;2;250;222;181m[38;2;253;213;168m▄[48;2;250;222;188m[38;2;251;214;171m▅[48;2;252;221;186m[38;2;251;214;172m▆[48;2;248;211;166m[38;2;251;216;173m▎[48;2;252;191;142m[38;2;252;200;153m▌[48;2;249;179;126m[38;2;246;165;109m▝[48;2;247;158;97m[38;2;249;171;112m▄[48;2;248;153;94m[38;2;248;166;99m▅[48;2;234;129;84m[38;2;246;148;85m▆[48;2;184;92;53m[38;2;241;142;84m▇[48;2;204;121;77m[38;2;247;160;104m▆[48;2;251;198;156m[38;2;244;176;127m▌[48;2;254;222;190m[38;2;252;212;172m▖[48;2;253;223;197m[38;2;253;228;196m▆[48;2;253;215;181m[38;2;253;224;191m▌[48;2;252;200;155m[38;2;253;207;168m▊[48;2;249;192;139m[38;2;250;197;148m▎[48;2;250;186;131m[38;2;251;189;134m▌[48;2;249;195;143m[38;2;248;187;132m▌[48;2;251;219;175m[38;2;250;206;158m▌[48;2;251;231;193m[38;2;0;0;0m [48;2;199;177;153m[38;2;57;26;19m▝[48;2;25;14;13m[38;2;0;0;0m [48;2;9;11;14m[38;2;9;14;18m▝[48;2;10;15;30m[38;2;10;14;24m▌[48;2;11;17;33m[38;2;7;19;30m▝[48;2;9;20;32m[38;2;13;24;38m▝[48;2;14;25;42m[38;2;8;21;37m▂[48;2;8;21;41m[38;2;13;28;48m▗[48;2;12;24;45m[38;2;7;23;43m▅[48;2;7;22;41m[38;2;10;27;46m▖[48;2;4;21;38m[38;2;5;23;40m▂[48;2;3;22;41m[38;2;9;25;46m▆[48;2;6;24;49m[38;2;11;25;51m▂[0m
[48;2;170;115;89m[38;2;70;32;15m▌[48;2;247;203;162m[38;2;0;0;0m [48;2;239;171;102m[38;2;250;201;143m▌[48;2;250;153;71m[38;2;245;161;82m▌[48;2;244;149;86m[38;2;245;145;72m▊[48;2;253;175;123m[38;2;247;158;99m▎[48;2;253;192;142m[38;2;253;203;153m▝[48;2;250;192;136m[38;2;253;203;152m▘[48;2;242;163;100m[38;2;249;180;120m▊[48;2;228;141;82m[38;2;213;122;62m▄[48;2;239;186;137m[38;2;187;102;50m▃[48;2;230;168;113m[38;2;166;85;34m▃[48;2;166;82;22m[38;2;138;50;3m▄[48;2;194;110;47m[38;2;149;50;6m▃[48;2;209;137;77m[38;2;172;67;16m▂[48;2;240;198;139m[38;2;208;122;52m▄[48;2;231;186;128m[38;2;157;83;30m▃[48;2;202;154;97m[38;2;134;66;21m▆[48;2;139;75;35m[38;2;105;41;10m▇[48;2;98;37;26m[38;2;103;33;13m▄[48;2;81;26;12m[38;2;96;33;19m▌[48;2;68;21;11m[38;2;69;20;7m▄[48;2;91;29;16m[38;2;147;64;31m▗[48;2;181;86;41m[38;2;150;62;28m▎[48;2;231;131;76m[38;2;202;102;54m▘[48;2;245;143;84m[38;2;249;153;90m▗[48;2;252;162;105m[38;2;251;156;96m▌[48;2;251;168;114m[38;2;252;164;110m▘[48;2;253;171;119m[38;2;254;173;120m━[48;2;251;177;123m[38;2;253;179;127m▃[48;2;252;181;130m[38;2;253;181;135m▂[48;2;250;182;134m[38;2;253;184;138m▄[48;2;251;185;137m[38;2;253;184;139m▄[48;2;252;186;143m[38;2;252;182;135m▇[48;2;253;186;139m[38;2;252;182;134m▅[48;2;252;186;140m[38;2;250;180;132m▃[48;2;252;187;143m[38;2;249;183;134m▄[48;2;252;189;144m[38;2;250;185;137m▂[48;2;254;192;148m[38;2;253;188;141m▄[48;2;254;195;150m[38;2;254;190;143m▄[48;2;252;196;152m[38;2;253;191;147m▆[48;2;251;197;155m[38;2;251;194;151m▌[48;2;251;203;162m[38;2;252;200;159m▌[48;2;250;206;165m[38;2;252;208;171m▂[48;2;252;210;171m[38;2;254;214;173m▝[48;2;252;212;170m[38;2;253;214;174m▄[48;2;251;209;166m[38;2;253;214;172m▅[48;2;251;209;165m[38;2;252;211;168m▖[48;2;253;210;171m[38;2;252;208;166m▆[48;2;254;206;161m[38;2;252;209;168m▘[48;2;252;199;146m[38;2;253;202;153m▌[48;2;251;187;133m[38;2;253;194;139m▇[48;2;252;187;131m[38;2;249;179;121m▝[48;2;248;174;115m[38;2;253;183;129m▅[48;2;249;164;103m[38;2;250;174;122m▆[48;2;248;161;102m[38;2;252;174;122m▅[48;2;246;172;116m[38;2;247;181;131m▅[48;2;250;200;154m[38;2;243;185;134m▘[48;2;252;213;170m[38;2;253;219;180m▝[48;2;252;222;183m[38;2;251;208;166m▃[48;2;253;218;179m[38;2;251;201;161m▄[48;2;250;191;146m[38;2;252;205;164m▘[48;2;251;183;131m[38;2;249;188;138m▘[48;2;253;183;130m[38;2;253;178;124m▅[48;2;250;176;122m[38;2;249;182;129m▝[48;2;251;188;135m[38;2;250;199;150m▝[48;2;253;216;169m[38;2;251;199;149m▅[48;2;250;231;194m[38;2;250;218;176m▃[48;2;235;224;200m[38;2;82;74;70m▝[48;2;39;36;36m[38;2;170;165;148m▁[48;2;10;11;21m[38;2;9;10;15m▅[48;2;12;15;28m[38;2;11;13;21m▃[48;2;10;17;29m[38;2;9;15;25m▄[48;2;9;19;32m[38;2;10;22;38m▝[48;2;9;21;39m[38;2;12;27;46m▝[48;2;7;26;44m[38;2;5;23;41m▃[48;2;7;27;45m[38;2;4;26;43m▇[48;2;4;24;40m[38;2;7;28;44m▂[48;2;10;25;50m[38;2;9;24;43m▊[48;2;10;25;51m[38;2;7;24;50m▗[0m
[48;2;39;13;7m[38;2;86;39;25m▝[48;2;221;172;139m[38;2;123;72;50m▖[48;2;254;219;176m[38;2;253;207;148m▝[48;2;246;164;88m[38;2;252;204;147m▖[48;2;245;146;92m[38;2;239;136;72m▊[48;2;253;187;142m[38;2;250;167;119m▌[48;2;253;187;139m[38;2;254;198;150m▖[48;2;248;178;124m[38;2;229;145;90m▗[48;2;214;132;72m[38;2;244;168;113m▘[48;2;197;115;54m[38;2;226;143;86m▃[48;2;191;104;45m[38;2;222;137;78m▅[48;2;177;91;37m[38;2;221;135;73m▆[48;2;153;66;17m[38;2;203;118;52m▅[48;2;157;72;26m[38;2;221;148;86m▆[48;2;179;93;44m[38;2;233;181;114m▅[48;2;191;106;39m[38;2;238;180;106m▅[48;2;211;131;67m[38;2;237;175;105m▅[48;2;174;96;49m[38;2;227;159;79m▆[48;2;154;77;25m[38;2;205;119;36m▅[48;2;146;62;19m[38;2;183;98;36m▃[48;2;96;32;13m[38;2;146;72;28m▄[48;2;103;43;22m[38;2;137;61;26m▅[48;2;166;72;30m[38;2;142;55;20m▌[48;2;204;108;56m[38;2;184;89;42m▎[48;2;229;133;74m[38;2;246;153;95m▗[48;2;250;156;92m[38;2;251;162;106m▄[48;2;247;163;101m[38;2;250;170;115m▄[48;2;253;176;125m[38;2;250;171;114m▘[48;2;252;174;120m[38;2;253;180;131m▄[48;2;251;180;127m[38;2;251;176;122m▘[48;2;251;181;130m[38;2;253;184;133m▗[48;2;254;183;140m[38;2;253;184;135m▇[48;2;253;183;141m[38;2;253;184;137m▇[48;2;254;184;135m[38;2;254;183;135m▄[48;2;253;180;131m[38;2;253;180;134m▄[48;2;253;180;133m[38;2;254;181;137m━[48;2;252;184;135m[38;2;252;184;138m━[48;2;250;184;135m[38;2;250;183;131m▂[48;2;251;184;136m[38;2;253;183;132m▁[48;2;254;185;139m[38;2;254;183;135m▂[48;2;252;188;143m[38;2;251;184;137m▆[48;2;251;192;149m[38;2;247;186;140m▅[48;2;252;202;160m[38;2;248;195;149m▃[48;2;252;208;170m[38;2;251;205;163m▃[48;2;253;213;177m[38;2;254;211;173m▖[48;2;251;213;177m[38;2;253;217;180m━[48;2;253;215;174m[38;2;251;215;178m▄[48;2;251;211;168m[38;2;253;213;173m▄[48;2;253;208;164m[38;2;253;209;167m▖[48;2;252;202;155m[38;2;253;205;159m▌[48;2;251;197;147m[38;2;252;200;152m▃[48;2;252;195;140m[38;2;253;199;148m▂[48;2;251;192;137m[38;2;0;0;0m [48;2;253;190;136m[38;2;250;190;136m▃[48;2;253;185;133m[38;2;252;190;137m▅[48;2;253;190;138m[38;2;253;195;143m▗[48;2;252;196;146m[38;2;254;193;140m▂[48;2;252;202;154m[38;2;252;191;139m▄[48;2;252;205;158m[38;2;250;190;136m▅[48;2;252;200;155m[38;2;252;189;135m▅[48;2;251;190;146m[38;2;253;182;129m▄[48;2;251;185;136m[38;2;254;177;124m▄[48;2;252;181;126m[38;2;252;179;126m▄[48;2;254;178;122m[38;2;253;176;126m▄[48;2;252;177;121m[38;2;253;181;125m▄[48;2;253;183;125m[38;2;251;187;131m▝[48;2;250;194;139m[38;2;248;185;128m▆[48;2;250;200;149m[38;2;253;215;173m▝[48;2;253;231;194m[38;2;253;216;167m▄[48;2;245;234;201m[38;2;0;0;0m [48;2;52;49;49m[38;2;223;218;201m▅[48;2;35;35;37m[38;2;192;189;181m▁[48;2;10;12;18m[38;2;0;0;0m [48;2;9;15;26m[38;2;9;12;20m▖[48;2;7;17;33m[38;2;8;16;30m▌[48;2;5;20;38m[38;2;7;20;36m▄[48;2;5;26;42m[38;2;5;25;42m▄[48;2;4;28;43m[38;2;5;29;49m▅[48;2;6;27;50m[38;2;6;27;45m▘[48;2;6;27;51m[38;2;3;24;48m▖[0m
[48;2;39;15;11m[38;2;18;6;5m▎[48;2;58;23;7m[38;2;146;90;63m▝[48;2;243;190;151m[38;2;175;112;84m▖[48;2;253;211;163m[38;2;250;201;147m▝[48;2;240;156;98m[38;2;250;180;131m▄[48;2;248;185;135m[38;2;241;156;102m▌[48;2;252;194;141m[38;2;253;205;156m▊[48;2;233;144;88m[38;2;249;178;122m▎[48;2;221;129;72m[38;2;232;142;83m▂[48;2;230;150;88m[38;2;227;142;78m▆[48;2;211;117;53m[38;2;216;129;65m▌[48;2;215;117;47m[38;2;191;95;31m▄[48;2;198;107;31m[38;2;180;79;17m▃[48;2;210;118;50m[38;2;160;70;16m▂[48;2;228;158;101m[38;2;177;86;40m▖[48;2;240;199;130m[38;2;246;210;156m▇[48;2;241;189;123m[38;2;249;220;169m▆[48;2;240;178;98m[38;2;252;207;155m▅[48;2;232;153;74m[38;2;248;187;128m▅[48;2;209;125;61m[38;2;241;167;106m▅[48;2;177;101;46m[38;2;222;137;85m▆[48;2;144;52;20m[38;2;191;109;64m▘[48;2;149;56;20m[38;2;193;98;56m▗[48;2;230;137;81m[38;2;193;98;45m▘[48;2;251;161;101m[38;2;0;0;0m [48;2;252;166;107m[38;2;253;170;111m▅[48;2;252;174;118m[38;2;247;167;109m▘[48;2;254;180;126m[38;2;252;176;121m▘[48;2;255;182;132m[38;2;252;179;127m▇[48;2;252;181;128m[38;2;251;180;125m▇[48;2;252;182;130m[38;2;252;183;130m▄[48;2;252;184;134m[38;2;0;0;0m [48;2;253;184;136m[38;2;252;183;133m▄[48;2;253;182;134m[38;2;252;182;132m▆[48;2;253;179;130m[38;2;253;180;132m▃[48;2;253;178;129m[38;2;254;177;132m▃[48;2;251;181;127m[38;2;251;177;127m▅[48;2;250;180;127m▂[48;2;253;182;130m[38;2;249;176;128m▃[48;2;253;181;132m[38;2;252;178;133m▂[48;2;254;182;136m[38;2;250;181;134m▂[48;2;252;188;140m[38;2;252;185;138m▌[48;2;251;195;148m[38;2;251;191;143m▌[48;2;252;199;154m[38;2;253;203;161m▝[48;2;254;207;168m[38;2;250;201;159m▅[48;2;250;207;171m[38;2;252;204;165m▂[48;2;249;209;173m[38;2;253;206;168m▃[48;2;251;209;171m[38;2;252;207;166m▃[48;2;252;209;168m[38;2;251;205;163m▃[48;2;252;206;162m[38;2;249;204;159m▄[48;2;251;203;155m[38;2;250;203;158m▄[48;2;252;201;152m[38;2;251;202;155m▃[48;2;252;197;146m[38;2;251;200;151m▅[48;2;251;193;141m[38;2;253;200;149m▆[48;2;253;195;142m[38;2;254;197;145m▄[48;2;252;191;138m[38;2;249;185;132m▗[48;2;252;185;131m[38;2;251;179;124m▄[48;2;251;182;126m[38;2;252;175;118m▄[48;2;251;179;121m[38;2;252;171;112m▄[48;2;251;177;120m[38;2;250;168;108m▆[48;2;251;172;115m[38;2;251;164;106m▅[48;2;252;170;115m[38;2;250;165;107m▅[48;2;251;183;129m[38;2;251;177;120m▌[48;2;250;180;130m[38;2;251;183;134m▂[48;2;249;181;127m[38;2;249;183;131m▄[48;2;253;181;123m[38;2;253;182;127m▃[48;2;251;182;123m[38;2;251;183;127m▂[48;2;252;191;137m[38;2;251;185;132m▆[48;2;252;203;154m[38;2;253;196;145m▊[48;2;250;205;159m[38;2;244;215;175m▝[48;2;246;219;185m[38;2;249;234;211m▝[48;2;248;239;220m[38;2;0;0;0m [48;2;77;76;77m[38;2;234;231;223m▆[48;2;32;33;37m[38;2;208;207;204m▃[48;2;20;24;32m[38;2;0;0;0m [48;2;10;19;36m[38;2;12;18;31m▖[48;2;8;21;39m[38;2;12;22;43m▄[48;2;8;22;43m[38;2;0;0;0m [48;2;10;28;52m[38;2;10;26;48m▄[48;2;10;27;51m[38;2;8;25;48m▂[0m
[48;2;22;14;13m[38;2;36;20;20m┃[48;2;20;20;17m[38;2;40;17;8m▝[48;2;73;33;17m[38;2;185;116;84m▝[48;2;241;176;131m[38;2;161;91;62m▖[48;2;252;196;146m[38;2;0;0;0m [48;2;241;163;114m[38;2;253;191;139m▃[48;2;243;160;111m[38;2;254;197;152m▝[48;2;248;190;140m[38;2;0;0;0m [48;2;233;154;98m[38;2;249;190;140m▃[48;2;228;138;83m[38;2;239;159;107m▃[48;2;207;121;64m[38;2;228;145;87m▁[48;2;190;101;45m[38;2;216;135;74m▅[48;2;175;78;28m[38;2;224;140;81m▄[48;2;135;46;14m[38;2;197;106;57m▂[48;2;108;34;12m[38;2;160;81;41m▁[48;2;209;157;111m[38;2;127;56;17m▄[48;2;237;187;137m[38;2;181;105;51m▂[48;2;248;204;149m[38;2;228;153;90m▃[48;2;241;190;124m[38;2;218;129;66m▃[48;2;233;166;100m[38;2;200;102;39m▅[48;2;174;69;19m[38;2;0;0;0m [48;2;174;71;27m[38;2;210;114;64m▃[48;2;240;151;90m[38;2;207;113;62m▘[48;2;243;154;96m[38;2;252;162;103m▆[48;2;252;168;108m[38;2;252;170;116m▄[48;2;253;174;118m[38;2;250;170;109m▘[48;2;251;176;118m[38;2;250;174;121m▄[48;2;253;180;124m[38;2;252;178;127m▄[48;2;254;180;126m[38;2;254;178;129m▄[48;2;251;180;125m[38;2;251;180;128m▂[48;2;254;184;132m[38;2;253;183;130m▌[48;2;251;183;135m[38;2;251;183;133m▊[48;2;253;184;136m[38;2;253;184;134m▝[48;2;252;181;132m[38;2;252;182;134m▄[48;2;250;176;127m[38;2;252;177;129m▄[48;2;251;174;123m[38;2;252;174;128m▁[48;2;252;174;121m[38;2;253;172;125m▁[48;2;252;175;121m[38;2;254;173;124m▂[48;2;248;173;120m[38;2;250;172;124m▂[48;2;251;178;128m[38;2;251;176;125m▘[48;2;249;180;132m[38;2;253;179;134m▄[48;2;251;184;136m[38;2;253;179;133m▄[48;2;251;190;141m[38;2;252;181;133m▅[48;2;252;195;146m[38;2;253;186;139m▄[48;2;251;197;150m[38;2;252;188;142m▃[48;2;253;201;159m[38;2;252;195;149m▄[48;2;253;202;160m[38;2;251;196;150m▄[48;2;254;202;159m[38;2;253;196;150m▄[48;2;253;202;157m[38;2;252;195;148m▄[48;2;253;200;154m[38;2;251;191;144m▂[48;2;252;200;153m[38;2;252;192;143m▃[48;2;253;199;152m[38;2;252;191;143m▃[48;2;253;199;150m[38;2;252;191;141m▃[48;2;253;196;146m[38;2;252;189;137m▄[48;2;254;193;141m[38;2;254;187;134m▃[48;2;251;181;127m[38;2;253;185;132m▌[48;2;252;174;115m[38;2;252;178;122m▘[48;2;251;171;111m[38;2;248;167;104m▁[48;2;251;166;106m[38;2;247;162;102m▁[48;2;253;165;106m[38;2;249;163;106m▂[48;2;253;163;106m[38;2;251;164;109m▅[48;2;246;165;110m[38;2;244;174;124m▗[48;2;253;194;144m[38;2;247;181;127m▘[48;2;253;186;140m[38;2;248;177;131m▗[48;2;250;182;132m[38;2;243;171;122m▃[48;2;252;182;132m[38;2;252;184;142m▗[48;2;252;186;137m[38;2;253;195;154m▄[48;2;253;189;142m[38;2;252;199;157m▅[48;2;250;192;144m[38;2;250;202;158m▃[48;2;251;201;155m[38;2;252;210;166m▃[48;2;252;223;188m[38;2;252;216;176m▌[48;2;254;238;212m[38;2;253;232;202m▌[48;2;254;242;218m[38;2;250;229;197m▂[48;2;252;246;227m[38;2;249;230;192m▄[48;2;218;213;196m[38;2;0;0;0m [48;2;17;22;32m[38;2;158;152;144m▖[48;2;10;20;39m[38;2;10;19;34m▆[48;2;9;22;41m[38;2;10;22;40m▄[48;2;9;25;44m[38;2;10;26;45m▄[48;2;8;26;46m[38;2;8;29;48m▄[0m
[48;2;21;16;12m[38;2;32;22;16m┃[48;2;19;21;20m[38;2;27;23;22m▄[48;2;24;22;21m[38;2;0;0;0m [48;2;115;50;30m[38;2;48;17;10m▆[48;2;201;131;95m[38;2;97;36;19m▃[48;2;243;177;133m[38;2;183;99;67m▁[48;2;246;168;117m[38;2;253;189;141m▇[48;2;237;162;117m[38;2;254;187;137m▄[48;2;248;183;135m[38;2;250;179;127m▄[48;2;249;189;139m[38;2;242;173;125m▂[48;2;234;160;104m[38;2;250;184;138m▅[48;2;240;160;100m[38;2;250;174;121m▄[48;2;245;165;98m[38;2;230;153;89m▘[48;2;237;154;94m[38;2;245;168;106m▇[48;2;195;115;68m[38;2;236;155;100m▇[48;2;158;76;25m[38;2;237;152;97m▅[48;2;178;99;42m[38;2;228;149;97m▅[48;2;231;144;85m[38;2;215;123;57m▝[48;2;187;82;24m[38;2;207;107;44m▎[48;2;185;76;23m[38;2;206;100;42m▁[48;2;200;92;43m[38;2;232;126;76m▗[48;2;246;144;92m[38;2;223;121;73m▘[48;2;250;152;96m[38;2;0;0;0m [48;2;254;160;103m[38;2;250;156;97m▆[48;2;252;169;109m[38;2;251;165;104m▌[48;2;252;174;117m[38;2;251;171;113m▊[48;2;252;176;121m[38;2;0;0;0m [48;2;253;180;125m[38;2;251;177;123m▌[48;2;250;176;122m[38;2;252;179;125m▎[48;2;254;182;132m[38;2;252;179;127m▌[48;2;252;184;133m[38;2;253;185;138m▄[48;2;251;187;136m[38;2;252;187;142m▄[48;2;252;188;137m[38;2;252;188;143m▄[48;2;251;184;134m[38;2;252;185;140m▄[48;2;254;178;132m[38;2;252;182;135m▊[48;2;253;174;129m[38;2;253;176;130m▎[48;2;252;170;125m[38;2;252;172;127m▁[48;2;252;169;125m[38;2;253;171;126m▎[48;2;250;170;126m[38;2;253;173;128m▇[48;2;252;175;129m[38;2;251;173;127m▅[48;2;254;177;130m[38;2;251;175;126m▅[48;2;253;176;128m[38;2;252;175;124m▆[48;2;252;175;127m[38;2;252;174;122m▆[48;2;252;179;131m[38;2;251;175;123m▆[48;2;253;183;136m[38;2;251;178;127m▆[48;2;254;188;141m[38;2;252;179;130m▅[48;2;253;187;140m[38;2;250;178;128m▅[48;2;253;189;141m[38;2;251;181;130m▅[48;2;253;189;140m[38;2;252;184;133m▅[48;2;252;186;136m[38;2;252;181;131m▃[48;2;253;185;136m[38;2;252;179;130m▄[48;2;252;185;135m[38;2;251;178;127m▂[48;2;252;188;135m[38;2;251;181;127m▅[48;2;251;184;132m[38;2;251;179;128m▄[48;2;253;183;130m[38;2;250;176;121m▗[48;2;251;179;122m[38;2;249;173;114m▅[48;2;251;172;110m[38;2;254;172;111m▗[48;2;249;163;103m[38;2;252;170;108m▌[48;2;249;162;100m[38;2;253;161;101m▄[48;2;250;161;100m[38;2;253;156;98m▂[48;2;252;163;110m[38;2;246;153;104m▃[48;2;248;175;128m[38;2;252;208;164m▗[48;2;250;191;143m[38;2;238;160;110m▗[48;2;241;164;114m[38;2;244;152;98m▄[48;2;249;167;120m[38;2;245;161;106m▄[48;2;252;183;136m[38;2;247;170;116m▖[48;2;250;196;155m[38;2;250;190;147m▌[48;2;249;199;155m[38;2;249;185;132m▂[48;2;253;197;150m[38;2;249;174;113m▃[48;2;252;196;149m[38;2;242;165;100m▄[48;2;253;201;154m[38;2;230;154;91m▄[48;2;251;198;157m[38;2;229;150;87m▄[48;2;246;197;157m[38;2;234;154;90m▄[48;2;249;203;152m[38;2;242;170;107m▃[48;2;249;220;172m[38;2;242;189;126m▄[48;2;27;28;32m[38;2;197;166;129m▌[48;2;6;16;32m[38;2;6;14;28m▌[48;2;9;20;39m[38;2;7;18;36m▌[48;2;9;27;45m[38;2;11;23;45m▊[48;2;5;26;46m[38;2;0;0;0m [0m
[48;2;41;25;22m[38;2;20;10;6m▎[48;2;35;23;25m[38;2;42;28;29m▖[48;2;31;23;25m[38;2;24;22;20m▝[48;2;21;17;16m[38;2;33;21;24m▄[48;2;34;17;10m[38;2;0;0;0m [48;2;131;54;27m[38;2;57;21;5m▆[48;2;198;116;76m[38;2;91;33;7m▃[48;2;242;168;120m[38;2;168;85;43m▂[48;2;248;181;134m[38;2;219;131;77m▁[48;2;252;192;148m[38;2;249;168;112m▁[48;2;247;178;133m[38;2;254;194;145m▄[48;2;249;178;128m[38;2;254;195;146m▃[48;2;247;177;121m[38;2;252;185;138m▃[48;2;247;177;118m[38;2;250;195;148m▂[48;2;246;183;131m[38;2;248;207;169m▂[48;2;249;187;136m[38;2;253;223;186m▃[48;2;242;185;136m[38;2;253;226;191m▄[48;2;249;185;132m[38;2;252;211;172m▃[48;2;220;120;62m[38;2;240;156;100m▌[48;2;227;120;61m[38;2;211;105;46m▌[48;2;233;126;66m[38;2;240;128;69m▆[48;2;247;140;81m[38;2;243;133;74m▊[48;2;251;149;89m[38;2;253;154;98m▗[48;2;248;155;94m[38;2;252;160;103m▄[48;2;251;169;110m[38;2;249;164;105m▌[48;2;252;172;113m[38;2;252;175;116m▗[48;2;251;176;118m[38;2;250;176;118m▄[48;2;253;180;126m[38;2;251;179;123m▌[48;2;250;177;124m[38;2;252;180;128m▄[48;2;252;179;127m[38;2;253;180;133m▃[48;2;251;182;131m[38;2;253;183;138m▄[48;2;251;186;142m[38;2;250;183;135m▘[48;2;253;188;143m[38;2;253;188;149m▄[48;2;253;185;141m[38;2;253;185;147m▄[48;2;253;183;139m[38;2;254;183;144m▖[48;2;251;177;132m[38;2;251;181;136m▄[48;2;251;173;129m[38;2;251;177;133m▄[48;2;252;173;129m[38;2;253;178;134m▄[48;2;254;175;130m[38;2;254;178;134m▆[48;2;253;175;129m[38;2;253;178;134m▆[48;2;251;176;127m[38;2;252;177;131m▁[48;2;251;173;122m[38;2;250;169;119m▗[48;2;251;172;119m[38;2;251;169;116m▇[48;2;250;171;116m[38;2;253;170;116m▃[48;2;252;175;122m[38;2;252;171;116m▆[48;2;252;173;123m[38;2;251;170;116m▄[48;2;250;173;122m[38;2;252;170;116m▂[48;2;252;179;128m[38;2;251;173;119m▄[48;2;252;180;128m[38;2;253;176;122m▄[48;2;252;178;127m[38;2;252;173;120m▄[48;2;253;177;127m[38;2;251;171;119m▅[48;2;251;174;124m[38;2;253;170;118m▆[48;2;251;176;121m[38;2;251;170;114m▆[48;2;253;176;124m[38;2;251;169;115m▅[48;2;251;167;112m[38;2;254;175;122m▘[48;2;251;168;108m[38;2;251;163;101m▃[48;2;252;165;107m[38;2;250;159;99m▃[48;2;252;160;105m[38;2;253;156;99m▃[48;2;250;155;97m[38;2;249;154;96m▄[48;2;249;151;99m[38;2;0;0;0m [48;2;242;157;113m[38;2;250;198;156m▗[48;2;254;220;174m[38;2;249;209;159m▘[48;2;241;170;123m[38;2;193;103;60m▗[48;2;232;129;84m[38;2;200;90;47m▁[48;2;241;153;105m[38;2;216;113;70m▂[48;2;246;161;106m[38;2;215;110;66m▃[48;2;243;156;106m[38;2;187;87;50m▃[48;2;219;135;93m[38;2;104;37;16m▃[48;2;199;118;72m[38;2;77;21;6m▅[48;2;184;107;62m[38;2;75;24;12m▆[48;2;166;89;46m[38;2;98;32;17m▆[48;2;197;103;53m[38;2;151;61;26m▅[48;2;204;106;53m[38;2;147;57;29m▃[48;2;204;124;68m[38;2;107;42;13m▄[48;2;158;112;63m[38;2;36;27;21m▄[48;2;12;16;23m[38;2;0;0;0m [48;2;6;16;30m[38;2;9;18;33m▄[48;2;10;21;41m[38;2;9;20;37m▌[48;2;13;24;46m[38;2;9;25;45m▅[48;2;2;21;43m[38;2;8;26;48m▎[0m
[48;2;33;21;17m[38;2;17;8;4m▎[48;2;34;23;24m[38;2;28;21;20m▅[48;2;28;23;22m[38;2;24;22;21m▁[48;2;34;23;25m[38;2;29;23;25m▄[48;2;38;20;26m[38;2;27;19;22m▄[48;2;34;21;22m[38;2;30;17;12m▝[48;2;43;19;13m[38;2;0;0;0m [48;2;109;41;9m[38;2;54;20;13m▆[48;2;160;75;31m[38;2;80;26;12m▅[48;2;208;114;61m[38;2;109;35;11m▄[48;2;233;147;90m[38;2;147;59;19m▃[48;2;247;168;112m[38;2;182;84;35m▂[48;2;252;178;126m[38;2;226;124;69m▂[48;2;251;196;150m[38;2;241;155;101m▂[48;2;251;215;178m[38;2;248;174;125m▂[48;2;253;233;199m[38;2;251;194;146m▂[48;2;251;235;204m[38;2;250;201;153m▂[48;2;253;216;178m[38;2;250;187;133m▂[48;2;250;155;100m[38;2;243;169;117m▌[48;2;224;114;55m[38;2;235;132;75m▎[48;2;248;130;69m[38;2;235;118;57m▊[48;2;249;135;72m[38;2;253;141;81m▗[48;2;251;150;92m[38;2;251;144;85m▌[48;2;252;163;107m[38;2;252;157;101m▌[48;2;251;169;112m[38;2;251;166;110m▌[48;2;250;171;113m[38;2;250;173;114m▝[48;2;250;179;121m[38;2;249;175;117m▊[48;2;253;182;127m[38;2;250;181;127m▂[48;2;250;179;128m[38;2;252;183;132m▃[48;2;253;183;133m[38;2;252;185;137m▗[48;2;252;186;136m[38;2;252;187;139m▄[48;2;251;189;141m[38;2;252;189;144m▄[48;2;252;191;144m[38;2;253;191;147m▂[48;2;252;188;141m[38;2;252;189;147m▂[48;2;252;187;141m[38;2;252;188;146m▂[48;2;251;185;140m[38;2;252;187;144m▄[48;2;252;181;138m[38;2;252;184;142m▃[48;2;251;179;137m[38;2;252;182;141m▁[48;2;253;178;136m[38;2;252;178;137m▄[48;2;252;178;136m[38;2;252;181;141m▁[48;2;252;176;133m[38;2;253;178;138m▄[48;2;252;172;126m[38;2;252;174;130m▄[48;2;251;167;118m[38;2;252;170;122m▌[48;2;253;165;114m[38;2;251;165;121m▁[48;2;252;165;112m[38;2;254;165;117m▂[48;2;251;165;112m[38;2;251;162;110m▄[48;2;251;164;111m[38;2;252;169;114m▝[48;2;251;170;115m[38;2;251;167;113m▅[48;2;252;171;116m[38;2;251;166;113m▃[48;2;251;170;115m[38;2;250;166;111m▅[48;2;251;167;114m[38;2;250;164;110m▅[48;2;253;167;113m[38;2;251;164;109m▆[48;2;253;168;110m[38;2;251;165;108m▖[48;2;254;168;114m[38;2;0;0;0m [48;2;250;161;104m[38;2;253;167;112m▌[48;2;248;158;95m[38;2;250;160;100m▎[48;2;249;157;92m[38;2;247;155;90m▄[48;2;251;150;89m[38;2;249;150;89m▄[48;2;248;155;94m[38;2;247;158;105m▁[48;2;245;159;108m[38;2;250;186;139m▗[48;2;252;217;176m[38;2;245;189;144m▘[48;2;250;220;185m[38;2;251;213;179m▄[48;2;252;199;158m[38;2;211;134;93m▝[48;2;173;75;32m[38;2;240;168;128m▃[48;2;170;71;31m[38;2;223;147;114m▂[48;2;154;66;29m[38;2;225;165;130m▂[48;2;132;58;33m[38;2;240;188;156m▃[48;2;99;49;33m[38;2;240;198;170m▅[48;2;123;82;61m[38;2;244;206;173m▆[48;2;199;126;89m[38;2;223;169;132m▌[48;2;173;87;52m[38;2;110;35;8m▃[48;2;132;54;28m[38;2;56;9;2m▄[48;2;89;24;11m[38;2;51;22;13m▆[48;2;17;16;17m[38;2;54;24;15m▘[48;2;6;11;19m[38;2;6;10;15m▊[48;2;6;13;23m[38;2;6;16;29m▗[48;2;9;19;37m[38;2;8;17;32m▎[48;2;7;23;43m[38;2;10;22;42m▌[48;2;4;25;45m[38;2;7;26;46m▖[48;2;3;25;45m[38;2;5;26;46m▄[0m
[48;2;30;23;19m[38;2;16;9;7m▎[48;2;28;23;20m[38;2;28;23;20m▄[48;2;23;20;19m[38;2;27;23;20m▃[48;2;27;26;24m[38;2;26;24;21m▄[48;2;24;23;19m[38;2;28;26;23m▗[48;2;30;23;21m[38;2;26;21;20m▆[48;2;33;22;22m[38;2;27;21;21m▖[48;2;39;23;20m[38;2;34;21;20m▊[48;2;49;20;17m[38;2;41;25;21m▆[48;2;64;20;12m[38;2;44;21;17m▆[48;2;92;25;6m[38;2;56;21;15m▆[48;2;125;36;3m[38;2;68;21;9m▆[48;2;163;66;27m[38;2;76;25;11m▅[48;2;186;91;45m[38;2;90;25;10m▄[48;2;214;118;68m[38;2;111;41;11m▄[48;2;215;129;79m[38;2;113;43;13m▃[48;2;228;151;97m[38;2;137;56;25m▄[48;2;232;152;91m[38;2;180;88;42m▅[48;2;243;149;88m[38;2;223;131;73m▎[48;2;219;104;44m[38;2;242;139;78m▌[48;2;223;96;37m[38;2;237;112;50m▝[48;2;247;127;66m[38;2;239;112;53m▌[48;2;251;144;85m[38;2;251;139;79m▌[48;2;252;154;98m[38;2;251;147;90m▎[48;2;253;165;108m[38;2;253;160;107m▖[48;2;251;167;112m[38;2;251;172;113m▝[48;2;252;180;125m[38;2;251;175;120m▊[48;2;252;183;127m[38;2;252;180;130m▂[48;2;250;184;129m[38;2;249;181;128m▆[48;2;251;185;131m[38;2;251;184;137m▃[48;2;253;187;136m[38;2;253;186;142m▂[48;2;253;188;140m[38;2;253;188;146m▂[48;2;254;191;145m[38;2;255;191;150m▃[48;2;253;190;147m[38;2;254;190;152m▃[48;2;253;189;148m[38;2;254;190;151m▂[48;2;252;187;146m[38;2;253;188;149m▅[48;2;252;185;145m[38;2;252;186;149m▃[48;2;252;184;144m[38;2;252;184;147m▄[48;2;248;179;139m[38;2;252;183;146m▄[48;2;253;182;143m[38;2;253;184;146m▃[48;2;253;181;137m[38;2;254;183;144m▃[48;2;252;178;131m[38;2;253;180;138m▂[48;2;250;172;124m[38;2;251;173;130m▃[48;2;250;166;120m[38;2;252;169;129m▃[48;2;251;165;115m[38;2;252;169;124m▃[48;2;249;162;108m[38;2;251;167;119m▂[48;2;253;166;114m[38;2;253;168;121m▃[38;2;251;166;120m▃[48;2;251;166;113m[38;2;252;169;123m▃[48;2;252;167;111m[38;2;252;170;120m▃[48;2;253;168;111m[38;2;253;171;119m▂[48;2;253;164;111m[38;2;253;168;113m▆[48;2;251;167;113m[38;2;251;169;113m▂[48;2;252;168;115m[38;2;249;167;111m▄[48;2;251;167;111m[38;2;253;173;115m▖[48;2;249;163;105m[38;2;250;167;109m▂[48;2;251;163;106m[38;2;251;157;101m▝[48;2;248;154;99m[38;2;251;158;102m▌[48;2;246;174;127m[38;2;246;161;110m▊[48;2;254;203;161m[38;2;248;182;138m▘[48;2;251;209;171m[38;2;251;205;171m▗[48;2;252;203;163m[38;2;251;205;169m▎[48;2;254;202;162m[38;2;252;198;154m▆[48;2;251;193;153m[38;2;251;187;149m▝[48;2;251;186;151m[38;2;251;194;156m▆[48;2;251;194;161m[38;2;252;198;165m▆[48;2;252;205;173m[38;2;251;200;168m▌[48;2;252;210;175m[38;2;250;210;179m▁[48;2;252;212;174m[38;2;250;203;161m▗[48;2;231;155;107m[38;2;250;192;147m▌[48;2;103;45;19m[38;2;176;98;54m▌[48;2;67;37;23m[38;2;15;13;14m▄[48;2;8;9;13m[38;2;9;10;13m▄[48;2;6;10;16m[38;2;7;10;14m▌[48;2;5;15;26m[38;2;5;12;20m▊[48;2;5;16;30m[38;2;5;17;35m▅[48;2;3;17;37m[38;2;6;23;45m▂[48;2;5;21;43m[38;2;1;22;41m▄[48;2;5;25;45m[38;2;8;28;51m▝[48;2;4;26;47m[38;2;0;0;0m [0m
[48;2;30;24;20m[38;2;16;10;7m▎[48;2;28;24;21m[38;2;32;27;25m▝[48;2;26;22;19m[38;2;27;24;23m▅[48;2;25;23;19m[38;2;24;24;22m▄[48;2;26;26;23m[38;2;22;23;21m▂[48;2;22;21;20m[38;2;25;25;24m▗[48;2;23;21;22m[38;2;28;26;26m▗[48;2;27;18;17m[38;2;29;24;26m▄[48;2;37;23;20m[38;2;30;23;29m▃[48;2;40;21;18m[38;2;30;16;20m▅[48;2;39;16;14m[38;2;40;20;24m▄[48;2;41;15;12m[38;2;39;17;19m▃[48;2;52;24;18m[38;2;42;17;17m▄[48;2;56;25;19m[38;2;47;19;17m▃[48;2;61;25;6m[38;2;50;22;14m▆[48;2;70;23;5m[38;2;62;19;7m▆[48;2;102;33;13m[38;2;160;75;43m▗[48;2;204;102;52m[38;2;173;85;45m▘[48;2;238;137;78m[38;2;226;124;64m▌[48;2;228;114;57m[38;2;238;132;74m▌[48;2;221;90;34m[38;2;213;88;34m▄[48;2;231;96;43m[38;2;241;108;53m▝[48;2;248;130;74m[38;2;244;117;62m▌[48;2;247;138;82m[38;2;247;146;90m▝[48;2;254;157;104m[38;2;250;147;95m▖[48;2;252;164;112m[38;2;254;162;108m▅[48;2;252;172;121m[38;2;253;170;116m▆[48;2;251;177;126m[38;2;251;174;121m▆[48;2;251;179;127m[38;2;254;186;134m▝[48;2;252;184;140m[38;2;250;183;135m▇[48;2;254;188;143m[38;2;251;185;138m▎[48;2;253;188;146m[38;2;252;187;142m▆[48;2;254;191;150m[38;2;254;190;146m▆[48;2;254;190;152m[38;2;254;191;148m▆[48;2;254;191;150m[38;2;254;193;150m▗[48;2;252;188;149m[38;2;254;193;151m▃[48;2;252;187;151m[38;2;254;191;153m▄[48;2;251;185;150m[38;2;254;189;153m▃[48;2;253;186;150m[38;2;254;189;150m▄[48;2;251;183;145m[38;2;253;187;146m▂[48;2;250;182;142m[38;2;253;186;151m▂[48;2;251;181;137m[38;2;0;0;0m [48;2;252;178;133m[38;2;250;179;138m▃[48;2;251;173;131m[38;2;251;177;138m▂[48;2;252;173;124m[38;2;249;173;127m▄[48;2;251;169;119m[38;2;251;174;126m▄[48;2;251;169;120m[38;2;250;172;128m▃[48;2;250;170;123m[38;2;248;170;131m▁[48;2;251;171;124m[38;2;252;175;135m▂[48;2;252;173;124m[38;2;253;177;135m▂[48;2;250;172;121m[38;2;248;172;128m▂[48;2;252;173;119m[38;2;251;175;127m▃[48;2;252;173;118m[38;2;252;175;125m▃[48;2;252;173;117m[38;2;252;175;124m▃[48;2;250;171;114m[38;2;251;174;123m▃[48;2;252;172;115m[38;2;252;176;125m▃[48;2;251;168;112m[38;2;250;170;120m▄[48;2;250;165;112m[38;2;248;175;125m▃[48;2;252;190;145m[38;2;249;173;124m▘[48;2;251;203;167m[38;2;250;197;158m▌[48;2;253;204;172m[38;2;251;201;167m▃[48;2;251;199;157m[38;2;252;200;164m▌[48;2;249;195;154m[38;2;249;200;157m▂[48;2;251;195;158m[38;2;250;202;167m▗[48;2;252;201;169m[38;2;250;212;176m▁[48;2;249;204;175m[38;2;250;218;188m▃[48;2;247;210;180m[38;2;252;226;198m▄[48;2;252;217;189m[38;2;254;225;203m▅[48;2;248;209;172m[38;2;253;220;189m▃[48;2;250;187;140m[38;2;252;201;163m▃[48;2;144;100;61m[38;2;224;156;106m▊[48;2;16;15;16m[38;2;0;0;0m [48;2;7;10;14m[38;2;7;12;18m▗[48;2;6;12;19m[38;2;5;15;25m▗[48;2;9;19;33m[38;2;7;16;25m▘[48;2;8;20;40m[38;2;12;24;48m▗[48;2;7;22;46m[38;2;10;24;49m▖[48;2;6;24;45m[38;2;10;26;48m▅[48;2;11;27;48m[38;2;6;24;44m▝[48;2;6;28;49m[38;2;4;25;46m▆[0m
[48;2;33;27;24m[38;2;16;10;8m▎[48;2;29;24;22m[38;2;38;29;27m▃[48;2;28;26;26m[38;2;37;30;29m▖[48;2;22;23;23m[38;2;29;27;25m▄[48;2;22;24;22m[38;2;26;25;21m▄[48;2;20;20;18m[38;2;28;27;22m▄[48;2;25;23;20m[38;2;24;22;17m▅[48;2;31;27;26m[38;2;29;22;19m▆[48;2;29;22;24m[38;2;27;15;14m▆[48;2;32;19;22m[38;2;28;17;15m▆[48;2;35;16;18m[38;2;33;22;22m▄[48;2;36;15;17m[38;2;39;22;23m▃[48;2;39;17;17m[38;2;46;20;16m▗[48;2;51;17;12m[38;2;0;0;0m [48;2;75;26;17m[38;2;137;66;45m▁[48;2;101;33;14m[38;2;183;87;56m▄[48;2;191;83;40m[38;2;151;61;25m▘[48;2;203;93;46m[38;2;192;86;38m▘[48;2;222;114;61m[38;2;205;95;48m▄[48;2;204;95;44m[38;2;212;105;49m▘[48;2;203;88;37m[38;2;217;96;41m▝[48;2;224;93;42m[38;2;212;85;37m▖[48;2;232;104;52m[38;2;0;0;0m [48;2;247;135;82m[38;2;241;123;69m▌[48;2;250;146;94m[38;2;246;137;89m▄[48;2;251;153;100m[38;2;248;144;94m▂[48;2;249;163;108m[38;2;248;155;102m▄[48;2;250;172;118m[38;2;251;167;112m▅[48;2;252;176;123m[38;2;253;172;117m▂[48;2;249;180;131m[38;2;249;173;121m▂[48;2;251;185;139m[38;2;252;182;132m▅[48;2;251;187;140m[38;2;250;181;134m▄[48;2;252;188;143m[38;2;252;186;141m▎[48;2;253;190;147m[38;2;253;189;145m▆[48;2;253;192;146m[38;2;251;187;142m▂[48;2;253;193;148m[38;2;251;188;141m▂[48;2;252;190;150m[38;2;251;187;145m▃[48;2;253;190;153m[38;2;251;187;149m▄[48;2;250;186;144m[38;2;251;187;147m▌[48;2;251;187;144m[38;2;251;186;144m▄[48;2;252;186;151m[38;2;252;185;148m▆[48;2;252;184;144m[38;2;251;183;147m▂[48;2;251;181;141m[38;2;253;184;148m▄[48;2;252;179;139m[38;2;253;182;143m▄[48;2;248;174;130m[38;2;252;180;139m▃[48;2;250;175;128m[38;2;251;179;135m▃[48;2;249;175;131m[38;2;246;170;125m▘[48;2;247;173;131m[38;2;251;177;134m▌[48;2;250;175;134m[38;2;249;179;137m▃[48;2;251;177;135m[38;2;252;182;140m▄[48;2;247;173;132m[38;2;252;182;139m▅[48;2;251;177;134m[38;2;251;181;138m▅[48;2;253;177;132m[38;2;252;184;138m▃[48;2;253;178;131m[38;2;251;183;137m▂[48;2;253;177;131m[38;2;253;183;136m▄[48;2;253;179;133m[38;2;253;183;135m▄[48;2;252;177;130m[38;2;250;182;126m▄[48;2;251;188;142m[38;2;250;183;133m▊[48;2;252;193;150m[38;2;251;186;142m▁[48;2;253;197;155m[38;2;254;198;165m▝[48;2;252;204;167m[38;2;252;214;176m▗[48;2;246;202;166m[38;2;252;216;184m▄[48;2;249;200;168m[38;2;0;0;0m [48;2;248;197;162m[38;2;199;90;61m▂[48;2;247;199;162m[38;2;199;75;42m▄[48;2;245;184;148m[38;2;198;68;32m▅[48;2;233;153;119m[38;2;211;77;40m▅[48;2;236;155;126m[38;2;222;90;51m▅[48;2;241;158;124m[38;2;225;89;55m▄[48;2;240;162;129m[38;2;210;82;50m▄[48;2;233;159;116m[38;2;188;75;42m▄[48;2;16;16;19m[38;2;117;66;36m▌[48;2;7;14;21m[38;2;6;16;27m▗[48;2;4;18;28m[38;2;5;20;34m▄[48;2;6;20;36m[38;2;6;25;40m▄[48;2;9;26;49m[38;2;9;24;44m▎[48;2;8;24;50m[38;2;6;27;52m▂[48;2;8;25;47m[38;2;9;30;51m▃[48;2;7;26;46m[38;2;11;29;50m▂[48;2;6;26;46m[38;2;8;27;49m▎[0m
[48;2;28;24;21m[38;2;13;8;7m▎[48;2;33;27;24m[38;2;24;23;19m▆[48;2;30;25;25m[38;2;27;22;20m▊[48;2;31;26;25m[38;2;26;22;21m▗[48;2;29;26;24m[38;2;23;20;18m▅[48;2;28;22;20m[38;2;25;19;18m▃[48;2;32;23;20m[38;2;29;18;19m▆[48;2;31;20;19m[38;2;36;24;25m▃[48;2;32;18;16m[38;2;0;0;0m [48;2;37;15;16m[38;2;40;17;12m▄[48;2;41;19;17m[38;2;63;20;9m▁[48;2;47;18;11m[38;2;95;28;10m▁[48;2;68;25;13m[38;2;160;77;52m▂[48;2;108;44;25m[38;2;206;122;88m▄[48;2;175;98;71m[38;2;230;145;107m▆[48;2;226;128;87m[38;2;239;151;105m▄[48;2;214;107;58m[38;2;226;131;81m▄[48;2;209;103;53m[38;2;217;116;66m▖[48;2;202;93;46m[38;2;209;103;56m▄[48;2;191;82;36m[38;2;198;91;46m▖[48;2;196;80;33m[38;2;185;70;28m▆[48;2;204;78;34m[38;2;189;69;30m▄[48;2;212;87;42m[38;2;192;73;34m▂[48;2;229;111;61m[38;2;216;98;53m▇[48;2;234;121;73m[38;2;221;105;63m▖[48;2;242;135;81m[38;2;238;126;80m▄[48;2;245;146;89m[38;2;243;137;87m▄[48;2;250;157;99m[38;2;242;138;88m▃[48;2;252;164;107m[38;2;248;148;99m▃[48;2;250;165;111m[38;2;246;152;101m▖[48;2;251;174;122m[38;2;252;167;116m▆[48;2;250;176;127m[38;2;251;172;122m▊[48;2;253;183;136m[38;2;249;177;129m▘[48;2;254;187;142m[38;2;250;186;142m▗[48;2;250;185;140m[38;2;252;186;142m▆[48;2;252;186;141m[38;2;251;184;138m▗[48;2;253;188;142m[38;2;250;182;132m▃[48;2;253;187;144m[38;2;251;184;136m▅[48;2;252;186;144m[38;2;251;183;140m▅[48;2;251;186;144m[38;2;251;183;143m▆[48;2;251;183;145m[38;2;251;183;141m▅[48;2;252;184;147m[38;2;251;183;143m▄[48;2;248;180;143m[38;2;250;182;145m▁[48;2;250;181;142m[38;2;249;181;142m▄[48;2;252;183;142m[38;2;252;184;145m▁[48;2;253;183;141m[38;2;253;185;146m▁[48;2;252;181;140m[38;2;253;184;144m▖[48;2;250;180;138m[38;2;251;184;143m▂[48;2;248;179;137m[38;2;251;182;140m▅[48;2;253;184;142m[38;2;249;181;139m▄[48;2;252;183;141m[38;2;254;186;144m▅[48;2;253;184;144m[38;2;255;187;145m▃[48;2;254;186;144m[38;2;254;189;146m▄[48;2;252;186;144m[38;2;254;191;148m▄[48;2;252;188;143m[38;2;251;192;148m▄[48;2;252;190;146m[38;2;252;199;152m▂[48;2;251;179;136m[38;2;251;193;150m▅[48;2;251;179;131m[38;2;253;186;140m▖[48;2;251;182;133m[38;2;248;164;120m▂[48;2;246;182;140m[38;2;186;92;64m▁[48;2;241;184;147m[38;2;141;45;22m▃[48;2;228;160;130m[38;2;125;33;15m▅[48;2;168;67;42m[38;2;90;13;2m▅[48;2;136;25;3m[38;2;65;11;5m▄[48;2;131;20;6m[38;2;65;14;9m▅[48;2;124;18;10m[38;2;59;10;9m▅[48;2;139;22;12m[38;2;59;7;4m▅[48;2;158;32;15m[38;2;66;12;3m▅[48;2;166;39;21m[38;2;71;13;9m▄[48;2;160;35;11m[38;2;88;15;8m▄[48;2;138;29;10m[38;2;89;19;5m▄[48;2;27;21;24m[38;2;91;32;18m▘[48;2;6;17;29m[38;2;7;13;25m▌[48;2;5;22;40m[38;2;7;21;36m▌[48;2;6;26;44m[38;2;5;23;42m▆[48;2;6;26;48m[38;2;6;24;44m▆[48;2;6;26;49m[38;2;8;24;46m▃[48;2;11;30;52m[38;2;9;23;46m▆[48;2;11;26;49m[38;2;9;21;45m▖[48;2;2;21;44m[38;2;8;25;48m▎[0m
[48;2;31;25;24m[38;2;16;9;9m▎[48;2;26;25;22m[38;2;32;28;27m▄[48;2;31;24;24m[38;2;32;29;29m▃[48;2;27;22;22m[38;2;29;28;25m▄[48;2;25;23;20m[38;2;32;27;23m▂[48;2;30;23;19m[38;2;42;22;18m▁[48;2;34;23;20m[38;2;48;17;16m▃[48;2;42;22;20m[38;2;66;16;14m▂[48;2;48;18;10m[38;2;105;32;18m▂[48;2;73;24;9m[38;2;140;46;21m▃[48;2;98;32;16m[38;2;177;75;44m▅[48;2;141;57;33m[38;2;209;107;68m▆[48;2;232;137;90m[38;2;209;110;72m▘[48;2;245;166;121m[38;2;230;144;101m▘[48;2;247;175;132m[38;2;248;183;143m▄[48;2;245;173;130m[38;2;250;192;155m▅[48;2;232;152;108m[38;2;243;178;139m▅[48;2;222;130;88m[38;2;237;159;116m▃[48;2;214;114;68m[38;2;219;130;83m▄[48;2;205;104;61m[38;2;194;88;47m▝[48;2;177;68;30m[38;2;185;80;46m▄[48;2;180;69;32m[38;2;178;76;42m▅[48;2;182;74;38m[38;2;0;0;0m [48;2;198;84;46m[38;2;186;77;42m▂[48;2;213;102;59m[38;2;199;93;52m▃[48;2;230;119;73m[38;2;214;107;61m▄[48;2;238;129;78m[38;2;222;115;64m▄[48;2;237;129;77m[38;2;227;118;64m▅[48;2;241;135;85m[38;2;234;126;72m▆[48;2;247;151;99m[38;2;239;137;85m▎[48;2;253;165;115m[38;2;251;158;105m▃[48;2;250;169;122m[38;2;252;165;115m▖[48;2;251;178;134m[38;2;249;170;124m▖[48;2;250;185;143m[38;2;253;181;138m▂[38;2;253;186;141m▄[48;2;253;185;140m[38;2;251;184;139m▃[48;2;249;181;133m[38;2;251;184;140m▄[48;2;248;180;133m[38;2;253;186;145m▅[48;2;250;181;139m[38;2;252;185;144m▅[48;2;253;185;145m[38;2;250;182;141m▅[48;2;250;183;140m[38;2;251;183;141m▄[48;2;250;183;143m[38;2;248;181;141m━[48;2;252;184;148m[38;2;244;177;142m▃[48;2;251;184;148m[38;2;248;182;149m▄[48;2;252;186;150m▖[48;2;251;185;149m[38;2;251;187;153m▂[48;2;250;185;149m[38;2;249;182;145m▝[48;2;252;186;145m[38;2;249;183;144m▇[48;2;249;182;140m[38;2;248;181;139m▄[48;2;246;179;134m[38;2;249;182;138m▃[48;2;252;186;141m[38;2;250;183;138m▊[48;2;252;186;142m[38;2;253;188;146m▁[48;2;252;188;143m[38;2;252;189;147m▂[48;2;253;195;150m[38;2;252;191;146m▌[48;2;249;193;148m[38;2;0;0;0m [48;2;253;200;153m[38;2;251;195;152m▃[48;2;251;194;146m[38;2;0;0;0m [48;2;238;165;120m[38;2;244;204;167m▃[48;2;177;86;59m[38;2;134;80;63m▄[48;2;87;16;11m[38;2;127;76;64m▁[48;2;82;9;1m[38;2;50;8;11m▆[48;2;59;25;24m[38;2;0;0;0m [48;2;97;70;65m[38;2;216;202;196m━[48;2;81;60;59m[38;2;179;164;154m▅[48;2;111;100;99m[38;2;240;237;233m▇[48;2;114;102;97m[38;2;239;237;236m▇[48;2;88;69;62m[38;2;196;189;183m▅[48;2;51;33;29m[38;2;124;106;100m▖[48;2;35;9;16m[38;2;37;12;4m▃[48;2;57;18;16m[38;2;35;21;15m▗[48;2;54;22;12m[38;2;13;12;14m▅[48;2;8;13;23m[38;2;8;11;18m▌[48;2;8;18;32m[38;2;7;16;27m▌[48;2;7;21;39m[38;2;6;19;34m▊[48;2;5;23;41m[38;2;10;24;43m▅[48;2;8;22;43m[38;2;9;25;44m▚[48;2;7;22;43m[38;2;10;26;47m▅[48;2;13;26;47m[38;2;10;27;48m▄[48;2;8;24;44m[38;2;11;23;45m▘[48;2;4;22;43m[38;2;4;21;40m▅[0m
[48;2;33;22;23m[38;2;16;8;9m▎[48;2;29;20;23m[38;2;39;24;26m▂[48;2;35;25;26m[38;2;49;21;19m▂[48;2;34;23;25m[38;2;61;20;18m▂[48;2;49;21;15m[38;2;90;21;12m▂[48;2;61;24;17m[38;2;105;30;16m▄[48;2;78;22;16m[38;2;122;39;22m▄[48;2;100;26;17m[38;2;148;54;27m▅[48;2;139;46;26m[38;2;179;79;48m▅[48;2;171;64;34m[38;2;201;98;65m▅[48;2;214;112;73m[38;2;194;87;50m▘[48;2;236;143;96m[38;2;230;134;89m▊[48;2;239;145;96m[38;2;244;156;108m▆[48;2;249;176;135m[38;2;244;164;119m▎[48;2;251;191;154m[38;2;250;184;144m▌[48;2;250;195;160m[38;2;252;200;163m▄[48;2;251;194;157m[38;2;253;200;162m▅[48;2;240;166;125m[38;2;248;182;142m▊[48;2;234;152;112m[38;2;220;132;88m▝[48;2;210;114;74m[38;2;230;140;101m▖[48;2;187;88;51m[38;2;203;104;66m▎[48;2;178;79;45m[38;2;184;86;49m▖[48;2;180;80;47m[38;2;172;72;39m━[48;2;182;76;44m[38;2;174;70;40m▅[48;2;192;87;54m[38;2;176;72;40m▄[48;2;205;98;60m[38;2;182;74;41m▅[48;2;208;98;58m[38;2;190;79;44m▄[48;2;215;105;60m[38;2;204;93;53m▂[48;2;226;116;67m[38;2;221;111;64m▊[48;2;232;126;74m[38;2;238;137;81m▝[48;2;244;148;93m[38;2;229;128;77m▃[48;2;251;164;111m[38;2;240;147;95m▖[48;2;250;172;123m[38;2;249;167;116m▌[48;2;252;181;135m[38;2;252;178;129m▖[48;2;250;181;137m[38;2;251;181;136m▄[48;2;252;185;140m[38;2;252;182;139m▆[48;2;251;185;143m[38;2;251;181;139m▂[48;2;253;187;146m[38;2;251;185;143m▎[38;2;252;184;145m▂[48;2;251;185;142m[38;2;252;185;145m▅[48;2;252;184;142m[38;2;252;185;142m▄[48;2;251;184;145m[38;2;253;185;147m▁[48;2;249;181;146m[38;2;249;181;146m▄[48;2;251;184;152m[38;2;251;183;148m▆[48;2;250;184;150m[38;2;250;183;148m▅[48;2;250;186;152m[38;2;250;184;149m▎[48;2;252;189;155m[38;2;249;185;151m▆[48;2;248;184;146m[38;2;250;186;150m▌[48;2;248;183;142m[38;2;247;182;141m▄[48;2;249;183;139m[38;2;247;181;139m▖[48;2;251;186;144m[38;2;250;183;140m▊[48;2;251;187;146m[38;2;253;190;147m▂[48;2;254;190;151m[38;2;252;189;147m▆[48;2;252;190;150m[38;2;252;190;149m▄[48;2;250;191;150m[38;2;0;0;0m [48;2;250;191;151m [48;2;248;194;151m[38;2;251;199;161m▃[48;2;252;211;173m[38;2;251;228;197m▝[48;2;250;225;197m[38;2;0;0;0m [48;2;242;213;189m[38;2;216;153;132m▝[48;2;144;82;67m[38;2;237;171;142m▆[48;2;77;27;17m[38;2;225;134;101m▆[48;2;83;29;18m[38;2;231;134;103m▅[48;2;97;59;48m[38;2;236;146;117m▄[48;2;219;206;195m[38;2;182;117;95m▆[48;2;240;227;219m[38;2;177;114;97m▅[48;2;223;215;209m[38;2;104;63;48m▄[48;2;41;21;15m[38;2;0;0;0m [48;2;39;16;8m[38;2;19;13;13m▅[48;2;8;9;12m[38;2;8;9;13m▄[48;2;8;11;17m[38;2;8;9;15m▊[48;2;9;14;27m[38;2;9;12;21m▌[48;2;7;18;35m[38;2;9;16;32m▌[48;2;3;16;34m[38;2;3;18;36m▗[48;2;6;20;42m[38;2;5;19;39m▊[48;2;8;23;44m[38;2;7;21;43m▎[48;2;12;27;50m[38;2;8;24;47m▅[48;2;8;25;48m[38;2;12;25;50m▅[48;2;10;26;50m[38;2;13;28;51m━[48;2;6;25;45m[38;2;2;20;43m▄[0m
[48;2;34;17;15m[38;2;58;28;21m▗[48;2;49;22;21m[38;2;78;29;24m▃[48;2;72;26;17m[38;2;104;29;20m▃[48;2;85;23;13m[38;2;124;40;22m▄[48;2;136;42;19m[38;2;112;30;16m▘[48;2;136;39;18m[38;2;159;58;27m▆[48;2;158;62;31m[38;2;179;75;36m▅[48;2;176;78;38m[38;2;200;97;56m▃[48;2;213;112;72m[38;2;190;89;51m▘[48;2;223;122;82m[38;2;229;133;90m▃[48;2;231;133;92m[38;2;233;141;96m▄[48;2;241;155;108m[38;2;235;142;97m▘[48;2;251;172;124m[38;2;249;166;119m▊[48;2;251;183;136m[38;2;251;178;130m▊[48;2;251;192;153m[38;2;250;185;143m▊[48;2;252;205;167m[38;2;251;199;160m▌[48;2;251;202;164m[38;2;251;206;169m▄[48;2;251;198;160m[38;2;240;177;139m▝[48;2;229;155;117m[38;2;244;180;142m▃[48;2;229;146;108m[38;2;234;161;123m▖[48;2;202;107;70m[38;2;221;135;98m▆[48;2;184;91;54m[38;2;204;118;81m▄[48;2;178;84;51m[38;2;189;100;65m▖[48;2;174;72;42m[38;2;168;70;40m▅[48;2;177;74;43m[38;2;169;69;39m▃[48;2;177;71;42m[38;2;165;67;39m▃[48;2;182;75;45m[38;2;163;65;39m▃[48;2;195;88;52m[38;2;168;70;42m▄[48;2;208;102;63m[38;2;180;83;52m▄[48;2;214;108;67m[38;2;187;85;53m▂[48;2;225;120;75m[38;2;209;102;66m▄[48;2;221;118;75m[38;2;244;149;100m▝[48;2;248;161;111m[38;2;231;132;88m▄[48;2;251;172;122m[38;2;234;143;96m▅[48;2;248;168;121m[38;2;237;150;102m▂[48;2;252;176;130m[38;2;246;164;115m▂[48;2;253;182;139m[38;2;251;176;128m▃[48;2;253;186;144m[38;2;251;179;133m▂[48;2;252;186;146m[38;2;252;182;137m▁[48;2;251;185;147m[38;2;251;183;140m▂[48;2;249;182;141m[38;2;252;184;141m▄[48;2;251;184;146m[38;2;252;184;145m▄[48;2;249;183;148m[38;2;249;181;143m▂[48;2;250;184;148m[38;2;252;187;149m▃[48;2;249;184;148m[38;2;246;183;142m▂[48;2;251;187;151m[38;2;249;184;146m▄[38;2;247;183;145m▅[48;2;252;188;151m[38;2;248;183;144m▆[48;2;247;182;140m[38;2;251;186;143m▗[48;2;246;183;139m[38;2;0;0;0m [48;2;247;184;139m [48;2;250;187;143m[38;2;248;185;141m▖[48;2;253;190;147m[38;2;250;187;143m▇[48;2;252;191;147m[38;2;251;190;146m▌[48;2;250;191;147m[38;2;251;192;148m▆[48;2;251;192;150m▆[48;2;252;193;152m[38;2;254;197;160m▝[48;2;253;204;167m[38;2;251;195;152m▃[48;2;249;212;180m[38;2;246;201;160m▄[48;2;251;231;206m[38;2;250;213;180m▆[48;2;251;223;197m[38;2;249;205;176m▃[48;2;227;148;115m[38;2;246;206;177m▅[48;2;236;131;97m[38;2;246;186;156m▂[48;2;236;118;81m[38;2;0;0;0m [48;2;240;145;104m[38;2;235;119;74m▅[48;2;238;165;130m[38;2;221;122;82m▂[48;2;188;129;110m[38;2;243;201;170m▅[48;2;78;32;21m[38;2;216;127;96m▆[48;2;49;26;19m[38;2;196;95;56m▃[48;2;24;16;16m[38;2;0;0;0m [48;2;9;14;25m[38;2;8;12;20m▊[48;2;10;15;29m[38;2;11;18;35m▄[48;2;8;19;35m[38;2;9;22;40m▅[48;2;7;22;41m[38;2;4;19;38m▌[48;2;9;25;44m[38;2;9;23;44m▄[48;2;8;24;45m[38;2;7;23;43m▄[48;2;7;22;44m[38;2;14;26;47m▗[48;2;11;22;45m[38;2;0;0;0m [48;2;6;23;46m[38;2;10;24;47m▌[48;2;1;19;42m[38;2;4;23;45m▃[0m
[48;2;85;35;23m[38;2;33;13;9m▎[48;2;108;37;26m[38;2;123;34;22m▗[48;2;131;36;22m[38;2;157;56;30m▗[48;2;147;42;18m[38;2;167;59;26m▄[48;2;154;50;20m[38;2;171;66;28m▃[48;2;191;83;43m[38;2;170;65;31m▘[48;2;201;90;49m[38;2;211;107;65m▗[48;2;212;109;70m[38;2;222;127;87m▃[48;2;223;128;85m[38;2;226;135;93m▅[48;2;232;141;97m[38;2;230;145;100m▄[48;2;231;146;100m[38;2;238;156;109m▃[48;2;247;168;120m[38;2;242;161;114m▎[48;2;253;180;132m[38;2;251;174;126m▌[48;2;251;186;143m[38;2;250;182;137m▌[48;2;253;196;159m[38;2;254;190;149m▘[48;2;252;205;171m[38;2;252;201;166m▌[48;2;249;205;170m[38;2;251;207;171m▄[48;2;251;201;165m[38;2;253;206;169m▄[48;2;250;191;153m[38;2;252;197;160m▄[48;2;241;172;135m[38;2;252;188;151m▆[48;2;232;156;119m[38;2;248;176;139m▄[48;2;219;139;101m[38;2;238;162;123m▃[48;2;195;109;75m[38;2;218;136;100m▄[48;2;177;85;54m[38;2;198;111;76m▂[48;2;165;70;40m[38;2;174;84;52m▁[48;2;156;63;37m[38;2;154;66;39m▄[48;2;141;56;33m[38;2;149;62;37m▎[48;2;144;58;36m[38;2;134;53;35m▃[48;2;155;66;41m[38;2;133;52;33m▅[48;2;155;63;37m[38;2;184;85;55m▝[48;2;192;88;57m[38;2;169;69;42m▅[48;2;195;88;54m[38;2;174;69;40m▃[48;2;211;105;67m[38;2;184;75;43m▃[48;2;219;115;75m[38;2;199;89;56m▃[48;2;226;128;83m[38;2;208;100;61m▂[48;2;237;145;94m[38;2;222;118;69m▃[48;2;245;158;107m[38;2;231;131;81m▃[48;2;245;166;115m[38;2;238;143;92m▄[48;2;250;174;126m[38;2;246;154;103m▅[48;2;249;173;127m[38;2;247;157;107m▅[48;2;252;177;131m[38;2;248;166;119m▂[48;2;252;179;137m[38;2;245;168;122m▂[48;2;249;179;139m[38;2;246;172;130m▄[48;2;251;184;144m[38;2;249;179;137m▄[48;2;248;182;139m[38;2;247;178;134m▂[48;2;245;179;137m[38;2;249;182;139m▃[48;2;249;184;144m[38;2;246;179;137m▆[48;2;244;179;137m[38;2;244;180;137m▄[48;2;246;182;139m[38;2;249;186;142m▂[48;2;248;186;140m[38;2;247;184;139m▊[48;2;247;184;139m[38;2;250;188;141m▘[48;2;252;188;146m[38;2;249;184;142m▎[48;2;251;189;147m[38;2;247;186;143m▝[48;2;252;190;149m[38;2;248;186;144m▘[48;2;251;192;150m[38;2;251;192;149m▘[48;2;251;192;151m[38;2;251;192;151m▄[48;2;249;192;151m[38;2;250;192;154m━[48;2;251;192;144m[38;2;252;192;152m▄[48;2;248;195;147m[38;2;252;191;151m▄[48;2;251;198;163m[38;2;249;192;151m▅[48;2;251;195;162m[38;2;249;191;148m▅[48;2;242;182;142m[38;2;241;171;121m▗[48;2;238;176;141m[38;2;222;148;104m▅[48;2;239;159;117m[38;2;196;122;85m▃[48;2;230;123;78m[38;2;188;107;71m▂[48;2;218;85;43m[38;2;219;98;54m▄[48;2;217;122;84m[38;2;209;71;25m▆[48;2;241;119;81m[38;2;211;66;19m▄[48;2;234;107;64m[38;2;209;69;24m▃[48;2;50;28;23m[38;2;175;73;31m▌[48;2;9;17;32m[38;2;7;15;26m▘[48;2;10;20;39m[38;2;10;17;36m▊[48;2;3;19;41m[38;2;9;22;43m▊[48;2;1;18;39m[38;2;3;22;41m▃[48;2;8;23;44m[38;2;4;20;42m▌[48;2;11;24;45m[38;2;8;23;44m▂[48;2;11;23;44m[38;2;8;22;43m▄[48;2;14;25;47m[38;2;8;22;44m▄[48;2;7;21;41m[38;2;8;23;44m▖[48;2;5;20;39m[38;2;11;26;45m▗[0m
[48;2;113;40;28m[38;2;42;12;8m▎[48;2;136;46;27m[38;2;162;60;31m▃[48;2;164;58;30m[38;2;185;74;37m▅[48;2;174;62;27m[38;2;194;81;37m▂[48;2;182;73;34m[38;2;195;84;42m▃[48;2;207;102;58m[38;2;194;88;46m▘[48;2;218;120;73m[38;2;212;112;66m▊[48;2;229;137;90m[38;2;222;127;80m▌[48;2;227;138;93m[38;2;235;148;98m▄[48;2;233;149;102m[38;2;239;157;107m▇[48;2;240;158;109m[38;2;248;166;116m▅[48;2;249;173;124m[38;2;246;167;118m▌[48;2;248;181;134m[38;2;249;178;128m▌[48;2;250;188;145m[38;2;249;185;141m▌[48;2;252;195;153m[38;2;251;191;148m▌[48;2;253;203;162m[38;2;251;199;157m▊[48;2;253;206;164m[38;2;252;203;162m▚[48;2;252;205;165m[38;2;254;209;169m▝[48;2;254;202;165m[38;2;252;203;163m▄[48;2;253;196;159m[38;2;254;203;163m▄[48;2;251;186;149m[38;2;252;195;155m▅[48;2;245;173;135m[38;2;250;186;145m▅[48;2;236;166;125m[38;2;227;151;111m▝[48;2;209;130;90m[38;2;223;149;108m▃[48;2;201;117;80m[38;2;178;91;57m▝[48;2;161;72;42m[38;2;186;100;67m▖[48;2;148;59;36m[38;2;157;70;42m▁[48;2;128;45;30m[38;2;136;50;32m▌[48;2;121;41;32m[38;2;118;39;26m▄[48;2;140;53;36m[38;2;125;46;31m▅[48;2;145;53;31m[38;2;127;46;29m▅[48;2;149;53;29m[38;2;129;46;27m▄[48;2;161;60;33m[38;2;137;49;26m▄[48;2;170;66;38m[38;2;139;50;25m▃[48;2;180;74;42m[38;2;144;51;24m▂[48;2;193;85;46m[38;2;162;62;31m▃[48;2;204;97;54m[38;2;178;75;40m▄[48;2;215;111;65m[38;2;186;81;42m▄[48;2;228;127;78m[38;2;194;88;43m▄[48;2;232;132;83m[38;2;208;102;54m▄[48;2;238;144;97m[38;2;226;119;72m▃[48;2;241;153;105m[38;2;231;131;82m▂[48;2;242;160;114m[38;2;242;149;99m▃[48;2;244;165;122m[38;2;243;155;106m▄[48;2;246;173;128m[38;2;241;163;113m▄[48;2;247;176;130m[38;2;240;167;117m▃[48;2;248;178;133m[38;2;246;174;126m▂[48;2;248;181;135m[38;2;244;173;128m▁[48;2;245;183;139m[38;2;247;182;138m▄[48;2;248;188;144m[38;2;247;186;142m▌[48;2;248;188;145m[38;2;243;184;141m▗[48;2;244;182;140m[38;2;246;186;143m▆[48;2;246;186;142m[38;2;246;188;143m▄[48;2;246;188;142m[38;2;250;192;146m▁[48;2;248;188;143m[38;2;249;188;143m▄[48;2;250;189;144m[38;2;249;186;141m▆[48;2;252;192;148m[38;2;253;191;146m▎[48;2;252;194;150m[38;2;251;191;146m▃[48;2;251;194;149m[38;2;250;193;148m▄[48;2;252;195;151m[38;2;250;192;148m▝[48;2;251;191;148m[38;2;250;193;152m▂[48;2;250;189;147m[38;2;246;179;133m▝[48;2;233;160;115m[38;2;244;187;142m▄[48;2;189;117;76m[38;2;226;168;124m▄[48;2;141;81;47m[38;2;0;0;0m [48;2;169;82;45m[38;2;121;59;35m▆[48;2;188;80;42m[38;2;92;29;10m▄[48;2;206;82;46m[38;2;105;34;10m▃[48;2;157;57;22m[38;2;78;37;22m▁[48;2;19;21;32m[38;2;102;31;16m▘[48;2;11;20;39m[38;2;9;18;34m▌[48;2;12;22;42m[38;2;9;21;41m▃[48;2;9;22;43m[38;2;13;25;49m▂[48;2;6;25;46m[38;2;10;26;47m▌[48;2;5;23;44m[38;2;8;26;47m━[48;2;8;24;44m[38;2;11;27;47m━[48;2;9;25;45m[38;2;14;30;50m▝[48;2;7;24;45m[38;2;7;25;45m▄[48;2;10;22;46m[38;2;8;23;45m▊[48;2;13;26;50m[38;2;11;22;47m▄[0m
[48;2;115;49;28m[38;2;40;15;8m▎[48;2;171;70;35m[38;2;141;57;30m▎[48;2;194;83;34m[38;2;193;87;43m▖[48;2;203;91;43m[38;2;213;102;51m▗[48;2;209;97;52m[38;2;228;117;65m▃[48;2;215;109;61m[38;2;229;125;72m▃[48;2;224;130;77m[38;2;219;121;69m▌[48;2;232;143;90m[38;2;227;135;81m▎[48;2;234;151;98m[38;2;241;159;105m▝[48;2;240;160;107m[38;2;244;163;115m▗[48;2;250;169;121m[38;2;247;165;115m▘[48;2;252;176;127m[38;2;252;172;125m▌[48;2;251;183;135m[38;2;252;180;131m▌[48;2;250;187;143m[38;2;247;184;139m▁[48;2;251;194;150m[38;2;250;190;146m▊[48;2;253;201;158m[38;2;252;198;154m▊[48;2;254;204;163m[38;2;253;202;159m▖[48;2;251;202;161m[38;2;254;205;164m▎[48;2;253;203;164m[38;2;251;202;162m▘[48;2;254;202;163m[38;2;0;0;0m [48;2;252;198;157m[38;2;253;200;160m▃[48;2;252;195;154m[38;2;250;188;147m▝[48;2;244;178;138m[38;2;251;187;148m▃[48;2;244;174;134m[38;2;233;159;120m▝[48;2;222;145;106m[38;2;237;164;125m▖[48;2;195;112;75m[38;2;213;135;94m▄[48;2;170;85;52m[38;2;192;109;70m▄[48;2;145;62;35m[38;2;158;74;42m▌[48;2;127;47;27m[38;2;141;58;33m▃[48;2;118;43;29m[38;2;128;49;32m▃[48;2;122;47;35m[38;2;114;39;25m▂[48;2;118;43;29m[38;2;105;34;23m▅[48;2;111;39;28m[38;2;112;34;18m▝[48;2;119;38;18m[38;2;110;37;24m▅[48;2;126;39;17m[38;2;109;35;18m▆[48;2;140;50;26m[38;2;112;38;21m▅[48;2;148;55;29m[38;2;116;37;20m▅[48;2;161;63;33m[38;2;121;38;19m▄[48;2;168;66;31m[38;2;128;40;16m▃[48;2;186;79;38m[38;2;150;56;25m▄[48;2;204;93;49m[38;2;163;63;29m▄[48;2;206;101;54m[38;2;167;70;31m▃[48;2;223;122;72m[38;2;196;94;50m▄[48;2;232;135;85m[38;2;202;99;53m▄[48;2;230;143;91m[38;2;208;113;65m▃[48;2;231;151;100m[38;2;216;129;78m▃[48;2;237;159;110m[38;2;223;137;87m▃[48;2;241;166;119m[38;2;236;154;105m▃[48;2;244;173;128m[38;2;241;162;115m▃[48;2;245;177;135m[38;2;244;168;122m▃[48;2;249;185;142m[38;2;248;177;130m▄[48;2;247;189;141m[38;2;245;181;130m▅[48;2;247;187;140m[38;2;245;181;134m▖[48;2;251;191;146m[38;2;0;0;0m [48;2;249;186;140m[38;2;252;189;145m▊[48;2;252;188;141m[38;2;251;186;137m▄[48;2;254;192;144m[38;2;254;189;138m▄[48;2;251;191;144m[38;2;252;190;141m▌[48;2;251;195;151m[38;2;250;192;147m▊[48;2;252;200;159m[38;2;251;198;155m▌[48;2;251;198;158m[38;2;253;207;169m▄[48;2;253;206;170m[38;2;251;217;182m▃[48;2;248;197;158m[38;2;252;221;186m▆[48;2;242;192;149m[38;2;252;215;174m▃[48;2;243;184;141m[38;2;191;126;94m▝[48;2;133;71;46m[38;2;216;155;110m▃[48;2;65;25;9m[38;2;130;76;38m▖[48;2;57;23;10m[38;2;12;13;16m▅[48;2;13;15;22m[38;2;0;0;0m [48;2;7;17;31m[38;2;6;15;28m▌[48;2;9;22;38m[38;2;6;19;35m▃[48;2;9;21;40m[38;2;9;20;43m▝[48;2;13;24;48m[38;2;10;21;43m▆[48;2;4;22;45m[38;2;10;25;49m▌[48;2;1;19;41m[38;2;3;22;44m▂[48;2;6;22;45m[38;2;4;20;43m▌[48;2;9;24;45m[38;2;8;23;45m▖[48;2;6;23;43m[38;2;11;24;45m▃[48;2;12;24;46m[38;2;15;28;48m━[48;2;10;22;45m[38;2;14;25;48m▖[0m
[48;2;68;34;20m[38;2;43;23;15m▌[48;2;84;37;18m[38;2;132;58;31m▝[48;2;183;87;44m[38;2;127;56;31m▖[48;2;215;108;52m[38;2;199;99;54m▖[48;2;228;120;61m[38;2;230;125;67m▂[48;2;230;129;70m[38;2;237;132;79m▃[48;2;233;140;87m[38;2;239;150;99m▗[48;2;236;154;103m[38;2;229;143;93m▘[48;2;233;152;104m[38;2;238;158;106m▂[48;2;242;161;115m[38;2;236;156;109m▌[48;2;249;165;122m[38;2;244;163;119m▘[48;2;252;176;128m[38;2;251;170;125m▌[48;2;251;185;136m[38;2;252;181;131m▌[48;2;252;191;146m[38;2;251;191;149m▄[48;2;250;193;148m[38;2;253;200;156m▆[48;2;248;197;152m[38;2;251;200;157m▂[48;2;251;201;158m[38;2;252;205;162m▝[48;2;252;205;163m[38;2;252;203;160m▃[48;2;252;205;164m[38;2;0;0;0m [48;2;253;204;163m[38;2;251;204;163m▇[48;2;251;205;163m[38;2;251;207;165m▄[48;2;251;201;159m[38;2;249;203;159m▄[48;2;250;191;151m[38;2;253;200;158m▄[48;2;246;182;143m[38;2;250;189;149m▄[48;2;239;170;129m[38;2;249;182;141m▄[48;2;226;151;106m[38;2;235;163;120m▌[48;2;206;125;80m[38;2;216;141;95m▃[48;2;173;90;52m[38;2;193;114;72m▃[48;2;149;67;36m[38;2;169;87;51m▖[48;2;137;59;36m[38;2;143;65;36m▖[48;2;117;45;27m[38;2;130;57;35m▖[48;2;98;36;27m[38;2;106;41;28m▊[48;2;103;40;30m[38;2;92;34;26m▆[48;2;100;40;30m[38;2;87;35;27m▄[48;2;89;31;17m[38;2;79;29;21m▃[48;2;92;33;17m[38;2;82;28;20m▅[48;2;101;32;19m[38;2;90;32;24m▇[48;2;105;36;26m[38;2;93;35;29m▃[48;2;113;38;22m[38;2;97;33;21m▅[48;2;119;40;18m[38;2;101;34;19m▅[48;2;130;45;21m[38;2;106;35;17m▅[48;2;136;49;19m[38;2;110;38;17m▄[48;2;155;59;22m[38;2;121;42;16m▄[48;2;176;74;35m[38;2;134;50;22m▃[48;2;186;86;46m[38;2;143;52;22m▃[48;2;198;104;56m[38;2;159;64;32m▄[48;2;211;118;69m[38;2;177;80;44m▃[48;2;220;129;80m[38;2;197;96;55m▂[48;2;229;145;95m[38;2;216;121;73m▄[48;2;235;154;105m[38;2;215;127;79m▄[48;2;242;164;114m[38;2;222;137;90m▃[48;2;244;171;121m[38;2;236;154;104m▃[48;2;247;178;131m[38;2;241;165;116m▄[48;2;247;181;137m[38;2;242;172;126m▄[48;2;247;182;137m[38;2;246;176;130m▂[48;2;249;183;135m[38;2;249;177;132m▂[48;2;252;185;134m[38;2;252;181;133m▁[48;2;253;189;139m[38;2;249;182;131m▃[48;2;251;193;148m[38;2;247;189;137m▂[48;2;250;200;159m[38;2;248;196;151m▂[48;2;253;209;173m[38;2;251;205;166m▖[48;2;251;218;182m[38;2;254;208;173m▃[48;2;251;220;187m[38;2;253;207;170m▃[48;2;254;216;181m[38;2;253;209;168m▃[48;2;249;195;144m[38;2;252;205;159m▌[48;2;243;177;120m[38;2;246;185;130m▊[48;2;225;158;103m[38;2;80;56;38m▝[48;2;24;21;19m[38;2;0;0;0m [48;2;7;13;23m[38;2;7;11;18m▊[48;2;9;16;30m[38;2;8;15;26m▌[48;2;9;18;32m[38;2;8;19;35m▝[48;2;9;19;37m[38;2;14;24;43m▝[48;2;10;21;41m[38;2;14;24;45m▘[48;2;5;20;39m[38;2;8;22;40m▎[48;2;4;22;41m[38;2;0;0;0m [48;2;4;23;46m[38;2;6;23;46m▄[48;2;7;24;47m[38;2;3;21;44m▘[48;2;10;23;44m[38;2;6;22;44m▆[48;2;10;22;45m[38;2;10;23;47m▄[48;2;13;24;49m[38;2;14;27;50m▝[0m
[48;2;43;26;21m[38;2;74;46;38m▗[48;2;61;34;25m[38;2;107;71;56m▁[48;2;69;33;22m[38;2;111;48;27m▝[48;2;164;80;41m[38;2;105;48;30m▃[48;2;217;113;57m[38;2;177;87;46m▖[48;2;232;131;72m[38;2;220;119;59m▂[48;2;235;140;84m[38;2;226;130;71m▅[48;2;242;154;98m[38;2;239;142;86m▄[48;2;231;148;96m[38;2;237;151;98m▌[48;2;240;159;111m[38;2;233;152;102m▌[48;2;244;164;118m[38;2;249;167;123m▝[48;2;250;179;131m[38;2;249;171;126m▌[48;2;251;185;136m[38;2;252;191;143m▗[48;2;248;188;146m[38;2;252;195;151m▆[48;2;251;201;155m[38;2;251;199;154m▌[48;2;253;203;158m[38;2;249;199;151m▂[48;2;254;201;157m[38;2;253;199;153m▃[48;2;253;201;156m[38;2;250;201;156m▝[48;2;253;204;158m[38;2;254;205;163m▝[48;2;251;203;160m[38;2;253;204;161m▎[48;2;252;207;164m[38;2;251;205;161m▌[48;2;252;205;164m[38;2;254;206;165m▂[48;2;252;200;160m[38;2;253;204;163m▎[48;2;251;193;155m[38;2;250;196;157m▎[48;2;248;184;145m[38;2;252;189;151m▊[48;2;241;174;131m[38;2;246;181;140m▌[48;2;233;162;117m[38;2;221;147;101m▝[48;2;201;122;79m[38;2;217;142;97m▎[48;2;185;102;63m[38;2;202;120;77m▃[48;2;163;82;49m[38;2;183;97;58m▖[48;2;130;58;38m[38;2;149;72;44m▌[48;2;97;37;29m[38;2;111;45;32m▌[48;2;84;29;25m[38;2;87;34;31m▅[48;2;80;29;25m[38;2;82;32;30m▖[48;2;79;30;23m[38;2;74;25;18m▆[48;2;75;27;18m[38;2;75;30;18m▄[48;2;80;31;21m[38;2;75;27;16m▌[48;2;91;37;26m[38;2;80;30;19m▄[48;2;90;33;20m[38;2;82;29;18m▄[48;2;92;34;20m[38;2;87;33;22m▖[48;2;99;35;21m[38;2;94;35;24m▄[48;2;104;38;22m[38;2;93;33;21m▄[48;2;107;38;19m[38;2;97;34;19m▅[48;2;114;38;16m[38;2;98;33;17m▅[48;2;123;41;17m[38;2;103;35;20m▅[48;2;131;50;26m[38;2;96;32;21m▄[48;2;138;54;25m[38;2;89;25;13m▄[48;2;161;72;35m[38;2;97;29;13m▄[48;2;177;86;43m[38;2;117;45;24m▃[48;2;190;97;48m[38;2;144;61;33m▃[48;2;203;112;63m[38;2;149;60;29m▂[48;2;214;127;77m[38;2;181;88;51m▂[48;2;231;148;97m[38;2;215;120;74m▃[48;2;237;161;112m[38;2;226;138;86m▅[48;2;241;164;118m[38;2;222;137;85m▃[48;2;246;170;127m[38;2;229;150;100m▂[48;2;251;178;131m[38;2;235;156;108m▄[48;2;251;176;126m[38;2;250;167;117m▄[48;2;251;181;130m[38;2;254;170;120m▅[48;2;252;189;143m[38;2;252;173;124m▅[48;2;252;198;156m[38;2;248;178;130m▅[48;2;252;197;155m[38;2;250;180;130m▄[48;2;252;195;151m[38;2;251;181;130m▄[48;2;252;199;151m[38;2;247;180;129m▄[48;2;253;198;144m[38;2;252;188;134m▅[48;2;251;182;125m[38;2;252;190;132m▘[48;2;248;177;117m[38;2;242;173;109m▝[48;2;44;35;27m[38;2;197;143;90m▊[48;2;7;11;20m[38;2;7;10;15m▊[48;2;7;14;27m[38;2;7;13;23m▌[48;2;8;18;32m[38;2;8;16;28m▎[48;2;9;22;39m[38;2;9;22;39m▄[48;2;8;24;42m[38;2;5;22;40m▚[48;2;3;23;40m[38;2;7;24;41m▘[48;2;11;24;44m[38;2;5;22;40m▌[48;2;10;26;49m[38;2;10;24;47m▊[48;2;8;24;45m[38;2;9;26;48m▎[48;2;7;23;43m[38;2;12;25;46m▂[48;2;12;24;45m[38;2;17;28;50m▗[48;2;9;22;45m[38;2;12;24;46m▖[0m
[48;2;47;54;45m[38;2;114;83;69m▝[48;2;151;110;90m[38;2;206;165;138m▇[48;2;106;76;59m[38;2;236;199;171m▄[48;2;91;55;42m[38;2;0;0;0m [48;2;96;41;23m[38;2;151;70;35m▝[48;2;197;103;54m[38;2;136;63;33m▖[48;2;227;126;71m[38;2;210;112;62m▖[48;2;235;138;84m[38;2;231;131;75m▎[48;2;238;153;101m[38;2;237;146;93m▌[48;2;244;170;119m[38;2;241;163;111m▌[48;2;245;170;123m[38;2;250;180;131m▆[48;2;246;177;130m[38;2;252;185;138m▆[48;2;253;191;144m[38;2;250;186;140m▂[48;2;253;197;150m[38;2;252;193;147m▂[48;2;250;200;152m[38;2;249;197;149m▂[48;2;251;201;153m[38;2;249;200;151m▄[48;2;252;200;152m[38;2;254;200;154m▝[48;2;254;202;155m[38;2;253;203;154m▄[48;2;253;204;160m[38;2;253;204;157m▌[48;2;253;204;161m[38;2;253;204;163m▂[38;2;252;203;162m▃[48;2;252;204;163m[38;2;251;202;161m▃[48;2;252;202;162m[38;2;252;203;161m▄[48;2;251;198;160m[38;2;254;204;163m▅[48;2;251;194;156m[38;2;253;198;159m▅[48;2;249;188;147m[38;2;253;195;156m▖[48;2;229;162;119m[38;2;238;174;132m▌[48;2;221;148;102m[38;2;231;163;118m▃[48;2;206;127;81m[38;2;222;148;103m▄[48;2;195;111;68m[38;2;207;128;83m▄[48;2;161;86;53m[38;2;179;100;61m▌[48;2;118;52;33m[38;2;144;74;46m▃[48;2;86;31;23m[38;2;103;41;23m▖[48;2;78;27;24m[38;2;71;22;21m▗[48;2;77;30;27m[38;2;71;25;25m▄[48;2;73;28;22m[38;2;73;26;24m▄[48;2;74;28;22m[38;2;69;23;19m━[48;2;72;23;18m[38;2;76;27;21m▃[48;2;80;30;25m[38;2;75;26;21m▄[48;2;79;28;25m[38;2;85;32;29m▝[48;2;92;36;28m[38;2;83;29;23m▄[48;2;92;35;25m[38;2;86;30;20m▃[48;2;91;35;22m[38;2;88;32;19m▃[48;2;91;33;21m[38;2;86;31;18m▆[48;2;87;30;20m[38;2;79;27;17m▅[48;2;80;28;16m[38;2;85;32;19m▚[48;2;79;27;15m[38;2;87;35;19m▂[48;2;79;27;20m[38;2;77;27;14m▄[48;2;85;24;17m[38;2;79;28;18m▆[48;2;101;32;19m[38;2;75;22;12m▆[48;2;120;43;24m[38;2;85;28;17m▆[48;2;142;55;27m[38;2;96;34;19m▆[48;2;173;84;47m[38;2;105;38;17m▅[48;2;197;106;63m[38;2;120;46;23m▃[48;2;205;109;64m[38;2;153;67;42m▂[48;2;218;126;74m[38;2;186;86;49m▅[48;2;226;134;89m[38;2;187;92;50m▃[48;2;238;152;103m[38;2;199;107;62m▃[48;2;248;167;116m[38;2;213;121;77m▂[48;2;249;167;115m[38;2;225;134;87m▁[48;2;253;171;119m[38;2;241;156;106m▁[48;2;251;170;118m[38;2;251;167;114m▆[48;2;253;173;121m[38;2;253;169;115m▃[48;2;251;171;120m[38;2;244;162;106m▁[48;2;251;174;122m[38;2;234;150;94m▁[48;2;246;168;114m[38;2;220;136;76m▃[48;2;245;166;111m[38;2;209;123;63m▄[48;2;104;75;51m[38;2;197;124;69m▊[48;2;6;11;18m[38;2;19;18;19m▎[48;2;6;15;28m[38;2;6;13;24m▌[48;2;6;17;33m[38;2;6;15;30m▌[48;2;6;20;39m[38;2;6;18;35m▌[48;2;5;23;40m[38;2;6;23;41m▄[48;2;6;24;42m[38;2;7;23;44m▃[48;2;12;25;48m[38;2;10;22;46m▄[48;2;12;26;50m[38;2;10;25;48m▄[48;2;4;22;43m[38;2;9;23;44m▝[48;2;11;23;44m[38;2;7;21;42m▅[48;2;9;22;43m[38;2;12;28;48m▖[48;2;7;22;43m[38;2;11;25;45m▂[0m
[48;2;28;86;78m[38;2;5;35;31m▎[48;2;63;80;68m[38;2;0;0;0m [48;2;219;177;147m[38;2;86;72;54m▖[48;2;240;197;160m[38;2;0;0;0m [48;2;118;70;43m[38;2;228;168;128m▄[48;2;129;59;27m[38;2;186;106;64m▃[48;2;222;125;72m[38;2;190;100;55m▎[48;2;230;140;84m[38;2;236;138;76m▘[48;2;240;155;105m[38;2;232;144;92m▌[48;2;241;163;115m[38;2;247;167;122m▂[48;2;247;177;130m[38;2;242;168;122m▌[48;2;250;183;136m[38;2;0;0;0m [48;2;250;186;142m[38;2;253;190;146m▃[48;2;252;192;148m[38;2;253;193;151m▃[48;2;250;197;150m[38;2;252;195;151m▅[48;2;250;199;152m[38;2;249;196;150m━[48;2;253;203;154m[38;2;251;199;152m▇[48;2;253;205;156m[38;2;252;202;154m▇[48;2;253;203;160m[38;2;253;203;156m▎[48;2;252;202;162m[38;2;254;203;163m▅[48;2;253;202;162m[38;2;254;202;165m▅[48;2;252;202;161m[38;2;254;201;163m▅[48;2;251;200;157m[38;2;253;201;160m▖[48;2;250;201;158m[38;2;251;198;153m▇[48;2;252;194;153m[38;2;246;186;145m▗[48;2;247;186;146m[38;2;250;190;150m▘[48;2;238;174;132m[38;2;244;180;140m▊[48;2;231;164;121m[38;2;240;173;130m▄[48;2;225;154;108m[38;2;236;166;121m▖[48;2;211;134;87m[38;2;224;148;100m▖[48;2;188;112;69m[38;2;202;124;79m▌[48;2;178;102;63m[38;2;159;86;54m▝[48;2;112;46;23m[38;2;152;77;46m▖[48;2;80;27;21m[38;2;91;31;15m▖[48;2;71;26;24m[38;2;76;28;27m▖[48;2;70;26;21m[38;2;67;21;16m▝[48;2;71;24;17m[38;2;70;27;20m▅[48;2;70;25;16m[38;2;74;27;18m▝[48;2;78;29;21m[38;2;71;24;19m▅[48;2;73;24;20m[38;2;72;23;18m▚[48;2;75;23;18m[38;2;74;24;21m▄[48;2;82;27;19m[38;2;75;24;20m▄[48;2;85;31;20m[38;2;75;24;18m▄[48;2;86;34;22m[38;2;75;25;16m▃[48;2;74;24;14m[38;2;79;28;17m▊[48;2;78;28;17m[38;2;70;22;12m▄[48;2;85;33;22m[38;2;75;27;17m▅[48;2;85;32;21m[38;2;78;29;20m▄[48;2;79;26;16m[38;2;72;21;13m▄[48;2;77;23;17m[38;2;76;25;18m▄[48;2;81;28;22m[38;2;75;26;20m▃[48;2;82;29;21m[38;2;72;25;20m▂[48;2;77;26;16m[38;2;82;26;16m▝[48;2;82;29;19m[38;2;92;31;18m▝[48;2;124;48;29m[38;2;89;33;23m▇[48;2;136;59;40m[38;2;88;35;29m▅[48;2;147;62;27m[38;2;89;31;21m▅[48;2;174;83;45m[38;2;99;35;20m▅[48;2;177;86;50m[38;2;103;36;20m▃[48;2;193;102;62m[38;2;123;50;27m▂[48;2;204;116;72m[38;2;143;63;38m▁[48;2;225;142;88m[38;2;191;103;62m▅[48;2;223;135;82m[38;2;185;107;66m▂[48;2;216;127;71m[38;2;174;95;54m▂[48;2;201;113;58m[38;2;151;70;35m▂[48;2;197;107;49m[38;2;137;53;17m▃[48;2;163;85;36m[38;2;68;35;23m▁[48;2;11;13;18m[38;2;118;71;39m▘[48;2;7;13;21m[38;2;8;15;27m▗[48;2;8;16;29m[38;2;10;18;34m▃[48;2;6;18;34m[38;2;9;21;39m▆[48;2;5;19;38m[38;2;8;22;40m━[48;2;9;24;44m[38;2;7;20;42m▂[48;2;8;23;44m[38;2;12;27;47m━[48;2;10;25;46m[38;2;10;27;49m▄[48;2;6;25;46m[38;2;9;25;46m▘[48;2;4;24;44m[38;2;3;23;41m▃[48;2;7;24;45m[38;2;5;24;45m▄[48;2;12;27;47m[38;2;7;24;44m▅[48;2;10;25;44m[38;2;6;23;42m▃[0m
[48;2;3;59;48m[38;2;2;26;21m▎[48;2;3;70;61m[38;2;22;99;87m▝[48;2;33;80;78m[38;2;0;0;0m [48;2;191;149;125m[38;2;77;75;64m▃[48;2;243;195;159m[38;2;0;0;0m [48;2;225;152;107m[38;2;248;192;149m▃[48;2;214;124;74m[38;2;0;0;0m [48;2;223;137;80m[38;2;212;118;67m▖[48;2;236;154;106m[38;2;229;146;93m▌[48;2;245;168;122m[38;2;239;159;113m▊[48;2;245;171;122m[38;2;243;169;120m▄[48;2;247;179;128m[38;2;241;172;120m▃[48;2;251;188;141m[38;2;247;180;131m▌[48;2;253;195;150m[38;2;249;192;144m▃[48;2;251;197;151m[38;2;0;0;0m [48;2;251;200;152m[38;2;249;199;151m▄[48;2;250;202;154m[38;2;248;200;152m━[48;2;251;202;155m[38;2;0;0;0m [48;2;253;203;158m[38;2;250;202;158m▃[48;2;254;203;163m[38;2;252;203;162m▅[48;2;255;203;165m[38;2;255;203;164m▆[48;2;254;201;162m[38;2;254;203;165m▘[48;2;252;199;159m[38;2;254;203;163m▖[48;2;252;199;157m[38;2;252;198;155m▝[48;2;250;192;151m[38;2;251;196;156m▅[48;2;243;187;145m[38;2;247;192;151m▂[48;2;242;184;140m[38;2;0;0;0m [48;2;240;177;132m[38;2;240;180;135m▄[48;2;237;172;127m[38;2;232;164;117m▝[48;2;223;149;101m[38;2;237;167;119m▃[48;2;207;131;85m[38;2;223;149;103m▃[48;2;189;112;70m[38;2;203;125;81m▄[48;2;172;95;58m[38;2;140;70;41m▝[48;2;103;41;23m[38;2;139;70;41m▖[48;2;77;28;21m[38;2;89;34;22m▎[48;2;69;24;19m[38;2;75;28;24m▖[48;2;69;25;18m[38;2;69;23;19m▄[48;2;72;27;21m[38;2;68;23;18m▄[48;2;71;26;20m[38;2;69;24;19m▄[48;2;72;25;21m[38;2;0;0;0m [48;2;75;24;18m[38;2;80;27;23m▝[38;2;0;0;0m [48;2;74;25;18m[38;2;77;29;20m━[48;2;75;27;17m[38;2;71;24;15m▅[48;2;71;25;13m[38;2;68;24;15m▄[48;2;74;25;18m[38;2;73;25;16m▘[48;2;76;26;18m[38;2;74;24;18m▄[48;2;76;27;19m▅[48;2;74;25;18m[38;2;76;28;21m▅[48;2;74;26;18m[38;2;74;27;18m▄[48;2;74;25;18m[38;2;75;26;16m▄[48;2;70;24;19m[38;2;79;26;17m▆[48;2;74;26;19m▅[48;2;75;25;18m[38;2;80;28;19m━[48;2;76;25;18m[38;2;73;26;20m▄[48;2;79;28;21m[38;2;68;23;19m▃[48;2;76;27;23m[38;2;70;26;22m▅[48;2;77;26;20m[38;2;67;24;19m▅[48;2;89;33;23m[38;2;67;25;18m▅[48;2;90;32;18m[38;2;65;24;15m▅[48;2;106;38;17m[38;2;66;21;9m▇[48;2;127;57;32m[38;2;72;26;15m▇[48;2;115;53;27m[38;2;67;24;12m▆[48;2;93;34;13m[38;2;41;21;13m▂[48;2;107;32;13m[38;2;17;11;13m▃[48;2;104;36;13m[38;2;16;12;16m▅[48;2;15;15;20m[38;2;0;0;0m [48;2;7;15;26m[38;2;7;12;21m▘[48;2;9;16;31m[38;2;7;15;28m▌[48;2;9;18;37m[38;2;9;16;34m▌[48;2;5;20;39m[38;2;9;21;40m▌[48;2;2;17;38m[38;2;4;21;42m▂[48;2;7;23;44m[38;2;4;20;41m▊[48;2;8;24;47m[38;2;6;23;46m▂[48;2;10;27;49m[38;2;8;24;47m▄[48;2;5;27;48m[38;2;8;26;48m▃[48;2;7;27;47m[38;2;4;25;46m▌[48;2;8;25;46m[38;2;10;27;48m▂[48;2;7;24;46m[38;2;7;24;46m▄[48;2;8;25;45m[38;2;11;28;48m▂[0m
[48;2;5;58;45m[38;2;2;26;20m▎[48;2;2;62;46m[38;2;3;60;55m▝[48;2;1;69;65m[38;2;6;98;96m▝[48;2;18;98;97m[38;2;46;73;66m▝[48;2;78;85;72m[38;2;201;155;134m▝[48;2;243;190;160m[38;2;160;121;97m▖[48;2;233;159;110m[38;2;245;188;149m▆[48;2;224;139;88m[38;2;248;174;128m▖[48;2;231;146;98m[38;2;227;142;90m▌[48;2;243;164;119m[38;2;236;153;108m▌[48;2;250;178;130m[38;2;247;171;125m▌[48;2;249;180;129m[38;2;252;185;138m▆[48;2;252;188;143m[38;2;0;0;0m [48;2;252;194;146m[38;2;251;191;143m▌[48;2;253;199;151m[38;2;254;197;149m▄[48;2;251;198;151m[38;2;252;202;154m▝[48;2;253;205;157m[38;2;251;200;152m▅[48;2;254;204;159m[38;2;254;201;157m▄[48;2;253;204;161m[38;2;254;204;159m▌[48;2;254;205;162m[38;2;252;203;160m▂[48;2;254;205;164m[38;2;252;204;162m▂[48;2;252;201;161m[38;2;253;204;163m▄[48;2;254;202;163m[38;2;251;199;160m▅[48;2;252;199;160m[38;2;253;202;164m▂[48;2;251;196;158m[38;2;254;199;162m▂[48;2;248;193;150m[38;2;251;196;156m▌[48;2;241;185;140m[38;2;245;187;143m▅[48;2;244;182;138m[38;2;246;184;140m━[48;2;245;180;137m[38;2;245;179;137m▄[48;2;234;165;118m[38;2;241;174;128m▌[48;2;219;145;98m[38;2;228;156;110m▌[48;2;208;129;82m[38;2;211;132;83m▄[48;2;188;107;63m[38;2;199;116;69m▌[48;2;176;102;65m[38;2;139;71;41m▝[48;2;88;32;18m[38;2;119;55;28m▎[48;2;74;25;21m[38;2;76;28;24m▚[48;2;77;29;28m[38;2;73;25;23m▌[48;2;71;24;22m[38;2;77;30;29m▖[48;2;68;23;19m[38;2;72;26;23m▄[48;2;70;25;20m[38;2;69;24;18m▄[48;2;71;23;18m[38;2;75;29;25m▂[48;2;73;24;19m[38;2;70;24;20m▄[48;2;73;26;21m[38;2;0;0;0m [48;2;71;26;20m[38;2;72;25;22m▄[38;2;70;23;21m▄[48;2;69;22;18m[38;2;74;27;23m▁[48;2;72;24;19m[38;2;69;22;18m▄[38;2;65;18;13m▂[48;2;72;24;17m[38;2;60;15;10m▁[48;2;73;25;17m[38;2;67;20;13m▂[48;2;74;27;18m[38;2;64;21;15m▁[48;2;71;27;19m[38;2;62;21;12m▁[48;2;73;27;20m[38;2;71;24;13m▁[48;2;67;24;21m[38;2;72;26;16m▅[48;2;72;27;17m[38;2;35;18;16m▁[48;2;69;26;16m[38;2;14;13;15m▁[48;2;76;26;16m[38;2;16;13;15m▂[48;2;76;26;15m[38;2;14;12;14m▃[48;2;76;29;16m[38;2;14;11;14m▄[48;2;79;33;18m[38;2;16;12;15m▅[48;2;65;25;12m[38;2;8;10;14m▅[48;2;72;30;18m[38;2;10;11;16m▆[48;2;53;27;19m[38;2;9;11;17m▇[48;2;8;10;16m[38;2;9;13;24m▂[48;2;8;11;18m[38;2;9;15;27m▄[48;2;7;13;22m[38;2;6;14;28m▄[48;2;8;16;27m[38;2;8;17;33m▅[48;2;9;18;32m[38;2;7;18;35m▄[48;2;10;21;36m[38;2;10;22;41m▅[48;2;10;20;38m[38;2;8;24;43m▆[48;2;6;21;39m[38;2;6;23;43m▄[48;2;5;23;41m[38;2;10;28;48m▃[48;2;4;24;44m[38;2;9;26;48m▗[48;2;5;23;45m[38;2;11;27;48m▄[38;2;10;25;47m▄[48;2;7;23;46m[38;2;9;26;48m▅[48;2;11;26;49m[38;2;8;27;48m▁[48;2;4;24;46m[38;2;10;27;50m▊[48;2;8;25;47m[38;2;2;19;42m▆[48;2;11;26;48m[38;2;6;21;44m▆[0m
[48;2;3;55;43m[38;2;0;24;17m▎[48;2;0;62;46m[38;2;0;59;46m▊[48;2;0;63;49m[38;2;0;0;0m [48;2;3;68;58m[38;2;17;96;91m▝[48;2;16;99;92m[38;2;38;96;83m▝[48;2;118;117;91m[38;2;55;97;78m▌[48;2;222;172;138m[38;2;158;127;92m▃[48;2;244;182;134m[38;2;246;191;148m▊[48;2;235;155;105m[38;2;239;172;121m▅[48;2;235;149;97m[38;2;232;150;97m▄[48;2;247;168;119m[38;2;241;159;106m▌[48;2;251;181;134m[38;2;249;175;128m▃[48;2;250;186;140m[38;2;0;0;0m [48;2;251;191;145m[38;2;252;194;147m▗[48;2;250;193;147m[38;2;252;196;147m▂[48;2;252;200;152m[38;2;251;200;149m▂[48;2;252;201;153m[38;2;249;199;148m▂[48;2;252;201;154m[38;2;250;199;149m▂[48;2;253;202;155m[38;2;0;0;0m [48;2;252;203;159m[38;2;254;203;156m▂[48;2;253;204;161m[38;2;254;203;158m▁[48;2;251;203;162m[38;2;254;204;162m▂[48;2;252;203;165m[38;2;251;202;162m▄[38;2;249;199;160m▃[48;2;253;202;163m[38;2;251;198;160m▃[48;2;249;193;155m[38;2;251;197;159m▌[48;2;243;183;145m[38;2;247;189;151m▌[48;2;243;180;138m[38;2;248;185;144m▘[48;2;238;172;128m[38;2;243;179;136m▖[48;2;232;160;115m[38;2;234;166;121m▌[48;2;223;145;97m[38;2;229;153;108m▌[48;2;206;127;78m[38;2;213;136;87m▌[48;2;201;115;70m[38;2;194;103;60m▗[48;2;190;105;67m[38;2;185;97;56m▄[48;2;100;39;17m[38;2;155;83;47m▌[48;2;77;27;19m[38;2;86;30;18m▎[48;2;70;24;19m[38;2;78;23;20m▃[48;2;69;20;17m[38;2;77;21;14m▃[48;2;69;22;21m[38;2;72;23;13m▂[48;2;74;25;18m[38;2;74;19;10m▃[48;2;75;28;17m[38;2;0;0;0m [48;2;74;26;18m[38;2;117;70;62m▂[48;2;70;20;14m[38;2;89;44;42m▄[48;2;78;28;23m[38;2;29;16;17m▂[48;2;73;25;17m[38;2;19;12;14m▃[48;2;63;24;19m[38;2;9;9;12m▃[48;2;56;17;15m[38;2;8;9;12m▄[48;2;57;18;17m[38;2;9;9;12m▅[48;2;50;20;18m[38;2;8;9;12m▅[48;2;55;25;22m[38;2;7;10;13m▆[48;2;50;19;15m[38;2;9;11;16m▇[48;2;42;16;13m[38;2;7;11;18m▇[48;2;36;15;12m[38;2;5;12;19m▇[48;2;7;13;21m[38;2;0;0;0m [48;2;7;12;18m[38;2;5;17;27m▄[48;2;6;12;20m[38;2;4;18;30m▃[38;2;5;18;32m▂[48;2;6;12;21m[38;2;7;18;31m▃[38;2;9;18;33m▃[48;2;7;13;22m[38;2;10;20;35m▃[48;2;7;13;23m[38;2;6;17;32m▃[48;2;8;15;25m[38;2;9;19;34m▄[48;2;7;14;26m[38;2;8;18;35m▄[48;2;8;14;28m[38;2;9;20;36m▅[48;2;8;18;33m[38;2;8;22;40m▄[48;2;4;16;33m[38;2;4;21;39m▃[48;2;5;16;35m[38;2;4;20;40m▃[48;2;7;20;42m[38;2;7;19;38m▘[48;2;9;23;44m[38;2;4;20;43m▂[48;2;6;25;45m[38;2;8;25;47m▄[48;2;5;27;47m[38;2;7;27;49m▖[48;2;8;27;50m[38;2;6;26;47m▃[48;2;2;20;43m[38;2;0;0;0m [48;2;7;22;45m[38;2;4;20;43m▆[48;2;8;24;47m[38;2;7;22;45m▎[48;2;11;28;51m[38;2;8;25;48m▄[48;2;5;26;47m[38;2;7;29;50m▗[48;2;4;26;47m[38;2;0;0;0m [48;2;2;21;43m[38;2;5;25;46m▆[48;2;9;22;47m[38;2;6;22;45m▊[0m
[48;2;4;52;40m[38;2;2;23;17m▎[48;2;1;56;43m[38;2;1;54;44m▌[48;2;5;61;47m[38;2;1;56;41m▊[48;2;3;63;50m[38;2;7;59;50m▃[48;2;1;63;55m[38;2;6;88;83m▝[48;2;15;102;87m[38;2;0;0;0m [48;2;108;138;102m[38;2;39;122;96m▃[48;2;149;135;96m[38;2;235;180;140m▝[48;2;239;177;135m[38;2;0;0;0m [48;2;239;160;111m[38;2;248;174;130m▖[48;2;245;164;116m[38;2;234;162;112m▁[48;2;248;177;129m[38;2;246;170;122m▌[48;2;249;186;136m[38;2;251;185;134m▄[48;2;253;194;147m[38;2;253;192;143m▌[48;2;254;198;149m[38;2;252;196;147m▄[48;2;252;200;150m[38;2;250;200;149m▝[48;2;252;202;151m[38;2;253;203;152m▂[48;2;249;199;148m[38;2;252;201;151m▆[48;2;252;200;152m[38;2;252;200;150m▎[48;2;252;199;152m[38;2;252;200;154m▁[48;2;251;198;155m[38;2;253;200;155m▌[48;2;251;199;157m[38;2;252;199;158m▄[48;2;254;203;163m[38;2;253;201;161m▊[48;2;252;200;160m[38;2;254;203;164m▆[48;2;253;198;162m[38;2;254;199;164m▄[48;2;251;192;157m[38;2;252;196;161m▊[48;2;245;185;148m[38;2;248;190;153m▌[48;2;244;182;141m[38;2;246;184;145m▌[48;2;237;174;130m[38;2;241;179;135m▎[48;2;237;163;120m[38;2;238;170;126m▌[48;2;229;151;105m[38;2;235;157;113m▊[48;2;212;133;85m[38;2;222;145;97m▌[48;2;201;107;64m[38;2;206;119;74m▊[48;2;186;98;54m[38;2;192;98;56m▊[48;2;128;55;32m[38;2;169;88;50m▊[48;2;88;32;20m[38;2;107;39;21m▎[48;2;80;31;18m[38;2;0;0;0m [48;2;86;33;11m[38;2;127;74;56m▃[48;2;103;57;41m[38;2;31;17;16m▂[48;2;102;55;45m[38;2;15;12;13m▄[48;2;124;78;69m[38;2;8;9;12m▆[48;2;8;9;12m[38;2;113;72;65m [38;2;22;12;13m [38;2;8;9;12m   [48;2;8;9;13m▘[48;2;7;9;13m[38;2;7;11;17m▂[48;2;7;10;16m[38;2;8;13;22m▂[48;2;6;11;18m[38;2;6;14;24m▂[48;2;7;14;23m[38;2;9;17;30m▄[48;2;7;16;31m[38;2;11;19;40m▃[48;2;8;18;33m[38;2;13;22;44m▅[48;2;6;19;35m[38;2;9;25;45m▅[48;2;7;21;37m[38;2;6;22;43m▅[48;2;10;25;40m[38;2;8;22;44m▅[48;2;9;21;38m[38;2;9;23;44m▅[48;2;9;22;41m[38;2;11;29;49m▂[48;2;11;21;41m[38;2;6;24;44m▄[48;2;9;21;41m[38;2;6;24;45m▃[48;2;3;17;36m[38;2;1;20;40m▃[48;2;5;18;37m[38;2;3;20;41m▃[48;2;8;20;39m[38;2;8;22;43m▅[48;2;11;24;45m[38;2;9;23;45m▅[48;2;5;24;43m[38;2;8;28;48m▗[48;2;3;23;41m[38;2;4;26;45m▅[48;2;5;24;44m[38;2;6;26;46m▄[48;2;1;20;43m[38;2;6;24;49m▄[48;2;2;22;44m[38;2;7;25;50m▖[48;2;4;24;45m[38;2;6;26;46m▄[48;2;5;27;48m[38;2;4;25;45m▅[48;2;3;26;47m[38;2;7;30;49m▄[48;2;3;24;45m[38;2;4;24;42m▄[48;2;5;23;47m[38;2;4;23;45m▄[48;2;2;20;45m[38;2;7;25;50m▂[48;2;5;24;47m[38;2;2;20;42m▚[48;2;7;26;49m[38;2;3;25;44m▅[48;2;4;26;47m[38;2;7;27;50m▘[48;2;5;26;46m[38;2;9;31;50m▁[48;2;9;24;45m[38;2;10;26;46m▄[0m
[48;2;3;51;39m[38;2;1;23;16m▎[48;2;3;53;42m[38;2;3;56;46m▗[48;2;1;52;40m[38;2;1;57;47m▂[48;2;2;61;47m[38;2;3;60;51m▂[48;2;2;63;46m[38;2;1;67;49m▂[48;2;0;67;52m[38;2;7;91;83m▝[48;2;15;110;100m[38;2;6;84;77m▖[48;2;97;155;117m[38;2;37;127;108m▌[48;2;134;147;100m[38;2;189;141;100m▝[48;2;242;177;133m[38;2;169;127;83m▖[48;2;238;171;121m[38;2;246;183;143m▂[48;2;247;175;126m[38;2;240;179;134m▁[48;2;250;186;132m[38;2;246;176;124m▘[48;2;253;193;148m[38;2;253;191;143m▎[48;2;253;197;151m[38;2;253;195;150m▖[48;2;252;200;152m[38;2;252;201;154m▄[48;2;253;203;153m[38;2;253;203;155m━[48;2;253;202;153m[38;2;253;203;149m▂[48;2;253;201;155m[38;2;254;202;151m▂[48;2;253;201;156m[38;2;254;202;159m━[48;2;252;201;157m[38;2;0;0;0m [48;2;253;202;161m[38;2;253;203;163m━[48;2;252;201;163m[38;2;253;202;163m▄[48;2;253;202;165m[38;2;252;201;162m▃[48;2;254;203;166m[38;2;252;199;161m▂[48;2;252;197;161m[38;2;252;197;161m▄[48;2;252;192;157m[38;2;252;190;155m▃[48;2;246;181;142m[38;2;251;188;150m▌[48;2;242;173;132m[38;2;244;178;138m▌[48;2;239;167;123m[38;2;232;157;114m▗[48;2;225;146;103m[38;2;234;156;113m▘[48;2;205;121;80m[38;2;214;135;92m▊[48;2;193;97;60m[38;2;200;110;72m▌[48;2;181;85;49m[38;2;186;87;52m▌[48;2;147;71;37m[38;2;172;85;49m▊[48;2;99;45;25m[38;2;117;49;20m▌[48;2;98;58;46m[38;2;19;14;16m▗[48;2;8;9;12m[38;2;136;87;71m [38;2;12;9;11m [38;2;8;9;12m     [38;2;8;9;13m▂[48;2;8;10;13m[38;2;8;9;12m▘[48;2;9;11;17m[38;2;8;10;14m▊[48;2;7;13;23m[38;2;8;12;20m▌[48;2;6;15;25m[38;2;5;18;30m▄[48;2;5;17;29m[38;2;7;22;36m▃[48;2;8;19;34m[38;2;7;21;38m▅[48;2;10;21;42m[38;2;14;26;46m▂[48;2;11;24;47m[38;2;10;21;44m▊[48;2;2;21;44m[38;2;9;24;48m▌[48;2;1;19;41m[38;2;3;23;46m▂[48;2;6;22;45m[38;2;4;21;44m▌[48;2;8;24;47m[38;2;4;20;45m▂[48;2;8;26;48m[38;2;7;24;47m▄[48;2;5;27;48m[38;2;7;27;49m▄[48;2;5;26;47m[38;2;0;0;0m [48;2;5;25;44m [48;2;5;24;46m[38;2;5;24;45m▄[48;2;3;21;44m[38;2;7;25;48m▂[38;2;3;24;45m▃[48;2;7;24;48m[38;2;3;25;44m▅[48;2;6;27;49m[38;2;3;26;46m▄[48;2;6;26;47m[38;2;8;31;51m▁[48;2;8;25;50m[38;2;8;25;50m▄[48;2;9;25;49m[38;2;7;22;46m▅[48;2;10;26;47m[38;2;14;29;50m▝[48;2;7;24;46m[38;2;9;26;47m▄[48;2;3;26;45m[38;2;3;25;44m▄[48;2;10;26;43m[38;2;4;24;42m▌[48;2;9;23;49m[38;2;10;24;45m▌[48;2;9;24;51m[38;2;7;21;48m▗[48;2;5;23;45m[38;2;9;24;48m▆[48;2;10;28;48m[38;2;11;26;47m▄[48;2;5;24;46m[38;2;7;25;46m▎[48;2;9;31;51m[38;2;4;25;45m▅[48;2;10;26;48m[38;2;7;23;45m▅[0m
[48;2;6;60;45m[38;2;2;27;19m▎[48;2;1;56;47m[38;2;3;56;44m▌[48;2;2;59;46m[38;2;3;62;49m▖[48;2;4;53;47m[38;2;4;59;52m▝[48;2;5;67;54m[38;2;18;84;71m▗[48;2;3;72;53m[38;2;0;0;0m [48;2;0;68;55m[38;2;3;89;85m▝[48;2;7;116;108m[38;2;0;84;74m▖[48;2;24;125;105m[38;2;108;162;119m▝[48;2;139;156;108m[38;2;75;152;113m▖[48;2;217;166;131m[38;2;143;134;90m▃[48;2;247;186;150m[38;2;0;0;0m [48;2;251;185;136m[38;2;249;195;152m▃[48;2;252;194;148m[38;2;251;193;145m▎[48;2;252;198;152m[38;2;252;196;150m▌[48;2;254;203;155m[38;2;253;200;154m▊[38;2;255;204;157m▄[48;2;254;203;151m[38;2;255;203;155m▄[48;2;254;202;152m[38;2;254;202;156m▄[48;2;254;202;155m[38;2;254;203;159m▄[48;2;254;203;156m[38;2;255;204;161m▅[48;2;254;203;160m▃[48;2;254;202;162m[38;2;255;203;161m▃[48;2;252;200;161m[38;2;254;202;161m▄[48;2;251;198;160m[38;2;254;200;162m▖[48;2;251;193;157m[38;2;252;196;158m▖[48;2;251;188;152m[38;2;253;191;155m▖[48;2;249;181;143m[38;2;253;187;151m▌[48;2;243;171;131m[38;2;247;177;138m▌[48;2;234;157;117m[38;2;241;166;126m▌[48;2;218;138;98m[38;2;228;150;109m▌[48;2;200;111;74m[38;2;209;126;86m▌[48;2;179;86;52m[38;2;192;100;65m▌[48;2;168;77;44m[38;2;148;63;36m▗[48;2;149;70;39m[38;2;110;45;25m▃[48;2;29;16;14m[38;2;104;48;27m▘[48;2;8;9;12m[38;2;14;10;12m [38;2;8;9;12m   [38;2;8;9;13m▁▄[48;2;8;9;13m[38;2;8;10;16m▃[48;2;8;9;14m[38;2;7;10;17m▄[48;2;8;11;17m[38;2;7;12;21m▄[48;2;8;12;21m[38;2;8;15;27m▃[48;2;9;14;23m[38;2;8;18;32m▄[48;2;9;16;26m[38;2;6;20;34m▄[48;2;10;21;36m[38;2;9;19;30m▘[48;2;11;23;42m[38;2;11;22;38m▌[48;2;9;23;41m[38;2;12;24;44m▇[48;2;14;26;47m[38;2;9;22;44m▅[48;2;9;22;44m[38;2;15;26;48m▘[48;2;4;20;39m[38;2;7;21;42m▘[48;2;3;22;40m[38;2;8;25;43m▃[48;2;4;23;46m[38;2;7;24;48m▃[48;2;1;21;45m[38;2;7;25;50m▄[48;2;2;22;44m[38;2;7;24;46m▂[48;2;4;25;45m[38;2;9;29;48m▖[48;2;4;26;47m[38;2;7;30;50m▗[48;2;7;26;47m[38;2;6;29;50m▖[48;2;10;27;48m[38;2;7;23;46m▅[48;2;9;26;49m[38;2;12;29;52m▂[48;2;6;25;46m[38;2;7;27;49m▆[48;2;7;27;47m[38;2;11;29;49m▝[48;2;5;24;45m[38;2;8;27;48m▃[48;2;8;31;51m[38;2;4;27;48m▆[48;2;8;26;51m[38;2;6;26;50m▅[48;2;8;27;50m[38;2;11;32;53m▗[48;2;7;27;47m[38;2;9;31;50m━[48;2;5;26;46m[38;2;0;0;0m [48;2;4;26;44m[38;2;5;27;45m▄[48;2;6;26;43m[38;2;4;24;41m▚[48;2;9;26;50m[38;2;8;24;44m▎[48;2;8;25;51m[38;2;7;23;49m▝[48;2;8;25;47m[38;2;9;30;51m▃[48;2;7;25;45m[38;2;10;30;49m▖[48;2;5;24;45m[38;2;0;0;0m [48;2;3;22;44m[38;2;5;24;47m▃[48;2;7;23;46m[38;2;2;20;45m▂[0m
[48;2;2;54;38m[38;2;1;24;17m▎[48;2;3;58;46m[38;2;0;53;40m▅[48;2;0;52;40m[38;2;0;56;42m▘[48;2;3;50;44m[38;2;1;50;42m▄[48;2;1;53;46m[38;2;0;0;0m [48;2;10;74;61m[38;2;2;57;49m▖[48;2;3;66;51m[38;2;9;73;61m▖[48;2;1;66;53m[38;2;0;0;0m [48;2;4;107;105m[38;2;0;69;62m▖[48;2;16;127;115m[38;2;62;152;113m▝[48;2;112;164;107m[38;2;59;156;118m▖[48;2;147;148;92m[38;2;227;180;134m▝[48;2;239;191;154m[38;2;0;0;0m [48;2;251;198;156m[38;2;252;206;168m▃[48;2;252;199;154m[38;2;253;204;162m▅[48;2;254;201;156m[38;2;253;204;159m▅[48;2;254;203;158m[38;2;254;205;158m▄[38;2;252;205;158m▅[48;2;252;202;158m[38;2;252;204;156m▄[48;2;252;203;160m▄[48;2;254;204;161m[38;2;252;202;155m▃[48;2;254;203;160m[38;2;253;201;156m▂[48;2;254;201;159m[38;2;250;196;154m▗[48;2;253;200;159m[38;2;250;195;154m▄[48;2;253;196;158m[38;2;253;198;159m▎[48;2;252;191;155m[38;2;252;193;156m▌[48;2;251;185;149m[38;2;253;189;154m▊[48;2;250;178;139m[38;2;251;183;145m▊[48;2;245;172;132m[38;2;239;163;123m▗[48;2;230;148;110m[38;2;236;157;117m▘[48;2;221;138;101m[38;2;207;122;87m▗[48;2;186;97;67m[38;2;201;114;80m▌[48;2;150;65;41m[38;2;166;77;51m▌[48;2;130;56;33m[38;2;0;0;0m [48;2;47;30;28m[38;2;124;68;51m▌[48;2;9;10;13m[38;2;0;0;0m [48;2;8;10;13m[38;2;8;10;14m▄[48;2;8;9;12m[38;2;8;9;13m▄[48;2;8;9;13m[38;2;8;10;15m▃[38;2;8;11;17m▃[48;2;8;10;15m[38;2;8;12;20m▄[48;2;8;11;18m[38;2;8;12;22m▃[48;2;7;12;20m[38;2;7;14;25m▃[48;2;7;12;22m[38;2;7;16;29m▃[48;2;7;14;26m[38;2;7;15;30m▅[48;2;9;17;31m[38;2;7;17;33m▆[48;2;8;19;36m[38;2;8;20;39m▄[48;2;6;22;40m[38;2;7;23;42m▄[48;2;8;23;41m[38;2;5;24;44m▆[48;2;8;25;44m[38;2;7;26;46m▅[48;2;8;23;43m[38;2;8;26;46m▅[48;2;7;24;45m[38;2;9;26;46m▊[48;2;8;26;45m[38;2;7;27;47m▄[48;2;4;25;43m[38;2;6;28;47m▁[48;2;8;24;42m[38;2;5;23;42m▂[48;2;11;25;51m[38;2;9;22;46m▌[48;2;8;23;49m[38;2;8;23;49m▄[48;2;11;26;48m[38;2;9;24;46m▄[48;2;9;25;46m[38;2;13;29;49m▘[48;2;5;24;46m[38;2;0;0;0m [38;2;3;24;46m▌[48;2;7;23;46m[38;2;3;20;45m▂[48;2;8;24;47m[38;2;3;21;45m▂[48;2;7;28;49m[38;2;6;25;47m▌[48;2;5;27;47m[38;2;6;27;50m▂[48;2;6;26;47m[38;2;5;25;45m▗[48;2;4;25;47m[38;2;3;23;42m▂[48;2;6;25;48m[38;2;3;22;46m▚[48;2;6;24;47m[38;2;1;21;45m▄[38;2;1;22;43m▂[48;2;4;26;46m[38;2;8;26;49m━[48;2;4;28;48m[38;2;0;0;0m [48;2;5;28;47m[38;2;5;26;47m▆[48;2;7;26;48m[38;2;10;28;49m▃[48;2;7;26;50m[38;2;7;25;47m▆[48;2;12;31;53m[38;2;9;26;48m▆[48;2;7;24;43m[38;2;9;26;46m▊[48;2;5;22;40m[38;2;10;27;46m▂[48;2;4;23;43m[38;2;9;26;47m▄[48;2;1;20;44m[38;2;7;24;49m▆[0m
[48;2;3;57;42m[38;2;3;27;18m▎[48;2;0;53;39m[38;2;3;58;48m▇[48;2;0;52;45m[38;2;1;55;47m▆[48;2;1;52;43m[38;2;1;52;43m▄[48;2;3;51;43m[38;2;1;48;40m▄[48;2;1;52;45m[38;2;0;0;0m [48;2;4;65;56m[38;2;2;57;51m▄[48;2;2;61;53m[38;2;5;64;58m▖[48;2;4;62;57m[38;2;0;0;0m [48;2;2;74;70m[38;2;9;113;108m▝[48;2;38;142;110m[38;2;11;106;88m▖[48;2;113;178;123m[38;2;59;158;116m▖[48;2;150;161;112m[38;2;0;0;0m [48;2;228;191;156m[38;2;161;151;115m▂[48;2;250;209;169m[38;2;0;0;0m [48;2;250;206;159m[38;2;250;209;164m▎[48;2;252;207;158m[38;2;254;208;162m▗[48;2;251;207;158m[38;2;252;207;164m▄[48;2;251;206;155m[38;2;252;205;160m▄[48;2;252;204;153m[38;2;254;203;155m▃[48;2;251;201;152m[38;2;253;201;151m▃[48;2;252;200;151m[38;2;253;201;155m▝[48;2;251;197;155m[38;2;252;199;153m▅[48;2;251;196;153m[38;2;252;198;154m▌[48;2;251;191;152m[38;2;250;193;155m▘[48;2;251;187;148m[38;2;251;189;151m▌[48;2;250;184;147m[38;2;250;181;141m▅[48;2;245;169;130m[38;2;249;176;137m▌[48;2;234;154;114m[38;2;242;164;124m▊[48;2;228;143;105m[38;2;220;130;92m▗[48;2;189;105;68m[38;2;212;125;86m▌[48;2;177;90;60m[38;2;158;79;50m▆[48;2;126;49;27m[38;2;151;67;42m▘[48;2;123;66;48m[38;2;0;0;0m [48;2;22;18;20m [48;2;9;11;16m[38;2;10;13;17m▁[48;2;9;12;16m[38;2;10;12;17m▃[48;2;9;10;14m[38;2;9;12;16m▄[48;2;9;13;18m[38;2;9;11;15m▘[48;2;9;13;22m[38;2;9;13;20m▊[48;2;9;14;23m[38;2;10;15;25m▝[48;2;9;15;25m[38;2;10;16;26m▁[48;2;8;15;26m[38;2;8;15;26m▌[48;2;9;18;31m[38;2;8;17;29m▊[48;2;7;17;33m[38;2;9;19;34m▄[48;2;4;17;34m[38;2;8;21;37m▅[48;2;6;21;37m[38;2;9;22;38m▃[48;2;6;22;41m[38;2;10;24;42m▖[48;2;5;24;44m[38;2;7;25;43m▅[48;2;5;25;45m[38;2;8;26;45m▄[48;2;6;25;46m[38;2;8;26;46m▂[48;2;8;25;46m[38;2;0;0;0m [48;2;9;27;48m[38;2;9;26;47m▄[48;2;5;27;47m[38;2;9;27;48m▖[48;2;6;26;45m[38;2;5;27;47m▆[48;2;10;28;51m[38;2;7;27;50m▅[48;2;8;28;51m[38;2;7;26;50m▊[48;2;7;27;47m[38;2;9;30;51m▅[48;2;6;27;46m[38;2;0;0;0m [48;2;4;24;43m[38;2;9;27;44m▗[48;2;5;24;46m[38;2;9;24;47m▂[48;2;1;21;45m[38;2;7;24;49m▅[48;2;3;23;44m[38;2;8;25;47m▂[48;2;3;25;44m[38;2;9;28;47m▃[48;2;3;26;47m[38;2;5;26;46m▄[48;2;4;26;45m[38;2;6;30;49m▖[48;2;8;25;44m[38;2;4;23;42m▎[48;2;7;23;47m[38;2;10;25;51m▗[48;2;8;24;50m[38;2;0;0;0m [48;2;4;23;44m[38;2;10;26;48m▄[48;2;6;26;46m[38;2;11;28;48m▄[48;2;4;24;45m[38;2;7;31;51m▝[48;2;9;28;49m[38;2;5;26;47m▖[48;2;5;24;47m[38;2;11;27;50m▊[48;2;3;20;43m[38;2;0;0;0m [48;2;9;24;47m[38;2;5;20;43m▅[48;2;8;23;46m[38;2;9;25;48m▗[48;2;9;26;48m[38;2;13;29;52m━[48;2;9;27;48m[38;2;5;27;48m▆[48;2;8;27;50m[38;2;6;27;49m▌[0m
[48;2;3;58;44m[38;2;2;26;18m▎[48;2;2;56;47m[38;2;1;55;44m▆[48;2;3;55;47m[38;2;1;52;45m▅[48;2;2;50;42m[38;2;2;52;43m▘[48;2;0;46;39m[38;2;2;48;41m▃[48;2;2;49;45m[38;2;1;47;41m▌[48;2;1;49;46m[38;2;1;54;50m▝[48;2;3;70;60m[38;2;2;58;53m▌[48;2;1;63;53m[38;2;7;75;61m▖[48;2;1;63;55m[38;2;0;60;49m▖[48;2;3;70;61m[38;2;0;0;0m [48;2;35;127;92m[38;2;5;79;61m▄[48;2;87;169;117m[38;2;46;141;102m▄[48;2;124;163;117m[38;2;84;164;112m▂[48;2;153;152;115m[38;2;240;203;168m▝[48;2;241;206;166m[38;2;0;0;0m [48;2;253;206;164m[38;2;249;208;166m▄[48;2;253;206;165m[38;2;252;205;161m▂[48;2;253;203;158m[38;2;253;204;163m▌[48;2;253;201;155m[38;2;254;203;157m▌[48;2;252;200;152m[38;2;251;198;151m▃[48;2;253;200;151m[38;2;0;0;0m [48;2;252;197;150m[38;2;249;191;143m▃[48;2;254;197;152m[38;2;250;189;144m▅[48;2;252;191;149m[38;2;252;189;145m▆[48;2;253;186;143m[38;2;253;182;138m▁[48;2;249;175;132m[38;2;251;181;139m▘[48;2;241;160;119m[38;2;245;167;126m▌[48;2;229;145;104m[38;2;237;154;113m▌[48;2;208;117;81m[38;2;220;131;95m▊[48;2;174;83;51m[38;2;192;101;66m▊[48;2;155;68;41m[38;2;133;53;28m▗[48;2;122;54;35m[38;2;97;43;26m▂[48;2;22;18;20m[38;2;101;60;47m▘[48;2;12;14;19m[38;2;12;15;20m▄▂[48;2;10;13;17m[38;2;12;14;19m▄[38;2;11;14;19m▄[48;2;10;13;18m[38;2;12;14;19m▃[48;2;11;15;22m[38;2;11;14;20m▊[48;2;10;16;23m[38;2;11;17;25m▘[48;2;10;16;26m[38;2;10;17;25m▄[48;2;9;17;27m[38;2;9;17;26m▄[48;2;10;18;29m[38;2;10;17;27m▃[48;2;10;19;33m[38;2;10;20;35m▝[48;2;9;20;36m[38;2;9;19;34m▆[48;2;10;21;38m[38;2;10;20;36m▅[48;2;10;23;41m[38;2;10;22;40m▆[48;2;7;22;40m[38;2;10;24;42m▖[48;2;10;25;45m[38;2;8;23;41m▌[48;2;8;25;45m[38;2;11;26;46m▖[48;2;7;24;44m[38;2;9;25;46m▃[48;2;11;27;49m[38;2;10;25;47m▊[48;2;8;27;48m[38;2;10;27;49m▎[48;2;5;27;47m[38;2;5;26;47m▄[48;2;6;26;48m[38;2;7;27;49m▄[48;2;7;26;47m[38;2;8;28;49m▌[48;2;8;27;49m[38;2;6;25;46m▆[48;2;7;26;47m[38;2;11;27;50m▁[48;2;6;24;42m[38;2;7;27;47m▅[48;2;10;26;49m[38;2;7;24;45m▊[48;2;9;25;47m[38;2;11;25;50m▘[48;2;7;25;45m[38;2;9;26;47m▌[48;2;10;27;47m[38;2;9;25;46m▂[48;2;8;26;46m[38;2;8;24;46m▄[48;2;3;25;44m[38;2;9;26;47m▅[48;2;7;24;43m[38;2;8;27;48m▄[48;2;8;27;50m[38;2;8;22;45m▘[48;2;7;24;49m[38;2;10;25;51m▘[48;2;8;25;47m[38;2;8;29;49m▁[48;2;9;25;46m[38;2;7;26;46m▄[48;2;9;26;47m[38;2;9;27;48m▄[48;2;6;24;45m▄[48;2;5;23;44m[38;2;9;25;47m▘[48;2;2;21;41m[38;2;4;24;45m━[48;2;4;21;43m[38;2;6;23;46m▆[48;2;7;22;46m[38;2;11;25;49m▁[48;2;7;25;46m[38;2;11;28;50m▖[48;2;6;25;46m[38;2;11;27;49m▗[48;2;7;25;46m[38;2;12;28;50m▖[0m
[48;2;4;57;42m[38;2;3;25;17m▎[48;2;1;57;44m[38;2;2;57;45m▄[48;2;1;53;46m[38;2;0;0;0m [48;2;2;51;45m[38;2;0;51;44m▅[48;2;2;50;44m[38;2;0;49;42m▊[48;2;2;49;45m[38;2;3;52;48m▄[48;2;2;48;47m[38;2;3;50;49m▄[48;2;1;49;49m[38;2;0;0;0m [48;2;1;57;50m[38;2;7;76;62m▝[48;2;2;60;48m[38;2;7;68;54m▄[48;2;3;60;53m[38;2;1;59;46m▖[48;2;2;62;54m[38;2;5;62;56m▆[48;2;7;76;61m[38;2;0;0;0m [48;2;48;139;101m[38;2;7;79;65m▂[48;2;71;153;115m[38;2;127;166;125m▝[48;2;178;153;121m[38;2;121;142;108m▆[48;2;236;200;162m[38;2;139;123;93m▖[48;2;249;208;163m[38;2;252;207;169m▃[48;2;251;203;160m[38;2;251;205;161m▎[48;2;253;202;156m[38;2;252;202;159m▊[48;2;252;197;150m[38;2;253;200;153m▌[48;2;251;191;143m[38;2;251;194;146m▌[48;2;250;189;142m[38;2;250;186;139m▄[48;2;253;187;142m[38;2;252;183;136m▂[48;2;253;182;137m[38;2;251;175;128m▃[48;2;252;178;133m[38;2;250;169;124m▄[48;2;246;159;116m[38;2;248;164;121m▊[48;2;234;142;102m[38;2;242;152;111m▌[48;2;225;132;93m[38;2;216;118;79m▃[48;2;200;102;66m[38;2;173;79;45m▗[48;2;142;60;37m[38;2;170;80;52m▘[48;2;108;44;25m[38;2;132;54;30m▘[48;2;76;37;22m[38;2;47;28;14m▄[48;2;12;23;24m[38;2;24;22;18m▎[48;2;12;15;20m[38;2;12;18;21m▁[38;2;12;15;20m    [48;2;12;15;21m▄[48;2;12;16;22m[38;2;12;16;21m▄[48;2;11;16;22m[38;2;10;17;24m▝[48;2;10;17;25m[38;2;10;17;23m▖[48;2;10;18;27m[38;2;10;17;25m▖[48;2;11;19;31m[38;2;10;18;29m▃[48;2;10;20;34m[38;2;10;19;31m▃[48;2;10;20;35m[38;2;10;19;32m▃[48;2;11;22;39m[38;2;10;19;35m▄[48;2;8;22;41m[38;2;8;21;37m▄[38;2;7;20;38m▆[48;2;9;22;42m[38;2;8;20;39m▖[48;2;8;23;44m[38;2;8;23;43m▆[48;2;8;24;46m[38;2;8;23;44m▄[48;2;7;25;46m[38;2;0;0;0m [48;2;5;25;46m[38;2;7;26;47m▄[48;2;7;27;48m[38;2;5;26;47m▗[48;2;4;24;46m[38;2;7;27;48m▘[48;2;6;23;46m[38;2;8;25;47m▝[48;2;11;28;50m[38;2;8;24;47m▆[48;2;6;27;48m[38;2;7;26;48m▄[48;2;5;27;48m[38;2;0;0;0m [48;2;8;27;48m[38;2;5;25;47m▅[48;2;11;28;49m[38;2;6;23;45m▅[48;2;10;25;47m[38;2;7;22;45m▅[48;2;10;25;48m[38;2;13;29;52m▗[48;2;10;28;50m[38;2;6;27;48m▅[48;2;5;27;48m[38;2;0;0;0m [48;2;4;27;48m[38;2;7;29;50m▖[48;2;6;28;50m[38;2;5;26;48m▄[48;2;10;31;52m[38;2;5;25;47m▅[48;2;8;28;48m[38;2;7;24;47m▅[48;2;10;27;50m[38;2;8;24;47m▄[48;2;6;26;47m[38;2;8;28;50m▗[48;2;4;25;45m[38;2;5;28;48m━[48;2;7;25;45m[38;2;5;25;44m▌[48;2;8;23;46m[38;2;9;22;45m▆[48;2;13;25;51m[38;2;10;22;46m▅[48;2;2;21;44m[38;2;10;26;49m▌[48;2;4;20;42m[38;2;2;19;42m▊[48;2;7;22;45m[38;2;6;22;43m▄[0m
[48;2;2;57;41m[38;2;2;27;17m▎[48;2;1;58;46m[38;2;6;65;55m▝[48;2;7;65;55m[38;2;1;55;46m▝[48;2;0;50;41m[38;2;0;0;0m [48;2;1;49;43m[38;2;2;49;43m▄[48;2;0;49;42m[38;2;0;48;41m▄[48;2;1;46;42m[38;2;0;46;40m▊[48;2;3;47;50m[38;2;3;44;44m▇[48;2;0;44;44m[38;2;0;0;0m [48;2;8;60;52m[38;2;1;48;45m▅[48;2;3;58;49m[38;2;4;57;50m▄[48;2;2;63;51m[38;2;4;62;51m▄[48;2;1;62;51m[38;2;6;68;54m▃[48;2;2;63;53m[38;2;0;0;0m [48;2;36;122;92m[38;2;6;71;52m▆[48;2;62;144;114m[38;2;28;109;91m▃[48;2;119;119;93m[38;2;73;128;103m▆[48;2;212;172;138m[38;2;112;102;75m▃[48;2;248;201;158m[38;2;0;0;0m [48;2;253;205;160m[38;2;252;206;160m▎[48;2;249;199;152m[38;2;251;202;157m▎[48;2;250;188;137m[38;2;251;195;146m▌[48;2;252;184;133m[38;2;0;0;0m [48;2;251;179;129m[38;2;251;170;122m▄[48;2;247;162;114m[38;2;252;173;125m▘[48;2;240;148;104m[38;2;245;156;110m▊[48;2;234;140;98m[38;2;211;114;72m▗[48;2;221;126;84m[38;2;200;104;63m▅[48;2;201;106;65m[38;2;183;90;50m▆[48;2;145;58;30m[38;2;168;74;40m▌[48;2;111;43;24m[38;2;128;50;27m▎[48;2;71;26;13m[38;2;92;32;17m▌[48;2;20;29;23m[38;2;45;25;15m▌[48;2;1;32;29m[38;2;0;37;31m▝[48;2;10;44;37m[38;2;4;35;32m▃[48;2;19;38;33m[38;2;74;114;87m▗[48;2;12;15;20m[38;2;121;173;132m▁[38;2;15;20;22m [38;2;12;15;20m  [38;2;12;15;21m▝[48;2;11;16;21m[38;2;12;16;21m▌[48;2;11;16;22m[38;2;11;16;21m▃[48;2;11;16;24m▄[48;2;11;17;27m[38;2;11;17;24m▆[48;2;10;18;28m[38;2;11;17;25m▖[48;2;11;19;31m[38;2;10;17;28m▖[48;2;11;19;32m[38;2;0;0;0m [48;2;8;20;35m[38;2;9;19;32m▅[48;2;9;21;37m[38;2;8;19;33m▃[48;2;9;21;39m[38;2;8;20;37m▃[48;2;7;21;40m[38;2;7;20;38m▄[48;2;8;23;43m[38;2;6;22;40m▄[48;2;8;24;45m[38;2;6;23;42m▅[48;2;6;24;44m[38;2;9;27;46m▁[48;2;6;27;47m[38;2;5;25;44m▄[48;2;5;26;47m[38;2;8;26;47m▁[48;2;2;22;45m[38;2;7;25;48m▃[48;2;2;21;44m[38;2;6;25;49m▖[48;2;7;24;49m[38;2;4;25;45m▇[48;2;6;27;50m[38;2;3;25;45m▅[48;2;3;26;46m[38;2;7;31;51m▃[48;2;4;23;45m[38;2;6;27;49m▁[48;2;7;23;46m[38;2;3;21;45m▃[48;2;7;24;47m[38;2;2;19;43m▖[48;2;6;25;47m[38;2;7;28;49m▝[48;2;4;27;48m[38;2;8;28;51m▖[48;2;9;28;51m[38;2;5;27;48m▇[48;2;4;27;47m[38;2;7;30;50m▂[48;2;4;25;47m[38;2;0;0;0m [48;2;2;21;45m[38;2;7;25;50m▃[48;2;5;24;47m[38;2;1;20;42m▚[48;2;7;25;49m[38;2;4;25;45m▆[48;2;6;27;50m[38;2;3;26;46m▅[48;2;5;26;46m[38;2;9;31;50m▂[48;2;9;25;46m[38;2;15;27;49m▝[48;2;11;23;45m[38;2;11;24;46m▄[48;2;5;23;45m[38;2;6;21;41m▆[48;2;5;23;44m[38;2;5;22;40m▄[48;2;7;23;44m[38;2;10;24;45m▅[0m
[48;2;1;52;37m[38;2;1;23;15m▎[48;2;1;49;42m[38;2;4;52;43m▖[48;2;5;66;54m[38;2;1;55;46m▌[48;2;7;65;53m[38;2;0;51;42m▝[48;2;1;50;43m[38;2;0;0;0m [48;2;2;46;41m[38;2;3;49;44m▖[48;2;0;44;39m[38;2;1;46;41m▅[48;2;0;46;44m[38;2;0;49;47m▗[48;2;0;47;46m[38;2;3;50;50m▂[48;2;1;45;44m[38;2;3;47;48m▂[48;2;3;51;47m[38;2;1;45;44m▄[48;2;1;58;49m[38;2;0;52;46m▆[48;2;3;66;54m[38;2;1;58;51m▖[48;2;0;58;43m[38;2;1;66;54m▄[48;2;1;56;48m[38;2;1;61;49m▁[48;2;1;61;46m[38;2;0;0;0m [48;2;19;111;90m[38;2;3;69;58m▃[48;2;69;107;86m[38;2;31;105;96m▄[48;2;95;89;70m[38;2;223;172;137m▝[48;2;236;192;155m[38;2;0;0;0m [48;2;252;203;155m[38;2;254;204;161m▖[48;2;253;191;143m[38;2;252;197;148m▌[48;2;252;173;124m[38;2;254;181;134m▌[48;2;246;166;114m[38;2;236;154;99m▁[48;2;242;152;102m[38;2;225;132;85m▄[48;2;222;127;82m[38;2;204;108;64m▃[48;2;188;91;51m[38;2;207;110;68m▘[48;2;185;88;52m[38;2;179;82;45m▆[48;2;175;79;45m[38;2;185;89;54m▅[48;2;148;56;25m[38;2;173;80;44m▃[48;2;128;47;23m[38;2;152;61;32m▖[48;2;99;33;15m[38;2;123;46;20m▃[48;2;44;27;17m[38;2;109;57;40m▖[48;2;0;34;31m[38;2;6;30;24m▌[48;2;1;34;33m[38;2;0;0;0m [48;2;5;40;30m [48;2;86;134;100m[38;2;13;57;37m▄[48;2;40;54;47m[38;2;103;154;112m▆[48;2;32;39;36m[38;2;128;161;117m▂[48;2;12;15;20m[38;2;64;76;59m [38;2;12;15;20m [38;2;12;15;21m▝[48;2;11;16;21m[38;2;12;16;21m▅[38;2;13;16;21m [38;2;0;0;0m [48;2;11;17;25m[38;2;11;16;23m▄[48;2;11;17;26m[38;2;10;17;28m▝[48;2;11;18;29m[38;2;0;0;0m [48;2;9;18;30m[38;2;10;19;29m▃[48;2;10;20;34m[38;2;10;20;32m▌[48;2;10;21;38m[38;2;10;20;36m▌[48;2;11;22;40m[38;2;11;21;38m▁[48;2;8;23;41m[38;2;10;24;42m▌[48;2;9;24;43m[38;2;6;20;40m▄[48;2;10;25;45m[38;2;7;22;42m▄[48;2;10;27;47m[38;2;8;23;45m▅[48;2;9;27;48m[38;2;10;27;49m▄[48;2;5;26;48m[38;2;9;27;49m▘[48;2;7;25;48m[38;2;3;25;47m▖[48;2;10;27;47m[38;2;13;28;49m━[48;2;7;24;46m[38;2;9;26;47m▄[48;2;4;27;46m[38;2;7;26;47m▂[48;2;5;25;46m[38;2;10;27;48m▃[48;2;3;22;45m[38;2;9;26;48m▅[48;2;4;24;45m[38;2;10;29;50m▂[48;2;3;24;43m[38;2;9;28;48m▄[48;2;3;25;45m[38;2;6;25;46m▂[48;2;5;28;48m[38;2;6;29;49m▄[48;2;4;25;46m[38;2;5;29;48m▝[48;2;8;25;48m[38;2;7;24;45m▖[48;2;8;23;49m[38;2;12;26;52m▖[48;2;8;24;48m[38;2;7;23;46m▁[48;2;10;26;47m[38;2;14;29;50m━[48;2;8;25;46m[38;2;16;27;48m▗[48;2;6;27;47m[38;2;16;29;47m━[48;2;6;24;45m[38;2;10;27;49m━[48;2;10;26;47m[38;2;7;22;45m▃[48;2;5;21;41m[38;2;9;25;47m▆[48;2;9;26;44m[38;2;9;27;49m▅[48;2;7;25;45m[38;2;6;27;47m▄[0m
[48;2;3;56;41m[38;2;1;25;16m▎[48;2;1;48;41m[38;2;3;54;43m▎[48;2;1;51;42m[38;2;2;48;41m▊[48;2;6;64;52m[38;2;0;55;43m▄[48;2;2;62;50m[38;2;0;54;44m▝[48;2;0;48;41m[38;2;0;53;43m▖[48;2;2;47;43m[38;2;0;45;38m▃[48;2;0;43;41m[38;2;1;46;43m▌[48;2;3;48;49m[38;2;1;43;44m▆[48;2;1;45;45m[38;2;0;0;0m [48;2;0;43;44m[38;2;0;45;45m▖[48;2;0;45;43m[38;2;0;43;44m▆[48;2;2;52;49m[38;2;2;47;47m▊[48;2;2;64;52m[38;2;3;55;47m▂[48;2;3;65;50m[38;2;0;0;0m [48;2;4;59;46m[38;2;0;61;50m▅[48;2;2;53;49m[38;2;3;57;49m▊[48;2;10;85;83m[38;2;0;57;57m▆[48;2;11;86;88m[38;2;35;82;76m▝[48;2;152;113;100m[38;2;45;66;61m▆[48;2;230;178;143m[38;2;107;76;59m▖[48;2;252;193;146m[38;2;247;175;133m▁[48;2;250;172;125m[38;2;232;143;103m▗[48;2;221;133;85m[38;2;192;99;62m▃[48;2;199;103;63m[38;2;161;69;36m▃[48;2;185;89;48m[38;2;165;71;33m▅[48;2;184;90;49m[38;2;196;104;60m▗[48;2;193;99;58m[38;2;216;124;79m▃[48;2;201;108;66m[38;2;220;129;84m▄[48;2;194;101;60m[38;2;216;126;79m▅[48;2;168;75;38m[38;2;188;91;53m▊[48;2;140;56;24m[38;2;166;77;41m▅[48;2;76;49;31m[38;2;165;98;74m▌[48;2;2;34;24m[38;2;20;28;13m▎[48;2;3;33;32m[38;2;4;35;39m▝[48;2;2;32;27m[38;2;3;32;33m▎[48;2;3;37;29m[38;2;5;35;31m▄[48;2;13;59;43m[38;2;0;0;0m [48;2;115;170;125m[38;2;40;97;65m▂[48;2;74;87;71m[38;2;143;181;132m▆[48;2;27;31;30m[38;2;136;154;111m▖[48;2;12;15;20m[38;2;15;18;20m [38;2;11;14;20m [48;2;11;14;20m[38;2;0;0;0m [48;2;13;16;21m[38;2;13;15;21m▖[38;2;13;16;22m [48;2;11;16;23m[38;2;12;16;21m▅[48;2;10;17;26m[38;2;11;16;23m▖[48;2;10;19;29m[38;2;10;18;27m▌[48;2;9;19;31m[38;2;10;19;30m▊[48;2;10;19;34m[38;2;13;22;37m▗[48;2;10;20;37m[38;2;13;22;39m▁[48;2;6;20;38m[38;2;9;21;39m▌[48;2;6;20;39m[38;2;8;23;42m▗[48;2;7;22;43m[38;2;7;22;43m▊[48;2;7;23;45m[38;2;3;19;42m▂[48;2;8;25;47m[38;2;4;20;43m▖[48;2;6;26;47m[38;2;8;28;50m▗[48;2;5;27;49m[38;2;4;25;47m━[48;2;7;26;46m[38;2;7;29;49m▅[48;2;5;26;47m[38;2;5;25;45m▘[48;2;8;27;48m[38;2;6;25;47m▆[48;2;7;23;45m[38;2;10;25;48m▂[48;2;10;26;48m[38;2;8;26;47m▄[48;2;7;27;47m[38;2;0;0;0m [48;2;8;27;47m[38;2;9;28;48m▄[48;2;7;25;46m[38;2;8;26;47m▄[48;2;5;26;46m[38;2;9;30;49m▁[48;2;5;26;43m[38;2;5;27;46m▌[48;2;9;27;51m[38;2;7;26;46m▌[48;2;7;25;51m[38;2;0;0;0m [48;2;8;26;48m[38;2;10;31;53m▃[48;2;7;26;45m[38;2;9;30;49m▄[48;2;8;26;48m[38;2;7;25;47m▊[48;2;2;22;44m[38;2;7;25;48m▌[48;2;2;19;42m[38;2;4;24;45m▂[48;2;7;22;45m[38;2;5;21;44m▌[48;2;9;25;48m[38;2;5;21;45m▂[48;2;8;26;49m[38;2;8;25;48m▄[48;2;5;27;48m[38;2;6;27;48m▄[0m
[48;2;2;56;38m[38;2;2;27;16m▎[48;2;3;51;43m[38;2;2;51;45m▗[48;2;1;48;39m[38;2;4;51;44m▖[48;2;0;51;39m[38;2;0;45;35m▄[48;2;3;58;45m[38;2;0;52;40m▖[48;2;6;61;49m[38;2;4;57;44m▝[48;2;0;50;39m[38;2;5;59;47m▖[48;2;0;45;38m[38;2;0;47;39m▄[48;2;0;44;40m[38;2;0;45;42m▅[48;2;0;45;43m[38;2;3;46;44m▗[48;2;1;42;43m[38;2;3;45;44m▖[48;2;3;43;46m[38;2;0;39;41m▄[48;2;3;43;47m[38;2;0;37;41m▄[48;2;1;49;45m[38;2;1;40;42m▅[48;2;0;60;50m[38;2;0;46;42m▖[48;2;3;64;52m[38;2;11;71;63m▃[48;2;2;55;50m[38;2;0;0;0m [48;2;2;51;53m[38;2;4;52;54m▄[48;2;1;59;61m[38;2;0;0;0m [48;2;13;90;85m[38;2;2;69;66m▖[48;2;37;73;62m[38;2;0;0;0m [48;2;183;118;88m[38;2;59;49;38m▃[48;2;206;121;84m[38;2;145;68;44m▃[48;2;150;58;34m[38;2;179;81;52m▘[48;2;141;50;25m[38;2;128;42;21m▃[48;2;176;82;45m[38;2;153;61;30m▊[48;2;199;104;62m[38;2;223;129;85m▗[48;2;224;129;84m[38;2;243;150;103m▄[48;2;235;143;99m[38;2;244;155;109m▃[48;2;223;136;89m[38;2;244;158;113m▄[48;2;195;103;62m[38;2;225;133;90m▖[48;2;166;74;39m[38;2;178;83;49m▂[48;2;64;39;24m[38;2;157;90;67m▊[48;2;6;33;27m[38;2;27;26;16m▎[48;2;2;32;32m[38;2;3;36;29m▘[38;2;2;32;35m▅[48;2;3;32;35m[38;2;1;31;33m▄[48;2;0;33;27m[38;2;3;37;34m▄[48;2;4;51;35m[38;2;0;0;0m [48;2;85;148;103m[38;2;25;80;57m▅[48;2;146;189;131m[38;2;86;151;101m▖[48;2;58;67;55m[38;2;138;165;123m▃[48;2;12;15;20m[38;2;48;56;45m [38;2;12;15;20m [38;2;12;14;19m▝[48;2;13;16;19m[38;2;13;15;19m▎[48;2;12;15;19m[38;2;12;13;18m▗[48;2;12;16;21m[38;2;12;15;19m▌[48;2;13;19;27m[38;2;14;17;23m▃[48;2;13;19;31m[38;2;14;17;29m▁[48;2;11;20;36m[38;2;0;0;0m [48;2;10;21;38m[38;2;14;23;39m▘[48;2;6;19;35m[38;2;9;20;37m▌[48;2;6;21;37m[38;2;11;25;42m▗[48;2;6;22;43m[38;2;9;23;45m▄[48;2;3;21;44m[38;2;8;24;49m▅[48;2;4;23;43m[38;2;9;26;47m▂[48;2;4;26;44m[38;2;10;27;47m▃[48;2;5;30;50m[38;2;4;26;47m▊[48;2;4;28;48m[38;2;5;30;49m▄[48;2;4;27;48m[38;2;5;27;48m▄[48;2;5;26;47m[38;2;7;31;50m▃[48;2;9;26;48m[38;2;8;27;48m▄[38;2;5;23;44m▝[48;2;11;27;49m[38;2;6;24;46m▆[48;2;7;23;45m[38;2;6;25;46m▂[48;2;9;25;47m[38;2;9;25;48m▄[48;2;8;27;49m[38;2;0;0;0m [48;2;4;27;48m[38;2;6;29;49m▁[48;2;3;25;48m[38;2;6;28;50m▄[48;2;5;25;49m[38;2;4;25;46m▅[48;2;8;29;52m[38;2;6;25;47m▆[48;2;7;27;48m[38;2;12;27;50m▂[48;2;7;25;45m[38;2;13;30;52m▖[48;2;6;23;44m[38;2;11;27;48m▗[48;2;7;24;45m[38;2;12;28;49m▖[48;2;5;23;45m[38;2;10;26;48m▄[48;2;4;21;44m[38;2;9;27;48m▅[48;2;6;24;45m[38;2;10;29;50m▃[48;2;7;26;48m[38;2;5;25;45m▇[0m
[48;2;3;52;39m[38;2;4;24;16m▎[48;2;0;51;44m[38;2;1;53;45m▌[48;2;1;46;40m[38;2;0;49;42m▄[48;2;0;44;36m[38;2;0;47;41m▄[48;2;0;48;41m[38;2;0;0;0m [48;2;3;55;46m[38;2;0;49;41m▅[48;2;4;60;49m[38;2;2;57;49m▖[48;2;0;51;44m[38;2;1;59;50m▖[48;2;1;47;44m[38;2;0;49;45m▂[48;2;1;46;43m[38;2;0;0;0m [48;2;1;44;42m[38;2;1;45;42m▖[48;2;3;44;44m[38;2;2;47;44m▃[48;2;1;40;41m[38;2;4;46;44m▃[48;2;1;39;41m[38;2;1;37;40m▊[48;2;1;43;42m[38;2;1;52;48m▝[48;2;1;56;51m[38;2;9;71;63m▝[48;2;10;74;66m[38;2;1;59;54m▝[48;2;0;53;51m[38;2;1;64;55m▂[48;2;1;52;53m[38;2;2;57;55m▃[48;2;2;64;61m[38;2;0;55;53m▆[48;2;8;86;87m[38;2;5;66;69m▄[48;2;20;83;81m[38;2;0;0;0m [48;2;80;29;16m[38;2;39;54;47m▅[48;2;116;34;20m[38;2;76;27;21m▖[48;2;130;42;19m[38;2;0;0;0m [48;2;208;119;79m[38;2;172;84;51m▌[48;2;245;158;109m[38;2;220;132;86m▘[48;2;248;163;111m[38;2;252;173;124m▃[48;2;244;162;114m[38;2;250;177;134m▃[48;2;244;164;119m[38;2;250;177;131m▄[48;2;217;126;84m[38;2;235;147;103m▊[48;2;195;98;60m[38;2;211;117;76m▎[48;2;105;64;45m[38;2;180;98;68m▌[48;2;6;32;29m[38;2;34;28;18m▎[48;2;0;31;31m[38;2;2;35;32m▅[48;2;4;35;36m▇[48;2;2;33;29m[38;2;1;33;31m▂[48;2;1;35;31m[38;2;4;35;31m▘[48;2;2;41;38m[38;2;0;37;34m▌[48;2;0;41;37m[38;2;3;56;45m▝[48;2;14;79;59m[38;2;76;145;101m▝[48;2;137;187;140m[38;2;78;144;112m▖[48;2;59;70;60m[38;2;113;144;113m▄[48;2;12;15;20m[38;2;25;31;30m [38;2;12;15;20m [48;2;13;15;19m▎[48;2;13;14;19m[38;2;13;16;19m▃[48;2;12;13;18m[38;2;13;14;18m▆[48;2;15;17;22m[38;2;14;15;18m▎[48;2;15;20;32m[38;2;16;19;27m▊[48;2;12;24;41m[38;2;11;23;39m▄[48;2;9;24;40m[38;2;7;25;42m▄[48;2;7;24;40m[38;2;4;24;40m▅[48;2;9;23;40m[38;2;6;23;39m▌[48;2;11;25;50m[38;2;9;22;44m▌[48;2;7;23;48m[38;2;11;25;51m▘[48;2;10;26;47m[38;2;9;24;47m▊[48;2;13;28;49m[38;2;8;25;45m▆[48;2;6;25;47m[38;2;0;0;0m [48;2;5;27;48m[38;2;3;26;47m▚[48;2;4;25;47m[38;2;6;27;48m▌[48;2;5;29;49m[38;2;4;27;47m▅[48;2;6;25;47m[38;2;6;26;47m▄[48;2;8;25;48m[38;2;12;29;51m▝[48;2;6;27;48m[38;2;7;27;48m▄[48;2;3;25;46m[38;2;4;27;48m▄[48;2;7;25;47m[38;2;4;24;47m▄[48;2;7;25;48m[38;2;4;23;46m▄[48;2;6;27;48m[38;2;5;26;47m▄[48;2;5;26;48m[38;2;3;26;47m▃[48;2;7;26;47m[38;2;5;25;45m▂[48;2;10;24;47m[38;2;9;21;44m▗[48;2;13;25;50m[38;2;10;22;46m▄[48;2;2;21;44m[38;2;10;26;49m▌[48;2;1;19;41m[38;2;5;20;43m▝[48;2;6;21;44m[38;2;5;21;44m▄[48;2;9;24;47m[38;2;8;24;47m▄[48;2;8;26;48m[38;2;13;29;52m▘[48;2;4;27;48m[38;2;7;28;49m▖[48;2;4;26;47m[38;2;4;23;45m▝[0m
[48;2;3;58;44m[38;2;3;27;20m▎[48;2;1;53;43m[38;2;2;59;43m▖[48;2;2;54;46m[38;2;1;52;46m▝[48;2;1;49;44m[38;2;3;55;48m▄[48;2;1;48;44m[38;2;2;53;46m▂[48;2;0;46;41m[38;2;0;45;41m▄[48;2;0;49;44m[38;2;3;59;52m▝[48;2;4;59;52m[38;2;8;58;51m▃[48;2;0;51;43m[38;2;4;56;49m▌[48;2;0;49;44m[38;2;0;46;37m▄[48;2;0;47;44m[38;2;1;50;45m▇[48;2;3;49;46m[38;2;1;50;46m▅[48;2;0;47;44m[38;2;4;52;50m▂[48;2;1;43;42m[38;2;2;52;46m▄[48;2;1;39;39m[38;2;1;44;41m▖[48;2;0;43;43m[38;2;0;53;47m▝[48;2;10;79;68m[38;2;1;60;53m▌[48;2;4;73;61m[38;2;5;85;67m▅[48;2;0;60;55m[38;2;1;74;60m▖[48;2;0;54;51m[38;2;0;60;55m▄[48;2;2;56;51m[38;2;0;0;0m [48;2;2;64;61m[38;2;6;90;88m▝[48;2;17;96;89m[38;2;44;98;94m▝[48;2;50;42;32m[38;2;34;84;74m▃[48;2;176;100;78m[38;2;107;47;30m▌[48;2;235;152;114m[38;2;248;195;159m▆[48;2;249;176;128m[38;2;252;210;171m▅[48;2;248;187;142m[38;2;249;203;164m▄[48;2;251;191;152m[38;2;248;197;160m▆[48;2;249;192;151m[38;2;250;183;134m▝[48;2;233;151;105m[38;2;245;173;126m▎[48;2;205;111;68m[38;2;217;126;81m▌[48;2;115;75;51m[38;2;193;113;77m▌[48;2;10;44;36m[38;2;43;41;25m▎[48;2;1;35;34m[38;2;0;0;0m [48;2;1;35;35m[38;2;2;32;34m▄[48;2;1;32;35m[38;2;3;34;38m━[48;2;1;34;36m[38;2;4;35;37m▁[48;2;0;35;34m[38;2;1;41;37m▝[48;2;2;42;38m[38;2;7;48;42m▚[48;2;1;41;37m[38;2;0;0;0m [48;2;17;77;66m[38;2;76;151;113m▝[48;2;138;189;142m[38;2;100;170;128m▖[48;2;38;46;42m[38;2;143;174;135m▖[48;2;12;15;20m[38;2;12;15;20m [38;2;12;14;19m▄[48;2;13;15;19m[38;2;13;16;19m▄[48;2;15;16;19m[38;2;14;16;19m▊[48;2;17;18;20m[38;2;16;17;18m▚[48;2;16;19;28m[38;2;18;17;22m▊[48;2;14;20;34m[38;2;12;23;40m▝[48;2;7;24;43m[38;2;12;28;47m▁[48;2;5;27;43m[38;2;7;30;49m▗[48;2;5;26;42m[38;2;5;27;47m▄[48;2;9;28;50m[38;2;5;25;47m▃[48;2;7;26;50m[38;2;0;0;0m [48;2;7;28;48m[38;2;10;30;53m▆[48;2;7;26;47m[38;2;8;30;49m▘[48;2;6;27;46m[38;2;12;29;49m▂[48;2;5;29;49m[38;2;4;25;46m▊[48;2;5;28;48m[38;2;6;31;50m━[48;2;4;27;48m[38;2;4;25;46m▆[48;2;3;26;47m[38;2;6;30;51m▄[48;2;3;23;45m[38;2;3;26;48m▖[48;2;7;25;48m[38;2;2;24;43m▄[48;2;4;26;47m[38;2;8;28;51m▘[48;2;4;27;48m[38;2;6;30;51m▁[48;2;4;25;45m[38;2;9;27;48m▗[48;2;6;25;45m[38;2;13;29;50m▖[48;2;6;30;50m[38;2;4;25;46m▌[48;2;8;25;46m[38;2;7;28;48m▌[48;2;13;27;47m[38;2;11;23;45m▄[48;2;10;22;44m[38;2;14;25;47m▎[48;2;5;22;44m[38;2;5;20;39m▄[48;2;4;23;45m[38;2;3;21;39m▄[48;2;5;22;46m[38;2;4;23;46m▄[48;2;2;20;44m[38;2;7;25;50m▂[48;2;5;23;46m[38;2;1;22;43m▄[48;2;8;27;50m[38;2;4;25;45m▅[48;2;4;27;48m[38;2;0;0;0m [0m
