[?25l[0m[38;2;58;45;42;48;2;67;59;57m⠋[38;2;56;48;52;48;2;58;53;56m⢉[38;2;57;49;61;48;2;52;44;57m⠦[38;2;54;46;60;48;2;52;44;55m⢠[38;2;55;48;58;48;2;57;49;61m⣃[38;2;55;45;53;48;2;62;54;62m▅[38;2;52;38;49;48;2;70;55;63m▅[38;2;47;29;37;48;2;64;48;54m▃[38;2;45;27;34;48;2;64;47;53m▃[38;2;47;22;25;48;2;67;45;48m▃[38;2;46;25;25;48;2;68;52;51m▃[38;2;51;36;34;48;2;62;47;46m▃[38;2;61;57;48;48;2;51;39;40m⠙[38;2;51;43;47;48;2;59;53;50m⣤[38;2;54;43;53;48;2;57;52;53m⣠[38;2;58;43;55;48;2;61;56;58m⣤[38;2;51;45;59;48;2;63;58;63m⣤[38;2;52;54;69;48;2;65;59;65m⣤[38;2;73;68;71;48;2;60;60;73m⠙[38;2;63;61;74;48;2;75;70;74m⣤[38;2;62;59;73;48;2;74;68;73m⣠[38;2;59;54;65;48;2;71;67;71m⣤[38;2;62;55;65;48;2;68;61;68m⡔[38;2;68;62;64;48;2;72;66;72m▅[38;2;78;69;70;48;2;65;59;64m⣀[38;2;76;64;74;48;2;65;51;67m▃[38;2;80;67;84;48;2;65;54;69m⣠[38;2;82;67;92;48;2;69;57;74m▅[38;2;76;60;93;48;2;66;51;78m⡆[38;2;49;34;58;48;2;62;48;73m⢸[38;2;37;23;40;48;2;44;29;47m⣰[38;2;31;19;33;48;2;43;29;42m▅[38;2;36;21;31;48;2;42;29;37m⣤[38;2;38;25;38;48;2;48;32;43m⣤[38;2;42;18;30;48;2;56;36;41m⣤[38;2;38;21;21;48;2;54;37;36m⣤[38;2;33;18;18;48;2;46;28;28m⣤[38;2;32;20;19;48;2;40;28;26m⣤[38;2;43;31;29;48;2;39;26;25m⢉[38;2;40;27;25;48;2;46;30;30m⣰[38;2;46;28;28;48;2;37;24;22m⠁[38;2;33;22;20;48;2;42;29;27m⠃[38;2;49;38;33;48;2;44;32;27m⢰[38;2;49;37;30;48;2;53;40;37m▊[38;2;75;41;39;48;2;55;41;37m⢠[38;2;71;44;38;48;2;94;45;30m⠋[38;2;95;44;29;48;2;110;39;16m⠋[38;2;112;41;15;48;2;116;29;2m⠋[38;2;116;36;5;48;2;120;40;12m⡂[38;2;120;37;15;48;2;125;44;21m⠴[38;2;117;33;7;48;2;124;41;19m⣠[38;2;137;56;18;48;2;118;34;8m⢀[38;2;119;32;5;48;2;140;57;23m⠃[38;2;141;57;24;48;2;123;38;4m⠋[38;2;129;43;20;48;2;109;26;2m⣠[38;2;115;29;11;48;2;129;43;20m⠃[38;2;129;46;17;48;2;126;45;13m⢬[38;2;123;41;14;48;2;130;48;17m⢱[38;2;109;25;5;48;2;114;31;10m⠎[38;2;109;26;11;48;2;100;23;7m⠇[38;2;104;38;15;48;2;97;25;7m⢀[38;2;100;34;12;48;2;103;27;6m⡄[38;2;114;30;7;48;2;116;31;7m▍[38;2;120;38;7;48;2;116;33;4m⢰[38;2;120;38;8;48;2;123;41;10m⠉[38;2;122;40;10;48;2;126;44;13m⢴[38;2;122;36;7;48;2;125;36;8m⡆[38;2;122;31;4;48;2;125;37;8m⠹[38;2;125;39;10;48;2;118;32;3m⢀[38;2;119;33;5;48;2;122;37;8m⢠[38;2;128;43;13;48;2;120;37;6m▁[38;2;136;53;22;48;2;135;48;14m▃[38;2;135;48;14;48;2;140;52;20m⠙[38;2;116;36;5;48;2;124;45;14m▊[38;2;120;46;14;48;2;117;40;8m▍[38;2;124;53;20;48;2;115;44;10m⠰[38;2;114;51;15;48;2;125;53;20m⠙[38;2;117;54;24;48;2;119;62;33m▊[38;2;114;49;22;48;2;120;61;32m⢰[38;2;103;31;6;48;2;106;39;12m⠸[38;2;111;31;6;48;2;122;37;12m▊[38;2;121;26;7;48;2;124;33;12m⠸[38;2;132;34;12;48;2;140;41;14m⡄[38;2;125;24;6;48;2;136;33;11m⠹[38;2;134;34;16;48;2;121;20;2m⠸[38;2;139;48;19;48;2;150;54;22m⡄[38;2;152;57;26;48;2;146;49;21m⡌[38;2;141;43;14;48;2;149;50;21m⠃[38;2;159;56;26;48;2;145;43;12m⣆[38;2;150;47;17;48;2;166;58;29m▍[38;2;154;44;16;48;2;166;57;28m⠙[38;2;143;36;7;48;2;159;47;20m⠸[38;2;132;27;2;48;2;141;37;7m⢸[38;2;134;36;14;48;2;147;40;17m⠸[38;2;127;31;8;48;2;130;43;16m⡄[38;2;129;46;11;48;2;123;38;10m⠹[38;2;155;66;31;48;2;137;50;16m⠸[38;2;143;51;18;48;2;151;63;28m▝[38;2;149;63;30;48;2;144;53;26m⡄[38;2;123;30;8;48;2;139;46;20m⢱[38;2;131;44;17;48;2;141;55;26m⠠[38;2;130;46;17;48;2;148;62;34m▝[38;2;135;53;20;48;2;123;45;12m⡈[38;2;128;50;16;48;2;134;51;14m⡄[38;2;144;50;23;48;2;155;60;32m⣄[38;2;128;43;16;48;2;153;54;29m⠸[38;2;116;33;3;48;2;123;46;17m⡄[38;2;97;13;8;48;2;111;29;17m⠹[38;2;111;26;18;48;2;130;49;36m⡌[38;2;120;40;25;48;2;112;44;21m▏[38;2;72;39;39;48;2;103;49;32m▝[38;2;73;40;41;48;2;57;33;40m▃[38;2;60;39;47;48;2;54;31;44m▃[38;2;55;31;45;48;2;57;38;49m⠋[38;2;52;37;47;48;2;48;36;44m⡄[38;2;50;30;38;48;2;49;33;43m⠸[38;2;52;33;42;48;2;50;29;37m⣤[38;2;55;33;44;48;2;52;29;39m⣠[38;2;52;28;42;48;2;55;33;45m⠋[38;2;49;32;43;48;2;54;32;45m⢸[38;2;45;36;43;48;2;44;33;42m⣨[38;2;44;36;42;48;2;47;36;43m▏[38;2;56;42;51;48;2;50;37;44m▝[0m
[38;2;75;65;63;48;2;71;62;60m▃[38;2;58;49;48;48;2;67;55;55m⠺[38;2;62;51;57;48;2;50;42;48m⣀[38;2;58;47;55;48;2;50;41;53m⣀[38;2;49;44;56;48;2;54;49;58m⠦[38;2;52;43;49;48;2;53;47;55m⢸[38;2;51;40;43;48;2;55;44;47m⠙[38;2;55;43;45;48;2;45;31;41m⣄[38;2;48;34;45;48;2;41;25;34m▃[38;2;46;28;37;48;2;41;18;25m▃[38;2;38;21;28;48;2;31;15;20m⣀[38;2;24;12;17;48;2;36;20;22m▅[38;2;24;11;20;48;2;41;27;37m▅[38;2;27;14;23;48;2;45;30;42m⣤[38;2;32;20;28;48;2;49;39;51m⣤[38;2;36;22;36;48;2;47;32;53m▃[38;2;39;28;46;48;2;45;42;61m⣄[38;2;47;40;56;48;2;49;46;71m▃[38;2;47;39;60;48;2;55;53;75m⣤[38;2;47;40;60;48;2;55;51;75m▃[38;2;48;41;56;48;2;54;47;69m▃[38;2;47;43;50;48;2;49;47;60m⣠[38;2;59;49;57;48;2;52;44;54m⠸[38;2;57;47;48;48;2;68;58;57m⣤[38;2;62;51;54;48;2;73;64;63m⣄[38;2;70;57;61;48;2;81;70;72m⣄[38;2;74;62;67;48;2;88;74;84m⣀[38;2;80;68;76;48;2;86;72;89m▃[38;2;72;58;83;48;2;84;72;78m⠈[38;2;59;47;62;48;2;73;62;71m⠙[38;2;62;51;57;48;2;39;25;43m⣤[38;2;50;39;42;48;2;27;16;28m⣀[38;2;40;27;31;48;2;25;13;22m⡀[38;2;25;5;12;48;2;30;12;24m⣠[38;2;24;3;10;48;2;39;14;23m▅[38;2;27;12;13;48;2;17;1;5m⠉[38;2;24;8;9;48;2;17;1;2m⢉[38;2;32;21;19;48;2;27;15;14m⣠[38;2;38;25;23;48;2;34;23;21m⣈[38;2;38;26;24;48;2;32;21;19m⠋[38;2;30;19;17;48;2;37;24;22m▅[38;2;39;26;25;48;2;31;20;18m⠹[38;2;34;17;14;48;2;43;29;29m⣤[38;2;33;12;4;48;2;47;30;23m⣄[38;2;88;34;25;48;2;72;30;25m⢰[38;2;105;45;27;48;2;117;37;20m⠃[38;2;119;31;5;48;2;118;32;13m⣰[38;2;120;33;5;48;2;122;36;7m⠚[38;2;111;23;1;48;2;124;38;14m⠁[38;2;120;36;15;48;2;123;39;17m⡐[38;2;121;39;13;48;2;130;49;18m▊[38;2;149;70;39;48;2;136;53;22m⢸[38;2;110;36;10;48;2;136;54;22m⢀[38;2;102;18;2;48;2;130;45;11m⣤[38;2;114;26;7;48;2;128;40;18m⡆[38;2;135;47;24;48;2;126;40;16m▊[38;2;118;36;12;48;2;134;53;29m▍[38;2;124;48;21;48;2;120;40;10m⠃[38;2;125;45;16;48;2;114;33;8m⣠[38;2;105;29;3;48;2;120;42;12m⠉[38;2;114;37;5;48;2;116;42;13m⢤[38;2;121;40;9;48;2;109;32;6m⣤[38;2;120;41;10;48;2;123;45;13m⡉[38;2;134;49;19;48;2;123;40;9m▃[38;2;127;39;6;48;2;130;42;11m⠰[38;2;131;40;8;48;2;134;46;13m⢰[38;2;131;40;9;48;2;133;41;9m⠹[38;2;136;45;16;48;2;126;40;10m⣀[38;2;122;36;7;48;2;130;45;16m⠃[38;2;122;37;8;48;2;120;34;5m⠉[38;2;123;41;11;48;2;139;56;27m▊[38;2;151;69;39;48;2;144;63;31m▃[38;2;141;65;36;48;2;119;44;13m▊[38;2;114;40;10;48;2;111;34;4m⢘[38;2;113;38;13;48;2;117;47;21m▊[38;2;111;44;14;48;2;118;49;25m⠙[38;2;114;46;18;48;2;117;49;25m⠓[38;2;118;58;29;48;2;115;51;21m⠉[38;2;123;56;28;48;2;115;55;23m⣁[38;2;110;47;19;48;2;109;38;13m▍[38;2;102;26;3;48;2;107;29;5m⢠[38;2;121;37;12;48;2;138;43;19m▍[38;2;145;44;17;48;2;130;33;8m⢸[38;2;152;49;20;48;2;139;36;13m⡄[38;2;140;37;15;48;2;125;24;5m⡄[38;2;125;37;3;48;2;140;56;22m▍[38;2;151;52;24;48;2;156;65;32m⡘[38;2;155;57;27;48;2;151;52;23m⣀[38;2;153;52;21;48;2;162;59;29m⡆[38;2;151;46;16;48;2;170;56;30m▊[38;2;159;50;22;48;2;175;60;36m⠹[38;2;160;47;18;48;2;161;51;23m⢌[38;2;136;36;5;48;2;148;45;18m▝[38;2;156;52;28;48;2;135;32;5m⢸[38;2;147;48;18;48;2;136;38;7m⡄[38;2;139;48;21;48;2;130;37;10m⡆[38;2;133;43;12;48;2;136;42;14m▝[38;2;149;67;26;48;2;143;55;17m⠸[38;2;143;63;21;48;2;154;72;39m⡌[38;2;138;48;18;48;2;148;60;27m⠹[38;2;124;30;11;48;2;136;45;19m⢇[38;2;135;46;19;48;2;143;54;26m⠃[38;2;131;52;21;48;2;141;61;30m⠈[38;2;131;52;20;48;2;123;45;13m⡘[38;2;142;44;18;48;2;138;55;24m⠸[38;2;149;60;32;48;2;140;43;17m⠈[38;2;144;61;30;48;2;122;42;13m⡆[38;2;113;33;12;48;2;124;46;19m⡘[38;2;124;45;25;48;2;108;27;11m⡀[38;2;114;37;16;48;2;134;55;36m⡌[38;2;115;51;31;48;2;115;41;17m⡈[38;2;91;48;42;48;2;110;46;27m⠙[38;2;71;46;49;48;2;92;51;50m⠙[38;2;77;48;48;48;2;61;43;43m⡄[38;2;54;40;45;48;2;62;41;40m⠙[38;2;57;37;40;48;2;51;36;41m▅[38;2;51;29;38;48;2;53;33;40m⣀[38;2;51;34;38;48;2;55;38;43m⣄[38;2;53;37;42;48;2;58;38;48m▅[38;2;52;38;43;48;2;54;41;46m⣨[38;2;47;31;32;48;2;45;32;40m⢠[38;2;50;33;36;48;2;49;32;41m⣤[38;2;46;29;30;48;2;49;32;40m⣤[0m
[38;2;75;65;65;48;2;74;64;63m⡌[38;2;72;61;61;48;2;74;65;63m⠈[38;2;69;57;59;48;2;76;67;65m⠙[38;2;73;63;63;48;2;61;51;54m⣤[38;2;69;57;57;48;2;60;49;52m▃[38;2;67;55;55;48;2;61;47;47m▃[38;2;62;51;50;48;2;60;47;46m⣤[38;2;59;50;46;48;2;57;45;46m⡀[38;2;52;40;48;48;2;53;42;47m▝[38;2;47;33;43;48;2;51;38;47m⠉[38;2;41;26;37;48;2;47;32;43m⠸[38;2;29;16;25;48;2;39;25;37m⠙[38;2;26;15;25;48;2;18;6;15m⣆[38;2;16;10;18;48;2;12;2;10m⡀[38;2;18;4;8;48;2;8;0;3m⠉[38;2;23;9;15m⠉[38;2;24;17;24;48;2;14;1;6m⠉[38;2;10;3;10;48;2;29;23;31m▅[38;2;14;8;15;48;2;38;30;40m▅[38;2;28;23;30;48;2;38;31;41m▅[38;2;40;36;42;48;2;36;29;38m⠙[38;2;43;32;41;48;2;44;41;47m▅[38;2;43;27;37;48;2;47;36;45m⣤[38;2;46;24;27;48;2;51;40;44m▅[38;2;43;25;26;48;2;51;40;45m⣤[38;2;61;44;50;48;2;46;29;30m⠙[38;2;51;36;41;48;2;67;51;56m▅[38;2;56;45;49;48;2;74;64;68m▅[38;2;63;51;55;48;2;82;72;70m▅[38;2;66;54;59;48;2;80;68;66m⣄[38;2;67;55;59;48;2;78;66;67m⣀[38;2;59;46;50;48;2;72;56;62m⠈[38;2;49;32;39;48;2;61;45;50m⠙[38;2;31;15;20;48;2;46;30;36m⠹[38;2;31;18;23;48;2;20;0;6m⣤[38;2;37;23;25;48;2;21;5;8m▃[38;2;38;25;23;48;2;23;12;10m⣤[38;2;33;22;20;48;2;38;26;24m⠋[38;2;45;30;29;48;2;34;22;20m▃[38;2;43;30;28;48;2;32;21;19m▃[38;2;41;28;26;48;2;33;22;20m⣀[38;2;33;18;15;48;2;37;23;19m⠉[38;2;45;25;18;48;2;31;12;8m▅[38;2;72;17;5;48;2;50;19;9m⢀[38;2;84;28;13;48;2;119;52;33m⠇[38;2;117;34;13;48;2;120;43;16m⣰[38;2;119;30;4;48;2;113;26;5m⠹[38;2;124;38;11;48;2;116;29;3m⠉[38;2;113;30;7;48;2;117;34;10m⡘[38;2;116;32;8;48;2;111;28;5m⠃[38;2;131;48;24;48;2;113;37;10m▝[38;2;136;63;38;48;2;123;56;31m▊[38;2;98;33;12;48;2;108;41;16m⢸[38;2;106;30;19;48;2;89;14;3m⢀[38;2;115;36;19;48;2;134;48;31m⠁[38;2;111;28;4;48;2;131;44;21m⢸[38;2;113;32;8;48;2;129;54;22m▏[38;2;123;45;14;48;2;128;49;18m▔[38;2;125;42;12;48;2;130;47;18m⡄[38;2;122;31;4;48;2;123;42;12m⢰[38;2;128;40;12;48;2;120;29;2m⣠[38;2;116;30;1;48;2;128;42;13m⢠[38;2;134;48;19;48;2;123;38;8m⢠[38;2;139;55;21;48;2;131;47;15m⣤[38;2;134;45;14;48;2;142;55;21m⠉[38;2;135;42;11;48;2;130;37;5m▍[38;2;148;54;23;48;2;137;45;13m⣄[38;2;140;55;26;48;2;133;47;18m⣠[38;2;126;43;13;48;2;135;51;21m⢸[38;2;131;49;18;48;2;122;40;9m⢠[38;2;130;46;12;48;2;142;58;24m▊[38;2;145;63;32;48;2;159;76;47m⣄[38;2;121;45;13;48;2;145;67;38m⢸[38;2;117;40;9;48;2;124;44;13m⠃[38;2;126;50;19;48;2;131;50;19m⡉[38;2;129;49;15;48;2;118;48;18m⣤[38;2;131;47;15;48;2;125;52;24m▅[38;2;132;49;19;48;2;134;56;24m⣈[38;2;145;66;39;48;2;132;56;23m⢀[38;2;128;47;24;48;2;124;44;23m▏[38;2;122;41;16;48;2;113;30;8m⡂[38;2;138;41;16;48;2;114;22;2m⢸[38;2;149;49;29;48;2;131;31;7m⡄[38;2;141;38;10;48;2;151;50;16m⡌[38;2;136;32;10;48;2;147;42;9m⠈[38;2;122;29;1;48;2;134;38;4m⠃[38;2;155;64;32;48;2;139;50;17m▝[38;2;141;53;20;48;2;153;62;30m⡀[38;2;152;49;21;48;2;155;61;28m⢰[38;2;152;41;14;48;2;163;55;27m⠸[38;2;157;47;19;48;2;175;63;34m⡆[38;2;157;46;15;48;2;166;51;25m⠸[38;2;147;43;17;48;2;156;49;22m⠸[38;2;132;29;2;48;2;145;42;14m⠇[38;2;141;44;12;48;2;157;55;25m⢸[38;2;128;33;9;48;2;134;42;14m⠸[38;2;131;32;9;48;2;138;47;15m▍[38;2;139;51;16;48;2;145;56;23m⠹[38;2;148;68;32;48;2;137;54;20m⢸[38;2;152;63;31;48;2;161;76;44m▝[38;2;153;60;33;48;2;135;43;16m⡄[38;2;132;40;12;48;2;138;49;21m⣆[38;2;141;57;27;48;2;131;47;17m⢸[38;2;132;47;17;48;2;141;59;28m⢸[38;2;145;58;30;48;2;129;49;17m▝[38;2;137;42;16;48;2;139;52;24m⠱[38;2;139;50;21;48;2;144;54;26m⡀[38;2;123;41;12;48;2;134;50;20m⠹[38;2;132;52;32;48;2;121;44;20m⠣[38;2;111;30;11;48;2;124;44;23m⠹[38;2;107;26;7;48;2;127;48;27m⣄[38;2;129;51;28;48;2;110;39;11m⡄[38;2;94;53;38;48;2;106;49;25m⠸[38;2;71;41;39;48;2;85;52;44m⢸[38;2;51;21;22;48;2;58;32;30m⢠[38;2;44;18;20;48;2;51;29;33m⣄[38;2;45;22;24;48;2;49;28;36m▃[38;2;41;21;22;48;2;47;29;30m▃[38;2;41;25;25;48;2;48;30;31m⣠[38;2;37;22;24;48;2;47;29;30m⣀[38;2;40;25;26;48;2;46;28;29m⣠[38;2;41;25;27;48;2;46;29;30m⣆[38;2;42;28;30;48;2;45;29;30m⡀[0m
[38;2;72;61;60;48;2;74;63;62m⠒[38;2;75;65;63;48;2;73;62;61m⠉[38;2;72;62;60;48;2;74;64;63m⣢[38;2;71;61;60;48;2;73;64;63m▅[38;2;66;58;62;48;2;72;61;61m⣠[38;2;64;56;62;48;2;75;63;65m⣄[38;2;67;57;53;48;2;71;61;65m⠙[38;2;62;52;51;48;2;68;57;63m⠉[38;2;66;56;58;48;2;53;42;48m▅[38;2;64;55;53;48;2;54;41;50m⣤[38;2;64;54;53;48;2;50;38;42m▃[38;2;57;46;46;48;2;42;27;38m⣤[38;2;50;38;38;48;2;29;18;23m▃[38;2;44;30;30;48;2;15;10;12m⣄[38;2;41;29;28;48;2;5;0;5m▃[38;2;41;30;29;48;2;6;0;6m▃[38;2;36;25;24;48;2;5;0;4m▃[38;2;29;19;18;48;2;6;0;5m⣀[38;2;21;12;11;48;2;8;1;9m⣀[38;2;23;17;21;48;2;16;10;13m⢸[38;2;26;21;24;48;2;30;25;33m▅[38;2;38;29;38;48;2;34;24;27m⠙[38;2;44;26;37;48;2;41;17;20m⠁[38;2;36;12;15m⣠[38;2;40;17;19;48;2;37;13;16m⠉[38;2;40;19;20;48;2;37;14;16m⠉[38;2;46;23;30;48;2;37;16;18m⠙[38;2;38;18;22;48;2;45;29;36m▃[38;2;40;24;34;48;2;47;34;43m⣄[38;2;45;33;43;48;2;50;39;47m⣤[38;2;56;44;52;48;2;49;38;46m▔[38;2;60;48;55;48;2;49;34;46m⠉[38;2;55;40;45;48;2;50;31;40m⠉[38;2;41;24;31;48;2;47;29;36m⣠[38;2;34;21;21;48;2;38;25;29m⢀[38;2;36;20;21;48;2;41;28;28m⣀[38;2;37;16;18;48;2;41;28;26m▃[38;2;36;15;17;48;2;41;28;27m⣀[38;2;43;22;23;48;2;45;27;27m⣀[38;2;44;21;21;48;2;47;29;29m⣀[38;2;43;20;20;48;2;48;27;27m⣀[38;2;49;30;28;48;2;47;22;17m▊[38;2;74;30;16;48;2;49;19;8m⢠[38;2;70;26;10;48;2;100;32;18m⠃[38;2;130;51;25;48;2;115;40;18m⢸[38;2;122;43;17;48;2;113;31;9m⡆[38;2;112;28;5;48;2;113;30;6m⡌[38;2;121;31;8;48;2;115;26;5m⠦[38;2;115;30;9;48;2;114;27;1m⢤[38;2;106;27;14;48;2;112;33;12m⢀[38;2;94;16;4;48;2;105;34;13m⡖[38;2;111;45;20;48;2;117;51;28m⣰[38;2;111;42;18;48;2;98;30;7m⡀[38;2;123;49;26;48;2;103;31;10m⣰[38;2;120;40;20;48;2;133;55;34m▁[38;2;125;41;19;48;2;114;29;9m▍[38;2;126;44;17;48;2;134;51;24m▍[38;2;134;51;22;48;2;128;43;14m▍[38;2;133;41;14;48;2;138;45;18m⢡[38;2;139;42;16;48;2;135;42;16m⠸[38;2;128;36;8;48;2;131;41;13m⠚[38;2;123;31;4;48;2;125;36;7m⠌[38;2;144;55;26;48;2;129;39;11m⢸[38;2;152;65;32;48;2;144;60;28m⠶[38;2;141;49;17;48;2;143;56;22m⡉[38;2;138;47;15;48;2;145;57;23m⢉[38;2;141;53;19;48;2;148;58;29m⡂[38;2;146;62;30;48;2;137;52;22m▅[38;2;127;49;18;48;2;139;59;27m⢸[38;2;126;46;13;48;2;119;42;10m⡉[38;2;127;52;13;48;2;133;55;18m▍[38;2;138;58;26;48;2;135;55;20m⠸[38;2;136;57;26;48;2;122;45;12m⠇[38;2;128;54;21;48;2;125;47;16m⢲[38;2;127;48;16;48;2;129;53;20m⠉[38;2;129;50;14;48;2;133;51;17m⣀[38;2;133;43;11;48;2;142;48;16m⠬[38;2;157;65;34;48;2;134;50;15m⣠[38;2;144;64;38;48;2;140;54;25m⠈[38;2;133;50;27;48;2;139;53;24m▔[38;2;137;47;20;48;2;121;27;6m▍[38;2;132;35;11;48;2;124;25;4m▕[38;2;143;44;18;48;2;157;58;37m⡌[38;2;153;51;18;48;2;144;41;12m⡐[38;2;164;61;28;48;2;157;52;18m⣄[38;2;154;53;18;48;2;134;43;11m⣆[38;2;136;51;19;48;2;133;48;15m⢋[38;2;140;52;20;48;2;146;59;26m⠃[38;2;152;54;28;48;2;155;63;31m▕[38;2;144;44;22;48;2;157;52;27m⣂[38;2;172;63;33;48;2;146;40;13m⠸[38;2;176;66;38;48;2;168;58;31m⡆[38;2;160;50;22;48;2;162;53;24m⠸[38;2;149;41;13m⠙[38;2;150;43;15;48;2;152;52;21m▍[38;2;138;45;19;48;2;148;52;25m▕[38;2;122;28;4;48;2;133;40;14m⠃[38;2;147;55;23;48;2;140;48;20m⠹[38;2;140;49;17;48;2;143;51;20m⡙[38;2;159;69;42;48;2;142;54;26m▝[38;2;154;61;34;48;2;149;57;29m⠇[38;2;145;53;25;48;2;131;39;12m⡆[38;2;134;46;18;48;2;140;52;24m▍[38;2;147;61;32;48;2;140;54;24m⢃[38;2;129;43;14;48;2;138;52;23m▝[38;2;142;55;27;48;2;128;43;13m▝[38;2;140;51;20;48;2;140;45;15m⡌[38;2;139;50;21;48;2;133;49;20m▅[38;2;132;50;23;48;2;119;39;13m⡄[38;2;119;42;17;48;2;123;45;21m⡆[38;2;125;46;24;48;2;103;21;9m⡆[38;2;103;21;7;48;2;123;46;20m⡀[38;2;104;45;21;48;2;111;39;12m▝[38;2;86;37;24;48;2;109;52;36m⠸[38;2;72;30;25;48;2;56;20;18m▍[38;2;23;0;1;48;2;36;6;6m⢰[38;2;19;0;1;48;2;34;14;15m▅[48;2;34;14;16m⣤[38;2;14;2;3;48;2;27;15;15m▃[38;2;18;6;9;48;2;31;19;23m▃[38;2;20;8;12;48;2;32;20;24m⣄[38;2;25;13;17;48;2;37;23;27m▃[38;2;36;22;26;48;2;41;28;32m⡄[0m
[38;2;78;70;68;48;2;73;64;62m⣤[38;2;75;66;64;48;2;72;66;63m⣀[38;2;66;57;53;48;2;71;62;59m⢀[38;2;57;49;55;48;2;63;57;58m⣰[38;2;46;38;51;48;2;53;46;57m⣠[38;2;42;36;47;48;2;52;46;54m▅[38;2;59;53;60;48;2;43;36;52m⠉[38;2;66;55;64;48;2;43;40;56m⠉[38;2;44;41;57;48;2;65;54;63m▅[38;2;48;43;54;48;2;64;57;60m⣤[38;2;51;45;53;48;2;63;56;56m⣄[38;2;55;48;56;48;2;63;57;59m⣀[38;2;62;50;50;48;2;67;56;56m⠉[38;2;61;49;49;48;2;69;57;56m⠉[38;2;61;46;47;48;2;72;61;60m⠉[38;2;75;66;65;48;2;61;47;47m▅[38;2;74;64;64;48;2;60;46;47m⣤[38;2;77;65;65;48;2;55;45;44m⣤[38;2;72;60;60;48;2;50;40;39m⣤[38;2;69;58;58;48;2;43;32;31m▅[38;2;70;61;60;48;2;47;37;36m⣤[38;2;69;54;54;48;2;51;34;36m⣤[38;2;66;47;49;48;2;44;25;27m⣤[38;2;53;36;37;48;2;39;17;19m⣄[38;2;47;26;27;48;2;37;14;17m⣀[38;2;41;20;21;48;2;37;13;16m⡀[38;2;39;15;17;48;2;33;13;15m▃[38;2;36;14;24;48;2;32;10;14m⠈[38;2;36;13;16;48;2;37;15;26m⣤[38;2;40;23;32;48;2;38;16;19m⠙[38;2;43;21;25;48;2;41;24;37m▃[38;2;45;23;30;48;2;42;26;43m⣀[38;2;40;21;29;48;2;39;23;39m⣀[38;2;33;18;22;48;2;38;23;30m⢰[38;2;32;20;23;48;2;31;15;20m⠃[38;2;26;8;14;48;2;28;11;17m⠰[38;2;26;6;11;48;2;28;8;14m▕[38;2;30;10;13;48;2;24;3;9m▔[38;2;30;9;16;48;2;25;4;13m⢘[38;2;33;10;17;48;2;31;6;14m⠍[38;2;30;3;9;48;2;40;17;20m⡆[38;2;71;22;13;48;2;49;18;18m⢀[38;2;117;44;29;48;2;78;28;24m⣰[38;2;113;43;30;48;2;123;42;17m⠁[38;2;120;32;13;48;2;126;42;21m⢠[38;2;115;26;8;48;2;112;21;3m⠡[38;2;110;21;4;48;2;115;26;8m▚[38;2;115;26;8;48;2;111;23;6m⡃[38;2;103;25;7;48;2;111;30;11m⠰[38;2;100;30;14;48;2;92;24;6m▊[38;2;95;28;11;48;2;86;21;1m▝[38;2;106;43;17;48;2;90;27;7m⢸[38;2;115;44;20;48;2;110;41;17m⢢[38;2;120;47;24;48;2;131;55;33m⠁[38;2;130;49;29;48;2;120;38;19m⡄[38;2;117;32;14;48;2;115;31;8m▍[38;2;135;53;23;48;2;127;46;15m⠈[38;2;135;51;23;48;2;130;49;19m⢃[38;2;129;47;17;48;2;140;53;25m⠇[38;2;129;43;14;48;2;135;47;18m⠸[38;2;125;47;15;48;2;132;48;18m⣈[38;2;129;45;15;48;2;127;53;20m⠉[38;2;122;48;15;48;2;135;60;27m▊[38;2;141;63;28;48;2;135;56;23m▊[38;2;133;55;19;48;2;140;58;24m⠃[38;2;137;57;25;48;2;136;55;19m⣁[38;2;144;63;28;48;2;138;56;21m⡆[38;2;132;51;17;48;2;139;58;22m⢰[38;2;133;49;20;48;2;135;55;25m▏[38;2;129;63;36;48;2;124;53;23m▃[38;2;135;62;39;48;2;126;55;30m▁[38;2;122;46;13;48;2;131;53;21m⢢[38;2;126;49;16;48;2;132;56;24m⡁[38;2;131;54;21;48;2;126;51;18m⠈[38;2;135;56;24;48;2;128;51;19m⢤[38;2;132;51;19;48;2;126;47;12m⣤[38;2;151;66;33;48;2;142;56;19m⢠[38;2;153;65;27;48;2;143;56;21m⡘[38;2;147;58;24;48;2;150;63;25m⠸[38;2;136;49;20;48;2;143;55;23m⠸[38;2;134;41;15;48;2;142;53;24m⠈[38;2;137;43;17;48;2;127;31;6m⢤[38;2;158;58;29;48;2;139;42;15m⢸[38;2;154;45;14;48;2;165;61;31m⢸[38;2;158;50;17;48;2;174;72;40m▍[38;2;157;63;33;48;2;140;54;21m▊[38;2;140;60;25;48;2;137;55;22m⢘[38;2;142;61;25;48;2;149;60;27m▊[38;2;128;33;6;48;2;150;58;26m⢀[38;2;131;33;8;48;2;139;42;11m⡀[38;2;157;49;23;48;2;139;37;8m▕[38;2;164;56;30;48;2;175;67;42m▏[38;2;176;67;42;48;2;168;57;30m⠆[38;2;161;50;20;48;2;164;55;24m⣰[38;2;152;53;24;48;2;150;46;14m▕[38;2;153;56;27;48;2;148;52;25m⠇[38;2;138;42;16;48;2;135;39;13m▏[38;2;128;33;7;48;2;146;55;27m⡆[38;2;145;50;17;48;2;157;58;30m⠙[38;2;146;56;25;48;2;150;58;26m⠁[38;2;148;56;29;48;2;137;46;15m⡘[38;2;144;52;25;48;2;140;49;22m⠳[38;2;127;39;11;48;2;148;60;31m▊[38;2;142;56;27;48;2;136;50;21m⡘[38;2;139;54;24;48;2;135;49;20m▍[38;2;141;55;26;48;2;134;48;18m⣠[38;2;153;58;27;48;2;139;52;20m⢰[38;2;155;58;28;48;2;138;46;15m⡄[38;2;137;51;23;48;2;123;37;9m▊[38;2;115;28;1;48;2;122;44;14m⣆[38;2;122;40;15;48;2;131;51;25m⡈[38;2;133;49;26;48;2;108;25;4m⡄[38;2;110;28;7;48;2;113;42;16m⡀[38;2;107;38;15;48;2;111;51;29m⡆[38;2;72;29;16;48;2;98;49;31m⠸[38;2;56;21;10;48;2;38;10;11m⡆[38;2;30;6;11;48;2;22;2;4m⠆[38;2;25;5;7;48;2;16;0;0m⠶[38;2;19;11;8;48;2;13;0;0m⣄[38;2;15;3;3;48;2;13;1;3m⡀[38;2;14;0;0;48;2;14;0;4m⣤[38;2;13;1;3;48;2;20;8;10m▊[38;2;31;19;22;48;2;27;15;16m⢸[0m
[38;2;60;40;41;48;2;72;63;60m⣤[38;2;53;23;27;48;2;65;48;48m▃[38;2;37;11;14;48;2;57;41;40m▃[38;2;23;11;15;48;2;47;36;38m⣤[38;2;18;10;18;48;2;40;26;40m⣤[38;2;28;21;33;48;2;37;30;43m⣄[38;2;30;30;46;48;2;37;37;52m⣀[38;2;36;37;56;48;2;28;37;54m⠍[38;2;29;39;56;48;2;37;40;59m▃[38;2;38;38;53;48;2;34;39;57m▝[38;2;38;37;58;48;2;42;40;53m▅[38;2;40;32;56;48;2;47;42;57m▅[38;2;39;39;53;48;2;48;47;57m▅[38;2;43;38;54;48;2;56;51;62m▅[38;2;46;33;50;48;2;66;56;58m⣤[38;2;51;38;51;48;2;70;60;60m▅[38;2;54;40;51;48;2;72;61;60m⣤[38;2;56;40;44;48;2;72;61;61m⣤[38;2;60;43;49m▃[38;2;63;47;52;48;2;76;65;65m▃[38;2;66;49;55;48;2;79;68;68m▃[38;2;70;53;58;48;2;77;68;67m▃[38;2;73;57;62;48;2;79;66;67m⣈[38;2;65;49;50;48;2;72;57;57m⢉[38;2;55;36;37;48;2;63;47;47m▝[38;2;57;32;36;48;2;45;22;23m⡆[38;2;29;8;10;48;2;37;14;16m⢠[38;2;28;6;9;48;2;32;11;14m⣤[38;2;27;6;9;48;2;36;12;15m▃[38;2;31;11;12;48;2;38;16;18m⣤[38;2;33;13;15;48;2;40;18;20m▃[38;2;37;16;19;48;2;43;21;28m⣤[38;2;30;10;12;48;2;37;14;21m▃[38;2;31;12;15;48;2;36;14;21m▃[38;2;47;29;29;48;2;32;16;17m⣀[38;2;52;36;37;48;2;30;15;16m⣤[38;2;53;37;38;48;2;32;16;17m⣤[38;2;62;46;46;48;2;34;17;18m▃[38;2;59;43;45;48;2;34;18;18m⣤[38;2;59;37;37;48;2;34;11;13m⣤[38;2;67;28;21;48;2;45;13;12m⣠[38;2;78;32;22;48;2;98;40;23m⠋[38;2;109;38;17;48;2;129;47;17m⠇[38;2;130;44;14;48;2;135;48;25m⠥[38;2;123;27;5;48;2;134;40;11m⠺[38;2;123;29;8;48;2;133;34;11m⠋[38;2;121;29;8;48;2;107;17;0m▍[38;2;105;15;4;48;2;109;21;6m⡔[38;2;104;27;9;48;2;102;18;5m⠉[38;2;100;28;8;48;2;104;38;17m⡀[38;2;95;29;11;48;2;85;20;2m▍[38;2;100;32;10;48;2;106;39;14m⣄[38;2;121;46;22;48;2;110;37;13m⢈[38;2;131;47;26;48;2;123;40;19m⣻[38;2;126;45;23;48;2;117;38;16m▊[38;2;109;29;8;48;2;114;40;14m▊[38;2;118;43;19;48;2;124;47;16m⣄[38;2;132;50;20;48;2;118;44;17m⠉[38;2;127;52;22;48;2;140;59;29m⣆[38;2;133;53;25;48;2;123;51;23m⠃[38;2;119;61;30;48;2;114;50;19m▁[38;2;124;62;32;48;2;127;59;24m▃[38;2;127;60;33;48;2;126;55;21m⡄[38;2;124;48;20;48;2;136;52;23m⡄[38;2;137;53;24;48;2;133;51;21m▍[38;2;136;59;27;48;2;137;63;30m⡄[38;2;130;57;23;48;2;134;66;37m▝[38;2;133;68;40;48;2;132;57;29m⣠[38;2;131;68;40;48;2;128;58;29m⣠[38;2;130;64;36;48;2;135;69;42m⠧[38;2;147;81;56;48;2;139;71;43m⢀[38;2;134;65;37;48;2;122;51;22m▍[38;2;137;72;43;48;2;126;51;23m⣄[38;2;132;67;39;48;2;130;58;27m⣤[38;2;134;59;26;48;2;140;71;40m⠋[38;2;132;53;21;48;2;132;62;33m⠙[38;2;146;62;31;48;2;131;50;20m⢸[38;2;151;63;36;48;2;137;56;23m⠇[38;2;139;55;21;48;2;146;62;30m⠃[38;2;145;57;24;48;2;146;61;27m⠙[38;2;139;53;20;48;2;146;59;26m⢘[38;2;132;48;13;48;2;142;54;21m⠋[38;2;149;50;21;48;2;137;42;11m⡈[38;2;151;47;19;48;2;159;53;26m⣄[38;2;174;69;37;48;2;154;47;20m⢸[38;2;169;68;41;48;2;152;56;24m⠇[38;2;147;55;20;48;2;146;58;25m⠖[38;2;134;55;33;48;2;148;65;40m⢀[38;2;139;51;27;48;2;110;21;4m⠃[38;2;119;23;5;48;2;136;40;13m⡆[38;2;154;45;17;48;2;138;30;7m▕[38;2;168;58;25;48;2;175;66;33m▕[38;2;167;56;26;48;2;158;49;16m⠃[38;2;170;60;31;48;2;160;51;18m⠠[38;2;158;49;14;48;2;149;45;12m▍[38;2;145;42;17;48;2;157;55;26m▕[38;2;141;40;14;48;2;135;33;11m⠁[38;2;146;48;23;48;2;131;41;13m▝[38;2;150;46;21;48;2;159;52;22m⣄[38;2;150;57;24;48;2;145;55;22m▊[38;2;132;44;16;48;2;142;53;22m▕[38;2;127;38;10;48;2;138;49;21m⣆[38;2;135;47;18;48;2;130;41;13m⡆[38;2;142;56;27;48;2;133;51;20m⢇[38;2;130;48;17;48;2;137;56;24m⣆[38;2;139;57;26;48;2;135;54;22m⠸[38;2;137;45;12;48;2;141;57;25m⠸[38;2;153;59;26;48;2;142;49;16m⠹[38;2;149;56;25;48;2;138;50;23m⣄[38;2;141;55;27;48;2;121;39;10m⣆[38;2;122;40;14;48;2;118;34;8m▝[38;2;127;46;24;48;2;123;38;10m⠳[38;2;109;31;10;48;2;120;41;16m⠓[38;2;110;41;13;48;2;118;48;21m▊[38;2;94;46;26;48;2;115;51;28m⠈[38;2;91;48;31;48;2;62;21;13m⣆[38;2;24;4;9;48;2;53;23;23m⠹[38;2;20;7;5;48;2;10;0;0m⡀[38;2;18;11;8;48;2;11;1;0m⠈[38;2;21;7;7;48;2;15;3;3m⠳[38;2;21;9;9;48;2;15;0;0m⡀[38;2;22;8;8;48;2;13;0;0m⢸[38;2;25;12;12;48;2;30;16;16m⡄[0m
[38;2;44;14;18;48;2;33;2;7m⠋[38;2;39;8;12;48;2;32;1;6m⠁[38;2;31;0;5;48;2;24;0;3m⠁[38;2;20;0;2;48;2;20;0;2m⠀[38;2;18;4;12m⠈[38;2;25;13;19;48;2;21;7;11m⠸[38;2;26;15;23;48;2;29;23;37m⣆[38;2;30;24;37;48;2;32;30;51m▃[38;2;34;29;45;48;2;32;36;55m⣀[38;2;33;30;48;48;2;37;37;57m⣀[38;2;32;30;52;48;2;36;37;58m⣀[38;2;36;32;57;48;2;37;38;58m⣀[38;2;38;36;61;48;2;31;33;55m⢀[38;2;37;36;56;48;2;39;36;53m⣄[38;2;37;31;48;48;2;44;33;50m⡄[38;2;44;25;45;48;2;44;30;47m⢰[38;2;41;22;40;48;2;41;21;33m▍[38;2;42;21;33;48;2;41;15;29m⠍[38;2;45;27;34;48;2;38;19;29m▔[38;2;49;31;39;48;2;37;18;28m▔[38;2;55;38;44;48;2;37;19;28m⠉[38;2;58;41;47;48;2;39;20;30m⠉[38;2;38;18;28;48;2;59;42;48m▅[38;2;47;18;31;48;2;62;43;49m▅[38;2;46;20;28;48;2;60;38;46m▅[38;2;45;20;26;48;2;36;13;16m⠇[38;2;32;10;13;48;2;25;2;8m⠃[38;2;19;1;2;48;2;24;2;5m⢰[38;2;15;1;1;48;2;22;1;3m⣤[38;2;25;6;7;48;2;16;1;2m⠙[38;2;22;2;4;48;2;28;8;10m▅[38;2;39;18;19;48;2;28;8;9m⢀[38;2;51;30;28;48;2;32;12;13m⣠[38;2;43;25;23;48;2;61;46;38m⠋[38;2;71;56;49;48;2;59;44;41m⣤[38;2;63;48;44;48;2;75;61;54m⠋[38;2;61;46;45;48;2;74;60;54m▔[38;2;69;54;52;48;2;73;60;54m⣀[38;2;63;48;45;48;2;71;56;51m⣀[38;2;63;36;36;48;2;66;47;48m⣰[38;2;74;33;30;48;2;109;48;42m▊[38;2;114;46;34;48;2;129;45;30m⠃[38;2;136;46;23;48;2;144;49;19m▍[38;2;142;48;22;48;2;154;55;23m⠉[38;2;155;53;20;48;2;147;45;13m⡄[38;2;141;39;10;48;2;148;47;16m⠹[38;2;119;19;4;48;2;133;31;12m⠹[38;2;95;11;5;48;2;110;18;9m⢸[38;2;87;5;4;48;2;91;11;9m⠂[38;2;73;15;2;48;2;91;23;7m⣤[38;2;90;24;12;48;2;100;31;15m⡆[38;2;107;32;10;48;2;112;40;15m⢉[38;2;132;57;33m⢸[38;2;130;47;22;48;2;140;58;36m⢈[38;2;122;42;19;48;2;119;40;16m▏[38;2;109;42;24;48;2;111;41;20m⢴[38;2;111;41;23;48;2;112;44;26m⠋[38;2;124;56;41;48;2;120;47;24m▃[38;2;124;50;25;48;2;121;51;32m⠳[38;2;123;56;24;48;2;120;57;37m⠋[38;2;117;64;43;48;2;117;61;40m⢴[38;2;123;70;49;48;2;117;64;43m▃[38;2;128;67;43;48;2;124;66;43m⢸[38;2;128;59;32;48;2;128;67;36m⠹[38;2;127;59;33;48;2;129;57;28m▃[38;2;127;64;37;48;2;127;59;25m⣈[38;2;136;78;52;48;2;134;70;41m⢰[38;2;137;86;59;48;2;132;74;51m⣤[38;2;132;80;54;48;2;125;69;47m▃[38;2;137;81;62;48;2;134;77;53m⣈[38;2;156;98;72;48;2;145;79;56m⣤[38;2;124;60;35;48;2;152;85;62m⠸[38;2;124;68;40;48;2;142;76;52m⡄[38;2;134;74;47;48;2;141;81;54m⠙[38;2;143;89;61;48;2;136;72;47m▃[38;2;140;80;54;48;2;127;64;39m▃[38;2;129;64;38;48;2;127;57;30m⣀[38;2;136;66;42;48;2;130;55;28m▃[38;2;142;75;57;48;2;135;62;39m⢰[38;2;156;86;66;48;2;146;68;38m⡀[38;2;138;61;32;48;2;134;56;24m⡁[38;2;138;54;24;48;2;142;59;28m⠦[38;2;145;57;27;48;2;142;46;19m▍[38;2;135;33;6;48;2;139;41;11m⢀[38;2;153;56;26;48;2;144;42;14m⠸[38;2;155;59;28;48;2;140;53;21m⠃[38;2;135;53;23;48;2;137;67;41m▊[38;2;128;57;32;48;2;144;72;47m⠸[38;2;119;48;23;48;2;111;29;8m⡄[38;2;116;22;2;48;2;135;36;11m▊[38;2;143;39;15;48;2;139;31;8m⠇[38;2;162;54;20;48;2;179;71;36m▍[38;2;171;63;31;48;2;157;49;20m▏[38;2;161;51;20;48;2;156;47;16m⡆[38;2;150;41;13;48;2;141;36;7m⠙[38;2;152;49;20;48;2;159;51;23m⣈[38;2;131;32;5;48;2;133;44;18m⠃[38;2;133;52;23;48;2;130;47;17m⡄[38;2;137;42;17;48;2;149;50;25m⡆[38;2;149;51;26;48;2;156;56;31m⣨[38;2;155;66;39;48;2;146;58;29m⢠[38;2;143;55;26;48;2;130;42;14m▍[38;2;125;37;10;48;2;133;45;17m⣨[38;2;141;55;27;48;2;125;35;8m⢸[38;2;135;49;21;48;2;138;53;24m⢂[38;2;136;49;21;48;2;137;52;22m⢰[38;2;141;56;26;48;2;148;64;29m⡄[38;2;157;69;36;48;2;139;52;17m⡀[38;2;145;60;27;48;2;140;49;23m⢡[38;2;140;55;21;48;2;145;60;32m⡊[38;2;138;61;29;48;2;118;34;6m⡄[38;2;116;37;7;48;2;123;37;9m⡀[38;2;118;34;6;48;2;125;45;15m⣄[38;2;121;48;23;48;2;116;40;11m⠸[38;2;126;52;27;48;2;119;47;23m⢄[38;2;90;48;28;48;2;109;47;22m⠈[38;2;81;42;29;48;2;56;22;18m⡆[38;2;48;20;20;48;2;26;9;10m⡆[38;2;12;1;1;48;2;21;5;5m⢠[38;2;17;5;5;48;2;10;0;0m⠃[38;2;12;2;1;48;2;23;8;9m⡄[38;2;21;5;6;48;2;18;2;3m▝[38;2;36;14;16;48;2;27;5;7m⢸[0m
[38;2;39;10;15;48;2;31;5;10m⣀[38;2;21;1;3;48;2;28;2;6m⢰[38;2;14;0;0;48;2;21;0;3m⣰[38;2;16;0;0;48;2;11;0;0m▔[38;2;15;0;1;48;2;19;0;2m▍[38;2;25;4;11;48;2;21;1;6m⠈[38;2;28;9;18;48;2;22;1;8m⠙[38;2;22;1;8;48;2;26;8;21m⣤[38;2;22;5;14;48;2;30;20;33m▅[38;2;32;25;40;48;2;20;7;17m⠙[38;2;20;7;23;48;2;36;23;48m⣤[38;2;30;16;31;48;2;32;23;48m▃[38;2;34;22;39;48;2;38;28;53m⣤[38;2;33;24;42;48;2;38;30;49m⣤[38;2;42;27;44;48;2;39;25;38m⠋[38;2;41;25;41;48;2;41;21;38m⠃[38;2;40;18;31;48;2;41;16;29m⠁[38;2;42;15;28;48;2;44;15;29m⠁[38;2;46;15;29;48;2;42;16;29m⣀[38;2;44;18;31;48;2;40;15;28m⣆[38;2;47;15;29;48;2;40;17;29m⣠[38;2;48;15;30;48;2;39;15;27m▅[38;2;54;15;25;48;2;47;17;32m⣠[38;2;45;16;21;48;2;49;14;27m⢤[38;2;31;9;12;48;2;42;14;19m⢸[38;2;24;6;12;48;2;14;0;5m⠋[38;2;7;0;3;48;2;17;3;5m⡄[38;2;36;24;18;48;2;21;10;5m⣰[38;2;43;30;26;48;2;21;11;9m⣤[38;2;44;33;27;48;2;16;5;5m▃[38;2;42;29;27;48;2;24;14;11m⣰[38;2;45;33;31;48;2;55;44;41m⠋[38;2;63;44;40;48;2;66;55;50m⠉[38;2;70;57;49;48;2;75;62;53m⣁[38;2;62;47;48;48;2;75;61;55m⣠[38;2;67;51;51;48;2;58;41;47m⠋[38;2;46;27;34;48;2;61;45;45m⣠[38;2;61;45;47;48;2;41;22;33m⠋[38;2;53;38;40;48;2;47;23;36m⠉[38;2;83;32;41;48;2;56;10;21m⢠[38;2;88;37;38;48;2;112;49;36m⠃[38;2;129;47;30;48;2;123;41;14m⠃[38;2;143;48;19;48;2;154;55;25m⠇[38;2;157;58;26;48;2;153;54;23m⢃[38;2;160;57;27;48;2;150;47;16m⣀[38;2;166;58;29;48;2;159;54;20m▃[38;2;145;39;11;48;2;130;36;7m▍[38;2;88;9;1;48;2;119;33;14m⢸[38;2;79;15;10;48;2;68;7;2m▊[38;2;77;14;8;48;2;71;9;1m⢠[38;2;89;21;9;48;2;102;37;22m⠃[38;2;106;40;24;48;2;102;28;13m⣠[38;2;138;56;42;48;2;111;42;23m⠸[38;2;136;49;36;48;2;124;44;27m⠃[38;2;112;45;30;48;2;111;39;16m⣤[38;2;107;58;39;48;2;102;47;24m⣰[38;2;121;74;55;48;2;112;61;39m⣰[38;2;119;72;53;48;2;123;63;44m⣤[38;2;122;57;40;48;2;121;69;50m⠹[38;2;127;65;49;48;2;124;60;40m▃[38;2;127;72;52;48;2;123;67;47m▃[38;2;124;69;48;48;2;127;78;56m⠉[38;2;126;71;46;48;2;131;80;60m⠙[38;2;131;72;47;48;2;128;74;54m▔[38;2;124;63;44;48;2;130;77;56m⠙[38;2;135;83;62;48;2;124;68;48m▃[38;2;123;70;49;48;2;136;84;64m⠇[38;2;149;102;78;48;2;136;87;64m⢠[38;2;151;104;80;48;2;142;92;65m⣤[38;2;147;103;78;48;2;136;91;69m⣀[38;2;144;100;75;48;2;141;90;66m⣰[38;2;153;100;72;48;2;155;106;78m⠉[38;2;135;76;51;48;2;152;105;78m⠙[38;2;157;110;84;48;2;140;88;58m⣀[38;2;153;104;77;48;2;148;95;65m⣀[38;2;152;95;74;48;2;139;82;55m⣄[38;2;143;88;63;48;2;132;74;47m⣤[38;2;139;83;57;48;2;131;71;46m⣄[38;2;144;80;57;48;2;135;76;51m⢨[38;2;152;86;61;48;2;145;75;54m⡃[38;2;143;73;51;48;2;137;64;37m⡄[38;2;139;56;27;48;2;138;59;37m▝[38;2;141;48;21;48;2;131;47;19m⢰[38;2;131;33;8;48;2;141;46;20m⢸[38;2;133;34;10;48;2;138;39;13m⠆[38;2;144;48;20;48;2;131;46;15m⠇[38;2;126;46;16;48;2;133;64;39m▊[38;2;143;75;53;48;2;151;86;62m▍[38;2;121;47;23;48;2;133;72;48m⠸[38;2;122;42;15;48;2;123;32;9m⣀[38;2;135;33;6;48;2;143;36;4m▍[38;2;159;49;13;48;2;172;63;28m▍[38;2;165;60;28;48;2;160;51;23m⣤[38;2;147;43;13;48;2;163;59;26m⢸[38;2;153;49;19;48;2;146;42;12m⣰[38;2;145;50;14;48;2;154;51;20m⢸[38;2;142;55;30;48;2;136;47;19m⠸[38;2;148;60;41;48;2;135;48;24m▃[38;2;146;51;25;48;2;138;49;24m⢸[38;2;144;49;23;48;2;149;54;28m⢘[38;2;145;52;25;48;2;153;61;34m▍[38;2;136;44;17;48;2;143;54;26m▅[38;2;125;37;9;48;2;135;45;19m▝[38;2;116;28;1;48;2;124;39;10m▊[38;2;124;39;10;48;2;137;51;23m⡄[38;2;135;49;20;48;2;141;55;26m⠈[38;2;144;55;22;48;2;137;51;22m⢸[38;2;160;69;36;48;2;146;58;23m⠳[38;2;149;61;28;48;2;135;50;16m⣆[38;2;137;44;13;48;2;140;57;25m⡄[38;2;140;62;31;48;2;121;43;12m▊[38;2;128;46;16;48;2;116;38;6m⢰[38;2;126;44;15;48;2;117;33;5m⡆[38;2;120;38;12;48;2;128;46;21m⡘[38;2;131;49;31;48;2;115;29;13m▝[38;2;120;47;24;48;2;107;44;24m⣆[38;2;79;40;27;48;2;100;49;33m▝[38;2;71;34;24;48;2;51;22;17m⣆[38;2;38;10;8;48;2;12;0;0m⡄[38;2;9;0;2;48;2;9;0;0m⢀[38;2;10;1;0;48;2;19;8;7m▊[38;2;23;9;9;48;2;18;1;2m⠇[38;2;32;13;15;48;2;23;3;5m⢸[0m
[38;2;47;23;26;48;2;59;43;43m⠙[38;2;52;36;36;48;2;34;15;17m⣤[38;2;40;23;23;48;2;15;1;1m⣄[38;2;23;10;10;48;2;10;1;0m⣀[38;2;15;2;2;48;2;12;1;0m⡙[38;2;19;1;2;48;2;14;1;1m⠹[38;2;16;0;1;48;2;20;1;2m⣀[38;2;20;0;2;48;2;21;1;3m⡑[38;2;23;3;6m▝[48;2;20;1;4m⠳[38;2;23;3;5;48;2;23;3;14m▅[38;2;24;6;20;48;2;21;0;7m▔[38;2;29;10;24;48;2;20;2;9m⠉[38;2;30;7;20;48;2;39;14;28m⡦[38;2;41;9;24;48;2;40;15;29m▅[38;2;42;18;32;48;2;46;14;30m⠁[38;2;49;16;31;48;2;45;14;28m⣰[38;2;45;16;30;48;2;51;18;33m⠉[38;2;51;17;32;48;2;49;15;30m▅[38;2;56;15;29;48;2;53;17;33m⢀[38;2;58;10;22;48;2;57;12;29m⢠[38;2;56;8;19;48;2;57;15;24m▃[38;2;54;15;21;48;2;54;9;19m⠋[38;2;41;7;13;48;2;46;11;18m⣀[38;2;15;11;7;48;2;28;10;11m⢠[38;2;13;1;5;48;2;6;0;2m⠇[38;2;3;0;0;48;2;18;15;12m▊[38;2;43;36;37;48;2;28;23;21m⢸[38;2;65;54;52;48;2;54;44;43m⢰[38;2;54;43;41;48;2;66;55;53m⠙[38;2;57;46;45;48;2;48;37;33m⣄[38;2;41;28;27;48;2;47;34;34m⣤[38;2;30;19;19;48;2;53;41;40m⣤[38;2;33;20;25;48;2;52;39;42m⣤[38;2;43;25;30;48;2;53;36;43m▅[38;2;49;30;39;48;2;46;23;36m⠃[38;2;41;21;32;48;2;41;21;34m⠂[38;2;42;20;26;48;2;39;20;33m⢀[38;2;83;33;21;48;2;47;16;17m⢀[38;2;70;12;14;48;2;121;52;44m⠃[38;2;114;38;17;48;2;106;27;5m⠓[38;2;141;45;20;48;2;119;34;8m⢸[38;2;157;56;26;48;2;148;55;24m▅[38;2;152;53;22;48;2;158;61;25m⣃[38;2;154;50;17;48;2;163;59;28m⡔[38;2;160;54;24;48;2;171;59;24m⢠[38;2;130;40;14;48;2;145;45;15m⢸[38;2;105;24;8;48;2;74;10;2m⠇[38;2;69;13;6;48;2;65;3;4m⢰[38;2;92;37;24;48;2;73;15;9m⢸[38;2;97;37;20;48;2;102;46;32m⠙[38;2;98;47;31;48;2;100;38;22m⣄[38;2;102;61;41;48;2;102;45;27m⣠[38;2;106;61;47;48;2;106;44;28m⣤[38;2;105;52;36;48;2;106;64;49m⠋[38;2;126;80;65;48;2;119;71;56m⢰[38;2;136;93;75;48;2;128;81;63m▅[38;2;140;97;75;48;2;128;81;62m⣤[38;2;137;88;66;48;2;127;79;57m▃[38;2;133;83;60;48;2;125;72;55m⣤[38;2;137;88;67;48;2;132;79;59m⣠[38;2;141;98;72;48;2;132;84;62m▃[38;2;138;94;71;48;2;131;83;61m⣤[38;2;143;90;70;48;2;130;82;63m▃[38;2;144;98;74;48;2;136;89;68m⢀[38;2;154;106;83;48;2;140;92;69m⣀[38;2;154;113;88;48;2;147;100;76m▃[38;2;166;118;95;48;2;153;107;83m⣠[38;2;163;117;93;48;2;175;125;102m⠋[38;2;159;115;90;48;2;172;128;103m⠙[38;2;171;127;102;48;2;163;119;94m⣄[38;2;170;126;102;48;2;165;121;97m⣢[38;2;167;120;97;48;2;160;116;89m▅[38;2;166;114;90;48;2;168;121;95m⢀[38;2;158;106;82;48;2;166;118;92m⣀[38;2;168;117;93;48;2;159;107;83m⣤[38;2;157;103;80;48;2;167;115;91m⠈[38;2;159;107;83;48;2;145;93;70m▅[38;2;153;102;78;48;2;140;88;65m⣤[38;2;143;88;64;48;2;145;93;70m⠙[38;2;137;80;59;48;2;133;70;49m▍[38;2;131;57;37;48;2;133;67;45m▕[38;2;133;53;30;48;2;124;55;25m⠉[38;2;131;50;26;48;2;128;46;17m⢁[38;2;125;36;9;48;2;132;44;16m⢠[38;2;125;39;9;48;2;128;44;13m⡄[38;2;129;49;23;48;2;127;54;30m▊[38;2;136;69;41;48;2;144;82;56m⡆[38;2;136;72;50;48;2;144;84;63m▝[38;2;128;60;37;48;2;124;42;13m⡆[38;2;146;49;15;48;2;134;42;10m⢀[38;2;160;54;22;48;2;167;61;29m⠃[38;2;160;59;24;48;2;165;62;28m⢀[38;2;159;56;27;48;2;144;42;9m⢁[38;2;171;69;40;48;2;161;58;27m▅[38;2;150;55;26;48;2;144;54;22m⣤[38;2;136;46;24;48;2;116;25;10m▍[38;2;129;39;25;48;2;151;61;46m⡄[38;2;146;56;38;48;2;140;46;26m▍[38;2;149;56;27;48;2;153;58;36m⣈[38;2;153;63;38;48;2;146;52;25m⢸[38;2;139;54;26;48;2;119;33;7m▍[38;2;128;41;18;48;2;118;31;9m⠹[38;2;116;27;10;48;2;111;23;1m⣄[38;2;121;36;7;48;2;143;59;30m▊[38;2;154;72;42;48;2;148;63;33m⡤[38;2;136;51;20;48;2;141;55;25m⢃[38;2;140;52;19;48;2;149;58;26m⡈[38;2;147;56;22;48;2;154;65;32m⣂[38;2;148;61;26;48;2;133;40;7m⡆[38;2;140;47;16;48;2;147;58;26m▏[38;2;137;51;20;48;2;123;45;14m⡆[38;2;121;43;12;48;2;114;37;6m▊[38;2;129;47;21;48;2;114;33;5m⢸[38;2;135;53;27;48;2;120;36;14m⡆[38;2;126;49;25;48;2;124;43;16m▝[38;2;116;56;31;48;2;115;50;24m⢰[38;2;103;48;30;48;2;75;33;27m⡆[38;2;29;3;1;48;2;61;22;22m⠸[38;2;21;4;1;48;2;13;0;1m⡀[38;2;7;1;1;48;2;11;5;4m⣤[38;2;6;0;1;48;2;12;0;0m⡀[38;2;24;8;9;48;2;18;2;3m⢸[0m
[38;2;66;50;50;48;2;63;47;47m⠙[38;2;59;44;44;48;2;64;48;48m▃[38;2;48;30;30;48;2;54;38;38m▝[38;2;37;20;20;48;2;49;31;31m⠉[38;2;21;9;9;48;2;37;25;23m⠙[38;2;36;24;21;48;2;22;10;10m⣤[38;2;32;21;15;48;2;20;8;8m⣤[38;2;31;19;20;48;2;22;5;6m⣤[38;2;32;20;23;48;2;22;3;5m▃[38;2;30;15;18;48;2;21;2;4m⣤[38;2;31;12;15;48;2;23;3;5m▃[38;2;33;15;19;48;2;22;2;4m⣀[38;2;39;15;21;48;2;26;5;8m⣠[38;2;36;8;24;48;2;42;18;30m⠋[38;2;48;19;32;48;2;38;17;27m⣤[38;2;48;14;29;48;2;44;15;29m⣄[38;2;48;12;29;48;2;50;16;31m⡄[38;2;56;15;27;48;2;51;17;32m⢰[38;2;56;11;20;48;2;55;15;28m⣤[38;2;56;5;15;48;2;53;13;25m⣤[38;2;52;2;7;48;2;55;10;16m⣰[38;2;50;3;5;48;2;44;1;1m⠋[38;2;36;3;4;48;2;41;0;7m⣀[38;2;24;2;4;48;2;33;3;13m⣰[38;2;24;10;8;48;2;8;4;0m⠃[38;2;5;1;2;48;2;2;0;0m⣠[38;2;3;1;2;48;2;20;11;13m▊[38;2;45;36;34;48;2;29;19;20m⠸[38;2;63;53;51;48;2;53;44;43m⠸[38;2;64;54;53;48;2;68;58;57m⡀[38;2;58;48;47;48;2;66;59;56m⠈[38;2;43;32;36;48;2;56;47;46m⠸[38;2;40;28;26;48;2;23;12;16m⡄[38;2;31;15;21;48;2;20;9;13m▝[38;2;30;12;18;48;2;41;17;29m⡄[38;2;41;17;29;48;2;42;18;30m⡘[38;2;41;17;24;48;2;42;17;31m⣀[38;2;82;34;31;48;2;46;13;11m⢀[38;2;65;23;15;48;2;118;50;36m⠃[38;2;114;30;10;48;2;135;61;47m⢸[38;2;129;45;21;48;2;104;23;5m⢰[38;2;157;58;30;48;2;134;41;16m⢰[38;2;152;57;23;48;2;160;60;30m⢁[38;2;160;58;27;48;2;154;52;21m▍[38;2;155;52;22;48;2;165;59;26m⠇[38;2;152;53;28;48;2;172;68;42m⢸[38;2;98;19;13;48;2;135;46;34m⢸[38;2;74;1;1;48;2;62;1;5m⠃[38;2;63;8;5;48;2;50;4;2m⠸[38;2;100;53;37;48;2;83;30;20m⢸[38;2;111;66;50;48;2;102;54;38m⣠[38;2;113;69;53;48;2;103;56;41m▅[38;2;116;76;59;48;2;106;68;49m⣠[38;2;118;79;62;48;2;110;68;52m⣤[38;2;121;82;66;48;2;113;70;55m⣠[38;2;129;84;67;48;2;143;100;79m⠇[38;2;150;109;84;48;2;146;104;79m⣠[38;2;151;109;84;48;2;144;102;77m▅[38;2;155;113;88;48;2;144;101;77m⣤[38;2;155;109;88;48;2;142;95;72m⣤[38;2;139;95;71;48;2;150;105;85m⠉[38;2;157;113;88;48;2;147;103;79m⣤[38;2;148;104;79;48;2;160;115;91m⠋[38;2;166;118;95;48;2;150;93;73m⣤[38;2;150;103;79;48;2;169;121;98m⠋[38;2;161;113;90;48;2;171;123;102m⠉[38;2;169;121;98;48;2;163;115;92m▍[38;2;167;119;96;48;2;177;129;106m⠃[38;2;178;134;109;48;2;175;131;107m⠊[38;2;183;139;114m⢰[38;2;184;140;115;48;2;179;135;110m⣄[38;2;186;139;115;48;2;176;128;105m▅[38;2;183;135;112;48;2;177;129;106m⠖[38;2;162;110;86;48;2;173;122;100m▝[38;2;153;102;78;48;2;170;121;100m⠙[38;2;161;113;90;48;2;173;125;102m⠃[38;2;178;132;108;48;2;172;124;102m⣤[38;2;165;117;94;48;2;173;125;101m⠉[38;2;159;112;86;48;2;171;124;100m⠙[38;2;149;102;76;48;2;160;113;90m⠉[38;2;155;106;83;48;2;145;88;67m⣤[38;2;133;73;49;48;2;147;92;72m⠹[38;2;127;63;46;48;2;126;55;31m⣄[38;2;125;50;26;48;2;135;55;32m⠇[38;2;130;51;32;48;2;127;41;15m▃[38;2;124;55;40;48;2;123;45;19m⣀[38;2;128;54;27;48;2;129;57;36m▝[38;2;149;84;56;48;2;135;68;40m⢸[38;2;154;89;69;48;2;154;89;69m⠀[38;2;129;56;30;48;2;148;78;55m⢸[38;2;133;40;7;48;2;150;56;22m⣁[38;2;158;57;21;48;2;160;61;26m⡄[38;2;164;68;31;48;2;158;56;22m⠇[38;2;172;71;42;48;2;154;55;20m⢸[38;2;159;63;27;48;2;169;68;39m⣐[38;2;137;46;28;48;2;154;60;39m⢠[38;2;105;8;2;48;2;127;36;22m⢸[38;2;121;24;17;48;2;142;49;28m▍[38;2;150;56;33;48;2;141;47;21m⠁[38;2;143;48;23;48;2;149;55;30m⢸[38;2;146;55;28;48;2;153;65;39m▍[38;2;138;53;26;48;2;133;50;22m▏[38;2;129;47;24;48;2;109;22;1m⡄[38;2;113;25;2;48;2;117;30;15m⣄[38;2;140;51;23;48;2;115;26;1m⢸[38;2;156;71;42;48;2;148;65;36m⠃[38;2;150;69;39;48;2;135;52;21m⡆[38;2;140;45;18;48;2;126;37;8m⠹[38;2;144;55;20;48;2;141;52;17m⡈[38;2;133;45;12;48;2;144;58;24m▕[38;2;134;46;13;48;2;144;56;23m▍[38;2;133;55;23;48;2;147;61;29m⠸[38;2;126;48;17;48;2;118;39;10m▊[38;2;124;41;16;48;2;119;37;11m⠌[38;2;139;56;31;48;2;126;42;13m⠇[38;2;125;47;16;48;2;118;44;12m⣰[38;2;123;58;31;48;2;122;55;24m⠈[38;2;94;41;30;48;2;119;56;36m▝[38;2;80;32;21;48;2;62;16;16m▏[38;2;21;4;4;48;2;41;17;15m⠸[38;2;27;7;9;48;2;9;1;3m⣄[38;2;18;0;5;48;2;14;0;1m⣤[38;2;22;3;5;48;2;19;2;3m⢘[0m
[38;2;38;27;24;48;2;56;40;40m▃[38;2;42;29;27;48;2;54;38;38m⣤[38;2;43;27;27;48;2;49;32;32m⡀[38;2;46;28;28m⣤[38;2;45;27;27;48;2;48;31;31m⠄[38;2;43;31;29;48;2;46;36;32m⣈[38;2;43;30;25;48;2;45;31;31m⡉[38;2;45;34;35m▕[38;2;47;37;40;48;2;43;29;33m▅[38;2;42;28;33;48;2;49;38;42m⠙[38;2;47;33;45;48;2;39;20;29m▅[38;2;47;31;44;48;2;41;22;29m▅[38;2;45;31;41;48;2;39;25;34m▅[38;2;47;33;43;48;2;46;28;41m⣤[38;2;46;29;41;48;2;43;23;37m⣆[38;2;45;30;41;48;2;40;20;31m⣀[38;2;45;24;37;48;2;45;15;29m▃[38;2;49;20;29;48;2;50;14;25m⡁[38;2;56;9;15;48;2;55;16;18m⠺[38;2;49;5;12;48;2;53;3;7m⣁[38;2;42;1;9;48;2;49;0;0m⣠[38;2;36;2;7;48;2;37;1;0m▃[38;2;36;12;15;48;2;31;2;6m⣀[38;2;32;18;18;48;2;22;5;6m⣤[38;2;33;22;22;48;2;11;1;0m▃[38;2;27;17;16;48;2;12;2;1m⣤[38;2;21;16;13;48;2;8;3;1m⣤[38;2;29;19;19;48;2;16;7;7m⠈[38;2;40;31;29;48;2;21;16;13m⠹[38;2;42;24;25;48;2;58;42;43m▃[38;2;56;41;41;48;2;67;57;55m⣤[38;2;68;58;57;48;2;57;45;46m⠃[38;2;33;21;22;48;2;47;32;37m⢸[38;2;19;9;13;48;2;12;0;5m▏[38;2;28;5;19;48;2;18;0;6m⠙[38;2;26;5;11;48;2;34;12;24m⡄[38;2;50;9;12;48;2;44;16;19m⢠[38;2;64;20;20;48;2;98;41;36m▍[38;2;120;48;34;48;2;137;60;44m⢅[38;2;131;46;18;48;2;117;37;13m▚[38;2;122;33;5;48;2;130;41;11m⠰[38;2;135;44;15;48;2;157;64;31m▍[38;2;151;57;24;48;2;161;68;36m▊[38;2;157;63;30;48;2;148;55;22m▍[38;2;158;61;28;48;2;164;67;33m⣀[38;2;156;65;37;48;2;133;49;24m▊[38;2;113;26;12;48;2;86;14;7m⠃[38;2;57;6;3;48;2;65;3;9m⠸[38;2;55;3;0;48;2;70;26;18m▊[38;2;89;45;30;48;2;112;67;52m▍[38;2;113;69;54;48;2;116;71;56m⡅[38;2;120;80;66;48;2;119;73;58m⢠[38;2;119;81;63;48;2;121;84;70m⠉[38;2;127;88;72;48;2;132;98;80m⠋[38;2;129;90;73;48;2;134;97;81m⠃[38;2;137;100;88;48;2;144;106;88m⣀[38;2;145;106;88;48;2;150;112;89m⣠[38;2;152;114;95;48;2;153;111;89m⢈[38;2;153;111;89;48;2;158;116;95m⠋[38;2;164;118;102;48;2;159;116;96m⣰[38;2;171;126;109;48;2;164;118;102m⢠[38;2;163;118;98;48;2;171;126;106m⠃[38;2;172;127;107;48;2;169;123;100m▅[38;2;171;126;106;48;2;167;119;97m⣰[38;2;173;125;102;48;2;174;128;111m⠉[38;2;174;127;109;48;2;173;125;102m⣤[38;2;171;123;100;48;2;170;124;108m⠉[38;2;172;127;107;48;2;173;125;102m⣤[38;2;178;129;112;48;2;174;125;108m⠴[38;2;167;122;102;48;2;175;130;111m▁[38;2;178;132;109;48;2;178;134;114m⢈[38;2;187;139;119;48;2;180;133;113m⠠[38;2;177;129;107;48;2;179;131;111m⠰[38;2;184;136;113;48;2;175;127;105m⡄[38;2;179;134;110;48;2;175;127;104m▃[38;2;185;142;117;48;2;176;131;107m⣀[38;2;189;145;120;48;2;179;135;110m⣤[38;2;173;128;104;48;2;188;143;119m⠙[38;2;181;135;120;48;2;170;122;100m▃[38;2;172;128;114;48;2;171;123;98m▃[38;2;161;114;89;48;2;162;118;102m⠙[38;2;161;120;98;48;2;148;98;73m⣄[38;2;147;98;72;48;2;135;72;59m⣄[38;2;128;73;53;48;2;124;58;41m▃[38;2;133;76;56;48;2;131;59;41m⣤[38;2;141;78;61;48;2;130;61;44m⣤[38;2;146;86;62;48;2;135;68;49m▃[38;2;145;80;56;48;2;159;98;73m⠇[38;2;149;86;59;48;2;156;98;72m⢰[38;2;141;77;47;48;2;136;60;27m▍[38;2;152;52;22;48;2;135;46;16m⢰[38;2;160;58;24;48;2;151;49;16m⠉[38;2;166;69;29;48;2;147;46;12m⢠[38;2;160;64;27;48;2;170;70;36m⡁[38;2;161;64;32;48;2;155;56;29m⡖[38;2;141;49;32;48;2;147;46;27m⠈[38;2;121;21;10;48;2;146;45;32m⢸[38;2;120;24;11;48;2;138;47;27m▍[38;2;141;51;28;48;2;134;45;18m⡤[38;2;146;57;30;48;2;136;48;21m⢀[38;2;139;51;24;48;2;148;60;32m⠆[38;2;144;58;30;48;2;130;48;19m⠃[38;2;115;28;6;48;2;125;45;14m⢸[38;2;117;27;7;48;2;108;21;2m⣀[38;2;116;27;7;48;2;136;47;19m⠃[38;2;146;59;30;48;2;151;71;41m⠇[38;2;145;63;31;48;2;129;41;11m▊[38;2;130;32;9;48;2;137;42;16m▊[38;2;160;68;39;48;2;138;45;19m⢰[38;2;154;60;36;48;2;133;43;14m⡄[38;2;138;51;18;48;2;148;60;27m⡄[38;2;138;53;21;48;2;143;56;31m⢤[38;2;123;44;18;48;2;127;49;22m⠋[38;2;117;39;12;48;2;108;28;3m▍[38;2;118;39;13;48;2;126;47;21m⡁[38;2;127;49;17;48;2;124;44;11m⢰[38;2;125;47;23;48;2;128;54;32m▍[38;2;113;46;27;48;2;118;53;29m⠰[38;2;60;24;13;48;2;98;47;36m⢸[38;2;52;18;13;48;2;43;17;18m▍[38;2;39;16;17;48;2;37;15;16m▏[38;2;26;7;8;48;2;32;12;14m⢰[38;2;26;6;7m▅[0m
[38;2;36;23;17;48;2;25;14;16m⢉[38;2;39;25;27;48;2;37;24;18m⣤[38;2;39;27;25;48;2;43;30;30m⠉[38;2;45;33;31;48;2;43;30;28m⣤[38;2;46;34;32;48;2;44;32;30m⣈[38;2;44;31;29;48;2;46;34;31m⠮[38;2;42;29;28;48;2;46;33;31m⠁[38;2;44;39;36;48;2;45;34;33m⣠[38;2;42;37;43;48;2;42;37;39m▅[38;2;45;40;46;48;2;41;36;42m⢸[38;2;49;38;46;48;2;51;41;49m▔[38;2;51;39;49;48;2;48;38;46m⠶[38;2;51;36;46;48;2;48;36;45m⣠[38;2;51;37;46;48;2;46;36;44m▅[38;2;46;34;43;48;2;49;38;46m▔[38;2;48;33;44;48;2;50;37;46m⡙[48;2;52;39;47m⠉[38;2;53;40;45;48;2;53;32;32m▅[38;2;52;25;25;48;2;51;34;39m⠹[38;2;39;14;23;48;2;49;21;29m⢸[38;2;36;3;13;48;2;24;7;17m⠋[38;2;17;3;12;48;2;30;6;13m⣄[38;2;15;5;4;48;2;30;11;13m⣀[38;2;19;9;8;48;2;39;19;21m▃[38;2;19;7;7;48;2;33;17;18m▃[38;2;19;7;8;48;2;28;19;18m▃[38;2;13;2;5;48;2;23;13;12m▃[38;2;21;11;10;48;2;13;3;2m⠃[38;2;13;3;2;48;2;10;0;0m⠂[38;2;26;11;12;48;2;9;0;0m▔[38;2;36;19;19;48;2;15;0;0m⠙[38;2;30;10;15;48;2;42;25;29m⣤[38;2;38;22;27;48;2;26;13;13m⠁[38;2;4;0;0;48;2;17;8;7m⢸[38;2;8;0;2;48;2;0;0;0m⠉[38;2;27;6;13;48;2;10;0;4m⠸[38;2;41;4;1;48;2;88;38;36m▊[38;2;94;31;21;48;2;133;59;40m▊[38;2;112;34;12;48;2;140;64;42m⢸[38;2;121;42;17;48;2;129;47;17m▏[38;2;130;42;10;48;2;146;60;26m▊[38;2;155;66;32;48;2;151;57;24m⣤[38;2;156;61;29;48;2;163;69;37m▊[38;2;159;65;32;48;2;151;56;22m▍[38;2;152;55;24;48;2;157;59;26m⢘[38;2;150;61;33;48;2;113;33;12m▊[38;2;90;15;0;48;2;78;14;8m▍[38;2;68;11;7;48;2;65;9;5m⣆[38;2;89;38;23;48;2;64;9;3m⢸[38;2;100;55;39;48;2;109;65;49m⠖[38;2;103;59;44;48;2;112;69;54m⠶[38;2;115;72;56;48;2;93;56;45m⡉[38;2;89;56;46;48;2;116;85;74m▅[38;2;93;62;51;48;2;127;95;84m⣤[38;2;102;72;62;48;2;129;100;86m▃[38;2;115;84;66;48;2;133;100;81m⣀[38;2;131;98;78;48;2;142;105;86m⡀[38;2;148;111;93;48;2;137;102;82m⠉[38;2;149;105;91;48;2;158;115;100m⣤[38;2;153;111;94;48;2;163;121;102m⣄[38;2;157;119;93;48;2;164;121;97m▃[38;2;154;118;89;48;2;166;120;98m⣄[38;2;166;128;106;48;2;164;126;101m⠵[38;2;161;123;100;48;2;166;125;104m⡀[38;2;176;130;114;48;2;167;124;107m⠉[38;2;172;127;111;48;2;170;124;108m⠅[38;2;165;119;103;48;2;170;124;109m⢤[38;2;165;120;100;48;2;173;128;107m⣤[38;2;169;124;103;48;2;166;121;98m⠉[38;2;166;121;100;48;2;171;126;104m⣁[38;2;169;125;102;48;2;173;128;107m▅[38;2;159;115;90m⣤[38;2;178;132;109;48;2;163;119;95m⠹[38;2;166;122;105;48;2;174;129;111m▃[38;2;164;121;105;48;2;177;134;117m⣀[38;2;181;137;118;48;2;169;126;108m⠋[38;2;172;131;109;48;2;187;143;118m▅[38;2;171;131;109;48;2;180;135;114m⣆[38;2;164;126;103;48;2;179;135;113m▁[48;2;174;135;112m⣀[38;2;159;118;97;48;2;171;129;106m▃[38;2;157;114;93;48;2;167;125;102m⣄[38;2;151;109;84;48;2;156;116;92m▝[38;2;135;93;71;48;2;146;102;78m⢉[38;2;139;88;65;48;2;149;102;78m⠁[38;2;150;100;78;48;2;155;107;84m⠉[38;2;148;92;69;48;2;155;104;82m⠋[38;2;168;110;86;48;2;164;103;76m⡆[38;2;150;85;61;48;2;156;94;69m⢸[38;2;141;69;41;48;2;132;49;20m▍[38;2;140;46;16;48;2;151;49;18m▍[38;2;147;45;11;48;2;149;47;15m▝[38;2;152;50;16;48;2;168;68;34m⠃[38;2;153;60;21;48;2;162;64;28m⢠[38;2;149;55;25;48;2;154;64;28m▕[38;2;154;53;27;48;2;146;47;21m⢸[38;2;120;25;12;48;2;154;55;30m⢸[38;2;127;36;19;48;2;139;49;31m▍[38;2;125;38;13;48;2;137;47;25m⢸[38;2;135;43;16;48;2;141;49;24m⠃[38;2;142;53;26;48;2;130;36;11m▊[38;2;130;36;11;48;2;135;44;18m▏[38;2;123;34;4;48;2;131;40;13m⢸[38;2;120;28;5;48;2;128;33;7m⠋[38;2;131;44;10;48;2;145;58;29m▊[38;2;150;62;36;48;2;153;71;45m▏[38;2;131;37;17;48;2;154;66;45m⢸[38;2;129;30;11;48;2;136;32;7m▍[38;2;139;38;9;48;2;157;55;30m▊[38;2;155;56;28;48;2;141;52;17m▍[38;2;136;47;16;48;2;141;58;22m▊[38;2;147;63;34;48;2;136;54;26m⠋[38;2;120;44;21;48;2;133;53;27m⢸[38;2;116;32;11;48;2;122;43;19m⠸[38;2;131;51;29;48;2;117;37;12m⢸[38;2;126;47;24;48;2;117;38;16m⡌[38;2;131;51;26;48;2;135;55;30m▚[38;2;128;57;27;48;2;123;52;25m⠇[38;2;89;38;23;48;2;111;53;37m▝[38;2;71;29;20;48;2;47;13;11m⡆[38;2;33;12;17;48;2;26;6;6m⠹[38;2;31;11;13;48;2;27;7;9m⣄[38;2;36;15;17;48;2;29;9;11m⣀[0m
[38;2;48;43;40;48;2;34;23;27m▃[48;2;42;29;33m▃[38;2;48;44;41;48;2;44;32;36m⣀[38;2;45;41;38;48;2;46;36;33m⣀[38;2;45;40;37;48;2;45;34;33m⣀[38;2;46;40;38;48;2;44;40;37m⠇[38;2;49;38;41;48;2;43;38;40m⣠[38;2;46;39;42;48;2;42;39;40m▅[38;2;47;36;44;48;2;43;39;42m▃[38;2;43;38;43;48;2;48;39;46m⠃[38;2;55;41;51;48;2;51;40;48m⢀[38;2;52;43;51;48;2;49;38;46m▃[38;2;51;34;45;48;2;50;39;47m⢘[38;2;51;32;44;48;2;51;37;42m⠇[38;2;51;38;47;48;2;52;39;50m⠣[38;2;50;38;44;48;2;53;41;45m⠇[38;2;53;41;45;48;2;56;44;48m⠃[38;2;52;39;48;48;2;56;45;49m⣀[38;2;47;29;36;48;2;51;37;41m⣰[38;2;40;24;32;48;2;31;20;31m▍[38;2;16;5;14;48;2;23;14;26m⢸[38;2;12;2;9;48;2;7;0;5m⠁[38;2;14;9;5;48;2;11;1;1m⢠[38;2;23;13;17;48;2;13;3;3m⣠[38;2;32;20;20;48;2;13;1;1m▅[38;2;36;19;20;48;2;18;6;7m▅[38;2;33;17;18;48;2;18;6;8m⣤[38;2;30;15;15;48;2;15;3;3m⣤[38;2;28;14;15;48;2;13;0;5m⣤[38;2;22;6;12;48;2;12;0;4m▃[38;2;16;4;8m⣰[38;2;28;11;12;48;2;17;5;9m⢸[38;2;33;13;14;48;2;28;9;11m▅[38;2;14;5;4;48;2;26;7;9m⢸[38;2;9;2;0;48;2;0;0;0m⡀[38;2;5;1;1;48;2;22;2;0m▊[38;2;38;7;3;48;2;83;43;29m▍[38;2;130;52;30;48;2;91;26;11m⢸[38;2;130;52;25;48;2;125;46;15m⠃[38;2;130;51;19;48;2;126;45;14m⡥[38;2;147;59;31;48;2;126;40;10m⢸[38;2;149;58;31;48;2;156;67;40m⢰[38;2;160;69;39;48;2;157;62;26m⡆[38;2;148;52;16;48;2;152;55;19m⠋[38;2;143;51;14;48;2;150;52;20m⣠[38;2;110;32;10;48;2;145;60;30m⢸[38;2;73;13;8;48;2;80;12;2m⢨[38;2;76;23;13;48;2;68;10;4m▕[38;2;83;30;18;48;2;112;61;47m⠃[38;2;116;69;54;48;2;117;74;58m⣁[38;2;117;72;58;48;2;118;80;66m▃[38;2;113;78;62;48;2;119;83;73m⣄[38;2;98;67;57;48;2;117;80;72m▔[38;2;112;78;69;48;2;94;69;56m⣤[38;2;108;72;64;48;2;89;64;51m▃[38;2;102;74;54;48;2;91;63;47m⡌[38;2;115;86;66m⠉[38;2;128;97;76;48;2;97;70;53m⠙[38;2;111;78;68;48;2;137;102;82m⣀[38;2;130;98;82;48;2;145;107;89m⣤[38;2;140;103;83;48;2;151;113;89m⣤[38;2;137;100;80;48;2;149;111;88m⣀[38;2;143;107;83;48;2;155;113;91m⣠[38;2;146;105;83;48;2;158;117;95m▃[38;2;153;111;88;48;2;161;119;100m⣤[38;2;159;114;98;48;2;167;121;105m▅[38;2;156;111;94;48;2;162;116;100m⣠[38;2;152;108;83;48;2;162;118;94m⣀[38;2;162;118;93;48;2;157;113;88m⠸[38;2;150;106;81;48;2;160;116;92m⢀[38;2;151;109;88;48;2;160;116;91m▃[38;2;152;110;88;48;2;158;115;90m⣄[38;2;144;107;82;48;2;153;111;88m⣀[38;2;136;98;76;48;2;153;111;93m▃[38;2;111;73;56;48;2;159;121;102m⣤[38;2;119;81;64;48;2;156;118;100m⣤[38;2;121;78;63;48;2;160;117;98m▅[38;2;143;105;83;48;2;119;79;65m⠋[38;2;150;112;89;48;2;117;79;60m⠉[38;2;149;112;88;48;2;121;85;67m⠉[38;2;141;102;79;48;2;123;83;68m⢉[38;2;142;104;83;48;2;131;89;69m⣈[38;2;153;116;93;48;2;140;98;76m⣀[38;2;145;109;85;48;2;142;102;77m▃[38;2;158;118;92;48;2;147;105;80m▃[38;2;158;116;91;48;2;142;100;75m▃[38;2;151;107;82;48;2;143;98;74m▃[38;2;149;93;71;48;2;163;107;84m⠶[38;2;143;84;53;48;2;156;95;70m⢸[38;2;141;71;38;48;2;132;49;18m▍[38;2;153;51;22;48;2;144;42;9m⢉[38;2;157;56;24;48;2;151;49;15m▕[38;2;163;65;28;48;2;168;68;41m⡉[38;2;146;56;16;48;2;153;63;36m⢸[38;2;137;47;19;48;2;142;52;23m⡀[38;2;161;63;40;48;2;156;51;26m⢠[38;2;149;49;24;48;2;125;36;12m▍[38;2;124;33;14;48;2;132;44;24m▍[38;2;127;39;18;48;2;130;41;22m⡈[38;2;142;49;28;48;2;144;49;28m▏[38;2;136;41;21;48;2;120;27;5m▍[38;2;131;36;8;48;2;137;42;17m⣡[38;2;134;36;11;48;2;128;29;5m⢠[38;2;131;31;8;48;2;124;28;2m▍[38;2;149;62;28;48;2;135;44;11m⢸[38;2;149;62;37;48;2;153;68;46m⣄[38;2;110;14;2;48;2;145;57;49m⢸[38;2;127;34;16;48;2;133;37;10m▍[38;2;143;42;12;48;2;134;36;3m⣰[38;2;150;50;19;48;2;148;53;20m▏[38;2;142;59;24;48;2;140;50;15m⠈[38;2;140;63;29;48;2;137;59;25m▚[38;2;124;44;22;48;2;130;51;28m⢸[38;2;115;34;13;48;2;121;39;17m⢠[38;2;118;37;15;48;2;132;53;30m▊[38;2;130;51;29;48;2;105;25;8m▍[38;2;121;42;20;48;2;131;52;26m⡄[38;2;127;53;20;48;2;129;57;25m⡖[38;2;118;59;39;48;2;132;59;32m⠙[38;2;100;49;31;48;2;65;32;20m▍[38;2;47;21;21;48;2;32;11;14m▅[38;2;48;27;28;48;2;41;20;22m▅[38;2;43;22;24;48;2;51;30;32m⠋[0m
[38;2;70;60;59;48;2;58;53;50m▅[38;2;71;64;62;48;2;60;56;53m⣤[38;2;74;67;66;48;2;60;55;52m▃[38;2;75;68;66;48;2;60;56;53m⣤[38;2;75;67;66;48;2;55;50;47m⣤[38;2;75;65;66;48;2;52;47;43m⣤[38;2;72;61;60;48;2;49;41;39m⣤[38;2;68;59;58;48;2;46;36;34m⣤[38;2;65;57;54;48;2;49;39;36m▃[38;2;59;49;56;48;2;50;38;45m▃[38;2;55;44;52;48;2;57;39;49m⣤[38;2;55;39;49;48;2;57;41;51m▕[38;2;55;41;51;48;2;51;39;47m⣆[38;2;57;42;51;48;2;51;40;47m▃[38;2;51;39;50;48;2;54;41;49m⢃[38;2;55;39;49;48;2;56;44;48m⣀[38;2;53;40;50;48;2;56;43;52m⢠[38;2;45;30;41;48;2;51;38;48m⢸[38;2;37;23;29;48;2;44;24;33m⢈[38;2;32;13;15;48;2;34;21;31m⣀[38;2;30;17;22;48;2;37;20;19m⠙[38;2;40;22;22;48;2;22;13;15m▅[38;2;45;30;22;48;2;25;18;10m▅[38;2;34;26;17;48;2;46;30;23m⠉[38;2;47;31;24;48;2;44;27;22m⢴[38;2;51;33;25;48;2;43;27;25m▃[38;2;48;32;27;48;2;43;26;26m⣤[38;2;37;20;21;48;2;47;32;27m⠹[38;2;41;29;28;48;2;32;18;18m⣀[38;2;36;25;26;48;2;30;17;23m▃[38;2;20;8;11;48;2;29;16;26m⠉[38;2;24;11;21;48;2;25;10;14m⣆[38;2;32;14;20;48;2;33;11;13m▃[38;2;26;11;11;48;2;31;15;15m▝[38;2;19;7;11;48;2;12;1;2m⡆[38;2;18;2;3;48;2;52;12;9m▊[38;2;110;47;27;48;2;80;31;18m⢠[38;2;124;53;26;48;2;132;52;23m⠁[38;2;129;45;17;48;2;141;52;24m⠃[38;2;138;52;23;48;2;126;38;9m▍[38;2;124;38;9;48;2;146;60;32m▊[38;2;147;60;31;48;2;155;70;42m⢸[38;2;155;63;27;48;2;159;66;36m⢈[38;2;158;60;24;48;2;160;68;31m▍[38;2;151;58;21;48;2;142;49;15m▍[38;2;100;26;7;48;2;139;54;25m⢸[38;2;78;8;0;48;2;70;7;4m▍[38;2;66;3;2;48;2;76;17;13m▊[38;2;109;53;42;48;2;93;37;26m⠸[38;2;100;53;39;48;2;111;62;47m⣀[38;2;108;63;49;48;2;113;67;51m⣤[38;2;102;65;52;48;2;111;72;53m⣀[38;2;89;55;41;48;2;110;72;53m▁[38;2;97;62;50;48;2;115;72;63m▁[38;2;102;64;54;48;2;119;78;71m⣀[38;2;100;68;54;48;2;109;72;61m⣈[38;2;93;61;51;48;2;102;69;59m⠹[38;2;94;60;51;48;2;84;55;44m⡆[38;2;93;63;53;48;2;85;57;46m▝[38;2;120;84;72;48;2;97;64;54m⠙[38;2;111;74;62;48;2;132;94;77m⣀[38;2;124;89;72;48;2;137;100;81m▃[38;2;129;95;72;48;2;134;99;76m⡆[38;2;137;101;77;48;2;143;103;81m⣆[38;2;148;107;85;48;2;142;106;80m⠊[38;2;153;111;89;48;2;147;106;83m▝[48;2;147;105;81m⠋[38;2;150;108;83;48;2;154;112;88m⢘[38;2;152;108;83;48;2;152;110;85m⠈[38;2;154;112;88;48;2;148;106;81m⠡[38;2;141;104;76;48;2;148;108;84m▅[38;2;150;108;86;48;2;138;100;80m⠉[38;2;136;98;80;48;2;131;92;79m⡅[38;2;112;79;64;48;2;124;84;71m⠰[38;2;115;78;67;48;2;107;74;60m⣤[38;2;119;81;63;48;2;111;72;60m⣡[38;2;115;75;63;48;2;118;79;66m⢋[38;2;121;79;63;48;2;125;88;66m⣁[38;2;127;86;66;48;2;133;92;71m⡉[38;2;134;92;71;48;2;138;96;74m⡁[38;2;137;91;75;48;2;146;100;80m⣁[38;2;148;109;88;48;2;144;98;81m⠉[38;2;144;98;82;48;2;154;112;90m⣤[38;2;144;100;78;48;2;155;113;91m⣤[38;2;160;108;86;48;2;146;100;77m⠹[38;2;160;109;88;48;2;154;98;78m⠋[38;2;154;98;80;48;2;160;108;85m▃[38;2;155;104;79;48;2;167;114;90m▅[38;2;163;102;79;48;2;152;83;61m▊[38;2;146;72;43;48;2;132;49;17m▍[38;2;136;48;13;48;2;147;58;18m▊[38;2;152;60;19;48;2;157;61;24m▊[38;2;162;66;33;48;2;165;68;40m⠓[38;2;135;41;15;48;2;158;65;38m⢸[38;2;138;43;17;48;2;148;53;27m▏[38;2;154;61;36;48;2;162;71;49m⠇[38;2;100;11;8;48;2;138;49;33m⢸[38;2;103;14;5;48;2;128;42;23m▏[38;2;127;40;17;48;2;138;47;28m▊[38;2;152;54;39;48;2;139;45;27m▊[38;2;122;31;18;48;2;113;25;10m⢠[38;2;134;43;19;48;2;128;32;5m▊[38;2;140;41;16;48;2;128;28;4m⢸[38;2;126;26;0;48;2;134;36;11m⠸[38;2;135;38;7;48;2;151;59;25m▏[38;2;143;54;42;48;2;149;61;45m▕[38;2;123;36;27;48;2;98;7;3m▍[38;2;111;22;12;48;2;134;41;18m▏[38;2;140;43;10;48;2;137;38;6m⠃[38;2;145;51;14;48;2;140;48;10m⠓[38;2;140;54;17;48;2;148;61;24m⠹[38;2;135;50;21;48;2;144;58;29m▅[38;2;134;51;24;48;2;130;48;22m⡀[38;2;118;42;18;48;2;102;23;3m▍[38;2;107;26;7;48;2;120;40;16m▍[38;2;108;26;6;48;2;129;50;28m▝[38;2;137;58;36;48;2;112;31;10m⢸[38;2;137;60;29;48;2;130;53;21m⡆[38;2;127;46;25;48;2;131;55;32m▅[38;2;122;57;43;48;2;88;43;29m▍[38;2;74;40;30;48;2;62;34;31m⡆[38;2;55;32;36;48;2;58;39;43m⠇[38;2;58;38;40;48;2;53;32;36m▅[0m
[38;2;54;37;43;48;2;68;52;57m⣤[38;2;60;44;49;48;2;72;56;60m▃[38;2;68;52;53;48;2;77;64;64m⣤[38;2;72;58;59;48;2;81;72;71m⣤[38;2;80;64;64;48;2;88;75;72m⣀[38;2;94;81;78;48;2;84;73;71m⠶[38;2;100;89;88;48;2;88;78;76m⠶[38;2;86;81;78;48;2;79;75;72m⣆[38;2;90;86;88;48;2;72;68;65m▁[38;2;84;83;79;48;2;62;58;56m▁[38;2;85;85;79;48;2;57;50;56m⣀[38;2;100;98;93;48;2;51;44;48m⣀[38;2;94;92;94;48;2;57;42;53m⣀[38;2;85;81;83;48;2;55;42;60m⣀[38;2;90;84;79;48;2;58;41;51m⣀[38;2;89;82;78;48;2;55;38;48m⣀[38;2;102;98;93;48;2;52;37;46m⣀[38;2;105;100;98;48;2;40;25;37m▃[38;2;112;110;105;48;2;33;15;21m▃[38;2;109;104;97;48;2;32;13;9m▃[38;2;112;105;98;48;2;36;16;12m▃[38;2;82;70;64;48;2;42;21;17m⡀[38;2;30;11;6;48;2;49;28;21m▃[38;2;37;18;8;48;2;49;30;21m⣄[38;2;42;20;15;48;2;50;31;21m⣄[38;2;44;22;16;48;2;55;36;22m▃[38;2;50;29;20;48;2;57;39;29m▃[38;2;45;24;15;48;2;57;37;27m▁[38;2;50;27;19;48;2;55;33;29m⡀[38;2;45;29;30;48;2;56;32;32m⠉[38;2;38;24;30;48;2;50;30;36m⠙[38;2;38;19;25;48;2;22;14;22m⡄[38;2;25;8;12;48;2;28;16;20m⡀[38;2;30;13;16;48;2;33;17;18m⣀[38;2;24;8;8;48;2;28;13;15m⢸[38;2;82;39;29;48;2;38;4;5m⢰[38;2;100;47;32;48;2;132;64;38m▍[38;2;133;59;29;48;2;122;48;18m▍[38;2;125;51;24;48;2;137;56;25m⣄[38;2;129;47;17;48;2;121;38;8m▏[38;2;134;50;29;48;2;134;48;20m⢴[38;2;143;59;37;48;2;153;70;40m▏[38;2;158;71;32;48;2;151;59;27m▊[38;2;150;56;23;48;2;142;52;12m⡌[38;2;152;63;30;48;2;136;53;22m⠇[38;2;94;18;6;48;2;127;52;21m⢸[38;2;71;4;3;48;2;62;5;0m⠋[38;2;65;16;8;48;2;62;2;2m⢰[38;2;81;41;29;48;2;74;27;13m⢸[38;2;72;37;27;48;2;86;46;32m▃[38;2;88;48;39;48;2;56;24;19m⠋[38;2;79;47;36;48;2;51;23;20m▔[38;2;37;10;6;48;2;63;30;22m⣤[38;2;71;38;24;48;2;48;19;13m⠉[38;2;72;41;28;48;2;46;21;19m▔[38;2;82;52;39;48;2;41;14;8m⠉[38;2;41;19;12;48;2;91;62;51m▅[38;2;46;24;11;48;2;88;62;51m⣤[38;2;51;23;12;48;2;81;51;40m⣀[38;2;78;43;32;48;2;82;51;40m⠰[38;2;98;61;48;48;2;75;42;31m⠉[38;2;79;48;36;48;2;115;77;65m⣤[38;2;98;65;46;48;2;119;88;67m⣄[38;2;112;80;56;48;2;125;90;67m⡀[38;2;130;98;74;48;2;137;102;77m⡄[38;2;146;109;82;48;2;140;102;78m⠺[38;2;145;108;82;48;2;149;112;85m⠠[38;2;144;107;80;48;2;146;109;82m⣆[38;2;139;102;75;48;2;145;108;81m⢸[38;2;133;98;71;48;2;142;105;78m⣤[38;2;128;91;66;48;2;134;98;72m▃[38;2;118;80;60;48;2;132;97;71m▅[38;2;111;73;55;48;2;127;88;74m▅[38;2;118;79;65;48;2;110;72;54m⠉[38;2;109;66;49;48;2;110;72;55m⣠[38;2;109;70;54;48;2;114;71;55m⣀[38;2;113;71;55;48;2;123;76;61m⣤[38;2;97;60;43;48;2;117;74;58m▁[38;2;88;51;40;48;2;124;81;65m▁[38;2;92;52;37m⣀[38;2;100;58;42;48;2;129;87;70m⣀[38;2;100;58;41;48;2;134;88;71m⣀[38;2;109;72;53;48;2;135;91;74m▁[38;2;125;84;63;48;2;137;91;73m▁[38;2;134;86;67;48;2;145;91;74m⣀[38;2;130;82;63;48;2;145;89;72m⣤[38;2;132;77;58;48;2;146;90;73m⣤[38;2;139;83;65;48;2;147;92;75m⣤[38;2;147;92;72;48;2;135;76;61m⠋[38;2;136;65;45;48;2;127;53;23m▍[38;2;127;47;15;48;2;148;62;23m▊[38;2;158;64;26;48;2;152;61;20m⡊[38;2;150;56;24;48;2;162;69;37m⢠[38;2;149;56;28;48;2;138;41;10m⢁[38;2;162;61;30;48;2;165;72;45m⠃[38;2;120;37;23;48;2;165;73;52m⢰[38;2;104;20;12;48;2;88;9;3m⠁[38;2;131;47;36;48;2;114;30;19m⢸[38;2;122;42;17;48;2;132;48;29m⠙[38;2;132;56;35;48;2;140;57;36m▕[38;2;123;52;28;48;2;110;32;13m⡀[38;2;132;46;23;48;2;124;32;7m⠃[38;2;131;33;8;48;2;127;30;5m⢰[38;2;129;29;5;48;2;135;42;11m▊[38;2;144;56;23;48;2;146;59;26m▍[38;2;149;66;41;48;2;121;42;24m▊[38;2;103;25;13;48;2;94;16;5m▍[38;2;109;20;5;48;2;133;38;15m▍[38;2;142;44;14;48;2;135;37;5m⡐[38;2;146;54;20;48;2;133;44;9m⠇[38;2;142;55;19;48;2;148;61;29m▍[38;2;143;54;20;48;2;137;49;19m⡆[38;2;145;59;34;48;2;139;53;23m⢰[38;2;129;46;30;48;2;98;16;2m▍[38;2;102;21;3;48;2;114;33;13m▏[38;2;123;44;17;48;2;136;58;30m▏[38;2;109;29;6;48;2;132;53;27m▊[38;2;135;57;30;48;2;131;53;22m⠇[38;2;128;51;20;48;2;127;55;28m⡃[38;2;92;49;28;48;2;116;58;40m▝[38;2;83;42;24;48;2;70;37;22m⡄[38;2;55;39;41;48;2;58;37;37m▝[38;2;53;37;38;48;2;53;33;36m⠊[0m
[38;2;48;30;31;48;2;45;27;28m⢠[38;2;49;31;32;48;2;51;33;36m⠃[38;2;58;42;43;48;2;52;36;37m⠈[38;2;65;47;48;48;2;56;41;41m⠉[38;2;74;57;57;48;2;61;42;43m⠙[38;2;65;51;50;48;2;74;66;67m⡖[38;2;85;79;76;48;2;104;102;97m⠋[38;2;98;89;86;48;2;102;102;93m⠁[38;2;102;98;98;48;2;109;107;100m⢉[38;2;109;106;98;48;2;102;102;97m⣀[38;2;108;106;98;48;2;102;102;95m⣈[38;2;105;102;97;48;2;111;108;101m⠶[38;2;113;110;105;48;2;103;100;93m⣤[38;2;114;110;103;48;2;102;98;90m⣤[38;2;113;114;102;48;2;102;103;90m⣤[38;2;112;112;100m⣠[38;2;116;113;104;48;2;107;104;95m▃[38;2;122;119;109;48;2;112;109;100m▃[38;2;122;119;110;48;2;116;113;104m⣀[38;2;125;123;114;48;2;114;112;103m▃[38;2;126;123;114;48;2;118;117;107m⣆[38;2;60;50;44;48;2;117;113;105m▝[38;2;118;115;106;48;2;36;21;16m▅[38;2;124;122;110;48;2;41;27;21m▅[38;2;124;122;112;48;2;42;32;22m▅[38;2;120;122;109;48;2;50;37;27m▅[38;2;133;131;122;48;2;55;41;36m▅[38;2;140;136;127;48;2;53;38;30m▅[38;2;136;138;127;48;2;62;46;40m▅[38;2;138;137;125;48;2;66;49;44m▅[38;2;140;139;127;48;2;63;51;46m▅[38;2;60;51;45;48;2;139;137;125m⠉[38;2;52;45;40;48;2;138;144;129m⠉[48;2;141;150;135m⠉[38;2;63;45;43;48;2;149;154;142m⠉[38;2;95;52;46;48;2;150;155;143m⠉[38;2;153;153;139;48;2;119;77;62m▅[38;2;150;149;135;48;2;118;68;53m▅[38;2;181;164;155;48;2;120;63;48m⣤[38;2;174;153;137;48;2;122;39;18m▃[38;2;153;126;112;48;2;123;42;20m⣀[38;2;148;123;108;48;2;142;62;33m⣀[38;2;149;131;117;48;2;143;61;41m⣀[38;2;163;137;121;48;2;117;53;29m▃[38;2;171;149;130;48;2;128;65;37m⣤[38;2;158;157;135;48;2;109;67;52m▅[38;2;102;69;61;48;2;155;152;136m⠉[38;2;88;60;49;48;2;154;147;130m⠉[38;2;160;152;134;48;2;75;45;36m▅[38;2;175;163;147;48;2;65;27;18m▃[38;2;156;139;130;48;2;38;8;8m⡀[38;2;60;31;27;48;2;37;1;4m⢠[38;2;51;28;27;48;2;98;80;72m⠋[38;2;77;63;60;48;2;110;97;93m▔[38;2;79;75;68;48;2;66;62;52m⠂[38;2;55;40;36;48;2;74;65;57m⠨[38;2;147;131;130;48;2;39;25;18m⠒[38;2;72;60;52;48;2;51;33;25m⢢[38;2;73;61;52;48;2;44;16;13m⣤[38;2;110;88;81;48;2;58;27;17m⣀[38;2;76;47;37;48;2;55;24;14m⡙[38;2;67;37;26;48;2;72;42;31m⡈[38;2;85;55;37;48;2;72;44;32m⠈[38;2;90;58;45;48;2;108;76;57m⣆[38;2;123;88;67;48;2;133;100;74m▍[38;2;140;102;79;48;2;154;116;97m⠋[38;2;163;125;102;48;2;149;111;88m⣤[38;2;164;126;103;48;2;149;112;88m⡄[38;2;138;101;74;48;2;144;107;80m⠈[38;2;126;88;69;48;2;134;98;72m⢠[38;2;124;88;68;48;2;116;78;60m⠇[38;2;115;76;58;48;2;108;70;53m▔[38;2;100;62;47;48;2;105;68;51m⢠[38;2;100;60;48;48;2;106;68;52m⣰[38;2;90;51;39;48;2;102;62;47m⣠[38;2;98;63;46;48;2;75;42;26m⠋[38;2;95;57;45;48;2;71;38;26m▔[38;2;79;60;48;48;2;69;39;24m⢀[38;2;97;82;72;48;2;63;36;28m⣀[38;2;70;59;48;48;2;51;21;16m⣀[38;2;65;47;40;48;2;49;16;11m⣀[38;2;69;37;29;48;2;50;16;11m⡉[38;2;36;11;8;48;2;85;57;45m⣤[38;2;38;11;10;48;2;81;50;24m⣤[38;2;66;32;23;48;2;89;55;43m⡄[38;2;126;78;59;48;2;86;45;32m⠙[38;2;95;53;39;48;2;126;75;58m▃[38;2;110;64;44;48;2;122;72;52m▁[38;2;120;61;51;48;2;131;71;51m▅[38;2;124;52;36;48;2;113;43;27m▍[38;2;143;60;39;48;2;116;45;19m⢸[38;2;162;68;37;48;2;152;61;33m⢱[38;2;165;69;42;48;2;131;39;13m⠃[38;2;139;45;19;48;2;158;62;39m⠇[38;2;131;52;33;48;2;160;65;41m⢠[38;2;131;49;25;48;2;98;33;15m⠁[38;2;92;23;8;48;2;90;17;4m⣀[38;2;107;32;14;48;2;128;51;31m▍[38;2;127;44;20;48;2;120;36;17m▕[38;2;152;72;42;48;2;134;52;26m⢠[38;2;133;58;34;48;2;119;45;24m▍[38;2;110;18;3;48;2;117;31;17m⢸[38;2;130;34;13;48;2;116;21;0m⢸[38;2;132;49;20;48;2;120;36;5m▕[38;2;142;62;38;48;2;137;54;25m⣰[38;2;124;45;23;48;2;138;64;44m⢸[38;2;115;36;22;48;2;100;19;9m⡄[38;2;137;41;19;48;2;114;22;11m▝[38;2;140;39;11;48;2;127;28;4m⠇[38;2;136;45;11;48;2;152;60;29m▊[38;2;155;62;29;48;2;137;46;13m▍[38;2;142;52;24;48;2;140;52;19m⣢[38;2;139;53;22;48;2;141;58;30m⠃[38;2;120;42;20;48;2;106;24;8m▍[38;2;129;53;27;48;2;116;39;15m⢀[38;2;127;51;22;48;2;138;62;38m⠇[38;2;118;41;18;48;2;136;60;32m▊[38;2;137;61;32;48;2;116;38;9m▍[38;2;129;57;33;48;2;124;51;23m⠺[38;2;121;58;38;48;2;105;55;32m▊[38;2;72;47;34;48;2;82;46;28m⢸[38;2;52;31;27;48;2;57;38;32m▅[38;2;54;34;31;48;2;51;31;33m▏[0m
[38;2;43;29;29;48;2;46;32;32m⠇[38;2;47;33;33;48;2;51;39;39m▊[38;2;50;38;38;48;2;52;38;39m⣤[38;2;47;34;34;48;2;52;39;40m⢠[38;2;45;28;29;48;2;56;40;40m▃[38;2;53;44;42;48;2;93;89;85m▊[38;2;97;100;88;48;2;104;105;95m⢰[38;2;100;92;83;48;2;102;98;88m⡀[38;2;106;103;93;48;2;98;98;88m⡉[38;2;100;98;88;48;2;106;103;94m⡂[38;2;102;98;90;48;2;107;104;94m⢠[38;2;98;94;85;48;2;110;107;98m▅[38;2;93;91;79;48;2;106;103;93m▃[48;2;104;102;90m▃[38;2;103;102;89;48;2;95;93;81m⠋[38;2;106;105;93;48;2;98;98;84m▔[38;2;111;108;100;48;2;98;97;84m▔[38;2;119;116;107;48;2;102;100;92m▔[38;2;104;102;93;48;2;115;112;102m▅[38;2;117;114;104;48;2;97;93;86m⠉[38;2;117;114;105;48;2;100;97;88m⠉[38;2;135;132;124;48;2;110;108;99m⢀[38;2;168;167;161;48;2;116;113;104m▁[38;2;166;164;162;48;2;115;112;106m▁[38;2;165;163;162;48;2;121;118;109m▁[38;2;158;161;156;48;2;126;124;112m▁[38;2;168;164;157;48;2;128;126;115m▁[38;2;163;157;152;48;2;131;128;119m▁[38;2;162;162;155;48;2;130;128;117m▁[38;2;161;158;151;48;2;130;127;118m▁[38;2;164;162;157;48;2;131;128;120m▁[38;2;162;159;154;48;2;131;129;117m▁[38;2;170;166;167;48;2;138;132;131m▁[38;2;130;125;116;48;2;144;155;140m⠶[38;2;124;124;116;48;2;140;144;138m⠦[38;2;139;137;132;48;2;150;155;144m⠶[38;2;168;168;164;48;2;141;138;131m▁[38;2;171;172;166;48;2;144;138;131m▁[38;2;135;132;127;48;2;152;150;138m⠤[38;2;141;142;128;48;2;167;158;142m⠤[38;2;149;145;129;48;2;175;158;144m⠶[38;2;189;189;189;48;2;157;153;142m▁[38;2;152;150;141;48;2;171;163;148m⠶[38;2;144;143;131;48;2;173;163;148m⠶[38;2;175;164;154;48;2;153;142;132m⣃[38;2;194;188;187;48;2;154;141;137m▁[38;2;196;197;193;48;2;156;147;140m▁[38;2;187;186;178;48;2;154;145;134m▁[38;2;193;191;184;48;2;148;141;125m▁[38;2;173;166;158;48;2;139;133;121m⣈[38;2;200;183;176;48;2;142;132;123m⣁[38;2;163;142;136;48;2;72;45;42m⡄[38;2;100;75;68;48;2;73;40;38m⠙[38;2;68;42;34;48;2;109;91;81m⣀[38;2;122;108;100;48;2;70;64;53m⠦[38;2;89;76;70;48;2;80;70;62m⡌[38;2;100;79;65;48;2;82;70;58m⢒[38;2;128;109;95;48;2;83;77;60m⠠[38;2;88;62;51;48;2;128;115;104m⣁[38;2;93;61;46;48;2;134;107;97m▃[38;2;118;84;75;48;2;91;59;50m⠃[38;2;106;76;66;48;2;78;49;39m⣠[38;2;97;68;57;48;2;81;54;44m▅[38;2;91;59;45;48;2;106;72;56m▊[38;2;146;109;89;48;2;126;88;68m⢸[38;2;160;122;100;48;2;157;119;100m⠆[38;2;167;129;106;48;2;164;124;104m⢉[38;2;156;118;93;48;2;162;125;100m⢘[38;2;152;115;88;48;2;145;108;81m⠇[38;2;137;100;73;48;2;124;88;65m▍[38;2;131;95;72;48;2;123;85;64m⣀[38;2;122;85;68;48;2;115;78;59m⣆[38;2;130;93;75;48;2;107;71;53m⣀[38;2;129;97;80;48;2;100;60;48m⡄[38;2;92;53;42;48;2;83;42;32m⢁[38;2;103;63;55;48;2;64;26;16m▃[38;2;65;41;26;48;2;115;88;74m⠋[38;2;102;80;68;48;2;136;116;102m⠁[38;2;95;82;68;48;2;137;119;105m⢸[38;2;75;64;55;48;2;91;80;78m▍[38;2;138;121;116;48;2;64;53;50m⠈[38;2;158;141;137;48;2;60;52;43m⠁[38;2;62;44;40;48;2;84;71;58m⠉[38;2;102;77;70;48;2;59;40;31m⣠[38;2;49;16;10;48;2;94;67;64m⠹[38;2;72;39;38;48;2;48;13;12m⡉[38;2;62;25;17;48;2;80;41;28m⣄[38;2;102;57;39;48;2;85;45;29m⠈[38;2;90;38;29;48;2;107;53;41m⣤[38;2;105;50;34;48;2;95;36;18m⢁[38;2;120;55;30;48;2;140;59;32m▏[38;2;137;46;18;48;2;148;54;27m⢰[38;2;129;42;14;48;2;149;53;28m⠇[38;2;134;62;41;48;2;153;62;44m⢀[38;2;135;55;36;48;2;113;55;30m⠃[38;2;92;39;26;48;2;92;30;18m⡆[38;2;108;37;17;48;2;92;26;10m⢠[38;2;119;40;18;48;2;128;49;27m⢡[38;2;138;50;24;48;2;121;36;13m⢰[38;2;149;61;34;48;2;151;72;46m▍[38;2;135;59;33;48;2;118;49;23m▍[38;2;98;21;8;48;2;105;27;15m⢘[38;2;118;37;15;48;2;102;18;10m⠸[38;2;139;61;30;48;2;120;38;8m⢸[38;2;144;61;38;48;2;151;72;50m⠇[38;2;139;58;43;48;2;128;49;23m⠃[38;2;108;31;5;48;2;130;51;22m⢸[38;2;109;19;5;48;2;116;28;13m⡆[38;2;131;38;17;48;2;117;25;4m⠈[38;2;137;45;18;48;2;146;53;23m▍[38;2;137;46;13;48;2;142;51;19m⠋[38;2;148;62;31;48;2;145;58;27m▃[38;2;128;47;23;48;2;141;59;30m⢠[38;2;98;23;6;48;2;122;43;19m⢸[38;2;123;49;26;48;2;111;30;12m⢸[38;2;132;57;33;48;2;138;61;39m▕[38;2;113;44;17;48;2;128;55;29m▊[38;2;122;38;12;48;2;133;57;33m⢸[38;2;121;42;13;48;2;125;52;27m▊[38;2;129;57;33;48;2;114;59;42m▊[38;2;95;54;40;48;2;67;36;27m▍[38;2;52;28;26;48;2;51;36;28m⣀[38;2;43;26;29;48;2;47;34;37m⣀[0m
[38;2;47;33;33;48;2;37;23;23m⠙[38;2;40;27;27;48;2;48;36;36m⣤[38;2;55;44;44;48;2;52;40;40m⢰[38;2;51;43;42;48;2;53;37;38m▅[38;2;37;30;28;48;2;32;20;18m▊[38;2;80;72;70;48;2;34;23;21m⢸[38;2;89;85;80;48;2;106;105;100m▕[38;2;63;50;43;48;2;80;72;70m⠓[38;2;115;110;100;48;2;93;98;85m⠁[38;2;88;89;78;48;2;98;98;88m⠳[38;2;86;83;76;48;2;102;98;90m⠤[38;2;104;102;90;48;2;95;93;81m⠓[38;2;87;84;72;48;2;100;98;86m▃[38;2;88;86;74;48;2;106;104;92m⣤[38;2;89;88;75m⣤[38;2;91;88;77;48;2;109;105;94m⣤[38;2;94;90;79;48;2;112;109;98m▅[38;2;114;110;105;48;2;89;84;80m⠉[38;2;91;86;82;48;2;113;110;106m⠶[38;2;95;89;85;48;2;112;109;105m⠶[38;2;118;116;110;48;2;100;100;90m▁[38;2;144;145;140;48;2;212;212;206m▍[38;2;189;193;195;48;2;209;217;220m⢀[38;2;200;200;200;48;2;95;96;96m⠉[38;2;188;190;189;48;2;211;210;216m⣀[38;2;196;199;197;48;2;97;96;98m⠉[38;2;204;202;200;48;2;210;208;206m▕[38;2;128;124;126;48;2;211;204;203m⡆[38;2;190;190;185;48;2;212;215;216m▔[38;2;121;121;122;48;2;189;189;191m⡆[38;2;128;126;128;48;2;211;209;214m⢰[38;2;213;210;210;48;2;218;216;216m⣤[38;2;207;214;213;48;2;222;220;227m▃[38;2;117;117;119;48;2;206;203;212m⠶[38;2;202;202;204;48;2;113;113;116m⢉[38;2;116;116;118;48;2;206;206;208m⠆[38;2;130;128;133;48;2;201;198;206m⡆[38;2;117;116;117;48;2;216;216;214m⢰[38;2;115;115;117;48;2;196;194;202m⠖[38;2;114;114;116;48;2;209;208;212m⢢[38;2;203;206;200;48;2;209;212;206m▕[38;2;119;118;120;48;2;213;213;213m⣆[38;2;115;115;117;48;2;213;216;214m⣰[38;2;206;213;210;48;2;205;213;211m▕[38;2;134;135;137;48;2;208;211;210m⠶[38;2;211;209;207;48;2;114;114;115m⢉[38;2;137;136;139;48;2;213;215;211m⠆[38;2;109;107;113;48;2;210;207;217m⢰[38;2;131;130;134;48;2;207;204;213m⠒[38;2;145;144;147;48;2;209;208;212m⠂[38;2;217;213;207;48;2;219;219;221m▔[38;2;129;102;95;48;2;210;196;188m⢸[38;2;111;72;59;48;2;79;47;38m▃[38;2;104;65;52;48;2;76;47;38m⣤[38;2;102;58;53;48;2;73;43;33m⣤[38;2;97;60;52;48;2;76;46;41m⣤[38;2;102;67;58;48;2;80;53;40m▃[38;2;120;86;76;48;2;94;62;52m⣀[38;2;124;90;80;48;2;107;73;64m⣨[38;2;127;93;83;48;2;104;72;58m⣤[38;2;117;83;73;48;2;110;77;64m▅[38;2;105;75;64;48;2;111;80;71m⢸[38;2;102;71;62;48;2;102;71;60m⢆[38;2;129;88;73;48;2;107;70;60m⢠[38;2;138;97;73;48;2;147;105;82m⠇[38;2;158;112;97;48;2;161;118;99m▚[38;2;162;115;90;48;2;165;119;98m▃[38;2;156;112;85;48;2;148;107;80m⣄[38;2;145;107;81;48;2;144;100;74m⠳[38;2;136;98;72;48;2;142;100;75m⢋[38;2;137;98;74;48;2;138;102;78m▅[38;2;125;88;69;48;2;131;93;72m⠸[38;2;143;107;89;48;2;130;92;73m▝[38;2;113;77;60;48;2;133;97;78m⠈[38;2;123;86;69;48;2;107;61;51m⣄[38;2;93;53;44;48;2;109;69;57m⠶[38;2;82;46;31;48;2;112;77;64m▅[38;2;77;46;32;48;2;139;116;102m⣤[38;2;74;46;36;48;2;136;123;107m▃[38;2;126;115;102;48;2;70;60;52m⠶[38;2;105;89;76;48;2;97;72;61m⠬[38;2;116;90;83;48;2;84;76;64m⡤[38;2;124;102;92;48;2;67;58;42m⠴[38;2;77;50;39;48;2;125;98;86m⣤[38;2;124;85;83;48;2;79;42;30m⠁[38;2;89;53;43;48;2;72;37;26m⣠[38;2;100;59;47;48;2;72;30;18m▅[38;2;126;80;67;48;2;94;49;36m⣤[38;2;98;51;33;48;2;123;75;58m⠹[38;2;105;37;16;48;2;135;46;23m⠇[38;2;143;55;27;48;2;134;45;15m⠙[38;2;132;42;14;48;2;141;50;22m⠖[38;2;153;62;36;48;2;148;49;22m⢰[38;2;146;60;41;48;2;122;58;35m⠇[38;2;109;58;43;48;2;114;59;39m⢸[38;2;89;32;19;48;2;95;45;33m⢸[38;2;100;29;11;48;2;121;43;27m▊[38;2;124;36;20;48;2;123;43;29m⢸[38;2;138;56;26;48;2;126;40;15m⢸[38;2;123;55;33;48;2;152;69;46m⢀[38;2;123;47;23;48;2;102;36;10m⠁[38;2;111;44;27;48;2;93;25;11m⡄[38;2;100;24;8;48;2;97;16;0m⢂[38;2;119;41;14;48;2;144;66;37m⠇[38;2;131;45;19;48;2;149;71;42m⢠[38;2;141;52;26;48;2;133;43;17m⢸[38;2;121;33;15;48;2;143;56;33m⠈[38;2;116;26;15;48;2;110;21;10m⢸[38;2;114;25;10;48;2;130;42;18m▊[38;2;136;48;18;48;2;147;58;27m▊[38;2;149;60;28;48;2;140;55;20m▍[38;2;151;72;41;48;2;143;60;25m⢰[38;2;145;66;36;48;2;127;58;29m▍[38;2;104;36;16;48;2;125;55;37m⢸[38;2;104;32;10;48;2;126;53;29m▍[38;2;130;56;32;48;2;135;61;38m⠶[38;2;110;40;15;48;2;134;60;37m▊[38;2;119;33;12;48;2;136;63;40m⢸[38;2;129;50;24;48;2;117;32;9m⢸[38;2;127;56;31;48;2;132;58;39m⢃[38;2;76;39;29;48;2;104;47;37m⢸[38;2;55;25;24;48;2;45;16;20m⠃[38;2;38;13;19;48;2;41;17;29m⣤[0m
[38;2;40;27;31;48;2;30;18;18m▃[38;2;39;26;30;48;2;36;23;23m⣈[38;2;48;36;36;48;2;41;28;28m⠸[38;2;44;38;40;48;2;48;42;44m▃[38;2;36;28;30;48;2;43;37;40m⢸[38;2;71;65;63;48;2;42;31;36m⢸[38;2;97;84;86;48;2;105;107;102m▁[38;2;115;115;109;48;2;102;100;95m⠦[38;2;107;104;93;48;2;95;98;90m⣤[38;2;109;102;97;48;2;94;89;81m▃[38;2;103;100;95;48;2;89;85;80m⢉[38;2;109;106;101;48;2;114;117;110m⢓[38;2;79;80;73;48;2;110;107;98m⣰[38;2;102;98;88;48;2;86;81;77m⠉[48;2;86;82;75m⠉[38;2;96;92;83;48;2;91;87;76m▕[38;2;215;208;205;48;2;130;127;119m⢰[38;2;152;153;148;48;2;221;217;215m⠉[38;2;168;170;165;48;2;210;216;210m⠉[38;2;174;178;176;48;2;217;214;219m⠉[38;2;147;150;149;48;2;216;216;224m▔[38;2;199;202;205;48;2;213;220;222m⠁[38;2;103;103;104;48;2;215;218;222m⢸[38;2;198;195;204;48;2;110;109;111m⢰[38;2;177;175;183;48;2;108;106;109m▕[38;2;190;198;195;48;2;102;102;105m⡆[38;2;193;191;196;48;2;209;211;209m▕[38;2;98;97;102;48;2;208;206;212m⢇[38;2;116;115;120;48;2;212;215;218m⣀[38;2;115;114;120;48;2;208;206;213m▊[38;2;112;112;113;48;2;214;211;219m⢸[38;2;125;123;126;48;2;221;219;227m⣆[38;2;145;144;151;48;2;222;219;229m⣀[38;2;190;188;197;48;2;219;216;225m▕[38;2;110;109;113;48;2;204;209;209m▊[38;2;191;189;198;48;2;205;213;211m▕[38;2;201;198;206;48;2;120;118;123m⢸[38;2;97;95;98;48;2;205;212;211m⢸[38;2;214;211;221;48;2;104;102;106m⠰[38;2;203;201;209;48;2;104;104;107m⠆[38;2;205;213;211;48;2;213;210;219m▁[38;2;215;210;222;48;2;106;104;107m▊[38;2;208;205;214;48;2;98;98;100m⢸[38;2;205;213;210;48;2;216;213;223m⢰[38;2;182;180;185;48;2;215;215;223m▕[38;2;113;112;115;48;2;212;209;216m▊[38;2;224;221;230;48;2;219;216;225m⠉[38;2;217;213;223;48;2;91;91;91m▍[38;2;210;205;217;48;2;106;105;109m⠶[38;2;137;135;142;48;2;216;214;222m⡁[38;2;213;204;212;48;2;217;214;225m▕[38;2;130;100;94;48;2;196;181;183m⢸[38;2;120;84;72;48;2;127;91;79m⠋[38;2;133;96;78;48;2;126;82;72m⣤[38;2;136;93;77;48;2;124;80;72m▅[38;2;126;82;74;48;2;137;94;82m⠉[38;2;142;102;90;48;2;131;93;83m⢤[38;2;129;94;84;48;2;138;100;91m⢉[38;2;136;100;90;48;2;131;93;84m⠖[38;2;130;94;84;48;2;128;90;81m⡂[38;2;116;80;71;48;2;123;88;79m⢸[38;2;110;75;66;48;2;108;72;64m⠧[38;2;118;75;65;48;2;110;74;61m⢴[38;2;127;83;72;48;2;141;95;80m▍[38;2;146;104;82;48;2;152;107;91m⠋[38;2;159;113;90;48;2;157;109;88m⠡[38;2;161;113;90;48;2;166;118;97m▚[38;2;157;113;88;48;2;147;103;78m⠃[38;2;145;102;76;48;2;143;99;74m⢸[38;2;147;103;78;48;2;143;100;75m⣰[38;2;146;102;78;48;2;141;102;76m⣀[38;2;151;108;83;48;2;138;102;75m⣀[38;2;144;104;84;48;2;133;98;79m⣤[38;2;140;103;85;48;2;145;106;85m⠊[38;2;129;88;72;48;2;142;105;88m⠹[38;2;119;80;64;48;2;128;89;73m⠙[38;2;129;91;73;48;2;102;65;48m▅[38;2;126;88;71;48;2;102;64;47m⣤[38;2;98;61;45;48;2;116;78;60m⠋[38;2;117;79;60;48;2;88;56;45m⣤[38;2;89;58;44;48;2;116;82;64m⠋[38;2;127;86;71;48;2;100;63;60m▃[38;2;127;87;71;48;2;102;69;62m⣤[38;2;127;88;73;48;2;102;65;52m⣤[38;2;132;94;75;48;2;109;72;55m⣤[38;2;109;72;56;48;2;127;88;66m⠋[38;2;124;83;68;48;2;133;89;72m⠃[38;2;133;85;70;48;2;137;91;72m⠋[38;2;130;64;45;48;2;134;81;62m⢸[38;2;127;54;32;48;2;133;44;19m⠃[38;2;134;43;15;48;2;131;39;11m▍[38;2;141;52;21;48;2;138;42;16m⢀[38;2;129;56;27;48;2;138;53;22m⢰[38;2;121;58;33;48;2;120;65;44m⠃[38;2;109;57;41;48;2;119;63;48m⢸[38;2;98;39;22;48;2;103;47;34m⢸[38;2;128;50;41;48;2;101;32;19m⢸[38;2;131;47;38;48;2;123;39;20m▍[38;2;127;43;19;48;2;142;63;44m▍[38;2;134;58;39;48;2;90;29;15m⠇[38;2;74;16;6;48;2;88;30;13m⠇[38;2;98;28;9;48;2;100;38;20m⢘[38;2;126;55;26;48;2;97;24;5m⢰[38;2;143;60;36;48;2;148;66;41m⢠[38;2;135;53;19;48;2;126;37;5m⠃[38;2;147;55;23;48;2;135;44;10m⢸[38;2;148;60;36;48;2;140;47;20m⠙[38;2;135;49;25;48;2;122;31;12m▏[38;2;134;44;17;48;2;119;30;8m⢸[38;2;142;49;22;48;2;136;43;16m⢸[38;2;130;46;18;48;2;144;62;29m▊[38;2;146;65;37;48;2;152;72;47m⠁[38;2;139;70;45;48;2;130;60;37m⠃[38;2;104;36;10;48;2;125;56;30m⢸[38;2;103;30;6;48;2;124;50;26m▍[38;2;127;53;29;48;2;132;58;34m⡀[38;2;122;49;24;48;2;133;58;34m⠃[38;2;127;55;31;48;2;112;33;12m⠃[38;2;136;58;27;48;2;113;34;7m⢸[38;2;129;58;30;48;2;137;59;29m▝[38;2;114;58;38;48;2;80;33;23m▊[38;2;66;21;14;48;2;38;7;11m▏[38;2;25;1;6;48;2;36;11;17m⢠[0m
[38;2;31;29;30;48;2;42;31;36m⢀[38;2;32;22;25;48;2;41;28;32m▃[38;2;37;24;28;48;2;41;28;34m▍[38;2;39;30;39;48;2;41;33;41m▅[38;2;36;27;36;48;2;39;32;40m⢸[38;2;48;32;42;48;2;33;22;30m⠈[38;2;72;57;60;48;2;37;20;29m▔[38;2;57;39;34;48;2;78;56;47m⡆[38;2;77;60;53;48;2;106;93;87m▊[38;2;122;113;106;48;2;113;108;100m▊[38;2;111;112;107;48;2;109;106;98m⠸[38;2;84;89;82;48;2;114;111;106m▝[38;2;89;86;81;48;2;79;76;72m⡄[38;2;89;84;80;48;2;80;76;71m⠉[38;2;92;88;82;48;2;83;79;71m⠉[38;2;114;103;96;48;2;85;78;69m▕[38;2;147;137;129;48;2;214;210;209m▍[38;2;55;42;41;48;2;205;202;205m⢠[38;2;53;27;26;48;2;204;200;211m▅[38;2;69;53;55;48;2;206;199;209m▅[38;2;134;88;76;48;2;207;199;210m▅[38;2;136;91;77;48;2;206;200;209m▅[38;2;141;95;86;48;2;209;204;212m▅[38;2;142;100;86;48;2;204;199;207m▅[38;2;102;60;52;48;2;210;205;212m⣤[38;2;105;72;62;48;2;210;205;213m⣤[38;2;200;160;132;48;2;217;211;222m▃[38;2;210;162;135;48;2;208;204;215m▃[38;2;211;163;136;48;2;210;207;217m▃[38;2;212;171;137m▃[38;2;202;158;131;48;2;215;206;216m▃[38;2;216;173;129;48;2;213;203;212m▃[38;2;213;173;120;48;2;216;208;214m▃[38;2;219;176;121;48;2;215;211;219m▃[38;2;215;164;117;48;2;215;205;213m▃[38;2;212;164;120;48;2;218;215;224m▃[38;2;213;166;125;48;2;219;209;218m▃[38;2;219;171;130;48;2;212;211;218m▃[38;2;214;165;130;48;2;209;208;216m▃[38;2;215;165;130;48;2;213;209;222m▃[38;2;214;163;130;48;2;214;210;221m▃[38;2;203;155;125;48;2;212;208;218m▃[48;2;210;207;216m▃[38;2;215;170;134;48;2;212;209;218m▃[38;2;215;162;132;48;2;218;215;225m▃[38;2;217;161;128;48;2;214;205;215m▃[38;2;218;167;131;48;2;218;216;225m▃[38;2;227;174;132;48;2;215;211;222m▃[38;2;218;165;130;48;2;216;205;213m▃[38;2;212;163;128;48;2;215;203;216m▃[38;2;205;203;193;48;2;219;205;210m⣀[38;2;135;104;100;48;2;177;166;168m⢸[38;2;129;95;77;48;2;122;88;76m⣈[38;2;128;91;74;48;2;132;95;77m⠮[38;2;131;94;75;48;2;134;98;76m▃[38;2;137;100;81;48;2;133;95;76m⠈[38;2;133;99;84;48;2;134;98;78m⠈[38;2;134;102;84;48;2;134;100;79m⠒[38;2;128;91;76;48;2;134;97;83m▃[38;2;128;90;81;48;2;119;81;69m⠋[38;2;123;85;76;48;2;111;73;66m⠁[38;2;114;72;64;48;2;110;73;64m▝[38;2;126;83;69;48;2;116;76;65m⢰[38;2;134;89;75;48;2;148;103;82m▍[38;2;153;107;90;48;2;157;111;93m⠉[38;2;161;113;93;48;2;156;111;91m▃[38;2;147;103;79;48;2;154;109;88m⢸[38;2;149;105;80;48;2;143;100;75m⠓[38;2;142;98;73;48;2;148;104;79m⣁[38;2;150;106;81;48;2;147;104;79m⢓[38;2;153;108;83;48;2;148;105;80m⡃[38;2;148;105;80;48;2;153;109;84m▍[38;2;152;108;84;48;2;154;111;86m⠃[38;2;162;117;94;48;2;156;111;88m▅[38;2;164;124;104;48;2;154;115;98m▃[38;2;136;98;79;48;2;150;112;93m⠈[38;2;151;113;94;48;2;138;102;81m⣀[38;2;143;105;86;48;2;138;100;81m⡄[38;2;145;106;88;48;2;137;100;80m⣠[38;2;132;94;75;48;2;147;110;91m⠉[38;2;154;112;94;48;2;142;102;83m▃[38;2;154;111;94;48;2;143;100;80m▅[38;2;157;115;94;48;2;148;108;88m⣤[38;2;161;114;93;48;2;147;105;85m⣤[38;2;157;115;93;48;2;147;106;88m⣠[38;2;156;112;88;48;2;139;100;77m⣤[38;2;152;108;83;48;2;145;98;76m⡄[38;2;147;100;76;48;2;148;102;77m▕[38;2;128;56;33;48;2;134;76;56m⢸[38;2;127;47;20;48;2;140;51;21m▍[38;2;129;38;10;48;2;134;41;14m▊[38;2;136;43;16;48;2;142;51;20m▊[38;2;128;65;40;48;2;144;61;30m⢸[38;2;121;66;43;48;2;121;66;47m⠁[38;2;106;59;40;48;2;113;70;48m⢸[38;2;98;34;19;48;2;110;43;29m⢈[38;2;113;37;25;48;2;126;51;37m▍[38;2;123;43;30;48;2;120;34;21m▚[38;2;105;45;26;48;2;132;56;37m⢰[38;2;93;38;20;48;2;83;27;14m⠇[38;2;80;27;11;48;2;89;30;13m⡆[38;2;106;34;11;48;2;94;28;9m⢡[38;2;120;47;22;48;2;143;68;41m⠃[38;2;134;46;18;48;2;143;62;32m⢸[38;2;137;42;16;48;2;123;32;5m⢸[38;2;145;51;24;48;2;138;46;18m▊[38;2;139;47;20;48;2;130;42;19m▊[38;2;125;36;13;48;2;113;22;1m⡀[38;2;114;26;4;48;2;129;42;13m▍[38;2;141;52;25;48;2;147;63;28m⢋[38;2;145;65;32;48;2;128;47;14m⢠[38;2;146;69;39;48;2;150;72;47m⠦[38;2;128;58;38;48;2;119;50;30m▊[38;2;98;22;12;48;2;114;45;25m⢸[38;2;127;46;26;48;2;105;29;14m⢸[38;2;131;48;28;48;2;146;63;43m▍[38;2;140;65;43;48;2;134;55;32m⠸[38;2;120;41;20;48;2;109;26;9m⠸[38;2;125;45;21;48;2;129;50;23m▊[38;2;134;58;28;48;2;141;71;47m▍[38;2;116;55;44;48;2;88;41;28m▊[38;2;73;28;19;48;2;42;9;11m▏[38;2;34;12;14;48;2;21;2;4m⣄[0m
[38;2;39;20;27;48;2;28;23;24m▃[38;2;30;20;24;48;2;36;19;30m⠓[38;2;39;18;23;48;2;37;24;29m▁[38;2;33;22;30;48;2;36;27;34m⣆[38;2;34;28;33;48;2;33;22;30m⠃[38;2;31;20;28;48;2;30;18;21m▊[38;2;38;21;17;48;2;33;18;15m▕[38;2;50;30;23;48;2;68;47;33m▍[38;2;103;90;74;48;2;73;57;41m⢸[38;2;104;103;94;48;2;117;107;100m▕[38;2;103;103;94;48;2;100;100;90m▕[38;2;107;104;95;48;2;112;110;104m⣠[38;2;88;85;77;48;2;78;73;71m▍[38;2;80;74;74;48;2;79;74;71m⠚[38;2;79;74;72;48;2;84;78;71m▅[38;2;118;110;100;48;2;80;71;61m▕[38;2;157;150;142;48;2;212;213;209m▍[38;2;203;200;205;48;2;75;56;62m▍[38;2;58;22;25;48;2;122;82;76m⠋[38;2;120;77;72;48;2;153;100;88m⠁[38;2;167;118;108;48;2;147;95;82m⣠[38;2;177;134;129;48;2;164;117;104m⣠[38;2;191;143;135;48;2;167;121;108m▅[38;2;152;106;89;48;2;179;127;121m⠉[38;2;95;48;45;48;2;142;95;81m▝[38;2;88;44;22;48;2;173;126;87m▊[38;2;191;145;102;48;2;196;132;68m▊[38;2;186;129;81;48;2;200;132;79m▕[38;2;100;83;70;48;2;202;142;83m⣤[38;2;228;161;90;48;2;229;165;102m⠋[38;2;211;160;111;48;2;206;146;82m⣀[38;2;95;84;72;48;2;214;159;100m⣤[38;2;214;168;93;48;2;225;170;72m⣀[38;2;107;93;71;48;2;227;171;77m⣤[38;2;100;82;66;48;2;215;152;70m⣤[38;2;91;81;71;48;2;206;145;73m⣤[38;2;113;92;78;48;2;205;145;72m⣤[38;2;167;121;78;48;2;207;149;85m⠤[38;2;89;81;72;48;2;209;143;82m⣤[38;2;101;83;72;48;2;199;138;82m⣤[38;2;104;89;76;48;2;190;136;80m⣤[38;2;120;98;79;48;2;195;140;81m⡄[38;2;204;139;74;48;2;226;161;103m⠉[38;2;218;159;104;48;2;215;150;91m▃[38;2;216;150;99;48;2;213;141;82m▃[38;2;105;92;78;48;2;212;148;91m⣠[38;2;124;100;81;48;2;219;150;90m⣤[38;2;122;101;75;48;2;228;162;68m⣄[38;2;217;155;81;48;2;221;155;63m⡀[38;2;200;162;115;48;2;199;151;92m▕[38;2;208;205;193;48;2;217;210;195m▔[38;2;128;98;88;48;2;195;172;166m⢸[38;2;121;85;69;48;2;127;93;75m⡀[38;2;131;93;75;48;2;134;97;77m▍[38;2;137;100;80m⢐[38;2;135;97;78;48;2;137;100;80m⢠[38;2;135;94;77;48;2;136;98;78m⣨[38;2;128;89;72;48;2;135;93;76m⢠[38;2;121;83;69;48;2;127;90;72m⢰[38;2;111;73;64;48;2;118;80;68m⢰[38;2;104;67;58;48;2;109;72;64m⣤[38;2;117;79;65;48;2;109;72;62m⢠[38;2;136;93;74;48;2;121;79;64m⣰[38;2;147;102;79;48;2;154;109;88m⠃[38;2;152;107;86;48;2;158;110;88m⠖[38;2;162;114;91;48;2;154;106;86m⡄[38;2;145;101;80;48;2;150;102;82m⢸[38;2;142;98;76;48;2;144;100;79m⢬[38;2;135;88;65;48;2;142;98;74m⣀[38;2;141;94;72;48;2;149;105;80m▅[38;2;156;108;85;48;2;147;100;76m⠁[38;2;154;109;85;48;2;146;102;77m⠋[38;2;150;105;81;48;2;156;112;88m⣄[38;2;160;115;93;48;2;169;124;103m▊[38;2;166;122;102;48;2;174;130;109m⡉[38;2;178;135;118;48;2;170;128;111m⠆[38;2;172;131;113;48;2;160;122;103m▅[38;2;166;128;109;48;2;155;116;98m⣄[38;2;151;108;91;48;2;161;116;100m⠙[38;2;162;116;102;48;2;152;109;92m▃[38;2;163;119;100;48;2;153;110;93m⣀[38;2;162;117;98;48;2;156;113;97m⣠[38;2;167;124;107;48;2;163;118;102m▃[38;2;170;124;109;48;2;162;115;97m⡖[38;2;168;123;104;48;2;165;121;98m⠶[38;2;157;108;85;48;2;166;119;97m⢈[38;2;154;106;83;48;2;163;109;88m⢉[38;2;150;102;76;48;2;144;88;65m▊[38;2;133;74;47;48;2;123;56;27m▍[38;2;130;38;11;48;2;130;47;18m⢠[38;2;138;49;21;48;2;129;34;8m⢠[38;2;135;47;18;48;2;138;57;26m⠁[38;2;125;65;42;48;2;125;56;28m⢸[38;2;118;66;48;48;2;123;69;49m⠈[38;2;119;48;33;48;2;116;60;43m⣰[38;2;115;39;22;48;2;105;32;20m⢠[38;2;112;41;25;48;2;125;48;31m⠁[38;2;121;55;36;48;2;119;41;26m⢸[38;2;95;40;20;48;2;108;47;27m⢸[38;2;88;38;20;48;2;81;29;7m⠃[38;2;86;28;16;48;2;92;37;22m⢸[38;2;100;32;8;48;2;138;66;36m⠇[38;2;142;65;36;48;2;146;71;41m⢸[38;2;141;58;30;48;2;120;28;12m⠃[38;2;133;39;7;48;2;123;27;6m⢸[38;2;139;46;17;48;2;136;43;16m▊[38;2;128;34;10;48;2;133;43;18m⡄[38;2;119;29;7;48;2;129;39;16m⢸[38;2;134;49;19;48;2;122;37;7m⢸[38;2;140;55;25;48;2;128;43;10m⠇[38;2;136;56;29;48;2;132;49;15m⢸[38;2;138;69;43;48;2;148;72;47m⣠[38;2;130;62;38;48;2;109;46;26m▍[38;2;91;26;8;48;2;104;43;23m⢸[38;2;114;39;18;48;2;87;15;2m⢸[38;2;128;52;29;48;2;140;63;41m▍[38;2;131;53;28;48;2;135;55;32m⢀[38;2;120;40;18;48;2;111;30;9m▍[38;2;130;55;27;48;2;118;39;16m⢸[38;2;128;64;43;48;2;139;67;44m▕[38;2;90;44;29;48;2;107;49;28m⢸[38;2;41;14;9;48;2;65;26;16m▝[38;2;40;13;13;48;2;23;3;4m⡄[0m
[38;2;126;88;72;48;2;56;27;29m▅[38;2;131;82;67;48;2;60;28;29m▅[38;2;125;84;70;48;2;59;28;28m▅[38;2;120;80;73;48;2;49;23;26m⣤[38;2;102;68;56;48;2;37;20;29m▃[38;2;73;46;38;48;2;30;14;15m⣀[38;2;60;30;18;48;2;32;11;7m▁[38;2;71;45;30;48;2;57;27;15m⢸[38;2;110;93;81;48;2;80;56;43m⢸[38;2;117;111;102;48;2;105;98;88m▊[38;2;98;97;84;48;2;100;102;90m⣤[38;2;93;91;79;48;2;104;102;89m▕[38;2;88;86;74;48;2;75;71;65m▏[38;2;78;73;68;48;2;78;74;72m⣂[38;2;77;74;68;48;2;76;75;71m▕[38;2;129;122;114;48;2;76;68;58m▕[38;2;171;165;157;48;2;212;213;210m▍[38;2;196;195;202;48;2;100;68;67m▍[38;2;119;78;67;48;2;145;90;75m⠃[38;2;161;104;104;48;2;155;97;92m⠸[38;2;186;139;139;48;2;167;115;122m⠸[38;2;171;125;132;48;2;193;151;159m⡀[38;2;187;141;144;48;2;198;151;165m⢀[38;2;192;146;150;48;2;178;127;123m⠇[38;2;143;90;81;48;2;158;108;100m⢸[38;2;115;69;48;48;2;176;128;86m▊[38;2;209;139;79;48;2;197;147;102m⢸[38;2;215;144;79;48;2;192;131;77m▊[38;2;117;99;86;48;2;88;78;71m⢸[38;2;206;156;110;48;2;228;173;122m▏[38;2;211;159;106;48;2;227;172;116m▕[38;2;119;103;88;48;2;91;85;80m▍[38;2;199;150;108;48;2;214;172;107m▍[38;2;237;188;115;48;2;239;192;118m⣂[38;2;114;101;87;48;2;232;176;115m⢸[38;2;196;156;107;48;2;96;89;82m⢸[38;2;227;176;117;48;2;239;180;127m⠉[38;2;224;162;110;48;2;174;127;85m▊[38;2;94;88;83;48;2;118;102;89m▊[38;2;123;106;89;48;2;222;168;121m⣤[38;2;123;105;90;48;2;228;174;117m⣤[38;2;138;114;95;48;2;237;184;125m⡄[38;2;119;100;81;48;2;233;171;118m▁[38;2;118;99;81;48;2;220;165;108m▁[38;2;135;112;89;48;2;228;176;117m▝[38;2;186;142;106;48;2;108;98;85m▝[38;2;130;106;86;48;2;219;164;110m▃[38;2;174;132;90;48;2;110;94;75m⠃[38;2;131;107;77;48;2;243;190;86m⠃[38;2;196;163;92;48;2;234;187;71m⢸[38;2;209;205;193;48;2;218;210;195m▃[38;2;202;189;166;48;2;131;106;92m▍[38;2;133;88;73;48;2;123;84;68m⢸[38;2;136;90;75;48;2;133;88;72m⣈[38;2;131;88;71;48;2;136;93;76m⡆[38;2;140;98;80;48;2;134;91;74m⠤[38;2;135;92;75;48;2;132;89;72m⠥[48;2;130;92;72m⡅[38;2;117;80;66;48;2;126;89;72m▝[38;2;113;75;65;48;2;108;69;58m▍[38;2;101;63;54;48;2;113;74;62m⠃[38;2;135;95;77;48;2;122;85;67m⢠[38;2;146;102;80;48;2;137;95;78m⢰[38;2;154;110;86;48;2;161;117;92m▍[38;2;166;120;97;48;2;161;116;93m⣐[38;2;151;103;81;48;2;161;113;90m⢸[38;2;146;98;75;48;2;147;102;78m▃[38;2;143;95;75;48;2;147;98;78m▕[38;2;138;90;69;48;2;132;84;65m▍[38;2;134;86;66;48;2;131;83;63m⢨[38;2;140;92;71;48;2;130;82;61m⠉[38;2;134;86;64;48;2;142;94;72m⣄[38;2;143;95;72;48;2;151;103;80m⣆[38;2;152;104;81;48;2;159;112;89m⣄[38;2;162;121;98;48;2;156;112;88m▝[38;2;161;118;94;48;2;171;129;104m▃[38;2;169;129;108;48;2;167;126;102m⠋[38;2;170;131;111;48;2;168;125;100m⠉[38;2;170;124;109;48;2;166;122;100m⠁[38;2;157;113;88;48;2;169;123;107m⣤[38;2;159;115;90;48;2;167;122;102m⣀[38;2;163;118;95;48;2;166;121;98m▁[38;2;161;117;89;48;2;167;123;98m⣀[38;2;166;117;102;48;2;158;110;88m⠋[38;2;158;107;87;48;2;164;114;94m⣤[38;2;154;102;80;48;2;160;108;86m▅[38;2;159;105;81;48;2;152;100;76m⠃[38;2;140;83;59;48;2;151;102;76m⢸[38;2;122;42;14;48;2;130;64;38m⢸[38;2;138;45;18;48;2;127;38;11m⢠[38;2;135;44;17;48;2;138;47;19m⢡[38;2;134;51;21;48;2;134;57;28m⠃[38;2;115;61;36;48;2;116;67;46m⠃[38;2;115;47;25;48;2;124;65;46m⢀[38;2;120;43;27;48;2;117;36;20m⠋[38;2;107;26;13;48;2;126;46;30m▊[38;2;116;36;17;48;2;134;56;37m⢰[38;2;117;41;20;48;2;119;54;34m⠇[38;2;94;40;21;48;2;102;45;27m⢨[38;2;88;39;16;48;2;85;32;10m⡀[38;2;129;64;39;48;2;95;34;9m⢠[38;2;136;63;36;48;2;144;68;43m⠃[38;2;137;60;34;48;2;126;50;26m⠋[38;2;118;38;13;48;2;114;28;5m▏[38;2;130;36;4;48;2;126;25;5m⢸[38;2;143;49;24;48;2;136;42;15m⢠[38;2;142;47;22;48;2;136;40;16m⢸[38;2;141;51;24;48;2;125;33;10m▍[38;2;126;33;9;48;2;132;42;15m⡁[38;2;124;40;8;48;2;136;45;15m⠃[38;2;155;73;53;48;2;145;58;29m⢠[38;2;128;59;39;48;2;144;72;52m⢰[38;2;115;49;29;48;2;102;41;19m▏[38;2;97;32;14;48;2;91;24;6m⠃[38;2;93;17;0;48;2;126;49;24m▊[38;2;143;67;38;48;2;135;59;26m▊[38;2;127;54;30;48;2;118;43;25m▊[38;2;103;33;11;48;2;111;37;21m▝[38;2;122;54;25;48;2;98;27;3m⢸[38;2;124;59;38;48;2;135;66;45m⣠[38;2;85;38;23;48;2;98;52;38m⢸[38;2;72;37;28;48;2;56;22;22m⠃[38;2;44;17;18;48;2;40;15;16m▏[0m
[38;2;139;98;73;48;2;153;109;90m⠉[38;2;155;110;94;48;2;142;94;72m▅[38;2;152;109;90;48;2;143;95;71m⣤[38;2;150;108;85;48;2;139;88;74m▅[38;2;130;92;77;48;2;140;107;79m⠉[38;2;116;84;73;48;2;138;103;81m⠉[38;2;104;68;53;48;2;142;102;77m⠉[38;2;84;53;30;48;2;138;98;76m⠙[38;2;91;65;49;48;2;119;92;79m⠋[38;2;121;105;93;48;2;110;98;88m▊[38;2;105;93;88;48;2;95;93;78m⣆[38;2;104;98;88;48;2;107;103;91m▍[38;2;91;87;76;48;2;79;75;68m▏[38;2;72;70;66;48;2;79;75;72m⣰[38;2;79;72;65;48;2;80;76;70m▃[38;2;135;131;122;48;2;77;69;62m▕[38;2;171;168;159;48;2;218;222;214m▍[38;2;195;195;201;48;2;109;69;68m▍[38;2;129;81;68;48;2;142;92;78m▏[38;2;186;136;141;48;2;165;110;106m⢰[38;2;169;119;128;48;2;197;148;153m⠉[38;2;172;123;132;48;2;183;126;135m⠑[38;2;165;116;117;48;2;180;120;128m▝[38;2;186;138;134;48;2;153;103;100m⣤[38;2;155;107;100;48;2;131;83;76m⡄[38;2;117;84;61;48;2;162;133;101m▊[38;2;211;139;77;48;2;203;158;110m⢸[38;2;174;119;70;48;2;209;136;71m▕[38;2;152;115;70;48;2;75;66;56m⡀[38;2;101;74;52;48;2;210;138;77m⣀[38;2;90;69;51;48;2;220;148;87m⣀[38;2;165;120;72;48;2;84;77;71m⢀[38;2;197;133;77;48;2;218;150;86m▏[38;2;216;149;85;48;2;225;165;101m⣰[38;2;95;79;65;48;2;204;141;81m⢸[38;2;208;147;88;48;2;75;63;52m⢸[38;2;238;174;112;48;2;228;165;94m⠫[38;2;233;167;89;48;2;179;129;72m▊[38;2;134;103;63;48;2;80;62;45m▕[38;2;192;141;90;48;2;227;168;85m▔[38;2;231;164;85;48;2;212;148;83m⣤[38;2;221;161;107;48;2;229;159;92m⠈[38;2;228;162;84;48;2;103;86;72m▅[38;2;237;166;86;48;2;100;81;62m▅[38;2;205;146;75;48;2;103;86;56m▊[38;2;188;129;69;48;2;74;64;51m⠸[38;2;120;94;57;48;2;208;142;76m▁[38;2;194;135;72;48;2;72;61;45m⠇[38;2;100;83;48;48;2;240;192;69m▍[38;2;211;186;135;48;2;233;182;83m⢰[38;2;209;206;194;48;2;217;209;194m▃[38;2;184;164;161;48;2;119;89;88m▍[38;2;125;88;74;48;2;129;90;73m▍[38;2;136;94;77;48;2;131;90;74m⠉[38;2;131;86;71;48;2;135;90;74m⡄[38;2;133;89;72;48;2;137;94;77m⢲[38;2;132;90;72;48;2;132;89;72m▕[38;2;133;94;76;48;2;130;90;72m⢲[38;2;123;84;67;48;2;131;93;75m⢸[38;2;100;60;52;48;2;110;71;60m⣤[38;2;118;81;66;48;2;112;73;64m⢸[38;2;132;95;75;48;2;140;100;82m▍[38;2;160;122;100;48;2;148;109;86m⢰[38;2;176;135;110;48;2;166;128;105m⢤[38;2;198;153;135;48;2;172;128;104m⡄[38;2;153;108;88;48;2;157;110;94m⠹[38;2;149;104;83;48;2;144;100;78m⡄[38;2;146;98;77;48;2;140;92;72m▊[38;2;131;83;64;48;2;135;88;68m⣀[38;2;137;89;70m⠺[38;2;130;82;63;48;2;134;86;67m⢈[38;2;129;82;62;48;2;126;78;57m⡈[38;2;132;84;62;48;2;140;92;70m▍[38;2;144;97;73;48;2;151;103;80m⡦[38;2;150;102;79;48;2;154;107;84m▃[38;2;164;116;93;48;2;157;109;86m⠹[38;2;161;113;90;48;2;166;118;95m⣆[38;2;166;118;95;48;2;169;123;100m⣆[38;2;162;116;92;48;2;167;119;97m⢰[38;2;163;118;93;48;2;159;115;90m⡅[38;2;155;111;87m⠈[38;2;151;107;86;48;2;162;117;97m⠁[38;2;164;113;91;48;2;158;113;86m⢸[38;2;167;111;91;48;2;160;108;86m⠂[38;2;153;105;82;48;2;158;106;88m⢀[38;2;156;104;85;48;2;153;102;82m⠎[38;2;145;94;72;48;2;151;100;75m⢀[38;2;136;74;51;48;2;148;95;72m⢸[38;2;126;59;32;48;2;113;37;10m▍[38;2;140;48;20;48;2;123;29;3m⢸[38;2;135;45;18;48;2;139;47;20m⠺[38;2;116;57;39;48;2;132;56;31m⢸[38;2;117;52;36;48;2;117;60;45m⢀[38;2;115;49;28;48;2;111;32;12m⠇[38;2;115;31;8;48;2;108;24;3m▊[38;2;128;49;32;48;2;107;24;3m⢸[38;2;124;47;34;48;2;107;34;20m▍[38;2;123;52;37;48;2;107;47;30m▊[38;2;80;27;9;48;2;93;39;21m⢠[38;2;104;39;16;48;2;80;22;1m⢀[38;2;111;50;21;48;2;135;61;36m⠃[38;2;135;59;33;48;2;142;66;41m⢂[38;2;120;44;20;48;2;108;30;10m▍[38;2;113;27;7;48;2;111;23;2m⡄[38;2;129;28;5;48;2;146;47;18m▊[38;2;160;65;40;48;2;144;47;25m⡄[38;2;137;37;16;48;2;142;46;28m▍[38;2;131;40;19;48;2;109;18;5m▍[38;2;119;29;3;48;2;129;41;9m⠇[38;2;132;43;8;48;2;140;56;23m⠇[38;2;155;79;52;48;2;141;65;36m▝[38;2;119;52;38;48;2;136;66;47m⢸[38;2;100;36;24;48;2;86;19;5m⠇[38;2;100;27;12;48;2;93;24;7m⠺[38;2;130;54;27;48;2;97;22;1m⢸[38;2;143;66;44;48;2;131;55;25m⠃[38;2;115;40;17;48;2;125;49;24m⢰[38;2;114;45;22;48;2;108;33;18m▊[38;2;126;53;24;48;2;105;31;6m⢸[38;2;116;53;33;48;2;127;58;33m⢀[38;2;108;55;36;48;2;72;32;21m▍[38;2;45;16;13;48;2;54;22;19m⢠[38;2;28;5;12;48;2;40;18;22m⣤[0m
[38;2;145;98;82;48;2;155;109;93m⣄[38;2;155;107;91;48;2;157;116;100m⣀[38;2;157;111;95;48;2;161;115;100m⡉[38;2;162;116;100;48;2;152;109;88m▅[38;2;150;109;83;48;2;157;108;93m⠙[38;2;155;109;86;48;2;147;104;79m⣆[38;2;146;103;79;48;2;146;103;78m▕[38;2;149;105;80;48;2;145;103;81m⣨[38;2;140;100;82;48;2;148;106;83m⠈[38;2;127;98;85;48;2;146;110;84m⠙[38;2;115;97;83;48;2;133;107;88m⠹[38;2;114;98;83;48;2;122;106;89m▏[38;2;105;91;80;48;2;81;71;63m▏[38;2;76;69;61;48;2;74;72;69m⣂[38;2;79;76;67;48;2;76;71;63m⠄[38;2;78;74;60;48;2;139;135;127m▊[38;2;183;178;175;48;2;213;207;212m▍[38;2;196;191;196;48;2;100;61;48m▍[38;2;122;72;62;48;2;102;61;52m⠙[38;2;145;97;92;48;2;185;136;136m▍[38;2;167;124;132;48;2;184;140;144m⠰[38;2;159;112;115;48;2;180;138;140m⠶[38;2;178;122;126;48;2;154;111;108m⢉[38;2;134;92;86;48;2;180;131;122m⢀[38;2;106;56;52;48;2;131;84;77m⣠[38;2;103;68;64;48;2;172;151;130m▊[38;2;201;131;70;48;2;202;160;116m⠸[38;2;223;148;65;48;2;233;175;82m⠇[38;2;154;117;66;48;2;235;170;70m⠈[38;2;67;57;44;48;2;218;157;66m⠉[38;2;70;58;45;48;2;231;171;85m⠉[38;2;144;102;60;48;2;219;169;103m⠁[38;2;228;166;102;48;2;222;153;81m▃[38;2;225;162;100;48;2;210;138;75m▃[38;2;76;59;45;48;2;216;147;85m⠈[38;2;78;61;46;48;2;221;155;90m⠁[38;2;217;166;102;48;2;204;138;69m⣀[38;2;200;137;70;48;2;215;146;68m⠈[38;2;81;65;44;48;2;233;170;72m⠉[38;2;235;179;78;48;2;238;181;73m▏[38;2;230;176;83;48;2;238;179;75m▃[38;2;217;166;92;48;2;226;157;74m⣀[38;2;221;164;82;48;2;211;143;62m▃[38;2;232;171;91;48;2;231;166;67m▃[38;2;241;192;80;48;2;240;189;76m⠵[38;2;136;110;53;48;2;240;192;80m⠉[38;2;79;67;47;48;2;239;185;70m⠉[38;2;131;102;55;48;2;238;189;77m⠉[38;2;238;190;87;48;2;244;191;67m▃[38;2;190;170;138;48;2;238;190;91m⢸[38;2;205;203;192;48;2;217;209;194m▃[38;2;186;164;158;48;2;125;93;80m▍[38;2;117;80;65;48;2;124;85;70m▍[38;2;135;90;74;48;2;130;89;72m⠐[38;2;133;84;71;48;2;135;89;73m⢀[38;2;134;87;71;48;2;140;91;76m⠂[38;2;137;92;76;48;2;139;97;78m⡉[38;2;122;84;66;48;2;136;98;79m⢠[48;2;107;68;56m⠃[38;2;98;58;51;48;2;85;46;38m▏[38;2;102;64;49;48;2;82;44;33m⠹[38;2;113;76;52;48;2;130;93;71m⡄[38;2;136;100;71;48;2;149;111;88m⣤[38;2;141;103;78;48;2;154;116;93m▅[38;2;137;98;75;48;2;163;115;100m▅[38;2;125;81;62;48;2;151;105;88m⣤[38;2;139;94;71;48;2;118;72;68m⠋[38;2;75;33;24;48;2;121;74;64m▁[38;2;97;51;37;48;2;125;77;59m▁[38;2;124;76;57;48;2;136;88;69m▅[38;2;128;81;62;48;2;129;80;65m⡈[38;2;129;80;66;48;2;123;74;61m▍[38;2;126;80;64;48;2;140;91;75m▍[38;2;150;102;79;48;2;142;93;76m⣨[38;2;151;102;80;48;2;149;102;78m⣂[38;2;154;107;81;48;2;150;102;79m⢘[38;2;153;107;81;48;2;164;116;93m⡀[38;2;161;113;90;48;2;163;117;93m⠶[38;2;163;115;92;48;2;164;118;95m⡚[38;2;164;118;94;48;2;159;112;89m▁[38;2;166;120;97;48;2;157;112;88m▅[38;2;158;114;89;48;2;162;118;95m⣀[38;2;156;108;85;48;2;158;114;89m⣠[38;2;160;113;89;48;2;158;111;88m⠇[38;2;153;102;79;48;2;159;108;83m⢠[38;2;148;99;71;48;2;150;100;75m⣰[38;2;145;98;70;48;2;143;91;73m⠇[38;2;125;66;44;48;2;135;84;67m⢸[38;2;118;53;25;48;2;119;39;9m▍[38;2;123;37;5;48;2;137;46;13m▏[38;2;134;51;27;48;2;133;38;9m⢸[38;2;131;53;37;48;2;118;54;40m▍[38;2;109;36;14;48;2;112;49;32m⢰[38;2;116;36;13;48;2;126;39;11m⠇[38;2;126;40;15;48;2;117;29;9m▊[38;2;113;32;11;48;2;120;43;22m⡃[38;2;114;39;23;48;2;102;31;17m⠃[38;2;97;48;31;48;2;106;50;36m⢰[38;2;81;31;15;48;2;78;18;4m▍[38;2;86;21;2;48;2;129;59;37m⠇[38;2;140;64;41;48;2;146;69;44m⢁[38;2;108;37;18;48;2;132;59;38m⢰[38;2;102;27;14;48;2;97;16;0m▏[38;2;112;24;3;48;2;123;32;9m▍[38;2;127;35;9;48;2;140;52;19m⠇[38;2;135;45;19;48;2;149;65;38m⢸[38;2;138;50;30;48;2;122;44;26m▊[38;2;115;35;19;48;2;104;17;4m▏[38;2;121;36;7;48;2;130;43;12m▊[38;2;134;57;28;48;2;136;53;21m⢸[38;2;132;63;41;48;2;133;60;37m⢈[38;2;88;28;12;48;2;123;58;41m⢸[38;2;80;15;2;48;2;88;20;4m▊[38;2;91;21;5;48;2;103;30;10m⠃[38;2;113;39;15;48;2;130;52;25m▍[38;2;123;43;19;48;2;134;49;22m⠸[38;2;111;44;16;48;2;122;44;21m⢘[38;2;117;53;22;48;2;112;44;17m⡆[38;2;125;51;26;48;2;111;42;16m⠸[38;2;125;57;38;48;2;123;51;27m⢠[38;2;79;40;29;48;2;110;51;37m⢸[38;2;55;23;19;48;2;25;3;3m▍[38;2;22;6;7;48;2;20;3;6m▕[0m
[38;2;133;88;72;48;2;114;69;53m⠙[38;2;117;73;62;48;2;140;94;78m▃[38;2;135;90;74;48;2;155;109;93m⣤[38;2;141;100;81;48;2;155;111;94m⣀[38;2;150;102;86;48;2;158;109;94m⣤[38;2;151;103;83;48;2;155;109;86m▃[38;2;150;106;81;48;2;154;106;88m⠙[38;2;153;105;85;48;2;150;103;82m⢈[38;2;155;107;88;48;2;148;100;80m⣀[38;2;153;106;83;48;2;145;100;76m⣈[38;2;142;106;84;48;2;149;105;80m⠈[38;2;119;91;74;48;2;137;105;80m▝[38;2;92;72;60;48;2;121;94;77m⠙[38;2;93;72;63;48;2;79;65;59m⡄[38;2;75;62;57;48;2;77;68;61m⡀[38;2;73;65;56;48;2;144;135;126m▊[38;2;187;177;168;48;2;216;212;205m▍[38;2;198;189;183;48;2;49;32;37m▍[38;2;83;37;30;48;2;49;10;12m⠉[38;2;88;41;38;48;2;142;102;97m▍[38;2;174;132;133;48;2;153;112;104m⠙[38;2;133;93;89;48;2;190;148;150m⣤[38;2;164;123;120;48;2;85;46;47m⠋[38;2;110;71;65;48;2;66;31;30m⠉[38;2;68;40;31;48;2;89;58;55m▕[38;2;57;31;18;48;2;177;149;122m▊[38;2;165;144;138;48;2;187;167;142m⢠[38;2;160;145;137;48;2;186;163;125m⣤[38;2;161;150;134;48;2;192;166;128m▃[38;2;157;145;137;48;2;188;167;130m▃[38;2;146;130;129;48;2;191;160;113m⣤[38;2;162;149;141;48;2;194;169;130m▃[38;2;159;147;134;48;2;192;161;119m▃[38;2;166;152;138;48;2;190;158;119m▃[38;2;157;142;130;48;2;188;157;119m▃[38;2;154;140;136;48;2;194;170;136m▃[38;2;161;147;138;48;2;190;158;119m⣄[38;2;160;149;135;48;2;190;165;127m▃[38;2;165;151;136;48;2;195;170;130m▃[38;2;157;144;139;48;2;180;158;119m⣤[38;2;147;130;118;48;2;196;163;113m⣤[38;2;138;119;117;48;2;194;164;123m⣤[38;2;148;131;127;48;2;190;161;122m⣤[38;2;184;168;152;48;2;193;167;136m▃[38;2;139;126;113;48;2;201;174;135m▃[38;2;149;131;106;48;2;202;181;130m⣤[38;2;141;127;112;48;2;202;180;130m⣤[38;2;146;127;135;48;2;202;179;128m⣤[38;2;145;127;132;48;2;202;178;132m▃[38;2;160;152;146;48;2;199;190;164m⣀[38;2;205;203;192;48;2;217;209;194m⠤[38;2;189;167;154;48;2;110;82;69m▍[38;2;115;71;58;48;2;122;78;66m▍[38;2;123;79;69;48;2;127;85;70m⡤[38;2;125;78;63;48;2;134;83;70m⠂[38;2;134;88;72;48;2;140;93;77m▅[38;2;129;91;69;48;2;134;93;73m⠰[38;2;131;97;74;48;2;128;88;70m⠁[38;2;102;63;51;48;2;117;77;65m▝[38;2;107;68;56;48;2;81;43;32m⣤[38;2;92;56;47;48;2;75;37;25m⣀[38;2;100;62;41;48;2;72;33;24m⠙[38;2;74;38;24;48;2;103;68;49m⣀[38;2;88;50;33;48;2;113;75;53m▃[38;2;98;60;43;48;2;123;83;70m▃[38;2;124;81;66;48;2;91;54;37m⠋[38;2;81;38;26;48;2;108;70;54m⠚[38;2;126;85;68;48;2;53;6;3m▃[38;2;127;85;69;48;2;71;27;18m▃[38;2;109;64;49;48;2;116;71;56m⢂[38;2;110;63;41;48;2;121;74;55m⣤[38;2;150;106;81;48;2;123;74;55m⢀[38;2;139;97;72;48;2;150;106;81m⠃[38;2;161;115;91;48;2;152;107;83m⢴[38;2;162;114;91;48;2;151;103;80m▅[38;2;159;111;88;48;2;152;105;79m▃[38;2;148;102;76;48;2;157;109;86m⠓[38;2;151;107;82;48;2;161;116;92m⠂[38;2;166;120;97;48;2;159;115;90m⠨[38;2;165;120;97;48;2;163;117;93m⡡[38;2;162;117;92;48;2;159;112;88m⠅[38;2;156;108;85;48;2;159;112;89m⠉[38;2;155;103;81;48;2;159;107;85m▃[38;2;155;103;82;48;2;159;109;88m⣤[38;2;156;104;82;48;2;153;102;79m▊[38;2;149;98;76;48;2;140;91;69m⠃[38;2;130;81;61;48;2;137;85;70m⣤[38;2;128;77;60;48;2;122;61;39m▍[38;2;110;35;16;48;2;124;41;11m⡆[38;2;129;40;7;48;2;131;43;11m▅[38;2;137;62;38;48;2;142;53;20m⢸[38;2;111;51;32;48;2;129;62;39m⢸[38;2;104;42;20;48;2;111;33;10m⠇[38;2;128;39;14;48;2;133;42;15m▍[38;2;128;40;14;48;2;115;30;10m⠇[38;2;114;33;16;48;2;119;43;27m⠃[38;2;106;47;33;48;2;106;42;29m▅[38;2;77;27;18;48;2;92;44;34m⢰[38;2;111;44;26;48;2;75;16;5m▕[38;2;120;53;25;48;2;145;67;44m⠁[38;2;100;36;19;48;2;143;69;49m⢠[38;2;107;42;22;48;2;81;20;9m⠃[38;2;109;28;10;48;2;89;21;6m⢰[38;2;130;40;14;48;2;117;31;3m⢈[38;2;135;49;20;48;2;143;58;28m⠇[38;2;134;46;20;48;2;143;55;29m⢈[38;2;95;19;7;48;2;125;45;26m⣰[38;2;109;26;10;48;2;88;9;5m⢸[38;2;136;50;18;48;2;122;40;16m⢰[38;2;131;53;26;48;2;139;59;34m⠉[38;2;121;52;31;48;2;128;56;33m▃[38;2;102;37;20;48;2;81;18;3m▍[38;2;86;19;5;48;2;98;27;10m▊[38;2;124;45;21;48;2;102;29;12m⢀[38;2;130;53;29;48;2;147;66;41m⠃[38;2;137;54;26;48;2;125;45;26m⠇[38;2;119;46;22;48;2;98;26;9m▍[38;2;126;49;27;48;2;116;42;23m▃[38;2;121;44;13;48;2;127;47;24m⢸[38;2;126;54;25;48;2;128;63;42m▍[38;2;74;29;25;48;2;112;57;45m⢰[38;2;53;19;16;48;2;29;3;7m⠃[38;2;22;6;8;48;2;18;2;4m⢀[0m
[38;2;85;48;29;48;2;98;65;51m▝[38;2;110;65;51;48;2;85;52;38m⠉[38;2;115;72;60;48;2;97;57;44m⠹[38;2;112;72;61;48;2;127;85;69m⣤[38;2;128;79;65;48;2;142;92;77m▅[38;2;130;83;68;48;2;142;93;78m⣄[38;2;140;91;73;48;2;154;106;86m⣄[38;2;153;103;83;48;2;158;110;90m⣀[38;2;164;117;97;48;2;170;124;108m⡉[38;2;167;121;105;48;2;161;114;94m⡦[38;2;145;102;76;48;2;155;111;88m⣰[38;2;135;86;72;48;2;147;100;83m⣤[38;2;129;80;66;48;2;136;91;74m▃[38;2;92;70;64;48;2;122;88;79m▝[38;2;103;78;76;48;2;76;63;58m⡀[38;2;75;60;56;48;2;145;133;127m▊[38;2;183;175;167;48;2;210;210;210m▍[38;2;37;16;22;48;2;147;143;148m▝[38;2;136;126;138;48;2;37;7;10m⣤[38;2;90;60;60;48;2;129;118;125m⠓[38;2;133;124;132;48;2;113;88;85m⣁[38;2;121;110;126;48;2;106;88;100m▃[38;2;122;117;130;48;2;74;44;50m⣤[38;2;127;121;135;48;2;40;12;15m⣤[38;2;136;123;134;48;2;50;22;30m⣤[38;2;44;18;8;48;2;159;136;112m⠃[38;2;141;129;119;48;2;194;175;152m⠸[38;2;219;176;144;48;2;128;117;110m▁[38;2;219;180;151;48;2;140;129;130m▁[38;2;214;177;145;48;2;147;134;134m▁[38;2;212;177;141;48;2;142;130;128m▁[38;2;215;176;146;48;2;142;131;132m▁[38;2;182;153;123;48;2;145;132;133m⣠[38;2;214;178;143;48;2;163;145;129m▁[38;2;214;179;139;48;2;145;132;121m▁[38;2;214;177;142;48;2;147;132;129m▁[38;2;212;177;140;48;2;139;128;117m▁[38;2;218;182;143;48;2;146;134;135m▁[38;2;214;178;144;48;2;158;141;124m▁[38;2;214;180;140;48;2;146;127;105m▁[38;2;215;180;144;48;2;138;119;112m▁[38;2;153;138;134;48;2;175;156;156m⠸[38;2;210;172;132;48;2;141;124;126m▁[38;2;179;168;168;48;2;214;205;197m⠉[38;2;148;141;136;48;2;212;206;198m▔[38;2;180;174;173;48;2;206;208;200m⠉[38;2;149;140;136;48;2;205;204;199m▔[38;2;155;149;141;48;2;211;203;202m▔[38;2;155;143;141;48;2;213;198;192m▔[38;2;160;150;143;48;2;209;203;192m▔[38;2;213;203;189;48;2;213;203;189m⠀[38;2;181;156;150;48;2;114;80;70m▍[38;2;115;74;61;48;2;110;73;55m⠸[38;2;121;74;65;48;2;118;71;58m▔[38;2;134;84;68;48;2;124;77;62m▝[38;2;123;80;65;48;2;131;84;69m⣄[38;2;127;88;67;48;2;131;90;71m⣠[38;2;125;88;68;48;2;131;88;73m⣆[38;2;126;84;69;48;2;123;80;66m▍[38;2;113;71;56;48;2;124;81;66m⠹[38;2;112;74;63;48;2;102;64;50m▃[38;2;112;78;60;48;2;80;44;34m⣤[38;2;115;82;66;48;2;66;30;20m⣤[38;2;131;94;78;48;2;75;38;19m⣤[38;2;122;85;60;48;2;85;47;27m⣤[38;2;108;72;45;48;2;135;98;72m⠋[38;2;132;97;72;48;2;143;107;80m⠹[38;2;145;108;81;48;2;135;100;72m⡀[38;2;146;100;76;48;2;136;92;68m⢁[38;2;150;101;78;48;2;120;71;51m⣤[38;2;127;75;55;48;2;146;95;73m⠉[38;2;147;95;73;48;2;153;102;80m⠁[38;2;149;100;78;48;2;155;103;81m⢀[38;2;163;115;92;48;2;157;106;84m⠈[38;2;162;114;91;48;2;156;108;85m⠹[38;2;161;113;90;48;2;158;110;88m⡦[38;2;159;111;88;48;2;155;107;84m⠴[38;2;165;117;95;48;2;161;113;90m⠮[38;2;158;110;88;48;2;163;115;92m⢤[38;2;161;114;91;48;2;155;107;84m⠃[38;2;159;112;89;48;2;156;108;85m⢸[38;2;156;108;85;48;2;161;113;90m⢘[38;2;147;100;76;48;2;151;103;80m⢀[38;2;148;100;77;48;2;144;97;73m▊[38;2;135;87;64;48;2;142;94;71m⠰[38;2;137;89;67;48;2;132;85;63m⢉[38;2;136;88;66;48;2;129;81;63m⡅[38;2;118;58;38;48;2;126;71;54m⢸[38;2;119;46;21;48;2;119;43;17m▏[38;2;128;40;17;48;2;123;34;10m⢂[38;2;130;49;29;48;2;138;66;46m▍[38;2;107;41;13;48;2;120;54;41m⢸[38;2;131;50;18;48;2;112;40;9m⢠[38;2;119;31;8;48;2;135;47;19m⢠[38;2;128;42;21;48;2;120;33;11m⣰[38;2;114;47;28;48;2;120;51;32m⢋[38;2;100;48;30;48;2;88;39;27m▊[38;2;77;28;20;48;2;73;13;2m▍[38;2;83;17;1;48;2;131;58;27m⠇[38;2;120;53;37;48;2;139;66;39m⢀[38;2;112;50;36;48;2;64;14;6m⠃[38;2;81;26;25;48;2;63;12;7m⢰[38;2;107;31;14;48;2;88;21;10m⢠[38;2;124;39;11;48;2;134;51;24m⠁[38;2;150;62;31;48;2;142;57;27m⣀[38;2;144;53;32;48;2;120;36;13m⠇[38;2;102;31;17;48;2;84;14;4m▍[38;2;95;15;6;48;2;119;40;21m⠃[38;2;132;46;17;48;2;138;51;23m⡃[38;2;136;60;33;48;2;123;53;29m▊[38;2;120;50;31;48;2;110;41;21m▊[38;2;104;32;14;48;2;92;20;6m⣤[38;2;94;21;2;48;2;106;29;6m⠁[38;2;125;50;24;48;2;103;24;0m⢸[38;2;136;53;28;48;2;139;63;41m⢸[38;2;123;49;30;48;2;119;43;23m⣐[38;2;98;27;15;48;2;112;45;27m▊[38;2;122;48;17;48;2;126;53;29m⢠[38;2;116;36;5;48;2;126;49;18m⡄[38;2;122;57;39;48;2;131;60;30m⢀[38;2;45;6;3;48;2;89;42;30m⢸[38;2;42;14;13;48;2;36;10;10m⣄[38;2;38;20;20;48;2;21;5;7m⢰[0m
[38;2;112;76;61;48;2;100;63;53m▝[38;2;79;46;38;48;2;100;62;54m⠈[38;2;69;29;22;48;2;83;44;42m⢲[38;2;59;17;14;48;2;92;53;42m▃[38;2;77;31;24;48;2;109;68;55m⣀[38;2;88;44;29;48;2;116;70;56m⣀[38;2;111;63;47;48;2;133;84;68m▃[38;2;131;75;60;48;2;143;84;68m⣤[38;2;136;79;63;48;2;153;98;77m⣤[38;2;152;105;82;48;2;142;85;66m⠉[38;2;144;95;72;48;2;143;83;67m⠁[38;2;138;82;70;48;2;133;77;64m▊[38;2;130;74;62;48;2;133;78;66m▅[38;2;121;84;72;48;2;125;75;66m▝[38;2;109;84;77;48;2;124;90;76m⠈[38;2;80;68;61;48;2;112;107;94m⠁[38;2;156;148;145;48;2;203;199;195m▏[38;2;125;117;126;48;2;202;201;198m⠈[38;2;214;205;205;48;2;127;117;132m▅[38;2;210;206;206;48;2;125;118;132m▅[38;2;212;206;208;48;2;129;121;136m▅[38;2;205;207;204;48;2;125;114;133m▅[38;2;209;209;212;48;2;125;116;134m▅[38;2;205;198;205;48;2;127;120;134m⡆[38;2;175;152;164;48;2;130;119;138m⢠[38;2;130;121;135;48;2;204;199;212m⠒[38;2;130;121;136;48;2;202;202;214m⢲[38;2;129;121;135;48;2;202;200;213m⠒[38;2;124;112;128;48;2;204;199;212m⢲[38;2;131;125;139;48;2;202;202;214m⠒[38;2;129;121;135;48;2;202;200;213m⠒[38;2;131;120;136m⠒[38;2;131;117;136;48;2;206;200;215m⠒[38;2;130;116;135;48;2;209;203;214m⠒[38;2;131;113;132;48;2;204;198;209m⠒[38;2;114;89;123;48;2;186;153;140m⢲[38;2;219;187;159;48;2;91;68;90m⠉[38;2;218;179;150;48;2;94;72;83m⡉[48;2;98;72;94m⠉[38;2;218;181;152;48;2;94;72;83m⢉[38;2;219;187;159;48;2;91;68;90m⠉[38;2;218;179;150;48;2;94;72;83m⠉[38;2;219;179;151;48;2;84;56;57m⠉[38;2;227;193;161;48;2;81;55;58m⠉[38;2;227;190;160;48;2;88;59;71m⠉[38;2;231;192;163;48;2;88;54;102m⠉[38;2;235;193;160;48;2;78;47;88m⠉[38;2;232;192;162;48;2;76;47;79m⠉[38;2;229;191;148;48;2;79;53;86m⠉[38;2;218;200;163;48;2;81;51;82m⠉[38;2;205;203;192;48;2;204;193;199m⠦[38;2;177;154;151;48;2;107;72;65m▍[38;2;100;57;44;48;2;105;66;48m⡆[38;2;108;71;52;48;2;113;75;57m▊[38;2;123;80;65;48;2;114;76;58m⠉[38;2;125;83;67;48;2;118;80;61m⠹[38;2;127;86;67;48;2;123;88;68m⠉[38;2;127;90;72;48;2;126;88;68m⢴[38;2;132;91;73;48;2;125;88;71m▕[38;2;133;92;71;48;2;126;88;70m⠖[38;2;124;88;69;48;2;123;90;72m⡆[38;2;132;100;72;48;2;125;93;72m⢠[38;2;135;100;76;48;2;145;106;83m⡃[38;2;146;108;85;48;2;143;106;83m▊[38;2;141;103;79;48;2;134;97;73m⠁[38;2;140;99;77;48;2;154;108;88m▍[38;2;146;111;82;48;2;154;115;88m▝[38;2;146;102;77;48;2;154;111;85m▝[38;2;154;110;85;48;2;147;100;75m⣤[38;2;157;108;84;48;2;151;102;79m⣆[38;2;150;102;79;48;2;153;109;84m⠋[38;2;155;107;84;48;2;151;103;80m▅[38;2;158;110;88;48;2;155;108;85m⠰[38;2;159;112;88;48;2;157;109;86m⣠[38;2;160;112;89;48;2;158;109;86m⡄[38;2;162;110;88;48;2;159;108;85m⠊[38;2;161;110;88m⡉[38;2;158;109;86;48;2;157;105;83m⢇[38;2;155;103;80;48;2;156;105;82m⡂[38;2;152;104;81;48;2;156;107;84m⢉[48;2;154;106;83m⡙[38;2;150;102;79m⢒[38;2;144;97;73;48;2;149;102;79m⢀[38;2;143;95;72;48;2;145;98;74m⢘[38;2;140;92;70;48;2;137;90;67m⢇[38;2;137;90;64;48;2;134;88;64m⡦[38;2;136;88;66;48;2;129;74;56m▊[38;2;124;69;49;48;2;116;58;34m▍[38;2;124;31;7;48;2;125;51;23m⢸[38;2;126;44;18;48;2;124;35;4m⢸[38;2;115;49;30;48;2;129;56;36m▕[38;2;112;46;28;48;2;108;40;14m▏[38;2;121;34;12;48;2;128;48;23m⢁[38;2;127;41;13;48;2;119;31;11m⢃[38;2;129;42;24;48;2;130;49;32m▍[38;2;102;47;31;48;2;119;51;40m⢸[38;2;89;38;24;48;2;74;24;15m⠇[38;2;111;45;19;48;2;77;22;8m⢰[38;2;134;64;44;48;2;128;54;22m⢠[38;2;127;62;41;48;2;88;37;22m⠇[38;2;71;25;13;48;2;60;16;7m⡀[38;2;65;17;11;48;2;88;29;18m▊[38;2;111;37;11;48;2;102;36;21m⢸[38;2;148;62;34;48;2;123;44;16m⣰[38;2;154;64;32;48;2;134;40;16m⠇[38;2;124;29;7;48;2;131;45;27m⠁[38;2;110;32;20;48;2;88;12;3m▏[38;2;129;44;16;48;2;109;27;7m⢸[38;2;139;59;28;48;2;131;51;24m⣆[38;2;118;53;26;48;2;126;58;31m⢠[38;2;118;52;25;48;2;112;47;19m⢡[38;2;116;50;23;48;2;105;39;16m⡆[38;2;91;19;3;48;2;100;29;11m⢸[38;2;125;52;27;48;2;98;23;4m⢸[38;2;124;51;22;48;2;134;59;37m⣠[38;2;121;51;37;48;2;107;43;29m▊[38;2;80;16;6;48;2;103;37;22m▊[38;2;124;54;23;48;2;115;41;16m▊[38;2;130;55;32;48;2;113;38;13m⢸[38;2;129;56;42;48;2;102;47;36m▊[38;2;57;16;11;48;2;93;46;37m⢸[38;2;43;10;7;48;2;47;26;26m▍[38;2;33;18;17;48;2;47;26;28m⠃[0m
[38;2;115;77;61;48;2;102;64;47m⣀[38;2;120;75;62;48;2;98;61;45m⣀[38;2;129;83;71;48;2;80;40;36m▃[38;2;144;100;87;48;2;54;13;7m⣤[38;2;153;105;86;48;2;62;15;6m⣤[38;2;143;97;78;48;2;74;28;14m⣤[38;2;136;88;69;48;2;107;57;43m⣀[38;2;122;64;49;48;2;127;71;57m⢆[38;2;130;72;56;48;2;132;76;61m⡄[38;2;139;75;62;48;2;136;83;63m▅[38;2;134;76;61;48;2;135;80;68m▅[38;2;167;121;98;48;2;131;78;65m⢀[38;2;170;133;108;48;2;122;76;59m⣤[38;2;115;79;59;48;2;148;120;102m⠙[38;2;135;108;89;48;2;113;88;70m⡐[38;2;117;104;92;48;2;151;130;117m⡙[38;2;117;111;103;48;2;93;82;71m⠉[38;2;149;143;129;48;2;105;98;81m⣀[38;2;98;88;76;48;2;140;137;123m⠶[38;2;137;127;123;48;2;101;91;82m⡈[38;2;131;120;118;48;2;102;94;89m▔[38;2;163;156;151;48;2;107;97;88m⠈[38;2;201;193;197;48;2;111;95;94m⠙[38;2;149;141;148;48;2;203;194;197m⢸[38;2;98;74;98;48;2;180;166;174m⣀[38;2;119;88;107;48;2;209;205;210m⣀[38;2;204;211;212;48;2;118;92;110m⠧[38;2;206;205;212;48;2;116;95;110m⠤[38;2;209;205;213;48;2;132;112;126m⠧[38;2;221;207;218;48;2;127;105;122m⠧[38;2;222;203;214;48;2;124;104;117m⠬[38;2;209;206;211;48;2;113;88;104m⠇[38;2;208;208;211;48;2;123;93;112m⠤[38;2;129;93;115;48;2;219;206;214m⣀[38;2;135;100;117;48;2;217;208;225m⣀[38;2;183;166;197;48;2;80;49;88m⠇[38;2;132;98;134;48;2;73;27;82m▝[38;2;125;74;118;48;2;187;158;182m▅[38;2;125;70;100;48;2;127;88;113m⣤[38;2;166;131;154;48;2;122;69;102m⠙[38;2;169;137;153;48;2;105;65;93m⠃[38;2;88;52;81;48;2;98;66;88m⣂[38;2;92;61;83;48;2;83;50;76m⠶[38;2;75;52;60;48;2;88;60;78m⠁[38;2;100;69;98;48;2;92;59;89m⠄[38;2;80;49;94;48;2;83;53;93m▕[38;2;61;34;66;48;2;76;40;91m⠚[38;2;82;48;100;48;2;59;38;66m▅[38;2;62;38;67;48;2;81;51;98m⠉[38;2;107;91;111;48;2;72;39;86m▕[38;2;203;200;213;48;2;205;203;192m⣤[38;2;174;153;147;48;2;102;70;59m▍[38;2;102;58;48;48;2;98;54;47m⠉[38;2;100;58;49;48;2;102;67;53m⡄[38;2;111;75;57;48;2;108;72;52m⢸[38;2;111;74;58;48;2;120;84;61m⣤[38;2;113;75;61;48;2;123;86;68m⣤[38;2;112;74;60;48;2;122;85;69m▃[38;2;113;71;53;48;2;125;88;71m⣀[38;2;111;67;52;48;2;123;85;68m⣀[38;2;118;65;53;48;2;123;85;67m▃[38;2;113;60;48;48;2;134;85;63m▃[38;2;126;68;52;48;2;152;103;85m⣄[38;2;138;86;72;48;2;147;93;79m⡐[38;2;150;93;76;48;2;140;91;72m⠤[38;2;135;75;59;48;2;149;97;77m▁[38;2;142;82;64;48;2;155;106;83m▁[38;2;152;104;80;48;2;154;113;86m⣐[38;2;160;116;91;48;2;152;113;88m⠁[38;2;149;110;83;48;2;158;114;89m▅[38;2;151;109;83;48;2;157;113;88m⡌[38;2;154;110;85;48;2;160;116;91m⣻[48;2;158;114;89m⠎[38;2;156;112;88;48;2;156;114;89m⠋[38;2;155;111;88;48;2;157;113;88m⢐[38;2;147;103;78;48;2;155;111;88m⣀[38;2;151;103;80;48;2;157;107;85m▃[38;2;156;100;80;48;2;149;100;75m▊[38;2;148;97;72;48;2;151;100;75m⣀[38;2;145;98;74;48;2;150;102;78m▃[38;2;145;98;75;48;2;150;102;79m▅[38;2;144;97;73;48;2;148;100;77m▅[38;2;149;102;78;48;2;143;97;72m⠁[38;2;141;93;71;48;2;138;90;69m⠓[38;2;134;86;64;48;2;135;88;65m⡅[38;2;136;88;66;48;2;133;85;62m⡈[38;2;118;64;41;48;2;131;80;58m⢠[38;2;123;51;27;48;2;117;60;39m⢸[38;2;119;42;19;48;2;117;29;7m▏[38;2;123;40;11;48;2;120;49;18m▍[38;2;120;58;27;48;2;115;49;19m▊[38;2;126;45;20;48;2;116;40;11m⢸[38;2;134;42;20;48;2;116;24;7m⠃[38;2;133;46;34;48;2;121;32;16m⢰[38;2;131;47;38;48;2;118;50;38m▊[38;2;100;45;31;48;2;85;36;23m▍[38;2;90;32;10;48;2;76;27;15m⢰[38;2;120;51;25;48;2;104;44;15m⢸[38;2;97;38;28;48;2;128;64;43m⢠[38;2;75;21;12;48;2;75;31;16m⠁[38;2;61;16;6;48;2;66;27;12m⠸[38;2;100;31;16;48;2;82;18;6m⢠[38;2;102;27;15;48;2;140;56;29m⠃[38;2;139;59;30;48;2;140;48;18m⢋[38;2;145;51;26;48;2;136;44;21m▍[38;2;104;24;10;48;2;129;43;26m⢸[38;2;91;12;2;48;2;112;34;17m▊[38;2;113;32;13;48;2;126;49;22m⠁[38;2;126;52;21;48;2;127;57;26m⡆[38;2;126;60;29;48;2;115;48;21m▍[38;2;122;55;29;48;2;115;49;22m⣠[38;2;102;37;14;48;2;113;51;25m⢸[38;2;95;25;8;48;2;92;21;5m▏[38;2;110;36;11;48;2;130;55;26m⠃[38;2;117;45;17;48;2;131;56;25m⢸[38;2;119;54;38;48;2;98;39;29m▊[38;2;76;14;3;48;2;103;36;21m▊[38;2;125;53;30;48;2;117;44;16m▊[38;2;115;42;16;48;2;127;54;32m▍[38;2;103;37;22;48;2;123;49;38m⢸[38;2;100;37;28;48;2;98;37;29m▏[38;2;66;22;20;48;2;49;10;11m⡀[38;2;42;18;25;48;2;51;26;31m⡆[0m
[38;2;135;83;70;48;2;124;84;67m▃[38;2;125;83;67;48;2;139;88;72m⠋[38;2;154;106;85;48;2;146;94;79m⢸[38;2;169;122;97;48;2;155;107;83m▃[38;2;161;108;88;48;2;152;94;77m⡄[38;2;146;88;69;48;2;152;92;78m▅[38;2;144;88;74;48;2;151;98;75m⣀[38;2;136;77;62;48;2;144;91;73m⠙[38;2;135;85;66;48;2;130;70;55m⡀[38;2;133;83;65;48;2;139;79;64m⡂[38;2;138;86;65;48;2;135;80;61m▕[38;2;155;119;91;48;2;147;103;77m⠸[38;2;168;133;108;48;2;160;124;100m⠙[38;2;151;122;104;48;2;159;126;108m⠸[38;2;122;100;84;48;2;146;119;102m⠸[38;2;142;123;114;48;2;109;88;75m▝[38;2;158;147;135;48;2;109;97;85m▕[38;2;176;165;154;48;2;204;196;183m▏[38;2;207;206;191;48;2;197;196;177m⠈[38;2;133;123;108;48;2;187;184;169m⢸[38;2;105;72;67;48;2;100;89;81m⢠[38;2;120;83;75;48;2;130;73;70m⠋[38;2;112;83;74;48;2;135;122;120m▊[38;2;174;165;171;48;2;137;111;142m▊[38;2;138;125;138;48;2;72;32;74m⣀[38;2;143;130;148;48;2;77;33;75m⣀[38;2;144;137;151;48;2;83;56;91m⣀[38;2;153;142;161;48;2;79;33;80m⣀[38;2;152;145;162;48;2;77;29;77m⣀[38;2;154;146;166;48;2;80;33;78m⣀[38;2;156;146;162;48;2;76;30;74m⣀[38;2;157;148;172;48;2;73;27;74m⣀[38;2;154;146;168;48;2;82;34;79m⣀[38;2;152;144;166;48;2;85;32;84m⣀[38;2;155;147;166;48;2;82;36;86m⣀[38;2;155;147;171;48;2;66;26;88m⣀[38;2;154;143;163;48;2;64;21;84m⣀[38;2;159;150;166;48;2;73;44;86m⣀[38;2;158;148;165;48;2;88;42;88m▁[38;2;161;147;168;48;2;74;36;81m⣀[38;2;159;147;167;48;2;76;37;85m⣀[38;2;155;147;166;48;2;80;34;88m⣀[38;2;156;148;171;48;2;78;36;88m⣀[38;2;160;150;167;48;2;70;43;80m▁[38;2;166;154;169;48;2;72;44;81m▁[38;2;166;154;170;48;2;92;47;93m▁[38;2;165;153;171;48;2;91;48;100m▁[38;2;164;148;165;48;2;84;46;97m▁[38;2;163;145;167;48;2;79;42;91m▁[38;2;166;151;169;48;2;79;28;91m▁[38;2;205;203;192;48;2;188;175;175m⠉[38;2;163;142;134;48;2;88;60;47m▍[38;2;92;56;43;48;2;94;54;40m⡄[38;2;98;62;42;48;2;94;56;40m▝[38;2;102;66;47;48;2;105;69;52m▍[38;2;95;59;41;48;2;104;68;50m⠰[38;2;75;39;20;48;2;98;61;45m▅[38;2;58;17;9;48;2;91;53;42m⣤[38;2;70;23;17;48;2;91;49;37m⣤[38;2;75;27;21;48;2;92;46;37m⡤[38;2;83;29;17;48;2;100;47;37m⣤[38;2;79;17;7;48;2;102;49;37m▃[38;2;83;23;14;48;2;100;41;31m⣀[38;2;120;61;49;48;2;102;43;36m⠉[38;2;103;47;40;48;2;118;60;47m▅[38;2;122;65;46;48;2;107;51;43m⠉[38;2;128;70;52;48;2;116;59;41m⠈[38;2;145;88;68;48;2;111;61;44m⠉[38;2;115;61;47;48;2;152;103;80m▅[38;2;113;64;48;48;2;152;110;85m⣤[38;2;116;71;55;48;2;150;108;83m▃[38;2;130;85;68;48;2;153;108;85m⣀[38;2;140;95;74;48;2;153;110;85m⣀[38;2;137;92;72;48;2;155;113;88m▃[38;2;136;92;68;48;2;150;106;81m⣤[38;2;140;98;72;48;2;146;102;76m⣀[38;2;146;98;75;48;2;140;97;72m⠙[38;2;149;102;78;48;2;143;95;72m⠁[48;2;141;93;72m⠈[38;2;147;99;76;48;2;142;93;72m⠁[38;2;139;91;70;48;2;141;93;71m⢀[38;2;138;90;68m⡠[38;2;134;88;68;48;2;142;94;72m▅[38;2;134;86;66;48;2;137;89;68m⣨[38;2;132;84;63;48;2;135;88;65m⠧[38;2;136;86;65;48;2;134;81;61m▊[38;2;125;74;51;48;2;117;63;40m▍[38;2;119;45;20;48;2;116;56;32m⢸[38;2;131;41;15;48;2;121;34;10m⢠[38;2;122;39;14;48;2;139;59;39m▊[38;2;130;56;36;48;2;121;39;14m▍[38;2;109;24;5;48;2;119;36;12m⣰[38;2;131;46;36;48;2;117;28;14m⢠[38;2;125;42;30;48;2;146;63;46m⠃[38;2;94;41;25;48;2;125;57;43m⢸[38;2;86;37;21;48;2;77;31;18m⠁[38;2;108;50;22;48;2;89;34;9m⢀[38;2;116;53;22;48;2;127;64;36m▍[38;2;109;49;41;48;2;71;12;8m⠇[38;2;81;34;18;48;2;75;25;10m⣰[38;2;106;37;18;48;2;79;16;4m⢠[38;2;116;38;22;48;2;138;50;24m⠃[38;2;150;63;30;48;2;141;50;15m⠃[38;2;135;48;22;48;2;150;58;29m⢃[38;2;118;39;18;48;2;131;50;29m⣠[38;2;115;37;24;48;2;88;12;3m⠁[38;2;116;39;18;48;2;89;10;3m⢸[38;2;120;44;19;48;2;117;42;14m▍[38;2;123;49;22;48;2;130;63;37m⠃[38;2;124;57;30;48;2;116;48;21m⠃[38;2;115;46;24;48;2;120;51;25m⢀[38;2;93;23;12;48;2;106;40;19m⢰[38;2;116;41;19;48;2;87;15;0m⢸[38;2;141;58;28;48;2;125;49;22m⢸[38;2;140;55;24;48;2;121;45;22m▍[38;2;102;40;30;48;2;123;56;40m⢸[38;2;80;16;7;48;2;108;41;21m▊[38;2;113;43;14;48;2;120;49;28m⢰[38;2;119;55;38;48;2;115;43;19m⢸[38;2;118;53;34;48;2;102;38;18m▍[38;2;103;47;28;48;2;100;33;15m⢸[38;2;91;45;31;48;2;64;27;25m▍[38;2;54;22;34;48;2;53;21;24m⢸[0m
[38;2;144;98;82;48;2;141;90;76m⣆[38;2;143;94;79;48;2;140;89;75m⡀[38;2;155;107;85;48;2;145;93;78m▝[38;2;150;102;79;48;2;165;118;93m▅[38;2;163;108;90;48;2;155;100;82m⠃[38;2;145;85;72;48;2;138;82;71m▍[38;2;140;84;71;48;2;142;88;74m▍[38;2;143;95;78;48;2;139;90;75m⠬[38;2;146;107;89;48;2;139;98;73m▅[38;2;154;116;93;48;2;129;89;65m⡀[38;2;135;96;68;48;2;137;102;73m⣈[38;2;151;108;85;48;2;137;100;71m⢸[38;2;152;117;92;48;2;157;127;102m▊[38;2;155;124;102;48;2;164;131;109m⣄[38;2;144;119;103;48;2;150;124;107m⠈[38;2;129;106;95;48;2;91;71;63m▍[38;2;82;69;55;48;2;162;154;138m▊[38;2;184;178;158;48;2;201;201;184m▏[38;2;205;202;187;48;2;198;196;181m⣐[38;2;116;112;98;48;2;182;174;162m⢸[38;2;104;75;69;48;2;121;75;71m▊[38;2;128;75;71;48;2;135;66;67m⣄[38;2;143;115;109;48;2;129;90;85m⠰[38;2;126;122;116;48;2;111;109;98m⠚[38;2;106;102;92;48;2;135;130;123m⣤[38;2;138;129;135;48;2;115;111;100m⠉[38;2;119;115;104;48;2;138;135;132m▅[38;2;156;149;158;48;2;127;123;112m⠉[38;2;127;123;109;48;2;151;153;148m▅[38;2;126;120;103;48;2;143;145;135m⣄[38;2;131;131;119;48;2;148;149;146m⣤[38;2;123;126;113;48;2;151;157;152m▅[38;2;122;120;102;48;2;145;142;140m⣤[38;2;127;123;105;48;2;155;151;153m▅[38;2;160;154;160;48;2;127;123;111m⠋[38;2;159;154;159;48;2;125;122;115m⠙[38;2;120;117;103;48;2;144;140;141m▃[38;2;124;120;114;48;2;162;164;159m▅[38;2;118;115;108;48;2;158;153;159m▅[38;2;176;169;180;48;2;123;123;114m⠉[38;2;169;167;176;48;2;127;126;112m⠉[38;2;161;159;167;48;2;127;119;102m⠉[38;2;168;164;175;48;2;122;117;100m⠉[38;2;171;168;177;48;2;121;111;104m⠉[38;2;175;170;181;48;2;122;116;103m⠉[38;2;181;176;179;48;2;117;113;101m⠉[38;2;176;168;176;48;2;113;113;101m⠉[38;2;179;165;177;48;2;114;115;102m⠉[38;2;180;166;177;48;2;117;107;98m⠉[38;2;111;103;88;48;2;188;175;175m▅[38;2;188;171;168;48;2;102;70;60m⠋[38;2;110;86;78;48;2;85;47;37m⠁[38;2;85;50;38;48;2;92;55;42m▍[38;2;95;59;43;48;2;98;57;39m⣤[38;2;106;70;51;48;2;98;61;42m▝[38;2;102;64;45;48;2;111;69;53m⣄[38;2;94;60;44;48;2;106;64;49m⢀[38;2;83;46;31;48;2;91;54;44m⣈[38;2;92;46;40;48;2;108;57;52m⡅[38;2;115;61;56;48;2;113;57;50m⠃[38;2;111;56;44;48;2;127;63;55m⠉[38;2;133;68;59;48;2;108;46;36m▅[38;2;143;77;69;48;2;102;40;29m⣤[38;2;130;65;56;48;2;85;25;16m▅[38;2;134;68;59;48;2;89;29;22m⣤[38;2;129;65;55;48;2;94;37;29m⣤[38;2;128;68;57;48;2;98;40;34m▃[38;2;129;67;59;48;2;93;27;23m▃[38;2;127;66;57;48;2;94;34;28m▃[38;2;121;62;53;48;2;100;44;38m▃[38;2;88;33;25;48;2;111;57;46m⠶[38;2;112;67;53;48;2;90;41;33m⠉[38;2;80;34;21;48;2;116;71;57m▅[38;2;79;36;16;48;2;121;75;58m▅[38;2;97;52;30;48;2;130;88;63m▅[38;2;131;88;63;48;2;107;63;42m⠹[38;2;124;79;59;48;2;136;92;69m⡀[38;2;136;92;68;48;2;139;95;71m⣠[38;2;135;89;65;48;2;137;93;69m⢰[38;2;144;92;71;48;2;136;88;65m⢸[38;2;142;93;71;48;2;138;88;65m⠙[38;2;134;84;62;48;2;138;90;68m▃[38;2;135;88;65;48;2;132;84;63m⢱[38;2;138;90;68;48;2;134;86;64m⡐[38;2;136;88;65;48;2;132;84;63m⢢[38;2;126;72;53;48;2;131;83;61m⢐[38;2;119;65;44;48;2;115;58;38m⠇[38;2;114;49;24;48;2;117;36;13m⠇[38;2;126;39;14;48;2;133;45;20m▍[38;2;121;46;21;48;2;128;50;21m⢰[38;2;116;41;17;48;2;110;34;11m⠁[38;2;118;29;11;48;2;110;22;7m▍[38;2;116;31;19;48;2;127;43;30m▍[38;2;98;43;27;48;2;130;60;45m⢠[38;2;109;52;37;48;2;75;32;20m⠁[38;2;92;41;10;48;2;79;33;16m⢰[38;2;121;60;29;48;2;107;49;15m⢸[38;2;74;14;7;48;2;122;62;39m⢰[38;2;59;2;0;48;2;73;17;11m▊[38;2;77;17;6;48;2;88;39;23m⢰[38;2;89;19;10;48;2;132;52;30m⠇[38;2;140;49;19;48;2;131;43;7m⠋[38;2;138;51;16;48;2;146;60;26m▍[38;2;131;49;22;48;2;144;54;28m⢰[38;2;122;41;18;48;2;99;23;7m⠇[38;2;86;12;3;48;2;81;8;1m▏[38;2;93;18;5;48;2;125;45;25m▍[38;2;129;50;19;48;2;125;45;17m⠠[38;2;114;42;15;48;2;131;56;28m⢰[38;2;110;40;13;48;2;117;43;20m⡆[38;2;106;39;18;48;2;115;45;21m⢸[38;2;98;29;15;48;2;94;24;13m▊[38;2;116;39;12;48;2;94;20;6m⢸[38;2;122;42;13;48;2;133;51;20m⣆[38;2;126;56;39;48;2;122;42;19m⢰[38;2;82;19;13;48;2;124;61;47m⢸[38;2;79;12;3;48;2;122;57;36m▊[38;2;106;41;11;48;2;134;64;39m⢸[38;2;105;45;21;48;2;109;53;41m▍[38;2;103;46;31;48;2;86;24;7m▏[38;2;99;36;18;48;2;108;44;23m▏[38;2;100;48;36;48;2;72;33;27m▊[38;2;61;28;27;48;2;49;19;24m⣄[0m
[38;2;147;98;81;48;2;134;88;65m⠙[38;2;131;79;60;48;2;142;89;75m⣄[38;2;129;74;62m▁[38;2;138;88;73;48;2;142;90;75m⣁[38;2;134;85;71;48;2;143;88;72m▅[38;2;135;80;67;48;2;137;88;73m⠊[38;2;135;88;69;48;2;145;92;78m⣠[38;2;138;97;81;48;2;137;89;74m⢠[38;2;147;108;92;48;2;137;100;82m⢸[38;2;146;106;85;48;2;154;116;98m⠈[38;2;126;84;61;48;2;145;108;89m⠹[38;2;76;39;16;48;2;121;76;56m⢠[38;2;57;25;15;48;2;148;109;88m⣄[38;2;80;53;41;48;2;157;128;101m⣀[38;2;57;44;36;48;2;139;118;102m⣠[38;2;117;100;84;48;2;84;71;64m⠁[38;2;126;109;98;48;2;75;59;48m⠈[38;2;72;61;56;48;2;201;183;172m▅[38;2;73;62;56;48;2;204;187;176m▅[38;2;168;159;146;48;2;85;70;59m⠁[38;2;102;88;79;48;2;97;84;79m⢸[38;2;109;95;91;48;2;114;72;65m▃[38;2;91;85;77;48;2;107;86;80m⢀[38;2;112;107;100;48;2;91;88;77m⠤[38;2;88;83;77;48;2;75;72;59m⠍[38;2;74;64;64;48;2;80;74;70m⣀[38;2;92;90;82;48;2;75;72;66m⠩[38;2;98;94;85;48;2;75;72;63m⠉[38;2;110;98;89;48;2;84;73;68m⠉[38;2;102;92;79;48;2;81;72;65m⠉[38;2;102;94;81;48;2;78;72;64m⠉[38;2;100;95;84;48;2;75;70;62m⠉[38;2;100;83;77;48;2;81;71;65m⠩[38;2;102;95;81;48;2;81;67;59m⠉[38;2;78;69;62;48;2;100;76;70m⠲[38;2;103;76;65;48;2;88;72;66m⣀[38;2;98;77;69;48;2;82;72;61m▃[38;2;93;89;75;48;2;83;68;57m⠍[38;2;72;44;30;48;2;90;81;70m▅[38;2;77;33;19;48;2;102;77;65m▅[38;2;106;89;79;48;2;103;44;26m⠉[38;2;113;91;83;48;2;102;49;32m⠉[38;2;88;44;27;48;2;105;86;72m▅[38;2;62;21;21;48;2;105;92;78m⣤[38;2;66;30;32;48;2;98;86;80m▃[38;2;71;39;36;48;2;100;88;81m▃[38;2;72;38;21;48;2;100;90;76m▃[38;2;72;36;23;48;2;102;92;80m⣤[38;2;60;17;10;48;2;111;89;80m⣤[38;2;105;75;72;48;2;63;12;8m⠉[38;2;73;36;27;48;2;62;13;7m⠁[38;2;81;40;30;48;2;67;13;10m⠸[38;2;83;42;29;48;2;83;49;32m⡄[38;2;89;61;40;48;2;89;56;37m⠃[38;2;93;63;42;48;2;92;58;39m⢰[38;2;98;62;43;48;2;95;58;40m⠌[38;2;93;56;38;48;2;100;63;50m⡌[38;2;92;55;45;48;2;82;45;31m⡄[38;2;98;54;44;48;2;77;37;24m▝[38;2;88;45;33;48;2;105;60;49m⣄[38;2;100;50;37;48;2;114;56;44m⣆[38;2;116;56;45;48;2;128;62;53m▅[38;2;135;72;62;48;2;117;61;49m⠉[38;2;117;61;50;48;2;130;64;55m⣤[38;2;121;59;49;48;2;135;69;60m▅[38;2;118;58;44;48;2;136;74;64m⣤[38;2;119;60;49;48;2;153;91;80m▅[38;2;123;62;51;48;2;150;88;78m▅[38;2;131;71;61;48;2;124;65;56m⠋[38;2;113;60;47;48;2;125;65;55m⣀[38;2;120;64;52;48;2;124;64;54m▅[38;2;127;76;62;48;2;120;66;54m⢠[38;2;114;61;51;48;2;131;79;62m⠉[38;2;128;75;58;48;2;139;88;66m⠁[38;2;122;76;55;48;2;138;88;65m⠈[38;2;118;72;52;48;2;133;86;63m⠉[38;2;125;80;60;48;2;132;88;64m⠁[38;2;135;91;67m⠡[38;2;138;94;70;48;2;134;89;65m⠜[38;2;138;90;68;48;2;132;88;63m⠃[38;2;137;85;64;48;2;134;84;62m⡈[38;2;137;86;64;48;2;135;84;63m⠉[38;2;129;81;59;48;2;133;85;64m⣀[38;2;128;80;58;48;2;131;83;61m⢘[38;2;126;78;56m⣀[38;2;117;66;44;48;2;124;77;55m⢸[38;2;115;59;39;48;2;113;48;26m⠇[38;2;116;39;21;48;2;119;30;12m▍[38;2;127;44;19;48;2;123;43;13m⣐[38;2;101;27;5;48;2;121;44;22m⢰[38;2;98;27;5;48;2;111;31;9m⡄[38;2;113;34;19;48;2;107;23;4m⣠[38;2;95;34;15;48;2;114;39;24m⢰[38;2;92;33;14;48;2;77;23;8m⠃[38;2;70;23;9;48;2;82;37;20m⠃[38;2;114;47;21;48;2;94;38;18m⣰[38;2;110;53;38;48;2;125;58;36m⢀[38;2;104;44;28;48;2;57;5;1m⠃[38;2;58;2;0;48;2;71;10;2m▊[38;2;117;42;18;48;2;97;25;7m⢰[38;2;127;46;20;48;2;132;43;17m⠁[38;2;127;38;9;48;2;134;45;17m⣃[38;2;131;51;26;48;2;129;46;11m⢰[38;2;97;31;21;48;2;126;50;30m⢰[38;2;86;19;11;48;2;74;13;3m▏[38;2;81;15;2;48;2;88;22;7m▊[38;2;100;29;11;48;2;125;50;27m▍[38;2;127;53;26;48;2;125;47;17m⢰[38;2;106;36;9;48;2;122;51;22m⢰[38;2;109;39;15;48;2;120;51;28m▏[38;2;108;37;20;48;2;95;25;8m▍[38;2;97;26;14;48;2;91;16;4m▊[38;2;107;31;5;48;2;94;15;1m⢸[38;2;125;54;26;48;2;115;40;9m⢠[38;2;114;51;34;48;2;123;55;33m⢠[38;2;106;44;28;48;2;81;14;5m▍[38;2;122;58;37;48;2;82;16;5m⢸[38;2;127;65;41;48;2;97;37;19m▍[38;2;106;58;43;48;2;88;44;42m▊[38;2;72;26;21;48;2;62;16;10m▍[38;2;73;22;2;48;2;100;45;26m▍[38;2;80;40;32;48;2;98;47;31m▕[38;2;74;37;29;48;2;57;25;22m▏[0m
[38;2;143;93;80;48;2;150;102;88m⡉[38;2;129;74;58;48;2;154;116;98m⠙[38;2;152;113;95;48;2;120;76;60m⡀[38;2;127;80;65;48;2;134;86;71m▊[38;2;135;92;75;48;2;136;88;72m⣀[38;2;143;104;86;48;2;141;94;78m⢀[38;2;148;109;92;48;2;142;98;83m⣤[38;2;144;110;92;48;2;139;105;88m⣤[38;2;143;106;88;48;2;149;112;94m⠍[38;2;150;114;98;48;2;149;110;92m⠋[38;2;146;107;90;48;2;147;113;100m▅[38;2;97;69;56;48;2;143;105;93m⠈[38;2;51;23;18;48;2;102;76;69m⠙[38;2;43;20;17;48;2;54;36;38m⠙[38;2;45;24;20;48;2;63;49;49m⠁[38;2;73;55;58;48;2;77;68;68m⣰[38;2;91;80;74;48;2;72;54;58m⠉[38;2;56;44;47;48;2;88;77;71m▅[38;2;62;50;52;48;2;93;82;76m▅[38;2;93;86;82;48;2;68;56;59m⠉[48;2;63;52;47m⠉[38;2;45;32;33;48;2;92;82;75m▅[38;2;29;18;17;48;2;73;63;56m▅[38;2;43;26;26;48;2;36;21;21m⠁[38;2;40;26;25;48;2;41;28;28m⠁[38;2;32;22;21;48;2;39;25;25m⣰[38;2;21;14;12;48;2;32;20;20m⣤[38;2;47;34;34;48;2;27;13;14m▔[38;2;52;37;37;48;2;37;23;25m▔[38;2;51;37;34;48;2;40;22;23m▔[38;2;51;36;31;48;2;38;24;24m▔[38;2;47;31;26;48;2;36;15;18m▔[38;2;46;23;20;48;2;28;5;2m▔[38;2;32;7;2;48;2;80;33;23m▍[38;2;81;32;18;48;2;117;55;30m▊[38;2;113;60;36;48;2;122;67;42m⠈[38;2;97;38;35;48;2;120;59;38m▕[38;2;89;30;27;48;2;68;9;7m▏[38;2;75;17;6;48;2;85;33;20m▏[38;2;93;31;10;48;2;89;30;9m▝[38;2;139;64;41;48;2;100;31;10m⢸[38;2;127;50;26;48;2;117;41;17m▍[38;2;108;45;25;48;2;116;47;21m⠈[38;2;85;23;12;48;2;65;6;0m▍[38;2;62;15;16;48;2;61;9;8m⠈[38;2;67;13;9;48;2;66;8;4m⠹[38;2;69;14;6;48;2;76;14;4m⠉[38;2;82;19;13;48;2;77;14;8m⣀[38;2;75;13;10;48;2;65;3;2m▏[38;2;70;9;8;48;2;76;16;6m⠋[38;2;71;13;6;48;2;78;20;13m⢉[38;2;68;15;6;48;2;62;10;5m⢃[38;2;86;46;30;48;2;59;14;2m▝[38;2;83;46;26;48;2;89;53;33m⡄[38;2;91;58;38;48;2;95;64;43m⣆[38;2;100;67;47;48;2;97;63;43m⣤[38;2;104;70;51;48;2;94;58;40m⣀[38;2;97;60;42;48;2;102;65;47m⠮[38;2;78;45;33;48;2;102;65;46m⠙[38;2;100;63;44;48;2;74;37;19m▃[38;2;102;67;48;48;2;82;40;22m⣀[38;2;72;27;11;48;2;98;48;36m⠶[38;2;102;62;45;48;2;70;20;7m⡉[38;2;70;22;14;48;2;110;53;43m▅[38;2;72;20;16;48;2;109;52;38m▅[38;2;68;16;4m⣤[38;2;82;30;16;48;2;108;52;31m⣤[38;2;89;42;25;48;2;111;56;43m⣤[38;2;94;53;36;48;2;112;57;44m⣤[38;2;102;60;41;48;2;111;64;48m▃[38;2;109;65;45;48;2;117;69;54m⡀[38;2;127;80;61;48;2;123;74;55m⠺[38;2;126;78;60;48;2;128;80;61m⡑[38;2;135;88;65;48;2;131;82;60m▝[38;2;132;82;60;48;2;132;85;63m⡀[38;2;131;88;63;48;2;128;84;61m⠙[48;2;134;90;66m⡄[38;2;134;90;65;48;2;131;88;64m▏[38;2;135;91;67;48;2;130;86;62m⠒[38;2;131;88;63;48;2;134;90;66m⣁[38;2;127;83;58;48;2;131;88;63m▃[38;2;130;84;60;48;2;128;81;59m⡅[38;2;129;81;59;48;2;127;79;57m⠭[38;2;126;80;57;48;2;128;80;58m⡈[38;2;123;73;56;48;2;125;77;57m⢰[38;2;110;54;33;48;2;119;67;48m⢸[38;2;107;50;26;48;2;109;47;25m⡃[38;2;118;40;14;48;2;114;29;11m⣰[38;2;119;42;14;48;2;124;48;21m⠃[38;2;114;36;18;48;2;98;21;10m▊[38;2;96;14;3;48;2;116;29;11m⠇[38;2;122;36;18;48;2;120;39;19m▍[38;2;90;38;17;48;2;110;44;28m⢸[38;2;80;27;12;48;2;86;39;23m⠃[38;2;93;41;26;48;2;103;42;20m▊[38;2;115;55;34;48;2;113;49;24m⢰[38;2;78;29;10;48;2;109;49;32m⢰[38;2;60;12;10;48;2;54;6;2m⢠[38;2;60;1;0;48;2;90;22;11m▊[38;2;102;30;15;48;2;125;42;17m▏[38;2;120;30;3;48;2;130;41;14m▃[38;2;127;38;10;48;2;122;33;7m⡆[38;2;108;43;22;48;2;116;45;23m⢀[38;2;107;46;25;48;2;80;27;9m⠃[38;2;70;13;2;48;2;79;17;5m▊[38;2;89;24;12;48;2;84;14;0m⡆[38;2;95;24;6;48;2;120;47;20m▍[38;2;115;46;20;48;2;128;58;33m⢁[38;2;120;55;31;48;2;109;41;16m▕[38;2;110;41;23;48;2;120;56;36m⢸[38;2;102;32;13;48;2;94;26;9m▍[38;2;87;25;5;48;2;98;37;18m⢸[38;2;93;26;11;48;2;110;45;21m▍[38;2;119;47;20;48;2;123;54;23m⠧[38;2;108;44;32;48;2;120;52;34m⠔[38;2;89;23;19;48;2;72;9;2m▍[38;2;84;22;11;48;2;115;57;33m▍[38;2;114;56;33;48;2;100;42;29m▏[38;2;100;50;39;48;2;88;43;38m▊[38;2;69;32;30;48;2;56;15;15m⡆[38;2;59;9;5;48;2;78;28;17m⡄[38;2;82;37;23;48;2;85;43;32m⠆[38;2;68;30;26;48;2;49;18;22m⠇[0m
[38;2;142;92;79;48;2;146;104;88m▊[38;2;149;111;92;48;2;157;119;100m⣆[38;2;161;122;103;48;2;165;127;108m⠈[38;2;131;88;71;48;2;162;125;106m⠙[38;2;155;117;100;48;2;125;88;69m⡀[38;2;129;91;72;48;2;138;100;79m⣆[38;2;138;102;77;48;2;145;107;88m⡀[38;2;145;113;92;48;2;148;110;97m▏[38;2;146;108;95;48;2;147;109;98m⠂[38;2;151;108;94;48;2;146;103;91m⠋[38;2;141;100;88;48;2;147;103;92m⢀[38;2;135;95;83;48;2;141;102;89m⢀[38;2;122;85;80;48;2;132;95;88m▕[38;2;111;77;73;48;2;74;50;45m⡆[38;2;69;55;56;48;2;63;43;45m⠈[38;2;56;37;37;48;2;71;51;53m▅[38;2;61;48;48;48;2;55;39;41m⢁[38;2;61;49;49;48;2;54;41;41m⣀[38;2;58;46;50;48;2;53;41;45m▝[38;2;52;41;44;48;2;65;54;58m⣤[38;2;49;39;42m⣤[38;2;56;44;48;48;2;48;37;41m⠃[38;2;34;22;23;48;2;42;30;33m⠈[38;2;33;21;21;48;2;39;26;30m⠉[38;2;39;32;34;48;2;38;25;25m▅[38;2;30;20;19;48;2;36;27;29m⠙[38;2;28;24;21;48;2;18;13;10m▅[38;2;25;19;17;48;2;32;27;24m⠃[38;2;32;22;25;48;2;32;26;24m⠋[38;2;39;25;26;48;2;33;21;21m⠇[38;2;29;17;17m⢲[38;2;36;12;14;48;2;27;12;12m⠉[38;2;32;6;9;48;2;22;4;5m⠋[38;2;74;25;14;48;2;36;5;1m⢸[38;2;125;54;23;48;2;102;44;23m⢸[38;2;126;55;23;48;2;134;59;29m⠈[38;2;129;63;40;48;2;104;45;37m▊[38;2;88;30;22;48;2;58;9;5m▏[38;2;78;25;9;48;2;66;14;7m⠙[38;2;88;26;8;48;2;85;16;2m⠃[38;2;106;32;18;48;2;143;68;43m▍[38;2;138;59;30;48;2;124;45;18m▏[38;2;120;55;26;48;2;120;47;12m⢸[38;2;106;43;23;48;2;77;17;10m⣆[38;2;78;22;10;48;2;70;12;5m⡀[38;2;67;6;1;48;2;74;11;4m⠁[38;2;74;10;2;48;2;72;9;0m⠈[38;2;81;17;12;48;2;75;11;7m⠫[38;2;74;12;7;48;2;67;6;1m▏[38;2;80;20;13;48;2;71;11;3m⠸[38;2;77;16;10;48;2;68;10;5m⠁[38;2;65;8;2;48;2;71;13;6m⢁[38;2;62;12;7;48;2;59;8;0m⣰[38;2;59;12;7;48;2;79;37;28m⣆[38;2;78;43;27;48;2;88;55;36m⡄[38;2;91;59;40;48;2;98;66;47m⡄[38;2;110;73;56;48;2;105;69;50m▝[38;2;113;76;58;48;2;108;71;52m⢀[38;2;116;79;60;48;2;110;73;54m⣤[38;2;109;72;55;48;2;115;78;60m⠙[38;2;117;78;60;48;2;110;72;55m⣰[38;2;114;78;60;48;2;121;82;65m▔[38;2;119;82;64;48;2;131;93;71m▔[38;2;119;78;65;48;2;139;95;74m▔[38;2;120;74;59;48;2;145;100;78m▔[38;2;115;71;52;48;2;148;103;82m▔[38;2;110;70;51;48;2;147;100;79m▔[38;2;124;81;64;48;2;145;99;79m⠉[38;2;117;75;58;48;2;139;94;73m⠉[38;2;136;92;68;48;2;117;75;56m▅[38;2;139;95;71;48;2;123;79;55m▃[38;2;134;90;66;48;2;124;76;56m▃[38;2;134;90;67;48;2;124;78;56m⣀[38;2;134;90;66;48;2;128;80;58m⣀[38;2;128;84;60;48;2;131;88;64m⠜[38;2;135;91;67;48;2;130;87;62m⣀[38;2;134;90;65;48;2;129;86;61m⣨[48;2;131;88;63m⡡[38;2;136;92;68;48;2;132;88;64m⠤[38;2;129;85;60;48;2;132;88;63m▝[38;2;123;77;53;48;2;127;83;59m⢀[38;2;125;77;55;48;2;128;80;58m⣠[38;2;128;80;59;48;2;123;75;54m▝[38;2;128;80;58;48;2;124;77;55m⠇[38;2;109;63;47;48;2;122;74;53m⢠[38;2;106;59;41;48;2;102;53;31m⠇[38;2;106;45;22;48;2;102;50;23m⢸[38;2;113;40;16;48;2;116;45;16m⠇[38;2;116;43;17;48;2;121;47;22m▚[38;2;105;30;11;48;2;100;20;7m▍[38;2;110;23;9;48;2;117;32;15m⠇[38;2;91;30;11;48;2;114;42;22m⢠[38;2;91;43;22;48;2;91;43;22m⠀[38;2;102;46;27;48;2;88;42;24m⢠[38;2;102;45;22;48;2;112;48;26m⠃[38;2;83;28;16;48;2;108;46;21m⢠[38;2;83;27;15;48;2;65;20;9m⠃[38;2;62;12;7;48;2;71;18;11m⣃[38;2;81;21;5;48;2;114;42;19m▍[38;2;126;43;19;48;2;124;30;5m⠃[38;2;121;30;6;48;2;126;37;11m⡌[38;2;130;53;28;48;2;126;40;12m⢰[38;2;95;31;17;48;2;119;50;32m⢸[38;2;76;25;7;48;2;67;10;0m⠋[38;2;90;28;14;48;2;82;25;11m⠴[38;2;107;30;12;48;2;93;25;6m⣠[38;2;124;51;24;48;2;104;36;12m⢸[38;2;110;44;17;48;2;132;63;37m⢸[38;2;110;43;17;48;2;124;58;32m▍[38;2;103;31;14;48;2;120;55;31m⢸[38;2;98;28;11;48;2;104;39;17m⡄[38;2;103;41;18;48;2;100;33;8m▚[38;2;113;43;18;48;2;122;48;23m⠃[38;2;121;38;14;48;2;127;55;29m⡆[38;2;126;59;41;48;2;92;37;26m▊[38;2;81;24;10;48;2;70;16;4m▕[38;2;98;40;21;48;2;117;57;38m▍[38;2;123;64;45;48;2;98;39;19m⢠[38;2;60;19;19;48;2;106;58;48m⢸[38;2;54;13;14;48;2;48;4;2m⠁[38;2;51;8;5;48;2;69;27;21m⠇[38;2;59;31;25;48;2;75;38;30m⣤[38;2;31;12;14;48;2;49;23;20m⠸[0m
[38;2;138;102;82;48;2;147;114;92m⠉[38;2;146;108;89;48;2;145;113;92m⠉[38;2;153;120;99;48;2;149;117;97m▝[38;2;162;124;107;48;2;150;117;98m⠙[38;2;150;112;100;48;2;157;119;106m⢈[38;2;152;113;97;48;2;127;88;72m⣆[38;2;138;100;82;48;2;124;85;70m▝[38;2;134;97;77;48;2;145;107;88m⣄[38;2;148;110;91;48;2;143;105;86m⠧[38;2;139;102;82;48;2;146;103;88m⣠[38;2;137;98;80;48;2;139;100;86m⣈[38;2;128;88;75;48;2;135;97;83m⣠[38;2;131;97;83;48;2;128;97;80m⠋[38;2;105;76;72;48;2;120;88;80m▝[38;2;92;73;67;48;2;72;48;50m⣤[38;2;80;70;70;48;2;65;51;51m⣤[38;2;65;53;53;48;2;77;66;66m⠋[38;2;80;69;69;48;2;72;60;60m⣤[38;2;80;68;68;48;2;69;57;57m⣤[38;2;79;68;68;48;2;56;46;45m⣤[38;2;72;63;62;48;2;52;42;41m⣤[38;2;72;62;61m⣤[38;2;64;54;53;48;2;50;40;39m⣤[38;2;61;51;50;48;2;46;36;33m⣤[38;2;60;49;49;48;2;47;37;36m▃[38;2;42;36;37;48;2;53;43;42m⠙[38;2;50;40;38;48;2;37;31;28m⣤[38;2;45;35;33;48;2;32;27;24m⣤[38;2;45;32;32m▃[38;2;43;29;29;48;2;31;20;20m⣀[38;2;41;27;27;48;2;28;16;16m⡀[38;2;25;13;13;48;2;18;5;7m⠇[38;2;18;0;7;48;2;19;3;6m⣰[38;2;31;2;0;48;2;76;28;10m▊[38;2;102;46;24;48;2;131;53;25m▍[38;2;136;64;30;48;2;132;56;22m⠃[38;2;91;32;12;48;2;122;54;25m⢸[38;2;76;23;9;48;2;56;9;4m⡆[38;2;78;17;11;48;2;59;4;2m⢸[38;2;99;27;11;48;2;88;18;5m▕[38;2;106;35;19;48;2;134;60;38m▏[38;2;128;55;30;48;2;125;51;26m▊[38;2;117;44;17;48;2;122;50;25m▍[38;2;105;40;14;48;2;95;27;6m⡙[38;2;79;18;7;48;2;112;50;31m▝[38;2;98;38;19;48;2;74;12;10m⡀[38;2;75;17;6;48;2;72;8;0m⡆[38;2;83;21;13;48;2;76;12;7m⢰[38;2;86;29;18;48;2;75;14;4m⡀[38;2;74;15;0;48;2;72;11;1m⡒[38;2;67;5;3;48;2;71;9;3m⠇[38;2;74;10;8;48;2;69;4;3m⢡[38;2;76;13;12;48;2;66;5;4m⡆[38;2;57;6;1;48;2;54;3;0m▁[38;2;76;43;28;48;2;55;15;7m▝[38;2;69;38;20;48;2;86;48;33m⡄[38;2;90;56;39;48;2;102;65;47m⣄[38;2;115;78;61;48;2;109;73;54m▝[38;2;115;78;60;48;2;120;83;65m⣤[38;2;121;83;66;48;2;116;78;60m⠇[38;2;123;81;62m⠙[38;2;122;79;58;48;2;128;80;62m▍[38;2;139;93;73;48;2;133;84;65m▝[38;2;137;89;70;48;2;144;100;78m⡄[38;2;142;93;73;48;2;143;95;75m⢂[38;2;149;97;78;48;2;155;104;85m⡀[38;2;157;104;86;48;2;155;103;85m⠱[38;2;156;107;85;48;2;150;105;82m⡁[38;2;148;104;79;48;2;150;106;81m⢋[38;2;145;102;76;48;2;148;104;79m⠨[38;2;146;102;77;48;2;143;100;74m⠖[38;2;140;97;72;48;2;146;102;77m⠙[38;2;142;98;73;48;2;138;94;71m▃[38;2;143;100;74;48;2;139;95;71m⣤[38;2;138;95;67;48;2;144;102;70m⠇[38;2;140;98;67;48;2;140;98;68m⢢[38;2;139;95;68;48;2;134;90;64m⣆[38;2;134;90;67;48;2;132;88;64m⡠[38;2;128;84;60;48;2;134;90;66m⢸[38;2;127;83;58;48;2;128;84;60m⠂[38;2;127;83;59;48;2;125;80;57m⠥[38;2;126;78;56;48;2;123;75;54m⠍[38;2;122;74;53;48;2;124;76;55m▁[38;2;116;68;52;48;2;123;75;53m⣀[38;2;112;66;47;48;2;100;52;38m⠃[38;2;94;44;28;48;2;94;48;31m⣀[38;2;102;44;22;48;2;110;47;22m▊[38;2;110;45;16;48;2;114;49;19m⡄[38;2;116;42;18;48;2;113;36;17m▊[38;2;109;28;14;48;2;102;23;8m▕[38;2;112;45;29;48;2;109;34;15m▕[38;2;86;27;11;48;2;109;47;31m⢸[48;2;97;40;22m▏[38;2;97;47;27;48;2;106;48;24m⠁[38;2;102;43;25;48;2;110;48;26m⢠[38;2;91;39;22;48;2;72;26;12m▍[38;2;59;13;7;48;2;67;16;14m▊[38;2;91;24;9;48;2;72;13;3m⢠[38;2;116;39;12;48;2;121;42;12m▏[38;2;128;41;7;48;2;125;31;4m⢀[38;2;121;42;11;48;2;126;49;17m⠉[38;2;88;25;14;48;2;115;42;20m⢠[38;2;100;33;20;48;2;71;10;5m⠁[38;2;80;15;4;48;2;70;9;1m⢸[38;2;120;44;25;48;2;89;16;2m⢠[38;2;121;42;20;48;2;111;33;8m⠇[38;2;118;43;16;48;2;127;51;24m⠃[38;2;114;42;17;48;2;125;49;22m⡘[38;2;125;58;41;48;2;108;45;31m▊[38;2;94;30;18;48;2;79;13;0m⠁[38;2;92;27;3;48;2;97;31;11m⣀[38;2;109;39;13;48;2;112;42;15m▍[38;2;132;48;21;48;2;119;42;11m⢠[38;2;122;46;20;48;2;129;62;40m⠁[38;2;83;29;16;48;2;114;59;43m⢰[38;2;76;21;7;48;2;97;36;22m▊[38;2;118;53;36;48;2;108;47;27m▊[38;2;102;41;21;48;2;112;56;37m⠁[38;2;98;53;38;48;2;76;36;27m▍[38;2;72;31;26;48;2;75;41;36m⠋[38;2;72;47;46;48;2;72;30;32m⣠[38;2;74;50;50;48;2;66;39;36m⣤[38;2;75;54;57;48;2;66;40;38m⣤[0m
[38;2;149;103;84;48;2;147;108;88m⣤[38;2;141;100;82;48;2;146;112;92m▃[38;2;145;113;92;48;2;150;118;97m⡐[38;2;147;115;97;48;2;151;119;99m⠺[38;2;140;107;92;48;2;146;112;98m⢤[38;2;139;106;91;48;2;148;111;98m▅[38;2;123;84;69;48;2;138;98;86m⠸[38;2;124;86;68;48;2;112;75;58m⡙[38;2;121;82;65;48;2;133;94;75m⡄[38;2;133;98;78;48;2;137;100;80m⡀[38;2;135;102;81;48;2;133;95;76m⣄[38;2;128;90;72;48;2;136;100;80m⠋[38;2;132;98;79;48;2;130;97;77m⠄[38;2;123;92;84;48;2;116;88;81m▊[38;2;105;79;73;48;2;93;71;68m▍[38;2;88;69;68;48;2;82;72;70m▍[38;2;80;71;69;48;2;84;73;72m⣀[38;2;82;71;71;48;2;85;73;73m⣠[38;2;86;74;74;48;2;83;72;72m⢡[38;2;80;69;69;48;2;82;71;71m⡦[38;2;82;71;71;48;2;85;73;73m⢉[38;2;84;72;72;48;2;78;67;67m▅[38;2;85;73;73;48;2;77;66;66m▅[38;2;86;72;72;48;2;75;64;64m▅[38;2;71;59;58;48;2;88;70;72m⠙[38;2;80;68;69;48;2;65;57;53m⣤[38;2;72;62;62;48;2;59;49;47m⣤[38;2;70;58;58;48;2;54;44;42m⣤[38;2;51;41;39;48;2;58;47;47m⠹[38;2;43;30;30;48;2;49;37;37m⢸[38;2;21;9;13;48;2;33;21;22m⢸[38;2;15;6;4;48;2;9;2;4m⢀[38;2;65;18;8;48;2;20;0;0m⢀[38;2;50;7;1;48;2;107;37;17m⠇[38;2;122;44;12;48;2;131;54;24m⣠[38;2;102;45;20;48;2;123;52;21m⢠[38;2;88;30;9;48;2;70;21;7m▍[38;2;71;16;6;48;2;72;22;13m⡐[38;2;68;15;7;48;2;71;14;4m⡁[38;2;98;31;14;48;2;79;14;2m⢸[38;2;119;49;25;48;2;129;56;31m▍[38;2;131;59;27;48;2;122;49;22m⢠[38;2;111;39;11;48;2;123;50;22m⢸[38;2;106;32;13;48;2;109;39;11m⠌[38;2;94;26;4;48;2;103;40;18m⠳[38;2;97;34;16;48;2;105;40;15m⠈[38;2;78;13;1;48;2;103;36;19m⠙[38;2;100;28;15;48;2;75;18;4m⣤[38;2;92;23;10;48;2;81;18;4m⣀[38;2;77;15;0;48;2;80;18;3m⠫[38;2;74;12;0;48;2;80;18;4m⠙[38;2;72;7;0;48;2;74;11;5m⢱[38;2;73;10;8;48;2;64;4;2m⠁[38;2;68;26;20;48;2;57;5;5m⢰[38;2;67;23;17;48;2;59;18;11m⡆[38;2;76;36;23;48;2;57;7;3m⠈[38;2;68;21;16;48;2;88;49;36m⣄[38;2;91;56;48;48;2;103;68;47m⣄[38;2;102;65;51;48;2;111;71;53m⡀[38;2;110;72;53;48;2;114;76;59m⡄[38;2;115;73;56;48;2;116;76;59m⢋[38;2;126;77;64;48;2;123;76;59m⣨[48;2;130;81;64m▅[38;2;136;88;69;48;2;131;82;68m⠈[38;2;138;85;68;48;2;130;81;67m⠉[38;2;150;98;79;48;2;138;90;71m⠙[38;2;142;94;74;48;2;152;100;81m▅[38;2;151;107;82;48;2;139;92;71m⠙[38;2;147;103;78;48;2;140;94;72m⠋[38;2;149;105;80;48;2;142;98;74m⠙[38;2;142;98;73;48;2;146;102;77m⣤[38;2;144;102;75;48;2;147;103;78m⣤[38;2;141;97;72;48;2;144;100;75m⢲[38;2;145;102;76;48;2;139;95;71m⠉[38;2;139;95;71;48;2;141;97;72m⢠[38;2;140;98;67;48;2;134;90;66m⠃[38;2;135;91;68;48;2;131;85;70m⠋[38;2;125;80;61;48;2;133;89;65m▅[38;2;135;90;67;48;2;125;80;60m⠁[38;2;117;72;50;48;2;124;80;57m⣤[38;2;114;70;47;48;2;120;75;54m⣤[38;2;110;65;49;48;2;118;72;58m▃[38;2;94;49;33;48;2;110;62;47m⢀[38;2;79;40;21;48;2;100;57;41m⣠[38;2;71;26;9;48;2;88;42;25m⣤[38;2;75;24;6;48;2;88;31;14m▅[38;2;95;37;15;48;2;109;46;23m⠇[38;2;123;53;25;48;2;112;41;15m▝[38;2;114;40;16;48;2;106;27;10m▍[38;2;108;33;12;48;2;103;29;8m⣀[38;2;104;30;11;48;2;107;45;28m▊[38;2;97;41;23;48;2;102;51;29m▝[38;2;96;39;17;48;2;102;41;18m⢇[38;2;114;51;30;48;2;109;41;21m⢠[38;2;98;42;24;48;2;113;49;30m⢸[38;2;69;20;6;48;2;76;27;15m⠸[38;2;60;8;1;48;2;68;21;14m⢁[38;2;75;15;4;48;2;105;41;11m⠇[38;2;131;46;13;48;2;122;39;4m⣀[38;2;131;45;13;48;2;131;54;26m⠉[38;2;88;23;10;48;2;123;53;30m⢀[38;2;97;33;20;48;2;67;10;4m⠃[38;2;80;17;2;48;2;75;14;4m▁[38;2;117;45;25;48;2;82;14;0m⢠[38;2;118;42;19;48;2;126;44;16m⠐[38;2;105;27;5;48;2;118;42;14m⠇[38;2;116;42;15;48;2;123;48;20m⡆[38;2;121;46;19;48;2;127;62;36m⠇[38;2;89;27;16;48;2;121;58;37m⢰[38;2;80;16;5;48;2;73;12;3m▏[38;2;105;36;14;48;2;88;23;4m⢸[38;2;122;47;23;48;2;117;43;14m⡀[38;2;128;46;19;48;2;137;54;27m▊[38;2;110;51;34;48;2;132;64;39m⢀[38;2;91;41;24;48;2;80;22;7m⠇[38;2;113;53;37;48;2;83;24;14m⢸[38;2;109;50;30;48;2;124;64;45m⢸[38;2;86;37;23;48;2;102;42;26m⢠[38;2;80;45;43;48;2;78;39;33m⢲[38;2;79;51;57;48;2;76;49;47m⣰[38;2;71;51;56;48;2;76;50;59m⠁[38;2;72;50;53;48;2;72;52;58m⠰[38;2;75;54;57;48;2;72;50;53m⠉[0m
[38;2;125;77;63;48;2;142;94;77m▃[38;2;135;90;74;48;2;146;98;80m⣄[38;2;142;100;82;48;2;147;109;90m⡀[38;2;146;108;91;48;2;149;114;95m⣀[38;2;147;112;98;48;2;150;113;98m⣠[38;2;140;103;89;48;2;151;113;98m⠉[38;2;138;100;86;48;2;150;112;98m⠹[38;2;120;82;69;48;2;133;95;81m⢸[38;2;122;83;69;48;2;114;76;61m⡘[38;2;126;89;71;48;2;133;97;78m⣄[38;2;136;98;79;48;2;143;104;86m⣤[38;2;134;98;78;48;2;139;102;83m▝[38;2;131;98;77;48;2;135;100;82m⠱[38;2;127;94;76;48;2;122;90;75m▊[38;2;98;69;63;48;2;114;81;71m⢸[38;2;84;72;72;48;2;84;67;67m⠙[38;2;81;71;70;48;2;78;68;68m▍[38;2;79;69;68;48;2;81;71;70m▍[38;2;80;71;70;48;2;81;71;71m⢰[38;2;81;72;72;48;2;80;70;70m⡀[38;2;83;72;72;48;2;82;71;71m⠁[38;2;84;72;72m▝[38;2;80;70;70;48;2;82;72;72m⣠[38;2;86;74;74m⠙[38;2;88;73;73;48;2;82;71;71m⠁[38;2;82;71;71;48;2;85;71;73m⡄[38;2;72;63;62;48;2;78;68;68m⢈[38;2;66;54;54;48;2;72;60;60m⢰[38;2;50;40;39;48;2;60;48;48m⢰[38;2;40;23;21;48;2;47;33;34m⣰[38;2;29;15;16;48;2;25;11;10m⠃[38;2;52;18;10;48;2;28;12;9m⢰[38;2;105;39;23;48;2;69;19;8m⣰[38;2;108;33;8;48;2;118;40;10m⢀[38;2;95;42;16;48;2;113;45;12m⢠[38;2;94;59;51;48;2;95;50;31m⣤[38;2;84;49;41;48;2;67;27;20m▊[38;2;78;33;27;48;2;71;17;15m⣰[38;2;80;46;34;48;2;72;21;17m⣠[38;2;78;29;15;48;2;98;42;24m⠃[38;2;122;53;25;48;2;107;44;16m⠉[38;2;118;47;17;48;2;133;58;36m▍[38;2;121;46;25;48;2;107;37;17m▏[38;2;100;47;27;48;2;104;31;7m⣤[38;2;107;47;41;48;2;94;34;15m▅[38;2;100;57;38;48;2;93;31;11m⡄[38;2;104;38;10;48;2;88;33;8m⠹[38;2;90;27;13;48;2;106;39;13m⣀[38;2;76;17;4;48;2;100;36;11m⣀[38;2;71;14;1;48;2;88;27;13m⣀[38;2;83;24;8;48;2;77;17;2m⢆[38;2;73;14;4;48;2;68;8;1m⣀[38;2;71;9;5;48;2;64;3;0m⣀[38;2;76;32;34;48;2;63;15;15m⣰[38;2;73;32;28;48;2;67;21;17m⣆[38;2;64;15;11;48;2;59;8;5m▊[38;2;59;13;9;48;2;61;6;5m⠈[38;2;88;56;43;48;2;62;11;8m⠙[38;2;82;39;32;48;2;91;59;40m⡀[38;2;106;69;51;48;2;95;64;44m⠙[38;2;104;68;49;48;2;112;72;55m⣀[38;2;112;73;55;48;2;123;78;62m⣆[38;2;126;77;63;48;2;115;72;56m⠋[38;2;118;73;57;48;2;127;78;64m⡄[38;2;124;75;61;48;2;129;80;66m▅[38;2;134;86;68;48;2;126;77;62m⠉[38;2;133;85;66;48;2;127;79;65m⠙[38;2;131;82;68;48;2;134;86;68m⡄[38;2;132;83;66;48;2;138;87;68m⣀[38;2;136;89;69;48;2;140;91;72m⣰[38;2;144;100;75;48;2;136;91;69m⠉[38;2;131;86;66;48;2;140;96;71m⣀[38;2;131;88;63;48;2;139;95;71m⣠[38;2;127;84;62;48;2;136;88;68m⣤[38;2;121;77;61;48;2;136;89;72m⣤[38;2;115;73;56;48;2;127;83;67m⣤[38;2;110;68;51;48;2;119;73;59m▃[38;2;103;61;44;48;2;115;72;53m▃[38;2;100;58;42;48;2;112;68;47m⣠[38;2;85;44;27;48;2;106;62;43m⣠[38;2;66;26;9;48;2;102;62;45m⣠[38;2;94;51;36;48;2;61;21;4m⠋[38;2;77;36;18;48;2;64;25;7m⠉[38;2;66;26;9;48;2;68;29;12m⠚[38;2;72;30;10;48;2;69;29;9m⣰[38;2;75;26;5;48;2;94;39;17m⠇[38;2;109;44;20;48;2;102;43;17m⢨[38;2;122;47;25;48;2;115;44;19m⣰[38;2;111;36;12;48;2;98;23;2m▍[38;2;109;30;11;48;2;115;43;21m▊[38;2;102;41;19;48;2;104;45;25m▊[38;2;107;51;28;48;2;100;48;24m⣀[38;2;105;33;16;48;2;109;53;29m⢸[38;2;111;41;22;48;2;119;55;37m▍[38;2;102;47;30;48;2;88;38;24m▍[38;2;75;27;17;48;2;65;14;8m⠋[38;2;113;44;24;48;2;70;12;0m⣠[38;2;117;44;11;48;2;130;52;20m⠃[38;2;134;58;36;48;2;132;54;22m⢠[38;2;91;26;14;48;2;129;57;28m⢠[38;2;97;30;12;48;2;74;13;4m⠃[38;2;74;9;1;48;2;68;7;0m⢰[38;2;82;14;3;48;2;103;30;7m⠇[38;2;128;46;16;48;2;118;39;7m⣰[38;2;139;59;28;48;2;129;46;17m⣤[38;2;110;31;4;48;2;120;42;13m⢠[38;2;109;37;12;48;2;119;51;24m▊[38;2;92;31;11;48;2;122;55;27m⢠[38;2;91;32;14;48;2;74;14;0m⠃[38;2;90;28;4;48;2;77;20;0m⢰[38;2;90;23;7;48;2;114;39;17m⠁[38;2;131;56;25;48;2;122;43;16m⢀[38;2;122;46;17;48;2;131;65;37m⠃[38;2;118;60;40;48;2;85;32;16m▍[38;2;83;30;16;48;2;80;23;8m▍[38;2;127;67;46;48;2;100;41;19m⢸[38;2;102;41;24;48;2;121;61;43m⢸[38;2;102;42;27;48;2;86;31;19m⠁[38;2;88;49;43;48;2;82;40;30m⠈[38;2;72;39;40;48;2;80;47;51m⣄[38;2;75;47;55;48;2;78;50;59m⡂[38;2;79;54;63;48;2;75;50;59m▅[38;2;79;53;62;48;2;73;50;56m▅[0m
[38;2;113;70;58;48;2;100;61;51m⠙[38;2;125;81;66;48;2;110;70;54m⠙[38;2;136;90;74;48;2;124;81;65m⠙[38;2;135;90;74;48;2;145;102;85m⣄[38;2;149;111;93;48;2;144;107;90m⢴[38;2;145;110;97;48;2;141;108;92m⡈[38;2;148;112;98;48;2;141;107;92m⠉[38;2;137;100;84;48;2;141;106;91m▝[38;2;116;78;60;48;2;129;91;75m⠈[38;2;122;84;66;48;2;115;77;60m⡌[38;2;126;85;68;48;2;134;92;75m⣆[38;2;134;91;76;48;2;139;100;81m⣀[38;2;127;89;73;48;2;140;102;83m⣀[38;2;113;80;68;48;2;128;94;76m⣠[38;2;114;82;70;48;2;98;70;63m⠇[38;2;60;47;45;48;2;78;61;60m⣠[38;2;37;29;29;48;2;72;62;61m⣤[38;2;44;34;36;48;2;75;66;64m⣄[38;2;58;46;47;48;2;79;70;69m⣀[38;2;71;60;60m⣀[38;2;77;68;68;48;2;78;70;69m⡀[38;2;78;68;71;48;2;79;70;72m▃[38;2;76;68;65;48;2;78;68;69m⣀[38;2;71;61;60;48;2;77;68;67m⢠[38;2;70;58;57;48;2;74;62;62m⣄[38;2;61;52;51;48;2;76;66;66m▃[38;2;55;50;51;48;2;70;59;59m▃[38;2;61;51;51;48;2;48;38;37m⠋[38;2;29;21;21;48;2;42;31;30m⣰[38;2;25;14;15;48;2;14;6;4m⠋[38;2;20;9;6;48;2;36;12;4m▊[38;2;48;16;5;48;2;84;36;17m⠃[38;2;105;38;15;48;2;100;29;15m⠚[38;2;93;51;36;48;2;105;39;26m⢠[38;2;93;69;62;48;2;92;52;33m⣠[38;2;94;63;63;48;2;84;66;62m⠋[38;2;78;45;43;48;2;83;62;62m▝[38;2;88;62;52;48;2;72;45;41m⢸[38;2;92;67;57;48;2;88;64;56m⠠[38;2;100;60;48;48;2;94;41;20m▍[38;2;103;36;9;48;2;107;37;11m⣄[38;2;100;51;28;48;2;114;44;19m⣠[38;2;103;65;54;48;2;102;48;26m⣰[38;2;86;57;52;48;2;93;58;48m⣤[38;2;69;39;36;48;2;81;47;40m⣠[38;2;72;40;30;48;2;55;22;16m⠃[38;2;70;22;10;48;2;50;8;7m▔[38;2;68;7;5;48;2;60;6;7m⠉[38;2;70;23;20;48;2;65;10;9m⢠[38;2;66;18;13;48;2;56;5;4m⣀[38;2;91;30;21;48;2;68;12;7m⠈[38;2;71;13;8;48;2;81;20;10m⣤[38;2;72;15;4;48;2;78;22;13m⣤[38;2;80;39;32;48;2;69;18;11m▝[38;2;73;36;30;48;2;82;42;39m▝[38;2;67;16;14;48;2;73;28;22m⢸[38;2;63;10;6;48;2;59;4;1m▃[38;2;66;21;15;48;2;60;12;6m⢠[38;2;74;27;20;48;2;51;8;3m⡈[38;2;89;51;47;48;2;63;23;20m⠹[38;2;73;43;25;48;2;97;60;42m⣄[38;2;84;52;36;48;2;102;65;46m▃[38;2;91;53;38;48;2;104;67;48m▃[38;2;92;59;40;48;2;109;70;52m▃[38;2;98;64;45;48;2;113;71;54m⣄[38;2;106;68;51;48;2;122;73;60m▃[38;2;108;70;53;48;2;121;76;62m▃[38;2;115;72;57;48;2;125;79;65m▃[38;2;114;72;56;48;2;128;80;61m▃[38;2;113;71;55;48;2;131;83;65m⣤[38;2;109;71;54;48;2;128;83;64m▃[38;2;108;69;53;48;2;125;80;62m▃[38;2;100;62;45;48;2;121;76;59m▃[38;2;102;61;44;48;2;114;72;52m⣤[38;2;88;48;31;48;2;102;64;48m⣀[38;2;74;37;18;48;2;102;64;47m⣠[38;2;61;20;3;48;2;95;58;41m▃[38;2;62;21;4;48;2;91;50;32m▅[38;2;78;42;23;48;2;57;22;6m⠉[38;2;70;33;16;48;2;60;23;5m⣀[38;2;79;44;25;48;2;62;22;5m▃[38;2;83;46;28;48;2;65;25;8m⣤[38;2;88;51;30;48;2;72;33;16m▃[38;2;92;53;36;48;2;74;36;19m⣤[38;2;76;39;15;48;2;102;58;42m⠋[38;2;109;48;24;48;2;104;45;21m▅[38;2;116;50;22;48;2;112;47;19m⢴[38;2;103;24;12;48;2;120;47;27m⢰[38;2;98;25;5;48;2;95;16;1m⣤[38;2;103;25;5;48;2;106;38;13m▊[38;2;113;56;31;48;2;108;47;22m⢸[38;2;98;45;23;48;2;108;52;29m⠒[38;2;99;39;18;48;2;115;58;29m⢸[38;2;101;45;25;48;2;105;52;34m▏[38;2;89;41;27;48;2;83;28;8m⠃[38;2;119;44;22;48;2;80;20;3m⣰[38;2;110;41;18;48;2;134;53;27m⠁[38;2;130;58;31;48;2;139;56;28m▁[38;2;100;37;23;48;2;135;59;40m⣠[38;2;95;31;18;48;2;65;9;8m⠃[38;2;82;15;14;48;2;62;5;4m⢀[38;2;109;36;11;48;2;84;16;7m⣰[38;2;138;53;26;48;2;120;43;14m⣠[38;2;133;50;16;48;2;144;59;27m⠁[38;2;127;50;21;48;2;143;62;30m⢠[38;2;120;50;30;48;2;109;34;11m⣤[38;2;107;37;20;48;2;100;26;8m⡘[38;2;88;22;8;48;2;106;41;26m▝[38;2;98;33;17;48;2;79;15;1m⡀[38;2;98;25;6;48;2;88;18;0m▕[38;2;103;30;9;48;2;116;40;16m▏[38;2;118;42;14;48;2;127;53;21m⠇[38;2;95;39;25;48;2;116;59;32m⢠[38;2;75;23;10;48;2;88;30;19m▊[38;2;82;20;3;48;2;103;41;19m▊[38;2;107;55;30;48;2;120;65;45m⢁[38;2;107;48;34;48;2;88;32;19m⠁[38;2;85;35;22;48;2;83;36;22m▏[38;2;62;22;18;48;2;71;33;23m⣠[38;2;62;25;27;48;2;70;32;36m⣤[38;2;68;38;46;48;2;59;25;30m⠹[38;2;64;34;40;48;2;72;43;50m▃[38;2;68;38;44;48;2;77;48;54m⣤[0m
[38;2;112;72;59;48;2;131;84;71m⠙[38;2;130;85;71;48;2;104;63;51m▃[38;2;124;79;64;48;2;112;71;58m▃[38;2;136;92;76;48;2;127;83;69m⢸[38;2;141;102;83;48;2;146;108;89m▍[38;2;147;114;94;48;2;145;111;92m⢴[38;2;150;117;100;48;2;145;112;94m▃[38;2;141;108;93;48;2;145;109;97m⢤[38;2;142;107;92;48;2;136;100;85m▊[38;2;127;88;75;48;2;118;78;63m▍[38;2;117;76;61;48;2;107;68;53m⠙[38;2;104;65;52;48;2;122;80;67m⣤[38;2;89;61;49;48;2;109;72;59m⣤[38;2;83;56;46;48;2;100;69;56m▃[38;2;61;38;31;48;2;83;56;47m⣠[38;2;64;44;40;48;2;44;25;23m⠃[38;2;41;26;24;48;2;30;25;25m⡀[38;2;24;19;21;48;2;29;25;26m⣰[38;2;37;27;28;48;2;20;14;16m⠉[38;2;50;42;42;48;2;20;14;15m⠙[38;2;61;51;51;48;2;77;67;67m⡄[38;2;83;72;72;48;2;81;69;69m⢰[38;2;78;69;67;48;2;83;72;72m⠙[38;2;79;69;69;48;2;71;61;60m⣄[38;2;73;63;62;48;2;62;51;51m⡀[38;2;41;36;36;48;2;51;44;42m⢠[38;2;44;40;41;48;2;33;29;30m⠋[38;2;32;27;28;48;2;23;17;19m⠋[38;2;12;7;8;48;2;19;13;15m⢸[38;2;11;2;0;48;2;6;1;1m⢀[38;2;55;33;26;48;2;19;8;3m⢰[38;2;73;40;33;48;2;81;46;31m▍[38;2;88;40;21;48;2;89;55;41m⠋[38;2;88;58;46;48;2;78;60;55m⠋[38;2;73;63;61;48;2;81;65;65m⢀[38;2;74;65;62;48;2;80;67;66m⣀[38;2;71;51;46;48;2;82;66;63m⢸[38;2;83;64;58;48;2;72;52;47m⠸[38;2;78;52;43;48;2;86;61;52m⣠[38;2;84;45;34;48;2;82;32;11m▏[38;2;90;46;30;48;2;92;38;16m⢠[38;2;72;40;32;48;2;88;53;37m⣠[38;2;59;42;42;48;2;78;54;53m⣠[38;2;47;28;29;48;2;68;46;47m⣤[38;2;55;34;36;48;2;37;20;20m⠋[38;2;29;3;5;48;2;45;16;15m▅[38;2;34;5;1;48;2;49;10;9m⣤[38;2;63;15;10;48;2;72;29;13m▔[38;2;81;31;14;48;2;73;26;15m▃[38;2;72;31;23;48;2;79;41;25m⠍[38;2;84;43;29;48;2;76;20;13m⡄[38;2;72;14;6;48;2;75;24;9m⠉[38;2;88;30;18;48;2;75;26;10m▝[38;2;75;17;10;48;2;73;31;23m⠉[38;2;66;16;10;48;2;82;39;26m⠳[38;2;69;18;9;48;2;66;14;5m⣁[38;2;63;11;6;48;2;67;21;9m⠋[38;2;67;24;16;48;2;63;15;4m⣈[38;2;75;21;16;48;2;58;10;8m⠇[38;2;72;32;31;48;2;61;13;15m⢸[38;2;74;37;29;48;2;60;26;15m▍[38;2;73;45;27;48;2;59;28;17m▔[38;2;60;27;17;48;2;82;47;32m▅[38;2;63;28;14;48;2;83;51;36m▅[38;2;62;30;19;48;2;81;49;33m▅[38;2;64;32;20;48;2;85;53;38m▅[38;2;62;30;15;48;2;85;54;34m▅[38;2;62;30;19;48;2;94;60;42m▅[38;2;58;30;6;48;2;102;62;44m▅[38;2;63;28;15;48;2;100;59;42m▅[38;2;62;26;13;48;2;97;58;41m▅[38;2;94;56;39;48;2;64;25;13m⠉[38;2;84;46;28;48;2;66;27;13m⠉[38;2;84;42;28;48;2;69;25;15m▔[38;2;70;26;13;48;2;67;21;14m▔[38;2;62;20;8;48;2;68;25;15m⠉[38;2;68;31;20;48;2;62;24;10m▃[38;2;79;42;25;48;2;67;28;14m▃[38;2;90;55;37;48;2;75;39;20m⣠[38;2;100;63;42;48;2;80;44;24m▅[38;2;90;55;34;48;2;100;63;40m⠉[38;2;110;69;47;48;2;100;61;39m⣀[38;2;111;69;47;48;2;98;60;41m⣤[38;2;115;70;48;48;2;102;61;43m⣤[38;2;116;54;26;48;2;117;65;44m⢠[38;2;128;56;31;48;2;120;53;23m⣠[38;2;132;58;46;48;2;120;49;24m⢠[38;2;117;44;33;48;2;92;16;8m▍[38;2;102;22;11;48;2;98;21;7m⠋[38;2;100;27;7;48;2;107;39;15m⡉[38;2;112;52;26;48;2;108;44;19m⠸[38;2;113;54;33;48;2;117;59;33m▕[38;2;108;52;29;48;2;102;45;21m▏[38;2;104;46;20;48;2;102;42;14m▚[38;2;103;42;15;48;2;128;55;20m⠋[38;2;127;53;23;48;2;132;56;22m▔[38;2;118;49;17;48;2;133;55;25m⢰[38;2;120;53;24;48;2;103;42;19m⠋[38;2;73;23;9;48;2;92;39;23m⠸[38;2;112;38;19;48;2;69;18;10m⣀[38;2;83;21;17;48;2;136;60;37m⠋[38;2;125;49;30;48;2;139;57;27m⠃[38;2;144;58;28;48;2;150;61;32m⢄[38;2;150;58;26;48;2;137;49;22m⠇[38;2;130;51;27;48;2;131;46;17m⢨[38;2;112;45;27;48;2;129;60;42m⢠[38;2;89;28;9;48;2;106;41;23m⢸[38;2;100;40;19;48;2;84;22;3m▝[38;2;94;28;10;48;2;100;37;18m⡈[38;2;89;25;1;48;2;104;38;7m⠇[38;2;118;43;18;48;2;122;46;23m⠇[38;2;106;49;31;48;2;117;53;29m⢀[38;2;102;44;28;48;2;69;10;6m⠃[38;2;71;12;9;48;2;86;28;11m▍[38;2;90;31;11;48;2;107;46;26m⠃[38;2;85;40;22;48;2;107;54;29m⢰[38;2;78;23;7;48;2;66;30;13m⠁[38;2;56;24;18;48;2;68;26;19m⣤[38;2;52;23;20;48;2;58;18;21m⣤[38;2;51;22;20;48;2;61;27;28m⣤[38;2;61;32;31;48;2;52;25;24m⠂[38;2;58;31;36;48;2;54;27;26m⠸[38;2;61;34;33;48;2;63;38;41m⣀[0m
[38;2;129;83;68;48;2;134;89;73m▃[38;2;125;81;66;48;2;136;90;74m⣰[38;2;104;64;49;48;2;122;76;62m▅[38;2;103;62;49;48;2;121;78;62m⣄[38;2;117;75;59;48;2;134;90;73m⣄[38;2;132;94;77;48;2;144;108;90m⣄[38;2;123;93;78;48;2;148;113;95m▃[38;2;110;85;73;48;2;141;107;92m▃[38;2;112;84;73;48;2;135;102;88m⣤[38;2;100;73;64;48;2;118;85;73m⣀[38;2;89;57;47;48;2;103;67;55m⣠[38;2;80;53;42;48;2;89;57;45m⣀[38;2;70;46;38;48;2;85;57;45m▁[38;2;60;33;28;48;2;77;50;42m⣰[38;2;56;31;26;48;2;53;24;17m⠁[38;2;67;36;22;48;2;60;29;22m⢰[38;2;72;47;40;48;2;53;33;28m▅[38;2;31;24;23;48;2;56;46;45m⠙[38;2;51;41;41;48;2;24;18;18m⣤[38;2;34;27;27;48;2;60;50;49m⠋[38;2;68;58;57;48;2;79;68;67m⠃[38;2;81;71;71;48;2;83;72;72m▔[38;2;81;70;70m⠃[38;2;81;71;71m⣻[38;2;80;71;70;48;2;71;62;60m▊[38;2;61;50;49;48;2;50;41;39m▍[38;2;36;30;29;48;2;46;36;33m⠹[38;2;39;27;26;48;2;25;18;18m⣄[38;2;31;25;21;48;2;19;14;15m▃[38;2;34;21;20;48;2;22;14;12m⣠[38;2;37;19;12;48;2;59;39;25m⠇[38;2;76;46;26;48;2;75;56;43m⠃[38;2;80;55;41;48;2;72;57;54m⠋[38;2;71;58;56;48;2;71;60;58m▃[38;2;72;63;61;48;2;71;59;58m⠉[38;2;73;61;60;48;2;70;59;58m⠙[38;2;72;52;51;48;2;71;56;54m▝[38;2;72;53;48;48;2;72;59;57m⠋[38;2;74;51;41;48;2;72;60;58m⠉[38;2;84;39;23;48;2;76;56;53m⠉[38;2;64;41;43;48;2;74;43;37m⣠[38;2;65;37;30;48;2;59;30;27m⠃[38;2;61;40;40;48;2;51;27;25m⢰[38;2;51;33;31;48;2;63;38;40m⠉[38;2;54;26;23;48;2;59;32;31m⠙[38;2;65;39;38;48;2;47;21;19m⣤[38;2;33;8;9;48;2;55;26;23m⠉[38;2;83;38;20;48;2;51;18;15m▝[38;2;71;34;25;48;2;79;36;21m⣤[38;2;70;42;25;48;2;70;43;30m⠋[38;2;81;39;26;48;2;73;45;28m⠈[38;2;72;42;33;48;2;60;15;3m⣄[38;2;72;25;12;48;2;66;39;31m⠇[38;2;78;41;31;48;2;67;47;41m⠋[38;2;70;37;26;48;2;68;41;33m⠚[38;2;71;18;14;48;2;59;29;26m⠹[38;2;77;33;30;48;2;66;32;27m⠙[38;2;65;33;31;48;2;68;39;38m⡈[38;2;65;37;29;48;2;62;23;19m⣤[38;2;59;28;23;48;2;65;36;28m⣡[38;2;66;34;27;48;2;58;27;20m⠁[38;2;61;29;20;48;2;59;27;17m⡀[38;2;61;28;19;48;2;61;29;19m▝[38;2;65;29;20;48;2;62;30;20m▝[38;2;64;32;21;48;2;64;33;22m▊[38;2;63;32;21;48;2;65;34;23m⠉[48;2;66;36;23m⢸[48;2;61;30;19m⠶[38;2;64;32;21;48;2;62;31;20m⠄[38;2;62;30;19;48;2;66;31;21m▍[38;2;68;33;23;48;2;65;29;20m⡖[38;2;67;29;20;48;2;67;32;22m⢡[38;2;65;30;18;48;2;68;30;20m⠜[38;2;72;40;24;48;2;66;32;17m⣄[38;2;78;41;27;48;2;69;33;19m⣠[38;2;90;55;38;48;2;71;37;26m⣤[38;2;95;59;39;48;2;76;43;30m⣤[38;2;84;52;32;48;2;100;65;42m⠋[38;2;102;65;46;48;2;114;72;53m⠋[38;2;123;85;60;48;2;108;72;46m▅[38;2;123;88;61;48;2;112;75;49m▅[38;2;128;85;61;48;2;116;75;54m⡀[38;2;127;71;52;48;2;121;78;55m⢀[38;2;113;52;27;48;2;124;72;48m⣠[38;2;130;69;42;48;2;114;47;22m⣠[38;2;118;65;41;48;2;125;61;33m▃[38;2;120;60;31;48;2;120;69;47m⠁[38;2;118;55;43;48;2;91;29;11m⡆[38;2;106;40;18;48;2;94;23;5m⣰[38;2;105;37;15;48;2;113;49;24m⠇[38;2;116;51;25;48;2;118;54;28m⢀[38;2;112;41;16;48;2;121;55;27m⢠[38;2;110;36;11;48;2;121;45;13m⡤[38;2;131;59;26;48;2;121;46;10m⣤[38;2;136;60;20;48;2;132;54;25m▔[38;2;130;53;21;48;2;123;53;20m⠋[38;2;129;60;31;48;2;115;51;20m⢀[38;2;131;59;31;48;2;105;46;22m▅[38;2;119;47;26;48;2;137;55;24m⠉[38;2;133;56;30;48;2;138;51;24m⠁[38;2;136;47;14;48;2;141;57;23m⢘[38;2;129;48;17;48;2;144;56;27m⣤[38;2;140;56;26;48;2;130;52;20m⠋[38;2;137;46;19;48;2;123;38;11m⢋[38;2;112;42;27;48;2;118;48;31m⢀[38;2;112;43;28;48;2;94;27;17m⠋[38;2;94;32;16;48;2;86;20;6m⠁[38;2;84;22;5;48;2;90;25;10m⠋[38;2;102;33;7;48;2;86;21;4m⢨[38;2;109;41;11;48;2;114;46;15m▚[38;2;102;42;14;48;2;116;44;17m⣤[38;2;98;44;21;48;2;80;30;14m⠋[38;2;100;43;36;48;2;67;15;6m⢀[38;2;83;24;11;48;2;98;43;21m⠃[38;2;100;48;30;48;2;95;41;20m⢨[38;2;89;42;34;48;2;86;50;45m⠋[38;2;79;50;49;48;2;70;40;38m⣤[38;2;73;44;42;48;2;73;38;37m▅[38;2;60;33;29;48;2;73;43;43m⠉[38;2;75;47;47;48;2;60;33;30m⣤[38;2;74;45;47;48;2;58;32;30m⣤[38;2;72;42;47;48;2;58;31;30m⣤[38;2;75;45;50;48;2;64;38;39m⣤[0m
[38;2;121;76;64;48;2;114;71;58m⠋[38;2;107;65;53;48;2;117;75;62m▃[38;2;88;53;43;48;2;108;71;57m⣨[38;2;59;39;32;48;2;85;50;40m▅[38;2;55;34;30;48;2;94;60;50m▅[38;2;110;82;69;48;2;74;57;47m⠙[38;2;102;79;67;48;2;92;71;60m⠋[38;2;93;72;62;48;2;88;66;58m⠉[38;2;98;73;64;48;2;88;65;56m⠉[38;2;83;61;53;48;2;70;52;46m⠉[38;2;54;38;32;48;2;69;51;45m⣠[38;2;65;42;37;48;2;42;27;23m⠉[38;2;54;31;28;48;2;45;27;23m⠉[38;2;53;28;21;48;2;49;27;23m⢠[38;2;56;29;20;48;2;52;26;20m⣤[38;2;59;30;19;48;2;69;39;25m▍[38;2;54;36;28;48;2;68;40;27m⢠[38;2;50;36;36;48;2;39;24;24m⠃[38;2;33;21;21;48;2;33;21;21m⠀[38;2;45;33;33;48;2;30;18;18m⠉[38;2;66;55;55;48;2;37;26;25m⠙[38;2;54;44;46;48;2;78;67;67m⣤[38;2;44;32;36m⣤[38;2;36;23;23;48;2;73;64;65m⣤[38;2;32;22;21;48;2;65;55;57m⣤[38;2;39;27;25;48;2;55;43;42m▃[38;2;47;37;36;48;2;42;31;28m⠋[38;2;40;29;28;48;2;33;25;23m⡉[38;2;33;25;22;48;2;39;31;27m⡄[38;2;61;46;45;48;2;46;32;30m⢰[38;2;62;48;44;48;2;71;57;55m⠁[38;2;69;57;57;48;2;70;58;58m⣁[38;2;71;58;57;48;2;69;56;55m⠇[38;2;68;55;55;48;2;70;56;55m⣰[38;2;65;52;52;48;2;68;56;55m▃[38;2;63;51;51;48;2;69;57;56m▅[38;2;65;51;51;48;2;68;56;55m⣄[38;2;66;54;54;48;2;70;58;56m⣤[38;2;68;54;53;48;2;70;58;57m▃[38;2;69;53;52;48;2;64;46;47m▊[38;2;37;22;22;48;2;55;32;33m⢰[38;2;21;7;11;48;2;40;17;17m▅[38;2;53;33;32;48;2;39;19;19m⠉[38;2;49;30;29;48;2;57;38;37m⣆[38;2;48;29;29;48;2;63;43;45m⣠[38;2;60;39;40;48;2;45;27;26m⠋[38;2;44;23;22;48;2;31;9;9m⡃[38;2;42;15;15;48;2;57;30;27m⠇[38;2;55;37;34;48;2;64;41;39m⡀[38;2;66;43;43;48;2;64;38;36m⣤[38;2;57;37;38;48;2;69;42;40m⣀[38;2;58;38;38;48;2;74;46;42m⣀[38;2;60;37;39;48;2;72;47;41m▃[38;2;53;31;29;48;2;71;45;39m⣤[38;2;54;36;34;48;2;61;42;41m⡄[38;2;58;33;31;48;2;65;43;42m⢁[38;2;49;29;28;48;2;65;37;39m⣤[38;2;54;31;30;48;2;65;36;32m⡀[38;2;58;23;22;48;2;67;33;32m⢰[38;2;51;14;10;48;2;53;24;19m⠶[38;2;56;24;15;48;2;62;26;17m▏[38;2;59;28;17;48;2;64;29;18m⠸[38;2;59;27;16;48;2;61;30;19m⠧[38;2;62;31;20;48;2;64;32;22m⣄[38;2;66;36;24;48;2;64;32;21m⢠[38;2;66;36;23m⡆[48;2;64;33;22m⢲⠶[38;2;65;33;22;48;2;66;36;24m⠠[38;2;69;39;25;48;2;68;33;23m⣠[38;2;73;45;27;48;2;70;36;24m⣀[38;2;77;48;31;48;2;68;39;22m⣤[38;2;85;54;31;48;2;72;42;24m⣤[38;2;94;62;42;48;2;80;49;27m⣠[38;2;98;61;42;48;2;88;53;30m▅[38;2;102;66;47;48;2;94;59;40m⣰[38;2;109;76;56;48;2;102;67;48m⢠[38;2;117;82;56;48;2;112;75;50m▅[38;2;119;82;56;48;2;126;89;63m⠇[38;2;132;88;64;48;2;128;89;64m⢀[38;2;126;75;49;48;2;124;86;61m⢠[38;2;122;67;40;48;2;126;73;49m⠴[38;2;114;59;33;48;2;128;74;49m⠚[38;2;112;56;29;48;2;118;74;46m⠁[38;2;117;72;50;48;2;113;69;48m⠇[38;2;111;68;46;48;2;115;70;49m⣀[38;2;111;65;41;48;2;114;66;55m▁[38;2;102;57;34;48;2;113;62;49m⢈[38;2;105;46;20;48;2;113;60;33m⣠[38;2;112;53;25;48;2;107;45;18m⠋[38;2;104;38;14;48;2;122;57;27m⠈[38;2;116;40;15m⠉[38;2;112;52;21;48;2;128;57;24m▃[38;2;100;39;21;48;2;125;52;19m⣀[38;2;104;49;19;48;2;122;53;26m▃[38;2;112;56;30;48;2;116;53;23m⣐[38;2;120;59;27;48;2;124;64;32m⢃[38;2;116;59;30;48;2;130;58;29m⣀[38;2;112;53;24;48;2;132;53;22m⣀[38;2;98;43;17;48;2;129;59;32m⣀[38;2;88;37;12;48;2;123;58;28m▃[38;2;84;32;10;48;2;113;56;28m⡀[38;2;120;57;33;48;2;121;47;16m▅[38;2;98;33;23;48;2;120;53;33m⢠[38;2;72;7;2;48;2;98;36;26m⣰[38;2;82;20;2;48;2;88;22;10m⣠[38;2;90;25;8;48;2;88;24;6m⠐[38;2;100;34;16;48;2;89;22;7m⠃[38;2;102;37;14;48;2;107;30;14m⠁[38;2;100;26;7;48;2;103;38;9m⣄[38;2;88;41;29;48;2;93;40;15m⢠[38;2;88;31;18;48;2;89;47;33m▔[38;2;100;44;38;48;2;93;49;34m▔[38;2;95;43;21;48;2;102;47;25m⢰[38;2;88;52;42;48;2;90;45;27m⢠[38;2;81;49;43;48;2;80;53;51m⠇[38;2;74;55;53;48;2;80;53;53m⣤[38;2;75;54;47;48;2;78;52;48m⡄[38;2;77;53;51;48;2;78;53;56m⡀[38;2;76;52;57;48;2;82;54;57m▅[38;2;81;51;57;48;2;74;53;56m⠉[38;2;78;57;59;48;2;83;57;61m▅[38;2;82;56;60;48;2;78;57;59m⠓[0m
[?25h