[38;2;129;129;129m[48;2;159;159;159m▄[38;2;129;129;129m[48;2;159;159;159m▄[38;2;129;129;129m[48;2;159;159;159m▄[38;2;129;129;129m[48;2;159;159;159m▄[38;2;129;129;129m[48;2;159;159;159m▄[38;2;129;129;129m[48;2;159;159;159m▄[38;2;226;255;156m[48;2;159;159;159m▟[38;2;226;255;156m[48;2;129;129;129m▜[38;2;226;255;156m[48;2;159;159;159m▖[38;2;129;129;129m[48;2;159;159;159m▄[38;2;129;129;129m[48;2;159;159;159m▄[38;2;129;129;129m[48;2;159;159;159m▄[38;2;129;129;129m[48;2;159;159;159m▄[38;2;129;129;129m[48;2;159;159;159m▄[38;2;129;129;129m[48;2;159;159;159m▄[38;2;129;129;129m[48;2;159;159;159m▄[38;2;0;0;0m[48;2;226;255;156m [38;2;129;129;129m[48;2;159;159;159m▄[38;2;129;129;129m[48;2;159;159;159m▄[38;2;129;129;129m[48;2;159;159;159m▄[38;2;129;129;129m[48;2;159;159;159m▄[38;2;129;129;129m[48;2;159;159;159m▄[38;2;0;0;0m[48;2;226;255;156m [38;2;129;129;129m[48;2;159;159;159m▄[38;2;129;129;129m[48;2;159;159;159m▄[38;2;159;159;159m[48;2;226;255;156m▌[38;2;159;159;159m[48;2;226;255;156m▐[38;2;129;129;129m[48;2;159;159;159m▄[38;2;129;129;129m[48;2;159;159;159m▄[38;2;129;129;129m[48;2;159;159;159m▄[38;2;129;129;129m[48;2;159;159;159m▄[38;2;129;129;129m[48;2;159;159;159m▄[38;2;129;129;129m[48;2;159;159;159m▄[38;2;129;129;129m[48;2;159;159;159m▄[38;2;129;129;129m[48;2;159;159;159m▄[38;2;129;129;129m[48;2;159;159;159m▄[38;2;129;129;129m[48;2;159;159;159m▄[38;2;129;129;129m[48;2;159;159;159m▄[38;2;129;129;129m[48;2;159;159;159m▄[38;2;129;129;129m[48;2;159;159;159m▄[38;2;129;129;129m[48;2;159;159;159m▄[38;2;129;129;129m[48;2;159;159;159m▄[38;2;129;129;129m[48;2;159;159;159m▄[38;2;129;129;129m[48;2;159;159;159m▄[38;2;129;129;129m[48;2;159;159;159m▄[38;2;129;129;129m[48;2;159;159;159m▄[38;2;129;129;129m[48;2;159;159;159m▄[38;2;129;129;129m[48;2;159;159;159m▄[38;2;129;129;129m[48;2;159;159;159m▄[38;2;129;129;129m[48;2;159;159;159m▄[38;2;129;129;129m[48;2;159;159;159m▄[38;2;129;129;129m[48;2;159;159;159m▄[38;2;129;129;129m[48;2;159;159;159m▄[38;2;129;129;129m[48;2;159;159;159m▄[38;2;129;129;129m[48;2;159;159;159m▄[38;2;129;129;129m[48;2;159;159;159m▄[38;2;129;129;129m[48;2;159;159;159m▄[38;2;129;129;129m[48;2;159;159;159m▄[38;2;226;255;156m[48;2;159;159;159m▄[38;2;129;129;129m[48;2;159;159;159m▄[38;2;129;129;129m[48;2;159;159;159m▄[38;2;129;129;129m[48;2;159;159;159m▄[38;2;129;129;129m[48;2;159;159;159m▄[38;2;129;129;129m[48;2;159;159;159m▄[38;2;129;129;129m[48;2;159;159;159m▄[38;2;129;129;129m[48;2;159;159;159m▄[38;2;129;129;129m[48;2;159;159;159m▄[38;2;129;129;129m[48;2;159;159;159m▄[38;2;129;129;129m[48;2;159;159;159m▄[38;2;226;255;156m[48;2;159;159;159m█[38;2;129;129;129m[48;2;159;159;159m▄[38;2;129;129;129m[48;2;159;159;159m▄[38;2;129;129;129m[48;2;159;159;159m▄[38;2;129;129;129m[48;2;159;159;159m▄[38;2;129;129;129m[48;2;159;159;159m▄[38;2;129;129;129m[48;2;159;159;159m▄[38;2;129;129;129m[48;2;159;159;159m▄[38;2;129;129;129m[48;2;159;159;159m▄[38;2;129;129;129m[48;2;159;159;159m▄[38;2;129;129;129m[48;2;159;159;159m▄[0m
[38;2;127;127;127m[48;2;101;101;101m▒[38;2;127;127;127m[48;2;101;101;101m▒[38;2;127;127;127m[48;2;101;101;101m▒[38;2;127;127;127m[48;2;101;101;101m▒[38;2;127;127;127m[48;2;101;101;101m▒[38;2;127;127;127m[48;2;226;255;156m▌[38;2;127;127;127m[48;2;226;255;156m▐[38;2;0;0;0m[48;2;127;127;127m [38;2;127;127;127m[48;2;226;255;156m [38;2;127;127;127m[48;2;226;255;156m▌[38;2;127;127;127m[48;2;226;255;156m▗[38;2;127;127;127m[48;2;226;255;156m▄[38;2;127;127;127m[48;2;226;255;156m▝[38;2;127;127;127m[48;2;226;255;156m▛[38;2;127;127;127m[48;2;226;255;156m▗[38;2;127;127;127m[48;2;226;255;156m▄[38;2;226;255;156m[48;2;101;101;101m█[38;2;127;127;127m[48;2;101;101;101m▒[38;2;127;127;127m[48;2;101;101;101m▒[38;2;127;127;127m[48;2;101;101;101m▒[38;2;127;127;127m[48;2;101;101;101m▒[38;2;226;255;156m[48;2;127;127;127m▝[38;2;127;127;127m[48;2;226;255;156m [38;2;127;127;127m[48;2;226;255;156m▄[38;2;127;127;127m[48;2;226;255;156m▟[38;2;127;127;127m[48;2;226;255;156m▌[38;2;127;127;127m[48;2;226;255;156m▗[38;2;127;127;127m[48;2;226;255;156m▄[38;2;127;127;127m[48;2;226;255;156m▝[38;2;226;255;156m[48;2;127;127;127m▗[38;2;226;255;156m[48;2;127;127;127m▛[38;2;226;255;156m[48;2;127;127;127m▀[38;2;127;127;127m[48;2;226;255;156m▝[38;2;127;127;127m[48;2;226;255;156m▌[38;2;127;127;127m[48;2;226;255;156m▗[38;2;127;127;127m[48;2;226;255;156m▄[38;2;127;127;127m[48;2;226;255;156m▝[38;2;127;127;127m[48;2;101;101;101m▒[38;2;127;127;127m[48;2;101;101;101m▒[38;2;127;127;127m[48;2;101;101;101m▒[38;2;127;127;127m[48;2;101;101;101m▒[38;2;127;127;127m[48;2;226;255;156m▌[38;2;127;127;127m[48;2;226;255;156m▐[38;2;0;0;0m[48;2;127;127;127m [38;2;0;0;0m[48;2;226;255;156m [38;2;226;255;156m[48;2;127;127;127m▗[38;2;226;255;156m[48;2;127;127;127m▛[38;2;226;255;156m[48;2;127;127;127m▀[38;2;127;127;127m[48;2;226;255;156m▝[38;2;127;127;127m[48;2;101;101;101m▒[38;2;127;127;127m[48;2;101;101;101m▒[38;2;127;127;127m[48;2;101;101;101m▒[38;2;127;127;127m[48;2;101;101;101m▒[38;2;226;255;156m[48;2;127;127;127m▗[38;2;226;255;156m[48;2;127;127;127m▛[38;2;226;255;156m[48;2;127;127;127m▀[38;2;226;255;156m[48;2;127;127;127m▘[38;2;226;255;156m[48;2;127;127;127m [38;2;226;255;156m[48;2;127;127;127m▄[38;2;0;0;0m[48;2;127;127;127m [38;2;127;127;127m[48;2;226;255;156m▘[38;2;127;127;127m[48;2;226;255;156m▝[38;2;127;127;127m[48;2;226;255;156m [38;2;127;127;127m[48;2;226;255;156m▜[38;2;127;127;127m[48;2;226;255;156m▌[38;2;127;127;127m[48;2;226;255;156m▗[38;2;127;127;127m[48;2;226;255;156m▄[38;2;127;127;127m[48;2;226;255;156m▝[38;2;0;0;0m[48;2;127;127;127m [38;2;0;0;0m[48;2;226;255;156m [38;2;0;0;0m[48;2;127;127;127m [38;2;0;0;0m[48;2;226;255;156m [38;2;0;0;0m[48;2;127;127;127m [38;2;127;127;127m[48;2;226;255;156m▌[38;2;127;127;127m[48;2;226;255;156m▐[38;2;127;127;127m[48;2;101;101;101m▒[38;2;127;127;127m[48;2;101;101;101m▒[38;2;127;127;127m[48;2;101;101;101m▒[38;2;127;127;127m[48;2;101;101;101m▒[38;2;127;127;127m[48;2;101;101;101m▒[0m
[38;2;0;0;0m[48;2;101;101;101m [38;2;0;0;0m[48;2;101;101;101m [38;2;0;0;0m[48;2;101;101;101m [38;2;0;0;0m[48;2;101;101;101m [38;2;101;101;101m[48;2;40;40;40m█[38;2;127;127;127m[48;2;226;255;156m▌[38;2;101;101;101m[48;2;226;255;156m▗[38;2;101;101;101m[48;2;226;255;156m▄[38;2;101;101;101m[48;2;226;255;156m [38;2;127;127;127m[48;2;226;255;156m▌[38;2;226;255;156m[48;2;101;101;101m▌[38;2;0;0;0m[48;2;101;101;101m [38;2;0;0;0m[48;2;226;255;156m [38;2;101;101;101m[48;2;226;255;156m▌[38;2;101;101;101m[48;2;226;255;156m▐[38;2;0;0;0m[48;2;101;101;101m [38;2;0;0;0m[48;2;226;255;156m [38;2;0;0;0m[48;2;101;101;101m [38;2;0;0;0m[48;2;101;101;101m [38;2;0;0;0m[48;2;101;101;101m [38;2;0;0;0m[48;2;101;101;101m [38;2;0;0;0m[48;2;101;101;101m [38;2;0;0;0m[48;2;226;255;156m [38;2;0;0;0m[48;2;101;101;101m [38;2;226;255;156m[48;2;101;101;101m▄[38;2;226;255;156m[48;2;101;101;101m▐[38;2;226;255;156m[48;2;127;127;127m▌[38;2;0;0;0m[48;2;101;101;101m [38;2;0;0;0m[48;2;226;255;156m [38;2;101;101;101m[48;2;226;255;156m▌[38;2;101;101;101m[48;2;226;255;156m▗[38;2;101;101;101m[48;2;226;255;156m▄[38;2;101;101;101m[48;2;226;255;156m▄[38;2;127;127;127m[48;2;226;255;156m▌[38;2;127;127;127m[48;2;226;255;156m▐[38;2;0;0;0m[48;2;101;101;101m [38;2;0;0;0m[48;2;226;255;156m [38;2;0;0;0m[48;2;101;101;101m [38;2;0;0;0m[48;2;101;101;101m [38;2;0;0;0m[48;2;101;101;101m [38;2;0;0;0m[48;2;101;101;101m [38;2;101;101;101m[48;2;226;255;156m▌[38;2;101;101;101m[48;2;226;255;156m▝[38;2;101;101;101m[48;2;226;255;156m▝[38;2;101;101;101m[48;2;226;255;156m [38;2;101;101;101m[48;2;226;255;156m▌[38;2;101;101;101m[48;2;226;255;156m▗[38;2;101;101;101m[48;2;226;255;156m▄[38;2;101;101;101m[48;2;226;255;156m▄[38;2;0;0;0m[48;2;101;101;101m [38;2;0;0;0m[48;2;101;101;101m [38;2;0;0;0m[48;2;101;101;101m [38;2;0;0;0m[48;2;101;101;101m [38;2;0;0;0m[48;2;101;101;101m [38;2;101;101;101m[48;2;226;255;156m▄[38;2;101;101;101m[48;2;226;255;156m▄[38;2;101;101;101m[48;2;226;255;156m▝[38;2;0;0;0m[48;2;101;101;101m [38;2;0;0;0m[48;2;226;255;156m [38;2;0;0;0m[48;2;101;101;101m [38;2;0;0;0m[48;2;226;255;156m [38;2;226;255;156m[48;2;101;101;101m▝[38;2;226;255;156m[48;2;101;101;101m▐[38;2;226;255;156m[48;2;101;101;101m▌[38;2;226;255;156m[48;2;101;101;101m▐[38;2;226;255;156m[48;2;101;101;101m▙[38;2;226;255;156m[48;2;101;101;101m▄[38;2;226;255;156m[48;2;101;101;101m▛[38;2;0;0;0m[48;2;101;101;101m [38;2;0;0;0m[48;2;226;255;156m [38;2;0;0;0m[48;2;101;101;101m [38;2;101;101;101m[48;2;226;255;156m▖[38;2;101;101;101m[48;2;226;255;156m▀[38;2;101;101;101m[48;2;226;255;156m▘[38;2;101;101;101m[48;2;226;255;156m▐[38;2;0;0;0m[48;2;101;101;101m [38;2;0;0;0m[48;2;101;101;101m [38;2;0;0;0m[48;2;101;101;101m [38;2;0;0;0m[48;2;101;101;101m [38;2;0;0;0m[48;2;101;101;101m [0m
[38;2;0;0;0m[48;2;40;40;40m [38;2;0;0;0m[48;2;40;40;40m [38;2;0;0;0m[48;2;40;40;40m [38;2;0;0;0m[48;2;40;40;40m [38;2;19;19;19m[48;2;40;40;40m▄[38;2;226;255;156m[48;2;19;19;19m▝[38;2;226;255;156m[48;2;19;19;19m▘[38;2;226;255;156m[48;2;19;19;19m [38;2;40;40;40m[48;2;226;255;156m▄[38;2;226;255;156m[48;2;19;19;19m▝[38;2;226;255;156m[48;2;19;19;19m▘[38;2;226;255;156m[48;2;19;19;19m [38;2;40;40;40m[48;2;226;255;156m▄[38;2;0;0;0m[48;2;19;19;19m [38;2;40;40;40m[48;2;226;255;156m▄[38;2;19;19;19m[48;2;226;255;156m▄[38;2;255;140;0m[48;2;226;255;156m▄[38;2;40;40;40m[48;2;19;19;19m▎[38;2;101;101;101m[48;2;54;54;54m╷[38;2;19;19;19m[48;2;40;40;40m▌[38;2;19;19;19m[48;2;40;40;40m [38;2;127;0;0m[48;2;19;19;19m▗[38;2;226;255;156m[48;2;40;40;40m▝[38;2;19;19;19m[48;2;226;255;156m▄[38;2;19;19;19m[48;2;226;255;156m▟[38;2;226;255;156m[48;2;40;40;40m▝[38;2;226;255;156m[48;2;40;40;40m▘[38;2;226;255;156m[48;2;40;40;40m [38;2;226;255;156m[48;2;40;40;40m▀[38;2;0;0;0m[48;2;40;40;40m [38;2;40;40;40m[48;2;226;255;156m▄[38;2;40;40;40m[48;2;226;255;156m▄[38;2;40;40;40m[48;2;226;255;156m▟[38;2;40;40;40m[48;2;226;255;156m▙[38;2;40;40;40m[48;2;226;255;156m▟[38;2;226;255;156m[48;2;40;40;40m [38;2;226;255;156m[48;2;40;40;40m▀[38;2;0;0;0m[48;2;40;40;40m [38;2;54;54;54m[48;2;40;40;40m▄[38;2;54;54;54m[48;2;40;40;40m [38;2;54;54;54m[48;2;40;40;40m [38;2;54;54;54m[48;2;40;40;40m [38;2;40;40;40m[48;2;226;255;156m▄[38;2;40;40;40m[48;2;226;255;156m▙[38;2;40;40;40m[48;2;226;255;156m▟[38;2;226;255;156m[48;2;40;40;40m [38;2;226;255;156m[48;2;40;40;40m▀[38;2;255;180;89m[48;2;226;255;156m▄[38;2;255;180;89m[48;2;40;40;40m▄[38;2;255;180;89m[48;2;40;40;40m▄[38;2;255;180;89m[48;2;40;40;40m▄[38;2;255;180;89m[48;2;40;40;40m▄[38;2;255;180;89m[48;2;40;40;40m▂[38;2;226;255;156m[48;2;40;40;40m▝[38;2;226;255;156m[48;2;40;40;40m▀[38;2;226;255;156m[48;2;40;40;40m▀[38;2;226;255;156m[48;2;40;40;40m▘[38;2;226;255;156m[48;2;40;40;40m [38;2;226;255;156m[48;2;40;40;40m▀[38;2;0;0;0m[48;2;40;40;40m [38;2;40;40;40m[48;2;226;255;156m▄[38;2;0;0;0m[48;2;40;40;40m [38;2;226;255;156m[48;2;40;40;40m▝[38;2;226;255;156m[48;2;40;40;40m▘[38;2;226;255;156m[48;2;40;40;40m▐[38;2;226;255;156m[48;2;40;40;40m▌[38;2;226;255;156m[48;2;40;40;40m [38;2;226;255;156m[48;2;40;40;40m [38;2;226;255;156m[48;2;40;40;40m [38;2;226;255;156m[48;2;40;40;40m▀[38;2;19;19;19m[48;2;40;40;40m▂[38;2;226;255;156m[48;2;40;40;40m▄[38;2;226;255;156m[48;2;19;19;19m▄[38;2;40;40;40m[48;2;226;255;156m▚[38;2;40;40;40m[48;2;226;255;156m▟[38;2;19;19;19m[48;2;40;40;40m▝[38;2;40;40;40m[48;2;19;19;19m▂[38;2;40;40;40m[48;2;19;19;19m▅[38;2;0;0;0m[48;2;19;19;19m [38;2;0;0;0m[48;2;19;19;19m [0m
[38;2;0;0;0m[48;2;40;40;40m [38;2;0;0;0m[48;2;40;40;40m [38;2;0;0;0m[48;2;40;40;40m [38;2;0;0;0m[48;2;40;40;40m [38;2;0;0;0m[48;2;40;40;40m [38;2;0;0;0m[48;2;40;40;40m [38;2;116;58;0m[48;2;54;54;54m▁[38;2;71;33;0m[48;2;40;40;40m▁[38;2;0;0;0m[48;2;40;40;40m [38;2;0;0;0m[48;2;40;40;40m [38;2;0;0;0m[48;2;40;40;40m [38;2;0;0;0m[48;2;54;54;54m [38;2;0;0;0m[48;2;181;99;0m [38;2;181;99;0m[48;2;40;40;40m▄[38;2;40;40;40m[48;2;181;0;0m▊[38;2;181;99;0m[48;2;40;40;40m▖[38;2;40;40;40m[48;2;255;180;89m▌[38;2;181;99;0m[48;2;19;19;19m▌[38;2;116;58;0m[48;2;181;99;0m▎[38;2;181;99;0m[48;2;40;40;40m▂[38;2;116;0;0m[48;2;19;19;19m▁[38;2;255;89;89m[48;2;181;0;0m▖[38;2;255;89;89m[48;2;181;99;0m▌[38;2;40;40;40m[48;2;19;19;19m▖[38;2;40;40;40m[48;2;19;19;19m [38;2;40;40;40m[48;2;19;19;19m [38;2;40;40;40m[48;2;19;19;19m▜[38;2;0;0;0m[48;2;40;40;40m [38;2;0;0;0m[48;2;40;40;40m [38;2;0;0;0m[48;2;40;40;40m [38;2;0;0;0m[48;2;40;40;40m [38;2;0;0;0m[48;2;40;40;40m [38;2;54;54;54m[48;2;40;40;40m▗[38;2;0;0;0m[48;2;54;54;54m [38;2;54;54;54m[48;2;40;40;40m▌[38;2;0;0;0m[48;2;40;40;40m [38;2;40;40;40m[48;2;54;54;54m▄[38;2;0;0;0m[48;2;40;40;40m [38;2;0;0;0m[48;2;40;40;40m [38;2;0;0;0m[48;2;40;40;40m [38;2;0;0;0m[48;2;40;40;40m [38;2;0;0;0m[48;2;40;40;40m [38;2;0;0;0m[48;2;40;40;40m [38;2;255;180;89m[48;2;54;54;54m▂[38;2;255;180;89m[48;2;54;54;54m▄[38;2;0;0;0m[48;2;255;180;89m [38;2;0;0;0m[48;2;255;180;89m [38;2;0;0;0m[48;2;255;180;89m [38;2;0;0;0m[48;2;255;180;89m [38;2;0;0;0m[48;2;255;180;89m [38;2;255;180;89m[48;2;181;99;0m▒[38;2;255;180;89m[48;2;181;99;0m▒[38;2;0;0;0m[48;2;181;99;0m [38;2;0;0;0m[48;2;181;99;0m [38;2;0;0;0m[48;2;181;99;0m [38;2;181;99;0m[48;2;54;54;54m▆[38;2;116;58;0m[48;2;54;54;54m▄[38;2;116;58;0m[48;2;54;54;54m [38;2;116;58;0m[48;2;54;54;54m [38;2;54;54;54m[48;2;40;40;40m▒[38;2;54;54;54m[48;2;40;40;40m▒[38;2;54;54;54m[48;2;40;40;40m▒[38;2;0;0;0m[48;2;40;40;40m [38;2;54;54;54m[48;2;40;40;40m▂[38;2;54;54;54m[48;2;40;40;40m [38;2;54;54;54m[48;2;40;40;40m [38;2;54;54;54m[48;2;40;40;40m [38;2;54;54;54m[48;2;40;40;40m [38;2;54;54;54m[48;2;40;40;40m [38;2;54;54;54m[48;2;40;40;40m [38;2;19;19;19m[48;2;40;40;40m▅[38;2;19;19;19m[48;2;40;40;40m▄[38;2;19;19;19m[48;2;40;40;40m▛[38;2;0;0;0m[48;2;40;40;40m [38;2;0;0;0m[48;2;40;40;40m [38;2;0;0;0m[48;2;40;40;40m [38;2;0;0;0m[48;2;40;40;40m [38;2;0;0;0m[48;2;40;40;40m [38;2;0;0;0m[48;2;40;40;40m [38;2;40;40;40m[48;2;19;19;19m▂[0m
[38;2;0;0;0m[48;2;40;40;40m [38;2;0;0;0m[48;2;40;40;40m [38;2;0;0;0m[48;2;40;40;40m [38;2;0;0;0m[48;2;40;40;40m [38;2;0;0;0m[48;2;40;40;40m [38;2;0;0;0m[48;2;40;40;40m [38;2;40;40;40m[48;2;255;140;0m▆[38;2;116;58;0m[48;2;181;99;0m▖[38;2;181;99;0m[48;2;116;58;0m▆[38;2;255;89;89m[48;2;116;58;0m▄[38;2;181;0;0m[48;2;54;54;54m▄[38;2;181;0;0m[48;2;127;0;0m▂[38;2;181;99;0m[48;2;255;140;0m┓[38;2;181;99;0m[48;2;255;180;89m▝[38;2;181;99;0m[48;2;116;116;0m▆[38;2;40;40;40m[48;2;181;99;0m▝[38;2;116;58;0m[48;2;181;99;0m┛[38;2;0;0;0m[48;2;255;89;89m [38;2;181;99;0m[48;2;116;58;0m▄[38;2;181;99;0m[48;2;71;0;42m▌[38;2;71;33;0m[48;2;181;99;0m▖[38;2;255;180;89m[48;2;181;99;0m▘[38;2;255;180;89m[48;2;255;89;89m▌[38;2;181;0;0m[48;2;71;33;0m▃[38;2;0;0;0m[48;2;40;40;40m [38;2;116;58;0m[48;2;181;99;0m▎[38;2;71;33;0m[48;2;40;40;40m▁[38;2;255;89;89m[48;2;40;40;40m▖[38;2;255;89;89m[48;2;40;40;40m [38;2;255;140;0m[48;2;40;40;40m▖[38;2;40;40;40m[48;2;54;54;54m▌[38;2;40;40;40m[48;2;54;54;54m [38;2;40;40;40m[48;2;54;54;54m [38;2;40;40;40m[48;2;54;54;54m▄[38;2;54;54;54m[48;2;40;40;40m▂[38;2;54;54;54m[48;2;40;40;40m [38;2;54;54;54m[48;2;40;40;40m [38;2;54;54;54m[48;2;40;40;40m▄[38;2;54;54;54m[48;2;40;40;40m▀[38;2;0;0;0m[48;2;40;40;40m [38;2;0;0;0m[48;2;40;40;40m [38;2;181;99;0m[48;2;40;40;40m▗[38;2;77;77;77m[48;2;255;180;89m▘[38;2;77;77;77m[48;2;255;180;89m [38;2;77;77;77m[48;2;255;180;89m [38;2;77;77;77m[48;2;255;180;89m [38;2;77;77;77m[48;2;255;180;89m [38;2;77;77;77m[48;2;255;180;89m [38;2;77;77;77m[48;2;255;180;89m [38;2;255;180;89m[48;2;181;99;0m▒[38;2;255;180;89m[48;2;181;99;0m▒[38;2;0;0;0m[48;2;181;99;0m [38;2;0;0;0m[48;2;181;99;0m [38;2;116;58;0m[48;2;181;99;0m▁[38;2;40;40;40m[48;2;181;99;0m▂[38;2;19;19;19m[48;2;181;99;0m▂[38;2;40;40;40m[48;2;181;99;0m▂[38;2;0;0;0m[48;2;116;58;0m [38;2;116;58;0m[48;2;54;54;54m▄[38;2;54;54;54m[48;2;40;40;40m▒[38;2;54;54;54m[48;2;40;40;40m▒[38;2;54;54;54m[48;2;40;40;40m▒[38;2;54;54;54m[48;2;40;40;40m▒[38;2;54;54;54m[48;2;40;40;40m▒[38;2;0;0;0m[48;2;40;40;40m [38;2;0;0;0m[48;2;40;40;40m [38;2;0;0;0m[48;2;40;40;40m [38;2;40;40;40m[48;2;19;19;19m▅[38;2;0;0;0m[48;2;19;19;19m [38;2;0;0;0m[48;2;40;40;40m [38;2;0;0;0m[48;2;40;40;40m [38;2;19;19;19m[48;2;40;40;40m▄[38;2;19;19;19m[48;2;40;40;40m▀[38;2;0;0;0m[48;2;40;40;40m [38;2;0;0;0m[48;2;40;40;40m [38;2;0;0;0m[48;2;40;40;40m [38;2;40;40;40m[48;2;54;54;54m▂[38;2;40;40;40m[48;2;54;54;54m▂[38;2;0;0;0m[48;2;40;40;40m [38;2;19;19;19m[48;2;40;40;40m▗[0m
[38;2;0;0;0m[48;2;40;40;40m [38;2;0;0;0m[48;2;40;40;40m [38;2;0;0;0m[48;2;40;40;40m [38;2;0;0;0m[48;2;40;40;40m [38;2;0;0;0m[48;2;40;40;40m [38;2;255;140;0m[48;2;127;0;0m▖[38;2;181;99;0m[48;2;40;40;40m▚[38;2;0;0;0m[48;2;181;99;0m [38;2;116;58;0m[48;2;181;0;0m▄[38;2;255;180;89m[48;2;181;99;0m▚[38;2;255;180;89m[48;2;181;99;0m [38;2;255;89;89m[48;2;181;0;0m▖[38;2;116;58;0m[48;2;181;99;0m│[38;2;255;180;89m[48;2;255;140;0m▘[38;2;181;0;0m[48;2;255;89;89m▖[38;2;0;0;0m[48;2;181;0;0m [38;2;116;58;0m[48;2;181;99;0m┓[38;2;255;0;0m[48;2;255;89;89m┓[38;2;255;89;89m[48;2;181;99;0m▄[38;2;255;89;89m[48;2;181;99;0m [38;2;0;0;0m[48;2;255;89;89m [38;2;181;0;0m[48;2;255;180;89m▊[38;2;255;0;0m[48;2;255;89;89m╷[38;2;255;0;0m[48;2;181;0;0m▎[38;2;0;0;0m[48;2;181;99;0m [38;2;0;0;0m[48;2;181;99;0m [38;2;0;0;0m[48;2;116;58;0m [38;2;0;0;0m[48;2;181;99;0m [38;2;116;58;0m[48;2;181;99;0m┃[38;2;255;89;89m[48;2;19;19;19m▌[38;2;0;0;0m[48;2;40;40;40m [38;2;0;0;0m[48;2;54;54;54m [38;2;0;0;0m[48;2;54;54;54m [38;2;40;40;40m[48;2;54;54;54m▖[38;2;40;40;40m[48;2;54;54;54m [38;2;54;54;54m[48;2;40;40;40m▂[38;2;54;54;54m[48;2;40;40;40m [38;2;54;54;54m[48;2;40;40;40m [38;2;54;54;54m[48;2;40;40;40m [38;2;54;54;54m[48;2;40;40;40m [38;2;255;180;89m[48;2;54;54;54m▗[38;2;0;0;0m[48;2;255;180;89m [38;2;0;0;0m[48;2;255;180;89m [38;2;40;40;40m[48;2;255;180;89m▂[38;2;54;54;54m[48;2;255;180;89m▄[38;2;54;54;54m[48;2;255;180;89m▄[38;2;54;54;54m[48;2;255;180;89m▄[38;2;40;40;40m[48;2;255;180;89m▃[38;2;40;40;40m[48;2;255;180;89m [38;2;255;180;89m[48;2;181;99;0m▒[38;2;0;0;0m[48;2;181;99;0m [38;2;54;54;54m[48;2;181;99;0m▄[38;2;54;54;54m[48;2;181;99;0m▀[38;2;181;99;0m[48;2;40;40;40m▄[38;2;181;99;0m[48;2;40;40;40m▆[38;2;181;99;0m[48;2;40;40;40m▆[38;2;116;58;0m[48;2;19;19;19m▆[38;2;116;58;0m[48;2;19;19;19m▄[38;2;19;19;19m[48;2;71;33;0m▆[38;2;0;0;0m[48;2;71;33;0m▆[38;2;50;71;0m[48;2;40;40;40m▁[38;2;50;71;0m[48;2;40;40;40m [38;2;116;58;0m[48;2;40;40;40m▂[38;2;54;54;54m[48;2;40;40;40m▒[38;2;54;54;54m[48;2;40;40;40m▒[38;2;54;54;54m[48;2;40;40;40m▒[38;2;116;58;0m[48;2;40;40;40m [38;2;116;58;0m[48;2;40;40;40m [38;2;19;19;19m[48;2;40;40;40m▘[38;2;19;19;19m[48;2;40;40;40m [38;2;19;19;19m[48;2;40;40;40m [38;2;19;19;19m[48;2;40;40;40m [38;2;19;19;19m[48;2;40;40;40m [38;2;19;19;19m[48;2;40;40;40m [38;2;19;19;19m[48;2;40;40;40m [38;2;19;19;19m[48;2;40;40;40m [38;2;19;19;19m[48;2;40;40;40m [38;2;19;19;19m[48;2;40;40;40m [38;2;19;19;19m[48;2;40;40;40m [38;2;0;0;0m[48;2;19;19;19m [0m
[38;2;0;0;0m[48;2;40;40;40m [38;2;0;0;0m[48;2;40;40;40m [38;2;0;0;0m[48;2;40;40;40m [38;2;0;0;0m[48;2;40;40;40m [38;2;40;40;40m[48;2;19;19;19m▆[38;2;54;54;54m[48;2;255;89;89m▌[38;2;116;0;69m[48;2;54;54;54m▄[38;2;0;0;0m[48;2;181;99;0m [38;2;77;77;77m[48;2;255;89;89m▝[38;2;255;140;0m[48;2;181;0;0m▝[38;2;255;180;89m[48;2;181;99;0m▌[38;2;181;99;0m[48;2;255;89;89m▄[38;2;116;0;0m[48;2;181;99;0m▘[38;2;255;140;0m[48;2;181;99;0m▎[38;2;181;0;0m[48;2;181;99;0m│[38;2;0;0;0m[48;2;255;89;89m [38;2;181;0;0m[48;2;255;89;89m▊[38;2;181;0;0m[48;2;255;89;89m▐[38;2;181;0;0m[48;2;255;0;0m▌[38;2;255;180;89m[48;2;181;99;0m▗[38;2;255;89;89m[48;2;181;0;0m▌[38;2;181;0;0m[48;2;255;89;89m▌[38;2;181;0;0m[48;2;255;89;89m▊[38;2;181;0;0m[48;2;255;89;89m▐[38;2;255;0;0m[48;2;181;99;0m▄[38;2;255;89;89m[48;2;181;0;0m▌[38;2;181;0;0m[48;2;127;0;0m┃[38;2;181;0;0m[48;2;255;89;89m▌[38;2;181;99;0m[48;2;255;89;89m┃[38;2;255;89;89m[48;2;19;19;19m▌[38;2;0;0;0m[48;2;40;40;40m [38;2;40;40;40m[48;2;54;54;54m▅[38;2;40;40;40m[48;2;54;54;54m▅[38;2;0;0;0m[48;2;40;40;40m [38;2;0;0;0m[48;2;54;54;54m [38;2;0;0;0m[48;2;54;54;54m [38;2;54;54;54m[48;2;40;40;40m▄[38;2;54;54;54m[48;2;40;40;40m [38;2;54;54;54m[48;2;40;40;40m [38;2;54;54;54m[48;2;40;40;40m [38;2;40;40;40m[48;2;255;180;89m▃[38;2;54;54;54m[48;2;255;180;89m▗[38;2;54;54;54m[48;2;255;180;89m▀[38;2;0;0;0m[48;2;255;180;89m [38;2;0;0;0m[48;2;255;180;89m [38;2;0;0;0m[48;2;255;180;89m [38;2;0;0;0m[48;2;255;180;89m [38;2;0;0;0m[48;2;255;180;89m [38;2;181;99;0m[48;2;40;40;40m▌[38;2;181;99;0m[48;2;19;19;19m▂[38;2;181;99;0m[48;2;19;19;19m▂[38;2;181;99;0m[48;2;19;19;19m▐[38;2;0;0;0m[48;2;181;99;0m [38;2;181;99;0m[48;2;116;58;0m█[38;2;0;0;0m[48;2;181;99;0m [38;2;181;99;0m[48;2;116;58;0m▒[38;2;0;0;0m[48;2;116;58;0m [38;2;0;0;0m[48;2;116;58;0m [38;2;116;58;0m[48;2;19;19;19m▌[38;2;116;58;0m[48;2;40;40;40m▅[38;2;0;0;0m[48;2;116;58;0m [38;2;116;58;0m[48;2;71;33;0m▆[38;2;71;33;0m[48;2;116;58;0m▅[38;2;0;0;0m[48;2;71;33;0m [38;2;71;33;0m[48;2;40;40;40m▖[38;2;54;54;54m[48;2;40;40;40m▒[38;2;54;54;54m[48;2;40;40;40m▒[38;2;71;33;0m[48;2;40;40;40m [38;2;54;54;54m[48;2;40;40;40m▂[38;2;54;54;54m[48;2;40;40;40m▂[38;2;54;54;54m[48;2;40;40;40m [38;2;54;54;54m[48;2;40;40;40m [38;2;54;54;54m[48;2;40;40;40m [38;2;54;54;54m[48;2;40;40;40m [38;2;19;19;19m[48;2;40;40;40m▄[38;2;19;19;19m[48;2;40;40;40m▄[38;2;19;19;19m[48;2;40;40;40m [38;2;19;19;19m[48;2;40;40;40m▂[38;2;19;19;19m[48;2;40;40;40m [38;2;40;40;40m[48;2;19;19;19m▗[0m
[38;2;0;0;0m[48;2;40;40;40m [38;2;0;0;0m[48;2;40;40;40m [38;2;0;0;0m[48;2;54;54;54m [38;2;54;54;54m[48;2;40;40;40m▆[38;2;0;0;0m[48;2;40;40;40m [38;2;19;19;19m[48;2;255;89;89m▌[38;2;54;54;54m[48;2;116;58;0m▄[38;2;0;0;0m[48;2;181;99;0m [38;2;181;99;0m[48;2;255;89;89m▖[38;2;255;0;0m[48;2;255;89;89m▆[38;2;181;99;0m[48;2;255;180;89m▌[38;2;255;0;0m[48;2;181;0;0m▎[38;2;255;0;0m[48;2;255;89;89m [38;2;255;0;0m[48;2;255;89;89m▎[38;2;255;0;0m[48;2;181;0;0m▖[38;2;181;0;0m[48;2;255;89;89m▌[38;2;255;0;0m[48;2;255;89;89m┗[38;2;255;0;0m[48;2;255;89;89m┃[38;2;255;0;0m[48;2;181;0;0m▎[38;2;181;0;0m[48;2;255;89;89m▗[38;2;181;0;0m[48;2;255;89;89m▛[38;2;181;0;0m[48;2;255;89;89m▟[38;2;181;99;0m[48;2;255;89;89m▀[38;2;127;0;0m[48;2;255;89;89m▌[38;2;181;0;0m[48;2;255;89;89m▛[38;2;116;0;0m[48;2;181;99;0m [38;2;116;0;0m[48;2;181;99;0m▖[38;2;127;0;0m[48;2;181;0;0m┏[38;2;181;0;0m[48;2;181;99;0m▊[38;2;116;58;0m[48;2;40;40;40m▎[38;2;116;58;0m[48;2;40;40;40m [38;2;54;54;54m[48;2;40;40;40m▂[38;2;54;54;54m[48;2;40;40;40m [38;2;54;54;54m[48;2;40;40;40m [38;2;54;54;54m[48;2;40;40;40m [38;2;40;40;40m[48;2;54;54;54m▆[38;2;40;40;40m[48;2;54;54;54m [38;2;255;180;89m[48;2;54;54;54m▄[38;2;116;58;0m[48;2;255;180;89m▄[38;2;181;99;0m[48;2;255;180;89m▘[38;2;19;19;19m[48;2;255;180;89m▝[38;2;54;54;54m[48;2;101;101;101m▊[38;2;0;0;0m[48;2;255;180;89m [38;2;0;0;0m[48;2;255;180;89m [38;2;0;0;0m[48;2;255;180;89m [38;2;0;0;0m[48;2;255;180;89m [38;2;0;0;0m[48;2;255;180;89m [38;2;0;0;0m[48;2;255;180;89m [38;2;181;99;0m[48;2;40;40;40m▚[38;2;255;180;89m[48;2;116;58;0m▄[38;2;0;0;0m[48;2;181;99;0m [38;2;181;99;0m[48;2;40;40;40m▄[38;2;71;33;0m[48;2;116;58;0m▄[38;2;19;19;19m[48;2;181;99;0m▄[38;2;19;19;19m[48;2;116;58;0m▂[38;2;19;19;19m[48;2;116;58;0m▂[38;2;19;19;19m[48;2;116;58;0m▂[38;2;71;33;0m[48;2;116;58;0m▬[38;2;40;40;40m[48;2;116;58;0m▘[38;2;40;40;40m[48;2;116;58;0m [38;2;40;40;40m[48;2;116;58;0m [38;2;40;40;40m[48;2;116;58;0m [38;2;71;33;0m[48;2;116;58;0m▝[38;2;0;0;0m[48;2;71;33;0m [38;2;0;0;0m[48;2;71;33;0m [38;2;54;54;54m[48;2;40;40;40m▒[38;2;54;54;54m[48;2;40;40;40m▒[38;2;54;54;54m[48;2;40;40;40m▒[38;2;40;40;40m[48;2;54;54;54m▆[38;2;40;40;40m[48;2;54;54;54m▆[38;2;0;0;0m[48;2;40;40;40m [38;2;0;0;0m[48;2;40;40;40m [38;2;0;0;0m[48;2;40;40;40m [38;2;0;0;0m[48;2;40;40;40m [38;2;0;0;0m[48;2;40;40;40m [38;2;0;0;0m[48;2;19;19;19m [38;2;0;0;0m[48;2;40;40;40m▒[38;2;0;0;0m[48;2;40;40;40m [38;2;0;0;0m[48;2;40;40;40m [38;2;0;0;0m[48;2;40;40;40m [0m
[38;2;0;0;0m[48;2;54;54;54m [38;2;0;0;0m[48;2;54;54;54m [38;2;0;0;0m[48;2;54;54;54m [38;2;40;40;40m[48;2;54;54;54m▝[38;2;0;0;0m[48;2;40;40;40m [38;2;0;0;0m[48;2;40;40;40m [38;2;255;89;89m[48;2;54;54;54m▚[38;2;54;54;54m[48;2;181;99;0m▚[38;2;255;89;89m[48;2;181;99;0m▄[38;2;255;89;89m[48;2;181;99;0m▄[38;2;181;0;0m[48;2;255;180;89m▊[38;2;255;140;0m[48;2;181;0;0m▌[38;2;255;0;0m[48;2;255;89;89m▎[38;2;255;89;89m[48;2;181;0;0m▝[38;2;255;0;0m[48;2;255;89;89m▄[38;2;0;0;0m[48;2;181;0;0m [38;2;255;0;0m[48;2;181;0;0m▎[38;2;181;99;0m[48;2;181;0;0m▗[38;2;181;99;0m[48;2;181;0;0m▀[38;2;181;0;0m[48;2;255;89;89m▝[38;2;181;0;0m[48;2;255;0;0m▂[38;2;127;0;0m[48;2;181;0;0m▘[38;2;127;0;0m[48;2;181;0;0m [38;2;127;0;0m[48;2;181;0;0m━[38;2;255;89;89m[48;2;181;99;0m▄[38;2;181;99;0m[48;2;181;0;0m▌[38;2;116;0;0m[48;2;181;0;0m▌[38;2;127;0;0m[48;2;181;0;0m┃[38;2;181;0;0m[48;2;181;99;0m┃[38;2;54;54;54m[48;2;40;40;40m▎[38;2;0;0;0m[48;2;54;54;54m [38;2;77;77;77m[48;2;54;54;54m▄[38;2;77;77;77m[48;2;54;54;54m [38;2;54;54;54m[48;2;40;40;40m▂[38;2;54;54;54m[48;2;40;40;40m▅[38;2;54;54;54m[48;2;40;40;40m [38;2;77;77;77m[48;2;255;180;89m▌[38;2;181;99;0m[48;2;71;33;0m▘[38;2;116;58;0m[48;2;255;180;89m▌[38;2;116;58;0m[48;2;255;180;89m [38;2;116;58;0m[48;2;255;180;89m [38;2;116;58;0m[48;2;255;180;89m [38;2;255;180;89m[48;2;54;54;54m▄[38;2;40;40;40m[48;2;255;180;89m▄[38;2;40;40;40m[48;2;255;180;89m▃[38;2;40;40;40m[48;2;255;180;89m▃[38;2;40;40;40m[48;2;181;99;0m▃[38;2;181;99;0m[48;2;40;40;40m▂[38;2;0;0;0m[48;2;255;180;89m [38;2;255;180;89m[48;2;181;99;0m▌[38;2;255;180;89m[48;2;181;99;0m [38;2;255;180;89m[48;2;181;99;0m [38;2;181;99;0m[48;2;116;58;0m▌[38;2;181;99;0m[48;2;116;58;0m [38;2;116;58;0m[48;2;71;33;0m▆[38;2;116;58;0m[48;2;71;33;0m▆[38;2;0;0;0m[48;2;116;58;0m [38;2;0;0;0m[48;2;116;58;0m [38;2;0;0;0m[48;2;116;58;0m [38;2;0;0;0m[48;2;116;58;0m [38;2;0;0;0m[48;2;116;58;0m [38;2;0;0;0m[48;2;116;58;0m [38;2;0;0;0m[48;2;116;58;0m [38;2;116;58;0m[48;2;71;33;0m▌[38;2;71;33;0m[48;2;19;19;19m▂[38;2;54;54;54m[48;2;40;40;40m▒[38;2;54;54;54m[48;2;40;40;40m▒[38;2;54;54;54m[48;2;40;40;40m▒[38;2;0;0;0m[48;2;40;40;40m [38;2;0;0;0m[48;2;40;40;40m [38;2;0;0;0m[48;2;40;40;40m [38;2;0;0;0m[48;2;40;40;40m [38;2;0;0;0m[48;2;40;40;40m [38;2;0;0;0m[48;2;40;40;40m [38;2;0;0;0m[48;2;40;40;40m [38;2;0;0;0m[48;2;40;40;40m [38;2;0;0;0m[48;2;40;40;40m [38;2;0;0;0m[48;2;40;40;40m [38;2;0;0;0m[48;2;40;40;40m [38;2;19;19;19m[48;2;40;40;40m▆[0m
[38;2;0;0;0m[48;2;54;54;54m [38;2;0;0;0m[48;2;54;54;54m [38;2;0;0;0m[48;2;54;54;54m [38;2;0;0;0m[48;2;54;54;54m [38;2;0;0;0m[48;2;54;54;54m [38;2;54;54;54m[48;2;40;40;40m▆[38;2;0;0;0m[48;2;54;54;54m [38;2;54;54;54m[48;2;181;99;0m▃[38;2;54;54;54m[48;2;181;99;0m [38;2;0;0;0m[48;2;255;89;89m [38;2;181;0;0m[48;2;181;99;0m▗[38;2;255;140;0m[48;2;181;99;0m▌[38;2;255;89;89m[48;2;127;0;0m▝[38;2;255;89;89m[48;2;181;99;0m▆[38;2;255;89;89m[48;2;181;0;0m▗[38;2;255;0;0m[48;2;181;0;0m┛[38;2;255;0;0m[48;2;181;0;0m [38;2;255;0;0m[48;2;255;89;89m▘[38;2;0;0;0m[48;2;181;0;0m [38;2;181;0;0m[48;2;255;0;0m▄[38;2;181;0;0m[48;2;127;0;0m▅[38;2;181;0;0m[48;2;255;89;89m▎[38;2;127;0;0m[48;2;181;0;0m▂[38;2;127;0;0m[48;2;181;0;0m╸[38;2;255;89;89m[48;2;181;0;0m▌[38;2;0;0;0m[48;2;127;0;0m [38;2;127;0;0m[48;2;181;99;0m▌[38;2;0;0;0m[48;2;181;0;0m [38;2;54;54;54m[48;2;181;99;0m▗[38;2;54;54;54m[48;2;77;77;77m▌[38;2;54;54;54m[48;2;77;77;77m▘[38;2;54;54;54m[48;2;77;77;77m [38;2;54;54;54m[48;2;77;77;77m▝[38;2;0;0;0m[48;2;54;54;54m [38;2;40;40;40m[48;2;54;54;54m▄[38;2;0;0;0m[48;2;40;40;40m [38;2;255;180;89m[48;2;255;140;0m▌[38;2;0;0;0m[48;2;71;33;0m [38;2;0;0;0m[48;2;255;180;89m [38;2;0;0;0m[48;2;255;180;89m [38;2;0;0;0m[48;2;255;180;89m [38;2;0;0;0m[48;2;255;180;89m [38;2;0;0;0m[48;2;255;180;89m [38;2;0;0;0m[48;2;255;180;89m [38;2;0;0;0m[48;2;255;180;89m [38;2;0;0;0m[48;2;255;140;0m [38;2;255;140;0m[48;2;181;99;0m▄[38;2;255;140;0m[48;2;255;180;89m▊[38;2;255;140;0m[48;2;255;180;89m [38;2;116;58;0m[48;2;181;99;0m▗[38;2;116;58;0m[48;2;181;99;0m▄[38;2;116;58;0m[48;2;181;99;0m▃[38;2;0;0;0m[48;2;116;58;0m [38;2;0;0;0m[48;2;116;58;0m [38;2;0;0;0m[48;2;116;58;0m [38;2;0;0;0m[48;2;116;58;0m [38;2;0;0;0m[48;2;116;58;0m [38;2;0;0;0m[48;2;116;58;0m [38;2;0;0;0m[48;2;116;58;0m [38;2;0;0;0m[48;2;116;58;0m [38;2;0;0;0m[48;2;116;58;0m [38;2;0;0;0m[48;2;116;58;0m [38;2;0;0;0m[48;2;116;58;0m [38;2;0;0;0m[48;2;116;58;0m [38;2;54;54;54m[48;2;71;33;0m▆[38;2;0;0;0m[48;2;54;54;54m [38;2;54;54;54m[48;2;40;40;40m▆[38;2;54;54;54m[48;2;40;40;40m▒[38;2;54;54;54m[48;2;40;40;40m [38;2;54;54;54m[48;2;40;40;40m [38;2;54;54;54m[48;2;40;40;40m [38;2;54;54;54m[48;2;40;40;40m [38;2;54;54;54m[48;2;40;40;40m [38;2;54;54;54m[48;2;40;40;40m [38;2;54;54;54m[48;2;40;40;40m▄[38;2;54;54;54m[48;2;40;40;40m▖[38;2;54;54;54m[48;2;40;40;40m [38;2;54;54;54m[48;2;40;40;40m [38;2;54;54;54m[48;2;40;40;40m [38;2;54;54;54m[48;2;40;40;40m [0m
[38;2;0;0;0m[48;2;54;54;54m [38;2;0;0;0m[48;2;54;54;54m [38;2;0;0;0m[48;2;54;54;54m [38;2;0;0;0m[48;2;54;54;54m [38;2;0;0;0m[48;2;77;77;77m [38;2;0;0;0m[48;2;77;77;77m [38;2;77;77;77m[48;2;54;54;54m▄[38;2;77;77;77m[48;2;54;54;54m▆[38;2;255;89;89m[48;2;54;54;54m▝[38;2;0;0;0m[48;2;255;89;89m [38;2;181;99;0m[48;2;255;140;0m╺[38;2;255;89;89m[48;2;181;0;0m▝[38;2;255;89;89m[48;2;255;0;0m▖[38;2;181;0;0m[48;2;255;89;89m▅[38;2;255;89;89m[48;2;255;0;0m▌[38;2;255;0;0m[48;2;181;0;0m▄[38;2;181;0;0m[48;2;255;89;89m▊[38;2;255;89;89m[48;2;255;0;0m▌[38;2;0;0;0m[48;2;255;0;0m [38;2;181;99;0m[48;2;181;0;0m▗[38;2;181;99;0m[48;2;181;0;0m [38;2;181;99;0m[48;2;181;0;0m▟[38;2;0;0;0m[48;2;181;0;0m [38;2;127;0;0m[48;2;181;0;0m▄[38;2;181;0;0m[48;2;116;0;0m▂[38;2;181;0;0m[48;2;127;0;0m▂[38;2;0;0;0m[48;2;181;0;0m [38;2;54;54;54m[48;2;181;99;0m▄[38;2;77;77;77m[48;2;54;54;54m▖[38;2;0;0;0m[48;2;77;77;77m [38;2;0;0;0m[48;2;77;77;77m [38;2;0;0;0m[48;2;77;77;77m [38;2;0;0;0m[48;2;77;77;77m [38;2;0;0;0m[48;2;54;54;54m [38;2;0;0;0m[48;2;54;54;54m [38;2;40;40;40m[48;2;54;54;54m▝[38;2;255;180;89m[48;2;77;77;77m▝[38;2;77;77;77m[48;2;181;99;0m▂[38;2;0;0;0m[48;2;255;180;89m [38;2;0;0;0m[48;2;255;180;89m [38;2;0;0;0m[48;2;255;180;89m [38;2;0;0;0m[48;2;255;180;89m [38;2;0;0;0m[48;2;255;180;89m [38;2;0;0;0m[48;2;255;180;89m [38;2;255;180;89m[48;2;255;140;0m▒[38;2;255;140;0m[48;2;255;140;0m▌[38;2;181;99;0m[48;2;255;140;0m▗[38;2;0;0;0m[48;2;181;99;0m [38;2;255;140;0m[48;2;181;99;0m▄[38;2;255;140;0m[48;2;116;58;0m▄[38;2;181;99;0m[48;2;116;58;0m▄[38;2;181;99;0m[48;2;116;58;0m▄[38;2;181;99;0m[48;2;116;58;0m [38;2;181;99;0m[48;2;116;58;0m [38;2;181;99;0m[48;2;116;58;0m [38;2;181;99;0m[48;2;116;58;0m [38;2;181;99;0m[48;2;116;58;0m [38;2;181;99;0m[48;2;116;58;0m [38;2;181;99;0m[48;2;116;58;0m [38;2;181;99;0m[48;2;116;58;0m [38;2;181;99;0m[48;2;116;58;0m [38;2;181;99;0m[48;2;116;58;0m [38;2;181;99;0m[48;2;116;58;0m [38;2;181;99;0m[48;2;116;58;0m [38;2;116;58;0m[48;2;54;54;54m▎[38;2;116;58;0m[48;2;54;54;54m [38;2;116;58;0m[48;2;54;54;54m [38;2;54;54;54m[48;2;40;40;40m▒[38;2;0;0;0m[48;2;40;40;40m [38;2;0;0;0m[48;2;40;40;40m [38;2;0;0;0m[48;2;40;40;40m [38;2;0;0;0m[48;2;40;40;40m [38;2;0;0;0m[48;2;40;40;40m [38;2;54;54;54m[48;2;40;40;40m▒[38;2;40;40;40m[48;2;54;54;54m▂[38;2;40;40;40m[48;2;54;54;54m [38;2;54;54;54m[48;2;40;40;40m▒[38;2;0;0;0m[48;2;40;40;40m [38;2;0;0;0m[48;2;40;40;40m [38;2;0;0;0m[48;2;40;40;40m [0m
[38;2;0;0;0m[48;2;54;54;54m [38;2;0;0;0m[48;2;54;54;54m [38;2;0;0;0m[48;2;54;54;54m [38;2;54;54;54m[48;2;77;77;77m▊[38;2;54;54;54m[48;2;77;77;77m [38;2;54;54;54m[48;2;77;77;77m [38;2;54;54;54m[48;2;77;77;77m [38;2;54;54;54m[48;2;77;77;77m [38;2;0;0;0m[48;2;54;54;54m [38;2;0;0;0m[48;2;54;54;54m [38;2;188;188;188m[48;2;181;99;0m▗[38;2;226;226;226m[48;2;255;0;0m▄[38;2;255;211;156m[48;2;181;0;0m▄[38;2;255;211;156m[48;2;181;0;0m▅[38;2;255;180;89m[48;2;181;0;0m▅[38;2;255;140;0m[48;2;181;0;0m▅[38;2;255;140;0m[48;2;181;0;0m▅[38;2;159;159;159m[48;2;181;99;0m▁[38;2;210;210;210m[48;2;181;99;0m▂[38;2;210;210;210m[48;2;181;99;0m▂[38;2;188;188;188m[48;2;181;99;0m▂[38;2;181;0;0m[48;2;181;99;0m▝[38;2;181;0;0m[48;2;181;99;0m [38;2;181;0;0m[48;2;181;99;0m [38;2;181;0;0m[48;2;181;99;0m▀[38;2;181;99;0m[48;2;116;58;0m▖[38;2;116;58;0m[48;2;54;54;54m▌[38;2;116;58;0m[48;2;54;54;54m [38;2;77;77;77m[48;2;54;54;54m┃[38;2;77;77;77m[48;2;54;54;54m▐[38;2;0;0;0m[48;2;77;77;77m [38;2;0;0;0m[48;2;77;77;77m [38;2;0;0;0m[48;2;54;54;54m [38;2;0;0;0m[48;2;54;54;54m [38;2;0;0;0m[48;2;54;54;54m [38;2;0;0;0m[48;2;54;54;54m [38;2;0;0;0m[48;2;54;54;54m [38;2;54;54;54m[48;2;77;77;77m▊[38;2;0;0;0m[48;2;255;180;89m [38;2;0;0;0m[48;2;255;180;89m [38;2;0;0;0m[48;2;255;180;89m [38;2;255;140;0m[48;2;255;180;89m▁[38;2;255;180;89m[48;2;255;140;0m▒[38;2;255;180;89m[48;2;255;140;0m▒[38;2;255;180;89m[48;2;181;99;0m▒[38;2;181;99;0m[48;2;255;140;0m▆[38;2;0;0;0m[48;2;181;99;0m [38;2;116;58;0m[48;2;181;99;0m▃[38;2;71;33;0m[48;2;255;140;0m▃[38;2;0;0;0m[48;2;181;99;0m▃[38;2;19;19;19m[48;2;181;99;0m▅[38;2;19;19;19m[48;2;116;58;0m▅[38;2;19;19;19m[48;2;116;58;0m▅[38;2;19;19;19m[48;2;116;58;0m▬[38;2;116;58;0m[48;2;71;33;0m▂[38;2;116;58;0m[48;2;71;33;0m▟[38;2;0;0;0m[48;2;116;58;0m [38;2;0;0;0m[48;2;116;58;0m [38;2;0;0;0m[48;2;116;58;0m [38;2;0;0;0m[48;2;116;58;0m [38;2;0;0;0m[48;2;116;58;0m [38;2;0;0;0m[48;2;116;58;0m [38;2;0;0;0m[48;2;116;58;0m [38;2;0;0;0m[48;2;116;58;0m [38;2;116;58;0m[48;2;54;54;54m▎[38;2;40;40;40m[48;2;54;54;54m━[38;2;40;40;40m[48;2;54;54;54m [38;2;54;54;54m[48;2;40;40;40m▆[38;2;54;54;54m[48;2;40;40;40m▙[38;2;54;54;54m[48;2;40;40;40m▖[38;2;54;54;54m[48;2;40;40;40m [38;2;54;54;54m[48;2;40;40;40m [38;2;54;54;54m[48;2;40;40;40m [38;2;54;54;54m[48;2;40;40;40m [38;2;54;54;54m[48;2;40;40;40m [38;2;54;54;54m[48;2;40;40;40m [38;2;54;54;54m[48;2;40;40;40m [38;2;54;54;54m[48;2;40;40;40m [38;2;54;54;54m[48;2;40;40;40m [38;2;54;54;54m[48;2;40;40;40m [0m
[38;2;0;0;0m[48;2;54;54;54m [38;2;0;0;0m[48;2;54;54;54m [38;2;0;0;0m[48;2;54;54;54m [38;2;0;0;0m[48;2;54;54;54m [38;2;54;54;54m[48;2;77;77;77m▃[38;2;54;54;54m[48;2;77;77;77m▂[38;2;0;0;0m[48;2;54;54;54m [38;2;0;0;0m[48;2;77;77;77m [38;2;226;226;226m[48;2;101;101;101m▄[38;2;0;0;0m[48;2;226;226;226m [38;2;255;255;255m[48;2;226;226;226m▌[38;2;0;0;0m[48;2;226;226;226m [38;2;226;226;226m[48;2;210;210;210m▘[38;2;188;188;188m[48;2;255;156;156m▆[38;2;127;127;127m[48;2;255;140;0m▂[38;2;188;188;188m[48;2;181;99;0m▗[38;2;226;226;226m[48;2;188;188;188m▆[38;2;0;0;0m[48;2;255;255;255m [38;2;0;0;0m[48;2;226;226;226m [38;2;210;210;210m[48;2;226;226;226m▗[38;2;210;210;210m[48;2;188;188;188m▘[38;2;0;0;0m[48;2;159;159;159m [38;2;129;129;129m[48;2;101;101;101m▅[38;2;0;0;0m[48;2;181;99;0m [38;2;0;0;0m[48;2;181;99;0m [38;2;181;99;0m[48;2;116;58;0m▊[38;2;116;58;0m[48;2;71;71;0m▌[38;2;0;0;0m[48;2;54;54;54m [38;2;54;54;54m[48;2;77;77;77m [38;2;54;54;54m[48;2;77;77;77m▘[38;2;54;54;54m[48;2;77;77;77m▅[38;2;54;54;54m[48;2;77;77;77m▂[38;2;54;54;54m[48;2;77;77;77m▄[38;2;77;77;77m[48;2;54;54;54m▚[38;2;77;77;77m[48;2;54;54;54m▄[38;2;77;77;77m[48;2;54;54;54m [38;2;54;54;54m[48;2;77;77;77m▚[38;2;54;54;54m[48;2;77;77;77m▄[38;2;77;77;77m[48;2;255;180;89m▌[38;2;77;77;77m[48;2;255;180;89m [38;2;255;180;89m[48;2;181;99;0m▓[38;2;255;180;89m[48;2;181;99;0m▒[38;2;255;180;89m[48;2;181;99;0m▒[38;2;0;0;0m[48;2;181;99;0m [38;2;0;0;0m[48;2;181;99;0m [38;2;0;0;0m[48;2;181;99;0m [38;2;0;0;0m[48;2;181;99;0m [38;2;0;0;0m[48;2;181;99;0m [38;2;181;99;0m[48;2;255;140;0m▇[38;2;181;99;0m[48;2;116;58;0m▆[38;2;116;58;0m[48;2;181;99;0m▆[38;2;0;0;0m[48;2;116;58;0m [38;2;0;0;0m[48;2;116;58;0m [38;2;0;0;0m[48;2;116;58;0m [38;2;0;0;0m[48;2;116;58;0m [38;2;0;0;0m[48;2;116;58;0m [38;2;0;0;0m[48;2;116;58;0m [38;2;0;0;0m[48;2;116;58;0m [38;2;0;0;0m[48;2;116;58;0m [38;2;0;0;0m[48;2;116;58;0m [38;2;0;0;0m[48;2;116;58;0m [38;2;0;0;0m[48;2;116;58;0m [38;2;0;0;0m[48;2;116;58;0m [38;2;54;54;54m[48;2;116;58;0m▗[38;2;40;40;40m[48;2;54;54;54m▎[38;2;40;40;40m[48;2;54;54;54m [38;2;40;40;40m[48;2;54;54;54m [38;2;40;40;40m[48;2;54;54;54m [38;2;40;40;40m[48;2;54;54;54m [38;2;54;54;54m[48;2;40;40;40m▒[38;2;0;0;0m[48;2;40;40;40m [38;2;0;0;0m[48;2;40;40;40m [38;2;0;0;0m[48;2;40;40;40m [38;2;0;0;0m[48;2;40;40;40m [38;2;54;54;54m[48;2;40;40;40m▒[38;2;0;0;0m[48;2;40;40;40m [38;2;0;0;0m[48;2;40;40;40m [38;2;0;0;0m[48;2;40;40;40m [38;2;0;0;0m[48;2;40;40;40m [38;2;0;0;0m[48;2;40;40;40m [0m
[38;2;0;0;0m[48;2;54;54;54m [38;2;0;0;0m[48;2;54;54;54m [38;2;0;0;0m[48;2;54;54;54m [38;2;0;0;0m[48;2;54;54;54m [38;2;0;0;0m[48;2;54;54;54m [38;2;54;54;54m[48;2;40;40;40m▌[38;2;0;0;0m[48;2;54;54;54m [38;2;159;159;159m[48;2;226;226;226m▎[38;2;0;0;0m[48;2;255;255;255m [38;2;0;0;0m[48;2;226;226;226m [38;2;210;210;210m[48;2;226;226;226m▗[38;2;188;188;188m[48;2;210;210;210m▂[38;2;0;0;0m[48;2;188;188;188m [38;2;159;159;159m[48;2;188;188;188m▝[38;2;159;159;159m[48;2;127;127;127m▌[38;2;159;159;159m[48;2;226;226;226m▎[38;2;0;0;0m[48;2;255;255;255m [38;2;0;0;0m[48;2;226;226;226m [38;2;188;188;188m[48;2;226;226;226m▗[38;2;210;210;210m[48;2;188;188;188m▘[38;2;188;188;188m[48;2;159;159;159m▌[38;2;188;188;188m[48;2;159;159;159m [38;2;0;0;0m[48;2;129;129;129m [38;2;129;129;129m[48;2;181;99;0m▌[38;2;129;129;129m[48;2;181;99;0m [38;2;129;129;129m[48;2;181;99;0m [38;2;0;0;0m[48;2;116;58;0m [38;2;0;0;0m[48;2;54;54;54m [38;2;54;54;54m[48;2;77;77;77m▆[38;2;0;0;0m[48;2;77;77;77m [38;2;77;77;77m[48;2;54;54;54m▇[38;2;77;77;77m[48;2;54;54;54m▆[38;2;0;0;0m[48;2;77;77;77m [38;2;54;54;54m[48;2;77;77;77m▁[38;2;0;0;0m[48;2;54;54;54m [38;2;0;0;0m[48;2;77;77;77m [38;2;54;54;54m[48;2;77;77;77m▗[38;2;0;0;0m[48;2;54;54;54m [38;2;0;0;0m[48;2;54;54;54m [38;2;77;77;77m[48;2;255;180;89m▖[38;2;255;180;89m[48;2;181;99;0m▒[38;2;255;180;89m[48;2;181;99;0m▒[38;2;0;0;0m[48;2;181;99;0m [38;2;0;0;0m[48;2;181;99;0m [38;2;0;0;0m[48;2;181;99;0m [38;2;0;0;0m[48;2;181;99;0m [38;2;116;58;0m[48;2;181;99;0m▃[38;2;116;58;0m[48;2;181;99;0m [38;2;116;58;0m[48;2;181;99;0m [38;2;116;58;0m[48;2;181;99;0m [38;2;116;58;0m[48;2;181;99;0m▃[38;2;0;0;0m[48;2;116;58;0m [38;2;0;0;0m[48;2;116;58;0m [38;2;0;0;0m[48;2;116;58;0m [38;2;0;0;0m[48;2;116;58;0m [38;2;0;0;0m[48;2;116;58;0m [38;2;0;0;0m[48;2;116;58;0m [38;2;0;0;0m[48;2;116;58;0m [38;2;0;0;0m[48;2;116;58;0m [38;2;0;0;0m[48;2;116;58;0m [38;2;0;0;0m[48;2;116;58;0m [38;2;0;0;0m[48;2;116;58;0m [38;2;54;54;54m[48;2;116;58;0m▗[38;2;0;0;0m[48;2;54;54;54m [38;2;0;0;0m[48;2;54;54;54m [38;2;0;0;0m[48;2;54;54;54m [38;2;40;40;40m[48;2;54;54;54m▗[38;2;40;40;40m[48;2;54;54;54m▅[38;2;40;40;40m[48;2;54;54;54m [38;2;54;54;54m[48;2;40;40;40m▒[38;2;0;0;0m[48;2;40;40;40m [38;2;40;40;40m[48;2;54;54;54m█[38;2;40;40;40m[48;2;54;54;54m█[38;2;54;54;54m[48;2;40;40;40m▒[38;2;54;54;54m[48;2;40;40;40m▒[38;2;54;54;54m[48;2;40;40;40m▒[38;2;0;0;0m[48;2;40;40;40m [38;2;0;0;0m[48;2;40;40;40m [38;2;54;54;54m[48;2;40;40;40m▂[38;2;54;54;54m[48;2;40;40;40m [0m
[38;2;0;0;0m[48;2;54;54;54m [38;2;0;0;0m[48;2;54;54;54m [38;2;0;0;0m[48;2;54;54;54m [38;2;77;77;77m[48;2;54;54;54m▂[38;2;77;77;77m[48;2;54;54;54m [38;2;40;40;40m[48;2;54;54;54m▝[38;2;0;0;0m[48;2;40;40;40m [38;2;129;129;129m[48;2;210;210;210m▎[38;2;0;0;0m[48;2;226;226;226m [38;2;210;210;210m[48;2;226;226;226m▄[38;2;0;0;0m[48;2;188;188;188m [38;2;159;159;159m[48;2;188;188;188m▅[38;2;129;129;129m[48;2;40;40;40m▌[38;2;129;129;129m[48;2;40;40;40m [38;2;77;77;77m[48;2;127;127;127m▄[38;2;54;54;54m[48;2;188;188;188m▌[38;2;0;0;0m[48;2;226;226;226m [38;2;226;226;226m[48;2;210;210;210m▘[38;2;159;159;159m[48;2;188;188;188m▃[38;2;0;0;0m[48;2;159;159;159m [38;2;101;101;101m[48;2;54;54;54m▎[38;2;19;19;19m[48;2;159;159;159m▇[38;2;19;19;19m[48;2;159;159;159m [38;2;159;159;159m[48;2;181;99;0m▘[38;2;159;159;159m[48;2;181;99;0m [38;2;159;159;159m[48;2;181;99;0m [38;2;181;99;0m[48;2;116;58;0m▌[38;2;0;0;0m[48;2;54;54;54m [38;2;0;0;0m[48;2;54;54;54m [38;2;0;0;0m[48;2;54;54;54m [38;2;54;54;54m[48;2;77;77;77m▄[38;2;54;54;54m[48;2;77;77;77m [38;2;54;54;54m[48;2;77;77;77m▝[38;2;0;0;0m[48;2;54;54;54m [38;2;54;54;54m[48;2;77;77;77m▎[38;2;54;54;54m[48;2;77;77;77m━[38;2;54;54;54m[48;2;77;77;77m▐[38;2;54;54;54m[48;2;77;77;77m▛[38;2;54;54;54m[48;2;77;77;77m▝[38;2;0;0;0m[48;2;54;54;54m [38;2;77;77;77m[48;2;255;140;0m▖[38;2;0;0;0m[48;2;181;99;0m [38;2;0;0;0m[48;2;181;99;0m [38;2;116;58;0m[48;2;181;99;0m▅[38;2;116;58;0m[48;2;181;99;0m▄[38;2;0;0;0m[48;2;116;58;0m [38;2;0;0;0m[48;2;116;58;0m [38;2;116;58;0m[48;2;181;99;0m▄[38;2;116;58;0m[48;2;181;99;0m▄[38;2;0;0;0m[48;2;116;58;0m [38;2;0;0;0m[48;2;116;58;0m [38;2;0;0;0m[48;2;116;58;0m [38;2;0;0;0m[48;2;116;58;0m [38;2;0;0;0m[48;2;116;58;0m [38;2;0;0;0m[48;2;116;58;0m [38;2;0;0;0m[48;2;116;58;0m [38;2;0;0;0m[48;2;116;58;0m [38;2;0;0;0m[48;2;116;58;0m [38;2;0;0;0m[48;2;116;58;0m [38;2;0;0;0m[48;2;116;58;0m [38;2;0;0;0m[48;2;116;58;0m [38;2;54;54;54m[48;2;116;58;0m▂[38;2;0;0;0m[48;2;54;54;54m [38;2;0;0;0m[48;2;54;54;54m [38;2;0;0;0m[48;2;54;54;54m [38;2;0;0;0m[48;2;54;54;54m [38;2;40;40;40m[48;2;54;54;54m▘[38;2;40;40;40m[48;2;54;54;54m [38;2;40;40;40m[48;2;54;54;54m [38;2;40;40;40m[48;2;54;54;54m [38;2;40;40;40m[48;2;54;54;54m▟[38;2;54;54;54m[48;2;40;40;40m [38;2;54;54;54m[48;2;40;40;40m▂[38;2;0;0;0m[48;2;54;54;54m [38;2;0;0;0m[48;2;54;54;54m [38;2;54;54;54m[48;2;40;40;40m▓[38;2;54;54;54m[48;2;40;40;40m▒[38;2;0;0;0m[48;2;40;40;40m [38;2;0;0;0m[48;2;40;40;40m [38;2;0;0;0m[48;2;40;40;40m [0m
[38;2;0;0;0m[48;2;77;77;77m [38;2;0;0;0m[48;2;77;77;77m [38;2;77;77;77m[48;2;54;54;54m▄[38;2;77;77;77m[48;2;54;54;54m▀[38;2;0;0;0m[48;2;54;54;54m [38;2;0;0;0m[48;2;54;54;54m [38;2;0;0;0m[48;2;54;54;54m [38;2;0;0;0m[48;2;54;54;54m [38;2;54;54;54m[48;2;188;188;188m▂[38;2;127;127;127m[48;2;188;188;188m▁[38;2;129;129;129m[48;2;159;159;159m▁[38;2;0;0;0m[48;2;129;129;129m [38;2;255;180;89m[48;2;129;129;129m▂[38;2;255;180;89m[48;2;101;101;101m▄[38;2;255;180;89m[48;2;116;58;0m▆[38;2;255;140;0m[48;2;181;99;0m▆[38;2;255;140;0m[48;2;159;159;159m▆[38;2;116;58;0m[48;2;188;188;188m▄[38;2;116;58;0m[48;2;129;129;129m▃[38;2;116;58;0m[48;2;127;127;127m▃[38;2;0;0;0m[48;2;101;101;101m [38;2;0;0;0m[48;2;101;101;101m [38;2;181;99;0m[48;2;101;101;101m▆[38;2;0;0;0m[48;2;181;99;0m [38;2;0;0;0m[48;2;181;99;0m [38;2;0;0;0m[48;2;181;99;0m [38;2;181;99;0m[48;2;116;58;0m▌[38;2;71;71;0m[48;2;54;54;54m▌[38;2;71;71;0m[48;2;54;54;54m [38;2;77;77;77m[48;2;54;54;54m▝[38;2;54;54;54m[48;2;77;77;77m▊[38;2;54;54;54m[48;2;77;77;77m [38;2;54;54;54m[48;2;77;77;77m [38;2;54;54;54m[48;2;77;77;77m▘[38;2;54;54;54m[48;2;77;77;77m [38;2;54;54;54m[48;2;77;77;77m [38;2;54;54;54m[48;2;77;77;77m▝[38;2;54;54;54m[48;2;77;77;77m [38;2;54;54;54m[48;2;77;77;77m [38;2;54;54;54m[48;2;77;77;77m [38;2;0;0;0m[48;2;54;54;54m [38;2;54;54;54m[48;2;116;58;0m▆[38;2;210;210;210m[48;2;181;99;0m▂[38;2;210;210;210m[48;2;181;99;0m [38;2;0;0;0m[48;2;116;58;0m [38;2;0;0;0m[48;2;71;33;0m [38;2;0;0;0m[48;2;116;58;0m [38;2;0;0;0m[48;2;116;58;0m [38;2;71;33;0m[48;2;116;58;0m▃[38;2;71;33;0m[48;2;116;58;0m▃[38;2;71;33;0m[48;2;116;58;0m▅[38;2;71;33;0m[48;2;116;58;0m▙[38;2;0;0;0m[48;2;116;58;0m [38;2;0;0;0m[48;2;116;58;0m [38;2;116;58;0m[48;2;71;33;0m▒[38;2;0;0;0m[48;2;116;58;0m [38;2;0;0;0m[48;2;116;58;0m [38;2;0;0;0m[48;2;116;58;0m [38;2;71;33;0m[48;2;116;58;0m▁[38;2;71;33;0m[48;2;116;58;0m▟[38;2;71;33;0m[48;2;40;40;40m▘[38;2;101;101;101m[48;2;54;54;54m▄[38;2;77;77;77m[48;2;54;54;54m▁[38;2;40;40;40m[48;2;54;54;54m▅[38;2;40;40;40m[48;2;54;54;54m [38;2;40;40;40m[48;2;54;54;54m [38;2;40;40;40m[48;2;54;54;54m [38;2;40;40;40m[48;2;54;54;54m [38;2;40;40;40m[48;2;54;54;54m [38;2;40;40;40m[48;2;54;54;54m▜[38;2;54;54;54m[48;2;40;40;40m [38;2;54;54;54m[48;2;40;40;40m▟[38;2;0;0;0m[48;2;54;54;54m [38;2;0;0;0m[48;2;54;54;54m [38;2;54;54;54m[48;2;40;40;40m▓[38;2;54;54;54m[48;2;40;40;40m▒[38;2;0;0;0m[48;2;40;40;40m [38;2;40;40;40m[48;2;54;54;54m▘[38;2;40;40;40m[48;2;54;54;54m▝[38;2;40;40;40m[48;2;54;54;54m [0m
[38;2;0;0;0m[48;2;54;54;54m [38;2;54;54;54m[48;2;77;77;77m▘[38;2;54;54;54m[48;2;77;77;77m [38;2;54;54;54m[48;2;77;77;77m [38;2;54;54;54m[48;2;77;77;77m▝[38;2;0;0;0m[48;2;54;54;54m [38;2;54;54;54m[48;2;77;77;77m▄[38;2;54;54;54m[48;2;77;77;77m▀[38;2;0;0;0m[48;2;54;54;54m [38;2;0;0;0m[48;2;54;54;54m [38;2;255;180;89m[48;2;77;77;77m▄[38;2;0;0;0m[48;2;255;211;156m [38;2;0;0;0m[48;2;255;180;89m [38;2;0;0;0m[48;2;255;180;89m [38;2;255;140;0m[48;2;255;180;89m▆[38;2;0;0;0m[48;2;255;140;0m [38;2;181;99;0m[48;2;255;140;0m▄[38;2;0;0;0m[48;2;181;99;0m [38;2;181;99;0m[48;2;116;58;0m▆[38;2;181;99;0m[48;2;116;58;0m▆[38;2;0;0;0m[48;2;181;99;0m [38;2;0;0;0m[48;2;181;99;0m [38;2;0;0;0m[48;2;181;99;0m [38;2;0;0;0m[48;2;181;99;0m [38;2;0;0;0m[48;2;181;99;0m [38;2;0;0;0m[48;2;181;99;0m [38;2;181;99;0m[48;2;116;58;0m▌[38;2;116;58;0m[48;2;54;54;54m▌[38;2;116;58;0m[48;2;54;54;54m [38;2;116;58;0m[48;2;54;54;54m [38;2;77;77;77m[48;2;54;54;54m▘[38;2;77;77;77m[48;2;54;54;54m▗[38;2;54;54;54m[48;2;77;77;77m▅[38;2;77;77;77m[48;2;54;54;54m▚[38;2;0;0;0m[48;2;77;77;77m [38;2;0;0;0m[48;2;77;77;77m [38;2;0;0;0m[48;2;77;77;77m [38;2;0;0;0m[48;2;77;77;77m [38;2;0;0;0m[48;2;77;77;77m [38;2;0;0;0m[48;2;77;77;77m [38;2;226;226;226m[48;2;77;77;77m▂[38;2;210;210;210m[48;2;127;127;127m▆[38;2;226;226;226m[48;2;101;101;101m▚[38;2;0;0;0m[48;2;89;180;255m [38;2;89;180;255m[48;2;129;129;129m▄[38;2;89;180;255m[48;2;101;101;101m▂[38;2;89;180;255m[48;2;116;58;0m▂[38;2;77;77;77m[48;2;116;58;0m▁[38;2;19;19;19m[48;2;71;33;0m▁[38;2;40;40;40m[48;2;71;33;0m▁[38;2;19;19;19m[48;2;71;33;0m▁[38;2;19;19;19m[48;2;71;33;0m [38;2;19;19;19m[48;2;71;33;0m [38;2;71;33;0m[48;2;116;58;0m▇[38;2;19;19;19m[48;2;71;33;0m▁[38;2;19;19;19m[48;2;71;33;0m▃[38;2;54;54;54m[48;2;71;33;0m▁[38;2;77;77;77m[48;2;54;54;54m▂[38;2;77;77;77m[48;2;54;54;54m▆[38;2;0;0;0m[48;2;77;77;77m [38;2;0;116;116m[48;2;77;77;77m▄[38;2;77;77;77m[48;2;19;19;19m▝[38;2;0;0;0m[48;2;127;127;127m [38;2;127;127;127m[48;2;77;77;77m▆[38;2;101;101;101m[48;2;54;54;54m▂[38;2;101;101;101m[48;2;54;54;54m [38;2;101;101;101m[48;2;54;54;54m [38;2;101;101;101m[48;2;54;54;54m [38;2;101;101;101m[48;2;54;54;54m [38;2;101;101;101m[48;2;54;54;54m [38;2;54;54;54m[48;2;40;40;40m▖[38;2;54;54;54m[48;2;40;40;40m▝[38;2;0;0;0m[48;2;54;54;54m [38;2;0;0;0m[48;2;54;54;54m [38;2;0;0;0m[48;2;54;54;54m [38;2;0;0;0m[48;2;54;54;54m [38;2;0;0;0m[48;2;54;54;54m [38;2;40;40;40m[48;2;54;54;54m▂[38;2;40;40;40m[48;2;54;54;54m▗[38;2;40;40;40m[48;2;54;54;54m▅[0m
[38;2;77;77;77m[48;2;54;54;54m▄[38;2;54;54;54m[48;2;77;77;77m▚[38;2;54;54;54m[48;2;77;77;77m [38;2;54;54;54m[48;2;77;77;77m [38;2;0;0;0m[48;2;54;54;54m [38;2;0;0;0m[48;2;54;54;54m [38;2;0;0;0m[48;2;77;77;77m [38;2;77;77;77m[48;2;54;54;54m▌[38;2;0;0;0m[48;2;54;54;54m [38;2;101;101;101m[48;2;255;211;156m▘[38;2;255;211;156m[48;2;255;180;89m▌[38;2;0;0;0m[48;2;255;180;89m [38;2;0;0;0m[48;2;255;180;89m [38;2;255;140;0m[48;2;255;180;89m▄[38;2;0;0;0m[48;2;255;140;0m [38;2;181;99;0m[48;2;255;140;0m▗[38;2;0;0;0m[48;2;181;99;0m [38;2;0;0;0m[48;2;181;99;0m [38;2;0;0;0m[48;2;181;99;0m [38;2;116;0;0m[48;2;181;99;0m▆[38;2;127;0;0m[48;2;181;99;0m▄[38;2;127;0;0m[48;2;181;99;0m▂[38;2;127;0;0m[48;2;181;99;0m [38;2;127;0;0m[48;2;181;99;0m [38;2;127;0;0m[48;2;181;99;0m [38;2;127;0;0m[48;2;181;99;0m [38;2;127;0;0m[48;2;181;99;0m [38;2;116;58;0m[48;2;54;54;54m▌[38;2;116;58;0m[48;2;54;54;54m [38;2;116;58;0m[48;2;54;54;54m [38;2;54;54;54m[48;2;77;77;77m▄[38;2;77;77;77m[48;2;54;54;54m┗[38;2;77;77;77m[48;2;54;54;54m▗[38;2;0;0;0m[48;2;77;77;77m [38;2;0;0;0m[48;2;77;77;77m [38;2;127;127;127m[48;2;77;77;77m▁[38;2;210;210;210m[48;2;77;77;77m▂[38;2;210;210;210m[48;2;77;77;77m▄[38;2;210;210;210m[48;2;77;77;77m▆[38;2;0;0;0m[48;2;226;226;226m [38;2;0;0;0m[48;2;226;226;226m [38;2;210;210;210m[48;2;129;129;129m▚[38;2;0;181;181m[48;2;109;255;255m [38;2;0;181;181m[48;2;109;255;255m [38;2;0;181;181m[48;2;109;255;255m▗[38;2;89;180;255m[48;2;0;181;181m▝[38;2;0;0;0m[48;2;89;180;255m [38;2;71;0;0m[48;2;89;180;255m▂[38;2;101;101;101m[48;2;54;54;54m▘[38;2;116;0;0m[48;2;19;19;19m▖[38;2;116;0;0m[48;2;0;0;0m▄[38;2;0;116;116m[48;2;19;19;19m▂[38;2;0;116;116m[48;2;19;19;19m▅[38;2;0;116;116m[48;2;19;19;19m▄[38;2;0;116;116m[48;2;19;19;19m▆[38;2;0;116;116m[48;2;77;77;77m▄[38;2;0;116;116m[48;2;77;77;77m▂[38;2;0;116;116m[48;2;77;77;77m▃[38;2;0;116;116m[48;2;77;77;77m▆[38;2;0;0;0m[48;2;0;116;116m [38;2;0;71;71m[48;2;0;116;116m▗[38;2;0;71;71m[48;2;40;40;40m▁[38;2;54;54;54m[48;2;129;129;129m▌[38;2;129;129;129m[48;2;127;127;127m▌[38;2;0;0;0m[48;2;127;127;127m [38;2;127;127;127m[48;2;77;77;77m▆[38;2;101;101;101m[48;2;54;54;54m▖[38;2;101;101;101m[48;2;54;54;54m [38;2;101;101;101m[48;2;54;54;54m [38;2;101;101;101m[48;2;54;54;54m [38;2;101;101;101m[48;2;54;54;54m [38;2;101;101;101m[48;2;54;54;54m [38;2;101;101;101m[48;2;54;54;54m [38;2;101;101;101m[48;2;54;54;54m [38;2;40;40;40m[48;2;54;54;54m▄[38;2;40;40;40m[48;2;54;54;54m▆[38;2;40;40;40m[48;2;54;54;54m [38;2;40;40;40m[48;2;54;54;54m▜[38;2;40;40;40m[48;2;54;54;54m▜[38;2;0;0;0m[48;2;40;40;40m [0m
[38;2;0;0;0m[48;2;77;77;77m [38;2;0;0;0m[48;2;77;77;77m [38;2;0;0;0m[48;2;77;77;77m [38;2;0;0;0m[48;2;77;77;77m [38;2;0;0;0m[48;2;77;77;77m [38;2;77;77;77m[48;2;54;54;54m▘[38;2;54;54;54m[48;2;77;77;77m▇[38;2;54;54;54m[48;2;77;77;77m [38;2;77;77;77m[48;2;255;211;156m▊[38;2;0;0;0m[48;2;255;255;113m [38;2;0;0;0m[48;2;255;180;89m [38;2;255;140;0m[48;2;255;180;89m▁[38;2;181;99;0m[48;2;255;180;89m▗[38;2;181;99;0m[48;2;255;140;0m▃[38;2;0;0;0m[48;2;181;99;0m [38;2;0;0;0m[48;2;181;99;0m [38;2;0;0;0m[48;2;181;99;0m [38;2;0;0;0m[48;2;181;99;0m [38;2;0;0;0m[48;2;181;0;0m [38;2;0;0;0m[48;2;181;0;0m [38;2;181;0;0m[48;2;127;0;0m▅[38;2;127;0;0m[48;2;116;0;0m▄[38;2;0;0;0m[48;2;127;0;0m [38;2;116;0;0m[48;2;181;99;0m▖[38;2;116;0;0m[48;2;181;99;0m [38;2;116;0;0m[48;2;181;99;0m [38;2;116;0;0m[48;2;181;99;0m [38;2;181;99;0m[48;2;116;58;0m▌[38;2;0;0;0m[48;2;54;54;54m [38;2;77;77;77m[48;2;54;54;54m▚[38;2;54;54;54m[48;2;77;77;77m▇[38;2;54;54;54m[48;2;77;77;77m▛[38;2;54;54;54m[48;2;77;77;77m [38;2;226;226;226m[48;2;77;77;77m▂[38;2;188;188;188m[48;2;129;129;129m▄[38;2;159;159;159m[48;2;188;188;188m▅[38;2;226;226;226m[48;2;159;159;159m▄[38;2;0;0;0m[48;2;226;226;226m [38;2;0;0;0m[48;2;226;226;226m [38;2;0;0;0m[48;2;226;226;226m [38;2;0;0;0m[48;2;226;226;226m [38;2;129;129;129m[48;2;109;255;255m▌[38;2;129;129;129m[48;2;109;255;255m [38;2;109;255;255m[48;2;0;181;181m▘[38;2;40;40;40m[48;2;0;181;181m▃[38;2;19;19;19m[48;2;89;180;255m▅[38;2;71;0;0m[48;2;54;54;54m▄[38;2;255;89;89m[48;2;181;0;0m▄[38;2;0;0;0m[48;2;181;0;0m [38;2;181;0;0m[48;2;127;0;0m▄[38;2;0;0;0m[48;2;71;0;0m [38;2;71;0;0m[48;2;0;71;71m▌[38;2;0;71;71m[48;2;0;116;116m▖[38;2;0;71;71m[48;2;0;116;116m [38;2;0;71;71m[48;2;0;116;116m [38;2;0;71;71m[48;2;0;116;116m [38;2;0;71;71m[48;2;0;116;116m [38;2;0;71;71m[48;2;0;116;116m [38;2;0;71;71m[48;2;0;116;116m [38;2;0;71;71m[48;2;0;116;116m▃[38;2;77;77;77m[48;2;0;71;71m▄[38;2;77;77;77m[48;2;0;71;71m▎[38;2;19;19;19m[48;2;101;101;101m▌[38;2;127;127;127m[48;2;129;129;129m▁[38;2;0;0;0m[48;2;127;127;127m [38;2;127;127;127m[48;2;129;129;129m▁[38;2;0;0;0m[48;2;101;101;101m [38;2;101;101;101m[48;2;54;54;54m▬[38;2;40;40;40m[48;2;54;54;54m▄[38;2;40;40;40m[48;2;54;54;54m [38;2;40;40;40m[48;2;54;54;54m [38;2;40;40;40m[48;2;54;54;54m▄[38;2;40;40;40m[48;2;54;54;54m [38;2;40;40;40m[48;2;54;54;54m▐[38;2;54;54;54m[48;2;40;40;40m▒[38;2;54;54;54m[48;2;40;40;40m▒[38;2;0;0;0m[48;2;54;54;54m [38;2;0;0;0m[48;2;54;54;54m [38;2;54;54;54m[48;2;40;40;40m▌[38;2;54;54;54m[48;2;40;40;40m [0m
[38;2;0;0;0m[48;2;77;77;77m [38;2;0;0;0m[48;2;77;77;77m [38;2;0;0;0m[48;2;77;77;77m [38;2;0;0;0m[48;2;77;77;77m [38;2;0;0;0m[48;2;77;77;77m [38;2;0;0;0m[48;2;77;77;77m [38;2;0;0;0m[48;2;54;54;54m [38;2;0;0;0m[48;2;54;54;54m [38;2;0;0;0m[48;2;77;77;77m [38;2;0;0;0m[48;2;255;180;89m [38;2;255;180;89m[48;2;255;140;0m▌[38;2;255;180;89m[48;2;255;140;0m [38;2;255;140;0m[48;2;181;99;0m▘[38;2;255;140;0m[48;2;181;99;0m [38;2;116;58;0m[48;2;181;99;0m▁[38;2;116;58;0m[48;2;181;99;0m▄[38;2;181;99;0m[48;2;116;58;0m▄[38;2;181;99;0m[48;2;116;58;0m▅[38;2;181;99;0m[48;2;181;0;0m▄[38;2;181;99;0m[48;2;181;0;0m▄[38;2;181;99;0m[48;2;181;0;0m▂[38;2;181;99;0m[48;2;181;0;0m▂[38;2;0;0;0m[48;2;127;0;0m [38;2;0;0;0m[48;2;127;0;0m [38;2;116;58;0m[48;2;181;99;0m▌[38;2;116;58;0m[48;2;181;99;0m [38;2;116;58;0m[48;2;181;99;0m [38;2;116;58;0m[48;2;181;99;0m▐[38;2;0;0;0m[48;2;54;54;54m [38;2;54;54;54m[48;2;77;77;77m▄[38;2;0;0;0m[48;2;54;54;54m [38;2;226;226;226m[48;2;77;77;77m▄[38;2;0;0;0m[48;2;226;226;226m [38;2;0;0;0m[48;2;226;226;226m [38;2;226;226;226m[48;2;159;159;159m▅[38;2;0;0;0m[48;2;226;226;226m [38;2;0;0;0m[48;2;226;226;226m [38;2;0;0;0m[48;2;226;226;226m [38;2;0;0;0m[48;2;226;226;226m [38;2;0;0;0m[48;2;226;226;226m [38;2;0;0;0m[48;2;226;226;226m [38;2;156;156;255m[48;2;89;180;255m╵[38;2;77;77;77m[48;2;0;181;181m▄[38;2;0;0;0m[48;2;54;54;54m [38;2;0;116;116m[48;2;54;54;54m▂[38;2;0;116;116m[48;2;0;71;71m▒[38;2;0;116;116m[48;2;0;71;71m░[38;2;54;54;54m[48;2;127;0;0m▖[38;2;127;0;0m[48;2;181;0;0m▄[38;2;71;0;0m[48;2;127;0;0m▄[38;2;0;71;71m[48;2;71;0;0m▝[38;2;0;116;116m[48;2;0;71;71m░[38;2;0;116;116m[48;2;0;71;71m▂[38;2;0;71;71m[48;2;0;116;116m▃[38;2;0;71;71m[48;2;0;116;116m [38;2;0;71;71m[48;2;0;116;116m [38;2;0;71;71m[48;2;0;116;116m [38;2;0;71;71m[48;2;0;116;116m▃[38;2;0;0;0m[48;2;0;71;71m [38;2;0;71;71m[48;2;77;77;77m▄[38;2;0;116;116m[48;2;0;71;71m▖[38;2;0;116;116m[48;2;0;71;71m [38;2;54;54;54m[48;2;101;101;101m▘[38;2;101;101;101m[48;2;77;77;77m▄[38;2;129;129;129m[48;2;101;101;101m▅[38;2;129;129;129m[48;2;77;77;77m▅[38;2;129;129;129m[48;2;101;101;101m▂[38;2;129;129;129m[48;2;101;101;101m▆[38;2;129;129;129m[48;2;54;54;54m▄[38;2;77;77;77m[48;2;54;54;54m▖[38;2;77;77;77m[48;2;54;54;54m [38;2;77;77;77m[48;2;54;54;54m [38;2;77;77;77m[48;2;54;54;54m [38;2;77;77;77m[48;2;54;54;54m [38;2;54;54;54m[48;2;40;40;40m▒[38;2;77;77;77m[48;2;54;54;54m [38;2;77;77;77m[48;2;54;54;54m [38;2;77;77;77m[48;2;54;54;54m [38;2;77;77;77m[48;2;54;54;54m [38;2;54;54;54m[48;2;40;40;40m▄[0m
[38;2;0;0;0m[48;2;77;77;77m [38;2;0;0;0m[48;2;77;77;77m [38;2;0;0;0m[48;2;77;77;77m [38;2;0;0;0m[48;2;77;77;77m [38;2;0;0;0m[48;2;77;77;77m [38;2;0;0;0m[48;2;77;77;77m [38;2;0;0;0m[48;2;77;77;77m [38;2;54;54;54m[48;2;77;77;77m▂[38;2;54;54;54m[48;2;77;77;77m▁[38;2;54;54;54m[48;2;127;127;127m▆[38;2;54;54;54m[48;2;255;140;0m▄[38;2;77;77;77m[48;2;255;140;0m▃[38;2;255;211;156m[48;2;181;99;0m▂[38;2;255;211;156m[48;2;181;99;0m▂[38;2;255;140;0m[48;2;116;58;0m▄[38;2;255;140;0m[48;2;181;99;0m▄[38;2;255;140;0m[48;2;181;99;0m [38;2;255;140;0m[48;2;181;99;0m [38;2;255;140;0m[48;2;181;99;0m [38;2;255;140;0m[48;2;181;99;0m [38;2;255;140;0m[48;2;181;99;0m [38;2;255;140;0m[48;2;181;99;0m [38;2;255;140;0m[48;2;181;99;0m [38;2;181;99;0m[48;2;127;0;0m▆[38;2;181;99;0m[48;2;127;0;0m▖[38;2;0;0;0m[48;2;181;99;0m [38;2;0;0;0m[48;2;181;99;0m [38;2;181;99;0m[48;2;116;58;0m▌[38;2;0;0;0m[48;2;54;54;54m [38;2;188;188;188m[48;2;54;54;54m▂[38;2;0;0;0m[48;2;226;226;226m [38;2;0;0;0m[48;2;226;226;226m [38;2;0;0;0m[48;2;226;226;226m [38;2;0;0;0m[48;2;226;226;226m [38;2;0;0;0m[48;2;226;226;226m [38;2;188;188;188m[48;2;226;226;226m▝[38;2;188;188;188m[48;2;226;226;226m▅[38;2;188;188;188m[48;2;226;226;226m▄[38;2;210;210;210m[48;2;159;159;159m▄[38;2;159;159;159m[48;2;226;226;226m▘[38;2;226;226;226m[48;2;210;210;210m▌[38;2;188;188;188m[48;2;101;101;101m▘[38;2;0;116;116m[48;2;101;101;101m▄[38;2;0;0;0m[48;2;0;116;116m [38;2;0;116;116m[48;2;0;71;71m█[38;2;0;116;116m[48;2;0;71;71m█[38;2;0;116;116m[48;2;54;54;54m▌[38;2;0;0;0m[48;2;181;0;0m [38;2;0;0;0m[48;2;127;0;0m [38;2;0;0;0m[48;2;116;0;0m [38;2;71;0;0m[48;2;116;0;0m▆[38;2;0;116;116m[48;2;0;71;71m░[38;2;0;116;116m[48;2;0;116;73m▄[38;2;0;71;71m[48;2;0;116;116m▝[38;2;0;71;71m[48;2;0;116;116m▙[38;2;0;71;71m[48;2;0;116;116m▁[38;2;0;116;116m[48;2;0;71;71m▘[38;2;0;116;116m[48;2;0;71;71m▃[38;2;77;77;77m[48;2;0;116;116m▁[38;2;0;116;116m[48;2;0;71;71m▒[38;2;0;116;116m[48;2;0;71;71m [38;2;129;129;129m[48;2;101;101;101m▄[38;2;129;129;129m[48;2;101;101;101m▂[38;2;129;129;129m[48;2;101;101;101m▄[38;2;159;159;159m[48;2;129;129;129m▂[38;2;129;129;129m[48;2;101;101;101m▘[38;2;101;101;101m[48;2;129;129;129m▅[38;2;101;101;101m[48;2;129;129;129m [38;2;101;101;101m[48;2;129;129;129m [38;2;129;129;129m[48;2;127;127;127m▌[38;2;0;0;0m[48;2;54;54;54m [38;2;40;40;40m[48;2;54;54;54m▂[38;2;40;40;40m[48;2;54;54;54m▂[38;2;40;40;40m[48;2;54;54;54m [38;2;40;40;40m[48;2;54;54;54m [38;2;40;40;40m[48;2;54;54;54m [38;2;40;40;40m[48;2;54;54;54m [38;2;40;40;40m[48;2;54;54;54m [38;2;40;40;40m[48;2;54;54;54m [38;2;40;40;40m[48;2;54;54;54m [0m
[38;2;0;0;0m[48;2;77;77;77m [38;2;0;0;0m[48;2;77;77;77m [38;2;0;0;0m[48;2;77;77;77m [38;2;0;0;0m[48;2;77;77;77m [38;2;0;0;0m[48;2;77;77;77m [38;2;0;0;0m[48;2;77;77;77m [38;2;0;0;0m[48;2;77;77;77m [38;2;54;54;54m[48;2;77;77;77m▝[38;2;77;77;77m[48;2;54;54;54m▂[38;2;77;77;77m[48;2;54;54;54m▆[38;2;77;77;77m[48;2;54;54;54m▆[38;2;77;77;77m[48;2;54;54;54m [38;2;255;211;156m[48;2;77;77;77m▝[38;2;0;0;0m[48;2;255;211;156m [38;2;255;180;89m[48;2;255;140;0m▌[38;2;255;180;89m[48;2;255;140;0m [38;2;181;99;0m[48;2;255;140;0m▘[38;2;0;0;0m[48;2;181;99;0m [38;2;0;0;0m[48;2;181;99;0m [38;2;0;0;0m[48;2;181;99;0m [38;2;0;0;0m[48;2;181;99;0m [38;2;0;0;0m[48;2;181;99;0m [38;2;0;0;0m[48;2;181;99;0m [38;2;0;0;0m[48;2;181;99;0m [38;2;0;0;0m[48;2;181;99;0m [38;2;0;0;0m[48;2;181;99;0m [38;2;0;0;0m[48;2;181;99;0m [38;2;181;99;0m[48;2;116;58;0m▎[38;2;101;101;101m[48;2;159;159;159m▊[38;2;210;210;210m[48;2;226;226;226m▎[38;2;210;210;210m[48;2;226;226;226m▖[38;2;210;210;210m[48;2;226;226;226m [38;2;210;210;210m[48;2;226;226;226m▗[38;2;210;210;210m[48;2;226;226;226m [38;2;210;210;210m[48;2;226;226;226m [38;2;210;210;210m[48;2;226;226;226m [38;2;210;210;210m[48;2;226;226;226m▐[38;2;210;210;210m[48;2;226;226;226m▅[38;2;0;0;0m[48;2;210;210;210m [38;2;226;226;226m[48;2;210;210;210m▝[38;2;188;188;188m[48;2;226;226;226m▂[38;2;188;188;188m[48;2;101;101;101m▌[38;2;0;39;71m[48;2;0;116;116m▄[38;2;0;116;116m[48;2;0;71;71m█[38;2;0;39;71m[48;2;0;116;116m [38;2;0;116;116m[48;2;0;71;71m█[38;2;0;116;116m[48;2;255;0;0m▊[38;2;0;0;0m[48;2;181;0;0m [38;2;127;0;0m[48;2;116;0;0m▄[38;2;127;0;0m[48;2;116;0;0m [38;2;71;0;0m[48;2;77;77;77m▌[38;2;0;116;116m[48;2;0;71;71m░[38;2;0;0;0m[48;2;0;116;116m [38;2;0;0;0m[48;2;0;116;116m [38;2;0;0;0m[48;2;0;116;116m [38;2;0;116;116m[48;2;0;71;71m▆[38;2;0;0;0m[48;2;0;116;116m [38;2;0;0;0m[48;2;0;116;116m [38;2;0;116;116m[48;2;0;71;71m▒[38;2;0;0;0m[48;2;0;71;71m [38;2;0;71;71m[48;2;129;129;129m▘[38;2;0;71;71m[48;2;129;129;129m [38;2;129;129;129m[48;2;159;159;159m▆[38;2;0;0;0m[48;2;129;129;129m [38;2;159;159;159m[48;2;129;129;129m▝[38;2;129;129;129m[48;2;77;77;77m▌[38;2;129;129;129m[48;2;77;77;77m [38;2;101;101;101m[48;2;77;77;77m▝[38;2;101;101;101m[48;2;129;129;129m▄[38;2;77;77;77m[48;2;129;129;129m▂[38;2;101;101;101m[48;2;129;129;129m╸[38;2;101;101;101m[48;2;77;77;77m▆[38;2;0;0;0m[48;2;54;54;54m [38;2;0;0;0m[48;2;54;54;54m [38;2;0;0;0m[48;2;54;54;54m [38;2;0;0;0m[48;2;54;54;54m [38;2;0;0;0m[48;2;54;54;54m [38;2;0;0;0m[48;2;54;54;54m [38;2;0;0;0m[48;2;54;54;54m [38;2;0;0;0m[48;2;54;54;54m [0m
[38;2;0;0;0m[48;2;77;77;77m [38;2;0;0;0m[48;2;77;77;77m [38;2;0;0;0m[48;2;77;77;77m [38;2;0;0;0m[48;2;77;77;77m [38;2;0;0;0m[48;2;77;77;77m [38;2;0;0;0m[48;2;77;77;77m [38;2;0;0;0m[48;2;77;77;77m [38;2;0;0;0m[48;2;77;77;77m [38;2;54;54;54m[48;2;77;77;77m▆[38;2;54;54;54m[48;2;77;77;77m▂[38;2;54;54;54m[48;2;77;77;77m [38;2;54;54;54m[48;2;77;77;77m [38;2;77;77;77m[48;2;54;54;54m▂[38;2;77;77;77m[48;2;255;211;156m▖[38;2;255;180;89m[48;2;255;140;0m▌[38;2;255;180;89m[48;2;255;140;0m [38;2;255;180;89m[48;2;255;140;0m [38;2;255;180;89m[48;2;255;140;0m [38;2;0;0;0m[48;2;181;99;0m [38;2;0;0;0m[48;2;181;99;0m [38;2;0;0;0m[48;2;181;99;0m [38;2;0;0;0m[48;2;181;99;0m [38;2;0;0;0m[48;2;181;99;0m [38;2;0;0;0m[48;2;181;99;0m [38;2;0;0;0m[48;2;181;99;0m [38;2;0;0;0m[48;2;181;99;0m [38;2;0;0;0m[48;2;181;99;0m [38;2;181;99;0m[48;2;116;58;0m▌[38;2;101;101;101m[48;2;159;159;159m▌[38;2;188;188;188m[48;2;210;210;210m▌[38;2;188;188;188m[48;2;210;210;210m [38;2;188;188;188m[48;2;226;226;226m▂[38;2;159;159;159m[48;2;210;210;210m▗[38;2;127;127;127m[48;2;210;210;210m▌[38;2;0;0;0m[48;2;226;226;226m [38;2;0;0;0m[48;2;226;226;226m [38;2;188;188;188m[48;2;210;210;210m▄[38;2;159;159;159m[48;2;210;210;210m▄[38;2;159;159;159m[48;2;188;188;188m▁[38;2;0;0;0m[48;2;210;210;210m [38;2;0;0;0m[48;2;188;188;188m [38;2;0;0;0m[48;2;159;159;159m [38;2;77;77;77m[48;2;0;39;71m▎[38;2;0;116;116m[48;2;0;71;71m▝[38;2;0;116;116m[48;2;0;71;71m█[38;2;0;116;116m[48;2;0;71;71m█[38;2;0;116;116m[48;2;181;0;0m▌[38;2;0;0;0m[48;2;181;0;0m [38;2;0;0;0m[48;2;116;0;0m [38;2;0;0;0m[48;2;116;0;0m [38;2;0;116;116m[48;2;0;71;71m░[38;2;0;0;0m[48;2;0;116;116m [38;2;0;116;116m[48;2;0;71;71m█[38;2;0;116;116m[48;2;0;71;71m█[38;2;0;71;71m[48;2;0;116;116m [38;2;0;71;71m[48;2;0;116;116m [38;2;0;71;71m[48;2;0;116;116m▒[38;2;0;71;71m[48;2;0;116;116m▒[38;2;129;129;129m[48;2;0;71;71m▗[38;2;129;129;129m[48;2;0;71;71m▆[38;2;0;0;0m[48;2;129;129;129m [38;2;0;0;0m[48;2;129;129;129m [38;2;0;0;0m[48;2;129;129;129m [38;2;101;101;101m[48;2;129;129;129m▗[38;2;77;77;77m[48;2;129;129;129m▅[38;2;40;40;40m[48;2;77;77;77m▄[38;2;54;54;54m[48;2;77;77;77m▄[38;2;54;54;54m[48;2;77;77;77m▄[38;2;77;77;77m[48;2;101;101;101m▊[38;2;77;77;77m[48;2;101;101;101m [38;2;101;101;101m[48;2;129;129;129m▇[38;2;129;129;129m[48;2;101;101;101m▅[38;2;129;129;129m[48;2;101;101;101m▅[38;2;127;127;127m[48;2;54;54;54m▄[38;2;127;127;127m[48;2;54;54;54m [38;2;127;127;127m[48;2;54;54;54m [38;2;127;127;127m[48;2;54;54;54m [38;2;40;40;40m[48;2;54;54;54m▝[38;2;40;40;40m[48;2;54;54;54m [38;2;40;40;40m[48;2;54;54;54m [0m
[38;2;0;0;0m[48;2;77;77;77m [38;2;0;0;0m[48;2;77;77;77m [38;2;0;0;0m[48;2;77;77;77m [38;2;0;0;0m[48;2;77;77;77m [38;2;0;0;0m[48;2;77;77;77m [38;2;0;0;0m[48;2;77;77;77m [38;2;0;0;0m[48;2;77;77;77m [38;2;77;77;77m[48;2;54;54;54m▘[38;2;77;77;77m[48;2;54;54;54m [38;2;77;77;77m[48;2;54;54;54m [38;2;77;77;77m[48;2;54;54;54m [38;2;77;77;77m[48;2;54;54;54m [38;2;159;159;159m[48;2;77;77;77m▂[38;2;77;77;77m[48;2;255;211;156m▊[38;2;255;180;89m[48;2;255;211;156m▝[38;2;255;180;89m[48;2;255;140;0m▖[38;2;255;180;89m[48;2;255;140;0m [38;2;255;180;89m[48;2;255;140;0m [38;2;255;140;0m[48;2;181;99;0m▂[38;2;255;140;0m[48;2;181;99;0m [38;2;255;140;0m[48;2;181;99;0m [38;2;255;140;0m[48;2;181;99;0m [38;2;255;140;0m[48;2;181;99;0m [38;2;255;140;0m[48;2;181;99;0m [38;2;255;140;0m[48;2;181;99;0m [38;2;255;140;0m[48;2;181;99;0m [38;2;255;140;0m[48;2;181;99;0m [38;2;181;99;0m[48;2;116;58;0m▊[38;2;116;58;0m[48;2;101;101;101m▎[38;2;101;101;101m[48;2;188;188;188m▄[38;2;188;188;188m[48;2;210;210;210m▁[38;2;101;101;101m[48;2;159;159;159m▗[38;2;226;226;226m[48;2;129;129;129m▗[38;2;0;0;0m[48;2;210;210;210m [38;2;0;0;0m[48;2;226;226;226m [38;2;0;0;0m[48;2;226;226;226m [38;2;0;0;0m[48;2;210;210;210m [38;2;0;0;0m[48;2;210;210;210m [38;2;210;210;210m[48;2;159;159;159m▄[38;2;188;188;188m[48;2;129;129;129m▂[38;2;129;129;129m[48;2;188;188;188m▃[38;2;129;129;129m[48;2;188;188;188m [38;2;0;71;71m[48;2;129;129;129m▝[38;2;0;0;0m[48;2;0;71;71m [38;2;0;116;116m[48;2;0;71;71m ┗[38;2;0;116;116m[48;2;0;71;71m[38;2;77;77;77m[48;2;181;0;0m▌[38;2;0;0;0m[48;2;181;0;0m [38;2;0;0;0m[48;2;116;0;0m [38;2;71;0;0m[48;2;116;0;0m▆[38;2;0;116;116m[48;2;0;71;71m░[38;2;77;77;77m[48;2;0;116;116m [38;2;0;116;116m[48;2;0;71;71m█[38;2;0;116;116m[48;2;0;71;71m█[38;2;0;71;71m[48;2;0;116;116m▒[38;2;0;71;71m[48;2;0;116;116m▒[38;2;0;0;0m[48;2;0;71;71m [38;2;129;129;129m[48;2;0;71;71m▅[38;2;0;0;0m[48;2;129;129;129m [38;2;0;0;0m[48;2;129;129;129m [38;2;0;0;0m[48;2;129;129;129m [38;2;77;77;77m[48;2;129;129;129m▂[38;2;77;77;77m[48;2;129;129;129m▆[38;2;101;101;101m[48;2;77;77;77m▂[38;2;101;101;101m[48;2;77;77;77m▄[38;2;77;77;77m[48;2;40;40;40m▖[38;2;40;40;40m[48;2;54;54;54m▂[38;2;0;0;0m[48;2;77;77;77m [38;2;0;0;0m[48;2;101;101;101m [38;2;77;77;77m[48;2;101;101;101m▄[38;2;77;77;77m[48;2;101;101;101m [38;2;101;101;101m[48;2;127;127;127m▄[38;2;101;101;101m[48;2;127;127;127m▆[38;2;101;101;101m[48;2;127;127;127m▅[38;2;0;0;0m[48;2;101;101;101m [38;2;101;101;101m[48;2;54;54;54m▖[38;2;101;101;101m[48;2;54;54;54m [38;2;101;101;101m[48;2;54;54;54m [38;2;101;101;101m[48;2;54;54;54m [38;2;0;0;0m[48;2;40;40;40m [0m
[38;2;0;0;0m[48;2;77;77;77m [38;2;0;0;0m[48;2;77;77;77m [38;2;0;0;0m[48;2;77;77;77m [38;2;0;0;0m[48;2;77;77;77m [38;2;0;0;0m[48;2;77;77;77m [38;2;0;0;0m[48;2;77;77;77m [38;2;0;0;0m[48;2;77;77;77m [38;2;0;0;0m[48;2;77;77;77m [38;2;0;0;0m[48;2;54;54;54m [38;2;0;0;0m[48;2;54;54;54m [38;2;0;0;0m[48;2;54;54;54m [38;2;77;77;77m[48;2;159;159;159m▌[38;2;125;181;0m[48;2;188;188;188m▗[38;2;0;0;0m[48;2;101;101;101m [38;2;188;188;188m[48;2;255;211;156m▃[38;2;0;0;0m[48;2;255;180;89m [38;2;0;0;0m[48;2;255;140;0m [38;2;0;0;0m[48;2;255;140;0m [38;2;181;99;0m[48;2;255;140;0m▗[38;2;0;0;0m[48;2;181;99;0m [38;2;0;0;0m[48;2;181;99;0m [38;2;0;0;0m[48;2;181;99;0m [38;2;0;0;0m[48;2;181;99;0m [38;2;0;0;0m[48;2;181;99;0m [38;2;0;0;0m[48;2;181;99;0m [38;2;0;0;0m[48;2;181;99;0m [38;2;0;0;0m[48;2;181;99;0m [38;2;0;0;0m[48;2;181;99;0m [38;2;116;58;0m[48;2;71;71;0m▌[38;2;50;71;0m[48;2;81;116;0m▌[38;2;188;188;188m[48;2;159;159;159m▗[38;2;159;159;159m[48;2;127;127;127m▌[38;2;188;188;188m[48;2;226;226;226m▎[38;2;188;188;188m[48;2;210;210;210m▊[38;2;0;0;0m[48;2;226;226;226m [38;2;0;0;0m[48;2;226;226;226m [38;2;226;226;226m[48;2;210;210;210m▌[38;2;226;226;226m[48;2;210;210;210m [38;2;226;226;226m[48;2;210;210;210m [38;2;188;188;188m[48;2;210;210;210m▝[38;2;188;188;188m[48;2;159;159;159m▆[38;2;159;159;159m[48;2;127;127;127m▂[38;2;101;101;101m[48;2;129;129;129m▄[38;2;0;39;71m[48;2;129;129;129m▝[38;2;0;0;0m[48;2;0;39;71m [38;2;0;0;0m[48;2;40;40;40m [38;2;101;101;101m[48;2;116;0;0m▎[38;2;181;0;0m[48;2;116;0;0m▌[38;2;181;0;0m[48;2;116;0;0m [38;2;116;0;0m[48;2;71;0;0m▎[38;2;0;71;71m[48;2;0;116;73m▌[38;2;0;116;116m[48;2;0;71;71m█[38;2;0;71;71m[48;2;0;116;116m▒[38;2;0;71;71m[48;2;0;116;116m▒[38;2;0;71;71m[48;2;0;116;116m▒[38;2;129;129;129m[48;2;0;71;71m [38;2;129;129;129m[48;2;0;71;71m▟[38;2;0;0;0m[48;2;129;129;129m [38;2;0;0;0m[48;2;129;129;129m [38;2;77;77;77m[48;2;129;129;129m▂[38;2;0;0;0m[48;2;54;54;54m [38;2;101;101;101m[48;2;77;77;77m▂[38;2;127;127;127m[48;2;101;101;101m▁[38;2;129;129;129m[48;2;101;101;101m▂[38;2;129;129;129m[48;2;101;101;101m▂[38;2;129;129;129m[48;2;54;54;54m▄[38;2;129;129;129m[48;2;54;54;54m▄[38;2;129;129;129m[48;2;77;77;77m▅[38;2;129;129;129m[48;2;101;101;101m▄[38;2;129;129;129m[48;2;101;101;101m▂[38;2;101;101;101m[48;2;129;129;129m▂[38;2;101;101;101m[48;2;129;129;129m▄[38;2;127;127;127m[48;2;129;129;129m╺[38;2;127;127;127m[48;2;101;101;101m▬[38;2;127;127;127m[48;2;101;101;101m▬[38;2;129;129;129m[48;2;101;101;101m▆[38;2;127;127;127m[48;2;54;54;54m▖[38;2;0;0;0m[48;2;40;40;40m [38;2;0;0;0m[48;2;40;40;40m [38;2;0;0;0m[48;2;40;40;40m [0m
[38;2;54;54;54m[48;2;77;77;77m [38;2;54;54;54m[48;2;77;77;77m▃[38;2;54;54;54m[48;2;77;77;77m [38;2;54;54;54m[48;2;77;77;77m [38;2;54;54;54m[48;2;77;77;77m▆[38;2;54;54;54m[48;2;77;77;77m▅[38;2;54;54;54m[48;2;77;77;77m▆[38;2;77;77;77m[48;2;54;54;54m [38;2;77;77;77m[48;2;54;54;54m▂[38;2;77;77;77m[48;2;54;54;54m [38;2;77;77;77m[48;2;54;54;54m█[38;2;0;0;0m[48;2;188;188;188m [38;2;0;116;0m[48;2;101;101;101m▗[38;2;0;116;0m[48;2;125;181;0m▌[38;2;0;181;0m[48;2;125;181;0m▬[38;2;0;181;0m[48;2;255;140;0m▄[38;2;181;99;0m[48;2;255;140;0m█[38;2;181;99;0m[48;2;255;140;0m▅[38;2;181;99;0m[48;2;255;140;0m▃[38;2;181;99;0m[48;2;255;140;0m▟[38;2;116;58;0m[48;2;181;99;0m [38;2;116;58;0m[48;2;181;99;0m [38;2;116;58;0m[48;2;181;99;0m [38;2;116;58;0m[48;2;181;99;0m [38;2;116;58;0m[48;2;181;99;0m [38;2;116;58;0m[48;2;181;99;0m▁[38;2;116;58;0m[48;2;181;99;0m▂[38;2;50;71;0m[48;2;116;58;0m▗[38;2;81;116;0m[48;2;50;71;0m▁[38;2;159;159;159m[48;2;81;116;0m▝[38;2;159;159;159m[48;2;188;188;188m▚[38;2;129;129;129m[48;2;101;101;101m▂[38;2;188;188;188m[48;2;226;226;226m▎[38;2;210;210;210m[48;2;226;226;226m▌[38;2;210;210;210m[48;2;226;226;226m [38;2;210;210;210m[48;2;226;226;226m [38;2;210;210;210m[48;2;226;226;226m [38;2;0;0;0m[48;2;210;210;210m [38;2;0;0;0m[48;2;210;210;210m [38;2;0;0;0m[48;2;210;210;210m [38;2;210;210;210m[48;2;188;188;188m▚[38;2;210;210;210m[48;2;188;188;188m [38;2;159;159;159m[48;2;127;127;127m▅[38;2;101;101;101m[48;2;129;129;129m▆[38;2;77;77;77m[48;2;127;127;127m▝[38;2;101;101;101m[48;2;54;54;54m▖[38;2;116;58;0m[48;2;127;0;0m▌[38;2;71;0;0m[48;2;127;0;0m▂[38;2;127;0;0m[48;2;116;0;0m▗[38;2;116;0;0m[48;2;71;0;0m▊[38;2;0;0;0m[48;2;0;71;71m [38;2;0;116;116m[48;2;0;71;71m█[38;2;0;71;71m[48;2;0;116;116m▃[38;2;0;71;71m[48;2;0;116;116m▟[38;2;77;77;77m[48;2;0;71;71m▄[38;2;77;77;77m[48;2;129;129;129m▂[38;2;77;77;77m[48;2;129;129;129m▃[38;2;77;77;77m[48;2;129;129;129m▃[38;2;54;54;54m[48;2;129;129;129m▄[38;2;129;129;129m[48;2;54;54;54m▆[38;2;159;159;159m[48;2;129;129;129m▅[38;2;159;159;159m[48;2;129;129;129m▆[38;2;159;159;159m[48;2;129;129;129m▆[38;2;159;159;159m[48;2;129;129;129m█[38;2;159;159;159m[48;2;129;129;129m█[38;2;159;159;159m[48;2;129;129;129m▅[38;2;159;159;159m[48;2;129;129;129m▄[38;2;159;159;159m[48;2;129;129;129m▄[38;2;159;159;159m[48;2;129;129;129m▀[38;2;159;159;159m[48;2;129;129;129m▆[38;2;159;159;159m[48;2;129;129;129m▖[38;2;129;129;129m[48;2;101;101;101m▆[38;2;129;129;129m[48;2;101;101;101m▌[38;2;129;129;129m[48;2;101;101;101m [38;2;129;129;129m[48;2;101;101;101m▄[38;2;101;101;101m[48;2;127;127;127m▃[38;2;101;101;101m[48;2;129;129;129m▁[38;2;129;129;129m[48;2;77;77;77m▂[38;2;0;0;0m[48;2;40;40;40m [38;2;0;0;0m[48;2;40;40;40m [0m
[38;2;54;54;54m[48;2;77;77;77m▝[38;2;54;54;54m[48;2;77;77;77m▀[38;2;54;54;54m[48;2;77;77;77m█[38;2;54;54;54m[48;2;77;77;77m▄[38;2;54;54;54m[48;2;77;77;77m▐[38;2;54;54;54m[48;2;77;77;77m▀[38;2;54;54;54m[48;2;77;77;77m [38;2;54;54;54m[48;2;77;77;77m [38;2;54;54;54m[48;2;77;77;77m [38;2;54;54;54m[48;2;77;77;77m [38;2;159;159;159m[48;2;77;77;77m▟[38;2;159;159;159m[48;2;188;188;188m▌[38;2;0;116;0m[48;2;188;188;188m▝[38;2;127;127;127m[48;2;0;116;0m▖[38;2;0;116;0m[48;2;125;181;0m▂[38;2;0;116;0m[48;2;125;181;0m [38;2;125;181;0m[48;2;81;116;0m█[38;2;125;181;0m[48;2;181;99;0m▆[38;2;188;188;188m[48;2;181;99;0m▅[38;2;188;188;188m[48;2;181;99;0m▄[38;2;188;188;188m[48;2;181;99;0m▃[38;2;159;159;159m[48;2;181;99;0m▂[38;2;159;159;159m[48;2;181;99;0m [38;2;116;58;0m[48;2;181;99;0m▃[38;2;116;58;0m[48;2;181;99;0m▆[38;2;50;71;0m[48;2;116;58;0m▂[38;2;81;116;0m[48;2;50;71;0m▂[38;2;81;116;0m[48;2;50;71;0m█[38;2;81;116;0m[48;2;50;71;0m█[38;2;81;116;0m[48;2;50;71;0m▊[38;2;0;71;0m[48;2;159;159;159m▖[38;2;159;159;159m[48;2;101;101;101m▝[38;2;188;188;188m[48;2;210;210;210m▌[38;2;0;0;0m[48;2;226;226;226m [38;2;0;0;0m[48;2;226;226;226m [38;2;0;0;0m[48;2;226;226;226m [38;2;188;188;188m[48;2;210;210;210m [38;2;188;188;188m[48;2;210;210;210m▗[38;2;188;188;188m[48;2;210;210;210m▆[38;2;159;159;159m[48;2;188;188;188m [38;2;159;159;159m[48;2;188;188;188m [38;2;159;159;159m[48;2;188;188;188m [38;2;159;159;159m[48;2;188;188;188m▂[38;2;101;101;101m[48;2;159;159;159m▝[38;2;0;0;0m[48;2;101;101;101m [38;2;127;127;127m[48;2;19;19;19m▌[38;2;71;33;0m[48;2;71;0;0m▌[38;2;71;33;0m[48;2;71;0;0m [38;2;255;180;89m[48;2;116;0;0m▃[38;2;255;180;89m[48;2;116;0;0m▄[38;2;255;180;89m[48;2;0;71;71m▅[38;2;181;99;0m[48;2;0;71;71m▅[38;2;181;99;0m[48;2;0;71;71m▅[38;2;181;99;0m[48;2;0;71;71m▄[38;2;54;54;54m[48;2;101;101;101m▃[38;2;0;116;116m[48;2;0;181;181m▖[38;2;0;181;181m[48;2;0;116;116m▆[38;2;0;181;181m[48;2;0;116;116m▜[38;2;0;181;181m[48;2;0;116;116m▬[38;2;0;64;116m[48;2;40;40;40m▄[38;2;19;19;19m[48;2;129;129;129m▆[38;2;19;19;19m[48;2;129;129;129m▂[38;2;129;129;129m[48;2;159;159;159m━[38;2;129;129;129m[48;2;159;159;159m▄[38;2;129;129;129m[48;2;159;159;159m▂[38;2;129;129;129m[48;2;159;159;159m [38;2;129;129;129m[48;2;159;159;159m [38;2;159;159;159m[48;2;129;129;129m▄[38;2;159;159;159m[48;2;129;129;129m [38;2;159;159;159m[48;2;129;129;129m▝[38;2;159;159;159m[48;2;129;129;129m█[38;2;159;159;159m[48;2;129;129;129m [38;2;159;159;159m[48;2;129;129;129m [38;2;159;159;159m[48;2;129;129;129m [38;2;129;129;129m[48;2;101;101;101m▆[38;2;129;129;129m[48;2;101;101;101m▂[38;2;129;129;129m[48;2;101;101;101m▂[38;2;101;101;101m[48;2;129;129;129m▆[38;2;127;127;127m[48;2;40;40;40m▙[38;2;127;127;127m[48;2;40;40;40m [0m
[38;2;54;54;54m[48;2;77;77;77m [38;2;54;54;54m[48;2;77;77;77m▀[38;2;54;54;54m[48;2;77;77;77m [38;2;54;54;54m[48;2;77;77;77m [38;2;54;54;54m[48;2;77;77;77m▃[38;2;54;54;54m[48;2;77;77;77m█[38;2;54;54;54m[48;2;77;77;77m▄[38;2;54;54;54m[48;2;77;77;77m [38;2;54;54;54m[48;2;77;77;77m [38;2;101;101;101m[48;2;159;159;159m▌[38;2;188;188;188m[48;2;159;159;159m▌[38;2;188;188;188m[48;2;159;159;159m [38;2;188;188;188m[48;2;159;159;159m [38;2;188;188;188m[48;2;159;159;159m▌[38;2;81;116;0m[48;2;0;116;0m▆[38;2;81;116;0m[48;2;0;116;0m▄[38;2;0;116;0m[48;2;125;181;0m▃[38;2;0;116;0m[48;2;125;181;0m [38;2;0;116;0m[48;2;125;181;0m [38;2;81;116;0m[48;2;125;181;0m▁[38;2;81;116;0m[48;2;125;181;0m▟[38;2;81;116;0m[48;2;129;129;129m▆[38;2;81;116;0m[48;2;129;129;129m█[38;2;81;116;0m[48;2;0;71;0m▌[38;2;19;19;19m[48;2;0;71;0m▖[38;2;0;0;0m[48;2;81;116;0m [38;2;0;0;0m[48;2;81;116;0m [38;2;0;0;0m[48;2;81;116;0m [38;2;0;71;0m[48;2;81;116;0m [38;2;0;71;0m[48;2;81;116;0m▐[38;2;129;129;129m[48;2;101;101;101m▝[38;2;127;127;127m[48;2;129;129;129m▎[38;2;129;129;129m[48;2;159;159;159m▘[38;2;159;159;159m[48;2;188;188;188m▃[38;2;188;188;188m[48;2;226;226;226m▅[38;2;226;226;226m[48;2;210;210;210m▘[38;2;188;188;188m[48;2;210;210;210m▂[38;2;0;0;0m[48;2;188;188;188m [38;2;0;0;0m[48;2;188;188;188m [38;2;188;188;188m[48;2;159;159;159m▖[38;2;159;159;159m[48;2;188;188;188m▆[38;2;129;129;129m[48;2;159;159;159m [38;2;129;129;129m[48;2;159;159;159m [38;2;129;129;129m[48;2;159;159;159m▅[38;2;101;101;101m[48;2;129;129;129m▗[38;2;255;180;89m[48;2;77;77;77m▂[38;2;255;180;89m[48;2;77;77;77m▆[38;2;255;140;0m[48;2;255;180;89m [38;2;255;140;0m[48;2;255;180;89m [38;2;255;140;0m[48;2;255;180;89m [38;2;255;140;0m[48;2;255;180;89m▐[38;2;181;99;0m[48;2;255;140;0m▝[38;2;71;33;0m[48;2;181;99;0m [38;2;71;33;0m[48;2;181;99;0m [38;2;71;33;0m[48;2;181;99;0m▝[38;2;101;101;101m[48;2;19;19;19m▝[38;2;0;181;181m[48;2;0;116;116m▝[38;2;0;116;116m[48;2;0;71;71m█[38;2;0;181;181m[48;2;0;116;116m [38;2;0;64;116m[48;2;0;116;116m▝[38;2;0;64;116m[48;2;0;116;116m█[38;2;40;40;40m[48;2;19;19;19m▖[38;2;40;40;40m[48;2;19;19;19m [38;2;19;19;19m[48;2;159;159;159m▄[38;2;19;19;19m[48;2;159;159;159m [38;2;159;159;159m[48;2;129;129;129m▅[38;2;129;129;129m[48;2;159;159;159m▬[38;2;129;129;129m[48;2;159;159;159m▐[38;2;101;101;101m[48;2;129;129;129m [38;2;101;101;101m[48;2;129;129;129m▖[38;2;129;129;129m[48;2;159;159;159m▊[38;2;129;129;129m[48;2;159;159;159m▐[38;2;129;129;129m[48;2;101;101;101m▖[38;2;129;129;129m[48;2;101;101;101m▀[38;2;129;129;129m[48;2;101;101;101m▝[38;2;127;127;127m[48;2;129;129;129m▂[38;2;127;127;127m[48;2;129;129;129m▁[38;2;127;127;127m[48;2;129;129;129m▝[38;2;127;127;127m[48;2;129;129;129m█[38;2;77;77;77m[48;2;40;40;40m▎[0m
[38;2;54;54;54m[48;2;77;77;77m▅[38;2;54;54;54m[48;2;77;77;77m▆[38;2;54;54;54m[48;2;77;77;77m▆[38;2;0;0;0m[48;2;54;54;54m [38;2;0;0;0m[48;2;54;54;54m [38;2;54;54;54m[48;2;77;77;77m▘[38;2;54;54;54m[48;2;77;77;77m [38;2;54;54;54m[48;2;77;77;77m▃[38;2;54;54;54m[48;2;77;77;77m [38;2;0;0;0m[48;2;188;188;188m [38;2;0;0;0m[48;2;188;188;188m [38;2;188;188;188m[48;2;159;159;159m▄[38;2;188;188;188m[48;2;159;159;159m▗[38;2;210;210;210m[48;2;188;188;188m▝[38;2;81;116;0m[48;2;210;210;210m▝[38;2;50;71;0m[48;2;81;116;0m▖[38;2;50;71;0m[48;2;81;116;0m▜[38;2;0;0;0m[48;2;0;116;0m [38;2;0;116;0m[48;2;81;116;0m▁[38;2;0;0;0m[48;2;81;116;0m [38;2;0;0;0m[48;2;81;116;0m [38;2;0;0;0m[48;2;81;116;0m [38;2;0;116;0m[48;2;81;116;0m▄[38;2;0;0;0m[48;2;0;71;0m [38;2;0;71;0m[48;2;19;19;19m▎[38;2;40;40;40m[48;2;81;116;0m▖[38;2;0;0;0m[48;2;81;116;0m [38;2;0;0;0m[48;2;81;116;0m [38;2;0;0;0m[48;2;81;116;0m [38;2;81;116;0m[48;2;50;71;0m▘[38;2;127;127;127m[48;2;101;101;101m▗[38;2;127;127;127m[48;2;159;159;159m▌[38;2;159;159;159m[48;2;188;188;188m▌[38;2;159;159;159m[48;2;188;188;188m [38;2;188;188;188m[48;2;129;129;129m▖[38;2;188;188;188m[48;2;129;129;129m▀[38;2;159;159;159m[48;2;188;188;188m▅[38;2;159;159;159m[48;2;188;188;188m▃[38;2;0;0;0m[48;2;159;159;159m [38;2;188;188;188m[48;2;159;159;159m▘[38;2;188;188;188m[48;2;159;159;159m [38;2;188;188;188m[48;2;159;159;159m [38;2;129;129;129m[48;2;159;159;159m▗[38;2;0;0;0m[48;2;127;127;127m [38;2;101;101;101m[48;2;255;180;89m▘[38;2;101;101;101m[48;2;255;180;89m [38;2;101;101;101m[48;2;255;180;89m [38;2;101;101;101m[48;2;255;180;89m [38;2;101;101;101m[48;2;255;180;89m [38;2;101;101;101m[48;2;255;180;89m [38;2;0;0;0m[48;2;255;140;0m [38;2;181;99;0m[48;2;255;140;0m▅[38;2;0;0;0m[48;2;181;99;0m [38;2;0;0;0m[48;2;181;99;0m [38;2;0;0;0m[48;2;181;99;0m [38;2;116;58;0m[48;2;19;19;19m▌[38;2;116;58;0m[48;2;19;19;19m [38;2;0;0;0m[48;2;0;116;116m▄[38;2;40;40;40m[48;2;0;116;116m▂[38;2;129;129;129m[48;2;0;116;116m▬[38;2;0;116;116m[48;2;0;64;116m▌[38;2;0;64;116m[48;2;40;40;40m▖[38;2;40;40;40m[48;2;19;19;19m▖[38;2;40;40;40m[48;2;19;19;19m [38;2;40;40;40m[48;2;129;129;129m▌[38;2;129;129;129m[48;2;159;159;159m▄[38;2;129;129;129m[48;2;159;159;159m▅[38;2;129;129;129m[48;2;159;159;159m▟[38;2;101;101;101m[48;2;129;129;129m▂[38;2;101;101;101m[48;2;129;129;129m▊[38;2;101;101;101m[48;2;129;129;129m [38;2;101;101;101m[48;2;129;129;129m [38;2;101;101;101m[48;2;129;129;129m▟[38;2;77;77;77m[48;2;101;101;101m▗[38;2;77;77;77m[48;2;101;101;101m [38;2;129;129;129m[48;2;101;101;101m▗[38;2;0;0;0m[48;2;129;129;129m [38;2;127;127;127m[48;2;129;129;129m▗[38;2;0;0;0m[48;2;127;127;127m [38;2;129;129;129m[48;2;40;40;40m▌[0m
[38;2;0;0;0m[48;2;54;54;54m [38;2;0;0;0m[48;2;54;54;54m [38;2;0;0;0m[48;2;54;54;54m [38;2;0;0;0m[48;2;54;54;54m [38;2;0;0;0m[48;2;54;54;54m [38;2;54;54;54m[48;2;77;77;77m▊[38;2;54;54;54m[48;2;77;77;77m [38;2;0;0;0m[48;2;54;54;54m [38;2;77;77;77m[48;2;159;159;159m▌[38;2;0;0;0m[48;2;188;188;188m [38;2;0;0;0m[48;2;188;188;188m [38;2;210;210;210m[48;2;188;188;188m▂[38;2;210;210;210m[48;2;188;188;188m▄[38;2;210;210;210m[48;2;188;188;188m▂[38;2;50;71;0m[48;2;210;210;210m [38;2;50;71;0m[48;2;210;210;210m▝[38;2;81;116;0m[48;2;50;71;0m▝[38;2;50;71;0m[48;2;81;116;0m▂[38;2;81;116;0m[48;2;0;116;0m▆[38;2;81;116;0m[48;2;0;116;0m▄[38;2;0;116;0m[48;2;81;116;0m▂[38;2;0;116;0m[48;2;81;116;0m┏[38;2;40;40;40m[48;2;50;71;0m [38;2;40;40;40m[48;2;50;71;0m [38;2;40;40;40m[48;2;50;71;0m▃[38;2;40;40;40m[48;2;50;71;0m▀[38;2;81;116;0m[48;2;50;71;0m▝[38;2;81;116;0m[48;2;50;71;0m▀[38;2;0;0;0m[48;2;50;71;0m▁[38;2;0;0;0m[48;2;50;71;0m [38;2;188;188;188m[48;2;127;127;127m▗[38;2;159;159;159m[48;2;188;188;188m▘[38;2;159;159;159m[48;2;188;188;188m [38;2;159;159;159m[48;2;188;188;188m [38;2;159;159;159m[48;2;188;188;188m▃[38;2;159;159;159m[48;2;188;188;188m▀[38;2;159;159;159m[48;2;129;129;129m▃[38;2;129;129;129m[48;2;159;159;159m▅[38;2;129;129;129m[48;2;159;159;159m▄[38;2;127;127;127m[48;2;159;159;159m▂[38;2;129;129;129m[48;2;159;159;159m▄[38;2;0;0;0m[48;2;129;129;129m [38;2;129;129;129m[48;2;127;127;127m▂[38;2;127;127;127m[48;2;255;180;89m▘[38;2;127;127;127m[48;2;255;180;89m [38;2;127;127;127m[48;2;255;180;89m [38;2;127;127;127m[48;2;255;180;89m [38;2;127;127;127m[48;2;255;180;89m [38;2;127;127;127m[48;2;255;180;89m [38;2;127;127;127m[48;2;255;180;89m [38;2;255;180;89m[48;2;181;99;0m▌[38;2;255;180;89m[48;2;181;99;0m [38;2;255;180;89m[48;2;181;99;0m [38;2;255;180;89m[48;2;181;99;0m [38;2;40;40;40m[48;2;116;58;0m▗[38;2;116;58;0m[48;2;19;19;19m▘[38;2;40;40;40m[48;2;19;19;19m▂[38;2;40;40;40m[48;2;19;19;19m▁[38;2;0;116;116m[48;2;19;19;19m▗[38;2;0;116;116m[48;2;0;64;116m▖[38;2;188;188;188m[48;2;0;64;116m▂[38;2;0;64;116m[48;2;19;19;19m▄[38;2;0;64;116m[48;2;19;19;19m [38;2;19;19;19m[48;2;54;54;54m▘[38;2;129;129;129m[48;2;101;101;101m▂[38;2;0;0;0m[48;2;129;129;129m [38;2;101;101;101m[48;2;129;129;129m▗[38;2;127;127;127m[48;2;101;101;101m▌[38;2;127;127;127m[48;2;101;101;101m [38;2;101;101;101m[48;2;129;129;129m▘[38;2;101;101;101m[48;2;129;129;129m [38;2;129;129;129m[48;2;101;101;101m▆[38;2;77;77;77m[48;2;101;101;101m▗[38;2;0;0;0m[48;2;77;77;77m [38;2;77;77;77m[48;2;101;101;101m▂[38;2;101;101;101m[48;2;129;129;129m▂[38;2;0;0;0m[48;2;127;127;127m [38;2;0;0;0m[48;2;129;129;129m [38;2;54;54;54m[48;2;129;129;129m▄[38;2;0;0;0m[48;2;40;40;40m [0m
[38;2;0;0;0m[48;2;54;54;54m [38;2;0;0;0m[48;2;54;54;54m [38;2;0;0;0m[48;2;54;54;54m [38;2;0;0;0m[48;2;54;54;54m [38;2;0;0;0m[48;2;54;54;54m [38;2;0;0;0m[48;2;77;77;77m [38;2;0;0;0m[48;2;77;77;77m [38;2;0;0;0m[48;2;54;54;54m [38;2;77;77;77m[48;2;159;159;159m▘[38;2;188;188;188m[48;2;210;210;210m█[38;2;188;188;188m[48;2;210;210;210m▘[38;2;188;188;188m[48;2;210;210;210m [38;2;188;188;188m[48;2;210;210;210m [38;2;188;188;188m[48;2;210;210;210m [38;2;226;226;226m[48;2;210;210;210m▂[38;2;226;226;226m[48;2;210;210;210m▆[38;2;50;71;0m[48;2;210;210;210m▝[38;2;50;71;0m[48;2;210;210;210m█[38;2;50;71;0m[48;2;81;116;0m▆[38;2;50;71;0m[48;2;81;116;0m▃[38;2;50;71;0m[48;2;81;116;0m▀[38;2;81;116;0m[48;2;50;71;0m [38;2;81;116;0m[48;2;50;71;0m [38;2;81;116;0m[48;2;50;71;0m▂[38;2;19;19;19m[48;2;40;40;40m [38;2;19;19;19m[48;2;40;40;40m▅[38;2;19;19;19m[48;2;40;40;40m▊[38;2;0;0;0m[48;2;81;116;0m [38;2;0;0;0m[48;2;81;116;0m [38;2;226;226;226m[48;2;101;101;101m▁[38;2;226;226;226m[48;2;159;159;159m▁[38;2;226;226;226m[48;2;188;188;188m▁[38;2;226;226;226m[48;2;188;188;188m▁[38;2;226;226;226m[48;2;159;159;159m▁[38;2;226;226;226m[48;2;188;188;188m▃[38;2;210;210;210m[48;2;159;159;159m▃[38;2;210;210;210m[48;2;129;129;129m▃[38;2;159;159;159m[48;2;129;129;129m▀[38;2;210;210;210m[48;2;129;129;129m▅[38;2;210;210;210m[48;2;226;226;226m▄[38;2;196;89;255m[48;2;226;226;226m▄[38;2;255;102;255m[48;2;226;226;226m▄[38;2;196;89;255m[48;2;255;211;156m▖[38;2;0;0;0m[48;2;255;180;89m [38;2;0;0;0m[48;2;255;180;89m [38;2;0;0;0m[48;2;255;180;89m [38;2;0;0;0m[48;2;255;180;89m [38;2;0;0;0m[48;2;255;180;89m [38;2;0;0;0m[48;2;255;180;89m [38;2;0;0;0m[48;2;255;180;89m [38;2;0;0;0m[48;2;255;180;89m [38;2;255;180;89m[48;2;181;99;0m▖[38;2;255;180;89m[48;2;181;99;0m [38;2;116;58;0m[48;2;181;99;0m▟[38;2;0;0;0m[48;2;71;33;0m [38;2;127;127;127m[48;2;188;188;188m▛[38;2;129;129;129m[48;2;188;188;188m [38;2;129;129;129m[48;2;188;188;188m▃[38;2;129;129;129m[48;2;159;159;159m▂[38;2;101;101;101m[48;2;188;188;188m▘[38;2;188;188;188m[48;2;0;64;116m▘[38;2;188;188;188m[48;2;54;54;54m▂[38;2;188;188;188m[48;2;101;101;101m▂[38;2;188;188;188m[48;2;129;129;129m▂[38;2;188;188;188m[48;2;129;129;129m▂[38;2;159;159;159m[48;2;129;129;129m▂[38;2;101;101;101m[48;2;188;188;188m▊[38;2;129;129;129m[48;2;188;188;188m▐[38;2;129;129;129m[48;2;101;101;101m▎[38;2;101;101;101m[48;2;129;129;129m▅[38;2;101;101;101m[48;2;129;129;129m▄[38;2;101;101;101m[48;2;77;77;77m▙[38;2;101;101;101m[48;2;77;77;77m━[38;2;77;77;77m[48;2;101;101;101m▂[38;2;77;77;77m[48;2;101;101;101m▄[38;2;77;77;77m[48;2;101;101;101m▄[38;2;54;54;54m[48;2;127;127;127m▂[38;2;101;101;101m[48;2;40;40;40m▘[38;2;101;101;101m[48;2;40;40;40m [38;2;101;101;101m[48;2;40;40;40m [0m
[38;2;77;77;77m[48;2;54;54;54m▂[38;2;77;77;77m[48;2;54;54;54m▄[38;2;77;77;77m[48;2;54;54;54m▖[38;2;77;77;77m[48;2;54;54;54m [38;2;77;77;77m[48;2;54;54;54m [38;2;77;77;77m[48;2;54;54;54m▀[38;2;77;77;77m[48;2;54;54;54m█[38;2;77;77;77m[48;2;188;188;188m▘[38;2;159;159;159m[48;2;188;188;188m▝[38;2;159;159;159m[48;2;188;188;188m█[38;2;159;159;159m[48;2;210;210;210m▬[38;2;159;159;159m[48;2;188;188;188m▬[38;2;159;159;159m[48;2;210;210;210m▃[38;2;159;159;159m[48;2;210;210;210m▂[38;2;210;210;210m[48;2;226;226;226m▆[38;2;210;210;210m[48;2;226;226;226m▃[38;2;210;210;210m[48;2;226;226;226m [38;2;226;226;226m[48;2;188;188;188m▌[38;2;81;116;0m[48;2;50;71;0m▅[38;2;81;116;0m[48;2;50;71;0m▂[38;2;81;116;0m[48;2;50;71;0m [38;2;81;116;0m[48;2;50;71;0m [38;2;50;71;0m[48;2;81;116;0m [38;2;50;71;0m[48;2;81;116;0m [38;2;50;71;0m[48;2;81;116;0m▐[38;2;0;0;0m[48;2;19;19;19m [38;2;0;0;0m[48;2;19;19;19m [38;2;50;71;0m[48;2;81;116;0m▎[38;2;81;116;0m[48;2;77;77;77m▇[38;2;159;159;159m[48;2;77;77;77m▆[38;2;188;188;188m[48;2;77;77;77m▆[38;2;188;188;188m[48;2;77;77;77m▆[38;2;188;188;188m[48;2;77;77;77m▆[38;2;159;159;159m[48;2;77;77;77m▆[38;2;77;77;77m[48;2;188;188;188m▆[38;2;54;54;54m[48;2;159;159;159m▅[38;2;77;77;77m[48;2;165;0;255m▄[38;2;77;77;77m[48;2;165;0;255m▃[38;2;77;77;77m[48;2;117;0;181m▃[38;2;196;89;255m[48;2;117;0;181m▙[38;2;196;89;255m[48;2;165;0;255m▂[38;2;165;0;255m[48;2;196;89;255m▆[38;2;196;89;255m[48;2;255;180;89m▌[38;2;196;89;255m[48;2;255;180;89m [38;2;255;140;0m[48;2;255;180;89m▗[38;2;255;140;0m[48;2;255;180;89m [38;2;255;140;0m[48;2;255;180;89m [38;2;255;140;0m[48;2;255;180;89m [38;2;255;140;0m[48;2;255;180;89m▄[38;2;255;140;0m[48;2;255;180;89m [38;2;255;140;0m[48;2;255;180;89m [38;2;181;99;0m[48;2;255;180;89m▐[38;2;181;99;0m[48;2;255;180;89m█[38;2;116;58;0m[48;2;101;101;101m█[38;2;116;58;0m[48;2;101;101;101m▌[38;2;77;77;77m[48;2;159;159;159m▃[38;2;77;77;77m[48;2;159;159;159m▃[38;2;77;77;77m[48;2;159;159;159m▃[38;2;159;159;159m[48;2;101;101;101m▬[38;2;159;159;159m[48;2;188;188;188m▂[38;2;159;159;159m[48;2;127;127;127m▝[38;2;101;101;101m[48;2;159;159;159m▄[38;2;101;101;101m[48;2;159;159;159m▄[38;2;101;101;101m[48;2;159;159;159m▄[38;2;101;101;101m[48;2;159;159;159m▄[38;2;77;77;77m[48;2;129;129;129m▅[38;2;54;54;54m[48;2;159;159;159m▌[38;2;188;188;188m[48;2;129;129;129m▌[38;2;54;54;54m[48;2;77;77;77m▌[38;2;54;54;54m[48;2;77;77;77m▃[38;2;54;54;54m[48;2;77;77;77m▅[38;2;40;40;40m[48;2;77;77;77m▃[38;2;40;40;40m[48;2;77;77;77m▁[38;2;54;54;54m[48;2;77;77;77m█[38;2;54;54;54m[48;2;77;77;77m▅[38;2;54;54;54m[48;2;77;77;77m▆[38;2;0;0;0m[48;2;54;54;54m [38;2;0;0;0m[48;2;54;54;54m [38;2;0;0;0m[48;2;54;54;54m [38;2;54;54;54m[48;2;40;40;40m▌[0m
[38;2;0;0;0m[48;2;54;54;54m [38;2;0;0;0m[48;2;77;77;77m [38;2;77;77;77m[48;2;54;54;54m▌[38;2;77;77;77m[48;2;54;54;54m [38;2;77;77;77m[48;2;54;54;54m [38;2;129;129;129m[48;2;54;54;54m▗[38;2;101;101;101m[48;2;188;188;188m▘[38;2;0;0;0m[48;2;210;210;210m [38;2;0;0;0m[48;2;210;210;210m [38;2;0;0;0m[48;2;210;210;210m [38;2;0;0;0m[48;2;210;210;210m [38;2;0;0;0m[48;2;210;210;210m [38;2;0;0;0m[48;2;210;210;210m [38;2;210;210;210m[48;2;188;188;188m▆[38;2;210;210;210m[48;2;188;188;188m▄[38;2;210;210;210m[48;2;188;188;188m▀[38;2;0;0;0m[48;2;210;210;210m [38;2;0;0;0m[48;2;210;210;210m [38;2;0;0;0m[48;2;210;210;210m [38;2;81;116;0m[48;2;226;226;226m▝[38;2;0;0;0m[48;2;81;116;0m [38;2;0;0;0m[48;2;81;116;0m [38;2;0;0;0m[48;2;81;116;0m [38;2;0;0;0m[48;2;81;116;0m [38;2;50;71;0m[48;2;40;40;40m▎[38;2;40;40;40m[48;2;19;19;19m▄[38;2;40;40;40m[48;2;19;19;19m▄[38;2;40;40;40m[48;2;50;71;0m▌[38;2;159;159;159m[48;2;81;116;0m [38;2;159;159;159m[48;2;81;116;0m▐[38;2;188;188;188m[48;2;159;159;159m▄[38;2;188;188;188m[48;2;210;210;210m [38;2;188;188;188m[48;2;210;210;210m▂[38;2;159;159;159m[48;2;188;188;188m [38;2;159;159;159m[48;2;188;188;188m▂[38;2;159;159;159m[48;2;188;188;188m▄[38;2;127;127;127m[48;2;159;159;159m▅[38;2;127;127;127m[48;2;159;159;159m▀[38;2;129;129;129m[48;2;77;77;77m▖[38;2;129;129;129m[48;2;77;77;77m [38;2;40;40;40m[48;2;89;89;255m▄[38;2;19;19;19m[48;2;117;0;181m▄[38;2;75;0;116m[48;2;159;159;159m▄[38;2;0;0;0m[48;2;255;180;89m [38;2;0;0;0m[48;2;255;180;89m [38;2;255;180;89m[48;2;181;99;0m▝[38;2;255;180;89m[48;2;181;99;0m▜[38;2;255;180;89m[48;2;181;99;0m█[38;2;255;140;0m[48;2;181;99;0m▌[38;2;181;99;0m[48;2;255;180;89m▌[38;2;181;99;0m[48;2;255;180;89m [38;2;181;99;0m[48;2;255;180;89m [38;2;181;99;0m[48;2;255;180;89m█[38;2;181;99;0m[48;2;116;58;0m▎[38;2;40;40;40m[48;2;77;77;77m▗[38;2;19;19;19m[48;2;77;77;77m▃[38;2;19;19;19m[48;2;101;101;101m▃[38;2;40;40;40m[48;2;101;101;101m▃[38;2;19;19;19m[48;2;77;77;77m▃[38;2;127;127;127m[48;2;77;77;77m▝[38;2;54;54;54m[48;2;127;127;127m▝[38;2;77;77;77m[48;2;40;40;40m▆[38;2;77;77;77m[48;2;40;40;40m▆[38;2;77;77;77m[48;2;54;54;54m▆[38;2;0;0;0m[48;2;77;77;77m [38;2;54;54;54m[48;2;40;40;40m▁[38;2;40;40;40m[48;2;101;101;101m▊[38;2;129;129;129m[48;2;101;101;101m▌[38;2;77;77;77m[48;2;54;54;54m▎[38;2;77;77;77m[48;2;54;54;54m [38;2;40;40;40m[48;2;54;54;54m▄[38;2;54;54;54m[48;2;40;40;40m▂[38;2;54;54;54m[48;2;40;40;40m▆[38;2;54;54;54m[48;2;40;40;40m▅[38;2;40;40;40m[48;2;54;54;54m [38;2;40;40;40m[48;2;54;54;54m [38;2;40;40;40m[48;2;54;54;54m [38;2;40;40;40m[48;2;54;54;54m▄[38;2;40;40;40m[48;2;54;54;54m [38;2;40;40;40m[48;2;54;54;54m [0m
[38;2;77;77;77m[48;2;54;54;54m▖[38;2;77;77;77m[48;2;54;54;54m▄[38;2;77;77;77m[48;2;54;54;54m█[38;2;77;77;77m[48;2;54;54;54m [38;2;159;159;159m[48;2;54;54;54m▗[38;2;0;0;0m[48;2;188;188;188m [38;2;0;0;0m[48;2;210;210;210m [38;2;0;0;0m[48;2;210;210;210m [38;2;0;0;0m[48;2;210;210;210m [38;2;0;0;0m[48;2;210;210;210m [38;2;0;0;0m[48;2;210;210;210m [38;2;0;0;0m[48;2;210;210;210m [38;2;226;226;226m[48;2;210;210;210m▝[38;2;226;226;226m[48;2;210;210;210m▙[38;2;226;226;226m[48;2;210;210;210m [38;2;226;226;226m[48;2;210;210;210m┃[38;2;226;226;226m[48;2;210;210;210m [38;2;226;226;226m[48;2;210;210;210m▇[38;2;226;226;226m[48;2;210;210;210m [38;2;226;226;226m[48;2;210;210;210m▝[38;2;188;188;188m[48;2;226;226;226m▝[38;2;188;188;188m[48;2;81;116;0m▖[38;2;188;188;188m[48;2;81;116;0m [38;2;188;188;188m[48;2;81;116;0m [38;2;81;116;0m[48;2;40;40;40m▎[38;2;81;116;0m[48;2;40;40;40m [38;2;40;40;40m[48;2;19;19;19m▌[38;2;40;40;40m[48;2;19;19;19m█[38;2;50;71;0m[48;2;81;116;0m▄[38;2;81;116;0m[48;2;159;159;159m▊[38;2;188;188;188m[48;2;210;210;210m▎[38;2;188;188;188m[48;2;210;210;210m [38;2;188;188;188m[48;2;210;210;210m [38;2;0;0;0m[48;2;188;188;188m [38;2;0;0;0m[48;2;188;188;188m [38;2;188;188;188m[48;2;159;159;159m▄[38;2;159;159;159m[48;2;129;129;129m▌[38;2;0;0;0m[48;2;159;159;159m [38;2;0;0;0m[48;2;159;159;159m [38;2;129;129;129m[48;2;77;77;77m▇[38;2;101;101;101m[48;2;77;77;77m▆[38;2;101;101;101m[48;2;77;77;77m▆[38;2;77;77;77m[48;2;54;54;54m▌[38;2;77;77;77m[48;2;54;54;54m [38;2;19;19;19m[48;2;255;140;0m▄[38;2;54;54;54m[48;2;255;180;89m▂[38;2;116;58;0m[48;2;181;99;0m▄[38;2;54;54;54m[48;2;255;180;89m▃[38;2;54;54;54m[48;2;255;180;89m [38;2;0;0;0m[48;2;181;99;0m [38;2;255;140;0m[48;2;255;180;89m▖[38;2;255;140;0m[48;2;255;180;89m [38;2;0;0;0m[48;2;181;99;0m [38;2;54;54;54m[48;2;116;58;0m▂[38;2;77;77;77m[48;2;54;54;54m [38;2;77;77;77m[48;2;54;54;54m [38;2;77;77;77m[48;2;54;54;54m [38;2;77;77;77m[48;2;54;54;54m▅[38;2;77;77;77m[48;2;54;54;54m [38;2;40;40;40m[48;2;54;54;54m▄[38;2;40;40;40m[48;2;54;54;54m [38;2;77;77;77m[48;2;54;54;54m▁[38;2;54;54;54m[48;2;77;77;77m━[38;2;54;54;54m[48;2;77;77;77m▬[38;2;77;77;77m[48;2;54;54;54m▄[38;2;77;77;77m[48;2;54;54;54m▆[38;2;77;77;77m[48;2;40;40;40m▄[38;2;77;77;77m[48;2;40;40;40m▄[38;2;0;0;0m[48;2;77;77;77m [38;2;101;101;101m[48;2;54;54;54m▌[38;2;40;40;40m[48;2;54;54;54m▌[38;2;40;40;40m[48;2;54;54;54m [38;2;40;40;40m[48;2;54;54;54m [38;2;40;40;40m[48;2;54;54;54m▂[38;2;40;40;40m[48;2;54;54;54m [38;2;40;40;40m[48;2;54;54;54m━[38;2;40;40;40m[48;2;54;54;54m▘[38;2;40;40;40m[48;2;54;54;54m [38;2;40;40;40m[48;2;54;54;54m [38;2;40;40;40m[48;2;54;54;54m▄[0m
[48;2;77;77;77m[38;2;0;0;0m [48;2;77;77;77m[38;2;54;54;54m▄ [48;2;77;77;77m[38;2;159;159;159m▗[48;2;188;188;188m[38;2;0;0;0m [48;2;188;188;188m[38;2;210;210;210m▅[48;2;210;210;210m[38;2;0;0;0m    [48;2;226;226;226m[38;2;210;210;210m▖[48;2;210;210;210m[38;2;0;0;0m [48;2;210;210;210m[38;2;188;188;188m▌[48;2;210;210;210m[38;2;0;0;0m   [48;2;226;226;226m[38;2;0;0;0m [48;2;210;210;210m[38;2;0;0;0m    [48;2;226;226;226m[38;2;159;159;159m▝[48;2;81;116;0m[38;2;0;0;0m  [48;2;40;40;40m[38;2;0;0;0m  [48;2;40;40;40m[38;2;19;19;19m▝[48;2;19;19;19m[38;2;0;0;0m [48;2;81;116;0m[38;2;50;71;0m▊[48;2;159;159;159m[38;2;81;116;0m▊[48;2;226;226;226m[38;2;0;0;0m [48;2;210;210;210m[38;2;0;0;0m [48;2;188;188;188m[38;2;210;210;210m▌    [48;2;159;159;159m[38;2;0;0;0m [48;2;188;188;188m[38;2;0;0;0m [48;2;159;159;159m[38;2;0;0;0m [48;2;127;127;127m[38;2;159;159;159m▆[48;2;101;101;101m[38;2;159;159;159m▌[48;2;54;54;54m[38;2;77;77;77m▄ [48;2;0;0;0m[38;2;19;19;19m▌[48;2;54;54;54m[38;2;77;77;77m▄▂▆[48;2;54;54;54m[38;2;101;101;101m▄▂[48;2;181;99;0m[38;2;77;77;77m▆▆[48;2;101;101;101m[38;2;54;54;54m▇[48;2;54;54;54m[38;2;77;77;77m▄▄[48;2;77;77;77m[38;2;0;0;0m [48;2;77;77;77m[38;2;101;101;101m▄▄▄▛[48;2;101;101;101m[38;2;0;0;0m [48;2;101;101;101m[38;2;77;77;77m▖[48;2;101;101;101m[38;2;0;0;0m [48;2;77;77;77m[38;2;101;101;101m▇▆▆▅▅▅[48;2;101;101;101m[38;2;0;0;0m [48;2;40;40;40m[38;2;0;0;0m [48;2;54;54;54m[38;2;40;40;40m▗     ▄ ▄[0m
[48;2;54;54;54m[38;2;77;77;77m▌▄[48;2;77;77;77m[38;2;188;188;188m▗[48;2;188;188;188m[38;2;0;0;0m [48;2;210;210;210m[38;2;0;0;0m        [48;2;188;188;188m[38;2;0;0;0m [48;2;210;210;210m[38;2;0;0;0m   [48;2;210;210;210m[38;2;226;226;226m ▘   [48;2;188;188;188m[38;2;210;210;210m▎[48;2;210;210;210m[38;2;0;0;0m [48;2;50;71;0m[38;2;129;129;129m▎[48;2;19;19;19m[38;2;0;0;0m [48;2;40;40;40m[38;2;19;19;19m▇[48;2;19;19;19m[38;2;0;0;0m  [48;2;40;40;40m[38;2;0;0;0m [48;2;188;188;188m[38;2;81;116;0m▌[48;2;210;210;210m[38;2;0;0;0m  [48;2;188;188;188m[38;2;0;0;0m    [48;2;188;188;188m[38;2;159;159;159m▗[48;2;159;159;159m[38;2;129;129;129m▄[48;2;188;188;188m[38;2;0;0;0m [48;2;159;159;159m[38;2;188;188;188m▎[48;2;159;159;159m[38;2;129;129;129m▗[48;2;129;129;129m[38;2;101;101;101m▄[48;2;129;129;129m[38;2;159;159;159m▆[48;2;77;77;77m[38;2;159;159;159m▂[48;2;40;40;40m[38;2;0;0;0m [48;2;77;77;77m[38;2;0;0;0m [48;2;101;101;101m[38;2;0;0;0m [48;2;101;101;101m[38;2;127;127;127m▂ [48;2;101;101;101m[38;2;129;129;129m▗[48;2;101;101;101m[38;2;127;127;127m▄   [48;2;77;77;77m[38;2;0;0;0m   [48;2;101;101;101m[38;2;0;0;0m  [48;2;77;77;77m[38;2;101;101;101m▌▐▐[48;2;77;77;77m[38;2;0;0;0m [48;2;77;77;77m[38;2;101;101;101m▘▐[48;2;101;101;101m[38;2;0;0;0m    [48;2;101;101;101m[38;2;127;127;127m┏[48;2;54;54;54m[38;2;0;0;0m       [48;2;54;54;54m[38;2;40;40;40m▅[48;2;40;40;40m[38;2;0;0;0m  [0m
[48;2;77;77;77m[38;2;101;101;101m▂ [48;2;188;188;188m[38;2;159;159;159m▎[48;2;210;210;210m[38;2;0;0;0m   [48;2;210;210;210m[38;2;188;188;188m▅  ▖[48;2;188;188;188m[38;2;210;210;210m▅▀[48;2;129;129;129m[38;2;188;188;188m▌[48;2;210;210;210m[38;2;188;188;188m▄[48;2;188;188;188m[38;2;0;0;0m [48;2;210;210;210m[38;2;188;188;188m▂▅[48;2;188;188;188m[38;2;0;0;0m  [48;2;210;210;210m[38;2;188;188;188m▅▂▂▊[48;2;40;40;40m[38;2;188;188;188m▌[48;2;19;19;19m[38;2;0;0;0m     [48;2;159;159;159m[38;2;50;71;0m▌[48;2;226;226;226m[38;2;0;0;0m [48;2;188;188;188m[38;2;210;210;210m▌   [48;2;188;188;188m[38;2;159;159;159m▗[48;2;129;129;129m[38;2;101;101;101m▂▌[48;2;159;159;159m[38;2;0;0;0m  [48;2;101;101;101m[38;2;159;159;159m▘▟[48;2;159;159;159m[38;2;0;0;0m [48;2;188;188;188m[38;2;0;0;0m [48;2;127;127;127m[38;2;188;188;188m▆[48;2;129;129;129m[38;2;101;101;101m▝[48;2;101;101;101m[38;2;226;255;156m▄[48;2;127;127;127m[38;2;0;0;0m [48;2;101;101;101m[38;2;127;127;127m▌▐[48;2;129;129;129m[38;2;127;127;127m▎[48;2;129;129;129m[38;2;226;255;156m▄[48;2;101;101;101m[38;2;127;127;127m▅▂ [48;2;77;77;77m[38;2;101;101;101m▌▟[48;2;101;101;101m[38;2;0;0;0m     [48;2;101;101;101m[38;2;226;255;156m▄[48;2;101;101;101m[38;2;77;77;77m▝[48;2;101;101;101m[38;2;127;127;127m▄ ▂▅[48;2;127;127;127m[38;2;101;101;101m▊[48;2;101;101;101m[38;2;127;127;127m┃[48;2;54;54;54m[38;2;0;0;0m [48;2;54;54;54m[38;2;40;40;40m▗[48;2;54;54;54m[38;2;226;255;156m▗▖ [48;2;54;54;54m[38;2;40;40;40m▄▄[48;2;40;40;40m[38;2;0;0;0m [48;2;40;40;40m[38;2;54;54;54m▅▌[0m
[48;2;77;77;77m[38;2;0;0;0m [48;2;188;188;188m[38;2;77;77;77m▌[48;2;188;188;188m[38;2;226;255;156m▄▄[48;2;210;210;210m[38;2;226;255;156m▄ ▗[48;2;188;188;188m[38;2;226;255;156m▄[48;2;210;210;210m[38;2;226;255;156m▄[48;2;188;188;188m[38;2;210;210;210m▌▜▎[48;2;159;159;159m[38;2;188;188;188m▌[48;2;159;159;159m[38;2;101;101;101m▂[48;2;188;188;188m[38;2;226;255;156m▄▄▄ ▄▄▄ ▗[48;2;129;129;129m[38;2;226;255;156m▄[48;2;19;19;19m[38;2;226;255;156m▄ ▗▄▄[48;2;159;159;159m[38;2;226;255;156m▖[48;2;210;210;210m[38;2;226;255;156m▄[48;2;188;188;188m[38;2;226;255;156m▄▄ [48;2;159;159;159m[38;2;226;255;156m▗▄▄ ▗▖▄  [48;2;188;188;188m[38;2;159;159;159m▌  [48;2;226;255;156m[38;2;0;0;0m [48;2;101;101;101m[38;2;226;255;156m▄[48;2;129;129;129m[38;2;226;255;156m▄[48;2;127;127;127m[38;2;101;101;101m▝ [48;2;129;129;129m[38;2;226;255;156m▄[48;2;127;127;127m[38;2;129;129;129m▖ [48;2;101;101;101m[38;2;226;255;156m▄▄▖ [48;2;101;101;101m[38;2;0;0;0m    [48;2;226;255;156m[38;2;0;0;0m [48;2;127;127;127m[38;2;226;255;156m▄▄ ▗▄[48;2;101;101;101m[38;2;226;255;156m▄[48;2;127;127;127m[38;2;0;0;0m [48;2;54;54;54m[38;2;226;255;156m▗▄▟▌▄ ▗[48;2;40;40;40m[38;2;226;255;156m▖ [48;2;40;40;40m[38;2;54;54;54m▂[0m
[48;2;101;101;101m[38;2;0;0;0m  [48;2;226;255;156m[38;2;0;0;0m [48;2;101;101;101m[38;2;0;0;0m [48;2;101;101;101m[38;2;226;255;156m▝▘[48;2;226;255;156m[38;2;0;0;0m [48;2;101;101;101m[38;2;226;255;156m▄▟▌▝▀▀[48;2;101;101;101m[38;2;0;0;0m [48;2;226;255;156m[38;2;0;0;0m [48;2;101;101;101m[38;2;0;0;0m [48;2;226;255;156m[38;2;101;101;101m▌▐[48;2;226;255;156m[38;2;0;0;0m [48;2;101;101;101m[38;2;0;0;0m [48;2;101;101;101m[38;2;226;255;156m▝▘[48;2;226;255;156m[38;2;0;0;0m [48;2;101;101;101m[38;2;0;0;0m [48;2;226;255;156m[38;2;101;101;101m▌▐[48;2;226;255;156m[38;2;0;0;0m [48;2;101;101;101m[38;2;0;0;0m [48;2;226;255;156m[38;2;101;101;101m▌▐[48;2;226;255;156m[38;2;0;0;0m [48;2;101;101;101m[38;2;0;0;0m [48;2;101;101;101m[38;2;226;255;156m▝▘▗▄▟[48;2;127;127;127m[38;2;226;255;156m▌[48;2;226;255;156m[38;2;0;0;0m [48;2;226;255;156m[38;2;127;127;127m▖[48;2;226;255;156m[38;2;101;101;101m▖▐[48;2;101;101;101m[38;2;0;0;0m    [48;2;226;255;156m[38;2;0;0;0m [48;2;101;101;101m[38;2;0;0;0m [48;2;226;255;156m[38;2;101;101;101m▌▐[48;2;101;101;101m[38;2;0;0;0m [48;2;226;255;156m[38;2;0;0;0m [48;2;101;101;101m[38;2;0;0;0m [48;2;101;101;101m[38;2;226;255;156m▝▙▄▖[48;2;101;101;101m[38;2;0;0;0m    [48;2;101;101;101m[38;2;0;0;0m [48;2;226;255;156m[38;2;0;0;0m [48;2;101;101;101m[38;2;0;0;0m [48;2;226;255;156m[38;2;101;101;101m▌▐[48;2;226;255;156m[38;2;0;0;0m [48;2;101;101;101m[38;2;0;0;0m [48;2;226;255;156m[38;2;127;127;127m▌[48;2;101;101;101m[38;2;226;255;156m▌[48;2;226;255;156m[38;2;0;0;0m [48;2;101;101;101m[38;2;0;0;0m [48;2;226;255;156m[38;2;101;101;101m▌▐[48;2;226;255;156m[38;2;0;0;0m [48;2;101;101;101m[38;2;0;0;0m [48;2;226;255;156m[38;2;101;101;101m▌▐[48;2;101;101;101m[38;2;0;0;0m  [0m
[48;2;127;127;127m[38;2;0;0;0m  [48;2;226;255;156m[38;2;0;0;0m [48;2;127;127;127m[38;2;0;0;0m   [48;2;226;255;156m[38;2;127;127;127m▖[48;2;127;127;127m[38;2;226;255;156m▄▄     [48;2;226;255;156m[38;2;127;127;127m ▄▄[48;2;127;127;127m[38;2;0;0;0m [48;2;226;255;156m[38;2;0;0;0m [48;2;127;127;127m[38;2;0;0;0m   [48;2;226;255;156m[38;2;127;127;127m▖[48;2;127;127;127m[38;2;226;255;156m▄▟▘▝[48;2;226;255;156m[38;2;127;127;127m▄▖▐[48;2;226;255;156m[38;2;0;0;0m [48;2;127;127;127m[38;2;0;0;0m   [48;2;226;255;156m[38;2;127;127;127m▖[48;2;127;127;127m[38;2;226;255;156m▄▟[48;2;127;127;127m[38;2;226;255;156m▌█[48;2;127;127;127m[38;2;0;0;0m [48;2;226;255;156m[38;2;127;127;127m▌▐[48;2;127;127;127m[38;2;0;0;0m    [48;2;226;255;156m[38;2;0;0;0m [48;2;127;127;127m[38;2;0;0;0m [48;2;226;255;156m[38;2;129;129;129m▌▐[48;2;127;127;127m[38;2;0;0;0m [48;2;226;255;156m[38;2;0;0;0m [48;2;127;127;127m[38;2;226;255;156m ▗▄▄[48;2;226;255;156m[38;2;127;127;127m▗[48;2;127;127;127m[38;2;0;0;0m     [48;2;226;255;156m[38;2;0;0;0m [48;2;127;127;127m[38;2;226;255;156m▄▟▘[48;2;226;255;156m[38;2;127;127;127m▖[48;2;127;127;127m[38;2;226;255;156m▄▟▘[48;2;226;255;156m[38;2;127;127;127m▖[48;2;127;127;127m[38;2;226;255;156m▄▟[48;2;127;127;127m[38;2;226;255;156m▌[48;2;127;127;127m[38;2;226;255;156m▝[48;2;226;255;156m[38;2;127;127;127m▄▖▐[48;2;127;127;127m[38;2;0;0;0m  [0m
[48;2;129;129;129m[38;2;159;159;159m▄▄▄▄▄▄▄▄▄▄▄▄▄▄[48;2;226;255;156m[38;2;159;159;159m▄[48;2;129;129;129m[38;2;159;159;159m▄▄▄▄▄▄▄▄▄▄▄[48;2;226;255;156m[38;2;159;159;159m▄▄▟[48;2;129;129;129m[38;2;159;159;159m▄▄▄▄▄▄▄▄▄▄▄▄▄▄▄▄▄▄▄▄▄▄▄▄▄▄▄▄▄▄▄▄▄▄▄▄▄▄▄▄▄▄▄▄▄[48;2;226;255;156m[38;2;159;159;159m▄▄▟[48;2;129;129;129m[38;2;159;159;159m▄▄▄[0m
