[38;2;54;54;54m[48;2;77;77;77m▅[38;2;54;54;54m[48;2;77;77;77m▖[38;2;77;77;77m[48;2;77;77;77m▁[38;2;54;54;54m[48;2;77;77;77m▁[38;2;54;54;54m[48;2;77;77;77m▗[38;2;0;0;0m[48;2;54;54;54m [38;2;0;0;0m[48;2;54;54;54m [38;2;0;0;0m[48;2;54;54;54m [38;2;77;77;77m[48;2;54;54;54m▆[38;2;77;77;77m[48;2;77;77;77m▆[38;2;77;77;77m[48;2;54;54;54m▆[38;2;77;77;77m[48;2;54;54;54m▆[38;2;77;77;77m[48;2;54;54;54m▆[38;2;0;0;0m[48;2;77;77;77m [38;2;0;0;0m[48;2;77;77;77m [38;2;77;77;77m[48;2;54;54;54m▌[38;2;77;77;77m[48;2;54;54;54m [38;2;77;77;77m[48;2;54;54;54m▆[38;2;77;77;77m[48;2;54;54;54m▄[38;2;77;77;77m[48;2;54;54;54m [38;2;77;77;77m[48;2;54;54;54m [38;2;77;77;77m[48;2;54;54;54m [38;2;77;77;77m[48;2;54;54;54m [38;2;77;77;77m[48;2;54;54;54m [38;2;77;77;77m[48;2;54;54;54m▁[38;2;77;77;77m[48;2;54;54;54m▂[38;2;77;77;77m[48;2;54;54;54m▄[38;2;77;77;77m[48;2;54;54;54m▅[38;2;101;101;101m[48;2;77;77;77m▂[38;2;101;101;101m[48;2;77;77;77m▃[38;2;101;101;101m[48;2;77;77;77m▂[38;2;101;101;101m[48;2;77;77;77m▁[38;2;101;101;101m[48;2;77;77;77m▁[38;2;101;101;101m[48;2;77;77;77m▁[38;2;101;101;101m[48;2;77;77;77m▁[38;2;101;101;101m[48;2;77;77;77m▁[38;2;77;77;77m[48;2;54;54;54m▌[38;2;77;77;77m[48;2;54;54;54m [38;2;77;77;77m[48;2;54;54;54m▁[38;2;77;77;77m[48;2;54;54;54m▁[38;2;77;77;77m[48;2;54;54;54m▁[38;2;77;77;77m[48;2;54;54;54m▁[38;2;77;77;77m[48;2;54;54;54m▁[38;2;77;77;77m[48;2;54;54;54m▁[38;2;77;77;77m[48;2;54;54;54m▁[38;2;77;77;77m[48;2;54;54;54m▁[38;2;77;77;77m[48;2;54;54;54m▁[38;2;77;77;77m[48;2;54;54;54m▅[38;2;77;77;77m[48;2;54;54;54m▆[38;2;77;77;77m[48;2;54;54;54m▆[38;2;77;77;77m[48;2;54;54;54m▆[38;2;77;77;77m[48;2;54;54;54m▇[38;2;101;101;101m[48;2;77;77;77m▁[38;2;101;101;101m[48;2;77;77;77m▁[38;2;101;101;101m[48;2;77;77;77m▁[38;2;101;101;101m[48;2;77;77;77m▁[38;2;101;101;101m[48;2;77;77;77m▁[38;2;101;101;101m[48;2;77;77;77m▁[38;2;101;101;101m[48;2;77;77;77m▁[38;2;101;101;101m[48;2;77;77;77m▁[38;2;101;101;101m[48;2;77;77;77m▁[38;2;101;101;101m[48;2;77;77;77m▁[38;2;101;101;101m[48;2;77;77;77m [38;2;54;54;54m[48;2;77;77;77m▃[38;2;0;0;0m[48;2;54;54;54m [38;2;0;0;0m[48;2;54;54;54m [38;2;0;0;0m[48;2;54;54;54m [38;2;54;54;54m[48;2;77;77;77m▃[38;2;54;54;54m[48;2;77;77;77m [38;2;54;54;54m[48;2;77;77;77m [38;2;54;54;54m[48;2;77;77;77m [38;2;54;54;54m[48;2;77;77;77m [38;2;54;54;54m[48;2;77;77;77m [38;2;54;54;54m[48;2;77;77;77m [38;2;77;77;77m[48;2;77;77;77m▇[38;2;77;77;77m[48;2;54;54;54m▇[38;2;77;77;77m[48;2;54;54;54m▆[38;2;77;77;77m[48;2;54;54;54m▆[38;2;77;77;77m[48;2;54;54;54m▆[38;2;77;77;77m[48;2;54;54;54m▃[0m
[38;2;77;77;77m[48;2;54;54;54m▄[38;2;77;77;77m[48;2;54;54;54m▅[38;2;77;77;77m[48;2;54;54;54m▆[38;2;77;77;77m[48;2;54;54;54m▇[38;2;77;77;77m[48;2;54;54;54m▇[38;2;0;0;0m[48;2;77;77;77m [38;2;0;0;0m[48;2;77;77;77m [38;2;0;0;0m[48;2;77;77;77m [38;2;0;0;0m[48;2;77;77;77m [38;2;101;101;101m[48;2;101;101;101m▌[38;2;101;101;101m[48;2;101;101;101m [38;2;101;101;101m[48;2;101;101;101m [38;2;101;101;101m[48;2;101;101;101m▐[38;2;0;0;0m[48;2;77;77;77m [38;2;0;0;0m[48;2;77;77;77m [38;2;0;0;0m[48;2;101;101;101m [38;2;101;101;101m[48;2;77;77;77m▅[38;2;0;0;0m[48;2;101;101;101m [38;2;101;101;101m[48;2;77;77;77m▁[38;2;101;101;101m[48;2;77;77;77m▁[38;2;101;101;101m[48;2;77;77;77m▂[38;2;101;101;101m[48;2;77;77;77m▂[38;2;101;101;101m[48;2;77;77;77m▂[38;2;101;101;101m[48;2;77;77;77m▂[38;2;101;101;101m[48;2;77;77;77m▂[38;2;101;101;101m[48;2;77;77;77m▂[38;2;101;101;101m[48;2;101;101;101m▝[38;2;101;101;101m[48;2;101;101;101m▅[38;2;101;101;101m[48;2;101;101;101m [38;2;129;129;129m[48;2;101;101;101m▁[38;2;129;129;129m[48;2;101;101;101m▁[38;2;129;129;129m[48;2;101;101;101m▁[38;2;129;129;129m[48;2;101;101;101m▁[38;2;129;129;129m[48;2;101;101;101m▁[38;2;129;129;129m[48;2;101;101;101m▁[38;2;127;127;127m[48;2;101;101;101m▁[38;2;127;127;127m[48;2;101;101;101m▁[38;2;0;0;0m[48;2;77;77;77m [38;2;0;0;0m[48;2;77;77;77m [38;2;0;0;0m[48;2;77;77;77m [38;2;0;0;0m[48;2;77;77;77m [38;2;0;255;255m[48;2;77;77;77m▅[38;2;0;255;255m[48;2;77;77;77m▅[38;2;0;255;255m[48;2;77;77;77m▅[38;2;101;101;101m[48;2;77;77;77m▃[38;2;101;101;101m[48;2;77;77;77m▄[38;2;101;101;101m[48;2;77;77;77m▅[38;2;101;101;101m[48;2;77;77;77m▇[38;2;127;127;127m[48;2;101;101;101m [38;2;127;127;127m[48;2;101;101;101m▁[38;2;129;129;129m[48;2;101;101;101m▁[38;2;129;129;129m[48;2;101;101;101m▁[38;2;129;129;129m[48;2;101;101;101m▂[38;2;129;129;129m[48;2;101;101;101m▂[38;2;129;129;129m[48;2;101;101;101m▂[38;2;129;129;129m[48;2;101;101;101m▂[38;2;129;129;129m[48;2;101;101;101m▂[38;2;129;129;129m[48;2;101;101;101m▂[38;2;129;129;129m[48;2;101;101;101m▁[38;2;129;129;129m[48;2;101;101;101m▁[38;2;129;129;129m[48;2;101;101;101m [38;2;129;129;129m[48;2;101;101;101m [38;2;129;129;129m[48;2;101;101;101m [38;2;77;77;77m[48;2;101;101;101m▁[38;2;77;77;77m[48;2;101;101;101m▝[38;2;77;77;77m[48;2;101;101;101m▀[38;2;77;77;77m[48;2;101;101;101m [38;2;77;77;77m[48;2;101;101;101m [38;2;101;101;101m[48;2;77;77;77m▖[38;2;77;77;77m[48;2;101;101;101m▁[38;2;77;77;77m[48;2;101;101;101m [38;2;77;77;77m[48;2;101;101;101m [38;2;101;101;101m[48;2;77;77;77m▃[38;2;101;101;101m[48;2;77;77;77m▃[38;2;101;101;101m[48;2;77;77;77m▅[38;2;101;101;101m[48;2;77;77;77m▇[38;2;101;101;101m[48;2;77;77;77m▇[38;2;101;101;101m[48;2;101;101;101m▆[38;2;101;101;101m[48;2;77;77;77m▆[38;2;101;101;101m[48;2;77;77;77m▅[0m
[38;2;127;127;127m[48;2;77;77;77m▅[38;2;127;127;127m[48;2;77;77;77m▅[38;2;127;127;127m[48;2;77;77;77m▆[38;2;127;127;127m[48;2;77;77;77m▆[38;2;127;127;127m[48;2;101;101;101m▖[38;2;101;101;101m[48;2;77;77;77m▇[38;2;101;101;101m[48;2;77;77;77m▇[38;2;0;0;0m[48;2;101;101;101m [38;2;0;0;0m[48;2;101;101;101m [38;2;0;0;0m[48;2;101;101;101m [38;2;0;0;0m[48;2;101;101;101m [38;2;101;101;101m[48;2;129;129;129m▁[38;2;101;101;101m[48;2;129;129;129m▂[38;2;0;0;0m[48;2;101;101;101m [38;2;0;0;0m[48;2;101;101;101m [38;2;0;0;0m[48;2;129;129;129m [38;2;0;0;0m[48;2;129;129;129m [38;2;0;0;0m[48;2;129;129;129m [38;2;0;0;0m[48;2;101;101;101m [38;2;129;129;129m[48;2;101;101;101m▂[38;2;129;129;129m[48;2;101;101;101m [38;2;129;129;129m[48;2;101;101;101m [38;2;129;129;129m[48;2;101;101;101m [38;2;129;129;129m[48;2;101;101;101m [38;2;129;129;129m[48;2;101;101;101m [38;2;129;129;129m[48;2;101;101;101m [38;2;129;129;129m[48;2;101;101;101m [38;2;101;101;101m[48;2;129;129;129m▅[38;2;101;101;101m[48;2;129;129;129m▖[38;2;101;101;101m[48;2;129;129;129m [38;2;101;101;101m[48;2;129;129;129m [38;2;101;101;101m[48;2;129;129;129m [38;2;101;101;101m[48;2;129;129;129m [38;2;101;101;101m[48;2;129;129;129m [38;2;101;101;101m[48;2;129;129;129m [38;2;101;101;101m[48;2;129;129;129m [38;2;101;101;101m[48;2;129;129;129m [38;2;129;129;129m[48;2;101;101;101m▊[38;2;129;129;129m[48;2;101;101;101m [38;2;129;129;129m[48;2;101;101;101m [38;2;129;129;129m[48;2;101;101;101m [38;2;129;129;129m[48;2;101;101;101m [38;2;0;0;0m[48;2;0;255;255m [38;2;0;0;0m[48;2;0;255;255m [38;2;0;0;0m[48;2;129;129;129m [38;2;0;0;0m[48;2;129;129;129m [38;2;0;0;0m[48;2;129;129;129m [38;2;0;0;0m[48;2;129;129;129m [38;2;0;0;0m[48;2;129;129;129m [38;2;0;0;0m[48;2;129;129;129m [38;2;0;0;0m[48;2;129;129;129m [38;2;0;0;0m[48;2;129;129;129m [38;2;0;0;0m[48;2;129;129;129m [38;2;0;0;0m[48;2;129;129;129m [38;2;0;0;0m[48;2;129;129;129m [38;2;0;0;0m[48;2;129;129;129m [38;2;101;101;101m[48;2;129;129;129m▁[38;2;101;101;101m[48;2;129;129;129m▂[38;2;127;127;127m[48;2;129;129;129m▁[38;2;127;127;127m[48;2;129;129;129m [38;2;19;19;19m[48;2;129;129;129m▃[38;2;19;19;19m[48;2;101;101;101m▃[38;2;19;19;19m[48;2;77;77;77m▂[38;2;19;19;19m[48;2;77;77;77m [38;2;77;77;77m[48;2;101;101;101m━[38;2;101;101;101m[48;2;129;129;129m▅[38;2;77;77;77m[48;2;101;101;101m▃[38;2;40;40;40m[48;2;77;77;77m▅[38;2;40;40;40m[48;2;77;77;77m▃[38;2;54;54;54m[48;2;101;101;101m▂[38;2;77;77;77m[48;2;127;127;127m▃[38;2;19;19;19m[48;2;127;127;127m▂[38;2;77;77;77m[48;2;127;127;127m▂[38;2;54;54;54m[48;2;101;101;101m▁[38;2;129;129;129m[48;2;127;127;127m▃[38;2;129;129;129m[48;2;127;127;127m▂[38;2;127;127;127m[48;2;127;127;127m▆[38;2;127;127;127m[48;2;101;101;101m▆[38;2;127;127;127m[48;2;101;101;101m▅[38;2;127;127;127m[48;2;101;101;101m▅[0m
[38;2;0;0;0m[48;2;101;101;101m [38;2;101;101;101m[48;2;0;255;255m▄[38;2;101;101;101m[48;2;0;255;255m [38;2;0;255;255m[48;2;127;127;127m▄[38;2;0;0;0m[48;2;0;255;255m [38;2;101;101;101m[48;2;0;255;255m▄[38;2;101;101;101m[48;2;0;255;255m [38;2;101;101;101m[48;2;0;255;255m▀[38;2;0;255;255m[48;2;101;101;101m [38;2;0;255;255m[48;2;101;101;101m▄[38;2;0;0;0m[48;2;0;255;255m [38;2;101;101;101m[48;2;0;255;255m▃[38;2;101;101;101m[48;2;0;255;255m▃[38;2;101;101;101m[48;2;0;255;255m▃[38;2;101;101;101m[48;2;0;255;255m [38;2;0;255;255m[48;2;129;129;129m▄[38;2;0;255;255m[48;2;129;129;129m [38;2;0;0;0m[48;2;0;255;255m [38;2;0;0;0m[48;2;0;255;255m [38;2;0;0;0m[48;2;0;255;255m [38;2;0;255;255m[48;2;101;101;101m▄[38;2;0;0;0m[48;2;0;255;255m [38;2;0;0;0m[48;2;0;255;255m [38;2;0;255;255m[48;2;101;101;101m▄[38;2;0;255;255m[48;2;101;101;101m [38;2;0;255;255m[48;2;101;101;101m▄[38;2;0;0;0m[48;2;0;255;255m [38;2;101;101;101m[48;2;0;255;255m▃[38;2;101;101;101m[48;2;0;255;255m▃[38;2;129;129;129m[48;2;0;255;255m▃[38;2;129;129;129m[48;2;0;255;255m [38;2;129;129;129m[48;2;0;255;255m▀[38;2;0;0;0m[48;2;129;129;129m [38;2;0;0;0m[48;2;0;255;255m [38;2;0;0;0m[48;2;0;255;255m [38;2;0;0;0m[48;2;0;255;255m [38;2;0;255;255m[48;2;129;129;129m▄[38;2;0;0;0m[48;2;0;255;255m [38;2;0;0;0m[48;2;0;255;255m [38;2;0;255;255m[48;2;101;101;101m▄[38;2;0;255;255m[48;2;101;101;101m [38;2;0;255;255m[48;2;101;101;101m [38;2;0;0;0m[48;2;0;255;255m [38;2;0;0;0m[48;2;0;255;255m [38;2;129;129;129m[48;2;0;255;255m▄[38;2;129;129;129m[48;2;0;255;255m [38;2;129;129;129m[48;2;0;255;255m▀[38;2;0;255;255m[48;2;129;129;129m [38;2;0;255;255m[48;2;129;129;129m [38;2;0;255;255m[48;2;129;129;129m▄[38;2;129;129;129m[48;2;0;255;255m [38;2;129;129;129m[48;2;0;255;255m▄[38;2;129;129;129m[48;2;0;255;255m▄[38;2;129;129;129m[48;2;0;255;255m▄[38;2;129;129;129m[48;2;0;255;255m [38;2;129;129;129m[48;2;0;255;255m▀[38;2;127;127;127m[48;2;77;77;77m▃[38;2;101;101;101m[48;2;0;255;255m▃[38;2;101;101;101m[48;2;0;255;255m [38;2;0;255;255m[48;2;40;40;40m▃[38;2;0;0;0m[48;2;0;255;255m [38;2;40;40;40m[48;2;0;255;255m▄[38;2;40;40;40m[48;2;0;255;255m [38;2;0;255;255m[48;2;54;54;54m▃[38;2;40;40;40m[48;2;77;77;77m▆[38;2;54;54;54m[48;2;77;77;77m▌[38;2;77;77;77m[48;2;127;127;127m▅[38;2;77;77;77m[48;2;54;54;54m▘[38;2;40;40;40m[48;2;54;54;54m▃[38;2;0;0;0m[48;2;40;40;40m [38;2;77;77;77m[48;2;54;54;54m▝[38;2;101;101;101m[48;2;77;77;77m▘[38;2;101;101;101m[48;2;77;77;77m [38;2;54;54;54m[48;2;40;40;40m▅[38;2;19;19;19m[48;2;101;101;101m▅[38;2;0;0;0m[48;2;127;127;127m [38;2;0;0;0m[48;2;129;129;129m [38;2;0;0;0m[48;2;127;127;127m [38;2;0;0;0m[48;2;127;127;127m [38;2;0;0;0m[48;2;127;127;127m [0m
[38;2;0;0;0m[48;2;101;101;101m [38;2;0;0;0m[48;2;101;101;101m [38;2;0;0;0m[48;2;0;255;255m [38;2;0;0;0m[48;2;0;255;255m [38;2;0;0;0m[48;2;101;101;101m [38;2;0;0;0m[48;2;101;101;101m [38;2;101;101;101m[48;2;0;255;255m▄[38;2;101;101;101m[48;2;0;255;255m▄[38;2;101;101;101m[48;2;0;255;255m█[38;2;101;101;101m[48;2;0;255;255m [38;2;101;101;101m[48;2;0;255;255m [38;2;101;101;101m[48;2;0;255;255m▄[38;2;101;101;101m[48;2;0;255;255m▄[38;2;129;129;129m[48;2;0;255;255m▄[38;2;129;129;129m[48;2;0;255;255m▄[38;2;129;129;129m[48;2;0;255;255m▄[38;2;129;129;129m[48;2;0;255;255m█[38;2;0;0;0m[48;2;0;255;255m [38;2;0;0;0m[48;2;0;255;255m [38;2;0;0;0m[48;2;129;129;129m [38;2;0;0;0m[48;2;0;255;255m [38;2;0;0;0m[48;2;101;101;101m [38;2;0;0;0m[48;2;0;255;255m [38;2;0;0;0m[48;2;0;255;255m [38;2;0;0;0m[48;2;101;101;101m [38;2;129;129;129m[48;2;0;255;255m [38;2;129;129;129m[48;2;0;255;255m [38;2;129;129;129m[48;2;0;255;255m▄[38;2;129;129;129m[48;2;0;255;255m▄[38;2;129;129;129m[48;2;0;255;255m▄[38;2;129;129;129m[48;2;0;255;255m▄[38;2;129;129;129m[48;2;0;255;255m▄[38;2;0;0;0m[48;2;129;129;129m [38;2;0;0;0m[48;2;0;255;255m [38;2;0;0;0m[48;2;0;255;255m [38;2;0;0;0m[48;2;129;129;129m [38;2;0;0;0m[48;2;0;255;255m [38;2;0;0;0m[48;2;129;129;129m [38;2;0;0;0m[48;2;0;255;255m [38;2;0;0;0m[48;2;0;255;255m [38;2;129;129;129m[48;2;101;101;101m▅[38;2;0;0;0m[48;2;129;129;129m [38;2;0;0;0m[48;2;0;255;255m [38;2;0;0;0m[48;2;0;255;255m [38;2;0;0;0m[48;2;129;129;129m [38;2;0;0;0m[48;2;129;129;129m [38;2;0;0;0m[48;2;0;255;255m [38;2;0;0;0m[48;2;0;255;255m [38;2;0;0;0m[48;2;129;129;129m [38;2;129;129;129m[48;2;0;255;255m [38;2;129;129;129m[48;2;0;255;255m [38;2;129;129;129m[48;2;0;255;255m▄[38;2;129;129;129m[48;2;0;255;255m▄[38;2;101;101;101m[48;2;0;255;255m▄[38;2;40;40;40m[48;2;0;255;255m▄[38;2;40;40;40m[48;2;0;255;255m▄[38;2;40;40;40m[48;2;101;101;101m▂[38;2;54;54;54m[48;2;40;40;40m▅[38;2;0;0;0m[48;2;0;255;255m [38;2;0;0;0m[48;2;0;255;255m [38;2;19;19;19m[48;2;40;40;40m▅[38;2;0;0;0m[48;2;19;19;19m [38;2;40;40;40m[48;2;0;255;255m▄[38;2;54;54;54m[48;2;0;255;255m▄[38;2;19;19;19m[48;2;40;40;40m▗[38;2;19;19;19m[48;2;54;54;54m▃[38;2;19;19;19m[48;2;54;54;54m▃[38;2;40;40;40m[48;2;54;54;54m▂[38;2;40;40;40m[48;2;54;54;54m▂[38;2;40;40;40m[48;2;54;54;54m [38;2;0;0;0m[48;2;40;40;40m [38;2;54;54;54m[48;2;77;77;77m▌[38;2;40;40;40m[48;2;54;54;54m▗[38;2;19;19;19m[48;2;54;54;54m▅[38;2;40;40;40m[48;2;19;19;19m▆[38;2;40;40;40m[48;2;77;77;77m▆[38;2;19;19;19m[48;2;101;101;101m▅[38;2;0;0;0m[48;2;129;129;129m [38;2;101;101;101m[48;2;129;129;129m▗[38;2;101;101;101m[48;2;127;127;127m▂[0m
[38;2;0;0;0m[48;2;101;101;101m [38;2;0;0;0m[48;2;101;101;101m [38;2;0;0;0m[48;2;0;255;255m [38;2;0;0;0m[48;2;0;255;255m [38;2;0;0;0m[48;2;101;101;101m [38;2;0;0;0m[48;2;101;101;101m [38;2;0;0;0m[48;2;101;101;101m [38;2;0;0;0m[48;2;101;101;101m [38;2;0;0;0m[48;2;101;101;101m [38;2;0;0;0m[48;2;0;255;255m [38;2;0;0;0m[48;2;0;255;255m [38;2;0;0;0m[48;2;101;101;101m [38;2;0;0;0m[48;2;101;101;101m [38;2;0;0;0m[48;2;101;101;101m [38;2;0;255;255m[48;2;129;129;129m▄[38;2;0;255;255m[48;2;129;129;129m▄[38;2;0;255;255m[48;2;129;129;129m [38;2;0;0;0m[48;2;0;255;255m [38;2;0;0;0m[48;2;0;255;255m [38;2;0;0;0m[48;2;129;129;129m [38;2;0;0;0m[48;2;0;255;255m [38;2;129;129;129m[48;2;101;101;101m▅[38;2;0;0;0m[48;2;0;255;255m [38;2;0;0;0m[48;2;0;255;255m [38;2;0;0;0m[48;2;101;101;101m [38;2;0;0;0m[48;2;0;255;255m [38;2;0;0;0m[48;2;0;255;255m [38;2;0;0;0m[48;2;129;129;129m [38;2;0;0;0m[48;2;129;129;129m [38;2;0;0;0m[48;2;129;129;129m [38;2;0;255;255m[48;2;129;129;129m▄[38;2;0;255;255m[48;2;129;129;129m▄[38;2;0;255;255m[48;2;129;129;129m [38;2;0;0;0m[48;2;0;255;255m [38;2;0;0;0m[48;2;0;255;255m [38;2;0;0;0m[48;2;129;129;129m [38;2;0;0;0m[48;2;0;255;255m [38;2;0;0;0m[48;2;129;129;129m [38;2;0;0;0m[48;2;0;255;255m [38;2;0;0;0m[48;2;0;255;255m [38;2;0;0;0m[48;2;129;129;129m [38;2;0;0;0m[48;2;129;129;129m [38;2;0;0;0m[48;2;0;255;255m [38;2;0;0;0m[48;2;0;255;255m [38;2;0;0;0m[48;2;129;129;129m [38;2;0;0;0m[48;2;129;129;129m [38;2;0;0;0m[48;2;0;255;255m [38;2;0;0;0m[48;2;0;255;255m [38;2;0;0;0m[48;2;129;129;129m [38;2;0;0;0m[48;2;0;255;255m [38;2;0;0;0m[48;2;0;255;255m [38;2;0;0;0m[48;2;129;129;129m [38;2;19;19;19m[48;2;77;77;77m▆[38;2;19;19;19m[48;2;77;77;77m [38;2;0;255;255m[48;2;40;40;40m▃[38;2;0;255;255m[48;2;54;54;54m▃[38;2;19;19;19m[48;2;40;40;40m▅[38;2;0;0;0m[48;2;19;19;19m [38;2;0;0;0m[48;2;0;255;255m [38;2;0;0;0m[48;2;0;255;255m [38;2;71;33;0m[48;2;19;19;19m▂[38;2;71;33;0m[48;2;19;19;19m▂[38;2;71;33;0m[48;2;40;40;40m▁[38;2;19;19;19m[48;2;40;40;40m▂[38;2;71;0;0m[48;2;19;19;19m▁[38;2;71;33;0m[48;2;19;19;19m▁[38;2;71;33;0m[48;2;19;19;19m▁[38;2;40;40;40m[48;2;19;19;19m▂[38;2;40;40;40m[48;2;19;19;19m▂[38;2;40;40;40m[48;2;19;19;19m▂[38;2;40;40;40m[48;2;19;19;19m [38;2;19;19;19m[48;2;40;40;40m▅[38;2;19;19;19m[48;2;40;40;40m▁[38;2;40;40;40m[48;2;19;19;19m▃[38;2;40;40;40m[48;2;19;19;19m▃[38;2;54;54;54m[48;2;40;40;40m▝[38;2;54;54;54m[48;2;19;19;19m▘[38;2;40;40;40m[48;2;129;129;129m▌[38;2;101;101;101m[48;2;129;129;129m▝[38;2;127;127;127m[48;2;101;101;101m▂[0m
[38;2;0;0;0m[48;2;101;101;101m [38;2;101;101;101m[48;2;0;255;255m▄[38;2;101;101;101m[48;2;0;255;255m▄[38;2;101;101;101m[48;2;0;255;255m▄[38;2;101;101;101m[48;2;0;255;255m▄[38;2;0;0;0m[48;2;101;101;101m [38;2;0;0;0m[48;2;101;101;101m [38;2;0;0;0m[48;2;101;101;101m [38;2;0;0;0m[48;2;101;101;101m [38;2;0;0;0m[48;2;101;101;101m [38;2;101;101;101m[48;2;0;255;255m▄[38;2;127;127;127m[48;2;0;255;255m▄[38;2;129;129;129m[48;2;0;255;255m▄[38;2;129;129;129m[48;2;0;255;255m▄[38;2;129;129;129m[48;2;0;255;255m▄[38;2;0;0;0m[48;2;129;129;129m [38;2;0;0;0m[48;2;129;129;129m [38;2;129;129;129m[48;2;0;255;255m▄[38;2;129;129;129m[48;2;0;255;255m▄[38;2;0;0;0m[48;2;129;129;129m [38;2;0;0;0m[48;2;129;129;129m [38;2;0;0;0m[48;2;129;129;129m [38;2;129;129;129m[48;2;0;255;255m▄[38;2;129;129;129m[48;2;0;255;255m▄[38;2;129;129;129m[48;2;101;101;101m▃[38;2;129;129;129m[48;2;101;101;101m▃[38;2;129;129;129m[48;2;0;255;255m▄[38;2;129;129;129m[48;2;0;255;255m▄[38;2;129;129;129m[48;2;0;255;255m▄[38;2;129;129;129m[48;2;0;255;255m▄[38;2;129;129;129m[48;2;0;255;255m▄[38;2;0;0;0m[48;2;129;129;129m [38;2;0;0;0m[48;2;129;129;129m [38;2;129;129;129m[48;2;0;255;255m▄[38;2;129;129;129m[48;2;0;255;255m▄[38;2;0;0;0m[48;2;129;129;129m [38;2;0;0;0m[48;2;129;129;129m [38;2;0;0;0m[48;2;129;129;129m [38;2;129;129;129m[48;2;0;255;255m▄[38;2;129;129;129m[48;2;0;255;255m▄[38;2;0;0;0m[48;2;129;129;129m [38;2;0;0;0m[48;2;129;129;129m [38;2;129;129;129m[48;2;0;255;255m▄[38;2;129;129;129m[48;2;0;255;255m▄[38;2;129;129;129m[48;2;0;255;255m▄[38;2;129;129;129m[48;2;0;255;255m▄[38;2;129;129;129m[48;2;0;255;255m▄[38;2;0;0;0m[48;2;129;129;129m [38;2;0;0;0m[48;2;129;129;129m [38;2;101;101;101m[48;2;129;129;129m▗[38;2;40;40;40m[48;2;0;255;255m▄[38;2;19;19;19m[48;2;0;255;255m▄[38;2;19;19;19m[48;2;0;255;255m▄[38;2;19;19;19m[48;2;0;255;255m▄[38;2;40;40;40m[48;2;0;255;255m▄[38;2;0;0;0m[48;2;40;40;40m [38;2;0;0;0m[48;2;19;19;19m▗[38;2;19;19;19m[48;2;0;255;255m▄[38;2;116;58;0m[48;2;0;255;255m▄[38;2;181;99;0m[48;2;0;255;255m▄[38;2;181;99;0m[48;2;0;255;255m▄[38;2;252;127;0m[48;2;116;58;0m▅[38;2;252;127;0m[48;2;116;58;0m▅[38;2;252;127;0m[48;2;116;58;0m▆[38;2;252;127;0m[48;2;116;58;0m▅[38;2;252;127;0m[48;2;116;58;0m▄[38;2;252;127;0m[48;2;116;58;0m▃[38;2;252;127;0m[48;2;71;33;0m▄[38;2;252;127;0m[48;2;71;33;0m▄[38;2;252;127;0m[48;2;116;58;0m▂[38;2;181;99;0m[48;2;116;58;0m▂[38;2;77;77;77m[48;2;19;19;19m▁[38;2;77;77;77m[48;2;19;19;19m [38;2;77;77;77m[48;2;19;19;19m [38;2;77;77;77m[48;2;19;19;19m [38;2;77;77;77m[48;2;19;19;19m [38;2;40;40;40m[48;2;19;19;19m▅[38;2;54;54;54m[48;2;19;19;19m▝[38;2;40;40;40m[48;2;129;129;129m▖[38;2;129;129;129m[48;2;127;127;127m▌[0m
[38;2;0;0;0m[48;2;101;101;101m [38;2;0;0;0m[48;2;101;101;101m [38;2;0;0;0m[48;2;101;101;101m [38;2;0;0;0m[48;2;101;101;101m [38;2;0;0;0m[48;2;101;101;101m [38;2;0;0;0m[48;2;101;101;101m [38;2;0;0;0m[48;2;101;101;101m [38;2;0;0;0m[48;2;101;101;101m [38;2;0;0;0m[48;2;101;101;101m [38;2;127;127;127m[48;2;101;101;101m▗[38;2;0;0;0m[48;2;127;127;127m [38;2;0;0;0m[48;2;129;129;129m [38;2;0;0;0m[48;2;129;129;129m [38;2;0;0;0m[48;2;129;129;129m [38;2;0;0;0m[48;2;129;129;129m [38;2;0;0;0m[48;2;129;129;129m [38;2;0;0;0m[48;2;129;129;129m [38;2;101;101;101m[48;2;129;129;129m▗[38;2;101;101;101m[48;2;129;129;129m▂[38;2;101;101;101m[48;2;129;129;129m▁[38;2;101;101;101m[48;2;129;129;129m▁[38;2;101;101;101m[48;2;129;129;129m▁[38;2;101;101;101m[48;2;129;129;129m [38;2;101;101;101m[48;2;129;129;129m▁[38;2;101;101;101m[48;2;129;129;129m [38;2;101;101;101m[48;2;129;129;129m [38;2;101;101;101m[48;2;129;129;129m [38;2;101;101;101m[48;2;129;129;129m [38;2;101;101;101m[48;2;129;129;129m [38;2;101;101;101m[48;2;129;129;129m [38;2;101;101;101m[48;2;129;129;129m [38;2;101;101;101m[48;2;129;129;129m [38;2;101;101;101m[48;2;129;129;129m [38;2;101;101;101m[48;2;129;129;129m [38;2;101;101;101m[48;2;129;129;129m [38;2;101;101;101m[48;2;129;129;129m [38;2;101;101;101m[48;2;129;129;129m [38;2;101;101;101m[48;2;129;129;129m [38;2;101;101;101m[48;2;129;129;129m [38;2;101;101;101m[48;2;129;129;129m [38;2;101;101;101m[48;2;129;129;129m [38;2;101;101;101m[48;2;129;129;129m [38;2;101;101;101m[48;2;129;129;129m [38;2;101;101;101m[48;2;129;129;129m [38;2;101;101;101m[48;2;129;129;129m [38;2;101;101;101m[48;2;129;129;129m [38;2;101;101;101m[48;2;129;129;129m [38;2;101;101;101m[48;2;129;129;129m [38;2;101;101;101m[48;2;129;129;129m [38;2;127;127;127m[48;2;54;54;54m▌[38;2;40;40;40m[48;2;19;19;19m▁[38;2;40;40;40m[48;2;19;19;19m [38;2;19;19;19m[48;2;0;0;0m▄[38;2;40;40;40m[48;2;19;19;19m▂[38;2;40;40;40m[48;2;19;19;19m▃[38;2;40;40;40m[48;2;19;19;19m [38;2;116;58;0m[48;2;40;40;40m▅[38;2;252;127;0m[48;2;181;99;0m▗[38;2;252;127;0m[48;2;181;99;0m▅[38;2;0;0;0m[48;2;252;127;0m [38;2;0;0;0m[48;2;252;127;0m [38;2;255;180;89m[48;2;252;127;0m▗[38;2;0;0;0m[48;2;255;180;89m [38;2;0;0;0m[48;2;255;180;89m [38;2;255;211;156m[48;2;255;180;89m▂[38;2;255;211;156m[48;2;255;180;89m [38;2;255;211;156m[48;2;255;180;89m▅[38;2;255;211;156m[48;2;255;180;89m [38;2;255;211;156m[48;2;255;180;89m▂[38;2;255;211;156m[48;2;255;180;89m▂[38;2;255;211;156m[48;2;255;180;89m▆[38;2;255;180;89m[48;2;252;127;0m▅[38;2;252;127;0m[48;2;19;19;19m▅[38;2;252;127;0m[48;2;19;19;19m▄[38;2;116;58;0m[48;2;19;19;19m▁[38;2;0;0;0m[48;2;19;19;19m▖[38;2;19;19;19m[48;2;40;40;40m▅[38;2;19;19;19m[48;2;40;40;40m▂[38;2;77;77;77m[48;2;19;19;19m▝[38;2;19;19;19m[48;2;101;101;101m▖[0m
[38;2;0;0;0m[48;2;101;101;101m [38;2;0;0;0m[48;2;101;101;101m [38;2;0;0;0m[48;2;101;101;101m [38;2;0;0;0m[48;2;101;101;101m [38;2;0;0;0m[48;2;101;101;101m [38;2;0;0;0m[48;2;101;101;101m [38;2;0;0;0m[48;2;101;101;101m [38;2;0;0;0m[48;2;101;101;101m [38;2;127;127;127m[48;2;101;101;101m▂[38;2;101;101;101m[48;2;129;129;129m▘[38;2;101;101;101m[48;2;129;129;129m [38;2;101;101;101m[48;2;129;129;129m [38;2;101;101;101m[48;2;129;129;129m [38;2;101;101;101m[48;2;129;129;129m [38;2;101;101;101m[48;2;129;129;129m [38;2;101;101;101m[48;2;129;129;129m [38;2;101;101;101m[48;2;129;129;129m [38;2;101;101;101m[48;2;129;129;129m▝[38;2;129;129;129m[48;2;101;101;101m▅[38;2;129;129;129m[48;2;101;101;101m [38;2;129;129;129m[48;2;101;101;101m [38;2;129;129;129m[48;2;101;101;101m [38;2;129;129;129m[48;2;101;101;101m [38;2;129;129;129m[48;2;101;101;101m [38;2;0;0;0m[48;2;129;129;129m [38;2;0;0;0m[48;2;129;129;129m [38;2;0;0;0m[48;2;129;129;129m [38;2;0;0;0m[48;2;129;129;129m [38;2;0;0;0m[48;2;129;129;129m [38;2;0;0;0m[48;2;129;129;129m [38;2;0;0;0m[48;2;129;129;129m [38;2;0;0;0m[48;2;129;129;129m [38;2;0;0;0m[48;2;129;129;129m [38;2;0;0;0m[48;2;129;129;129m [38;2;0;0;0m[48;2;129;129;129m [38;2;0;0;0m[48;2;129;129;129m [38;2;0;0;0m[48;2;129;129;129m [38;2;0;0;0m[48;2;129;129;129m [38;2;0;0;0m[48;2;129;129;129m [38;2;0;0;0m[48;2;129;129;129m [38;2;0;0;0m[48;2;129;129;129m [38;2;0;0;0m[48;2;129;129;129m [38;2;0;0;0m[48;2;129;129;129m [38;2;0;0;0m[48;2;129;129;129m [38;2;0;0;0m[48;2;129;129;129m [38;2;0;0;0m[48;2;129;129;129m [38;2;0;0;0m[48;2;129;129;129m [38;2;0;0;0m[48;2;129;129;129m [38;2;129;129;129m[48;2;127;127;127m▌[38;2;54;54;54m[48;2;19;19;19m▘[38;2;19;19;19m[48;2;54;54;54m▃[38;2;0;0;0m[48;2;40;40;40m [38;2;0;0;0m[48;2;19;19;19m [38;2;19;19;19m[48;2;40;40;40m▅[38;2;19;19;19m[48;2;40;40;40m▆[38;2;40;40;40m[48;2;54;54;54m▊[38;2;116;58;0m[48;2;181;99;0m▌[38;2;181;99;0m[48;2;252;127;0m▊[38;2;181;99;0m[48;2;252;127;0m [38;2;181;99;0m[48;2;252;127;0m [38;2;0;0;0m[48;2;255;180;89m [38;2;0;0;0m[48;2;255;180;89m [38;2;0;0;0m[48;2;255;180;89m [38;2;255;180;89m[48;2;255;211;156m▌[38;2;255;180;89m[48;2;255;211;156m▖[38;2;255;180;89m[48;2;255;211;156m [38;2;255;180;89m[48;2;255;211;156m [38;2;255;180;89m[48;2;255;211;156m [38;2;255;180;89m[48;2;255;211;156m [38;2;255;180;89m[48;2;255;211;156m [38;2;255;180;89m[48;2;255;211;156m [38;2;255;180;89m[48;2;255;211;156m [38;2;0;0;0m[48;2;255;180;89m [38;2;0;0;0m[48;2;255;180;89m [38;2;0;0;0m[48;2;255;211;156m [38;2;116;58;0m[48;2;19;19;19m▎[38;2;116;58;0m[48;2;19;19;19m [38;2;116;58;0m[48;2;19;19;19m [38;2;19;19;19m[48;2;77;77;77m▊[38;2;129;129;129m[48;2;77;77;77m▅[0m
[38;2;0;0;0m[48;2;101;101;101m [38;2;0;0;0m[48;2;101;101;101m [38;2;0;0;0m[48;2;101;101;101m [38;2;0;0;0m[48;2;101;101;101m [38;2;0;0;0m[48;2;101;101;101m [38;2;0;0;0m[48;2;101;101;101m [38;2;0;0;0m[48;2;101;101;101m [38;2;0;0;0m[48;2;101;101;101m [38;2;127;127;127m[48;2;129;129;129m▌[38;2;127;127;127m[48;2;129;129;129m [38;2;127;127;127m[48;2;129;129;129m [38;2;127;127;127m[48;2;129;129;129m [38;2;127;127;127m[48;2;129;129;129m [38;2;127;127;127m[48;2;129;129;129m [38;2;127;127;127m[48;2;129;129;129m [38;2;127;127;127m[48;2;129;129;129m [38;2;127;127;127m[48;2;129;129;129m [38;2;127;127;127m[48;2;129;129;129m [38;2;127;127;127m[48;2;129;129;129m [38;2;127;127;127m[48;2;129;129;129m▐[38;2;0;0;0m[48;2;101;101;101m [38;2;0;0;0m[48;2;101;101;101m [38;2;0;0;0m[48;2;101;101;101m [38;2;0;0;0m[48;2;101;101;101m [38;2;101;101;101m[48;2;129;129;129m▅[38;2;101;101;101m[48;2;129;129;129m▃[38;2;101;101;101m[48;2;129;129;129m▃[38;2;101;101;101m[48;2;129;129;129m▅[38;2;101;101;101m[48;2;129;129;129m▅[38;2;101;101;101m[48;2;129;129;129m▖[38;2;101;101;101m[48;2;129;129;129m [38;2;101;101;101m[48;2;129;129;129m [38;2;101;101;101m[48;2;129;129;129m [38;2;101;101;101m[48;2;129;129;129m [38;2;101;101;101m[48;2;129;129;129m [38;2;101;101;101m[48;2;129;129;129m [38;2;101;101;101m[48;2;129;129;129m [38;2;101;101;101m[48;2;129;129;129m [38;2;101;101;101m[48;2;129;129;129m [38;2;101;101;101m[48;2;129;129;129m [38;2;101;101;101m[48;2;129;129;129m [38;2;101;101;101m[48;2;129;129;129m [38;2;101;101;101m[48;2;129;129;129m [38;2;101;101;101m[48;2;129;129;129m [38;2;101;101;101m[48;2;129;129;129m [38;2;129;129;129m[48;2;127;127;127m▌[38;2;129;129;129m[48;2;127;127;127m▗[38;2;0;0;0m[48;2;129;129;129m [38;2;19;19;19m[48;2;129;129;129m▗[38;2;0;0;0m[48;2;19;19;19m [38;2;40;40;40m[48;2;19;19;19m▖[38;2;0;0;0m[48;2;19;19;19m▅[38;2;0;0;0m[48;2;19;19;19m▅[38;2;0;0;0m[48;2;19;19;19m [38;2;0;0;0m[48;2;19;19;19m [38;2;40;40;40m[48;2;116;58;0m▊[38;2;116;58;0m[48;2;181;99;0m▘[38;2;0;0;0m[48;2;252;127;0m [38;2;0;0;0m[48;2;252;127;0m [38;2;0;0;0m[48;2;252;127;0m [38;2;252;127;0m[48;2;255;180;89m▅[38;2;252;127;0m[48;2;255;180;89m [38;2;252;127;0m[48;2;255;180;89m [38;2;252;127;0m[48;2;255;180;89m [38;2;252;127;0m[48;2;255;180;89m [38;2;255;180;89m[48;2;255;211;156m▅[38;2;255;180;89m[48;2;255;211;156m▟[38;2;255;211;156m[48;2;255;180;89m [38;2;255;211;156m[48;2;255;180;89m [38;2;255;211;156m[48;2;255;180;89m [38;2;255;211;156m[48;2;255;180;89m [38;2;255;211;156m[48;2;255;180;89m [38;2;255;211;156m[48;2;255;180;89m [38;2;255;211;156m[48;2;255;180;89m [38;2;255;211;156m[48;2;255;180;89m▐[38;2;255;211;156m[48;2;116;58;0m▌[38;2;0;0;0m[48;2;19;19;19m▊[38;2;0;0;0m[48;2;19;19;19m [38;2;19;19;19m[48;2;0;0;0m▎[38;2;101;101;101m[48;2;129;129;129m▌[0m
[38;2;0;0;0m[48;2;101;101;101m [38;2;0;0;0m[48;2;101;101;101m [38;2;0;0;0m[48;2;101;101;101m [38;2;0;0;0m[48;2;101;101;101m [38;2;0;0;0m[48;2;101;101;101m [38;2;0;0;0m[48;2;101;101;101m [38;2;0;0;0m[48;2;101;101;101m [38;2;0;0;0m[48;2;101;101;101m [38;2;101;101;101m[48;2;127;127;127m▅[38;2;101;101;101m[48;2;127;127;127m▃[38;2;101;101;101m[48;2;129;129;129m▁[38;2;101;101;101m[48;2;129;129;129m [38;2;127;127;127m[48;2;129;129;129m━[38;2;127;127;127m[48;2;129;129;129m [38;2;127;127;127m[48;2;129;129;129m [38;2;127;127;127m[48;2;129;129;129m [38;2;127;127;127m[48;2;129;129;129m [38;2;127;127;127m[48;2;129;129;129m [38;2;127;127;127m[48;2;129;129;129m [38;2;127;127;127m[48;2;129;129;129m [38;2;129;129;129m[48;2;101;101;101m▃[38;2;129;129;129m[48;2;101;101;101m [38;2;129;129;129m[48;2;101;101;101m [38;2;129;129;129m[48;2;101;101;101m [38;2;129;129;129m[48;2;101;101;101m [38;2;129;129;129m[48;2;101;101;101m [38;2;129;129;129m[48;2;101;101;101m [38;2;129;129;129m[48;2;101;101;101m [38;2;129;129;129m[48;2;101;101;101m [38;2;129;129;129m[48;2;101;101;101m▝[38;2;101;101;101m[48;2;129;129;129m▁[38;2;101;101;101m[48;2;129;129;129m [38;2;101;101;101m[48;2;129;129;129m [38;2;101;101;101m[48;2;129;129;129m [38;2;101;101;101m[48;2;129;129;129m [38;2;101;101;101m[48;2;129;129;129m [38;2;101;101;101m[48;2;129;129;129m [38;2;101;101;101m[48;2;129;129;129m [38;2;101;101;101m[48;2;129;129;129m [38;2;101;101;101m[48;2;129;129;129m [38;2;101;101;101m[48;2;129;129;129m [38;2;101;101;101m[48;2;129;129;129m [38;2;101;101;101m[48;2;129;129;129m [38;2;101;101;101m[48;2;129;129;129m [38;2;101;101;101m[48;2;129;129;129m [38;2;101;101;101m[48;2;129;129;129m [38;2;101;101;101m[48;2;129;129;129m [38;2;77;77;77m[48;2;129;129;129m▗[38;2;0;0;0m[48;2;19;19;19m [38;2;0;0;0m[48;2;19;19;19m [38;2;0;0;0m[48;2;19;19;19m [38;2;19;19;19m[48;2;0;0;0m▎[38;2;0;0;0m[48;2;19;19;19m [38;2;116;58;0m[48;2;19;19;19m▗[38;2;116;58;0m[48;2;71;33;0m▆[38;2;181;99;0m[48;2;252;127;0m▌[38;2;252;127;0m[48;2;252;127;0m▗[38;2;181;99;0m[48;2;252;127;0m▁[38;2;181;99;0m[48;2;252;127;0m▁[38;2;116;58;0m[48;2;252;127;0m▁[38;2;255;180;89m[48;2;252;127;0m▗[38;2;0;0;0m[48;2;255;180;89m [38;2;0;0;0m[48;2;255;180;89m [38;2;0;0;0m[48;2;255;180;89m [38;2;0;0;0m[48;2;255;180;89m [38;2;0;0;0m[48;2;255;180;89m [38;2;0;0;0m[48;2;255;180;89m [38;2;0;0;0m[48;2;255;180;89m [38;2;0;0;0m[48;2;255;180;89m [38;2;0;0;0m[48;2;255;180;89m [38;2;0;0;0m[48;2;255;180;89m [38;2;0;0;0m[48;2;255;180;89m [38;2;0;0;0m[48;2;255;180;89m [38;2;0;0;0m[48;2;255;180;89m [38;2;255;180;89m[48;2;255;211;156m▊[38;2;255;211;156m[48;2;116;58;0m▎[38;2;0;0;0m[48;2;19;19;19m▊[38;2;0;0;0m[48;2;19;19;19m [38;2;0;0;0m[48;2;19;19;19m▐[38;2;54;54;54m[48;2;129;129;129m▌[0m
[38;2;0;0;0m[48;2;101;101;101m [38;2;0;0;0m[48;2;101;101;101m [38;2;0;0;0m[48;2;101;101;101m [38;2;0;0;0m[48;2;101;101;101m [38;2;0;0;0m[48;2;101;101;101m [38;2;0;0;0m[48;2;101;101;101m [38;2;0;0;0m[48;2;101;101;101m [38;2;0;0;0m[48;2;101;101;101m [38;2;0;0;0m[48;2;101;101;101m [38;2;0;0;0m[48;2;101;101;101m [38;2;0;0;0m[48;2;101;101;101m [38;2;101;101;101m[48;2;127;127;127m▖[38;2;0;0;0m[48;2;129;129;129m [38;2;0;0;0m[48;2;129;129;129m [38;2;0;0;0m[48;2;129;129;129m [38;2;0;0;0m[48;2;129;129;129m [38;2;0;0;0m[48;2;129;129;129m [38;2;0;0;0m[48;2;129;129;129m [38;2;0;0;0m[48;2;129;129;129m [38;2;0;0;0m[48;2;129;129;129m [38;2;101;101;101m[48;2;129;129;129m▝[38;2;0;0;0m[48;2;101;101;101m [38;2;0;0;0m[48;2;101;101;101m [38;2;0;0;0m[48;2;101;101;101m [38;2;0;0;0m[48;2;101;101;101m [38;2;0;0;0m[48;2;101;101;101m [38;2;0;0;0m[48;2;101;101;101m [38;2;0;0;0m[48;2;101;101;101m [38;2;0;0;0m[48;2;101;101;101m [38;2;0;0;0m[48;2;101;101;101m [38;2;0;0;0m[48;2;101;101;101m [38;2;101;101;101m[48;2;127;127;127m▃[38;2;101;101;101m[48;2;129;129;129m▂[38;2;101;101;101m[48;2;129;129;129m [38;2;101;101;101m[48;2;129;129;129m [38;2;101;101;101m[48;2;129;129;129m [38;2;101;101;101m[48;2;129;129;129m [38;2;101;101;101m[48;2;129;129;129m [38;2;101;101;101m[48;2;129;129;129m [38;2;101;101;101m[48;2;129;129;129m [38;2;101;101;101m[48;2;129;129;129m [38;2;101;101;101m[48;2;129;129;129m [38;2;101;101;101m[48;2;129;129;129m [38;2;101;101;101m[48;2;129;129;129m [38;2;101;101;101m[48;2;129;129;129m [38;2;101;101;101m[48;2;129;129;129m [38;2;101;101;101m[48;2;129;129;129m [38;2;181;99;0m[48;2;255;211;156m▃[38;2;252;127;0m[48;2;127;127;127m▆[38;2;255;211;156m[48;2;101;101;101m▃[38;2;252;127;0m[48;2;40;40;40m▖[38;2;0;0;0m[48;2;19;19;19m▖[38;2;0;0;0m[48;2;19;19;19m [38;2;19;19;19m[48;2;116;58;0m▌[38;2;252;127;0m[48;2;181;99;0m▆[38;2;181;99;0m[48;2;252;127;0m▗[38;2;181;99;0m[48;2;252;127;0m▆[38;2;181;99;0m[48;2;181;99;0m━[38;2;252;127;0m[48;2;181;99;0m▄[38;2;252;127;0m[48;2;116;58;0m▃[38;2;252;127;0m[48;2;116;58;0m▃[38;2;71;33;0m[48;2;181;99;0m▆[38;2;71;0;0m[48;2;252;127;0m▅[38;2;71;0;0m[48;2;252;127;0m▅[38;2;116;58;0m[48;2;255;180;89m▖[38;2;116;58;0m[48;2;255;180;89m [38;2;116;58;0m[48;2;255;180;89m [38;2;116;58;0m[48;2;255;180;89m [38;2;116;58;0m[48;2;255;180;89m [38;2;255;180;89m[48;2;255;211;156m▂[38;2;255;180;89m[48;2;255;211;156m▂[38;2;255;180;89m[48;2;255;211;156m▁[38;2;0;0;0m[48;2;255;180;89m [38;2;0;0;0m[48;2;255;180;89m [38;2;255;211;156m[48;2;255;180;89m▝[38;2;116;58;0m[48;2;54;54;54m▌[38;2;0;0;0m[48;2;19;19;19m [38;2;19;19;19m[48;2;0;0;0m▌[38;2;77;77;77m[48;2;19;19;19m▗[38;2;101;101;101m[48;2;129;129;129m▗[0m
[38;2;0;0;0m[48;2;101;101;101m [38;2;0;0;0m[48;2;101;101;101m [38;2;0;0;0m[48;2;101;101;101m [38;2;0;0;0m[48;2;101;101;101m [38;2;0;0;0m[48;2;101;101;101m [38;2;0;0;0m[48;2;101;101;101m [38;2;0;0;0m[48;2;101;101;101m [38;2;0;0;0m[48;2;101;101;101m [38;2;0;0;0m[48;2;101;101;101m [38;2;0;0;0m[48;2;101;101;101m [38;2;0;0;0m[48;2;101;101;101m [38;2;0;0;0m[48;2;101;101;101m [38;2;101;101;101m[48;2;129;129;129m▇[38;2;101;101;101m[48;2;129;129;129m▆[38;2;101;101;101m[48;2;129;129;129m▅[38;2;101;101;101m[48;2;129;129;129m▃[38;2;101;101;101m[48;2;129;129;129m [38;2;101;101;101m[48;2;129;129;129m [38;2;101;101;101m[48;2;129;129;129m [38;2;101;101;101m[48;2;129;129;129m▃[38;2;101;101;101m[48;2;129;129;129m▁[38;2;101;101;101m[48;2;127;127;127m▝[38;2;127;127;127m[48;2;101;101;101m▂[38;2;127;127;127m[48;2;101;101;101m [38;2;127;127;127m[48;2;101;101;101m [38;2;127;127;127m[48;2;101;101;101m [38;2;127;127;127m[48;2;101;101;101m [38;2;127;127;127m[48;2;101;101;101m [38;2;127;127;127m[48;2;101;101;101m [38;2;127;127;127m[48;2;101;101;101m [38;2;127;127;127m[48;2;101;101;101m [38;2;127;127;127m[48;2;101;101;101m [38;2;127;127;127m[48;2;101;101;101m [38;2;127;127;127m[48;2;101;101;101m▐[38;2;0;0;0m[48;2;129;129;129m [38;2;0;0;0m[48;2;129;129;129m [38;2;0;0;0m[48;2;129;129;129m [38;2;0;0;0m[48;2;129;129;129m [38;2;0;0;0m[48;2;129;129;129m [38;2;0;0;0m[48;2;129;129;129m [38;2;0;0;0m[48;2;129;129;129m [38;2;0;0;0m[48;2;129;129;129m [38;2;0;0;0m[48;2;129;129;129m [38;2;0;0;0m[48;2;129;129;129m [38;2;0;0;0m[48;2;129;129;129m [38;2;0;0;0m[48;2;129;129;129m [38;2;127;127;127m[48;2;129;129;129m▌[38;2;0;0;0m[48;2;181;99;0m [38;2;255;180;89m[48;2;181;99;0m▅[38;2;255;211;156m[48;2;255;180;89m▝[38;2;255;211;156m[48;2;252;127;0m▘[38;2;0;0;0m[48;2;19;19;19m [38;2;71;33;0m[48;2;19;19;19m▗[38;2;116;58;0m[48;2;252;127;0m▊[38;2;252;127;0m[48;2;255;180;89m▚[38;2;252;127;0m[48;2;181;99;0m▘[38;2;181;99;0m[48;2;252;127;0m━[38;2;181;99;0m[48;2;252;127;0m▝[38;2;181;99;0m[48;2;116;58;0m▃[38;2;181;99;0m[48;2;71;0;0m▄[38;2;181;99;0m[48;2;19;19;19m▃[38;2;181;99;0m[48;2;116;58;0m▅[38;2;181;99;0m[48;2;116;58;0m▎[38;2;181;99;0m[48;2;116;58;0m▅[38;2;181;99;0m[48;2;116;58;0m▃[38;2;0;0;0m[48;2;181;99;0m [38;2;255;211;156m[48;2;255;180;89m▃[38;2;255;211;156m[48;2;255;180;89m▖[38;2;71;0;0m[48;2;255;180;89m▃[38;2;71;0;0m[48;2;252;127;0m▅[38;2;71;0;0m[48;2;252;127;0m▅[38;2;71;0;0m[48;2;255;180;89m▅[38;2;71;33;0m[48;2;255;180;89m▃[38;2;71;33;0m[48;2;255;180;89m▂[38;2;181;99;0m[48;2;255;180;89m▝[38;2;116;58;0m[48;2;19;19;19m▎[38;2;116;58;0m[48;2;19;19;19m [38;2;19;19;19m[48;2;0;0;0m▘[38;2;77;77;77m[48;2;101;101;101m▌[38;2;127;127;127m[48;2;101;101;101m▘[0m
[38;2;0;0;0m[48;2;101;101;101m [38;2;0;0;0m[48;2;101;101;101m [38;2;0;0;0m[48;2;101;101;101m [38;2;0;0;0m[48;2;101;101;101m [38;2;0;0;0m[48;2;101;101;101m [38;2;0;0;0m[48;2;101;101;101m [38;2;0;0;0m[48;2;101;101;101m [38;2;0;0;0m[48;2;101;101;101m [38;2;0;0;0m[48;2;101;101;101m [38;2;0;0;0m[48;2;101;101;101m [38;2;0;0;0m[48;2;101;101;101m [38;2;0;0;0m[48;2;101;101;101m [38;2;0;0;0m[48;2;101;101;101m [38;2;0;0;0m[48;2;101;101;101m [38;2;0;0;0m[48;2;101;101;101m [38;2;0;0;0m[48;2;101;101;101m [38;2;129;129;129m[48;2;101;101;101m▝[38;2;127;127;127m[48;2;129;129;129m▖[38;2;101;101;101m[48;2;129;129;129m▝[38;2;0;0;0m[48;2;101;101;101m [38;2;0;0;0m[48;2;101;101;101m [38;2;101;101;101m[48;2;127;127;127m▇[38;2;0;0;0m[48;2;101;101;101m [38;2;0;0;0m[48;2;101;101;101m [38;2;0;0;0m[48;2;101;101;101m [38;2;0;0;0m[48;2;101;101;101m [38;2;0;0;0m[48;2;101;101;101m [38;2;0;0;0m[48;2;101;101;101m [38;2;0;0;0m[48;2;101;101;101m [38;2;0;0;0m[48;2;101;101;101m [38;2;0;0;0m[48;2;101;101;101m [38;2;0;0;0m[48;2;101;101;101m [38;2;0;0;0m[48;2;101;101;101m [38;2;0;0;0m[48;2;101;101;101m [38;2;127;127;127m[48;2;127;127;127m▌[38;2;0;0;0m[48;2;129;129;129m [38;2;0;0;0m[48;2;129;129;129m [38;2;0;0;0m[48;2;129;129;129m [38;2;0;0;0m[48;2;129;129;129m [38;2;0;0;0m[48;2;129;129;129m [38;2;0;0;0m[48;2;129;129;129m [38;2;0;0;0m[48;2;129;129;129m [38;2;0;0;0m[48;2;129;129;129m [38;2;0;0;0m[48;2;129;129;129m [38;2;0;0;0m[48;2;129;129;129m [38;2;0;0;0m[48;2;129;129;129m [38;2;0;0;0m[48;2;129;129;129m [38;2;0;0;0m[48;2;181;99;0m [38;2;181;99;0m[48;2;252;127;0m━[38;2;252;127;0m[48;2;255;180;89m▊[38;2;255;211;156m[48;2;255;180;89m▌[38;2;116;58;0m[48;2;19;19;19m▎[38;2;71;33;0m[48;2;116;58;0m▌[38;2;181;99;0m[48;2;252;127;0m▅[38;2;181;99;0m[48;2;252;127;0m▁[38;2;181;99;0m[48;2;252;127;0m [38;2;252;127;0m[48;2;255;180;89m▌[38;2;252;127;0m[48;2;255;180;89m [38;2;252;127;0m[48;2;255;180;89m━[38;2;252;127;0m[48;2;255;180;89m━[38;2;252;127;0m[48;2;255;180;89m━[38;2;255;180;89m[48;2;181;99;0m▄[38;2;252;127;0m[48;2;181;99;0m▆[38;2;255;180;89m[48;2;252;127;0m▝[38;2;255;180;89m[48;2;252;127;0m [38;2;181;99;0m[48;2;255;180;89m▊[38;2;0;0;0m[48;2;255;211;156m [38;2;255;180;89m[48;2;116;58;0m▌[38;2;181;99;0m[48;2;71;33;0m▃[38;2;181;99;0m[48;2;71;0;0m▅[38;2;181;99;0m[48;2;116;0;0m▁[38;2;19;19;19m[48;2;116;0;0m▅[38;2;71;33;0m[48;2;116;58;0m▅[38;2;252;127;0m[48;2;116;58;0m▆[38;2;116;58;0m[48;2;71;33;0m▅[38;2;54;54;54m[48;2;0;0;0m▌[38;2;0;0;0m[48;2;19;19;19m [38;2;19;19;19m[48;2;101;101;101m▘[38;2;101;101;101m[48;2;127;127;127m▅[38;2;0;0;0m[48;2;101;101;101m [0m
[38;2;0;0;0m[48;2;101;101;101m [38;2;0;0;0m[48;2;101;101;101m [38;2;0;0;0m[48;2;101;101;101m [38;2;0;0;0m[48;2;101;101;101m [38;2;0;0;0m[48;2;101;101;101m [38;2;0;0;0m[48;2;101;101;101m [38;2;0;0;0m[48;2;101;101;101m [38;2;0;0;0m[48;2;101;101;101m [38;2;0;0;0m[48;2;101;101;101m [38;2;0;0;0m[48;2;101;101;101m [38;2;0;0;0m[48;2;101;101;101m [38;2;0;0;0m[48;2;101;101;101m [38;2;0;0;0m[48;2;101;101;101m [38;2;0;0;0m[48;2;101;101;101m [38;2;0;0;0m[48;2;101;101;101m [38;2;0;0;0m[48;2;101;101;101m [38;2;0;0;0m[48;2;101;101;101m [38;2;0;0;0m[48;2;101;101;101m [38;2;101;101;101m[48;2;129;129;129m▖[38;2;129;129;129m[48;2;127;127;127m▌[38;2;0;0;0m[48;2;101;101;101m [38;2;0;0;0m[48;2;101;101;101m [38;2;0;0;0m[48;2;101;101;101m [38;2;0;0;0m[48;2;101;101;101m [38;2;0;0;0m[48;2;101;101;101m [38;2;0;0;0m[48;2;101;101;101m [38;2;0;0;0m[48;2;101;101;101m [38;2;0;0;0m[48;2;101;101;101m [38;2;0;0;0m[48;2;101;101;101m [38;2;0;0;0m[48;2;101;101;101m [38;2;0;0;0m[48;2;101;101;101m [38;2;0;0;0m[48;2;101;101;101m [38;2;0;0;0m[48;2;101;101;101m [38;2;0;0;0m[48;2;101;101;101m [38;2;101;101;101m[48;2;127;127;127m▆[38;2;101;101;101m[48;2;127;127;127m▖[38;2;0;0;0m[48;2;129;129;129m [38;2;0;0;0m[48;2;129;129;129m [38;2;0;0;0m[48;2;129;129;129m [38;2;0;0;0m[48;2;129;129;129m [38;2;0;0;0m[48;2;129;129;129m [38;2;0;0;0m[48;2;129;129;129m [38;2;0;0;0m[48;2;129;129;129m [38;2;0;0;0m[48;2;129;129;129m [38;2;0;0;0m[48;2;129;129;129m [38;2;0;0;0m[48;2;129;129;129m [38;2;0;0;0m[48;2;129;129;129m [38;2;127;127;127m[48;2;181;99;0m▌[38;2;127;127;127m[48;2;181;99;0m [38;2;255;180;89m[48;2;252;127;0m▅[38;2;252;127;0m[48;2;255;180;89m▅[38;2;116;58;0m[48;2;181;99;0m▝[38;2;116;58;0m[48;2;181;99;0m [38;2;116;58;0m[48;2;181;99;0m [38;2;116;58;0m[48;2;181;99;0m [38;2;0;0;0m[48;2;252;127;0m [38;2;0;0;0m[48;2;252;127;0m [38;2;0;0;0m[48;2;255;180;89m [38;2;255;211;156m[48;2;255;180;89m▃[38;2;255;211;156m[48;2;255;180;89m▄[38;2;255;211;156m[48;2;255;180;89m▅[38;2;255;211;156m[48;2;255;180;89m▅[38;2;255;211;156m[48;2;255;180;89m [38;2;0;0;0m[48;2;252;127;0m [38;2;252;127;0m[48;2;181;99;0m▌[38;2;252;127;0m[48;2;255;180;89m▌[38;2;255;211;156m[48;2;255;180;89m▌[38;2;252;127;0m[48;2;255;180;89m▌[38;2;255;180;89m[48;2;252;127;0m▅[38;2;255;180;89m[48;2;252;127;0m▃[38;2;252;127;0m[48;2;255;180;89m▇[38;2;252;127;0m[48;2;255;180;89m▆[38;2;252;127;0m[48;2;71;0;0m▅[38;2;252;127;0m[48;2;71;0;0m▟[38;2;40;40;40m[48;2;116;58;0m▗[38;2;0;0;0m[48;2;0;0;0m [38;2;40;40;40m[48;2;101;101;101m▘[38;2;101;101;101m[48;2;127;127;127m▅[38;2;0;0;0m[48;2;101;101;101m [38;2;0;0;0m[48;2;101;101;101m [0m
[38;2;0;0;0m[48;2;101;101;101m [38;2;0;0;0m[48;2;101;101;101m [38;2;0;0;0m[48;2;101;101;101m [38;2;175;175;175m[48;2;5;55;25m┬[38;2;0;0;0m[48;2;101;101;101m [38;2;0;0;0m[48;2;101;101;101m [38;2;0;0;0m[48;2;101;101;101m [38;2;0;0;0m[48;2;101;101;101m [38;2;0;0;0m[48;2;101;101;101m [38;2;0;0;0m[48;2;101;101;101m [38;2;0;0;0m[48;2;101;101;101m [38;2;0;0;0m[48;2;101;101;101m [38;2;0;0;0m[48;2;101;101;101m [38;2;0;0;0m[48;2;101;101;101m [38;2;0;0;0m[48;2;101;101;101m [38;2;0;0;0m[48;2;101;101;101m [38;2;0;0;0m[48;2;101;101;101m [38;2;0;0;0m[48;2;101;101;101m [38;2;0;0;0m[48;2;101;101;101m [38;2;101;101;101m[48;2;127;127;127m▅[38;2;101;101;101m[48;2;127;127;127m▃[38;2;127;127;127m[48;2;101;101;101m [38;2;127;127;127m[48;2;101;101;101m▅[38;2;127;127;127m[48;2;101;101;101m▅[38;2;127;127;127m[48;2;101;101;101m▂[38;2;127;127;127m[48;2;101;101;101m [38;2;127;127;127m[48;2;101;101;101m [38;2;101;101;101m[48;2;127;127;127m▅[38;2;127;127;127m[48;2;101;101;101m▅[38;2;127;127;127m[48;2;101;101;101m [38;2;129;129;129m[48;2;127;127;127m▇[38;2;129;129;129m[48;2;127;127;127m▇[38;2;127;127;127m[48;2;101;101;101m▆[38;2;127;127;127m[48;2;101;101;101m▖[38;2;127;127;127m[48;2;101;101;101m [38;2;127;127;127m[48;2;101;101;101m [38;2;101;101;101m[48;2;127;127;127m▅[38;2;127;127;127m[48;2;129;129;129m▖[38;2;127;127;127m[48;2;129;129;129m [38;2;127;127;127m[48;2;129;129;129m [38;2;127;127;127m[48;2;129;129;129m [38;2;127;127;127m[48;2;129;129;129m [38;2;127;127;127m[48;2;129;129;129m [38;2;127;127;127m[48;2;129;129;129m [38;2;127;127;127m[48;2;129;129;129m [38;2;127;127;127m[48;2;129;129;129m [38;2;127;127;127m[48;2;129;129;129m [38;2;127;127;127m[48;2;101;101;101m▌[38;2;0;0;0m[48;2;0;0;0m [38;2;0;0;0m[48;2;181;99;0m▅[38;2;0;0;0m[48;2;181;99;0m▅[38;2;71;33;0m[48;2;181;99;0m▖[38;2;71;33;0m[48;2;181;99;0m [38;2;71;33;0m[48;2;181;99;0m [38;2;71;33;0m[48;2;181;99;0m [38;2;252;127;0m[48;2;181;99;0m▝[38;2;0;0;0m[48;2;252;127;0m [38;2;255;180;89m[48;2;252;127;0m▝[38;2;255;180;89m[48;2;255;211;156m▆[38;2;255;180;89m[48;2;255;211;156m▅[38;2;252;127;0m[48;2;255;211;156m▆[38;2;252;127;0m[48;2;255;180;89m▆[38;2;181;99;0m[48;2;252;127;0m▗[38;2;181;99;0m[48;2;252;127;0m▀[38;2;181;99;0m[48;2;252;127;0m [38;2;255;180;89m[48;2;255;211;156m▌[38;2;255;180;89m[48;2;255;211;156m▐[38;2;0;0;0m[48;2;252;127;0m [38;2;0;0;0m[48;2;255;180;89m [38;2;255;211;156m[48;2;255;180;89m▂[38;2;255;211;156m[48;2;255;180;89m [38;2;255;211;156m[48;2;255;180;89m [38;2;255;211;156m[48;2;255;180;89m [38;2;181;99;0m[48;2;255;180;89m▗[38;2;116;58;0m[48;2;40;40;40m▎[38;2;19;19;19m[48;2;101;101;101m▘[38;2;19;19;19m[48;2;101;101;101m [38;2;19;19;19m[48;2;101;101;101m [38;2;19;19;19m[48;2;101;101;101m [38;2;19;19;19m[48;2;101;101;101m [0m
[38;2;0;0;0m[48;2;101;101;101m [38;2;0;0;0m[48;2;101;101;101m [38;2;0;0;0m[48;2;101;101;101m [38;2;0;0;0m[48;2;101;101;101m [38;2;0;0;0m[48;2;101;101;101m [38;2;0;0;0m[48;2;101;101;101m [38;2;0;0;0m[48;2;101;101;101m [38;2;0;0;0m[48;2;101;101;101m [38;2;0;0;0m[48;2;101;101;101m [38;2;0;0;0m[48;2;101;101;101m [38;2;0;0;0m[48;2;101;101;101m [38;2;0;0;0m[48;2;101;101;101m [38;2;0;0;0m[48;2;101;101;101m [38;2;0;0;0m[48;2;101;101;101m [38;2;0;0;0m[48;2;101;101;101m [38;2;0;0;0m[48;2;101;101;101m [38;2;0;0;0m[48;2;101;101;101m [38;2;0;0;0m[48;2;101;101;101m [38;2;0;0;0m[48;2;101;101;101m [38;2;0;0;0m[48;2;101;101;101m [38;2;0;0;0m[48;2;101;101;101m [38;2;0;0;0m[48;2;101;101;101m [38;2;0;0;0m[48;2;101;101;101m [38;2;127;127;127m[48;2;101;101;101m▝[38;2;127;127;127m[48;2;101;101;101m▘[38;2;127;127;127m[48;2;101;101;101m [38;2;127;127;127m[48;2;101;101;101m [38;2;127;127;127m[48;2;101;101;101m [38;2;127;127;127m[48;2;101;101;101m [38;2;127;127;127m[48;2;101;101;101m [38;2;101;101;101m[48;2;127;127;127m▅[38;2;101;101;101m[48;2;127;127;127m▖[38;2;0;0;0m[48;2;129;129;129m [38;2;0;0;0m[48;2;129;129;129m [38;2;127;127;127m[48;2;101;101;101m▆[38;2;127;127;127m[48;2;101;101;101m▇[38;2;129;129;129m[48;2;101;101;101m▆[38;2;0;0;0m[48;2;127;127;127m [38;2;127;127;127m[48;2;129;129;129m▅[38;2;127;127;127m[48;2;129;129;129m▅[38;2;127;127;127m[48;2;129;129;129m▅[38;2;127;127;127m[48;2;129;129;129m [38;2;127;127;127m[48;2;129;129;129m [38;2;127;127;127m[48;2;129;129;129m [38;2;127;127;127m[48;2;129;129;129m [38;2;127;127;127m[48;2;129;129;129m [38;2;0;0;0m[48;2;127;127;127m [38;2;0;0;0m[48;2;127;127;127m [38;2;101;101;101m[48;2;19;19;19m▃[38;2;0;0;0m[48;2;0;0;0m [38;2;71;0;0m[48;2;19;19;19m▗[38;2;116;58;0m[48;2;181;99;0m▅[38;2;116;58;0m[48;2;181;99;0m [38;2;116;58;0m[48;2;181;99;0m [38;2;116;58;0m[48;2;181;99;0m [38;2;0;0;0m[48;2;252;127;0m [38;2;0;0;0m[48;2;252;127;0m [38;2;0;0;0m[48;2;252;127;0m [38;2;0;0;0m[48;2;252;127;0m [38;2;0;0;0m[48;2;252;127;0m [38;2;255;180;89m[48;2;252;127;0m━[38;2;255;180;89m[48;2;252;127;0m▀[38;2;255;180;89m[48;2;252;127;0m [38;2;116;58;0m[48;2;181;99;0m━[38;2;116;0;0m[48;2;181;99;0m▄[38;2;116;58;0m[48;2;255;180;89m▃[38;2;116;0;0m[48;2;255;180;89m▃[38;2;181;99;0m[48;2;252;127;0m▅[38;2;252;127;0m[48;2;255;180;89m▆[38;2;255;180;89m[48;2;255;211;156m▇[38;2;255;180;89m[48;2;255;211;156m▂[38;2;255;180;89m[48;2;255;211;156m▗[38;2;252;127;0m[48;2;255;180;89m▗[38;2;252;127;0m[48;2;181;99;0m▘[38;2;101;101;101m[48;2;54;54;54m▆[38;2;0;0;0m[48;2;101;101;101m [38;2;0;0;0m[48;2;101;101;101m [38;2;0;0;0m[48;2;101;101;101m [38;2;0;0;0m[48;2;101;101;101m [38;2;0;0;0m[48;2;101;101;101m [0m
[38;2;0;0;0m[48;2;101;101;101m [38;2;0;0;0m[48;2;101;101;101m [38;2;0;0;0m[48;2;101;101;101m [38;2;0;0;0m[48;2;101;101;101m [38;2;0;0;0m[48;2;101;101;101m [38;2;0;0;0m[48;2;101;101;101m [38;2;0;0;0m[48;2;101;101;101m [38;2;0;0;0m[48;2;101;101;101m [38;2;0;0;0m[48;2;101;101;101m [38;2;0;0;0m[48;2;101;101;101m [38;2;0;0;0m[48;2;101;101;101m [38;2;0;0;0m[48;2;101;101;101m [38;2;0;0;0m[48;2;101;101;101m [38;2;0;0;0m[48;2;101;101;101m [38;2;0;0;0m[48;2;101;101;101m [38;2;0;0;0m[48;2;101;101;101m [38;2;0;0;0m[48;2;101;101;101m [38;2;0;0;0m[48;2;101;101;101m [38;2;0;0;0m[48;2;101;101;101m [38;2;0;0;0m[48;2;101;101;101m [38;2;0;0;0m[48;2;101;101;101m [38;2;0;0;0m[48;2;101;101;101m [38;2;0;0;0m[48;2;101;101;101m [38;2;0;0;0m[48;2;101;101;101m [38;2;0;0;0m[48;2;101;101;101m [38;2;0;0;0m[48;2;101;101;101m [38;2;0;0;0m[48;2;101;101;101m [38;2;127;127;127m[48;2;101;101;101m▆[38;2;127;127;127m[48;2;101;101;101m▃[38;2;127;127;127m[48;2;101;101;101m▅[38;2;127;127;127m[48;2;101;101;101m▆[38;2;0;0;0m[48;2;127;127;127m [38;2;0;0;0m[48;2;127;127;127m [38;2;0;0;0m[48;2;127;127;127m [38;2;0;0;0m[48;2;127;127;127m [38;2;0;0;0m[48;2;127;127;127m [38;2;0;0;0m[48;2;127;127;127m [38;2;0;0;0m[48;2;127;127;127m [38;2;0;0;0m[48;2;127;127;127m [38;2;0;0;0m[48;2;127;127;127m [38;2;0;0;0m[48;2;127;127;127m [38;2;0;0;0m[48;2;127;127;127m [38;2;0;0;0m[48;2;127;127;127m [38;2;127;127;127m[48;2;129;129;129m▅[38;2;127;127;127m[48;2;129;129;129m▅[38;2;127;127;127m[48;2;129;129;129m▅[38;2;127;127;127m[48;2;129;129;129m▛[38;2;0;0;0m[48;2;127;127;127m [38;2;0;0;0m[48;2;127;127;127m [38;2;77;77;77m[48;2;0;0;0m▎[38;2;19;19;19m[48;2;116;58;0m▘[38;2;181;99;0m[48;2;116;58;0m▌[38;2;181;99;0m[48;2;116;58;0m▝[38;2;0;0;0m[48;2;181;99;0m [38;2;181;99;0m[48;2;252;127;0m▌[38;2;181;99;0m[48;2;252;127;0m [38;2;181;99;0m[48;2;252;127;0m [38;2;252;127;0m[48;2;255;180;89m▘[38;2;252;127;0m[48;2;255;180;89m [38;2;181;99;0m[48;2;252;127;0m▁[38;2;181;99;0m[48;2;252;127;0m▁[38;2;181;99;0m[48;2;252;127;0m [38;2;255;180;89m[48;2;252;127;0m▗[38;2;255;180;89m[48;2;252;127;0m▆[38;2;255;180;89m[48;2;252;127;0m▄[38;2;255;180;89m[48;2;116;58;0m▅[38;2;255;180;89m[48;2;116;0;0m▅[38;2;181;99;0m[48;2;255;180;89m▘[38;2;255;180;89m[48;2;252;127;0m▌[38;2;181;99;0m[48;2;252;127;0m▚[38;2;252;127;0m[48;2;255;180;89m▇[38;2;181;99;0m[48;2;255;180;89m▂[38;2;0;0;0m[48;2;181;99;0m [38;2;181;99;0m[48;2;101;101;101m▘[38;2;181;99;0m[48;2;101;101;101m [38;2;181;99;0m[48;2;101;101;101m [38;2;181;99;0m[48;2;101;101;101m [38;2;0;0;0m[48;2;127;127;127m [38;2;127;127;127m[48;2;101;101;101m▇[38;2;0;0;0m[48;2;127;127;127m [0m
[38;2;0;0;0m[48;2;101;101;101m [38;2;0;0;0m[48;2;101;101;101m [38;2;0;0;0m[48;2;101;101;101m [38;2;0;0;0m[48;2;101;101;101m [38;2;0;0;0m[48;2;101;101;101m [38;2;0;0;0m[48;2;101;101;101m [38;2;0;0;0m[48;2;101;101;101m [38;2;0;0;0m[48;2;101;101;101m [38;2;0;0;0m[48;2;101;101;101m [38;2;0;0;0m[48;2;101;101;101m [38;2;0;0;0m[48;2;101;101;101m [38;2;0;0;0m[48;2;101;101;101m [38;2;0;0;0m[48;2;101;101;101m [38;2;0;0;0m[48;2;101;101;101m [38;2;0;0;0m[48;2;101;101;101m [38;2;0;0;0m[48;2;101;101;101m [38;2;0;0;0m[48;2;101;101;101m [38;2;0;0;0m[48;2;101;101;101m [38;2;0;0;0m[48;2;101;101;101m [38;2;0;0;0m[48;2;101;101;101m [38;2;0;0;0m[48;2;101;101;101m [38;2;0;0;0m[48;2;101;101;101m [38;2;0;0;0m[48;2;101;101;101m [38;2;0;0;0m[48;2;101;101;101m [38;2;0;0;0m[48;2;101;101;101m [38;2;0;0;0m[48;2;101;101;101m [38;2;127;127;127m[48;2;101;101;101m▆[38;2;0;0;0m[48;2;127;127;127m [38;2;127;127;127m[48;2;129;129;129m▅[38;2;127;127;127m[48;2;129;129;129m▅[38;2;0;0;0m[48;2;127;127;127m [38;2;0;0;0m[48;2;127;127;127m [38;2;0;0;0m[48;2;127;127;127m [38;2;0;0;0m[48;2;127;127;127m [38;2;0;0;0m[48;2;127;127;127m [38;2;0;0;0m[48;2;127;127;127m [38;2;0;0;0m[48;2;127;127;127m [38;2;0;0;0m[48;2;127;127;127m [38;2;0;0;0m[48;2;127;127;127m [38;2;0;0;0m[48;2;127;127;127m [38;2;0;0;0m[48;2;127;127;127m [38;2;0;0;0m[48;2;127;127;127m [38;2;0;0;0m[48;2;127;127;127m [38;2;0;0;0m[48;2;127;127;127m [38;2;0;0;0m[48;2;127;127;127m [38;2;0;0;0m[48;2;127;127;127m [38;2;129;129;129m[48;2;127;127;127m▅[38;2;129;129;129m[48;2;127;127;127m [38;2;129;129;129m[48;2;127;127;127m▊[38;2;127;127;127m[48;2;71;0;0m▌[38;2;71;0;0m[48;2;116;58;0m▖[38;2;0;0;0m[48;2;181;99;0m [38;2;71;33;0m[48;2;116;58;0m▗[38;2;0;0;0m[48;2;181;99;0m [38;2;0;0;0m[48;2;181;99;0m [38;2;0;0;0m[48;2;252;127;0m [38;2;0;0;0m[48;2;252;127;0m [38;2;0;0;0m[48;2;255;180;89m [38;2;252;127;0m[48;2;255;180;89m▝[38;2;255;180;89m[48;2;181;99;0m▅[38;2;181;99;0m[48;2;116;0;0m▅[38;2;181;99;0m[48;2;116;0;0m▄[38;2;252;127;0m[48;2;116;58;0m▃[38;2;252;127;0m[48;2;116;58;0m▁[38;2;116;58;0m[48;2;255;180;89m▆[38;2;71;0;0m[48;2;255;180;89m▅[38;2;71;0;0m[48;2;252;127;0m▃[38;2;116;0;0m[48;2;252;127;0m▂[38;2;255;180;89m[48;2;252;127;0m▗[38;2;255;180;89m[48;2;252;127;0m▄[38;2;252;127;0m[48;2;252;127;0m▗[38;2;0;0;0m[48;2;181;99;0m [38;2;181;99;0m[48;2;101;101;101m▘[38;2;181;99;0m[48;2;101;101;101m [38;2;181;99;0m[48;2;101;101;101m [38;2;181;99;0m[48;2;101;101;101m [38;2;127;127;127m[48;2;101;101;101m▅[38;2;0;0;0m[48;2;127;127;127m [38;2;101;101;101m[48;2;127;127;127m▅[38;2;101;101;101m[48;2;127;127;127m▅[0m
[38;2;0;0;0m[48;2;101;101;101m [38;2;0;0;0m[48;2;101;101;101m [38;2;0;0;0m[48;2;101;101;101m [38;2;0;0;0m[48;2;101;101;101m [38;2;0;0;0m[48;2;101;101;101m [38;2;0;0;0m[48;2;101;101;101m [38;2;0;0;0m[48;2;101;101;101m [38;2;0;0;0m[48;2;101;101;101m [38;2;0;0;0m[48;2;101;101;101m [38;2;0;0;0m[48;2;101;101;101m [38;2;0;0;0m[48;2;101;101;101m [38;2;0;0;0m[48;2;101;101;101m [38;2;0;0;0m[48;2;101;101;101m [38;2;0;0;0m[48;2;101;101;101m [38;2;0;0;0m[48;2;101;101;101m [38;2;0;0;0m[48;2;101;101;101m [38;2;0;0;0m[48;2;101;101;101m [38;2;0;0;0m[48;2;101;101;101m [38;2;0;0;0m[48;2;101;101;101m [38;2;0;0;0m[48;2;101;101;101m [38;2;0;0;0m[48;2;101;101;101m [38;2;0;0;0m[48;2;101;101;101m [38;2;0;0;0m[48;2;101;101;101m [38;2;0;0;0m[48;2;101;101;101m [38;2;0;0;0m[48;2;101;101;101m [38;2;0;0;0m[48;2;101;101;101m [38;2;101;101;101m[48;2;127;127;127m▌[38;2;101;101;101m[48;2;127;127;127m [38;2;101;101;101m[48;2;127;127;127m [38;2;101;101;101m[48;2;127;127;127m [38;2;101;101;101m[48;2;127;127;127m [38;2;101;101;101m[48;2;127;127;127m [38;2;101;101;101m[48;2;127;127;127m [38;2;101;101;101m[48;2;127;127;127m [38;2;101;101;101m[48;2;127;127;127m [38;2;101;101;101m[48;2;127;127;127m [38;2;101;101;101m[48;2;127;127;127m [38;2;101;101;101m[48;2;127;127;127m [38;2;101;101;101m[48;2;127;127;127m [38;2;101;101;101m[48;2;127;127;127m [38;2;101;101;101m[48;2;127;127;127m [38;2;101;101;101m[48;2;127;127;127m [38;2;101;101;101m[48;2;127;127;127m [38;2;101;101;101m[48;2;127;127;127m [38;2;101;101;101m[48;2;127;127;127m [38;2;101;101;101m[48;2;127;127;127m [38;2;101;101;101m[48;2;127;127;127m [38;2;19;19;19m[48;2;101;101;101m▃[38;2;181;99;0m[48;2;77;77;77m▗[38;2;116;58;0m[48;2;181;99;0m▗[38;2;71;0;0m[48;2;116;58;0m▘[38;2;0;0;0m[48;2;181;99;0m [38;2;71;33;0m[48;2;181;99;0m▝[38;2;116;58;0m[48;2;71;0;0m▝[38;2;0;0;0m[48;2;181;99;0m [38;2;0;0;0m[48;2;181;99;0m [38;2;181;99;0m[48;2;252;127;0m▖[38;2;252;127;0m[48;2;255;180;89m▇[38;2;0;0;0m[48;2;252;127;0m [38;2;252;127;0m[48;2;255;180;89m▃[38;2;255;180;89m[48;2;252;127;0m▆[38;2;255;180;89m[48;2;252;127;0m▂[38;2;181;99;0m[48;2;255;180;89m▅[38;2;116;58;0m[48;2;252;127;0m▂[38;2;181;99;0m[48;2;255;180;89m▅[38;2;255;180;89m[48;2;252;127;0m▘[38;2;255;180;89m[48;2;181;99;0m▄[38;2;255;180;89m[48;2;116;58;0m▆[38;2;0;0;0m[48;2;255;180;89m [38;2;255;180;89m[48;2;181;99;0m▘[38;2;255;180;89m[48;2;181;99;0m [38;2;181;99;0m[48;2;101;101;101m▘[38;2;181;99;0m[48;2;101;101;101m [38;2;181;99;0m[48;2;101;101;101m [38;2;181;99;0m[48;2;101;101;101m [38;2;181;99;0m[48;2;101;101;101m [38;2;181;99;0m[48;2;101;101;101m [38;2;181;99;0m[48;2;101;101;101m [38;2;181;99;0m[48;2;101;101;101m [38;2;181;99;0m[48;2;101;101;101m [0m
[38;2;0;0;0m[48;2;101;101;101m [38;2;0;0;0m[48;2;101;101;101m [38;2;0;0;0m[48;2;101;101;101m [38;2;0;0;0m[48;2;101;101;101m [38;2;0;0;0m[48;2;101;101;101m [38;2;0;0;0m[48;2;101;101;101m [38;2;0;0;0m[48;2;101;101;101m [38;2;0;0;0m[48;2;101;101;101m [38;2;0;0;0m[48;2;101;101;101m [38;2;0;0;0m[48;2;101;101;101m [38;2;0;0;0m[48;2;101;101;101m [38;2;0;0;0m[48;2;101;101;101m [38;2;0;0;0m[48;2;101;101;101m [38;2;0;0;0m[48;2;101;101;101m [38;2;0;0;0m[48;2;101;101;101m [38;2;0;0;0m[48;2;101;101;101m [38;2;0;0;0m[48;2;101;101;101m [38;2;0;0;0m[48;2;101;101;101m [38;2;0;0;0m[48;2;101;101;101m [38;2;0;0;0m[48;2;101;101;101m [38;2;0;0;0m[48;2;101;101;101m [38;2;0;0;0m[48;2;101;101;101m [38;2;0;0;0m[48;2;101;101;101m [38;2;101;101;101m[48;2;127;127;127m▌[38;2;101;101;101m[48;2;127;127;127m [38;2;101;101;101m[48;2;127;127;127m [38;2;101;101;101m[48;2;127;127;127m [38;2;101;101;101m[48;2;127;127;127m [38;2;101;101;101m[48;2;127;127;127m [38;2;101;101;101m[48;2;127;127;127m [38;2;101;101;101m[48;2;127;127;127m [38;2;101;101;101m[48;2;127;127;127m [38;2;101;101;101m[48;2;127;127;127m [38;2;101;101;101m[48;2;127;127;127m [38;2;101;101;101m[48;2;127;127;127m [38;2;101;101;101m[48;2;127;127;127m [38;2;101;101;101m[48;2;127;127;127m [38;2;101;101;101m[48;2;127;127;127m [38;2;101;101;101m[48;2;127;127;127m [38;2;101;101;101m[48;2;127;127;127m [38;2;101;101;101m[48;2;127;127;127m [38;2;101;101;101m[48;2;127;127;127m [38;2;101;101;101m[48;2;127;127;127m [38;2;101;101;101m[48;2;127;127;127m [38;2;77;77;77m[48;2;127;127;127m▁[38;2;54;54;54m[48;2;127;127;127m▃[38;2;101;101;101m[48;2;0;0;0m▘[38;2;226;226;226m[48;2;77;77;77m▗[38;2;226;226;226m[48;2;255;180;89m▌[38;2;0;0;0m[48;2;116;58;0m [38;2;181;99;0m[48;2;116;58;0m▃[38;2;0;0;0m[48;2;181;99;0m [38;2;0;0;0m[48;2;181;99;0m [38;2;71;0;0m[48;2;181;99;0m▝[38;2;0;0;0m[48;2;71;0;0m [38;2;71;0;0m[48;2;116;58;0m▃[38;2;116;58;0m[48;2;181;99;0m▁[38;2;181;99;0m[48;2;252;127;0m▖[38;2;181;99;0m[48;2;252;127;0m [38;2;181;99;0m[48;2;252;127;0m [38;2;0;0;0m[48;2;255;180;89m [38;2;0;0;0m[48;2;255;180;89m [38;2;255;180;89m[48;2;252;127;0m▇[38;2;255;180;89m[48;2;181;99;0m▆[38;2;255;180;89m[48;2;181;99;0m▆[38;2;255;180;89m[48;2;252;127;0m▆[38;2;0;0;0m[48;2;255;180;89m [38;2;181;99;0m[48;2;255;180;89m▗[38;2;0;0;0m[48;2;181;99;0m [38;2;101;101;101m[48;2;181;99;0m▁[38;2;0;0;0m[48;2;101;101;101m [38;2;0;0;0m[48;2;101;101;101m [38;2;0;0;0m[48;2;101;101;101m [38;2;0;0;0m[48;2;101;101;101m [38;2;0;0;0m[48;2;101;101;101m [38;2;0;0;0m[48;2;101;101;101m [38;2;0;0;0m[48;2;101;101;101m [38;2;0;0;0m[48;2;101;101;101m [38;2;0;0;0m[48;2;101;101;101m [38;2;0;0;0m[48;2;101;101;101m [0m
[38;2;0;0;0m[48;2;101;101;101m [38;2;0;0;0m[48;2;101;101;101m [38;2;0;0;0m[48;2;101;101;101m [38;2;0;0;0m[48;2;101;101;101m [38;2;0;0;0m[48;2;101;101;101m [38;2;0;0;0m[48;2;101;101;101m [38;2;0;0;0m[48;2;101;101;101m [38;2;0;0;0m[48;2;101;101;101m [38;2;0;0;0m[48;2;101;101;101m [38;2;0;0;0m[48;2;101;101;101m [38;2;0;0;0m[48;2;101;101;101m [38;2;0;0;0m[48;2;101;101;101m [38;2;0;0;0m[48;2;101;101;101m [38;2;0;0;0m[48;2;101;101;101m [38;2;0;0;0m[48;2;101;101;101m [38;2;0;0;0m[48;2;101;101;101m [38;2;0;0;0m[48;2;101;101;101m [38;2;0;0;0m[48;2;101;101;101m [38;2;0;0;0m[48;2;101;101;101m [38;2;0;0;0m[48;2;101;101;101m [38;2;0;0;0m[48;2;101;101;101m [38;2;127;127;127m[48;2;101;101;101m▃[38;2;127;127;127m[48;2;101;101;101m▟[38;2;101;101;101m[48;2;127;127;127m [38;2;101;101;101m[48;2;127;127;127m [38;2;101;101;101m[48;2;127;127;127m [38;2;101;101;101m[48;2;127;127;127m [38;2;101;101;101m[48;2;127;127;127m [38;2;101;101;101m[48;2;127;127;127m [38;2;101;101;101m[48;2;127;127;127m [38;2;101;101;101m[48;2;127;127;127m [38;2;101;101;101m[48;2;127;127;127m [38;2;101;101;101m[48;2;127;127;127m [38;2;101;101;101m[48;2;127;127;127m [38;2;101;101;101m[48;2;127;127;127m [38;2;101;101;101m[48;2;127;127;127m [38;2;101;101;101m[48;2;127;127;127m [38;2;101;101;101m[48;2;127;127;127m [38;2;101;101;101m[48;2;127;127;127m [38;2;101;101;101m[48;2;127;127;127m [38;2;101;101;101m[48;2;127;127;127m▂[38;2;77;77;77m[48;2;127;127;127m▃[38;2;77;77;77m[48;2;127;127;127m▃[38;2;77;77;77m[48;2;101;101;101m▆[38;2;77;77;77m[48;2;101;101;101m▐[38;2;19;19;19m[48;2;0;0;0m▘[38;2;210;210;210m[48;2;40;40;40m▗[38;2;0;0;0m[48;2;255;255;255m [38;2;255;255;255m[48;2;226;226;226m▌[38;2;0;0;0m[48;2;116;58;0m [38;2;116;58;0m[48;2;181;99;0m▌[38;2;116;58;0m[48;2;181;99;0m [38;2;116;58;0m[48;2;181;99;0m▟[38;2;116;58;0m[48;2;181;99;0m [38;2;116;58;0m[48;2;181;99;0m▝[38;2;116;58;0m[48;2;71;0;0m▖[38;2;71;33;0m[48;2;71;0;0m▝[38;2;71;33;0m[48;2;181;99;0m▅[38;2;116;58;0m[48;2;181;99;0m▁[38;2;181;99;0m[48;2;252;127;0m▁[38;2;181;99;0m[48;2;252;127;0m [38;2;252;127;0m[48;2;255;180;89m▂[38;2;252;127;0m[48;2;255;180;89m [38;2;252;127;0m[48;2;255;180;89m [38;2;252;127;0m[48;2;255;180;89m [38;2;252;127;0m[48;2;255;180;89m [38;2;252;127;0m[48;2;255;180;89m▄[38;2;40;40;40m[48;2;181;99;0m▂[38;2;71;33;0m[48;2;19;19;19m▘[38;2;19;19;19m[48;2;101;101;101m▅[38;2;0;0;0m[48;2;101;101;101m▃[38;2;19;19;19m[48;2;101;101;101m▂[38;2;19;19;19m[48;2;101;101;101m [38;2;19;19;19m[48;2;101;101;101m [38;2;19;19;19m[48;2;101;101;101m [38;2;19;19;19m[48;2;101;101;101m [38;2;19;19;19m[48;2;101;101;101m [38;2;19;19;19m[48;2;101;101;101m [38;2;19;19;19m[48;2;101;101;101m [38;2;19;19;19m[48;2;101;101;101m [0m
[38;2;0;0;0m[48;2;101;101;101m [38;2;0;0;0m[48;2;101;101;101m [38;2;0;0;0m[48;2;101;101;101m [38;2;0;0;0m[48;2;101;101;101m [38;2;0;0;0m[48;2;101;101;101m [38;2;0;0;0m[48;2;101;101;101m [38;2;0;0;0m[48;2;101;101;101m [38;2;0;0;0m[48;2;101;101;101m [38;2;0;0;0m[48;2;101;101;101m [38;2;0;0;0m[48;2;101;101;101m [38;2;0;0;0m[48;2;101;101;101m [38;2;0;0;0m[48;2;101;101;101m [38;2;0;0;0m[48;2;101;101;101m [38;2;0;0;0m[48;2;101;101;101m [38;2;0;0;0m[48;2;101;101;101m [38;2;0;0;0m[48;2;101;101;101m [38;2;0;0;0m[48;2;101;101;101m [38;2;0;0;0m[48;2;101;101;101m [38;2;0;0;0m[48;2;101;101;101m [38;2;127;127;127m[48;2;101;101;101m▂[38;2;127;127;127m[48;2;101;101;101m▅[38;2;0;0;0m[48;2;127;127;127m [38;2;0;0;0m[48;2;127;127;127m [38;2;0;0;0m[48;2;127;127;127m [38;2;0;0;0m[48;2;127;127;127m [38;2;0;0;0m[48;2;127;127;127m [38;2;0;0;0m[48;2;127;127;127m [38;2;0;0;0m[48;2;127;127;127m [38;2;0;0;0m[48;2;127;127;127m [38;2;0;0;0m[48;2;127;127;127m [38;2;0;0;0m[48;2;127;127;127m [38;2;0;0;0m[48;2;127;127;127m [38;2;0;0;0m[48;2;127;127;127m [38;2;0;0;0m[48;2;127;127;127m [38;2;77;77;77m[48;2;127;127;127m▃[38;2;77;77;77m[48;2;127;127;127m▅[38;2;101;101;101m[48;2;127;127;127m▅[38;2;0;0;0m[48;2;101;101;101m [38;2;77;77;77m[48;2;101;101;101m▘[38;2;77;77;77m[48;2;101;101;101m▂[38;2;77;77;77m[48;2;101;101;101m [38;2;101;101;101m[48;2;77;77;77m▃[38;2;101;101;101m[48;2;77;77;77m▃[38;2;77;77;77m[48;2;101;101;101m▃[38;2;101;101;101m[48;2;19;19;19m▘[38;2;0;0;0m[48;2;77;77;77m▊[38;2;159;159;159m[48;2;210;210;210m▌[38;2;210;210;210m[48;2;226;226;226m▆[38;2;210;210;210m[48;2;226;226;226m▖[38;2;188;188;188m[48;2;77;77;77m▌[38;2;181;99;0m[48;2;116;58;0m▝[38;2;116;58;0m[48;2;181;99;0m [38;2;116;58;0m[48;2;181;99;0m▐[38;2;116;58;0m[48;2;181;99;0m▌[38;2;116;58;0m[48;2;181;99;0m [38;2;116;58;0m[48;2;181;99;0m▐[38;2;116;58;0m[48;2;71;33;0m▄[38;2;116;58;0m[48;2;71;33;0m [38;2;116;58;0m[48;2;71;33;0m [38;2;71;33;0m[48;2;116;58;0m▆[38;2;71;33;0m[48;2;181;99;0m▅[38;2;71;33;0m[48;2;181;99;0m▅[38;2;71;33;0m[48;2;252;127;0m▅[38;2;116;58;0m[48;2;252;127;0m▅[38;2;116;58;0m[48;2;252;127;0m▅[38;2;159;159;159m[48;2;116;58;0m▄[38;2;127;127;127m[48;2;40;40;40m▎[38;2;0;0;0m[48;2;19;19;19m▌[38;2;0;0;0m[48;2;19;19;19m▃[38;2;0;0;0m[48;2;19;19;19m [38;2;0;0;0m[48;2;19;19;19m [38;2;40;40;40m[48;2;0;0;0m▗[38;2;40;40;40m[48;2;0;0;0m▅[38;2;40;40;40m[48;2;19;19;19m▃[38;2;40;40;40m[48;2;101;101;101m▅[38;2;19;19;19m[48;2;101;101;101m▄[38;2;40;40;40m[48;2;101;101;101m▂[38;2;40;40;40m[48;2;101;101;101m▁[38;2;40;40;40m[48;2;101;101;101m [38;2;40;40;40m[48;2;101;101;101m [0m
[38;2;0;0;0m[48;2;101;101;101m [38;2;0;0;0m[48;2;101;101;101m [38;2;0;0;0m[48;2;101;101;101m [38;2;0;0;0m[48;2;101;101;101m [38;2;0;0;0m[48;2;101;101;101m [38;2;0;0;0m[48;2;101;101;101m [38;2;0;0;0m[48;2;101;101;101m [38;2;0;0;0m[48;2;101;101;101m [38;2;0;0;0m[48;2;101;101;101m [38;2;0;0;0m[48;2;101;101;101m [38;2;0;0;0m[48;2;101;101;101m [38;2;0;0;0m[48;2;101;101;101m [38;2;127;127;127m[48;2;101;101;101m▅[38;2;127;127;127m[48;2;101;101;101m▅[38;2;127;127;127m[48;2;101;101;101m▅[38;2;127;127;127m[48;2;101;101;101m [38;2;127;127;127m[48;2;101;101;101m [38;2;127;127;127m[48;2;101;101;101m [38;2;127;127;127m[48;2;127;127;127m▌[38;2;127;127;127m[48;2;127;127;127m [38;2;127;127;127m[48;2;127;127;127m [38;2;127;127;127m[48;2;127;127;127m [38;2;127;127;127m[48;2;127;127;127m [38;2;127;127;127m[48;2;127;127;127m [38;2;127;127;127m[48;2;127;127;127m [38;2;127;127;127m[48;2;127;127;127m [38;2;101;101;101m[48;2;127;127;127m▁[38;2;101;101;101m[48;2;127;127;127m▂[38;2;77;77;77m[48;2;127;127;127m▃[38;2;77;77;77m[48;2;127;127;127m▄[38;2;77;77;77m[48;2;101;101;101m▅[38;2;77;77;77m[48;2;101;101;101m▇[38;2;101;101;101m[48;2;77;77;77m▂[38;2;77;77;77m[48;2;77;77;77m▂[38;2;77;77;77m[48;2;77;77;77m▃[38;2;77;77;77m[48;2;101;101;101m▅[38;2;19;19;19m[48;2;101;101;101m▅[38;2;19;19;19m[48;2;77;77;77m▆[38;2;77;77;77m[48;2;19;19;19m▃[38;2;0;0;0m[48;2;77;77;77m [38;2;77;77;77m[48;2;101;101;101m▅[38;2;54;54;54m[48;2;77;77;77m▁[38;2;19;19;19m[48;2;77;77;77m▂[38;2;19;19;19m[48;2;77;77;77m▟[38;2;19;19;19m[48;2;0;0;0m▌[38;2;19;19;19m[48;2;0;0;0m [38;2;188;188;188m[48;2;226;226;226m▌[38;2;226;226;226m[48;2;210;210;210m▅[38;2;226;226;226m[48;2;210;210;210m [38;2;0;0;0m[48;2;226;226;226m [38;2;188;188;188m[48;2;101;101;101m▃[38;2;77;77;77m[48;2;116;58;0m▖[38;2;116;58;0m[48;2;181;99;0m▝[38;2;116;58;0m[48;2;181;99;0m [38;2;116;58;0m[48;2;181;99;0m [38;2;116;58;0m[48;2;181;99;0m [38;2;116;58;0m[48;2;181;99;0m [38;2;181;99;0m[48;2;116;58;0m▅[38;2;116;58;0m[48;2;71;33;0m▃[38;2;116;58;0m[48;2;71;33;0m [38;2;0;0;0m[48;2;116;58;0m [38;2;0;0;0m[48;2;116;58;0m [38;2;116;58;0m[48;2;71;33;0m▅[38;2;116;58;0m[48;2;181;99;0m▌[38;2;77;77;77m[48;2;101;101;101m▅[38;2;210;210;210m[48;2;159;159;159m▅[38;2;54;54;54m[48;2;0;0;0m▌[38;2;54;54;54m[48;2;0;0;0m [38;2;54;54;54m[48;2;0;0;0m [38;2;54;54;54m[48;2;0;0;0m [38;2;54;54;54m[48;2;0;0;0m [38;2;19;19;19m[48;2;0;0;0m▃[38;2;19;19;19m[48;2;40;40;40m▇[38;2;19;19;19m[48;2;40;40;40m▄[38;2;19;19;19m[48;2;40;40;40m▂[38;2;19;19;19m[48;2;40;40;40m [38;2;19;19;19m[48;2;40;40;40m [38;2;19;19;19m[48;2;40;40;40m [38;2;40;40;40m[48;2;54;54;54m▃[38;2;54;54;54m[48;2;101;101;101m▇[0m
[38;2;0;0;0m[48;2;101;101;101m [38;2;0;0;0m[48;2;101;101;101m [38;2;0;0;0m[48;2;101;101;101m [38;2;0;0;0m[48;2;101;101;101m [38;2;0;0;0m[48;2;101;101;101m [38;2;0;0;0m[48;2;101;101;101m [38;2;0;0;0m[48;2;101;101;101m [38;2;0;0;0m[48;2;101;101;101m [38;2;0;0;0m[48;2;101;101;101m [38;2;0;0;0m[48;2;101;101;101m [38;2;0;0;0m[48;2;101;101;101m [38;2;0;0;0m[48;2;127;127;127m [38;2;0;0;0m[48;2;127;127;127m [38;2;0;0;0m[48;2;127;127;127m [38;2;0;0;0m[48;2;127;127;127m [38;2;0;0;0m[48;2;127;127;127m [38;2;0;0;0m[48;2;127;127;127m [38;2;0;0;0m[48;2;101;101;101m [38;2;0;0;0m[48;2;101;101;101m [38;2;101;101;101m[48;2;127;127;127m▖[38;2;101;101;101m[48;2;127;127;127m [38;2;101;101;101m[48;2;127;127;127m [38;2;101;101;101m[48;2;127;127;127m [38;2;77;77;77m[48;2;127;127;127m▃[38;2;77;77;77m[48;2;127;127;127m▅[38;2;77;77;77m[48;2;101;101;101m▅[38;2;101;101;101m[48;2;77;77;77m▅[38;2;77;77;77m[48;2;77;77;77m▅[38;2;77;77;77m[48;2;77;77;77m▆[38;2;19;19;19m[48;2;77;77;77m▁[38;2;19;19;19m[48;2;77;77;77m▂[38;2;19;19;19m[48;2;77;77;77m▅[38;2;19;19;19m[48;2;77;77;77m▅[38;2;19;19;19m[48;2;77;77;77m▅[38;2;0;0;0m[48;2;19;19;19m [38;2;0;0;0m[48;2;19;19;19m [38;2;0;0;0m[48;2;19;19;19m [38;2;19;19;19m[48;2;40;40;40m▇[38;2;0;0;0m[48;2;19;19;19m [38;2;19;19;19m[48;2;77;77;77m▆[38;2;0;0;0m[48;2;19;19;19m [38;2;0;0;0m[48;2;19;19;19m [38;2;0;0;0m[48;2;19;19;19m [38;2;0;0;0m[48;2;19;19;19m [38;2;0;0;0m[48;2;19;19;19m [38;2;0;0;0m[48;2;0;0;0m [38;2;226;226;226m[48;2;255;255;255m▌[38;2;0;0;0m[48;2;226;226;226m [38;2;0;0;0m[48;2;226;226;226m [38;2;210;210;210m[48;2;226;226;226m▝[38;2;210;210;210m[48;2;226;226;226m▅[38;2;101;101;101m[48;2;210;210;210m▝[38;2;159;159;159m[48;2;116;58;0m▁[38;2;159;159;159m[48;2;116;58;0m [38;2;116;58;0m[48;2;181;99;0m▎[38;2;116;58;0m[48;2;181;99;0m [38;2;116;58;0m[48;2;181;99;0m [38;2;116;58;0m[48;2;181;99;0m [38;2;116;58;0m[48;2;181;99;0m [38;2;181;99;0m[48;2;116;58;0m▄[38;2;181;99;0m[48;2;116;58;0m▃[38;2;181;99;0m[48;2;116;58;0m▃[38;2;181;99;0m[48;2;116;58;0m▟[38;2;77;77;77m[48;2;116;58;0m▗[38;2;54;54;54m[48;2;159;159;159m▘[38;2;0;0;0m[48;2;255;255;255m [38;2;159;159;159m[48;2;0;0;0m▌[38;2;159;159;159m[48;2;0;0;0m [38;2;159;159;159m[48;2;0;0;0m [38;2;159;159;159m[48;2;0;0;0m [38;2;0;0;0m[48;2;19;19;19m▌[38;2;0;0;0m[48;2;19;19;19m [38;2;0;0;0m[48;2;19;19;19m [38;2;0;0;0m[48;2;19;19;19m [38;2;0;0;0m[48;2;19;19;19m [38;2;0;0;0m[48;2;19;19;19m [38;2;19;19;19m[48;2;40;40;40m▅[38;2;19;19;19m[48;2;40;40;40m▅[38;2;19;19;19m[48;2;40;40;40m▆[38;2;19;19;19m[48;2;40;40;40m [0m
[38;2;0;0;0m[48;2;101;101;101m [38;2;0;0;0m[48;2;101;101;101m [38;2;0;255;255m[48;2;101;101;101m▄[38;2;0;255;255m[48;2;101;101;101m▄[38;2;0;255;255m[48;2;101;101;101m [38;2;0;255;255m[48;2;101;101;101m▄[38;2;0;255;255m[48;2;101;101;101m▄[38;2;0;255;255m[48;2;101;101;101m [38;2;0;255;255m[48;2;101;101;101m [38;2;127;127;127m[48;2;101;101;101m▅[38;2;0;0;0m[48;2;127;127;127m [38;2;0;0;0m[48;2;127;127;127m [38;2;0;0;0m[48;2;127;127;127m [38;2;0;0;0m[48;2;127;127;127m [38;2;0;0;0m[48;2;127;127;127m [38;2;0;0;0m[48;2;127;127;127m [38;2;101;101;101m[48;2;127;127;127m▅[38;2;101;101;101m[48;2;127;127;127m [38;2;77;77;77m[48;2;101;101;101m▂[38;2;77;77;77m[48;2;101;101;101m▅[38;2;77;77;77m[48;2;127;127;127m▆[38;2;77;77;77m[48;2;101;101;101m▇[38;2;77;77;77m[48;2;101;101;101m [38;2;77;77;77m[48;2;101;101;101m▃[38;2;77;77;77m[48;2;101;101;101m▅[38;2;19;19;19m[48;2;101;101;101m▅[38;2;19;19;19m[48;2;77;77;77m▆[38;2;0;0;0m[48;2;19;19;19m [38;2;0;0;0m[48;2;19;19;19m [38;2;0;0;0m[48;2;19;19;19m [38;2;0;0;0m[48;2;19;19;19m [38;2;0;0;0m[48;2;19;19;19m [38;2;0;0;0m[48;2;19;19;19m [38;2;0;0;0m[48;2;19;19;19m [38;2;0;0;0m[48;2;19;19;19m [38;2;0;0;0m[48;2;19;19;19m [38;2;0;0;0m[48;2;19;19;19m [38;2;0;0;0m[48;2;19;19;19m [38;2;0;0;0m[48;2;19;19;19m [38;2;0;0;0m[48;2;19;19;19m [38;2;0;0;0m[48;2;19;19;19m [38;2;0;0;0m[48;2;19;19;19m [38;2;0;0;0m[48;2;19;19;19m [38;2;0;0;0m[48;2;19;19;19m [38;2;0;0;0m[48;2;19;19;19m [38;2;0;0;0m[48;2;0;0;0m [38;2;188;188;188m[48;2;226;226;226m▌[38;2;188;188;188m[48;2;226;226;226m [38;2;101;101;101m[48;2;226;226;226m [38;2;101;101;101m[48;2;226;226;226m▂[38;2;210;210;210m[48;2;226;226;226m▄[38;2;226;226;226m[48;2;210;210;210m▃[38;2;226;226;226m[48;2;210;210;210m [38;2;188;188;188m[48;2;116;58;0m▅[38;2;54;54;54m[48;2;116;58;0m▂[38;2;19;19;19m[48;2;181;99;0m▂[38;2;19;19;19m[48;2;181;99;0m [38;2;19;19;19m[48;2;181;99;0m [38;2;19;19;19m[48;2;181;99;0m [38;2;19;19;19m[48;2;181;99;0m [38;2;19;19;19m[48;2;181;99;0m [38;2;19;19;19m[48;2;181;99;0m [38;2;0;0;0m[48;2;77;77;77m [38;2;188;188;188m[48;2;101;101;101m▄[38;2;0;0;0m[48;2;188;188;188m [38;2;101;101;101m[48;2;226;226;226m▂[38;2;188;188;188m[48;2;19;19;19m▎[38;2;0;0;0m[48;2;0;0;0m [38;2;0;0;0m[48;2;0;0;0m [38;2;0;0;0m[48;2;0;0;0m [38;2;0;0;0m[48;2;19;19;19m [38;2;0;0;0m[48;2;19;19;19m [38;2;0;0;0m[48;2;19;19;19m [38;2;0;255;255m[48;2;19;19;19m▄[38;2;0;255;255m[48;2;19;19;19m▄[38;2;19;19;19m[48;2;40;40;40m▌[38;2;0;255;255m[48;2;40;40;40m▄[38;2;0;255;255m[48;2;40;40;40m▄[38;2;19;19;19m[48;2;40;40;40m▖[38;2;19;19;19m[48;2;40;40;40m [0m
[38;2;0;0;0m[48;2;101;101;101m [38;2;0;0;0m[48;2;101;101;101m [38;2;0;0;0m[48;2;0;255;255m [38;2;0;0;0m[48;2;0;255;255m [38;2;0;0;0m[48;2;101;101;101m [38;2;0;0;0m[48;2;0;255;255m [38;2;0;0;0m[48;2;0;255;255m [38;2;0;0;0m[48;2;101;101;101m [38;2;101;101;101m[48;2;127;127;127m▘[38;2;101;101;101m[48;2;127;127;127m [38;2;0;255;255m[48;2;101;101;101m▄[38;2;0;0;0m[48;2;0;255;255m [38;2;101;101;101m[48;2;0;255;255m▄[38;2;127;127;127m[48;2;0;255;255m▄[38;2;127;127;127m[48;2;0;255;255m [38;2;0;255;255m[48;2;101;101;101m▄[38;2;77;77;77m[48;2;101;101;101m▅[38;2;0;255;255m[48;2;101;101;101m▄[38;2;0;0;0m[48;2;0;255;255m [38;2;77;77;77m[48;2;0;255;255m▃[38;2;77;77;77m[48;2;0;255;255m▃[38;2;19;19;19m[48;2;0;255;255m▃[38;2;19;19;19m[48;2;0;255;255m [38;2;19;19;19m[48;2;0;255;255m▀[38;2;0;0;0m[48;2;19;19;19m [38;2;0;0;0m[48;2;0;255;255m [38;2;0;0;0m[48;2;0;255;255m [38;2;0;255;255m[48;2;19;19;19m▄[38;2;0;255;255m[48;2;19;19;19m [38;2;0;255;255m[48;2;19;19;19m [38;2;0;0;0m[48;2;0;255;255m [38;2;0;0;0m[48;2;0;255;255m [38;2;0;0;0m[48;2;19;19;19m [38;2;0;255;255m[48;2;19;19;19m▄[38;2;0;0;0m[48;2;0;255;255m [38;2;19;19;19m[48;2;0;255;255m▃[38;2;19;19;19m[48;2;0;255;255m▃[38;2;19;19;19m[48;2;0;255;255m▃[38;2;19;19;19m[48;2;0;255;255m [38;2;19;19;19m[48;2;0;255;255m▀[38;2;0;0;0m[48;2;19;19;19m [38;2;19;19;19m[48;2;0;255;255m▃[38;2;19;19;19m[48;2;0;255;255m [38;2;19;19;19m[48;2;0;255;255m [38;2;19;19;19m[48;2;0;255;255m▃[38;2;19;19;19m[48;2;0;255;255m▃[38;2;19;19;19m[48;2;0;255;255m [38;2;19;19;19m[48;2;0;255;255m [38;2;226;226;226m[48;2;101;101;101m▌[38;2;0;0;0m[48;2;0;255;255m [38;2;0;0;0m[48;2;0;255;255m [38;2;0;255;255m[48;2;101;101;101m▃[38;2;101;101;101m[48;2;226;226;226m▂[38;2;210;210;210m[48;2;77;77;77m▌[38;2;0;0;0m[48;2;0;255;255m [38;2;0;0;0m[48;2;0;255;255m [38;2;77;77;77m[48;2;19;19;19m▂[38;2;0;0;0m[48;2;0;255;255m [38;2;0;0;0m[48;2;0;255;255m [38;2;0;0;0m[48;2;0;255;255m [38;2;0;0;0m[48;2;0;255;255m [38;2;0;0;0m[48;2;0;255;255m [38;2;0;0;0m[48;2;0;255;255m [38;2;188;188;188m[48;2;101;101;101m▝[38;2;0;255;255m[48;2;101;101;101m▃[38;2;0;0;0m[48;2;0;255;255m [38;2;0;0;0m[48;2;0;255;255m▃[38;2;0;0;0m[48;2;0;255;255m▄[38;2;0;0;0m[48;2;0;255;255m▄[38;2;0;0;0m[48;2;0;255;255m [38;2;0;0;0m[48;2;0;255;255m▀[38;2;0;0;0m[48;2;19;19;19m▖[38;2;0;0;0m[48;2;19;19;19m [38;2;0;0;0m[48;2;0;255;255m [38;2;0;0;0m[48;2;0;255;255m [38;2;0;0;0m[48;2;19;19;19m [38;2;0;0;0m[48;2;0;255;255m [38;2;0;147;147m[48;2;0;255;255m▁[38;2;19;19;19m[48;2;40;40;40m▌[38;2;19;19;19m[48;2;40;40;40m [0m
[38;2;0;0;0m[48;2;101;101;101m [38;2;0;0;0m[48;2;101;101;101m [38;2;0;0;0m[48;2;101;101;101m [38;2;101;101;101m[48;2;0;255;255m▃[38;2;0;0;0m[48;2;101;101;101m [38;2;101;101;101m[48;2;0;255;255m▃[38;2;0;0;0m[48;2;101;101;101m [38;2;0;0;0m[48;2;101;101;101m [38;2;101;101;101m[48;2;127;127;127m▁[38;2;0;0;0m[48;2;0;255;255m [38;2;0;0;0m[48;2;0;255;255m [38;2;0;0;0m[48;2;101;101;101m [38;2;0;0;0m[48;2;127;127;127m [38;2;0;0;0m[48;2;129;129;129m [38;2;0;0;0m[48;2;19;19;19m [38;2;0;0;0m[48;2;0;255;255m▅[38;2;19;19;19m[48;2;77;77;77m▆[38;2;0;0;0m[48;2;0;255;255m [38;2;0;0;0m[48;2;0;255;255m [38;2;0;0;0m[48;2;19;19;19m [38;2;0;0;0m[48;2;19;19;19m [38;2;0;0;0m[48;2;19;19;19m [38;2;0;0;0m[48;2;0;255;255m [38;2;0;0;0m[48;2;0;255;255m [38;2;0;0;0m[48;2;19;19;19m [38;2;0;0;0m[48;2;0;255;255m [38;2;0;0;0m[48;2;0;255;255m [38;2;0;0;0m[48;2;0;255;255m [38;2;0;0;0m[48;2;0;255;255m [38;2;0;255;255m[48;2;19;19;19m▄[38;2;0;0;0m[48;2;0;255;255m [38;2;0;0;0m[48;2;0;255;255m [38;2;0;0;0m[48;2;19;19;19m [38;2;19;19;19m[48;2;0;255;255m▄[38;2;19;19;19m[48;2;0;255;255m [38;2;19;19;19m[48;2;0;255;255m▀[38;2;0;255;255m[48;2;19;19;19m [38;2;0;255;255m[48;2;19;19;19m [38;2;0;255;255m[48;2;19;19;19m▀[38;2;0;255;255m[48;2;19;19;19m▀[38;2;0;255;255m[48;2;19;19;19m [38;2;0;255;255m[48;2;19;19;19m [38;2;0;0;0m[48;2;0;255;255m [38;2;0;0;0m[48;2;0;255;255m [38;2;0;255;255m[48;2;19;19;19m [38;2;0;255;255m[48;2;19;19;19m▄[38;2;77;77;77m[48;2;226;226;226m▌[38;2;226;226;226m[48;2;0;255;255m▗[38;2;226;226;226m[48;2;101;101;101m▌[38;2;101;101;101m[48;2;0;255;255m [38;2;101;101;101m[48;2;0;255;255m [38;2;101;101;101m[48;2;0;255;255m [38;2;101;101;101m[48;2;0;255;255m [38;2;101;101;101m[48;2;0;255;255m▀[38;2;101;101;101m[48;2;0;255;255m [38;2;101;101;101m[48;2;0;255;255m [38;2;255;255;255m[48;2;101;101;101m▗[38;2;77;77;77m[48;2;0;255;255m▄[38;2;101;101;101m[48;2;19;19;19m▅[38;2;0;0;0m[48;2;0;255;255m [38;2;0;0;0m[48;2;0;255;255m [38;2;226;226;226m[48;2;101;101;101m▗[38;2;255;255;255m[48;2;0;255;255m▂[38;2;226;226;226m[48;2;101;101;101m▂[38;2;226;226;226m[48;2;0;255;255m▄[38;2;255;255;255m[48;2;0;255;255m▂[38;2;54;54;54m[48;2;0;0;0m▎[38;2;54;54;54m[48;2;0;0;0m [38;2;0;255;255m[48;2;0;0;0m▄[38;2;0;0;0m[48;2;0;255;255m [38;2;0;0;0m[48;2;0;255;255m▄[38;2;0;0;0m[48;2;19;19;19m▘[38;2;0;0;0m[48;2;19;19;19m [38;2;0;0;0m[48;2;19;19;19m [38;2;19;19;19m[48;2;0;255;255m▄[38;2;0;0;0m[48;2;19;19;19m [38;2;19;19;19m[48;2;0;255;255m▄[38;2;19;19;19m[48;2;40;40;40m▃[38;2;19;19;19m[48;2;40;40;40m▃[38;2;19;19;19m[48;2;40;40;40m [0m
[38;2;0;0;0m[48;2;101;101;101m [38;2;0;0;0m[48;2;101;101;101m [38;2;0;0;0m[48;2;101;101;101m [38;2;0;0;0m[48;2;101;101;101m [38;2;0;0;0m[48;2;101;101;101m [38;2;0;0;0m[48;2;101;101;101m [38;2;0;0;0m[48;2;101;101;101m [38;2;0;0;0m[48;2;101;101;101m [38;2;0;0;0m[48;2;101;101;101m [38;2;0;0;0m[48;2;0;255;255m [38;2;0;0;0m[48;2;0;255;255m [38;2;0;0;0m[48;2;101;101;101m [38;2;127;127;127m[48;2;129;129;129m▂[38;2;101;101;101m[48;2;19;19;19m▌[38;2;0;0;0m[48;2;0;0;0m [38;2;0;0;0m[48;2;0;0;0m [38;2;0;0;0m[48;2;0;0;0m [38;2;0;0;0m[48;2;0;255;255m [38;2;0;0;0m[48;2;0;255;255m [38;2;0;0;0m[48;2;40;40;40m [38;2;40;40;40m[48;2;19;19;19m▅[38;2;40;40;40m[48;2;19;19;19m [38;2;0;0;0m[48;2;0;255;255m [38;2;0;0;0m[48;2;0;255;255m [38;2;0;0;0m[48;2;19;19;19m [38;2;0;0;0m[48;2;0;255;255m [38;2;0;0;0m[48;2;0;255;255m [38;2;0;0;0m[48;2;19;19;19m [38;2;19;19;19m[48;2;0;255;255m▃[38;2;19;19;19m[48;2;0;255;255m [38;2;19;19;19m[48;2;0;255;255m [38;2;19;19;19m[48;2;0;255;255m [38;2;0;0;0m[48;2;19;19;19m [38;2;0;0;0m[48;2;19;19;19m [38;2;0;0;0m[48;2;19;19;19m [38;2;19;19;19m[48;2;0;255;255m▃[38;2;19;19;19m[48;2;0;255;255m▃[38;2;19;19;19m[48;2;0;255;255m [38;2;19;19;19m[48;2;0;255;255m▀[38;2;0;0;0m[48;2;19;19;19m [38;2;0;0;0m[48;2;19;19;19m [38;2;0;0;0m[48;2;19;19;19m [38;2;0;0;0m[48;2;0;255;255m [38;2;0;0;0m[48;2;0;255;255m [38;2;19;19;19m[48;2;0;255;255m▃[38;2;19;19;19m[48;2;0;255;255m [38;2;19;19;19m[48;2;188;188;188m▌[38;2;0;0;0m[48;2;255;255;255m [38;2;226;226;226m[48;2;101;101;101m▌[38;2;0;0;0m[48;2;0;255;255m [38;2;0;0;0m[48;2;0;255;255m [38;2;0;0;0m[48;2;101;101;101m [38;2;101;101;101m[48;2;0;255;255m▄[38;2;101;101;101m[48;2;0;255;255m [38;2;101;101;101m[48;2;0;255;255m [38;2;101;101;101m[48;2;0;255;255m [38;2;19;19;19m[48;2;54;54;54m▌[38;2;71;0;71m[48;2;159;159;159m▅[38;2;19;19;19m[48;2;0;0;0m▌[38;2;0;0;0m[48;2;0;255;255m [38;2;0;0;0m[48;2;0;255;255m [38;2;0;0;0m[48;2;40;40;40m▌[38;2;19;19;19m[48;2;188;188;188m▃[38;2;0;0;0m[48;2;226;226;226m [38;2;226;226;226m[48;2;255;255;255m▘[38;2;226;226;226m[48;2;255;255;255m▐[38;2;101;101;101m[48;2;0;0;0m▌[38;2;0;0;0m[48;2;0;255;255m [38;2;0;0;0m[48;2;0;255;255m [38;2;0;0;0m[48;2;19;19;19m▌[38;2;0;0;0m[48;2;19;19;19m [38;2;0;0;0m[48;2;19;19;19m [38;2;0;0;0m[48;2;19;19;19m [38;2;0;0;0m[48;2;19;19;19m [38;2;0;0;0m[48;2;19;19;19m [38;2;0;0;0m[48;2;19;19;19m [38;2;0;0;0m[48;2;19;19;19m [38;2;0;0;0m[48;2;19;19;19m [38;2;0;0;0m[48;2;19;19;19m [38;2;19;19;19m[48;2;40;40;40m▌[0m
[38;2;0;0;0m[48;2;127;127;127m [38;2;0;0;0m[48;2;127;127;127m [38;2;0;0;0m[48;2;127;127;127m [38;2;0;0;0m[48;2;127;127;127m [38;2;0;0;0m[48;2;101;101;101m [38;2;0;0;0m[48;2;101;101;101m [38;2;0;0;0m[48;2;101;101;101m [38;2;0;0;0m[48;2;101;101;101m [38;2;0;0;0m[48;2;101;101;101m [38;2;0;0;0m[48;2;0;255;255m [38;2;0;0;0m[48;2;0;255;255m [38;2;127;127;127m[48;2;101;101;101m▃[38;2;40;40;40m[48;2;101;101;101m▗[38;2;0;0;0m[48;2;19;19;19m [38;2;0;0;0m[48;2;0;0;0m [38;2;0;255;255m[48;2;0;0;0m▄[38;2;0;255;255m[48;2;0;0;0m [38;2;0;0;0m[48;2;0;255;255m [38;2;0;0;0m[48;2;0;255;255m [38;2;19;19;19m[48;2;40;40;40m▌[38;2;19;19;19m[48;2;40;40;40m [38;2;0;0;0m[48;2;19;19;19m [38;2;0;0;0m[48;2;0;255;255m [38;2;0;0;0m[48;2;0;255;255m [38;2;0;0;0m[48;2;19;19;19m [38;2;0;0;0m[48;2;0;255;255m [38;2;0;0;0m[48;2;0;255;255m [38;2;0;0;0m[48;2;19;19;19m [38;2;0;0;0m[48;2;19;19;19m [38;2;0;0;0m[48;2;19;19;19m [38;2;0;0;0m[48;2;0;255;255m [38;2;0;0;0m[48;2;0;255;255m [38;2;0;0;0m[48;2;19;19;19m [38;2;0;255;255m[48;2;19;19;19m▄[38;2;0;255;255m[48;2;19;19;19m▄[38;2;0;255;255m[48;2;19;19;19m [38;2;0;255;255m[48;2;19;19;19m [38;2;0;255;255m[48;2;19;19;19m [38;2;0;0;0m[48;2;0;255;255m [38;2;0;0;0m[48;2;0;255;255m [38;2;0;0;0m[48;2;19;19;19m [38;2;0;0;0m[48;2;19;19;19m [38;2;0;0;0m[48;2;0;255;255m [38;2;0;0;0m[48;2;0;255;255m [38;2;40;40;40m[48;2;19;19;19m▄[38;2;19;19;19m[48;2;0;0;0m▌[38;2;19;19;19m[48;2;0;0;0m▐[38;2;19;19;19m[48;2;0;255;255m▝[38;2;255;255;255m[48;2;101;101;101m▌[38;2;0;0;0m[48;2;0;255;255m [38;2;0;0;0m[48;2;0;255;255m [38;2;101;101;101m[48;2;226;226;226m▌[38;2;19;19;19m[48;2;210;210;210m▁[38;2;19;19;19m[48;2;77;77;77m▅[38;2;0;0;0m[48;2;0;255;255m [38;2;0;0;0m[48;2;0;255;255m [38;2;19;19;19m[48;2;181;0;107m▌[38;2;181;0;107m[48;2;255;0;152m▝[38;2;116;0;69m[48;2;0;0;0m▌[38;2;0;0;0m[48;2;0;255;255m [38;2;0;0;0m[48;2;0;255;255m [38;2;159;159;159m[48;2;0;0;0m▗[38;2;210;210;210m[48;2;19;19;19m▆[38;2;188;188;188m[48;2;54;54;54m▂[38;2;101;101;101m[48;2;226;226;226m▖[38;2;226;226;226m[48;2;188;188;188m▌[38;2;129;129;129m[48;2;40;40;40m▌[38;2;0;0;0m[48;2;0;255;255m▄[38;2;0;0;0m[48;2;0;255;255m▄[38;2;0;0;0m[48;2;0;0;0m [38;2;0;0;0m[48;2;19;19;19m [38;2;0;0;0m[48;2;19;19;19m [38;2;0;0;0m[48;2;19;19;19m [38;2;0;0;0m[48;2;19;19;19m [38;2;0;0;0m[48;2;19;19;19m [38;2;0;0;0m[48;2;19;19;19m [38;2;0;0;0m[48;2;19;19;19m [38;2;0;0;0m[48;2;19;19;19m [38;2;0;0;0m[48;2;19;19;19m [38;2;40;40;40m[48;2;19;19;19m▗[0m
[38;2;127;127;127m[48;2;127;127;127m [38;2;127;127;127m[48;2;127;127;127m [38;2;127;127;127m[48;2;127;127;127m [38;2;127;127;127m[48;2;127;127;127m [38;2;127;127;127m[48;2;127;127;127m▌[38;2;0;0;0m[48;2;101;101;101m [38;2;0;0;0m[48;2;101;101;101m [38;2;0;0;0m[48;2;101;101;101m [38;2;0;0;0m[48;2;101;101;101m [38;2;0;0;0m[48;2;101;101;101m [38;2;101;101;101m[48;2;0;255;255m▄[38;2;101;101;101m[48;2;0;255;255m [38;2;0;255;255m[48;2;129;129;129m▄[38;2;0;255;255m[48;2;129;129;129m▄[38;2;0;0;0m[48;2;0;255;255m [38;2;0;0;0m[48;2;0;255;255m▄[38;2;0;0;0m[48;2;0;0;0m [38;2;19;19;19m[48;2;0;255;255m▄[38;2;19;19;19m[48;2;0;255;255m [38;2;0;255;255m[48;2;40;40;40m▄[38;2;0;255;255m[48;2;40;40;40m▄[38;2;0;255;255m[48;2;19;19;19m▄[38;2;0;0;0m[48;2;0;255;255m [38;2;40;40;40m[48;2;0;255;255m▄[38;2;40;40;40m[48;2;19;19;19m▃[38;2;0;0;0m[48;2;0;255;255m [38;2;0;0;0m[48;2;0;255;255m [38;2;0;0;0m[48;2;19;19;19m [38;2;0;0;0m[48;2;19;19;19m [38;2;0;0;0m[48;2;19;19;19m [38;2;0;0;0m[48;2;0;255;255m [38;2;0;0;0m[48;2;0;255;255m [38;2;0;0;0m[48;2;19;19;19m [38;2;19;19;19m[48;2;0;255;255m▄[38;2;19;19;19m[48;2;0;255;255m [38;2;19;19;19m[48;2;0;255;255m▀[38;2;19;19;19m[48;2;0;255;255m▀[38;2;0;255;255m[48;2;40;40;40m▄[38;2;0;0;0m[48;2;0;255;255m [38;2;40;40;40m[48;2;0;255;255m▄[38;2;40;40;40m[48;2;19;19;19m▄[38;2;0;255;255m[48;2;19;19;19m▄[38;2;0;0;0m[48;2;0;255;255m [38;2;0;0;0m[48;2;0;255;255m [38;2;0;255;255m[48;2;40;40;40m▄[38;2;0;255;255m[48;2;19;19;19m▄[38;2;0;0;0m[48;2;0;255;255m [38;2;0;0;0m[48;2;0;255;255m [38;2;255;255;255m[48;2;101;101;101m▌[38;2;0;0;0m[48;2;0;255;255m [38;2;0;0;0m[48;2;0;255;255m [38;2;210;210;210m[48;2;77;77;77m▗[38;2;226;226;226m[48;2;77;77;77m▆[38;2;255;255;255m[48;2;101;101;101m▌[38;2;0;0;0m[48;2;0;255;255m [38;2;0;0;0m[48;2;0;255;255m [38;2;0;0;0m[48;2;19;19;19m▌[38;2;71;0;42m[48;2;181;0;107m▗[38;2;0;255;255m[48;2;19;19;19m▄[38;2;0;0;0m[48;2;0;255;255m [38;2;0;0;0m[48;2;0;255;255m [38;2;0;255;255m[48;2;40;40;40m▄[38;2;255;255;255m[48;2;226;226;226m▗[38;2;0;0;0m[48;2;255;255;255m [38;2;255;255;255m[48;2;159;159;159m▆[38;2;101;101;101m[48;2;159;159;159m▗[38;2;159;159;159m[48;2;77;77;77m▌[38;2;0;0;0m[48;2;0;255;255m [38;2;0;0;0m[48;2;0;255;255m [38;2;0;0;0m[48;2;0;0;0m [38;2;0;0;0m[48;2;19;19;19m [38;2;0;0;0m[48;2;19;19;19m [38;2;0;0;0m[48;2;19;19;19m [38;2;0;0;0m[48;2;19;19;19m [38;2;0;0;0m[48;2;19;19;19m [38;2;0;0;0m[48;2;19;19;19m [38;2;0;0;0m[48;2;19;19;19m [38;2;0;0;0m[48;2;19;19;19m [38;2;0;0;0m[48;2;19;19;19m [38;2;19;19;19m[48;2;40;40;40m▖[0m
[38;2;0;0;0m[48;2;127;127;127m [38;2;0;0;0m[48;2;127;127;127m [38;2;0;0;0m[48;2;127;127;127m [38;2;0;0;0m[48;2;101;101;101m [38;2;0;0;0m[48;2;101;101;101m [38;2;0;0;0m[48;2;101;101;101m [38;2;0;0;0m[48;2;101;101;101m [38;2;0;0;0m[48;2;101;101;101m [38;2;0;0;0m[48;2;101;101;101m [38;2;0;0;0m[48;2;101;101;101m [38;2;127;127;127m[48;2;129;129;129m▌[38;2;127;127;127m[48;2;101;101;101m▌[38;2;0;0;0m[48;2;0;0;0m [38;2;0;0;0m[48;2;19;19;19m [38;2;0;0;0m[48;2;19;19;19m [38;2;0;0;0m[48;2;19;19;19m [38;2;0;0;0m[48;2;19;19;19m [38;2;0;0;0m[48;2;19;19;19m [38;2;0;0;0m[48;2;19;19;19m [38;2;0;0;0m[48;2;19;19;19m [38;2;0;0;0m[48;2;40;40;40m [38;2;0;0;0m[48;2;40;40;40m [38;2;0;0;0m[48;2;40;40;40m [38;2;0;0;0m[48;2;40;40;40m [38;2;0;0;0m[48;2;40;40;40m [38;2;0;0;0m[48;2;40;40;40m [38;2;0;0;0m[48;2;40;40;40m [38;2;0;0;0m[48;2;19;19;19m [38;2;0;0;0m[48;2;19;19;19m [38;2;0;0;0m[48;2;19;19;19m [38;2;0;0;0m[48;2;19;19;19m [38;2;0;0;0m[48;2;19;19;19m [38;2;0;0;0m[48;2;19;19;19m [38;2;0;0;0m[48;2;19;19;19m [38;2;0;0;0m[48;2;40;40;40m [38;2;0;0;0m[48;2;40;40;40m [38;2;0;0;0m[48;2;40;40;40m [38;2;0;0;0m[48;2;40;40;40m [38;2;0;0;0m[48;2;40;40;40m [38;2;0;0;0m[48;2;40;40;40m [38;2;0;0;0m[48;2;40;40;40m [38;2;0;0;0m[48;2;40;40;40m [38;2;0;0;0m[48;2;40;40;40m [38;2;0;0;0m[48;2;40;40;40m [38;2;0;0;0m[48;2;40;40;40m [38;2;0;0;0m[48;2;19;19;19m [38;2;0;0;0m[48;2;0;0;0m [38;2;0;0;0m[48;2;210;210;210m [38;2;0;0;0m[48;2;226;226;226m [38;2;226;226;226m[48;2;101;101;101m▆[38;2;226;226;226m[48;2;101;101;101m▆[38;2;0;0;0m[48;2;210;210;210m [38;2;0;0;0m[48;2;210;210;210m [38;2;0;0;0m[48;2;226;226;226m [38;2;188;188;188m[48;2;77;77;77m▆[38;2;40;40;40m[48;2;0;0;0m▆[38;2;40;40;40m[48;2;0;0;0m [38;2;181;0;107m[48;2;71;0;42m▗[38;2;181;0;107m[48;2;116;0;69m▖[38;2;19;19;19m[48;2;0;0;0m▆[38;2;101;101;101m[48;2;210;210;210m▌[38;2;226;226;226m[48;2;101;101;101m▆[38;2;0;0;0m[48;2;255;255;255m [38;2;0;0;0m[48;2;226;226;226m [38;2;0;0;0m[48;2;210;210;210m [38;2;0;0;0m[48;2;188;188;188m [38;2;0;0;0m[48;2;226;226;226m [38;2;210;210;210m[48;2;77;77;77m▌[38;2;19;19;19m[48;2;0;0;0m▆[38;2;0;0;0m[48;2;19;19;19m [38;2;0;0;0m[48;2;19;19;19m [38;2;0;0;0m[48;2;19;19;19m [38;2;0;0;0m[48;2;19;19;19m [38;2;0;0;0m[48;2;19;19;19m [38;2;0;0;0m[48;2;19;19;19m [38;2;0;0;0m[48;2;19;19;19m [38;2;0;0;0m[48;2;19;19;19m [38;2;0;0;0m[48;2;19;19;19m [38;2;0;0;0m[48;2;19;19;19m [38;2;19;19;19m[48;2;40;40;40m▊[0m
[38;2;0;0;0m[48;2;54;54;54m [38;2;0;0;0m[48;2;54;54;54m [38;2;0;0;0m[48;2;54;54;54m [38;2;0;0;0m[48;2;77;77;77m [38;2;54;54;54m[48;2;77;77;77m▂[38;2;77;77;77m[48;2;54;54;54m▁[38;2;77;77;77m[48;2;54;54;54m▁[38;2;77;77;77m[48;2;54;54;54m▁[38;2;77;77;77m[48;2;54;54;54m [38;2;54;54;54m[48;2;77;77;77m▃[38;2;54;54;54m[48;2;77;77;77m [38;2;54;54;54m[48;2;77;77;77m [38;2;77;77;77m[48;2;54;54;54m▆[38;2;0;0;0m[48;2;77;77;77m [38;2;0;0;0m[48;2;77;77;77m [38;2;0;0;0m[48;2;77;77;77m [38;2;54;54;54m[48;2;77;77;77m▗[38;2;54;54;54m[48;2;77;77;77m▖[38;2;77;77;77m[48;2;54;54;54m▇[38;2;77;77;77m[48;2;54;54;54m▆[38;2;77;77;77m[48;2;54;54;54m [38;2;77;77;77m[48;2;54;54;54m [38;2;77;77;77m[48;2;54;54;54m▁[38;2;77;77;77m[48;2;54;54;54m▁[38;2;77;77;77m[48;2;54;54;54m▁[38;2;77;77;77m[48;2;54;54;54m [38;2;77;77;77m[48;2;54;54;54m [38;2;101;101;101m[48;2;77;77;77m [38;2;101;101;101m[48;2;77;77;77m▁[38;2;101;101;101m[48;2;77;77;77m▁[38;2;101;101;101m[48;2;77;77;77m▁[38;2;101;101;101m[48;2;77;77;77m▁[38;2;101;101;101m[48;2;77;77;77m▁[38;2;101;101;101m[48;2;77;77;77m▁[38;2;101;101;101m[48;2;77;77;77m▁[38;2;77;77;77m[48;2;54;54;54m▇[38;2;77;77;77m[48;2;54;54;54m▆[38;2;77;77;77m[48;2;54;54;54m▆[38;2;77;77;77m[48;2;54;54;54m▖[38;2;77;77;77m[48;2;54;54;54m [38;2;77;77;77m[48;2;54;54;54m [38;2;77;77;77m[48;2;54;54;54m [38;2;77;77;77m[48;2;54;54;54m [38;2;77;77;77m[48;2;54;54;54m [38;2;77;77;77m[48;2;54;54;54m [38;2;77;77;77m[48;2;54;54;54m [38;2;77;77;77m[48;2;54;54;54m [38;2;77;77;77m[48;2;54;54;54m▃[38;2;77;77;77m[48;2;54;54;54m▅[38;2;77;77;77m[48;2;77;77;77m▃[38;2;77;77;77m[48;2;77;77;77m [38;2;77;77;77m[48;2;77;77;77m [38;2;77;77;77m[48;2;54;54;54m▇[38;2;0;0;0m[48;2;77;77;77m [38;2;0;0;0m[48;2;77;77;77m [38;2;0;0;0m[48;2;77;77;77m [38;2;54;54;54m[48;2;77;77;77m▃[38;2;54;54;54m[48;2;77;77;77m▆[38;2;0;0;0m[48;2;54;54;54m [38;2;0;0;0m[48;2;54;54;54m [38;2;0;0;0m[48;2;54;54;54m [38;2;0;0;0m[48;2;54;54;54m [38;2;0;0;0m[48;2;54;54;54m [38;2;0;0;0m[48;2;54;54;54m [38;2;0;0;0m[48;2;54;54;54m [38;2;0;0;0m[48;2;54;54;54m [38;2;0;0;0m[48;2;54;54;54m [38;2;0;0;0m[48;2;54;54;54m [38;2;0;0;0m[48;2;54;54;54m [38;2;0;0;0m[48;2;54;54;54m [38;2;0;0;0m[48;2;54;54;54m [38;2;0;0;0m[48;2;54;54;54m [38;2;0;0;0m[48;2;54;54;54m [38;2;0;0;0m[48;2;54;54;54m [38;2;0;0;0m[48;2;54;54;54m [38;2;0;0;0m[48;2;54;54;54m [38;2;0;0;0m[48;2;54;54;54m [38;2;0;0;0m[48;2;54;54;54m [38;2;0;0;0m[48;2;54;54;54m [38;2;0;0;0m[48;2;54;54;54m [0m
[38;2;101;101;101m[48;2;77;77;77m▃[38;2;101;101;101m[48;2;77;77;77m▂[38;2;77;77;77m[48;2;77;77;77m [38;2;77;77;77m[48;2;77;77;77m [38;2;77;77;77m[48;2;77;77;77m [38;2;77;77;77m[48;2;77;77;77m▁[38;2;101;101;101m[48;2;77;77;77m▁[38;2;101;101;101m[48;2;77;77;77m▁[38;2;101;101;101m[48;2;77;77;77m▁[38;2;101;101;101m[48;2;77;77;77m [38;2;77;77;77m[48;2;101;101;101m▃[38;2;77;77;77m[48;2;101;101;101m▁[38;2;77;77;77m[48;2;101;101;101m [38;2;101;101;101m[48;2;101;101;101m▌[38;2;0;0;0m[48;2;77;77;77m [38;2;0;0;0m[48;2;77;77;77m [38;2;77;77;77m[48;2;101;101;101m▖[38;2;77;77;77m[48;2;101;101;101m [38;2;101;101;101m[48;2;77;77;77m▌[38;2;101;101;101m[48;2;77;77;77m [38;2;101;101;101m[48;2;77;77;77m▁[38;2;77;77;77m[48;2;77;77;77m▄[38;2;77;77;77m[48;2;77;77;77m▄[38;2;77;77;77m[48;2;77;77;77m▆[38;2;77;77;77m[48;2;77;77;77m▄[38;2;77;77;77m[48;2;77;77;77m▆[38;2;77;77;77m[48;2;77;77;77m [38;2;101;101;101m[48;2;101;101;101m▁[38;2;101;101;101m[48;2;101;101;101m [38;2;101;101;101m[48;2;101;101;101m [38;2;101;101;101m[48;2;101;101;101m [38;2;127;127;127m[48;2;101;101;101m▁[38;2;127;127;127m[48;2;101;101;101m▁[38;2;127;127;127m[48;2;101;101;101m▁[38;2;127;127;127m[48;2;101;101;101m▁[38;2;127;127;127m[48;2;101;101;101m▁[38;2;101;101;101m[48;2;101;101;101m▁[38;2;101;101;101m[48;2;101;101;101m [38;2;101;101;101m[48;2;77;77;77m▅[38;2;77;77;77m[48;2;54;54;54m▆[38;2;77;77;77m[48;2;54;54;54m▆[38;2;77;77;77m[48;2;54;54;54m▆[38;2;77;77;77m[48;2;54;54;54m▆[38;2;77;77;77m[48;2;54;54;54m▆[38;2;77;77;77m[48;2;54;54;54m▇[38;2;101;101;101m[48;2;77;77;77m▁[38;2;101;101;101m[48;2;77;77;77m▃[38;2;101;101;101m[48;2;77;77;77m▅[38;2;127;127;127m[48;2;101;101;101m▁[38;2;127;127;127m[48;2;101;101;101m▁[38;2;127;127;127m[48;2;101;101;101m▁[38;2;127;127;127m[48;2;101;101;101m [38;2;127;127;127m[48;2;101;101;101m [38;2;127;127;127m[48;2;101;101;101m [38;2;127;127;127m[48;2;101;101;101m [38;2;127;127;127m[48;2;101;101;101m [38;2;77;77;77m[48;2;101;101;101m▗[38;2;101;101;101m[48;2;77;77;77m [38;2;101;101;101m[48;2;77;77;77m [38;2;101;101;101m[48;2;77;77;77m [38;2;101;101;101m[48;2;77;77;77m [38;2;101;101;101m[48;2;77;77;77m [38;2;101;101;101m[48;2;77;77;77m [38;2;101;101;101m[48;2;77;77;77m▂[38;2;101;101;101m[48;2;77;77;77m▁[38;2;101;101;101m[48;2;77;77;77m▁[38;2;101;101;101m[48;2;77;77;77m▁[38;2;101;101;101m[48;2;77;77;77m [38;2;101;101;101m[48;2;77;77;77m [38;2;101;101;101m[48;2;77;77;77m [38;2;101;101;101m[48;2;77;77;77m▂[38;2;101;101;101m[48;2;77;77;77m▅[38;2;101;101;101m[48;2;77;77;77m▇[38;2;101;101;101m[48;2;77;77;77m▇[38;2;101;101;101m[48;2;77;77;77m▇[38;2;101;101;101m[48;2;77;77;77m▇[38;2;101;101;101m[48;2;77;77;77m▇[38;2;101;101;101m[48;2;54;54;54m▇[38;2;101;101;101m[48;2;54;54;54m▆[38;2;101;101;101m[48;2;54;54;54m▆[0m
[38;2;101;101;101m[48;2;127;127;127m▅[38;2;101;101;101m[48;2;127;127;127m▅[38;2;101;101;101m[48;2;127;127;127m▃[38;2;101;101;101m[48;2;127;127;127m▂[38;2;127;127;127m[48;2;101;101;101m▆[38;2;127;127;127m[48;2;101;101;101m▅[38;2;127;127;127m[48;2;101;101;101m [38;2;127;127;127m[48;2;101;101;101m [38;2;127;127;127m[48;2;101;101;101m [38;2;127;127;127m[48;2;101;101;101m [38;2;127;127;127m[48;2;101;101;101m [38;2;127;127;127m[48;2;101;101;101m [38;2;101;101;101m[48;2;127;127;127m▃[38;2;101;101;101m[48;2;127;127;127m▅[38;2;0;0;0m[48;2;101;101;101m [38;2;0;0;0m[48;2;101;101;101m [38;2;127;127;127m[48;2;127;127;127m▌[38;2;127;127;127m[48;2;127;127;127m [38;2;127;127;127m[48;2;127;127;127m [38;2;127;127;127m[48;2;101;101;101m▆[38;2;127;127;127m[48;2;101;101;101m▅[38;2;127;127;127m[48;2;101;101;101m [38;2;127;127;127m[48;2;101;101;101m [38;2;127;127;127m[48;2;101;101;101m [38;2;127;127;127m[48;2;101;101;101m [38;2;127;127;127m[48;2;101;101;101m [38;2;127;127;127m[48;2;101;101;101m [38;2;127;127;127m[48;2;101;101;101m [38;2;127;127;127m[48;2;101;101;101m [38;2;127;127;127m[48;2;101;101;101m [38;2;127;127;127m[48;2;127;127;127m [38;2;127;127;127m[48;2;127;127;127m [38;2;127;127;127m[48;2;127;127;127m [38;2;127;127;127m[48;2;127;127;127m [38;2;127;127;127m[48;2;127;127;127m [38;2;127;127;127m[48;2;127;127;127m [38;2;127;127;127m[48;2;127;127;127m▇[38;2;127;127;127m[48;2;101;101;101m▆[38;2;101;101;101m[48;2;77;77;77m▇[38;2;101;101;101m[48;2;77;77;77m▇[38;2;101;101;101m[48;2;77;77;77m▆[38;2;101;101;101m[48;2;77;77;77m▆[38;2;101;101;101m[48;2;77;77;77m▇[38;2;101;101;101m[48;2;101;101;101m▇[38;2;127;127;127m[48;2;101;101;101m▆[38;2;0;0;0m[48;2;127;127;127m [38;2;0;0;0m[48;2;127;127;127m [38;2;0;0;0m[48;2;127;127;127m [38;2;129;129;129m[48;2;127;127;127m▖[38;2;54;54;54m[48;2;127;127;127m▂[38;2;40;40;40m[48;2;127;127;127m▂[38;2;77;77;77m[48;2;127;127;127m▅[38;2;77;77;77m[48;2;127;127;127m▇[38;2;77;77;77m[48;2;54;54;54m▄[38;2;0;0;0m[48;2;101;101;101m [38;2;77;77;77m[48;2;40;40;40m▌[38;2;77;77;77m[48;2;40;40;40m▝[38;2;101;101;101m[48;2;77;77;77m▘[38;2;101;101;101m[48;2;77;77;77m [38;2;77;77;77m[48;2;101;101;101m▆[38;2;77;77;77m[48;2;40;40;40m▄[38;2;77;77;77m[48;2;101;101;101m▆[38;2;0;0;0m[48;2;54;54;54m▝[38;2;77;77;77m[48;2;19;19;19m▝[38;2;0;0;0m[48;2;101;101;101m [38;2;0;0;0m[48;2;101;101;101m [38;2;0;0;0m[48;2;101;101;101m [38;2;0;0;0m[48;2;101;101;101m [38;2;127;127;127m[48;2;101;101;101m▅[38;2;127;127;127m[48;2;127;127;127m [38;2;127;127;127m[48;2;127;127;127m [38;2;127;127;127m[48;2;127;127;127m [38;2;127;127;127m[48;2;127;127;127m [38;2;127;127;127m[48;2;127;127;127m▇[38;2;127;127;127m[48;2;127;127;127m▇[38;2;127;127;127m[48;2;127;127;127m▇[38;2;127;127;127m[48;2;127;127;127m▇[38;2;127;127;127m[48;2;101;101;101m▇[38;2;127;127;127m[48;2;101;101;101m▆[38;2;127;127;127m[48;2;101;101;101m▄[0m
[38;2;0;0;0m[48;2;101;101;101m [38;2;0;0;0m[48;2;0;255;255m [38;2;0;0;0m[48;2;0;255;255m [38;2;0;0;0m[48;2;101;101;101m [38;2;0;0;0m[48;2;101;101;101m [38;2;0;0;0m[48;2;0;255;255m [38;2;0;0;0m[48;2;0;255;255m [38;2;0;0;0m[48;2;101;101;101m [38;2;0;0;0m[48;2;101;101;101m [38;2;0;0;0m[48;2;101;101;101m [38;2;0;0;0m[48;2;101;101;101m [38;2;0;0;0m[48;2;101;101;101m [38;2;0;0;0m[48;2;101;101;101m [38;2;0;0;0m[48;2;101;101;101m [38;2;127;127;127m[48;2;101;101;101m▗[38;2;127;127;127m[48;2;101;101;101m▆[38;2;127;127;127m[48;2;127;127;127m [38;2;127;127;127m[48;2;127;127;127m [38;2;127;127;127m[48;2;127;127;127m [38;2;127;127;127m[48;2;127;127;127m [38;2;127;127;127m[48;2;127;127;127m [38;2;127;127;127m[48;2;127;127;127m▌[38;2;0;0;0m[48;2;101;101;101m [38;2;0;0;0m[48;2;101;101;101m [38;2;101;101;101m[48;2;0;255;255m▃[38;2;101;101;101m[48;2;0;255;255m [38;2;101;101;101m[48;2;0;255;255m [38;2;101;101;101m[48;2;129;129;129m▝[38;2;0;0;0m[48;2;101;101;101m [38;2;0;0;0m[48;2;101;101;101m [38;2;0;0;0m[48;2;127;127;127m [38;2;0;0;0m[48;2;127;127;127m [38;2;0;0;0m[48;2;127;127;127m [38;2;0;0;0m[48;2;127;127;127m [38;2;0;0;0m[48;2;127;127;127m [38;2;0;0;0m[48;2;127;127;127m [38;2;0;0;0m[48;2;127;127;127m [38;2;0;0;0m[48;2;127;127;127m [38;2;0;0;0m[48;2;127;127;127m [38;2;0;0;0m[48;2;101;101;101m [38;2;0;0;0m[48;2;101;101;101m [38;2;0;0;0m[48;2;101;101;101m [38;2;0;0;0m[48;2;101;101;101m [38;2;0;0;0m[48;2;101;101;101m [38;2;0;0;0m[48;2;127;127;127m [38;2;0;0;0m[48;2;127;127;127m [38;2;54;54;54m[48;2;127;127;127m▃[38;2;101;101;101m[48;2;127;127;127m▅[38;2;19;19;19m[48;2;127;127;127m▅[38;2;77;77;77m[48;2;19;19;19m▗[38;2;101;101;101m[48;2;40;40;40m━[38;2;19;19;19m[48;2;40;40;40m▂[38;2;54;54;54m[48;2;77;77;77m▅[38;2;77;77;77m[48;2;101;101;101m▅[38;2;54;54;54m[48;2;77;77;77m▅[38;2;40;40;40m[48;2;101;101;101m▅[38;2;54;54;54m[48;2;40;40;40m▘[38;2;54;54;54m[48;2;40;40;40m [38;2;54;54;54m[48;2;40;40;40m▝[38;2;54;54;54m[48;2;77;77;77m▌[38;2;54;54;54m[48;2;77;77;77m [38;2;40;40;40m[48;2;77;77;77m▆[38;2;40;40;40m[48;2;54;54;54m▝[38;2;54;54;54m[48;2;19;19;19m▄[38;2;77;77;77m[48;2;19;19;19m▇[38;2;77;77;77m[48;2;19;19;19m▅[38;2;19;19;19m[48;2;101;101;101m▅[38;2;19;19;19m[48;2;101;101;101m [38;2;0;0;0m[48;2;127;127;127m [38;2;0;0;0m[48;2;127;127;127m [38;2;0;0;0m[48;2;127;127;127m [38;2;0;0;0m[48;2;127;127;127m [38;2;0;0;0m[48;2;127;127;127m [38;2;0;0;0m[48;2;127;127;127m [38;2;0;0;0m[48;2;127;127;127m [38;2;0;0;0m[48;2;127;127;127m [38;2;0;0;0m[48;2;127;127;127m [38;2;0;0;0m[48;2;127;127;127m [38;2;0;0;0m[48;2;127;127;127m [38;2;0;0;0m[48;2;127;127;127m [0m
[38;2;0;0;0m[48;2;101;101;101m [38;2;0;0;0m[48;2;0;255;255m [38;2;0;0;0m[48;2;0;255;255m [38;2;0;0;0m[48;2;101;101;101m [38;2;0;0;0m[48;2;101;101;101m [38;2;0;0;0m[48;2;0;255;255m [38;2;0;0;0m[48;2;0;255;255m [38;2;0;0;0m[48;2;101;101;101m [38;2;0;0;0m[48;2;101;101;101m [38;2;0;255;255m[48;2;101;101;101m▄[38;2;0;255;255m[48;2;101;101;101m▄[38;2;0;255;255m[48;2;101;101;101m▄[38;2;0;255;255m[48;2;101;101;101m▄[38;2;0;255;255m[48;2;101;101;101m▄[38;2;0;255;255m[48;2;101;101;101m [38;2;0;0;0m[48;2;127;127;127m [38;2;0;0;0m[48;2;127;127;127m [38;2;0;255;255m[48;2;127;127;127m▄[38;2;0;255;255m[48;2;127;127;127m▄[38;2;0;255;255m[48;2;127;127;127m▄[38;2;0;255;255m[48;2;127;127;127m▄[38;2;0;0;0m[48;2;101;101;101m [38;2;0;0;0m[48;2;101;101;101m [38;2;0;0;0m[48;2;101;101;101m [38;2;0;0;0m[48;2;101;101;101m [38;2;0;0;0m[48;2;0;255;255m [38;2;0;0;0m[48;2;0;255;255m [38;2;101;101;101m[48;2;127;127;127m▌[38;2;0;255;255m[48;2;127;127;127m▄[38;2;0;255;255m[48;2;127;127;127m▄[38;2;0;255;255m[48;2;127;127;127m [38;2;0;255;255m[48;2;127;127;127m [38;2;0;255;255m[48;2;127;127;127m [38;2;0;255;255m[48;2;127;127;127m [38;2;0;255;255m[48;2;127;127;127m [38;2;0;255;255m[48;2;127;127;127m [38;2;0;255;255m[48;2;127;127;127m [38;2;0;255;255m[48;2;127;127;127m [38;2;0;255;255m[48;2;127;127;127m [38;2;0;255;255m[48;2;127;127;127m [38;2;127;127;127m[48;2;101;101;101m▇[38;2;127;127;127m[48;2;101;101;101m▅[38;2;127;127;127m[48;2;101;101;101m [38;2;127;127;127m[48;2;101;101;101m▟[38;2;0;0;0m[48;2;127;127;127m [38;2;127;127;127m[48;2;40;40;40m▘[38;2;54;54;54m[48;2;101;101;101m▅[38;2;0;0;0m[48;2;19;19;19m [38;2;40;40;40m[48;2;19;19;19m▝[38;2;19;19;19m[48;2;54;54;54m▅[38;2;40;40;40m[48;2;19;19;19m▚[38;2;40;40;40m[48;2;19;19;19m▄[38;2;0;0;0m[48;2;40;40;40m [38;2;19;19;19m[48;2;54;54;54m▃[38;2;19;19;19m[48;2;40;40;40m▅[38;2;19;19;19m[48;2;54;54;54m▅[38;2;19;19;19m[48;2;54;54;54m▅[38;2;19;19;19m[48;2;54;54;54m▅[38;2;19;19;19m[48;2;40;40;40m▅[38;2;19;19;19m[48;2;77;77;77m▅[38;2;54;54;54m[48;2;19;19;19m▘[38;2;40;40;40m[48;2;19;19;19m▅[38;2;40;40;40m[48;2;19;19;19m▁[38;2;0;0;0m[48;2;40;40;40m [38;2;40;40;40m[48;2;54;54;54m▃[38;2;40;40;40m[48;2;77;77;77m▃[38;2;54;54;54m[48;2;19;19;19m▇[38;2;54;54;54m[48;2;19;19;19m▁[38;2;19;19;19m[48;2;101;101;101m▅[38;2;0;0;0m[48;2;127;127;127m [38;2;0;0;0m[48;2;127;127;127m [38;2;0;0;0m[48;2;127;127;127m [38;2;0;0;0m[48;2;127;127;127m [38;2;0;0;0m[48;2;127;127;127m [38;2;0;0;0m[48;2;127;127;127m [38;2;0;0;0m[48;2;127;127;127m [38;2;0;0;0m[48;2;127;127;127m [38;2;0;0;0m[48;2;127;127;127m [38;2;0;0;0m[48;2;127;127;127m [38;2;0;0;0m[48;2;101;101;101m [0m
[38;2;0;0;0m[48;2;101;101;101m [38;2;0;0;0m[48;2;101;101;101m [38;2;101;101;101m[48;2;0;255;255m▃[38;2;101;101;101m[48;2;0;255;255m [38;2;101;101;101m[48;2;0;255;255m [38;2;101;101;101m[48;2;0;255;255m▃[38;2;0;0;0m[48;2;101;101;101m [38;2;0;0;0m[48;2;101;101;101m [38;2;0;0;0m[48;2;0;255;255m [38;2;0;0;0m[48;2;0;255;255m [38;2;0;255;255m[48;2;101;101;101m▄[38;2;0;255;255m[48;2;101;101;101m▄[38;2;0;255;255m[48;2;101;101;101m▄[38;2;0;0;0m[48;2;0;255;255m [38;2;0;0;0m[48;2;0;255;255m [38;2;0;0;0m[48;2;127;127;127m [38;2;0;0;0m[48;2;127;127;127m [38;2;0;255;255m[48;2;127;127;127m▄[38;2;0;255;255m[48;2;127;127;127m▄[38;2;0;255;255m[48;2;127;127;127m▄[38;2;0;0;0m[48;2;0;255;255m [38;2;0;0;0m[48;2;0;255;255m [38;2;0;0;0m[48;2;127;127;127m [38;2;127;127;127m[48;2;101;101;101m▆[38;2;127;127;127m[48;2;101;101;101m▅[38;2;0;0;0m[48;2;0;255;255m [38;2;0;0;0m[48;2;0;255;255m [38;2;101;101;101m[48;2;0;255;255m▃[38;2;101;101;101m[48;2;127;127;127m▁[38;2;0;0;0m[48;2;0;255;255m [38;2;0;0;0m[48;2;0;255;255m [38;2;0;0;0m[48;2;127;127;127m [38;2;0;0;0m[48;2;127;127;127m [38;2;0;0;0m[48;2;127;127;127m [38;2;0;0;0m[48;2;127;127;127m [38;2;0;0;0m[48;2;127;127;127m [38;2;0;0;0m[48;2;127;127;127m [38;2;0;0;0m[48;2;127;127;127m [38;2;0;0;0m[48;2;127;127;127m [38;2;0;0;0m[48;2;127;127;127m [38;2;0;0;0m[48;2;127;127;127m [38;2;0;0;0m[48;2;127;127;127m [38;2;0;0;0m[48;2;127;127;127m [38;2;77;77;77m[48;2;127;127;127m▁[38;2;0;0;0m[48;2;19;19;19m [38;2;19;19;19m[48;2;77;77;77m▅[38;2;77;77;77m[48;2;40;40;40m▘[38;2;77;77;77m[48;2;40;40;40m [38;2;0;0;0m[48;2;19;19;19m [38;2;0;0;0m[48;2;19;19;19m [38;2;0;0;0m[48;2;19;19;19m [38;2;19;19;19m[48;2;54;54;54m▃[38;2;40;40;40m[48;2;19;19;19m▘[38;2;40;40;40m[48;2;19;19;19m [38;2;40;40;40m[48;2;19;19;19m▁[38;2;40;40;40m[48;2;19;19;19m▂[38;2;40;40;40m[48;2;19;19;19m▂[38;2;0;0;0m[48;2;40;40;40m [38;2;116;58;0m[48;2;19;19;19m▃[38;2;116;58;0m[48;2;19;19;19m▂[38;2;116;58;0m[48;2;19;19;19m [38;2;19;19;19m[48;2;40;40;40m▅[38;2;19;19;19m[48;2;40;40;40m▃[38;2;19;19;19m[48;2;40;40;40m▟[38;2;40;40;40m[48;2;19;19;19m [38;2;40;40;40m[48;2;19;19;19m▜[38;2;40;40;40m[48;2;54;54;54m▅[38;2;77;77;77m[48;2;54;54;54m▝[38;2;54;54;54m[48;2;40;40;40m▌[38;2;0;0;0m[48;2;0;0;0m [38;2;0;0;0m[48;2;127;127;127m [38;2;129;129;129m[48;2;127;127;127m▃[38;2;129;129;129m[48;2;127;127;127m▅[38;2;129;129;129m[48;2;127;127;127m [38;2;129;129;129m[48;2;127;127;127m [38;2;129;129;129m[48;2;127;127;127m [38;2;129;129;129m[48;2;127;127;127m [38;2;129;129;129m[48;2;127;127;127m [38;2;129;129;129m[48;2;127;127;127m [38;2;127;127;127m[48;2;101;101;101m▆[0m
[38;2;0;0;0m[48;2;101;101;101m [38;2;0;0;0m[48;2;101;101;101m [38;2;0;0;0m[48;2;101;101;101m [38;2;0;0;0m[48;2;0;255;255m [38;2;0;0;0m[48;2;0;255;255m [38;2;0;0;0m[48;2;101;101;101m [38;2;0;0;0m[48;2;101;101;101m [38;2;0;0;0m[48;2;101;101;101m [38;2;0;0;0m[48;2;0;255;255m [38;2;0;0;0m[48;2;0;255;255m [38;2;0;0;0m[48;2;101;101;101m [38;2;127;127;127m[48;2;101;101;101m▗[38;2;129;129;129m[48;2;127;127;127m▆[38;2;0;0;0m[48;2;129;129;129m [38;2;127;127;127m[48;2;129;129;129m▗[38;2;0;0;0m[48;2;127;127;127m [38;2;0;0;0m[48;2;0;255;255m [38;2;0;0;0m[48;2;0;255;255m [38;2;0;0;0m[48;2;127;127;127m [38;2;0;0;0m[48;2;127;127;127m [38;2;0;0;0m[48;2;0;255;255m [38;2;0;0;0m[48;2;0;255;255m [38;2;0;0;0m[48;2;127;127;127m [38;2;0;0;0m[48;2;127;127;127m [38;2;0;0;0m[48;2;127;127;127m [38;2;0;0;0m[48;2;0;255;255m [38;2;0;0;0m[48;2;0;255;255m [38;2;127;127;127m[48;2;101;101;101m▅[38;2;127;127;127m[48;2;101;101;101m▅[38;2;0;0;0m[48;2;0;255;255m [38;2;0;0;0m[48;2;0;255;255m [38;2;0;0;0m[48;2;127;127;127m [38;2;0;0;0m[48;2;127;127;127m [38;2;0;255;255m[48;2;127;127;127m▗[38;2;0;255;255m[48;2;127;127;127m▄[38;2;0;255;255m[48;2;127;127;127m▖[38;2;129;129;129m[48;2;127;127;127m▇[38;2;129;129;129m[48;2;127;127;127m▆[38;2;129;129;129m[48;2;127;127;127m [38;2;129;129;129m[48;2;127;127;127m [38;2;129;129;129m[48;2;127;127;127m▂[38;2;129;129;129m[48;2;127;127;127m▆[38;2;129;129;129m[48;2;40;40;40m▌[38;2;19;19;19m[48;2;77;77;77m▊[38;2;0;0;0m[48;2;40;40;40m [38;2;19;19;19m[48;2;40;40;40m▆[38;2;0;0;0m[48;2;19;19;19m [38;2;0;0;0m[48;2;19;19;19m [38;2;0;0;0m[48;2;19;19;19m [38;2;116;58;0m[48;2;19;19;19m▂[38;2;116;58;0m[48;2;40;40;40m▅[38;2;181;99;0m[48;2;19;19;19m▅[38;2;252;127;0m[48;2;19;19;19m▅[38;2;181;99;0m[48;2;40;40;40m▆[38;2;252;127;0m[48;2;40;40;40m▅[38;2;181;99;0m[48;2;40;40;40m▅[38;2;252;127;0m[48;2;71;33;0m▅[38;2;252;127;0m[48;2;71;33;0m▅[38;2;255;180;89m[48;2;116;58;0m▄[38;2;255;180;89m[48;2;181;99;0m▄[38;2;252;127;0m[48;2;54;54;54m▅[38;2;181;99;0m[48;2;40;40;40m▄[38;2;181;99;0m[48;2;40;40;40m▄[38;2;252;127;0m[48;2;19;19;19m▄[38;2;101;101;101m[48;2;19;19;19m▁[38;2;0;0;0m[48;2;19;19;19m▂[38;2;19;19;19m[48;2;40;40;40m▃[38;2;40;40;40m[48;2;54;54;54m▅[38;2;40;40;40m[48;2;54;54;54m▅[38;2;40;40;40m[48;2;0;0;0m▌[38;2;19;19;19m[48;2;127;127;127m▌[38;2;0;0;0m[48;2;129;129;129m [38;2;127;127;127m[48;2;129;129;129m▗[38;2;127;127;127m[48;2;129;129;129m▅[38;2;0;0;0m[48;2;127;127;127m [38;2;0;0;0m[48;2;127;127;127m [38;2;0;0;0m[48;2;127;127;127m [38;2;0;0;0m[48;2;127;127;127m [38;2;0;0;0m[48;2;127;127;127m [38;2;127;127;127m[48;2;129;129;129m▘[0m
[38;2;0;0;0m[48;2;101;101;101m [38;2;0;0;0m[48;2;101;101;101m [38;2;0;255;255m[48;2;101;101;101m▅[38;2;0;0;0m[48;2;0;255;255m [38;2;0;0;0m[48;2;0;255;255m [38;2;0;255;255m[48;2;101;101;101m▅[38;2;0;255;255m[48;2;101;101;101m [38;2;0;255;255m[48;2;101;101;101m [38;2;0;255;255m[48;2;101;101;101m▀[38;2;0;0;0m[48;2;0;255;255m [38;2;0;255;255m[48;2;127;127;127m▄[38;2;0;255;255m[48;2;129;129;129m▅[38;2;0;255;255m[48;2;129;129;129m▅[38;2;0;0;0m[48;2;0;255;255m [38;2;129;129;129m[48;2;0;255;255m▄[38;2;129;129;129m[48;2;127;127;127m▎[38;2;129;129;129m[48;2;0;255;255m▄[38;2;129;129;129m[48;2;0;255;255m [38;2;0;255;255m[48;2;127;127;127m▅[38;2;0;255;255m[48;2;127;127;127m▄[38;2;101;101;101m[48;2;0;255;255m▄[38;2;101;101;101m[48;2;0;255;255m [38;2;0;255;255m[48;2;127;127;127m▅[38;2;101;101;101m[48;2;127;127;127m▃[38;2;0;255;255m[48;2;127;127;127m▅[38;2;0;0;0m[48;2;0;255;255m [38;2;0;0;0m[48;2;0;255;255m [38;2;0;0;0m[48;2;127;127;127m [38;2;0;0;0m[48;2;129;129;129m [38;2;0;0;0m[48;2;0;255;255m [38;2;0;0;0m[48;2;0;255;255m [38;2;129;129;129m[48;2;127;127;127m▆[38;2;129;129;129m[48;2;127;127;127m▆[38;2;129;129;129m[48;2;0;255;255m▌[38;2;129;129;129m[48;2;0;255;255m [38;2;129;129;129m[48;2;0;255;255m▐[38;2;0;0;0m[48;2;129;129;129m [38;2;0;0;0m[48;2;129;129;129m [38;2;0;0;0m[48;2;129;129;129m [38;2;127;127;127m[48;2;129;129;129m▊[38;2;127;127;127m[48;2;129;129;129m▐[38;2;129;129;129m[48;2;40;40;40m▌[38;2;40;40;40m[48;2;0;0;0m▗[38;2;0;0;0m[48;2;19;19;19m [38;2;19;19;19m[48;2;40;40;40m▅[38;2;0;0;0m[48;2;19;19;19m [38;2;0;0;0m[48;2;19;19;19m [38;2;116;58;0m[48;2;40;40;40m▃[38;2;0;0;0m[48;2;116;58;0m [38;2;116;58;0m[48;2;252;127;0m▘[38;2;255;180;89m[48;2;252;127;0m▁[38;2;255;180;89m[48;2;252;127;0m [38;2;0;0;0m[48;2;255;180;89m [38;2;255;211;156m[48;2;255;180;89m [38;2;255;211;156m[48;2;255;180;89m▂[38;2;255;211;156m[48;2;255;180;89m▃[38;2;255;211;156m[48;2;255;180;89m▃[38;2;255;211;156m[48;2;255;180;89m▁[38;2;255;211;156m[48;2;255;180;89m [38;2;255;211;156m[48;2;255;180;89m [38;2;255;211;156m[48;2;255;180;89m [38;2;255;211;156m[48;2;255;180;89m [38;2;255;211;156m[48;2;255;180;89m [38;2;255;211;156m[48;2;255;180;89m [38;2;255;211;156m[48;2;255;180;89m [38;2;255;180;89m[48;2;54;54;54m▅[38;2;0;0;0m[48;2;19;19;19m [38;2;19;19;19m[48;2;40;40;40m▊[38;2;19;19;19m[48;2;40;40;40m [38;2;19;19;19m[48;2;40;40;40m▐[38;2;0;0;0m[48;2;0;0;0m [38;2;0;0;0m[48;2;127;127;127m [38;2;0;0;0m[48;2;129;129;129m [38;2;129;129;129m[48;2;127;127;127m▎[38;2;129;129;129m[48;2;127;127;127m [38;2;129;129;129m[48;2;127;127;127m [38;2;129;129;129m[48;2;127;127;127m [38;2;129;129;129m[48;2;127;127;127m [38;2;129;129;129m[48;2;127;127;127m [38;2;127;127;127m[48;2;127;127;127m▌[0m
[38;2;0;0;0m[48;2;101;101;101m [38;2;0;0;0m[48;2;101;101;101m [38;2;0;0;0m[48;2;101;101;101m [38;2;0;0;0m[48;2;101;101;101m [38;2;0;0;0m[48;2;101;101;101m [38;2;0;0;0m[48;2;101;101;101m [38;2;0;0;0m[48;2;101;101;101m [38;2;0;0;0m[48;2;101;101;101m [38;2;0;0;0m[48;2;101;101;101m [38;2;127;127;127m[48;2;101;101;101m▅[38;2;0;0;0m[48;2;127;127;127m [38;2;0;0;0m[48;2;129;129;129m [38;2;0;0;0m[48;2;129;129;129m [38;2;129;129;129m[48;2;127;127;127m▁[38;2;129;129;129m[48;2;127;127;127m [38;2;129;129;129m[48;2;127;127;127m [38;2;129;129;129m[48;2;127;127;127m [38;2;127;127;127m[48;2;129;129;129m▅[38;2;0;0;0m[48;2;127;127;127m [38;2;129;129;129m[48;2;101;101;101m▆[38;2;127;127;127m[48;2;101;101;101m▖[38;2;127;127;127m[48;2;101;101;101m [38;2;127;127;127m[48;2;101;101;101m [38;2;127;127;127m[48;2;101;101;101m [38;2;127;127;127m[48;2;101;101;101m [38;2;127;127;127m[48;2;127;127;127m▌[38;2;0;0;0m[48;2;129;129;129m [38;2;129;129;129m[48;2;127;127;127m▖[38;2;129;129;129m[48;2;127;127;127m▅[38;2;0;0;0m[48;2;129;129;129m [38;2;127;127;127m[48;2;129;129;129m▖[38;2;127;127;127m[48;2;129;129;129m▅[38;2;0;255;255m[48;2;129;129;129m▝[38;2;0;255;255m[48;2;129;129;129m▀[38;2;0;255;255m[48;2;129;129;129m▘[38;2;0;255;255m[48;2;129;129;129m [38;2;0;255;255m[48;2;129;129;129m [38;2;0;255;255m[48;2;129;129;129m [38;2;127;127;127m[48;2;129;129;129m▗[38;2;127;127;127m[48;2;129;129;129m▅[38;2;127;127;127m[48;2;129;129;129m▐[38;2;127;127;127m[48;2;19;19;19m▌[38;2;0;0;0m[48;2;19;19;19m▂[38;2;19;19;19m[48;2;0;0;0m▎[38;2;0;0;0m[48;2;19;19;19m▊[38;2;0;0;0m[48;2;19;19;19m [38;2;19;19;19m[48;2;77;77;77m▌[38;2;0;0;0m[48;2;181;99;0m [38;2;181;99;0m[48;2;252;127;0m▌[38;2;181;99;0m[48;2;252;127;0m [38;2;252;127;0m[48;2;255;180;89m▅[38;2;252;127;0m[48;2;255;180;89m [38;2;252;127;0m[48;2;255;180;89m [38;2;255;180;89m[48;2;255;211;156m▅[38;2;255;180;89m[48;2;255;211;156m▂[38;2;255;180;89m[48;2;255;211;156m [38;2;255;180;89m[48;2;255;211;156m▃[38;2;255;180;89m[48;2;255;211;156m▂[38;2;255;180;89m[48;2;255;211;156m▁[38;2;255;211;156m[48;2;255;180;89m▆[38;2;255;180;89m[48;2;255;211;156m▂[38;2;255;180;89m[48;2;255;211;156m [38;2;255;180;89m[48;2;255;211;156m [38;2;0;0;0m[48;2;255;180;89m [38;2;0;0;0m[48;2;255;180;89m [38;2;255;180;89m[48;2;255;211;156m▂[38;2;40;40;40m[48;2;252;127;0m▝[38;2;0;0;0m[48;2;19;19;19m [38;2;19;19;19m[48;2;40;40;40m▆[38;2;0;0;0m[48;2;19;19;19m [38;2;0;0;0m[48;2;19;19;19m [38;2;19;19;19m[48;2;101;101;101m▊[38;2;101;101;101m[48;2;129;129;129m▁[38;2;101;101;101m[48;2;129;129;129m [38;2;129;129;129m[48;2;127;127;127m▁[38;2;129;129;129m[48;2;127;127;127m [38;2;129;129;129m[48;2;127;127;127m [38;2;129;129;129m[48;2;127;127;127m [38;2;129;129;129m[48;2;127;127;127m [38;2;129;129;129m[48;2;127;127;127m [0m
[38;2;0;0;0m[48;2;101;101;101m [38;2;0;0;0m[48;2;101;101;101m [38;2;0;0;0m[48;2;101;101;101m [38;2;0;0;0m[48;2;101;101;101m [38;2;0;0;0m[48;2;101;101;101m [38;2;0;0;0m[48;2;101;101;101m [38;2;0;0;0m[48;2;101;101;101m [38;2;0;0;0m[48;2;101;101;101m [38;2;0;0;0m[48;2;101;101;101m [38;2;101;101;101m[48;2;129;129;129m▌[38;2;101;101;101m[48;2;129;129;129m [38;2;101;101;101m[48;2;129;129;129m [38;2;101;101;101m[48;2;129;129;129m [38;2;101;101;101m[48;2;129;129;129m [38;2;129;129;129m[48;2;127;127;127m▅[38;2;129;129;129m[48;2;127;127;127m [38;2;129;129;129m[48;2;127;127;127m [38;2;129;129;129m[48;2;127;127;127m [38;2;129;129;129m[48;2;127;127;127m▘[38;2;127;127;127m[48;2;129;129;129m▊[38;2;127;127;127m[48;2;129;129;129m▐[38;2;0;0;0m[48;2;101;101;101m [38;2;0;0;0m[48;2;101;101;101m [38;2;0;0;0m[48;2;101;101;101m [38;2;0;0;0m[48;2;101;101;101m [38;2;0;0;0m[48;2;101;101;101m [38;2;101;101;101m[48;2;129;129;129m▅[38;2;101;101;101m[48;2;127;127;127m▅[38;2;0;0;0m[48;2;101;101;101m [38;2;0;0;0m[48;2;101;101;101m [38;2;101;101;101m[48;2;127;127;127m▊[38;2;0;0;0m[48;2;129;129;129m [38;2;0;0;0m[48;2;129;129;129m [38;2;0;0;0m[48;2;129;129;129m [38;2;0;0;0m[48;2;129;129;129m [38;2;0;0;0m[48;2;129;129;129m [38;2;0;0;0m[48;2;129;129;129m [38;2;0;0;0m[48;2;129;129;129m [38;2;127;127;127m[48;2;129;129;129m▝[38;2;127;127;127m[48;2;129;129;129m▙[38;2;127;127;127m[48;2;129;129;129m▌[38;2;19;19;19m[48;2;77;77;77m▆[38;2;19;19;19m[48;2;77;77;77m▟[38;2;0;0;0m[48;2;0;0;0m [38;2;0;0;0m[48;2;0;0;0m [38;2;0;0;0m[48;2;19;19;19m [38;2;19;19;19m[48;2;116;58;0m▌[38;2;0;0;0m[48;2;181;99;0m [38;2;181;99;0m[48;2;252;127;0m▌[38;2;181;99;0m[48;2;252;127;0m [38;2;252;127;0m[48;2;255;180;89m▌[38;2;255;140;0m[48;2;255;180;89m▎[38;2;255;140;0m[48;2;255;180;89m [38;2;255;140;0m[48;2;255;180;89m [38;2;255;140;0m[48;2;255;180;89m [38;2;255;140;0m[48;2;255;180;89m [38;2;255;140;0m[48;2;255;180;89m [38;2;255;140;0m[48;2;255;180;89m [38;2;255;140;0m[48;2;255;180;89m [38;2;255;140;0m[48;2;255;180;89m [38;2;255;140;0m[48;2;255;180;89m [38;2;255;180;89m[48;2;255;211;156m▅[38;2;0;0;0m[48;2;255;180;89m [38;2;0;0;0m[48;2;255;180;89m [38;2;0;0;0m[48;2;255;180;89m [38;2;0;0;0m[48;2;255;180;89m [38;2;255;180;89m[48;2;255;140;0m▌[38;2;116;58;0m[48;2;19;19;19m▎[38;2;116;58;0m[48;2;19;19;19m [38;2;116;58;0m[48;2;19;19;19m [38;2;116;58;0m[48;2;19;19;19m [38;2;19;19;19m[48;2;101;101;101m▊[38;2;127;127;127m[48;2;101;101;101m▎[38;2;101;101;101m[48;2;127;127;127m▃[38;2;0;0;0m[48;2;129;129;129m [38;2;0;0;0m[48;2;129;129;129m [38;2;0;0;0m[48;2;127;127;127m [38;2;0;0;0m[48;2;127;127;127m [38;2;0;0;0m[48;2;127;127;127m [38;2;0;0;0m[48;2;127;127;127m [0m
[38;2;0;0;0m[48;2;101;101;101m [38;2;0;0;0m[48;2;101;101;101m [38;2;0;0;0m[48;2;101;101;101m [38;2;0;255;255m[48;2;101;101;101m▄[38;2;0;0;0m[48;2;0;255;255m [38;2;0;0;0m[48;2;101;101;101m [38;2;0;0;0m[48;2;101;101;101m [38;2;0;0;0m[48;2;101;101;101m [38;2;0;0;0m[48;2;101;101;101m [38;2;101;101;101m[48;2;0;255;255m▄[38;2;101;101;101m[48;2;0;255;255m [38;2;101;101;101m[48;2;0;255;255m [38;2;0;0;0m[48;2;129;129;129m [38;2;0;0;0m[48;2;129;129;129m [38;2;127;127;127m[48;2;129;129;129m▝[38;2;0;0;0m[48;2;127;127;127m [38;2;0;0;0m[48;2;127;127;127m [38;2;0;0;0m[48;2;127;127;127m [38;2;0;0;0m[48;2;127;127;127m [38;2;129;129;129m[48;2;127;127;127m▁[38;2;129;129;129m[48;2;127;127;127m▁[38;2;127;127;127m[48;2;101;101;101m▆[38;2;127;127;127m[48;2;101;101;101m [38;2;127;127;127m[48;2;101;101;101m [38;2;127;127;127m[48;2;101;101;101m [38;2;127;127;127m[48;2;101;101;101m [38;2;0;255;255m[48;2;101;101;101m▄[38;2;0;0;0m[48;2;0;255;255m [38;2;0;0;0m[48;2;101;101;101m [38;2;0;0;0m[48;2;101;101;101m [38;2;0;0;0m[48;2;101;101;101m [38;2;101;101;101m[48;2;127;127;127m▃[38;2;0;0;0m[48;2;129;129;129m [38;2;0;0;0m[48;2;129;129;129m [38;2;0;0;0m[48;2;129;129;129m [38;2;0;0;0m[48;2;129;129;129m [38;2;0;0;0m[48;2;129;129;129m [38;2;0;0;0m[48;2;129;129;129m [38;2;0;0;0m[48;2;129;129;129m [38;2;0;0;0m[48;2;129;129;129m [38;2;0;0;0m[48;2;129;129;129m [38;2;127;127;127m[48;2;0;0;0m▎[38;2;0;0;0m[48;2;19;19;19m▅[38;2;0;0;0m[48;2;0;0;0m [38;2;0;0;0m[48;2;0;0;0m [38;2;0;0;0m[48;2;19;19;19m [38;2;40;40;40m[48;2;181;99;0m▘[38;2;40;40;40m[48;2;181;99;0m [38;2;181;99;0m[48;2;252;127;0m▌[38;2;181;99;0m[48;2;252;127;0m [38;2;181;99;0m[48;2;252;127;0m [38;2;0;0;0m[48;2;255;180;89m [38;2;0;0;0m[48;2;255;180;89m [38;2;255;211;156m[48;2;255;180;89m▂[38;2;255;211;156m[48;2;255;180;89m▄[38;2;255;211;156m[48;2;255;180;89m▂[38;2;255;180;89m[48;2;255;180;89m▁[38;2;255;180;89m[48;2;255;180;89m [38;2;255;180;89m[48;2;255;180;89m [38;2;255;211;156m[48;2;255;180;89m▁[38;2;255;211;156m[48;2;255;180;89m▃[38;2;255;211;156m[48;2;255;180;89m▄[38;2;255;211;156m[48;2;255;180;89m▅[38;2;255;211;156m[48;2;255;180;89m▄[38;2;255;211;156m[48;2;255;180;89m▂[38;2;255;211;156m[48;2;255;180;89m [38;2;255;180;89m[48;2;252;127;0m▌[38;2;116;58;0m[48;2;19;19;19m▘[38;2;40;40;40m[48;2;19;19;19m▌[38;2;40;40;40m[48;2;19;19;19m [38;2;0;0;0m[48;2;0;0;0m [38;2;40;40;40m[48;2;129;129;129m▌[38;2;129;129;129m[48;2;101;101;101m▌[38;2;129;129;129m[48;2;101;101;101m [38;2;101;101;101m[48;2;127;127;127m▅[38;2;0;0;0m[48;2;129;129;129m [38;2;129;129;129m[48;2;127;127;127m▅[38;2;129;129;129m[48;2;127;127;127m▖[38;2;101;101;101m[48;2;127;127;127m▁[38;2;101;101;101m[48;2;127;127;127m [0m
[38;2;0;0;0m[48;2;101;101;101m [38;2;0;255;255m[48;2;101;101;101m▗[38;2;0;255;255m[48;2;101;101;101m▄[38;2;0;0;0m[48;2;0;255;255m [38;2;0;0;0m[48;2;0;255;255m [38;2;0;255;255m[48;2;101;101;101m▄[38;2;0;255;255m[48;2;101;101;101m▖[38;2;0;255;255m[48;2;101;101;101m [38;2;0;255;255m[48;2;101;101;101m [38;2;0;255;255m[48;2;101;101;101m [38;2;0;0;0m[48;2;0;255;255m [38;2;0;0;0m[48;2;0;255;255m [38;2;0;0;0m[48;2;101;101;101m [38;2;0;255;255m[48;2;129;129;129m▄[38;2;0;255;255m[48;2;129;129;129m▄[38;2;101;101;101m[48;2;129;129;129m▁[38;2;129;129;129m[48;2;127;127;127m▅[38;2;0;0;0m[48;2;129;129;129m [38;2;0;255;255m[48;2;127;127;127m▄[38;2;0;255;255m[48;2;129;129;129m▄[38;2;0;255;255m[48;2;129;129;129m▄[38;2;0;255;255m[48;2;127;127;127m▄[38;2;127;127;127m[48;2;101;101;101m▖[38;2;127;127;127m[48;2;101;101;101m [38;2;0;255;255m[48;2;101;101;101m▗[38;2;0;255;255m[48;2;101;101;101m▄[38;2;0;0;0m[48;2;0;255;255m [38;2;0;0;0m[48;2;0;255;255m [38;2;0;255;255m[48;2;101;101;101m▄[38;2;0;255;255m[48;2;101;101;101m▖[38;2;0;255;255m[48;2;101;101;101m [38;2;0;255;255m[48;2;101;101;101m [38;2;0;255;255m[48;2;101;101;101m [38;2;101;101;101m[48;2;127;127;127m▅[38;2;0;0;0m[48;2;129;129;129m [38;2;0;0;0m[48;2;129;129;129m [38;2;0;0;0m[48;2;129;129;129m [38;2;0;0;0m[48;2;129;129;129m [38;2;0;0;0m[48;2;129;129;129m [38;2;127;127;127m[48;2;129;129;129m▗[38;2;127;127;127m[48;2;129;129;129m [38;2;0;0;0m[48;2;127;127;127m▝[38;2;0;0;0m[48;2;19;19;19m [38;2;0;0;0m[48;2;19;19;19m▅[38;2;0;0;0m[48;2;19;19;19m▐[38;2;71;33;0m[48;2;116;58;0m▌[38;2;116;58;0m[48;2;181;99;0m▌[38;2;116;58;0m[48;2;181;99;0m [38;2;116;58;0m[48;2;252;127;0m▅[38;2;116;58;0m[48;2;181;99;0m▅[38;2;116;58;0m[48;2;181;99;0m▅[38;2;71;33;0m[48;2;252;127;0m▃[38;2;71;33;0m[48;2;255;180;89m▃[38;2;71;33;0m[48;2;255;180;89m▂[38;2;255;180;89m[48;2;255;180;89m▇[38;2;255;180;89m[48;2;255;211;156m▇[38;2;255;180;89m[48;2;255;211;156m▇[38;2;0;0;0m[48;2;255;180;89m [38;2;255;211;156m[48;2;255;180;89m▘[38;2;255;211;156m[48;2;255;180;89m [38;2;255;211;156m[48;2;255;180;89m [38;2;181;99;0m[48;2;255;180;89m▂[38;2;252;127;0m[48;2;255;180;89m▂[38;2;252;127;0m[48;2;255;180;89m▂[38;2;252;127;0m[48;2;255;180;89m▂[38;2;252;127;0m[48;2;255;180;89m▁[38;2;181;99;0m[48;2;255;180;89m▝[38;2;0;0;0m[48;2;19;19;19m [38;2;0;0;0m[48;2;19;19;19m [38;2;0;0;0m[48;2;19;19;19m▅[38;2;0;0;0m[48;2;0;0;0m [38;2;77;77;77m[48;2;129;129;129m▘[38;2;129;129;129m[48;2;101;101;101m▌[38;2;129;129;129m[48;2;101;101;101m [38;2;129;129;129m[48;2;101;101;101m [38;2;129;129;129m[48;2;101;101;101m [38;2;101;101;101m[48;2;127;127;127m▂[38;2;101;101;101m[48;2;127;127;127m▃[38;2;0;0;0m[48;2;101;101;101m [38;2;0;0;0m[48;2;101;101;101m [0m
[38;2;0;0;0m[48;2;101;101;101m [38;2;0;0;0m[48;2;101;101;101m [38;2;0;0;0m[48;2;101;101;101m [38;2;0;0;0m[48;2;0;255;255m [38;2;0;0;0m[48;2;0;255;255m [38;2;0;0;0m[48;2;101;101;101m [38;2;0;0;0m[48;2;101;101;101m [38;2;0;0;0m[48;2;101;101;101m [38;2;0;0;0m[48;2;101;101;101m [38;2;0;0;0m[48;2;101;101;101m [38;2;0;0;0m[48;2;0;255;255m [38;2;0;0;0m[48;2;0;255;255m [38;2;101;101;101m[48;2;0;255;255m▃[38;2;0;0;0m[48;2;101;101;101m [38;2;0;0;0m[48;2;0;255;255m [38;2;0;0;0m[48;2;0;255;255m [38;2;0;0;0m[48;2;101;101;101m [38;2;101;101;101m[48;2;127;127;127m▖[38;2;0;255;255m[48;2;129;129;129m▄[38;2;0;255;255m[48;2;129;129;129m▃[38;2;0;255;255m[48;2;127;127;127m▃[38;2;0;0;0m[48;2;0;255;255m [38;2;0;0;0m[48;2;0;255;255m [38;2;127;127;127m[48;2;101;101;101m▅[38;2;127;127;127m[48;2;101;101;101m [38;2;127;127;127m[48;2;101;101;101m [38;2;0;0;0m[48;2;0;255;255m [38;2;0;0;0m[48;2;0;255;255m [38;2;0;0;0m[48;2;101;101;101m [38;2;0;0;0m[48;2;101;101;101m [38;2;0;0;0m[48;2;101;101;101m [38;2;0;0;0m[48;2;101;101;101m [38;2;0;0;0m[48;2;101;101;101m [38;2;0;0;0m[48;2;101;101;101m [38;2;127;127;127m[48;2;101;101;101m▝[38;2;127;127;127m[48;2;129;129;129m▖[38;2;127;127;127m[48;2;129;129;129m [38;2;127;127;127m[48;2;129;129;129m [38;2;127;127;127m[48;2;129;129;129m [38;2;0;0;0m[48;2;127;127;127m [38;2;255;211;156m[48;2;129;129;129m▗[38;2;255;211;156m[48;2;101;101;101m▆[38;2;255;180;89m[48;2;40;40;40m▃[38;2;0;0;0m[48;2;19;19;19m [38;2;0;0;0m[48;2;19;19;19m [38;2;116;58;0m[48;2;116;58;0m▌[38;2;252;127;0m[48;2;181;99;0m▁[38;2;181;99;0m[48;2;116;58;0m▄[38;2;181;99;0m[48;2;116;58;0m▛[38;2;71;33;0m[48;2;252;127;0m▅[38;2;71;33;0m[48;2;116;58;0m━[38;2;19;19;19m[48;2;71;33;0m▅[38;2;252;127;0m[48;2;71;0;0m▃[38;2;181;99;0m[48;2;71;0;0m▃[38;2;181;99;0m[48;2;116;58;0m▂[38;2;116;58;0m[48;2;181;99;0m▅[38;2;255;211;156m[48;2;255;180;89m▗[38;2;255;211;156m[48;2;255;180;89m▄[38;2;71;0;0m[48;2;252;127;0m▗[38;2;71;33;0m[48;2;181;99;0m▅[38;2;71;33;0m[48;2;181;99;0m▆[38;2;116;58;0m[48;2;71;0;0m▁[38;2;71;33;0m[48;2;116;58;0m▇[38;2;71;33;0m[48;2;116;58;0m [38;2;252;127;0m[48;2;116;58;0m▄[38;2;181;99;0m[48;2;116;58;0m▄[38;2;252;127;0m[48;2;255;180;89m▌[38;2;127;127;127m[48;2;0;0;0m▌[38;2;0;0;0m[48;2;19;19;19m▌[38;2;0;0;0m[48;2;19;19;19m▜[38;2;40;40;40m[48;2;127;127;127m▊[38;2;0;0;0m[48;2;129;129;129m [38;2;127;127;127m[48;2;101;101;101m▌[38;2;127;127;127m[48;2;101;101;101m [38;2;127;127;127m[48;2;101;101;101m▂[38;2;127;127;127m[48;2;101;101;101m [38;2;127;127;127m[48;2;101;101;101m [38;2;127;127;127m[48;2;101;101;101m [38;2;127;127;127m[48;2;101;101;101m [38;2;127;127;127m[48;2;101;101;101m [0m
[38;2;0;0;0m[48;2;101;101;101m [38;2;0;0;0m[48;2;101;101;101m [38;2;0;0;0m[48;2;101;101;101m [38;2;0;0;0m[48;2;0;255;255m [38;2;0;0;0m[48;2;0;255;255m [38;2;0;0;0m[48;2;101;101;101m [38;2;0;0;0m[48;2;101;101;101m [38;2;0;0;0m[48;2;101;101;101m [38;2;0;0;0m[48;2;101;101;101m [38;2;0;0;0m[48;2;101;101;101m [38;2;0;0;0m[48;2;0;255;255m [38;2;0;0;0m[48;2;0;255;255m [38;2;0;0;0m[48;2;101;101;101m [38;2;0;0;0m[48;2;101;101;101m [38;2;0;0;0m[48;2;0;255;255m [38;2;0;0;0m[48;2;0;255;255m [38;2;0;0;0m[48;2;101;101;101m [38;2;0;0;0m[48;2;0;255;255m [38;2;0;0;0m[48;2;0;255;255m [38;2;0;0;0m[48;2;129;129;129m [38;2;129;129;129m[48;2;101;101;101m▖[38;2;0;0;0m[48;2;0;255;255m [38;2;0;0;0m[48;2;0;255;255m [38;2;0;0;0m[48;2;101;101;101m [38;2;0;0;0m[48;2;101;101;101m [38;2;0;0;0m[48;2;101;101;101m [38;2;0;0;0m[48;2;0;255;255m [38;2;0;0;0m[48;2;0;255;255m [38;2;0;0;0m[48;2;101;101;101m [38;2;0;0;0m[48;2;101;101;101m [38;2;0;0;0m[48;2;101;101;101m [38;2;0;0;0m[48;2;101;101;101m [38;2;0;0;0m[48;2;101;101;101m [38;2;0;0;0m[48;2;101;101;101m [38;2;0;0;0m[48;2;101;101;101m [38;2;101;101;101m[48;2;127;127;127m▂[38;2;0;0;0m[48;2;129;129;129m [38;2;0;0;0m[48;2;129;129;129m [38;2;0;0;0m[48;2;129;129;129m [38;2;0;0;0m[48;2;127;127;127m [38;2;129;129;129m[48;2;255;180;89m▊[38;2;255;180;89m[48;2;252;127;0m▖[38;2;255;180;89m[48;2;255;211;156m▖[38;2;181;99;0m[48;2;19;19;19m▌[38;2;181;99;0m[48;2;19;19;19m▐[38;2;252;127;0m[48;2;181;99;0m▗[38;2;0;0;0m[48;2;252;127;0m [38;2;0;0;0m[48;2;252;127;0m [38;2;252;127;0m[48;2;181;99;0m▅[38;2;181;99;0m[48;2;116;58;0m▆[38;2;252;127;0m[48;2;181;99;0m▝[38;2;252;127;0m[48;2;181;99;0m▇[38;2;252;127;0m[48;2;255;180;89m▆[38;2;252;127;0m[48;2;181;99;0m▅[38;2;181;99;0m[48;2;252;127;0m━[38;2;0;0;0m[48;2;181;99;0m [38;2;252;127;0m[48;2;255;211;156m▌[38;2;255;211;156m[48;2;255;180;89m▌[38;2;255;180;89m[48;2;116;58;0m▄[38;2;255;180;89m[48;2;181;99;0m▂[38;2;181;99;0m[48;2;252;127;0m▘[38;2;116;58;0m[48;2;252;127;0m▝[38;2;255;180;89m[48;2;19;19;19m▃[38;2;252;127;0m[48;2;71;0;0m▅[38;2;0;0;0m[48;2;116;58;0m [38;2;181;99;0m[48;2;252;127;0m▖[38;2;252;127;0m[48;2;255;180;89m▌[38;2;252;127;0m[48;2;19;19;19m▌[38;2;181;99;0m[48;2;19;19;19m▂[38;2;101;101;101m[48;2;19;19;19m▗[38;2;127;127;127m[48;2;129;129;129m▌[38;2;127;127;127m[48;2;129;129;129m [38;2;101;101;101m[48;2;127;127;127m▁[38;2;101;101;101m[48;2;127;127;127m▁[38;2;101;101;101m[48;2;127;127;127m▆[38;2;0;0;0m[48;2;101;101;101m [38;2;0;0;0m[48;2;101;101;101m [38;2;0;0;0m[48;2;101;101;101m [38;2;0;0;0m[48;2;101;101;101m [38;2;0;0;0m[48;2;101;101;101m [0m
[38;2;0;0;0m[48;2;101;101;101m [38;2;0;0;0m[48;2;101;101;101m [38;2;0;0;0m[48;2;101;101;101m [38;2;101;101;101m[48;2;0;255;255m▄[38;2;101;101;101m[48;2;0;255;255m [38;2;101;101;101m[48;2;0;255;255m▀[38;2;101;101;101m[48;2;0;255;255m [38;2;101;101;101m[48;2;0;255;255m▄[38;2;0;0;0m[48;2;101;101;101m [38;2;0;255;255m[48;2;101;101;101m▄[38;2;0;0;0m[48;2;0;255;255m [38;2;0;0;0m[48;2;0;255;255m [38;2;0;0;0m[48;2;101;101;101m [38;2;0;0;0m[48;2;101;101;101m [38;2;0;0;0m[48;2;0;255;255m [38;2;0;0;0m[48;2;0;255;255m [38;2;0;0;0m[48;2;101;101;101m [38;2;101;101;101m[48;2;0;255;255m▄[38;2;101;101;101m[48;2;0;255;255m [38;2;101;101;101m[48;2;0;255;255m▀[38;2;0;255;255m[48;2;129;129;129m▄[38;2;127;127;127m[48;2;0;255;255m▄[38;2;127;127;127m[48;2;0;255;255m [38;2;0;255;255m[48;2;101;101;101m▄[38;2;0;255;255m[48;2;101;101;101m [38;2;0;255;255m[48;2;101;101;101m [38;2;0;255;255m[48;2;101;101;101m▀[38;2;101;101;101m[48;2;0;255;255m [38;2;101;101;101m[48;2;0;255;255m▀[38;2;101;101;101m[48;2;0;255;255m [38;2;101;101;101m[48;2;0;255;255m▄[38;2;127;127;127m[48;2;101;101;101m▂[38;2;129;129;129m[48;2;101;101;101m▂[38;2;127;127;127m[48;2;101;101;101m▁[38;2;127;127;127m[48;2;101;101;101m [38;2;127;127;127m[48;2;101;101;101m [38;2;101;101;101m[48;2;127;127;127m▃[38;2;101;101;101m[48;2;129;129;129m▁[38;2;101;101;101m[48;2;129;129;129m [38;2;129;129;129m[48;2;127;127;127m▁[38;2;0;0;0m[48;2;129;129;129m [38;2;255;180;89m[48;2;255;211;156m▅[38;2;252;127;0m[48;2;255;180;89m▘[38;2;181;99;0m[48;2;19;19;19m▌[38;2;19;19;19m[48;2;116;58;0m▌[38;2;252;127;0m[48;2;181;99;0m▝[38;2;252;127;0m[48;2;181;99;0m▜[38;2;0;0;0m[48;2;252;127;0m [38;2;0;0;0m[48;2;252;127;0m [38;2;255;140;0m[48;2;252;127;0m▅[38;2;255;180;89m[48;2;255;140;0m▅[38;2;255;180;89m[48;2;255;140;0m▁[38;2;255;180;89m[48;2;255;140;0m▃[38;2;255;180;89m[48;2;255;140;0m▂[38;2;255;140;0m[48;2;252;127;0m▌[38;2;252;127;0m[48;2;181;99;0m▘[38;2;255;140;0m[48;2;255;211;156m▌[38;2;255;211;156m[48;2;255;180;89m▌[38;2;255;211;156m[48;2;255;180;89m [38;2;255;211;156m[48;2;255;180;89m [38;2;255;211;156m[48;2;255;180;89m [38;2;255;180;89m[48;2;181;99;0m▆[38;2;255;180;89m[48;2;252;127;0m▅[38;2;255;180;89m[48;2;252;127;0m▅[38;2;0;0;0m[48;2;255;180;89m [38;2;0;0;0m[48;2;255;180;89m [38;2;0;0;0m[48;2;255;180;89m [38;2;181;99;0m[48;2;0;0;0m▌[38;2;19;19;19m[48;2;252;127;0m▌[38;2;255;211;156m[48;2;127;127;127m▌[38;2;129;129;129m[48;2;127;127;127m▖[38;2;129;129;129m[48;2;127;127;127m [38;2;127;127;127m[48;2;101;101;101m▆[38;2;127;127;127m[48;2;101;101;101m▅[38;2;127;127;127m[48;2;101;101;101m [38;2;127;127;127m[48;2;101;101;101m [38;2;127;127;127m[48;2;101;101;101m [38;2;127;127;127m[48;2;101;101;101m [38;2;127;127;127m[48;2;101;101;101m [38;2;127;127;127m[48;2;101;101;101m [0m
[38;2;0;0;0m[48;2;101;101;101m [38;2;0;0;0m[48;2;101;101;101m [38;2;0;0;0m[48;2;101;101;101m [38;2;0;0;0m[48;2;101;101;101m [38;2;0;0;0m[48;2;101;101;101m [38;2;0;0;0m[48;2;101;101;101m [38;2;0;0;0m[48;2;101;101;101m [38;2;0;0;0m[48;2;101;101;101m [38;2;0;0;0m[48;2;101;101;101m [38;2;0;0;0m[48;2;101;101;101m [38;2;0;0;0m[48;2;101;101;101m [38;2;0;0;0m[48;2;101;101;101m [38;2;0;0;0m[48;2;101;101;101m [38;2;0;0;0m[48;2;101;101;101m [38;2;0;0;0m[48;2;101;101;101m [38;2;0;0;0m[48;2;101;101;101m [38;2;0;0;0m[48;2;101;101;101m [38;2;0;0;0m[48;2;101;101;101m [38;2;0;0;0m[48;2;101;101;101m [38;2;0;0;0m[48;2;101;101;101m [38;2;0;0;0m[48;2;101;101;101m [38;2;101;101;101m[48;2;127;127;127m▅[38;2;101;101;101m[48;2;127;127;127m▅[38;2;101;101;101m[48;2;127;127;127m▅[38;2;0;0;0m[48;2;101;101;101m [38;2;127;127;127m[48;2;101;101;101m▅[38;2;127;127;127m[48;2;101;101;101m [38;2;127;127;127m[48;2;101;101;101m [38;2;129;129;129m[48;2;101;101;101m▝[38;2;101;101;101m[48;2;129;129;129m▅[38;2;101;101;101m[48;2;127;127;127m▅[38;2;101;101;101m[48;2;129;129;129m▁[38;2;101;101;101m[48;2;129;129;129m [38;2;101;101;101m[48;2;129;129;129m [38;2;127;127;127m[48;2;101;101;101m▅[38;2;127;127;127m[48;2;101;101;101m▂[38;2;127;127;127m[48;2;101;101;101m▂[38;2;127;127;127m[48;2;101;101;101m▂[38;2;127;127;127m[48;2;127;127;127m▌[38;2;0;0;0m[48;2;129;129;129m [38;2;0;0;0m[48;2;129;129;129m [38;2;129;129;129m[48;2;127;127;127m▂[38;2;129;129;129m[48;2;255;180;89m▁[38;2;255;211;156m[48;2;181;99;0m▖[38;2;0;0;0m[48;2;116;58;0m [38;2;0;0;0m[48;2;116;58;0m [38;2;0;0;0m[48;2;181;99;0m [38;2;181;99;0m[48;2;252;127;0m▂[38;2;181;99;0m[48;2;252;127;0m [38;2;255;211;156m[48;2;255;180;89m▝[38;2;255;180;89m[48;2;255;211;156m▂[38;2;255;180;89m[48;2;255;211;156m▄[38;2;0;0;0m[48;2;255;180;89m [38;2;255;180;89m[48;2;252;127;0m▘[38;2;0;0;0m[48;2;181;99;0m [38;2;181;99;0m[48;2;252;127;0m▊[38;2;255;180;89m[48;2;255;211;156m▘[38;2;255;180;89m[48;2;255;211;156m▝[38;2;0;0;0m[48;2;255;180;89m [38;2;252;127;0m[48;2;255;180;89m▅[38;2;252;127;0m[48;2;255;180;89m▂[38;2;255;180;89m[48;2;255;211;156m▅[38;2;255;211;156m[48;2;255;180;89m▅[38;2;255;211;156m[48;2;255;180;89m▅[38;2;255;211;156m[48;2;255;180;89m▛[38;2;255;211;156m[48;2;255;180;89m [38;2;0;0;0m[48;2;252;127;0m [38;2;19;19;19m[48;2;116;58;0m▝[38;2;0;0;0m[48;2;252;127;0m [38;2;255;180;89m[48;2;127;127;127m▎[38;2;255;180;89m[48;2;127;127;127m [38;2;255;180;89m[48;2;127;127;127m [38;2;255;180;89m[48;2;127;127;127m [38;2;255;180;89m[48;2;127;127;127m [38;2;101;101;101m[48;2;127;127;127m▁[38;2;0;0;0m[48;2;101;101;101m [38;2;0;0;0m[48;2;101;101;101m [38;2;0;0;0m[48;2;101;101;101m [38;2;0;0;0m[48;2;101;101;101m [38;2;0;0;0m[48;2;101;101;101m [0m
[38;2;0;0;0m[48;2;101;101;101m [38;2;0;0;0m[48;2;101;101;101m [38;2;0;0;0m[48;2;101;101;101m [38;2;0;0;0m[48;2;101;101;101m [38;2;0;0;0m[48;2;101;101;101m [38;2;0;0;0m[48;2;101;101;101m [38;2;0;0;0m[48;2;101;101;101m [38;2;0;0;0m[48;2;101;101;101m [38;2;0;0;0m[48;2;101;101;101m [38;2;0;0;0m[48;2;101;101;101m [38;2;0;0;0m[48;2;101;101;101m [38;2;0;0;0m[48;2;101;101;101m [38;2;0;0;0m[48;2;101;101;101m [38;2;0;0;0m[48;2;101;101;101m [38;2;0;0;0m[48;2;101;101;101m [38;2;0;0;0m[48;2;101;101;101m [38;2;0;0;0m[48;2;101;101;101m [38;2;0;0;0m[48;2;101;101;101m [38;2;0;0;0m[48;2;101;101;101m [38;2;0;0;0m[48;2;101;101;101m [38;2;0;0;0m[48;2;101;101;101m [38;2;0;0;0m[48;2;101;101;101m [38;2;0;0;0m[48;2;101;101;101m [38;2;0;0;0m[48;2;101;101;101m [38;2;127;127;127m[48;2;101;101;101m▝[38;2;127;127;127m[48;2;101;101;101m▘[38;2;127;127;127m[48;2;101;101;101m [38;2;127;127;127m[48;2;101;101;101m▂[38;2;127;127;127m[48;2;101;101;101m▁[38;2;127;127;127m[48;2;101;101;101m [38;2;127;127;127m[48;2;101;101;101m [38;2;127;127;127m[48;2;101;101;101m [38;2;0;0;0m[48;2;127;127;127m [38;2;0;0;0m[48;2;129;129;129m [38;2;0;0;0m[48;2;129;129;129m [38;2;0;0;0m[48;2;129;129;129m [38;2;0;0;0m[48;2;129;129;129m [38;2;0;0;0m[48;2;129;129;129m [38;2;0;0;0m[48;2;129;129;129m [38;2;0;0;0m[48;2;127;127;127m [38;2;0;0;0m[48;2;127;127;127m [38;2;0;0;0m[48;2;129;129;129m [38;2;0;0;0m[48;2;127;127;127m [38;2;127;127;127m[48;2;255;180;89m▄[38;2;19;19;19m[48;2;116;58;0m▆[38;2;116;58;0m[48;2;181;99;0m▊[38;2;116;58;0m[48;2;181;99;0m [38;2;116;58;0m[48;2;181;99;0m [38;2;252;127;0m[48;2;181;99;0m▝[38;2;252;127;0m[48;2;255;180;89m▂[38;2;252;127;0m[48;2;255;180;89m▂[38;2;252;127;0m[48;2;255;180;89m▆[38;2;252;127;0m[48;2;255;180;89m▀[38;2;252;127;0m[48;2;255;180;89m▜[38;2;116;58;0m[48;2;181;99;0m▅[38;2;116;0;0m[48;2;181;99;0m▅[38;2;116;58;0m[48;2;255;180;89m▃[38;2;116;58;0m[48;2;255;180;89m▃[38;2;116;0;0m[48;2;252;127;0m▃[38;2;255;180;89m[48;2;252;127;0m▂[38;2;255;180;89m[48;2;252;127;0m [38;2;252;127;0m[48;2;255;180;89m▃[38;2;252;127;0m[48;2;255;180;89m [38;2;252;127;0m[48;2;255;180;89m [38;2;252;127;0m[48;2;255;180;89m [38;2;0;0;0m[48;2;252;127;0m [38;2;181;99;0m[48;2;116;58;0m▃[38;2;181;99;0m[48;2;252;127;0m▘[38;2;127;127;127m[48;2;255;180;89m▅[38;2;0;0;0m[48;2;127;127;127m [38;2;101;101;101m[48;2;127;127;127m▁[38;2;101;101;101m[48;2;127;127;127m▁[38;2;101;101;101m[48;2;127;127;127m▂[38;2;101;101;101m[48;2;127;127;127m▃[38;2;0;0;0m[48;2;101;101;101m [38;2;0;0;0m[48;2;101;101;101m [38;2;0;0;0m[48;2;101;101;101m [38;2;0;0;0m[48;2;101;101;101m [38;2;0;0;0m[48;2;101;101;101m [38;2;0;0;0m[48;2;101;101;101m [0m
[38;2;0;0;0m[48;2;101;101;101m [38;2;0;0;0m[48;2;101;101;101m [38;2;0;255;255m[48;2;101;101;101m▄[38;2;0;255;255m[48;2;101;101;101m▄[38;2;0;255;255m[48;2;101;101;101m [38;2;0;255;255m[48;2;101;101;101m [38;2;0;255;255m[48;2;101;101;101m [38;2;0;255;255m[48;2;101;101;101m▄[38;2;0;255;255m[48;2;101;101;101m▄[38;2;0;255;255m[48;2;101;101;101m [38;2;0;255;255m[48;2;101;101;101m [38;2;0;255;255m[48;2;101;101;101m▄[38;2;0;255;255m[48;2;101;101;101m▄[38;2;0;255;255m[48;2;101;101;101m▄[38;2;0;255;255m[48;2;101;101;101m▄[38;2;0;255;255m[48;2;101;101;101m [38;2;0;255;255m[48;2;101;101;101m [38;2;0;255;255m[48;2;101;101;101m [38;2;0;255;255m[48;2;101;101;101m [38;2;0;255;255m[48;2;101;101;101m▄[38;2;0;255;255m[48;2;101;101;101m▄[38;2;0;255;255m[48;2;101;101;101m▄[38;2;0;255;255m[48;2;101;101;101m▄[38;2;0;255;255m[48;2;101;101;101m▄[38;2;0;255;255m[48;2;101;101;101m [38;2;0;255;255m[48;2;101;101;101m [38;2;0;255;255m[48;2;101;101;101m [38;2;0;255;255m[48;2;101;101;101m [38;2;0;0;0m[48;2;127;127;127m [38;2;127;127;127m[48;2;101;101;101m▆[38;2;129;129;129m[48;2;101;101;101m▆[38;2;127;127;127m[48;2;129;129;129m▅[38;2;127;127;127m[48;2;129;129;129m▅[38;2;127;127;127m[48;2;129;129;129m▅[38;2;127;127;127m[48;2;129;129;129m▟[38;2;127;127;127m[48;2;129;129;129m▟[38;2;127;127;127m[48;2;129;129;129m▙[38;2;127;127;127m[48;2;129;129;129m▟[38;2;127;127;127m[48;2;129;129;129m▌[38;2;127;127;127m[48;2;129;129;129m▐[38;2;0;0;0m[48;2;127;127;127m [38;2;0;0;0m[48;2;127;127;127m [38;2;127;127;127m[48;2;129;129;129m▇[38;2;129;129;129m[48;2;127;127;127m▇[38;2;127;127;127m[48;2;0;0;0m▖[38;2;71;33;0m[48;2;116;58;0m▖[38;2;0;0;0m[48;2;181;99;0m [38;2;181;99;0m[48;2;252;127;0m▖[38;2;0;0;0m[48;2;181;99;0m [38;2;181;99;0m[48;2;252;127;0m▌[38;2;255;180;89m[48;2;252;127;0m▌[38;2;255;180;89m[48;2;252;127;0m [38;2;252;127;0m[48;2;255;180;89m▆[38;2;0;0;0m[48;2;252;127;0m [38;2;0;0;0m[48;2;252;127;0m [38;2;255;180;89m[48;2;252;127;0m▇[38;2;255;180;89m[48;2;116;58;0m▅[38;2;255;180;89m[48;2;116;58;0m▅[38;2;255;180;89m[48;2;181;99;0m▆[38;2;255;180;89m[48;2;255;211;156m▃[38;2;0;0;0m[48;2;255;180;89m [38;2;255;140;0m[48;2;252;127;0m▄[38;2;252;127;0m[48;2;255;140;0m▅[38;2;0;0;0m[48;2;252;127;0m [38;2;0;0;0m[48;2;252;127;0m [38;2;0;0;0m[48;2;181;99;0m [38;2;101;101;101m[48;2;116;58;0m▅[38;2;0;0;0m[48;2;101;101;101m [38;2;101;101;101m[48;2;127;127;127m▃[38;2;101;101;101m[48;2;127;127;127m▃[38;2;0;0;0m[48;2;101;101;101m [38;2;0;0;0m[48;2;101;101;101m [38;2;0;0;0m[48;2;101;101;101m [38;2;0;0;0m[48;2;101;101;101m [38;2;0;0;0m[48;2;101;101;101m [38;2;0;0;0m[48;2;101;101;101m [38;2;0;0;0m[48;2;101;101;101m [38;2;0;0;0m[48;2;101;101;101m [38;2;0;0;0m[48;2;127;127;127m [38;2;0;0;0m[48;2;127;127;127m [0m
[38;2;0;0;0m[48;2;101;101;101m [38;2;0;0;0m[48;2;101;101;101m [38;2;0;0;0m[48;2;0;255;255m [38;2;0;0;0m[48;2;0;255;255m [38;2;0;0;0m[48;2;101;101;101m [38;2;0;255;255m[48;2;101;101;101m▄[38;2;0;255;255m[48;2;101;101;101m [38;2;0;0;0m[48;2;0;255;255m [38;2;0;0;0m[48;2;0;255;255m [38;2;0;0;0m[48;2;101;101;101m [38;2;0;0;0m[48;2;101;101;101m [38;2;0;255;255m[48;2;101;101;101m▄[38;2;0;255;255m[48;2;101;101;101m▄[38;2;0;255;255m[48;2;101;101;101m▄[38;2;0;0;0m[48;2;0;255;255m [38;2;0;0;0m[48;2;0;255;255m [38;2;0;0;0m[48;2;101;101;101m [38;2;0;0;0m[48;2;101;101;101m [38;2;101;101;101m[48;2;0;255;255m▃[38;2;101;101;101m[48;2;0;255;255m [38;2;101;101;101m[48;2;0;255;255m▀[38;2;0;0;0m[48;2;101;101;101m [38;2;0;0;0m[48;2;101;101;101m [38;2;101;101;101m[48;2;0;255;255m▃[38;2;101;101;101m[48;2;0;255;255m▃[38;2;0;0;0m[48;2;101;101;101m [38;2;0;0;0m[48;2;101;101;101m [38;2;127;127;127m[48;2;127;127;127m▌[38;2;127;127;127m[48;2;129;129;129m▅[38;2;127;127;127m[48;2;129;129;129m▅[38;2;127;127;127m[48;2;129;129;129m▆[38;2;0;0;0m[48;2;127;127;127m [38;2;0;0;0m[48;2;127;127;127m [38;2;0;0;0m[48;2;127;127;127m [38;2;0;0;0m[48;2;127;127;127m [38;2;0;0;0m[48;2;127;127;127m [38;2;0;0;0m[48;2;127;127;127m [38;2;0;0;0m[48;2;127;127;127m [38;2;0;0;0m[48;2;127;127;127m [38;2;0;0;0m[48;2;127;127;127m [38;2;0;0;0m[48;2;127;127;127m [38;2;0;0;0m[48;2;127;127;127m [38;2;0;0;0m[48;2;127;127;127m [38;2;0;0;0m[48;2;127;127;127m [38;2;0;0;0m[48;2;127;127;127m [38;2;0;0;0m[48;2;71;33;0m [38;2;0;0;0m[48;2;116;58;0m [38;2;0;0;0m[48;2;181;99;0m [38;2;0;0;0m[48;2;181;99;0m [38;2;252;127;0m[48;2;255;180;89m▌[38;2;252;127;0m[48;2;255;180;89m▐[38;2;0;0;0m[48;2;252;127;0m [38;2;71;0;0m[48;2;181;99;0m━[38;2;116;0;0m[48;2;181;99;0m▅[38;2;116;58;0m[48;2;127;0;0m▆[38;2;181;99;0m[48;2;127;0;0m▄[38;2;181;99;0m[48;2;255;180;89m▆[38;2;127;0;0m[48;2;255;180;89m▆[38;2;127;0;0m[48;2;255;180;89m▅[38;2;127;0;0m[48;2;255;180;89m▃[38;2;0;0;0m[48;2;252;127;0m [38;2;255;140;0m[48;2;255;180;89m▌[38;2;255;180;89m[48;2;252;127;0m▌[38;2;255;180;89m[48;2;252;127;0m▄[38;2;181;99;0m[48;2;252;127;0m▗[38;2;0;0;0m[48;2;101;101;101m [38;2;0;0;0m[48;2;101;101;101m [38;2;0;0;0m[48;2;101;101;101m [38;2;0;0;0m[48;2;101;101;101m [38;2;0;0;0m[48;2;101;101;101m [38;2;0;0;0m[48;2;101;101;101m [38;2;0;0;0m[48;2;101;101;101m [38;2;0;0;0m[48;2;101;101;101m [38;2;0;0;0m[48;2;101;101;101m [38;2;0;0;0m[48;2;101;101;101m [38;2;0;0;0m[48;2;101;101;101m [38;2;0;0;0m[48;2;127;127;127m [38;2;0;0;0m[48;2;127;127;127m [38;2;0;0;0m[48;2;127;127;127m [38;2;0;0;0m[48;2;127;127;127m [0m
[38;2;0;0;0m[48;2;101;101;101m [38;2;0;0;0m[48;2;101;101;101m [38;2;0;0;0m[48;2;0;255;255m [38;2;0;0;0m[48;2;0;255;255m [38;2;0;0;0m[48;2;101;101;101m [38;2;0;0;0m[48;2;0;255;255m [38;2;0;0;0m[48;2;101;101;101m [38;2;0;0;0m[48;2;0;255;255m [38;2;0;0;0m[48;2;0;255;255m [38;2;0;0;0m[48;2;101;101;101m [38;2;0;0;0m[48;2;0;255;255m [38;2;0;0;0m[48;2;0;255;255m [38;2;0;0;0m[48;2;101;101;101m [38;2;0;0;0m[48;2;101;101;101m [38;2;0;0;0m[48;2;0;255;255m [38;2;0;0;0m[48;2;0;255;255m [38;2;0;0;0m[48;2;101;101;101m [38;2;0;0;0m[48;2;101;101;101m [38;2;0;0;0m[48;2;101;101;101m [38;2;0;0;0m[48;2;101;101;101m [38;2;101;101;101m[48;2;0;255;255m▄[38;2;101;101;101m[48;2;0;255;255m▄[38;2;101;101;101m[48;2;0;255;255m [38;2;101;101;101m[48;2;0;255;255m▀[38;2;127;127;127m[48;2;101;101;101m▃[38;2;127;127;127m[48;2;101;101;101m▅[38;2;127;127;127m[48;2;101;101;101m▅[38;2;127;127;127m[48;2;101;101;101m▟[38;2;0;0;0m[48;2;127;127;127m [38;2;0;0;0m[48;2;127;127;127m [38;2;0;0;0m[48;2;127;127;127m [38;2;0;0;0m[48;2;127;127;127m [38;2;0;0;0m[48;2;127;127;127m [38;2;0;0;0m[48;2;127;127;127m [38;2;0;0;0m[48;2;127;127;127m [38;2;0;0;0m[48;2;127;127;127m [38;2;0;0;0m[48;2;127;127;127m [38;2;0;0;0m[48;2;127;127;127m [38;2;0;0;0m[48;2;127;127;127m [38;2;0;0;0m[48;2;127;127;127m [38;2;0;0;0m[48;2;127;127;127m [38;2;0;0;0m[48;2;127;127;127m [38;2;129;129;129m[48;2;127;127;127m▁[38;2;19;19;19m[48;2;127;127;127m▂[38;2;0;0;0m[48;2;19;19;19m [38;2;71;33;0m[48;2;71;0;0m▌[38;2;116;58;0m[48;2;71;0;0m▝[38;2;116;58;0m[48;2;181;99;0m▖[38;2;116;58;0m[48;2;181;99;0m [38;2;181;99;0m[48;2;252;127;0m▌[38;2;252;127;0m[48;2;255;180;89m▅[38;2;252;127;0m[48;2;255;180;89m▟[38;2;0;0;0m[48;2;252;127;0m [38;2;181;99;0m[48;2;252;127;0m▃[38;2;116;58;0m[48;2;252;127;0m▂[38;2;116;58;0m[48;2;252;127;0m▁[38;2;181;99;0m[48;2;252;127;0m▁[38;2;181;99;0m[48;2;252;127;0m [38;2;181;99;0m[48;2;252;127;0m [38;2;252;127;0m[48;2;255;180;89m▘[38;2;252;127;0m[48;2;255;180;89m [38;2;252;127;0m[48;2;255;180;89m [38;2;0;0;0m[48;2;252;127;0m [38;2;181;99;0m[48;2;255;180;89m▗[38;2;181;99;0m[48;2;101;101;101m▌[38;2;181;99;0m[48;2;101;101;101m [38;2;101;101;101m[48;2;127;127;127m▅[38;2;101;101;101m[48;2;127;127;127m▆[38;2;0;0;0m[48;2;101;101;101m [38;2;0;0;0m[48;2;101;101;101m [38;2;0;0;0m[48;2;101;101;101m [38;2;0;0;0m[48;2;101;101;101m [38;2;0;0;0m[48;2;101;101;101m [38;2;0;0;0m[48;2;101;101;101m [38;2;0;0;0m[48;2;101;101;101m [38;2;0;0;0m[48;2;101;101;101m [38;2;101;101;101m[48;2;127;127;127m▌[38;2;101;101;101m[48;2;127;127;127m▗[38;2;0;0;0m[48;2;101;101;101m [38;2;0;0;0m[48;2;101;101;101m [0m
[38;2;0;0;0m[48;2;101;101;101m [38;2;0;0;0m[48;2;101;101;101m [38;2;101;101;101m[48;2;0;255;255m▄[38;2;101;101;101m[48;2;0;255;255m [38;2;101;101;101m[48;2;0;255;255m [38;2;101;101;101m[48;2;0;255;255m▄[38;2;101;101;101m[48;2;0;255;255m [38;2;101;101;101m[48;2;0;255;255m [38;2;101;101;101m[48;2;0;255;255m▄[38;2;0;0;0m[48;2;101;101;101m [38;2;101;101;101m[48;2;0;255;255m▄[38;2;101;101;101m[48;2;0;255;255m [38;2;101;101;101m[48;2;0;255;255m▀[38;2;101;101;101m[48;2;0;255;255m▀[38;2;101;101;101m[48;2;0;255;255m▄[38;2;101;101;101m[48;2;0;255;255m [38;2;101;101;101m[48;2;0;255;255m▀[38;2;0;255;255m[48;2;101;101;101m [38;2;0;255;255m[48;2;101;101;101m▀[38;2;101;101;101m[48;2;0;255;255m [38;2;101;101;101m[48;2;0;255;255m▀[38;2;101;101;101m[48;2;0;255;255m▀[38;2;101;101;101m[48;2;0;255;255m▀[38;2;101;101;101m[48;2;0;255;255m [38;2;127;127;127m[48;2;0;255;255m▄[38;2;0;0;0m[48;2;127;127;127m [38;2;0;0;0m[48;2;127;127;127m [38;2;0;0;0m[48;2;127;127;127m [38;2;0;0;0m[48;2;127;127;127m [38;2;0;0;0m[48;2;127;127;127m [38;2;0;0;0m[48;2;127;127;127m [38;2;0;0;0m[48;2;127;127;127m [38;2;0;0;0m[48;2;127;127;127m [38;2;0;0;0m[48;2;127;127;127m [38;2;0;0;0m[48;2;127;127;127m [38;2;0;0;0m[48;2;127;127;127m [38;2;0;0;0m[48;2;127;127;127m [38;2;0;0;0m[48;2;127;127;127m [38;2;0;0;0m[48;2;127;127;127m [38;2;0;0;0m[48;2;127;127;127m [38;2;0;0;0m[48;2;127;127;127m [38;2;54;54;54m[48;2;127;127;127m▃[38;2;54;54;54m[48;2;127;127;127m▟[38;2;0;0;0m[48;2;0;0;0m [38;2;101;101;101m[48;2;159;159;159m▌[38;2;159;159;159m[48;2;116;58;0m▌[38;2;116;58;0m[48;2;71;0;0m▅[38;2;71;33;0m[48;2;0;0;0m▝[38;2;71;0;0m[48;2;116;58;0m▃[38;2;116;58;0m[48;2;181;99;0m▖[38;2;0;0;0m[48;2;252;127;0m [38;2;0;0;0m[48;2;252;127;0m [38;2;255;180;89m[48;2;252;127;0m▝[38;2;0;0;0m[48;2;255;180;89m [38;2;255;180;89m[48;2;252;127;0m▇[38;2;255;180;89m[48;2;181;99;0m▆[38;2;255;180;89m[48;2;181;99;0m▆[38;2;255;180;89m[48;2;252;127;0m▆[38;2;0;0;0m[48;2;255;180;89m [38;2;0;0;0m[48;2;255;180;89m [38;2;0;0;0m[48;2;255;180;89m [38;2;0;0;0m[48;2;252;127;0m [38;2;101;101;101m[48;2;252;127;0m▗[38;2;40;40;40m[48;2;181;99;0m▅[38;2;19;19;19m[48;2;101;101;101m▅[38;2;19;19;19m[48;2;127;127;127m▅[38;2;0;0;0m[48;2;101;101;101m▂[38;2;0;0;0m[48;2;101;101;101m▁[38;2;0;0;0m[48;2;101;101;101m [38;2;0;0;0m[48;2;101;101;101m [38;2;0;0;0m[48;2;101;101;101m [38;2;0;0;0m[48;2;101;101;101m [38;2;0;0;0m[48;2;101;101;101m [38;2;0;0;0m[48;2;101;101;101m [38;2;0;0;0m[48;2;101;101;101m [38;2;0;0;0m[48;2;101;101;101m [38;2;0;0;0m[48;2;101;101;101m [38;2;0;0;0m[48;2;101;101;101m [38;2;0;0;0m[48;2;101;101;101m [38;2;0;0;0m[48;2;101;101;101m [0m
[38;2;0;0;0m[48;2;101;101;101m [38;2;0;0;0m[48;2;101;101;101m [38;2;0;0;0m[48;2;101;101;101m [38;2;0;0;0m[48;2;101;101;101m [38;2;0;0;0m[48;2;101;101;101m [38;2;0;0;0m[48;2;101;101;101m [38;2;0;0;0m[48;2;101;101;101m [38;2;0;0;0m[48;2;101;101;101m [38;2;0;0;0m[48;2;101;101;101m [38;2;0;0;0m[48;2;101;101;101m [38;2;0;0;0m[48;2;101;101;101m [38;2;0;0;0m[48;2;101;101;101m [38;2;0;0;0m[48;2;101;101;101m [38;2;0;0;0m[48;2;101;101;101m [38;2;0;0;0m[48;2;101;101;101m [38;2;0;0;0m[48;2;101;101;101m [38;2;0;0;0m[48;2;101;101;101m [38;2;0;0;0m[48;2;101;101;101m [38;2;0;0;0m[48;2;101;101;101m [38;2;0;0;0m[48;2;101;101;101m [38;2;0;0;0m[48;2;101;101;101m [38;2;0;0;0m[48;2;101;101;101m [38;2;127;127;127m[48;2;101;101;101m▆[38;2;0;0;0m[48;2;127;127;127m [38;2;0;0;0m[48;2;127;127;127m [38;2;0;0;0m[48;2;127;127;127m [38;2;0;0;0m[48;2;127;127;127m [38;2;0;0;0m[48;2;127;127;127m [38;2;0;0;0m[48;2;127;127;127m [38;2;0;0;0m[48;2;127;127;127m [38;2;0;0;0m[48;2;127;127;127m [38;2;0;0;0m[48;2;127;127;127m [38;2;0;0;0m[48;2;127;127;127m [38;2;0;0;0m[48;2;127;127;127m [38;2;0;0;0m[48;2;127;127;127m [38;2;0;0;0m[48;2;127;127;127m [38;2;54;54;54m[48;2;127;127;127m▃[38;2;54;54;54m[48;2;127;127;127m▅[38;2;54;54;54m[48;2;127;127;127m▅[38;2;77;77;77m[48;2;127;127;127m▆[38;2;0;0;0m[48;2;77;77;77m [38;2;40;40;40m[48;2;54;54;54m▗[38;2;40;40;40m[48;2;0;0;0m▘[38;2;159;159;159m[48;2;19;19;19m▗[38;2;0;0;0m[48;2;255;255;255m [38;2;188;188;188m[48;2;54;54;54m▎[38;2;71;33;0m[48;2;116;58;0m▖[38;2;19;19;19m[48;2;116;58;0m▝[38;2;0;0;0m[48;2;71;0;0m [38;2;71;0;0m[48;2;116;58;0m▆[38;2;71;0;0m[48;2;181;99;0m▅[38;2;0;0;0m[48;2;252;127;0m [38;2;0;0;0m[48;2;252;127;0m [38;2;252;127;0m[48;2;255;180;89m▆[38;2;252;127;0m[48;2;255;180;89m [38;2;252;127;0m[48;2;255;180;89m [38;2;252;127;0m[48;2;255;180;89m [38;2;252;127;0m[48;2;255;180;89m [38;2;252;127;0m[48;2;255;180;89m [38;2;252;127;0m[48;2;255;180;89m [38;2;116;58;0m[48;2;252;127;0m▃[38;2;116;58;0m[48;2;127;127;127m▌[38;2;159;159;159m[48;2;101;101;101m▌[38;2;0;0;0m[48;2;0;0;0m [38;2;0;0;0m[48;2;19;19;19m▃[38;2;0;0;0m[48;2;19;19;19m▁[38;2;0;0;0m[48;2;19;19;19m [38;2;19;19;19m[48;2;0;0;0m▅[38;2;19;19;19m[48;2;0;0;0m▆[38;2;40;40;40m[48;2;19;19;19m▄[38;2;40;40;40m[48;2;101;101;101m▅[38;2;40;40;40m[48;2;101;101;101m▅[38;2;40;40;40m[48;2;101;101;101m▃[38;2;54;54;54m[48;2;101;101;101m▃[38;2;40;40;40m[48;2;101;101;101m▁[38;2;77;77;77m[48;2;101;101;101m▁[38;2;77;77;77m[48;2;101;101;101m [38;2;77;77;77m[48;2;101;101;101m [38;2;77;77;77m[48;2;101;101;101m [38;2;77;77;77m[48;2;101;101;101m [0m
[38;2;0;0;0m[48;2;101;101;101m [38;2;0;0;0m[48;2;101;101;101m [38;2;0;0;0m[48;2;101;101;101m [38;2;0;0;0m[48;2;101;101;101m [38;2;0;0;0m[48;2;101;101;101m [38;2;0;0;0m[48;2;101;101;101m [38;2;0;0;0m[48;2;101;101;101m [38;2;0;0;0m[48;2;101;101;101m [38;2;0;0;0m[48;2;101;101;101m [38;2;0;0;0m[48;2;101;101;101m [38;2;0;0;0m[48;2;101;101;101m [38;2;0;0;0m[48;2;101;101;101m [38;2;0;0;0m[48;2;101;101;101m [38;2;0;0;0m[48;2;101;101;101m [38;2;0;0;0m[48;2;101;101;101m [38;2;0;0;0m[48;2;101;101;101m [38;2;0;0;0m[48;2;101;101;101m [38;2;0;0;0m[48;2;101;101;101m [38;2;0;0;0m[48;2;101;101;101m [38;2;127;127;127m[48;2;101;101;101m▗[38;2;127;127;127m[48;2;101;101;101m▆[38;2;0;0;0m[48;2;127;127;127m [38;2;0;0;0m[48;2;127;127;127m [38;2;0;0;0m[48;2;127;127;127m [38;2;0;0;0m[48;2;127;127;127m [38;2;0;0;0m[48;2;127;127;127m [38;2;0;0;0m[48;2;127;127;127m [38;2;0;0;0m[48;2;127;127;127m [38;2;0;0;0m[48;2;127;127;127m [38;2;101;101;101m[48;2;127;127;127m▁[38;2;77;77;77m[48;2;127;127;127m▂[38;2;77;77;77m[48;2;127;127;127m▅[38;2;77;77;77m[48;2;127;127;127m▅[38;2;77;77;77m[48;2;127;127;127m▇[38;2;54;54;54m[48;2;77;77;77m▃[38;2;0;255;255m[48;2;54;54;54m▗[38;2;0;255;255m[48;2;54;54;54m▟[38;2;0;255;255m[48;2;54;54;54m▌[38;2;0;255;255m[48;2;54;54;54m [38;2;54;54;54m[48;2;77;77;77m▃[38;2;40;40;40m[48;2;54;54;54m▅[38;2;40;40;40m[48;2;19;19;19m▘[38;2;19;19;19m[48;2;0;0;0m▌[38;2;19;19;19m[48;2;188;188;188m▌[38;2;210;210;210m[48;2;255;255;255m▃[38;2;77;77;77m[48;2;210;210;210m▝[38;2;71;33;0m[48;2;116;58;0m▌[38;2;0;0;0m[48;2;181;99;0m [38;2;116;58;0m[48;2;181;99;0m▝[38;2;116;58;0m[48;2;71;0;0m▖[38;2;116;58;0m[48;2;71;0;0m [38;2;116;58;0m[48;2;71;0;0m [38;2;71;33;0m[48;2;181;99;0m▅[38;2;71;33;0m[48;2;181;99;0m▅[38;2;116;58;0m[48;2;252;127;0m▅[38;2;116;58;0m[48;2;252;127;0m▃[38;2;116;58;0m[48;2;252;127;0m▃[38;2;116;58;0m[48;2;255;180;89m▅[38;2;116;58;0m[48;2;252;127;0m▅[38;2;181;99;0m[48;2;116;58;0m▃[38;2;0;0;0m[48;2;181;99;0m [38;2;116;58;0m[48;2;101;101;101m▌[38;2;210;210;210m[48;2;226;226;226m▌[38;2;0;0;0m[48;2;0;0;0m [38;2;0;0;0m[48;2;0;0;0m [38;2;0;0;0m[48;2;0;0;0m [38;2;0;0;0m[48;2;0;0;0m [38;2;0;0;0m[48;2;19;19;19m▖[38;2;40;40;40m[48;2;19;19;19m▁[38;2;40;40;40m[48;2;19;19;19m▅[38;2;40;40;40m[48;2;19;19;19m▖[38;2;19;19;19m[48;2;40;40;40m▅[38;2;19;19;19m[48;2;40;40;40m▃[38;2;19;19;19m[48;2;40;40;40m▁[38;2;40;40;40m[48;2;54;54;54m▅[38;2;40;40;40m[48;2;54;54;54m▃[38;2;40;40;40m[48;2;54;54;54m [38;2;54;54;54m[48;2;101;101;101m▆[38;2;54;54;54m[48;2;101;101;101m▅[38;2;54;54;54m[48;2;101;101;101m▃[0m
[38;2;0;0;0m[48;2;101;101;101m [38;2;0;0;0m[48;2;101;101;101m [38;2;0;0;0m[48;2;101;101;101m [38;2;0;255;255m[48;2;101;101;101m▄[38;2;0;255;255m[48;2;101;101;101m▄[38;2;0;255;255m[48;2;101;101;101m▄[38;2;0;255;255m[48;2;101;101;101m [38;2;0;255;255m[48;2;101;101;101m▄[38;2;0;255;255m[48;2;101;101;101m▄[38;2;0;255;255m[48;2;101;101;101m [38;2;0;255;255m[48;2;101;101;101m▄[38;2;0;255;255m[48;2;101;101;101m▄[38;2;127;127;127m[48;2;101;101;101m▗[38;2;0;255;255m[48;2;101;101;101m▄[38;2;0;255;255m[48;2;127;127;127m▄[38;2;0;255;255m[48;2;127;127;127m▄[38;2;127;127;127m[48;2;101;101;101m▅[38;2;127;127;127m[48;2;101;101;101m [38;2;127;127;127m[48;2;101;101;101m [38;2;0;255;255m[48;2;101;101;101m▄[38;2;0;255;255m[48;2;127;127;127m▃[38;2;0;255;255m[48;2;127;127;127m▄[38;2;0;255;255m[48;2;127;127;127m▄[38;2;0;255;255m[48;2;127;127;127m▄[38;2;0;255;255m[48;2;127;127;127m [38;2;101;101;101m[48;2;127;127;127m▂[38;2;101;101;101m[48;2;127;127;127m▅[38;2;0;255;255m[48;2;127;127;127m▃[38;2;0;255;255m[48;2;77;77;77m▄[38;2;0;255;255m[48;2;77;77;77m▄[38;2;0;255;255m[48;2;77;77;77m▄[38;2;40;40;40m[48;2;77;77;77m▃[38;2;40;40;40m[48;2;77;77;77m▃[38;2;19;19;19m[48;2;54;54;54m▖[38;2;0;255;255m[48;2;40;40;40m▄[38;2;19;19;19m[48;2;0;255;255m▘[38;2;19;19;19m[48;2;0;255;255m [38;2;40;40;40m[48;2;0;255;255m▝[38;2;40;40;40m[48;2;0;255;255m▀[38;2;40;40;40m[48;2;19;19;19m▄[38;2;40;40;40m[48;2;19;19;19m [38;2;40;40;40m[48;2;19;19;19m [38;2;19;19;19m[48;2;0;0;0m▌[38;2;19;19;19m[48;2;188;188;188m▊[38;2;188;188;188m[48;2;226;226;226m▝[38;2;188;188;188m[48;2;226;226;226m▖[38;2;210;210;210m[48;2;101;101;101m▄[38;2;0;0;0m[48;2;116;58;0m [38;2;0;0;0m[48;2;181;99;0m [38;2;181;99;0m[48;2;116;58;0m▆[38;2;71;0;0m[48;2;116;58;0m▝[38;2;0;0;0m[48;2;71;0;0m [38;2;0;0;0m[48;2;71;33;0m [38;2;0;0;0m[48;2;116;58;0m [38;2;0;0;0m[48;2;116;58;0m [38;2;0;0;0m[48;2;116;58;0m [38;2;0;0;0m[48;2;116;58;0m [38;2;181;99;0m[48;2;116;58;0m▆[38;2;0;0;0m[48;2;181;99;0m [38;2;0;0;0m[48;2;181;99;0m [38;2;181;99;0m[48;2;116;58;0m▌[38;2;77;77;77m[48;2;159;159;159m▊[38;2;226;226;226m[48;2;255;255;255m▌[38;2;188;188;188m[48;2;40;40;40m▌[38;2;0;0;0m[48;2;0;0;0m [38;2;0;0;0m[48;2;0;0;0m [38;2;0;0;0m[48;2;0;0;0m [38;2;0;0;0m[48;2;19;19;19m▌[38;2;40;40;40m[48;2;19;19;19m▝[38;2;0;0;0m[48;2;40;40;40m [38;2;0;0;0m[48;2;40;40;40m [38;2;0;0;0m[48;2;40;40;40m [38;2;0;0;0m[48;2;40;40;40m [38;2;40;40;40m[48;2;19;19;19m▅[38;2;40;40;40m[48;2;19;19;19m▂[38;2;19;19;19m[48;2;40;40;40m▆[38;2;19;19;19m[48;2;40;40;40m▄[38;2;19;19;19m[48;2;40;40;40m▃[38;2;19;19;19m[48;2;40;40;40m▁[38;2;19;19;19m[48;2;40;40;40m [0m
[38;2;0;0;0m[48;2;101;101;101m [38;2;0;0;0m[48;2;101;101;101m [38;2;0;0;0m[48;2;0;255;255m [38;2;0;0;0m[48;2;0;255;255m [38;2;0;0;0m[48;2;101;101;101m [38;2;0;0;0m[48;2;101;101;101m [38;2;0;0;0m[48;2;0;255;255m [38;2;0;0;0m[48;2;0;255;255m [38;2;0;0;0m[48;2;101;101;101m [38;2;0;0;0m[48;2;101;101;101m [38;2;0;0;0m[48;2;101;101;101m [38;2;0;0;0m[48;2;0;255;255m [38;2;0;0;0m[48;2;0;255;255m [38;2;127;127;127m[48;2;0;255;255m▃[38;2;0;0;0m[48;2;127;127;127m [38;2;0;0;0m[48;2;0;255;255m [38;2;0;0;0m[48;2;0;255;255m [38;2;0;0;0m[48;2;127;127;127m [38;2;0;0;0m[48;2;0;255;255m [38;2;0;0;0m[48;2;0;255;255m [38;2;0;255;255m[48;2;127;127;127m▄[38;2;0;255;255m[48;2;127;127;127m▄[38;2;0;255;255m[48;2;127;127;127m▄[38;2;0;0;0m[48;2;0;255;255m [38;2;0;0;0m[48;2;0;255;255m [38;2;54;54;54m[48;2;77;77;77m▅[38;2;40;40;40m[48;2;77;77;77m▅[38;2;0;255;255m[48;2;54;54;54m▃[38;2;0;255;255m[48;2;54;54;54m▃[38;2;0;255;255m[48;2;40;40;40m▃[38;2;0;0;0m[48;2;0;255;255m [38;2;0;0;0m[48;2;0;255;255m [38;2;0;0;0m[48;2;19;19;19m [38;2;0;0;0m[48;2;19;19;19m [38;2;0;0;0m[48;2;19;19;19m [38;2;19;19;19m[48;2;0;255;255m▌[38;2;19;19;19m[48;2;0;255;255m [38;2;19;19;19m[48;2;0;255;255m▐[38;2;0;0;0m[48;2;19;19;19m [38;2;0;0;0m[48;2;19;19;19m [38;2;0;0;0m[48;2;19;19;19m [38;2;0;0;0m[48;2;19;19;19m [38;2;19;19;19m[48;2;0;0;0m▌[38;2;0;0;0m[48;2;101;101;101m▊[38;2;210;210;210m[48;2;226;226;226m▌[38;2;210;210;210m[48;2;226;226;226m▜[38;2;210;210;210m[48;2;226;226;226m▙[38;2;127;127;127m[48;2;226;226;226m▝[38;2;210;210;210m[48;2;101;101;101m▂[38;2;101;101;101m[48;2;181;99;0m▁[38;2;101;101;101m[48;2;181;99;0m [38;2;181;99;0m[48;2;116;58;0m▆[38;2;181;99;0m[48;2;116;58;0m▃[38;2;181;99;0m[48;2;116;58;0m [38;2;181;99;0m[48;2;116;58;0m [38;2;181;99;0m[48;2;116;58;0m [38;2;181;99;0m[48;2;116;58;0m▄[38;2;0;0;0m[48;2;181;99;0m [38;2;0;0;0m[48;2;181;99;0m [38;2;116;58;0m[48;2;181;99;0m▗[38;2;159;159;159m[48;2;77;77;77m▗[38;2;129;129;129m[48;2;210;210;210m▘[38;2;226;226;226m[48;2;255;255;255m▖[38;2;210;210;210m[48;2;127;127;127m▌[38;2;0;0;0m[48;2;0;0;0m [38;2;0;0;0m[48;2;0;0;0m [38;2;0;0;0m[48;2;0;0;0m [38;2;0;0;0m[48;2;19;19;19m▌[38;2;0;0;0m[48;2;19;19;19m [38;2;19;19;19m[48;2;40;40;40m▅[38;2;19;19;19m[48;2;40;40;40m [38;2;0;0;0m[48;2;19;19;19m [38;2;19;19;19m[48;2;40;40;40m▃[38;2;19;19;19m[48;2;40;40;40m [38;2;19;19;19m[48;2;40;40;40m [38;2;19;19;19m[48;2;40;40;40m [38;2;40;40;40m[48;2;19;19;19m▆[38;2;19;19;19m[48;2;19;19;19m▁[38;2;19;19;19m[48;2;19;19;19m [38;2;19;19;19m[48;2;40;40;40m▆[0m
[38;2;0;0;0m[48;2;101;101;101m [38;2;0;0;0m[48;2;101;101;101m [38;2;0;0;0m[48;2;0;255;255m [38;2;0;0;0m[48;2;0;255;255m [38;2;0;0;0m[48;2;101;101;101m [38;2;0;0;0m[48;2;101;101;101m [38;2;0;0;0m[48;2;0;255;255m [38;2;0;0;0m[48;2;0;255;255m [38;2;0;0;0m[48;2;101;101;101m [38;2;0;0;0m[48;2;101;101;101m [38;2;101;101;101m[48;2;127;127;127m▘[38;2;0;0;0m[48;2;0;255;255m [38;2;0;0;0m[48;2;0;255;255m [38;2;0;0;0m[48;2;127;127;127m [38;2;0;0;0m[48;2;127;127;127m [38;2;0;0;0m[48;2;127;127;127m [38;2;0;0;0m[48;2;127;127;127m [38;2;0;0;0m[48;2;127;127;127m [38;2;0;0;0m[48;2;0;255;255m [38;2;0;0;0m[48;2;0;255;255m [38;2;77;77;77m[48;2;101;101;101m▇[38;2;54;54;54m[48;2;77;77;77m▃[38;2;40;40;40m[48;2;54;54;54m▅[38;2;40;40;40m[48;2;54;54;54m▅[38;2;19;19;19m[48;2;40;40;40m▅[38;2;19;19;19m[48;2;40;40;40m▅[38;2;0;0;0m[48;2;0;255;255m [38;2;0;0;0m[48;2;0;255;255m [38;2;0;0;0m[48;2;19;19;19m [38;2;0;0;0m[48;2;19;19;19m [38;2;0;0;0m[48;2;0;255;255m [38;2;0;0;0m[48;2;0;255;255m [38;2;0;0;0m[48;2;19;19;19m [38;2;0;0;0m[48;2;19;19;19m [38;2;0;0;0m[48;2;19;19;19m [38;2;19;19;19m[48;2;0;255;255m▌[38;2;19;19;19m[48;2;0;255;255m [38;2;19;19;19m[48;2;0;255;255m▐[38;2;0;0;0m[48;2;19;19;19m [38;2;0;0;0m[48;2;19;19;19m [38;2;0;0;0m[48;2;19;19;19m [38;2;0;0;0m[48;2;19;19;19m [38;2;0;0;0m[48;2;19;19;19m [38;2;0;0;0m[48;2;0;0;0m [38;2;159;159;159m[48;2;226;226;226m▌[38;2;159;159;159m[48;2;226;226;226m [38;2;226;226;226m[48;2;210;210;210m▆[38;2;226;226;226m[48;2;210;210;210m▅[38;2;210;210;210m[48;2;226;226;226m▅[38;2;210;210;210m[48;2;129;129;129m▆[38;2;188;188;188m[48;2;181;99;0m▃[38;2;188;188;188m[48;2;181;99;0m [38;2;188;188;188m[48;2;181;99;0m [38;2;188;188;188m[48;2;181;99;0m [38;2;188;188;188m[48;2;181;99;0m [38;2;181;99;0m[48;2;116;58;0m▆[38;2;0;0;0m[48;2;181;99;0m [38;2;0;0;0m[48;2;181;99;0m [38;2;54;54;54m[48;2;181;99;0m▗[38;2;188;188;188m[48;2;77;77;77m▃[38;2;0;0;0m[48;2;210;210;210m [38;2;0;0;0m[48;2;210;210;210m [38;2;226;226;226m[48;2;255;255;255m▌[38;2;226;226;226m[48;2;159;159;159m▌[38;2;0;0;0m[48;2;0;0;0m [38;2;0;0;0m[48;2;0;0;0m [38;2;0;0;0m[48;2;0;0;0m [38;2;0;0;0m[48;2;19;19;19m▎[38;2;0;0;0m[48;2;19;19;19m [38;2;0;0;0m[48;2;19;19;19m [38;2;0;0;0m[48;2;19;19;19m [38;2;0;0;0m[48;2;19;19;19m [38;2;0;0;0m[48;2;19;19;19m [38;2;19;19;19m[48;2;40;40;40m [38;2;19;19;19m[48;2;40;40;40m [38;2;19;19;19m[48;2;40;40;40m▃[38;2;19;19;19m[48;2;40;40;40m [38;2;19;19;19m[48;2;40;40;40m [38;2;40;40;40m[48;2;19;19;19m▃[38;2;40;40;40m[48;2;19;19;19m [0m
[38;2;0;0;0m[48;2;101;101;101m [38;2;0;0;0m[48;2;101;101;101m [38;2;101;101;101m[48;2;0;255;255m▄[38;2;101;101;101m[48;2;0;255;255m [38;2;0;255;255m[48;2;101;101;101m▅[38;2;0;255;255m[48;2;101;101;101m▅[38;2;0;0;0m[48;2;0;255;255m [38;2;0;0;0m[48;2;0;255;255m [38;2;0;0;0m[48;2;101;101;101m [38;2;101;101;101m[48;2;127;127;127m▌[38;2;0;255;255m[48;2;127;127;127m▅[38;2;0;0;0m[48;2;0;255;255m [38;2;0;0;0m[48;2;0;255;255m [38;2;0;255;255m[48;2;127;127;127m▅[38;2;54;54;54m[48;2;127;127;127m▁[38;2;77;77;77m[48;2;127;127;127m▂[38;2;77;77;77m[48;2;127;127;127m▅[38;2;0;0;0m[48;2;77;77;77m [38;2;54;54;54m[48;2;0;255;255m▄[38;2;54;54;54m[48;2;0;255;255m [38;2;54;54;54m[48;2;0;255;255m▀[38;2;54;54;54m[48;2;0;255;255m▀[38;2;0;255;255m[48;2;40;40;40m▄[38;2;0;0;0m[48;2;0;255;255m [38;2;19;19;19m[48;2;0;255;255m▄[38;2;0;0;0m[48;2;19;19;19m [38;2;19;19;19m[48;2;0;255;255m▄[38;2;19;19;19m[48;2;0;255;255m [38;2;0;255;255m[48;2;19;19;19m▅[38;2;0;255;255m[48;2;19;19;19m▅[38;2;0;255;255m[48;2;19;19;19m▀[38;2;0;0;0m[48;2;0;255;255m [38;2;0;255;255m[48;2;19;19;19m▅[38;2;0;255;255m[48;2;19;19;19m [38;2;0;255;255m[48;2;19;19;19m [38;2;0;255;255m[48;2;19;19;19m▝[38;2;0;255;255m[48;2;19;19;19m▜[38;2;0;255;255m[48;2;19;19;19m▙[38;2;0;255;255m[48;2;19;19;19m▟[38;2;0;255;255m[48;2;19;19;19m▛[38;2;0;255;255m[48;2;19;19;19m▘[38;2;0;255;255m[48;2;19;19;19m [38;2;0;255;255m[48;2;19;19;19m [38;2;19;19;19m[48;2;0;0;0m▌[38;2;19;19;19m[48;2;188;188;188m▌[38;2;255;255;255m[48;2;226;226;226m▌[38;2;255;255;255m[48;2;226;226;226m [38;2;255;255;255m[48;2;226;226;226m [38;2;255;255;255m[48;2;226;226;226m [38;2;226;226;226m[48;2;210;210;210m▅[38;2;210;210;210m[48;2;226;226;226m━[38;2;0;0;0m[48;2;210;210;210m [38;2;226;226;226m[48;2;101;101;101m▄[38;2;226;226;226m[48;2;181;99;0m▂[38;2;77;77;77m[48;2;181;99;0m▂[38;2;19;19;19m[48;2;181;99;0m▂[38;2;0;0;0m[48;2;116;58;0m [38;2;210;210;210m[48;2;116;58;0m▃[38;2;226;226;226m[48;2;127;127;127m▆[38;2;226;226;226m[48;2;210;210;210m▂[38;2;226;226;226m[48;2;210;210;210m▃[38;2;0;0;0m[48;2;226;226;226m [38;2;0;0;0m[48;2;255;255;255m [38;2;255;255;255m[48;2;188;188;188m▌[38;2;40;40;40m[48;2;0;0;0m▎[38;2;40;40;40m[48;2;0;0;0m [38;2;40;40;40m[48;2;0;0;0m [38;2;0;0;0m[48;2;19;19;19m [38;2;0;0;0m[48;2;19;19;19m [38;2;0;0;0m[48;2;19;19;19m [38;2;0;0;0m[48;2;19;19;19m [38;2;0;0;0m[48;2;19;19;19m [38;2;0;0;0m[48;2;19;19;19m [38;2;19;19;19m[48;2;40;40;40m▌[38;2;19;19;19m[48;2;40;40;40m [38;2;19;19;19m[48;2;40;40;40m▜[38;2;19;19;19m[48;2;40;40;40m▙[38;2;19;19;19m[48;2;40;40;40m [38;2;19;19;19m[48;2;40;40;40m▗[38;2;19;19;19m[48;2;40;40;40m▄[0m
[38;2;0;0;0m[48;2;101;101;101m [38;2;0;0;0m[48;2;101;101;101m [38;2;0;255;255m[48;2;101;101;101m▗[38;2;0;255;255m[48;2;101;101;101m▄[38;2;0;255;255m[48;2;101;101;101m [38;2;0;255;255m[48;2;101;101;101m [38;2;0;0;0m[48;2;0;255;255m [38;2;0;0;0m[48;2;0;255;255m [38;2;0;0;0m[48;2;101;101;101m [38;2;0;0;0m[48;2;101;101;101m [38;2;0;0;0m[48;2;101;101;101m [38;2;129;129;129m[48;2;127;127;127m▗[38;2;0;0;0m[48;2;129;129;129m [38;2;77;77;77m[48;2;0;0;0m▘[38;2;0;0;0m[48;2;19;19;19m▊[38;2;19;19;19m[48;2;54;54;54m▅[38;2;40;40;40m[48;2;54;54;54m▅[38;2;0;0;0m[48;2;40;40;40m [38;2;19;19;19m[48;2;40;40;40m▆[38;2;19;19;19m[48;2;40;40;40m▆[38;2;0;0;0m[48;2;19;19;19m [38;2;0;0;0m[48;2;19;19;19m [38;2;0;0;0m[48;2;19;19;19m [38;2;0;0;0m[48;2;19;19;19m [38;2;0;0;0m[48;2;19;19;19m [38;2;0;0;0m[48;2;19;19;19m [38;2;0;0;0m[48;2;19;19;19m [38;2;0;0;0m[48;2;19;19;19m [38;2;0;0;0m[48;2;19;19;19m [38;2;0;0;0m[48;2;19;19;19m [38;2;0;0;0m[48;2;19;19;19m [38;2;0;0;0m[48;2;19;19;19m [38;2;0;0;0m[48;2;19;19;19m [38;2;0;0;0m[48;2;19;19;19m [38;2;0;0;0m[48;2;19;19;19m [38;2;0;0;0m[48;2;19;19;19m [38;2;0;0;0m[48;2;19;19;19m [38;2;0;0;0m[48;2;19;19;19m [38;2;0;0;0m[48;2;19;19;19m [38;2;0;0;0m[48;2;19;19;19m [38;2;0;0;0m[48;2;19;19;19m [38;2;0;0;0m[48;2;19;19;19m [38;2;40;40;40m[48;2;19;19;19m▗[38;2;19;19;19m[48;2;0;0;0m▌[38;2;0;0;0m[48;2;188;188;188m▊[38;2;0;0;0m[48;2;255;255;255m [38;2;0;0;0m[48;2;226;226;226m [38;2;0;0;0m[48;2;226;226;226m [38;2;0;0;0m[48;2;226;226;226m [38;2;0;0;0m[48;2;226;226;226m [38;2;0;0;0m[48;2;226;226;226m [38;2;0;0;0m[48;2;226;226;226m [38;2;226;226;226m[48;2;210;210;210m▅[38;2;0;0;0m[48;2;226;226;226m [38;2;101;101;101m[48;2;210;210;210m▖[38;2;210;210;210m[48;2;54;54;54m▇[38;2;19;19;19m[48;2;188;188;188m▃[38;2;19;19;19m[48;2;226;226;226m▅[38;2;54;54;54m[48;2;226;226;226m▁[38;2;255;255;255m[48;2;226;226;226m▃[38;2;255;255;255m[48;2;226;226;226m▁[38;2;255;255;255m[48;2;226;226;226m [38;2;226;226;226m[48;2;255;255;255m▊[38;2;255;255;255m[48;2;210;210;210m▌[38;2;54;54;54m[48;2;0;0;0m▎[38;2;54;54;54m[48;2;0;0;0m [38;2;54;54;54m[48;2;0;0;0m [38;2;0;0;0m[48;2;19;19;19m [38;2;0;0;0m[48;2;19;19;19m [38;2;0;0;0m[48;2;19;19;19m [38;2;0;0;0m[48;2;19;19;19m [38;2;0;0;0m[48;2;19;19;19m [38;2;0;0;0m[48;2;19;19;19m [38;2;0;0;0m[48;2;19;19;19m [38;2;19;19;19m[48;2;40;40;40m▂[38;2;19;19;19m[48;2;40;40;40m▐[38;2;19;19;19m[48;2;19;19;19m▖[38;2;40;40;40m[48;2;19;19;19m [38;2;40;40;40m[48;2;19;19;19m▘[38;2;40;40;40m[48;2;19;19;19m [0m
[38;2;0;0;0m[48;2;127;127;127m [38;2;0;0;0m[48;2;127;127;127m [38;2;0;0;0m[48;2;101;101;101m [38;2;101;101;101m[48;2;0;255;255m▄[38;2;101;101;101m[48;2;0;255;255m▄[38;2;101;101;101m[48;2;0;255;255m▄[38;2;101;101;101m[48;2;0;255;255m▄[38;2;0;0;0m[48;2;101;101;101m [38;2;0;0;0m[48;2;101;101;101m [38;2;0;0;0m[48;2;101;101;101m [38;2;0;0;0m[48;2;101;101;101m [38;2;101;101;101m[48;2;127;127;127m▖[38;2;127;127;127m[48;2;40;40;40m▌[38;2;0;147;147m[48;2;0;0;0m [38;2;0;147;147m[48;2;0;0;0mR[38;2;0;147;147m.I.P.  Norm[48;2;19;19;19m.[38;2;0;147;147m.I.P.  Norm[48;2;19;19;19mI[38;2;0;147;147m.I.P.  Norm[48;2;19;19;19m.[38;2;0;147;147m.I.P.  Norm[48;2;19;19;19mP[38;2;0;147;147m.I.P.  Norm[48;2;19;19;19m.[38;2;0;147;147m.I.P.  Norm[48;2;19;19;19m [38;2;0;147;147m.I.P.  Norm[48;2;19;19;19m [38;2;0;147;147m.I.P.  Norm[48;2;19;19;19mN[38;2;0;147;147m.I.P.  Norm[48;2;19;19;19mo[38;2;0;147;147m.I.P.  Norm[48;2;19;19;19mr[38;2;0;147;147m.I.P.  Norm[48;2;19;19;19mm[38;2;0;147;147m.I.P.  Norm[48;2;19;19;19m [38;2;0;147;147m.I.P.  Norm[48;2;19;19;19mM[38;2;0;147;147m.I.P.  Norm[48;2;19;19;19ma[38;2;0;147;147m.I.P.  Norm[48;2;19;19;19mc[38;2;0;147;147m.I.P.  Norm[48;2;19;19;19md[38;2;0;147;147m.I.P.  Norm[48;2;19;19;19mo[38;2;0;147;147m.I.P.  Norm[48;2;19;19;19mn[38;2;0;147;147m.I.P.  Norm[48;2;19;19;19ma[38;2;0;147;147m.I.P.  Norm[48;2;19;19;19ml[38;2;0;147;147m.I.P.  Norm[48;2;19;19;19md[38;2;0;147;147m.I.P.  Norm[48;2;19;19;19m [38;2;0;147;147m.I.P.  Norm[48;2;19;19;19m [38;2;40;40;40m[48;2;19;19;19m [38;2;40;40;40m[48;2;19;19;19m▁[38;2;40;40;40m[48;2;19;19;19m▖[38;2;40;40;40m[48;2;19;19;19m [38;2;0;0;0m[48;2;40;40;40m [38;2;0;0;0m[48;2;19;19;19m [38;2;0;0;0m[48;2;0;0;0m [38;2;159;159;159m[48;2;226;226;226m▌[38;2;159;159;159m[48;2;226;226;226m [38;2;159;159;159m[48;2;226;226;226m [38;2;159;159;159m[48;2;226;226;226m [38;2;159;159;159m[48;2;226;226;226m [38;2;255;255;255m[48;2;226;226;226m▄[38;2;0;0;0m[48;2;210;210;210m [38;2;40;40;40m[48;2;210;210;210m▅[38;2;181;0;107m[48;2;54;54;54m▗[38;2;0;0;0m[48;2;181;0;107m [38;2;116;0;69m[48;2;19;19;19m▖[38;2;71;0;42m[48;2;116;0;69m▌[38;2;181;0;107m[48;2;71;0;42m▆[38;2;116;0;69m[48;2;19;19;19m▖[38;2;19;19;19m[48;2;159;159;159m▆[38;2;19;19;19m[48;2;210;210;210m▂[38;2;0;0;0m[48;2;255;255;255m [38;2;0;0;0m[48;2;255;255;255m [38;2;255;255;255m[48;2;226;226;226m▌[38;2;129;129;129m[48;2;19;19;19m▌[38;2;0;0;0m[48;2;0;0;0m [38;2;0;0;0m[48;2;0;0;0m [38;2;0;0;0m[48;2;19;19;19m [38;2;0;0;0m[48;2;19;19;19m [38;2;0;0;0m[48;2;19;19;19m [38;2;0;0;0m[48;2;19;19;19m▖[38;2;0;0;0m[48;2;19;19;19m▗[38;2;19;19;19m[48;2;19;19;19m [38;2;19;19;19m[48;2;19;19;19m [38;2;19;19;19m[48;2;19;19;19m [38;2;19;19;19m[48;2;19;19;19m [38;2;19;19;19m[48;2;19;19;19m [38;2;19;19;19m[48;2;19;19;19m▖[38;2;19;19;19m[48;2;19;19;19m [38;2;19;19;19m[48;2;19;19;19m [0m
[38;2;127;127;127m[48;2;127;127;127m [38;2;127;127;127m[48;2;127;127;127m [38;2;127;127;127m[48;2;127;127;127m [38;2;127;127;127m[48;2;127;127;127m [38;2;127;127;127m[48;2;127;127;127m▌[38;2;0;0;0m[48;2;101;101;101m [38;2;0;0;0m[48;2;101;101;101m [38;2;0;0;0m[48;2;101;101;101m [38;2;0;0;0m[48;2;101;101;101m [38;2;0;0;0m[48;2;101;101;101m [38;2;127;127;127m[48;2;101;101;101m▗[38;2;0;0;0m[48;2;127;127;127m [38;2;77;77;77m[48;2;19;19;19m▘[38;2;0;0;0m[48;2;0;0;0m [38;2;0;0;0m[48;2;0;0;0m [38;2;0;0;0m[48;2;0;0;0m [38;2;0;147;147m[48;2;19;19;19m [38;2;0;147;147m[48;2;19;19;19m [38;2;0;147;147m[48;2;19;19;19m([38;2;0;147;147m[48;2;19;19;19m1[38;2;0;147;147m[48;2;19;19;19m9[38;2;0;147;147m[48;2;19;19;19m5[38;2;0;147;147m[48;2;19;19;19m9[38;2;0;147;147m[48;2;19;19;19m [38;2;0;147;147m[48;2;19;19;19m-[38;2;0;147;147m[48;2;19;19;19m [38;2;0;147;147m[48;2;19;19;19m2[38;2;0;147;147m[48;2;19;19;19m0[38;2;0;147;147m[48;2;19;19;19m2[38;2;0;147;147m[48;2;19;19;19m1[38;2;0;147;147m[48;2;19;19;19m)[38;2;0;147;147m[48;2;19;19;19m [38;2;0;147;147m[48;2;19;19;19m [38;2;0;147;147m[48;2;19;19;19m [38;2;0;147;147m[48;2;19;19;19m [38;2;0;147;147m[48;2;19;19;19m [38;2;40;40;40m[48;2;19;19;19m▂[38;2;40;40;40m[48;2;19;19;19m▄[38;2;40;40;40m[48;2;40;40;40m▆[38;2;40;40;40m[48;2;40;40;40m [38;2;19;19;19m[48;2;40;40;40m [38;2;19;19;19m[48;2;40;40;40m▂[38;2;19;19;19m[48;2;40;40;40m [38;2;19;19;19m[48;2;40;40;40m▐[38;2;19;19;19m[48;2;0;0;0m▎[38;2;40;40;40m[48;2;210;210;210m▌[38;2;255;255;255m[48;2;226;226;226m▌[38;2;255;255;255m[48;2;226;226;226m [38;2;255;255;255m[48;2;226;226;226m▄[38;2;54;54;54m[48;2;226;226;226m▁[38;2;40;40;40m[48;2;188;188;188m▅[38;2;0;0;0m[48;2;0;0;0m [38;2;0;0;0m[48;2;19;19;19m [38;2;71;0;42m[48;2;116;0;69m▖[38;2;0;0;0m[48;2;181;0;107m [38;2;181;0;107m[48;2;116;0;69m▎[38;2;71;0;42m[48;2;116;0;69m▊[38;2;71;0;42m[48;2;181;0;107m▁[38;2;19;19;19m[48;2;127;127;127m▊[38;2;0;0;0m[48;2;226;226;226m [38;2;210;210;210m[48;2;77;77;77m▅[38;2;226;226;226m[48;2;77;77;77m▃[38;2;127;127;127m[48;2;210;210;210m▖[38;2;159;159;159m[48;2;226;226;226m▂[38;2;77;77;77m[48;2;188;188;188m▝[38;2;0;0;0m[48;2;0;0;0m [38;2;0;0;0m[48;2;0;0;0m [38;2;19;19;19m[48;2;0;0;0m▝[38;2;0;0;0m[48;2;19;19;19m [38;2;0;0;0m[48;2;19;19;19m [38;2;0;0;0m[48;2;0;0;0m [38;2;19;19;19m[48;2;0;0;0m▌[38;2;19;19;19m[48;2;0;0;0m▌[38;2;19;19;19m[48;2;0;0;0m▝[38;2;19;19;19m[48;2;0;0;0m [38;2;0;0;0m[48;2;19;19;19m [38;2;0;0;0m[48;2;19;19;19m [38;2;0;0;0m[48;2;19;19;19m [38;2;0;0;0m[48;2;19;19;19m [38;2;0;0;0m[48;2;19;19;19m [0m
[38;2;0;0;0m[48;2;101;101;101m [38;2;0;0;0m[48;2;101;101;101m [38;2;0;0;0m[48;2;101;101;101m [38;2;0;0;0m[48;2;101;101;101m [38;2;0;0;0m[48;2;101;101;101m [38;2;0;0;0m[48;2;101;101;101m [38;2;0;0;0m[48;2;101;101;101m [38;2;0;0;0m[48;2;101;101;101m [38;2;0;0;0m[48;2;101;101;101m [38;2;0;0;0m[48;2;101;101;101m [38;2;127;127;127m[48;2;159;159;159m▌[38;2;127;127;127m[48;2;40;40;40m▌[38;2;0;0;0m[48;2;0;0;0m [38;2;0;0;0m[48;2;0;0;0m [38;2;0;0;0m[48;2;0;0;0m [38;2;0;0;0m[48;2;0;0;0m [38;2;0;0;0m[48;2;19;19;19m▌[38;2;0;0;0m[48;2;19;19;19m [38;2;0;0;0m[48;2;19;19;19m [38;2;0;0;0m[48;2;19;19;19m [38;2;0;0;0m[48;2;19;19;19m [38;2;0;0;0m[48;2;19;19;19m [38;2;0;0;0m[48;2;19;19;19m [38;2;0;0;0m[48;2;19;19;19m [38;2;0;0;0m[48;2;19;19;19m [38;2;0;0;0m[48;2;19;19;19m [38;2;0;0;0m[48;2;19;19;19m [38;2;0;0;0m[48;2;19;19;19m [38;2;0;0;0m[48;2;19;19;19m [38;2;0;0;0m[48;2;19;19;19m [38;2;0;0;0m[48;2;19;19;19m [38;2;0;0;0m[48;2;19;19;19m [38;2;0;0;0m[48;2;19;19;19m [38;2;0;0;0m[48;2;19;19;19m [38;2;40;40;40m[48;2;19;19;19m▃[38;2;40;40;40m[48;2;19;19;19m▆[38;2;0;0;0m[48;2;40;40;40m [38;2;0;0;0m[48;2;40;40;40m [38;2;0;0;0m[48;2;40;40;40m [38;2;0;0;0m[48;2;40;40;40m [38;2;40;40;40m[48;2;19;19;19m▌[38;2;40;40;40m[48;2;19;19;19m [38;2;19;19;19m[48;2;40;40;40m▎[38;2;19;19;19m[48;2;40;40;40m▝[38;2;19;19;19m[48;2;0;0;0m▌[38;2;19;19;19m[48;2;188;188;188m▊[38;2;0;0;0m[48;2;255;255;255m [38;2;188;188;188m[48;2;226;226;226m▗[38;2;77;77;77m[48;2;210;210;210m▝[38;2;210;210;210m[48;2;101;101;101m▆[38;2;0;0;0m[48;2;255;255;255m [38;2;40;40;40m[48;2;226;226;226m▝[38;2;0;0;0m[48;2;0;0;0m [38;2;0;0;0m[48;2;0;0;0m [38;2;19;19;19m[48;2;181;0;107m▖[38;2;116;0;69m[48;2;255;0;152m▝[38;2;116;0;69m[48;2;71;0;42m▖[38;2;0;0;0m[48;2;40;40;40m [38;2;77;77;77m[48;2;226;226;226m▘[38;2;255;255;255m[48;2;226;226;226m▇[38;2;255;255;255m[48;2;226;226;226m▄[38;2;255;255;255m[48;2;226;226;226m [38;2;255;255;255m[48;2;226;226;226m [38;2;210;210;210m[48;2;129;129;129m▄[38;2;0;0;0m[48;2;226;226;226m [38;2;159;159;159m[48;2;40;40;40m▎[38;2;0;0;0m[48;2;0;0;0m [38;2;0;0;0m[48;2;0;0;0m [38;2;0;0;0m[48;2;19;19;19m [38;2;0;0;0m[48;2;19;19;19m [38;2;0;0;0m[48;2;19;19;19m [38;2;0;0;0m[48;2;19;19;19m [38;2;0;0;0m[48;2;19;19;19m [38;2;0;0;0m[48;2;19;19;19m [38;2;0;0;0m[48;2;19;19;19m▘[38;2;0;0;0m[48;2;19;19;19m [38;2;0;0;0m[48;2;19;19;19m [38;2;0;0;0m[48;2;19;19;19m [38;2;40;40;40m[48;2;19;19;19m┃[38;2;40;40;40m[48;2;19;19;19m [0m
