[0m[38;2;47;51;50;48;2;54;58;57m▅[38;2;44;48;47;48;2;60;64;63m▅[38;2;55;62;60;48;2;47;49;48m⠋[38;2;54;57;56;48;2;46;44;45m⠉[38;2;63;67;66;48;2;47;47;47m⠉[38;2;58;62;61;48;2;47;48;48m⠉[38;2;62;68;62;48;2;49;50;48m⠉[38;2;47;51;47;48;2;61;66;62m▅[38;2;62;69;62;48;2;51;57;53m⠩[38;2;81;89;80;48;2;63;70;63m⠙[38;2;62;69;57;48;2;75;85;73m▃[38;2;79;85;75;48;2;62;64;63m⠋[38;2;61;65;65;48;2;75;78;77m▅[38;2;62;66;65;48;2;71;75;74m⣆[38;2;67;71;72;48;2;82;86;84m⣆[38;2;89;94;87;48;2;81;87;80m⠧[38;2;110;115;93;48;2;92;95;84m⢠[38;2;134;134;122;48;2;121;123;101m▝[38;2;137;139;128;48;2;123;126;105m▔[38;2;136;139;120;48;2;119;122;102m▔[38;2;105;109;94;48;2;125;128;119m⣄[38;2;114;117;110;48;2;126;129;120m⣰[38;2;126;133;123;48;2;108;113;107m⣨[38;2;130;135;128;48;2;123;128;121m⢡[38;2;140;145;139;48;2;122;127;120m▔[38;2;157;160;153;48;2;243;244;239m⣆[38;2;206;207;201;48;2;243;241;242m⡀[38;2;184;184;184;48;2;244;244;244m⠲[38;2;141;147;139;48;2;229;236;224m⠶[38;2;206;212;198;48;2;140;148;136m⡀[38;2;176;178;173;48;2;134;137;122m▝[38;2;157;160;149;48;2;112;114;111m⠶[38;2;193;196;189;48;2;114;120;92m⠁[38;2;126;129;98;48;2;138;142;114m⡖[38;2;121;125;101;48;2;135;140;117m⠢[38;2;88;91;76;48;2;112;115;94m⢘[38;2;116;117;102;48;2;77;78;73m⠐[38;2;103;101;81;48;2;113;110;98m⣰[38;2;134;142;120;48;2;117;125;98m⠉[38;2;122;119;88;48;2;143;144;110m⡒[38;2;86;87;66;48;2;124;127;96m⠰[38;2;174;178;143;48;2;114;118;79m⠒[38;2;73;85;39;48;2;121;126;83m⢠[38;2;109;120;80;48;2;93;106;62m⣻[38;2;122;130;81;48;2;87;90;58m⣤[38;2;71;74;42;48;2;99;103;66m⢰[38;2;74;76;56;48;2;60;60;52m⡅[38;2;64;62;62;48;2;45;44;39m⠉[38;2;42;41;36;48;2;61;61;56m▅[38;2;44;42;39;48;2;52;51;46m⡐[38;2;73;74;63;48;2;47;42;34m⠈[38;2;71;71;63;48;2;56;55;51m⠅[38;2;59;58;53;48;2;46;45;42m⠉[38;2;41;40;38;48;2;56;53;52m▅[38;2;52;57;53;48;2;42;38;37m⠋[38;2;41;37;36;48;2;51;51;49m▅[38;2;42;37;37;48;2;53;54;50m▅[38;2;54;55;50;48;2;49;42;35m⠋[38;2;58;59;55;48;2;46;41;35m▔[38;2;48;54;50;48;2;43;37;32m⠙[38;2;40;37;35;48;2;43;44;41m⢲[38;2;39;38;34;48;2;54;53;51m⡆[38;2;60;59;57;48;2;47;46;44m⠉[38;2;53;52;48;48;2;59;58;56m⣰[38;2;56;54;54;48;2;42;41;37m⠉[38;2;36;31;31;48;2;43;46;43m▅[38;2;41;47;43;48;2;36;27;28m⠉[38;2;37;31;31;48;2;39;43;39m▅[38;2;38;32;32;48;2;43;47;43m▅[38;2;43;47;43;48;2;39;34;30m⠋[38;2;34;33;28;48;2;43;44;41m▅[38;2;36;32;31;48;2;50;52;51m▅[38;2;36;34;34;48;2;49;49;49m▅[38;2;29;23;23;48;2;43;43;41m▅[38;2;46;46;44;48;2;35;30;29m⠉[38;2;32;26;26;48;2;37;42;38m▅[38;2;36;26;27;48;2;39;43;39m▅[48;2;43;43;41m▅[38;2;40;38;36;48;2;23;17;17m⠋[38;2;141;143;120;48;2;30;31;36m⡰[38;2;19;13;15;48;2;119;115;112m⣤[38;2;38;40;30;48;2;86;106;61m⣤[38;2;117;118;102;48;2;56;59;42m⠤[38;2;106;108;87;48;2;61;63;50m⠒[38;2;129;132;112;48;2;54;58;33m⠫[38;2;36;35;35;48;2;60;62;57m⣻[38;2;226;224;227;48;2;40;36;42m⠄[38;2;34;30;25;48;2;58;56;58m▅[38;2;52;51;47;48;2;31;28;23m⠉[38;2;36;33;28;48;2;50;50;45m▅[38;2;36;32;29;48;2;48;50;36m▅[38;2;54;53;48;48;2;35;31;27m⢈[38;2;31;27;24;48;2;42;43;38m▅[48;2;37;36;32m⣤[38;2;36;25;17;48;2;46;46;44m▅[38;2;50;50;48;48;2;33;22;18m⠉[38;2;44;46;40;48;2;34;25;21m⠉[38;2;44;43;39;48;2;34;24;23m⠙[38;2;43;43;43;48;2;34;25;18m⠋[38;2;32;22;19;48;2;43;42;39m▅[38;2;51;52;46;48;2;32;24;18m⠉[38;2;33;26;20;48;2;42;43;38m▅[38;2;58;59;53;48;2;31;24;21m▔[38;2;43;45;39;48;2;31;21;19m⠉[38;2;48;45;40;48;2;30;27;22m▔[38;2;38;36;31;48;2;32;27;23m⡉[38;2;47;43;40;48;2;31;23;16m▔[38;2;47;45;43;48;2;27;23;19m⠉[38;2;54;52;50;48;2;31;25;19m⠉[38;2;33;23;17;48;2;43;43;41m▅[38;2;32;23;14;48;2;45;45;44m▅[38;2;35;26;17m▅[0m
[38;2;44;46;43;48;2;46;48;45m⢤[38;2;39;41;37;48;2;44;46;43m⢄[38;2;39;39;39;48;2;44;44;44m⢠[38;2;49;50;49;48;2;40;40;40m⢂[38;2;58;63;57;48;2;42;42;40m⣀[38;2;53;55;52;48;2;46;48;47m⣠[38;2;51;55;52;48;2;47;48;45m⠤[38;2;53;57;53;48;2;46;47;44m⢤[38;2;57;59;56;48;2;49;51;48m⠉[38;2;56;58;55;48;2;50;52;49m⡃[38;2;48;50;47;48;2;53;55;52m⣆[38;2;50;52;49;48;2;61;61;58m⣀[38;2;62;67;63;48;2;57;62;59m⠎[38;2;75;81;73;48;2;56;60;59m⢠[38;2;86;92;77;48;2;64;66;62m⡄[38;2;74;77;70;48;2;93;101;81m⠋[38;2;95;100;80;48;2;78;82;76m▝[38;2;91;94;73;48;2;123;127;102m⡀[38;2;100;98;82;48;2;121;120;98m⢠[38;2;102;105;86;48;2;128;130;106m▃[38;2;113;115;103;48;2;106;109;92m⠳[38;2;97;97;95;48;2;108;111;94m⠳[38;2;91;93;90;48;2;115;120;106m⣤[38;2;111;115;100;48;2;121;125;110m⡆[38;2;129;130;116;48;2;139;142;121m⡉[38;2;188;208;159;48;2;128;142;121m⢀[38;2;234;235;233;48;2;141;149;146m⣨[38;2;236;238;221;48;2;236;238;237m⢀[38;2;216;219;208;48;2;182;184;144m⠁[38;2;170;171;137;48;2;158;163;131m▍[38;2;110;118;89;48;2;140;145;115m⢸[38;2;114;119;85;48;2;135;137;101m⠇[38;2;110;116;81;48;2;125;130;98m⡈[38;2;108;111;80;48;2;128;132;97m⠒[38;2;133;137;98;48;2;141;145;115m⠶[38;2;118;120;93;48;2;132;136;98m⠈[38;2;119;122;90;48;2;78;77;73m⡆[38;2;73;73;62;48;2;82;82;69m▏[38;2;86;88;70;48;2;71;71;59m⠙[38;2;83;81;67;48;2;108;108;85m⣄[38;2;101;103;68;48;2;129;137;88m▅[38;2;126;125;90;48;2;105;105;68m⢱[38;2;121;119;82;48;2;99;99;68m⠲[38;2;53;57;31;48;2;77;79;49m⢰[38;2;73;87;62;48;2;111;106;69m⡄[38;2;101;110;55;48;2;88;89;54m⡉[38;2;106;111;70;48;2;69;74;41m⠁[38;2;60;61;39;48;2;47;47;36m⡄[38;2;44;44;40;48;2;42;41;37m⠦[38;2;39;40;35;48;2;43;39;36m⠈[38;2;40;37;32;48;2;45;46;41m⣆[38;2;62;61;56;48;2;45;45;37m⢸[38;2;57;57;45;48;2;44;44;36m⡆[38;2;43;40;34;48;2;37;33;29m▊[38;2;32;28;27;48;2;37;33;32m⡄[38;2;32;26;26;48;2;36;30;30m⠴[38;2;36;30;30;48;2;33;27;27m⣂[38;2;39;33;33m⠁[38;2;36;31;29;48;2;44;39;34m▅[38;2;47;42;36;48;2;39;34;26m⠶[38;2;40;35;29;48;2;47;42;36m⢲[38;2;35;30;27;48;2;45;40;37m⡄[38;2;44;38;35;48;2;50;45;42m⣀[38;2;52;48;45;48;2;42;41;37m⢇[38;2;39;38;34;48;2;30;30;25m▅[38;2;36;32;31;48;2;29;25;24m⡘[48;2;32;28;27m⠓[38;2;30;24;24;48;2;35;29;29m⠈[38;2;35;29;29;48;2;28;22;22m⡌[38;2;31;26;26;48;2;32;31;29m⡄[38;2;37;36;34;48;2;31;30;28m⠁[38;2;32;31;29;48;2;29;28;26m⠆[48;2;27;26;24m⠌[38;2;26;25;23;48;2;31;27;26m▔[38;2;34;30;29;48;2;28;24;23m⢉[38;2;27;23;22;48;2;30;29;27m▅[38;2;31;25;29;48;2;31;28;27m▁[38;2;19;20;18;48;2;30;25;24m⢀[38;2;25;21;20;48;2;27;12;15m▊[38;2;29;20;21;48;2;14;5;6m⠶[38;2;19;10;11;48;2;27;18;21m⡁[38;2;168;172;166;48;2;40;31;32m⠠[38;2;97;96;77;48;2;43;51;16m⠵[38;2;72;73;39;48;2;99;101;78m⣡[38;2;114;115;88;48;2;67;70;44m⠆[38;2;97;90;71;48;2;77;77;53m⢀[38;2;72;73;54;48;2;54;50;31m⠩[38;2;84;84;55;48;2;37;29;21m⠤[38;2;66;59;42;48;2;38;29;23m⠆[38;2;28;18;17;48;2;30;25;22m▊[38;2;39;34;31;48;2;33;28;25m⠁[38;2;36;31;28;48;2;29;24;20m⠃[38;2;23;18;14;48;2;27;22;17m⡃[38;2;30;22;20;48;2;23;19;16m⢨[38;2;26;18;15;48;2;29;21;18m⠇[38;2;28;20;17;48;2;32;24;21m⠺[38;2;30;22;19;48;2;28;21;14m⠪[38;2;32;23;20;48;2;28;20;17m⡈[38;2;24;20;17;48;2;24;19;15m⢌[38;2;22;17;11;48;2;27;23;20m⣠[38;2;28;20;18;48;2;29;21;19m⢴[38;2;32;24;22;48;2;28;20;18m⠖[38;2;33;25;23;48;2;24;16;14m⠊[38;2;26;18;16;48;2;30;22;20m⣂[38;2;33;25;23;48;2;28;21;14m⠓[38;2;32;25;19;48;2;28;21;13m⠭[38;2;27;20;14;48;2;31;24;18m⣈[38;2;19;12;6;48;2;27;20;14m⢀[38;2;25;18;12;48;2;28;19;19m⡁[38;2;23;15;12;48;2;31;23;20m⡄[38;2;30;22;19;48;2;25;17;14m⠍[38;2;32;25;19;48;2;27;19;16m⠡[0m
[38;2;43;41;42;48;2;40;38;39m⠉[38;2;41;39;40;48;2;39;37;38m⢃[38;2;37;31;31;48;2;42;41;40m▃[38;2;38;38;36;48;2;45;44;42m⡥[38;2;34;35;33;48;2;46;46;44m⠶[38;2;54;61;57;48;2;39;41;38m⣠[38;2;48;61;52;48;2;38;40;37m⣤[38;2;54;65;57;48;2;43;45;44m⣤[38;2;50;63;52;48;2;49;50;53m⠶[38;2;44;48;43;48;2;53;61;59m▃[38;2;38;41;39;48;2;49;54;49m▔[38;2;53;58;52;48;2;41;44;42m▅[38;2;57;67;59;48;2;50;53;48m⣀[38;2;64;71;64;48;2;54;59;52m▝[38;2;57;57;52;48;2;80;92;67m⣤[38;2;91;101;73;48;2;58;67;47m⠹[38;2;103;112;82;48;2;79;80;66m▅[38;2;103;107;80;48;2;125;128;94m⠃[38;2;115;112;92;48;2;89;90;74m⣆[38;2;122;122;93;48;2;95;96;83m⣠[38;2;113;113;85;48;2;96;97;80m⡀[38;2;100;102;80;48;2;105;106;87m⡄[38;2;103;106;86;48;2;96;97;87m▅[38;2;111;114;101;48;2;102;104;92m▝[38;2;121;125;112;48;2;103;107;93m⠉[38;2;202;210;175;48;2;115;120;101m⠈[38;2;209;217;181;48;2;149;147;131m⠉[38;2;157;164;123;48;2;204;201;167m⡦[38;2;231;236;207;48;2;168;170;132m⡀[38;2;144;150;113;48;2;174;175;131m⣤[38;2;146;150;119;48;2;175;175;126m⢈[38;2;183;192;173;48;2;160;162;140m⠠[38;2;184;191;166;48;2;107;118;76m⣆[38;2;206;207;197;48;2;105;107;75m⣀[38;2;105;109;70;48;2;132;134;97m⣠[38;2;100;102;69;48;2;126;129;89m⣤[38;2;88;77;58;48;2;109;117;83m▃[38;2;80;73;57;48;2;86;89;71m⣰[38;2;139;156;104;48;2;78;79;66m⣰[38;2;75;74;59;48;2;162;168;120m⠹[38;2;78;79;51;48;2;135;141;95m⢁[38;2;124;128;85;48;2;102;105;63m⢊[38;2;192;184;138;48;2;96;98;59m⠖[38;2;164;170;139;48;2;49;52;33m⠋[38;2;124;121;76;48;2;67;67;48m⠉[38;2;107;103;64;48;2;81;79;55m⠙[38;2;112;108;71;48;2;88;95;54m⠎[38;2;83;86;64;48;2;50;51;28m⡤[38;2;40;38;36;48;2;40;38;36m⠀[38;2;39;38;36;48;2;35;34;32m▍[38;2;33;27;27;48;2;40;34;34m⠈[38;2;46;44;39;48;2;38;39;34m▝[38;2;50;47;32;48;2;62;58;47m⡈[38;2;57;52;46;48;2;38;33;27m⡀[38;2;41;36;34;48;2;32;27;23m⠦[38;2;35;30;27;48;2;37;32;29m⢃[38;2;34;28;27;48;2;31;25;26m⡑[38;2;34;28;28;48;2;31;25;25m⠸[38;2;36;30;30;48;2;29;23;23m⠁[38;2;34;29;25;48;2;26;20;21m⠈[38;2;43;38;33;48;2;29;24;20m⠹[38;2;38;34;25;48;2;49;44;40m⡁[38;2;51;46;40;48;2;44;39;33m▍[38;2;43;39;34;48;2;53;52;48m▍[38;2;32;32;27;48;2;42;41;37m⢸[38;2;33;27;27;48;2;27;22;22m⡤[38;2;35;29;29;48;2;28;22;22m⠉[38;2;29;23;23;48;2;31;25;25m▔[38;2;23;17;17;48;2;29;23;23m⡀[38;2;27;23;22;48;2;30;26;25m⣀[38;2;36;32;31;48;2;28;24;23m⠉[38;2;26;25;23;48;2;32;29;28m⢤[38;2;28;27;25;48;2;26;25;23m⠆[38;2;29;24;20m▝[38;2;30;21;27;48;2;26;20;21m▕[38;2;168;177;122;48;2;19;13;19m⣠[38;2;20;11;13;48;2;186;183;136m⣻[38;2;99;105;92;48;2;25;17;15m⡄[38;2;129;134;102;48;2;34;27;17m⢐[38;2;161;162;156;48;2;65;73;51m⢂[38;2;132;133;121;48;2;63;63;50m⠔[38;2;146;137;130;48;2;69;67;68m⠂[38;2;180;180;169;48;2;95;93;93m⡈[38;2;67;68;53;48;2;90;91;76m⢨[38;2;83;84;70;48;2;60;58;45m⡌[38;2;99;100;89;48;2;64;62;51m⠁[38;2;61;57;46;48;2;45;41;32m⡣[38;2;82;74;59;48;2;40;30;28m▝[38;2;41;35;29;48;2;40;34;26m⠊[38;2;37;35;23;48;2;60;55;43m▅[38;2;34;30;18;48;2;63;59;50m⠶[38;2;65;60;56;48;2;35;28;25m⢁[38;2;65;70;37;48;2;24;20;11m▃[38;2;25;19;11;48;2;25;19;11m⠀[38;2;30;23;17;48;2;24;17;11m▍[38;2;25;18;12;48;2;31;24;18m⡖[38;2;21;14;10;48;2;28;20;16m▝[38;2;21;13;10;48;2;26;18;14m⠃[38;2;26;18;15;48;2;21;13;10m⡉[38;2;19;11;9;48;2;26;19;15m⣤[38;2;31;24;18;48;2;25;18;13m⠃[38;2;24;17;11;48;2;28;21;15m⣡[38;2;32;25;19;48;2;24;17;11m⠒[38;2;21;14;8;48;2;26;19;13m⠓[38;2;24;17;11;48;2;29;22;16m⣡[38;2;33;26;20;48;2;27;20;14m⡀[38;2;24;17;11;48;2;28;21;15m⡈[38;2;22;15;9;48;2;27;20;14m⠉[38;2;21;14;7;48;2;26;19;13m⢁[38;2;21;14;8;48;2;28;21;15m▃[38;2;29;22;16;48;2;25;17;13m⠓[38;2;22;15;9;48;2;26;19;13m⠜[0m
[38;2;34;33;31;48;2;37;36;34m⠴[38;2;41;39;40;48;2;38;37;35m⠙[38;2;35;34;32;48;2;45;44;42m⡡[38;2;34;33;31;48;2;44;48;44m▅[38;2;38;43;39;48;2;45;54;49m⣆[38;2;45;56;50;48;2;38;40;37m⠋[38;2;38;37;35;48;2;42;55;46m▅[38;2;31;30;28;48;2;39;45;41m⢰[38;2;34;28;28;48;2;40;40;38m▅[38;2;48;47;45;48;2;37;39;36m⣠[38;2;43;49;42;48;2;49;59;50m⣁[38;2;46;50;43;48;2;53;67;58m⣀[38;2;60;68;61;48;2;45;46;41m⠋[38;2;44;45;39;48;2;55;61;54m⣤[38;2;45;45;44;48;2;48;53;47m▅[38;2;54;58;44;48;2;45;44;40m⠺[38;2;54;63;42;48;2;86;96;61m⣆[38;2;91;99;58;48;2;133;133;93m⣤[38;2;95;110;68;48;2;125;125;86m▁[38;2;119;128;74;48;2;127;126;86m⡆[38;2;94;97;69;48;2;112;113;82m⢠[38;2;117;120;96;48;2;103;106;77m⢈[38;2;114;119;94;48;2;102;103;75m⠃[38;2;103;107;84;48;2;120;117;98m⡉[38;2;118;119;110;48;2;103;104;96m⠂[38;2;116;118;103;48;2;104;105;93m⠸[38;2;115;117;102;48;2;124;133;113m⡀[38;2;206;213;189;48;2;135;142;124m⠈[38;2;90;106;104;48;2;159;162;139m⣀[38;2;203;205;193;48;2;120;126;92m▁[38;2;222;225;202;48;2;128;131;101m▃[38;2;227;226;205;48;2;153;152;123m▃[38;2;183;180;159;48;2;141;156;105m⠉[38;2;234;232;219;48;2;151;159;112m⠉[38;2;146;154;101;48;2;215;219;206m⠬[38;2;241;246;240;48;2;91;93;58m⣤[38;2;235;235;236;48;2;159;162;112m▅[38;2;113;128;123;48;2;203;207;204m⡀[38;2;112;126;84;48;2;201;216;220m⠉[38;2;162;166;132;48;2;191;204;211m⠉[38;2;121;124;65;48;2;178;185;178m⢸[38;2;155;160;156;48;2;98;102;78m⣂[38;2;86;86;77;48;2;56;57;47m⠅[38;2;66;63;53;48;2;50;49;41m⡌[38;2;87;88;71;48;2;54;50;38m⢁[38;2;62;74;57;48;2;145;155;96m⣡[38;2;131;133;94;48;2;62;63;56m⠁[38;2;68;69;63;48;2;56;57;49m⠑[38;2;38;39;39;48;2;50;51;46m⠸[38;2;42;38;37;48;2;37;33;32m⢃[38;2;49;45;43;48;2;36;34;31m▃[38;2;41;36;33;48;2;37;35;31m⡌[38;2;56;52;42;48;2;38;33;30m⠈[38;2;39;35;26;48;2;54;53;44m⡌[38;2;41;37;29;48;2;31;26;17m⡀[38;2;116;115;94;48;2;38;36;24m⡀[38;2;26;22;21;48;2;30;25;25m⡤[38;2;33;28;25;48;2;31;26;23m⢒[38;2;30;25;21;48;2;34;29;26m⠸[38;2;24;18;18;48;2;29;23;23m▃[38;2;34;28;28;48;2;28;22;22m⠒[38;2;44;39;34;48;2;26;21;18m▝[38;2;52;47;43;48;2;45;40;36m⠲[38;2;60;55;52;48;2;40;35;32m⠂[38;2;37;32;29;48;2;43;38;35m▃[38;2;29;24;21;48;2;34;29;26m⠠[38;2;34;29;26;48;2;27;22;19m⡠[38;2;28;25;20;48;2;31;25;25m⠳[38;2;23;19;18;48;2;28;22;22m⡄[38;2;31;25;25;48;2;26;19;20m⠰[38;2;32;26;26;48;2;26;20;20m⠓[38;2;29;23;23;48;2;23;17;17m⠶[48;2;25;19;19m⠵[38;2;30;24;24;48;2;27;21;21m⠃[38;2;80;84;30;48;2;25;18;24m⠈[38;2;132;140;74;48;2;30;22;19m⠁[38;2;169;172;161;48;2;24;24;23m⠈[38;2;99;97;72;48;2;50;48;40m⢐[38;2;170;166;140;48;2;90;88;73m⠠[38;2;73;74;51;48;2;131;117;80m⣻[38;2;174;185;154;48;2;86;94;65m⡐[38;2;86;80;71;48;2;105;107;90m⣤[38;2;72;71;56;48;2;95;97;83m⢊[38;2;126;130;115;48;2;58;58;37m⠤[38;2;176;176;175;48;2;42;44;33m⠒[38;2;64;64;55;48;2;43;39;34m⠂[38;2;144;140;135;48;2;25;15;9m⠈[38;2;101;96;93;48;2;26;22;18m⠁[38;2;41;36;30;48;2;21;16;9m⢋[38;2;29;20;13;48;2;90;83;77m▅[38;2;49;44;31;48;2;32;25;17m⠁[38;2;34;26;25;48;2;45;43;34m⢡[38;2;37;27;19;48;2;23;11;11m⠁[38;2;26;16;15;48;2;20;10;10m⣰[38;2;31;23;20;48;2;24;16;12m⠒[38;2;22;15;9;48;2;27;20;10m⠅[48;2;25;18;12m⢸[38;2;27;20;14;48;2;21;14;8m⠦[38;2;26;18;14;48;2;24;17;11m⠓[38;2;28;21;17;48;2;20;12;8m⠤[38;2;20;11;6;48;2;27;18;13m⣁[38;2;24;15;10;48;2;21;12;7m⢇[38;2;30;23;17;48;2;26;19;13m⠂[38;2;26;19;13;48;2;23;16;10m⡁[38;2;28;21;15;48;2;25;18;12m⠂[38;2;18;11;5;48;2;26;18;14m▃[38;2;29;22;14;48;2;23;16;8m⡐[38;2;24;16;13;48;2;29;21;18m⡰[38;2;27;20;14;48;2;19;12;6m⠹[38;2;23;16;10;48;2;26;19;13m⣂[38;2;25;18;12;48;2;22;15;9m⠪[38;2;23;16;10;48;2;19;12;6m▃[0m
[38;2;40;38;39;48;2;34;32;35m⣰[38;2;27;25;26;48;2;33;31;32m⠐[38;2;27;26;24;48;2;32;31;29m⡒[38;2;29;28;26;48;2;36;36;34m⢃[38;2;30;29;27;48;2;38;40;37m⣤[48;2;35;31;30m⠮[38;2;39;38;36;48;2;32;31;29m⢀[38;2;40;39;37;48;2;35;34;32m⣠[38;2;45;44;42;48;2;38;37;35m⣰[38;2;37;36;34;48;2;42;41;39m⢸[38;2;42;46;39;48;2;42;37;36m⠚[38;2;37;32;33;48;2;40;40;38m⣤[38;2;32;32;32;48;2;42;41;41m⣤[38;2;34;34;34;48;2;42;42;40m⠴[38;2;31;30;26;48;2;40;39;35m⣤[38;2;34;33;29;48;2;43;42;38m⡄[38;2;49;50;42;48;2;40;39;34m⡐[38;2;74;82;60;48;2;49;51;40m⠈[38;2;104;108;70;48;2;71;73;53m▝[38;2;94;96;73;48;2;122;130;77m⡤[38;2;142;140;123;48;2;109;115;69m▁[38;2;149;144;127;48;2;98;101;77m▁[38;2;237;239;236;48;2;88;89;72m▁[38;2;241;243;241;48;2;112;114;92m⣀[38;2;229;231;230;48;2;112;115;100m▁[38;2;244;244;249;48;2;111;115;99m⣤[38;2;240;243;241;48;2;113;123;110m▅[38;2;244;245;242;48;2;153;169;169m⣤[38;2;144;162;151;48;2;230;234;236m⠁[38;2;93;99;83;48;2;243;244;236m⢈[38;2;208;225;214;48;2;228;240;233m⢀[38;2;51;85;73;48;2;206;216;215m⡀[38;2;97;118;119;48;2;220;225;218m⣄[38;2;179;192;178;48;2;241;242;235m▃[38;2;193;202;186;48;2;229;238;237m⡄[38;2;101;117;106;48;2;240;245;242m⢠[38;2;153;171;162;48;2;82;101;95m⠇[38;2;120;153;159;48;2;57;59;67m⠸[38;2;108;125;141;48;2;148;159;177m▃[38;2;91;124;131;48;2;135;162;173m⣤[38;2;50;56;58;48;2;144;156;159m⢠[38;2;51;44;42;48;2;26;22;3m▔[38;2;53;53;41;48;2;35;35;24m⠁[38;2;141;146;105;48;2;55;54;50m⢀[38;2;191;192;176;48;2;98;100;88m⡤[38;2;174;169;143;48;2;81;92;54m⠴[38;2;57;63;66;48;2;32;42;37m⠃[38;2;147;147;139;48;2;34;31;39m⠃[38;2;35;33;33;48;2;44;43;38m⠶[38;2;51;50;48;48;2;38;37;35m⠄[38;2;43;39;36;48;2;35;32;36m⠉[38;2;35;34;32;48;2;41;38;37m▅[38;2;36;27;28;48;2;39;34;31m⠤[38;2;59;55;44;48;2;34;29;26m▝[38;2;28;25;8;48;2;61;58;43m▝[38;2;40;39;18;48;2;37;32;29m▔[38;2;34;30;24;48;2;36;31;27m⣤[38;2;36;31;27;48;2;31;26;23m⠔[38;2;27;27;19;48;2;37;32;24m⢡[38;2;35;26;27;48;2;30;20;21m⢱[38;2;24;14;15;48;2;33;23;24m⠉[38;2;33;27;27;48;2;27;21;21m⣆[38;2;42;37;33;48;2;28;23;20m▝[38;2;42;37;34;48;2;35;30;27m⡆[38;2;46;46;42;48;2;38;34;31m⢠[38;2;44;39;36;48;2;37;32;29m⡆[38;2;37;32;29;48;2;29;24;21m⡄[38;2;22;16;16m⠒[38;2;30;24;24;48;2;25;19;19m⡅[38;2;30;25;22m⠴[38;2;31;26;23;48;2;27;22;19m▍[38;2;32;27;24;48;2;26;21;18m▝[38;2;28;23;20;48;2;25;20;17m⣤[38;2;29;24;21;48;2;26;21;18m⢀[38;2;30;25;20;48;2;25;21;18m▔[38;2;20;19;18;48;2;35;30;28m⣤[38;2;126;128;92;48;2;32;30;27m⢀[38;2;146;137;133;48;2;85;78;46m⡖[38;2;168;172;150;48;2;33;48;6m⠩[38;2;102;110;85;48;2;32;30;14m⠄[38;2;36;37;28;48;2;35;33;22m▔[38;2;87;91;81;48;2;47;44;19m⠚[38;2;68;73;60;48;2;35;31;24m⠁[38;2;32;23;18;48;2;42;33;28m⠸[38;2;40;33;27;48;2;28;21;15m⡀[38;2;38;31;25;48;2;26;19;13m⣠[38;2;64;58;52;48;2;34;27;21m⠈[38;2;23;16;10;48;2;32;25;19m⡉[38;2;36;31;25;48;2;27;20;14m⠈[38;2;46;35;29;48;2;27;22;17m⠰[38;2;74;77;76;48;2;40;30;25m▝[38;2;20;25;13;48;2;47;50;39m⣈[38;2;50;50;42;48;2;18;13;10m⠒[38;2;27;18;13;48;2;45;38;32m⣻[38;2;26;17;12;48;2;22;13;8m⠑[38;2;30;21;16;48;2;24;17;9m⠚[38;2;28;21;15;48;2;23;16;10m⣀[38;2;19;13;7;48;2;25;18;12m⢒[38;2;28;19;14;48;2;24;15;10m⢬⡌[38;2;30;21;16;48;2;22;13;8m⠁[38;2;21;12;7;48;2;26;17;12m⠂[38;2;22;13;8;48;2;24;15;10m⢠[48;2;26;17;12m⠃[38;2;21;14;8;48;2;24;17;11m⡑[38;2;19;12;6;48;2;21;14;8m⠶[38;2;27;19;16m▔[38;2;27;18;18;48;2;22;15;9m▔[38;2;28;21;15;48;2;24;17;11m▁[38;2;27;20;14;48;2;22;15;9m⠇[48;2;23;16;10m⢠[38;2;26;19;13;48;2;19;12;6m⢆[0m
[38;2;38;33;35;48;2;40;38;39m⠨[38;2;33;33;33;48;2;40;36;37m⣁[38;2;42;42;42;48;2;38;38;38m⢠[38;2;33;32;30;48;2;37;39;38m⠹[38;2;37;36;34;48;2;34;33;31m⣤[38;2;34;33;30;48;2;37;36;34m⠓[38;2;37;36;34;48;2;39;37;36m▔[38;2;57;58;44;48;2;44;43;38m▝[38;2;46;45;43;48;2;40;41;36m⡉[38;2;40;41;44;48;2;42;44;43m⡐[38;2;40;39;37;48;2;34;33;31m⠦[38;2;37;36;34;48;2;31;32;30m⡄[38;2;38;40;29;48;2;33;24;29m⢀[38;2;44;55;43;48;2;35;30;27m⣀[38;2;38;38;35;48;2;44;55;44m⠍[38;2;47;55;44;48;2;40;39;35m⣄[38;2;40;40;38;48;2;38;37;33m⠙[38;2;54;47;42;48;2;42;37;33m▝[38;2;84;85;68;48;2;52;48;44m⠉[38;2;109;111;91;48;2;57;59;50m⠙[38;2;170;157;143;48;2;57;61;65m⠉[38;2;154;155;155;48;2;207;227;234m▍[38;2;128;151;167;48;2;234;233;238m⣤[38;2;79;95;90;48;2;220;231;233m⢰[38;2;170;183;165;48;2;234;240;237m▏[38;2;215;220;215;48;2;240;240;242m▃[38;2;231;237;239;48;2;244;245;244m⢀[38;2;143;166;161;48;2;235;242;241m⣀[38;2;129;160;163;48;2;197;222;226m⣄[38;2;154;178;181;48;2;22;48;55m▍[38;2;69;93;101;48;2;111;142;147m▏[38;2;104;134;153;48;2;49;87;103m⠸[38;2;75;94;103;48;2;37;46;52m⢸[38;2;94;121;114;48;2;161;178;168m⡆[38;2;217;230;214;48;2;142;169;155m⠈[38;2;165;181;170;48;2;80;102;87m▍[38;2;74;84;81;48;2;104;122;110m⠺[38;2;152;178;183;48;2;52;48;50m▃[38;2;173;199;212;48;2;94;124;134m▃[38;2;143;171;183;48;2;67;76;83m⣀[38;2;40;30;34;48;2;72;86;98m⢸[38;2;43;43;14;48;2;30;21;15m▕[38;2;32;25;32;48;2;97;109;71m▃[38;2;120;123;68;48;2;77;82;53m⠙[38;2;106;111;50;48;2;52;60;40m⠣[38;2;128;126;88;48;2;56;54;36m⠄[38;2;21;32;30;48;2;32;30;35m⠡[38;2;48;47;43;48;2;36;34;39m⢀[38;2;39;38;34;48;2;36;34;36m▁[38;2;32;30;31;48;2;34;32;33m⠉[38;2;39;34;40;48;2;29;27;28m▔[38;2;28;27;25;48;2;34;33;31m⢠[38;2;34;30;28;48;2;29;23;23m⠉[38;2;38;33;30;48;2;35;30;27m⢄[38;2;47;43;31;48;2;36;31;28m▔[38;2;51;47;38;48;2;43;38;32m▚[38;2;40;36;25;48;2;36;32;23m▍[38;2;35;28;22;48;2;30;23;17m⡄[38;2;37;30;24;48;2;33;26;18m⢇[38;2;32;24;22;48;2;34;26;24m▃[38;2;35;25;24;48;2;39;29;30m▊[38;2;30;25;19;48;2;31;25;25m⠰[38;2;31;26;23;48;2;30;25;19m▔[38;2;39;34;28;48;2;47;42;39m⡄[38;2;43;38;35;48;2;46;41;38m⣐[38;2;46;41;38;48;2;36;31;28m⡖[38;2;42;37;34;48;2;33;28;25m⡁[38;2;29;24;21;48;2;23;18;15m▃[38;2;25;20;17;48;2;28;23;20m▍[48;2;27;22;19m⡄[38;2;26;21;18;48;2;28;23;20m▅[38;2;24;21;17;48;2;28;24;21m⡤[38;2;25;20;17;48;2;27;25;21m▝[38;2;32;26;26;48;2;25;19;19m⠙[38;2;20;14;14;48;2;31;23;23m⢠[38;2;69;61;70;48;2;22;15;14m⢀[38;2;223;224;215;48;2;56;52;42m▃[38;2;100;97;88;48;2;52;57;28m⢀[38;2;99;108;85;48;2;45;41;30m⠐[38;2;61;74;41;48;2;29;24;21m⠂[38;2;51;44;37;48;2;33;24;17m⠉[38;2;30;21;14;48;2;41;36;24m⡦[38;2;59;52;44;48;2;36;29;16m⠐[38;2;38;31;25;48;2;38;31;25m⠀[38;2;38;30;25;48;2;28;21;15m⠈[38;2;38;31;25;48;2;25;17;12m▍[38;2;24;13;11;48;2;25;15;13m⠃[38;2;28;18;16;48;2;25;14;14m⢐[38;2;22;14;11;48;2;26;18;16m▝[38;2;45;36;31;48;2;24;16;14m⠐[38;2;58;55;38;48;2;35;31;19m⢡[38;2;38;36;22;48;2;30;24;18m⠦[38;2;28;19;14;48;2;23;14;9m▝[48;2;25;16;11m⠈[38;2;29;20;15;48;2;24;15;10m⢀[38;2;28;19;14;48;2;23;14;9m⡈[48;2;26;17;12m⢉[38;2;30;21;16;48;2;23;14;8m⣂[38;2;27;18;11;48;2;21;12;5m⣐[38;2;20;11;4;48;2;27;18;11m⢂[38;2;24;15;8;48;2;29;20;13m▃[38;2;22;13;6;48;2;25;16;9m⢬[38;2;20;11;4m⠤[38;2;17;8;1m⡆[38;2;20;11;4;48;2;24;15;8m⣀[38;2;21;12;5;48;2;26;17;10m⡙[38;2;23;16;8;48;2;26;19;11m⣃[38;2;24;17;9;48;2;20;13;3m⠃[38;2;22;13;8;48;2;26;17;12m⡐[38;2;25;16;11;48;2;21;12;7m⢁[38;2;27;20;14;48;2;22;13;6m▔[38;2;29;20;13;48;2;23;14;7m⢈[0m
[38;2;37;37;37;48;2;41;41;41m⣰[38;2;42;41;42;48;2;39;39;39m⠃[38;2;38;38;38;48;2;35;35;35m⡰⠩[38;2;41;39;40;48;2;38;34;35m⣄[38;2;39;37;39;48;2;42;40;41m⡢[38;2;37;36;34;48;2;42;41;39m⣄[38;2;43;43;41;48;2;48;47;45m⡉[38;2;42;42;42;48;2;44;45;45m⢸[38;2;33;31;32;48;2;44;44;44m⢰[38;2;40;39;35;48;2;29;28;26m▅[38;2;31;37;31;48;2;38;39;35m⠈[38;2;29;32;27;48;2;40;45;31m⠁[38;2;39;52;37;48;2;38;42;27m⠧[38;2;45;45;41;48;2;31;32;27m⠍[38;2;47;62;42;48;2;27;28;23m⠉[38;2;28;35;27;48;2;40;43;36m⣄[38;2;42;36;37;48;2;36;31;28m⡐[38;2;46;41;43;48;2;32;32;39m⢸[38;2;46;41;44;48;2;35;33;32m⠰[38;2;43;46;50;48;2;51;65;76m▊[38;2;74;98;112;48;2;108;139;160m▍[38;2;139;162;171;48;2;113;142;158m▕[38;2;100;116;124;48;2;180;192;198m⠈[38;2;130;151;154;48;2;226;235;236m⣠[38;2;140;152;137;48;2;211;223;212m⣄[38;2;219;232;227;48;2;146;167;155m⠋[38;2;133;149;138;48;2;96;123;121m⠉[38;2;103;132;134;48;2;74;94;95m⠋[38;2;93;110;118;48;2;27;56;57m▊[38;2;60;67;69;48;2;105;134;145m⡀[38;2;67;88;93;48;2;62;73;73m⣆[38;2;41;48;44;48;2;72;86;89m▊[38;2;145;154;155;48;2;84;114;116m⢸[38;2;210;221;212;48;2;142;164;146m⢰[38;2;212;223;218;48;2;142;161;158m⠇[38;2;119;142;140;48;2;103;122;117m⠚[38;2;138;158;164;48;2;70;78;87m⠉[38;2;166;186;200;48;2;129;150;160m⠋[38;2;139;169;180;48;2;114;144;155m⠙[38;2;114;143;157;48;2;48;63;69m▊[38;2;41;36;19;48;2;42;36;30m⡁[38;2;33;30;29;48;2;33;30;29m⠀[38;2;48;55;47;48;2;38;42;33m⠰[38;2;73;75;67;48;2;41;36;34m⠊[38;2;99;101;77;48;2;38;34;47m⡁[38;2;40;37;44;48;2;36;35;34m⠇[38;2;46;45;43;48;2;37;35;36m▔[38;2;38;37;36;48;2;34;33;34m▔[38;2;37;32;36;48;2;34;29;33m▊[38;2;38;33;37;48;2;32;30;31m⡐[38;2;34;30;29;48;2;38;34;33m⠰[38;2;29;23;23;48;2;33;28;27m▔[38;2;27;21;23;48;2;33;27;26m⠸[38;2;29;24;28;48;2;37;31;31m⠖[38;2;37;28;28;48;2;45;38;30m▚[38;2;35;28;21;48;2;50;46;35m▝[38;2;43;36;28;48;2;33;26;18m⣤[38;2;34;27;21;48;2;39;32;24m⠉[38;2;31;27;22;48;2;37;29;26m⡔[38;2;39;31;22;48;2;45;37;28m⠺[38;2;36;30;24;48;2;41;34;28m▃[38;2;35;25;24;48;2;31;21;20m▊[38;2;33;24;25;48;2;46;39;30m⡆[38;2;39;32;23;48;2;49;42;32m⢀[38;2;50;43;35;48;2;44;37;29m⠳[38;2;40;33;23;48;2;47;40;32m⠸[38;2;40;32;29;48;2;26;21;18m⣆[38;2;25;21;20;48;2;23;18;15m⣰[38;2;22;16;16;48;2;28;23;23m⠠[38;2;28;22;22;48;2;24;18;18m⡰[38;2;24;18;18;48;2;27;22;21m⢓[38;2;22;16;16;48;2;26;21;20m⠤[38;2;25;19;19;48;2;28;22;22m⡦[38;2;21;17;16;48;2;26;20;20m▝[38;2;117;109;119;48;2;22;18;17m⠈[38;2;230;234;235;48;2;17;13;9m⠁[38;2;53;42;41;48;2;26;20;17m⠐[38;2;31;25;18;48;2;24;17;11m⠐[38;2;38;33;25;48;2;28;26;14m⠂[38;2;47;41;31;48;2;35;27;18m⠄[38;2;35;32;19;48;2;29;19;13m⠸[38;2;53;37;21;48;2;38;27;17m⢀[38;2;54;41;25;48;2;29;22;15m⡀[38;2;34;27;21;48;2;27;20;14m⠂[38;2;29;22;18;48;2;27;20;13m⢴[38;2;22;14;12;48;2;25;17;14m▁[38;2;23;16;6;48;2;26;18;14m⠂[38;2;24;16;13;48;2;26;17;14m⣂[38;2;26;16;16;48;2;23;16;9m⢰[38;2;31;28;14;48;2;24;14;12m▔[38;2;25;15;11;48;2;29;19;18m▅[38;2;36;29;23;48;2;24;15;10m⠆[38;2;30;21;16;48;2;22;15;9m▔[38;2;24;13;9;48;2;27;18;13m⣡[38;2;21;12;7m▝[38;2;25;16;11;48;2;28;19;14m⠓[38;2;30;21;16;48;2;23;14;9m⡀[38;2;22;13;8;48;2;26;17;10m▅[38;2;27;18;13;48;2;23;14;9m⢠[38;2;40;31;26m⠠[38;2;25;16;9;48;2;26;17;14m⠚[38;2;26;19;13;48;2;23;14;7m⠦[38;2;20;12;8;48;2;25;18;10m⡥[38;2;20;13;6m⢉[38;2;26;15;11;48;2;21;12;7m⢓[38;2;27;18;11;48;2;23;14;7m⢰[38;2;26;19;11;48;2;20;11;4m⠈[38;2;23;14;8;48;2;22;13;6m⢈[38;2;30;21;14;48;2;24;15;8m⢀[38;2;26;17;10;48;2;22;13;6m⡆▁[0m
[38;2;42;42;42;48;2;39;41;40m▕[38;2;39;37;38;48;2;41;40;41m⡀[38;2;37;36;36;48;2;42;42;42m▝[38;2;34;34;34;48;2;40;38;39m⢁[38;2;43;42;43;48;2;37;35;36m⠉[38;2;44;42;45;48;2;41;39;40m⢨[38;2;40;39;37;48;2;43;42;40m⠺[38;2;42;41;39;48;2;44;43;41m⠡[38;2;47;47;47;48;2;41;41;43m⠸[38;2;34;33;32;48;2;42;42;40m⠈[38;2;43;44;42;48;2;39;39;37m⠐[38;2;39;37;36;48;2;30;24;22m▍[38;2;36;35;33;48;2;32;26;26m▁[38;2;42;36;33;48;2;30;26;25m⢠[38;2;32;30;31;48;2;37;38;37m⠩[38;2;47;52;51;48;2;33;29;30m⢀[38;2;71;81;80;48;2;37;32;31m⣠[38;2;59;64;59;48;2;38;35;40m▅[38;2;96;106;106;48;2;42;57;47m⠰[38;2;98;114;118;48;2;47;46;43m⠲[38;2;173;197;210;48;2;48;57;68m▅[38;2;201;215;214;48;2;118;141;166m▅[38;2;233;239;237;48;2;141;168;186m▃[38;2;212;216;222;48;2;147;171;185m⣀[38;2;104;116;107;48;2;149;168;170m▝[38;2;169;189;194;48;2;130;151;144m⣤[38;2;140;159;168;48;2;117;137;138m⣤[38;2;60;69;77;48;2;121;138;136m⢸[38;2;91;105;116;48;2;46;47;54m⠃[38;2;60;63;73;48;2;76;94;101m▏[38;2;44;40;38;48;2;90;112;122m⠇[38;2;73;94;102;48;2;97;127;138m⠈[38;2;79;95;103;48;2;48;53;60m▏[38;2;113;137;141;48;2;70;83;91m⢸[38;2;126;151;158;48;2;144;164;166m⣤[38;2;136;161;165;48;2;128;149;154m▊[38;2;110;127;133;48;2;77;87;96m▍[38;2;70;88;92;48;2;46;57;64m▍[38;2;75;84;98;48;2;95;127;140m▏[38;2;79;98;115;48;2;104;133;149m⢀[38;2;95;123;137;48;2;55;79;87m▊[38;2;47;41;33;48;2;35;26;22m⠐[38;2;40;38;35;48;2;35;28;27m⠉[38;2;34;28;28;48;2;40;36;35m▃[38;2;40;38;37;48;2;34;33;31m⠆[38;2;66;67;51;48;2;42;43;38m⠁[38;2;34;34;34;48;2;40;39;39m▊[38;2;39;37;38;48;2;37;33;34m⠃[38;2;33;29;29;48;2;38;36;37m▅[38;2;36;32;36;48;2;32;30;33m⡃[38;2;32;28;31;48;2;36;34;37m⠩[38;2;33;29;30;48;2;36;32;32m▕[38;2;32;28;29;48;2;34;30;29m⡂[38;2;34;26;29;48;2;43;35;38m⡌[38;2;40;36;24;48;2;41;39;26m⠃[38;2;51;44;36;48;2;43;36;28m▁[38;2;43;36;28;48;2;49;42;33m⣤[38;2;70;64;52;48;2;47;41;29m⡀[38;2;39;32;24;48;2;36;30;21m⠙[38;2;42;23;11;48;2;41;32;25m▁[38;2;32;14;5;48;2;45;35;28m⣠[38;2;126;112;104;48;2;35;29;23m▁[38;2;49;34;33;48;2;30;23;18m▁[38;2;14;6;2;48;2;32;23;24m⣄[38;2;17;10;6;48;2;46;37;30m⣀[38;2;35;23;12;48;2;48;39;32m⡀[38;2;31;19;17;48;2;45;36;31m⢀[38;2;22;18;15;48;2;36;28;25m⣐[38;2;32;23;22;48;2;21;15;17m⢬[38;2;25;19;19;48;2;29;21;23m⢸[38;2;22;16;16;48;2;27;21;21m⠙[38;2;28;22;22;48;2;25;19;19m⡦[38;2;19;13;13;48;2;27;21;21m⠨[38;2;21;16;16;48;2;26;17;18m⠃[38;2;30;21;22;48;2;25;16;17m▍[38;2;27;19;20;48;2;22;16;16m⠭[38;2;23;17;16;48;2;26;20;20m⡔[38;2;27;21;18;48;2;23;15;13m⡥[38;2;31;23;20;48;2;25;17;14m⠈[38;2;36;29;21;48;2;28;21;13m⢆[38;2;32;25;17;48;2;41;33;25m▍[38;2;40;33;25;48;2;33;26;18m⡆[38;2;35;28;20;48;2;35;28;20m⠀[38;2;38;26;11;48;2;30;23;17m⠁[38;2;28;21;15;48;2;31;24;18m⣀[38;2;30;22;20;48;2;25;18;14m⡤[38;2;23;15;13;48;2;23;15;13m⠀[38;2;28;20;19;48;2;24;16;14m⣤[38;2;21;13;11;48;2;26;18;15m⡄[38;2;26;19;9;48;2;30;21;14m⠇[38;2;26;16;14;48;2;29;20;14m⢑[38;2;26;16;15;48;2;21;11;10m⠍[38;2;23;13;12;48;2;27;17;16m⠚[38;2;25;16;11;48;2;19;11;6m▅[38;2;26;17;12;48;2;24;15;10m⡄[38;2;28;19;14;48;2;23;14;9m⢈[38;2;24;15;10;48;2;27;18;13m⠔[38;2;24;14;9;48;2;26;17;12m⣀[38;2;28;21;15;48;2;22;15;9m⡘[38;2;20;15;9;48;2;25;16;11m⠲[38;2;18;9;3;48;2;26;17;10m⠉[38;2;24;13;8m⠹[38;2;22;13;6;48;2;29;20;13m⢃[38;2;26;17;10;48;2;24;15;8m⠓[38;2;21;12;5;48;2;25;16;9m⠊[38;2;27;18;11;48;2;20;11;5m⣈[38;2;26;17;10;48;2;21;12;5m⡰[38;2;27;18;11m⠤[38;2;26;17;10;48;2;22;13;6m▏[38;2;25;16;9;48;2;21;12;5m⢸[48;2;19;12;4m⢋⡉[0m
[38;2;42;40;41;48;2;38;36;37m⡃[38;2;47;45;46;48;2;39;37;38m⠐[38;2;41;39;40;48;2;38;36;37m⠊[38;2;37;35;36;48;2;33;31;32m⠹[38;2;42;41;42;48;2;40;31;34m▚[38;2;40;40;40;48;2;44;42;44m⡃[38;2;40;39;37;48;2;44;44;44m▝[38;2;38;38;38;48;2;40;40;40m⡂[38;2;41;40;38;48;2;44;45;43m⠶[38;2;43;43;43;48;2;36;35;33m⠙[38;2;44;46;45;48;2;39;41;40m⢤[38;2;32;27;23;48;2;40;32;29m⠺[38;2;41;41;39;48;2;35;34;30m⢉[38;2;46;47;42;48;2;37;36;32m⡀[38;2;43;37;37;48;2;36;37;32m⠸[38;2;75;87;91;48;2;43;41;45m⢰[38;2;80;92;92;48;2;48;49;51m▍[38;2;39;37;40;48;2;51;51;53m⣄[38;2;67;72;76;48;2;42;45;50m⠠[38;2;59;64;67;48;2;39;41;42m⠄[38;2;27;50;63;48;2;116;145;161m⡄[38;2;156;173;194;48;2;165;187;202m⠌[38;2;212;221;228;48;2;193;202;211m⢘[38;2;204;214;216;48;2;235;242;242m⡄[38;2;209;218;223;48;2;239;243;240m▔[38;2;189;207;210;48;2;234;234;235m⠈[38;2;195;205;213;48;2;151;177;184m⡆[38;2;107;130;135;48;2;129;154;161m⠈[38;2;47;58;58;48;2;84;108;109m⠸[38;2;77;97;105;48;2;38;54;61m⢸[38;2;64;89;104;48;2;82;108;119m▊[38;2;86;116;128;48;2;107;136;143m⢸[38;2;75;88;97;48;2;54;60;65m▍[38;2;57;72;77;48;2;84;104;115m▍[38;2;110;134;145;48;2;127;150;163m▏[38;2;136;156;164;48;2;124;145;150m▊[38;2;59;74;78;48;2;109;129;134m⢸[38;2;53;69;80;48;2;77;93;98m⢸[38;2;65;74;90;48;2;89;109;120m▍[38;2;84;115;137;48;2;65;82;93m▊[38;2;53;70;79;48;2;80;99;113m▏[38;2;49;52;66;48;2;40;30;31m▏[38;2;36;35;31;48;2;36;26;27m⡄[38;2;41;37;36;48;2;35;31;30m▝[38;2;37;37;34;48;2;32;32;28m⡉[38;2;45;45;35;48;2;35;37;34m⢰[38;2;34;27;30;48;2;37;34;29m⢘[38;2;32;26;28;48;2;34;30;31m⡠[38;2;38;36;34;48;2;33;31;32m⢀[38;2;39;35;34;48;2;35;31;32m⣈[38;2;43;38;36;48;2;37;33;34m⣁[38;2;39;38;34;48;2;30;31;26m⣁[38;2;46;45;41;48;2;35;34;30m⢀[38;2;44;45;40;48;2;43;37;36m⢀[38;2;120;118;115;48;2;33;26;16m⣠[38;2;118;109;106;48;2;42;35;25m⡤[38;2;127;113;100;48;2;38;25;19m⣤[38;2;125;112;102;48;2;62;52;35m▃[38;2;115;103;94;48;2;39;29;18m⣀[38;2;188;175;169;48;2;64;63;49m⢠[38;2;74;57;49;48;2;166;147;134m⠁[38;2;137;104;93;48;2;159;140;128m⢤[38;2;133;104;98;48;2;173;162;140m⠍[38;2;30;24;19;48;2;182;164;146m⠉[38;2;177;163;147;48;2;93;76;58m⣄[38;2;237;219;208;48;2;103;93;86m⣀[38;2;231;215;196;48;2;69;56;56m▃[38;2;233;207;186;48;2;77;61;61m⣀[38;2;221;203;187;48;2;41;37;36m⣀[38;2;115;94;92;48;2;21;17;16m⣀[38;2;124;106;97;48;2;23;19;18m⡀[38;2;14;9;8;48;2;28;22;22m⣈[38;2;27;23;20;48;2;23;19;16m⠒[38;2;24;20;17;48;2;27;22;19m⠅[38;2;23;18;15;48;2;28;23;20m⠱[38;2;26;22;18;48;2;25;15;17m⡔[38;2;28;20;19;48;2;22;13;14m⠧[38;2;26;17;18;48;2;22;14;12m⡅[38;2;23;16;14;48;2;26;18;16m⡔[38;2;38;31;25;48;2;29;21;19m⠉[38;2;36;29;23;48;2;24;17;11m⢸[38;2;47;40;32;48;2;31;24;17m⠁[38;2;40;33;27;48;2;36;29;23m⢲[38;2;26;19;13;48;2;32;25;19m⢂[38;2;25;17;14;48;2;27;19;16m⡑[38;2;20;12;10;48;2;28;18;17m▝[38;2;28;18;16;48;2;23;14;9m⡀[38;2;25;17;15;48;2;25;16;11m⢋[38;2;22;13;8;48;2;29;20;15m⠧[48;2;27;18;13m⠄[38;2;21;12;7;48;2;26;17;12m⠴[38;2;20;11;9;48;2;25;16;11m⡉[38;2;28;19;14;48;2;20;10;9m⠶[38;2;19;10;5;48;2;25;16;11m⠫[38;2;30;21;16;48;2;26;17;12m⡁[38;2;19;10;5;48;2;29;20;15m⠐[38;2;20;11;4;48;2;24;15;10m⢖[38;2;24;14;13;48;2;21;12;8m⡰[38;2;22;15;9;48;2;26;17;12m⠩[38;2;26;17;12;48;2;19;12;6m⣀[38;2;26;17;10;48;2;22;13;6m⠭[38;2;21;12;5;48;2;23;14;7m⢢[38;2;28;19;12;48;2;25;16;9m⠈[38;2;27;18;11;48;2;24;15;8m⢀[38;2;22;13;6;48;2;25;16;9m⠲[38;2;29;20;13;48;2;23;14;7m▔[38;2;20;13;5;48;2;23;16;8m▊[48;2;24;15;8m⡂[38;2;21;12;5;48;2;25;16;9m⢉[38;2;23;14;7;48;2;20;11;4m⡤[38;2;25;16;9;48;2;22;13;6m⠭[48;2;21;14;6m⠤[0m
[38;2;55;56;50;48;2;35;35;37m⠐[38;2;40;38;39;48;2;34;35;38m⠌[38;2;39;36;37;48;2;36;34;35m⢃[38;2;29;29;29;48;2;38;37;37m▝[38;2;39;39;39;48;2;37;37;37m⢨[38;2;42;42;42;48;2;39;39;39m⠜[38;2;41;41;41m⠫[38;2;42;41;41m⣨[38;2;37;35;36;48;2;41;39;40m⢀[38;2;29;29;26;48;2;35;32;33m⣈[38;2;30;26;27;48;2;36;30;32m⣐[38;2;37;31;33;48;2;31;25;27m⠜[38;2;44;43;39;48;2;38;33;29m⠉[38;2;30;24;24;48;2;42;37;34m⣠[38;2;31;28;20;48;2;34;35;30m⡔[38;2;77;87;89;48;2;53;59;63m⠸[38;2;53;57;60;48;2;36;34;39m▏[38;2;35;29;33;48;2;38;36;40m⠉[38;2;45;43;45;48;2;34;32;37m⢠[38;2;31;28;29;48;2;34;34;38m⣠[38;2;136;155;170;48;2;56;74;86m⢸[38;2;172;192;199;48;2;143;167;179m▔[38;2;173;198;201;48;2;145;169;181m⠉[38;2;167;186;187;48;2;181;202;210m⡑[38;2;182;186;192;48;2;195;215;225m⠦[38;2;175;192;194;48;2;205;209;214m⢲[38;2;140;169;184;48;2;182;201;209m▃[38;2;156;175;185;48;2;133;155;166m⠇[38;2;98;117;130;48;2;119;144;156m⢸[38;2;86;99;107;48;2;60;76;86m⡀[38;2;75;101;112;48;2;84;105;120m▔[38;2;97;123;137;48;2;89;117;133m⢉[38;2;72;83;89;48;2;86;103;117m▝[38;2;91;107;122;48;2;70;83;99m⢸[38;2;97;120;128;48;2;112;138;149m⣆[38;2;134;156;167;48;2;126;145;152m⠦[38;2;85;102;112;48;2;114;135;140m⢸[38;2;82;100;112;48;2;64;82;95m▊[38;2;72;88;103;48;2;75;97;111m▍[38;2;83;109;122;48;2;71;95;107m▊[38;2;60;82;96;48;2;71;91;103m▍[38;2;45;46;57;48;2;39;33;34m▍[38;2;39;36;34;48;2;32;28;27m⠓[38;2;35;31;30;48;2;31;27;26m▃[38;2;31;26;26;48;2;38;32;33m⠶[38;2;44;44;34;48;2;38;35;29m⠸[38;2;31;30;26;48;2;37;35;35m⡰[38;2;30;26;25;48;2;36;32;33m⠶[38;2;34;28;28;48;2;39;35;34m⡦[38;2;37;32;32;48;2;42;38;37m⢉[38;2;48;47;45;48;2;43;39;38m⠰[38;2;41;36;32;48;2;46;44;43m⢀[38;2;27;22;18;48;2;49;48;44m⣠[38;2;47;46;42;48;2;102;96;88m⠣[38;2;204;194;188;48;2;91;79;68m⣠[38;2;97;70;60;48;2;240;228;212m⠋[38;2;232;211;191;48;2;145;138;128m▅[38;2;240;213;178;48;2;117;98;74m▅[38;2;223;202;181;48;2;117;104;94m⣤[38;2;173;157;145;48;2;236;210;193m⠉[38;2;182;164;149;48;2;232;224;212m⠉[38;2;226;202;183;48;2;236;219;210m⡠[38;2;230;200;175;48;2;244;228;218m⣤[38;2;214;174;149;48;2;234;207;180m⢠[38;2;182;137;113;48;2;235;206;185m⣀[38;2;188;161;133;48;2;228;209;196m⣀[38;2;190;155;127;48;2;206;182;164m⢈[38;2;224;186;167;48;2;179;143;117m⠭[38;2;217;181;160;48;2;167;132;104m⠙[38;2;136;103;80;48;2;231;191;160m▃[38;2;137;105;71;48;2;208;164;139m⢀[38;2;0;0;2;48;2;207;166;138m⠉[38;2;226;189;162;48;2;5;0;1m⣄[38;2;210;188;169;48;2;13;8;3m⡀[38;2;9;5;10;48;2;26;21;17m▃[38;2;29;24;25;48;2;25;20;16m⡀[38;2;21;16;13;48;2;28;23;20m⢉[38;2;24;14;15;48;2;27;22;18m⢁[38;2;25;19;19;48;2;21;16;13m▏[38;2;25;20;14;48;2;38;30;24m⡦[38;2;41;38;31;48;2;27;24;17m⣠[38;2;30;29;21;48;2;50;47;40m⣡[38;2;30;21;16;48;2;35;28;22m⢀[38;2;30;26;20;48;2;26;20;14m▏[38;2;36;28;25;48;2;27;18;13m⠁[38;2;28;18;17;48;2;24;15;10m⡉[38;2;22;12;11;48;2;28;21;13m⠩[38;2;35;26;20;48;2;25;15;14m⠐[38;2;30;21;16;48;2;23;13;12m⠋[38;2;25;15;13;48;2;31;21;19m⠰[38;2;21;12;7;48;2;27;18;13m⢈[38;2;29;20;15;48;2;22;13;8m⢂[38;2;28;19;14m⠠[38;2;29;20;14;48;2;24;15;10m⠎[38;2;23;14;9;48;2;25;16;11m⠚[38;2;26;17;10;48;2;21;12;5m⡈[38;2;24;16;6;48;2;20;11;4m⠅[38;2;24;15;10;48;2;20;10;6m⠈[38;2;27;18;13;48;2;23;14;7m⠅[38;2;29;20;13m⠡[38;2;20;11;4;48;2;25;16;9m⠩[38;2;28;19;12;48;2;22;13;6m⡀[38;2;23;14;10;48;2;20;11;6m⡀[38;2;18;9;4;48;2;24;15;10m⡁[38;2;25;16;9;48;2;23;14;7m▃[38;2;29;20;13m⡒[38;2;19;10;3m⡤[38;2;28;21;13;48;2;22;13;6m⠓[38;2;25;16;9;48;2;21;12;5m⢑[38;2;24;15;8;48;2;20;11;4m▃[38;2;23;14;7;48;2;23;14;7m⠀[38;2;19;10;3;48;2;24;15;8m⢄[0m
[38;2;37;36;34;48;2;42;41;39m⢃[38;2;34;33;31;48;2;38;37;35m⡑[38;2;39;37;38;48;2;36;34;35m⡅[38;2;39;39;39;48;2;37;35;36m⢠[38;2;36;36;36;48;2;40;40;40m⠉[38;2;40;41;40;48;2;37;36;34m⡦[38;2;32;28;27;48;2;40;40;40m⣤[38;2;38;37;37;48;2;35;31;30m⢋[38;2;30;28;29;48;2;33;31;32m⠲[38;2;43;41;42;48;2;25;25;25m⣠[38;2;37;31;33;48;2;45;47;46m⠉[38;2;38;38;38;48;2;28;24;26m⡆[38;2;34;29;25;48;2;39;35;34m⡉[38;2;38;37;33;48;2;32;28;27m⠂[38;2;44;39;46;48;2;28;30;24m▕[38;2;49;42;45;48;2;55;61;63m▕[38;2;38;34;37;48;2;41;39;42m⣃[38;2;34;34;36;48;2;40;41;43m⣨[38;2;38;39;41;48;2;29;32;33m⠎[38;2;44;40;45;48;2;34;31;28m▕[38;2;49;59;70;48;2;118;137;151m▍[38;2;120;148;159;48;2;133;155;168m⢤[38;2;136;158;171;48;2;127;149;162m⠹[38;2;151;179;190;48;2;138;162;174m▝[38;2;198;220;224;48;2;161;177;192m▔[38;2;189;200;212;48;2;157;175;189m⠉[38;2;143;174;179;48;2;141;163;176m▏[38;2;138;162;174;48;2;134;161;176m⡆[38;2;125;153;165;48;2;96;128;134m▊[38;2;81;109;112;48;2;58;60;76m▏[38;2;81;105;115;48;2;61;84;90m⠋[38;2;76;97;115;48;2;91;112;130m▍[38;2;79;97;109;48;2;83;103;117m⠎[38;2;80;104;116;48;2;68;90;103m⢨[38;2;104;126;140;48;2;87;110;122m⢸[38;2;120;143;149;48;2;112;135;144m⢡[38;2;95;115;118;48;2;110;135;137m⢸[38;2;80;88;99;48;2;81;98;105m⣰[38;2;70;89;104;48;2;64;76;89m⢸[38;2;73;98;112;48;2;82;105;121m⠃[38;2;64;82;98;48;2;72;90;106m⠉[38;2;54;68;80;48;2;41;41;45m⡄[38;2;36;30;32;48;2;33;29;29m⡤[38;2;42;38;37;48;2;36;32;33m⡈[38;2;43;43;40;48;2;31;30;28m⢉[38;2;50;58;47;48;2;45;44;40m⢰[38;2;76;71;68;48;2;43;43;41m⠠[38;2;36;32;31;48;2;43;44;41m⣤[38;2;32;28;28;48;2;41;36;37m⣠[38;2;32;26;26;48;2;39;29;30m⣠[38;2;22;16;16;48;2;35;30;28m⢠[38;2;100;91;79;48;2;35;30;26m⢐[38;2;150;130;101;48;2;84;68;66m⣤[38;2;113;103;101;48;2;211;182;158m⠁[38;2;231;215;185;48;2;241;229;220m⢠[38;2;204;158;122;48;2;242;226;205m⢤[38;2;146;101;67;48;2;220;196;165m▅[38;2;221;187;147;48;2;170;126;82m⢉[38;2;212;168;132;48;2;238;230;211m⠋[38;2;207;192;162;48;2;242;226;209m⢀[38;2;189;150;114;48;2;233;212;187m⣀[38;2;165;122;90;48;2;214;180;153m▃[38;2;140;106;71;48;2;188;160;123m⣐[38;2;130;101;73;48;2;189;154;127m⠢[38;2;206;173;153;48;2;146;120;108m⠙[38;2;179;156;134;48;2;120;99;82m⠦[38;2;104;77;65;48;2;158;126;106m⠴[38;2;141;104;78;48;2;79;52;35m⠫[38;2;68;45;31;48;2;141;109;87m⣠[38;2;64;46;31;48;2;123;101;77m⣤[38;2;145;124;105;48;2;86;59;48m⠊[38;2;118;98;77;48;2;100;72;57m⢰[38;2;164;122;106;48;2;106;77;61m⡙[38;2;221;176;137;48;2;132;105;86m⠉[38;2;96;62;38;48;2;171;134;99m⡌[38;2;153;118;80;48;2;6;0;0m⡄[38;2;26;23;18;48;2;7;8;11m⠹[38;2;22;16;16;48;2;28;19;20m⡈[38;2;27;19;16;48;2;31;20;26m⣠[38;2;30;22;19;48;2;38;30;24m▍[38;2;29;21;18;48;2;41;34;28m⢰[38;2;37;30;24;48;2;24;17;11m⠈[38;2;24;17;11;48;2;33;22;18m⣰[38;2;32;23;18;48;2;24;15;10m⢓[38;2;24;15;10;48;2;27;18;13m⢨[38;2;34;24;23;48;2;24;16;14m⢆[38;2;30;23;17;48;2;21;16;12m⡁[38;2;26;18;16;48;2;21;13;10m⠁[38;2;26;16;15;48;2;23;13;12m⢎[38;2;29;20;14;48;2;24;15;10m⠊[38;2;20;10;8;48;2;25;15;13m⠴[38;2;27;18;13;48;2;22;12;11m⡉[38;2;19;9;7;48;2;24;14;12m⣄[38;2;28;20;18;48;2;22;12;12m⣠[38;2;24;16;14;48;2;23;13;11m⡄[38;2;17;12;5;48;2;22;15;7m⢒[38;2;17;7;6;48;2;25;16;9m⡊[38;2;25;16;7;48;2;22;13;6m⡐[38;2;25;16;11;48;2;21;12;7m⢆[38;2;18;9;4;48;2;23;14;7m⠲[38;2;27;18;13;48;2;17;8;3m▃[38;2;20;11;6;48;2;22;13;8m⠜[38;2;19;10;5m⡚[38;2;26;17;10;48;2;21;12;7m▝[38;2;27;18;11;48;2;23;14;7m⢀[38;2;25;16;8;48;2;20;11;4m▃[38;2;29;20;13;48;2;19;10;5m⢈[38;2;23;14;9;48;2;20;11;6m⡐[38;2;21;12;5;48;2;24;15;8m▊[38;2;21;11;9;48;2;26;17;10m⣤[38;2;27;18;11;48;2;20;11;6m⠃[38;2;26;17;12;48;2;21;12;7m⠥[0m
[38;2;40;38;38;48;2;37;35;35m⠃[38;2;36;34;35;48;2;33;31;32m▊[38;2;40;38;39;48;2;35;33;34m⢓[38;2;33;31;32;48;2;40;38;39m⢱[38;2;31;29;30;48;2;36;36;36m⡦[38;2;24;24;22;48;2;36;34;36m⠈[38;2;34;28;28;48;2;38;36;33m▔[38;2;31;27;26;48;2;38;38;36m⠒[38;2;35;34;36;48;2;39;40;38m⠉[38;2;34;26;27;48;2;34;34;32m⢰[38;2;43;44;44;48;2;39;39;37m⠈[38;2;32;26;26;48;2;42;38;38m⢸[38;2;24;18;18;48;2;35;29;29m▍[38;2;32;26;26;48;2;37;31;31m▍[38;2;30;30;27;48;2;36;34;35m▊[38;2;53;62;66;48;2;46;44;45m⠁[38;2;42;36;40;48;2;35;29;29m⠈[38;2;42;37;41;48;2;38;29;30m⠃[38;2;35;33;36;48;2;29;24;28m⠉[38;2;38;29;34;48;2;30;29;25m▕[38;2;54;57;68;48;2;101;120;137m▍[38;2;107;134;153;48;2;123;151;165m▅[38;2;112;139;149;48;2;124;151;160m⡀[38;2;130;154;164;48;2;141;162;174m▍[38;2;158;186;191;48;2;141;168;175m⠐[38;2;150;172;183;48;2;142;165;177m⣂[38;2;149;172;184;48;2;132;157;169m▊[38;2;124;152;163;48;2;132;156;168m⠒[38;2;119;147;158;48;2;104;130;142m▊[38;2;68;87;93;48;2;37;30;42m▍[38;2;51;58;65;48;2;79;98;112m▍[38;2;89;114;129;48;2;76;101;115m⠨[38;2;77;99;112;48;2;77;109;122m⢰[38;2;75;91;106;48;2;68;87;101m⢸[38;2;84;101;117;48;2;100;123;130m▍[38;2;114;134;143;48;2;108;128;137m⢸[38;2;95;114;117;48;2;103;124;134m⢸[38;2;84;103;107;48;2;82;97;106m⣠[38;2;77;89;100;48;2;70;85;99m⡠[38;2;88;111;127;48;2;77;98;111m⢸[38;2;82;101;118;48;2;73;89;107m▏[38;2;63;77;90;48;2;45;55;60m⡆[38;2;38;31;38;48;2;30;25;25m⡁[38;2;28;22;24;48;2;34;28;30m⠲[38;2;39;35;36;48;2;34;29;30m⢈[38;2;40;39;37;48;2;48;47;45m⡆[38;2;34;29;25;48;2;42;42;40m⠸[38;2;43;43;41;48;2;26;26;24m⣠[38;2;31;27;26;48;2;44;41;40m⢉[38;2;24;19;20;48;2;40;36;35m⣀[38;2;41;45;44;48;2;23;19;18m▕[38;2;175;162;148;48;2;88;80;72m⣰[38;2;153;131;112;48;2;197;158;130m⠃[38;2;179;147;111;48;2;217;185;156m⣀[38;2;164;125;103;48;2;247;222;206m▃[38;2;214;176;150;48;2;163;130;103m⠃[38;2;155;108;79;48;2;204;177;146m⠋[38;2;196;173;150;48;2;224;198;172m⣀[38;2;197;169;144;48;2;231;207;178m⢒[38;2;206;180;151;48;2;171;137;109m⠋[38;2;185;147;129;48;2;137;102;80m⠉[38;2;110;77;58;48;2;157;121;97m▅[38;2;85;62;31;48;2;139;97;74m⣤[38;2;172;163;149;48;2;130;96;68m⡠[38;2;191;182;169;48;2;89;81;67m⠋[38;2;125;104;90;48;2;88;66;50m⠁[38;2;128;110;100;48;2;102;83;69m⠨[38;2;61;38;23;48;2;111;89;76m⢤[38;2;89;67;51;48;2;74;52;38m⢆[38;2;58;37;33;48;2;82;59;43m⢉[38;2;127;104;97;48;2;47;21;3m⠤[38;2;132;108;93;48;2;48;25;6m⠴[38;2;190;169;155;48;2;62;35;19m⠋[38;2;110;92;67;48;2;72;50;31m⠂[38;2;101;78;62;48;2;50;27;12m⡙[38;2;76;49;24;48;2;126;95;63m⣆[38;2;5;3;7;48;2;126;100;77m⠙[38;2;61;35;22;48;2;17;16;16m⡀[38;2;23;17;15;48;2;29;26;21m▃[38;2;25;20;14;48;2;35;28;22m▅[38;2;42;35;29;48;2;27;22;16m⠃[38;2;22;14;9;48;2;25;18;12m⠧[38;2;27;20;14;48;2;31;24;18m⡔[38;2;26;19;13;48;2;30;23;17m⣀[38;2;30;23;17;48;2;24;16;13m⡆[38;2;30;20;19;48;2;24;18;15m⢠[38;2;20;10;9;48;2;28;18;16m⣠[38;2;28;14;14;48;2;22;13;11m⢠[38;2;22;11;10;48;2;26;14;12m⠇[38;2;21;12;7;48;2;27;19;13m⠉[38;2;23;13;11;48;2;28;19;14m⠡[38;2;21;11;8;48;2;28;18;16m⡦[38;2;20;10;9;48;2;25;15;14m⠍[38;2;26;16;15;48;2;24;15;8m⡦[38;2;32;23;18;48;2;24;15;10m▁[38;2;25;16;11;48;2;23;14;9m⠑[38;2;21;12;7;48;2;25;16;11m⢠[38;2;26;17;12;48;2;21;12;7m⠋[38;2;20;11;4;48;2;27;18;11m⠶[38;2;27;18;13;48;2;21;12;4m⠉[38;2;18;9;4;48;2;24;15;10m⠰[38;2;20;11;6;48;2;26;17;12m⠃[38;2;27;18;13;48;2;21;12;7m▍⠰[38;2;25;16;11;48;2;21;12;6m⣤[38;2;16;7;2;48;2;23;14;9m⢈[38;2;23;14;9;48;2;19;10;5m⠊[38;2;25;16;11;48;2;23;14;9m▚[38;2;24;15;10;48;2;21;12;7m▏[38;2;20;11;6;48;2;21;11;11m⡀[38;2;19;10;5;48;2;23;13;14m⠋[38;2;21;11;8;48;2;21;11;8m⠀[0m
[38;2;38;36;34;48;2;35;35;33m⡡[38;2;36;36;34;48;2;33;31;32m⠴[38;2;27;26;27;48;2;38;36;37m⣠[38;2;34;32;33;48;2;26;24;25m⣡[48;2;39;37;38m⠁[38;2;38;36;37;48;2;41;39;40m⢤[38;2;33;31;32;48;2;40;38;39m⠨[38;2;38;32;32;48;2;31;29;30m⡙[38;2;39;37;38;48;2;41;38;38m⡄[38;2;29;27;28;48;2;34;32;33m⢰[38;2;47;45;46;48;2;40;40;40m⢀[38;2;28;24;24;48;2;44;42;40m⢸[38;2;44;38;38;48;2;28;23;22m⠉[38;2;26;20;20;48;2;31;26;26m⣁[38;2;35;31;32;48;2;30;26;27m⠲[38;2;36;32;33;48;2;46;42;42m⡄[38;2;28;24;23;48;2;29;29;28m⠂[38;2;25;25;24;48;2;37;33;31m⣤[38;2;40;34;38;48;2;29;26;30m⠓[38;2;28;26;29;48;2;35;29;33m▊[38;2;88;104;117;48;2;49;47;55m⢸[38;2;100;124;134;48;2;107;131;143m⣃[38;2;115;142;153;48;2;112;134;146m⠸[38;2;130;160;171;48;2;121;144;158m⠨[38;2;139;166;180;48;2;132;161;171m⠉[38;2;154;181;192;48;2;139;166;177m⠤[38;2;141;165;177;48;2;136;160;172m⠓[38;2;122;146;158;48;2;138;165;176m⣰[38;2;104;127;142;48;2;113;141;152m⢸[38;2;83;111;116;48;2;47;52;57m▍[38;2;58;69;80;48;2;48;52;57m▝[38;2;84;108;122;48;2;71;89;103m⢸[38;2;73;95;108;48;2;84;106;119m⢸[38;2;65;87;100;48;2;71;89;104m⢴[38;2;90;110;121;48;2;74;96;110m⢸[38;2;111;131;142;48;2;101;121;132m⢘[38;2;105;118;127;48;2;115;135;146m⢸[38;2;92;111;118;48;2;85;106;112m▃[38;2;87;102;109;48;2;75;92;104m⣄[38;2;86;108;131;48;2;77;98;115m⢰[38;2;77;99;117;48;2;86;106;129m⠙[38;2;55;72;81;48;2;76;98;115m⢸[38;2;47;52;55;48;2;45;42;46m⣤[38;2;45;44;50;48;2;40;36;39m⣀[38;2;47;43;44;48;2;41;40;38m▃[38;2;55;56;60;48;2;43;42;40m⣠[38;2;62;67;70;48;2;48;48;46m⡀[38;2;30;26;25;48;2;39;39;37m⣠[38;2;68;61;58;48;2;24;19;15m⢀[38;2;117;116;116;48;2;23;15;22m⠔[38;2;19;7;7;48;2;178;154;130m⠍[38;2;192;152;127;48;2;217;191;167m⣀[38;2;227;200;181;48;2;184;150;121m▅[38;2;237;222;210;48;2;186;151;121m▃[38;2;170;140;111;48;2;208;173;150m⢱[38;2;159;117;96;48;2;181;148;124m▅[38;2;209;173;142;48;2;163;122;92m⠙[38;2;125;88;57;48;2;235;206;186m▅[38;2;228;192;167;48;2;170;130;101m⠩[38;2;185;155;121;48;2;156;122;90m⠍[38;2;179;139;107;48;2;148;114;83m⣄[38;2;153;121;84;48;2;128;93;52m▃[38;2;133;112;108;48;2;120;83;54m⠚[38;2;109;90;74;48;2;70;41;23m⠁[38;2;61;37;24;48;2;83;69;50m▃[38;2;65;39;26;48;2;82;58;43m⣨[38;2;107;86;72;48;2;83;60;42m⢰[38;2;101;85;70;48;2;80;61;46m⡁[38;2;79;56;43;48;2;67;40;26m⠊[38;2;77;49;35;48;2;62;39;25m⠑[38;2;33;10;4;48;2;59;36;19m⡀[38;2;38;15;5;48;2;49;27;18m⠙[38;2;42;18;8;48;2;33;15;6m⡘[38;2;95;76;64;48;2;43;26;10m⠈[38;2;74;56;36;48;2;64;46;23m⢀[38;2;169;158;137;48;2;46;19;7m⡀[38;2;64;44;26;48;2;103;72;51m⣆[38;2;32;24;17;48;2;126;88;62m▝[38;2;130;109;88;48;2;10;6;8m⡀[38;2;12;3;2;48;2;23;15;9m⣄[38;2;16;13;5;48;2;33;27;21m⣤[38;2;25;18;13;48;2;15;8;3m⠓[38;2;28;21;13;48;2;21;14;4m⠎[38;2;33;26;20;48;2;25;17;15m⠳[38;2;25;17;14;48;2;32;25;19m⠎[38;2;24;15;13;48;2;29;21;19m⣻[38;2;29;21;18;48;2;24;14;12m⣄[38;2;23;13;12;48;2;19;11;8m⠹[38;2;20;15;7;48;2;24;14;13m⠃[38;2;24;14;13;48;2;28;18;17m⣡[38;2;29;20;15;48;2;25;16;11m⢋[38;2;25;16;11;48;2;23;14;9m⠋[38;2;17;8;3;48;2;24;15;10m⢀[38;2;25;16;11;48;2;23;14;9m⢔[38;2;21;12;7;48;2;22;13;8m⢠[38;2;23;14;9;48;2;26;17;12m⠹[38;2;23;14;7;48;2;20;11;6m▃[38;2;25;16;8;48;2;20;11;4m⣠[38;2;26;17;10;48;2;23;14;5m▃[38;2;19;10;5;48;2;26;17;10m⠦[38;2;16;7;2;48;2;23;14;9m⠄[38;2;25;16;11;48;2;22;13;8m▁[38;2;19;9;7;48;2;23;13;11m▁[38;2;19;9;8;48;2;26;16;15m⠆[38;2;21;12;8;48;2;27;18;13m⣠[38;2;25;15;13;48;2;20;10;9m⠓[38;2;23;13;12;48;2;20;11;6m▅[38;2;17;8;3;48;2;24;15;6m⡁[38;2;24;15;7;48;2;19;10;6m⠎[38;2;23;14;9;48;2;21;12;4m⢰[38;2;24;15;10;48;2;20;11;6m⣄[38;2;24;15;6;48;2;19;10;5m⠌[0m
[38;2;23;23;21;48;2;38;32;32m▅[38;2;38;34;33;48;2;29;28;26m⢠[38;2;40;35;35;48;2;29;27;28m⠶[38;2;33;31;32;48;2;37;35;36m⡑[38;2;34;35;34;48;2;39;37;38m▏[38;2;37;37;37;48;2;41;39;40m⡄[38;2;42;42;42;48;2;39;37;38m▃[38;2;39;39;39;48;2;35;33;34m▅[38;2;37;37;37;48;2;41;41;41m⢁[38;2;29;28;28;48;2;40;40;40m⠙[38;2;41;37;38;48;2;34;30;31m⡘[38;2;40;37;38;48;2;30;27;28m⡅[38;2;36;33;34;48;2;28;24;25m⠩[38;2;26;17;20;48;2;33;26;25m⢠[38;2;31;29;30;48;2;26;22;23m⢁[38;2;36;34;35;48;2;32;30;31m⡨[38;2;29;27;28m⢰[38;2;28;26;27;48;2;34;32;33m⠆[38;2;31;29;32;48;2;36;34;37m⠹[38;2;38;37;43;48;2;28;26;29m⣠[38;2;62;73;85;48;2;52;58;66m▝[38;2;93;119;132;48;2;76;103;110m⢸[38;2;96;119;133;48;2;109;126;142m▅[38;2;121;145;157;48;2;112;136;148m▝[38;2;119;148;158;48;2;134;163;173m⣄[38;2;129;157;168;48;2;132;159;170m⢠[38;2;127;154;165;48;2;136;164;175m⣰[38;2;128;151;164;48;2;123;146;157m⡁[38;2;96;124;135;48;2;117;138;152m⢸[38;2;65;79;85;48;2;86;108;119m⢸[38;2;57;64;72;48;2;49;51;56m⣄[38;2;60;76;85;48;2;82;110;122m▍[38;2;74;95;114;48;2;93;114;133m⢸[38;2;66;88;102;48;2;78;99;116m▝[38;2;84;110;125;48;2;77;94;110m⢸[38;2;104;124;135;48;2;107;127;139m▍[38;2;112;130;143;48;2;109;127;139m▚[38;2;91;107;115;48;2;105;129;133m⠈[38;2;96;117;135;48;2;79;102;110m▅[38;2;106;133;152;48;2;85;110;132m⣀[38;2;142;177;203;48;2;102;129;152m⣀[38;2;136;162;184;48;2;83;104;121m⣤[38;2;112;129;144;48;2;71;72;82m⡄[38;2;63;74;78;48;2;49;52;60m▅[38;2;36;35;33;48;2;58;58;60m⣠[38;2;38;34;35;48;2;56;61;65m▅[38;2;28;20;23;48;2;48;51;56m▅[38;2;37;35;36;48;2;25;21;20m⠃[38;2;63;58;55;48;2;26;16;14m⠌[38;2;45;36;32;48;2;113;99;83m⠇[38;2;209;170;141;48;2;155;127;105m⡘[38;2;195;158;129;48;2;130;92;65m⠋[38;2;209;175;147;48;2;154;119;91m⠉[38;2;215;179;160;48;2;155;120;92m⠉[38;2;191;150;132;48;2;145;109;85m⠁[38;2;135;99;83;48;2;154;124;98m▅[38;2;172;135;117;48;2;147;116;97m⠡[38;2;112;74;55;48;2;139;108;84m⠙[38;2;126;88;69;48;2;88;57;28m▅[38;2;129;97;82;48;2;102;58;32m▃[38;2;134;102;85;48;2;97;52;29m▃[38;2;139;105;68;48;2;89;53;27m⡉[38;2;128;79;53;48;2;91;59;33m⠃[38;2;104;58;34;48;2;88;57;27m⢄[38;2;72;43;23;48;2;83;53;28m⢨[38;2;52;27;5;48;2;65;44;30m⣨[38;2;51;29;10;48;2;61;43;29m⢇[38;2;107;98;83;48;2;78;56;42m⠧[38;2;73;47;28;48;2;55;33;18m⡌[38;2;55;37;21;48;2;50;32;17m⠊[38;2;54;35;20;48;2;43;24;13m⠑[38;2;55;33;16;48;2;52;27;15m⠉[38;2;39;20;14;48;2;51;28;14m⠺[38;2;41;24;17;48;2;29;10;3m▅[38;2;58;38;22;48;2;35;17;7m⠈[38;2;69;46;37;48;2;48;29;16m⠓[38;2;27;7;3;48;2;59;41;22m⠁[38;2;61;32;21;48;2;118;87;57m⡆[38;2;173;144;116;48;2;173;144;116m⠀[38;2;197;170;141;48;2;16;8;6m⣤[38;2;203;199;188;48;2;28;31;26m⡠[38;2;166;164;155;48;2;1;0;0m⠇[38;2;24;17;7;48;2;16;4;0m⢸[38;2;30;23;17;48;2;19;12;6m⠐[38;2;28;20;17;48;2;38;31;25m⠙[38;2;24;16;13;48;2;21;12;9m⡘[38;2;27;17;16;48;2;23;13;12m⠚[38;2;31;21;20;48;2;26;16;15m⠂[38;2;27;17;15;48;2;23;13;11m▏[48;2;24;14;13m⠬[38;2;28;19;14;48;2;23;14;9m⠳[38;2;22;13;8;48;2;29;20;15m⣻[38;2;19;9;7;48;2;23;13;11m▊[38;2;23;14;9;48;2;25;15;14m⠺[38;2;28;19;14;48;2;22;13;8m⡤[38;2;27;18;13m⠰[48;2;24;15;8m⢂[38;2;24;15;10;48;2;22;13;6m⣁[38;2;19;10;5;48;2;23;14;9m⢱[38;2;19;9;7;48;2;24;14;13m⠴[38;2;25;16;11;48;2;20;10;8m⡘[38;2;31;22;16;48;2;24;15;10m⠂[38;2;26;17;12;48;2;20;10;8m⡄[38;2;19;9;8;48;2;23;14;11m⢢[38;2;20;11;6;48;2;24;14;13m⣆[38;2;25;15;12;48;2;21;12;7m⠣[38;2;27;15;15;48;2;20;8;8m⣄[38;2;20;8;8;48;2;23;13;11m⠶[38;2;29;20;15;48;2;23;12;8m⠈[38;2;19;10;5m⠊[38;2;22;13;8;48;2;19;8;6m⡌[38;2;19;8;6;48;2;24;13;11m⣃[0m
[38;2;29;25;24;48;2;35;34;29m⠋[38;2;36;34;34;48;2;33;33;31m⡢[38;2;39;40;39m▅[38;2;33;27;27;48;2;37;37;37m⠹[38;2;35;33;34m▁[38;2;38;38;38;48;2;42;40;41m⠹[38;2;40;40;40;48;2;36;36;36m⠲[38;2;33;33;33;48;2;40;40;40m⠈[38;2;44;42;43;48;2;37;37;37m▁[38;2;35;33;34;48;2;39;39;39m▁[38;2;38;38;38;48;2;32;32;32m⠧[38;2;33;29;30;48;2;40;40;40m⠹[38;2;27;22;20;48;2;28;22;22m⠄[38;2;37;31;29;48;2;29;25;26m⢀[38;2;29;27;28;48;2;27;25;27m⢬[38;2;30;28;29;48;2;33;31;33m⡆[38;2;34;32;33;48;2;30;28;29m⢨[38;2;36;34;35;48;2;32;30;33m⡙[38;2;38;36;39;48;2;34;32;35m▁[38;2;43;44;47;48;2;35;35;37m⢸[38;2;60;69;77;48;2;50;49;56m⢸[38;2;101;119;129;48;2;69;89;100m⠸[38;2;94;114;125;48;2;103;123;134m⡁[38;2;102;124;137;48;2;113;137;149m⡄[38;2;114;140;155;48;2;121;148;160m⡃[38;2;130;152;166;48;2;126;148;161m▕[38;2;132;158;171;48;2;126;154;165m▅[38;2;121;147;160;48;2;126;152;165m⢸[38;2;114;140;153;48;2;103;126;138m▊[38;2;80;97;104;48;2;91;108;121m▝[38;2;75;93;103;48;2;62;77;84m⣤[38;2;86;107;120;48;2;71;88;101m⢸[38;2;100;126;148;48;2;85;111;128m▅[38;2;94;117;140;48;2;84;107;125m⣄[38;2;106;134;148;48;2;86;109;123m⣠[38;2;137;165;184;48;2;111;134;148m⣀[38;2;148;185;201;48;2;122;145;158m⣠[38;2;151;187;203;48;2;113;141;152m▅[38;2;114;140;154;48;2;156;184;208m⠉[38;2;136;163;180;48;2;153;182;200m⢁[38;2;119;141;169;48;2;146;180;199m⣀[38;2;127;156;178;48;2;85;104;125m⠇[38;2;58;62;76;48;2;44;46;44m⠇[38;2;63;76;84;48;2;37;38;37m⢸[38;2;66;75;81;48;2;37;35;37m⡆[38;2;49;46;53;48;2;41;35;34m⠃[38;2;34;30;27;48;2;26;20;23m⢀[38;2;39;35;33;48;2;25;21;17m▁[38;2;71;61;55;48;2;35;23;21m▍[38;2;68;60;48;48;2;187;168;135m▍[38;2;132;94;59;48;2;159;126;95m⢸[38;2;130;95;62;48;2;77;42;13m⠋[38;2;98;63;35;48;2;113;79;51m⡆[38;2;142;109;90;48;2;111;79;52m⣠[38;2;128;90;67;48;2;150;117;99m⠋[38;2;141;108;89;48;2;144;112;99m⢋[38;2;137;100;80;48;2;142;107;87m⢴[38;2;142;110;90;48;2;127;90;71m▔[38;2;125;89;70;48;2;133;96;74m⡃[38;2;143;110;96;48;2;139;106;91m⠄[38;2;135;102;80;48;2;137;106;93m▃[38;2;127;90;71;48;2;141;110;90m▃[38;2;128;94;75;48;2;124;85;68m⠇[38;2;101;63;36;48;2;117;79;56m⠉[38;2;114;76;56;48;2;93;52;27m▅[38;2;109;71;44;48;2;83;48;20m▃[38;2;106;61;38;48;2;69;37;12m⡀[38;2;67;39;18;48;2;53;25;4m⠪[38;2;61;33;11;48;2;71;48;30m⡘[38;2;61;34;15;48;2;72;50;33m⠺[38;2;62;35;17;48;2;54;27;9m⣰[38;2;45;19;3;48;2;56;30;13m⠙[38;2;54;27;8;48;2;60;35;19m⡅[38;2;56;35;18;48;2;44;22;8m⣆[38;2;36;18;8;48;2;48;26;13m⠺[38;2;53;31;17;48;2;35;6;2m▃[38;2;64;37;18;48;2;57;31;21m▕[38;2;137;112;81;48;2;75;53;29m⢸[38;2;148;113;85;48;2;204;175;146m⠁[38;2;206;180;169;48;2;236;226;211m⠈[38;2;19;18;18;48;2;193;190;170m⠸[38;2;121;137;146;48;2;0;1;0m⡠[38;2;2;0;0;48;2;28;21;16m⡆[38;2;23;16;10;48;2;27;19;12m⠹[38;2;31;24;18;48;2;22;15;9m⠙[38;2;30;23;17;48;2;24;17;11m⠇[38;2;25;15;14;48;2;21;11;10m⢡[38;2;35;25;24;48;2;24;14;13m⠆[38;2;28;18;17;48;2;21;11;9m⢸[38;2;23;14;9;48;2;25;16;12m⢠[38;2;25;15;14;48;2;21;12;7m⡂[38;2;23;13;11;48;2;18;8;5m⡌[38;2;26;17;12;48;2;21;11;10m⡄[38;2;18;9;4;48;2;25;16;11m⣂[38;2;25;16;11;48;2;21;12;7m⠖[38;2;25;16;10;48;2;18;9;2m⡔[38;2;17;8;3;48;2;24;15;10m⠅[38;2;27;18;13;48;2;22;13;8m⠰[38;2;26;16;14m⠓[38;2;25;16;11;48;2;21;12;7m⠡[38;2;19;9;8;48;2;26;17;12m⡤[38;2;16;6;4;48;2;22;12;10m⠡[38;2;21;12;7;48;2;25;16;11m⡌[38;2;25;16;12;48;2;21;12;7m▁[38;2;19;10;5;48;2;22;13;8m⠫[38;2;25;15;14;48;2;21;12;7m⡤[38;2;16;6;5;48;2;23;13;12m⡈[38;2;25;15;14;48;2;20;10;8m⢠[38;2;21;10;8;48;2;27;16;12m⠣[38;2;25;16;11;48;2;22;13;8m⠠[38;2;16;6;4;48;2;21;11;9m⠸[38;2;18;8;6;48;2;24;13;11m⠠[0m
[38;2;36;34;35;48;2;27;25;26m⢨[38;2;40;40;41;48;2;36;34;35m⠈[38;2;40;40;40;48;2;36;36;34m⡙[38;2;35;31;28;48;2;38;38;38m⣤[38;2;28;26;27;48;2;38;36;37m⠇[38;2;38;38;38;48;2;41;39;40m⣠[38;2;40;40;40;48;2;37;37;37m⠹[38;2;41;41;41;48;2;36;36;36m⠆[38;2;47;44;45m⠁[38;2;25;24;24;48;2;37;37;37m⠋[38;2;21;21;21;48;2;39;37;38m⠁[38;2;30;28;29;48;2;37;37;37m▃[38;2;39;33;33;48;2;28;26;27m⡃[38;2;34;29;29;48;2;26;24;25m⢸[38;2;26;24;26;48;2;33;33;35m⢉[38;2;37;32;32;48;2;31;30;26m⢈[38;2;36;34;37;48;2;32;31;29m⡠[38;2;38;36;37;48;2;33;32;30m▅[38;2;40;38;41;48;2;34;32;35m⠑[38;2;41;42;43;48;2;37;38;40m⢸[38;2;58;68;75;48;2;43;47;49m⢸[38;2;72;87;94;48;2;84;100;113m▍[38;2;97;119;132;48;2;91;113;126m⢸[38;2;112;134;147;48;2;104;128;140m⢈[38;2;114;141;152;48;2;125;147;161m▍[38;2;133;155;169;48;2;126;148;162m⢱[38;2;123;149;162;48;2;129;155;168m⠈[38;2;125;153;165;48;2;130;156;169m▃[38;2;131;150;161;48;2;119;142;159m▃[38;2;125;156;176;48;2;101;130;142m▃[38;2;114;151;177;48;2;91;108;123m▃[38;2;124;154;175;48;2;94;119;141m▃[38;2;106;134;156;48;2;111;144;165m⠰[38;2;137;165;187;48;2;114;141;162m⣠[38;2;122;149;168;48;2;146;177;195m⠉[38;2;147;178;199;48;2;150;181;202m⢃[38;2;146;185;208;48;2;148;179;200m⠉[38;2;160;188;210;48;2;147;178;199m⠙[38;2;112;145;170;48;2;144;174;198m⢠[38;2;83;111;133;48;2;109;137;156m⣤[38;2;95;129;148;48;2;78;101;115m⠸[38;2;90;109;132;48;2;59;73;87m▊[38;2;40;42;46;48;2;40;42;46m⠀[38;2;83;93;105;48;2;41;42;46m⣀[38;2;40;43;52;48;2;72;76;91m▝[38;2;67;87;96;48;2;37;38;37m⣤[38;2;42;57;65;48;2;34;33;40m⠶[38;2;40;43;48;48;2;29;28;33m⠧[38;2;82;73;73;48;2;26;25;18m▍[38;2;150;105;64;48;2;181;156;134m⢠[38;2;118;69;30;48;2;78;33;2m⠃[38;2;74;36;16;48;2;102;67;31m⠋[38;2;120;89;58;48;2;143;110;92m⠇[38;2;133;100;83;48;2;148;116;102m⣠[38;2;147;114;100;48;2;131;98;77m⠋[38;2;124;92;69;48;2;137;106;86m▅[38;2;127;87;62;48;2;133;97;77m▅[38;2;126;90;66;48;2;126;87;62m⠁[38;2;132;91;66;48;2;124;88;63m⢈[38;2;117;77;56;48;2;130;92;73m⣠[38;2;139;98;76;48;2;121;84;55m⠁[38;2;123;81;63;48;2;114;77;51m⠉[38;2;119;74;53;48;2;119;81;58m⡆[38;2;118;81;55;48;2;121;83;60m⠉[38;2;120;84;64;48;2;118;80;55m⣤[38;2;119;88;68;48;2;117;84;58m▁[38;2;90;63;33;48;2;117;81;55m▝[38;2;97;66;37;48;2;75;44;15m⣆[38;2;82;56;31;48;2;66;34;11m⢸[38;2;86;58;34;48;2;80;55;31m⡤[38;2;85;57;34;48;2;69;45;22m▅[38;2;79;54;31;48;2;60;35;13m⣄[38;2;63;38;16;48;2;53;27;12m⡌[38;2;47;23;9;48;2;55;32;18m⣄[38;2;47;26;12;48;2;57;34;20m⣈[38;2;70;45;30;48;2;48;30;16m⠦[38;2;83;54;36;48;2;46;24;19m⠤[38;2;138;113;90;48;2;68;50;34m⢄[38;2;127;101;74;48;2;214;195;171m⢇[38;2;232;210;195;48;2;73;39;6m⠋[38;2;129;104;80;48;2;100;82;63m⣤[38;2;123;109;89;48;2;36;26;31m⡄[38;2;60;57;50;48;2;19;3;0m⡄[38;2;57;48;47;48;2;26;18;10m⡄[38;2;39;33;19;48;2;21;14;3m⡀[38;2;30;21;15;48;2;25;16;10m⠙[38;2;25;20;14;48;2;21;13;10m⠇[38;2;22;10;4;48;2;24;14;13m⠡[38;2;24;13;9;48;2;28;17;13m⠮[38;2;21;10;6;48;2;25;15;14m▅[38;2;25;15;14;48;2;20;9;5m⠊[38;2;19;9;7;48;2;23;13;9m▏[38;2;26;17;12;48;2;22;13;8m⢁[38;2;23;14;9;48;2;26;17;12m⠦[38;2;19;9;10;48;2;22;13;8m⠓[38;2;24;15;10;48;2;19;10;5m⡒[38;2;25;16;11;48;2;21;12;7m⠆[38;2;23;14;9;48;2;19;10;5m⢒[38;2;28;19;14;48;2;21;12;7m⠠[38;2;18;9;4;48;2;24;15;10m⠦[38;2;20;9;5;48;2;23;13;12m⠧[38;2;25;14;10;48;2;18;7;3m⠒[38;2;22;13;8;48;2;24;14;13m▍[38;2;18;8;7;48;2;24;14;10m⡰[38;2;20;9;7;48;2;24;14;12m▅[38;2;26;15;13;48;2;23;12;10m⢇[38;2;21;11;9;48;2;24;14;13m▍[38;2;19;9;7;48;2;25;16;9m▅[38;2;18;8;6;48;2;21;11;10m⠎[38;2;27;13;13;48;2;21;9;8m⢠[38;2;24;14;12;48;2;20;10;9m▁[48;2;17;7;5m▔[0m
[38;2;32;30;31;48;2;39;37;38m⠃[48;2;37;35;36m⢠[38;2;32;29;30;48;2;37;37;35m⣤[38;2;37;33;31;48;2;25;20;19m⠋[38;2;39;35;36;48;2;26;20;20m⠙[38;2;25;25;23;48;2;40;40;40m⣤[38;2;34;31;30;48;2;39;39;39m▃[38;2;23;19;19;48;2;37;37;35m⣀[38;2;27;20;20;48;2;39;39;39m▃[38;2;27;21;21;48;2;40;39;40m▃[38;2;24;20;19;48;2;40;38;39m⣤[38;2;30;27;26;48;2;35;33;34m⣠[38;2;27;23;22m⣤[38;2;25;19;19;48;2;29;26;27m⢠[38;2;26;20;20;48;2;29;29;31m▅[38;2;28;24;23;48;2;37;30;30m▅[38;2;38;36;37;48;2;28;26;27m⠉[38;2;35;33;34;48;2;32;30;31m⠉[38;2;39;31;36;48;2;35;33;36m⠄[38;2;43;43;44;48;2;35;35;37m⢸[38;2;58;67;74;48;2;48;53;56m⢨[38;2;71;88;96;48;2;82;97;110m▍[38;2;91;111;125;48;2;94;117;130m⡄[38;2;106;133;146;48;2;99;121;135m⠸[38;2;109;135;148;48;2;117;142;155m▍[38;2;127;153;166;48;2;119;144;162m⢠[38;2;132;162;173;48;2;127;157;167m⣰[38;2;140;167;184;48;2;133;162;174m⢤[38;2;132;162;177;48;2;140;169;183m⠙[38;2;129;164;184;48;2;136;167;184m⢈[38;2;137;167;198;48;2;129;163;188m⠚[38;2;141;172;199;48;2;137;169;194m⡂[38;2;127;160;185;48;2;123;150;177m⣤[38;2;134;165;189;48;2;139;170;192m▏[38;2;128;160;180;48;2;142;169;190m⢀[38;2;133;164;184;48;2;141;172;193m⡀[38;2;128;155;180;48;2;144;174;198m⢠[38;2;122;151;175;48;2;135;165;189m⣆[38;2;112;134;158;48;2;115;145;173m⠰[38;2;99;120;141;48;2;78;100;119m⡃[38;2;75;92;110;48;2;92;117;137m⠉[38;2;133;159;182;48;2;99;121;139m⢀[38;2;130;158;181;48;2;94;121;146m⣰[38;2;144;166;194;48;2;83;104;123m⡀[38;2;87;106;124;48;2;51;65;79m⠴[38;2;60;77;90;48;2;47;59;67m⠃[38;2;35;21;31;48;2;52;61;62m⠉[38;2;50;52;53;48;2;30;22;23m⡄[38;2;24;12;6;48;2;129;113;87m▊[38;2;141;90;43;48;2;162;141;105m⢸[38;2;107;56;16;48;2;67;29;5m▏[38;2;94;55;28;48;2;123;88;62m▍[38;2;142;107;85;48;2;135;99;73m⠋[38;2;139;105;77;48;2;130;93;66m⠉[38;2;130;95;71;48;2;128;91;63m▔[38;2;137;92;65;48;2;125;90;61m⡀[38;2;130;89;59;48;2;126;88;57m⡠[38;2;123;81;56;48;2;121;82;46m⠙[38;2;124;83;54;48;2;120;82;46m⠋[38;2;113;73;41;48;2;120;79;50m⢰[38;2;115;75;39;48;2;120;79;47m▅[38;2;120;80;47;48;2;120;80;47m⠀[38;2;113;74;41;48;2;123;81;54m⣤[38;2;117;80;57;48;2;114;75;49m⠙[38;2;103;68;47;48;2;122;85;66m⣀[38;2;75;43;31;48;2;118;88;69m⣀[38;2;77;46;26;48;2;122;88;68m▃[38;2;76;47;26;48;2;107;75;51m⣀[38;2;95;63;40;48;2;73;44;14m⠆[38;2;63;30;5;48;2;79;48;20m⡀[38;2;76;43;12;48;2;87;58;31m⣄[38;2;81;50;25;48;2;88;61;39m⡀[38;2;68;41;24;48;2;81;57;33m▝[38;2;70;45;23;48;2;59;34;14m⡄[38;2;54;32;11;48;2;48;25;12m⣄[38;2;51;29;12;48;2;44;25;10m▃[38;2;31;10;11;48;2;49;23;9m⠉[38;2;45;21;12;48;2;37;9;1m⠨[38;2;19;3;6;48;2;31;11;0m⠋[38;2;72;30;2;48;2;50;20;11m▝[38;2;79;43;8;48;2;122;91;58m⣆[38;2;147;131;108;48;2;133;109;70m⠰[38;2;127;116;104;48;2;85;81;69m⣄[38;2;150;142;134;48;2;43;43;41m⡰[38;2;91;92;83;48;2;13;4;1m⠁[38;2;20;8;8;48;2;25;11;10m⡆[38;2;24;14;11;48;2;19;9;6m⠧[38;2;25;16;12;48;2;19;9;9m⢈[38;2;26;15;11;48;2;20;11;6m⠁[48;2;19;10;5m⠈[38;2;24;13;9;48;2;21;12;7m⢊[38;2;26;17;12;48;2;20;9;5m⢠[38;2;20;11;6;48;2;24;15;10m⡉[38;2;24;15;10;48;2;21;12;7m⡆[38;2;21;12;7;48;2;26;15;11m⣁[38;2;20;10;9;48;2;24;15;10m⢰[38;2;20;10;8;48;2;18;8;6m⢈[38;2;26;16;14;48;2;20;11;6m▃[38;2;19;9;8;48;2;22;12;11m▚[38;2;27;17;16;48;2;21;14;8m⡄[38;2;29;17;17;48;2;22;10;10m⢡[38;2;26;16;15;48;2;21;11;10m⡄[38;2;20;10;7;48;2;23;13;12m⡁[38;2;24;15;8;48;2;19;9;8m⡠[38;2;23;12;9;48;2;25;14;10m⡨[38;2;26;15;11;48;2;23;12;8m⡌[38;2;29;18;16;48;2;23;13;11m⡰[38;2;25;15;13;48;2;22;11;9m⠲[38;2;18;9;5;48;2;25;16;11m⣀[38;2;27;17;14;48;2;22;13;9m⢨[38;2;20;10;9;48;2;23;12;8m⠠[38;2;22;12;11;48;2;18;8;7m⡒[0m
[38;2;32;28;27;48;2;41;39;40m⣰[38;2;27;20;22;48;2;33;28;28m▝[38;2;26;18;20;48;2;30;29;27m⠃[38;2;28;28;27;48;2;36;36;35m⠋[38;2;35;31;30;48;2;37;37;37m⠙[38;2;35;37;36;48;2;24;24;22m▅[38;2;36;38;35;48;2;28;22;22m▅[38;2;41;30;31;48;2;22;16;16m⣤[38;2;37;36;34;48;2;25;19;19m⣤[38;2;36;35;33;48;2;25;20;20m⣤[38;2;30;27;26;48;2;38;37;35m⠙[38;2;32;32;29;48;2;37;36;34m⢋[38;2;32;31;30;48;2;27;26;24m▏[38;2;29;29;29;48;2;27;23;24m⢨[38;2;34;31;32;48;2;28;22;22m⡤[38;2;30;26;27;48;2;27;23;24m⡉[38;2;29;27;28;48;2;32;30;31m⣈[38;2;31;29;30;48;2;36;34;35m⡁[38;2;34;34;36;48;2;31;29;30m⠙[38;2;38;37;43;48;2;32;33;35m⣠[38;2;41;43;49;48;2;57;74;83m▊[38;2;71;89;102;48;2;82;98;111m▍[38;2;93;112;126;48;2;99;121;134m▊[38;2;106;129;143;48;2;101;120;135m⠋[38;2;102;126;140;48;2;112;138;151m⡄[38;2;126;152;165;48;2;119;145;158m⢘[38;2;125;151;165;48;2;131;160;170m⡆[38;2;140;168;186;48;2;139;160;179m⢄[38;2;139;168;184;48;2;135;166;179m⣨[38;2;130;161;184;48;2;138;162;186m▝[38;2;128;159;183;48;2;135;168;193m▊[38;2;139;171;196;48;2;134;166;191m⡃[38;2;129;158;184;48;2;130;161;188m▚[38;2;136;165;193;48;2;124;155;175m⠋[38;2;131;162;182;48;2;125;156;176m⠕[38;2;130;158;179;48;2;137;167;191m⠧[38;2;122;150;174;48;2;132;162;186m⠚[38;2;153;183;205;48;2;128;156;178m▃[38;2;149;177;198;48;2;121;149;173m⣤[38;2;87;112;131;48;2;148;176;197m⠋[38;2;123;152;175;48;2;151;179;203m▔[38;2;95;123;139;48;2;155;185;204m⢀[38;2;96;123;142;48;2;147;174;197m⢠[38;2;108;124;149;48;2;52;58;66m⠁[38;2;38;38;38;48;2;49;50;53m⣤[38;2;45;43;47;48;2;39;39;39m⡉[38;2;31;31;29;48;2;47;48;50m⣠[38;2;36;40;42;48;2;31;28;24m⢃[38;2;101;99;77;48;2;51;45;39m▝[38;2;155;121;86;48;2;139;96;50m⠇[38;2;102;55;3;48;2;74;39;9m⡄[38;2;127;88;62;48;2;87;46;20m⢸[38;2;140;103;76;48;2;133;97;66m⣤[38;2;140;105;76;48;2;133;96;69m▃[38;2;136;101;69m⡰[38;2;125;84;54;48;2;137;99;70m⣨[38;2;128;83;53;48;2;125;82;47m⠹[38;2;116;80;36;48;2;123;80;45m▝[38;2;125;81;44;48;2;117;74;39m⠋[38;2;121;76;42;48;2;117;74;40m⠂[38;2;113;69;33;48;2;120;75;42m▅[38;2;86;48;19;48;2;111;71;38m⢀[38;2;75;44;17;48;2;100;64;38m⢠[38;2;95;58;19;48;2;65;41;16m⢉[38;2;103;59;17;48;2;67;36;22m▃[38;2;100;67;31;48;2;67;40;17m⣤[38;2;102;61;26;48;2;83;47;20m⠶[38;2;110;63;36;48;2;98;55;21m⠶[38;2;88;43;13;48;2;107;63;31m⡉[38;2;74;41;10;48;2;93;59;22m⠙[38;2;82;47;16;48;2;76;45;16m⡦[38;2;92;60;39;48;2;81;48;24m▝[38;2;100;64;38;48;2;85;54;26m⣀[38;2;79;49;25;48;2;87;59;35m⠙[38;2;79;51;29;48;2;60;34;13m⡄[38;2;48;20;0;48;2;60;33;13m⡀[38;2;50;23;9;48;2;59;33;16m⠈[38;2;51;23;12;48;2;55;33;19m▔[38;2;63;37;22;48;2;46;24;10m▅[38;2;33;8;0;48;2;64;35;16m⠹[38;2;51;19;8;48;2;75;41;14m⣆[38;2;92;58;26;48;2;133;104;64m⣆[38;2;119;85;51;48;2;138;114;90m⡀[38;2;43;31;26;48;2;114;107;96m▝[38;2;53;47;43;48;2;17;9;4m⣐[38;2;60;56;49;48;2;19;9;7m⡀[38;2;113;108;103;48;2;15;4;1m⢀[38;2;29;25;23;48;2;18;8;3m⡀[38;2;19;10;5;48;2;24;15;10m⡤[38;2;26;17;12;48;2;22;13;8m⠤[38;2;27;18;13;48;2;23;14;9m⠕[38;2;26;17;12m⡢[38;2;20;11;6;48;2;24;15;10m⠳[38;2;17;8;3;48;2;26;17;12m⢰[38;2;18;9;4;48;2;25;14;10m▏[48;2;23;13;10m⠄[38;2;16;6;4;48;2;23;14;9m⠂[38;2;20;10;8;48;2;22;12;10m▕[38;2;22;12;11;48;2;17;7;6m⠰[38;2;24;14;13;48;2;21;11;9m⠂[38;2;16;5;3;48;2;26;16;13m⣀[38;2;26;15;13;48;2;21;12;7m⡒[38;2;25;15;13m▁[38;2;22;12;10;48;2;19;9;8m⣀[38;2;19;8;4;48;2;23;12;8m⢇[38;2;25;14;10;48;2;22;11;7m⠴[38;2;22;12;10;48;2;19;8;6m⣡[38;2;18;8;6;48;2;24;14;12m⣀[38;2;19;9;8;48;2;21;11;10m⡌[38;2;23;13;11;48;2;20;10;9m▅[38;2;17;7;6m⠁[38;2;18;8;7;48;2;25;15;14m⠐[0m
[38;2;29;25;24;48;2;36;36;34m▁[38;2;27;24;23;48;2;37;32;31m▃[38;2;34;34;32;48;2;36;38;35m⠉[38;2;31;31;29;48;2;38;36;34m⢠[38;2;27;26;24;48;2;35;35;35m⣄[38;2;39;39;37;48;2;42;41;39m▕[38;2;36;36;34;48;2;39;40;40m⠃[38;2;35;34;32;48;2;38;37;35m⠒[38;2;29;27;28;48;2;35;35;35m⠲[38;2;27;26;22;48;2;34;32;33m⠖[38;2;31;30;28;48;2;38;37;35m⠃[38;2;31;32;27;48;2;37;37;33m⢨[38;2;36;32;31;48;2;27;23;24m⣰[38;2;38;36;37;48;2;31;30;26m⡖[38;2;33;31;32;48;2;28;24;25m⢀[38;2;35;33;34;48;2;27;25;26m⣰[38;2;30;26;25;48;2;34;29;27m⢉[38;2;40;38;39;48;2;37;32;29m⠚[38;2;35;33;34;48;2;32;30;31m⠣[38;2;36;34;35;48;2;39;37;37m⡄[38;2;51;60;67;48;2;45;46;48m⢸[38;2;68;82;90;48;2;90;109;116m▍[38;2;92;114;127;48;2;98;121;135m⠇[38;2;98;120;134;48;2;104;127;141m⡘[38;2;105;131;144;48;2;101;126;140m⠸[38;2;113;139;152;48;2;124;151;162m▍[38;2;124;152;165;48;2;126;153;173m⠃[38;2;130;157;176;48;2;136;164;181m▚[38;2;142;169;188;48;2;136;163;184m⡄[38;2;133;162;178;48;2;136;163;185m⡀[38;2;130;161;184;48;2;133;163;191m⠓[38;2;128;162;187;48;2;131;165;190m⢘[38;2;126;160;188;48;2;125;155;179m▊[38;2;132;170;193;48;2;124;154;180m⣠[38;2;128;158;186;48;2;146;173;196m⠙[38;2;133;165;191;48;2;148;180;200m⠁[38;2;157;189;209;48;2;148;180;201m▝[38;2;155;187;208;48;2;137;168;189m⠋[38;2;129;161;182;48;2;143;174;194m⢃[38;2;111;139;161;48;2;133;161;182m⣀[38;2;96;121;141;48;2;114;147;171m⡤[38;2;124;152;170;48;2;74;93;109m▍[38;2;112;136;160;48;2;73;92;103m⠹[38;2;72;98;117;48;2;35;48;53m▍[38;2;45;45;47;48;2;38;37;33m▕[38;2;24;29;35;48;2;45;45;47m⠸[38;2;37;32;28;48;2;27;28;23m▅[38;2;29;24;25;48;2;38;34;33m⠃[38;2;14;9;8;48;2;96;90;77m▊[38;2;118;105;90;48;2;146;114;68m⡄[38;2;157;113;81;48;2;110;61;28m⡄[38;2;86;51;14;48;2;122;91;62m▊[38;2;133;102;70;48;2;152;115;86m⢡[38;2;83;50;23;48;2;140;105;77m⣤[38;2;76;40;13;48;2;129;94;61m▅[38;2;57;38;14;48;2;113;77;42m▅[38;2;80;43;17;48;2;114;74;41m▅[38;2;95;57;25;48;2;111;68;33m⡄[38;2;123;76;37;48;2;114;71;36m⢀[38;2;122;77;38;48;2;121;73;37m⡁[38;2;113;69;32;48;2;111;72;36m▔[38;2;91;52;19;48;2;101;63;25m⠈[38;2;99;64;26;48;2;90;54;19m⠖[38;2;81;45;11;48;2;92;53;18m⢠[38;2;68;27;3;48;2;88;49;22m⢰[38;2;18;11;4;48;2;74;34;3m⢤[38;2;76;45;15;48;2;22;14;7m⠉[38;2;34;24;8;48;2;66;42;24m⡖[38;2;51;30;7;48;2;74;37;13m▅[38;2;65;38;21;48;2;87;52;22m⡦[38;2;92;62;36;48;2;81;46;16m▁[38;2;99;71;32;48;2;86;51;19m⠐[38;2;114;82;43;48;2;103;70;31m⢄[38;2;119;84;46;48;2;92;64;40m▁[38;2;73;45;24;48;2;92;58;33m⠈[38;2;74;47;24;48;2;50;24;10m⡄[38;2;60;34;22;48;2;46;19;8m▝[38;2;40;24;9;48;2;59;33;19m▝[38;2;53;26;14;48;2;37;20;10m⡀[38;2;67;41;24;48;2;37;20;13m⠉[38;2;65;37;23;48;2;29;12;8m⠳[38;2;54;28;9;48;2;74;41;13m⡢[38;2;121;95;61;48;2;89;54;3m▝[38;2;122;99;63;48;2;133;120;103m⡀[38;2;65;72;67;48;2;124;111;101m⠸[38;2;100;84;90;48;2;48;36;37m⡒[38;2;121;120;118;48;2;14;3;5m⠉[38;2;25;16;11;48;2;20;4;3m⢀[38;2;29;20;15;48;2;21;12;7m⠐[38;2;21;12;7;48;2;24;15;10m⡘[38;2;24;14;12;48;2;22;13;8m⢰[38;2;27;18;13;48;2;20;10;9m⡂[38;2;26;16;15;48;2;23;14;9m⡄[38;2;20;11;3m▅[38;2;20;11;6m⢈[38;2;23;14;9;48;2;19;10;5m⠣[38;2;18;8;7;48;2;22;13;8m⠋[38;2;17;7;6;48;2;24;14;13m⣠[38;2;18;8;7;48;2;26;16;15m⡌[38;2;24;14;13;48;2;19;9;8m⡄[38;2;23;11;11;48;2;18;7;6m⠓[38;2;28;16;16;48;2;21;10;8m⠃[38;2;27;16;14m⡈[38;2;20;10;9;48;2;24;13;11m⠓[38;2;26;15;11;48;2;20;9;5m⡐[38;2;30;20;20;48;2;24;13;9m⠠[38;2;20;10;8;48;2;19;9;7m▁[38;2;18;8;7;48;2;21;11;9m⢆[38;2;24;15;10;48;2;20;10;8m⣠[38;2;23;14;9;48;2;19;10;5m⠙[38;2;19;10;5;48;2;22;13;8m⣈[48;2;24;15;10m⡆[0m
[38;2;21;15;15;48;2;21;15;15m⠀[38;2;22;12;13;48;2;26;20;20m⡄[38;2;30;26;25m▔[38;2;26;20;19;48;2;31;31;29m⡂[38;2;36;35;33;48;2;32;31;29m⢂[38;2;34;32;33;48;2;29;28;26m⡘[38;2;27;25;30;48;2;39;35;36m⣤[38;2;41;42;41;48;2;32;29;29m▔[38;2;22;20;22;48;2;32;30;31m⢀[38;2;15;15;15;48;2;26;24;25m⠐[38;2;35;33;34;48;2;20;20;18m⢠[48;2;30;24;26m▅[38;2;30;25;23;48;2;35;33;34m⠃[38;2;29;23;21;48;2;33;29;28m⠴[38;2;29;27;28;48;2;32;30;31m⠢[38;2;37;35;36;48;2;31;29;30m⠸[38;2;30;26;25m⠮[38;2;37;35;36;48;2;33;27;26m▃[38;2;33;33;33;48;2;30;28;29m⡄[38;2;31;29;30;48;2;36;35;35m⢇[38;2;52;61;68;48;2;40;41;47m⠸[38;2;85;101;114;48;2;63;74;86m⢸[38;2;89;113;125;48;2;96;119;133m▍[38;2;103;130;142;48;2;106;131;144m▏[38;2;105;126;140;48;2;104;130;145m▔[38;2;120;147;168;48;2;115;141;154m▝[38;2;123;149;164;48;2;125;152;172m⡤[38;2;131;157;174;48;2;136;163;182m▅[38;2;134;163;179;48;2;136;167;185m⠆[38;2;137;166;182;48;2;146;168;191m⠋[38;2;150;181;202;48;2;141;170;200m▁[38;2;135;172;191;48;2;140;174;199m⠬[38;2;139;173;201;48;2;134;166;191m⠐[38;2;139;177;200;48;2;135;169;193m⠺[38;2;135;172;191;48;2;147;179;200m⡄[38;2;146;179;202;48;2;150;185;207m⣻[38;2;148;178;201;48;2;134;163;188m⠋[38;2;129;159;187;48;2;127;155;177m⠹[38;2;105;139;163;48;2;119;149;175m⣰[38;2;106;131;153;48;2;96;116;140m▍[38;2;115;151;174;48;2;101;128;146m⢸[38;2;94;126;147;48;2;63;73;79m▍[38;2;64;89;101;48;2;54;51;59m▕[38;2;93;111;130;48;2;68;82;101m▊[38;2;45;55;63;48;2;44;41;36m⡆[38;2;58;58;66;48;2;40;44;49m⠦[38;2;31;22;19;48;2;42;41;37m⢸[38;2;27;20;14;48;2;30;25;22m⠦[38;2;75;67;60;48;2;23;17;10m⠈[38;2;127;118;104;48;2;71;67;67m⠸[38;2;159;116;80;48;2;163;137;106m⠸[38;2;121;86;58;48;2;106;76;42m⡄[38;2;87;49;21;48;2;125;91;62m⡆[38;2;115;74;31;48;2;134;97;56m⢉[38;2;90;54;12;48;2;123;76;39m⣠[38;2;59;32;11;48;2;103;63;24m⢤[38;2;47;31;21;48;2;104;65;29m⣤[38;2;49;25;13;48;2;106;63;26m⣤[38;2;66;41;16;48;2;112;75;30m⣀[38;2;134;103;64;48;2;125;81;46m⢲[38;2;121;83;50;48;2;135;104;81m⠹[38;2;109;74;54;48;2;102;68;30m⣀[38;2;90;58;33;48;2;84;50;22m⣀[38;2;87;53;28;48;2;77;42;15m▃[38;2;83;56;27;48;2;57;27;9m▃[38;2;55;45;30;48;2;87;59;36m⠈[38;2;82;55;25;48;2;32;23;14m⣤[38;2;57;40;29;48;2;82;55;28m⠋[38;2;110;80;68;48;2;84;53;29m⣠[38;2;95;75;58;48;2;128;105;93m⠋[38;2;121;89;67;48;2;133;104;90m⠉[38;2;105;71;43;48;2;119;87;68m⠙[38;2;82;46;18;48;2;110;71;42m⠹[38;2;115;83;49;48;2;79;46;22m▔[38;2;105;70;42;48;2;71;43;15m⠉[38;2;80;53;21;48;2;64;38;9m⠃[38;2;54;26;13;48;2;46;19;10m⡤[38;2;47;19;6;48;2;57;30;11m⡂[38;2;37;19;5;48;2;60;34;19m▝[38;2;34;15;7;48;2;36;18;8m⢅[38;2;23;10;2;48;2;37;19;9m⠸[38;2;63;32;10;48;2;34;15;5m⢸[38;2;59;33;10;48;2;67;39;9m⢃[38;2;120;96;68;48;2;90;58;17m⢸[38;2;115;96;72;48;2;130;112;86m⡀[38;2;95;95;82;48;2;65;63;54m⡆[38;2;66;57;51;48;2;34;23;20m⠥[38;2;36;26;26;48;2;18;4;6m⢠[38;2;39;29;28;48;2;22;12;11m⡀[38;2;22;12;11;48;2;20;10;9m⢓[38;2;20;10;9;48;2;25;15;13m⠡[38;2;24;14;12;48;2;19;9;8m⠋[38;2;20;11;5;48;2;23;13;11m⡂[38;2;23;13;12;48;2;20;10;9m▊[38;2;18;8;7m▊[38;2;23;14;9;48;2;19;10;5m⠉[38;2;23;13;12;48;2;20;10;9m⠔[38;2;25;15;14;48;2;20;10;8m⢠[38;2;25;14;12;48;2;20;9;7m⢬[38;2;25;15;14;48;2;21;10;8m⡁[38;2;22;12;10;48;2;18;8;6m⠲[38;2;19;9;7;48;2;24;14;12m⣻[38;2;24;13;11;48;2;23;12;8m⢠[38;2;19;8;6;48;2;23;11;13m⣃[38;2;21;13;8;48;2;25;13;12m⣤[38;2;28;17;10;48;2;22;13;8m⠐[38;2;30;21;14;48;2;19;9;7m⡀[38;2;26;17;10;48;2;20;11;6m⢠[38;2;27;18;13;48;2;22;13;6m⠐[38;2;25;16;9;48;2;19;10;5m⣃[38;2;26;17;10;48;2;19;10;3m⡐[38;2;25;16;9;48;2;19;10;5m⢢[0m
[38;2;16;12;11;48;2;28;19;20m▁[38;2;27;17;18;48;2;21;15;15m⣃[38;2;28;19;20;48;2;24;15;16m▃[38;2;25;25;20;48;2;23;19;17m⢈[38;2;33;32;30;48;2;21;17;15m⡉[38;2;36;35;30;48;2;25;23;21m⠉[38;2;31;31;27;48;2;28;19;20m▝[38;2;27;17;18;48;2;31;29;29m⣤[38;2;25;19;19;48;2;31;27;26m⣤[38;2;31;30;27;48;2;26;20;20m⠳[38;2;23;17;17;48;2;32;30;31m⢠[38;2;28;22;22;48;2;33;31;32m⣤[38;2;26;24;25;48;2;34;34;34m⣤[38;2;22;17;18;48;2;33;29;30m⢰[38;2;24;20;21;48;2;28;26;27m⡀[38;2;39;28;32;48;2;31;29;30m⢠[38;2;31;25;25;48;2;34;32;33m⣢[38;2;33;24;25;48;2;36;34;35m⣤[38;2;33;31;32;48;2;39;39;39m⡕[38;2;43;43;42;48;2;33;33;33m▝[38;2;40;44;53;48;2;38;38;39m▝[38;2;66;82;95;48;2;55;65;74m⠸[38;2;77;97;108;48;2;85;109;121m⡆[38;2;98;126;138;48;2;91;114;128m⠉[38;2;101;125;137;48;2;108;134;146m▅[38;2;117;143;158;48;2;108;134;149m⠙[38;2;117;145;157;48;2;128;150;170m⡆[38;2;137;160;178;48;2;131;158;177m⠸[38;2;138;163;183;48;2;142;169;188m▍[38;2;141;174;193;48;2;139;170;191m▔[38;2;135;170;193;48;2;147;173;196m▃[38;2;138;170;191;48;2;131;169;189m⠤[38;2;131;164;189;48;2;136;164;191m▚[38;2;131;167;189;48;2;141;177;197m⡅[38;2;138;172;192;48;2;144;179;199m⢠[38;2;127;158;179;48;2;138;170;193m⢠[38;2;129;157;184;48;2;119;145;168m⠧[38;2;127;157;185;48;2;120;150;177m▊[38;2;99;129;144;48;2;103;130;152m⠄[38;2;96;127;147;48;2;88;115;133m▏[38;2;108;137;165;48;2;92;116;143m⠙[38;2;90;116;141;48;2;77;91;108m▍[38;2;48;60;64;48;2;70;84;100m▚[38;2;53;56;64;48;2;71;89;109m⢸[38;2;37;36;34;48;2;45;45;47m⢸[38;2;30;26;25;48;2;33;29;27m⣢[38;2;30;25;22;48;2;41;40;37m⡀[38;2;33;29;31;48;2;29;19;16m▍[38;2;56;47;51;48;2;21;16;12m⢀[38;2;120;114;102;48;2;41;40;37m▕[38;2;202;171;141;48;2;182;155;134m⣠[38;2;115;69;39;48;2;168;128;83m⠸[38;2;85;38;8;48;2;133;97;66m▊[38;2;139;101;62;48;2;113;76;39m▊[38;2;61;29;5;48;2;93;58;29m⠳[38;2;103;86;70;48;2;84;55;23m⠺[38;2;93;59;33;48;2;34;23;13m⣄[38;2;92;69;46;48;2;19;9;3m▃[38;2;82;53;30;48;2;55;40;25m⣤[38;2;116;86;44;48;2;127;103;74m⠇[38;2;141;109;96;48;2;156;129;111m⢸[38;2;127;93;79;48;2;122;85;67m⡆[38;2;118;85;66;48;2;103;74;58m▅[38;2;115;85;63;48;2;97;72;49m▅[38;2;114;85;70;48;2;96;67;43m⣤[38;2;119;86;68;48;2;90;58;37m▅[38;2;86;64;40;48;2;113;81;64m⠉[38;2;97;68;51;48;2;119;90;75m▔[38;2;126;87;73;48;2;125;96;82m⣡[38;2;128;98;83;48;2;127;86;62m⠋[38;2;120;78;54;48;2;125;88;70m⣤[38;2;121;80;57;48;2;120;74;51m⠇[38;2;110;70;45;48;2;107;65;40m⠇[38;2;78;41;18;48;2;91;55;28m⠸[38;2;71;39;14;48;2;82;46;20m▝[38;2;63;37;8;48;2;71;44;15m⢐[38;2;58;23;5;48;2;66;39;20m⡈[38;2;63;35;20;48;2;70;43;19m⢀[38;2;51;25;10;48;2;59;36;18m⣄[38;2;51;28;14;48;2;37;16;6m▏[38;2;44;26;16;48;2;33;13;3m▊[38;2;34;13;2;48;2;60;34;19m▊[38;2;69;43;25;48;2;59;32;14m▍[38;2;70;42;20;48;2;85;58;31m▍[38;2;97;71;36;48;2;130;107;75m⣆[38;2;92;78;67;48;2;118;92;66m⠸[38;2;58;49;40;48;2;81;72;65m⠲[38;2;73;63;57;48;2;28;18;12m⡐[38;2;46;36;35;48;2;25;16;9m⠡[38;2;40;35;29;48;2;18;11;5m⡀[38;2;25;16;7;48;2;21;12;7m⠑[38;2;23;14;6;48;2;19;10;6m⠦[38;2;23;14;9;48;2;18;9;4m⠳[38;2;19;10;5;48;2;22;12;11m⣐[38;2;20;10;9;48;2;24;15;10m⠋[38;2;25;16;11;48;2;19;9;8m⡥[38;2;25;14;10;48;2;20;10;9m▃[38;2;26;15;11;48;2;20;10;7m⡰[38;2;26;15;13;48;2;18;7;5m⠶[38;2;23;12;10;48;2;19;9;7m⠒[38;2;23;13;11m⡖[38;2;22;12;10;48;2;18;8;6m⡤[38;2;19;9;10;48;2;17;7;6m▁[38;2;25;15;13;48;2;20;9;7m▁[38;2;23;14;9;48;2;20;11;6m⡔[38;2;20;11;4;48;2;23;14;9m⠩[38;2;25;16;9;48;2;19;12;4m⠋[38;2;26;19;11;48;2;22;13;6m⢱[38;2;24;15;8;48;2;19;10;3m⢤[38;2;25;16;9;48;2;23;14;7m⡔[38;2;20;11;4;48;2;24;15;8m⠲[38;2;19;10;3m⠭[0m
[38;2;31;24;23;48;2;22;18;17m⠴[38;2;18;12;12m⠈[38;2;22;17;17;48;2;33;29;28m⠇[38;2;33;27;27;48;2;27;21;21m⡈[38;2;28;24;23;48;2;34;30;29m⠴[38;2;29;29;27;48;2;35;34;32m▍[38;2;35;35;33;48;2;26;21;21m▅[38;2;28;21;22;48;2;32;31;29m▔[38;2;31;30;28;48;2;36;30;30m⢨[38;2;30;26;25;48;2;37;31;31m⠴[38;2;26;20;20;48;2;32;26;26m⢈[38;2;27;21;21;48;2;33;27;27m⡁[38;2;37;31;31;48;2;29;25;25m⣠[38;2;28;24;25;48;2;37;31;31m⠋[38;2;35;29;29;48;2;25;21;22m⣄[38;2;33;29;28;48;2;33;23;26m⣂[38;2;30;26;25;48;2;25;19;19m⣤[38;2;31;25;25;48;2;35;30;30m⠂[38;2;39;42;43;48;2;33;29;29m▃[38;2;49;52;55;48;2;38;42;44m⠤[38;2;45;40;46;48;2;47;47;54m⠣[38;2;65;82;98;48;2;52;62;73m⢸[38;2;92;112;125;48;2;79;99;110m⢰[38;2;100;127;144;48;2;97;120;134m▃[38;2;99;123;138;48;2;95;118;131m⣈[38;2;109;134;151;48;2;105;126;141m⢈[38;2;124;151;170;48;2;118;141;159m⢸[38;2;129;156;175;48;2;134;161;180m▍[38;2;143;171;190;48;2;137;164;183m⠹[38;2;137;170;189;48;2;142;174;190m⡰[38;2;135;171;195;48;2;140;173;198m⠌[38;2;131;167;189;48;2;140;175;202m▅[38;2;142;170;194;48;2;134;164;184m⠲[38;2;135;166;187;48;2;138;170;193m⣁[38;2;133;164;188;48;2;137;171;190m⢤[38;2;110;137;160;48;2;129;157;181m⢰[38;2;113;141;163;48;2;124;155;176m⣤[38;2;112;138;162;48;2;120;146;173m▕[38;2;87;119;136;48;2;99;121;144m⣁[38;2;84;110;123;48;2;78;95;114m⠹[38;2;76;97;118;48;2;92;120;139m⡅[38;2;96;120;146;48;2;57;75;91m▍[38;2;62;70;78;48;2;46;43;44m▍[38;2;56;71;86;48;2;51;56;56m▊[38;2;45;45;41;48;2;33;33;33m▏[38;2;42;36;36;48;2;38;31;33m⣈[38;2;35;30;27;48;2;44;47;46m⠇[38;2;25;25;23;48;2;49;49;49m⢸[38;2;157;150;145;48;2;15;2;2m⠠[38;2;54;48;42;48;2;176;163;145m▊[38;2;174;143;110;48;2;186;169;144m⢰[38;2;167;142;109;48;2;152;112;75m▊[38;2;113;66;29;48;2;80;39;3m▍[38;2;119;75;50;48;2;150;109;81m▏[38;2;118;85;51;48;2;131;98;77m⠉[38;2;129;96;74;48;2;111;79;47m▅[38;2;113;73;46;48;2;106;67;28m▅[38;2;117;85;60;48;2;103;61;29m⣤[38;2;97;67;44;48;2;124;97;71m⠃[38;2;168;135;121;48;2;132;104;79m⢰[38;2;165;133;123;48;2;151;118;113m⡁[38;2;142;111;104;48;2;128;95;83m⡄[38;2;113;77;54;48;2;120;85;66m▕[38;2;107;70;43;48;2;113;79;51m⣠[38;2;109;68;38;48;2;113;81;58m⣤[38;2;114;74;39;48;2;119;84;64m▃[38;2;121;79;54;48;2;122;87;68m▅[38;2;122;78;51;48;2;121;85;59m⣤[38;2;126;82;60;48;2;115;67;44m⠃[38;2;109;61;31;48;2;116;68;43m⢂[38;2;111;61;35;48;2;114;70;45m⣰[38;2;112;63;34;48;2;112;66;38m⣰[38;2;108;61;31;48;2;108;63;32m⢀[38;2;85;51;23;48;2;98;55;26m⠸[38;2;81;44;18;48;2;77;41;13m⠒[38;2;81;50;25;48;2;67;39;18m⡀[38;2;63;44;29;48;2;26;10;3m⠉[38;2;35;16;12;48;2;35;16;12m⠀[38;2;54;35;20;48;2;48;29;14m▕[38;2;55;38;20;48;2;44;25;8m▏[38;2;54;34;23;48;2;43;23;14m▊[38;2;68;41;25;48;2;47;24;9m⠰[38;2;58;30;19;48;2;45;21;8m⠺[38;2;70;46;18;48;2;73;51;26m⠁[38;2;69;43;10;48;2;83;60;29m⢠[38;2;100;76;38;48;2;125;97;64m⡄[38;2;108;89;63;48;2;132;108;83m⠊[38;2;46;36;34;48;2;107;99;93m⠸[38;2;93;83;77;48;2;19;11;10m⡄[38;2;100;93;85;48;2;33;26;20m⡄[38;2;19;10;5;48;2;15;5;3m⢒[38;2;19;9;8;48;2;23;13;12m▍[38;2;18;7;3;48;2;25;16;11m⣁[38;2;20;9;5;48;2;22;13;8m⡨[38;2;24;14;15;48;2;21;12;7m▃[38;2;27;17;14;48;2;22;11;7m⣠[38;2;28;17;14;48;2;21;10;6m⡤[38;2;28;17;13;48;2;22;11;7m⢁[38;2;19;9;5;48;2;21;12;9m⢈[38;2;28;18;16;48;2;22;12;10m⡄[38;2;25;15;14;48;2;20;10;8m▃[38;2;24;14;10;48;2;18;8;7m⢉[38;2;25;15;16;48;2;21;9;9m⠙[38;2;23;12;10;48;2;19;9;7m⡌[38;2;19;10;5;48;2;23;14;8m⢸[38;2;21;12;7;48;2;27;18;13m⡆[38;2;24;15;8;48;2;22;15;7m⣠[48;2;18;11;3m▅[48;2;21;12;5m▁[38;2;23;14;7;48;2;20;11;4m⢉[38;2;25;16;9;48;2;22;13;6m⠱[38;2;19;10;3;48;2;24;15;8m⠖[0m
[38;2;34;28;28;48;2;26;18;16m⣤[38;2;27;19;16;48;2;28;22;22m⠖[38;2;38;32;32;48;2;31;25;25m⠈[38;2;33;27;27;48;2;36;30;30m▅[38;2;42;37;36m▅[38;2;38;37;33;48;2;32;31;29m▃[38;2;38;37;35;48;2;30;29;27m⣤[38;2;39;39;34;48;2;35;34;32m⣰[38;2;31;30;28;48;2;41;37;34m⠚[38;2;27;25;24;48;2;39;34;31m⠃[38;2;27;21;21;48;2;42;36;36m⠈[38;2;28;22;22m⣻[38;2;29;23;23;48;2;24;18;18m⠒[38;2;34;28;28;48;2;28;22;22m⡀[38;2;22;18;17;48;2;29;23;23m⠬[38;2;33;27;27;48;2;26;20;20m⣈[38;2;34;30;29;48;2;29;24;24m⠬[38;2;46;55;57;48;2;37;33;30m⣀[38;2;56;64;70;48;2;43;43;48m▃[38;2;53;58;60;48;2;46;44;55m▃[38;2;122;139;158;48;2;54;66;78m⢀[38;2;127;158;179;48;2;57;73;88m▃[38;2;149;176;193;48;2;97;125;137m⣤[38;2;159;185;202;48;2;118;141;159m⣤[38;2;166;195;213;48;2;122;148;165m▃[38;2;150;179;197;48;2;116;143;164m▃[38;2;145;173;192;48;2;124;151;169m⣠[38;2;147;175;196;48;2;135;162;181m⣠[38;2;139;167;185;48;2;146;175;193m⠉[38;2;140;170;190;48;2;139;174;194m⠍[38;2;142;177;197;48;2;140;170;192m▃[38;2;141;175;201;48;2;137;170;193m⣆[38;2;144;176;201;48;2;135;170;192m▁[38;2;137;169;190;48;2;136;174;195m⠩[38;2;126;153;174;48;2;130;158;182m⠸[38;2;116;144;165;48;2;116;144;165m⠀[38;2;122;147;171;48;2;112;143;158m⣠[38;2;106;136;161;48;2;117;143;166m⣀[38;2;92;116;141;48;2;87;112;130m⡄[38;2;81;109;133;48;2;92;108;124m⢠[38;2;75;98;115;48;2;89;108;129m⠇[38;2;59;74;86;48;2;76;103;122m⠸[38;2;63;77;85;48;2;39;50;57m▍[38;2;47;47;57;48;2;57;71;79m▏[38;2;51;55;65;48;2;41;45;42m▃[38;2;52;53;58;48;2;45;47;47m⡤[38;2;47;53;51;48;2;50;55;58m⠑[38;2;37;36;34;48;2;47;51;54m▝[38;2;13;8;4;48;2;43;44;49m⠹[38;2;14;19;13;48;2;171;149;139m▍[38;2;159;135;97;48;2;182;151;123m▏[38;2;113;68;33;48;2;200;167;131m⢸[38;2;111;76;43;48;2;91;58;25m⠖[38;2;159;118;88;48;2;66;32;8m⠸[38;2;144;108;73;48;2;136;96;64m▍[38;2;135;90;55;48;2;129;90;67m⣤[38;2;141;94;73;48;2;125;83;61m⢀[38;2;126;88;69;48;2;123;91;66m⣢[38;2;134;99;75;48;2;127;89;65m⠸[38;2;134;88;54;48;2;157;119;99m⣤[38;2;127;77;35;48;2;160;123;112m▅[38;2;135;99;85;48;2;118;66;39m⠉[38;2;116;66;33;48;2;120;89;64m⣤[38;2;128;91;64;48;2;115;77;50m⠒[38;2;109;61;31;48;2;89;48;18m▍[38;2;101;57;27;48;2;108;62;29m⡆[38;2;121;77;42;48;2;115;71;34m⠉[38;2;124;80;45;48;2;117;70;35m⠁[38;2;121;71;36;48;2;112;63;30m⢈[38;2;118;65;33;48;2;111;61;28m▍[38;2;116;66;33;48;2;113;63;30m⡆[38;2;114;68;34;48;2;110;61;29m⠂[38;2;110;62;30;48;2;105;57;25m⢆[38;2;102;59;30;48;2;95;50;21m⣄[38;2;79;45;18;48;2;90;51;22m⠙[38;2;92;63;38;48;2;69;45;19m⠑[38;2;36;30;17;48;2;67;42;29m⢸[38;2;40;21;8;48;2;56;33;19m▍[38;2;50;31;17;48;2;60;39;18m▕[38;2;51;31;17;48;2;40;20;11m⢸[38;2;61;45;29;48;2;51;34;18m⡆[38;2;50;31;17;48;2;40;20;11m⠇[38;2;44;21;7;48;2;45;25;15m⢸[38;2;59;37;16;48;2;75;53;29m▍[38;2;71;45;22;48;2;76;50;27m⠃[38;2;65;37;18;48;2;87;62;28m⣆[38;2;94;67;37;48;2;128;99;65m⡆[38;2;141;118;83;48;2;148;142;116m⣆[38;2;45;42;26;48;2;126;118;98m⠰[38;2;73;62;60;48;2;25;20;18m⠠[38;2;49;39;38;48;2;19;10;9m⡄[38;2;99;87;87;48;2;21;11;10m⡀[38;2;22;11;7;48;2;17;6;2m⠱[38;2;11;0;0;48;2;24;14;12m▁[38;2;25;15;13;48;2;23;13;11m⠄[38;2;24;15;10;48;2;21;11;10m⠑[38;2;19;8;6;48;2;22;11;9m⢡[38;2;26;15;13;48;2;20;10;9m⠋[38;2;22;13;8;48;2;19;9;8m⣁[38;2;26;17;13;48;2;21;12;5m⡁[38;2;25;15;13;48;2;19;9;7m⢉[38;2;14;7;1;48;2;20;10;8m⠂[38;2;18;7;5;48;2;24;13;11m⠚[38;2;28;19;14;48;2;22;11;9m▁[38;2;25;15;14;48;2;19;9;8m⠶[38;2;26;17;11m⢒[38;2;18;9;2;48;2;22;13;6m▝[38;2;27;18;11;48;2;21;12;5m⢀[38;2;30;21;14m⠰[38;2;29;20;13;48;2;22;13;6m⣆[38;2;25;16;9;48;2;21;12;5m⡐[38;2;19;10;3;48;2;23;14;7m⠬[0m
[38;2;30;29;27;48;2;38;37;35m⡙[38;2;33;28;28;48;2;35;35;33m⡙[38;2;30;29;27;48;2;34;33;29m⠰[38;2;39;34;33;48;2;30;29;25m⠙[38;2;31;30;26;48;2;39;38;34m⣤[38;2;37;32;29;48;2;42;41;37m▃[38;2;35;30;27;48;2;40;41;36m▅[38;2;31;26;23;48;2;38;36;32m⠤[38;2;25;19;19;48;2;39;35;32m⢠[38;2;33;30;25;48;2;25;19;19m⠹[38;2;27;21;21;48;2;32;26;26m⠴[38;2;35;29;29;48;2;31;25;25m⡁[38;2;25;19;19;48;2;29;23;23m▔⣄[38;2;27;21;21;48;2;33;27;27m⡉[38;2;32;28;27;48;2;29;23;23m▁[38;2;44;43;49;48;2;30;29;34m⣠[38;2;44;50;54;48;2;50;63;66m⢃[38;2;42;49;53;48;2;46;43;48m⢃[38;2;115;135;151;48;2;59;66;72m⢰[38;2;93;114;135;48;2;132;151;173m⣡[38;2;104;136;159;48;2;140;166;180m⡆[38;2;131;152;171;48;2;148;175;192m⣀[38;2;160;186;203;48;2;149;176;193m⣨[38;2;141;169;185;48;2;160;187;204m⣀[38;2;158;187;205;48;2;141;170;188m⠋[38;2;140;169;187;48;2;154;182;203m⡄[38;2;153;184;204;48;2;153;184;204m⠀[38;2;149;180;201;48;2;150;182;203m⢆[38;2;145;180;200;48;2;151;182;203m⠺[38;2;152;185;208;48;2;143;175;198m▅[38;2;145;177;197;48;2;150;182;205m⠹[38;2;147;182;207;48;2;142;176;199m▃[38;2;137;175;196;48;2;145;179;206m⠹[38;2;123;151;172;48;2;137;168;192m⠸[38;2;131;162;186;48;2;114;146;166m⣤[38;2;143;175;198;48;2;128;155;178m⣀[38;2;154;186;207;48;2;111;147;166m▃[48;2;116;139;161m⣤[38;2;144;166;190;48;2;100;126;153m⣤[38;2;144;173;197;48;2;90;121;136m⣤[38;2;144;177;200;48;2;107;136;157m⡤[38;2;84;104;120;48;2;66;74;85m⡦[38;2;80;94;102;48;2;65;72;86m⡔[38;2;47;53;67;48;2;92;110;127m⡉[38;2;92;108;125;48;2;56;61;69m⡄[38;2;50;54;63;48;2;45;43;49m⣄[38;2;40;42;39;48;2;45;47;46m⢐[38;2;39;39;38;48;2;29;31;34m⢀[38;2;7;18;16;48;2;165;141;114m⡃[38;2;190;156;129;48;2;173;151;113m▝[38;2;132;88;53;48;2;153;110;76m⢸[38;2;121;77;45;48;2;102;56;22m⡆[38;2;83;39;8;48;2;59;25;7m⡄[38;2;71;32;5;48;2;150;100;60m⣆[38;2;159;108;63;48;2;137;91;58m⡄[38;2;137;90;64;48;2;133;84;54m▔[38;2;129;77;50;48;2;133;86;58m⣰[38;2;123;83;51;48;2;120;71;41m⠈[38;2;139;91;35;48;2;125;73;18m⡣[38;2;97;53;14;48;2;120;68;26m⣄[38;2;100;58;19;48;2;122;69;35m⣰[38;2;48;10;3;48;2;89;42;14m⠉[38;2;60;12;0;48;2;84;43;11m⠁[38;2;112;75;54;48;2;94;49;19m⣰[38;2;115;74;47;48;2;114;79;56m▔[38;2;119;74;45;48;2;122;70;39m⡆[38;2;115;67;30;48;2;121;73;33m⢊[38;2;112;65;28;48;2;117;69;33m⡄[38;2;121;71;36;48;2;115;65;32m⠃[38;2;117;67;34;48;2;113;63;30m⠰[38;2;106;62;25;48;2;116;67;35m⢠[38;2;109;65;30;48;2;103;58;29m⣃[38;2;102;58;23;48;2;107;63;34m▃[38;2;89;49;25;48;2;93;51;23m⢀[38;2;48;20;6;48;2;70;40;11m⢸[38;2;40;12;0;48;2;57;30;20m⢸[38;2;87;60;33;48;2;59;34;12m⣠[38;2;68;44;33;48;2;53;25;12m▚[38;2;63;36;17;48;2;67;44;28m▍[38;2;43;24;10;48;2;70;51;36m⢸[38;2;39;20;6;48;2;45;25;14m▍[38;2;36;17;8;48;2;45;26;12m⣈[38;2;59;35;25;48;2;72;47;25m▍[38;2;68;46;25;48;2;72;50;27m▕[38;2;85;65;41;48;2;62;39;16m⠓[38;2;69;47;21;48;2;95;67;44m⡂[38;2;118;92;62;48;2;136;108;75m⣆[38;2;155;129;103;48;2;136;107;75m⠹[38;2;55;48;32;48;2;140;126;94m⠙[38;2;96;92;91;48;2;49;41;42m⡠[38;2;85;76;70;48;2;10;5;4m⡠[38;2;118;113;110;48;2;11;10;7m⠔[38;2;96;96;89;48;2;17;8;3m⠂[38;2;18;9;2;48;2;22;12;10m⢇[38;2;22;12;11;48;2;19;9;7m▍[38;2;24;14;12m⠴[38;2;21;11;9;48;2;24;14;12m▔[38;2;27;17;15m⢡[38;2;21;11;10;48;2;20;10;9m⢅[38;2;27;17;13;48;2;19;9;7m⣠[38;2;18;8;6;48;2;23;13;11m⠱[38;2;20;11;6;48;2;24;15;10m⣈[38;2;25;15;14;48;2;21;12;7m⡀[38;2;27;19;15;48;2;21;12;6m⣀[38;2;24;17;9;48;2;17;7;5m⣤[38;2;27;18;11;48;2;23;16;8m⠸[38;2;28;19;12;48;2;22;13;6m⠐[38;2;22;13;6;48;2;27;18;11m⢃[38;2;20;11;4;48;2;24;15;8m⠠[48;2;25;16;9m⠖[38;2;19;10;3;48;2;24;15;8m⣆[0m
[38;2;32;31;29;48;2;35;34;32m⠈[38;2;37;36;32;48;2;31;30;28m⢸[38;2;38;37;33;48;2;33;32;28m⠶[38;2;42;42;34;48;2;38;33;30m⣂[38;2;41;37;34;48;2;38;34;31m⣆[48;2;34;29;26m⠹[38;2;35;34;30;48;2;40;38;34m⡠[38;2;40;41;36;48;2;40;41;36m⠀[38;2;40;34;34;48;2;29;19;20m⠁[38;2;24;18;18;48;2;27;21;21m⠁[38;2;19;19;20;48;2;25;19;19m▁[38;2;29;23;23m⢋[38;2;26;20;20;48;2;30;24;24m⣤[38;2;23;17;17;48;2;31;25;24m▁[38;2;31;25;25;48;2;35;29;29m⣤[38;2;42;39;38;48;2;34;31;29m⢸[38;2;51;48;43;48;2;51;59;59m⢠[38;2;56;61;64;48;2;46;36;44m⢁[38;2;115;143;157;48;2;50;53;64m⣠[38;2;92;111;125;48;2;107;132;151m⠃[38;2;128;157;175;48;2;88;112;131m⣠[38;2;130;157;176;48;2;142;170;191m⠃[38;2;118;145;166;48;2;144;171;190m⠃[38;2;135;164;182;48;2;143;176;191m▅[38;2;148;174;191;48;2;136;163;182m⠃[38;2;135;163;181;48;2;127;153;176m⠋[38;2;142;174;197;48;2;130;157;178m⢸[38;2;149;181;202;48;2;146;179;198m⡃[38;2;144;176;195;48;2;151;182;202m⠂[38;2;142;174;195;48;2;152;183;204m▃[38;2;148;180;203;48;2;148;184;206m⡰[38;2;142;179;198;48;2;152;184;207m⢀[38;2;158;190;211;48;2;152;189;208m⢰[38;2;148;175;197;48;2;154;189;211m⢰[38;2;145;176;196;48;2;139;169;193m⢀[38;2;136;164;188;48;2;147;178;198m⠃[38;2;151;183;205;48;2;144;179;199m⠉[38;2;150;182;203;48;2;157;189;210m⡆[38;2;136;167;187;48;2;158;190;211m⢠[38;2;143;167;191;48;2;113;140;161m⠃[38;2;102;134;154;48;2;124;157;177m⡄[38;2;85;117;132;48;2;122;148;174m⢠[38;2;123;152;176;48;2;87;100;118m⣆[38;2;52;60;71;48;2;71;89;103m⢸[38;2;76;104;121;48;2;62;66;77m⠈[38;2;70;92;106;48;2;54;63;70m⠃[38;2;74;86;99;48;2;40;45;53m⢠[38;2;80;94;98;48;2;45;42;37m⡄[38;2;21;11;11;48;2;36;35;38m⠸[38;2;50;46;43;48;2;12;10;11m▕[38;2;100;92;84;48;2;172;139;108m▏[38;2;165;130;92;48;2;147;111;78m▍[38;2;156;117;76;48;2;121;83;41m⡆[38;2;99;54;19;48;2;79;34;9m▍[38;2;52;17;4;48;2;70;34;15m⠸[38;2;59;26;4;48;2;160;108;69m⣆[38;2;167;122;68;48;2;149;96;56m⡄[38;2;148;96;59;48;2;136;86;46m⡆[38;2;138;85;54;48;2;131;81;45m⠶[38;2;137;96;66;48;2;121;75;49m⣤[38;2;125;90;55;48;2;103;67;30m⡤[38;2;108;66;31;48;2;125;73;50m⣻[38;2;109;58;23;48;2;97;52;18m⠤[38;2;98;41;11;48;2;110;71;41m▃[38;2;89;36;5;48;2;125;81;48m⣀[38;2;88;43;19;48;2;122;73;44m▁[38;2;86;44;20;48;2;108;69;34m▁[38;2;98;55;20;48;2;114;71;28m▁[38;2;118;64;28;48;2;115;61;25m⣁[38;2;113;63;26;48;2;117;64;31m⡄[38;2;117;69;33;48;2;114;64;29m▁[38;2;110;64;30;48;2;112;67;33m⢋[38;2;108;64;29;48;2;105;60;27m▊[38;2;104;59;26;48;2;98;52;24m⠇[38;2;66;26;1;48;2;93;46;23m⢠[38;2;73;44;17;48;2;60;28;13m⢀[38;2;56;28;4;48;2;87;67;33m⠋[38;2;89;60;39;48;2;38;18;3m⠃[38;2;41;21;10;48;2;65;47;29m⢰[38;2;42;20;12;48;2;68;49;34m⡆[38;2;34;16;5;48;2;79;57;40m⢸[38;2;53;36;19;48;2;33;16;10m▝[38;2;60;41;30;48;2;33;12;3m⡆[38;2;50;29;26;48;2;71;50;29m▍[38;2;76;56;32;48;2;86;68;47m▍[38;2;82;65;47;48;2;59;40;23m▏[38;2;42;23;8;48;2;62;36;19m⢀[38;2;94;69;36;48;2;69;40;17m⠈[38;2;118;89;59;48;2;94;56;19m⠉[38;2;117;78;37;48;2;144;119;93m⣤[38;2;149;126;100;48;2;110;90;64m⡢[38;2;136;122;98;48;2;25;21;19m⡤[38;2;32;30;29;48;2;13;1;2m▏[38;2;19;4;0;48;2;21;11;9m▔[38;2;27;20;14;48;2;17;10;4m▃[38;2;21;15;9;48;2;24;20;14m⠋[38;2;28;19;14;48;2;22;12;6m⠖[38;2;17;8;1;48;2;21;12;7m⠦[38;2;19;12;6;48;2;25;14;10m⣐[38;2;16;8;2;48;2;23;14;9m⠆[38;2;23;14;10;48;2;19;9;8m⠈[38;2;23;13;12;48;2;20;10;9m⠹[38;2;21;12;5;48;2;23;14;7m▃[38;2;26;17;8;48;2;22;12;6m⢆[38;2;26;19;11;48;2;21;13;10m⣠[38;2;28;21;13;48;2;24;17;9m⠔[38;2;26;19;11;48;2;21;14;6m⡆[38;2;29;22;14;48;2;22;15;7m⠐[38;2;28;21;13m⡂[38;2;24;17;9;48;2;21;14;6m▃[38;2;20;11;6;48;2;22;13;8m⢊[38;2;23;14;9;48;2;18;9;4m⢃[0m
[38;2;45;40;36;48;2;34;29;26m⢀[38;2;35;32;21;48;2;40;35;31m⢀[38;2;33;33;25;48;2;34;34;26m⣄[38;2;43;43;35;48;2;34;30;23m⠉[38;2;30;27;20;48;2;35;34;27m⢈[38;2;37;32;26;48;2;31;24;18m⠇[38;2;36;35;31;48;2;40;39;35m▍[38;2;32;30;26;48;2;39;37;33m⢨[38;2;36;26;27;48;2;28;21;20m⠙[38;2;50;41;42;48;2;27;17;18m⠂[38;2;27;21;23;48;2;23;18;16m⠒[38;2;33;28;25;48;2;28;20;17m⣠[38;2;23;17;17;48;2;29;23;23m⠃[38;2;31;24;25;48;2;25;19;17m⢠[38;2;25;19;16;48;2;35;32;28m⠃[38;2;44;50;48;48;2;36;30;31m▕[38;2;52;61;60;48;2;40;44;40m⠆[38;2;85;100;115;48;2;43;51;46m⢰[38;2;97;123;145;48;2;104;135;156m⠙[38;2;92;111;139;48;2;121;146;169m⠃[38;2;128;156;174;48;2;137;166;184m▊[38;2;125;153;174;48;2;146;175;193m⢠[38;2;151;178;197;48;2;143;170;189m⠁[38;2;139;166;185;48;2;134;161;180m⡃[38;2;147;179;194;48;2;130;159;177m⢠[38;2;158;182;205;48;2;129;159;180m⣤[38;2;129;156;179;48;2;140;172;194m⠃[38;2;141;173;184;48;2;143;176;195m⠃[38;2;144;175;196;48;2;148;179;200m⡤[38;2;144;176;199;48;2;146;179;201m▊[38;2;151;185;207;48;2;148;179;200m⠌[38;2;152;185;205;48;2;146;178;199m⢓[38;2;146;177;197;48;2;149;180;200m⢃[38;2;130;160;184;48;2;141;172;193m⢠[38;2;135;165;189;48;2;140;170;192m⠜[38;2;138;170;192;48;2;145;179;199m⣤[38;2;136;167;189;48;2;145;176;197m⢠[38;2;141;168;191;48;2;155;177;201m⡄[38;2;146;176;198;48;2;121;156;175m▍[38;2;105;130;152;48;2;116;147;167m⢘[38;2;70;101;121;48;2;100;132;153m⡀[38;2;77;103;120;48;2;103;125;146m⣨[38;2;77;93;123;48;2;127;162;186m▃[38;2;99;124;144;48;2;68;76;87m⡆[38;2;62;74;87;48;2;60;62;66m▝[38;2;56;62;63;48;2;45;42;39m⠋[38;2;41;49;53;48;2;74;87;104m⡄[38;2;51;56;66;48;2;31;29;20m▍[38;2;26;11;11;48;2;39;43;41m⣤[38;2;62;65;68;48;2;21;21;22m⠠[38;2;165;147;126;48;2;35;32;26m▝[38;2;166;137;105;48;2;186;160;135m⠙[38;2;149;109;80;48;2;165;128;100m▝[38;2;134;86;45;48;2;100;43;15m⡆[38;2;66;25;2;48;2;91;41;15m⠸[38;2;65;21;5;48;2;84;34;17m▝[38;2;60;20;0;48;2;158;105;66m⣆[38;2;156;104;54;48;2;156;104;54m⠀[38;2;148;94;49;48;2;135;83;43m⡦[38;2;115;67;29;48;2;126;86;43m⢠[38;2;73;24;4;48;2;118;55;23m⣤[38;2;59;12;4;48;2;109;47;32m⠦[38;2;68;17;5;48;2;97;41;15m⠴[38;2;54;6;3;48;2;95;36;29m⠖[38;2;55;20;8;48;2;90;32;20m⠒[38;2;82;38;21;48;2;61;18;12m⣤[38;2;49;10;4;48;2;101;61;25m⠋[38;2;69;30;1;48;2;105;62;20m⠁[38;2;115;69;30;48;2;107;64;26m▝[38;2;117;69;29;48;2;107;62;22m⠋[38;2;111;66;24;48;2;116;67;35m▅[38;2;114;61;28;48;2;113;64;31m⣐[38;2;104;55;22;48;2;109;56;25m⢒[38;2;85;42;8;48;2;95;49;15m⣠[38;2;81;40;16;48;2;72;36;14m▃[38;2;79;50;21;48;2;72;35;13m⢠[38;2;81;54;34;48;2;40;17;4m⠃[38;2;33;17;8;48;2;67;44;26m⠁[38;2;36;13;7;48;2;44;26;14m⡄[38;2;47;27;15;48;2;34;16;2m⡌[38;2;36;12;8;48;2;83;64;49m⡄[38;2;99;77;58;48;2;30;10;7m⣄[38;2;61;42;27;48;2;30;10;8m▝[38;2;65;42;28;48;2;41;23;6m⢎[38;2;91;68;53;48;2;67;46;29m⠙[38;2;75;56;41;48;2;102;84;60m⠙[38;2;57;39;19;48;2;82;63;48m▝[38;2;78;56;42;48;2;58;37;21m⣄[38;2;57;34;13;48;2;75;49;23m⠣[38;2;97;63;26;48;2;108;74;36m⡉[38;2;119;85;41;48;2;142;113;65m⡄[38;2;142;115;76;48;2;115;89;61m⣠[38;2;85;83;68;48;2;39;29;30m⡂[38;2;42;34;35;48;2;21;14;8m▅[38;2;56;49;43;48;2;23;13;8m⠠[38;2;24;17;11;48;2;18;14;7m⠶[38;2;20;9;3;48;2;20;9;3m⠀[38;2;36;23;15;48;2;19;10;5m⡀[38;2;16;7;2;48;2;24;15;10m⠋[38;2;22;13;8;48;2;28;19;14m⣆[38;2;23;13;11;48;2;19;12;6m⠊[38;2;24;17;11;48;2;21;12;8m⢴[38;2;20;11;4;48;2;27;18;11m⠉[38;2;28;19;12;48;2;21;12;5m⢲[38;2;29;22;14;48;2;23;16;8m⡒[38;2;21;14;6;48;2;26;19;11m⡠[48;2;25;18;10m⡘[48;2;26;19;11m⠃[38;2;26;19;11;48;2;20;13;4m⠋[38;2;35;29;20;48;2;20;13;5m⠤[38;2;24;15;10;48;2;18;9;4m⠡[38;2;23;14;9;48;2;19;10;5m⠉[0m
[38;2;36;31;27;48;2;32;27;22m⠉[38;2;37;36;29;48;2;30;25;18m⣀[38;2;38;38;30;48;2;30;27;22m⣠[38;2;45;45;37;48;2;36;32;24m⣤[38;2;44;44;36;48;2;34;33;28m▅[38;2;27;26;21;48;2;39;38;33m⠃[38;2;39;38;33;48;2;36;34;28m⠁[38;2;25;20;16;48;2;34;29;25m⢰[38;2;20;15;12;48;2;37;32;28m▍[38;2;36;31;27;48;2;29;24;20m▍[38;2;27;21;21;48;2;30;25;23m⢆[38;2;24;18;16;48;2;27;22;19m⣤[38;2;27;21;21;48;2;30;24;24m⢃[38;2;41;41;39;48;2;33;25;26m⡠[38;2;33;32;28;48;2;24;23;20m⢋[38;2;31;30;29;48;2;38;37;37m⠇[38;2;50;54;61;48;2;41;39;42m⢰[38;2;85;107;122;48;2;53;67;79m⠈[38;2;67;86;100;48;2;91;116;131m⡆[38;2;103;134;155;48;2;99;125;145m▝[38;2;111;144;161;48;2;120;150;166m⡄[38;2;126;153;172;48;2;133;162;180m⣢[38;2;126;154;168;48;2;134;162;177m⣆[38;2;132;159;178;48;2;122;150;163m▝[38;2;118;149;167;48;2;127;158;177m▅[38;2;122;149;171;48;2;140;171;188m▅[38;2;124;156;177;48;2;135;167;189m⡆[38;2;145;173;193;48;2;134;164;186m⠙[38;2;143;175;196;48;2;138;169;190m⠈[38;2;146;175;196;48;2;138;170;191m⠸[38;2;142;172;193;48;2;149;180;201m⡤[38;2;140;174;194;48;2;144;176;198m⢘[38;2;138;166;188;48;2;144;179;198m⣀[38;2;141;169;191;48;2;132;163;184m▍[38;2;129;156;179;48;2;134;164;188m▁[38;2;125;157;178;48;2;132;162;184m⢀[38;2;127;159;181;48;2;133;169;189m⣀[38;2;122;150;170;48;2;137;170;191m⣄[38;2;110;128;146;48;2;127;165;183m⢸[38;2;104;130;153;48;2;84;102;126m▊[38;2;75;91;103;48;2;91;110;126m⣆[38;2;90;111;123;48;2;66;76;94m▝[38;2;59;81;88;48;2;39;42;59m▍[38;2;84;107;125;48;2;95;126;153m⡌[38;2;79;94;118;48;2;47;41;48m⡄[38;2;46;44;49;48;2;37;38;37m▍[38;2;55;64;76;48;2;50;49;54m⠈[38;2;42;43;54;48;2;73;75;87m▝[38;2;63;67;77;48;2;24;25;25m⣀[38;2;52;51;58;48;2;32;24;13m⡰[38;2;48;50;45;48;2;28;19;17m⠠[38;2;109;112;111;48;2;153;147;136m⣀[38;2;202;177;151;48;2;175;140;105m⡄[38;2;159;109;71;48;2;125;78;37m▍[38;2;94;48;14;48;2;119;70;37m⠙[38;2;81;36;8;48;2;99;55;30m⠸[38;2;92;49;16;48;2;82;36;12m⣠[38;2;152;104;71;48;2;81;39;19m▝[38;2;96;53;23;48;2;152;96;50m⡀[38;2;153;102;51;48;2;138;90;41m⡀[38;2;121;70;33;48;2;135;88;40m▔[38;2;115;56;30;48;2;136;84;43m⠙[38;2;118;69;29;48;2;115;49;29m⣤[38;2;108;63;30;48;2;99;40;21m⣤[38;2;107;74;30;48;2;93;53;15m⠴[38;2;99;59;23;48;2;112;72;36m⣁[38;2;105;61;25;48;2;108;70;31m⣀[38;2;109;63;30;48;2;110;65;34m▁[38;2;110;66;30;48;2;108;62;28m⠖[38;2;110;59;24;48;2;111;66;28m⢴[38;2;111;63;25;48;2;107;56;21m⠁[38;2;112;60;23;48;2;100;51;21m⠉[38;2;86;44;17;48;2;97;47;22m⣰[38;2;94;48;25;48;2;86;38;16m⡀[38;2;87;45;19;48;2;82;41;15m⡁[38;2;71;40;11;48;2;82;55;29m▊[38;2;48;26;12;48;2;76;50;29m▊[38;2;77;50;28;48;2;63;38;15m▏[38;2;35;12;4;48;2;52;34;20m⢃[38;2;65;40;23;48;2;45;28;9m⣤[38;2;67;43;29;48;2;31;12;9m⣄[38;2;110;89;69;48;2;42;19;15m⠙[38;2;32;6;0;48;2;113;89;73m⣈[38;2;122;99;85;48;2;33;23;13m⣤[38;2;114;91;77;48;2;65;44;26m⣀[38;2;82;56;34;48;2;95;71;49m⠣[38;2;91;64;42;48;2;113;92;71m⣄[38;2;70;48;34;48;2;114;91;67m⠙[38;2;122;102;76;48;2;86;64;44m⣐[38;2;108;90;66;48;2;105;77;47m⢬[38;2;136;118;88;48;2;133;97;70m⣀[38;2;190;152;113;48;2;164;125;93m⢠[38;2;100;80;69;48;2;185;153;111m▝[38;2;179;164;135;48;2;50;48;37m⣀[38;2;151;145;126;48;2;6;2;1m⣤[38;2;149;134;125;48;2;4;0;0m⠤[38;2;185;179;168;48;2;9;0;0m⠊[38;2;21;13;5;48;2;21;13;5m⠀[38;2;20;11;6;48;2;25;16;11m⠍[38;2;24;15;10;48;2;21;12;7m⠴[38;2;24;17;9;48;2;19;13;7m⣀[38;2;24;17;11;48;2;22;15;7m⢔[38;2;23;16;8;48;2;25;18;10m⠨[38;2;30;26;17;48;2;24;17;9m⡀[38;2;23;16;8;48;2;31;24;16m⣻[38;2;27;20;12;48;2;23;16;8m⢒[38;2;21;14;6;48;2;26;19;11m▊[48;2;25;18;10m⢲[38;2;21;12;6;48;2;27;18;13m▊[38;2;25;14;12;48;2;21;12;6m⠶[38;2;29;22;14;48;2;20;10;8m⢂[38;2;20;11;6;48;2;23;16;8m▔[0m
[38;2;31;28;19;48;2;38;35;26m⡉[38;2;35;34;27;48;2;40;37;28m⠺[38;2;33;33;25;48;2;39;39;31m⠆[38;2;50;41;44;48;2;41;41;33m⢀[38;2;33;34;26;48;2;40;40;32m⣰[38;2;37;37;29;48;2;32;32;24m⠹[38;2;44;34;32;48;2;38;33;27m⣤[38;2;26;22;19;48;2;38;30;28m⢰[38;2;29;26;21;48;2;33;33;26m⣐[38;2;22;19;14;48;2;34;29;26m⡂[38;2;29;24;21;48;2;22;16;16m⡉[38;2;21;15;15;48;2;28;22;22m⡐[38;2;27;17;18;48;2;39;39;37m▊[38;2;47;46;44;48;2;31;21;21m▍[38;2;26;19;15;48;2;34;29;26m▊[38;2;41;43;41;48;2;37;39;38m⢤[38;2;37;40;46;48;2;47;50;59m▊[38;2;55;66;80;48;2;47;50;55m⠉[38;2;82;104;118;48;2;61;78;92m⢸[38;2;102;120;140;48;2;95;115;132m⢰[38;2;97;119;140;48;2;112;135;155m⡆[38;2;119;151;166;48;2;122;151;169m⣄[38;2;117;146;162;48;2;124;156;173m⢸[38;2;116;145;161;48;2;112;141;157m⠉[38;2;122;148;168;48;2;111;137;157m⠸[38;2;107;134;153;48;2;100;133;152m⡉[38;2;126;157;178;48;2;119;145;168m⠸[38;2;131;162;182;48;2;139;170;191m⣆[38;2;139;170;191;48;2;131;168;187m⠇[38;2;134;166;188;48;2;137;172;192m⠉[38;2;139;177;196;48;2;136;172;191m⠌[38;2;140;172;195;48;2;136;171;191m⠱[38;2;142;174;195;48;2;141;169;191m⡂[38;2;130;158;180;48;2;137;165;187m⣰[38;2;122;150;172;48;2;130;155;179m⠴[38;2;105;131;154;48;2;124;150;173m⢀[38;2;128;158;174;48;2;112;138;160m▊[38;2;109;140;161;48;2;120;149;164m⡆[38;2;119;151;171;48;2;111;139;160m⠃[38;2;96;131;153;48;2;80;93;117m▊[38;2;66;74;93;48;2;65;87;105m⡃[38;2;62;80;92;48;2;54;69;81m⡆[38;2;65;81;97;48;2;37;54;67m▍[38;2;70;82;99;48;2;93;112;136m▏[38;2;52;59;69;48;2;72;93;115m⠈[38;2;55;64;75;48;2;49;49;52m⣆[38;2;97;111;134;48;2;48;45;42m⢀[38;2;64;71;77;48;2;90;109;132m⢁[38;2;81;98;114;48;2;31;20;27m⠋[38;2;68;67;62;48;2;36;22;26m⠐[38;2;30;24;24;48;2;71;72;76m⣻[38;2;28;30;24;48;2;124;113;110m▍[38;2;185;161;125;48;2;191;159;150m⢸[38;2;144;89;52;48;2;164;130;87m⢸[38;2;114;62;23;48;2;134;77;34m⣻[38;2;110;66;29;48;2;96;51;20m⣆[38;2;117;72;42;48;2;97;53;15m▔[38;2;81;39;14;48;2;104;58;25m⢸[38;2;106;59;34;48;2;95;50;23m⢈[38;2;98;53;14;48;2;126;83;39m⢴[38;2;52;20;3;48;2;150;95;57m⣄[38;2;111;64;37;48;2;137;88;47m⡀[38;2;146;90;37;48;2;112;65;23m⣀[38;2;129;77;45;48;2;104;59;22m▃[38;2;101;56;26;48;2;121;78;38m⠋[38;2;97;58;25;48;2;119;65;31m▔[38;2;124;66;34;48;2;112;65;29m⣤[38;2;134;69;45;48;2;113;65;27m⡀[38;2;108;59;21;48;2;110;62;24m⠐[38;2;103;55;20;48;2;110;60;25m⣠[38;2;108;59;24;48;2;106;54;21m⢀[38;2;98;49;8;48;2;98;50;14m⠠[38;2;90;46;11;48;2;99;48;20m⡠[38;2;100;48;20;48;2;92;49;15m⠓[38;2;90;46;21;48;2;83;44;13m⡂[38;2;73;32;13;48;2;65;30;8m⠧[38;2;65;27;8;48;2;83;55;36m⡅[38;2;76;48;27;48;2;49;19;9m▍[38;2;81;54;34;48;2;48;20;9m⠑[38;2;75;49;26;48;2;54;27;20m⠬[38;2;50;26;13;48;2;73;53;29m▁[38;2;88;63;36;48;2;67;40;19m⠳[38;2;46;20;9;48;2;92;67;47m▔[38;2;81;50;44;48;2;121;92;74m⠉[38;2;162;140;119;48;2;121;89;78m▃[38;2;182;147;126;48;2;124;101;84m⣤[38;2;241;205;181;48;2;103;81;63m⣤[38;2;207;158;142;48;2;106;79;60m⣤[38;2;192;156;134;48;2;129;104;72m▃[38;2;210;174;155;48;2;137;107;69m⣀[38;2;232;199;181;48;2;128;99;59m▁[38;2;91;59;31;48;2;153;131;94m⣄[38;2;153;107;76;48;2;197;167;135m▅[38;2;154;108;63;48;2;162;127;91m⡄[38;2;179;141;102;48;2;64;51;34m⡄[38;2;61;59;60;48;2;14;14;9m⠂[38;2;23;15;7;48;2;26;19;11m⠇[38;2;26;19;11;48;2;29;22;14m⠇[38;2;28;19;12;48;2;23;14;7m⠇[38;2;29;22;12;48;2;25;16;9m⢀[38;2;30;26;17;48;2;24;17;11m⡃[38;2;22;15;9;48;2;28;21;13m▃[38;2;26;19;13;48;2;23;19;10m⡤[38;2;29;25;16;48;2;21;17;8m⠑[38;2;29;21;13;48;2;24;17;9m⡆[38;2;27;20;12m⢌[38;2;28;21;13m⠉[38;2;21;14;6;48;2;25;18;10m⠮[38;2;24;15;10;48;2;19;9;8m⠜[38;2;16;6;2;48;2;23;14;9m▁[38;2;20;13;5;48;2;28;21;13m⡥[38;2;25;18;10;48;2;29;22;14m⠶[0m
[38;2;36;33;26;48;2;34;31;22m⣨[38;2;38;37;27;48;2;30;27;18m⠍[38;2;38;37;31;48;2;28;30;19m⢉[38;2;40;35;29;48;2;29;23;22m▃[38;2;44;41;34;48;2;35;30;24m⠐[38;2;42;39;32;48;2;33;30;25m⠒[38;2;43;39;35;48;2;35;31;27m⠉[38;2;27;19;16;48;2;37;32;23m⠚[38;2;39;29;28;48;2;28;23;18m⡀[38;2;26;18;16;48;2;33;28;24m⣃[38;2;29;24;21;48;2;23;18;15m⠃[38;2;20;15;11;48;2;28;22;20m⠉[38;2;29;19;17;48;2;27;27;25m⢇[38;2;35;35;33;48;2;29;23;24m▚[38;2;37;39;36;48;2;27;28;24m▃[38;2;51;58;66;48;2;33;37;40m⣰[38;2;53;72;87;48;2;49;54;56m▅[38;2;80;95;114;48;2;44;54;68m⣤[38;2;118;150;167;48;2;77;98;116m▃[38;2;134;164;185;48;2;94;119;139m⣤[38;2;138;166;184;48;2;101;129;149m⣤[38;2;145;183;195;48;2;121;154;169m⣠[38;2;122;145;166;48;2;137;166;184m⠹[38;2;136;165;182;48;2;117;140;161m⣀[38;2;114;141;160;48;2;124;152;177m⠸[38;2;116;144;168;48;2;104;131;150m⣀[38;2;109;137;160;48;2;118;149;170m⠇[38;2;131;162;183;48;2;137;168;189m▍[38;2;143;174;201;48;2;139;169;192m⠰[38;2;131;168;191;48;2;140;171;192m⠶[38;2;136;171;191;48;2;139;171;196m⢑[38;2;135;169;191;48;2;143;173;194m⡙[38;2;138;167;189;48;2;142;169;190m⣻[38;2;132;167;186;48;2;130;163;182m▏[38;2;126;153;176;48;2;125;150;172m⣡[38;2;120;151;172;48;2;112;141;163m⡆[38;2;117;146;168;48;2;119;149;171m⠱[38;2;121;153;173;48;2;116;139;163m⣰[38;2;106;134;155;48;2;121;147;170m▝[38;2;116;144;165;48;2;103;128;150m⣆[38;2;118;153;176;48;2;72;90;104m⣠[38;2;119;137;152;48;2;60;84;103m▅[38;2;106;124;140;48;2;58;77;89m⠖[38;2;50;53;61;48;2;106;128;148m⣀[38;2;80;105;124;48;2;120;149;168m⡙[38;2;56;62;65;48;2;88;104;118m⢰[38;2;41;46;53;48;2;100;115;130m▅[38;2;91;114;139;48;2;60;74;96m⢃[38;2;53;57;59;48;2;31;27;24m▍[38;2;40;34;34;48;2;33;27;27m⢃[38;2;80;79;74;48;2;35;26;27m▁[38;2;66;67;69;48;2;141;139;124m▊[38;2;178;158;141;48;2;180;158;134m⠡[38;2;176;139;102;48;2;157;107;65m▍[38;2;107;59;12;48;2;132;80;33m⢠[38;2;109;61;21;48;2;113;65;28m⡠[38;2;113;64;24;48;2;103;55;16m⡘[38;2;117;69;29;48;2;106;55;24m▏[38;2;109;60;19;48;2;122;75;45m⠳[38;2;84;37;7;48;2;125;80;43m⢰[38;2;67;26;10;48;2;74;35;14m⠙[38;2;89;43;19;48;2;60;24;15m⠈[38;2;159;100;66;48;2;64;15;4m⠉[38;2;23;1;0;48;2;146;80;46m⣤[38;2;81;38;25;48;2;141;85;50m⡀[38;2;140;76;34;48;2;146;80;47m⣤[38;2;140;82;42;48;2;130;72;38m▅[38;2;129;71;31;48;2;134;75;33m⠙[38;2;125;68;33;48;2;118;65;22m▅[38;2;118;64;30;48;2;113;59;24m⡖[38;2;113;61;27;48;2;108;55;21m⡂[38;2;108;56;26;48;2;99;55;18m⣁[38;2;100;61;26;48;2;96;52;17m⢱[38;2;99;56;22;48;2;94;52;16m⡔[38;2;92;53;20;48;2;73;41;13m▊[38;2;67;37;8;48;2;74;43;18m⠹[38;2;66;35;14;48;2;57;29;18m⣄[38;2;86;53;26;48;2;66;40;20m⠙[38;2;62;33;15;48;2;76;44;21m⠍[38;2;91;73;63;48;2;73;44;16m▁[38;2;116;87;70;48;2;70;40;20m⣀[38;2;118;91;69;48;2;82;53;33m⣤[38;2;75;49;24;48;2;129;103;83m⠁[38;2;145;118;99;48;2;136;107;89m⢨[38;2;175;138;122;48;2;158;131;109m⢸[38;2;196;158;141;48;2;234;211;199m▍[38;2;219;190;176;48;2;249;237;229m⣠[38;2;226;199;188;48;2;198;159;140m⠃[38;2;182;148;131;48;2;194;164;141m⣤[38;2;182;150;135;48;2;241;211;199m⣄[38;2;173;144;128;48;2;215;192;172m⣀[38;2;148;117;86;48;2;180;153;134m▔[38;2;129;90;64;48;2;156;123;105m⠉[38;2;138;102;64;48;2;159;119;82m⠧[38;2;184;149;112;48;2;184;149;112m⠀[38;2;161;134;111;48;2;38;31;36m⡆[38;2;51;41;42;48;2;26;19;9m⡀[38;2;25;18;10;48;2;29;22;14m⡘[38;2;34;27;21;48;2;26;19;11m⣀[38;2;26;19;10;48;2;30;23;17m⠹[38;2;30;23;15;48;2;22;15;9m⢂[38;2;32;24;21;48;2;25;18;12m▁[38;2;30;23;17m⠉[38;2;28;21;14;48;2;22;15;9m⠆[38;2;21;14;6;48;2;25;18;10m⢡[38;2;29;22;14;48;2;21;14;6m▔[38;2;25;18;10m⠥[38;2;29;22;12;48;2;24;17;8m⠰[38;2;18;8;4;48;2;24;17;9m⠺[38;2;24;17;9;48;2;22;13;6m⣐[38;2;25;18;10;48;2;22;15;7m⠮[38;2;21;14;6;48;2;29;22;14m⠶[0m
[38;2;37;26;22;48;2;37;34;27m⢀[38;2;36;35;29;48;2;35;30;24m⣰[38;2;37;32;26;48;2;32;27;21m⡉[38;2;31;26;22;48;2;39;32;26m⢴[38;2;28;23;16;48;2;34;31;22m⡀[38;2;37;37;25;48;2;35;36;22m▕[38;2;42;42;22;48;2;35;33;21m▍[38;2;37;33;29;48;2;30;27;20m⠍[38;2;30;20;19;48;2;27;17;16m⣡[38;2;34;29;26;48;2;24;14;13m▁[38;2;29;24;21;48;2;23;18;15m⡖[38;2;30;25;22m⠹[38;2;37;34;37;48;2;22;15;13m▕[38;2;64;63;68;48;2;35;35;40m⡆[38;2;40;42;44;48;2;31;28;26m▕[38;2;48;52;57;48;2;55;66;76m▍[38;2;55;63;65;48;2;58;76;87m⠆[38;2;86;112;129;48;2;62;81;95m⢠[38;2;111;144;163;48;2;94;122;144m▝[38;2;127;156;172;48;2;139;170;190m⡄[38;2;133;166;186;48;2;146;180;197m⢁[38;2;144;172;193;48;2;155;187;210m⡀[38;2;154;183;201;48;2;164;193;211m⣈[38;2;168;197;215;48;2;155;186;206m⠒[38;2;145;174;189;48;2;157;186;204m▔[38;2;130;158;178;48;2;149;177;194m▔[38;2;136;168;186;48;2;147;178;199m⠉[38;2;143;174;194;48;2;154;185;205m⠉[38;2;158;189;209;48;2;146;177;197m⢤[38;2;162;194;207;48;2;148;179;199m⣄[38;2;144;175;196;48;2;154;182;200m⠙[38;2;141;172;193;48;2;150;182;203m⠉[38;2;145;180;200;48;2;138;170;191m⣤[38;2;131;164;183;48;2;144;177;196m⠉[38;2;148;180;201;48;2;127;158;179m⣀[38;2;154;180;203;48;2;124;156;177m⣤[38;2;134;166;187;48;2;156;188;209m⢋[38;2;156;184;205;48;2;136;167;188m⠶[38;2;150;181;200;48;2;159;186;205m⣁[38;2;101;129;150;48;2;146;174;195m⢠[38;2;109;137;161;48;2;83;111;133m⠉[38;2;67;80;93;48;2;83;100;122m⡆[38;2;75;92;115;48;2;52;53;54m▍[38;2;50;56;62;48;2;46;45;50m⠰[38;2;70;82;99;48;2;116;147;168m▍[38;2;64;75;82;48;2;109;127;151m▝[38;2;60;64;71;48;2;39;46;53m⣀[38;2;99;121;143;48;2;50;58;61m▝[38;2;154;168;185;48;2;38;40;54m⠢[38;2;193;187;193;48;2;31;13;19m⠤[38;2;160;159;156;48;2;17;21;20m⠴[38;2;174;175;169;48;2;75;78;76m⠺[38;2;165;146;122;48;2;185;151;127m⢆[38;2;172;144;102;48;2;172;128;84m▊[38;2;124;68;28;48;2;139;91;45m⠈[38;2;102;54;11;48;2;119;63;30m⢱[38;2;106;53;22;48;2;98;45;5m⠃[38;2;103;62;22;48;2;103;58;13m⠒[38;2;137;94;58;48;2;117;71;33m⠓[38;2;154;104;65;48;2;106;57;14m⡄[38;2;113;59;29;48;2;88;43;15m⡄[38;2;69;32;14;48;2;89;41;18m⠙[38;2;99;58;35;48;2;77;31;15m⠁[38;2;93;54;33;48;2;52;12;5m▍[38;2;118;61;39;48;2;39;3;0m▝[38;2;128;67;24;48;2;136;71;33m▁[38;2;133;76;33;48;2;139;77;36m⢒[38;2;136;77;34;48;2;129;70;26m⠧[38;2;130;76;35;48;2;123;66;29m⣄[38;2;114;69;24;48;2;122;67;28m⠸[38;2;106;64;23;48;2;110;66;27m⢄[38;2;104;61;21;48;2;102;60;22m▍[38;2;91;54;17;48;2;102;57;24m⠲[38;2;90;54;24;48;2;90;56;23m⣁[38;2;89;54;27;48;2;84;49;21m⠖[38;2;74;42;22;48;2;78;47;25m⠉[38;2;78;48;37;48;2;69;41;20m▁[38;2;106;86;65;48;2;67;40;23m⣠[38;2;130;135;149;48;2;120;88;66m⢀[38;2;110;87;63;48;2;147;137;152m⢡[38;2;118;89;81;48;2;116;89;65m▏[38;2;122;94;82;48;2;129;101;84m⠃[38;2;136;107;89;48;2;132;103;85m⢲[38;2;138;110;91;48;2;154;127;110m⠇[38;2;157;131;116;48;2;162;134;120m⣡[38;2;181;153;141;48;2;157;126;121m⠉[38;2;168;137;124;48;2;153;123;109m⠉[38;2;141;121;104;48;2;166;138;126m▅[38;2;136;109;98;48;2;159;130;115m⣤[38;2;136;105;85;48;2;147;115;104m⣀[38;2;133;104;90;48;2;149;119;108m⣤[38;2;150;121;103;48;2;137;109;88m⠋[38;2;143;112;92;48;2;132;104;83m⠉[38;2;164;135;101;48;2;122;92;71m⠈[38;2;122;91;72;48;2;196;154;114m⣄[38;2;56;63;38;48;2;201;169;122m⢸[38;2;21;6;0;48;2;76;73;61m⣨[38;2;14;7;4;48;2;70;70;62m⣻[38;2;23;14;8;48;2;32;25;19m⣤[38;2;19;12;6;48;2;26;19;12m⡢[38;2;29;22;14;48;2;22;15;7m⣁[38;2;27;19;16;48;2;23;16;10m⠉[38;2;27;20;14;48;2;23;16;11m⠸[38;2;23;14;12;48;2;27;20;14m▃[38;2;15;14;3;48;2;25;17;10m⣂[38;2;33;23;17;48;2;28;17;11m⣤[38;2;30;21;14;48;2;24;17;9m⣐[38;2;27;20;12;48;2;22;15;7m⢉[38;2;21;14;6;48;2;27;20;12m⢴[48;2;28;21;13m⣤[38;2;27;20;12;48;2;22;15;7m⠚[38;2;35;28;20;48;2;26;19;11m⠉[0m
[38;2;30;26;17;48;2;32;32;20m⠉[38;2;28;30;17;48;2;34;33;26m⠴[38;2;38;33;26;48;2;31;26;20m⣡[38;2;31;25;18;48;2;42;36;30m⣠[38;2;33;28;18;48;2;35;33;18m⣃[38;2;36;36;24;48;2;29;32;15m⢉[38;2;43;44;31;48;2;33;38;24m⣡[38;2;34;35;22;48;2;38;42;27m⢢[38;2;32;34;19;48;2;28;25;20m⢇[38;2;28;23;20;48;2;34;29;26m⢒[38;2;31;26;23;48;2;25;20;17m⠧[38;2;27;22;19;48;2;29;25;22m▚[38;2;24;19;13;48;2;36;31;31m▊[38;2;59;65;65;48;2;39;30;31m⠇[38;2;40;34;36;48;2;32;26;24m▕[38;2;76;98;119;48;2;57;58;69m⢀[38;2;88;125;141;48;2;60;72;84m⣀[38;2;122;153;174;48;2;82;102;118m⣠[38;2;149;177;195;48;2;107;135;156m⣠[38;2;129;158;174;48;2;138;169;185m⠣[38;2;134;162;183;48;2;144;172;193m⠋[38;2;130;157;174;48;2;147;175;196m⣤[38;2;138;169;189;48;2;127;150;169m⠋[38;2;130;161;181;48;2;139;170;190m⡌[38;2;118;146;162;48;2;142;174;194m⢠[38;2;139;170;190;48;2;125;154;171m⠙[38;2;143;173;196;48;2;130;161;182m▝[38;2;150;181;202;48;2;141;172;193m⠹[38;2;148;179;200;48;2;155;182;204m⡖[38;2;156;191;210;48;2;152;185;202m⢡[38;2;138;171;196;48;2;151;184;202m⡀[38;2;150;180;204;48;2;155;187;208m⣄[38;2;149;179;202m⣈[38;2;150;176;199;48;2;153;188;210m⠩[38;2;151;188;207;48;2;150;181;202m⡆[38;2;134;164;192;48;2;150;182;204m⢀[38;2;141;173;194;48;2;134;165;186m▊[38;2;125;156;177;48;2;137;168;189m⡅[38;2;127;159;180;48;2;142;173;193m⢀[38;2;91;118;131;48;2;115;147;165m⢸[38;2;111;140;160;48;2;87;104;122m⣀[38;2;88;109;131;48;2;66;83;99m⡀[38;2;57;70;79;48;2;74;92;105m▝[38;2;97;126;142;48;2;58;58;68m⣠[38;2;56;73;87;48;2;118;145;166m⠁[38;2;80;106;126;48;2;117;144;165m⢐[38;2;68;83;93;48;2;48;52;59m⠧[38;2;59;62;68;48;2;41;41;47m⠲[38;2;87;93;103;48;2;28;34;36m▊[38;2;36;32;26;48;2;23;14;3m⣰[38;2;35;32;20;48;2;83;77;71m▊[38;2;68;68;55;48;2;135;128;114m▊[38;2;113;100;81;48;2;143;123;99m⣆[38;2;174;139;96;48;2;140;116;83m⣻[38;2;176;128;82;48;2;159;98;50m⡆[38;2;138;88;43;48;2;105;55;17m▍[38;2;112;52;26;48;2;99;50;13m⢀[38;2;101;50;20;48;2;107;56;27m▅[38;2;173;133;91;48;2;87;39;5m⢸[38;2;156;112;72;48;2;131;78;37m▏[38;2;135;77;31;48;2;114;60;25m⡄[38;2;113;56;26;48;2;101;46;16m⣀[38;2;78;31;6;48;2;105;52;20m⠉[38;2;105;58;24;48;2;73;25;7m⣤[38;2;57;19;6;48;2;80;27;14m⠉[38;2;114;78;42;48;2;68;23;9m⢘[38;2;124;70;26;48;2;129;70;33m⡆[38;2;130;76;30;48;2;129;70;28m⢃[38;2;123;68;28;48;2;127;72;33m⣀[38;2;125;72;36;48;2;122;73;33m▊[38;2;106;64;23;48;2;116;67;30m⢨[38;2;99;61;27;48;2;98;59;26m⡖[38;2;88;54;27;48;2;95;57;28m⣀[38;2;87;59;45;48;2;93;59;33m▁[38;2;110;84;69;48;2;81;50;31m⣀[38;2;86;55;36;48;2;120;93;76m⠋[38;2;84;56;42;48;2;124;101;82m⠁[38;2;131;133;142;48;2;127;101;87m⢀[38;2;121;92;78;48;2;185;183;191m⢱[38;2;117;91;82;48;2;114;91;73m⠁[38;2;129;102;80;48;2;120;94;73m⢠[38;2;123;101;82;48;2;134;107;88m⠃[38;2;139;112;95;48;2;130;103;82m▝[38;2;138;111;92;48;2;126;99;79m⠙[38;2;119;91;69;48;2;141;114;94m⣤[38;2;123;93;63;48;2;135;107;94m▅[38;2;129;101;89;48;2;121;93;71m⠋[38;2;114;81;57;48;2;119;95;77m⣠[38;2;128;103;83;48;2;115;85;62m⠋[38;2;126;92;71;48;2;114;86;62m⠉[38;2;124;96;77;48;2;112;80;58m⠉[38;2;118;84;59;48;2;124;94;70m▅[38;2;127;95;74;48;2;121;86;66m⠭[38;2;122;95;73;48;2;129;102;75m⠋[38;2;137;106;85;48;2;134;100;84m▕[38;2;82;65;52;48;2;132;110;84m▝[38;2;108;97;80;48;2;51;36;27m⣀[38;2;130;122;95;48;2;32;19;10m⡀[38;2;128;117;90;48;2;19;10;6m▁[38;2;74;73;77;48;2;22;14;6m⡀[38;2;22;15;7;48;2;29;22;14m⡖[38;2;37;28;19;48;2;24;17;7m▃[38;2;30;23;15;48;2;21;14;6m▃[38;2;28;21;13;48;2;22;15;9m▃[38;2;22;18;9;48;2;25;21;12m⡉[38;2;25;22;13;48;2;28;24;15m⢠[38;2;30;23;15;48;2;24;17;9m⠉[38;2;20;13;5;48;2;28;21;12m⠔[38;2;26;19;12;48;2;29;22;14m⡨[38;2;31;24;16;48;2;23;16;8m⣄[38;2;30;23;15;48;2;25;18;10m⢰[38;2;26;19;13;48;2;33;26;18m⡁[0m
[38;2;41;33;25;48;2;30;32;21m⠶[38;2;29;22;16;48;2;35;28;20m▝[38;2;39;32;26;48;2;27;20;14m▃[38;2;41;34;28;48;2;26;19;13m▅[38;2;39;30;23;48;2;42;36;28m⠧[38;2;37;34;25;48;2;44;41;32m⣤[38;2;37;41;27;48;2;43;47;32m⠔[38;2;20;14;16;48;2;39;39;27m⢀[38;2;42;38;33;48;2;28;25;20m⢀[38;2;25;24;19;48;2;32;29;24m⢘[38;2;30;25;22;48;2;25;20;16m▝[38;2;34;29;26;48;2;30;25;22m▕[38;2;30;30;28;48;2;47;47;45m⣻[38;2;31;26;25;48;2;30;23;24m⠑[38;2;41;36;36;48;2;58;73;86m▊[38;2;76;93;112;48;2;113;142;157m⢃[38;2;68;81;98;48;2;94;115;136m⡔[38;2;97;126;147;48;2;120;153;170m⡁[38;2;137;165;184;48;2;147;174;193m⢤[38;2;149;180;198;48;2;140;171;187m⠙[38;2;137;169;188;48;2;145;179;199m⢈[38;2;113;141;159;48;2;138;168;188m▃[38;2;132;154;175;48;2;115;143;164m⢄[38;2;140;172;192;48;2;129;164;183m⠙[38;2;95;122;143;48;2;131;157;179m⢸[38;2;97;124;145;48;2;114;145;165m▏[38;2;110;142;163;48;2;119;154;174m⣆[38;2;124;154;176;48;2;140;166;189m▍[38;2;149;187;205;48;2;140;176;196m⢉[38;2;146;178;198;48;2;148;183;200m⠐[38;2;108;143;171;48;2;124;156;184m⠃[38;2;146;177;198;48;2;150;180;205m⠶[38;2;151;186;209;48;2;150;181;201m⠜[38;2;151;183;204;48;2;146;180;202m⢡[38;2;138;174;196;48;2;148;179;200m⠋[38;2;122;156;181;48;2;144;175;203m⣰[38;2;132;168;192;48;2;116;148;171m⠉[38;2;118;148;172;48;2;129;159;183m⠇[38;2;136;166;190;48;2;124;161;180m▊[38;2;120;155;174;48;2;112;140;161m▃[38;2;84;108;125;48;2;112;132;156m⢸[38;2;92;111;122;48;2;77;84;99m⡄[38;2;63;78;94;48;2;89;116;134m⠇[38;2;114;138;161;48;2;59;83;103m⠁[38;2;96;124;146;48;2;112;137;160m⢱[38;2;64;83;98;48;2;78;105;124m⢸[38;2;39;31;34;48;2;50;57;64m⢸[38;2;36;36;33;48;2;30;22;21m⠁[38;2;48;57;67;48;2;80;97;108m▍[38;2;42;38;34;48;2;44;52;54m⢸[38;2;63;59;50;48;2;35;25;19m⠠[38;2;131;129;116;48;2;37;33;19m⠤[38;2;68;54;28;48;2;118;111;90m⡈[38;2;138;116;96;48;2;179;143;103m▍[38;2;184;135;87;48;2;164;112;58m▊[38;2;144;86;39;48;2;109;53;21m⠃[38;2;153;100;60;48;2;120;55;34m⣀[38;2;133;73;35;48;2;118;54;26m⡀[38;2;157;106;69;48;2;102;48;8m⠈[38;2;139;88;40;48;2;153;105;63m▝[38;2;146;82;42;48;2;123;65;28m▃[38;2;121;61;24;48;2;124;64;27m⠹[38;2;115;64;30;48;2;126;71;30m▔[38;2;168;113;77;48;2;126;72;28m⢀[38;2;114;69;42;48;2;85;36;10m⢰[38;2;126;93;56;48;2;88;51;18m⠁[38;2;59;28;5;48;2;118;65;24m⡆[38;2;112;56;23;48;2;116;66;21m▁[38;2;117;68;29;48;2;111;64;26m⠺[38;2;113;64;25;48;2;120;73;33m⣤[38;2;108;68;41;48;2;102;61;32m⣁[38;2;108;78;51;48;2;92;57;29m▃[38;2;116;87;69;48;2;79;48;27m▅[38;2;98;68;49;48;2;120;94;80m⠁[38;2;118;92;77;48;2;119;96;79m⡤[38;2;135;105;90;48;2;124;98;84m⣰[38;2;141;127;121;48;2;126;104;88m⢀[38;2;134;106;94;48;2;177;177;189m▚[38;2;133;107;94;48;2;133;109;85m⡄[38;2;124;100;86;48;2;122;99;76m⢠[38;2;124;99;79;48;2;128;102;83m⠉[38;2;125;92;68;48;2;126;99;78m⢀[38;2;117;87;59;48;2;124;97;70m▃[38;2;119;89;61;48;2;114;78;50m⠉[38;2;112;80;43;48;2;118;84;51m▅[38;2;110;77;39;48;2;117;82;56m⣤[38;2;117;85;57;48;2;111;77;42m⠉[38;2;107;74;39;48;2;109;79;52m▅[38;2;111;78;53;48;2;110;77;42m⠙[38;2;109;74;40;48;2;110;76;49m▅[38;2;111;82;52;48;2;110;73;40m⠋[38;2;121;86;63;48;2;107;75;51m⠉[38;2;122;88;63;48;2;110;76;48m⠹[38;2;115;84;63;48;2;124;94;72m⡆[38;2;138;107;86;48;2;126;95;74m⠉[38;2;131;98;79;48;2;137;106;85m⣄[38;2;187;158;127;48;2;124;98;81m⠐[38;2;115;98;71;48;2;227;202;180m⡉[38;2;86;66;40;48;2;191;168;151m⠉[38;2;189;169;141;48;2;54;41;32m⡖[38;2;153;133;111;48;2;12;1;0m⠂[38;2;22;17;11;48;2;29;20;10m⠇[38;2;23;16;8;48;2;28;21;13m⣁[38;2;21;14;6;48;2;25;18;10m⡀[38;2;24;17;9;48;2;26;19;11m▍[38;2;38;31;21m⢀[38;2;34;27;17;48;2;30;23;13m⠴[48;2;27;21;10m▅[38;2;30;23;15;48;2;34;27;17m⠹[38;2;31;24;15;48;2;28;21;13m⡙[38;2;28;21;16;48;2;24;17;11m⠤[38;2;32;25;19;48;2;23;16;8m⢈[0m
[38;2;33;26;20;48;2;28;21;15m⢠[38;2;32;25;19;48;2;29;22;16m⢄[38;2;40;36;27;48;2;33;29;20m⣨[38;2;42;38;29;48;2;37;34;24m⠍[38;2;36;31;20;48;2;43;34;25m⡌[38;2;36;37;23;48;2;44;42;29m⠥[38;2;34;23;17;48;2;34;34;24m▁[38;2;29;23;24;48;2;32;32;24m⠹[38;2;40;41;36;48;2;28;24;21m⡄[38;2;25;15;13;48;2;31;27;24m⠇[38;2;26;22;21;48;2;35;31;30m⣤[38;2;23;20;18;48;2;35;35;33m⠇[38;2;30;25;21;48;2;36;32;29m⠓[38;2;43;45;32;48;2;33;29;28m▁[38;2;46;45;52;48;2;87;111;121m▊[38;2;64;80;96;48;2;103;132;148m⢸[38;2;95;117;138;48;2;54;66;82m⢸[38;2;99;126;147;48;2;124;151;170m⠧[38;2;132;160;185;48;2;119;147;169m⢱[38;2;126;157;181;48;2;140;168;189m⢀[38;2;108;137;155;48;2;131;159;171m⣤[38;2;128;159;177;48;2;114;143;161m⠇[48;2;100;133;150m⠙[38;2;133;166;185;48;2;120;155;174m⣀[38;2;95;125;143;48;2;122;148;171m▝[38;2;94;122;141;48;2;110;139;157m⠃[38;2;118;151;171;48;2;107;135;156m▃[38;2;133;160;184;48;2;113;141;163m⢸[38;2;144;176;197;48;2;133;168;190m⠸[38;2;151;187;202;48;2;146;177;196m⢃[38;2;121;156;178;48;2;146;181;202m⠁[38;2;154;185;206;48;2;148;180;201m▝[38;2;144;174;195;48;2;150;179;200m⢸[38;2;148;180;201;48;2;143;178;198m▊[38;2;150;176;199;48;2;140;172;197m⡁[38;2;130;164;189;48;2;124;158;185m▊[38;2;117;152;179;48;2;112;145;172m⡑[38;2;111;142;163;48;2;134;165;186m⠃[38;2;135;166;187;48;2;145;178;197m⡄[38;2;114;142;163;48;2;143;169;192m⠸[38;2;134;161;180;48;2;99;125;151m⡠[38;2;115;142;161;48;2;82;112;130m⠖[38;2;108;128;150;48;2;83;105;128m⠚[38;2;116;143;168;48;2;95;117;142m⠲[38;2;131;164;193;48;2;91;113;137m⠃[38;2;98;125;144;48;2;73;100;113m⠁[38;2;102;133;156;48;2;59;86;100m⡤[38;2;75;83;91;48;2;42;42;43m⠂[38;2;75;83;94;48;2;39;35;35m▔[38;2;53;52;57;48;2;41;41;41m⢃[38;2;61;56;52;48;2;28;29;21m⡀[38;2;59;54;48;48;2;34;30;26m⢈[38;2;125;119;113;48;2;56;54;48m⣠[38;2;197;168;129;48;2;119;100;74m⢸[38;2;141;89;43;48;2;200;154;96m⢸[38;2;150;96;60;48;2;112;51;5m▕[38;2;206;161;127;48;2;135;82;41m⢸[38;2;120;58;15;48;2;187;145;102m▝[38;2;147;82;46;48;2;121;55;18m⡠[38;2;146;84;39;48;2;108;57;11m⡘[38;2;138;73;30;48;2;148;81;37m⡁[38;2;143;80;39;48;2;172;105;53m⡙[38;2;176;116;55;48;2;133;69;30m⣄[38;2;152;97;38;48;2;154;98;57m⡀[38;2;208;167;127;48;2;140;87;43m▁[38;2;85;48;23;48;2;170;131;109m⠋[38;2;220;179;146;48;2;131;86;57m⠊[38;2;119;68;37;48;2;102;60;17m▃[38;2;109;68;43;48;2;112;57;28m⢀[38;2;105;60;24;48;2;112;84;60m⠋[38;2;113;79;55;48;2;117;84;68m⠁[38;2;120;88;76;48;2;115;87;66m⢲[38;2;111;84;66;48;2;118;89;73m▅[38;2;129;96;91;48;2;119;93;70m⢀[38;2;133;111;94;48;2;119;96;79m⣠[38;2;128;126;113;48;2;135;107;93m⢀[38;2;128;116;109;48;2;195;185;189m▚[38;2;118;100;100;48;2;139;113;95m⠁[38;2;135;109;95;48;2;146;120;105m⠙[38;2;132;112;90;48;2;143;114;98m⠹[38;2;139;108;87;48;2;136;103;84m⣠[38;2;133;109;85;48;2;127;96;69m⡆[38;2;127;95;67;48;2;119;89;61m⣤[38;2;117;84;53;48;2;123;90;57m⠹[38;2;114;80;41;48;2;117;85;48m⠸[38;2;116;81;47;48;2;114;80;42m⣀[38;2;110;76;39;48;2;115;81;44m⠹[38;2;112;78;41;48;2;107;73;36m⣀[38;2;111;77;39;48;2;107;73;35m⣠[38;2;111;75;43;48;2;106;72;38m⡁[38;2;108;73;41;48;2;107;72;39m⠈[38;2;108;73;42;48;2;110;75;45m⣀[38;2;114;79;50;48;2;109;74;44m⠚[38;2;111;75;49;48;2;120;84;60m▅[38;2;126;92;65;48;2;114;79;51m⠉[38;2;125;90;67;48;2;113;83;55m⠹[38;2;117;81;61;48;2;123;88;68m⣀[38;2;187;136;96;48;2;111;75;56m⠈[38;2;28;20;6;48;2;134;72;21m⢠[38;2;128;87;48;48;2;39;34;22m▔[38;2;30;26;20;48;2;26;19;11m⠁[38;2;23;18;12;48;2;20;20;7m⢇[38;2;24;20;9;48;2;27;23;12m⠍[38;2;19;15;6;48;2;30;26;17m⠃[38;2;29;23;14;48;2;35;29;17m⠋[38;2;24;17;9;48;2;33;26;16m⣄[38;2;34;27;17;48;2;36;29;19m▔[38;2;22;15;9;48;2;32;25;19m⢀[48;2;33;26;20m⠶[38;2;32;25;19;48;2;26;20;14m⡘[38;2;34;27;19;48;2;27;20;12m⠶[48;2;24;17;7m▔[0m
[38;2;24;17;11;48;2;28;21;15m⢠[38;2;28;22;16;48;2;40;35;27m⠇[38;2;35;33;21;48;2;43;41;28m⢉[38;2;44;40;28;48;2;37;35;23m⠋[38;2;48;44;35;48;2;41;37;28m⠒[38;2;44;40;31;48;2;30;30;20m⠦[38;2;41;38;29;48;2;31;17;12m▅[38;2;24;15;13;48;2;37;31;25m⣠[38;2;24;25;20;48;2;31;30;26m▅[38;2;28;23;19;48;2;36;31;28m▊[38;2;41;35;35;48;2;33;30;29m⡆[38;2;33;28;28;48;2;22;20;21m⠭[38;2;50;53;61;48;2;41;28;29m▃[38;2;76;85;106;48;2;41;42;50m⣰[38;2;88;103;119;48;2;58;76;86m⠈[38;2;115;143;164;48;2;89;104;121m⢠[38;2;92;119;147;48;2;138;172;191m⠃[38;2;133;161;184;48;2;148;176;198m⡚[38;2;161;183;195;48;2;141;177;194m▅[38;2;161;188;205;48;2;132;162;185m⠖[38;2;159;188;206;48;2;122;158;175m⠒[38;2;151;180;196;48;2;122;149;170m⠚[38;2;127;158;176;48;2;159;185;202m▃[38;2;144;173;191;48;2;156;190;209m⣄[38;2;150;178;199;48;2;155;183;204m▔[38;2;125;153;174;48;2;154;182;203m⠉[38;2;149;181;202;48;2;126;156;176m▅[38;2;148;180;201;48;2;132;165;184m▃[38;2;138;174;192;48;2;152;183;203m⠉[38;2;150;177;198m⠬[38;2;148;179;199;48;2;149;181;202m⠊[38;2;153;189;208;48;2;146;178;199m⢀[38;2;147;180;205;48;2;145;176;198m⣨[38;2;143;172;198;48;2;147;179;204m⠰[38;2;140;172;197;48;2;131;163;188m▊[38;2;137;167;191;48;2;129;158;181m⣀[38;2;138;174;193;48;2;127;155;177m⣠[38;2;138;175;194;48;2;132;168;187m⣀[38;2;122;161;180;48;2;154;179;202m⢀[38;2;147;173;196;48;2;117;151;171m⠋[38;2;74;94;106;48;2;102;125;149m⢠[38;2;64;78;96;48;2;77;98;117m⡤[38;2;105;130;155;48;2;71;93;119m⢰[38;2;87;114;135;48;2;103;129;152m⢤[38;2;96;121;141;48;2;73;94;115m⠃[38;2;66;89;115;48;2;122;146;173m▍[38;2;83;95;110;48;2;36;33;36m▍[38;2;34;31;26;48;2;41;42;40m⣠[38;2;41;40;35;48;2;31;29;24m▝[38;2;38;39;34;48;2;48;47;43m▅[38;2;114;109;106;48;2;37;36;31m⠐[38;2;185;177;174;48;2;33;26;20m⠒[38;2;152;152;139;48;2;50;51;48m⠩[38;2;127;118;96;48;2;207;172;127m▏[38;2;185;134;89;48;2;121;54;16m▍[38;2;134;63;31;48;2;116;52;16m⢸[38;2;145;73;32;48;2;187;145;102m▍[38;2;207;170;133;48;2;209;156;116m▁[38;2;145;89;37;48;2;200;155;112m▝[38;2;171;105;53;48;2;133;63;29m⡆[38;2;218;169;127;48;2;155;89;40m▅[38;2;218;175;135;48;2;176;107;36m▅[38;2;234;194;158;48;2;213;153;93m⠶[38;2;220;173;130;48;2;242;214;182m⡉[38;2;76;24;21;48;2;210;152;124m⢀[38;2;161;106;74;48;2;92;37;29m⢃[38;2;125;72;49;48;2;130;83;52m⠁[38;2;116;88;65;48;2;113;64;31m⣤[38;2;110;71;48;48;2;112;84;68m⠋[38;2;119;90;72;48;2;114;86;64m⢠[38;2;125;96;82;48;2;117;88;70m▃[38;2;128;101;82;48;2;118;89;73m▃[38;2;134;107;90;48;2;124;93;75m▅[38;2;134;115;98;48;2;128;103;86m⣠[38;2;139;115;96;48;2;139;115;96m⠀[38;2;136;114;97;48;2;184;178;189m▚[38;2;133;116;130;48;2;144;113;101m⠁[38;2;156;131;111;48;2;149;124;102m⢀[38;2;158;131;110;48;2;152;125;104m⡄[38;2;155;126;108;48;2;146;118;97m⡄[38;2;143;115;94m⠩[38;2;141;110;89;48;2;143;116;95m⠙[38;2;130;100;76;48;2;142;111;90m⠙[38;2;126;94;69;48;2;131;102;78m⠉[38;2;118;87;59;48;2;127;96;68m▝[38;2;134;98;74;48;2;120;89;61m▁[38;2;119;88;59;48;2;113;82;53m▏[38;2;116;85;56;48;2;112;80;51m⢄[38;2;112;79;48;48;2;110;75;45m⠳[38;2;111;74;45;48;2;107;72;40m▊[38;2;108;73;41;48;2;104;69;37m⡨[38;2;110;75;43m⠨[38;2;111;76;48;48;2;106;70;38m⠉[38;2;104;69;37;48;2;107;74;43m⡤[38;2;109;75;47;48;2;109;72;43m⠹[38;2;105;72;39;48;2;112;78;50m▃[38;2;107;68;39;48;2;110;80;50m⣄[38;2;108;77;48;48;2;116;78;53m⣁[38;2;64;46;27;48;2;106;76;49m⠈[38;2;76;51;30;48;2;15;17;12m⡄[38;2;34;27;19;48;2;29;22;14m⡄[38;2;33;25;17;48;2;28;21;13m⠉[38;2;34;26;18;48;2;26;22;13m⠠[38;2;34;31;22;48;2;29;22;14m⢈[38;2;39;34;28;48;2;34;27;19m⡀[38;2;27;20;12;48;2;37;28;23m⠉[38;2;24;18;6;48;2;34;27;19m▁[38;2;32;25;17;48;2;24;17;8m▍[38;2;23;16;9;48;2;31;24;18m▅[38;2;32;25;19;48;2;25;18;12m⠇[38;2;25;16;11;48;2;21;12;7m⠳[38;2;20;11;6;48;2;26;17;12m⠹[0m
[38;2;34;27;19;48;2;27;20;12m⠭[38;2;39;33;28;48;2;46;39;33m⠓[38;2;37;30;24;48;2;28;23;17m⡁[38;2;52;50;40;48;2;36;29;23m⠰[38;2;36;32;23;48;2;41;48;32m⠉[38;2;44;41;30;48;2;45;49;34m⠁[38;2;29;19;18;48;2;35;39;25m⢰[38;2;18;16;11;48;2;28;20;18m⠱[38;2;28;24;21;48;2;25;20;17m⠲[38;2;23;19;16;48;2;28;28;21m▏[38;2;22;18;15;48;2;34;21;24m⡐[38;2;24;19;18;48;2;35;34;34m▊[38;2;54;55;59;48;2;41;41;45m⠇[38;2;83;91;104;48;2;49;51;57m⠃[38;2;71;91;103;48;2;46;59;71m⢰[38;2;92;120;137;48;2;125;152;171m▍[38;2;97;130;150;48;2;111;148;167m⡄[38;2;124;155;175;48;2;141;164;182m⡤[38;2;110;132;151;48;2;143;172;189m⢠[38;2;99;125;141;48;2;112;147;169m▅[38;2;114;145;163;48;2;105;133;155m⠵[38;2;106;137;154;48;2;112;141;159m⣀[38;2;94;112;134;48;2;118;151;168m⡀[38;2;114;144;164;48;2;124;162;181m▊[38;2;131;169;189;48;2;146;177;198m⡤[38;2;147;175;196;48;2;135;170;191m▝[38;2;150;176;199;48;2;148;180;203m⢤[38;2;153;181;203;48;2;145;172;194m⠹[38;2;157;185;207;48;2;152;182;206m⠍[38;2;149;184;206;48;2;156;187;208m⣤[38;2;160;181;204;48;2;153;184;204m⠃[38;2;160;192;214;48;2;149;186;204m▁[38;2;152;183;203;48;2;145;179;199m⣤[38;2;144;176;199;48;2;149;181;204m⠓[38;2;142;174;197;48;2;148;180;201m⠌[38;2;136;168;192;48;2;145;177;202m⠉[38;2;140;172;196;48;2;148;177;198m⡄[38;2;152;185;212;48;2;144;177;194m⠈[38;2;154;176;206;48;2;116;147;168m⠁[38;2;96;127;148;48;2;118;149;172m⢸[38;2;110;139;160;48;2;79;103;130m▁[38;2;133;156;180;48;2;82;98;121m⣀[38;2;73;94;118;48;2;110;137;157m⠃[38;2;119;148;169;48;2;92;121;144m⠤[38;2;95;123;145;48;2;68;85;105m▅[38;2;97;126;148;48;2;117;153;172m⢠[38;2;81;99;116;48;2;48;49;54m⠆[38;2;47;46;41;48;2;36;35;33m⠖[38;2;33;32;28;48;2;43;42;39m▅[38;2;36;35;30;48;2;43;42;37m⡖[38;2;34;33;28;48;2;39;38;33m▕[38;2;145;142;127;48;2;30;31;25m⠠[38;2;164;161;138;48;2;47;43;30m⢴[38;2;123;110;90;48;2;193;165;140m⣀[38;2;149;93;42;48;2;174;133;79m⠸[38;2;148;79;40;48;2;121;61;20m▝[38;2;182;147;93;48;2;146;79;37m▝[38;2;226;197;156;48;2;199;156;114m⠃[38;2;192;133;95;48;2;204;157;117m⢸[38;2;151;98;55;48;2;133;82;28m▊[38;2;131;79;31;48;2;200;142;97m▏[38;2;188;121;92;48;2;183;114;76m⣁[38;2;201;147;114;48;2;190;121;79m⣰[38;2;125;94;82;48;2;175;161;151m⢠[38;2;115;63;31;48;2;162;118;98m⢸[38;2;113;66;31;48;2;136;96;66m▍[38;2;125;90;68;48;2;148;112;84m⣤[38;2;132;106;83;48;2;121;93;71m▃[38;2;129;101;77;48;2;121;94;72m⢰[38;2;128;100;88;48;2;125;98;79m▃[38;2;123;96;79;48;2;126;104;84m⠖[38;2;136;107;89;48;2;132;101;84m⢠[38;2;135;108;91;48;2;138;111;94m▍[38;2;136;116;109;48;2;137;110;96m⢀[38;2;128;112;95;48;2;189;191;195m⢃[38;2;129;109;90;48;2;142;117;103m▏[38;2;155;126;108;48;2;150;122;108m⣠[38;2;156;128;106;48;2;153;126;105m⣄[38;2;160;129;108;48;2;152;125;104m⣐[38;2;152;124;103;48;2;156;129;108m⠙[38;2;145;114;94;48;2;153;122;102m⢀[38;2;152;117;98;48;2;148;114;95m▅[38;2;134;102;78;48;2;143;111;89m⣠[38;2;129;96;68;48;2;136;103;80m▅[38;2;122;89;52;48;2;124;89;66m▃[38;2;124;90;65;48;2;121;85;58m⠋[38;2;124;89;61;48;2;120;85;57m⠧[38;2;121;85;58;48;2;117;80;52m⠇[38;2;110;75;45;48;2;114;79;49m⢠[38;2;109;74;44;48;2;108;73;37m▊[38;2;109;75;40;48;2;105;71;36m⠃[38;2;101;68;33;48;2;103;68;35m⣆[38;2;99;63;31;48;2;104;68;36m⣠[38;2;100;64;31;48;2;102;65;35m⡖[38;2;104;67;40;48;2;101;65;31m⠙[38;2;102;67;39;48;2;99;66;34m⠋[38;2;99;61;30;48;2;103;68;36m⢖[38;2;100;61;32;48;2;103;69;37m⣁[38;2;112;79;44;48;2;102;67;37m⢠[38;2;55;39;23;48;2;101;67;46m▝[38;2;31;24;16;48;2;31;24;16m⠀[38;2;31;21;16;48;2;26;20;8m⣂[38;2;29;25;20;48;2;24;15;8m▃[38;2;32;24;17;48;2;35;26;22m⠤[38;2;34;30;24;48;2;32;26;20m⡤[38;2;26;17;11;48;2;31;22;17m▅[38;2;21;14;8;48;2;25;18;10m⢠[38;2;27;19;17;48;2;22;15;7m⢰[38;2;27;19;15;48;2;22;15;9m⡦[38;2;28;21;15m⣠[38;2;29;22;16m⡰[38;2;27;20;14;48;2;30;23;17m⠳[0m
[38;2;22;15;9;48;2;30;26;18m⠧[38;2;33;28;20;48;2;43;36;30m⣰[38;2;38;33;27;48;2;32;27;21m⢰[38;2;35;31;23;48;2;30;26;20m⡂[38;2;43;43;33;48;2;28;23;18m⠉[38;2;44;44;34;48;2;26;21;18m▔[38;2;27;17;18;48;2;31;22;19m⠰[38;2;24;15;16;48;2;32;24;22m▅[38;2;29;24;21;48;2;25;20;17m⣁[38;2;33;30;25;48;2;24;19;16m▊[38;2;30;24;24;48;2;28;19;20m⢤[38;2;36;31;31;48;2;31;23;21m▕[38;2;36;32;39;48;2;39;40;45m⠪[38;2;47;45;55;48;2;45;50;60m▊[38;2;58;67;79;48;2;93;113;130m▊[38;2;93;119;139;48;2;104;131;150m⢸[38;2;116;144;160;48;2;99;114;135m⢸[38;2;112;145;160;48;2;119;152;167m▅[38;2;97;123;140;48;2;117;138;157m⢠[38;2;81;107;123;48;2;99;127;143m⢰[38;2;87;109;129;48;2;101;128;148m▃[38;2;103;132;150;48;2;90;117;135m⠉[38;2;86;108;126;48;2;103;121;143m▅[38;2;102;133;154;48;2;121;151;165m⡄[38;2;148;175;194;48;2;129;156;172m⠈[38;2;116;145;171;48;2;126;156;182m⢢[38;2;132;168;187;48;2;146;181;201m⣤[38;2;136;170;190;48;2;141;176;196m⡀[38;2;149;179;203;48;2;140;175;195m⠸[38;2;148;180;202;48;2;157;184;207m⣄[38;2;156;188;211;48;2;155;183;203m⢲[38;2;155;187;210;48;2;149;181;204m⠉[38;2;144;180;202;48;2;150;182;205m⠴[38;2;151;181;204;48;2;147;179;202m⠳[38;2;153;184;210;48;2;152;185;203m⠄[38;2;155;184;211;48;2;146;178;202m⣰[38;2;156;187;206;48;2;147;178;198m⢆[38;2;132;164;184;48;2;149;180;201m⢈[38;2;117;147;171;48;2;131;163;183m⠉[38;2;120;145;170;48;2;124;151;175m⡀[38;2;77;110;134;48;2;117;145;166m⣀[38;2;91;112;130;48;2;115;135;159m⣠[38;2;116;145;166;48;2;94;119;144m⠚[38;2;82;100;112;48;2;92;111;129m▃[38;2;59;79;99;48;2;105;133;155m⡆[38;2;85;95;109;48;2;111;137;161m⢸[38;2;46;50;59;48;2;37;36;32m▍[38;2;48;47;42;48;2;30;29;24m⣀[38;2;54;54;50;48;2;37;36;32m⠈[38;2;47;48;43;48;2;36;37;31m⣀[38;2;51;48;42;48;2;39;40;32m⣤[38;2;152;151;138;48;2;47;41;31m⠐[38;2;45;41;31;48;2;114;116;104m▅[38;2;120;108;86;48;2;44;35;31m▔[38;2;101;93;63;48;2;170;120;78m⡆[38;2;137;69;29;48;2;189;141;94m⠹[38;2;151;82;38;48;2;163;102;54m⡔[38;2;161;107;66;48;2;215;158;115m⠇[38;2;171;122;79;48;2;205;165;119m⠚[38;2;141;85;33;48;2;187;146;104m▝[38;2;208;152;115;48;2;229;177;139m⠉[38;2;222;178;144;48;2;202;157;126m⡦[38;2;121;89;80;48;2;198;186;168m⢠[38;2;232;203;192;48;2;136;105;90m⣰[38;2;163;134;108;48;2;138;95;64m⠃[38;2;124;96;64;48;2;127;77;50m⣤[38;2;140;115;96;48;2;133;96;70m⣠[38;2;148;117;96;48;2;138;107;86m⠃[38;2;143;113;92;48;2;135;109;86m⡖[38;2;137;110;93;48;2;133;106;88m⡐[38;2;134;110;92;48;2;127;101;84m▅[38;2;141;110;99;48;2;132;111;95m⠸[38;2;141;123;110;48;2;143;114;97m⢀[38;2;147;117;98;48;2;191;188;194m⢃[38;2;187;187;208;48;2;133;100;74m⠁[38;2;151;124;103;48;2;153;124;106m⠂[38;2;161;132;114;48;2;154;125;107m⡰[38;2;149;117;96;48;2;155;126;108m⢠[38;2;159;127;106;48;2;153;121;100m⠋[38;2;157;125;104;48;2;151;119;98m⠋[38;2;143;112;91;48;2;147;116;95m⢈[38;2;147;121;98;48;2;136;109;87m⠁[38;2;138;102;78;48;2;132;96;69m▍[38;2;115;80;48;48;2;127;94;59m⢠[38;2;99;66;25;48;2;113;81;44m⣠[38;2;108;74;36;48;2;111;80;51m▅[38;2;112;77;49;48;2;106;72;34m⠋[38;2;119;82;52;48;2;109;75;37m⠈[38;2;115;79;46;48;2;108;72;38m⠇[38;2;115;79;45;48;2;107;71;37m▁[38;2;105;69;33;48;2;107;71;35m⠰[38;2;106;70;34;48;2;103;68;30m⡅[38;2;100;65;27m⠳[38;2;102;66;31;48;2;99;64;30m⡀[38;2;98;62;30;48;2;103;64;33m⣨[38;2;96;61;29;48;2;99;63;31m⠲[38;2;98;60;24;48;2;104;62;30m⡤[38;2;90;59;24;48;2;96;62;28m⢠[38;2;102;73;40;48;2;94;60;28m▝[38;2;101;66;44;48;2;104;68;33m⠉[38;2;20;7;0;48;2;87;58;33m⠸[38;2;30;22;17;48;2;30;22;17m⠀[38;2;31;23;21;48;2;43;39;35m▅[38;2;33;30;25;48;2;28;23;17m⡉[38;2;29;22;16;48;2;22;17;11m⠡[38;2;27;20;14;48;2;22;15;9m⢈[38;2;28;20;17;48;2;22;14;12m▚[38;2;30;23;17;48;2;24;16;14m⡄[38;2;23;15;11;48;2;28;21;16m⠄[38;2;28;22;10;48;2;32;25;16m⢂[38;2;25;18;10;48;2;33;26;17m⢠[38;2;34;27;19;48;2;26;20;13m⠉[0m
[38;2;21;21;11;48;2;39;35;26m⠋[38;2;45;37;29;48;2;34;29;21m⠐[38;2;35;28;24;48;2;47;42;32m⠤[38;2;27;17;16;48;2;41;41;31m⠒[38;2;33;36;20;48;2;41;43;29m⠒[38;2;31;33;18;48;2;40;43;31m⣀[38;2;32;22;26;48;2;38;42;28m⣤[38;2;21;22;15;48;2;34;24;22m⠫[38;2;24;19;15;48;2;30;25;21m⢁[38;2;31;27;21;48;2;26;21;16m⠵[38;2;57;64;70;48;2;29;23;21m⢀[38;2;36;26;24;48;2;41;46;49m⢃[38;2;58;68;77;48;2;44;47;56m⠈[38;2;115;132;146;48;2;60;72;83m⣠[38;2;66;80;102;48;2;115;143;160m⡁[38;2;119;144;165;48;2;134;164;186m⠍[38;2;113;142;164;48;2;144;175;195m⠁[38;2;137;169;184;48;2;120;149;167m⠶[38;2;107;132;149;48;2;121;149;175m⠙[38;2;113;145;165;48;2;100;128;145m⡤[38;2;93;117;136;48;2;83;104;118m⠒[38;2;88;105;121;48;2;88;116;137m⣁[38;2;75;96;115;48;2;81;108;125m⡚[38;2;111;143;163;48;2;91;118;137m⠺[38;2;125;153;174;48;2;116;142;164m⢇[38;2;123;156;175;48;2;109;136;157m⡁[38;2;125;146;170;48;2;129;166;185m▍[38;2;140;171;192;48;2;131;162;183m⢘[38;2;134;169;189;48;2;145;176;197m⣤[38;2;149;178;199;48;2;145;174;195m⢰[38;2;149;177;198;48;2;152;182;208m⡒[38;2;153;187;203;48;2;147;179;203m⠲[38;2;152;180;204;48;2;145;183;202m▁[38;2;154;185;206;48;2;146;178;199m⡀[38;2;137;172;192;48;2;147;180;200m⣀[38;2;138;169;198;48;2;143;176;204m⣐[38;2;142;170;194;48;2;131;157;182m⠙[38;2;138;164;189;48;2;126;154;178m⢁[38;2;126;154;179;48;2;121;147;172m⠳[38;2;87;110;128;48;2;116;148;169m⣠[38;2;68;93;113;48;2;79;110;131m⡥[38;2;92;117;138;48;2;80;98;112m▍[38;2;129;158;177;48;2;93;120;138m⢀[38;2;137;167;191;48;2;66;102;121m⣀[38;2;65;86;104;48;2;134;154;178m⠃[38;2;85;103;118;48;2;117;145;167m⢘[38;2;64;81;93;48;2;54;52;53m⠆[38;2;52;50;54;48;2;41;42;36m⠆[38;2;57;58;53;48;2;42;36;39m▁[38;2;36;36;34;48;2;42;42;40m⠶[38;2;41;40;42;48;2;55;57;44m⣤[38;2;48;48;38;48;2;39;29;26m⠃[38;2;40;35;31;48;2;52;49;40m▅[38;2;16;15;13;48;2;34;30;23m⢤[38;2;175;151;128;48;2;57;47;41m⢸[38;2;237;212;176;48;2;222;185;146m⣢[38;2;155;90;44;48;2;217;164;118m⠙[38;2;201;160;103;48;2;171;101;48m⡘[38;2;187;138;108;48;2;217;182;151m⡈[38;2;247;224;203;48;2;218;180;137m▃[38;2;206;168;130;48;2;230;179;148m⢇[38;2;102;91;85;48;2;207;176;153m⢀[38;2;110;61;42;48;2;198;152;117m⠆[38;2;225;195;171;48;2;160;129;99m⠇[38;2;139;117;94;48;2;173;157;135m⣻[38;2;137;113;91;48;2;132;106;79m⡄[38;2;153;129;105;48;2;127;99;76m⠉[38;2;144;119;97;48;2;130;106;84m⢰[38;2;138;111;90;48;2;144;122;99m⢡[38;2;143;118;98;48;2;140;115;95m⢃[38;2;147;122;102;48;2;141;116;96m⢰[38;2;145;121;100;48;2;145;121;105m⠜[38;2;140;117;105;48;2;180;177;194m⠇[38;2;191;189;199;48;2;118;89;77m⠃[38;2;126;101;75;48;2;150;124;110m⠁[38;2;156;129;110;48;2;157;132;112m⠙[38;2;157;126;105;48;2;160;129;109m⢲[38;2;140;114;91;48;2;150;119;98m⢠[38;2;139;108;87;48;2;148;120;98m⣤[38;2;134;104;76;48;2;140;107;88m⢐[38;2;124;95;65;48;2;140;110;86m▅[38;2;122;92;61;48;2;135;104;73m▅[38;2;116;85;54;48;2;129;95;64m▃[38;2;114;79;47;48;2;125;90;58m⣠[38;2;107;73;38;48;2;86;51;19m⣆[38;2;77;42;12;48;2;98;61;33m⡄[38;2;111;73;34;48;2;106;66;30m⠩[38;2;105;67;36;48;2;107;72;35m⠈[38;2;106;70;39;48;2;114;74;38m⠋[38;2;113;73;41;48;2;110;70;34m⠢[38;2;110;75;37;48;2;107;71;35m⠁[38;2;100;65;33;48;2;105;72;38m⢇[38;2;108;69;35;48;2;103;70;27m▍[38;2;90;54;29;48;2;96;59;27m▁[38;2;97;60;33;48;2;95;59;24m▍[38;2;94;59;21;48;2;98;62;30m⠓[38;2;95;59;25;48;2;96;59;32m⠖[38;2;96;61;21;48;2;100;64;30m⢴[38;2;96;61;24;48;2;100;63;33m⣤[38;2;98;65;35;48;2;96;62;27m▚[38;2;82;64;41;48;2;94;64;30m⠈[38;2;60;40;23;48;2;40;35;29m▏[38;2;36;29;23;48;2;29;26;21m⢉[38;2;33;28;22;48;2;27;23;16m⡃[38;2;20;13;7;48;2;29;22;16m⡘[38;2;21;14;8;48;2;26;19;13m⠇[38;2;27;20;14;48;2;32;25;19m⡤[48;2;32;24;18m▊[38;2;35;30;24;48;2;27;22;16m⠂[38;2;20;15;9;48;2;32;27;21m⠈[38;2;30;25;19;48;2;25;20;14m⣤[38;2;23;18;12;48;2;33;28;22m⠉[0m
[38;2;34;34;20;48;2;40;41;24m⠴[38;2;34;31;19;48;2;42;40;28m⠂[38;2;35;38;27;48;2;40;49;29m⠖[38;2;48;50;33;48;2;40;43;29m⠦[38;2;34;34;21;48;2;40;42;28m⣠[38;2;37;32;27;48;2;26;20;18m▍[38;2;36;39;30;48;2;31;22;13m⢰[38;2;40;45;35;48;2;35;33;26m⡄[38;2;42;39;32;48;2;28;28;20m⠄[38;2;38;31;29;48;2;18;16;13m⢀[38;2;40;38;42;48;2;67;74;82m⢱[38;2;40;47;48;48;2;36;34;33m⢀[38;2;80;103;120;48;2;42;43;49m⢸[38;2;119;141;162;48;2;61;78;93m⠃[38;2;74;91;108;48;2;100;125;149m⠁[38;2;118;144;158;48;2;132;162;186m▏[38;2;135;171;187;48;2;116;145;163m⠋[38;2;130;160;178;48;2;109;140;158m▝[38;2;106;129;145;48;2;118;149;167m⣰[38;2;100;123;139;48;2;80;99;112m⠁[38;2;87;107;118;48;2;70;89;99m⢡[38;2;80;102;113;48;2;68;84;97m▃[38;2;74;92;106;48;2;87;105;119m▊[38;2;87;114;125;48;2;76;98;111m▍[38;2;119;146;168;48;2;93;116;128m⢸[38;2;114;144;169;48;2;130;158;179m⢸[38;2;136;169;189;48;2;127;158;179m⢠[38;2;138;170;191;48;2;131;163;184m⣀[38;2;146;172;195;48;2;140;169;187m▕[38;2;151;185;210;48;2;145;176;197m⢀[38;2;152;182;209;48;2;148;178;202m⡄[38;2;151;181;205;48;2;146;176;200m⢤[38;2;147;178;199;48;2;150;181;202m⠣[38;2;138;169;190;48;2;143;174;195m⣈[38;2;140;175;199;48;2;134;165;187m⠨[38;2;127;157;181;48;2;141;173;196m⣰[38;2;127;157;183;48;2;123;148;172m⢸[38;2;120;148;170;48;2;124;154;180m▝[38;2;109;132;150;48;2;117;143;166m⢁[38;2;102;132;158;48;2;93;120;142m⠲[38;2;116;148;164;48;2;100;133;150m⠴[38;2;98;127;143;48;2;137;169;189m⢉[38;2;135;153;183;48;2;96;128;153m⠋[38;2;87;110;128;48;2;121;149;166m⢰[38;2;97;122;144;48;2;134;164;184m⠣[38;2;82;101;116;48;2;42;52;55m⡁[38;2;46;42;42;48;2;42;36;37m⢅[38;2;45;40;44;48;2;40;36;36m⣁[38;2;39;34;38;48;2;39;35;34m⡀[38;2;34;30;31;48;2;37;33;34m⢇[38;2;47;44;39;48;2;36;32;29m⠚[38;2;37;34;27;48;2;37;34;27m⠀[38;2;129;125;115;48;2;31;19;4m⠤[38;2;221;212;190;48;2;97;86;75m⠒[38;2;127;103;87;48;2;222;197;167m⡀[38;2;192;167;129;48;2;234;195;155m▅[38;2;234;191;148;48;2;209;162;112m⠰[38;2;188;143;104;48;2;219;174;135m⠜[38;2;179;122;70;48;2;214;174;138m⠃[38;2;218;187;156;48;2;246;218;201m⣀[38;2;141;116;104;48;2;223;188;166m⢀[38;2;131;81;44;48;2;229;191;166m⠎[38;2;211;165;140;48;2;172;136;111m▏[38;2;135;105;81;48;2;155;129;105m⢠[38;2;147;118;94;48;2;132;100;77m⠁[38;2;141;113;92;48;2;129;102;75m⢀[38;2;147;120;100;48;2;139;114;93m⡀[38;2;148;121;102;48;2;153;131;110m⢅[38;2;146;121;101;48;2;147;122;102m⠎[38;2;141;123;102;48;2;145;119;101m⢖[38;2;185;182;183;48;2;141;117;101m▁[38;2;177;197;216;48;2;136;114;94m▅[38;2;73;74;75;48;2;191;201;210m⢸[38;2;116;94;72;48;2;151;128;111m▏[38;2;164;142;129;48;2;160;136;124m⣀[38;2;154;132;119;48;2;163;136;123m▅[38;2;156;130;113;48;2;153;125;104m⡆[38;2;139;118;89;48;2;145;117;96m⢀[38;2;125;99;75;48;2;134;105;83m⢠[38;2;117;90;69;48;2;128;93;65m⡄[38;2;117;83;47;48;2;125;92;61m⣤[38;2;119;85;52;48;2;110;77;38m⠃[38;2;109;76;38;48;2;101;70;31m⠋[38;2;100;66;25;48;2;109;70;34m⠶[38;2;102;67;27;48;2;104;62;22m⢉[38;2;60;26;3;48;2;84;53;20m⢘[38;2;69;33;9;48;2;96;54;22m⡄[38;2;102;63;26;48;2;110;71;37m⡆[38;2;115;77;40;48;2;110;71;38m⠺[38;2;107;67;42;48;2;114;75;46m⢀[38;2;103;67;35;48;2;111;72;41m⣤[38;2;110;73;42;48;2;107;71;39m⠴[38;2;101;65;32;48;2;103;67;33m⠰[38;2;100;64;30;48;2;102;66;31m⢒[38;2;96;59;28;48;2;100;64;33m⢒[38;2;101;65;29;48;2;95;59;28m⡄[38;2;94;58;25;48;2;96;60;26m⣂[38;2;95;60;22;48;2;93;57;21m⠉[38;2;97;62;30;48;2;93;58;26m⠒[38;2;96;61;29;48;2;94;59;27m⠩[38;2;99;62;33;48;2;102;63;30m⡚[38;2;89;65;39;48;2;32;28;26m▍[38;2;19;12;6;48;2;30;25;19m⣀[38;2;26;19;11;48;2;33;26;18m⡠[38;2;25;16;8;48;2;25;18;15m⠱[38;2;26;25;14;48;2;23;11;11m⢀[38;2;34;27;21;48;2;24;17;11m⢸[38;2;35;28;22;48;2;28;21;15m⣃[38;2;24;17;11;48;2;31;24;15m⠃[38;2;33;26;18;48;2;37;30;20m⢃[38;2;24;19;13;48;2;30;24;16m⣠[38;2;36;31;25;48;2;26;21;15m⠙[0m
[38;2;38;39;23;48;2;42;46;29m⠣[38;2;35;36;27;48;2;44;50;30m⢀[38;2;25;24;18;48;2;40;45;25m▃[38;2;24;19;17;48;2;33;37;23m⢠[38;2;30;25;21;48;2;23;18;15m⠨[38;2;41;43;37;48;2;33;24;15m⢀[38;2;36;29;23;48;2;26;23;16m⡉[38;2;25;25;17;48;2;36;36;27m⢲[38;2;23;18;15;48;2;27;22;19m⠕[38;2;34;29;26;48;2;23;18;15m⣀[38;2;55;54;56;48;2;32;30;35m⠃[38;2;50;63;71;48;2;44;39;44m⢀[38;2;54;81;92;48;2;84;112;124m⢇[38;2;89;104;119;48;2;62;82;97m⢬[38;2;82;112;118;48;2;120;147;163m⠇[38;2;112;139;158;48;2;137;163;185m⣰[38;2;102;128;145;48;2;109;134;152m⡒[38;2;100;126;143;48;2;110;137;154m⡈[38;2;82;105;119;48;2;99;122;136m⢘[38;2;91;113;126;48;2;69;91;105m⡄[38;2;79;100;112;48;2;84;111;128m⡃[38;2;87;113;129;48;2;79;100;114m⣄[38;2;82;103;120;48;2;93;120;134m⠋[38;2;83;112;124;48;2;96;115;127m⠜[38;2;129;158;176;48;2;105;129;142m⢸[38;2;138;169;189;48;2;128;160;181m⠓[38;2;136;171;191;48;2;149;181;202m⠃[38;2;143;178;198;48;2;153;184;205m⠙[38;2;150;181;202;48;2;146;177;198m⠖[38;2;155;186;207;48;2;149;180;200m⡤[38;2;148;178;204;48;2;151;181;205m▏[38;2;150;181;202;48;2;145;177;200m⣂[38;2;141;178;201;48;2;154;180;203m⢠[38;2;145;181;207;48;2;136;167;188m▅[38;2;137;173;195;48;2;144;178;202m▔[38;2;139;171;196;48;2;130;157;184m▅[38;2;123;149;174;48;2;132;155;185m⢸[38;2;127;162;183;48;2;121;156;178m⠁[38;2;104;133;160;48;2;113;143;171m⠎[38;2;111;144;164;48;2;99;127;149m⣠[38;2;138;160;184;48;2;115;147;168m⣰[38;2;94;123;145;48;2;142;166;190m▝[38;2;136;165;187;48;2;102;135;155m⠔[38;2;82;114;137;48;2;112;146;171m⡥[38;2;94;117;135;48;2;141;168;198m⢸[38;2;89;110;124;48;2;46;57;64m⡀[38;2;47;47;45;48;2;40;42;43m⡙[38;2;37;37;38;48;2;41;41;43m⠸[38;2;60;55;55;48;2;37;33;34m⠐[38;2;43;41;41;48;2;36;34;37m⠳[38;2;39;40;30;48;2;45;46;35m⠙[38;2;41;42;37;48;2;40;36;29m⣠[38;2;25;25;23;48;2;41;37;29m⡄[38;2;42;37;34;48;2;51;47;37m⠈[38;2;187;166;153;48;2;38;36;26m▔[38;2;135;107;82;48;2;32;31;27m▔[38;2;118;93;71;48;2;165;122;97m⡆[38;2;213;169;135;48;2;183;143;108m⠸[38;2;194;144;108;48;2;210;165;132m⢸[38;2;180;136;104;48;2;205;176;154m⠇[38;2;152;115;84;48;2;243;216;177m⠎[38;2;197;168;138;48;2;219;192;160m⠰[38;2;194;162;142;48;2;150;132;103m⠃[38;2;133;107;84;48;2;141;114;93m▝[38;2;140;114;91;48;2;129;103;80m⣄[38;2;148;121;98;48;2;139;113;90m⡘[38;2;142;118;94;48;2;149;125;99m⠎[38;2;163;142;118;48;2;151;123;100m⠰[38;2;191;198;205;48;2;150;127;103m⢀[38;2;137;124;111;48;2;171;193;209m⠋[38;2;159;177;191;48;2;181;196;210m⡄[38;2;167;185;199;48;2;172;194;209m⣰[38;2;124;134;144;48;2;181;199;211m⠈[38;2;145;129;109;48;2;158;139;132m▍[38;2;158;140;131;48;2;164;142;131m⡂[38;2;158;136;123;48;2;166;144;131m⠸[38;2;163;140;126;48;2;154;129;115m⡄[38;2;152;126;113;48;2;139;119;102m⣄[38;2;141;120;100;48;2;137;113;89m⡆[38;2;129;102;81;48;2;123;93;59m⣤[38;2;117;91;68;48;2;108;79;47m⡄[38;2;101;68;30;48;2;107;78;41m⠹[38;2;99;63;25;48;2;96;67;29m⠖[38;2;98;60;23;48;2;101;65;33m⠃[38;2;89;55;17;48;2;97;62;23m⠠[38;2;64;32;3;48;2;85;53;15m⠸[38;2;83;52;20;48;2;47;19;10m▝[38;2;91;64;24;48;2;102;63;33m▍[38;2;112;76;44;48;2;108;68;38m⠺[38;2;108;69;38;48;2;110;75;43m⡰[38;2;106;71;39;48;2;111;72;41m⠓[38;2;110;72;41;48;2;105;68;36m▁[38;2;112;72;41;48;2;101;68;35m⠖[38;2;105;71;35;48;2;105;64;31m⢆[38;2;100;64;32;48;2;98;62;26m⣂[48;2;96;60;25m▃[38;2;99;62;33;48;2;96;60;26m⣠[38;2;96;59;30;48;2;95;59;25m⡤[38;2;99;59;31;48;2;92;53;24m⠲[38;2;106;73;42;48;2;101;60;35m⣀[38;2;102;67;34;48;2;98;64;33m⠃[38;2;91;63;40;48;2;57;39;24m▊[38;2;11;9;6;48;2;25;18;11m⠋[38;2;36;28;25;48;2;27;20;15m⢉[38;2;26;19;13;48;2;32;25;19m⢲[38;2;24;17;11;48;2;27;20;14m⡣[38;2;28;23;17;48;2;30;25;19m⣄[38;2;25;20;14;48;2;32;27;21m⡠[38;2;34;28;23;48;2;27;24;14m⡡[38;2;35;28;20;48;2;28;25;16m⢑[38;2;27;24;19;48;2;35;33;23m⠭[38;2;26;20;13;48;2;36;32;21m⠬[0m
[38;2;36;36;24;48;2;43;43;31m⢒[38;2;24;20;9;48;2;42;40;28m⠚[38;2;38;33;27;48;2;24;18;20m⡤[38;2;29;24;22;48;2;21;16;14m⡖[38;2;37;32;28;48;2;22;16;17m⣀[38;2;33;34;29;48;2;26;25;21m⠍[38;2;34;31;22;48;2;22;19;12m⠶[38;2;37;34;32;48;2;29;27;22m⢱[38;2;44;40;39;48;2;32;22;25m⠁[38;2;37;33;31;48;2;29;26;26m⢠[38;2;36;40;41;48;2;57;56;62m⣡[38;2;94;113;133;48;2;57;66;71m⢸[38;2;97;129;145;48;2;49;65;78m⠃[38;2;106;132;155;48;2;54;69;90m⢸[38;2;123;156;175;48;2;145;172;191m▔[38;2;135;162;181;48;2;113;142;160m⡆[38;2;91;120;138;48;2;102;125;148m⣃[38;2;86;104;123;48;2;105;126;142m⢀[38;2;91;110;120;48;2;81;99;111m⠡[38;2;77;96;111;48;2;74;92;106m⠁[38;2;90;118;129;48;2;79;101;115m⠃[38;2;106;134;147;48;2;85;112;123m▝[38;2;76;99;113;48;2;92;118;131m⣆[38;2;105;128;142;48;2;89;112;126m⠓[38;2;130;158;179;48;2;105;131;145m⢸[38;2;135;163;184;48;2;129;157;178m⡀[48;2;145;173;195m▍[38;2;143;175;196;48;2;150;181;202m⣀[38;2;136;168;190;48;2;143;175;198m⡀[38;2;145;180;202;48;2;142;177;199m⠊[38;2;143;179;201;48;2;147;183;205m▚[38;2;141;172;190;48;2;144;177;196m⢠[38;2;142;176;201;48;2;145;179;204m⡆[38;2;140;174;199m⣤[38;2;135;169;194;48;2;140;174;199m⢠[38;2;120;152;175;48;2;132;164;187m⣤[38;2;115;146;167;48;2;123;154;174m⡦[38;2;111;133;160;48;2;117;138;167m⢠[38;2;120;151;169;48;2;109;141;159m⣡[38;2;136;172;198;48;2;121;154;174m⢀[38;2;101;126;148;48;2;143;168;190m⢰[38;2;88;117;141;48;2;118;145;167m⠃[38;2;90;113;137;48;2;86;102;118m▏[38;2;120;136;164;48;2;89;107;125m⢸[38;2;66;87;107;48;2;105;126;153m⢰[38;2;73;87;91;48;2;46;45;41m⠁[38;2;51;46;51;48;2;42;36;40m⠁[38;2;39;34;13;48;2;40;40;40m⢰[38;2;63;62;39;48;2;32;32;25m⠄[38;2;33;32;30;48;2;40;39;37m⠓[38;2;48;44;43;48;2;40;40;38m⠓[38;2;35;31;28;48;2;42;37;34m⢠[38;2;44;45;38;48;2;39;37;33m⢰[38;2;40;37;28;48;2;48;44;39m⣨[38;2;47;44;35;48;2;34;33;28m⣃[38;2;52;47;51;48;2;31;27;28m⢀[38;2;190;182;180;48;2;43;42;29m⡀[38;2;134;96;66;48;2;178;129;94m▏[38;2;205;182;172;48;2;187;146;120m⢰[38;2;151;127;121;48;2;232;201;180m⡌[38;2;192;165;128;48;2;235;201;172m⣰[38;2;219;192;165;48;2;165;138;109m⠈[38;2;152;125;106;48;2;145;117;92m⠃[38;2;165;141;117;48;2;146;121;98m⢀[38;2;151;125;102;48;2;143;117;94m⡀[38;2;161;130;107;48;2;145;117;95m▃[38;2;177;178;183;48;2;152;120;97m⢀[38;2;165;140;111;48;2;169;184;205m⠋[38;2;169;187;209;48;2;169;187;209m⠀[38;2;170;192;213;48;2;167;188;206m⣠[38;2;164;185;204;48;2;170;192;213m⢢[38;2;168;191;205;48;2;163;185;202m⠐[38;2;164;191;200;48;2;173;186;215m⡤[38;2;179;192;204;48;2;155;138;128m▏[38;2;157;144;136;48;2;163;143;136m⡅[38;2;160;146;133;48;2;163;147;132m⢒[38;2;164;140;127;48;2;154;135;122m⡘[38;2;154;132;118;48;2;148;122;109m⣆[38;2;173;154;137;48;2;149;130;116m⡀[38;2;137;117;105;48;2;148;131;115m⠙[38;2;140;117;99;48;2;128;106;83m⣤[38;2;131;106;85;48;2;121;95;60m⣤[38;2;123;94;69;48;2;112;78;50m⣄[38;2;109;77;43;48;2;101;64;30m▃[38;2;97;65;26;48;2;108;74;39m⠹[38;2;102;68;33;48;2;87;58;20m⣄[38;2;85;50;26;48;2;61;28;9m⣆[38;2;61;31;14;48;2;94;57;31m⣆[38;2;103;67;33;48;2;98;61;32m⠌[38;2;102;66;32;48;2;105;70;38m⡃[38;2;105;67;36;48;2;110;69;39m⣀[38;2;105;69;37;48;2;106;65;37m⠈[38;2;99;64;34;48;2;101;68;37m⠥[38;2;103;67;38;48;2;106;67;38m⠚[38;2;111;66;40;48;2;104;69;39m⣀[38;2;108;67;39;48;2;99;60;32m⣢[38;2;103;65;40;48;2;101;65;32m⡅[38;2;101;64;33;48;2;97;61;26m⣤[38;2;103;64;33;48;2;99;60;28m⢰[38;2;100;63;35;48;2;94;60;33m⣆[38;2;93;57;27;48;2;101;66;36m⠓[38;2;93;56;30;48;2;98;62;35m⢸[38;2;59;40;27;48;2;22;22;15m▍[38;2;32;23;20;48;2;21;13;10m⡀[38;2;24;20;16;48;2;36;27;24m⣠[38;2;37;32;26;48;2;29;19;11m⣀[38;2;43;34;27;48;2;28;17;13m⠐[38;2;39;35;23;48;2;31;29;14m▁[38;2;34;28;17;48;2;37;30;17m⢋[38;2;27;24;18;48;2;44;41;27m⠋[38;2;34;25;18;48;2;39;36;27m▃[38;2;38;35;26;48;2;33;29;20m⢁[0m
[38;2;37;39;25;48;2;41;43;28m⢖[38;2;22;19;6;48;2;36;39;19m⢀[38;2;21;16;16;48;2;28;26;22m⣠[38;2;28;20;20;48;2;17;15;11m⠁[38;2;26;24;11;48;2;35;36;25m⠐[38;2;38;35;28;48;2;28;22;12m⠖[38;2;23;13;12;48;2;29;19;18m⢴[38;2;55;56;51;48;2;27;26;21m⡆[38;2;26;21;17;48;2;31;26;23m⠃[38;2;42;40;41;48;2;26;24;25m⢠[38;2;40;40;38;48;2;58;63;73m▊[38;2;53;57;71;48;2;73;95;101m⢰[38;2;61;65;71;48;2;46;50;52m▝[38;2;41;56;66;48;2;78;99;118m▊[38;2;112;139;159;48;2;122;153;173m⣄[38;2;103;130;146;48;2;119;151;172m⢰[38;2;100;122;134;48;2;90;112;122m⠜[38;2;92;119;138;48;2;82;105;119m⠇[38;2;87;107;116;48;2;73;90;101m⠁[38;2;71;89;99;48;2;63;81;91m▏[38;2;78;102;112;48;2;66;89;99m⠉[38;2;76;94;104;48;2;61;78;85m⠋[38;2;65;86;95;48;2;71;87;102m⢇[38;2;83;109;124;48;2;73;93;107m⠸[38;2;123;149;166;48;2;98;124;140m⢸[38;2;120;149;167;48;2;131;158;177m⣰[38;2;143;174;195;48;2;120;156;175m⢸[38;2;144;175;196;48;2;139;170;191m⠓[38;2;143;174;194;48;2;136;166;192m▏[38;2;141;173;198;48;2;138;170;195m⢱[38;2;145;180;205;48;2;141;176;201m▝[38;2;146;178;203;48;2;139;176;199m⣡[38;2;145;176;201;48;2;139;174;196m⡁[38;2;142;177;199;48;2;136;171;193m⣄[38;2;141;172;198;48;2;140;166;193m⡊[38;2;117;153;175;48;2;125;161;183m⢉[38;2;120;146;167;48;2;121;151;175m⡁[38;2;138;174;193;48;2;115;146;169m⣀[38;2;146;179;198;48;2;123;159;179m▃[38;2;122;161;183;48;2;143;176;195m⠃[38;2;95;126;148;48;2;145;171;193m⠚[38;2;105;141;160;48;2;143;174;201m⠙[38;2;90;107;131;48;2;132;159;179m⢋[38;2;81;103;124;48;2;105;139;168m⡁[38;2;59;90;111;48;2;98;125;148m⢨[38;2;106;127;146;48;2;36;37;41m▅[38;2;39;49;64;48;2;45;41;38m⡀[38;2;46;49;54;48;2;35;38;37m⠲[38;2;46;52;55;48;2;36;31;30m⢖[38;2;72;77;85;48;2;53;47;47m▃[38;2;53;52;53;48;2;39;39;35m⠤[38;2;41;40;35;48;2;45;44;39m⡉[38;2;46;46;39;48;2;50;50;44m▍[38;2;51;49;43;48;2;37;37;33m⣻[38;2;38;36;32;48;2;53;54;44m⣰[38;2;45;46;35;48;2;30;31;23m▔[38;2;46;51;48;48;2;12;13;2m⠁[38;2;176;165;151;48;2;6;4;2m⢸[38;2;194;159;125;48;2;197;176;170m⡘[38;2;207;179;147;48;2;237;208;179m⢱[38;2;188;163;129;48;2;170;136;101m▍[38;2;170;140;114;48;2;151;124;96m⡀[38;2;146;119;89;48;2;141;113;92m⡀[38;2;157;133;110;48;2;149;125;101m⡰[38;2;144;141;129;48;2;152;124;91m⢀[38;2;172;189;208;48;2;165;141;118m⣠[38;2;168;167;175;48;2;172;190;205m⠁[38;2;156;180;195;48;2;170;190;207m⠃[38;2;173;191;207;48;2;167;183;206m⢋[38;2;166;187;206;48;2;171;196;214m▕[38;2;163;184;203;48;2;155;176;195m⢃[38;2;164;181;201;48;2;168;189;208m⢉[38;2;170;191;210;48;2;165;188;206m⠲[38;2;144;135;137;48;2;165;190;208m⠸[38;2;153;141;130;48;2;162;144;135m⡁[38;2;155;142;132;48;2;161;145;136m▅[38;2;160;141;134;48;2;158;140;127m⠅[38;2;159;140;127;48;2;152;133;118m⢤[38;2;157;135;117;48;2;152;131;112m⡤[38;2;136;113;95;48;2;151;128;110m⡀[38;2;151;128;110;48;2;145;122;104m⠦[38;2;137;114;97;48;2;146;121;100m⣃[38;2;130;100;72;48;2;137;108;86m⠸[38;2;124;101;80;48;2;121;95;67m⣆[38;2;115;87;60;48;2;112;81;53m⡖[38;2;112;81;51;48;2;108;73;45m⡦[38;2;94;60;32;48;2;104;69;41m▝[38;2;71;37;13;48;2;91;56;28m⠹[38;2;90;57;26;48;2;63;34;7m⠹[38;2;96;61;35;48;2;94;59;24m⠉[38;2;107;71;37;48;2;100;63;30m⡔[38;2;110;71;38;48;2;105;66;31m⠒[38;2;113;73;37;48;2;102;65;31m⠂[38;2;96;66;32;48;2;100;69;36m▅[38;2;105;68;39;48;2;100;64;32m⣻[38;2;105;66;37;48;2;104;68;43m⠓[38;2;106;71;44;48;2;104;69;41m⠮[38;2;105;70;42;48;2;101;64;37m▁[38;2;95;61;26;48;2;103;70;39m⠉[38;2;106;63;31;48;2;99;71;41m⠚[38;2;98;61;32;48;2;105;68;37m▃[38;2;95;60;32;48;2;98;63;36m⠌[38;2;88;56;30;48;2;33;38;20m▍[38;2;37;24;22;48;2;21;17;12m⢁[38;2;37;33;24;48;2;32;28;19m⠺[38;2;32;28;17;48;2;44;40;31m⣻[38;2;57;61;55;48;2;38;39;33m▝[38;2;48;50;44;48;2;42;43;37m⠃[38;2;43;35;32;48;2;39;32;26m⠃[38;2;44;37;30;48;2;37;30;23m⠋[38;2;31;24;16;48;2;40;33;27m⡉[38;2;35;27;24;48;2;43;34;34m⢡[0m
[38;2;34;34;24;48;2;23;17;17m⠋[38;2;28;23;18;48;2;24;20;16m⠵[38;2;26;17;15;48;2;29;20;21m⡄[38;2;24;14;12;48;2;32;30;17m▊[38;2;38;38;27;48;2;20;18;7m⠁[38;2;23;15;11;48;2;26;18;15m⢬[38;2;30;22;19;48;2;26;16;14m⢤[38;2;45;41;38;48;2;32;25;20m⠅[38;2;29;26;21;48;2;23;19;15m⠉[38;2;44;41;49;48;2;27;24;19m⢸[38;2;44;39;44;48;2;61;74;83m▊[38;2;66;82;90;48;2;48;57;66m⠇[38;2;41;43;49;48;2;50;54;57m⠃[38;2;88;112;128;48;2;47;58;67m⢸[38;2;91;119;129;48;2;101;125;145m▊[38;2;116;139;156;48;2;84;106;120m▍[38;2;77;97;108;48;2;96;113;135m▊[38;2;84;100;123;48;2;70;89;105m⠇[38;2;63;78;88;48;2;69;89;99m⢠[38;2;73;89;99;48;2;66;76;88m⢸[38;2;64;84;92;48;2;71;92;101m⣤[38;2;62;79;95;48;2;55;71;84m⠋[38;2;70;87;94;48;2;65;76;82m⢁[38;2;71;97;107;48;2;71;81;91m⠈[38;2;110;136;151;48;2;91;113;125m⢸[38;2;112;138;155;48;2;117;146;162m▃[38;2;118;143;163;48;2;129;160;180m▍[38;2;146;174;195;48;2;143;171;192m⠇[38;2;137;165;186;48;2;140;172;193m⣤[38;2;146;176;197;48;2;138;169;190m⠠[38;2;142;174;196;48;2;144;176;198m⢂[38;2;144;174;198;48;2;140;176;198m⠵[38;2;144;174;197;48;2;142;168;191m⠦[38;2;137;169;191;48;2;143;171;193m⢨[38;2;135;166;187;48;2;139;171;194m⠸[38;2;129;160;181;48;2;135;166;186m⠩[38;2;130;162;182;48;2;140;170;196m⠉[38;2;140;171;193;48;2;149;181;202m⢀[38;2;143;177;198;48;2;121;157;178m⠉[38;2;135;169;194;48;2;127;161;186m⢢[38;2;143;181;192;48;2;147;184;209m⢀[38;2;86;118;140;48;2;133;161;187m⣰[38;2;116;151;170;48;2;84;102;127m⣀[38;2;94;128;147;48;2;126;152;173m⢲[38;2;86;106;120;48;2;66;93;104m⢡[38;2;76;98;124;48;2;105;128;159m⢃[38;2;61;83;90;48;2;50;48;55m⠓[38;2;40;40;39;48;2;58;57;56m▅[38;2;34;32;37;48;2;48;61;65m▅[38;2;80;82;95;48;2;53;52;57m▚[38;2;78;92;101;48;2;44;40;38m⡀[38;2;49;45;42;48;2;38;34;31m⠄[38;2;46;45;40;48;2;34;33;29m⠙[38;2;38;42;28;48;2;45;45;39m⠐[38;2;52;61;41;48;2;35;36;26m⠴[38;2;60;71;51;48;2;26;21;22m⠆[38;2;89;84;72;48;2;1;0;0m⢀[38;2;78;75;68;48;2;239;210;183m⠃[38;2;233;198;171;48;2;237;241;230m⠁[38;2;231;209;187;48;2;196;162;129m▍[38;2;196;162;136;48;2;181;150;126m⣁[38;2;177;150;118;48;2;154;126;103m▍[38;2;137;112;88;48;2;145;117;93m⠰[38;2;211;207;221;48;2;144;131;112m⢀[38;2;154;116;104;48;2;178;183;205m⠁[38;2;179;197;212;48;2;175;191;206m⠃[38;2;176;195;212;48;2;167;184;202m⢠[38;2;172;192;211;48;2;174;191;207m⠣[38;2;172;194;213;48;2;173;189;204m⠹[38;2;150;176;192;48;2;168;195;210m⢰[38;2;158;179;198;48;2;169;189;204m⠇[38;2;169;191;209;48;2;164;187;205m▔[38;2;168;186;206;48;2;159;182;200m⠸[38;2;168;186;204;48;2;172;190;208m▕[38;2;150;165;178;48;2;137;135;126m⡄[38;2;155;140;133;48;2;152;135;127m⠅[38;2;148;130;119;48;2;154;137;128m⣢[38;2;150;131;117;48;2;153;133;121m⣤[38;2;144;125;110;48;2;150;131;116m⣨[38;2;138;119;102;48;2;142;123;108m⢱[38;2;149;127;110;48;2;137;115;98m⠋[38;2;145;119;103;48;2;136;115;94m⠧[38;2;136;115;94;48;2;133;108;86m▍[38;2;120;92;68;48;2;127;103;79m⢸[38;2;105;75;49;48;2;113;85;61m⢠[38;2;100;70;41;48;2;107;76;48m⢴[38;2;109;76;47;48;2;98;67;36m⠁[38;2;87;56;25;48;2;97;62;32m⢨[38;2;85;54;23;48;2;63;31;8m⣆[38;2;60;24;13;48;2;88;52;10m⣆[38;2;87;43;18;48;2;97;58;23m▁[38;2;100;61;29;48;2;104;66;32m⡑[38;2;102;64;27;48;2;102;64;28m⠄[38;2;99;65;32;48;2;99;65;32m⠀[38;2;106;67;36;48;2;97;62;30m⣀[38;2;105;72;41;48;2;105;67;36m⢠[38;2;103;68;40;48;2;106;71;42m⠤[38;2;110;74;49;48;2;109;74;46m⣨[38;2;112;76;52;48;2;107;71;47m⡡[38;2;105;70;42;48;2;99;64;34m⠇[38;2;105;70;40;48;2;96;60;32m⡆[38;2;92;55;29;48;2;97;62;34m⢀[38;2;90;58;29;48;2;46;33;20m▊[38;2;38;34;30;48;2;23;20;8m⢠[38;2;27;25;17;48;2;39;32;25m⢁[38;2;43;39;31;48;2;29;25;24m⢉[38;2;36;29;23;48;2;43;36;30m⠶[48;2;40;33;27m⢌[38;2;31;23;20;48;2;36;29;23m⡙[38;2;39;32;22;48;2;35;27;24m⣄[38;2;36;28;23;48;2;45;38;32m▊[38;2;43;35;33;48;2;33;25;23m⡁[0m
[38;2;35;33;21;48;2;29;19;19m⣀[38;2;43;46;31;48;2;19;15;11m▃[38;2;42;43;30;48;2;24;15;13m⣤[38;2;24;15;14;48;2;37;39;24m⠓[38;2;28;19;17;48;2;36;33;25m▝[38;2;24;12;12;48;2;28;18;17m▝[38;2;14;13;9;48;2;26;20;18m⠐[38;2;30;23;23;48;2;26;21;17m⣈[38;2;23;18;16;48;2;30;25;27m⠙[38;2;44;46;51;48;2;32;26;27m⢸[38;2;43;33;43;48;2;58;64;78m⠇[38;2;51;62;70;48;2;65;78;89m⠸[38;2;53;65;74;48;2;48;50;60m⣠[38;2;93;118;130;48;2;56;69;73m⢸[38;2;100;129;146;48;2;89;117;127m⢰[38;2;96;125;142;48;2;75;97;111m▏[38;2;78;97;104;48;2;92;111;125m▍[38;2;80;104;116;48;2;71;88;98m▍[38;2;63;75;83;48;2;70;79;88m⢘[38;2;70;88;97;48;2;63;83;92m⠇[38;2;55;73;79;48;2;64;81;89m⢀[38;2;58;78;84;48;2;57;69;77m⠃[38;2;58;68;72;48;2;58;72;77m⣆[38;2;60;77;87;48;2;65;87;94m▍[38;2;80;104;116;48;2;93;123;134m▍[38;2;91;118;130;48;2;99;127;141m⡄[38;2;127;151;173;48;2;104;132;150m⢸[38;2;136;164;185;48;2;140;168;189m⣡[38;2;141;169;188;48;2;134;165;182m⠳[38;2;135;163;187;48;2;142;168;191m⣤[38;2;142;170;186;48;2;140;172;193m⡆[38;2;137;169;192;48;2;141;173;196m⡄[38;2;141;170;196;48;2;142;173;199m⠃[38;2;142;178;202;48;2;135;171;195m⡆[38;2;144;174;202;48;2;139;165;188m⠂[38;2;146;181;204;48;2;130;166;188m⢀[38;2;138;175;199;48;2;150;180;206m⢋[38;2;137;167;188;48;2;124;150;177m⡃[38;2;144;175;202;48;2;125;158;178m⣠[38;2;129;163;185;48;2;148;185;204m⢁[38;2;148;182;202;48;2;115;146;167m⠃[38;2;112;140;158;48;2;126;157;177m⢁[38;2;104;126;147;48;2;126;163;181m⣠[38;2;97;119;140;48;2;73;92;105m⠁[38;2;75;86;106;48;2;53;72;85m⠣[38;2;87;102;121;48;2;123;145;163m▝[38;2;61;72;81;48;2;41;41;45m⡄[38;2;48;50;49;48;2;40;42;39m▃[38;2;36;38;36;48;2;58;60;58m⣻[38;2;59;64;68;48;2;35;45;54m⠩[38;2;66;74;85;48;2;82;94;109m▅[38;2;53;56;63;48;2;42;34;32m⡂[38;2;34;24;22;48;2;40;36;35m⠉[38;2;32;31;27;48;2;42;41;37m⢀[38;2;25;23;20;48;2;35;34;30m▁[38;2;106;100;81;48;2;18;17;20m⢀[38;2;1;0;0;48;2;238;223;202m⠃[38;2;244;225;213;48;2;247;234;225m⠡[38;2;232;202;168;48;2;249;229;215m⢔[38;2;226;208;174;48;2;233;219;197m⠋[38;2;222;186;164;48;2;201;152;120m⠃[38;2;212;197;193;48;2;177;142;109m⢀[38;2;237;235;228;48;2;148;104;70m⣠[38;2;189;183;190;48;2;209;214;225m⠁[38;2;194;205;214;48;2;183;192;207m⡆[38;2;179;194;203;48;2;181;197;212m⡆[38;2;180;191;213;48;2;172;191;208m▊[38;2;167;190;203;48;2;171;192;211m▍[38;2;165;182;202;48;2;173;194;211m⢠[38;2;162;178;199;48;2;155;174;193m⠁[38;2;166;188;204;48;2;162;183;202m⢨[38;2;155;176;197;48;2;163;184;205m▃[38;2;154;175;194;48;2;159;180;199m⣄[38;2;163;184;203;48;2;156;174;198m⠉[38;2;141;143;142;48;2;150;174;200m⠸[38;2;147;125;114;48;2;139;119;102m▏[38;2;138;117;100;48;2;141;123;111m⣀[38;2;141;122;107;48;2;129;110;93m⠋[38;2;134;118;100;48;2;128;105;89m⠙[38;2;136;119;103;48;2;129;100;84m⠋[38;2;126;99;78;48;2;132;108;86m⣤[38;2;124;92;74;48;2;135;108;87m▃[38;2;115;88;61;48;2;126;98;77m⣠[38;2;113;83;55;48;2;122;97;68m⣠[38;2;97;67;31;48;2;109;78;49m⢸[38;2;89;59;27;48;2;93;64;33m⣄[38;2;94;61;30;48;2;98;65;34m⡖[38;2;94;61;29m⠚[48;2;86;52;26m⣆[38;2;58;27;6;48;2;76;40;15m⠸[38;2;90;44;19;48;2;53;18;4m▝[38;2;90;52;34;48;2;96;53;27m⡀[38;2;103;67;35;48;2;108;67;37m⡄[38;2;106;67;36;48;2;108;67;38m⣻[38;2;99;64;34;48;2;103;68;34m▝[38;2;105;69;43;48;2;103;66;37m⠃[38;2;106;69;40;48;2;108;71;44m▁[38;2;102;65;39;48;2;109;72;45m⣐[38;2;105;68;42m⠲[38;2;109;72;45;48;2;102;65;36m⠅[38;2;107;72;42;48;2;100;64;38m⠁[38;2;99;63;39;48;2;93;57;32m⠤[38;2;76;54;30;48;2;88;54;26m⠈[38;2;56;56;56;48;2;23;8;16m▁[38;2;49;44;41;48;2;19;16;5m⣠[38;2;43;39;40;48;2;36;27;24m⡈[38;2;29;24;18;48;2;38;33;27m⡆[38;2;47;42;36;48;2;36;31;25m⡐[38;2;38;31;25;48;2;45;38;30m⢡[38;2;31;24;18;48;2;40;33;27m▃[38;2;36;29;23;48;2;38;31;25m⠆[38;2;30;23;17;48;2;37;30;24m⣀[0m
[38;2;39;53;30;48;2;41;48;28m⡄[38;2;37;40;24;48;2;45;46;29m⢠[38;2;36;34;22;48;2;48;50;32m▅[38;2;31;33;21;48;2;40;43;29m⠆[38;2;35;39;25;48;2;26;23;16m⠃[38;2;38;27;23;48;2;27;20;18m▃[38;2;31;25;25;48;2;24;18;18m▚[38;2;33;27;27;48;2;27;21;21m⣐[38;2;32;23;28;48;2;40;39;40m⠸[38;2;57;61;64;48;2;36;42;47m⣐[38;2;61;73;85;48;2;51;49;55m⠸[38;2;109;131;145;48;2;68;91;106m⠲[38;2;99;127;147;48;2;67;83;90m⣤[38;2;60;76;92;48;2;86;116;134m⠁[38;2;98;120;134;48;2;109;136;156m⠃[38;2;84;103;114;48;2;89;113;129m⠸[38;2;76;100;113;48;2;91;113;130m⠃[38;2;75;99;111;48;2;70;87;95m▍[38;2;70;86;101;48;2;67;83;89m⣰[38;2;73;88;101;48;2;65;84;91m▏[38;2;57;77;82;48;2;54;65;70m⠋[38;2;64;77;83;48;2;58;69;75m▁[38;2;62;75;82;48;2;55;68;77m▃[38;2;59;76;79;48;2;71;89;99m▊[38;2;77;105;117;48;2;99;128;139m▍[38;2;101;123;136;48;2;90;114;129m⡀[38;2;110;137;158;48;2;95;118;139m⢸[38;2;128;155;176;48;2;133;164;185m▍[38;2;130;161;179;48;2;132;163;184m⠸[38;2;133;162;191;48;2;131;161;185m⠉[38;2;135;167;183;48;2;141;173;194m⠃[38;2;135;167;188m⢀[38;2;138;168;189;48;2;141;177;196m▃[38;2;141;169;191;48;2;139;167;189m⠍[38;2;149;175;202;48;2;140;167;188m⢋[38;2;137;164;191;48;2;147;173;200m⢇[38;2;120;152;175;48;2;134;169;199m⣤[38;2;119;156;174;48;2;126;157;184m⣄[38;2;136;166;192;48;2;142;176;201m⣁[38;2;107;133;156;48;2;128;164;185m⢰[38;2;98;123;145;48;2;105;133;155m⡄[38;2;107;135;156;48;2;111;143;165m⣀[38;2;93;117;136;48;2;70;90;107m▍[38;2;63;82;99;48;2;79;98;114m⣰[38;2;75;93;105;48;2;61;82;89m⢂[38;2;120;145;175;48;2;69;97;112m▊[38;2;70;80;90;48;2;46;38;38m⠁[38;2;38;38;38;48;2;46;48;45m▅[38;2;36;34;35;48;2;47;48;48m⣻[38;2;40;40;43;48;2;38;39;33m▔[38;2;39;41;40;48;2;62;66;77m⡄[38;2;53;59;71;48;2;48;49;54m⡅[38;2;19;23;19;48;2;37;37;32m⢀[38;2;194;196;194;48;2;20;26;19m⢀[38;2;203;197;198;48;2;6;4;6m⣤[38;2;11;9;4;48;2;240;234;222m⠁[38;2;239;231;220;48;2;242;237;226m⣀[38;2;213;191;157;48;2;232;235;223m⢰[38;2;229;216;186;48;2;218;173;133m⣰[38;2;194;170;160;48;2;240;212;193m⢐[38;2;186;147;120;48;2;202;172;153m⠫[38;2;226;228;225;48;2;181;177;164m⣻[38;2;238;238;246;48;2;222;222;230m⣠[38;2;229;239;235;48;2;215;218;224m⡄[38;2;188;201;209;48;2;202;212;214m⢋[38;2;165;175;184;48;2;187;206;213m⣠[38;2;147;156;166;48;2;177;193;209m▃[38;2;174;193;208;48;2;138;145;150m⠋[38;2;162;181;187;48;2;144;152;163m⠙[38;2;136;150;158;48;2;159;180;194m▃[38;2;136;151;161;48;2;162;183;205m▃[38;2;141;159;173;48;2;150;171;186m⡀[38;2;155;175;192;48;2;155;175;192m⠀[38;2;131;149;163;48;2;150;168;188m⣠[38;2;143;154;172;48;2;151;168;186m⣄[38;2;129;104;86;48;2;146;157;178m⠸[38;2;128;106;91;48;2;119;91;64m▔[38;2;115;84;63;48;2;126;100;82m⣤[38;2;114;86;64;48;2;123;96;77m▅[38;2;116;86;60;48;2;120;93;72m⣤[38;2;112;85;56;48;2;122;94;70m▅[38;2;110;83;55;48;2;122;93;70m▅[38;2;113;82;53;48;2;107;76;45m⠫[38;2;99;69;36;48;2;112;81;52m⣰[38;2;94;63;32;48;2;89;58;27m⠅[38;2;85;54;23;48;2;93;62;32m⡁[38;2;98;65;34;48;2;105;77;47m⠃[38;2;112;70;45;48;2;106;74;45m⣀[38;2;103;69;41;48;2;98;64;36m▍[38;2;82;48;21;48;2;91;56;34m⢸[38;2;52;27;6;48;2;71;39;16m⢸[38;2;48;16;6;48;2;93;57;31m⡆[38;2;96;60;34;48;2;101;66;38m⣄[38;2;106;70;40;48;2;99;65;37m⢋[38;2;106;65;37;48;2;109;70;39m▍[38;2;107;70;37;48;2;105;66;33m⢈[38;2;100;64;32;48;2;106;69;42m⣠[38;2;105;68;39;48;2;100;63;36m⠱[38;2;103;66;37;48;2;106;69;41m▁[38;2;105;68;39;48;2;102;65;36m▍[38;2;106;69;40;48;2;103;66;37m⠤[38;2;101;68;37;48;2;93;60;30m▃[38;2;94;61;29;48;2;91;58;26m⣄[38;2;39;23;11;48;2;74;56;47m⢠[38;2;34;35;30;48;2;61;66;72m⣤[38;2;64;65;66;48;2;36;30;24m⠋[38;2;42;35;28;48;2;35;28;22m⠁[38;2;42;35;29m⠈[38;2;32;25;19m⡄[38;2;37;30;24;48;2;31;24;18m⡤[38;2;38;31;25;48;2;34;27;21m▔[38;2;32;25;19;48;2;29;22;16m⡅[0m
[38;2;25;22;18;48;2;39;37;29m⢀[38;2;24;21;16;48;2;36;38;24m▅[38;2;45;46;38;48;2;26;25;13m⠠[38;2;45;47;36;48;2;32;27;22m⠇[38;2;42;34;32;48;2;30;20;19m▃[38;2;22;18;15;48;2;29;18;16m⣆[38;2;29;23;23;48;2;28;18;17m⠬[38;2;46;41;38;48;2;28;22;22m⢠[38;2;32;32;30;48;2;45;46;42m⢱[38;2;42;43;41;48;2;30;30;29m⠩[38;2;25;26;27;48;2;38;52;63m⣀[38;2;66;70;81;48;2;78;97;119m▍[38;2;91;102;122;48;2;128;154;168m⣤[38;2;97;138;154;48;2;146;176;197m⡉[38;2;147;182;199;48;2;115;147;158m▅[38;2;139;175;195;48;2;93;125;141m⣤[38;2;114;148;171;48;2;92;125;146m⡄[38;2;97;119;135;48;2;81;103;116m⣄[38;2;87;109;123;48;2;76;97;113m⢀[38;2;63;74;81;48;2;77;93;104m⠸[38;2;49;64;74;48;2;63;78;91m⠉[38;2;64;77;85;48;2;66;79;88m⢲[38;2;62;75;82;48;2;63;75;86m⠂[38;2;64;78;92;48;2;74;95;112m▊[38;2;103;137;154;48;2;86;116;128m⢀[38;2;95;118;133;48;2;88;116;138m⠑[38;2;95;118;132;48;2;104;136;151m▊[38;2;127;158;178;48;2;117;146;164m⢸[38;2;132;168;188;48;2;132;159;178m⠁[38;2;134;165;186;48;2;133;160;181m⠸[38;2;131;163;184;48;2;139;174;194m▅[38;2;141;170;191;48;2;140;167;189m⡃[38;2;140;171;192;48;2;136;168;189m⠺[38;2;135;166;187;48;2;139;170;191m⠧[38;2;132;163;184;48;2;138;171;190m⡆[38;2;137;169;194;48;2;133;161;186m▊[38;2;125;155;180;48;2;114;143;165m⠃[38;2;124;160;182;48;2;110;145;166m⢸[38;2;126;157;178;48;2;131;168;192m▕[38;2;114;145;166;48;2;97;124;141m⠃[38;2;85;106;123;48;2;86;118;142m⡤[38;2;98;126;147;48;2;73;97;113m▊[38;2;81;102;115;48;2;58;84;99m⡙[38;2;51;63;78;48;2;63;80;96m⣄[38;2;46;65;79;48;2;56;78;92m⣡[38;2;102;124;138;48;2;68;83;92m⠇[38;2;34;31;29;48;2;47;52;56m⢸[38;2;44;37;37;48;2;37;31;31m⠉[38;2;44;35;36;48;2;34;30;29m⠁[38;2;36;36;34;48;2;29;29;27m⢌[38;2;51;52;54;48;2;42;43;38m⠈[38;2;52;57;61;48;2;63;72;81m⡌[38;2;94;96;109;48;2;46;43;51m⢀[38;2;189;190;196;48;2;245;244;239m▏[38;2;177;169;143;48;2;228;220;213m⠁[38;2;216;209;200;48;2;240;233;222m⣤[38;2;215;201;193;48;2;239;234;224m▅[38;2;234;222;199;48;2;198;188;178m⡉[38;2;211;197;194;48;2;192;183;173m▔[38;2;212;207;195;48;2;182;173;163m⣠[38;2;210;200;194;48;2;183;167;168m⠎[38;2;206;212;212;48;2;230;227;235m▕[38;2;203;209;209;48;2;241;242;244m▏[38;2;238;246;246;48;2;205;211;214m⠇[38;2;175;178;187;48;2;193;196;210m⢸[38;2;152;159;167;48;2;166;171;179m⢰[38;2;148;155;163;48;2;142;149;157m⠅[38;2;140;147;153;48;2;143;153;159m⢉[38;2;132;146;152;48;2;140;153;162m⣄[38;2;136;146;157;48;2;138;162;171m⢨[38;2;125;139;140;48;2;133;143;145m⠈[38;2;137;149;162;48;2;128;136;138m▔[38;2;153;164;176;48;2;129;134;138m▔[38;2;139;138;137;48;2;133;147;156m▃[38;2;122;128;129;48;2;141;151;161m▅[38;2;126;126;121;48;2;138;147;156m▅[38;2;106;85;56;48;2;153;150;142m⠈[38;2;143;136;136;48;2;107;73;43m⣄[38;2;107;72;29;48;2;111;80;52m▅[38;2;103;71;33;48;2;112;81;53m▅[38;2;104;72;34;48;2;110;77;45m⣄[38;2;110;75;47;48;2;101;68;36m⠋[38;2;104;71;38;48;2;96;61;29m⢋[38;2;90;55;25;48;2;96;61;32m▅[38;2;93;60;29;48;2;89;54;24m⢀[38;2;101;72;34;48;2;93;63;33m⣤[38;2;109;73;39;48;2;114;80;46m⢄[38;2;105;78;47;48;2;111;77;54m⢸[38;2;108;74;47;48;2;104;68;39m⠉[38;2;91;58;27;48;2;94;63;32m⠨[38;2;66;37;13;48;2;80;46;19m▝[38;2;66;35;14;48;2;53;20;6m▏[38;2;62;27;15;48;2;87;53;29m⡄[38;2;100;65;32;48;2;93;59;32m⠚[38;2;108;64;39;48;2;99;62;33m⠙[38;2;100;62;33;48;2;108;69;40m⡌[38;2;104;68;32;48;2;104;65;36m▔[38;2;102;66;33;48;2;106;67;38m▔[38;2;103;66;37;48;2;106;69;40m⠍[38;2;106;69;40;48;2;108;73;43m⠣[38;2;104;67;41;48;2;112;73;44m⡄[38;2;112;75;46;48;2;104;68;32m⡠[38;2;108;69;38;48;2;100;67;38m⡄[38;2;91;61;29;48;2;39;16;9m▊[38;2;37;26;20;48;2;11;10;4m⠈[38;2;22;18;11;48;2;34;27;21m⠦[38;2;43;36;30;48;2;31;24;18m▃[38;2;36;29;23;48;2;32;25;19m▝[38;2;37;30;24;48;2;31;23;20m⠅[38;2;32;24;21;48;2;29;20;19m⢎[38;2;35;28;22;48;2;27;20;14m⠉[38;2;36;29;23;48;2;29;22;16m⠁[0m
[38;2;40;31;24;48;2;40;39;27m⢘[38;2;37;34;27;48;2;30;25;19m⣤[38;2;26;21;17;48;2;30;25;21m⡨[38;2;33;22;20;48;2;27;19;16m⢲[38;2;25;17;15;48;2;30;24;21m⢲[38;2;27;19;16;48;2;31;24;21m⠵[38;2;33;25;23;48;2;30;22;19m▕[38;2;39;36;35;48;2;35;24;26m▕[38;2;31;29;27;48;2;54;54;54m⢸[38;2;28;17;16;48;2;35;30;30m⢸[38;2;31;21;18;48;2;33;28;30m▊[38;2;38;45;52;48;2;65;74;86m▍[38;2;57;68;85;48;2;91;108;122m⡅[38;2;128;152;165;48;2;80;113;126m▝[38;2;120;151;171;48;2;132;163;184m⡀[38;2;145;176;195;48;2;113;146;165m⠈[38;2;126;156;176;48;2;145;173;194m⡌[38;2;111;134;156;48;2;141;170;190m⠹[38;2;108;134;154;48;2;101;123;141m⡆[38;2;78;97;112;48;2;91;112;132m⠹[38;2;68;86;101;48;2;73;95;107m⠙[38;2;66;81;88;48;2;62;76;87m⢐[38;2;76;93;103;48;2;66;77;89m⠨[38;2;64;85;96;48;2;79;98;111m▊[38;2;99;126;140;48;2;89;112;126m⠉[38;2;64;83;107;48;2;85;110;127m⣠[38;2;88;113;131;48;2;95;119;137m⡅[38;2;110;138;149;48;2;120;147;166m⡆[38;2;123;150;171;48;2;129;155;178m⣀[38;2;129;162;181;48;2;129;157;178m▕[38;2;133;160;182;48;2;138;167;189m▃[38;2;138;166;188;48;2;143;171;193m▃[38;2;140;171;192;48;2;137;165;187m⠈[38;2;135;163;185m⢈[38;2;139;169;192;48;2;130;163;183m⠋[38;2;116;148;169;48;2;128;160;181m⢰[38;2;119;146;167;48;2;113;141;163m⡁[38;2;116;146;167;48;2;119;152;173m▍[38;2;127;155;176;48;2;105;132;151m▊[38;2;94;121;140;48;2;86;111;129m⠳[38;2;75;102;121;48;2;87;117;137m▊[38;2;83;114;135;48;2;66;88;107m▊[38;2;58;79;91;48;2;42;61;69m⠇[38;2;56;59;68;48;2;59;62;71m⢬[38;2;50;64;67;48;2;44;54;57m▊[38;2;41;59;62;48;2;62;77;93m▕[38;2;56;70;70;48;2;38;40;40m⠃[38;2;30;26;23;48;2;32;30;28m⢓[38;2;39;39;36;48;2;33;32;30m▝[38;2;44;39;36;48;2;34;37;30m⢠[38;2;37;40;37;48;2;47;58;54m▊[38;2;48;62;67;48;2;48;62;67m⠀[38;2;67;83;91;48;2;243;243;241m⠇[38;2;242;241;236;48;2;248;248;246m▕[38;2;210;207;201;48;2;235;226;217m⠂[38;2;218;205;196;48;2;233;222;213m⠒[38;2;228;216;208;48;2;210;202;192m⡥[38;2;221;202;193;48;2;200;190;180m⠆[38;2;192;183;172;48;2;202;194;190m⢂[38;2;175;145;119;48;2;204;198;191m⣠[38;2;172;141;115;48;2;252;244;236m▊[38;2;239;238;243;48;2;196;191;188m▊[38;2;174;166;162;48;2;216;220;215m⣆[38;2;171;169;163;48;2;204;209;214m⣰[38;2;161;159;155;48;2;164;167;175m▃[38;2;144;146;144;48;2;150;152;162m⣀[38;2;138;144;141;48;2;144;146;155m⣀[38;2;136;142;139;48;2;139;144;147m⣠[38;2;134;136;132;48;2;136;143;151m▅[38;2;141;141;135;48;2;143;153;159m⣄[38;2;129;122;117;48;2;132;142;144m⢠[38;2;125;122;106;48;2;126;133;131m⣤[38;2;124;120;105;48;2;124;126;124m⣤[38;2;118;117;101;48;2;125;123;119m⣤[38;2;123;124;123;48;2;115;115;101m⠹[38;2;134;132;121;48;2;131;119;114m⡆[38;2;133;135;126;48;2;118;114;97m⠹[38;2;150;152;158;48;2;127;129;119m⠈[38;2;101;64;18;48;2;121;124;120m⠈[38;2;120;127;116;48;2;105;60;21m⣄[38;2;99;66;30;48;2;98;63;22m⠉[38;2;97;59;18;48;2;98;64;27m⠃[38;2;83;48;16;48;2;95;61;26m⢠[38;2;91;56;24;48;2;82;49;14m⢠[38;2;84;50;18;48;2;100;67;36m⠃[38;2;104;72;40;48;2;107;76;43m⠁[38;2;109;76;45;48;2;112;79;48m⠡[38;2;109;74;43;48;2;111;77;50m⢸[38;2;106;71;39;48;2;104;68;38m▍[38;2;102;66;37;48;2;97;62;30m▍[38;2;81;47;21;48;2;86;51;19m⠸[38;2;62;28;17;48;2;72;40;19m⠸[38;2;51;24;8;48;2;73;48;27m▊[38;2;93;57;30;48;2;97;60;33m▅[38;2;96;60;34;48;2;100;65;37m⡔[38;2;107;68;38;48;2;101;66;34m▝[38;2;104;68;38;48;2;109;70;41m⣻[38;2;105;66;37;48;2;106;68;40m▔[38;2;107;67;38;48;2;104;66;35m⠺[38;2;111;69;44;48;2;104;68;41m⠒[38;2;112;76;48;48;2;107;70;43m⠢[38;2;107;70;43;48;2;111;74;46m⠃[38;2;110;69;43;48;2;111;71;47m⡅[38;2;98;71;40;48;2;104;71;43m⠈[38;2;69;52;31;48;2;35;31;20m⡄[38;2;34;29;22;48;2;24;24;15m⡙[38;2;38;31;25;48;2;28;21;15m⠩[38;2;23;16;10;48;2;32;25;19m⢀[38;2;30;21;14;48;2;34;25;18m⢠[38;2;22;13;5;48;2;28;19;12m⢀[38;2;25;18;12;48;2;29;22;16m⣀[38;2;34;27;21;48;2;26;19;13m⡀[0m
[38;2;39;37;28;48;2;45;42;33m⠆[38;2;35;35;26;48;2;37;43;26m⠉[38;2;47;47;34;48;2;30;27;23m⠖[38;2;36;35;30;48;2;26;22;18m⠲[38;2;26;23;18;48;2;29;29;22m⣈[38;2;26;19;11;48;2;31;26;22m▔[38;2;29;20;18;48;2;30;26;23m⠋[38;2;45;36;37;48;2;34;26;29m▔[38;2;50;51;51;48;2;29;23;22m⠁[38;2;27;20;20;48;2;36;26;28m⡖[38;2;42;49;52;48;2;32;30;31m⠈[38;2;45;48;55;48;2;54;64;76m⣆[38;2;49;61;63;48;2;93;109;122m⡁[38;2;107;131;153;48;2;86;115;132m⠶[38;2;134;166;180;48;2;109;138;156m⠺[38;2;135;161;184;48;2;111;143;164m▅[38;2;135;166;186;48;2;123;154;174m⠤[38;2;145;174;195;48;2;135;168;187m⢤[38;2;113;141;163;48;2;138;166;187m▝[38;2;95;123;144;48;2;121;152;172m⠹[38;2;106;133;155;48;2;82;106;124m⣀[38;2;69;87;97;48;2;77;105;117m⠹[38;2;58;71;87;48;2;70;92;103m⠋[38;2;68;85;95;48;2;73;101;108m▊[38;2;88;112;128;48;2;84;107;119m⠇[38;2;71;89;98;48;2;75;90;104m⠎[38;2;82;111;125;48;2;81;101;115m⢸[38;2;97;126;140;48;2;113;134;151m▍[38;2;119;143;158;48;2;127;153;172m▏[38;2;127;155;176;48;2;119;147;168m⣻[38;2;134;162;184;48;2;129;157;179m⢘[38;2;131;159;181;48;2;137;165;187m⡅[38;2;132;164;187;48;2;140;168;190m▅[38;2;131;163;184;48;2;133;162;184m⢸[38;2;125;156;176;48;2;128;161;182m▏[38;2;115;140;166;48;2;128;156;178m⢰[38;2;106;133;154;48;2;109;140;160m⠜[38;2;110;143;162;48;2;119;152;171m▚[38;2;97;124;143;48;2;128;148;172m⢸[38;2;90;108;128;48;2;67;93;112m⡆[38;2;83;110;127;48;2;77;100;118m⠸[38;2;94;119;140;48;2;83;104;122m▊[38;2;61;82;92;48;2;53;67;72m⡅[38;2;47;56;63;48;2;55;63;74m⣨[38;2;43;53;55;48;2;48;57;62m⣰[38;2;48;57;62;48;2;50;63;76m⣐[38;2;38;33;35;48;2;37;39;38m⠩[38;2;40;42;42;48;2;35;34;32m⡆[38;2;29;30;26;48;2;36;35;35m⠁[38;2;34;34;34;48;2;39;39;39m⠵[38;2;22;18;19;48;2;41;40;37m⢤[38;2;245;246;245;48;2;36;49;60m⣰[38;2;241;242;237;48;2;246;246;243m⠐[38;2;224;225;224;48;2;243;244;246m⢀[38;2;214;197;187;48;2;226;221;212m⢠[38;2;207;181;156;48;2;230;211;203m⣠[38;2;215;197;189;48;2;205;187;167m⠁[38;2;186;164;141;48;2;191;184;174m⣠[38;2;195;178;159;48;2;189;146;121m⠋[38;2;161;135;111;48;2;180;139;105m⢀[38;2;157;122;101;48;2;234;235;230m⠃[38;2;192;183;186;48;2;228;231;224m⢸[38;2;183;167;168;48;2;169;160;158m⠊[38;2;171;162;148;48;2;158;148;137m▏[38;2;156;150;144;48;2;173;165;157m⢸[38;2;139;133;129;48;2;139;132;116m⠉[38;2;148;142;128;48;2;132;127;121m⢠[38;2;133;127;113;48;2;134;133;129m▃[38;2;130;123;105;48;2;139;131;118m⢠[38;2;138;123;108;48;2;131;123;104m⢉[38;2;147;138;124;48;2;130;120;101m⠑[38;2;158;153;137;48;2;115;101;87m⢄[38;2;122;112;98;48;2;118;104;77m⡀[38;2;114;98;72;48;2;119;102;83m⡤[38;2;116;104;85;48;2;116;100;72m⠋[38;2;128;121;106;48;2;111;100;73m⠙[38;2;122;113;89;48;2;122;103;78m⠃[38;2;131;127;114;48;2;124;102;76m⠈[38;2;115;104;80;48;2;119;121;109m⣄[38;2;143;146;146;48;2;118;120;109m⠈[38;2;91;58;14;48;2;119;124;117m▝[38;2;132;142;134;48;2;102;52;24m⡀[38;2;72;33;7;48;2;80;49;21m⠆[38;2;111;77;49;48;2;97;67;29m⢰[38;2;101;67;39;48;2;111;77;49m⠁[38;2;111;78;45;48;2;113;79;51m⣀[38;2;111;77;49;48;2;116;83;52m⡰[38;2;104;71;35;48;2;109;75;44m⣤[38;2;102;67;35;48;2;97;63;27m⠋[38;2;95;60;32;48;2;90;55;26m▃[38;2;82;48;21;48;2;85;51;24m⢰[38;2;67;37;5;48;2;79;43;16m⠸[38;2;62;31;7;48;2;91;70;51m▊[38;2;39;9;6;48;2;79;48;22m⡄[38;2;98;62;36;48;2;92;56;30m⠸[38;2;97;62;34;48;2;102;67;39m⡆[38;2;101;64;35;48;2;104;69;39m⡑[38;2;104;64;33;48;2;104;65;36m▔[38;2;101;64;35;48;2;105;68;39m⢂[38;2;101;64;34;48;2;102;68;40m⣐[38;2;103;68;40;48;2;101;64;37m⢖[38;2;107;72;44;48;2;107;72;44m⠀[38;2;114;80;52;48;2;108;74;46m⠤[38;2;118;84;55;48;2;112;76;47m⢢[38;2;29;15;5;48;2;108;75;47m⠸[38;2;23;20;18;48;2;29;25;14m⢆[38;2;33;24;17;48;2;27;20;14m⠖[38;2;32;25;19;48;2;27;18;9m▊[38;2;19;10;4;48;2;24;15;10m⠃[38;2;20;11;5;48;2;23;14;9m⠅[38;2;28;21;15;48;2;22;12;10m⠈[38;2;31;23;17;48;2;23;14;5m⠉[0m
[38;2;42;45;30;48;2;40;32;25m⣰[38;2;38;40;27;48;2;40;46;31m⢘[38;2;21;16;10;48;2;37;32;26m⠠[38;2;22;20;15;48;2;33;22;20m⠊[38;2;21;21;13;48;2;27;22;19m⢉[38;2;26;23;18;48;2;48;44;41m▊[38;2;32;26;26;48;2;51;52;47m⣰[38;2;32;30;22;48;2;28;21;21m⠉[38;2;30;24;24;48;2;26;20;20m⢬[48;2;34;28;28m⡃[38;2;42;44;39;48;2;36;27;28m⠈[38;2;39;37;40;48;2;45;45;47m⣁[38;2;60;65;81;48;2;102;122;138m▍[38;2;87;113;129;48;2;89;107;124m▊[38;2;102;131;149;48;2;80;95;110m⢸[38;2;96;125;145;48;2;127;151;171m⡆[38;2;118;149;167;48;2;124;158;177m⠴[38;2;127;154;175;48;2;113;142;162m⠙[38;2;119;152;171;48;2;150;177;198m▅[38;2;126;161;180;48;2;140;168;189m⡉[38;2;137;169;189;48;2;125;149;174m⣤[38;2;100;123;141;48;2;115;148;167m⠙[38;2;72;99;115;48;2;93;124;144m⠹[38;2;92;118;132;48;2;72;98;113m▃[38;2;79;113;117;48;2;86;110;126m⠉[38;2;77;100;114;48;2;71;89;103m⡀[38;2;84;104;123;48;2;74;96;113m⢸[38;2;95;116;133;48;2;111;135;151m▍[38;2;108;136;150;48;2;117;145;166m⡄[38;2;119;147;168;48;2;124;152;173m⠆[38;2;137;165;187;48;2;128;158;177m⠈[38;2;132;160;181;48;2;136;163;188m⣄[38;2;127;155;176;48;2;135;160;181m⡄[38;2;134;161;182;48;2;124;157;178m⡅[38;2;125;153;174;48;2;127;159;178m⠁[38;2;115;146;166;48;2;128;155;176m⢸[38;2;109;136;158;48;2;112;144;163m⢃[38;2;107;135;156;48;2;114;142;163m⡆[38;2;92;121;137;48;2;109;141;162m⢸[38;2;74;91;111;48;2;87;106;123m▝[38;2;92;118;139;48;2;72;99;116m⠐[38;2;92;120;140;48;2;69;93;108m▊[38;2;57;77;84;48;2;49;65;72m▍[38;2;45;53;56;48;2;49;61;67m⠸[38;2;54;65;75;48;2;43;51;53m⡀[38;2;64;79;86;48;2;49;54;60m⢠[38;2;84;103;112;48;2;48;59;59m⡀[38;2;52;61;63;48;2;39;41;45m⠆[38;2;40;42;41;48;2;36;36;34m▔[38;2;38;37;35;48;2;33;32;30m▊[38;2;173;173;170;48;2;6;4;4m⠐[38;2;160;165;161;48;2;229;228;223m▏[38;2;182;179;171;48;2;243;233;232m⣤[38;2;181;173;165;48;2;222;216;207m⣤[38;2;228;199;169;48;2;216;202;198m▝[38;2;206;176;142;48;2;238;212;177m▔[38;2;199;166;137;48;2;237;214;183m⠙[38;2;238;213;183;48;2;196;154;117m⣄[38;2;220;191;159;48;2;191;153;115m▁[38;2;235;225;215;48;2;170;137;116m⣰[38;2;235;228;230;48;2;219;212;204m⠋[38;2;217;200;190;48;2;204;187;177m⠇[38;2;164;159;151;48;2;171;161;160m⢸[38;2;153;139;126;48;2;161;147;138m⢀[38;2;154;142;128;48;2;160;149;138m⣤[38;2;158;142;124;48;2;138;126;110m⡄[38;2;144;132;118;48;2;137;121;100m⠉[38;2;142;133;107;48;2;131;124;99m⠂[38;2;137;127;110;48;2;136;114;93m⠉[38;2;125;116;98;48;2;136;118;99m⠒[38;2;122;109;92;48;2;133;118;99m⢸[38;2;146;129;104;48;2;123;106;78m▝[38;2;156;151;129;48;2;135;120;88m⠑[38;2;117;100;78;48;2;155;141;124m⡙[38;2;152;147;137;48;2;119;103;78m⣀[38;2;111;97;68;48;2;111;97;68m⠀[38;2;122;105;75;48;2;108;93;68m⠈[38;2;107;90;64;48;2;115;99;73m▁[38;2;114;97;67;48;2;119;103;77m⣤[38;2;124;119;100;48;2;124;105;72m⠙[38;2;115;104;78;48;2;123;125;114m⣄[38;2;144;147;145;48;2;111;118;102m⠈[38;2;97;64;32;48;2;124;127;124m⠈[38;2;140;141;133;48;2;111;78;45m⣄[38;2;113;76;48;48;2;113;76;48m⠀[38;2;106;74;42;48;2;112;79;46m▅[38;2;101;69;36;48;2;112;79;44m▃[38;2;101;66;34;48;2;109;74;42m⡈[38;2;104;66;37;48;2;98;60;31m⣆[38;2;90;56;24;48;2;93;56;27m⢘[38;2;88;55;22;48;2;80;46;18m▏[38;2;81;47;20;48;2;74;38;12m▊[38;2;40;23;4;48;2;68;36;9m▕[38;2;57;35;15;48;2;27;4;0m▝[38;2;83;51;28;48;2;97;66;37m▏[38;2;96;60;34;48;2;104;66;42m⠃[38;2;101;66;36;48;2;102;67;41m⠑[38;2;109;73;47;48;2;103;67;41m⠰[38;2;95;60;32;48;2;100;65;37m⠤[38;2;94;60;30;48;2;99;64;36m⢰[38;2;99;65;37;48;2;94;60;32m⢸[38;2;106;72;44;48;2;96;61;33m⠹[38;2;110;75;47;48;2;103;68;38m⠭[38;2;109;73;47;48;2;115;77;54m⣆[38;2;122;87;64;48;2;122;87;64m⠀[38;2;130;104;86;48;2;18;13;4m⡄[38;2;17;9;8;48;2;23;18;12m⡚[38;2;31;27;20;48;2;24;14;10m▃[38;2;28;19;14;48;2;24;15;10m⢤[48;2;23;14;9m⠡[38;2;27;18;13;48;2;21;12;7m⢤[38;2;25;15;13;48;2;33;24;19m⡙[0m
[38;2;33;33;21;48;2;45;44;32m⡔[38;2;43;43;31;48;2;37;39;28m⡤[38;2;35;36;25;48;2;29;27;26m⠁[38;2;37;28;29;48;2;31;25;21m⠖[38;2;33;28;25;48;2;30;25;22m⢢[38;2;45;44;42;48;2;28;25;22m⣠[38;2;38;34;33;48;2;31;27;26m⢅[38;2;28;24;23;48;2;38;34;33m⣻[38;2;32;26;26;48;2;29;23;23m⢊[38;2;36;32;31;48;2;32;26;26m⣈[38;2;50;49;50m⣀[38;2;51;54;59;48;2;41;41;43m⣠[38;2;53;65;77;48;2;95;112;126m▍[38;2;105;132;153;48;2;86;113;129m⣠[38;2;84;104;119;48;2;88;114;131m⢓[38;2;87;115;134;48;2;104;131;148m⢃[38;2;95;122;143;48;2;125;152;173m⡀[38;2;100;128;149;48;2;116;143;164m⠙[38;2;105;132;151;48;2;110;137;156m⣄[38;2;137;161;183m▝[38;2;122;148;170;48;2;125;159;179m⡀[38;2;135;170;189;48;2;132;159;180m⠙[38;2;97;129;149;48;2;130;165;184m⠈[38;2;130;162;183;48;2;98;123;145m⢤[38;2;108;138;156;48;2;92;122;141m⣀[38;2;90;115;130;48;2;85;107;121m⡆[38;2;91;114;128;48;2;82;105;119m⢠[38;2;89;115;130;48;2;102;129;146m▊[38;2;109;140;158;48;2;115;143;164m⣰[38;2;118;147;165;48;2;126;154;175m▍[38;2;126;153;174;48;2;128;156;177m⡒[38;2;130;158;179;48;2;132;163;183m⡥[38;2;130;159;180;48;2;132;159;181m⠑[38;2;125;153;175;48;2;133;161;183m⣰[38;2;122;150;172;48;2;132;159;180m▅[38;2;128;155;176;48;2;116;143;164m⡁[38;2;108;135;156;48;2;117;142;164m⢸[38;2;104;132;153;48;2;110;138;159m⣁[38;2;89;117;131;48;2;109;137;159m⢸[38;2;84;108;120;48;2;71;93;107m▊[38;2;65;87;100;48;2;80;99;116m▍[38;2;71;96;112;48;2;83;110;127m⠸[38;2;58;75;88;48;2;58;69;74m⡆[38;2;46;57;63;48;2;49;62;68m⣻[38;2;51;60;68;48;2;47;56;63m⠅[38;2;87;109;123;48;2;51;69;78m⢸[38;2;71;93;107;48;2;47;54;54m▍[38;2;42;44;38;48;2;35;41;38m⡀[38;2;39;43;42;48;2;39;38;34m⠂[38;2;39;38;36;48;2;36;36;34m⠠[38;2;1;0;0;48;2;33;32;30m⢸[38;2;74;74;75;48;2;192;184;177m▍[38;2;168;158;147;48;2;181;175;163m▅[38;2;174;161;144;48;2;179;171;153m▃[38;2;199;191;183;48;2;172;159;141m⠙[38;2;239;235;232;48;2;222;201;189m⣄[38;2;239;232;226;48;2;237;205;171m▁[38;2;235;220;215;48;2;237;208;176m⡀[38;2;212;205;189;48;2;221;208;184m▃[38;2;202;190;175;48;2;229;215;202m⣤[38;2;200;189;171;48;2;219;203;188m⣤[38;2;197;178;163;48;2;195;170;153m⠃[38;2;158;138;122;48;2;173;161;145m⣤[38;2;166;151;143;48;2;155;141;132m⡂[38;2;148;130;119;48;2;149;134;125m⠒[38;2;155;139;124;48;2;148;131;113m▚[38;2;132;116;90;48;2;147;128;114m⠈[38;2;147;126;102;48;2;133;112;85m⡈[38;2;141;122;95;48;2;134;116;91m⢆[38;2;134;115;87;48;2;136;114;90m⢆[38;2;120;98;76;48;2;136;115;92m⢀[38;2;132;116;101;48;2;122;104;88m▅[38;2;129;112;94;48;2;117;100;70m⣄[38;2;117;96;76;48;2;113;93;61m⣀[38;2;139;135;128;48;2;135;107;69m⠈[38;2;138;115;70;48;2;147;144;130m⣤[38;2;98;92;73;48;2;129;127;132m⡉[38;2;101;82;58;48;2;148;149;144m⠙[38;2;163;172;171;48;2;105;87;62m▃[38;2;146;150;161;48;2;103;90;71m⣀[38;2;123;123;131;48;2;117;101;72m▃[38;2;129;122;112;48;2;125;105;89m⣈[38;2;129;127;111;48;2;125;116;99m⠙[38;2;133;132;127;48;2;130;129;108m▝[38;2;130;123;105;48;2;134;141;134m⡈[38;2;96;71;40;48;2;138;146;144m⠙[38;2;161;162;163;48;2;101;69;31m⡀[38;2;99;62;9;48;2;98;70;35m⣀[38;2;93;55;9;48;2;93;60;33m▁[38;2;91;53;14;48;2;92;60;26m⢠[38;2;76;46;11;48;2;83;44;17m▁[38;2;76;50;32;48;2;78;43;15m▁[38;2;65;38;8;48;2;127;111;104m⠇[38;2;40;38;31;48;2;20;7;4m▏[38;2;109;73;49;48;2;26;8;1m⠸[38;2;98;65;35;48;2;108;72;46m⢈[38;2;106;70;44;48;2;102;67;41m⡆[38;2;99;65;37;48;2;102;66;40m⠉[38;2;101;65;42;48;2;103;61;37m▍[38;2;102;61;36;48;2;93;63;33m▍[38;2;94;60;32;48;2;98;64;34m⠙[38;2;90;57;23;48;2;92;58;30m⠰[38;2;103;69;41;48;2;96;63;32m⢸[38;2;103;69;42;48;2;109;76;55m⣢[38;2;116;81;61;48;2;107;77;53m⠹[38;2;128;95;68;48;2;129;92;73m▔[38;2;10;6;3;48;2;139;107;86m⠹[38;2;4;2;0;48;2;15;13;8m⡀[38;2;22;13;6;48;2;24;14;9m⠒[38;2;27;18;13;48;2;24;15;10m⡑[38;2;30;21;16;48;2;23;14;9m⠦[38;2;23;18;12;48;2;21;14;8m⢄[0m
[38;2;34;35;27;48;2;44;44;36m⢤[38;2;27;22;19;48;2;39;37;25m⣤[38;2;37;31;28;48;2;31;23;22m⠳[38;2;25;19;16;48;2;33;26;24m⡆[38;2;35;38;33;48;2;30;27;24m⠠[38;2;47;52;46;48;2;32;26;26m⠇[38;2;26;21;21;48;2;43;38;37m⣡[38;2;27;22;22;48;2;26;20;20m⠚[38;2;25;19;19;48;2;31;25;25m⡠[38;2;48;46;44;48;2;31;29;27m⠠[38;2;54;57;60;48;2;34;32;33m⢉[38;2;45;50;54;48;2;52;59;67m⠂[38;2;55;68;77;48;2;86;110;126m▊[38;2;93;120;140;48;2;111;139;158m⢠[38;2;91;123;143;48;2;99;134;155m⠙[38;2;99;127;143;48;2;83;110;129m▊[38;2;100;132;148;48;2;89;114;131m▝[38;2;123;150;171;48;2;111;137;160m▚[38;2;113;140;158;48;2;100;129;147m⡁[38;2;99;128;146;48;2;106;136;154m⡖[38;2;122;153;171;48;2;101;129;148m▝[38;2;115;144;161;48;2;129;154;174m⣀[38;2;110;144;164;48;2;121;158;178m▕[38;2;53;63;89;48;2;122;153;174m⠃[38;2;113;141;164;48;2;131;165;187m▝[38;2;112;142;163;48;2;99;123;138m⡆[38;2;81;108;123;48;2;87;111;124m⠅[38;2;98;124;139;48;2;94;120;135m⠔[38;2;108;134;148;48;2;114;142;160m▍[38;2;123;150;169;48;2;119;146;165m⠸[38;2;127;155;176;48;2;122;151;171m⢂[38;2;129;157;178;48;2;127;155;176m⠭[38;2;127;155;176;48;2;130;158;179m⡔[38;2;123;151;172;48;2;126;154;176m⡰[38;2;120;148;169;48;2;123;151;172m⠱[38;2;126;146;167;48;2;111;138;159m▊[38;2;101;132;149;48;2;109;135;156m⠤[38;2;98;127;148;48;2;104;137;156m⡅[38;2;89;111;124;48;2;112;136;162m⢸[38;2;72;94;108;48;2;82;104;117m⢸[38;2;76;96;119;48;2;67;88;104m⢸[38;2;90;116;133;48;2;75;96;111m▊[38;2;60;70;82;48;2;71;83;96m⢸[38;2;60;74;83;48;2;51;62;68m⡄[38;2;53;70;80;48;2;51;63;70m⢰[38;2;66;83;99;48;2;96;123;140m⠇[38;2;47;54;55;48;2;68;91;99m⢸[38;2;38;39;38;48;2;30;34;33m▏[38;2;40;42;38;48;2;32;33;32m⠁[38;2;30;25;25;48;2;26;22;21m▍[38;2;21;15;16;48;2;28;28;26m▝[38;2;177;177;172;48;2;13;3;3m▝[38;2;168;168;164;48;2;174;172;160m⡀[38;2;194;197;179;48;2;172;154;134m⡀[38;2;167;150;136;48;2;179;161;142m⡙[38;2;244;244;248;48;2;194;177;163m⠙[38;2;195;188;163;48;2;251;247;247m⣤[38;2;251;247;245;48;2;202;190;178m⠁[38;2;206;191;182;48;2;197;184;172m⠍[38;2;204;195;178;48;2;193;186;170m⢠[38;2;206;195;178;48;2;200;187;171m⢂[38;2;203;191;175;48;2;191;168;154m⡄[38;2;165;148;135;48;2;158;138;123m⣆[38;2;169;152;142;48;2;160;140;130m⢱[38;2;153;147;135;48;2;146;135;129m⡀[38;2;151;138;130;48;2;140;127;119m⡆[38;2;153;137;121;48;2;134;120;110m▚[38;2;144;134;124;48;2;138;127;112m⣠[38;2;133;109;89;48;2;140;124;116m⠙[38;2;136;120;91;48;2;136;110;86m⠙[38;2;135;110;85;48;2;129;107;78m⠲[38;2;133;117;101;48;2;131;110;81m▔[38;2;141;124;114;48;2;137;111;85m⠙[38;2;130;111;97;48;2;135;126;117m⡙[38;2;109;93;78;48;2;128;120;112m⠙[38;2;127;118;102;48;2;114;94;69m⣄[38;2;122;106;71;48;2;110;87;56m⡙[38;2;112;84;50;48;2;146;111;78m⣤[38;2;148;148;137;48;2;128;107;71m⠉[38;2;158;158;165;48;2;121;105;73m⠙[38;2;132;116;94;48;2;158;170;175m⣤[38;2;126;110;97;48;2;166;164;181m▃[38;2;162;175;187;48;2;131;132;127m⠶[38;2;165;171;196;48;2;128;128;129m⢤[38;2;164;172;190;48;2;127;113;102m⣤[38;2;165;174;195;48;2;132;119;108m▃[38;2;128;127;115;48;2;142;149;154m⠶[38;2;73;66;33;48;2;147;154;158m⠈[38;2;76;66;35;48;2;145;145;152m⠉[38;2;75;61;37;48;2;134;128;116m⠉[38;2;73;53;37;48;2;118;110;102m▔[38;2;105;107;96;48;2;95;86;77m⠉[38;2;9;2;2;48;2;103;96;85m⢰[38;2;31;21;20;48;2;14;2;2m⠰[38;2;19;12;5;48;2;19;12;5m⠀[38;2;60;40;34;48;2;111;83;59m▏[38;2;103;72;46;48;2;106;70;46m⢁[38;2;102;67;40;48;2;105;69;47m⡉[38;2;103;68;45;48;2;101;65;43m▅[38;2;98;61;35;48;2;94;59;34m⠥[38;2;91;58;22;48;2;95;59;33m⠉[38;2;97;63;36;48;2;90;59;30m⠈[38;2;94;62;37;48;2;89;59;31m⣨[38;2;100;67;41;48;2;97;65;39m⠩[38;2;108;77;52;48;2;100;70;44m⠸[38;2;111;79;56;48;2;121;86;66m⡂[38;2;138;102;78;48;2;125;95;65m⠸[38;2;150;118;95;48;2;6;5;2m⣆[38;2;10;11;4;48;2;20;9;7m▏[38;2;30;20;11;48;2;21;10;8m⠣[38;2;22;13;8;48;2;26;17;12m⡡[38;2;31;22;17;48;2;23;14;9m⠒[0m
[38;2;38;35;28;48;2;29;19;20m▔[38;2;28;20;16;48;2;22;12;13m⠋[38;2;26;21;18;48;2;20;15;12m⢃[38;2;37;34;29;48;2;27;18;16m⠂[38;2;25;15;16;48;2;29;18;19m⡐[38;2;50;49;47;48;2;41;38;36m⡔[38;2;36;32;31;48;2;26;21;20m⢀[38;2;35;31;30;48;2;29;24;22m⣀[38;2;23;18;16;48;2;28;22;22m⢖[38;2;43;42;40;48;2;35;31;30m⡖[38;2;53;64;72;48;2;36;39;42m▊[38;2;38;33;34;48;2;46;44;48m⣈[38;2;44;55;63;48;2;79;100;113m▊[38;2;116;142;156;48;2;95;117;131m⠆[38;2;89;107;126;48;2;107;120;138m⡄[38;2;92;112;130;48;2;80;103;116m⡁[38;2;77;100;116;48;2;87;106;123m⠶[38;2;108;139;159;48;2;90;118;135m⠈[38;2;112;138;160;48;2;102;125;143m⠇[38;2;97;126;144;48;2;94;122;139m⠫[38;2;105;132;150;48;2;97;124;140m⠇[38;2;97;124;141;48;2;111;141;160m⣆[38;2;112;141;161;48;2;121;150;166m⣐[38;2;129;157;179;48;2;113;141;162m⠙[38;2;117;149;165;48;2;141;170;184m⡀[38;2;112;145;165;48;2;133;161;182m▝[38;2;97;130;150;48;2;88;115;130m▍[38;2;90;117;134;48;2;99;125;140m▍[38;2;104;132;146;48;2;117;139;162m▍[38;2;113;140;159;48;2;117;150;169m▝[38;2;124;150;173;48;2;126;154;175m▏[38;2;125;152;181;48;2;130;157;181m⣨[38;2;125;153;174;48;2;131;155;176m⠜[38;2;130;150;174;48;2;126;151;166m⣈[38;2;119;147;160;48;2;120;151;171m⢰[38;2;112;138;161;48;2;118;146;167m⠚[38;2;99;133;152;48;2;107;139;157m⢱[38;2;97;130;149;48;2;106;133;151m⠍[38;2;91;118;135;48;2;102;130;147m⢸[38;2;78;95;105;48;2;86;104;118m⢸[38;2;66;91;108;48;2;73;95;116m⠆[38;2;94;121;138;48;2;83;109;125m⢠[38;2;68;89;101;48;2;58;71;86m▍[38;2;55;69;78;48;2;54;67;75m⣁[38;2;60;77;87;48;2;70;87;102m⡃[38;2;57;74;84;48;2;87;108;127m⡄[38;2;59;76;89;48;2;36;53;54m▍[38;2;34;36;36;48;2;36;39;42m▝[38;2;27;28;27;48;2;35;36;36m⢠[38;2;27;26;24;48;2;31;30;28m⠣[38;2;25;25;23;48;2;32;26;26m▅[38;2;13;12;4;48;2;23;24;23m▝[38;2;178;180;182;48;2;3;3;1m▝[38;2;132;131;125;48;2;190;193;187m⡀[38;2;173;172;168;48;2;219;219;214m⡉[38;2;234;235;238;48;2;195;183;161m⣤[38;2;250;241;236;48;2;199;184;175m⡀[38;2;207;189;173;48;2;208;198;186m⠇[38;2;216;196;191;48;2;209;198;184m⣰[38;2;220;207;193;48;2;213;199;186m⡆[38;2;206;194;178;48;2;218;204;191m⠃[38;2;213;199;186;48;2;194;180;167m▊[38;2;172;158;145;48;2;163;149;139m▍[38;2;163;149;138;48;2;156;142;131m⡌[38;2;150;143;133;48;2;164;155;146m⡘[38;2;154;141;133;48;2;148;135;126m▃[38;2;146;132;119;48;2;139;124;106m⡄[38;2;141;126;105;48;2;155;138;122m⣆[38;2;154;140;123;48;2;138;132;115m⡌[38;2;133;117;110;48;2;143;131;119m⠉[38;2;140;125;126;48;2;129;107;92m⣄[38;2;125;110;109;48;2;120;99;80m⡀[38;2;119;88;69;48;2;132;110;77m▃[38;2;122;104;73;48;2;134;113;86m⠃[38;2;135;123;113;48;2;130;108;77m⠙[38;2;120;103;88;48;2;129;123;124m⣄[38;2;129;118;117;48;2;139;135;135m⡉[38;2;121;108;94;48;2;140;138;139m⠙[38;2;136;134;130;48;2;102;84;69m⣤[38;2;129;123;119;48;2;109;91;63m▃[38;2;97;72;50;48;2;125;105;79m⠤[38;2;128;120;92;48;2;110;86;53m⠲[38;2;109;89;70;48;2;130;113;97m⠓[38;2;110;93;68;48;2;119;116;108m⠶[38;2;135;123;115;48;2;108;90;68m⡉[38;2;138;149;164;48;2;114;90;71m⠉[38;2;124;102;77;48;2;154;166;178m▅[38;2;127;114;100;48;2;153;169;186m⣤[38;2;160;169;187;48;2;141;136;124m⠓[38;2;155;159;163;48;2;123;118;109m⠦[38;2;132;141;144;48;2;123;114;105m⣄[38;2;109;99;89;48;2;121;114;104m⠙[38;2;112;102;94;48;2;16;10;6m▊[38;2;7;0;0;48;2;18;8;8m⡆[38;2;25;16;9;48;2;18;9;7m▊[38;2;115;80;52;48;2;16;0;0m⢸[38;2;105;71;46;48;2;112;76;52m⢸[38;2;103;69;43;48;2;100;66;40m▚[38;2;99;63;42;48;2;103;66;47m⢸[38;2;99;65;39;48;2;96;62;35m⣂[38;2;93;58;30;48;2;91;58;24m⡄[38;2;85;50;20;48;2;90;55;26m⡒[38;2;94;62;39;48;2;84;57;24m⠙[38;2;92;61;36;48;2;98;65;42m⡤[38;2;99;71;48;48;2;94;65;40m⣻[38;2;108;73;52;48;2;98;70;47m▝[38;2;124;93;75;48;2;110;78;65m⢸[38;2;160;125;103;48;2;134;102;81m⠈[38;2;7;5;3;48;2;141;109;88m▝[38;2;42;19;8;48;2;15;6;0m⡀[38;2;17;8;3;48;2;22;13;9m⣁[38;2;24;15;10;48;2;20;10;9m⠃[0m
[38;2;34;36;25;48;2;23;13;14m⣤[38;2;31;40;24;48;2;25;14;18m▃[38;2;39;36;29;48;2;26;16;14m▃[38;2;29;25;22;48;2;27;15;18m⣤[38;2;33;23;22;48;2;24;13;11m⠤[38;2;35;31;22;48;2;24;18;18m⡃[38;2;27;23;22;48;2;21;17;16m⣈[38;2;21;16;13;48;2;28;23;19m⠂[38;2;27;22;19;48;2;30;25;21m⠎[38;2;59;57;57;48;2;28;27;23m⠁[38;2;65;69;72;48;2;38;43;47m⡉[38;2;31;29;34;48;2;47;47;48m⢉[38;2;40;56;60;48;2;60;75;82m⡅[38;2;108;135;158;48;2;91;112;126m⢰[38;2;92;116;133;48;2;112;138;155m⠋[38;2;97;123;138;48;2;83;109;124m▏[38;2;76;90;103;48;2;88;104;117m⢰[38;2;78;96;109;48;2;89;112;126m⡆[38;2;106;137;152;48;2;92;119;138m⠸[38;2;95;122;142;48;2;88;115;128m⡁[38;2;88;110;124;48;2;93;115;129m⣀[38;2;95;124;142;48;2;92;114;131m⠹[38;2;101;129;151;48;2;108;139;157m▊[38;2;104;135;153;48;2;115;141;160m⡄[38;2;126;151;173;48;2;112;140;161m⠸[38;2;129;155;176;48;2;137;164;185m⡆[38;2;102;131;147;48;2;120;148;170m▝[38;2;97;128;146;48;2;94;116;137m⣄[38;2;115;137;160;48;2;104;129;149m⢸[38;2;121;148;167;48;2;118;145;164m⡅[38;2;124;151;169;48;2;126;153;174m⡅[38;2;129;157;178;48;2;126;154;175m⢈[38;2;131;158;179;48;2;124;157;176m⡦[38;2;125;156;176;48;2;124;150;171m▍[38;2;124;145;169;48;2;125;151;173m⠨[38;2;121;151;171;48;2;110;144;163m▊[38;2;110;138;159;48;2;104;131;153m⡄[38;2;98;124;147m⠃[38;2;100;124;148;48;2;94;122;142m⡕[38;2;84;112;126;48;2;81;100;113m▏[38;2;75;98;112;48;2;82;109;129m▊[38;2;86;122;141;48;2;74;107;123m▊[38;2;71;92;104;48;2;63;75;89m▏[38;2;69;80;82;48;2;57;70;77m▕[38;2;73;87;94;48;2;57;67;76m⡀[38;2;50;66;79;48;2;80;101;115m▊[38;2;57;65;72;48;2;72;92;103m⢸[38;2;43;44;49;48;2;40;41;43m⠴[38;2;43;40;45;48;2;32;28;31m▍[38;2;29;28;26;48;2;32;31;29m⠙[38;2;35;34;32;48;2;27;24;23m▅[38;2;33;32;30;48;2;27;23;22m⡄[38;2;27;21;21;48;2;10;10;8m▊[38;2;202;202;197;48;2;1;0;0m▝[38;2;115;113;111;48;2;222;221;216m⡀[38;2;204;205;200;48;2;235;235;225m⡄[38;2;241;240;236;48;2;243;242;238m⡀[38;2;214;203;189;48;2;240;243;236m▝[38;2;245;244;232;48;2;215;196;182m⣄[38;2;229;215;202;48;2;219;205;192m⢠[38;2;193;179;166;48;2;228;214;201m⢀[38;2;207;194;174;48;2;186;170;157m⢃[38;2;197;179;165;48;2;175;162;146m⡆[38;2;162;148;137;48;2;166;158;145m⢸[38;2;170;161;152;48;2;152;142;130m⠸[38;2;174;160;149;48;2;159;146;138m⡄[38;2;155;143;131;48;2;146;134;120m⣄[38;2;144;127;113;48;2;140;118;105m⡤[38;2;157;141;122;48;2;150;127;111m⠈[38;2;143;132;113;48;2;156;138;121m⡙[38;2;150;139;136;48;2;136;123;112m⠹[38;2;134;120;120;48;2;142;136;136m▝[38;2;116;103;87;48;2;144;130;130m⠙[38;2;116;93;65;48;2;129;115;106m⠹[38;2;117;93;70;48;2;127;106;80m⢇[38;2;117;100;68;48;2;130;105;76m⣈[38;2;119;112;103;48;2;129;102;73m⠈[38;2;131;123;121;48;2;117;105;82m⠙[38;2;116;107;93;48;2;137;127;131m⣀[38;2;128;123;122;48;2;140;131;132m⡀[38;2;130;126;126;48;2;135;131;130m⢀[38;2;118;99;85;48;2;138;136;133m⠉[38;2;145;139;142;48;2;98;83;62m⣤[38;2;132;122;115;48;2;103;90;70m⣈[38;2;148;138;136;48;2;107;90;74m⠙[38;2;133;134;140;48;2;103;96;77m⠳[38;2;115;99;81;48;2;132;141;145m⡙[38;2;147;149;152;48;2;113;98;85m▃[38;2;133;141;148;48;2;123;109;100m⣈[38;2;147;154;146;48;2;118;119;115m⡆[38;2;123;119;110;48;2;130;129;126m⣆[38;2;127;124;114;48;2;131;131;132m▁[38;2;9;5;9;48;2;130;134;137m⠈[38;2;147;146;147;48;2;20;2;2m⣄[38;2;14;14;12;48;2;18;2;3m⡀[38;2;14;2;3;48;2;68;52;30m▊[38;2;104;80;56;48;2;109;78;51m⡀[38;2;110;76;51;48;2;102;70;47m⠁[38;2;104;67;52;48;2;98;63;47m⠎[38;2;102;67;47;48;2;97;63;35m⡅[38;2;90;61;39;48;2;100;64;40m⣠[38;2;89;61;39;48;2;87;56;28m⡆[38;2;90;56;33;48;2;86;58;34m⠐[38;2;88;62;39;48;2;83;56;33m▝[38;2;97;71;56;48;2;90;66;42m⢰[38;2;102;73;55;48;2;108;78;60m⢃[38;2;121;93;71;48;2;115;85;64m⠺[38;2;132;100;78;48;2;124;94;73m⢘[38;2;140;104;78;48;2;134;99;75m⠈[38;2;13;4;1;48;2;132;104;79m▝[38;2;61;35;29;48;2;10;5;6m⡀[38;2;17;8;3;48;2;21;12;7m⠐[0m
[38;2;37;36;32;48;2;30;29;25m⣢[38;2;35;34;30;48;2;41;40;36m⠡[38;2;34;35;30;48;2;39;40;35m⣠[38;2;25;28;21;48;2;37;32;34m⠴[38;2;33;29;28;48;2;24;18;21m⣁[38;2;39;39;35;48;2;25;23;26m⠇[38;2;34;29;25;48;2;27;21;21m⢠[38;2;22;12;11;48;2;28;23;19m⢰[38;2;33;19;19;48;2;31;27;24m▊[38;2;49;49;47;48;2;35;33;34m⡆[38;2;61;62;64;48;2;39;35;36m⠃[38;2;33;31;32;48;2;38;34;36m⣈[38;2;40;46;49;48;2;68;79;82m▍[38;2;106;127;145;48;2;68;82;95m▝[38;2;95;117;136;48;2;105;133;151m⡀[38;2;103;130;141;48;2;84;110;123m▍[38;2;76;99;117;48;2;72;89;100m⠋[38;2;89;109;127;48;2;74;93;108m⠸[38;2;82;108;127;48;2;98;128;147m▍[38;2;97;131;150;48;2;93;119;136m⢱[38;2;94;127;145;48;2;92;114;129m⡄[38;2;80;106;121;48;2;90;116;133m⢀[38;2;87;115;129;48;2;102;129;146m⡔[38;2;116;143;160;48;2;103;130;147m⠸[38;2;110;137;156;48;2;115;142;162m⠸[38;2;112;140;161;48;2;123;156;175m⡅[38;2;118;154;170;48;2;131;164;183m⠈[38;2;122;149;167;48;2;108;135;154m⡄[38;2;112;139;158;48;2;104;131;150m⢘[38;2;121;149;168;48;2;116;143;162m⣻[38;2;125;152;174;48;2;123;150;167m⢸[38;2;122;153;173;48;2;129;156;177m⢠[38;2;129;157;178;48;2;123;156;175m⢡[38;2;120;148;169;48;2;123;154;174m⣐[38;2;129;156;177;48;2;123;150;171m⠈[38;2;114;147;166;48;2;124;151;172m⢨[38;2;100;129;150;48;2;110;137;158m⢰[38;2;106;133;152;48;2;103;130;149m⢘[38;2;100;131;152;48;2;90;117;135m▍[38;2;80;106;123;48;2;73;98;113m⣀[38;2;76;97;114;48;2;89;113;129m⠋[38;2;85;112;129;48;2;91;121;142m▝[38;2;78;104;112;48;2;62;80;91m⣆[38;2;74;102;116;48;2;56;70;83m▁[38;2;68;94;111;48;2;49;78;86m⣁[38;2;99;133;152;48;2;69;98;110m⢀[38;2;58;82;91;48;2;96;128;151m⠙[38;2;74;91;110;48;2;56;65;68m⡄[38;2;70;80;90;48;2;37;41;46m⣀[38;2;43;44;46;48;2;38;37;35m⣤[38;2;41;36;38;48;2;34;33;31m⠦[38;2;43;42;41;48;2;34;35;31m⣀[38;2;35;37;38;48;2;29;28;26m▃[38;2;17;13;14;48;2;32;29;30m⠈[38;2;229;229;229;48;2;7;5;6m⠈[38;2;74;67;65;48;2;219;222;217m⡀[38;2;212;220;213;48;2;233;232;228m⡆[38;2;228;227;221;48;2;236;236;228m▕[38;2;235;234;229;48;2;242;242;240m▏[38;2;241;241;235;48;2;197;182;169m⣆[38;2;215;198;183;48;2;201;187;170m▁[38;2;214;204;192;48;2;196;184;168m⣀[38;2;220;212;202;48;2;197;185;171m⣤[38;2;199;186;178;48;2;181;164;154m⡀[38;2;160;156;144;48;2;159;148;136m▍[38;2;172;162;150;48;2;161;149;137m⢱[38;2;162;150;138;48;2;156;148;135m▍[38;2;152;131;118;48;2;156;143;128m⠉[38;2;144;131;115;48;2;153;137;125m⠙[38;2;153;135;117;48;2;149;127;109m⡀[38;2;156;136;113;48;2;146;119;103m⠳[38;2;141;140;135;48;2;140;129;104m⠈[38;2;141;138;144;48;2;136;126;124m⠹[38;2;137;127;127;48;2;145;143;148m⠙[38;2;128;113;105;48;2;135;131;137m⠙[38;2;137;123;111;48;2;116;96;76m⣤[38;2;119;102;89;48;2;123;93;68m⣄[38;2;124;93;68;48;2;131;101;75m⣤[38;2;130;104;77;48;2;123;99;71m⠦[38;2;128;119;120;48;2;126;102;77m▝[38;2;141;135;135;48;2;125;109;96m⠙[38;2;123;110;107;48;2;139;134;140m⡈[38;2;124;115;111;48;2;145;140;146m⠓[38;2;147;140;143;48;2;132;121;103m⡙[38;2;133;135;142;48;2;131;116;108m⠓[38;2;132;122;126;48;2;118;104;97m⠖[38;2;123;111;103;48;2;117;105;84m⠖[38;2;122;124;114;48;2;115;106;89m⠈[38;2;144;147;152;48;2;122;112;107m⠉[38;2;132;145;157;48;2;109;105;100m▃[38;2;152;156;169;48;2;116;108;95m⣀[38;2;130;141;135;48;2;119;113;105m⡀[38;2;127;125;119;48;2;116;108;98m⠉[38;2;114;102;88;48;2;121;124;127m▅[38;2;2;3;6;48;2;116;115;121m⠈[38;2;127;125;129;48;2;6;0;1m⣄[38;2;4;0;0;48;2;105;75;55m⡆[38;2;109;71;47;48;2;102;65;46m⠇[38;2;96;64;43;48;2;101;64;45m▁[38;2;96;62;42;48;2;92;60;39m⠓[38;2;94;66;52;48;2;93;66;44m⢀[38;2;102;71;61;48;2;87;63;46m⣀[38;2;99;72;51;48;2;88;64;41m▃[38;2;87;61;40;48;2;96;69;48m⢉[38;2;95;70;53;48;2;98;67;47m⠚[38;2;101;75;54;48;2;111;79;58m▊[38;2;119;92;70;48;2;110;84;61m⠈[38;2;124;92;70;48;2;117;82;60m⠹[38;2;125;89;64;48;2;127;89;71m⣈[38;2;128;92;65;48;2;123;87;62m⡁[38;2;27;5;2;48;2;116;81;54m▝[38;2;98;70;48;48;2;13;15;13m▁[0m
[38;2;33;32;28;48;2;40;39;35m⡄[38;2;34;33;29;48;2;39;38;34m⣤[38;2;41;40;38;48;2;34;35;29m⡦[38;2;28;28;26;48;2;40;39;37m▁[38;2;29;25;24;48;2;30;35;28m⠶[38;2;37;31;31;48;2;30;21;22m⣁[38;2;26;18;16;48;2;29;21;19m⡅[38;2;23;15;13;48;2;28;20;18m⣁[48;2;30;20;19m⣈[38;2;42;42;42;48;2;30;30;25m⠇[38;2;54;55;55;48;2;34;34;34m⠂[38;2;31;36;36;48;2;28;28;28m⠂[38;2;47;50;54;48;2;36;36;35m⢸[38;2;55;65;71;48;2;68;83;95m▊[38;2;68;87;100;48;2;91;115;128m⡆[38;2;91;109;118;48;2;104;130;148m⢸[38;2;63;76;84;48;2;70;87;97m⢴[38;2;72;91;105;48;2;70;87;93m⠸[38;2;79;102;118;48;2;66;90;103m⠚[38;2;97;125;141;48;2;94;116;133m⢰[38;2;89;115;132;48;2;101;124;142m⣈[38;2;93;116;130;48;2;84;110;123m⣁[38;2;92;119;136;48;2;88;111;125m▝[38;2;96;121;138;48;2;102;125;143m▁[38;2;111;137;154;48;2;115;141;158m⡁[38;2;111;139;160;48;2;119;146;165m⠁[38;2;131;163;183;48;2;123;154;175m⠸[38;2;112;142;163;48;2;127;158;179m▝[38;2;111;142;163;48;2;110;137;158m▁[38;2;112;147;166;48;2;121;148;167m⡄[38;2;130;156;177;48;2;125;148;171m⢁[38;2;136;164;185;48;2;123;153;174m⠈[38;2;134;161;182;48;2;127;154;175m⠆[38;2;123;151;172;48;2;126;154;175m⡘[48;2;120;147;168m⠵[38;2;114;142;164;48;2;120;148;170m⠰[38;2;111;138;160;48;2;105;133;154m⣁[38;2;100;128;149;48;2;104;132;153m⡒[38;2;98;125;144;48;2;99;127;148m⠐[38;2;97;125;140;48;2;93;119;137m⣂[38;2;110;136;159;48;2;96;123;142m⣰[38;2;126;152;175;48;2;105;133;150m⣤[38;2;114;142;164;48;2;86;112;135m⡔[38;2;81;115;142;48;2;102;137;154m⣈[38;2;95;121;144;48;2;76;104;125m⠶[38;2;130;157;186;48;2;99;130;151m⢸[38;2;74;90;115;48;2;108;140;159m⢸[38;2;44;50;47;48;2;53;73;81m⢠[38;2;34;35;30;48;2;46;50;53m⣤[38;2;47;47;47;48;2;35;26;31m⠇[38;2;83;100;116;48;2;37;38;43m▃[38;2;43;47;50;48;2;37;36;39m▍[38;2;31;29;30;48;2;35;35;35m⣈[38;2;28;23;25;48;2;36;30;30m▔[38;2;18;8;11;48;2;28;22;22m⠈[38;2;193;199;199;48;2;6;5;5m⠈[38;2;3;2;4;48;2;212;222;222m⡀[38;2;216;222;216;48;2;230;229;227m⡄[38;2;219;219;214;48;2;232;231;226m⡄[38;2;239;236;232;48;2;238;238;236m⡀[38;2;203;194;184;48;2;242;236;228m⠱[38;2;208;202;190;48;2;225;218;208m⡀[38;2;232;224;221;48;2;226;219;211m⠠[38;2;185;176;167;48;2;219;210;201m⠸[38;2;165;155;145;48;2;174;165;156m▝[38;2;168;158;146;48;2;161;149;137m⠈[38;2;175;165;155;48;2;160;150;140m⠃[38;2;165;148;138;48;2;158;145;136m⣆[38;2;151;139;130;48;2;149;137;124m⡦[38;2;143;125;108;48;2;149;132;117m⠚[38;2;150;128;111;48;2;146;125;108m▏[38;2;140;124;111;48;2;153;135;112m▅[38;2;148;126;103;48;2;147;126;107m⡄[38;2;144;144;141;48;2;145;131;110m⠙[38;2;131;126;128;48;2;146;148;152m⣄[38;2;136;137;136;48;2;143;143;151m▝[38;2;148;143;146;48;2;134;122;117m⣤[38;2;128;110;97;48;2;140;127;127m⠹[38;2;124;114;103;48;2;117;101;77m⣀[38;2;117;101;83;48;2;114;88;61m⣀[38;2;111;90;63;48;2;130;102;71m⣤[38;2;123;107;78;48;2;109;92;66m⠫[38;2;137;133;133;48;2;119;95;80m⠉[38;2;109;96;87;48;2;151;151;161m⣤[38;2;128;119;114;48;2;144;150;164m⣈[38;2;154;158;170;48;2;127;114;112m▅[38;2;154;160;176;48;2;134;125;125m⣤[38;2;149;151;164;48;2;132;125;128m▅[38;2;126;127;133;48;2;155;155;167m⠋[38;2;135;146;164;48;2;151;159;172m⠱[38;2;141;152;167;48;2;138;148;157m⣻[38;2;121;132;133;48;2;145;155;165m▝[38;2;143;154;176;48;2;114;112;101m▅[38;2;96;86;80;48;2;124;132;154m⠙[38;2;134;138;148;48;2;106;98;87m⡀[38;2;128;132;143;48;2;119;119;119m⠸[38;2;136;139;150;48;2;0;0;4m⣆[38;2;4;2;5;48;2;101;66;46m⣄[38;2;102;77;58;48;2;96;66;43m⡀[38;2;87;56;35;48;2;90;59;40m⢁[38;2;98;62;53;48;2;90;63;41m▝[38;2;96;68;46;48;2;100;72;52m▃[38;2;96;67;49;48;2;99;71;49m▅[38;2;95;69;47m⡌[38;2;101;66;47;48;2;100;72;51m⠃[38;2;102;73;53;48;2;99;71;50m⠸[38;2;102;74;53;48;2;110;79;59m⣤[38;2;117;81;59;48;2;108;75;56m⠉[38;2;118;82;59;48;2;112;75;57m⠁[38;2;119;84;55;48;2;111;75;49m⠋[38;2;107;71;47;48;2;112;74;49m⣀[38;2;30;11;1;48;2;101;74;48m▝[0m
[38;2;37;36;32;48;2;41;40;38m⢉[38;2;42;41;37;48;2;38;37;32m⢒[38;2;46;45;41;48;2;36;36;32m⡄[38;2;31;23;20;48;2;36;35;33m⣤[38;2;33;34;31;48;2;24;20;15m⠋[38;2;33;28;25;48;2;25;22;17m▔[38;2;22;14;12;48;2;28;20;18m⠆[38;2;29;21;19;48;2;25;15;14m⠁[38;2;21;11;10;48;2;25;13;13m⠙[38;2;22;19;15;48;2;28;23;19m▁[38;2;26;18;15;48;2;34;33;31m⠸[38;2;27;19;16;48;2;35;29;29m▊[38;2;34;33;34;48;2;43;43;45m▊[38;2;60;73;83;48;2;45;52;59m▝[38;2;83;103;118;48;2;74;88;99m⠸[38;2;93;120;139;48;2;86;111;122m⠃[38;2;77;94;104;48;2;60;76;84m⠃[38;2;68;84;96;48;2;62;74;82m▝[38;2;59;75;91;48;2;71;89;105m⡄[38;2;66;93;113;48;2;82;110;125m⣄[38;2;91;119;132;48;2;76;103;120m▍[38;2;80;107;127;48;2;88;116;128m▃[38;2;80;100;115;48;2;85;108;125m⣰[38;2;94;121;138;48;2;90;107;125m⢸[38;2;112;138;155;48;2;102;129;147m⠸[38;2;109;140;159;48;2;122;150;162m⢸[38;2;131;162;183;48;2;118;147;168m⠸[38;2;136;167;188;48;2;129;160;181m⠃[38;2;116;144;165;48;2;127;155;177m⠙[38;2;118;146;167;48;2;124;152;173m⠅[38;2;125;157;174;48;2;129;155;177m⢠[38;2;131;152;173;48;2;121;155;174m⣤[38;2;125;155;174;48;2;130;159;179m⠶[38;2;129;157;178;48;2;126;154;175m⡆[38;2;124;152;174;48;2;119;147;169m⡃[38;2;118;146;168;48;2;121;149;171m⣃[38;2;115;143;165;48;2;111;136;160m▍[38;2;114;140;163;48;2;107;132;156m⢠[38;2;108;135;155;48;2;115;142;164m⠹[38;2;115;144;162;48;2;131;158;179m⠋[38;2;128;155;176;48;2;132;163;185m⠁[38;2;98;128;154;48;2;118;153;175m⢰[38;2;93;125;146;48;2;87;115;131m⠆[38;2;91;122;144;48;2;102;137;161m⠋[38;2;66;89;101;48;2;86;111;131m⢰[38;2;94;119;141;48;2;114;148;167m▏[38;2;69;92;106;48;2;87;113;137m⢸[38;2;51;64;74;48;2;43;46;46m⡅[38;2;44;42;48;48;2;35;34;33m⡔[38;2;37;39;36;48;2;40;29;25m⠃[38;2;67;85;105;48;2;50;65;79m⡙[38;2;45;34;40;48;2;34;28;30m⠢[38;2;33;26;31;48;2;29;23;27m⠤[38;2;30;24;28;48;2;26;20;23m⢅[38;2;32;26;26;48;2;37;31;35m⡁[38;2;34;28;28;48;2;36;30;32m⠈[38;2;24;15;16;48;2;24;15;16m⠀[38;2;209;216;209;48;2;2;0;1m⠹[38;2;204;207;199;48;2;214;214;208m⡀[38;2;228;226;222;48;2;236;235;231m▏[38;2;240;239;236;48;2;240;239;236m⠀[38;2;244;241;229;48;2;207;201;186m⡌[38;2;215;206;200;48;2;226;217;208m⡀[38;2;217;208;199;48;2;226;217;207m⠈[38;2;198;195;183;48;2;178;169;160m▍[38;2;177;167;158;48;2;167;153;146m⣆[38;2;175;165;153;48;2;164;153;144m▝[38;2;177;167;158;48;2;157;148;137m⡆[38;2;152;144;131;48;2;152;144;131m⠀[38;2;152;139;122;48;2;146;134;118m⡁[38;2;141;124;106;48;2;146;130;114m⠸[38;2;148;130;116;48;2;144;122;109m⡠[38;2;148;126;103;48;2;141;120;103m⠱[38;2;139;123;99;48;2;154;133;116m▃[38;2;154;133;115;48;2;139;120;105m⢄[38;2;137;136;142;48;2;134;122;105m⠙[38;2;127;126;113;48;2;145;144;151m⡀[38;2;135;141;147;48;2;146;146;156m⡈[38;2;138;133;130;48;2;154;153;158m⠙[38;2;129;122;114;48;2;140;137;137m⠹[38;2;127;117;116;48;2;116;96;87m▅[38;2;120;113;109;48;2;107;94;73m⣄[38;2;120;103;93;48;2;115;87;60m⣄[38;2;113;87;66;48;2;121;105;77m▅[38;2;103;80;55;48;2;127;105;77m▃[38;2;142;137;143;48;2;120;104;86m⠈[38;2;156;154;164;48;2;113;97;87m⠙[38;2;121;108;106;48;2;157;164;178m⣤[38;2;122;123;128;48;2;155;162;178m⣀[38;2;156;163;179;48;2;149;156;167m⢎[38;2;158;168;186;48;2;152;160;177m⡢[38;2;159;169;182;48;2;145;155;167m⣄[38;2;155;167;183;48;2;147;159;175m⣁[38;2;129;140;158;48;2;147;160;176m⠹[38;2;127;137;149;48;2;134;145;163m⠈[38;2;126;143;164;48;2;113;111;116m▅[38;2;124;133;145;48;2;128;138;153m⠂[38;2;124;123;130;48;2;1;1;1m⡆[38;2;96;65;53;48;2;17;5;0m⠙[38;2;80;57;41;48;2;95;63;40m⡀[38;2;90;63;44;48;2;86;61;39m⣰[38;2;86;59;40;48;2;90;64;44m▃[38;2;92;64;42;48;2;95;66;48m⡆[38;2;92;65;43;48;2;96;68;46m⣡[38;2;94;66;45;48;2;99;70;52m⢂[38;2;93;62;44;48;2;100;70;51m⡄[38;2;100;72;53;48;2;98;71;50m⡀[38;2;97;65;44;48;2;105;74;54m⣤[38;2;95;64;44;48;2;106;73;53m▃[38;2;103;68;40;48;2;109;72;53m▅[38;2;95;63;37;48;2;106;70;46m▁[38;2;96;62;27;48;2;107;65;40m⢸[0m
[38;2;36;25;23;48;2;39;38;36m▃[38;2;30;30;30;48;2;39;38;35m⣠[38;2;38;34;30;48;2;29;19;17m⠋[38;2;23;11;11;48;2;27;19;17m⠐[38;2;28;20;18;48;2;25;15;14m⡈[38;2;24;13;12;48;2;30;20;19m⣂[38;2;35;27;25;48;2;25;17;15m⠁[38;2;24;15;13;48;2;20;12;10m⠡[38;2;24;21;18;48;2;20;15;12m▝[38;2;22;18;15;48;2;26;21;18m⡉[38;2;36;34;32;48;2;29;24;21m⠃[38;2;31;26;22;48;2;23;19;17m⣰[38;2;28;26;30;48;2;38;37;40m▊[38;2;47;46;56;48;2;52;51;60m⢱[38;2;56;64;72;48;2;74;84;93m▏[38;2;73;91;103;48;2;90;108;122m▕[38;2;65;84;91;48;2;60;77;89m⡁[38;2;63;77;86;48;2;55;66;73m⠇[38;2;67;77;89;48;2;57;66;77m▝[38;2;63;83;94;48;2;76;95;108m▍[38;2;92;111;125;48;2;79;96;110m⠁[38;2;73;92;107;48;2;85;108;121m▍[38;2;75;97;111;48;2;77;102;116m▍[38;2;90;111;130;48;2;78;101;115m⠸[38;2;102;128;141;48;2;90;111;130m⢲[38;2;101;127;142;48;2;112;138;155m⡆[38;2;114;148;168;48;2;106;134;156m▝[38;2;121;149;170;48;2;130;164;184m⡄[38;2;134;162;183;48;2;127;155;177m⡄[38;2;121;147;170;48;2;128;156;178m⣡[38;2;132;163;181;48;2;126;153;174m⠠[38;2;122;159;175;48;2;127;158;178m⠒[38;2;131;156;179;48;2;126;152;175m⣢[38;2;131;158;179;48;2;128;155;176m⣐[38;2;129;159;180;48;2;123;151;173m⡤[38;2;131;153;177;48;2;117;145;167m▃[38;2;117;145;167;48;2;110;141;162m▍[38;2;106;135;157;48;2;120;152;173m⠇[38;2;113;145;170;48;2;122;152;172m⢸[38;2;121;153;178;48;2;126;157;181m⢇[38;2;123;155;178;48;2;131;158;186m⣤[38;2;115;142;169;48;2;89;117;139m▏[38;2;64;94;112;48;2;86;111;132m⠠[38;2;74;102;121;48;2;92;125;146m⡆[38;2;94;125;145;48;2;80;107;128m⢀[38;2;105;133;146;48;2;113;144;164m▏[38;2;78;112;127;48;2;106;141;163m⠹[38;2;107;131;157;48;2;43;53;67m⣀[38;2;97;122;147;48;2;46;44;48m▃[38;2;100;126;148;48;2;31;26;26m⣤[38;2;69;91;110;48;2;44;48;51m⠧[38;2;36;34;35;48;2;45;47;51m⣻[38;2;34;25;29;48;2;40;31;34m⡉[38;2;39;35;36;48;2;30;26;25m⠶[38;2;41;35;36;48;2;37;28;30m⠖[38;2;28;28;28;48;2;39;33;35m⠉[38;2;37;31;33;48;2;38;34;35m⠤[38;2;5;1;1;48;2;36;33;34m▝[38;2;207;199;196;48;2;22;20;21m⠸[38;2;198;196;191;48;2;226;226;217m⡆[38;2;229;228;224;48;2;236;234;231m⡄[38;2;239;240;235;48;2;239;240;235m⠀[38;2;242;244;233;48;2;201;201;190m⡌[38;2;212;204;193;48;2;227;223;211m⡀[38;2;126;125;113;48;2;192;192;180m⢐[38;2;99;98;84;48;2;178;168;159m⡀[38;2;165;157;149;48;2;161;152;144m⣄[38;2;163;151;145;48;2;166;156;148m⡄[38;2;166;153;137;48;2;153;140;131m⡄[38;2;153;140;134;48;2;158;145;133m▏[38;2;158;144;135;48;2;153;137;122m⣤[38;2;151;134;127;48;2;140;126;117m⡅[38;2;140;123;105;48;2;143;128;113m⠹[38;2;135;118;100;48;2;141;120;103m⢬[38;2;147;125;101m⠐[38;2;148;131;111;48;2;139;118;101m⠳[38;2;136;126;121;48;2;138;121;101m⠈[38;2;141;138;143;48;2;129;116;100m⠙[38;2;127;125;123;48;2;148;146;158m⣄[38;2;142;144;150;48;2;151;152;163m⣀[38;2;142;142;143;48;2;149;154;160m⠙[38;2;149;148;155;48;2;132;126;125m⣄[38;2;139;131;134;48;2;129;121;115m⡄[38;2;123;111;102;48;2;135;125;123m⠉[38;2;108;90;71;48;2;131;123;120m⠉[38;2;133;125;120;48;2;102;89;66m⣤[38;2;121;110;106;48;2;109;92;68m▃[38;2;128;106;86;48;2;111;91;70m⡉[38;2;128;109;100;48;2;115;92;74m▝[38;2;127;125;130;48;2;116;99;81m⠉[38;2;150;155;169;48;2;123;110;100m⠉[38;2;128;121;113;48;2;149;160;169m⣤[38;2;153;165;181;48;2;133;137;141m⠹[38;2;136;150;163;48;2;160;175;190m⣤[38;2;136;149;157;48;2;151;164;180m⣀[38;2;161;174;190;48;2;136;153;171m⠤[38;2;152;168;183;48;2;134;152;164m▃[38;2;33;31;35;48;2;140;147;166m⠈[38;2;139;154;167;48;2;8;0;1m⣤[38;2;162;162;172;48;2;12;5;2m⡀[38;2;4;1;1;48;2;91;64;45m⡀[38;2;88;61;42;48;2;83;56;37m⡦[38;2;85;60;38;48;2;82;57;39m⠙[38;2;82;56;43;48;2;91;65;44m⣆[38;2;91;68;51;48;2;88;61;43m⢱[38;2;90;61;43;48;2;97;70;50m⠁[38;2;96;68;50;48;2;92;63;45m⡁[38;2;90;62;40;48;2;98;66;45m⡤[38;2;98;67;47;48;2;92;61;40m⡉[38;2;100;65;46;48;2;97;60;41m⠥[38;2;94;60;33;48;2;98;63;35m▔[38;2;93;58;30m⣀[0m
[38;2;38;45;33;48;2;27;24;17m⠆[38;2;32;23;21;48;2;29;19;18m▊[38;2;30;22;20;48;2;26;18;16m⠢[38;2;23;15;13;48;2;29;21;19m⣨[38;2;25;20;16;48;2;22;12;11m⢄[38;2;31;23;21;48;2;24;16;14m⣠[38;2;28;19;20;48;2;21;12;13m⣀[38;2;26;17;18;48;2;23;14;12m▃[38;2;17;12;9;48;2;24;16;14m▝[38;2;28;23;20;48;2;21;17;14m⢘[38;2;29;24;21;48;2;26;21;18m⡨[38;2;27;22;19;48;2;30;27;22m⡃[38;2;38;36;37;48;2;28;26;27m⢸[38;2;56;59;65;48;2;44;49;54m⢡[38;2;59;72;84;48;2;71;84;100m▍[38;2;78;94;109;48;2;88;105;121m▍[38;2;80;98;110;48;2;63;79;95m▏[38;2;60;78;90;48;2;53;68;75m▏[38;2;49;57;70;48;2;56;64;77m⠁[38;2;63;69;83;48;2;65;85;96m⣄[38;2;74;93;108;48;2;64;87;101m⢉[38;2;67;90;104;48;2;77;100;118m⡆[38;2;80;105;119;48;2;76;99;113m⠈[38;2;79;98;113;48;2;72;88;103m⠋[38;2;82;100;115;48;2;85;111;124m⡦[38;2;93;120;133;48;2;102;131;147m▍[38;2;108;131;154;48;2;111;140;162m⢇[38;2;112;140;161;48;2;123;151;172m▍[38;2;130;158;180;48;2;126;154;175m⠁[38;2;125;153;175;48;2;123;151;173m▅[38;2;126;154;175;48;2;130;157;178m⡄[38;2;131;158;179;48;2;132;160;181m⠦[38;2;129;156;178;48;2;131;161;181m⡰[38;2;126;160;179;48;2;130;161;181m▝[38;2;126;154;178;48;2;130;161;182m⠺[38;2;129;160;180;48;2;123;152;179m▃[38;2;123;151;175;48;2;126;152;179m⠩[38;2;129;157;179;48;2;119;150;174m⣂[38;2;105;140;166;48;2;127;159;182m⠃[38;2;125;157;182;48;2;135;167;192m⡉[38;2;126;169;190;48;2;120;153;178m⣤[38;2;108;140;163;48;2;94;127;149m▅[38;2;111;139;160;48;2;93;121;145m⣤[38;2;135;163;190;48;2;85;122;141m▅[38;2;100;137;156;48;2;150;171;195m⠉[38;2;125;161;183;48;2;140;176;202m⢀[38;2;138;171;188;48;2;79;106;127m⠋[38;2;102;131;159;48;2;61;87;107m▔[38;2;41;36;42;48;2;63;72;82m⣰[38;2;54;58;67;48;2;83;97;113m⣤[38;2;31;31;51;48;2;30;29;25m▏[38;2;33;27;27;48;2;43;32;36m▅[38;2;36;30;30;48;2;30;29;25m⠧[38;2;31;25;27;48;2;36;30;30m⠉[38;2;33;28;28;48;2;33;28;28m⠀[38;2;38;36;37;48;2;37;31;33m⢠[38;2;41;35;37;48;2;38;33;35m⠊[38;2;32;30;31;48;2;35;33;34m⠠[38;2;28;26;28;48;2;28;26;28m⠀[38;2;2;2;4;48;2;198;197;193m⡄[38;2;190;190;182;48;2;223;223;214m⡄[38;2;233;232;227;48;2;237;236;232m⣤[38;2;230;229;224;48;2;239;238;233m⡀[38;2;242;242;234;48;2;208;200;192m⡄[38;2;148;140;131;48;2;201;188;180m▝[38;2;159;156;144;48;2;112;105;97m⡌[38;2;165;156;149;48;2;169;166;153m▝[38;2;161;151;142;48;2;165;157;148m⢓[38;2;167;157;144;48;2;158;149;140m▊[38;2;158;146;131;48;2;156;143;134m⠈[38;2;169;152;135;48;2;159;146;130m⠐[38;2;156;146;126;48;2;152;140;125m⣤[38;2;146;131;124;48;2;142;124;112m⡆[38;2;142;128;111;48;2;135;117;103m⠓[38;2;140;123;105;48;2;135;116;99m▍[38;2;132;108;91;48;2;132;116;100m⢈[38;2;147;130;110;48;2;137;116;98m⠈[38;2;137;111;93;48;2;144;126;102m▃[38;2;141;124;107;48;2;133;114;96m⢬[38;2;140;140;141;48;2;125;115;107m⠙[38;2;130;122;117;48;2;147;147;157m⣄[38;2;148;141;149;48;2;153;155;167m⣀[38;2;147;145;150;48;2;152;156;167m▔[38;2;150;150;160;48;2;137;134;139m⣤[38;2;148;147;152;48;2;137;127;128m⣄[38;2;141;141;143;48;2;130;129;127m⡀[38;2;129;126;128;48;2;137;135;136m⡌[38;2;124;116;114;48;2;141;139;145m⠉[38;2;140;142;154;48;2;118;111;103m▅[38;2;147;149;163;48;2;121;112;112m⣤[38;2;157;156;171;48;2;110;100;93m⣤[38;2;138;144;151;48;2;121;112;96m▃[38;2;136;143;147;48;2;125;126;128m⡀[38;2;138;147;158;48;2;124;123;131m▝[38;2;141;148;164;48;2;130;143;151m⠢[38;2;147;158;168;48;2;134;142;155m⣰[38;2;149;166;184;48;2;138;153;169m▅[38;2;156;175;189;48;2;148;166;182m⠉[38;2;133;142;158;48;2;160;176;191m⣤[38;2;127;136;145;48;2;145;159;175m▃[38;2;5;0;1;48;2;156;169;178m⠙[38;2;152;165;181;48;2;79;58;37m⣀[38;2;73;47;26;48;2;80;56;41m▁[38;2;75;49;37;48;2;85;58;47m⣤[38;2;84;59;49;48;2;79;56;42m⠓[38;2;89;63;46;48;2;81;57;45m⠙[38;2;95;64;46;48;2;87;60;42m⠙[38;2;87;60;43;48;2;98;70;48m⣤[38;2;97;65;44;48;2;92;60;41m⠹[38;2;98;61;43;48;2;96;65;44m⡨[38;2;96;67;44;48;2;94;59;31m⡄[38;2;99;64;36m⠒[0m
[38;2;37;36;34;48;2;28;18;16m⠃[38;2;26;20;20;48;2;24;16;14m⠓[38;2;25;17;15;48;2;30;21;19m⣻[38;2;32;25;22;48;2;26;18;16m⠒[38;2;21;15;15;48;2;23;18;14m⣨[38;2;31;23;21;48;2;24;18;18m▝[38;2;27;21;21;48;2;28;18;19m⣠[38;2;21;12;13;48;2;24;15;16m⡐[38;2;24;15;16;48;2;27;19;16m⠭[38;2;24;16;14;48;2;29;20;19m⠋[38;2;29;21;19;48;2;26;22;19m⢰[38;2;29;19;17;48;2;33;25;22m▊[38;2;28;25;26;48;2;32;31;32m⡆[38;2;41;42;46;48;2;46;52;57m⢇[38;2;79;97;111;48;2;59;73;86m⢸[38;2;85;108;122;48;2;82;101;115m⣤[38;2;66;83;91;48;2;78;101;114m⢸[38;2;53;63;71;48;2;63;74;79m⣻[38;2;53;62;72;48;2;57;67;77m▍[38;2;54;66;78;48;2;62;74;88m⠇[38;2;82;99;115;48;2;65;82;98m⢀[38;2;71;90;107;48;2;78;100;114m▍[38;2;75;95;106;48;2;82;101;118m⢡[38;2;69;89;99;48;2;74;93;104m⠸[38;2;75;97;110;48;2;69;87;101m⠙[38;2;99;128;139;48;2;76;103;114m⢸[38;2;95;122;136;48;2;101;128;141m⠄[38;2;119;152;171;48;2;108;140;155m⠈[38;2;120;149;167;48;2;131;159;180m⡄[38;2;129;157;179;48;2;132;159;182m▊[38;2;121;148;169;48;2;127;159;182m▔[38;2;134;166;188;48;2;129;160;181m⠪[38;2;132;164;185;48;2;127;158;179m⢋[38;2;127;158;179;48;2;132;163;184m⠩[38;2;130;162;183;48;2;135;167;188m⣃[38;2;136;166;191;48;2;130;162;185m▍[38;2;139;167;190;48;2;129;157;180m⠠[38;2;118;146;168;48;2;133;161;183m⢠[38;2;122;155;180;48;2;116;142;165m⠋[38;2;122;148;173;48;2;115;137;161m⠙[38;2;120;157;176;48;2;129;160;185m⡀[38;2;113;147;172;48;2;120;154;179m⠸[38;2;120;147;175;48;2;130;164;189m⠋[38;2;127;161;186;48;2;136;171;195m⡁[38;2;136;171;191;48;2;145;177;198m⣤[38;2;97;125;147;48;2;136;164;186m⢸[38;2;69;95;116;48;2;77;107;126m⢑[38;2;51;74;79;48;2;82;101;118m⢸[38;2;49;62;71;48;2;43;45;53m⡒[38;2;48;57;71;48;2;32;33;36m⠃[38;2;47;45;50;48;2;32;30;31m⠖[38;2;37;31;31;48;2;29;23;23m⠙[38;2;35;29;29m⠳[38;2;31;25;24;48;2;35;29;29m⣰[38;2;40;34;34;48;2;32;26;26m⠈[38;2;37;31;33;48;2;32;28;29m⣁[38;2;36;30;32;48;2;27;26;27m⣈[38;2;35;24;32;48;2;35;24;32m⠀[38;2;38;33;31;48;2;38;33;31m⠀[38;2;145;144;143;48;2;17;14;22m⠈[38;2;175;174;170;48;2;210;207;200m⡀[38;2;206;205;200;48;2;231;228;223m⡄[38;2;239;238;233;48;2;235;234;229m⠩[38;2;240;235;229;48;2;241;238;233m▔[38;2;242;242;234;48;2;195;185;179m⡄[38;2;145;136;128;48;2;184;174;164m▔[38;2;182;173;164;48;2;182;173;164m⠀[38;2;181;173;162;48;2;171;161;152m⡄[38;2;165;156;147;48;2;159;150;141m▊[38;2;157;143;133;48;2;156;146;137m⠚[38;2;150;140;130;48;2;158;148;138m⣃[38;2;159;147;133;48;2;157;146;127m⠧[38;2;162;146;126;48;2;147;133;122m⣄[38;2;140;122;108;48;2;148;131;123m⠙[38;2;141;124;116;48;2;135;117;103m⡄[38;2;131;114;99m⠸[38;2;133;114;98;48;2;134;117;101m⢉[38;2;126;109;93;48;2;136;113;94m⣤[38;2;123;106;88;48;2;134;117;97m⣀[38;2;139;125;98;48;2;129;113;87m⠱[38;2;121;110;99;48;2;140;123;102m⠹[38;2;138;128;127;48;2;124;109;98m⠙[38;2;148;146;160;48;2;127;119;119m⠙[38;2;147;145;145;48;2;158;162;172m⣄[38;2;154;158;167;48;2;161;163;176m⡉[38;2;148;149;160;48;2;159;163;180m⠉[38;2;147;153;167;48;2;136;137;142m⣤[38;2;144;147;152;48;2;136;133;140m⣄[38;2;138;140;152;48;2;131;132;144m⡉[38;2;139;137;147;48;2;146;146;159m⣤[38;2;134;138;149;48;2;150;159;175m▅[38;2;138;140;153;48;2;158;165;181m⣄[38;2;145;151;163;48;2;160;168;181m⡈[38;2;145;153;165;48;2;153;165;180m⠉[38;2;158;170;184;48;2;142;153;170m⠶[38;2;145;157;171;48;2;156;168;182m⣠[38;2;143;160;178;48;2;153;171;181m⡁[38;2;159;176;195;48;2;148;164;182m⠃[38;2;134;142;159;48;2;148;170;188m⠉[38;2;127;140;152;48;2;151;168;188m⠉[38;2;157;174;192;48;2;128;138;151m⣤[38;2;148;168;185;48;2;137;148;161m⡉[38;2;103;98;89;48;2;146;158;178m⠙[38;2;150;166;182;48;2;70;47;34m⡄[38;2;56;28;20;48;2;71;47;37m⡀[38;2;79;55;44;48;2;74;50;40m⠉[38;2;69;47;35;48;2;86;57;43m⣤[38;2;79;57;44;48;2;85;57;44m⡄[38;2;91;61;43;48;2;84;56;43m⠉[38;2;90;61;35;48;2;91;60;41m▁[38;2;97;65;44;48;2;91;59;38m⡠[38;2;95;63;42;48;2;90;58;33m⢤[0m
[38;2;24;16;14;48;2;31;23;21m▅[38;2;22;14;11;48;2;29;21;19m⢠[38;2;25;17;15;48;2;27;19;17m▔[38;2;25;21;20;48;2;27;21;18m⡐[38;2;26;16;14;48;2;26;20;20m⡐[38;2;23;17;17;48;2;30;20;18m⢋[38;2;25;19;19;48;2;29;23;23m⡄[38;2;21;17;16;48;2;27;22;22m⠣[38;2;21;11;12;48;2;26;20;20m▔[38;2;26;16;17;48;2;24;18;18m▝[38;2;30;22;20;48;2;25;19;18m⡘[38;2;24;18;18;48;2;30;22;20m▅[38;2;31;26;23;48;2;34;33;31m▍[38;2;35;35;41;48;2;45;50;54m⡆[38;2;64;72;89;48;2;72;85;99m▊[38;2;87;96;117;48;2;84;103;119m⡄[38;2;64;77;93;48;2;81;104;118m⢸[38;2;55;65;72;48;2;55;65;72m⠀[38;2;53;63;73;48;2;58;68;78m⢨[38;2;49;61;73;48;2;55;68;82m▍[38;2;70;92;106;48;2;58;78;92m⢸[38;2;79;99;114;48;2;65;88;104m⢰[38;2;79;98;117;48;2;63;81;95m▍[38;2;67;86;99;48;2;67;86;99m⠀[38;2;74;88;100;48;2;69;84;96m⠸[38;2;78;98;111;48;2;85;110;123m▊[38;2;99;125;138;48;2;88;114;133m⠋[38;2;99;126;145;48;2;107;140;157m⡄[38;2;120;150;173;48;2;111;139;160m⠹[38;2;123;151;172;48;2;125;153;177m⣤[48;2;126;154;178m⡤[38;2;121;157;176;48;2;128;159;180m⠡[38;2;123;158;178m⡌[38;2;129;155;178;48;2;130;161;182m⡄[38;2;127;160;179;48;2;132;159;181m⢲[38;2;123;155;177;48;2;127;159;180m⢘[38;2;123;155;178;48;2;118;149;170m⡙[38;2;106;134;156;48;2;117;145;167m⣈[38;2;102;133;155;48;2;114;142;164m⡅[38;2;118;148;174;48;2;116;140;164m⣤[38;2;116;153;171;48;2;129;160;182m⠃[38;2;137;171;196;48;2;128;160;181m⠐[38;2;135;169;194;48;2;132;166;189m⠂[38;2;116;142;167;48;2;129;163;188m⢠[38;2;116;153;172;48;2;109;141;162m⠹[38;2;96;123;143;48;2;64;96;120m⠋[38;2;44;57;76;48;2;74;90;105m⣰[38;2;60;79;102;48;2;44;54;62m⠇[38;2;49;53;58;48;2;40;40;47m⠇[38;2;28;24;23;48;2;33;31;32m⢰[38;2;26;27;22;48;2;36;32;31m⣰[38;2;40;35;39;48;2;29;23;26m⡀[38;2;31;25;29;48;2;28;22;24m⠚[38;2;27;21;23;48;2;30;24;26m⢁[38;2;26;20;22;48;2;35;29;31m▃[38;2;30;24;26;48;2;34;28;30m▅⡆[38;2;34;27;33;48;2;33;27;30m⠖[38;2;39;32;31;48;2;27;27;30m⣤[38;2;2;2;1;48;2;31;23;21m▝[38;2;194;197;203;48;2;8;8;8m⢸[38;2;189;188;185;48;2;222;221;215m⠱[38;2;204;196;194;48;2;231;232;226m⡀[38;2;233;234;229;48;2;237;238;233m⡆[38;2;235;233;228;48;2;235;233;228m⠀[38;2;229;222;213;48;2;179;170;162m⡄[38;2;176;169;161;48;2;183;176;168m⢄[38;2;177;169;162;48;2;186;178;166m⣤[38;2;182;168;160;48;2;171;157;148m⡄[38;2;154;144;134;48;2;163;151;142m⠈[38;2;150;140;130;48;2;156;147;137m⠙[38;2;149;139;130;48;2;157;148;137m⠴[38;2;161;148;131;48;2;160;143;127m⠥[38;2;147;131;116;48;2;156;141;123m⠸[38;2;147;131;115;48;2;140;124;111m▃[38;2;147;130;122;48;2;130;117;108m⡤[38;2;133;121;109;48;2;129;111;99m⣠[38;2;124;107;91;48;2;130;112;100m⠙[38;2;123;106;90;48;2;130;112;98m⠙[38;2;129;112;96;48;2;122;106;84m⣤[38;2;127;104;85;48;2;120;104;81m⢌[38;2;129;113;96;48;2;126;104;83m⠙[38;2;127;107;83;48;2;123;109;100m▃[38;2;135;129;129;48;2;131;122;104m⠈[38;2;148;149;153;48;2;126;116;107m⠙[38;2;130;127;133;48;2;153;163;174m⣄[38;2;144;150;166;48;2;164;170;182m⡄[38;2;153;157;168;48;2;161;169;182m▔[38;2;163;173;185;48;2;151;157;163m⣤[38;2;148;156;169;48;2;137;139;148m⣄[38;2;137;143;157;48;2;134;138;149m⣀[38;2;137;147;158;48;2;138;143;155m⠰[38;2;142;150;163;48;2;138;144;156m▝[38;2;134;140;151;48;2;146;155;170m⣄[38;2;142;145;153;48;2;156;161;181m▃[38;2;138;151;162;48;2;152;165;181m⡙[38;2;158;169;191;48;2;136;145;157m⣄[38;2;130;148;161;48;2;154;164;181m⠦[38;2;164;180;195;48;2;151;167;182m⠢[38;2;155;169;197;48;2;147;164;184m⡠[38;2;147;164;182;48;2;151;168;188m⣤[38;2;152;168;183;48;2;148;165;183m⠢[38;2;151;168;186;48;2;142;157;173m▅[38;2;139;158;175;48;2;154;173;186m⠓[38;2;48;31;29;48;2;148;167;182m⠙[38;2;155;159;172;48;2;43;19;19m⡀[38;2;54;35;20;48;2;67;46;41m⣄[38;2;77;55;42;48;2;68;47;42m⠉[38;2;80;58;43;48;2;75;51;41m⠉[38;2;79;53;39;48;2;86;58;44m⣄[38;2;81;53;36;48;2;88;60;38m⡄[38;2;88;61;42;48;2;94;68;45m▍[0m
[38;2;18;13;10;48;2;25;20;16m⠹[38;2;22;17;15;48;2;25;19;19m⣃[38;2;23;15;12;48;2;26;20;20m⢄[38;2;26;18;16;48;2;20;15;13m⣄[38;2;25;16;14;48;2;32;24;21m⢬[38;2;25;17;14;48;2;26;18;15m▁[38;2;24;19;19;48;2;28;23;22m⡢[38;2;29;24;24;48;2;25;24;22m▅[38;2;21;15;15;48;2;29;23;23m⢰[38;2;25;18;18m▅[38;2;33;31;32;48;2;30;24;24m▃[38;2;30;30;30;48;2;24;18;17m⣤[38;2;36;34;37;48;2;26;25;27m⢰[38;2;46;44;49;48;2;37;37;36m▝[38;2;64;81;91;48;2;56;63;74m⢸[38;2;83;106;122;48;2;71;99;110m▅[38;2;81;106;121;48;2;62;80;94m▍[38;2;51;61;69;48;2;59;68;75m▝[38;2;44;54;63;48;2;58;72;81m⢸[38;2;57;70;85;48;2;50;60;69m⢸[38;2;53;66;75;48;2;65;78;93m⡄[38;2;81;102;121;48;2;74;88;100m⢸[38;2;77;103;118;48;2;62;86;98m▍[38;2;77;95;103;48;2;66;84;98m⠸[38;2;70;86;101;48;2;64;83;92m⢡[38;2;83;104;115;48;2;72;90;104m⠸[38;2;82;105;123;48;2;87;114;131m▏[38;2;107;133;156;48;2;97;116;138m⢸[38;2;107;135;156;48;2;114;142;163m⣆[38;2;119;146;168;48;2;122;149;170m⡠[38;2;117;150;169;48;2;121;154;173m⣤[38;2;121;152;172;48;2;127;156;176m⣄[38;2;122;152;173;48;2;132;159;182m⣤[38;2;126;154;175;48;2;128;160;181m▃[38;2;124;154;175;48;2;129;162;181m⣤[38;2;122;150;170;48;2;127;157;179m⣀[38;2;120;150;173;48;2;110;142;163m▊[38;2;95;126;147;48;2;104;135;155m⠁[38;2;113;137;164;48;2;100;130;154m▅[38;2;120;150;176;48;2;110;140;166m⢸[38;2;125;159;184;48;2;120;156;180m⢋[38;2;133;164;185;48;2;125;156;177m⠋[38;2;122;159;178;48;2;127;161;182m⡆[38;2;131;155;181;48;2;96;120;146m▍[38;2;107;133;158;48;2;85;112;132m▊[38;2;79;111;132;48;2;67;91;105m⠁[38;2;85;113;130;48;2;50;65;81m⣄[38;2;81;109;131;48;2;58;67;75m▃[38;2;60;61;72;48;2;46;42;48m⠔[38;2;44;45;50;48;2;33;32;36m⠒[38;2;26;24;26;48;2;39;36;41m⠉[38;2;41;35;37;48;2;30;28;29m▔[38;2;39;33;35;48;2;31;25;25m▁[38;2;39;29;30;48;2;33;27;25m▅[38;2;35;27;27;48;2;39;30;31m⠧[38;2;33;30;31;48;2;32;26;28m⣡[38;2;36;31;33;48;2;33;27;29m⠦[38;2;34;28;28;48;2;36;30;30m⠦[38;2;31;25;25;48;2;37;31;31m⠤[38;2;32;25;23;48;2;40;30;29m⠌[38;2;87;92;88;48;2;8;5;2m▕[38;2;164;165;163;48;2;204;202;207m▏[38;2;186;182;178;48;2;224;230;226m⠱[38;2;200;201;192;48;2;228;227;222m⡀[38;2;232;234;227;48;2;237;235;230m⡈[38;2;224;218;211;48;2;209;202;194m▊[38;2;203;196;188;48;2;173;166;158m⡄[38;2;172;166;158;48;2;178;171;163m⣆[38;2;173;164;153;48;2;179;170;161m⠐[38;2;178;168;158;48;2;164;154;144m⡄[38;2;163;151;142;48;2;156;146;136m⠇[38;2;158;147;137;48;2;153;141;132m⡙[38;2;158;143;135;48;2;154;142;129m⢁[38;2;152;143;135;48;2;158;142;117m⡄[38;2;154;140;127;48;2;148;135;120m⢆[38;2;149;137;121;48;2;137;123;110m⡄[38;2;135;124;120;48;2;134;120;109m⠳[38;2;125;114;108;48;2;127;117;113m⣰[38;2;131;117;108;48;2;128;113;106m⢐[38;2;119;105;94;48;2;127;113;104m⠸[38;2;125;111;102;48;2;124;107;90m⣤[38;2;125;108;102;48;2;123;107;83m⣄[38;2;121;110;89;48;2;118;102;79m⣄[38;2;134;115;97;48;2;116;97;76m⠉[38;2;128;115;97;48;2;110;95;79m⠹[38;2;118;110;92;48;2;122;114;97m⡒[38;2;137;138;140;48;2;116;110;100m⠉[38;2;119;118;115;48;2;148;155;171m⣤[38;2;135;142;149;48;2;163;173;185m▃[38;2;144;152;171;48;2;161;172;184m▁[38;2;142;152;164;48;2;164;174;187m⠉[38;2;137;142;156;48;2;156;168;182m⠙[38;2;156;168;182;48;2;137;143;157m⣀[38;2;147;160;176;48;2;137;147;158m▁[38;2;143;155;169;48;2;140;147;160m▁[38;2;154;166;182;48;2;133;141;155m⣤[38;2;132;138;155;48;2;153;170;186m⠓[38;2;152;166;190;48;2;142;150;169m⡙[38;2;136;147;165;48;2;151;166;186m▃[38;2;145;158;175;48;2;155;171;188m⣢[38;2;148;165;183;48;2;157;174;189m⠹[38;2;159;181;195;48;2;148;166;183m⡀[38;2;158;176;197;48;2;149;170;192m⣤[38;2;158;182;198;48;2;155;175;192m⣀[38;2;143;160;177;48;2;158;173;192m⢸[38;2;139;137;151;48;2;143;164;176m⠈[38;2;50;31;19;48;2;148;162;182m⠹[38;2;63;47;40;48;2;63;37;28m⡀[38;2;62;43;35;48;2;70;48;42m⣀[38;2;80;52;40;48;2;70;50;37m⠈[38;2;72;50;37;48;2;79;51;40m⣠[38;2;83;57;42;48;2;88;61;47m⢇[0m
[38;2;22;17;13;48;2;24;19;15m⠦[38;2;19;15;14;48;2;25;19;18m▔[38;2;20;12;10;48;2;25;18;11m⠅[38;2;23;15;13;48;2;26;18;15m⠧[38;2;28;20;18;48;2;24;16;13m⢉[38;2;24;16;13;48;2;25;20;17m⠎[38;2;24;18;18;48;2;26;20;20m⢄[38;2;25;19;19;48;2;28;22;22m▍[38;2;30;20;21;48;2;25;16;16m⠑[38;2;21;13;14;48;2;30;22;24m⣤[38;2;36;32;33;48;2;27;23;24m⡘[38;2;31;26;23;48;2;41;41;41m⡄[38;2;41;42;47;48;2;37;34;41m⣤[38;2;39;38;43;48;2;42;42;46m▊[38;2;59;70;82;48;2;46;54;64m⢸[38;2;75;93;109;48;2;84;106;121m▍[38;2;80;102;115;48;2;61;73;89m▍[38;2;61;69;81;48;2;61;75;88m⠇[38;2;65;72;79;48;2;51;60;69m▍[38;2;51;61;70;48;2;53;63;72m⢱[38;2;67;81;92;48;2;47;61;70m⢸[38;2;78;102;115;48;2;64;83;97m⢸[38;2;72;98;113;48;2;65;89;101m⠇[38;2;71;90;104;48;2;62;78;93m⠸[38;2;68;86;100;48;2;62;82;95m⠙[38;2;68;89;103;48;2;74;96;109m⡄[38;2;83;110;127;48;2;77;105;117m⢰[38;2;98;123;142;48;2;89;107;126m⢸[38;2;104;139;154;48;2;103;130;148m⢸[38;2;110;144;163;48;2;120;148;167m⠃[38;2;121;153;173;48;2;115;146;166m⢀[38;2;122;157;176;48;2;121;152;172m⡈[38;2;123;151;172;48;2;126;155;175m⡘[38;2;123;156;175;48;2;129;157;178m▃[38;2;121;149;171;48;2;125;152;173m⡒[38;2;118;146;167;48;2;126;153;174m⢁[38;2;110;136;159;48;2;119;147;168m⠸[38;2;107;134;157;48;2;113;138;162m⠇[38;2;113;140;167;48;2;106;134;156m⢈[38;2;116;143;170;48;2;123;151;175m⠇[38;2;120;149;176;48;2;125;153;175m⠖[38;2;125;149;173;48;2;124;156;177m⡂[38;2;118;150;173;48;2;127;159;180m⢠[38;2;109;139;163;48;2;118;146;173m▔[38;2;95;123;147;48;2;113;139;164m⢸[38;2;89;112;133;48;2;115;147;172m⠉[38;2;88;112;135;48;2;112;139;158m⢰[38;2;78;98;115;48;2;56;62;69m⠁[38;2;46;46;48;48;2;37;36;40m▏[38;2;43;42;47;48;2;37;35;38m⠸[48;2;37;36;41m⠎[38;2;37;35;36;48;2;27;27;27m▅[38;2;35;31;32;48;2;32;27;27m⠍[38;2;32;26;28;48;2;40;30;31m⣁[38;2;33;27;29;48;2;34;24;25m⢀[38;2;33;27;27;48;2;29;23;25m⣰[38;2;30;26;27;48;2;35;29;29m⠓[38;2;38;32;32;48;2;34;28;28m▃[38;2;34;28;28;48;2;38;32;32m⠓[38;2;36;32;31;48;2;33;29;28m⠣[38;2;5;1;1;48;2;33;28;28m⠸[38;2;200;204;203;48;2;6;0;0m⠸[38;2;197;201;204;48;2;233;235;234m⡆[38;2;240;242;237;48;2;195;192;188m⡆[38;2;198;197;193;48;2;223;220;215m⡀[38;2;233;229;223;48;2;226;221;215m⠇[38;2;189;179;170;48;2;210;200;192m⠈[38;2;201;194;184;48;2;173;164;157m⡀[38;2;172;164;161;48;2;180;170;160m▃[38;2;167;157;147;48;2;181;168;159m⠈[38;2;173;159;150;48;2;162;152;142m⣆[38;2;161;149;140;48;2;157;147;137m⡅[38;2;156;148;137;48;2;150;143;132m▃[38;2;153;139;128;48;2;154;146;135m⠸[38;2;159;146;130;48;2;152;138;125m⠸[38;2;150;137;121;48;2;156;143;127m⢸[38;2;135;121;112;48;2;145;127;113m⠸[38;2;131;114;106;48;2;126;115;108m⡆[38;2;133;122;116;48;2;124;113;107m⣤[38;2;126;115;109;48;2;130;120;111m▊[38;2;123;112;108;48;2;129;116;109m⢰[38;2;120;109;104;48;2;125;114;107m⠆[38;2;118;109;100;48;2;123;114;104m⢈[38;2;118;101;95;48;2;122;112;103m⠙[38;2;110;102;84;48;2;113;107;95m⠩[38;2;116;109;98;48;2;110;95;78m▃[38;2;134;117;100;48;2;109;94;78m⠉[38;2;103;92;80;48;2;122;112;100m⣄[38;2;112;99;83;48;2;120;116;107m⡀[38;2;121;118;108;48;2;134;137;148m▅[38;2;119;118;123;48;2;150;159;169m⣤[38;2;135;140;146;48;2;153;166;182m⣀[38;2;141;153;168;48;2;157;174;189m▁[38;2;152;168;184;48;2;159;175;191m⡙[38;2;161;177;198;48;2;144;160;175m▃[38;2;147;164;184;48;2;138;156;176m⣄[38;2;147;163;179;48;2;133;146;163m⡙[38;2;152;168;184;48;2;128;141;158m⠳[38;2;161;177;193;48;2;143;152;171m⠶[38;2;167;189;208;48;2;140;155;176m⠤[38;2;142;160;174;48;2;156;173;193m⣁[38;2;137;154;170;48;2;154;176;197m▃[38;2;123;140;158;48;2;154;180;198m⣀[38;2;132;145;162;48;2;160;170;190m⠰[38;2;119;137;151;48;2;148;160;175m⠶[38;2;140;159;173;48;2;149;167;182m⠇[38;2;149;164;183;48;2;145;162;174m⡈[38;2;64;40;35;48;2;143;160;180m⠈[38;2;144;157;173;48;2;52;27;22m⣄[38;2;57;38;27;48;2;63;45;31m⡀[38;2;64;45;31;48;2;72;53;40m▏[38;2;86;60;45;48;2;76;53;39m▔[0m
[38;2;19;14;13;48;2;16;10;14m⣻[38;2;30;22;19;48;2;22;18;15m▃[38;2;26;16;14;48;2;22;12;13m⡌[38;2;31;23;21;48;2;25;17;15m⠉[38;2;22;14;12;48;2;27;19;17m⡙[38;2;23;15;13;48;2;26;19;19m⠇[38;2;21;15;15;48;2;28;23;20m⠢[38;2;32;27;24;48;2;25;20;17m▁[38;2;25;17;14;48;2;28;20;18m⠄[38;2;34;30;31;48;2;27;18;21m▃[38;2;35;29;33;48;2;27;22;21m⡁[38;2;44;43;48;48;2;29;24;23m⠸[38;2;52;53;58;48;2;44;43;49m⢰[38;2;45;52;59;48;2;44;45;49m⡄[38;2;45;48;55;48;2;63;73;78m▍[38;2;72;87;107;48;2;90;109;126m▍[38;2;88;110;123;48;2;74;91;107m▏[38;2;61;75;86;48;2;72;80;96m▝[38;2;51;70;80;48;2;49;64;71m⣠[38;2;56;70;81;48;2;48;60;71m⡆[38;2;58;65;78;48;2;62;75;90m▍[38;2;60;77;93;48;2;77;107;117m▍[38;2;65;85;96;48;2;61;93;106m▕[38;2;60;78;88;48;2;67;85;94m⡃[38;2;61;78;91;48;2;66;84;96m⡘[38;2;66;84;96;48;2;68;90;103m⠃[38;2;77;101;115;48;2;78;105;122m▍[38;2;97;123;140;48;2;82;108;125m⢸[38;2;112;140;161;48;2;105;132;149m⢠[38;2;111;139;163;48;2;120;148;169m⠋[38;2;119;147;169;48;2;123;150;167m⡁[38;2;116;149;168;48;2;119;147;171m⠸[38;2;126;153;174;48;2;122;149;170m▕[38;2;128;155;176;48;2;125;153;174m▃[38;2;120;149;166;48;2;124;151;172m⢠[38;2;120;149;165;48;2;120;153;172m⣈[38;2;119;148;169;48;2;110;142;163m⡃[38;2;108;145;164;48;2;111;140;158m⢤[38;2;121;150;166;48;2;122;149;174m⢃[38;2;127;155;176;48;2;122;151;171m⢤[38;2;132;160;182;48;2;124;154;180m⠒[38;2;125;157;178;48;2;119;155;175m⠈[38;2;123;161;180;48;2;120;152;174m⡃[38;2;114;142;164;48;2;124;155;176m⢆[38;2;110;136;161;48;2;86;114;138m⠃[38;2;117;149;175;48;2;106;139;162m⠉[38;2;56;68;81;48;2;96;121;140m⢸[38;2;50;58;66;48;2;46;52;58m▕[38;2;53;60;68;48;2;46;49;55m⡂[38;2;52;48;51;48;2;31;29;32m▏[38;2;42;41;49;48;2;36;34;37m⣰[38;2;42;34;39;48;2;33;29;30m▃[38;2;41;37;38;48;2;31;28;29m⣤[38;2;35;29;31;48;2;31;25;27m⠳[38;2;38;32;34m⠄[38;2;36;30;32m⢐[38;2;31;25;27;48;2;38;32;32m▃[38;2;34;28;28;48;2;37;31;33m⢱[38;2;31;25;27;48;2;38;32;34m⢸[38;2;29;26;27;48;2;33;31;32m▍[38;2;34;32;33;48;2;29;27;28m▚[38;2;1;0;0;48;2;6;6;6m▕[38;2;41;40;40;48;2;211;211;211m⡄[38;2;208;210;209;48;2;238;240;239m⡄[38;2;243;245;242;48;2;201;201;195m⡄[38;2;208;212;201;48;2;218;221;216m⡄[38;2;207;204;197;48;2;221;222;216m▝[38;2;182;175;167;48;2;203;197;193m⠈[38;2;187;180;172;48;2;172;166;151m⡄[38;2;174;165;157;48;2;180;173;163m⡒[38;2;179;171;161;48;2;177;167;157m⢰[38;2;182;173;166;48;2;161;153;142m⡄[38;2;145;136;127;48;2;153;145;134m⢠[38;2;151;143;132;48;2;156;148;137m⣈[38;2;152;144;133;48;2;148;140;129m⢘[38;2;153;142;128;48;2;152;138;128m⠧[38;2;141;129;119;48;2;149;135;125m⡈[38;2;133;119;108;48;2;144;131;115m⠹[38;2;127;114;107;48;2;129;118;112m⢠[38;2;126;117;111;48;2;128;116;115m▃[38;2;128;119;114;48;2;123;112;106m⣤[38;2;127;118;113;48;2;120;111;100m⡀[38;2;118;107;101;48;2;121;112;103m⠤[38;2;117;108;100;48;2;120;111;103m⣨[38;2;115;106;97;48;2;118;109;100m⢄[38;2;115;107;97;48;2;121;110;104m⡘[38;2;124;118;115;48;2;108;105;94m⣤[38;2;116;113;108;48;2;104;98;88m▅[38;2;118;121;118;48;2;110;97;85m▃[38;2;105;92;76;48;2;110;113;98m⠲[38;2;104;89;78;48;2;119;114;111m⣄[38;2;103;95;82;48;2;125;121;114m⡀[38;2;131;138;147;48;2;124;125;113m⠉[38;2;111;114;117;48;2;156;168;185m▅[38;2;127;136;142;48;2;164;178;189m⣤[38;2;141;158;166;48;2;155;170;189m▃[38;2;160;177;197;48;2;152;169;186m⠲[38;2;163;181;200;48;2;140;156;173m⠖[38;2;143;163;181;48;2;126;138;152m⠶[38;2;131;144;160;48;2;125;133;146m⠆[38;2;119;131;144;48;2;114;124;133m⣈[38;2;130;146;161;48;2;120;130;140m⢀[38;2;142;159;177;48;2;126;138;152m⣰[38;2;131;149;163;48;2;143;161;182m⢃[38;2;105;115;126;48;2;138;155;174m⢠[38;2;101;107;117;48;2;159;177;193m⣤[38;2;117;128;137;48;2;155;173;187m▃[38;2;134;150;164;48;2;149;166;184m⡀[38;2;150;164;184;48;2;149;168;185m⠈[38;2;52;28;26;48;2;144;162;178m▝[38;2;158;161;176;48;2;69;48;27m⡀[38;2;74;41;15;48;2;67;47;37m⡀[0m
[38;2;19;11;8;48;2;23;15;13m▝[38;2;25;20;14;48;2;22;12;11m⠙[38;2;21;11;10;48;2;28;23;17m⡥[38;2;28;20;18;48;2;25;18;13m▕[38;2;32;24;22;48;2;26;18;16m⡁[38;2;22;14;12;48;2;28;19;17m⠁[38;2;32;26;26;48;2;25;20;20m⢀[38;2;39;34;32;48;2;29;23;23m▁[38;2;30;24;26;48;2;27;21;23m▁[38;2;33;27;29;48;2;23;18;20m⣻[38;2;34;33;33;48;2;36;34;39m▝[38;2;32;27;33;48;2;46;48;57m⠋[38;2;49;63;77;48;2;49;52;63m⠲[38;2;62;74;90;48;2;52;53;67m⣄[38;2;64;82;96;48;2;57;65;74m⣀[38;2;69;88;104;48;2;93;119;136m▍[38;2;68;94;107;48;2;83;110;124m⢸[38;2;68;87;104;48;2;55;76;89m▊[38;2;60;76;89;48;2;56;70;81m⣀[38;2;57;70;82;48;2;63;79;93m⠋[38;2;65;81;98;48;2;69;86;102m▔[38;2;75;97;111;48;2;67;86;101m⢸[38;2;69;87;101;48;2;78;105;118m▝[38;2;65;83;94;48;2;70;93;109m▚[38;2;70;88;101;48;2;59;76;89m▕[38;2;75;93;107;48;2;70;93;105m⡃[38;2;81;104;118;48;2;81;107;124m⡁[38;2;92;118;135;48;2;86;112;129m⢸[38;2;108;136;157;48;2;100;128;150m⢈[38;2;107;135;157;48;2;117;146;164m⠇[38;2;122;153;173;48;2;118;146;167m⢸[38;2;120;148;169;48;2;123;150;174m⡑[38;2;128;156;178;48;2;122;149;170m▃[38;2;132;159;180;48;2;124;152;174m▔[38;2;128;156;177;48;2;121;149;170m▃[38;2;124;152;173;48;2;121;149;171m⡈[38;2;112;139;161;48;2;119;149;170m⢸[38;2;123;154;175;48;2;116;140;166m⢀[38;2;125;153;174;48;2;117;148;170m⢈[38;2;131;157;180;48;2;121;149;171m▝[38;2;126;154;178;48;2;131;156;182m⢤[38;2;123;157;177;48;2;128;159;180m⠉[38;2;126;157;178;48;2;116;148;169m⠃[38;2;119;149;170;48;2;103;130;152m▊[38;2;83;107;131;48;2;104;134;158m⠃[38;2;107;135;159;48;2;75;104;123m▊[38;2;67;84;100;48;2;42;55;69m▏[38;2;40;46;51;48;2;56;66;73m⢸[38;2;41;39;43;48;2;53;51;56m⢸[38;2;46;64;76;48;2;31;36;43m⣠[38;2;39;43;54;48;2;70;77;87m⣻[38;2;43;42;47;48;2;40;34;40m⠃[38;2;40;35;35;48;2;35;29;30m⡁[38;2;39;33;35;48;2;32;24;26m▃[38;2;40;34;36;48;2;33;27;29m⡀[38;2;32;27;26;48;2;36;30;32m▃[38;2;31;25;27;48;2;34;28;30m⠖[38;2;37;31;33;48;2;35;29;31m⢸[38;2;36;32;33;48;2;32;26;28m⡦[38;2;27;25;26;48;2;31;29;30m⠚[38;2;30;28;29m⡔[38;2;23;21;22;48;2;30;28;29m▝[38;2;171;173;172;48;2;1;1;1m▝[38;2;203;205;200;48;2;206;210;209m⡀[38;2;228;230;227;48;2;244;246;241m⣆[38;2;244;242;239;48;2;206;201;198m⡄[38;2;200;201;195;48;2;214;210;207m⡀[38;2;202;197;191;48;2;214;211;206m▝[38;2;186;177;169;48;2;197;190;182m▝[38;2;184;175;166;48;2;177;166;155m⡄[38;2;154;138;114;48;2;171;160;142m⢠[38;2;154;139;111;48;2;172;163;154m⡀[38;2;151;142;133;48;2;160;153;147m⠙[38;2;153;145;134;48;2;147;138;129m▔[38;2;153;147;135;48;2;148;140;129m⠬[38;2;150;136;127;48;2;151;142;131m⣰[38;2;141;129;114;48;2;144;134;122m⢘[38;2;132;119;103;48;2;137;128;111m⢨[38;2;126;117;100;48;2;132;119;103m⣰[38;2;122;112;102;48;2;124;115;105m⢤[38;2;117;112;102;48;2;124;115;107m⣤[38;2;126;116;112;48;2;118;111;104m⡁[38;2;120;109;103;48;2;116;107;98m⠃[38;2;122;112;107m⠁[38;2;121;112;103;48;2;116;108;97m⡙[38;2;116;109;100;48;2;121;113;102m⠴[38;2;118;116;118;48;2;118;107;106m⢸[38;2;123;125;124;48;2;127;127;135m⠁[38;2;130;132;144;48;2;124;129;135m▃[38;2;125;133;139;48;2;114;120;126m⣤[38;2;123;138;144;48;2;118;120;118m▅[38;2;127;135;151;48;2;111;109;102m⣤[38;2;104;103;95;48;2;116;119;124m⠳[38;2;108;104;93;48;2;109;116;119m⣤[38;2;114;102;107;48;2;117;121;119m⡀[38;2;132;138;150;48;2;117;122;127m⠈[38;2;147;156;172;48;2;112;119;129m⠙[38;2;123;132;147;48;2;143;157;173m⡄[38;2;120;132;146;48;2;139;153;165m⠙[38;2;137;148;168;48;2;123;136;150m⣤[38;2;137;143;160;48;2;141;156;185m⠋[38;2;131;148;162;48;2;139;160;178m▔[38;2;114;124;133;48;2;143;160;176m⢀[38;2;132;149;165;48;2;116;135;140m⠃[38;2;131;149;165;48;2;124;138;154m⢸[38;2;101;121;129;48;2;136;157;178m⠋[38;2;147;171;187;48;2;128;146;155m⠶[38;2;143;159;183;48;2;130;143;159m▅[38;2;144;161;177;48;2;151;168;184m⠃[38;2;138;157;173;48;2;147;163;179m▕[38;2;142;159;173;48;2;142;159;173m⠀[38;2;136;157;177;48;2;62;36;19m⣆[0m
[38;2;31;24;18;48;2;23;15;13m⣀[38;2;24;17;11;48;2;28;20;18m⡤[38;2;30;22;19;48;2;22;14;11m⠎[38;2;22;13;11;48;2;28;21;15m⢤[38;2;26;22;19;48;2;22;17;14m⠓[38;2;23;19;16;48;2;27;24;19m⠃[38;2;34;28;28;48;2;28;23;22m⠎[38;2;37;31;30;48;2;26;20;20m▔[38;2;33;27;29;48;2;27;21;23m▔[38;2;27;25;28;48;2;36;31;32m⣂[38;2;43;40;42;48;2;27;28;30m⢠[38;2;37;32;36;48;2;37;38;43m⢅[38;2;38;46;53;48;2;51;58;68m⡀[38;2;69;84;103;48;2;49;60;76m⢸[38;2;85;100;122;48;2;69;86;102m⢰[38;2;92;111;134;48;2;95;121;140m⠇[38;2;81;102;121;48;2;96;118;137m⠸[38;2;81;109;121;48;2;71;90;107m⣆[38;2;78;106;119;48;2;66;88;103m⡀[38;2;70;87;103;48;2;65;85;100m⢄[38;2;74;90;106;48;2;67;91;104m▃[38;2;66;96;110;48;2;80;102;120m⠁[38;2;78;107;120;48;2;84;112;126m⠃[38;2;81;109;123;48;2;69;95;108m⡀[38;2;70;88;102;48;2;63;83;97m⣤[38;2;80;101;113;48;2;70;92;109m▁[38;2;84;108;125;48;2;88;115;132m▍[38;2;92;119;136;48;2;95;121;138m▊[38;2;100;126;142;48;2;106;135;153m▍[38;2;120;149;167;48;2;115;145;163m▔[38;2;122;148;171;48;2;116;147;166m⢨[38;2;124;152;173;48;2;127;155;176m⠆[38;2;122;154;174;48;2;130;157;178m⣰[38;2;129;157;179;48;2;123;151;173m⡈[38;2;122;149;170;48;2;128;156;178m⠒[38;2;127;158;188;48;2;123;154;174m⣤[38;2;124;155;180;48;2;122;153;174m⡀[38;2;125;156;177;48;2;121;152;173m⢈[38;2;129;159;183;48;2;125;157;178m⡘[38;2;130;160;184;48;2;128;158;180m⢓[38;2;131;165;184;48;2;127;161;181m⣂[38;2;138;173;192;48;2;130;161;182m▃[38;2;126;157;178;48;2;134;165;186m⠉[38;2;136;166;186;48;2;112;144;165m▅[38;2;111;146;168;48;2;142;174;195m⠉[38;2;98;140;156;48;2;132;169;188m⠉[38;2;108;142;161;48;2;78;105;118m⡖[38;2;81;107;127;48;2;65;79;92m⠃[38;2;40;47;58;48;2;56;66;76m⠐[38;2;81;99;113;48;2;47;69;82m⢁[38;2;65;81;93;48;2;46;47;60m⡄[38;2;51;54;58;48;2;43;42;48m⣀[38;2;41;41;45;48;2;38;32;34m⡆[38;2;48;42;44;48;2;35;29;31m⠠[38;2;35;29;31;48;2;32;26;27m⠕[38;2;41;35;35;48;2;32;26;26m⠂[38;2;34;28;28;48;2;30;24;26m⢋[38;2;32;26;28;48;2;36;30;32m⡆[38;2;31;29;30;48;2;35;33;34m⠤[38;2;37;34;33m⣡[38;2;34;32;33;48;2;30;28;29m⠎[38;2;37;36;33;48;2;33;31;32m⣠[38;2;6;1;5;48;2;34;32;33m▝[38;2;210;212;209;48;2;20;19;16m⠸[38;2;233;234;232;48;2;215;217;214m▝[38;2;228;230;226;48;2;239;240;235m⡄[38;2;243;244;239;48;2;201;191;185m⡄[38;2;198;195;188;48;2;213;212;207m⡀[38;2;218;215;208;48;2;199;196;189m⡄[38;2;181;173;162;48;2;204;194;187m▝[38;2;189;180;171;48;2;162;153;141m⡀[38;2;157;138;117;48;2;168;161;142m⠒[38;2;163;153;147;48;2;170;164;151m▝[38;2;156;151;140;48;2;153;146;136m⠧[38;2;152;145;136;48;2;145;136;127m⡀[38;2;138;130;119;48;2;147;135;128m▃[38;2;138;127;121;48;2;130;120;110m⠇[38;2;136;126;116;48;2;128;121;105m⠃[38;2;125;116;99;48;2;127;117;103m⢰[38;2;117;108;91;48;2;119;111;98m▅[38;2;112;105;89;48;2;119;109;98m▃[38;2;127;117;108;48;2;117;110;93m⠃[38;2;117;108;99;48;2;114;105;96m⠱[38;2;116;107;101;48;2;114;104;95m⡖[38;2;118;108;98;48;2;113;104;95m⡁[38;2;115;108;102;48;2;121;118;108m▊[38;2;123;127;128;48;2;126;124;119m⢸[38;2;127;126;130;48;2;124;129;135m⢀[38;2;119;122;129;48;2;114;119;123m⠍[38;2;111;109;105;48;2;118;126;131m⣠[38;2;107;103;94;48;2;122;131;140m▅[38;2;106;106;105;48;2;124;134;143m⡆[38;2;123;133;142;48;2;126;139;153m⣨[38;2;111;116;121;48;2;126;132;147m⠉[38;2;116;128;143;48;2;111;112;116m⣄[38;2;118;122;125;48;2;111;115;120m⣁[38;2;128;138;146;48;2;116;124;129m⢠[38;2;127;134;145;48;2;111;124;138m⡄[38;2;140;156;173;48;2;118;126;139m⠙[38;2;127;135;149;48;2;150;168;188m⣄[38;2;123;130;138;48;2;145;160;181m⣠[38;2;131;149;162;48;2;111;115;121m⠋[38;2;120;131;142;48;2;106;113;121m⢁[38;2;126;144;160;48;2;109;122;133m⣰[38;2;150;167;183;48;2;128;145;161m⠐[38;2;127;144;158;48;2;146;168;191m⣁[38;2;131;142;153;48;2;154;177;193m⣈[38;2;131;144;160;48;2;143;159;182m⢀[38;2;88;98;102;48;2;150;172;184m▃[38;2;99;108;117;48;2;146;165;186m⣤[38;2;104;118;132;48;2;143;159;174m⡀[38;2;148;164;179;48;2;137;159;175m▃[0m
[38;2;28;21;15;48;2;21;14;8m▔[38;2;21;13;9;48;2;25;18;12m⣡[38;2;25;17;17;48;2;20;12;10m⣠[38;2;19;11;9;48;2;28;18;19m⠚[38;2;27;18;16;48;2;29;20;19m▏[38;2;27;22;19;48;2;33;28;25m⡥[38;2;32;30;27;48;2;28;24;23m⡐[38;2;24;19;15;48;2;32;28;27m⠰[38;2;32;27;32;48;2;30;24;26m⣈[38;2;40;38;43;48;2;27;25;25m⠁[38;2;45;45;48;48;2;35;34;32m⢸[38;2;44;41;52;48;2;63;63;68m⢸[38;2;54;57;68;48;2;44;41;50m▝[38;2;70;88;106;48;2;46;62;77m⢸[38;2;86;113;130;48;2;63;78;96m⠺[38;2;97;125;143;48;2;114;143;165m⡉[38;2;124;153;173;48;2;101;127;152m⣤[38;2;112;139;162;48;2;90;116;139m⣄[38;2;100;129;147;48;2;85;113;128m▃[38;2;94;122;143;48;2;83;109;122m▃[38;2;83;107;126;48;2;75;100;116m▃[38;2;78;101;115;48;2;80;107;124m⠃[38;2;78;107;123;48;2;84;110;127m⠳[38;2;71;105;118;48;2;82;111;129m⠜[38;2;81;101;111;48;2;73;91;106m⡰[38;2;78;104;117;48;2;76;98;112m⣈[38;2;83;109;125;48;2;92;119;136m⡄[38;2;95;122;139;48;2;99;126;144m⠋[38;2;105;132;149;48;2;113;140;157m▍[38;2;118;145;164;48;2;116;142;163m⢅[38;2;127;158;179;48;2;120;149;169m⢈[38;2;128;160;180;48;2;123;152;174m⣁[38;2;140;162;185;48;2;129;157;179m⠐[38;2;126;157;178;48;2;131;159;181m⡌[38;2;131;157;180;48;2;128;161;181m⢀[38;2;125;156;184;48;2;129;160;183m⠉[38;2;123;155;177;48;2;131;167;186m⠋[38;2;136;168;189;48;2;129;161;182m⣤[38;2;132;163;184;48;2;137;168;189m⠋[38;2;126;158;179;48;2;135;171;190m⠁[38;2;139;167;191;48;2;137;171;190m⢀[38;2;140;175;194;48;2;136;171;192m▔[38;2;138;174;196;48;2;137;171;196m⢁[38;2;91;117;130;48;2;134;169;188m⢀[38;2;128;153;170;48;2;49;65;80m⠋[38;2;127;154;174;48;2;43;57;66m▔[38;2;85;106;119;48;2;34;40;48m⠙[38;2;55;80;103;48;2;83;106;124m⣰[38;2;69;90;111;48;2;58;81;93m⢉[38;2;73;97;115;48;2;62;77;100m▊[38;2;56;69;86;48;2;46;50;58m▏[38;2;48;47;52;48;2;39;42;47m⣡[38;2;27;27;30;48;2;38;37;39m⢸[38;2;32;26;28;48;2;37;31;33m⡌[38;2;29;25;25;48;2;33;27;29m▅[38;2;37;31;35;48;2;32;26;28m⣡[38;2;31;25;27;48;2;33;27;29m⠔[38;2;35;29;31;48;2;31;25;27m⠈[38;2;24;26;22;48;2;34;26;27m▁[38;2;39;35;34;48;2;33;29;28m▔[38;2;63;65;70;48;2;38;34;33m▁[38;2;47;45;47;48;2;44;40;39m⡀[38;2;41;41;39;48;2;38;37;35m⡆[38;2;26;26;24;48;2;26;26;24m⠀[38;2;47;45;45;48;2;205;207;205m⡄[38;2;218;219;217;48;2;222;222;220m▏[38;2;239;241;236;48;2;230;231;228m⠹[38;2;196;193;186;48;2;242;241;237m⠹[38;2;197;194;188;48;2;213;208;201m⡄[38;2;199;197;189;48;2;210;207;200m⠈[38;2;168;164;152;48;2;203;200;191m▝[38;2;170;163;155;48;2;162;155;145m⠐[38;2;167;160;150;48;2;169;163;153m⡅[38;2;155;149;137;48;2;165;158;150m⠸[38;2;145;141;132;48;2;148;142;136m⢨[38;2;142;138;129;48;2;134;125;116m⡄[38;2;132;123;114;48;2;125;116;107m⠆[38;2;123;115;102;48;2;130;120;107m⣠[38;2;127;115;101;48;2;124;112;98m▍[38;2;127;111;98;48;2;119;110;95m⠃[38;2;123;115;104;48;2;116;109;93m⢀[38;2;113;106;88;48;2;115;107;94m⠶[38;2;118;109;98;48;2;114;106;93m⠉[38;2;112;104;90;48;2;115;107;96m⢠[38;2;111;101;91;48;2;116;106;96m⡄[38;2;127;121;116;48;2;119;112;104m⢰[38;2;122;122;124;48;2;124;129;132m⠃[38;2;113;113;110;48;2;121;125;130m⣠[38;2;109;110;100;48;2;115;114;109m⢐[38;2;102;103;95;48;2;107;108;101m⠐[38;2;112;119;122;48;2;108;106;102m⢰[38;2;114;119;126;48;2;126;139;149m⠁[38;2;119;121;131;48;2;119;129;139m⣀[38;2;105;113;124;48;2;115;124;136m⣀[38;2;123;136;150;48;2;117;126;137m⢠[38;2;141;157;172;48;2;120;133;143m⣠[38;2;136;149;161;48;2;134;144;155m⡔[38;2;132;149;164;48;2;118;128;145m⣤[38;2;107;126;136;48;2;132;143;158m⢁[38;2;119;133;141;48;2;109;111;118m⠋[38;2;132;145;160;48;2;105;107;111m⣠[38;2;138;154;169;48;2;103;109;118m▅[38;2;117;131;145;48;2;148;169;185m⣁[38;2;108;119;118;48;2;144;167;187m⣀[38;2;106;117;118;48;2;145;165;178m⣀[38;2;108;115;122;48;2;128;145;164m⣀[38;2;131;151;160;48;2;118;128;138m⠂[38;2;130;147;157;48;2;118;132;138m⠙[38;2;102;118;127;48;2;128;146;159m⠉[38;2;113;131;141;48;2;152;169;188m⣁[38;2;167;183;201;48;2;137;153;162m⠶[38;2;119;131;144;48;2;146;162;177m⣀[0m
[38;2;23;14;9;48;2;24;15;10m⡚[38;2;16;13;10;48;2;23;14;8m⣀[38;2;31;24;18;48;2;20;12;9m⢁[38;2;30;23;15;48;2;23;13;13m⣀[38;2;28;23;20;48;2;24;19;16m▝[38;2;29;24;21;48;2;22;17;14m▊[38;2;26;24;22;48;2;21;15;15m⠩[38;2;40;35;35;48;2;31;25;26m⢐[38;2;36;32;36;48;2;31;31;33m⢘[38;2;23;17;21;48;2;34;30;33m⠈[38;2;43;44;49;48;2;35;34;32m⢠[38;2;54;58;64;48;2;43;46;51m⠥[38;2;43;47;52;48;2;43;40;42m⣈[38;2;64;75;89;48;2;48;52;62m⢸[38;2;76;87;103;48;2;56;66;78m▃[38;2;69;90;109;48;2;104;130;152m⠇[38;2;115;149;168;48;2;125;153;174m▁[38;2;113;141;163;48;2;126;151;181m⠈[38;2;125;158;177;48;2;101;132;152m⣄[38;2;124;155;174;48;2;103;131;152m⣀[38;2;92;122;138;48;2;108;140;157m⠹[38;2;112;133;154;48;2;100;121;141m⣀[38;2;88;109;133;48;2;97;124;145m⠙[38;2;102;129;150;48;2;84;115;133m⣤[38;2;95;122;141;48;2;79;106;125m⣤[38;2;91;119;140;48;2;80;106;123m⣤[38;2;91;118;137;48;2;100;127;146m⠋[38;2;111;140;158;48;2;103;130;149m⣰[38;2;114;139;159;48;2;118;146;167m⠭[38;2;118;146;167;48;2;122;150;171m⠍[38;2;128;156;176;48;2;123;153;173m▝[38;2;135;163;184;48;2;131;158;179m⢄[38;2;131;165;181;48;2;131;161;185m⠎[38;2;129;161;182;48;2;133;170;189m⠋[38;2;136;168;191;48;2;129;163;183m⡆[38;2;125;160;180;48;2;133;166;187m⢴[38;2;141;163;187;48;2;132;164;186m⡀[38;2;140;171;192;48;2;130;162;185m⣨[38;2;135;166;186;48;2;139;170;191m⣰[38;2;136;167;187;48;2;135;173;192m▁[38;2;129;160;181;48;2;139;170;191m⣠[38;2;112;140;164;48;2;135;166;190m⣀[38;2;135;167;189;48;2;86;98;113m⠋[38;2;98;130;147;48;2;67;89;103m⠁[38;2;65;85;94;48;2;57;71;84m⡄[38;2;59;72;88;48;2;46;51;59m⠆[38;2;50;50;53;48;2;38;39;42m⠌[38;2;28;36;45;48;2;66;79;103m⣤[38;2;63;80;94;48;2;45;44;51m⠙[38;2;43;53;64;48;2;83;111;128m⣄[38;2;51;54;63;48;2;75;93;113m⠙[38;2;93;109;127;48;2;40;38;49m⣀[38;2;75;86;102;48;2;39;33;40m▁[38;2;60;63;75;48;2;29;30;34m⣀[38;2;52;57;69;48;2;34;29;32m▁[38;2;44;47;61;48;2;37;31;31m⡀[38;2;44;35;40;48;2;37;32;29m⡤[38;2;84;92;105;48;2;30;29;32m⢀[38;2;31;22;31;48;2;71;79;91m⢋[38;2;73;83;94;48;2;38;38;38m⠊[38;2;71;72;76m▔[38;2;42;42;42;48;2;36;34;37m▍[38;2;33;31;34;48;2;35;33;36m⣄[38;2;22;20;21;48;2;30;28;31m▝[38;2;142;143;143;48;2;0;1;0m▝[38;2;169;169;166;48;2;200;203;200m⡀[38;2;214;216;212;48;2;228;227;225m⡀[38;2;226;229;222;48;2;236;237;232m⣄[38;2;245;244;239;48;2;196;194;185m⣆[38;2;197;194;186;48;2;217;214;207m⡄[38;2;207;204;195;48;2;218;215;209m⠹[38;2;164;157;147;48;2;206;202;194m⠸[38;2;166;159;149;48;2;158;149;140m⠉[38;2;154;151;142;48;2;163;160;151m▅[38;2;142;138;129;48;2;154;150;141m⢸[38;2;138;134;125;48;2;134;130;121m⠜[38;2;129;122;112;48;2;137;133;121m⠹[38;2;127;119;108;48;2;123;113;101m▍[38;2;123;113;104;48;2;120;110;97m⣆[38;2;117;107;98;48;2;121;114;99m▏[38;2;112;104;93;48;2;119;112;102m⠁[38;2;112;105;95;48;2;117;108;102m⡨[38;2;117;109;98;48;2;112;104;93m▍[38;2;114;107;97;48;2;111;102;92m⣨[38;2;116;109;101;48;2;115;106;98m⢱[38;2;123;127;125;48;2;119;114;110m⢸[38;2;122;123;126;48;2;128;132;132m⢸[38;2;109;110;104;48;2;117;118;114m⢸[38;2;114;110;106;48;2;104;104;93m▅[38;2;115;118;125;48;2;110;110;111m⢠[38;2;133;148;164;48;2;122;126;137m⣰[38;2;158;171;188;48;2;116;132;147m⣀[38;2;154;169;188;48;2;117;128;132m⣤[38;2;159;174;197;48;2;119;133;143m⣤[38;2;134;148;158;48;2;155;168;182m⢁[38;2;124;133;140;48;2;144;160;175m⣠[38;2;110;111;115;48;2;134;144;154m⣤[38;2;118;128;142;48;2;113;110;104m⠋[38;2;112;116;119;48;2;104;109;105m⠉[38;2;112;115;126;48;2;98;105;109m⣈[38;2;126;135;140;48;2;91;102;106m▃[38;2;142;148;163;48;2;94;102;101m▃[38;2;140;157;170;48;2;83;91;93m⣤[38;2;145;161;176;48;2;101;103;103m⣤[38;2;140;146;168;48;2;94;105;107m▃[38;2;124;132;155;48;2;100;109;114m▃[38;2;118;121;134;48;2;128;143;164m⠋[38;2;138;159;186;48;2;136;143;161m⣠[38;2;154;179;200;48;2;134;151;168m⣤[38;2;117;127;140;48;2;163;178;193m⠙[38;2;158;176;195;48;2;110;119;131m▃[38;2;163;182;197;48;2;113;122;132m▅[0m
[38;2;26;17;14;48;2;24;12;8m⢨[38;2;25;17;15;48;2;23;10;10m⢉[38;2;20;12;10;48;2;24;16;13m⡌[38;2;29;22;16;48;2;22;15;13m⠈[38;2;27;19;17;48;2;20;12;10m⣻[38;2;20;15;11;48;2;28;20;18m⢠[38;2;28;22;22;48;2;22;16;16m⢠[38;2;25;21;20;48;2;32;26;26m⡖[38;2;29;22;25;48;2;35;33;36m⣠[38;2;46;48;51;48;2;38;35;42m⣠[38;2;49;47;50;48;2;39;37;43m▍[38;2;34;29;30;48;2;36;35;39m⠰[38;2;38;33;39;48;2;49;49;53m▍[38;2;49;57;68;48;2;42;46;57m⣨[38;2;62;81;95;48;2;49;63;74m▝[38;2;66;86;100;48;2;86;110;124m⣀[38;2;96;126;144;48;2;76;99;112m⠈[38;2;125;152;172;48;2;89;117;128m⠙[38;2;122;150;169;48;2;129;156;177m⣄[38;2;111;144;165;48;2;125;153;174m⣀[38;2;116;142;164;48;2;126;156;181m⣤[38;2;113;145;170;48;2;125;153;181m⡈[38;2;114;141;162;48;2;127;160;179m⠉[38;2;109;136;157;48;2;121;154;173m⠉[38;2;102;130;151;48;2;123;151;172m⠉[38;2;124;152;173;48;2;95;123;144m⣤[38;2;116;146;167;48;2;103;132;150m⣤[38;2;115;144;162;48;2;118;147;165m⠥[38;2;123;154;175;48;2;118;146;167m⣠[38;2;123;151;172;48;2;127;157;177m⠧[38;2;123;152;173;48;2;126;159;178m⣁[38;2;126;157;177;48;2;129;159;182m⡄[38;2;147;165;195;48;2;132;163;181m⡀[38;2;128;160;173;48;2;132;163;183m⠖[38;2;139;165;188;48;2;132;164;185m⠪[38;2;137;167;189m⠕[38;2;130;167;186;48;2;140;168;191m⣤[38;2;131;168;186;48;2;136;166;190m⣀[38;2;130;160;182;48;2;136;167;188m⢤[38;2;135;166;187;48;2;120;150;175m⠁[38;2;110;142;163;48;2;121;153;178m⣰[38;2;68;89;108;48;2;102;129;153m⢸[38;2;63;83;97;48;2;70;96;110m⢃[38;2;59;72;81;48;2;58;90;102m▃[38;2;61;75;85;48;2;48;53;60m⠃[38;2;41;43;48;48;2;44;47;54m⠶[38;2;31;33;39;48;2;39;39;47m⠰[38;2;43;43;48;48;2;37;35;39m⠸[38;2;36;40;43;48;2;41;45;48m⠙[38;2;30;32;36;48;2;38;37;41m⠈[38;2;34;32;35;48;2;30;25;28m▍[38;2;86;102;115;48;2;36;27;28m⠙[38;2;55;59;74;48;2;92;118;139m⡄[38;2;66;93;112;48;2;90;106;125m▝[38;2;95;116;134;48;2;66;87;103m⠙[38;2;64;75;98;48;2;102;124;148m▔[38;2;59;74;74;48;2;104;133;149m⠉[38;2;74;83;98;48;2;44;46;52m⠋[38;2;54;53;58;48;2;44;43;49m⠐[38;2;57;55;56;48;2;38;38;40m⢀[38;2;42;42;44;48;2;32;32;34m⠋[38;2;49;47;50;48;2;30;28;31m▔[38;2;31;29;32;48;2;28;24;25m⠫[38;2;29;27;30;48;2;32;30;33m▕[38;2;12;9;8;48;2;27;25;26m▝[38;2;203;204;208;48;2;12;8;9m▝[38;2;198;199;203;48;2;205;208;208m▏[38;2;218;219;223;48;2;230;232;231m▏[38;2;240;240;234;48;2;236;235;231m⢸[38;2;202;199;192;48;2;247;243;240m⠙[38;2;220;217;210;48;2;207;203;200m▔[38;2;210;206;198;48;2;205;201;198m⣁[38;2;152;146;134;48;2;199;196;191m⠸[38;2;149;144;138;48;2;147;145;133m⡀[38;2;153;151;139;48;2;147;144;136m⠉[38;2;134;129;124;48;2;140;135;129m⢰[48;2;136;126;119m⠺[38;2;123;114;107;48;2;130;123;117m▝[38;2;130;127;113;48;2;121;113;102m⣀[38;2;118;110;99;48;2;122;115;105m⠃[38;2;112;105;95;48;2;123;116;106m⠈[38;2;123;116;106;48;2;117;110;100m⣆[38;2;122;115;105;48;2;116;109;99m⡀[38;2;110;104;94m⣰[38;2;109;105;94;48;2;116;112;101m⡂[38;2;127;127;120;48;2;124;117;109m⠸[38;2;116;118;120;48;2;126;127;131m⢠[38;2;116;119;110;48;2;116;117;117m⠬[38;2;114;119;122;48;2;112;108;109m⣤[38;2;142;150;163;48;2;111;121;129m⢰[38;2;144;153;168;48;2;122;124;119m⠋[38;2;137;143;145;48;2;119;117;114m⢉[38;2;160;177;187;48;2;115;122;134m⠙[38;2;116;116;121;48;2;149;158;173m▅[38;2;92;88;83;48;2;113;113;115m⢀[38;2;82;72;71;48;2;107;107;100m⣠[38;2;89;81;78;48;2;114;115;105m⠶[38;2;115;121;144;48;2;94;82;82m⣤[38;2;126;135;150;48;2;84;84;76m▅[38;2;80;79;73;48;2;131;140;155m⠉[38;2;101;96;99;48;2;133;140;158m⠉[38;2;92;98;96;48;2;132;140;155m▔[38;2;100;106;116;48;2;134;139;158m▔[38;2;131;143;156;48;2;111;125;140m⢌[38;2;120;121;130;48;2;147;161;177m⠦[38;2;116;126;137;48;2;149;165;183m▁[38;2;121;128;142;48;2;160;181;198m▃[38;2;115;125;133;48;2;172;188;203m⣤[38;2;121;125;136;48;2;155;174;182m▅[38;2;90;93;83;48;2;139;142;148m⠠[38;2;98;95;85;48;2;163;181;196m▅[38;2;100;93;76;48;2;135;151;171m▅[0m
[38;2;26;19;13;48;2;22;14;11m⡔[38;2;24;16;14;48;2;22;14;12m⡰[38;2;20;12;10;48;2;24;16;14m▃[38;2;25;16;15;48;2;18;10;8m⣻[38;2;25;15;14;48;2;25;20;17m▁[38;2;21;16;13m▝[38;2;20;14;14;48;2;25;19;19m⣃[38;2;30;21;22;48;2;20;14;14m⣀[38;2;24;18;21;48;2;37;32;36m▊[38;2;48;46;49;48;2;40;37;41m⢤[38;2;29;27;30;48;2;39;37;40m⢴[38;2;26;24;27;48;2;32;32;35m⢤[38;2;40;42;48;48;2;33;26;36m⢸[38;2;37;43;56;48;2;49;58;70m▍[38;2;43;56;65;48;2;60;75;83m▊[38;2;69;83;91;48;2;67;87;98m⢄[38;2;50;65;72;48;2;76;93;101m⣄[38;2;101;128;145;48;2;77;100;114m▝[38;2;102;125;144;48;2;115;142;156m⡀[38;2;109;139;160;48;2;116;146;170m⡌[38;2;113;137;160;48;2;100;123;140m⡘[38;2;105;132;151;48;2;108;146;164m⡄[38;2;118;146;168;48;2;130;161;181m⣆[38;2;135;163;184;48;2;124;155;175m⣤[38;2;128;160;180;48;2;120;148;170m⣄[38;2;118;146;168;48;2;113;141;163m⡤[38;2;121;153;173;48;2;111;143;166m⣻[38;2;122;149;165;48;2;122;149;170m⠃[38;2;131;162;182;48;2;120;155;175m⣰[38;2;127;158;178;48;2;129;160;180m⢸[38;2;135;161;182;48;2;126;154;175m⢰[38;2;128;163;182;48;2;130;164;186m⠧[38;2;126;162;185;48;2;134;165;186m⡂[38;2;129;161;182m⢀[38;2;134;165;186;48;2;130;161;181m⠜[38;2;137;168;189;48;2;133;165;186m⠶[38;2;135;165;186;48;2;132;164;182m⠦[38;2;125;163;180;48;2;138;165;186m⣤[38;2;126;161;180;48;2;120;152;173m⠃[38;2;99;125;148;48;2;118;150;171m⢠[38;2;94;127;146;48;2;109;135;158m⢢[38;2;86;108;133;48;2;70;89;103m▏[38;2;71;87;102;48;2;63;78;93m⠒[38;2;52;61;75;48;2;66;80;91m⢸[38;2;41;46;50;48;2;44;54;64m▕[38;2;49;54;60;48;2;43;48;54m⡌[38;2;35;35;43;48;2;41;42;48m⠲[38;2;41;42;47;48;2;37;39;44m⢉[38;2;51;56;60;48;2;38;42;45m⠒[38;2;39;42;45;48;2;35;39;42m⢲[38;2;30;27;34;48;2;40;39;44m⠁[38;2;36;38;37;48;2;32;27;24m⠁[38;2;91;94;105;48;2;33;26;28m▝[38;2;37;40;37;48;2;82;104;125m⡀[38;2;49;61;68;48;2;77;99;116m⢀[38;2;68;76;84;48;2;92;120;141m⡀[38;2;79;106;128;48;2;38;41;43m▍[38;2;48;47;51;48;2;50;54;61m▍[38;2;39;32;34;48;2;44;43;48m⢰[38;2;35;36;37;48;2;32;32;32m⡌[38;2;36;32;33;48;2;33;31;32m⡄[38;2;33;22;26;48;2;37;28;33m⠋[38;2;38;34;35;48;2;32;26;30m⢤[38;2;35;33;34;48;2;33;31;32m⡥[38;2;42;40;42;48;2;35;33;34m⢴[38;2;7;7;5;48;2;35;35;34m▝[38;2;14;15;14;48;2;189;194;197m⣆[38;2;227;229;226;48;2;205;207;206m▝[38;2;224;224;225;48;2;234;233;230m▃[38;2;238;238;236;48;2;240;241;234m⣀[38;2;207;205;193;48;2;245;244;239m▝[38;2;249;248;244;48;2;210;205;200m⡀[38;2;211;210;206;48;2;207;202;196m⡁[38;2;197;192;188;48;2;155;151;142m⣆[38;2;152;148;139;48;2;144;140;131m⣄[38;2;126;127;117;48;2;144;136;126m▝[38;2;145;141;135;48;2;130;127;118m⡀[38;2;135;136;128;48;2;134;125;118m⡀[38;2;127;118;111;48;2;130;125;121m⡤[38;2;131;126;120;48;2;124;117;110m⣆[38;2;123;118;112;48;2;123;116;108m⣄[38;2;119;112;101m⢰[38;2;107;103;91;48;2;121;114;104m⣠[38;2;113;109;98;48;2;109;102;92m⢡[38;2;115;108;102;48;2;109;105;94m⣤[38;2;126;121;118;48;2;116;111;105m⣰[38;2;118;125;125;48;2;133;132;133m⠜[38;2;123;121;127;48;2;112;113;115m⣄[38;2;112;117;120;48;2;118;121;130m▍[38;2;140;149;158;48;2;121;130;139m⢸[38;2;136;160;174;48;2;125;128;128m⣠[38;2;138;155;172;48;2;124;131;136m⠊[38;2;70;69;76;48;2;128;115;119m⢀[38;2;114;114;115;48;2;76;73;71m⢋[38;2;116;119;136;48;2;88;86;79m⣤[38;2;93;94;98;48;2;121;127;147m⠁[38;2;120;128;142;48;2;125;133;145m⠁[38;2;153;172;192;48;2;124;132;147m▁[38;2;163;175;189;48;2;122;131;146m⣀[38;2;146;155;170;48;2;122;131;145m▃[38;2;150;154;166;48;2;123;130;146m⣤[38;2;157;164;181;48;2;125;129;141m⠒[38;2;111;110;110;48;2;139;147;163m⣤[38;2;154;163;176;48;2;115;106;104m⠉[38;2;122;130;144;48;2;103;99;98m▔[38;2;113;112;110;48;2;100;93;87m⢋[38;2;116;117;116;48;2;103;97;85m⢉[38;2;93;88;76;48;2;104;105;109m⠶[38;2;112;111;111;48;2;99;97;83m⣈[38;2;120;122;117;48;2;102;103;89m⠉[38;2;143;145;151;48;2;106;109;104m⠙[38;2;135;139;150;48;2;103;103;102m⠲[0m
[38;2;20;13;7;48;2;23;15;12m⢔[38;2;17;9;7;48;2;24;16;14m⣀[38;2;25;17;15;48;2;22;14;12m▅[38;2;20;12;10;48;2;26;18;15m⠶[38;2;24;14;13;48;2;19;11;9m▍[38;2;20;12;9;48;2;25;17;14m⣠[38;2;22;13;14;48;2;25;16;17m⠳[38;2;32;24;26;48;2;24;15;16m⠈[38;2;32;27;28;48;2;20;18;16m⠸[38;2;37;33;34;48;2;28;26;22m⠉[38;2;26;22;21;48;2;34;30;37m⣤[38;2;31;26;22;48;2;32;29;36m⣤[38;2;49;62;64;48;2;36;37;39m▝[38;2;31;34;38;48;2;45;52;64m⡀[38;2;65;86;97;48;2;52;57;63m⢸[38;2;69;91;104;48;2;66;75;81m▍[38;2;43;48;52;48;2;58;69;75m▊[38;2;62;76;81;48;2;76;95;103m▏[38;2;103;129;151;48;2;82;112;121m⢘[38;2;108;132;156;48;2;108;143;163m⢠[38;2;95;123;136;48;2;108;139;157m⡌[38;2;115;143;159;48;2;95;124;142m⡀[38;2;112;140;158;48;2;105;133;154m⢈[38;2;135;162;183;48;2;119;147;165m⠹[38;2;127;158;178;48;2;136;167;187m⣈[38;2;119;148;169;48;2;130;161;181m⠙[38;2;122;153;173;48;2;127;158;178m▍[38;2;120;147;168;48;2;124;155;175m⠒[38;2;127;156;177;48;2;130;158;179m⡦[38;2;137;165;186;48;2;131;159;180m⣠[38;2;131;160;181;48;2;138;165;186m⠋[38;2;131;163;186;48;2;137;166;188m⢃[38;2;129;161;182;48;2;135;167;188m⠙[38;2;137;169;190;48;2;131;163;184m⠄[38;2;139;170;191;48;2;133;164;186m▁[38;2;135;166;187;48;2;131;163;184m⡒[38;2;130;164;184;48;2;135;167;187m⣂[38;2;121;152;172;48;2;132;163;184m⢸[38;2;114;149;169;48;2;120;154;174m⢃[38;2;107;140;159;48;2;94;125;145m▍[38;2;103;131;152;48;2;95;120;143m⢡[38;2;76;103;117;48;2;67;84;97m▍[38;2;65;82;92;48;2;59;79;91m⠁[38;2;52;74;83;48;2;50;56;67m▍[38;2;55;62;70;48;2;46;51;57m⠆[38;2;46;49;56;48;2;37;37;45m⠇[38;2;43;42;50;48;2;36;36;42m⠆[38;2;43;44;49;48;2;35;35;40m⢸[38;2;41;40;45;48;2;37;38;43m⢁[38;2;33;35;34;48;2;40;41;45m▅[38;2;46;48;47;48;2;36;36;36m▏[38;2;28;27;22;48;2;31;25;27m⢡[38;2;55;66;68;48;2;36;39;40m⢠[38;2;81;99;125;48;2;33;40;39m⢸[38;2;64;75;88;48;2;82;111;134m⢸[38;2;78;99;118;48;2;64;76;80m⢸[38;2;62;91;111;48;2;52;48;56m⠇[38;2;43;44;45;48;2;55;55;61m⣤[38;2;44;39;44;48;2;27;23;24m⠋[38;2;36;34;37;48;2;31;29;30m⢡[38;2;41;39;40;48;2;35;35;36m⠁[38;2;36;34;37;48;2;32;28;31m⣡[38;2;32;32;34;48;2;37;37;39m▚[38;2;38;43;43;48;2;34;34;34m▃[38;2;39;39;39;48;2;45;46;47m⠓[38;2;53;61;61;48;2;39;39;36m⣠[38;2;26;28;25;48;2;52;58;54m⠙[38;2;34;47;56;48;2;195;199;200m⣆[38;2;202;206;207;48;2;214;215;217m▏[38;2;222;221;220;48;2;233;233;231m⡀[38;2;235;239;236;48;2;242;241;239m⣆[38;2;242;243;237;48;2;244;245;242m⠈[38;2;241;241;236;48;2;203;202;198m⡄[38;2;198;198;196;48;2;193;191;183m▊[38;2;184;185;180;48;2;162;160;153m⡆[38;2;158;153;146;48;2;142;137;131m⡆[38;2;138;134;127;48;2;140;137;130m▅[38;2;135;126;119;48;2;134;130;126m⠉[38;2;134;125;118;48;2;128;121;113m▊[38;2;136;131;124;48;2;125;119;113m⠈[38;2;124;119;113;48;2;130;125;119m⡙[38;2;124;119;112;48;2;121;116;110m⡅[38;2;123;118;114;48;2;116;111;105m⣆[38;2;120;118;107;48;2;125;118;113m⠍[38;2;115;120;124;48;2;120;117;112m⣀[38;2;120;120;121;48;2;122;121;131m⢋[38;2;134;133;139;48;2;126;125;133m⢤[38;2;116;117;123;48;2;125;125;132m⢸[38;2;137;152;165;48;2;116;121;124m⣠[38;2;128;138;143;48;2;141;154;163m⣡[38;2;93;94;110;48;2;126;134;134m⢀[38;2;164;174;205;48;2;122;118;114m⢀[38;2;160;170;191;48;2;96;99;110m▃[38;2;145;155;172;48;2;121;128;147m⣤[38;2;145;157;180;48;2;119;127;148m⠖[38;2;152;169;179;48;2;124;124;138m⠚[38;2;124;127;134;48;2;157;165;181m▅[38;2;153;161;177;48;2;121;120;128m⠉[38;2;130;138;149;48;2;115;114;121m⠉[38;2;114;112;117;48;2;124;128;142m▅[38;2;131;138;146;48;2;113;118;117m⠉[38;2;114;113;111;48;2;140;146;160m⣤[38;2;151;157;176;48;2;115;120;126m⠲[38;2;113;118;130;48;2;136;148;164m⡉[38;2;114;122;125;48;2;139;146;165m⠋[38;2;113;121;124;48;2;132;139;158m⠙[38;2;117;127;138;48;2;132;140;158m⠋[38;2;133;142;158;48;2;131;137;150m⡰[38;2;116;122;136;48;2;135;145;160m⠉[38;2;137;149;165;48;2;122;126;137m⣤[38;2;138;145;159;48;2;112;122;132m⣄[38;2;92;93;87;48;2;122;127;131m▝[0m
[38;2;23;15;13;48;2;24;16;14m⠹[38;2;20;12;10;48;2;25;17;16m⡉[38;2;28;20;18;48;2;24;16;14m▕[38;2;22;14;11;48;2;26;18;18m⠉[38;2;23;14;15;48;2;26;16;20m▔[38;2;21;13;11;48;2;27;19;16m⠑[38;2;22;13;14;48;2;25;16;17m⡆[38;2;28;18;19;48;2;25;15;16m⢃[38;2;26;18;19;48;2;20;18;16m▍[38;2;30;24;24;48;2;24;22;21m⢈[48;2;23;17;17m▍[38;2;27;21;21;48;2;22;16;16m▅[38;2;32;27;23;48;2;35;32;31m⠖[38;2;29;29;31;48;2;46;45;45m▊[38;2;43;54;61;48;2;77;96;108m▊[38;2;63;85;96;48;2;66;72;83m▍[38;2;48;51;56;48;2;56;66;75m⠇[38;2;73;92;106;48;2;64;76;89m⠉[38;2;82;105;118;48;2;75;94;107m⢸[38;2;84;109;124;48;2;104;130;147m⡆[38;2;98;128;144;48;2;83;112;128m⡌[38;2;96;123;140;48;2;109;136;153m⡄[38;2;98;127;143;48;2;107;134;151m⠇[38;2;113;140;157;48;2;121;147;164m⠇[38;2;132;161;179;48;2;125;151;170m⢸[38;2;132;163;183;48;2;135;167;188m⠇[38;2;142;173;193;48;2;131;162;182m⢀[38;2;134;165;185;48;2;129;160;180m⣡[38;2;137;170;189;48;2;131;162;182m⢠[38;2;127;160;179;48;2;137;168;188m⠁[38;2;146;174;195;48;2;135;166;186m⠠[38;2;142;168;190;48;2;134;166;185m⣤[38;2;141;169;190;48;2;134;166;187m⡀[38;2;138;170;191m⢃[38;2;131;162;183;48;2;139;171;192m⢴[38;2;133;165;186;48;2;129;160;181m⢱[38;2;135;170;190;48;2;131;167;186m⡔[38;2;134;165;185;48;2;123;154;174m⠃[38;2;111;138;157;48;2;120;153;171m⢸[38;2;102;133;154;48;2;100;129;148m⡁[38;2;90;129;146;48;2;84;109;132m▊[38;2;74;92;103;48;2;65;81;94m⡀[38;2;73;95;109;48;2;61;79;92m⢠[38;2;56;72;86;48;2;52;58;66m▍[38;2;56;65;76;48;2;48;55;65m⣐[38;2;46;50;59;48;2;43;42;50m▍[38;2;44;42;48;48;2;38;38;42m▃[38;2;43;42;47;48;2;40;39;44m⡨[38;2;40;39;45;48;2;38;37;42m⡤[38;2;31;36;36;48;2;32;32;33m⢸[38;2;35;26;31;48;2;37;34;37m⣠[38;2;32;27;31;48;2;30;24;27m▏[38;2;33;31;32;48;2;53;62;69m▍[38;2;82;102;130;48;2;39;48;57m⢸[38;2;35;52;61;48;2;95;126;155m⣠[38;2;76;96;108;48;2;32;35;42m⠁[38;2;40;44;43;48;2;34;33;37m⡤[38;2;42;41;41;48;2;33;26;31m⠋[38;2;37;31;34;48;2;28;22;26m▃[38;2;33;31;34;48;2;37;36;39m⠚[38;2;48;49;51;48;2;41;41;39m⠰[38;2;38;37;36;48;2;40;39;40m⢀[38;2;41;41;43;48;2;37;36;39m⠔[38;2;52;62;62;48;2;37;39;41m⣠[38;2;38;43;45;48;2;55;62;63m⠁[38;2;57;65;67;48;2;50;60;61m▃[38;2;51;61;63;48;2;66;76;81m⠁[38;2;40;53;62;48;2;63;75;83m▕[38;2;30;45;57;48;2;205;208;207m▍[38;2;223;228;225;48;2;208;208;206m⡈[38;2;208;214;210;48;2;234;238;234m⡄[38;2;246;249;243;48;2;242;243;238m⡀[38;2;213;204;199;48;2;242;243;237m⢸[38;2;215;207;196;48;2;187;180;174m⡄[38;2;196;192;191;48;2;176;172;170m⠃[38;2;171;170;165;48;2;159;156;153m⡄[38;2;144;141;138;48;2;151;147;144m⢨[38;2;145;142;137;48;2;140;137;132m▃[38;2;145;142;136;48;2;132;129;124m⡄[38;2;132;129;120;48;2;127;124;115m▃[38;2;126;122;112;48;2;134;130;120m⠙[38;2;131;126;121;48;2;124;120;109m⢰[38;2;128;123;119;48;2;124;119;116m⡄[38;2;126;121;126;48;2;125;121;120m⢸[38;2;121;122;127;48;2;127;132;138m⠋[38;2;129;129;142;48;2;129;128;136m▃[38;2;153;167;176;48;2;121;129;139m⢀[38;2;135;140;150;48;2;143;159;174m⢋[38;2;157;164;177;48;2;137;142;149m⢁[38;2;151;157;173;48;2;123;123;128m⣤[38;2;127;135;138;48;2;144;159;175m⣡[38;2;145;152;166;48;2;120;122;125m⢋[38;2;143;162;176;48;2;133;139;138m▅[38;2;116;116;115;48;2;148;167;181m⠉[38;2;104;99;100;48;2;154;161;180m⠉[38;2;94;86;85;48;2;144;149;168m⠉[38;2;101;87;83;48;2;139;145;161m⠉[38;2;137;145;162;48;2;110;97;93m▅[38;2;135;142;161;48;2;110;107;114m▅[38;2;140;148;166;48;2;123;119;129m⣤[38;2;126;129;143;48;2;121;124;134m⣤[38;2;137;136;149;48;2;124;125;138m⢰[38;2;123;122;133;48;2;140;137;152m⠉[38;2;141;150;169;48;2;129;130;144m⣤[38;2;149;157;170;48;2;135;141;153m⠜[38;2;127;132;144;48;2;143;150;167m⣀[38;2;136;138;151;48;2;146;154;173m▃[38;2;136;135;147;48;2;141;155;169m▃[38;2;129;137;152;48;2;140;147;162m⣈[38;2;124;132;149;48;2;136;142;158m⣀[38;2;126;129;142;48;2;133;145;160m▅[38;2;122;122;125;48;2;141;154;168m⣤[0m
[38;2;26;18;15;48;2;20;12;10m▅[38;2;30;22;20;48;2;22;14;11m⠃[38;2;29;20;21;48;2;24;15;16m▃[48;2;25;17;18m⠇[38;2;30;24;24;48;2;28;22;22m⣀[38;2;34;28;28;48;2;25;21;20m⠦[38;2;35;25;26;48;2;26;17;18m⣄[38;2;37;27;28;48;2;28;19;20m⢠[38;2;26;21;23;48;2;32;26;28m⠋[38;2;33;27;29;48;2;28;22;24m▅[38;2;27;23;24;48;2;35;31;32m⠙[38;2;33;31;35;48;2;29;24;24m⣤[38;2;41;41;43;48;2;33;31;34m⣠[38;2;42;45;51;48;2;37;37;39m▁[38;2;45;54;61;48;2;57;67;76m▊[38;2;72;89;96;48;2;59;77;83m⢀[38;2;57;70;82;48;2;65;81;91m⠈[38;2;70;88;98;48;2;68;82;93m⢴[38;2;81;100;113;48;2;91;110;125m▍[38;2;82;108;121;48;2;95;114;129m⠇[38;2;114;142;158;48;2;101;129;145m▚[38;2;101;130;146;48;2;112;141;157m⠇[38;2;129;158;174;48;2;121;148;165m⢠[38;2;134;163;179;48;2;126;155;171m▃[38;2;131;160;178;48;2;132;163;181m▏[38;2;139;170;187;48;2;136;167;185m⢰[38;2;134;165;185;48;2;140;171;191m⠃[38;2;149;180;200;48;2;138;169;189m⢀[38;2;140;177;196;48;2;139;170;190m⠰[38;2;136;167;188;48;2;139;175;194m⠋[38;2;147;179;198;48;2;137;175;192m▁[38;2;143;180;198;48;2;138;177;194m⡒[38;2;140;172;192;48;2;143;178;196m▔[38;2;136;171;193;48;2;143;178;197m⠭[38;2;140;175;195;48;2;140;171;192m▅[38;2;143;175;196;48;2;134;169;189m▃[38;2;143;174;195;48;2;135;166;187m⣄[38;2;139;168;190;48;2;129;160;181m▃[38;2;124;162;181;48;2;106;140;160m⣄[38;2;111;144;163;48;2;106;137;155m⣤[38;2;103;132;151;48;2;88;115;136m⣁[38;2;80;108;128;48;2;70;96;109m▃[38;2;83;104;126;48;2;69;95;112m▃[38;2;65;91;104;48;2;58;73;80m⣀[38;2;57;67;78;48;2;69;85;94m⠹[38;2;53;66;83;48;2;48;58;60m▁[38;2;48;61;65;48;2;42;51;57m▃[38;2;42;51;56;48;2;44;44;49m⡌[38;2;40;42;46;48;2;38;43;43m▍[38;2;37;40;45;48;2;38;29;37m⣤[38;2;45;60;65;48;2;37;36;38m⣀[38;2;80;107;118;48;2;33;36;40m▁[38;2;110;131;144;48;2;48;61;61m⣠[38;2;44;29;30;48;2;64;80;99m⣠[38;2;23;32;39;48;2;41;34;34m⠁[38;2;44;43;49;48;2;40;39;42m▅[38;2;32;31;36;48;2;41;40;46m▝[38;2;35;32;35;48;2;33;27;27m⣤[38;2;40;38;40;48;2;35;30;33m⣤[38;2;47;47;49;48;2;40;38;41m⠴[38;2;66;78;98;48;2;39;40;40m▁[38;2;75;94;98;48;2;31;34;43m⣠[38;2;61;71;72;48;2;50;55;57m⡖[38;2;63;74;74;48;2;52;54;57m⣠[38;2;76;88;96;48;2;57;71;71m▁[38;2;58;70;74;48;2;66;76;80m⠡[38;2;62;82;83;48;2;71;82;83m▍[38;2;4;18;25;48;2;62;79;79m▕[38;2;70;80;87;48;2;243;246;245m▍[38;2;219;218;216;48;2;239;242;240m▝[38;2;243;239;238;48;2;217;216;214m⣀[38;2;222;226;222;48;2;239;240;235m⣆[38;2;228;225;220;48;2;237;236;232m▝[38;2;212;205;199;48;2;226;222;219m▝[38;2;189;180;170;48;2;210;200;191m⠹[38;2;175;167;161;48;2;167;155;146m⡁[38;2;154;151;145;48;2;165;160;156m⣻[38;2;148;148;141;48;2;145;147;136m⡑[38;2;143;146;139;48;2;141;140;135m⠧[38;2;137;134;127;48;2;142;143;138m⠹[38;2;131;128;121;48;2;137;134;127m▔[38;2;137;134;127;48;2;131;126;120m⣆[38;2;137;128;123;48;2;130;126;115m▁[38;2;125;121;120;48;2;130;125;121m⢐[38;2;132;138;141;48;2;128;132;135m⢀[38;2;167;175;185;48;2;127;131;143m⣠[38;2;147;158;168;48;2;156;163;177m⢁[38;2;156;166;184;48;2;136;151;162m⠎[38;2;122;135;152;48;2;145;159;172m▅[38;2;155;162;170;48;2;128;136;147m⣡[38;2;122;132;141;48;2;154;166;183m⠋[38;2;149;155;161;48;2;156;167;192m▃[38;2;136;146;160;48;2;150;161;180m⣠[38;2;139;148;159;48;2;149;167;179m⣠[38;2;126;138;150;48;2;139;150;168m⡄[38;2;142;148;164;48;2;139;147;159m⠁[38;2;144;163;177;48;2;138;144;160m▁[38;2;160;173;189;48;2;133;140;157m⣀[38;2;161;176;197;48;2;136;138;150m⣀[38;2;153;168;187;48;2;133;134;151m▃[38;2;159;166;184;48;2;135;137;150m⠤[38;2;129;124;122;48;2;136;145;160m⣀[38;2;117;116;111;48;2;160;165;176m⣤[38;2;165;171;182;48;2;116;105;97m⠋[38;2;118;121;124;48;2;106;105;104m⠙[38;2;113;105;102;48;2;120;118;122m▃[38;2;113;111;115;48;2;116;117;122m▅[38;2;119;119;127;48;2;116;114;117m⠉[38;2;112;109;116;48;2;123;119;127m⣤[38;2;110;109;115;48;2;113;113;121m⠶[38;2;108;106;110;48;2;117;116;122m⣠[38;2;107;105;108;48;2;109;107;110m⡤[0m
[38;2;23;17;17;48;2;29;23;23m⡈[38;2;29;21;21;48;2;24;18;18m⢐[38;2;24;14;15;48;2;30;20;21m⠄[38;2;31;21;22;48;2;28;18;19m⠍[38;2;25;19;19;48;2;28;22;22m⠴[38;2;27;30;35;48;2;27;21;20m▁[38;2;28;24;25;48;2;31;26;27m⡙[38;2;39;43;49;48;2;29;27;28m▁[38;2;47;60;71;48;2;29;31;30m▁[38;2;73;92;101;48;2;38;35;36m▁[38;2;99;130;135;48;2;37;31;35m⣀[38;2;110;131;148;48;2;43;43;43m▃[38;2;121;147;158;48;2;45;46;50m▃[38;2;123;152;163;48;2;51;55;59m▃[38;2;135;157;170;48;2;65;77;88m▃[38;2;136;166;178;48;2;66;78;87m⣤[38;2;149;171;184;48;2;66;90;99m⣤[38;2;138;165;181;48;2;85;112;123m⣤[38;2;145;173;187;48;2;92;125;137m⣤[38;2;147;173;188;48;2;99;132;144m⣤[38;2;144;165;176;48;2;113;139;164m▅[38;2;145;174;190;48;2;119;147;166m⠶[38;2;146;176;189;48;2;129;157;169m⠶[38;2;151;180;196;48;2;137;166;182m⠶[38;2;131;162;180;48;2;142;173;191m⣀[38;2;128;156;177;48;2;141;172;190m⣀[38;2;116;147;165;48;2;144;175;194m⣀[38;2;113;145;163;48;2;143;174;194m▁[38;2;135;161;183;48;2;139;173;192m▃[38;2;130;158;179;48;2;141;180;197m⣀[38;2;121;151;171;48;2;148;178;198m⣠[38;2;125;161;180;48;2;143;180;198m⣤[38;2;132;159;182;48;2;146;176;196m⣀[38;2;128;165;184;48;2;148;181;197m⣤[38;2;128;155;171;48;2;141;174;194m⣀[38;2;127;155;172;48;2;146;182;196m⣀[38;2;122;157;176;48;2;147;178;197m⣀[38;2;125;156;174;48;2;148;179;197m⣀[38;2;117;149;164;48;2;149;180;198m⣀[38;2;115;143;165;48;2;147;178;196m⣈[38;2;152;179;198;48;2;106;135;153m⠶[38;2;148;177;193;48;2;99;128;144m⠶[38;2;152;181;196;48;2;89;118;131m⠶[38;2;155;181;194;48;2;84;110;123m⠶[38;2;150;177;188;48;2;75;101;114m⠶[38;2;150;172;193;48;2;60;79;94m⠶[38;2;131;154;161;48;2;47;67;67m⠶[38;2;134;159;171;48;2;44;53;67m⠶[38;2;139;162;177;48;2;49;63;82m⠶[38;2;139;165;178;48;2;57;79;88m⠶[38;2;66;99;112;48;2;131;159;173m⣀[38;2;87;99;116;48;2;138;164;177m⣀[38;2;83;95;113;48;2;124;154;169m⣀[38;2;49;68;67;48;2;125;153;167m⣈[38;2;132;148;165;48;2;39;51;51m⠶[38;2;116;136;150;48;2;40;41;43m⠦[38;2;108;129;141;48;2;44;38;37m⠤[38;2;117;133;146;48;2;36;32;29m⠤[38;2;113;134;149;48;2;41;36;41m⠴[38;2;46;52;58;48;2;102;114;127m⣡[38;2;82;96;108;48;2;57;65;66m⠋[38;2;36;36;36;48;2;70;80;86m▁[38;2;46;58;57;48;2;64;78;78m⣈[38;2;52;51;53;48;2;67;82;82m▁[38;2;57;57;59;48;2;73;84;92m▁[38;2;49;51;56;48;2;71;81;83m⣠[38;2;69;80;82;48;2;47;51;52m⠉[38;2;21;34;42;48;2;44;52;55m⠈[38;2;237;233;230;48;2;16;25;23m▝[38;2;75;76;74;48;2;237;241;243m⡀[38;2;229;231;230;48;2;239;241;240m▃[38;2;218;222;220;48;2;238;238;236m⠙[38;2;220;217;212;48;2;231;230;222m⢠[38;2;214;211;206;48;2;235;233;224m⡀[38;2;215;204;194;48;2;231;229;220m⠸[38;2;180;170;161;48;2;199;186;177m⢸[38;2;161;151;142;48;2;172;162;153m⠺[38;2;161;155;140;48;2;151;140;132m⠙[38;2;145;141;129;48;2;157;147;138m⠹[38;2;144;140;130;48;2;141;136;129m⡈[38;2;138;128;118;48;2;142;133;126m▃[38;2;140;132;123;48;2;134;129;117m⠋[38;2;182;185;194;48;2;133;128;120m⢀[38;2;127;124;116;48;2;155;168;184m⠋[38;2;142;152;153;48;2;155;172;179m⣁[38;2;147;151;151;48;2;153;167;178m▅[38;2;133;142;150;48;2;144;151;163m⣤[38;2;147;157;171;48;2;135;144;153m⣠[38;2;129;141;151;48;2;148;160;177m⠁[38;2;157;172;192;48;2;140;153;169m⢁[38;2;165;184;199;48;2;139;149;163m⣀[38;2;166;175;193;48;2;134;141;150m⣤[38;2;156;179;205;48;2;129;135;142m⠴[38;2;163;177;205;48;2;128;130;137m⠖[38;2;152;174;198;48;2;120;118;124m⠚[38;2;116;113;106;48;2;160;170;182m⣤[38;2;173;183;197;48;2;125;116;120m⠉[38;2;146;156;174;48;2;127;114;107m⠉[38;2;117;103;87;48;2;126;131;144m⠶[38;2;116;98;88;48;2;123;125;126m⠶[38;2;125;116;124;48;2;107;98;89m⣁[38;2;115;108;115;48;2;108;98;90m▃[38;2;121;115;115;48;2;106;93;85m▅[38;2;120;115;120;48;2;109;97;92m▅[38;2;99;94;92;48;2;123;120;120m⠉[38;2;120;120;121;48;2;116;109;117m⣤[38;2;119;116;123;48;2;113;110;117m⡔[38;2;112;109;116;48;2;114;113;119m⢃[38;2;117;114;121;48;2;112;108;115m⠂[38;2;111;112;117;48;2;108;107;113m⠸[38;2;107;107;110;48;2;114;113;118m⢋[38;2;113;112;117;48;2;109;108;114m⠃[0m
[38;2;29;23;23;48;2;30;30;28m⠁[38;2;32;35;32;48;2;30;22;23m▅[38;2;31;35;28;48;2;18;20;15m⡦[38;2;30;28;22;48;2;33;30;28m⠒[38;2;34;34;32;48;2;28;27;24m⣈[38;2;40;42;40;48;2;31;32;27m⠉[38;2;24;24;22;48;2;34;34;32m⠶[38;2;48;51;60;48;2;35;31;29m⠉[38;2;56;70;78;48;2;31;31;26m⠉[38;2;72;84;93;48;2;29;36;28m⠉[38;2;73;88;98;48;2;33;38;32m⠉[38;2;87;106;115;48;2;30;34;32m▔[38;2;78;98;111;48;2;36;37;40m▔[38;2;78;103;111;48;2;42;47;51m▔[38;2;93;113;122;48;2;43;57;64m▔[38;2;43;65;68;48;2;64;88;96m⣤[38;2;54;74;73;48;2;87;109;122m⣤[38;2;61;76;82;48;2;109;134;141m⣤[38;2;69;83;92;48;2;108;137;145m▅[38;2;70;95;107;48;2;100;129;140m⣤[38;2;65;83;90;48;2;104;135;150m⣤[38;2;66;82;92;48;2;117;143;159m⣤[38;2;66;84;94;48;2;112;141;159m⣤[38;2;73;93;101;48;2;106;135;151m⣤[38;2;114;144;160;48;2;85;108;121m⠉[38;2;85;105;116;48;2;96;134;152m▅[38;2;80;96;111;48;2;89;127;140m⣄[38;2;81;104;120;48;2;107;139;154m▅[38;2;117;146;162;48;2;78;102;114m⠉[38;2;111;143;158;48;2;88;111;127m⠉[38;2;113;144;159;48;2;68;98;114m⠉[38;2;112;148;162;48;2;73;95;114m⠉[38;2;120;144;158;48;2;70;93;107m▔[38;2;110;136;151;48;2;77;99;113m▔[38;2;105;132;147;48;2;67;90;104m⠉[38;2;92;119;134;48;2;69;88;102m⠉[38;2;109;132;147;48;2;70;89;101m⠉[38;2;94;120;135;48;2;65;87;101m⠁[38;2;86;113;127;48;2;62;89;99m⠈[38;2;81;109;121;48;2;57;76;85m⠉[38;2;55;70;76;48;2;70;84;93m⠶[38;2;73;97;115;48;2;52;65;72m▔[38;2;68;85;98;48;2;49;61;65m⠉[38;2;38;48;56;48;2;50;60;61m⠭[38;2;38;51;56;48;2;39;48;45m⠁[38;2;34;40;36;48;2;42;43;43m⢐[38;2;33;33;35;48;2;42;42;43m⢒[38;2;37;45;55;48;2;36;41;35m▔[38;2;29;30;31;48;2;37;46;41m⠚[38;2;30;39;40;48;2;35;27;20m▅[38;2;36;37;35;48;2;33;26;13m▅[38;2;39;41;39;48;2;29;34;22m▅[38;2;26;23;28;48;2;30;29;31m⠈[38;2;41;51;51;48;2;31;31;36m▅[38;2;42;56;57;48;2;32;42;43m▅[38;2;47;52;56;48;2;32;33;37m▅[38;2;44;44;44;48;2;32;33;35m⡤[38;2;30;30;28;48;2;35;35;35m⢠[38;2;30;30;31;48;2;37;37;34m⠋[38;2;31;31;31;48;2;32;32;32m⠡[38;2;43;43;43;48;2;37;37;35m⡰[38;2;30;34;33;48;2;38;42;41m⠙[38;2;38;40;39;48;2;42;46;45m⠉[38;2;37;42;40;48;2;42;43;45m⠔[38;2;45;49;50;48;2;41;41;43m⣠[38;2;42;46;47;48;2;46;50;51m⠁[38;2;44;48;49;48;2;49;53;54m⠇[38;2;17;22;30;48;2;43;51;54m⢀[38;2;225;225;222;48;2;10;12;7m⢠[38;2;93;92;90;48;2;240;238;233m⠁[38;2;240;230;229;48;2;228;225;219m⠶[38;2;222;218;206;48;2;236;224;222m⠓[38;2;237;223;211;48;2;220;210;200m⣀[38;2;197;180;172;48;2;212;205;197m⢤[38;2;173;174;169;48;2;237;230;217m▅[38;2;219;210;201;48;2;180;175;171m⠁[38;2;178;174;172;48;2;172;160;154m⠤[38;2;169;166;159;48;2;165;157;148m⠦[38;2;165;161;155;48;2;160;149;143m⡄[38;2;177;176;185;48;2;158;150;141m⢀[38;2;178;176;175;48;2;135;131;123m⣤[38;2;151;146;141;48;2;158;164;169m⣁[38;2;172;180;181;48;2;147;143;137m⠋[38;2;153;157;161;48;2;149;145;140m⠉[38;2;140;141;137;48;2;143;144;146m⡆[38;2;149;149;157;48;2;138;138;143m⢀[38;2;133;136;141;48;2;152;160;173m⠋[38;2;166;165;148;48;2;153;157;171m▁[38;2;133;142;148;48;2;153;171;192m⣁[38;2;144;126;121;48;2;177;178;192m⣀[38;2;147;133;124;48;2;167;171;197m⣀[38;2;134;129;126;48;2;166;179;193m⣀[38;2;136;116;99;48;2;159;167;190m▁[38;2;134;114;108;48;2;161;172;196m▁[38;2;135;143;159;48;2;158;171;190m⠙[38;2;158;171;188;48;2;133;139;152m⣤[38;2;154;168;186;48;2;136;137;154m⣤[38;2;152;160;178;48;2;136;138;150m▃[38;2;142;156;166;48;2;131;133;146m▁[38;2;121;121;133;48;2;129;131;143m▃[38;2;125;125;129;48;2;123;125;138m⣨[38;2;126;125;133;48;2;122;118;122m⠶[38;2;123;123;129;48;2;116;113;122m⠧[38;2;119;115;112;48;2;123;121;126m⠹[38;2;121;120;122;48;2;114;109;111m▔[38;2;117;115;121;48;2;114;108;112m⠙[38;2;117;112;119;48;2;113;106;113m⠉[38;2;110;108;105;48;2;113;111;114m⢰[38;2;110;106;113;48;2;111;100;106m⠙[38;2;110;100;105;48;2;113;105;113m⡄[38;2;113;106;114;48;2;107;101;104m⠙[38;2;108;106;111;48;2;104;104;104m⠉[0m
[38;2;33;35;30;48;2;38;40;34m⣻[38;2;29;32;25;48;2;34;36;31m▝[38;2;40;42;37;48;2;35;38;31m⣈[38;2;35;38;32;48;2;39;42;33m⠑[38;2;33;36;27;48;2;40;43;34m⠃[38;2;38;41;32m⣡[38;2;45;48;39;48;2;38;40;31m⡀[38;2;42;45;36;48;2;36;39;32m⣀[38;2;34;37;30;48;2;37;40;33m⠊[38;2;45;50;43;48;2;32;38;31m⣄[38;2;34;39;33;48;2;37;42;36m⢒[38;2;36;41;35;48;2;41;44;38m⡈[38;2;41;45;42;48;2;42;51;48m▊[38;2;45;60;57;48;2;44;53;50m⣠[38;2;68;80;80;48;2;40;55;57m▁[38;2;55;74;81;48;2;52;62;65m⢴[38;2;72;84;86;48;2;61;73;74m⣀[38;2;79;94;97;48;2;69;78;85m▃[38;2;92;108;113;48;2;67;84;89m⣀[38;2;99;110;118;48;2;70;85;91m⣀[38;2;74;92;99;48;2;92;106;113m⠭[38;2;100;116;125;48;2;75;92;100m⣀[38;2;98;111;118;48;2;74;94;102m⣀[38;2;94;109;121;48;2;72;91;108m⣀[38;2;98;118;125;48;2;70;89;102m▃[38;2;85;105;114;48;2;71;91;100m⣻[38;2;88;108;115;48;2;69;88;96m⣻[38;2;82;108;121;48;2;57;73;88m⣻[38;2;76;103;111;48;2;86;115;130m⠰[38;2;94;117;131;48;2;60;82;90m⣻[38;2;77;99;108;48;2;97;116;126m⠒[38;2;73;93;104;48;2;99;116;125m⠶[38;2;75;95;106;48;2;99;125;141m⠒[38;2;69;95;108;48;2;97;121;131m⠒[38;2;79;103;113;48;2;97;116;128m⠒[38;2;112;132;143;48;2;89;109;120m▃[38;2;69;89;100;48;2;96;116;127m⠒[38;2;107;127;137;48;2;75;95;104m⣤[38;2;101;118;127;48;2;68;95;101m⣤[38;2;88;101;110;48;2;61;79;89m⣤[38;2;74;97;101;48;2;52;71;78m▃[38;2;67;87;94;48;2;52;71;77m▅[38;2;60;79;83;48;2;47;59;59m▅[38;2;54;66;66;48;2;47;57;56m⡄[38;2;41;49;44;48;2;45;54;51m⠙[38;2;42;48;44;48;2;42;51;46m▔[48;2;42;48;44m⠀[38;2;34;39;35;48;2;42;47;43m⠁[38;2;40;47;42;48;2;33;42;37m⢂[38;2;64;72;67;48;2;36;44;40m⡀[38;2;35;40;36;48;2;40;46;42m⠩[38;2;43;49;47;48;2;36;42;40m⡂[38;2;51;56;55;48;2;41;49;46m⡐[38;2;37;47;46;48;2;52;64;64m⡤[38;2;53;68;68;48;2;42;57;60m⣁[38;2;50;60;59;48;2;46;56;53m⠋[38;2;40;40;40;48;2;42;47;48m⠸[38;2;42;35;32;48;2;35;36;36m▕[38;2;68;63;51;48;2;30;32;30m⠂[38;2;32;32;30;48;2;38;38;36m⡖[38;2;42;43;39;48;2;37;37;35m▕[38;2;38;42;41;48;2;65;67;68m⣻[38;2;33;45;41;48;2;45;49;48m⠬[38;2;50;56;53;48;2;42;54;50m▅[38;2;40;52;48;48;2;46;56;53m⢃[38;2;52;56;55;48;2;45;49;48m⢒[38;2;22;39;33;48;2;49;59;54m⢠[38;2;227;227;223;48;2;30;39;44m⣠[38;2;6;7;3;48;2;231;224;216m⠁[38;2;243;235;232;48;2;232;225;215m⢒[38;2;227;223;214;48;2;238;240;237m⠩[38;2;218;211;203;48;2;218;219;213m⣰[38;2;223;217;213;48;2;232;220;203m⣤[38;2;211;196;185;48;2;227;213;202m⢸[38;2;207;195;178;48;2;193;181;170m⡂[38;2;202;191;188;48;2;190;173;157m▁[38;2;199;191;186;48;2;168;151;132m⣀[38;2;183;174;169;48;2;157;141;136m⣤[38;2;163;149;138;48;2;163;164;158m⠁[38;2;175;167;175;48;2;163;156;145m⠉[38;2;164;156;157;48;2;155;145;135m⠁[38;2;153;148;136;48;2;150;140;130m⠋[38;2;151;145;131;48;2;143;136;128m⢀[38;2;150;156;156;48;2;142;142;136m⢀[38;2;143;154;167;48;2;146;145;149m⣠[38;2;211;171;141;48;2;134;159;166m⢀[38;2;236;222;194;48;2;148;126;121m⣠[38;2;245;227;203;48;2;174;131;110m▅[38;2;227;193;170;48;2;169;133;111m⣄[38;2;156;128;107;48;2;162;133;115m⠈[38;2;158;130;109;48;2;153;124;106m⡌[38;2;151;124;103;48;2;149;117;96m⢃[38;2;143;114;98;48;2;139;111;90m⠊[38;2;136;110;91;48;2;142;111;97m⢠[38;2;125;115;118;48;2;141;114;89m▔[38;2;173;184;201;48;2;127;105;89m▔[38;2;165;173;188;48;2;118;97;85m⠉[38;2;128;102;80;48;2;146;160;187m▅[38;2;115;92;79;48;2;141;152;176m▃[38;2;109;95;81;48;2;138;150;169m▁[38;2;123;123;133;48;2;139;145;160m⠙[38;2;134;139;152;48;2;118;117;124m⣤[38;2;125;133;146;48;2;122;112;119m▃[38;2;123;117;121;48;2;120;110;111m⡉[38;2;112;102;102;48;2;115;115;117m⣤[38;2;112;103;104;48;2;122;118;119m▅[38;2;112;104;101;48;2;117;107;108m▃[38;2;106;98;97;48;2;112;103;106m⣤[38;2;110;104;103;48;2;108;99;100m⡊[38;2;108;99;100;48;2;104;95;96m⡅[38;2;106;97;98;48;2;109;100;101m⡑[38;2;110;101;100;48;2;104;94;95m⡁[0m
[38;2;48;49;41;48;2;37;38;30m▔[38;2;41;42;34;48;2;34;35;27m⣁[38;2;42;43;35m▃[38;2;40;41;33;48;2;35;36;28m⣤[48;2;36;37;29m⠤[38;2;35;36;28;48;2;40;41;33m⠓[48;2;38;39;31m⢒[38;2;39;40;32m⡦[48;2;36;37;29m⢴[38;2;43;43;35;48;2;37;37;29m⡆[38;2;41;43;38;48;2;36;38;33m⢐[38;2;38;40;35;48;2;40;42;37m▁[38;2;53;57;56;48;2;44;47;46m⠠[38;2;46;48;47;48;2;51;53;53m▍[38;2;64;74;76;48;2;52;61;60m⠱[38;2;68;80;82;48;2;59;69;71m⠶[38;2;81;88;96;48;2;69;82;88m⠰[38;2;84;97;103;48;2;76;87;93m⠈[38;2;79;92;98;48;2;94;107;113m▃[38;2;78;91;97;48;2;104;117;121m▃[38;2;82;94;101;48;2;105;123;132m▃[38;2;71;90;96;48;2;112;127;132m▃[38;2;74;92;105;48;2;112;129;129m▃[38;2;72;88;100;48;2;105;124;128m▃[38;2;78;95;105;48;2;103;124;140m▃[38;2;88;108;117;48;2;106;123;133m⣠[38;2;99;117;124;48;2;110;130;139m⣤[38;2;96;115;120;48;2;112;131;137m▅[38;2;89;108;114;48;2;115;134;140m▅[38;2;127;146;154;48;2;96;115;122m⠉[38;2;75;92;100;48;2;106;123;138m⠒[38;2;83;101;117;48;2;113;130;143m⠚[38;2;116;135;149;48;2;98;116;128m⣄[38;2;121;139;149;48;2;84;102;112m⣀[38;2;98;115;125;48;2;75;93;103m▃[38;2;118;135;143;48;2;63;80;90m▃[38;2;117;134;141;48;2;62;80;88m▃[38;2;105;122;128;48;2;63;80;85m⡤[38;2;100;119;123;48;2;60;77;76m⠤[38;2;80;95;100;48;2;56;74;78m⠤[38;2;67;80;88;48;2;53;66;72m⠶[38;2;58;71;77;48;2;69;82;88m⠍[38;2;53;68;70;48;2;61;75;82m⢸[38;2;58;64;64;48;2;46;54;56m⠤[38;2;48;54;52;48;2;41;50;45m⡃[38;2;40;44;41;48;2;45;50;46m⢲[38;2;44;49;45;48;2;39;44;40m⠉[38;2;39;44;40;48;2;42;47;43m⡄[38;2;41;46;42;48;2;37;42;38m⠦[38;2;43;48;44;48;2;38;43;39m⢓[38;2;44;49;45m⡂[38;2;33;38;34;48;2;40;45;41m⠉[38;2;54;59;56;48;2;41;46;42m⠰[38;2;43;51;50;48;2;50;66;63m⡁[38;2;63;72;71;48;2;53;65;65m⠤[38;2;59;66;61;48;2;48;54;50m▅[38;2;70;76;72;48;2;51;56;52m⠂[38;2;45;52;45;48;2;42;44;39m⡄[38;2;44;45;40;48;2;38;39;34m⡆[38;2;40;41;36;48;2;42;43;38m▃[38;2;42;43;38;48;2;37;38;33m⠍[38;2;39;38;34;48;2;44;45;40m⣆[38;2;40;44;38;48;2;46;56;48m⡖[38;2;59;69;60;48;2;46;59;52m⢠[38;2;47;58;50;48;2;53;64;55m⡖[38;2;46;57;51;48;2;53;62;56m⢒[38;2;50;57;49;48;2;19;29;24m⠇[38;2;98;101;99;48;2;235;234;229m▍[38;2;229;224;221;48;2;244;241;232m⢋[38;2;230;224;215;48;2;243;241;231m⠠[38;2;236;227;219;48;2;246;242;238m⠴[38;2;213;194;187;48;2;240;237;233m▝[38;2;215;203;196;48;2;212;186;181m⡀[38;2;207;187;178;48;2;215;206;202m▅[38;2;195;175;168;48;2;211;204;202m⣤[38;2;192;169;163;48;2;207;201;194m⣀[38;2;195;177;167;48;2;201;192;185m⣀[38;2;183;169;159;48;2;196;180;165m⢘[38;2;189;168;151;48;2;174;159;149m⣄[38;2;163;149;138;48;2;174;154;139m⠙[38;2;174;156;142;48;2;163;148;135m⠄[38;2;160;143;128;48;2;157;139;131m▊[38;2;150;152;155;48;2;150;141;131m⣰[38;2;167;148;124;48;2;155;146;156m⢀[38;2;233;199;178;48;2;153;145;127m⣠[38;2;211;186;159;48;2;235;222;195m⠁[38;2;241;227;211;48;2;246;238;232m⣀[38;2;238;238;231;48;2;242;237;220m⠶[38;2;240;211;191;48;2;237;227;216m⠈[38;2;237;210;182;48;2;159;126;102m⣆[38;2;179;139;106;48;2;156;119;91m⡀[38;2;172;140;119;48;2;148;117;96m⠂[38;2;144;117;96;48;2;142;110;91m▝[48;2;138;109;89m⠃[38;2;133;111;88;48;2;139;117;94m⢀[38;2;138;111;90;48;2;132;104;83m⠶[38;2;145;120;98;48;2;132;108;86m⢄[38;2;125;97;75;48;2;134;104;84m⢀[38;2;133;98;78;48;2;124;99;75m⠚[38;2;121;89;67;48;2;129;96;76m⣨[38;2;125;121;120;48;2;127;93;65m▔[38;2;155;162;172;48;2;123;87;61m⠉[38;2;123;85;57;48;2;130;140;155m⣤[38;2;91;75;69;48;2;127;135;147m⣀[38;2;127;135;145;48;2;127;123;130m⣤[38;2;111;99;101;48;2;125;121;126m⠹[38;2;114;113;118;48;2;112;101;99m▃[38;2;110;101;96;48;2;105;96;94m⡘[38;2;108;97;96;48;2;104;95;90m⢃[38;2;105;95;96;48;2;103;94;89m⠩[38;2;101;92;83;48;2;107;98;95m⣠[38;2;102;93;86;48;2;106;96;95m⣰[0m
[38;2;48;48;37;48;2;41;41;31m⢤[38;2;50;50;37;48;2;40;40;29m⣄[38;2;47;48;34;48;2;41;41;31m⣠[38;2;45;45;33m⣤[38;2;41;41;31;48;2;44;44;34m⠕[38;2;35;35;25;48;2;42;42;34m⠲[38;2;46;45;33;48;2;38;40;32m⢤[38;2;42;45;31;48;2;36;37;29m⣤[38;2;40;40;31;48;2;47;47;36m⠒[38;2;40;40;29;48;2;50;47;37m⠓[38;2;51;52;38;48;2;41;43;38m▃[38;2;54;55;39;48;2;47;48;40m▃[38;2;65;65;55;48;2;49;53;47m▁[38;2;70;75;54;48;2;49;57;53m⣐[38;2;71;77;65;48;2;58;57;62m▅[38;2;89;90;82;48;2;60;69;74m⢤[38;2;90;93;88;48;2;67;76;81m⣤[38;2;89;99;98;48;2;73;88;93m⢤[38;2;94;105;107;48;2;70;82;90m⣤[38;2;104;114;116;48;2;76;86;88m⠤[38;2;110;119;118;48;2;84;96;93m⠤[38;2;102;113;109;48;2;81;94;102m⣤[38;2;108;120;119;48;2;88;99;101m⣤[38;2;90;101;103;48;2;106;118;118m⠒[38;2;115;126;130;48;2;98;109;113m⠭[38;2;93;104;108;48;2;108;119;123m▃[38;2;85;100;106;48;2;105;117;121m⠒[38;2;76;95;99;48;2;99;116;123m⠒[38;2;73;91;95;48;2;103;120;127m⠒[38;2;86;105;111;48;2;108;124;131m⠒[38;2;88;107;113;48;2;104;125;130m⠒[38;2;107;123;129;48;2;92;103;113m▅[38;2;109;122;131;48;2;101;114;123m⣤[38;2;134;147;156;48;2;96;109;118m▁[38;2;104;121;129;48;2;70;87;95m⣤[38;2;122;139;146;48;2;82;99;106m▁[38;2;104;121;129;48;2;60;77;85m⣤[38;2;100;115;120;48;2;72;86;92m⣄[38;2;108;121;127;48;2;65;78;84m▃[38;2;97;116;123;48;2;61;81;82m▃[38;2;82;101;106;48;2;57;73;76m▃[38;2;61;75;76;48;2;69;83;84m⢒[38;2;57;68;68;48;2;66;78;79m⣨[38;2;66;69;64;48;2;52;63;59m▁[38;2;54;63;52;48;2;49;51;45m⣁[38;2;53;65;53;48;2;45;49;43m⣀[38;2;53;55;44;48;2;39;42;43m⣀[38;2;55;58;49;48;2;43;45;42m▁[38;2;51;55;44;48;2;48;50;45m▕[38;2;59;64;43;48;2;48;50;46m▏[38;2;51;55;38;48;2;42;44;41m⣀[38;2;55;58;51;48;2;43;45;41m⢀[38;2;51;56;52;48;2;39;44;40m⣨[38;2;59;71;67;48;2;47;57;54m▃[38;2;60;72;70;48;2;52;63;59m⣤[38;2;62;73;65;48;2;53;62;54m⠦[38;2;62;65;58;48;2;49;50;44m⠤[38;2;50;51;43;48;2;43;44;36m⠔[38;2;57;58;50;48;2;42;43;35m⠂[38;2;45;46;40;48;2;37;38;32m⢆[38;2;43;44;38;48;2;40;41;35m▔[38;2;47;48;43;48;2;43;44;39m⠂[38;2;41;42;37;48;2;45;46;41m⠃[38;2;53;55;50;48;2;44;46;41m⠰[38;2;44;46;41;48;2;50;52;48m⣡[38;2;34;42;40;48;2;34;42;40m⠀[38;2;15;27;24;48;2;233;234;226m⠃[38;2;245;242;235;48;2;238;229;226m⣡[38;2;235;227;225;48;2;245;245;239m⠁[38;2;245;243;242;48;2;235;237;232m⠇[38;2;236;223;215;48;2;239;234;227m⣤[38;2;241;233;228;48;2;233;219;210m⠋[38;2;210;193;177;48;2;236;219;211m▝[38;2;228;214;205;48;2;193;176;168m⡀[38;2;189;169;162;48;2;191;171;164m⣤[38;2;190;170;163;48;2;186;166;159m⠤[38;2;186;165;160;48;2;181;161;154m⠴[38;2;186;167;161;48;2;182;162;152m⢤[38;2;182;162;152m⠀[38;2;185;165;155;48;2;177;159;147m⢃[38;2;195;179;173;48;2;172;154;141m⣀[38;2;170;162;157;48;2;167;149;139m⠴[38;2;242;214;188;48;2;164;161;152m⢀[38;2;154;134;120;48;2;249;215;188m⠁[38;2;244;243;238;48;2;235;218;203m⣰[38;2;236;227;198;48;2;240;240;237m⠈[38;2;237;239;229;48;2;236;225;198m⡆[38;2;229;198;167;48;2;232;215;196m⣀[38;2;247;219;198;48;2;229;194;166m⠋[38;2;228;198;170;48;2;228;187;157m⠁[38;2;181;133;99;48;2;222;186;148m▝[38;2;184;141;106;48;2;150;112;86m⡀[38;2;145;109;88;48;2;142;109;82m⠉[38;2;131;105;79;48;2;138;112;87m⣐[38;2;145;118;97;48;2;132;105;84m⠉[38;2;126;99;78;48;2;136;109;88m▃[38;2;141;114;96;48;2;134;102;85m⠣[38;2;128;106;82;48;2;150;123;107m⣻[38;2;130;94;71;48;2;130;94;71m⠀[38;2;130;98;67;48;2;119;92;70m▏[38;2;114;87;60;48;2;123;95;71m▅[38;2;125;96;67;48;2;111;84;55m⠃[38;2;107;77;53;48;2;112;82;58m⠠[38;2;108;72;46;48;2;109;79;52m▔[38;2;127;120;115;48;2;110;81;45m⠈[38;2;134;141;149;48;2;99;72;36m⠙[38;2;97;70;35;48;2;116;117;129m⣄[38;2;111;95;89;48;2;111;112;117m⡀[38;2;101;96;88;48;2;110;111;110m⠙[38;2;114;104;103;48;2;96;87;82m⣄[38;2;108;98;90;48;2;98;89;82m▁[38;2;99;90;83;48;2;94;85;78m⡒[0m
[38;2;59;57;37;48;2;56;54;31m⠊[38;2;64;61;42;48;2;54;51;32m⡁[38;2;49;51;30;48;2;64;61;42m▔[38;2;49;41;24;48;2;57;53;34m▁[38;2;109;103;78;48;2;61;58;25m⠄[38;2;54;50;33;48;2;65;63;41m⡈[38;2;54;51;26;48;2;62;53;36m⢡[38;2;110;105;75;48;2;59;52;25m⠐[38;2;70;68;45;48;2;57;53;38m⠒[38;2;67;65;43;48;2;53;50;34m⠲[38;2;70;68;45;48;2;56;53;38m⠶[38;2;76;76;52;48;2;58;59;42m⠶[38;2;62;64;49;48;2;79;82;63m⠉[38;2;85;88;69;48;2;74;76;64m⢒[38;2;81;84;73;48;2;85;92;79m⠁[38;2;86;91;85;48;2;98;99;86m⡄[38;2;108;110;96;48;2;99;101;93m⠚[38;2;115;119;108;48;2;104;106;95m⠂[38;2;100;108;95;48;2;116;118;109m▅[38;2;103;110;104;48;2;119;121;111m▅[38;2;131;134;126;48;2;116;120;108m⢀[38;2;112;117;113;48;2;108;119;111m⡀[38;2;87;91;91;48;2;114;125;117m▁[38;2;90;91;95;48;2;119;121;118m▁[38;2;117;126;126;48;2;101;110;109m⠭[38;2;102;111;110;48;2;122;131;130m⣂[38;2;88;97;97;48;2;131;140;139m⣀[38;2;73;82;82;48;2;130;139;138m⣀[38;2;62;72;72;48;2;132;140;140m⣀[38;2;63;75;75;48;2;128;138;137m▃[38;2;68;80;80;48;2;130;141;139m▃[38;2;65;75;78;48;2;124;136;134m▃[38;2;63;71;76;48;2;125;140;141m▃[38;2;64;69;73;48;2;121;136;137m⣤[38;2;58;67;64;48;2;125;139;142m⣤[38;2;60;72;68;48;2;114;133;139m⣤[38;2;54;73;67;48;2;110;128;131m⣤[38;2;60;71;68;48;2;106;118;119m⣤[38;2;61;71;65;48;2;101;112;114m⣤[38;2;59;70;66;48;2;91;102;104m⣤[38;2;57;70;57;48;2;76;87;86m⣤[38;2;62;67;65;48;2;72;82;81m▃[38;2;54;59;51;48;2;70;81;73m▃[38;2;65;73;62;48;2;56;64;53m▔[38;2;68;74;60;48;2;54;57;48m⠉[38;2;73;75;62;48;2;59;55;45m⠐[38;2;57;60;52;48;2;54;54;46m▏[38;2;49;51;40;48;2;56;58;47m⣤[38;2;59;61;50;48;2;48;50;39m▔[38;2;67;69;58;48;2;49;51;40m▁[38;2;69;71;60;48;2;48;50;39m▁[38;2;62;66;51;48;2;50;54;40m⣐[38;2;45;48;39;48;2;65;69;55m⠍[38;2;53;56;47;48;2;64;68;54m⠅[38;2;84;88;74;48;2;61;63;52m⡀[38;2;69;72;57;48;2;58;60;49m⣀[38;2;48;53;44;48;2;62;63;51m▔[38;2;67;69;55;48;2;54;53;41m⢀[38;2;61;63;49;48;2;49;51;40m▅[38;2;64;64;49;48;2;56;58;48m⠤[38;2;84;83;65;48;2;59;59;51m⢀[38;2;79;80;64;48;2;64;65;49m▁[38;2;76;79;65;48;2;66;69;55m⡐[38;2;67;67;50;48;2;75;78;59m▃[38;2;252;244;241;48;2;68;74;48m⢀[38;2;37;37;38;48;2;244;237;231m⠁[38;2;244;224;207;48;2;246;246;243m⣀[38;2;234;230;221;48;2;243;243;243m⣀[38;2;224;217;209;48;2;240;240;242m⣀[38;2;238;222;211;48;2;241;228;227m▁[38;2;240;226;226;48;2;235;222;213m▃[38;2;239;234;236;48;2;232;220;208m▃[38;2;241;236;232;48;2;232;218;214m▃[38;2;228;215;206;48;2;237;223;222m▔[38;2;182;159;155;48;2;243;232;231m⠙[38;2;247;244;240;48;2;180;157;153m⣀[38;2;217;204;203;48;2;178;158;158m▁[38;2;216;205;202;48;2;175;162;156m⣀[38;2;213;200;192;48;2;184;164;155m⡤[38;2;175;157;154;48;2;201;191;182m⣡[38;2;202;187;183;48;2;176;147;130m⠁[38;2;171;145;127;48;2;238;203;176m⠋[38;2;236;206;181;48;2;236;218;194m⠁[38;2;234;228;214;48;2;243;238;231m⣃[38;2;239;238;226;48;2;242;240;241m▁[38;2;247;222;210;48;2;242;241;241m⣠[38;2;235;226;221;48;2;232;201;177m⠁[38;2;227;185;159;48;2;238;196;171m⢰[38;2;226;186;160;48;2;220;175;148m⠋[38;2;216;171;142;48;2;221;181;156m⣰[38;2;205;162;130;48;2;213;170;141m⢐[38;2;200;156;121;48;2;173;129;94m⠇[38;2;149;112;91;48;2;143;103;83m⡌[38;2;134;100;78;48;2;126;94;70m⠃[38;2;123;97;74;48;2;129;101;79m▅[38;2;131;103;81;48;2;122;94;72m⠣[38;2;142;120;99;48;2;129;105;83m⢀[38;2;145;123;101;48;2;124;102;80m⡀[38;2;132;108;84;48;2;119;95;71m⠶[48;2;113;89;65m⠂[38;2;113;86;56;48;2;105;78;49m⠁[38;2;105;73;48;48;2;112;80;52m⣤[38;2;106;78;48;48;2;112;76;48m⢴[38;2;101;68;40;48;2;109;78;49m⣤[38;2;99;68;39;48;2;104;73;44m⣤[38;2;89;64;34;48;2;96;69;39m⢀[38;2;98;66;36;48;2;88;65;33m⠋[38;2;89;64;36;48;2;93;64;32m⠈[38;2;125;116;118;48;2;89;61;19m⠉[38;2;85;48;14;48;2;105;108;111m⣄[38;2;49;44;18;48;2;109;104;105m⡀[38;2;92;83;80;48;2;112;108;104m▝[0m
[38;2;50;51;33;48;2;58;59;41m⠍[38;2;67;64;47;48;2;55;52;35m⠐[38;2;69;66;51;48;2;62;59;42m⠂[38;2;44;41;27;48;2;61;58;41m▔[38;2;63;59;47;48;2;56;53;34m⣀[38;2;57;56;36;48;2;61;58;41m⠙[38;2;54;53;33;48;2;59;57;37m⠣[38;2;61;64;42;48;2;60;58;39m⢠[38;2;62;63;45;48;2;57;58;40m⠢[38;2;56;56;38;48;2;61;62;44m▅[38;2;57;53;42;48;2;58;58;46m⠶[38;2;63;63;51;48;2;69;65;56m▍[38;2;71;79;68;48;2;63;68;62m⢉[38;2;77;81;71;48;2;69;73;66m▕[38;2;78;84;76;48;2;77;87;78m▏[38;2;73;83;79;48;2;79;91;90m⠒[38;2;76;88;86;48;2;83;93;92m⠆[38;2;77;87;87;48;2;83;94;95m⠐[38;2;80;89;85;48;2;87;95;97m⠳[38;2;88;99;101;48;2;81;95;95m⠥[38;2;78;88;90;48;2;91;101;102m⠓[38;2;92;102;103;48;2;80;91;93m⣤[38;2;91;107;107;48;2;77;87;89m⣤[38;2;96;107;109;48;2;76;86;88m⣤[38;2;103;113;115;48;2;83;93;95m⢤[38;2;97;107;106;48;2;76;86;88m▅[38;2;92;107;111;48;2;67;83;84m▅[38;2;84;93;100;48;2;104;111;119m⢋[38;2;84;90;80;48;2;94;108;111m⠉[38;2;123;128;122;48;2;98;106;108m⠁[38;2;93;103;105;48;2;72;81;85m▅[38;2;97;107;107;48;2;76;86;87m▅[38;2;68;79;82;48;2;93;103;101m⠉[38;2;135;136;128;48;2;87;90;79m⠐[38;2;69;77;75;48;2;85;95;94m⠉[38;2;91;103;99;48;2;78;89;85m⣄[38;2;107;121;117;48;2;79;91;87m⣀[38;2;112;120;115;48;2;80;91;85m⣀[38;2;106;117;109;48;2;79;88;83m▃[38;2;100;111;103m▃[38;2;112;123;115;48;2;72;81;78m⣀[38;2;108;110;96;48;2;74;86;82m▃[38;2;100;102;89;48;2;70;82;79m▃[38;2;91;94;82;48;2;59;71;59m⣤[38;2;81;84;68;48;2;64;66;61m⣤[38;2;79;82;61;48;2;64;67;48m⡤[38;2;84;87;67;48;2;60;64;47m⡤[38;2;85;85;65;48;2;62;66;52m⠤[38;2;86;84;67;48;2;65;65;51m⠤[38;2;72;73;61;48;2;66;63;45m⠭[38;2;85;83;70;48;2;68;64;55m⠒[38;2;61;59;48;48;2;69;68;55m⠤[38;2;77;75;61;48;2;65;65;43m⢒[38;2;96;91;71;48;2;73;70;58m⢠[38;2;99;94;74;48;2;76;79;66m▃[38;2;89;83;70;48;2;76;74;62m⡄[38;2;94;89;67;48;2;70;73;56m⡤[38;2;93;88;66;48;2;62;61;43m⣤[38;2;88;86;62;48;2;70;69;48m⡤[38;2;92;91;63;48;2;65;67;55m⢤[38;2;107;102;72;48;2;69;65;46m⣤[38;2;108;104;69;48;2;74;69;46m⣤[38;2;108;106;67;48;2;65;60;47m⠤[38;2;232;208;177;48;2;65;60;49m⣰[38;2;212;189;164;48;2;240;218;196m⠁[38;2;240;224;211;48;2;242;224;200m⣠[38;2;239;228;216;48;2;244;243;241m⠃[38;2;242;228;218;48;2;240;244;244m⣀[38;2;243;213;190;48;2;246;236;218m⣈[38;2;213;178;142;48;2;233;204;176m⠈[38;2;202;139;98;48;2;238;201;169m⠒[38;2;196;111;73;48;2;243;227;219m▅[38;2;181;91;58;48;2;237;234;227m⣤[38;2;145;65;20;48;2;236;225;221m▃[38;2;138;65;29;48;2;235;216;214m▃[38;2;133;65;25;48;2;217;199;195m▃[38;2;120;59;15;48;2;205;185;180m▃[38;2;112;54;7;48;2;196;177;170m▃[38;2;113;48;16;48;2;184;170;157m⣤[38;2;196;162;152;48;2;91;36;28m⢉[38;2;168;125;109;48;2;236;220;201m⠃[38;2;240;231;231;48;2;233;215;199m⢰[38;2;239;227;218;48;2;240;242;236m⠃[38;2;233;221;215;48;2;233;235;233m▔[38;2;222;206;190;48;2;239;225;214m⢡[38;2;237;220;205;48;2;231;206;181m⠧[38;2;217;177;152;48;2;229;194;174m⢀[38;2;230;203;173;48;2;222;168;140m⠃[38;2;198;155;124;48;2;213;169;140m▃[38;2;210;166;139;48;2;191;147;120m⠋[38;2;170;129;101;48;2;191;144;118m⣠[38;2;158;118;90;48;2;182;134;111m▅[38;2;161;121;91;48;2;142;104;75m⠃[38;2;119;87;62;48;2;131;96;68m⢠[38;2;118;94;66;48;2;117;86;57m⠙[38;2;115;86;62;48;2;120;89;68m▃[38;2;139;114;94;48;2;113;89;65m▔[38;2;119;94;67;48;2;112;87;56m⠫[38;2;124;95;74;48;2;106;79;52m⠇[38;2;112;86;62;48;2;105;78;51m⠒[38;2;110;81;52;48;2;107;75;50m⡘[38;2;108;78;50;48;2;105;74;46m⠁[38;2;105;76;46;48;2;101;71;41m⠧[38;2;95;66;36;48;2;100;71;41m⣐[38;2;98;69;39;48;2;91;60;31m⠋[38;2;96;69;39;48;2;92;61;32m⠄[38;2;99;69;33;48;2;90;63;32m⠙[38;2;98;68;33;48;2;88;61;31m⠃[38;2;83;56;26;48;2;88;56;27m⢤[38;2;86;58;28;48;2;82;52;23m⠓[38;2;66;38;1;48;2;84;54;19m▔[38;2;116;116;120;48;2;75;48;21m⠈[0m
[38;2;64;61;44;48;2;59;57;40m⡆[38;2;60;57;39;48;2;58;57;39m⠢[38;2;65;62;43;48;2;60;57;38m▁[38;2;56;53;34;48;2;62;59;40m⢰[38;2;63;62;42;48;2;57;56;36m⠹[38;2;65;64;44;48;2;56;55;35m⠤[38;2;63;60;41;48;2;56;53;34m▅[38;2;60;57;40;48;2;59;54;35m▅[38;2;59;52;36;48;2;61;58;41m⣄[38;2;61;59;41;48;2;59;58;40m⠤[38;2;68;68;50;48;2;59;58;39m⢠[38;2;62;64;51;48;2;71;72;59m⡃[38;2;83;86;76;48;2;70;74;68m▁[38;2;85;90;83;48;2;73;79;75m▁[38;2;85;92;85;48;2;76;83;79m⢠[38;2;92;99;92;48;2;81;91;86m⣠[38;2;106;111;104;48;2;87;96;92m⣀[38;2;111;116;109;48;2;78;90;87m⣤[38;2;125;128;115;48;2;83;95;96m▃[38;2;124;127;115;48;2;80;91;91m⣤[38;2;128;132;119;48;2;81;92;87m⣤[38;2;128;128;114;48;2;89;98;103m⣤[38;2;143;143;128;48;2;96;108;108m▃[38;2;124;135;125;48;2;124;135;125m⠀[38;2;154;156;140;48;2;98;107;96m▃[38;2;152;150;135;48;2;95;106;103m⣤[38;2;150;146;124;48;2;107;118;111m▃[38;2;148;151;131;48;2;107;119;117m⣤[38;2;98;110;111;48;2;139;140;126m⠉[38;2;146;148;135;48;2;102;114;114m▅[38;2;152;153;147;48;2;141;141;129m⡐[38;2;144;144;136;48;2;124;126;125m▅[38;2;148;150;136;48;2;124;132;125m▅[38;2;148;150;137;48;2;120;126;121m▅[38;2;146;147;130;48;2;127;133;127m⣤[38;2;146;144;130;48;2;127;130;119m⣤[38;2;145;146;129;48;2;126;130;116m▃[38;2;145;150;134;48;2;134;142;126m⠐[38;2;127;130;116;48;2;135;137;123m⠙[38;2;113;115;101;48;2;126;128;114m⢉[38;2;127;130;110;48;2;112;113;95m⠦[38;2;106;105;88;48;2;116;116;90m⢈[38;2;87;84;66;48;2;109;108;86m⠈[38;2;107;104;85;48;2;80;75;56m▅[38;2;103;96;69;48;2;73;66;47m▅[38;2;132;117;81;48;2;89;83;60m⣀[38;2;130;116;72;48;2;78;71;44m⣀[38;2;126;120;97;48;2;97;91;62m⠐[38;2;139;124;75;48;2;67;61;41m▃[38;2;135;120;85;48;2;64;58;33m⣤[38;2;208;202;175;48;2;95;91;69m⠄[38;2;112;102;76;48;2;62;60;47m▅[38;2;108;105;74;48;2;71;67;44m▅[38;2;115;108;79;48;2;75;69;46m▅[38;2;113;106;82;48;2;77;71;50m▅[38;2;121;111;74;48;2;72;63;51m▅[38;2;194;182;160;48;2;99;89;68m⢠[38;2;146;131;98;48;2;94;89;57m⡄[38;2;68;60;42;48;2;131;115;66m⠉[38;2;74;65;44;48;2;132;122;85m⠉[38;2;79;72;46;48;2;126;116;85m⠉[38;2;197;178;140;48;2;123;104;74m⢠[38;2;66;52;31;48;2;239;220;192m⠁[38;2;240;226;210;48;2;244;221;190m▅[38;2;240;230;218;48;2;242;223;200m⣄[38;2;243;236;223;48;2;232;222;207m⠉[38;2;234;217;202;48;2;244;241;235m▃[38;2;239;210;183;48;2;234;217;197m⣠[38;2;234;193;158;48;2;235;205;179m⣠[38;2;238;190;149;48;2;238;192;159m⣤[38;2;232;181;136;48;2;243;193;153m▃[38;2;225;166;126;48;2;233;186;151m▁[38;2;191;110;75;48;2;235;185;144m⠹[38;2;188;110;73;48;2;174;99;67m⡂[38;2;149;77;41;48;2;166;99;65m⠙[38;2;146;77;43;48;2;138;67;35m⣀[38;2;135;66;38;48;2;128;65;35m⡖[38;2;111;40;14;48;2;116;52;19m⢀[38;2;235;205;187;48;2;112;47;1m⣠[38;2;206;165;151;48;2;234;213;188m⠁[38;2;241;225;209;48;2;237;220;202m⠨[38;2;222;205;192;48;2;240;233;220m⣀[38;2;230;214;199;48;2;237;238;234m▁[38;2;230;218;204;48;2;243;236;230m⣤[38;2;223;189;160;48;2;228;205;187m⢐[38;2;215;176;149;48;2;222;193;164m⣤[38;2;204;163;135;48;2;215;174;145m▅[38;2;207;164;137;48;2;194;153;125m⠋[38;2;203;158;128;48;2;182;137;106m▔[38;2;156;114;92;48;2;167;126;98m⣤[38;2;139;102;77;48;2;162;121;96m⣠[38;2;161;122;91;48;2;129;94;69m⠑[38;2;123;86;58;48;2;133;98;75m▃[38;2;136;102;76;48;2;119;84;56m⠁[38;2;115;84;55;48;2;110;79;50m⠙[38;2;116;85;57;48;2;109;78;48m⠋[38;2;123;99;70;48;2;107;81;57m⠠[38;2;112;87;60;48;2;103;81;50m⢋[38;2;125;109;76;48;2;115;82;55m⢀[38;2;95;71;39;48;2;103;82;51m⢨[38;2;106;86;53;48;2;101;77;45m⠤[38;2;97;64;35;48;2;101;70;41m⣐[38;2;102;70;41;48;2;93;66;36m⡄[38;2;96;71;41;48;2;91;62;32m⠓[38;2;100;73;44;48;2;91;63;35m⠐[38;2;85;59;29;48;2;90;62;36m⠜[38;2;87;55;29;48;2;87;61;30m⢁[38;2;81;54;20;48;2;84;56;29m⢰[38;2;81;54;25;48;2;80;53;24m⢤[38;2;76;49;20;48;2;84;57;28m⢀[38;2;85;56;27;48;2;78;53;23m⠁[38;2;72;47;17;48;2;77;52;22m⣡[0m
[38;2;113;105;69;48;2;59;57;38m⣤[38;2;105;93;59;48;2;64;61;45m⣤[38;2;100;87;52;48;2;61;57;40m▅[38;2;105;97;57;48;2;67;60;41m⣤[38;2;133;124;78;48;2;87;86;50m⣀[38;2;125;113;72;48;2;78;71;44m⣤[38;2;135;124;91;48;2;102;90;33m⢀[38;2;206;193;165;48;2;111;101;43m⡀[38;2;129;116;74;48;2;75;76;50m▅[38;2;86;79;56;48;2;135;122;79m⠉[38;2;138;125;83;48;2;82;81;51m▅[38;2;93;91;62;48;2;135;121;86m⠉[38;2;99;99;72;48;2;140;130;95m⠉[38;2;111;113;99;48;2;141;140;113m⠉[38;2;119;118;104;48;2;141;137;114m⠉[38;2;114;116;107;48;2;145;141;113m▔[38;2;131;129;115;48;2;149;146;115m▔[38;2;137;135;121;48;2;155;152;121m▔[38;2;164;157;130;48;2;149;146;129m⣤[38;2;149;151;132;48;2;165;162;133m⠉[38;2;169;165;137;48;2;157;155;134m⡄[38;2;161;155;133;48;2;153;148;126m⣻[38;2;157;151;129;48;2;165;159;133m⢤[38;2;164;158;135;48;2;161;155;131m▅[38;2;166;164;138;48;2;159;156;135m⠐[38;2;160;159;138;48;2;155;148;131m⠒[38;2;175;172;157;48;2;155;148;132m⠠[38;2;193;190;175;48;2;162;161;141m⠄[38;2;162;160;140;48;2;148;145;126m⠉[38;2;161;158;141;48;2;150;147;128m⠉[38;2;146;144;130;48;2;161;159;144m▅[38;2;148;147;129;48;2;161;160;142m⣻[38;2;127;130;111;48;2;149;150;132m⣀[38;2;134;135;117;48;2;145;143;125m▃[38;2;129;130;112;48;2;145;142;123m▃[38;2;131;128;114;48;2;139;136;119m⢤[38;2;126;124;109;48;2;141;138;121m⣤[38;2;139;138;122;48;2;121;119;104m⠓[38;2;114;112;97;48;2;132;131;113m⣤[38;2;105;102;83;48;2;120;122;109m⣤[38;2;110;104;78;48;2;121;121;103m⣤[38;2;92;88;58;48;2;114;114;96m⣤[38;2;84;77;48;48;2;96;101;78m⣤[38;2;103;102;81;48;2;79;74;54m⠊[38;2;121;112;81;48;2;89;84;63m⢀[38;2;160;151;122;48;2;79;67;44m⡀[38;2;128;113;70;48;2;79;74;49m⠉[38;2;104;90;58;48;2;77;72;43m⡉[38;2;120;105;62;48;2;77;69;41m▔[38;2;90;84;58;48;2;72;70;48m⠓[38;2;89;85;57;48;2;71;66;37m⢒[38;2;72;64;38;48;2;89;83;56m⠤[38;2;72;63;36;48;2;93;88;62m⠤[38;2;66;62;33;48;2;103;91;62m⠤[38;2;70;61;45;48;2;110;104;69m⣤[38;2;74;65;34;48;2;111;103;68m⣤[38;2;77;69;34;48;2;111;104;61m⣤[38;2;74;65;28;48;2;115;107;60m⣤[38;2;70;61;24;48;2;128;121;71m⣤[38;2;60;52;24;48;2;137;133;83m⣤[38;2;233;213;184;48;2;136;119;77m⣠[38;2;229;201;169;48;2;240;222;198m⠁[38;2;241;236;220;48;2;235;223;204m⣰[38;2;239;227;213;48;2;237;238;227m⠁[38;2;240;226;214;48;2;237;236;232m⢠[38;2;241;238;224;48;2;242;211;186m⠇[38;2;245;211;184;48;2;226;190;162m⠅[38;2;229;181;145;48;2;239;198;166m⣰[38;2;221;160;116;48;2;229;177;137m⢀[38;2;220;168;120;48;2;235;173;132m⣠[38;2;230;172;129;48;2;227;167;115m⡉[38;2;231;178;134;48;2;225;162;119m⢀[38;2;231;170;129;48;2;231;180;137m⣆[38;2;173;101;68;48;2;225;175;126m▝[38;2;189;115;85;48;2;169;99;64m⡀[38;2;159;85;52;48;2;165;91;57m⢘[38;2;235;183;164;48;2;140;72;40m⢀[38;2;129;70;33;48;2;238;211;193m⠋[38;2;243;226;209;48;2;236;220;192m▃[38;2;229;229;215;48;2;238;235;230m⢇[38;2;221;204;190;48;2;239;229;228m⠈[38;2;222;218;212;48;2;245;236;226m▏[38;2;215;196;178;48;2;231;210;186m⡡[38;2;216;181;160;48;2;225;206;186m⢠[38;2;232;201;178;48;2;217;173;143m⠁[38;2;215;171;144;48;2;202;159;134m⠃[38;2;186;140;114;48;2;198;160;131m⣤[38;2;158;122;93;48;2;183;138;110m⣰[38;2;163;129;101;48;2;150;114;88m⠂[38;2;159;120;103;48;2;131;97;69m⠁[38;2;122;87;60;48;2;133;97;68m▁[38;2;136;104;81;48;2;124;92;69m⢀[38;2;130;99;71;48;2;115;84;53m⠄[38;2;144;112;87;48;2;113;78;51m⠂[38;2;111;79;50;48;2;109;75;47m⢈[38;2;110;79;49;48;2;105;74;45m⡄[38;2;108;76;48;48;2;101;73;43m⢠[38;2;113;92;61;48;2;97;71;40m⠑[38;2;95;72;39;48;2;104;88;57m⣤[38;2;105;84;50;48;2;97;75;37m⠕[38;2;97;74;42;48;2;104;79;48m▊[38;2;109;81;51;48;2;90;63;33m▏[38;2;90;59;30;48;2;91;62;32m⠉[38;2;94;62;34;48;2;90;61;31m⠉[38;2;82;55;26;48;2;88;61;32m⢀[38;2;80;53;24;48;2;87;60;31m⠂[38;2;89;62;33;48;2;86;59;30m⡀[38;2;79;52;23;48;2;85;58;29m⠰[38;2;83;55;28;48;2;77;51;24m▔[38;2;81;55;28;48;2;74;48;22m⠁[38;2;71;46;16;48;2;75;50;19m⡌[38;2;70;44;17;48;2;73;47;22m⠇[0m
[38;2;122;112;77;48;2;156;142;94m▔[38;2;116;105;64;48;2;155;136;94m▔[38;2;147;128;86;48;2;160;141;99m⢉[38;2;169;151;104;48;2;152;130;88m⠒[38;2;176;158;114;48;2;145;128;84m⠒[38;2;162;150;98;48;2;144;131;86m⠶[38;2;164;152;101;48;2;143;130;89m⠶[38;2;214;199;170;48;2;155;141;98m⠠[38;2;109;95;55;48;2;157;140;96m▔[38;2;114;102;63;48;2;153;145;100m▔[38;2;155;140;101;48;2;143;131;89m⡒[38;2;140;130;95;48;2;158;146;110m⠥[38;2;163;151;114;48;2;149;135;107m⣐[38;2;147;139;112;48;2;156;150;115m⠥[38;2;145;141;109;48;2;161;151;120m▅[38;2;165;159;127;48;2;158;146;116m⠈[38;2;166;159;133;48;2;154;147;118m⠡[38;2;160;153;124;48;2;145;138;109m⠭[38;2;175;169;145;48;2;160;151;125m⠈[38;2;151;139;113;48;2;163;154;129m⣀[38;2;149;143;114;48;2;158;152;126m⣤[38;2;161;153;130;48;2;153;147;126m▔[38;2;153;146;126;48;2;202;195;176m⣻[38;2;151;145;119;48;2;155;148;129m▅[38;2;148;143;114;48;2;155;149;125m⢤[38;2;149;143;115;48;2;154;147;129m▅[38;2;147;142;113;48;2;154;148;127m▃[38;2;160;154;140;48;2;144;138;116m⠈[38;2;150;147;132;48;2;140;135;116m⠭[38;2;145;140;112;48;2;151;148;129m⣰[38;2;144;138;114;48;2;143;142;123m▃[38;2;141;137;105;48;2;139;138;120m▃[38;2;150;144;115;48;2;138;136;117m▅[38;2;136;129;100;48;2;140;133;109m⣀[38;2;146;140;118;48;2;138;132;107m⠖[38;2;143;139;116;48;2;131;124;105m⢒[38;2;149;147;135;48;2;140;134;113m⠁[38;2;138;136;117;48;2;139;133;102m⠋[38;2;151;138;109;48;2;134;128;102m▃[38;2;145;134;104;48;2;135;125;95m▃[38;2;124;113;77;48;2;138;123;91m⢓[38;2;141;131;98;48;2;131;117;72m⡠[38;2;141;128;97;48;2;127;117;74m⡤[38;2;144;130;95;48;2;129;115;80m⢬[38;2;128;114;69;48;2;136;126;90m⡚[38;2;148;133;92;48;2;116;100;66m⣤[38;2;144;127;95;48;2;114;110;74m⣤[38;2;143;130;88;48;2;119;105;73m⣤[48;2;112;98;61m▅[38;2;141;128;83;48;2;116;103;69m⣤[38;2;134;123;82;48;2;112;102;66m⣤[38;2;133;124;85;48;2;113;105;64m⣤[38;2;128;120;81;48;2;112;103;62m▅[38;2;120;112;76;48;2;140;132;85m⣻[38;2;200;191;156;48;2;121;110;78m⢀[38;2;202;193;161;48;2;131;120;85m⡀[38;2;137;124;86;48;2;123;110;78m⣤[38;2;140;126;89;48;2;115;111;73m⣤[38;2;222;201;167;48;2;110;106;68m⢀[38;2;99;84;34;48;2;236;214;190m⠃[38;2;237;228;208;48;2;244;216;194m⣢[38;2;243;228;207;48;2;243;239;228m⠇[38;2;245;216;205;48;2;236;233;221m⢠[38;2;232;210;191;48;2;245;231;222m⣠[38;2;237;216;204;48;2;238;199;172m⠉[38;2;222;173;138;48;2;230;191;162m⣰[38;2;228;181;145;48;2;224;170;130m⠙[38;2;224;176;136;48;2;222;168;121m⠃[38;2;218;154;104;48;2;223;167;121m▃[38;2;220;153;106;48;2;229;165;118m⣤[38;2;224;163;116;48;2;220;162;112m⢊[38;2;235;190;147;48;2;224;161;117m▔[38;2;227;165;118;48;2;226;161;113m⢉[38;2;232;175;132;48;2;222;169;124m⠨[38;2;189;114;82;48;2;234;167;125m⠸[38;2;234;205;183;48;2;164;90;56m⢠[38;2;185;137;106;48;2;230;214;190m⠁[38;2;241;241;238;48;2;243;223;205m⢰[38;2;231;222;213;48;2;236;241;241m⠉[38;2;242;238;234;48;2;242;238;234m⠀[38;2;222;206;183;48;2;238;235;230m⣰[38;2;239;208;189;48;2;216;179;161m⠡[38;2;199;160;134;48;2;224;190;166m▃[38;2;200;157;127;48;2;211;180;161m▅[38;2;178;137;109;48;2;196;153;126m⣠[38;2;190;145;119;48;2;168;125;98m⠋[38;2;171;126;103;48;2;149;110;84m⠋[38;2;160;120;94;48;2;136;101;73m⠅[38;2;138;93;72;48;2;129;94;66m⠁[38;2;136;101;73;48;2;126;91;63m⢂[38;2;127;91;65;48;2;122;88;61m⡤[38;2;126;93;62;48;2;113;82;51m⠑[38;2;110;75;47;48;2;118;82;56m⡥[38;2;115;78;52;48;2;113;76;50m⠙[38;2;111;80;51;48;2;106;72;41m⠓[38;2;107;78;46;48;2;105;70;40m⠖[38;2;99;68;37;48;2;104;73;42m⣀[38;2;100;69;38;48;2;95;64;35m▊[38;2;111;87;55;48;2;98;70;40m⠡[38;2;99;81;48;48;2;91;72;39m▃[38;2;99;81;45;48;2;88;63;32m⠙[38;2;93;68;37;48;2;87;61;28m▍[38;2;87;58;27;48;2;91;61;32m⡑[38;2;92;69;37;48;2;87;62;31m⠁[38;2;81;54;24;48;2;84;57;29m⡑[38;2;81;54;25;48;2;87;60;33m⣤[38;2;84;58;33;48;2;79;53;28m⠋[38;2;83;56;26;48;2;76;50;25m⠋[38;2;76;50;24;48;2;73;47;20m⣆[38;2;70;44;19;48;2;73;47;21m⢐[38;2;71;49;27;48;2;71;47;19m⣀[38;2;106;88;57;48;2;70;51;21m⠠[0m
[38;2;70;59;32;48;2;142;128;86m⣤[38;2;75;62;36;48;2;141;120;77m⣤[38;2;70;58;32;48;2;139;122;78m⣤[38;2;139;126;79;48;2;112;103;62m⢈[38;2;66;61;32;48;2;145;125;82m⣤[38;2;78;68;34;48;2;138;116;76m⣤[38;2;91;75;42;48;2;152;134;97m▅[38;2;88;75;42;48;2;147;135;86m▅[38;2;88;72;40;48;2;135;125;81m▅[38;2;87;84;53;48;2;135;120;78m▅[38;2;91;85;54;48;2;143;123;87m▅[38;2;93;86;58;48;2;144;124;93m▅[38;2;96;84;63;48;2;133;120;87m⣤[38;2;106;96;78;48;2;144;126;97m▅[38;2;105;100;80;48;2;134;130;97m▅[38;2;112;108;82;48;2;136;126;99m▅[38;2;139;131;104;48;2;121;114;91m⠉[38;2;123;116;97;48;2;138;131;102m⡦[38;2;141;134;116;48;2;133;126;100m⣀[38;2;149;142;116;48;2;141;134;106m⡐[38;2;127;125;104;48;2;145;139;110m⡤[38;2;136;130;105;48;2;136;139;120m⠶[38;2;154;155;147;48;2;140;134;110m▁[38;2;143;141;129;48;2;139;133;113m⣈[38;2;151;153;139;48;2;142;140;126m▁[38;2;160;154;127;48;2;137;137;126m▔[38;2;145;142;133;48;2;139;137;116m▅[38;2;147;146;133;48;2;141;135;108m▅[38;2;143;136;107;48;2;143;144;134m⠹[38;2;143;142;130;48;2;139;134;102m▅[38;2;133;127;98;48;2;139;140;126m⠉[38;2;137;132;103;48;2;146;143;134m⢉[38;2;144;138;122;48;2;135;131;112m⢒[38;2;135;129;107;48;2;144;139;118m▃[38;2;156;147;130;48;2;139;135;106m▁[38;2;136;130;104;48;2;140;134;110m⠤[38;2;117;112;93;48;2;136;132;100m⠤[38;2;121;113;92;48;2;139;133;110m⠶[38;2;141;128;97;48;2;117;110;84m⣁[38;2;132;126;90;48;2;112;105;77m⣂[38;2;121;111;75;48;2;109;102;73m▃[38;2;126;116;80;48;2;106;94;67m▃[38;2;131;122;86;48;2;98;86;58m▃[38;2;144;130;89;48;2;97;84;52m▃[38;2;87;74;44;48;2;110;98;56m⢒[38;2;122;112;77;48;2;100;100;49m⢤[38;2;147;138;100;48;2;100;85;57m⠤[38;2;83;70;36;48;2;126;112;77m⢒[38;2;147;136;90;48;2;91;77;49m⠤[38;2;151;141;93;48;2;102;90;49m⠤[38;2;158;148;99;48;2;106;97;55m⠤[38;2;156;146;98;48;2;112;98;57m⠤[38;2;151;143;95;48;2;109;96;55m⠤[38;2;152;134;86;48;2;101;88;57m⠤[38;2;155;137;90;48;2;94;84;56m⠤[38;2;149;139;88;48;2;107;88;50m⠤[38;2;150;140;77;48;2;111;92;51m⠤[38;2;231;202;178;48;2;96;90;47m⣠[38;2;199;172;143;48;2;240;212;194m⠁[38;2;241;238;227;48;2;235;219;200m⣠[38;2;237;230;218;48;2;238;236;227m⢀[38;2;234;215;193;48;2;242;233;232m⣠[38;2;245;223;210;48;2;226;203;180m⠓[38;2;220;171;132;48;2;230;195;167m⣀[38;2;220;164;120;48;2;219;183;149m⣤[38;2;233;181;144;48;2;218;160;117m⠉[38;2;222;173;140;48;2;224;155;113m⠁[38;2;219;152;99;48;2;222;151;105m⠰[48;2;222;155;103m⢡[38;2;225;155;106;48;2;221;154;102m▔[38;2;224;160;118;48;2;221;147;97m⠊[38;2;228;154;106;48;2;219;158;107m⣀[38;2;229;156;111;48;2;224;155;108m⠢[38;2;222;167;128;48;2;226;151;106m⢀[38;2;238;217;184;48;2;212;160;118m⣰[38;2;230;214;183;48;2;234;215;193m⠑[38;2;239;223;199;48;2;238;226;221m⠅[38;2;237;221;202;48;2;246;238;228m⢠[38;2;215;208;189;48;2;236;244;232m⣠[38;2;216;181;171;48;2;231;209;202m⢢[38;2;209;169;144;48;2;230;194;169m▃[38;2;191;151;124;48;2;215;174;146m⢄[38;2;214;173;145;48;2;180;139;111m⠋[38;2;185;144;116;48;2;174;133;105m⡡[38;2;173;138;108;48;2;152;117;87m⠋[38;2;162;126;94;48;2;144;108;81m⠉[38;2;131;94;67;48;2;138;103;75m⢒[38;2;127;90;63;48;2;134;97;70m⣆[38;2;136;101;73;48;2;119;85;58m⠉[38;2;126;92;64;48;2;116;82;55m⢉[38;2;107;73;45;48;2;118;84;56m⣠[38;2;120;86;59;48;2;110;76;46m⢁[38;2;112;78;51;48;2;106;72;41m▁[38;2;104;70;42;48;2;107;73;44m⢇[38;2;100;67;36;48;2;105;72;41m⢡[38;2;94;65;33;48;2;101;72;40m⣈[38;2;95;64;33;48;2;99;68;37m⣄[38;2;94;63;34;48;2;101;69;38m⣠[38;2;85;60;30;48;2;93;63;32m▝[38;2;115;101;66;48;2;88;63;32m⠡[38;2;98;78;45;48;2;84;63;30m⠇[38;2;86;61;31;48;2;84;59;28m⠁[38;2;89;54;28;48;2;84;55;27m⢉[38;2;89;57;29;48;2;80;55;25m⠋[38;2;77;52;22;48;2;81;56;26m⢘[38;2;74;49;18;48;2;78;53;23m⣠[38;2;83;56;29;48;2;74;48;21m⠐[38;2;76;50;25;48;2;72;46;23m▏[38;2;70;43;22;48;2;70;45;23m⣀[38;2;45;28;13;48;2;73;46;19m⢀[38;2;49;28;11;48;2;71;48;30m⣤[38;2;53;30;12;48;2;58;33;13m⠊[0m
[38;2;79;74;44;48;2;124;119;85m⠉[38;2;84;78;47;48;2;136;129;92m⠉[38;2;80;73;44;48;2;131;123;87m⠉[38;2;73;68;37;48;2;133;124;90m⠉[38;2;79;78;40;48;2;122;111;81m⠉[38;2;56;46;29;48;2;121;116;92m▔[38;2;63;46;30;48;2;118;107;76m▔[38;2;88;84;58;48;2;117;110;83m⠙[38;2;128;116;84;48;2;95;88;67m⣤[38;2;145;132;90;48;2;95;89;67m⣀[38;2;112;107;76;48;2;81;79;58m▅[38;2;123;114;87;48;2;88;85;68m▅[38;2;100;87;73;48;2;129;121;92m⠉[38;2;114;106;97;48;2;131;123;100m⠉[38;2;174;171;151;48;2;135;130;110m⠐[38;2;145;139;121;48;2;139;133;108m⠂[38;2;132;125;109;48;2;148;143;111m⠋[38;2;145;141;129;48;2;144;138;113m⠈[38;2;144;139;120;48;2;149;144;116m⠜[38;2;147;140;122;48;2;149;142;123m⠁[38;2;156;151;131;48;2;149;146;125m⠸[38;2;161;158;139;48;2;153;148;128m⠋[38;2;165;158;139;48;2;150;148;127m⠙[38;2;161;154;136;48;2;155;149;125m⠙[38;2;157;147;125;48;2;161;157;137m▃[38;2;163;155;136;48;2;157;153;133m⡄[38;2;153;146;120;48;2;152;151;131m▃[38;2;158;155;136;48;2;152;149;130m⡄[38;2;160;153;134;48;2;150;148;125m⠙[38;2;150;144;120;48;2;153;146;131m⣠[38;2;158;157;126;48;2;144;145;122m⠈[38;2;199;179;148;48;2;143;136;118m▔[38;2;168;163;135;48;2;140;135;116m▔[38;2;142;137;117;48;2;144;139;119m⠁[38;2;151;150;129;48;2;140;135;115m▔[38;2;133;127;105;48;2;147;139;112m⠒[38;2;126;121;100;48;2;143;137;108m⠒[38;2;119;112;93;48;2;141;129;110m▝[38;2;113;109;87;48;2;140;129;103m⠓[38;2;102;102;74;48;2;137;132;104m⠉[38;2;147;136;104;48;2;110;98;71m▅[38;2;149;139;103;48;2;100;89;61m▅[38;2;146;139;104;48;2;94;82;56m▅[38;2;76;60;35;48;2;147;138;101m⠉[38;2;83;67;34;48;2;156;142;107m⠉[38;2;59;50;17;48;2;152;138;103m▔[38;2;90;77;48;48;2;149;136;97m⡉[38;2;67;51;26;48;2;138;123;91m⠉[38;2;67;53;31;48;2;137;124;88m⠉[38;2;76;59;31;48;2;138;121;82m⠉[38;2;81;68;39;48;2;122;114;78m⠉[38;2;89;73;48;48;2;131;118;83m⠉[38;2;73;57;38;48;2;130;118;80m▔[38;2;97;82;49;48;2;134;121;83m⠉[38;2;97;86;40;48;2;141;130;84m⢉[38;2;167;146;116;48;2;122;110;75m⢀[38;2;122;102;69;48;2;241;211;183m⠋[38;2;241;225;212;48;2;238;208;192m⣰[38;2;242;235;228;48;2;236;230;219m⢰[38;2;241;235;222;48;2;248;243;238m⣤[38;2;231;210;189;48;2;253;234;223m⣰[38;2;224;198;172;48;2;224;207;187m⣤[38;2;230;195;167;48;2;231;181;144m⠉[38;2;226;176;133;48;2;223;164;122m⠓[38;2;232;168;130;48;2;215;159;110m▁[38;2;219;158;113;48;2;221;156;102m⣀[38;2;228;166;115;48;2;216;156;101m⠄[38;2;230;163;111;48;2;224;156;106m⠉[38;2;221;155;102;48;2;219;157;96m⡥[38;2;223;160;112;48;2;219;148;95m⢀[38;2;215;152;98;48;2;220;158;106m⠡[38;2;218;150;94;48;2;225;151;102m⢄[38;2;246;221;185;48;2;224;152;102m⢀[38;2;236;172;136;48;2;243;218;190m⠃[38;2;245;234;221;48;2;234;215;200m⣰[38;2;239;224;223;48;2;236;236;234m⠉[38;2;222;208;207;48;2;242;235;230m▔[38;2;219;207;182;48;2;240;225;217m⠈[38;2;215;183;164;48;2;233;209;197m⣡[38;2;232;202;173;48;2;207;168;140m⠋[38;2;208;171;142;48;2;197;154;122m⠋[38;2;198;160;141;48;2;182;138;111m⠁[38;2;179;138;110;48;2;166;124;99m⠃[38;2;142;103;72;48;2;163;123;98m⣐[38;2;161;120;92;48;2;139;104;76m⠁[38;2;144;109;81;48;2;127;91;66m▝[38;2;140;103;76;48;2;127;92;64m⠁[38;2;135;99;73;48;2;118;84;56m⠈[38;2;121;87;60;48;2;109;75;47m▔[38;2;115;81;53;48;2;111;77;49m⠁[38;2;107;76;47;48;2;102;71;42m▍[38;2;104;73;43;48;2;99;68;39m⢈[38;2;106;72;47;48;2;98;67;39m⠉[38;2;102;71;38;48;2;98;67;35m⣻[38;2;108;77;48;48;2;95;65;36m⠠[38;2;99;73;40;48;2;95;66;36m⠒[38;2;88;63;27;48;2;94;63;32m⢑[38;2;90;61;28;48;2;95;65;34m▃[38;2;95;64;26;48;2;88;61;31m▔[38;2;83;56;26;48;2;85;58;29m⢊[38;2;90;67;36;48;2;86;59;30m⠐[38;2;92;67;36;48;2;79;58;27m▏[38;2;82;59;28;48;2;79;54;24m⠇[38;2;78;51;24;48;2;83;53;29m⣤[38;2;72;46;21;48;2;76;50;25m⢤[48;2;74;48;23m▅[38;2;72;51;22;48;2;75;51;26m⢡[38;2;73;52;30;48;2;72;48;22m⢀[38;2;40;20;8;48;2;73;52;24m⣠[38;2;56;34;21;48;2;41;17;12m⠁[38;2;48;26;13;48;2;45;26;12m⠊[38;2;49;27;13;48;2;56;33;17m⡆[0m
[38;2;109;100;59;48;2;137;127;93m⣤[38;2;117;104;60;48;2;138;123;85m⣤[38;2;114;106;59;48;2;138;129;90m▅[38;2;121;112;70;48;2;144;135;95m▅[38;2;120;111;68;48;2;144;140;102m▅[38;2;115;107;68;48;2;142;136;97m⣤[38;2;156;145;99;48;2;126;116;79m⢉[38;2;170;162;143;48;2;149;140;95m⡄[38;2;123;113;69;48;2;151;137;90m▅[38;2;126;111;74;48;2;152;138;92m▅[38;2;126;109;75;48;2;149;133;94m▅[38;2;122;114;75;48;2;152;142;103m▅[38;2;130;117;82;48;2;152;138;99m▅[38;2;127;114;80;48;2;140;129;94m⡄[38;2;166;160;129;48;2;146;132;99m⣀[38;2;136;131;102;48;2;144;139;110m⠤[38;2;147;141;107;48;2;135;129;96m⣻[38;2;137;130;102;48;2;140;134;112m⠲[38;2;133;128;109;48;2;150;143;116m⠦[38;2;138;134;115;48;2;154;151;119m⠤[38;2;140;135;109;48;2;156;150;128m⠶[38;2;136;136;117;48;2;155;147;119m▅[38;2;163;160;141;48;2;156;147;119m⢀[38;2;139;136;121;48;2;149;147;133m⠶[38;2;139;131;113;48;2;148;145;131m⠤[38;2;130;128;109;48;2;147;145;130m⠤[38;2;163;158;134;48;2;146;143;118m⣂[38;2;156;152;140;48;2;147;141;117m⣂[38;2;138;129;114;48;2;156;151;127m⠬[38;2;137;132;112;48;2;152;145;124m⠴[38;2;144;140;120;48;2;135;128;108m⣻[38;2;123;124;106;48;2;143;141;111m⠤[38;2;131;125;106;48;2;143;135;108m⣤[38;2;130;129;109;48;2;148;143;116m⣤[38;2;129;121;96;48;2;141;133;111m▃[38;2;126;121;88;48;2;146;140;111m▃[38;2;130;123;90;48;2;141;130;106m▃[38;2;154;142;126;48;2;139;128;97m▁[38;2;112;102;73;48;2;138;129;96m⣀[38;2;105;89;62;48;2;137;129;98m⣀[38;2;105;89;64;48;2;139;129;99m⣀[38;2;103;92;65;48;2;139;125;96m⣀[38;2;104;92;67;48;2;133;118;78m⣀[38;2;89;72;43;48;2;132;122;82m⣀[38;2;89;80;45;48;2;138;129;89m▃[38;2;102;88;57;48;2;152;138;96m⣤[38;2;103;93;60;48;2;162;146;103m⣤[38;2;112;104;68;48;2;153;140;94m⣤[38;2;88;72;38;48;2;147;141;94m▃[38;2;100;85;48;48;2;149;137;92m▃[38;2;101;82;45;48;2;148;134;86m▃[38;2;100;79;48;48;2;154;134;95m▃[38;2;101;89;56;48;2;149;135;91m▃[38;2;95;81;40;48;2;152;141;98m▃[38;2;240;210;185;48;2;147;127;88m⢀[38;2;141;132;100;48;2;234;218;187m⠁[38;2;239;219;199;48;2;243;228;219m⠇[38;2;235;222;211;48;2;240;234;229m⠁[38;2;229;212;204;48;2;243;231;222m⢀[38;2;232;197;170;48;2;234;216;204m⢰[38;2;225;207;185;48;2;230;189;153m⠋[38;2;220;186;146;48;2;224;176;138m⠁[38;2;218;166;122;48;2;224;170;128m⢔[38;2;229;169;125;48;2;219;161;118m⠙[38;2;228;164;127;48;2;221;159;110m▔[38;2;218;157;101;48;2;225;158;118m▅[38;2;229;161;112;48;2;224;156;108m⠃[38;2;225;159;109;48;2;217;155;102m⢠[38;2;216;154;101;48;2;223;156;107m⠲[38;2;221;151;98;48;2;218;155;105m⢀[38;2;213;161;118;48;2;220;157;104m⢀[38;2;218;147;98;48;2;237;205;175m⠋[38;2;233;209;172;48;2;233;215;191m⠁[38;2;236;232;228;48;2;236;219;202m⢴[38;2;227;216;208;48;2;241;232;227m⠓[38;2;231;211;190;48;2;244;236;230m⢠[38;2;217;194;174;48;2;232;215;208m⣀[38;2;224;202;183;48;2;215;168;145m⠃[38;2;192;153;125;48;2;214;168;142m⠤[38;2;189;141;113;48;2;197;154;128m⣰[38;2;171;127;98;48;2;188;136;109m⣰[38;2;178;127;100;48;2;156;111;88m⠫[38;2;138;97;68;48;2;151;107;82m⣠[38;2;166;124;101;48;2;136;97;69m⠂[38;2;140;108;77;48;2;130;85;59m▁[38;2;120;86;50;48;2;124;90;61m⢡[38;2;128;93;67;48;2;117;82;56m⠃[38;2;114;80;55;48;2;110;76;47m⡀[38;2;104;71;36;48;2;108;74;48m⣤[38;2;111;77;49;48;2;105;73;39m⠉[38;2;108;74;46;48;2;102;68;40m⡀[38;2;103;69;41;48;2;101;67;40m⢤[38;2;97;66;35;48;2;100;69;38m⣤[38;2;95;64;33;48;2;98;67;36m⠅[38;2;94;63;32;48;2;96;65;34m⠂[38;2;88;57;26;48;2;95;64;33m⢀[38;2;89;58;29;48;2;93;62;33m⢀[38;2;87;55;26;48;2;90;59;30m⢀[38;2;76;56;23;48;2;90;59;28m⣀[38;2;87;58;28;48;2;77;51;26m⠇[38;2;81;49;27;48;2;74;47;25m⠳[38;2;117;93;65;48;2;71;47;23m⠂[38;2;71;51;26;48;2;76;50;29m⢄[38;2;92;72;41;48;2;72;47;21m⡀[38;2;74;48;25;48;2;67;42;20m⠉[38;2;72;48;24;48;2;68;47;24m⢉[38;2;31;14;2;48;2;72;50;21m⢀[38;2;74;56;29;48;2;37;20;11m⠃[38;2;44;26;14;48;2;37;22;9m⢨[38;2;44;25;11;48;2;49;27;13m▍[38;2;47;24;12;48;2;51;34;12m⠃[38;2;53;31;14;48;2;62;40;21m▃[0m
[38;2;105;103;82;48;2;154;149;145m⠭[38;2;105;93;61;48;2;143;140;127m⠉[38;2;99;86;53;48;2;135;139;117m⠉[38;2;109;105;77;48;2;146;148;134m⠭[38;2;154;149;119;48;2;91;81;39m▅[38;2;143;134;103;48;2;106;96;57m▅[38;2;176;166;131;48;2;109;93;59m⠤[38;2;169;168;135;48;2;102;97;66m⠤[38;2;158;152;120;48;2;122;109;66m▃[38;2;130;126;88;48;2;119;111;75m▃[38;2;132;121;82;48;2;116;107;66m⠉[38;2;112;102;67;48;2;123;114;74m▅[38;2;130;120;85;48;2;121;111;76m⠩[38;2;145;131;96;48;2;124;115;78m▔[38;2;135;129;100;48;2;126;121;84m⠉[38;2;134;132;101;48;2;133;124;91m⠹[38;2;151;147;118;48;2;137;129;93m⠉[38;2;153;148;126;48;2;135;129;103m⢉[38;2;150;147;113;48;2;152;149;127m⠦[38;2;152;146;119;48;2;155;153;132m⠶[38;2;165;159;142;48;2;153;145;122m⠈[38;2;161;159;138;48;2;156;156;135m⢉[38;2;155;149;123;48;2;160;158;138m▅[38;2;161;156;133;48;2;156;155;127m⢓[38;2;147;146;135;48;2;165;163;142m▔[38;2;159;160;147;48;2;158;156;135m⠁[38;2;219;217;199;48;2;157;153;139m⠄[38;2;153;154;140;48;2;159;157;142m⠊[38;2;161;160;143;48;2;146;148;132m▅[38;2;165;157;135;48;2;150;148;135m⣄[38;2;160;155;131;48;2;146;142;124m▅[38;2;176;166;131;48;2;144;137;111m⣀[38;2;156;146;112;48;2;139;132;113m⣄[38;2;136;129;101;48;2;149;139;109m⠎[38;2;154;140;109;48;2;137;123;98m⠤[38;2;127;123;94;48;2;154;140;112m⠉[38;2;153;139;103;48;2;133;121;88m▅[38;2;220;210;192;48;2;143;129;90m⠈[38;2;149;137;99;48;2;123;109;75m▅[38;2;163;139;101;48;2;122;113;84m▅[38;2;128;114;79;48;2;156;135;91m⠋[38;2;154;137;93;48;2;132;119;94m▅[38;2;161;139;92;48;2;129;118;85m⣤[38;2;118;100;67;48;2;149;132;98m▔[38;2;119;112;66;48;2;148;134;99m▔[38;2;154;138;89;48;2;135;120;81m▅[38;2;140;118;80;48;2;157;135;88m⠙[38;2;175;159;137;48;2;154;132;94m⠐[38;2;233;222;213;48;2;133;125;88m⠂[38;2;153;132;86;48;2;139;122;78m⣰[38;2;132;117;77;48;2;155;132;87m▔[38;2;144;123;78;48;2;155;134;87m⠥[38;2;152;130;89;48;2;149;128;85m⢀[38;2;240;216;187;48;2;132;127;87m⣠[38;2;227;203;172;48;2;239;218;194m⠁[38;2;238;221;203;48;2;243;231;219m⠃[38;2;234;230;220;48;2;244;240;234m⢉[38;2;227;203;182;48;2;236;224;215m⢠[38;2;225;193;161;48;2;232;210;190m⣠[38;2;222;194;164;48;2;221;183;149m⠃[38;2;212;164;125;48;2;226;181;141m⠤[38;2;223;170;130;48;2;218;165;115m⠉[38;2;227;174;134;48;2;223;161;120m⠉[38;2;220;153;110;48;2;225;162;119m▅[38;2;215;155;101;48;2;222;159;111m⡄[38;2;223;158;112;48;2;220;154;106m⠄[38;2;220;157;103;48;2;220;155;107m⢆[38;2;220;154;104;48;2;223;157;105m⢉[38;2;219;147;99;48;2;225;157;110m⣐[38;2;239;204;177;48;2;223;148;104m⢀[38;2;202;153;114;48;2;247;210;180m⠃[38;2;249;232;219;48;2;239;209;188m⣰[38;2;244;231;216;48;2;241;237;226m⢁[38;2;233;225;221;48;2;243;236;226m⠕[38;2;222;209;193;48;2;240;229;217m⣠[38;2;211;179;151;48;2;231;202;181m⢠[38;2;209;175;157;48;2;204;167;140m⠁[38;2;219;180;151;48;2;196;158;124m▔[38;2;171;136;103;48;2;192;148;112m⣠[38;2;156;118;89;48;2;180;134;101m▅[38;2;165;127;91;48;2;154;112;77m⣠[38;2;160;113;85;48;2;150;108;77m⠇[38;2;137;98;68;48;2;148;107;78m▅[38;2;152;111;85;48;2;123;89;64m⠁[38;2;149;116;85;48;2;119;84;54m⠁[38;2;121;90;52;48;2;111;78;50m⠌[38;2;118;83;58;48;2;106;73;42m⠊[38;2;110;76;49;48;2;102;69;41m▔[38;2;108;75;44;48;2;102;69;36m⡁[38;2;105;71;43;48;2;100;66;31m▔[38;2;96;65;34;48;2;96;65;34m⠀[38;2;93;61;29;48;2;96;67;34m▚[38;2;97;66;35;48;2;93;62;31m⢘[38;2;121;95;61;48;2;94;60;33m⠒[38;2;105;73;42;48;2;91;61;29m▁[38;2;93;68;33;48;2;90;59;28m⣁[38;2;89;58;29;48;2;88;63;32m⢸[38;2;81;52;22;48;2;86;57;27m⢰[38;2;75;49;24;48;2;79;53;28m⣡[38;2;73;47;22;48;2;75;48;24m⣄[38;2;73;49;25;48;2;72;48;24m⠄[38;2;59;37;13;48;2;71;44;22m⣤[38;2;74;48;28;48;2;61;43;18m⠃[38;2;78;53;23;48;2;61;40;19m⠁[38;2;40;24;10;48;2;60;43;14m⢀[38;2;71;55;32;48;2;40;25;20m⠋[38;2;40;23;16;48;2;36;19;12m⢀[38;2;40;23;15;48;2;33;16;9m⣻[38;2;45;28;20;48;2;37;20;10m⡈[38;2;39;22;12;48;2;50;33;22m▅[38;2;43;25;13;48;2;48;30;16m▍[38;2;47;27;14;48;2;53;36;18m⡁[0m
[38;2;115;108;83;48;2;151;144;117m⠭[38;2;119;111;92;48;2;147;142;113m⠤[38;2;135;121;89;48;2;145;147;133m▃[38;2;160;162;151;48;2;128;113;90m⠭[38;2;153;150;135;48;2;118;109;76m⠍[38;2;182;174;160;48;2;124;110;71m⠉[38;2;140;131;112;48;2;116;101;72m⢉[38;2;156;145;107;48;2;113;105;77m⣀[38;2;147;132;101;48;2;105;91;64m⣠[38;2;164;150;107;48;2;111;96;65m⣤[38;2;151;144;108;48;2;98;81;63m⣤[38;2;153;145;109;48;2;109;95;68m⣤[38;2;158;147;118;48;2;112;101;71m⣤[38;2;164;150;125;48;2;116;106;71m⣤[38;2;163;153;123;48;2;114;109;84m⣤[38;2;140;136;115;48;2;165;153;126m⠫[38;2;150;144;118;48;2;159;165;161m▅[38;2;158;150;127;48;2;175;180;182m⣤[38;2;155;147;124;48;2;178;184;183m⣤[38;2;161;154;134;48;2;189;195;190m⣤[38;2;167;162;134;48;2;176;181;178m▅[38;2;177;164;143;48;2;160;152;133m▁[38;2;156;155;134;48;2;164;155;135m⠭[38;2;156;154;132;48;2;162;161;140m⠤[38;2;152;150;129;48;2;161;158;139m▔[38;2;170;163;145;48;2;161;159;137m⠢[38;2;156;154;138;48;2;163;163;139m⢀[38;2;155;151;132;48;2;162;156;134m⣁[38;2;161;156;122;48;2;168;158;130m⡤[38;2;164;159;130;48;2;158;149;115m⡉[38;2;153;144;115;48;2;155;145;110m⠅[38;2;153;141;103;48;2;161;145;100m⡒[38;2;161;147;108;48;2;159;146;101m⠹[38;2;153;138;99;48;2;163;149;104m⠉[38;2;164;147;104;48;2;151;141;95m⠧[38;2;150;133;88;48;2;159;139;94m⠥[38;2;162;140;104;48;2;152;138;96m⠒[38;2;159;144;99;48;2;151;131;90m⠶[38;2;163;142;101;48;2;154;136;94m⢲[38;2;165;145;102;48;2;148;136;90m⣤[38;2;139;125;79;48;2;158;143;98m⠉[38;2;147;132;89;48;2;156;141;98m⡉[38;2;156;142;97;48;2;151;135;92m⠒[38;2;157;134;93;48;2;146;127;85m⡦[38;2;143;126;73;48;2;153;134;91m⠁[38;2;154;141;96;48;2;147;125;84m▅[38;2;158;135;92;48;2;143;130;85m⠮[38;2;144;127;79;48;2;153;134;86m⠐[38;2;138;119;76;48;2;153;133;90m⠂[38;2;154;137;91;48;2;152;129;84m⡙[38;2;145;122;80;48;2;154;133;87m⣠[38;2;214;185;147;48;2;149;129;81m⢀[38;2;151;125;87;48;2;232;201;179m⠋[38;2;244;227;209;48;2;239;218;194m⢰[38;2;241;227;211;48;2;236;236;225m⠃[38;2;234;213;195;48;2;235;236;228m⢀[38;2;240;235;220;48;2;220;197;175m⠋[38;2;233;193;158;48;2;231;198;178m⣤[38;2;222;177;135;48;2;234;192;155m⣰[38;2;225;178;141;48;2;222;166;123m⠉[38;2;221;170;123;48;2;221;160;115m⠇[38;2;216;156;103;48;2;221;161;111m⡀[38;2;216;155;108;48;2;222;157;114m⠁[38;2;218;152;107;48;2;220;156;111m⠺[38;2;218;154;107;48;2;222;158;108m⠉[38;2;220;152;101;48;2;225;158;111m⠉[38;2;221;158;107;48;2;221;158;115m⠐[38;2;220;164;121;48;2;220;159;106m⢀[38;2;239;210;177;48;2;214;141;105m⣰[38;2;239;215;192;48;2;239;215;192m⠀[38;2;235;231;228;48;2;232;218;202m▃[38;2;228;210;202;48;2;238;233;227m⠅[38;2;225;206;190;48;2;237;233;221m⢠[38;2;244;227;220;48;2;224;199;167m⠉[38;2;209;169;139;48;2;223;186;167m⣀[38;2;219;175;143;48;2;205;163;131m⠂[38;2;190;145;112;48;2;203;154;124m▁[38;2;175;132;101;48;2;194;150;121m⣤[38;2;179;139;108;48;2;165;121;92m⠋[38;2;145;102;70;48;2;163;120;93m▃[38;2;133;89;57;48;2;153;108;84m⢴[38;2;150;106;76;48;2;134;90;56m⠑[38;2;130;89;57;48;2;120;80;47m⠂[38;2;127;88;59;48;2;112;78;43m⠑[38;2;118;84;51;48;2;105;71;36m⠃[38;2;110;75;45;48;2;102;69;32m⠉[38;2;106;71;41;48;2;101;68;33m⠉[38;2;100;65;35;48;2;107;72;42m⣻[38;2;95;64;33;48;2;99;68;37m⣤[38;2;93;62;31;48;2;98;67;36m⡃[38;2;95;65;27;48;2;97;69;30m⣨[38;2;93;63;33;48;2;94;60;29m⠡[38;2;89;56;25;48;2;95;60;30m⠠[38;2;88;58;30;48;2;90;58;26m▔[38;2;127;95;64;48;2;83;50;19m⠡[38;2;118;92;56;48;2;82;55;25m⠄[38;2;86;63;31;48;2;79;54;24m⠉[38;2;74;48;20;48;2;79;53;26m⢨[38;2;67;41;14;48;2;72;46;21m⣤[38;2;74;50;24;48;2;68;47;22m⠉[38;2;58;39;20;48;2;66;44;23m⣠[38;2;61;42;25;48;2;56;36;11m⠶[38;2;61;42;24;48;2;54;38;17m⢀[38;2;92;75;53;48;2;52;35;16m▁[38;2;49;30;15;48;2;43;26;16m⡁[38;2;32;17;10;48;2;33;20;12m⠂[38;2;40;26;17;48;2;34;19;11m⠸[38;2;35;23;15;48;2;41;27;18m⣠[38;2;33;19;14;48;2;38;21;13m⡀[38;2;36;20;13;48;2;42;23;17m⣀[38;2;39;20;12;48;2;43;26;19m⢊[38;2;33;23;11;48;2;46;28;13m⣀[0m
[38;2;162;151;132;48;2;148;142;108m⠹[38;2;142;133;104;48;2;172;165;142m▁[38;2;150;141;119;48;2;175;164;142m⡉[38;2;155;149;125;48;2;150;142;109m⣤[38;2;142;121;93;48;2;155;147;114m▔[38;2;133;118;84;48;2;149;138;108m⠉[38;2;150;148;110;48;2;137;121;77m▅[38;2;156;143;96;48;2;145;130;95m⠨[38;2;152;135;89;48;2;167;149;104m⠶[38;2;145;128;99;48;2;162;136;96m⠶[38;2;144;129;98;48;2;158;143;103m⠴[38;2;147;130;85;48;2;159;144;111m⠒[38;2;140;126;90;48;2;155;146;106m⠒[38;2;150;134;98;48;2;160;151;114m⡒[38;2;155;142;113;48;2;164;150;122m⠲[38;2;156;140;114;48;2;164;149;122m⣤[38;2;160;148;124;48;2;164;147;131m⡄[38;2;159;146;127;48;2;167;156;136m⣀[38;2;172;164;147;48;2;159;157;138m⠚[38;2;153;155;134;48;2;166;166;145m⣀[38;2;166;164;145;48;2;172;164;151m▏[38;2;163;159;147;48;2;172;165;147m⣄[38;2;175;166;149;48;2;169;161;150m▊[38;2;173;169;160;48;2;170;163;144m⠴[38;2;179;177;160;48;2;163;165;152m⠖[38;2;181;174;163;48;2;156;156;150m⠒[38;2;179;173;156;48;2;160;160;148m⠒[38;2;162;158;136;48;2;159;159;148m⠈[38;2;155;155;143;48;2;155;155;143m⠀[38;2;175;169;142;48;2;152;150;137m▔[38;2;152;146;137;48;2;167;162;138m▅[38;2;136;132;103;48;2;146;143;131m⠈[38;2;130;124;88;48;2;144;143;131m⠙[38;2;109;104;74;48;2;132;129;110m⠒[38;2;120;116;96;48;2;165;146;104m⠦[38;2;172;171;154;48;2;151;131;87m⣀[38;2;171;163;151;48;2;144;118;82m⡀[38;2;110;102;66;48;2;159;140;98m⣤[38;2;113;100;69;48;2;149;135;91m⣤[38;2;112;98;69;48;2;150;140;96m⣤[38;2;121;108;63;48;2;148;133;90m⡤[38;2;131;106;65;48;2;150;135;90m⣤[38;2;118;98;61;48;2;154;139;98m⣤[38;2;114;95;54;48;2;154;132;91m⣤[38;2;115;96;56;48;2;151;133;93m⣤[38;2;108;99;66;48;2;152;134;90m⡤[38;2;125;110;72;48;2;144;124;81m⣤[38;2;126;110;67;48;2;144;133;84m⡤[38;2;119;102;59;48;2;152;130;89m⠤[38;2;127;113;66;48;2;147;132;89m⠴[38;2;231;200;171;48;2;154;126;88m⢀[38;2;170;137;95;48;2;243;208;181m⠁[38;2;239;232;220;48;2;240;219;197m⣰[38;2;245;239;225;48;2;245;243;238m⠁[38;2;220;199;180;48;2;242;233;229m⢠[38;2;223;208;195;48;2;233;201;172m⠁[38;2;220;180;145;48;2;231;193;155m⣄[38;2;213;164;120;48;2;225;183;146m⣠[38;2;230;181;131;48;2;223;170;123m⡂[38;2;224;162;121;48;2;220;162;109m⠇[38;2;229;171;126;48;2;216;155;111m▔[38;2;214;158;103;48;2;220;157;114m⡙[38;2;228;163;119;48;2;221;161;112m▔[38;2;226;162;118;48;2;222;158;114m⢰[38;2;228;169;123;48;2;221;160;115m▃[38;2;226;168;116;48;2;222;161;113m⣤[38;2;242;201;157;48;2;222;164;114m⢠[38;2;218;153;112;48;2;234;205;175m⠁[38;2;243;235;228;48;2;231;211;195m⢠[38;2;235;235;234;48;2;244;227;208m▅[38;2;236;226;224;48;2;233;234;231m⠂[38;2;228;204;188;48;2;229;224;212m▁[38;2;219;182;160;48;2;226;203;187m⢘[38;2;204;158;124;48;2;219;182;156m⣠[38;2;210;171;142;48;2;203;150;119m⠋[38;2;201;163;126;48;2;195;147;116m▁[38;2;173;124;91;48;2;180;137;102m⢰[38;2;171;123;91;48;2;154;114;82m⠋[38;2;178;134;105;48;2;140;96;67m⠁[38;2;147;102;72;48;2;133;93;57m⠇[38;2;119;86;51;48;2;132;94;58m⢠[38;2;140;100;70;48;2;117;84;50m⠡[38;2;119;87;49;48;2;110;75;43m⠈[38;2;116;82;47;48;2;107;72;40m⠁[38;2;110;75;43;48;2;104;69;37m⠆[38;2;104;68;34;48;2;100;69;34m⡃[38;2;101;67;39;48;2;101;68;36m⠠[38;2;124;90;59;48;2;95;64;33m⠂[38;2;99;69;35;48;2;92;62;28m⣀[38;2;91;60;29;48;2;96;66;32m⢱[38;2;93;62;33;48;2;94;60;26m⣁[38;2;95;60;30;48;2;88;59;29m⠶[38;2;79;52;22;48;2;89;62;32m⣀[38;2;71;43;19;48;2;83;58;27m⡀[38;2;75;47;23;48;2;81;54;28m⢸[38;2;71;46;23;48;2;76;47;29m▅[38;2;71;45;26;48;2;71;45;26m⠀[38;2;54;35;16;48;2;64;40;20m⣤[38;2;48;31;11;48;2;53;35;14m⡠[38;2;51;34;15;48;2;55;32;16m▅[38;2;46;28;14;48;2;50;31;17m⣠[38;2;70;51;36;48;2;47;29;15m⠰[38;2;50;33;19;48;2;88;70;46m⣁[38;2;105;88;58;48;2;59;45;19m⠉[38;2;83;65;41;48;2;50;37;23m⠁[38;2;50;38;26;48;2;37;27;17m⠆[38;2;32;22;12;48;2;35;25;15m⢰[38;2;34;24;14;48;2;31;20;14m⣐[38;2;34;21;15;48;2;35;25;16m⠙[38;2;33;23;12;48;2;38;28;16m▊[38;2;37;26;17;48;2;40;30;18m⠉[38;2;41;31;19;48;2;39;29;17m⠄[0m
[38;2;142;132;100;48;2;158;151;123m⠲[38;2;146;136;109;48;2;155;145;121m⠦[38;2;147;138;110;48;2;161;149;123m▔[38;2;141;126;95;48;2;156;152;122m⠦[38;2;148;135;100;48;2;159;146;127m⣤[38;2;143;133;98;48;2;163;150;118m⠤[38;2;139;125;90;48;2;149;137;105m⠠[38;2;131;117;78;48;2;157;141;99m⣤[38;2;157;141;110;48;2;137;122;79m⠉[38;2;134;121;80;48;2;151;137;100m▅[38;2;130;117;73;48;2;158;145;111m▅[38;2;136;123;80;48;2;151;137;102m⣤[38;2;145;132;88;48;2;153;144;105m▅[38;2;136;122;82;48;2;159;145;102m⠖[38;2;145;127;91;48;2;150;140;111m⢒[38;2;153;135;99;48;2;157;143;116m⡖[38;2;146;132;97;48;2;159;150;121m⠲[38;2;142;131;103;48;2;154;144;117m⡒[38;2;167;161;135;48;2;155;149;123m⣤[38;2;171;164;145;48;2;159;153;131m⣀[38;2;169;163;140;48;2;162;155;137m⣁[38;2;161;153;140;48;2;168;160;147m⠥[38;2;177;165;141;48;2;161;158;142m▃[38;2;178;167;149;48;2;162;160;147m⣀[38;2;167;165;151;48;2;156;154;142m⡉[38;2;176;170;148;48;2;160;157;145m⣤[38;2;167;164;149;48;2;159;153;142m⠴[38;2;149;151;140;48;2;167;164;149m⠉[38;2;149;146;137;48;2;165;163;148m⠁[38;2;167;162;144;48;2;152;154;143m▃[38;2;163;162;145;48;2;163;162;145m⠀[38;2;122;117;104;48;2;166;161;147m⠒[38;2;170;165;143;48;2;143;145;131m▅[38;2;137;136;117;48;2;163;161;140m⠬[38;2;115;109;91;48;2;161;154;125m⠬[38;2;155;148;131;48;2;125;119;96m▃[38;2;119;120;87;48;2;163;156;138m⠓[38;2;165;157;145;48;2;138;137;109m⠤[38;2;159;152;135;48;2;112;100;73m⠴[38;2;159;158;142;48;2;128;115;71m⠶[38;2;166;168;155;48;2;138;121;84m⠒[38;2;165;160;135;48;2;132;115;79m⠓[38;2;139;129;97;48;2;120;104;70m⠃[38;2;124;106;64;48;2;129;115;80m⠒[38;2;139;121;73;48;2;142;127;88m⠆[38;2;156;142;105;48;2;141;127;92m⡔[38;2;192;189;169;48;2;153;132;95m▁[38;2;178;178;168;48;2;154;131;92m▁[38;2;195;196;188;48;2;153;131;92m▁[38;2;231;205;175;48;2;152;133;94m⣠[38;2;224;191;158;48;2;231;209;184m▔[38;2;231;221;202;48;2;234;225;216m⠉[38;2;232;229;223;48;2;245;244;239m▍[38;2;237;239;233;48;2;240;226;211m⠇[38;2;231;205;175;48;2;235;207;180m▝[38;2;247;206;176;48;2;225;189;157m⢤[38;2;235;188;159;48;2;229;185;148m⣤[38;2;217;174;132;48;2;229;183;150m⠚[38;2;227;179;143;48;2;220;169;116m⣄[38;2;233;184;134;48;2;228;166;123m⣀[38;2;225;162;112;48;2;225;172;127m⠉[38;2;222;170;119;48;2;224;173;127m⠉[38;2;227;187;153;48;2;229;168;123m⢀[38;2;235;167;124;48;2;231;180;135m⠋[38;2;225;182;147;48;2;224;178;128m⢀[38;2;242;206;175;48;2;224;166;129m⣰[38;2;233;203;173;48;2;238;217;193m⠇[38;2;240;231;223;48;2;241;219;196m⣰[38;2;233;219;209;48;2;241;229;221m⠁[38;2;224;197;182;48;2;240;235;228m▁[38;2;243;238;227;48;2;232;205;191m⠃[38;2;227;183;153;48;2;233;194;169m⠐[38;2;221;178;143;48;2;231;186;159m⠹[38;2;222;183;145;48;2;210;170;129m⣤[38;2;222;173;140;48;2;208;161;127m⡄[38;2;202;159;124;48;2;192;148;113m⡤[38;2;190;147;115;48;2;178;135;103m⣄[38;2;163;119;82;48;2;177;133;100m⠺[38;2;161;117;81;48;2;140;101;70m⡆[38;2;144;110;75;48;2;119;82;53m⣀[38;2;116;81;49;48;2;109;76;43m▊[38;2;106;72;36;48;2;112;77;45m⠶[38;2;115;80;48;48;2;108;76;43m⠁[38;2;107;70;42;48;2;105;70;38m⢢[38;2;101;66;34;48;2;106;73;41m⠉[38;2;101;68;31;48;2;104;71;37m⡈[38;2;134;102;63;48;2;103;71;33m⢰[38;2;101;68;37;48;2;95;59;29m⡄[38;2;95;60;30;48;2;103;67;35m⣐[38;2;84;55;25;48;2;92;62;28m⣀[38;2;92;61;32;48;2;76;47;22m⠋[38;2;116;88;58;48;2;78;52;23m⠰[38;2;74;47;19;48;2;72;45;17m⠄[38;2;62;40;21;48;2;71;43;20m⣤[38;2;59;36;18;48;2;69;43;18m⣤[38;2;46;28;12;48;2;56;34;18m⣀[38;2;57;36;19;48;2;49;30;16m▔[38;2;40;26;17;48;2;49;31;21m⣠[38;2;41;25;12;48;2;49;33;20m⡤[38;2;48;32;17;48;2;39;22;8m⣤[38;2;47;30;20;48;2;40;23;13m⢘[38;2;49;32;22;48;2;44;27;17m⡆[38;2;43;26;16;48;2;47;30;20m⡑[38;2;47;31;19;48;2;53;35;24m⠳[38;2;51;38;29;48;2;47;33;24m⠇[38;2;40;27;18;48;2;43;33;23m⢤[38;2;34;24;14;48;2;37;27;17m⠉[38;2;31;21;11m⢲[38;2;33;24;15;48;2;31;21;12m⢤[38;2;39;29;17;48;2;32;23;14m⠪[38;2;38;28;16;48;2;33;23;13m⠫[38;2;39;29;19;48;2;34;24;12m⢸[0m
[38;2;181;164;136;48;2;158;151;130m⣆[38;2;167;159;139;48;2;165;157;128m⢁[38;2;172;165;136;48;2;156;147;118m▃[38;2;159;150;121;48;2;170;162;136m⠓[38;2;169;158;138;48;2;159;146;116m⣤[38;2;153;138;113;48;2;167;153;126m⠙[38;2;154;148;116;48;2;162;152;121m▝[38;2;137;125;86;48;2;161;146;117m⠉[38;2;141;127;96;48;2;158;145;118m⠉[38;2;166;149;124;48;2;150;137;110m⣤[38;2;171;156;130;48;2;149;134;102m⣤[38;2;167;152;126;48;2;149;135;99m▅[38;2;165;145;120;48;2;146;131;99m▅[38;2;171;154;124;48;2;145;131;97m⣤[38;2;144;126;91;48;2;168;153;122m⠋[38;2;177;162;133;48;2;143;127;102m▅[38;2;177;161;135;48;2;153;139;109m▅[38;2;156;149;128;48;2;178;162;136m⠋[38;2;186;166;133;48;2;166;160;137m⣀[38;2;183;163;138;48;2;166;159;137m⣁[38;2;183;166;140;48;2;170;163;145m⣤[38;2;167;160;144;48;2;185;167;146m⠉[38;2;170;162;148;48;2;177;170;148m⠖[38;2;174;165;149;48;2;183;169;146m⠊[38;2;187;175;158;48;2;185;172;149m⠰[38;2;175;166;148;48;2;177;169;155m⠉[38;2;182;172;162;48;2;176;167;146m⠶[38;2;185;178;160;48;2;184;173;146m⠋[38;2;176;169;151;48;2;177;165;143m⠑[38;2;161;153;128;48;2;182;172;148m⣀[38;2;164;155;127;48;2;174;167;149m⠤[38;2;174;165;140;48;2;164;154;125m⣻[38;2;164;154;135;48;2;171;165;147m⢖[38;2;170;163;146;48;2;166;155;134m⠩[38;2;162;152;124;48;2;174;165;148m⣤[38;2;165;160;148;48;2;160;152;129m▁[38;2;161;161;144;48;2;157;149;126m⣄[38;2;158;158;144;48;2;125;113;72m▅[38;2;171;168;163;48;2;137;122;82m▅[38;2;134;121;82;48;2;167;162;155m⠉[38;2;164;159;149;48;2;137;130;107m⠖[38;2;171;171;152;48;2;142;134;97m⠶[38;2;143;127;93;48;2;181;166;146m▃[38;2;152;141;104;48;2;179;172;147m▅[38;2;148;131;108;48;2;170;164;142m▅[38;2;153;148;127;48;2;181;180;167m⠶[38;2;186;187;194;48;2;159;153;139m⣨[38;2;147;131;107;48;2;182;175;165m⠶[38;2;164;139;112;48;2;237;205;178m⠂[38;2;243;225;208;48;2;240;213;188m⢠[38;2;239;222;206;48;2;238;238;233m⠋[38;2;225;214;200;48;2;243;235;230m⢀[38;2;234;217;201;48;2;240;237;225m⡐[38;2;233;202;178;48;2;238;218;201m⢰[38;2;234;189;153;48;2;236;202;174m▃[38;2;231;196;160;48;2;234;182;142m⠉[38;2;226;181;140;48;2;233;186;148m⠴[38;2;228;179;138;48;2;232;180;141m⡀[38;2;233;181;142;48;2;233;181;142m⠀[38;2;226;181;133;48;2;228;184;145m⠉[38;2;232;186;153;48;2;224;180;144m⣀[38;2;225;182;146;48;2;228;176;140m⣤[38;2;214;164;126;48;2;227;178;145m⣀[38;2;239;209;178;48;2;218;171;138m⢀[38;2;219;175;141;48;2;238;209;179m⠃[38;2;235;223;213;48;2;238;214;188m⣠[38;2;244;237;234;48;2;235;223;207m▅[38;2;241;225;210;48;2;241;235;229m⠒[38;2;242;234;226;48;2;237;219;207m⣄[38;2;224;197;182;48;2;242;216;201m⠁[38;2;242;222;206;48;2;237;204;187m⠃[38;2;227;195;164;48;2;232;201;175m⢴[38;2;234;197;164;48;2;227;191;157m⡀[38;2;230;190;155;48;2;222;181;146m⣁[38;2;223;183;147;48;2;218;169;136m▃[38;2;220;176;142;48;2;211;171;135m⣄[38;2;204;161;123;48;2;197;154;120m⡆[38;2;193;152;120;48;2;184;141;109m▊[38;2;176;140;106;48;2;163;127;91m⡅[38;2;159;126;88;48;2;143;107;75m⠆[38;2;134;100;70;48;2;125;91;59m▃[38;2;116;82;51;48;2;123;90;58m▔[38;2;118;88;54;48;2;112;81;43m⡄[38;2;115;82;47;48;2;113;77;43m⠲[38;2;110;79;44;48;2;104;73;36m▍[38;2;101;72;32;48;2;98;63;32m⠇[38;2;91;61;34;48;2;100;67;36m⣠[38;2;82;54;28;48;2;90;64;29m⣤[38;2;84;56;24;48;2;80;52;29m⠍[38;2;66;41;20;48;2;72;48;24m⣰[38;2;55;37;17;48;2;70;43;22m▁[38;2;57;33;14;48;2;66;38;21m⣤[38;2;72;46;29;48;2;56;35;18m⠁[38;2;42;25;13;48;2;51;33;19m⣀[38;2;56;35;18;48;2;44;26;12m⠋[38;2;48;32;17;48;2;41;27;18m⠁[38;2;48;30;20;48;2;41;27;17m⢁[38;2;40;27;19;48;2;51;37;26m⠋[38;2;49;33;20;48;2;54;38;24m⠸[38;2;48;32;19;48;2;45;29;16m▃[38;2;45;27;18;48;2;50;36;25m▝[38;2;43;25;12;48;2;47;34;18m⠳[38;2;46;29;19;48;2;46;32;23m⠃[38;2;44;28;18;48;2;49;34;24m⣐[38;2;36;23;16;48;2;48;32;24m⣀[38;2;48;34;25;48;2;42;31;21m▊[38;2;41;33;26;48;2;34;25;18m⣄[38;2;38;29;22;48;2;31;22;15m⡀[38;2;30;21;12;48;2;34;25;16m⠳[38;2;36;27;18;48;2;32;23;14m⡡[38;2;32;22;13;48;2;40;31;22m⢋[38;2;40;31;22;48;2;33;23;14m▃[0m
[38;2;183;162;130;48;2;187;166;137m⠳[38;2;183;163;130;48;2;188;168;135m⢤[38;2;185;165;130;48;2;189;166;141m⣤[38;2;185;161;136;48;2;180;160;127m⢈[38;2;188;174;137;48;2;174;158;125m⣀[38;2;167;153;126;48;2;184;165;131m⢈[38;2;152;138;103;48;2;168;157;125m⡠[38;2;180;158;124;48;2;185;164;130m⠙[38;2;177;157;120;48;2;186;161;126m⠉[38;2;172;154;118;48;2;187;164;132m⢉[38;2;146;130;96;48;2;174;158;124m⡠[38;2;153;137;101;48;2;174;157;123m⠂[38;2;173;150;112;48;2;174;156;127m⠰[38;2;164;148;107;48;2;173;153;121m⡆[38;2;187;171;140;48;2;178;158;123m⠚[38;2;180;157;126;48;2;181;165;137m▅[38;2;176;155;124;48;2;182;161;130m⣨[38;2;172;156;122;48;2;181;160;129m⢖[38;2;178;156;129;48;2;185;169;142m▃[38;2;182;162;135;48;2;168;147;120m⢋[38;2;180;165;136;48;2;188;173;144m⢆[38;2;191;170;143;48;2;196;175;148m⡄[38;2;191;172;141;48;2;185;174;147m⠉[38;2;185;171;159;48;2;185;170;147m⠖[38;2;197;183;164;48;2;187;172;147m⡔[38;2;181;166;143;48;2;189;177;158m⣤[38;2;186;186;173;48;2;184;168;151m⡠[38;2;171;164;146;48;2;180;172;151m⡄[38;2;172;164;145;48;2;177;172;153m⣨[38;2;182;180;175;48;2;167;162;149m⠠[38;2;199;193;185;48;2;171;163;152m⡆[38;2;152;141;118;48;2;177;169;154m⡤[38;2;147;138;129;48;2;171;174;156m⠐[38;2;151;146;126;48;2;172;174;163m⠋[38;2;144;141;122;48;2;165;169;155m▔[38;2;160;149;132;48;2;171;174;163m⣤[38;2;152;141;123;48;2;169;168;158m⣐[38;2;162;156;140;48;2;141;132;101m▔[38;2;166;159;148;48;2;139;128;110m⡊[38;2;170;166;157;48;2;145;130;106m⢀[38;2;200;200;191;48;2;165;139;112m⢀[38;2;179;175;169;48;2;152;140;115m⣤[38;2;164;147;114;48;2;195;187;180m⠉[38;2;171;158;143;48;2;197;192;188m⠁[38;2;183;180;174;48;2;205;200;196m⠭[38;2;171;165;152;48;2;192;185;193m⢂[38;2;201;170;140;48;2;206;181;162m⣀[38;2;227;201;189;48;2;234;211;185m⠃[38;2;240;209;184;48;2;245;222;198m⠃[38;2;241;238;231;48;2;237;220;201m⠸[38;2;232;220;211;48;2;240;238;233m⣀[38;2;231;219;205;48;2;239;233;223m▅[38;2;237;225;209;48;2;235;214;196m⠃[38;2;234;199;171;48;2;234;207;184m⢸[38;2;229;199;171;48;2;236;194;160m⣤[38;2;231;181;141;48;2;228;191;161m⠉[38;2;227;184;142;48;2;232;186;159m⠙[38;2;227;187;143;48;2;233;188;157m⠉[38;2;233;191;159;48;2;230;183;144m⠦[38;2;232;187;148;48;2;226;175;143m⠃[38;2;203;164;128;48;2;220;176;140m⢠[38;2;228;194;167;48;2;213;163;123m▁[38;2;237;210;177;48;2;212;162;130m⣠[38;2;238;206;172;48;2;243;212;185m⠁[38;2;239;226;208;48;2;240;210;192m▅[38;2;234;228;213;48;2;245;238;228m⡃[38;2;241;236;235;48;2;241;236;235m⠀[38;2;232;219;204;48;2;238;240;235m⢠[38;2;227;211;192;48;2;237;234;223m⣤[38;2;232;198;174;48;2;230;209;187m⠐[38;2;237;212;189;48;2;236;208;171m▃[38;2;234;208;175;48;2;229;198;166m⡦[38;2;233;197;165;48;2;230;191;162m⣄[38;2;224;182;157;48;2;231;195;161m⠂[38;2;230;190;161;48;2;222;180;155m⡆[38;2;219;177;147;48;2;216;169;137m▊[38;2;188;152;116;48;2;204;165;124m⢀[38;2;167;132;104;48;2;180;145;111m⢀[38;2;150;115;85;48;2;170;129;101m⣰[38;2;158;121;92;48;2;140;106;78m⠁[38;2;135;101;74;48;2;135;99;66m⠋[38;2;124;87;60;48;2;126;89;64m⢀[38;2;121;88;59;48;2;117;81;48m⠃[38;2;101;69;41;48;2;106;72;44m⢤[38;2;90;61;29;48;2;102;69;38m▃[38;2;95;62;31;48;2;78;57;30m⠍[38;2;83;61;37;48;2;74;47;17m⡀[38;2;60;37;23;48;2;72;45;26m⢂[38;2;56;37;22;48;2;69;47;26m▃[38;2;48;30;17;48;2;64;38;19m⣤[38;2;45;28;18;48;2;57;38;24m⣄[38;2;46;28;14;48;2;42;24;12m⠃[38;2;52;35;19;48;2;44;28;16m⢉[38;2;39;22;12;48;2;46;29;19m▝[38;2;39;26;16;48;2;42;29;21m⠳[38;2;45;36;34;48;2;38;28;18m⣤[38;2;49;48;43;48;2;42;32;20m▃[38;2;49;46;39;48;2;49;36;25m▃[38;2;38;29;21;48;2;52;36;23m⡄[38;2;46;36;23;48;2;49;30;23m⡠[38;2;47;34;25;48;2;42;33;24m⣈[38;2;42;32;21;48;2;45;36;27m⠚[38;2;36;25;21;48;2;40;31;22m⠚[38;2;35;24;18;48;2;41;31;27m⠬[38;2;51;47;38;48;2;36;32;23m⣠[38;2;43;36;28;48;2;52;49;40m⠉[38;2;50;45;37;48;2;46;37;30m⡃[38;2;48;39;32;48;2;42;35;27m⡀[38;2;43;34;25;48;2;36;27;18m▅[38;2;35;26;17;48;2;45;36;27m⠉[38;2;37;28;19;48;2;44;36;25m▔[38;2;51;42;33;48;2;46;37;28m⠰[0m
[38;2;193;174;132;48;2;177;158;123m⠋[38;2;186;167;134;48;2;179;161;121m⣡[38;2;147;128;96;48;2;187;163;125m▁[38;2;165;141;109;48;2;187;165;129m⣠[38;2;165;149;108;48;2;182;168;129m⠖[38;2;165;141;103;48;2;185;167;127m⠋[38;2;154;136;98;48;2;181;164;128m▁[38;2;163;145;109;48;2;190;167;129m▃[38;2;183;163;126;48;2;163;147;115m⢋[38;2;163;147;113;48;2;179;164;124m⠋[38;2;184;169;128;48;2;176;160;123m⠒[38;2;178;162;129;48;2;172;156;120m⠢[38;2;173;155;116;48;2;179;164;123m⠊[38;2;165;150;109;48;2;172;161;127m⢁[38;2;171;151;116;48;2;179;159;124m⡤[38;2;155;134;103;48;2;178;158;125m⠰[38;2;170;147;117;48;2;181;154;125m▏[38;2;178;160;123;48;2;182;168;133m▍[38;2;183;162;131;48;2;174;155;123m⡆[38;2;180;165;132;48;2;181;172;141m▍[38;2;189;177;149;48;2;184;169;140m⠣[38;2;188;167;141;48;2;180;164;135m⢋[38;2;178;162;138;48;2;185;170;145m⠈[38;2;183;168;145;48;2;179;165;139m⠖[38;2;180;169;142;48;2;184;174;149m⣤[38;2;183;176;147;48;2;177;165;141m⠩[38;2;185;171;150;48;2;187;176;156m⡠[38;2;181;169;145;48;2;189;177;155m⠲[38;2;187;174;151;48;2;180;169;143m⡅[38;2;186;179;162;48;2;175;165;144m⠈[38;2;175;165;134;48;2;186;173;147m⠚[38;2;160;146;125;48;2;184;166;142m⠁[38;2;181;161;141;48;2;175;167;159m⡔[38;2;174;164;139;48;2;178;173;154m⢰[38;2;184;179;180;48;2;175;164;140m⠈[38;2;195;183;157;48;2;174;160;141m▏[38;2;169;157;140;48;2;153;133;106m⣤[38;2;149;136;119;48;2;167;156;143m⡃[38;2;177;174;167;48;2;162;148;134m⠺[38;2;189;185;182;48;2;165;161;154m⠸[38;2;186;185;185;48;2;180;176;173m▔[38;2;163;155;135;48;2;195;187;182m▃[38;2;188;169;153;48;2;190;165;133m⠓[38;2;220;203;188;48;2;187;161;133m⠈[38;2;212;207;203;48;2;200;161;131m⠈[38;2;239;202;175;48;2;194;163;145m⢡[38;2;216;180;154;48;2;236;199;180m⠁[38;2;237;203;175;48;2;237;211;183m⣃[38;2;240;221;205;48;2;241;212;190m⠉[38;2;228;200;176;48;2;233;218;200m⣀[38;2;216;189;164;48;2;234;208;195m⣂[38;2;227;194;169;48;2;239;209;190m▃[38;2;224;189;162;48;2;236;201;179m⣠[38;2;217;175;144;48;2;229;197;165m⣀[38;2;243;207;182;48;2;223;183;157m⠁[38;2;216;165;134;48;2;228;185;153m⣠[38;2;210;160;128;48;2;220;185;154m⣤[38;2;195;151;118;48;2;221;185;151m▃[38;2;180;140;105;48;2;210;174;140m⣠[38;2;185;146;118;48;2;216;179;148m▅[38;2;206;172;139;48;2;186;141;115m⢉[38;2;213;179;146;48;2;221;192;173m⠂[38;2;235;203;177;48;2;234;208;184m⡀[38;2;235;210;186;48;2;235;210;186m⠀[38;2;241;224;208;48;2;234;213;198m⡉[38;2;239;218;200;48;2;231;222;210m▕[38;2;217;198;176;48;2;242;220;205m⠒[38;2;221;203;188;48;2;245;227;207m⠃[38;2;234;216;196;48;2;238;229;219m⠉[38;2;239;223;208;48;2;243;228;214m⢐[38;2;240;222;203;48;2;231;215;201m⣂[38;2;234;210;187;48;2;239;210;197m⢁[38;2;228;197;168;48;2;240;212;183m⣠[38;2;227;196;169;48;2;217;184;151m⠋[38;2;222;182;156;48;2;209;173;145m⠉[38;2;160;128;100;48;2;201;163;136m⣠[38;2;178;143;113;48;2;155;116;86m⠋[38;2;160;124;98;48;2;139;105;80m▔[38;2;142;107;75;48;2;136;99;73m⠍[38;2;124;87;57;48;2;136;99;72m⣠[38;2;110;77;51;48;2;129;92;65m⣀[38;2;124;87;69;48;2;104;73;50m⠋[38;2;105;91;73;48;2;100;68;42m⣀[38;2;96;80;65;48;2;86;65;51m⡀[38;2;86;59;39;48;2;79;58;41m⠐[38;2;83;59;35;48;2;71;53;36m▔[38;2;82;63;51;48;2;65;45;28m▃[38;2;76;62;49;48;2;65;41;30m⣤[38;2;81;71;62;48;2;64;45;37m⢀[38;2;70;59;53;48;2;58;45;36m⡄[38;2;61;52;45;48;2;47;36;30m⠴[38;2;79;72;63;48;2;56;50;39m⢀[38;2;45;37;33;48;2;50;41;41m⣁[38;2;54;48;44;48;2;44;37;30m⠁[38;2;48;38;36;48;2;52;43;34m⠍[38;2;36;33;28;48;2;57;49;38m⠈[38;2;50;41;33;48;2;59;45;34m⠁[38;2;68;56;42;48;2;51;42;32m▃[38;2;69;58;46;48;2;56;46;37m▃[38;2;65;53;39;48;2;53;42;34m▃[38;2;60;48;36;48;2;48;38;29m⣤[38;2;57;44;36;48;2;53;40;32m⣐[38;2;54;46;33;48;2;47;38;29m▅[38;2;58;49;39;48;2;48;40;29m▃[38;2;52;49;40;48;2;51;43;33m⠉[38;2;54;50;41;48;2;59;60;46m⡖[38;2;59;56;47;48;2;48;39;32m⣄[38;2;58;54;43;48;2;48;41;33m⡀[38;2;43;34;25;48;2;51;42;33m▔[38;2;49;39;30;48;2;52;45;35m⡉[38;2;56;47;38;48;2;51;42;33m⠪[38;2;47;38;29;48;2;53;47;35m⠤[0m
[38;2;137;121;95;48;2;169;153;127m⠒[38;2;167;151;125;48;2;142;126;100m⠴[38;2;173;157;124;48;2;145;129;104m⠖[38;2;142;127;98;48;2;174;154;122m⣤[38;2;168;158;126;48;2;135;124;96m⠭[38;2;172;157;124;48;2;140;129;99m⠵[38;2;146;133;101;48;2;176;160;124m▃[38;2;151;139;107;48;2;172;159;125m⣠[38;2;146;133;99;48;2;177;160;131m⣤[38;2;145;132;98;48;2;169;154;126m⠴[38;2;165;149;115;48;2;150;134;101m⡉[38;2;139;126;92;48;2;153;136;108m⣄[38;2;120;111;80;48;2;167;151;118m▃[38;2;127;111;83;48;2;167;151;119m⣠[38;2;132;117;87;48;2;172;155;119m▅[38;2;176;158;124;48;2;130;116;92m⠉[38;2;163;146;116;48;2;124;115;82m⠭[38;2;172;155;119;48;2;119;105;75m⠙[38;2;141;120;90;48;2;165;154;125m⡖[38;2;116;108;77;48;2;149;137;111m⢲[38;2;133;118;89;48;2;182;166;149m▅[38;2;142;140;120;48;2;173;159;132m⢤[38;2;119;114;92;48;2;169;162;143m⡀[38;2;167;179;172;48;2;177;161;136m▃[38;2;184;184;169;48;2;170;164;142m⣀[38;2;163;151;131;48;2;178;167;140m⡠[38;2;174;170;151;48;2;173;162;142m⣈[38;2;130;126;124;48;2;173;161;139m▁[38;2;189;174;152;48;2;170;159;135m⡁[38;2;147;142;110;48;2;174;163;131m⣀[38;2;130;125;89;48;2;173;156;133m⣠[38;2;139;133;104;48;2;172;162;135m⣀[38;2;142;131;107;48;2;166;153;134m▁[38;2;178;162;136;48;2;160;147;130m⠙[38;2;161;149;123;48;2;175;163;136m⣨[38;2;173;161;135;48;2;163;150;124m⠪[38;2;175;165;142;48;2;165;152;123m⠙[38;2;164;155;126;48;2;170;163;141m⣤[38;2;161;148;125;48;2;174;161;145m⠉[38;2;201;197;188;48;2;174;162;148m⠐[38;2;212;205;197;48;2;176;171;154m⠂[38;2;185;185;177;48;2;171;163;153m⣀[38;2;185;180;167;48;2;179;164;143m⣄[38;2;183;173;164;48;2;188;162;124m⣤[38;2;201;183;169;48;2;198;169;145m⣀[38;2;214;186;161;48;2;218;191;174m⡖[38;2;217;183;163;48;2;237;202;184m⢠[38;2;235;204;183;48;2;216;188;167m⠃[38;2;234;212;189;48;2;216;192;162m⠃[38;2;206;173;152;48;2;220;189;171m⢠[38;2;198;159;134;48;2;219;185;160m⣠[38;2;204;159;128;48;2;214;177;149m⠦[38;2;215;177;149;48;2;203;158;132m⢉[38;2;194;169;149;48;2;198;155;121m⣀[38;2;191;160;142;48;2;195;148;123m⣁[38;2;193;166;145;48;2;192;148;113m⣀[38;2;192;173;161;48;2;182;137;109m⣀[38;2;180;157;148;48;2;170;130;94m▃[38;2;207;189;175;48;2;164;124;88m▃[38;2;211;194;178;48;2;167;116;88m⣠[38;2;204;161;139;48;2;223;203;170m⠁[38;2;230;203;174;48;2;235;203;177m⣠[38;2;238;207;187;48;2;232;204;182m⠙[38;2;228;202;175;48;2;238;210;186m⣰[38;2;241;215;188;48;2;230;203;177m⠅[38;2;234;210;190;48;2;232;204;183m⢨[38;2;239;217;196;48;2;233;212;191m▝[38;2;231;209;187;48;2;233;216;197m▃[38;2;235;210;188;48;2;240;229;213m▅[38;2;222;197;177;48;2;235;214;193m⣠[38;2;212;188;162;48;2;230;206;184m⣤[38;2;203;177;152;48;2;227;197;168m⣤[38;2;187;159;136;48;2;215;180;158m⣤[38;2;162;138;114;48;2;193;156;129m⣠[38;2;185;147;121;48;2;143;108;86m⠋[38;2;167;132;105;48;2;133;97;78m⠁[38;2;138;101;74;48;2;128;91;73m⠙[38;2;115;84;62;48;2;131;94;76m⣀[38;2;216;197;185;48;2;115;84;58m⢀[38;2;195;185;183;48;2;100;76;54m▃[38;2;183;173;164;48;2;139;122;108m▅[38;2;210;191;184;48;2;130;117;108m▅[38;2;185;163;149;48;2;132;125;117m⣀[38;2;192;173;150;48;2;119;106;98m⣠[38;2;165;144;125;48;2;108;95;86m⣤[38;2;97;86;74;48;2;189;162;141m⠹[38;2;187;166;137;48;2;84;79;71m⣀[38;2;192;171;142;48;2;84;77;69m⣀[38;2;184;160;133;48;2;67;58;53m⣀[38;2;187;164;134;48;2;45;35;28m⣀[38;2;171;149;126;48;2;44;33;27m▁[38;2;154;134;110;48;2;47;38;25m▁[38;2;91;74;49;48;2;55;46;31m▁[38;2;60;40;20;48;2;57;46;35m⣀[38;2;58;49;34;48;2;67;54;38m⡉[38;2;84;67;52;48;2;63;54;38m⣤[38;2;89;72;56;48;2;73;57;42m⣤[38;2;91;74;56;48;2;76;60;45m▃[38;2;72;56;43;48;2;86;69;54m⠋[38;2;85;72;56;48;2;71;58;43m⣄[38;2;82;66;51;48;2;69;57;43m⣤[38;2;84;66;52;48;2;69;55;46m⣤[38;2;80;69;48;48;2;66;57;42m▃[38;2;67;57;45;48;2;78;67;46m⠹[38;2;82;74;53;48;2;64;56;43m▃[38;2;88;77;55;48;2;69;62;46m⣐[38;2;87;79;58;48;2;68;65;53m⣤[38;2;81;70;52;48;2;60;56;44m⣠[38;2;81;70;54;48;2;58;51;39m▃[38;2;113;98;75;48;2;59;52;43m▃[38;2;152;130;106;48;2;57;48;41m▃[38;2;145;123;99;48;2;54;45;37m⣤[0m
[38;2;128;116;90;48;2;97;85;61m▔[38;2;95;83;59;48;2;117;105;80m⣤[38;2;94;84;59;48;2;128;116;90m▅[38;2;144;130;104;48;2;101;90;62m⠉[38;2;101;90;63;48;2;148;136;110m▅[38;2;155;145;114;48;2;105;93;67m⠉[38;2;166;152;125;48;2;104;93;65m▔[38;2;163;148;119;48;2;103;92;64m▔[38;2;119;110;80;48;2;104;92;68m▔[38;2;125;110;83;48;2;105;93;72m▔[38;2;112;100;74;48;2;106;94;67m⣁[38;2;111;97;70;48;2;114;103;73m⣈[38;2;109;95;66;48;2;116;102;75m⠙[38;2;113;99;73;48;2;109;94;66m▃[38;2;109;97;77;48;2;112;98;69m⠐[38;2;160;151;134;48;2;117;107;82m⠒[38;2;145;139;114;48;2;121;107;80m▝[38;2;123;109;81;48;2;111;102;70m⠃[38;2;154;145;128;48;2;111;100;73m⠰[38;2;103;96;72;48;2;163;156;141m⣤[38;2;172;162;156;48;2;128;119;94m⠒[38;2;167;167;149;48;2;122;115;86m⠉[38;2;163;163;147;48;2;111;103;80m▝[38;2;163;165;160;48;2;119;111;77m⠋[38;2;97;89;66;48;2;164;159;154m▅[38;2;90;92;79;48;2;159;156;154m⠉[38;2;169;171;159;48;2;185;186;191m▔[38;2;111;111;106;48;2;174;178;178m⠈[38;2;135;140;136;48;2;170;173;166m⠂[38;2;139;143;142;48;2;182;186;186m⠌[38;2;97;91;69;48;2;177;185;183m⠉[38;2;180;179;177;48;2;106;101;71m⣤[38;2;176;174;169;48;2;125;117;85m⣀[38;2;144;136;111;48;2;118;115;95m⠨[38;2;142;134;111;48;2;127;120;94m⠅[38;2;124;117;90;48;2;143;135;108m⢤[38;2;129;123;94;48;2;143;135;114m⣂[38;2;137;131;100;48;2;161;155;129m▅[38;2;136;131;97;48;2;168;162;133m⣤[38;2;128;116;95;48;2;164;158;131m▃[38;2;135;123;103;48;2;173;165;144m▃[38;2;133;122;102;48;2;177;166;149m⣀[38;2;165;157;132;48;2;187;174;162m⣤[38;2;162;156;134;48;2;182;171;167m⣤[38;2;220;207;191;48;2;176;164;148m▔[38;2;209;192;184;48;2;184;168;152m⠙[38;2;214;191;177;48;2;189;177;162m⠉[38;2;213;194;179;48;2;198;182;166m⠉[38;2;201;180;163;48;2;207;190;176m▃[38;2;214;203;195;48;2;203;179;169m⠓[38;2;212;199;188;48;2;192;178;168m⠣[38;2;214;195;181;48;2;191;173;164m⠭[38;2;208;191;178;48;2;190;169;157m⢀[38;2;186;161;155;48;2;210;188;184m⣻[38;2;220;205;198;48;2;190;169;158m⠐[38;2;178;150;136;48;2;197;173;162m⣤[38;2;219;200;180;48;2;175;149;128m⠚[38;2;179;152;129;48;2;197;180;173m▅[38;2;212;198;192;48;2;178;153;128m⠉[38;2;220;200;183;48;2;207;184;163m⠙[38;2;202;180;159;48;2;218;196;177m⣀[38;2;214;192;171;48;2;225;210;190m⣤[38;2;219;197;176;48;2;225;209;194m⣤[38;2;220;196;178;48;2;232;208;194m⣤[38;2;230;213;201;48;2;220;202;186m⠒[38;2;233;209;199;48;2;222;201;180m⠦[38;2;212;194;175;48;2;228;207;186m⣈[38;2;208;189;172;48;2;225;205;181m⣀[38;2;207;188;171;48;2;218;196;178m⣐[38;2;223;200;184;48;2;216;189;168m⠠[38;2;205;188;171;48;2;205;178;157m⠄[38;2;191;169;153;48;2;181;154;133m⡅[38;2;186;173;158;48;2;167;154;138m⢠[38;2;168;158;140;48;2;137;112;89m▃[38;2;188;175;157;48;2;130;105;82m⣀[38;2;209;190;173;48;2;141;112;88m▃[38;2;221;201;185;48;2;115;90;64m⣤[38;2;132;86;66;48;2;233;210;191m⠉[38;2;142;106;96;48;2;226;204;187m▔[38;2;217;197;180;48;2;217;197;180m⠀[38;2;221;202;185;48;2;219;191;166m⣤[38;2;206;180;158;48;2;217;198;180m⠋[38;2;198;174;150;48;2;213;193;169m▔[38;2;201;174;150;48;2;210;189;168m▔[38;2;208;186;163;48;2;203;181;158m⡖[38;2;203;182;154;48;2;207;186;168m⠉[38;2;201;180;153;48;2;205;187;168m▔[38;2;204;182;161;48;2;198;180;155m⠖[38;2;194;174;147;48;2;202;179;156m⠨[38;2;205;183;161;48;2;200;180;155m⣨[38;2;199;180;160;48;2;194;174;149m▅[38;2;199;181;159;48;2;195;171;147m⣤[38;2;174;153;130;48;2;194;172;151m▔[38;2;130;109;89;48;2;196;176;151m▔[38;2;71;55;22;48;2;186;170;144m▔[38;2;94;76;51;48;2;185;170;141m⠉[38;2;186;171;143;48;2;94;76;54m▅[38;2;178;163;136;48;2;97;81;59m⣤[38;2;172;154;132;48;2;97;80;62m▃[38;2;167;152;129;48;2;95;79;62m▃[38;2;164;148;127;48;2;95;78;60m⣀[38;2;149;132;112;48;2;91;76;56m▁[38;2;113;98;79;48;2;92;77;58m▁[38;2;106;91;72;48;2;86;71;52m▃[38;2;105;90;71;48;2;87;74;59m▃[38;2;99;84;65;48;2;92;80;57m⡠[38;2;108;91;71;48;2;94;82;58m⣰[38;2;111;95;72;48;2;92;79;62m▅[38;2;95;80;57;48;2;111;95;69m▔[38;2;119;103;76;48;2;109;93;67m⠔[38;2;118;98;73;48;2;106;92;65m⠋[38;2;122;107;76;48;2;107;91;72m⠶[0m
