[38;2;51;52;51m[48;2;52;53;52m [38;2;51;52;51m[48;2;51;53;51mᶐ[38;2;50;51;50m[48;2;50;52;51mᜂ[38;2;48;50;49m[48;2;49;50;50m⫬[38;2;45;47;46m[48;2;46;48;48m᧳[38;2;43;45;45m[48;2;44;47;46mᴺ[38;2;43;46;46m[48;2;43;45;45m▃[38;2;41;44;43m[48;2;42;45;44mᤜ[38;2;39;43;42m[48;2;40;44;44mⳅ[38;2;39;44;45m[48;2;38;42;41m▃[38;2;39;45;45m[48;2;38;41;40m▃[38;2;38;44;45m[48;2;37;41;40m▃[38;2;34;39;37m[48;2;37;42;42mͽ[38;2;36;43;44m[48;2;33;40;41m⣉[38;2;34;41;42m[48;2;30;37;39m⣉[38;2;33;40;42m[48;2;29;37;39m⣉[38;2;28;35;37m[48;2;32;39;42m─[38;2;28;36;38m[48;2;33;40;42mϸ[38;2;33;40;42m[48;2;29;37;38mᘺ[38;2;33;40;42m[48;2;28;37;38mᘺ[38;2;33;40;41m[48;2;28;37;39mᘺ[38;2;32;40;42m[48;2;28;37;38mᘺ[38;2;30;39;41m[48;2;26;36;37mᙴ[38;2;29;39;40m[48;2;25;35;36mᘺ[38;2;28;39;40m[48;2;24;35;36mᘺ[38;2;25;37;37m[48;2;22;33;34mᜅ[38;2;25;36;37m[48;2;21;32;33mᜏ[38;2;26;37;37m[48;2;21;32;33mᘺ[38;2;25;35;36m[48;2;21;32;33mᙢ[38;2;21;32;34m[48;2;25;36;37m⣤[38;2;24;35;36m[48;2;20;32;33mᚌ[38;2;23;34;34m[48;2;19;32;32mᙴ[38;2;21;33;32m[48;2;17;30;30mᚌ[38;2;19;32;31m[48;2;16;29;30m⠋[38;2;15;30;29m[48;2;13;29;28mᏺ[38;2;9;28;26m[48;2;11;28;27mந[38;2;9;26;25m[48;2;8;27;26m⡀[38;2;7;25;24m[48;2;6;26;25m⣠[38;2;5;26;24m[48;2;5;24;23mᏺ[38;2;4;24;23m[48;2;4;23;22mᑆ[38;2;3;22;20m[48;2;3;22;21mǓ[38;2;2;21;19m[48;2;2;21;20m⫚[38;2;2;20;18m[48;2;2;20;17m▋[38;2;1;19;15m[48;2;1;19;16mⳚ[38;2;1;19;13m[48;2;1;19;14m⢰[38;2;0;19;12m[48;2;1;19;13mវ[38;2;0;19;12m[48;2;0;19;11mၮ[38;2;0;19;10m[48;2;0;19;9mᚘ[38;2;0;19;9m[48;2;0;19;8mᓇ[38;2;0;19;8m[48;2;0;19;7mᚓ[38;2;1;19;8m[48;2;0;19;8mข[38;2;0;18;7m[48;2;1;18;8m▃[38;2;1;18;9m[48;2;0;18;8mᘺ[38;2;1;18;9m[48;2;0;17;8mᙿ[38;2;1;18;10m[48;2;0;17;9mᙿ[38;2;0;18;10m[48;2;0;18;9mᚁᘺᙓ[38;2;0;18;10m[48;2;0;19;9mᙸᜅ[38;2;2;18;10m[48;2;1;18;10mᤝ[38;2;3;19;10m[48;2;2;18;10m▃[38;2;4;19;10m[48;2;3;18;10m⡀[38;2;3;14;8m[48;2;3;17;9m⠈[38;2;13;21;15m[48;2;5;17;9m⠈[38;2;13;22;16m[48;2;5;20;9m⠁[38;2;5;18;10m[48;2;5;19;10mᘗ[38;2;4;19;9m[48;2;4;19;10mᢐ[38;2;3;19;9m[48;2;4;19;9m°[38;2;5;19;10m[48;2;4;19;9m▗[38;2;4;19;9m[48;2;5;20;10mᗎ[38;2;5;18;9m[48;2;5;19;9m౹[38;2;7;19;9m[48;2;6;18;9m⫛[38;2;13;20;14m[48;2;7;19;10m⣀[38;2;8;18;9m[48;2;9;19;9m⢌[38;2;12;22;7m[48;2;11;20;9mᗌ[38;2;9;14;7m[48;2;14;18;14mⲧ[38;2;14;18;16m[48;2;20;24;19mᒨ[38;2;18;22;19m[48;2;22;26;23mߣ[38;2;16;19;17m[48;2;22;25;23mข[0m
[38;2;47;50;52m[48;2;49;51;51m [38;2;49;51;51m[48;2;47;50;51mᚗᚌ[38;2;47;49;50m[48;2;47;50;51m▝[38;2;46;49;50m[48;2;47;50;52mᜏ[38;2;45;48;49m[48;2;46;49;51m⠉[38;2;44;47;48m[48;2;45;49;50mᖜ[38;2;42;46;47m[48;2;44;48;49m⠉[38;2;42;47;48m[48;2;43;48;49m⠉[38;2;41;46;47m[48;2;42;47;49m⠉[38;2;39;45;47m[48;2;40;47;49m⠙[38;2;38;45;47m[48;2;39;46;48mጳ[38;2;37;44;46m[48;2;38;45;47mጣ[38;2;36;43;45m[48;2;38;45;47mᙧ[38;2;35;42;44m[48;2;37;44;46mᙢ[38;2;34;42;44m[48;2;36;43;46mᜈ[38;2;35;43;45m[48;2;33;41;43m⣀[38;2;35;43;45m[48;2;32;40;42m▃[38;2;34;43;45m[48;2;31;40;42m▃[38;2;33;42;44m[48;2;30;39;40m⣄[38;2;32;41;42m[48;2;29;38;40m▃[38;2;29;39;40m[48;2;34;43;44mᜏ[38;2;28;38;39m[48;2;31;41;42mᙪ[38;2;25;35;36m[48;2;28;38;39mᙧ[38;2;23;34;35m[48;2;26;37;38mᜈ[38;2;25;36;37m[48;2;21;32;33m▃[38;2;23;34;36m[48;2;20;31;32m▃[38;2;22;33;36m[48;2;20;31;33m▃[38;2;19;30;33m[48;2;21;32;36mᙢ[38;2;21;32;36m[48;2;19;31;33m▃[38;2;19;31;33m[48;2;20;32;35mᜈ[38;2;21;32;34m[48;2;19;31;32m▃[38;2;18;30;31m[48;2;20;32;33mᙓ[38;2;17;29;30m[48;2;20;31;32mᜠ[38;2;15;28;28m[48;2;18;30;30mᜠ[38;2;12;26;26m[48;2;14;28;27mᜈ[38;2;11;25;25m[48;2;12;26;26mᜊ[38;2;9;24;24m[48;2;10;24;25mᖷ[38;2;9;24;24m[48;2;7;23;23m⡀[38;2;5;22;22m[48;2;4;21;21m▊[38;2;5;21;22m[48;2;3;21;21m⎽[38;2;4;21;21m[48;2;3;21;20m⣄[38;2;4;23;20m[48;2;2;21;18m⣀[38;2;2;20;15m[48;2;2;21;17mᙫ[38;2;1;19;13m[48;2;2;20;14mᜂ[38;2;1;20;12m[48;2;1;19;12m▃[38;2;0;19;10m[48;2;1;20;11mᙧ[38;2;0;19;9m[48;2;0;19;8mᑍ[38;2;1;19;6m[48;2;0;19;7m⎽[38;2;1;18;5m[48;2;0;19;6m⢀[38;2;1;18;5m[48;2;0;18;6m▃[38;2;0;18;7m[48;2;1;18;6mᚑ[38;2;0;18;7m[48;2;2;18;6mᜏ[38;2;2;18;6m[48;2;1;18;7m▃[38;2;1;18;8m[48;2;3;19;7mᚇ[38;2;3;19;6m[48;2;1;18;8m⣀[38;2;0;18;8m[48;2;1;18;6mᙗ[38;2;0;19;8m[48;2;1;18;6mᚁ[38;2;2;19;5m[48;2;0;19;8m▃[38;2;1;19;8m[48;2;2;19;6mᚌ[38;2;4;19;8m[48;2;2;19;7mᣃ[38;2;4;20;9m[48;2;5;19;8mᚑ[38;2;3;18;7m[48;2;5;19;8mᴺ[38;2;6;19;8m[48;2;3;18;6m▃[38;2;4;18;7m[48;2;7;19;8mᜠ[38;2;5;19;8m[48;2;5;19;7m⫀[38;2;6;20;9m[48;2;6;19;7mᙨ[38;2;7;21;9m[48;2;6;20;9mƴ[38;2;6;20;7m[48;2;6;20;9m⣀[38;2;5;20;8m[48;2;6;20;9mᾤ[38;2;4;20;7m[48;2;5;20;9m⎽[38;2;5;20;7m[48;2;5;19;9m⣀[38;2;8;19;10m[48;2;6;19;8mฑ[38;2;7;17;9m[48;2;12;20;13m⣤[38;2;11;18;12m[48;2;8;17;9mⰎ[38;2;9;15;10m[48;2;12;18;13m⢨[38;2;16;22;17m[48;2;8;16;10mຟ[38;2;17;21;18m[48;2;7;14;10mᚌ[38;2;20;24;21m[48;2;7;12;9mᘋ[38;2;19;22;19m[48;2;7;13;10mᕚ[0m
[38;2;47;50;53m[48;2;50;53;55m [38;2;48;51;53m[48;2;50;54;56mᜈ[38;2;50;53;55m[48;2;48;51;53m▃[38;2;49;52;55m[48;2;48;51;53m⣤[38;2;48;51;53m[48;2;49;52;54mᜅ[38;2;47;50;52m[48;2;48;51;53m⠙[38;2;46;49;51m[48;2;47;50;53mᙓ[38;2;45;49;51m[48;2;46;49;52m⠙[38;2;45;49;52m[48;2;44;48;51m⣄[38;2;45;49;52m[48;2;43;48;51m⎽[38;2;41;47;50m[48;2;43;48;51m⠙[38;2;41;47;50m[48;2;42;48;51mᜀ[38;2;40;47;49m[48;2;42;48;51mᜀ[38;2;39;46;48m[48;2;41;47;50m⠙[38;2;38;45;48m[48;2;40;46;49m⠹[38;2;37;44;47m[48;2;38;45;48mᙪ[38;2;37;44;46m[48;2;38;46;48mᜏ[38;2;37;45;47m[48;2;39;46;49mᙴᘺ[38;2;37;45;47m[48;2;38;46;48mᘺ[38;2;34;43;45m[48;2;37;45;47m⎺[38;2;36;44;46m[48;2;34;43;45m⡆[38;2;31;41;42m[48;2;32;41;43m⠸[38;2;30;40;42m[48;2;29;39;41mꚋ[38;2;29;39;41m[48;2;27;38;40m⣄[38;2;25;36;39m[48;2;27;38;41mᜈ[38;2;23;34;37m[48;2;26;37;40mᜀ[38;2;26;37;40m[48;2;23;34;37m▃[38;2;25;37;40m[48;2;23;34;38m⣀[38;2;24;36;39m[48;2;22;33;37m▃[38;2;23;35;38m[48;2;22;33;37m▃[38;2;21;33;35m[48;2;22;34;36mᖜ[38;2;22;33;34m[48;2;22;34;35mᗎ[38;2;22;34;34m[48;2;21;34;33mረ[38;2;19;33;32m[48;2;18;32;31m▋[38;2;14;31;29m[48;2;16;31;30m⫬[38;2;12;28;27m[48;2;11;30;29m⠉[38;2;10;27;27m[48;2;9;29;29mᘺ[38;2;8;25;25m[48;2;9;28;27m⠙[38;2;6;23;23m[48;2;7;26;26mᑸ[38;2;4;22;22m[48;2;6;25;24m૫[38;2;4;22;21m[48;2;4;24;23mᚑ[38;2;3;23;20m[48;2;4;23;21mᱣ[38;2;3;22;19m[48;2;4;23;20mᜅ[38;2;2;21;16m[48;2;3;22;18mᖣ[38;2;1;21;13m[48;2;2;21;15mฐ[38;2;1;21;11m[48;2;2;21;13mᙧ[38;2;2;20;10m[48;2;2;20;8m▍[38;2;2;19;6m[48;2;3;19;5mᘗ[38;2;2;19;4m[48;2;5;19;2mᙴ[38;2;3;18;4m[48;2;8;21;1mᘺ[38;2;3;18;4m[48;2;9;20;2m⠉[38;2;6;18;5m[48;2;11;20;2mᘺ[38;2;6;18;6m[48;2;11;20;2m⠉[38;2;7;19;6m[48;2;11;20;2m⠉[38;2;6;19;5m[48;2;11;20;2mᘺ[38;2;5;19;5m[48;2;11;21;1mᘺ[38;2;5;19;4m[48;2;11;21;1mᘺ[38;2;5;19;5m[48;2;11;21;1mᘺ[38;2;6;19;4m[48;2;12;22;2mᘺ[38;2;7;19;5m[48;2;12;21;3mᘺ[38;2;9;20;6m[48;2;14;22;3m⠉[38;2;10;20;5m[48;2;14;22;3m⠉[38;2;13;20;6m[48;2;15;22;4m⣉[38;2;13;21;5m[48;2;11;20;5mৎ[38;2;12;21;6m[48;2;9;20;6mॺ[38;2;6;20;7m[48;2;8;21;8mⳙ[38;2;210;210;210m[48;2;5;20;6m⎽[38;2;207;207;207m[48;2;5;18;4m⣀[38;2;189;189;189m[48;2;5;20;5mƠ[38;2;198;198;198m[48;2;4;15;7m⠤[38;2;198;198;198m[48;2;4;16;9m─[38;2;205;205;205m[48;2;5;17;9m⠒[38;2;136;136;135m[48;2;3;16;7mব[38;2;162;162;162m[48;2;4;18;8mॺ[38;2;201;202;201m[48;2;5;19;10mय[38;2;202;202;202m[48;2;5;20;9mय[38;2;202;202;202m[48;2;5;19;9mय[38;2;202;202;202m[48;2;5;17;8mय[38;2;202;202;202m[48;2;4;18;10mय[0m
[38;2;53;56;58m[48;2;52;55;57m [38;2;51;55;56m[48;2;52;55;57mᕎ[38;2;51;54;56m[48;2;52;55;57mᜊ[38;2;50;53;55m[48;2;51;54;56mᜈ[38;2;49;52;55m[48;2;50;53;55mᕎᖲ[38;2;48;51;54m[48;2;49;52;55m⠙[38;2;49;52;55m[48;2;48;51;54m⣄[38;2;46;50;53m[48;2;48;51;55m⠙[38;2;45;49;53m[48;2;47;51;55mᙢ[38;2;45;49;53m[48;2;47;51;54mᜀ[38;2;44;49;52m[48;2;46;50;54mᜈ[38;2;43;49;52m[48;2;45;49;53mᜀ[38;2;42;48;51m[48;2;44;49;52mᖜᜀ[38;2;41;47;50m[48;2;43;48;52mᜈ[38;2;40;47;50m[48;2;42;48;51mᜀ[38;2;42;48;51m[48;2;40;47;49m▃[38;2;40;47;49m[48;2;42;48;51mᜏ[38;2;42;49;52m[48;2;40;47;50m⣤[38;2;39;47;49m[48;2;40;48;51mᖴ[38;2;36;44;47m[48;2;38;46;48mᕜ[38;2;33;42;45m[48;2;35;44;46mᖲ[38;2;33;42;45m[48;2;32;41;44m▃[38;2;31;41;43m[48;2;32;42;44mᙧ[38;2;30;40;43m[48;2;31;41;44mᘺ[38;2;29;40;43m[48;2;30;41;44mᘺ[38;2;28;39;43m[48;2;29;40;44m⠉[38;2;27;38;42m[48;2;29;40;43mᙗ[38;2;26;37;40m[48;2;27;39;42mᙗ[38;2;24;36;39m[48;2;26;38;41mᙧ[38;2;23;35;37m[48;2;24;36;38mᖢ[38;2;22;34;36m[48;2;23;35;37mᖢ[38;2;21;34;34m[48;2;22;34;35mꮾ[38;2;18;32;31m[48;2;20;33;32mᤕ[38;2;15;31;30m[48;2;18;32;31m⫙[38;2;12;30;29m[48;2;14;30;30mᖴ[38;2;10;29;29m[48;2;11;29;29m⠙[38;2;8;28;28m[48;2;9;29;29mᕎ[38;2;7;27;26m[48;2;8;28;27mᕎ[38;2;6;27;25m[48;2;7;28;26m⫚[38;2;6;25;24m[48;2;6;26;24mᨫ[38;2;6;23;22m[48;2;6;24;23mᱳ[38;2;7;25;22m[48;2;5;23;21m─[38;2;4;22;18m[48;2;5;23;20mข[38;2;3;21;16m[48;2;4;23;18m⫈[38;2;3;21;15m[48;2;3;20;13m▋[38;2;3;20;8m[48;2;3;20;11m⠸[38;2;4;19;4m[48;2;4;20;6m⠸[38;2;5;19;2m[48;2;5;19;3m⪕[38;2;6;19;2m[48;2;7;20;1mꦗ[38;2;9;21;2m[48;2;7;19;0m⣤[38;2;10;20;1m[48;2;11;21;2mᑣ[38;2;11;21;1m[48;2;12;21;2mඖ[38;2;12;20;2m[48;2;13;21;2mᜏ[38;2;12;20;2m[48;2;13;21;3mᙢ[38;2;11;20;2m[48;2;13;21;3mᙴ[38;2;11;20;2m[48;2;13;22;3mᜅ[38;2;13;22;2m[48;2;11;21;2m⣤[38;2;12;21;2m[48;2;13;22;2mᜀ[38;2;12;21;3m[48;2;12;21;2mᝣ[38;2;12;21;4m[48;2;12;21;3mᢿ[38;2;13;22;4m[48;2;12;21;4mᤗ[38;2;12;21;5m[48;2;204;204;204mᜣ[38;2;201;201;201m[48;2;10;21;5mȢ[38;2;208;208;208m[48;2;9;18;9m⠖[38;2;205;205;205m[48;2;7;16;19m༟[38;2;203;203;203m[48;2;5;14;20m⎺[38;2;4;15;19m[48;2;85;86;86mꘀ[38;2;4;15;14m[48;2;3;14;18mᘺ[38;2;3;15;13m[48;2;3;14;16mᘺ[38;2;5;18;13m[48;2;3;16;17mᙴ[38;2;5;19;13m[48;2;2;17;17mᘺ[38;2;4;19;13m[48;2;3;18;16mᘺ[38;2;4;19;12m[48;2;3;19;14mᙓ[38;2;5;20;11m[48;2;4;20;12mᕛ[38;2;5;20;11m[48;2;5;20;10m▍[38;2;4;20;10m[48;2;6;20;10m⣀[38;2;3;19;10m[48;2;6;20;11m⣀[38;2;6;20;11m[48;2;5;19;11m।[0m
[38;2;53;57;58m[48;2;53;56;58m [38;2;53;56;57m[48;2;53;56;58m´[38;2;52;55;57m[48;2;53;55;57mข[38;2;51;54;56m[48;2;52;55;56mข[38;2;52;54;56m[48;2;51;54;55m▍[38;2;51;53;55m[48;2;50;53;55m⡆[38;2;49;52;55m[48;2;50;52;55mᥖ[38;2;49;52;55m[48;2;49;52;55m [38;2;49;52;56m[48;2;49;52;55m⢰[38;2;48;51;55m[48;2;49;52;56m⎺[38;2;48;51;55m[48;2;48;52;56mᖹ[38;2;47;51;55m[48;2;48;51;55mᜈ[38;2;47;51;55m[48;2;47;50;54m▃[38;2;46;50;53m[48;2;47;50;54m⠙[38;2;45;49;53m[48;2;46;50;54mᙨ[38;2;44;49;52m[48;2;45;49;53mᙗ[38;2;45;50;54m[48;2;43;48;52m⣠[38;2;45;51;54m[48;2;43;49;52m▃[38;2;43;49;53m[48;2;45;51;54mᜀ[38;2;44;51;54m[48;2;43;49;53m⣄[38;2;41;48;51m[48;2;42;49;52m⫕[38;2;39;46;49m[48;2;41;48;51mᖦ[38;2;37;45;48m[48;2;40;47;50mᙧ[38;2;35;44;46m[48;2;38;46;49mᙓ[38;2;34;43;46m[48;2;36;45;47mᙨ[38;2;31;41;45m[48;2;33;42;45mᕜ[38;2;30;40;44m[48;2;30;41;44mᠴ[38;2;30;41;44m[48;2;30;40;44m⠙[38;2;29;40;44m[48;2;29;40;43mᓹ[38;2;28;39;43m[48;2;29;40;43mᝈ[38;2;28;39;42m[48;2;26;38;41mሂ[38;2;25;36;39m[48;2;25;37;40mᲅ[38;2;24;36;38m[48;2;23;35;37m▋[38;2;22;34;36m[48;2;22;34;35m▋[38;2;20;33;33m[48;2;21;33;34m⫬[38;2;17;32;31m[48;2;19;32;32mᤝ[38;2;15;31;31m[48;2;13;30;30m▋[38;2;11;29;29m[48;2;12;29;30m᯼[38;2;10;29;29m[48;2;9;28;28m▍[38;2;7;28;26m[48;2;8;28;27mᝡ[38;2;7;28;26m[48;2;7;28;27m⣻[38;2;6;26;24m[48;2;7;28;25m⩺[38;2;6;25;23m[48;2;7;28;25mᙗ[38;2;6;26;23m[48;2;5;25;22m⣆[38;2;4;24;20m[48;2;5;24;21mᢦ[38;2;3;24;19m[48;2;4;25;20m⫆[38;2;3;23;16m[48;2;4;24;18mᙓ[38;2;3;22;13m[48;2;5;23;15mᙓ[38;2;6;22;7m[48;2;6;23;10m⫛[38;2;7;22;5m[48;2;7;21;3m▍[38;2;8;21;1m[48;2;7;20;2m⣤[38;2;10;21;1m[48;2;9;21;1mᤝ[38;2;11;21;2m[48;2;11;21;1mⴞ[38;2;11;21;2m[48;2;12;21;2m᎐[38;2;13;22;3m[48;2;12;21;2mᖦ[38;2;14;22;3m[48;2;13;21;4mᙢ[38;2;13;22;4m[48;2;14;22;4m⠄[38;2;14;22;4m[48;2;14;21;4mᙜ[38;2;14;22;3m[48;2;13;21;3mᚑ[38;2;13;21;2m[48;2;13;21;3m⪕[38;2;202;202;201m[48;2;11;20;2m⢀[38;2;203;203;203m[48;2;12;21;3mȃ[38;2;210;210;210m[48;2;14;21;2mᳱ[38;2;12;18;3m[48;2;188;188;188mᶐ[38;2;12;19;5m[48;2;14;21;4m⠉[38;2;10;20;8m[48;2;12;21;6mஞ[38;2;7;19;14m[48;2;7;19;9mᖜ[38;2;6;18;16m[48;2;6;20;9mᘺ[38;2;3;16;15m[48;2;6;20;10mᘺ[38;2;3;15;15m[48;2;6;21;10mᘺ[38;2;3;16;15m[48;2;6;20;10mᘺ[38;2;3;16;14m[48;2;4;19;9mᙓ[38;2;2;17;14m[48;2;4;20;10mᘺ[38;2;2;19;13m[48;2;2;19;9mᙴ[38;2;2;19;12m[48;2;2;19;9mᘺ[38;2;3;19;10m[48;2;2;19;8mᙗ[38;2;3;19;10m[48;2;2;19;9m⎺[38;2;3;19;9m[48;2;2;20;9mᙓ[38;2;4;19;10m[48;2;3;19;9m¯[38;2;3;19;10m[48;2;3;19;9mᜀ[0m
[38;2;53;55;58m[48;2;52;55;57m [38;2;53;56;58m[48;2;53;55;57m¯[38;2;53;55;57m[48;2;53;56;57mꘀ[38;2;53;55;57m[48;2;53;55;56mჄ[38;2;53;54;56m[48;2;52;54;55mߤ[38;2;50;53;55m[48;2;51;53;55m▕[38;2;50;53;55m[48;2;50;52;55m⠆[38;2;49;52;55m[48;2;49;52;54mᙪ[38;2;49;52;55m[48;2;49;52;55m [38;2;49;52;55m[48;2;49;52;56m⣀[38;2;49;52;56m[48;2;49;52;56m [38;2;48;52;56m[48;2;49;52;56m⟨[38;2;48;51;55m[48;2;48;52;56m⠩[38;2;47;51;55m[48;2;48;51;55m⫀[38;2;47;50;54m[48;2;47;51;55m⠙[38;2;47;51;54m[48;2;46;50;54m⎽[38;2;46;51;54m[48;2;46;50;54mᵲ[38;2;47;51;55m[48;2;46;51;55m᭒[38;2;47;52;55m[48;2;47;52;56m⣉[38;2;47;52;55m[48;2;46;52;55m⡆[38;2;44;51;54m[48;2;45;51;54m⩺[38;2;44;51;54m[48;2;43;50;53m⡆[38;2;42;49;52m[48;2;41;49;51m▊[38;2;40;48;50m[48;2;40;47;49m▋[38;2;38;45;48m[48;2;39;46;49m⫳[38;2;34;43;46m[48;2;36;44;47mᖢ[38;2;31;40;44m[48;2;33;42;45m⠙[38;2;31;40;44m[48;2;30;40;43mឮ[38;2;29;40;43m[48;2;28;38;42mᘗ[38;2;27;38;41m[48;2;26;37;40mᙸ[38;2;26;37;40m[48;2;25;36;39mᏦ[38;2;24;34;37m[48;2;24;35;38m⢰[38;2;23;34;36m[48;2;23;34;37mǓ[38;2;22;33;35m[48;2;22;33;36mᤂ[38;2;20;32;33m[48;2;21;33;34mᣁ[38;2;18;31;32m[48;2;19;31;33m⫚[38;2;15;30;30m[48;2;17;30;31mᜊ[38;2;14;28;29m[48;2;12;29;29m⣤[38;2;13;27;28m[48;2;11;28;28m▃[38;2;9;29;27m[48;2;11;28;27mᖜ[38;2;9;29;24m[48;2;9;29;26m៨[38;2;8;29;25m[48;2;9;29;23mᚄ[38;2;8;29;23m[48;2;10;29;21mᚑ[38;2;8;28;22m[48;2;9;26;17mᚑ[38;2;6;25;18m[48;2;8;25;15mᚌ[38;2;4;24;17m[48;2;6;23;14mᙓ[38;2;5;23;16m[48;2;5;23;14mᜀ[38;2;5;22;15m[48;2;5;22;13mᑬ[38;2;7;22;9m[48;2;7;21;5m▋[38;2;8;22;3m[48;2;8;21;2mሁ[38;2;9;21;1m[48;2;9;21;0mᜣ[38;2;10;21;1m[48;2;9;21;1m⫈[38;2;10;21;2m[48;2;10;21;1mʸ[38;2;11;21;2m[48;2;11;22;2mᜤ[38;2;12;21;3m[48;2;12;22;2m⹌[38;2;13;22;3m[48;2;12;22;3mⴠ[38;2;14;22;4m[48;2;13;21;3mᙓ[38;2;14;21;4m[48;2;13;21;4m⁵[38;2;160;160;160m[48;2;13;21;4m⢀[38;2;210;210;210m[48;2;11;20;3mȁ[38;2;210;210;210m[48;2;12;21;1m⸄[38;2;13;21;1m[48;2;44;47;40mꘀ[38;2;13;21;1m[48;2;13;22;2m⠋[38;2;13;22;3m[48;2;14;22;3m⎽[38;2;14;21;4m[48;2;15;22;3m⢰[38;2;11;20;6m[48;2;13;21;5mᥠ[38;2;10;21;6m[48;2;8;20;8mᓩ[38;2;9;22;7m[48;2;7;21;9mহ[38;2;5;22;13m[48;2;7;22;8m⣀[38;2;4;21;12m[48;2;6;22;8m▃[38;2;5;23;14m[48;2;5;22;8m⣀[38;2;4;22;13m[48;2;4;22;8m▃[38;2;5;21;13m[48;2;4;20;7m▃[38;2;5;21;13m[48;2;3;20;7m▃[38;2;3;20;8m[48;2;6;18;11mᜠ[38;2;4;17;7m[48;2;3;20;8m⣀[38;2;4;18;8m[48;2;3;19;8m⣀[38;2;2;19;8m[48;2;3;19;8mᘺ[38;2;3;19;9m[48;2;3;18;9mᙸ[38;2;3;19;9m[48;2;3;18;8mᚇ[0m
[38;2;52;55;58m[48;2;52;55;57m [38;2;53;55;57m[48;2;53;55;58m⠱ꗾ[38;2;53;55;56m[48;2;53;55;57mᙫ[38;2;51;53;55m[48;2;52;54;56mᤝ[38;2;50;52;54m[48;2;51;53;54mᨭ[38;2;49;52;54m[48;2;49;51;53mᘋ[38;2;49;51;54m[48;2;48;51;53mᘺ[38;2;49;51;54m[48;2;48;51;54m⠉[38;2;49;52;55m[48;2;48;51;55m፩[38;2;49;52;55m[48;2;49;52;56mጃథ[38;2;48;52;56m[48;2;49;52;56m⁷[38;2;49;52;56m[48;2;48;52;56mẙ[38;2;47;51;55m[48;2;48;51;55mฐ[38;2;47;51;54m[48;2;47;51;55m⩼[38;2;47;50;54m[48;2;47;51;54mᖴ[38;2;47;51;55m[48;2;47;51;54m⢘[38;2;47;52;55m[48;2;47;51;55m⠈ᖜ[38;2;46;51;54m[48;2;46;51;55mᨰ[38;2;45;50;54m[48;2;44;50;53m▍[38;2;42;49;51m[48;2;43;49;52mฒ[38;2;41;47;50m[48;2;42;48;51mᖴ[38;2;39;46;49m[48;2;41;47;50mᜀ[38;2;39;46;50m[48;2;37;44;48m⣄[38;2;34;42;46m[48;2;36;44;48mᙫ[38;2;31;40;44m[48;2;33;42;46mᜠ[38;2;28;38;41m[48;2;30;40;44mᜀ[38;2;26;37;40m[48;2;28;38;42mᜊ[38;2;27;37;41m[48;2;25;35;39m▃[38;2;26;37;41m[48;2;24;35;38m▃[38;2;24;34;38m[48;2;25;35;39mᜊ[38;2;24;34;38m[48;2;23;33;37m▖[38;2;22;33;36m[48;2;21;32;35m▋[38;2;19;30;33m[48;2;20;31;34mᤝ[38;2;17;29;31m[48;2;18;30;32m⫚[38;2;15;28;29m[48;2;16;29;30mⳖ[38;2;13;27;27m[48;2;14;28;28mᕜ[38;2;12;27;26m[48;2;11;27;25mᑬ[38;2;9;27;22m[48;2;10;27;24mᨭ[38;2;9;25;16m[48;2;8;25;19m⢰[38;2;10;27;17m[48;2;10;25;14mᘺ[38;2;10;25;13m[48;2;10;26;15mᶐ[38;2;9;25;13m[48;2;9;25;12m⠉[38;2;7;24;12m[48;2;7;23;11mᘪ[38;2;5;22;10m[48;2;5;22;12m⣀[38;2;4;21;11m[48;2;5;21;8mᑥ[38;2;6;20;7m[48;2;8;21;3m▋[38;2;9;22;1m[48;2;8;21;2mᨫ[38;2;9;22;1m[48;2;9;21;0m⣄[38;2;9;21;0m[48;2;10;21;1mፒ[38;2;10;21;2m[48;2;10;21;1m⣀[38;2;11;21;1m[48;2;10;22;2mጚ[38;2;10;21;2m[48;2;11;22;2m▃[38;2;12;22;3m[48;2;11;21;2mᐆ[38;2;12;21;4m[48;2;11;21;3mᜋ[38;2;12;20;4m[48;2;176;176;176mᚘ[38;2;210;210;210m[48;2;12;20;2mᳵ[38;2;12;19;3m[48;2;139;140;139mꘀ[38;2;13;21;4m[48;2;13;21;3mǃ[38;2;13;21;2m[48;2;12;21;2m൴[38;2;12;21;3m[48;2;11;21;4mᘞ[38;2;11;20;3m[48;2;10;21;5mᚌ[38;2;13;22;4m[48;2;12;22;7mᙴ[38;2;9;22;11m[48;2;11;21;7mᥠ[38;2;6;21;11m[48;2;5;23;16mᘨ[38;2;4;22;15m[48;2;6;25;20mᜀ[38;2;6;25;21m[48;2;4;22;15m⣤[38;2;4;22;16m[48;2;6;26;22mᚌ[38;2;7;27;23m[48;2;4;23;17m⣤[38;2;5;25;20m[48;2;5;23;18m⣂[38;2;5;24;19m[48;2;4;21;16m⡀[38;2;6;21;16m[48;2;4;21;16mᖜ[38;2;3;16;8m[48;2;6;21;15mɵ[38;2;3;13;5m[48;2;7;20;9mວ[38;2;6;19;8m[48;2;4;16;7m▃[38;2;4;17;7m[48;2;5;18;8mᕃ[38;2;3;16;6m[48;2;5;18;8mը[38;2;4;14;7m[48;2;6;17;8mꦦ[0m
[38;2;52;55;59m[48;2;52;55;58m [38;2;53;56;59m[48;2;52;55;58mƼ[38;2;52;55;58m[48;2;53;55;58m᪀[38;2;52;55;57m[48;2;51;54;57mᜣၮ[38;2;51;54;57m[48;2;50;53;56mϼ[38;2;49;52;55m[48;2;50;53;56m⠉[38;2;48;51;55m[48;2;50;53;56mᘺ[38;2;48;51;55m[48;2;49;52;56m⠉[38;2;48;51;55m[48;2;49;53;56m⠉[38;2;49;53;57m[48;2;49;52;56mǒ[38;2;49;53;56m[48;2;49;52;56m‚[38;2;49;52;56m[48;2;49;52;56m [38;2;48;52;56m[48;2;49;52;56m₽[38;2;48;52;56m[48;2;48;51;55m΄[38;2;48;51;55m[48;2;47;51;55m▃[38;2;47;51;55m[48;2;48;51;55mᚄᙠ[38;2;48;51;55m[48;2;47;51;55mǆ[38;2;47;51;54m[48;2;47;51;55mᖴ[38;2;47;51;54m[48;2;46;50;54m▖[38;2;44;50;53m[48;2;45;50;53m⠸[38;2;44;49;52m[48;2;44;50;53mᖱ[38;2;43;49;52m[48;2;44;50;53mᙗ[38;2;42;48;51m[48;2;43;49;53mᖜ[38;2;41;47;51m[48;2;43;49;53mᘺ[38;2;40;47;51m[48;2;42;48;53mᘺ[38;2;38;45;49m[48;2;41;48;52mᙓ[38;2;34;43;47m[48;2;39;46;51mᙢ[38;2;31;40;44m[48;2;37;44;48mᙧ[38;2;29;38;42m[48;2;36;42;46mᜈ[38;2;29;38;42m[48;2;34;40;44mᜠ[38;2;27;36;40m[48;2;30;37;40mᙪ[38;2;25;34;38m[48;2;28;35;39mᜀ[38;2;23;32;36m[48;2;25;33;37mᖷ[38;2;20;31;33m[48;2;22;31;34m⫙[38;2;18;30;31m[48;2;19;30;32m⠸[38;2;16;29;30m[48;2;18;29;30mᙓ[38;2;14;28;28m[48;2;16;29;28mᖢ[38;2;12;28;25m[48;2;15;29;26mᖦ[38;2;13;28;23m[48;2;11;27;22mꚬ[38;2;11;27;19m[48;2;11;25;16mᓖ[38;2;11;23;13m[48;2;13;26;15m▃[38;2;10;23;11m[48;2;12;25;13m⣨[38;2;10;24;11m[48;2;9;23;10mᑗ[38;2;8;23;10m[48;2;7;22;9mზ[38;2;6;22;9m[48;2;6;21;8mጹ[38;2;6;21;8m[48;2;6;20;7mᑥ[38;2;7;21;5m[48;2;6;21;6m⫚[38;2;9;22;3m[48;2;8;21;3mᙓ[38;2;9;22;2m[48;2;9;21;3mᜠ[38;2;10;22;2m[48;2;10;21;3mᑣ[38;2;10;21;3m[48;2;11;22;3mᙈ[38;2;10;21;2m[48;2;11;22;3mᕎᙢ[38;2;10;21;3m[48;2;10;21;2m᭺[38;2;210;210;210m[48;2;8;18;2m▗[38;2;210;210;210m[48;2;9;19;5mᑋ[38;2;7;19;8m[48;2;12;20;5m⣤[38;2;6;20;8m[48;2;12;21;4m⣤[38;2;6;20;8m[48;2;12;21;3m⣤[38;2;10;21;4m[48;2;5;20;9mᜅ[38;2;10;20;4m[48;2;5;22;12mᜏ[38;2;9;22;8m[48;2;6;24;18mᜏ[38;2;11;24;12m[48;2;10;28;24mᜏ[38;2;10;26;17m[48;2;11;30;26mᚑ[38;2;9;27;21m[48;2;12;30;27mᘺ[38;2;10;27;24m[48;2;14;31;29mᙴ[38;2;10;28;26m[48;2;14;32;30mᙴ[38;2;15;33;32m[48;2;11;30;28m⣤[38;2;9;29;25m[48;2;13;32;29mᙪ[38;2;6;26;22m[48;2;9;30;26mᜏ[38;2;7;28;23m[48;2;9;30;25mᙨ[38;2;4;24;19m[48;2;6;27;22m⠙[38;2;7;23;12m[48;2;4;24;17mᤝ[38;2;9;22;9m[48;2;8;20;8m⣄[38;2;8;20;8m[48;2;12;20;6m⎺[38;2;7;19;9m[48;2;13;21;4m⎺[38;2;9;19;5m[48;2;13;21;4m⠉[38;2;9;19;7m[48;2;14;21;4m⠉[0m
[38;2;52;56;60m[48;2;52;55;59m [38;2;52;56;59m[48;2;52;55;59m᎑[38;2;52;55;58m[48;2;52;55;59mᜠ[38;2;51;54;57m[48;2;52;55;58mᙨ[38;2;51;53;56m[48;2;51;54;57mᥖ[38;2;51;53;56m[48;2;50;53;56m΄[38;2;50;53;56m[48;2;49;52;55mၮ[38;2;49;52;56m[48;2;49;52;55m⎺ᙢᜋ[38;2;49;52;56m[48;2;49;51;55mᙴ[38;2;49;52;56m[48;2;48;51;55mᗴᙧ[38;2;48;52;56m[48;2;49;52;56m⠂[38;2;48;51;55m[48;2;49;52;56mⴿ[38;2;49;52;56m[48;2;48;51;55mꗶ[38;2;48;51;55m[48;2;49;52;56m▃ឧ[38;2;47;50;54m[48;2;48;51;55m⣀[38;2;47;50;54m[48;2;47;51;55m▃[38;2;47;51;54m[48;2;47;50;54mᜈ[38;2;46;51;54m[48;2;46;50;53mሞ[38;2;45;50;53m[48;2;46;49;51mᚑ[38;2;47;48;49m[48;2;45;49;52m⣠[38;2;45;49;52m[48;2;49;47;47mᜏ[38;2;180;37;23m[48;2;44;46;50m▗[38;2;191;37;54m[48;2;41;48;53m⣤[38;2;195;39;55m[48;2;41;47;52m⣤[38;2;194;40;53m[48;2;41;46;51m⣤[38;2;195;42;27m[48;2;38;45;49m⣤[38;2;195;37;22m[48;2;36;40;45m⣤[38;2;193;40;49m[48;2;34;38;41m⣤[38;2;194;41;49m[48;2;32;37;40m⣤[38;2;196;40;49m[48;2;28;34;37m⣤[38;2;197;40;51m[48;2;28;32;35m⣤[38;2;197;40;51m[48;2;24;30;31m⣤[38;2;200;40;49m[48;2;23;29;30m⣤[38;2;201;40;49m[48;2;20;29;31m⣤[38;2;203;41;49m[48;2;18;27;25m⣤[38;2;203;41;53m[48;2;16;26;22m⣤[38;2;203;42;54m[48;2;13;26;21m⣤[38;2;199;42;56m[48;2;12;24;14m⣤[38;2;197;42;56m[48;2;9;23;12m⣤[38;2;200;39;57m[48;2;9;20;8m⡤[38;2;194;194;194m[48;2;9;22;9m⠤[38;2;194;194;194m[48;2;7;22;8m⠤[38;2;194;194;194m[48;2;5;21;7m⠤[38;2;194;194;194m[48;2;5;21;6m⠤[38;2;194;194;194m[48;2;8;19;5m⠤[38;2;194;194;194m[48;2;6;21;4m⠤[38;2;194;194;194m[48;2;9;22;3m⠤[38;2;194;194;194m[48;2;10;22;3m⠤⠤[38;2;194;194;194m[48;2;11;22;3m⠤[38;2;194;194;194m[48;2;11;22;4m⠤[38;2;194;194;194m[48;2;11;22;3m⠤[38;2;210;210;210m[48;2;9;19;3m⑇[38;2;6;19;4m[48;2;6;19;7m▍[38;2;6;19;9m[48;2;7;22;12mᚘ[38;2;5;21;13m[48;2;7;24;16m⠋[38;2;5;23;16m[48;2;7;27;21mᚑ[38;2;4;24;17m[48;2;7;28;24mᚌ[38;2;5;27;22m[48;2;10;31;26mᙸ[38;2;7;30;26m[48;2;13;32;30mᙴ[38;2;12;31;29m[48;2;17;35;32mᜏ[38;2;14;31;30m[48;2;18;34;32mᜈ[38;2;17;33;31m[48;2;20;36;34mᚘ[38;2;17;33;32m[48;2;22;38;36m⠋[38;2;17;34;32m[48;2;20;36;34mᖱ[38;2;19;35;33m[48;2;21;37;35mᗍ[38;2;17;34;31m[48;2;20;37;35mᙪ[38;2;15;33;30m[48;2;18;35;32mᕎ[38;2;11;30;25m[48;2;15;32;29m⠉[38;2;10;29;25m[48;2;14;31;27mᙗ[38;2;8;27;21m[48;2;12;29;23mᖜ[38;2;11;24;13m[48;2;13;27;16mᖷ[38;2;12;22;9m[48;2;11;23;12mᖢ[38;2;14;22;5m[48;2;13;22;7m⫚[38;2;14;22;3m[48;2;14;22;4m⫭[38;2;14;22;3m[48;2;14;21;2m▋[0m
[38;2;52;56;60m[48;2;53;56;60m [38;2;52;56;59m[48;2;53;56;60mꬻ[38;2;53;56;59m[48;2;53;56;60mᖷ[38;2;52;55;58m[48;2;52;55;59m⠸[38;2;51;54;57m[48;2;51;54;58mᕚ[38;2;51;54;57m[48;2;50;53;56m⣄[38;2;49;52;55m[48;2;50;53;56mᙗᜈᜏ[38;2;49;52;56m[48;2;50;53;56mᜠ[38;2;49;52;56m[48;2;49;52;55mͱϸꗾ[38;2;49;51;55m[48;2;49;52;56m⠠[38;2;48;51;55m[48;2;49;52;56mᵲ[38;2;50;53;56m[48;2;47;50;54m▃[38;2;50;53;55m[48;2;47;50;54m▃[38;2;47;50;53m[48;2;50;52;55mᜈ[38;2;47;50;53m[48;2;49;51;53mᜅ[38;2;47;49;53m[48;2;49;51;53mᜀ[38;2;50;51;51m[48;2;47;49;52m▃[38;2;47;49;51m[48;2;51;49;48mᚑ[38;2;48;49;49m[48;2;57;47;43mᚑ[38;2;54;47;43m[48;2;65;46;39mᚑ[38;2;58;45;39m[48;2;71;45;36mᚌ[38;2;65;44;37m[48;2;125;28;35m▋[38;2;128;29;36m[48;2;152;35;52m⣤[38;2;159;34;53m[48;2;134;30;39mᘺ[38;2;159;37;53m[48;2;132;31;39mᘺ[38;2;157;36;52m[48;2;129;30;37mᘺ[38;2;155;36;52m[48;2;128;29;37mᘺ[38;2;154;37;52m[48;2;127;29;36mᙴ[38;2;155;37;53m[48;2;128;30;37mᘺ[38;2;155;37;53m[48;2;128;29;38mᘺ[38;2;157;38;53m[48;2;128;31;36mᘺ[38;2;156;37;53m[48;2;129;31;37mᙓ[38;2;156;37;53m[48;2;130;31;39mᘺ[38;2;156;37;52m[48;2;130;32;37mᘺ[38;2;157;37;53m[48;2;131;32;38mᘺ[38;2;157;37;52m[48;2;131;33;38mᘺ[38;2;157;38;53m[48;2;130;32;38mᘺ[38;2;156;37;53m[48;2;130;31;37mᘺ[38;2;155;34;52m[48;2;128;29;36mᘺ[38;2;8;21;14m[48;2;126;23;34mᤝ[38;2;10;25;20m[48;2;6;19;10m▃[38;2;10;26;17m[48;2;6;20;8m▃[38;2;11;25;13m[48;2;7;21;6m▃[38;2;11;25;12m[48;2;8;21;4m▃[38;2;12;25;12m[48;2;9;21;4m⣀[38;2;11;25;12m[48;2;8;20;4m▃[38;2;10;25;12m[48;2;8;20;4m▃[38;2;11;24;11m[48;2;9;20;4m▃[38;2;11;24;11m[48;2;9;20;3m▃[38;2;11;25;11m[48;2;10;20;3m▃[38;2;11;25;12m[48;2;10;20;3m▃[38;2;12;27;14m[48;2;10;20;3m▃[38;2;14;30;19m[48;2;10;21;5m▃[38;2;14;31;24m[48;2;10;23;9m▃[38;2;17;35;31m[48;2;9;26;17m▃[38;2;11;29;21m[48;2;18;35;31mᙸ[38;2;15;34;30m[48;2;22;39;38mᚋ[38;2;16;34;31m[48;2;27;43;43mᚗ[38;2;32;46;46m[48;2;20;37;36m⣀[38;2;18;35;35m[48;2;26;41;40mᜈ[38;2;30;47;46m[48;2;22;37;36m▃[38;2;21;36;35m[48;2;28;45;44mᚌ[38;2;24;39;37m[48;2;31;47;46mᙴ[38;2;25;40;39m[48;2;32;49;47mᙧ[38;2;25;40;38m[48;2;30;47;46mᙢ[38;2;31;48;45m[48;2;27;43;39m⣄[38;2;25;39;36m[48;2;28;44;40mᖴ[38;2;20;36;33m[48;2;26;42;41mᚗ[38;2;26;42;41m[48;2;20;36;34m⣤[38;2;25;42;40m[48;2;18;35;31m▃[38;2;15;32;26m[48;2;18;35;31mᖲ[38;2;13;30;22m[48;2;12;27;17m⣆[38;2;12;25;14m[48;2;12;28;17mᙨ[38;2;13;22;6m[48;2;12;24;11mᖴ[38;2;12;22;6m[48;2;13;22;3m⡀[38;2;12;21;3m[48;2;13;21;2m⡀[0m
[38;2;53;56;60m[48;2;53;57;61m [38;2;53;57;61m[48;2;53;56;60mƢ[38;2;53;56;60m[48;2;52;55;59mᚓ[38;2;52;55;59m[48;2;52;55;58mᑍ[38;2;51;54;57m[48;2;51;54;58mᤝ[38;2;51;54;57m[48;2;50;53;56mᏦ[38;2;50;53;56m[48;2;49;52;55mᙴ[38;2;50;52;55m[48;2;49;52;55mꤷ[38;2;50;53;56m[48;2;50;52;55mข[38;2;50;52;55m[48;2;50;53;56mꘀ[38;2;49;52;55m[48;2;49;52;54mᚓ[38;2;49;52;55m[48;2;49;51;54m⠉[38;2;49;51;54m[48;2;49;51;53mᙴ[38;2;49;51;53m[48;2;48;51;54m▃[38;2;49;51;54m[48;2;48;50;53m⡉[38;2;49;51;54m[48;2;49;51;53mᙓ[38;2;50;51;54m[48;2;50;51;52mᙠ[38;2;50;51;53m[48;2;50;50;51mᚑ[38;2;50;51;52m[48;2;51;49;49mᙸ[38;2;51;50;50m[48;2;54;49;46mᚑ[38;2;53;49;47m[48;2;59;47;41mᙸ[38;2;57;47;42m[48;2;65;45;36mᘝ[38;2;66;46;37m[48;2;73;43;31m⠋[38;2;74;45;32m[48;2;77;42;30mᘗ[38;2;75;43;31m[48;2;78;42;29mᙗ[38;2;104;21;22m[48;2;74;42;31mᤝ[38;2;117;25;28m[48;2;107;21;25m⠙[38;2;121;27;31m[48;2;108;23;26mᜅ[38;2;103;22;23m[48;2;118;27;29m▃[38;2;117;27;30m[48;2;100;21;21mᜏ[38;2;101;21;22m[48;2;118;28;30m⣤[38;2;119;27;31m[48;2;99;20;20mᚌ[38;2;100;20;20m[48;2;118;27;30m⣤[38;2;100;22;21m[48;2;118;27;30m⣤[38;2;119;28;31m[48;2;103;22;23mᙢᜀ[38;2;118;28;31m[48;2;103;23;24mᜏ[38;2;102;22;23m[48;2;117;28;30m▃[38;2;120;29;31m[48;2;106;24;24mᙢ[38;2;120;29;31m[48;2;107;24;25mᙓ[38;2;119;28;31m[48;2;108;24;25mᙴ[38;2;117;27;29m[48;2;106;24;24mᚑ[38;2;114;26;27m[48;2;104;22;22mᚑ[38;2;16;35;32m[48;2;102;22;23mᤝ[38;2;17;35;33m[48;2;14;31;29m▃[38;2;14;31;27m[48;2;18;35;32mᙸ[38;2;16;32;26m[48;2;21;37;34mᜈ[38;2;16;32;25m[48;2;22;38;35mᚑ[38;2;16;31;24m[48;2;23;38;36mᙿ[38;2;22;39;36m[48;2;15;32;26m⣤[38;2;14;32;24m[48;2;21;38;36mᙢ[38;2;15;30;23m[48;2;20;38;34mᙢ[38;2;14;31;23m[48;2;20;37;34mᚌ[38;2;15;32;25m[48;2;21;38;37mᜏ[38;2;26;43;42m[48;2;15;33;28m▃[38;2;29;46;43m[48;2;16;35;30m▃[38;2;35;50;47m[48;2;19;37;34m▃[38;2;39;55;49m[48;2;22;38;37m▃[38;2;41;56;51m[48;2;25;41;40m▃[38;2;28;44;43m[48;2;46;62;57mᜏ[38;2;30;47;45m[48;2;49;65;59mᚌ[38;2;36;52;49m[48;2;49;66;62mᜀ[38;2;38;54;52m[48;2;47;65;63mᜀ[38;2;35;51;50m[48;2;44;62;61mᙢ[38;2;36;53;49m[48;2;41;59;58mᙢ[38;2;35;52;50m[48;2;40;59;57mᘋ[38;2;34;53;51m[48;2;40;59;57mᗲ[38;2;40;61;60m[48;2;34;53;51m▃[38;2;41;63;59m[48;2;34;53;51m⣀[38;2;35;52;49m[48;2;41;61;57mᘨ[38;2;34;52;48m[48;2;42;62;58mᘺ[38;2;34;52;51m[48;2;42;64;61mᜀ[38;2;36;56;55m[48;2;45;73;70mᜏ[38;2;29;50;47m[48;2;37;66;65mᙓ[38;2;20;38;36m[48;2;31;52;52mᙢ[38;2;19;35;32m[48;2;25;46;45mᜈ[38;2;14;32;25m[48;2;19;41;38mᜊ[38;2;11;28;16m[48;2;13;31;24mᙗ[38;2;11;27;16m[48;2;10;22;8m⡆[38;2;11;21;3m[48;2;10;20;5mᙢ[0m
[38;2;54;58;62m[48;2;53;57;61m [38;2;53;57;61m[48;2;53;56;60m⣄[38;2;52;55;59m[48;2;53;56;60mᙢ[38;2;51;54;58m[48;2;52;55;59mᢕᙧ[38;2;51;53;57m[48;2;52;55;58mᜈ[38;2;52;54;57m[48;2;50;53;56m⣤[38;2;51;53;56m[48;2;52;54;57mᜅ[38;2;50;52;55m[48;2;51;53;56m⎺[38;2;50;52;55m[48;2;51;53;55mᕎᜈ[38;2;51;53;55m[48;2;50;52;54m▃▃[38;2;50;52;54m[48;2;51;52;54mᚑ[38;2;50;52;53m[48;2;51;51;52mᚘ[38;2;50;51;52m[48;2;50;50;50mᙴ[38;2;50;50;51m[48;2;50;49;49mᘋ[38;2;51;49;49m[48;2;53;48;46mᜏ[38;2;54;49;47m[48;2;56;47;44mᙸ[38;2;58;47;43m[48;2;62;46;40mᚘ[38;2;63;46;39m[48;2;69;45;36mᚓ[38;2;70;44;34m[48;2;77;44;31mᘝ[38;2;79;42;30m[48;2;84;41;28mᚑ[38;2;81;42;29m[48;2;85;40;28mᙿ[38;2;84;39;27m[48;2;81;41;28m▃[38;2;90;17;18m[48;2;82;38;25mᤝ[38;2;97;19;21m[48;2;85;16;16mᚑ[38;2;95;18;20m[48;2;81;17;12mᜅ[38;2;91;18;17m[48;2;78;17;11mᙴ[38;2;89;18;17m[48;2;74;17;10mᙴ[38;2;84;16;14m[48;2;69;16;8mᙴ[38;2;82;16;12m[48;2;69;17;6mᘺ[38;2;83;17;12m[48;2;69;17;7mᘺ[38;2;82;18;12m[48;2;70;18;8mᘺ[38;2;84;18;14m[48;2;71;17;8mᙓ[38;2;89;19;17m[48;2;73;16;9mᘺ[38;2;89;19;17m[48;2;74;17;9mᘺᘺ[38;2;91;19;18m[48;2;73;18;9mᘺ[38;2;91;20;18m[48;2;72;17;8mᘺ[38;2;93;20;19m[48;2;73;17;10mᘺ[38;2;74;18;10m[48;2;91;20;17m⣤[38;2;72;16;9m[48;2;91;19;17m⣤[38;2;33;45;40m[48;2;75;18;11mᤝ[38;2;29;46;42m[48;2;47;63;57m⠉[38;2;36;50;46m[48;2;52;68;64mᘺ[38;2;38;52;48m[48;2;52;69;63mᙠ[38;2;53;71;64m[48;2;40;52;49m⣤[38;2;55;74;69m[48;2;40;52;50m⣤[38;2;55;76;69m[48;2;38;51;47m⣤[38;2;57;77;68m[48;2;41;56;50m⣤[38;2;56;77;69m[48;2;39;55;50m⣤[38;2;37;53;50m[48;2;54;74;67mᘺ[38;2;39;55;51m[48;2;57;76;65mᙿ[38;2;56;79;70m[48;2;44;59;55m⣤[38;2;59;80;73m[48;2;45;62;56m⣤[38;2;45;61;56m[48;2;59;79;73mᘺ[38;2;49;65;60m[48;2;57;79;73mᘺ[38;2;51;70;64m[48;2;57;81;75mᘺ[38;2;54;73;68m[48;2;57;82;76mᙴ[38;2;57;82;76m[48;2;56;75;71m⣤[38;2;56;76;71m[48;2;52;80;77mᜀ[38;2;50;79;75m[48;2;52;74;69m▃[38;2;49;79;73m[48;2;48;73;68m▃[38;2;46;68;64m[48;2;49;76;69m⠉[38;2;47;69;65m[48;2;47;78;72mᙸ[38;2;46;68;64m[48;2;52;78;72mᘺ[38;2;43;65;62m[48;2;51;78;72mᙓ[38;2;42;65;60m[48;2;49;77;70mᘺ[38;2;50;76;70m[48;2;47;68;64m⣤[38;2;46;71;67m[48;2;44;68;64mࠓ[38;2;46;73;72m[48;2;40;68;64mᙸ[38;2;46;76;75m[48;2;38;70;67mᘋ[38;2;39;69;67m[48;2;41;73;72mᝰ[38;2;37;63;65m[48;2;111;122;133mᜣ[38;2;109;118;129m[48;2;27;51;51m▃[38;2;106;115;124m[48;2;25;48;50m▃[38;2;103;111;120m[48;2;15;37;35m▃[38;2;102;110;120m[48;2;11;29;22m▃[38;2;100;110;121m[48;2;8;20;7m▃[0m
[38;2;54;58;61m[48;2;54;58;62m [38;2;53;57;61m[48;2;54;58;61mᜢ[38;2;53;56;60m[48;2;54;57;61mᜈ[38;2;52;55;59m[48;2;53;56;60m⫀[38;2;52;55;59m[48;2;52;55;58mꦢ[38;2;52;55;58m[48;2;52;54;57mᘗ[38;2;52;54;57m[48;2;52;53;56mᙸ[38;2;51;53;56m[48;2;52;54;57mⴼ[38;2;51;53;55m[48;2;51;53;56m˜⠁[38;2;51;54;56m[48;2;51;53;56mʮ[38;2;51;53;56m[48;2;51;53;55mᑭ[38;2;51;53;55m[48;2;51;53;55m [38;2;51;53;54m[48;2;51;52;53m▍[38;2;51;51;51m[48;2;52;50;49mᘫ[38;2;51;49;49m[48;2;55;50;47mᙸ[38;2;53;49;47m[48;2;56;49;46mᘗ[38;2;55;48;44m[48;2;59;47;43mᚑ[38;2;59;47;42m[48;2;65;47;40mᚗ[38;2;67;46;38m[48;2;75;44;32mᚓ[38;2;74;45;32m[48;2;82;43;29mᘝ[38;2;83;42;28m[48;2;89;39;25mᘪ[38;2;99;36;27m[48;2;90;39;27m⣠[38;2;111;33;27m[48;2;94;38;28m▃[38;2;123;31;32m[48;2;93;36;25m▃[38;2;104;28;25m[48;2;63;19;7m▋[38;2;68;18;9m[48;2;55;18;6mᘺ[38;2;65;19;7m[48;2;52;19;5mᘺ[38;2;64;18;7m[48;2;50;19;6mᙴ[38;2;63;17;6m[48;2;49;18;5mᘺ[38;2;49;18;4m[48;2;58;17;4m⣤[38;2;57;17;4m[48;2;49;18;3mᘺ[38;2;57;18;4m[48;2;49;18;4mᘺ[38;2;60;17;5m[48;2;52;18;4mᙓ[38;2;52;19;3m[48;2;59;17;4m▃[38;2;58;18;4m[48;2;52;18;3mᜀ[38;2;48;18;3m[48;2;58;18;4m⣀[38;2;49;18;3m[48;2;60;18;4m▃[38;2;50;18;3m[48;2;61;18;5m▃[38;2;49;17;4m[48;2;61;18;5m▃[38;2;61;18;6m[48;2;49;16;4mᜏ[38;2;43;17;4m[48;2;61;18;6m▃[38;2;62;18;6m[48;2;48;17;4mᙴ[38;2;33;56;56m[48;2;44;17;4mᤝ[38;2;20;103;92m[48;2;63;80;73m⎽[38;2;25;102;92m[48;2;60;85;77m⎽[38;2;21;100;92m[48;2;58;84;76m⎽[38;2;32;88;80m[48;2;54;86;77m⣀[38;2;26;91;81m[48;2;59;84;75m⣀[38;2;18;104;94m[48;2;60;88;79m⣀[38;2;15;106;97m[48;2;60;89;81m⣀[38;2;8;104;94m[48;2;58;88;79m⣀[38;2;6;102;92m[48;2;57;87;79m⣀[38;2;7;101;90m[48;2;55;91;84m⣀[38;2;9;101;93m[48;2;55;90;83m⣀[38;2;7;101;94m[48;2;54;92;86m▃[38;2;4;99;92m[48;2;53;90;83m▃[38;2;2;87;81m[48;2;50;89;82m▃[38;2;3;90;85m[48;2;48;88;81m▃[38;2;5;92;87m[48;2;48;88;81m▃[38;2;5;91;85m[48;2;46;86;80m▃[38;2;5;91;84m[48;2;41;88;83m▃[38;2;5;92;84m[48;2;37;86;80m▃[38;2;6;92;84m[48;2;35;86;80m▃[38;2;36;86;80m[48;2;10;93;85mᜀ[38;2;13;95;86m[48;2;37;83;77m⣤[38;2;40;81;75m[48;2;18;95;86mᜀ[38;2;45;81;75m[48;2;27;89;82mᙢ[38;2;34;89;82m[48;2;43;77;70m⣤[38;2;43;74;69m[48;2;36;90;81mᜀ[38;2;40;89;81m[48;2;41;70;64m▃[38;2;29;93;81m[48;2;38;67;63m⣀[38;2;36;89;78m[48;2;38;65;62m⣀[38;2;37;67;62m[48;2;43;75;70mራ[38;2;44;75;72m[48;2;101;112;122m▍[38;2;99;109;116m[48;2;87;96;103mᙴ[38;2;88;99;103m[48;2;49;54;57mᙯ[38;2;42;47;51m[48;2;89;98;102mⲅ[38;2;38;43;47m[48;2;88;97;102m⎻[38;2;37;41;46m[48;2;87;96;101m⎻[0m
[38;2;54;58;61m[48;2;53;57;61m [38;2;54;58;62m[48;2;54;57;61m⪁[38;2;54;58;61m[48;2;54;57;61mᏦ[38;2;54;57;60m[48;2;53;56;60mႴ[38;2;53;55;58m[48;2;53;56;59mਫ਼[38;2;52;54;57m[48;2;53;55;58m⩺[38;2;52;54;56m[48;2;53;55;57mᖢ[38;2;52;53;56m[48;2;53;54;57mᘺ[38;2;51;53;56m[48;2;52;54;56m⢉[38;2;51;54;56m[48;2;51;53;56mƢ[38;2;51;53;56m[48;2;51;53;55m⠁[38;2;51;53;54m[48;2;51;53;55mƤ[38;2;51;53;55m[48;2;52;53;53mᑋ[38;2;52;52;52m[48;2;53;52;51mᑍ[38;2;56;50;47m[48;2;54;51;49mᥞ[38;2;56;50;46m[48;2;58;49;45mᑋ[38;2;59;48;44m[48;2;62;47;42mᚘ[38;2;63;47;42m[48;2;68;47;38mᘝ[38;2;72;47;38m[48;2;78;45;33mᚑ[38;2;79;46;33m[48;2;84;43;28mᑋ[38;2;90;40;26m[48;2;100;38;27mᚓ[38;2;100;36;26m[48;2;113;32;28mᚑ[38;2;113;33;28m[48;2;137;31;37mᚑ[38;2;51;19;17m[48;2;137;32;37m⡠[38;2;140;29;37m[48;2;41;20;11mᏹ[38;2;69;11;7m[48;2;24;20;6mၮ[38;2;40;19;5m[48;2;20;20;4m⠉[38;2;33;19;6m[48;2;19;18;8m⠉[38;2;28;18;8m[48;2;17;18;9mᘺ[38;2;28;19;7m[48;2;17;19;6mᘺ[38;2;30;18;4m[48;2;15;20;5mᘺ[38;2;34;18;4m[48;2;15;19;2mᘺ[38;2;37;18;4m[48;2;16;18;1mᘺ[38;2;37;18;4m[48;2;19;19;2mᘺ[38;2;36;19;4m[48;2;20;18;2mᘺ[38;2;36;18;3m[48;2;19;19;2mᘺ[38;2;33;18;5m[48;2;19;18;2mᘺ[38;2;33;18;4m[48;2;20;19;5mᘺ[38;2;34;17;3m[48;2;22;18;5mᘺ[38;2;33;18;3m[48;2;22;19;5mᘺ[38;2;30;19;4m[48;2;20;20;2mᙴ[38;2;29;18;3m[48;2;19;20;2mᘺ[38;2;30;18;5m[48;2;18;19;2mᘺ[38;2;29;17;4m[48;2;16;20;1m⠉[38;2;48;14;2m[48;2;12;20;1mᒈ[38;2;63;14;4m[48;2;12;20;2m३[38;2;68;15;4m[48;2;13;21;2mব[38;2;76;18;4m[48;2;11;19;2mব[38;2;77;19;4m[48;2;11;18;2mব[38;2;28;75;65m[48;2;25;15;4m⎺[38;2;27;81;70m[48;2;29;15;3m⎺[38;2;25;82;73m[48;2;33;16;3m⎺[38;2;24;83;73m[48;2;37;15;4m⎺[38;2;21;79;69m[48;2;39;12;4m⎺[38;2;21;81;70m[48;2;44;12;4m⎺[38;2;33;79;71m[48;2;47;13;4m⎺[38;2;40;87;79m[48;2;49;13;4m⎺[38;2;45;95;86m[48;2;54;13;4m⎺[38;2;39;97;90m[48;2;56;14;4m⎺[38;2;33;96;89m[48;2;63;13;4m⎺[38;2;25;94;85m[48;2;66;12;6m⎺[38;2;31;90;83m[48;2;72;13;7m⎺[38;2;33;93;83m[48;2;78;14;8m⎺[38;2;28;96;85m[48;2;82;15;9m⎺[38;2;23;99;88m[48;2;88;16;11m⎺[38;2;19;101;92m[48;2;90;17;11m⎺[38;2;13;101;92m[48;2;92;18;13m⎺[38;2;20;102;92m[48;2;96;28;22m⎺[38;2;27;100;92m[48;2;99;38;32m⎺[38;2;25;100;89m[48;2;98;40;32m⎺[38;2;24;97;84m[48;2;91;38;33m⎺[38;2;27;101;87m[48;2;91;44;37m⎺[38;2;33;100;85m[48;2;111;21;20mፇ[38;2;42;99;83m[48;2;115;22;21mካ[38;2;105;50;52m[48;2;87;96;102m▍[38;2;64;71;75m[48;2;82;91;97m▕[38;2;6;8;10m[48;2;81;90;94m▏[38;2;83;92;96m[48;2;79;89;93mᜅ[38;2;83;92;96m[48;2;79;89;94mᙧ[38;2;84;93;98m[48;2;79;89;93mᘋ[0m
[38;2;54;58;62m[48;2;53;57;62m [38;2;54;57;61m[48;2;54;58;62mᜫ[38;2;54;58;61m[48;2;54;57;61mƢ[38;2;54;57;60m[48;2;53;56;60m⡦[38;2;54;56;59m[48;2;53;56;59m⠤[38;2;53;56;58m[48;2;53;56;59m⫫[38;2;53;55;57m[48;2;53;55;58mᝥ[38;2;53;55;57m[48;2;52;54;57m⠅[38;2;52;54;56m[48;2;52;54;57mᙗ[38;2;51;53;56m[48;2;52;54;57mᘺ[38;2;51;53;55m[48;2;52;54;56m⎺[38;2;53;54;54m[48;2;53;54;55mᤝ[38;2;53;52;51m[48;2;53;53;53m▗[38;2;54;51;49m[48;2;53;52;51mᨰ[38;2;56;51;48m[48;2;57;50;46mᑍ[38;2;59;49;45m[48;2;61;49;43mᑥ[38;2;63;47;41m[48;2;67;47;39mᘫ[38;2;75;46;35m[48;2;70;46;38mᥠ[38;2;88;42;28m[48;2;81;45;32mᥠ[38;2;93;40;27m[48;2;104;38;27mᚘ[38;2;106;36;29m[48;2;120;34;31mᘪ[38;2;124;33;32m[48;2;140;33;37mᘮ[38;2;81;20;27m[48;2;142;34;40mᨨ[38;2;230;57;63m[48;2;61;19;15m᭵[38;2;42;17;8m[48;2;26;21;7m⡆[38;2;23;21;7m[48;2;18;21;4m▏[38;2;17;21;4m[48;2;15;20;5mᑋ[38;2;14;19;7m[48;2;11;19;7mᘪ[38;2;12;19;8m[48;2;9;19;8mᙴ[38;2;12;19;7m[48;2;8;19;7m⠉[38;2;10;19;4m[48;2;8;19;5mᗴ[38;2;9;20;3m[48;2;11;20;2m⣤[38;2;13;20;1m[48;2;11;20;2mᙴ[38;2;14;20;2m[48;2;12;20;2m⠉[38;2;14;20;2m[48;2;12;20;3mᘋ[38;2;15;20;2m[48;2;12;19;3m⎺[38;2;13;20;3m[48;2;12;20;4mᘋ[38;2;14;20;4m[48;2;12;20;4mᕎ[38;2;15;20;5m[48;2;12;19;5m⠉[38;2;5;11;4m[48;2;13;19;5m▗[38;2;13;19;4m[48;2;6;14;3mᘺ[38;2;13;19;2m[48;2;7;15;5mᙗ[38;2;13;19;2m[48;2;7;16;4mᜀ[38;2;6;17;4m[48;2;12;20;2m▃[38;2;5;17;3m[48;2;11;20;2m▃⣤[38;2;11;20;2m[48;2;5;18;3mᚌ[38;2;10;20;2m[48;2;6;18;2mᚌ[38;2;6;13;2m[48;2;7;18;2m⠈[38;2;14;23;7m[48;2;7;18;2m⠉[38;2;5;14;0m[48;2;10;18;1mৠ[38;2;11;20;2m[48;2;9;16;1mⴼ[38;2;13;21;3m[48;2;12;20;2m౷[38;2;14;21;3m[48;2;12;20;3mᙴ[38;2;14;21;2m[48;2;12;20;3m⠉[38;2;13;20;2m[48;2;11;20;3mᙴ[38;2;12;20;1m[48;2;10;20;3m⠉[38;2;10;20;1m[48;2;10;20;3mᙴᙠ[38;2;11;20;2m[48;2;10;20;3mᙞ[38;2;13;20;1m[48;2;11;20;3mᘺ[38;2;14;20;2m[48;2;11;20;2m⠙[38;2;16;21;1m[48;2;13;20;2m⠉[38;2;19;20;3m[48;2;13;20;1m⎺[38;2;16;21;1m[48;2;12;20;1m⠋[38;2;23;23;3m[48;2;11;20;0mᕎ[38;2;34;21;4m[48;2;20;24;2m⠉[38;2;43;18;3m[48;2;23;23;3m⠉[38;2;47;18;3m[48;2;23;23;2mᘺ[38;2;49;17;3m[48;2;23;22;2mᘺ[38;2;52;17;2m[48;2;23;22;2mᘺ[38;2;55;16;3m[48;2;21;21;2mᘺ[38;2;57;14;5m[48;2;17;20;3mᘺ[38;2;59;14;5m[48;2;14;20;3mᘺ[38;2;24;33;32m[48;2;70;81;87m▍[38;2;54;62;68m[48;2;72;84;91m▕[38;2;5;8;8m[48;2;75;84;89m▏[38;2;71;80;85m[48;2;75;85;89m▃[38;2;70;79;84m[48;2;75;85;89m▃[38;2;74;84;88m[48;2;70;79;83mᜏ[0m
[38;2;53;57;62m[48;2;54;58;62m [38;2;54;57;61m[48;2;54;58;62mѦ[38;2;54;58;61m[48;2;54;57;61m⡀[38;2;53;57;60m[48;2;54;57;61mຨ[38;2;53;57;60m[48;2;53;56;59mꤖ[38;2;53;56;59m[48;2;53;55;58m▊[38;2;52;55;57m[48;2;52;55;58mᣀ[38;2;52;54;57m[48;2;51;54;56mꢙ[38;2;51;54;56m[48;2;52;54;56mᑣ[38;2;52;54;56m[48;2;52;54;55mᚑ[38;2;53;55;55m[48;2;53;53;53mᚓ[38;2;54;54;54m[48;2;54;53;53mᒈ[38;2;54;53;52m[48;2;55;52;50mᏼ[38;2;55;51;49m[48;2;57;51;47mᑍ[38;2;60;50;44m[48;2;58;50;46mᥥ[38;2;64;48;42m[48;2;61;49;44mᩄ[38;2;72;47;38m[48;2;67;48;40mᥥ[38;2;81;46;32m[48;2;76;47;35mᤝ[38;2;88;44;30m[48;2;100;38;27m▋[38;2;122;33;31m[48;2;110;36;28mᥠ[38;2;131;32;33m[48;2;151;36;42mᚓ[38;2;121;30;45m[48;2;150;34;43mᤝ[38;2;235;85;100m[48;2;123;34;51m⢰[38;2;105;25;30m[48;2;164;42;47mப[38;2;51;18;11m[48;2;89;22;22m⠙[38;2;113;31;28m[48;2;32;13;11m⢰[38;2;13;22;11m[48;2;95;31;25m⠉[38;2;8;20;6m[48;2;77;36;25m⠉[38;2;7;20;8m[48;2;56;40;31m⠉[38;2;7;20;8m[48;2;53;43;38m⠉[38;2;7;20;5m[48;2;51;42;39m⠉[38;2;8;19;4m[48;2;49;47;47m⠉[38;2;10;20;2m[48;2;49;48;51m⠉[38;2;11;19;4m[48;2;47;49;51m⠉[38;2;12;20;3m[48;2;45;49;53m⠉[38;2;11;19;4m[48;2;44;49;53m⠉[38;2;11;20;6m[48;2;43;49;53m⠉[38;2;11;20;4m[48;2;42;49;53m⠉[38;2;9;17;4m[48;2;41;47;51m⠉[38;2;5;13;5m[48;2;40;47;51m⠉[38;2;3;13;5m[48;2;40;47;51m⠉[38;2;5;15;7m[48;2;40;47;51m⠉[38;2;6;17;7m[48;2;39;47;51m⠉[38;2;5;17;7m[48;2;38;45;48m⠉[38;2;5;18;6m[48;2;38;45;49m⠉[38;2;4;18;4m[48;2;39;46;51m⠉[38;2;5;18;4m[48;2;39;45;51m⠉[38;2;6;19;2m[48;2;40;46;52m⠉[38;2;6;19;4m[48;2;39;46;52m⠉[38;2;8;21;4m[48;2;40;46;53m⠉[38;2;10;21;5m[48;2;40;46;53m⠉[38;2;11;21;6m[48;2;39;46;52m⠉[38;2;12;20;6m[48;2;39;46;52m⠉[38;2;12;21;5m[48;2;39;46;51m⠉[38;2;11;21;5m[48;2;38;46;51m⠉[38;2;11;20;4m[48;2;37;45;50m⠉[38;2;37;44;49m[48;2;11;20;4m⣆[38;2;11;20;5m[48;2;10;19;3mᙓ[38;2;10;19;2m[48;2;11;20;4m⣄[38;2;11;20;4m[48;2;10;20;2mᜈ[38;2;11;20;2m[48;2;11;20;4mᦛ[38;2;11;20;1m[48;2;11;20;2m▖[38;2;11;20;1m[48;2;12;20;2m⡀[38;2;12;20;3m[48;2;12;20;2m࠹[38;2;12;20;2m[48;2;12;20;3m⠋[38;2;10;19;1m[48;2;12;20;3mፇ[38;2;16;23;2m[48;2;14;21;3mᖲ[38;2;17;22;2m[48;2;14;21;2mᙠ[38;2;17;22;2m[48;2;14;21;1mᜅ[38;2;16;22;1m[48;2;14;21;1mᜅ[38;2;14;21;1m[48;2;15;21;1m▃[38;2;15;20;2m[48;2;14;21;2mᚌ[38;2;15;20;3m[48;2;14;21;4mᙸ[38;2;15;22;5m[48;2;14;21;4mƠ[38;2;14;19;5m[48;2;56;65;73m▍[38;2;46;54;59m[48;2;58;67;74m▕[38;2;12;18;20m[48;2;59;67;72m▏[38;2;59;67;71m[48;2;64;72;76m⣤[38;2;65;73;77m[48;2;60;68;71mᙢ[38;2;65;74;77m[48;2;60;69;72mᙿ[0m
[38;2;54;58;62m[48;2;55;59;63m [38;2;55;59;63m[48;2;54;58;62m⡀[38;2;54;57;61m[48;2;54;58;62m⫡[38;2;53;57;61m[48;2;53;57;60m▍[38;2;53;56;60m[48;2;53;56;59mᑥ[38;2;52;56;59m[48;2;53;56;59m᧮[38;2;53;56;59m[48;2;52;55;58mʏ[38;2;187;187;187m[48;2;53;55;58m⣀[38;2;208;208;208m[48;2;52;54;57m⣀[38;2;208;208;208m[48;2;52;54;55m⣀[38;2;208;208;208m[48;2;53;53;53m⣀[38;2;208;208;208m[48;2;55;52;51m⣀[38;2;208;208;208m[48;2;57;53;49m⣀[38;2;208;208;208m[48;2;60;51;46m⣀[38;2;208;208;208m[48;2;63;50;44m⣀[38;2;208;208;208m[48;2;67;51;42m⣀[38;2;208;208;208m[48;2;73;47;36m⣀[38;2;208;208;208m[48;2;80;47;33m⣀[38;2;208;208;208m[48;2;92;41;26m⣀[38;2;208;208;208m[48;2;123;36;35m⣀[38;2;209;208;208m[48;2;156;37;44m⣀[38;2;209;208;208m[48;2;146;35;55m⣀[38;2;210;208;208m[48;2;220;64;74m⣀[38;2;211;208;208m[48;2;161;38;50m⣀[38;2;210;208;208m[48;2;149;36;46m⣀[38;2;210;208;208m[48;2;117;32;31m⣀[38;2;209;208;208m[48;2;104;33;25m⣀[38;2;208;208;208m[48;2;83;38;27m⣀[38;2;208;208;208m[48;2;63;42;33m⣀[38;2;208;208;208m[48;2;58;45;38m⣀[38;2;208;208;208m[48;2;56;49;44m⣀[38;2;208;208;208m[48;2;52;51;49m⣀[38;2;208;208;208m[48;2;51;53;53m⣀[38;2;208;208;208m[48;2;49;53;55m⣀[38;2;208;208;208m[48;2;47;52;56m⣀[38;2;208;208;208m[48;2;46;51;55m⣀[38;2;208;208;208m[48;2;45;51;55m⣀[38;2;208;208;208m[48;2;44;51;54m⣀[38;2;208;208;208m[48;2;44;51;55m⣀[38;2;208;208;208m[48;2;44;51;54m⣀[38;2;208;208;208m[48;2;43;51;53m⣀[38;2;208;208;208m[48;2;43;50;52m⣀[38;2;208;208;208m[48;2;42;49;52m⣀[38;2;187;187;187m[48;2;43;50;53m⣀[38;2;88;90;92m[48;2;43;50;53m⡀[38;2;42;48;52m[48;2;43;49;54mᜈ[38;2;41;47;52m[48;2;43;49;54mᙢ[38;2;41;47;52m[48;2;42;49;54mᜀ[38;2;40;46;51m[48;2;41;48;53mᒦ[38;2;40;46;51m[48;2;41;47;53mባ[38;2;41;47;52m[48;2;40;46;51m⣅[38;2;40;46;52m[48;2;39;46;51mꬤ[38;2;39;46;51m[48;2;39;45;50mᙷ[38;2;40;47;52m[48;2;39;46;51m¯[38;2;39;46;51m[48;2;39;47;52mᾚ[38;2;38;45;50m[48;2;39;46;50m⠹[38;2;37;43;48m[48;2;38;45;49mᖦ[38;2;11;20;2m[48;2;37;43;47mᖴ[38;2;11;20;2m[48;2;12;20;2mᘺ[38;2;11;20;2m[48;2;12;21;2mᗴ[38;2;11;20;1m[48;2;12;21;2mᣂ[38;2;11;20;1m[48;2;10;20;1mຬ[38;2;10;20;1m[48;2;11;20;2m⣀▃[38;2;12;20;3m[48;2;11;20;2mᖜ[38;2;11;20;1m[48;2;12;20;2m▃[38;2;13;20;2m[48;2;12;20;1mᙓ[38;2;13;20;2m[48;2;12;21;1mᙴ[38;2;13;20;1m[48;2;12;21;1mᓆ[38;2;13;21;1m[48;2;12;21;1mᙨ[38;2;13;21;2m[48;2;13;21;1mᯓ[38;2;13;21;2m[48;2;13;21;3mᒀ[38;2;13;21;3m[48;2;14;21;3mᡝ[38;2;14;21;4m[48;2;14;21;3mᐱ[38;2;13;20;3m[48;2;43;51;58m▍[38;2;38;45;49m[48;2;47;56;61m▕[38;2;19;26;28m[48;2;49;58;62m▏[38;2;54;62;65m[48;2;48;55;59mᙢ[38;2;49;57;60m[48;2;55;63;66m⣤[38;2;54;62;65m[48;2;48;56;59mᚌ[0m
[38;2;55;59;63m[48;2;54;58;62m ▘[38;2;54;57;61m[48;2;54;58;62mᥠ[38;2;53;57;60m[48;2;53;56;60m⢁[38;2;53;56;59m[48;2;53;56;60m⟪[38;2;53;56;59m[48;2;53;55;58m▊[38;2;0;0;0m[48;2;52;55;58m▕[38;2;0;0;0m[48;2;53;54;54m▍[38;2;53;54;53m[48;2;54;54;53mᚓ[38;2;53;53;52m[48;2;55;54;52m⠋[38;2;55;54;51m[48;2;58;54;51mᘪ[38;2;57;53;49m[48;2;62;54;49mᗎ[38;2;64;54;47m[48;2;66;53;45mሠ[38;2;65;50;42m[48;2;68;52;43m⎺[38;2;68;49;39m[48;2;70;52;42m⎺[38;2;70;48;38m[48;2;73;51;40m⎺[38;2;76;49;39m[48;2;79;49;37m▋[38;2;81;48;35m[48;2;84;46;31m▍[38;2;89;45;29m[48;2;97;43;29m▋[38;2;128;35;36m[48;2;109;39;30mᤝ[38;2;150;37;44m[48;2;141;36;40mᱳ[38;2;153;35;44m[48;2;186;39;47m▋[38;2;205;44;45m[48;2;252;101;99m▋[38;2;236;73;68m[48;2;221;45;40m▏[38;2;215;47;46m[48;2;222;44;40mᙗ[38;2;203;41;45m[48;2;148;37;49m▍[38;2;125;36;36m[48;2;110;38;33m▋[38;2;93;42;33m[48;2;80;45;34m▋[38;2;74;46;37m[48;2;69;47;38m▍[38;2;64;47;41m[48;2;65;46;39mஞ[38;2;60;48;43m[48;2;62;47;41mஞ[38;2;59;50;46m[48;2;59;49;44m७[38;2;56;51;48m[48;2;57;50;46mஞ[38;2;53;52;51m[48;2;55;52;49mᙓ[38;2;51;52;53m[48;2;53;53;52mᖜ[38;2;53;53;53m[48;2;51;53;55m⣄[38;2;50;53;56m[48;2;52;54;55mᘺ[38;2;47;49;54m[48;2;51;53;56m⎺[38;2;47;50;55m[48;2;50;53;55m⎺[38;2;48;51;55m[48;2;50;53;55m⠉[38;2;49;53;57m[48;2;50;53;56mᙓ[38;2;49;54;57m[48;2;50;53;56mᙴ[38;2;48;54;57m[48;2;49;53;56mᙿ[38;2;179;179;179m[48;2;50;54;57mᤝ[38;2;179;179;179m[48;2;48;53;57m▏[38;2;45;51;55m[48;2;47;52;57mᘺ[38;2;45;51;56m[48;2;47;52;56mᙓ[38;2;44;50;55m[48;2;46;52;56mᖢ[38;2;43;49;55m[48;2;45;51;55mᖜ[38;2;43;49;54m[48;2;44;50;55m᙭[38;2;42;48;53m[48;2;43;49;53mᜀ[38;2;41;47;52m[48;2;42;48;53mᖜ[38;2;40;46;51m[48;2;42;48;53mᙢ[38;2;39;46;51m[48;2;41;47;52mᘺ[38;2;39;46;51m[48;2;40;47;52m⎺[38;2;40;46;51m[48;2;39;46;51mҥ[38;2;39;45;49m[48;2;39;46;50mꮾ[38;2;36;43;46m[48;2;38;44;48mₕ[38;2;14;21;2m[48;2;33;42;44mฐ[38;2;34;41;44m[48;2;13;20;2m⡀[38;2;10;20;1m[48;2;11;20;2mᥥ[38;2;9;20;1m[48;2;8;19;0mᘗ[38;2;9;19;1m[48;2;8;19;0m⠉[38;2;9;20;0m[48;2;8;19;0mᙢᜀ[38;2;10;20;1m[48;2;9;20;0mᙓ[38;2;11;20;1m[48;2;10;20;0mᖲ[38;2;12;21;1m[48;2;11;21;1m៦[38;2;12;21;2m[48;2;12;21;1mƇ[38;2;12;21;2m[48;2;12;20;2mᚌ[38;2;13;21;2m[48;2;12;20;2mꮊ[38;2;13;21;3m[48;2;13;21;2mꖥ[38;2;13;21;4m[48;2;13;21;3m¸[38;2;14;21;3m[48;2;13;21;3mᑆ[38;2;12;20;4m[48;2;42;50;55m▍[38;2;42;50;54m[48;2;39;45;49mᘪ[38;2;26;33;37m[48;2;38;45;49m▏[38;2;43;50;54m[48;2;38;45;48mᘺ[38;2;43;51;54m[48;2;38;46;49mᘺᘺ[0m
[38;2;55;59;63m[48;2;54;58;62m [38;2;54;58;62m[48;2;55;58;62m⁹[38;2;55;58;61m[48;2;54;57;61m▖[38;2;54;57;60m[48;2;53;56;60mឰ[38;2;54;57;60m[48;2;54;56;59m⠇[38;2;53;55;57m[48;2;53;56;58mᥠ[38;2;0;0;0m[48;2;52;54;56m▕[38;2;0;0;0m[48;2;52;53;52m▍[38;2;53;53;52m[48;2;54;53;51mᑋ[38;2;55;53;51m[48;2;57;53;50m⠇[38;2;61;54;49m[48;2;59;54;50mᨭ[38;2;63;53;47m[48;2;65;53;46mᑍ[38;2;67;52;44m[48;2;66;53;45mᧁ[38;2;68;52;43m[48;2;69;52;43mጔ[38;2;70;51;42m[48;2;71;51;41m▋[38;2;73;51;40m[48;2;75;51;39m▋[38;2;78;51;39m[48;2;81;49;36m▋[38;2;86;46;30m[48;2;83;47;33mᤝ[38;2;97;43;28m[48;2;91;45;29mᤝ[38;2;118;36;33m[48;2;106;41;29mᤝ[38;2;146;36;42m[48;2;133;35;37m⫚[38;2;152;36;44m[48;2;211;38;41m▊[38;2;252;84;86m[48;2;233;42;38mᢕ[38;2;241;109;103m[48;2;233;43;39m▍[38;2;226;43;40m[48;2;230;43;38mᖧ[38;2;220;41;43m[48;2;146;35;47m▋[38;2;129;34;38m[48;2;118;34;33m▍[38;2;90;42;31m[48;2;103;39;32m⫚[38;2;73;46;36m[48;2;79;45;34m⫙[38;2;66;46;38m[48;2;70;46;37mᖲ[38;2;63;47;40m[48;2;67;47;39mᜀ[38;2;61;48;42m[48;2;64;47;40mᙪ[38;2;58;49;44m[48;2;61;48;42mᙪ[38;2;56;51;47m[48;2;58;49;44mᖦ[38;2;55;52;50m[48;2;56;51;46mᙓ[38;2;53;53;51m[48;2;55;51;48mᜈ[38;2;53;53;53m[48;2;53;52;50mᜅ[38;2;52;52;51m[48;2;52;53;53m▃[38;2;52;54;54m[48;2;52;53;52mᙓ[38;2;51;53;54m[48;2;52;53;53m⠉[38;2;51;53;55m[48;2;52;53;52mᘺ[38;2;51;53;55m[48;2;52;53;53mᘺ[38;2;50;53;55m[48;2;51;53;53mᙓ[38;2;179;179;179m[48;2;53;54;54mᤝ[38;2;179;179;179m[48;2;50;53;56m▏[38;2;48;52;56m[48;2;49;52;55mᕎ⠉[38;2;49;52;54m[48;2;48;52;55m▃[38;2;46;51;55m[48;2;48;51;54mᜅ[38;2;45;50;54m[48;2;46;51;54mᖜ[38;2;44;50;54m[48;2;46;51;54mᘺ[38;2;46;51;54m[48;2;44;50;54m⣀[38;2;43;49;54m[48;2;44;50;54m⠉[38;2;42;48;53m[48;2;43;49;53m⠙[38;2;41;47;51m[48;2;42;48;52mⳘ[38;2;39;46;50m[48;2;40;46;50mⲾ[38;2;39;46;49m[48;2;38;45;49m⣃[38;2;38;45;48m[48;2;38;46;48mᜈ[38;2;33;40;43m[48;2;38;45;47m⠈[38;2;12;19;10m[48;2;34;41;44mৠ[38;2;10;19;1m[48;2;34;42;45mᙗ[38;2;33;42;45m[48;2;11;21;1m⡀[38;2;8;19;0m[48;2;10;20;1m⠉[38;2;9;19;0m[48;2;10;20;2mᙓ[38;2;9;19;1m[48;2;11;20;2mᜈ[38;2;9;20;0m[48;2;12;20;1mᜏ[38;2;10;20;0m[48;2;13;21;1mᜏ[38;2;12;21;1m[48;2;11;21;1mᬡ[38;2;12;20;1m[48;2;12;21;1mӎ[38;2;12;21;1m[48;2;12;20;2m⡀[38;2;13;21;2m[48;2;12;20;2mᱛ[38;2;13;21;2m[48;2;13;21;3m⡂[38;2;10;20;5m[48;2;12;21;4m⢀[38;2;9;19;5m[48;2;12;21;4m▃[38;2;6;19;4m[48;2;33;42;46m▍[38;2;32;39;44m[48;2;36;43;47m▃[38;2;35;43;46m[48;2;32;39;42mⰍ[38;2;31;39;42m[48;2;35;43;46m▃[38;2;30;38;40m[48;2;34;43;46m⣠[38;2;29;38;39m[48;2;33;42;44m⣀[0m
[38;2;54;58;62m[48;2;55;59;63m [38;2;55;59;63m[48;2;55;58;62mᑋ[38;2;55;58;62m[48;2;55;58;61m࿙[38;2;54;57;60m[48;2;55;57;60mข[38;2;54;57;59m[48;2;54;56;58m▍[38;2;53;55;56m[48;2;53;54;55m▊[38;2;0;0;0m[48;2;52;53;54m▕[38;2;0;0;0m[48;2;51;51;48m▍[38;2;55;53;50m[48;2;53;52;50mꮾ[38;2;58;53;49m[48;2;56;53;49mᱎ[38;2;60;53;48m[48;2;64;54;48m▍[38;2;68;54;46m[48;2;66;54;47mᣉ[38;2;68;53;45m[48;2;68;52;44m▍[38;2;69;52;43m[48;2;70;52;43mᘦ[38;2;71;51;42m[48;2;72;51;41mᒄ[38;2;74;52;41m[48;2;77;52;40m▍[38;2;79;51;39m[48;2;81;50;37m▋[38;2;88;46;30m[48;2;84;47;33mᤝ[38;2;96;43;28m[48;2;92;43;28mᥖ[38;2;109;40;30m[48;2;101;42;28mᤃ[38;2;134;34;38m[48;2;119;35;32m⫙[38;2;158;34;42m[48;2;142;34;39mৠ[38;2;238;40;34m[48;2;184;36;40mꖢ[38;2;246;82;84m[48;2;236;43;39mΊ[38;2;229;42;38m[48;2;232;42;38mᥥ[38;2;226;40;42m[48;2;149;37;46m▋[38;2;137;35;42m[48;2;119;31;32m▍[38;2;97;39;30m[48;2;107;35;31mᤜ[38;2;80;44;32m[48;2;86;42;31m⫬[38;2;73;45;34m[48;2;76;45;32mᖦ[38;2;71;46;37m[48;2;73;46;36mᙧ[38;2;68;48;39m[48;2;71;47;38m⠹[38;2;64;48;41m[48;2;67;48;40mᖢ[38;2;61;49;43m[48;2;65;49;42mᙗ[38;2;59;50;45m[48;2;62;49;43mᙧ[38;2;57;51;46m[48;2;60;50;45mᙧ[38;2;55;51;48m[48;2;57;51;46mᙧ[38;2;54;52;50m[48;2;56;51;48mᙓ[38;2;53;53;51m[48;2;55;52;49mᘺ[38;2;52;52;51m[48;2;54;52;50mᙗ[38;2;52;53;51m[48;2;53;53;51mᖢ[38;2;53;53;52m[48;2;53;53;51mᖢ[38;2;53;53;53m[48;2;53;53;52mᕬ[38;2;179;179;179m[48;2;54;55;54mᤝ[38;2;179;179;179m[48;2;52;53;52m▏[38;2;50;52;53m[48;2;51;51;51mᙸ[38;2;50;52;53m[48;2;50;51;51mᘺ[38;2;50;52;53m[48;2;51;51;51mᜈ[38;2;49;51;53m[48;2;50;51;51mᙓ[38;2;48;51;53m[48;2;49;51;52mᙢ[38;2;47;51;54m[48;2;48;51;53mᖜᜈ[38;2;46;51;54m[48;2;47;51;54mᙧ[38;2;44;50;53m[48;2;46;51;53mᜊ[38;2;42;48;52m[48;2;44;49;53mᖦ[38;2;41;47;51m[48;2;42;49;52mᙢ[38;2;40;47;51m[48;2;42;49;52mᙓ[38;2;39;47;49m[48;2;41;48;51mᜊ[38;2;38;46;48m[48;2;39;47;49mᜠ[38;2;37;45;47m[48;2;38;46;48mፃ[38;2;33;42;43m[48;2;37;44;46mข[38;2;24;33;29m[48;2;35;42;45mৠ[38;2;11;19;2m[48;2;35;42;45mᖢ[38;2;10;16;3m[48;2;36;44;46mᜠ[38;2;12;18;4m[48;2;22;29;27mꗼ[38;2;14;20;2m[48;2;16;21;3mᙿ[38;2;15;21;1m[48;2;16;22;2mᘋ[38;2;17;22;1m[48;2;14;21;2mኢ[38;2;16;22;1m[48;2;13;21;1mኢ[38;2;12;21;1m[48;2;14;21;1mᾳ[38;2;13;21;1m[48;2;10;20;1mᜣ[38;2;7;19;4m[48;2;12;21;2m⣠[38;2;9;20;5m[48;2;5;19;7mᗞ[38;2;4;19;7m[48;2;5;19;7mǦ[38;2;4;18;7m[48;2;27;36;40m▍[38;2;26;35;37m[48;2;29;37;40m⣀[38;2;27;36;38m[48;2;29;37;40m⣀[38;2;29;38;40m[48;2;27;36;38mᚑ[38;2;28;36;38m[48;2;26;35;37mᚋ[38;2;25;34;36m[48;2;27;36;37m⣀[0m
[38;2;53;56;60m[48;2;53;57;61m [38;2;53;57;61m[48;2;54;57;61mण[38;2;55;57;60m[48;2;54;57;60mᣃ[38;2;55;57;59m[48;2;55;57;60m᪀[38;2;55;56;57m[48;2;55;57;58mᨢ[38;2;53;54;55m[48;2;54;55;56mᤗ[38;2;0;0;0m[48;2;53;54;54m▕[38;2;0;0;0m[48;2;50;49;48m▍[38;2;53;52;48m[48;2;56;54;49m▋[38;2;60;54;48m[48;2;58;54;49mᨰ[38;2;63;53;47m[48;2;65;53;46mᑥ[38;2;66;52;45m[48;2;68;53;45m⡆[38;2;69;53;45m[48;2;70;53;44mᑥ[38;2;71;53;44m[48;2;70;52;43mಊ[38;2;73;51;41m[48;2;71;51;41mỏ[38;2;76;51;40m[48;2;78;51;39m▋[38;2;80;50;38m[48;2;81;49;36m▋[38;2;82;48;34m[48;2;85;46;31m▋[38;2;95;42;28m[48;2;90;44;29m⫬[38;2;100;42;29m[48;2;107;40;29m▋[38;2;113;38;30m[48;2;120;36;31m▍[38;2;141;35;39m[48;2;129;35;35m⫙[38;2;237;39;34m[48;2;146;35;44mฑ[38;2;239;57;52m[48;2;237;41;33m೦[38;2;222;42;40m[48;2;227;41;38m▗[38;2;218;40;44m[48;2;149;37;45m▋[38;2;144;36;41m[48;2;124;33;34m▍[38;2;115;33;31m[48;2;108;35;29m▋[38;2;85;41;28m[48;2;97;37;27m⫚[38;2;79;44;31m[48;2;82;42;29m⠹[38;2;76;46;33m[48;2;80;44;31mᙧ[38;2;74;47;36m[48;2;77;46;34m⠹[38;2;73;47;37m[48;2;70;47;38m⣄[38;2;70;47;39m[48;2;67;48;40m⣄[38;2;65;48;41m[48;2;68;48;40mᜀ[38;2;63;49;43m[48;2;66;49;41mᙧ[38;2;60;50;44m[48;2;63;49;42mᙧ[38;2;58;50;46m[48;2;60;49;43mᙓ[38;2;56;51;47m[48;2;59;49;44mᙧ[38;2;55;51;48m[48;2;58;50;46mᙠ[38;2;55;52;49m[48;2;58;51;46mᜀ[38;2;58;51;46m[48;2;55;53;50m▃[38;2;55;53;51m[48;2;57;51;48mᜈ[38;2;179;179;179m[48;2;56;53;49mᤝ[38;2;179;179;179m[48;2;52;53;51m▏[38;2;51;51;50m[48;2;51;50;48mᙸ[38;2;50;51;49m[48;2;51;50;48mᚌ[38;2;51;51;50m[48;2;51;50;48mᜈ[38;2;51;51;49m[48;2;51;51;50m⣤[38;2;51;51;50m[48;2;50;50;49mᜢ[38;2;50;51;50m[48;2;50;51;51m⣄[38;2;49;51;52m[48;2;50;51;50mᙢ[38;2;48;51;53m[48;2;49;51;51mᘺ[38;2;47;51;53m[48;2;49;51;51mᜈ[38;2;46;51;53m[48;2;49;51;51mᜈ[38;2;45;50;53m[48;2;47;51;52mᙓ[38;2;44;49;52m[48;2;46;50;52mᙧ[38;2;42;48;51m[48;2;44;49;51mᙫ[38;2;40;47;50m[48;2;41;48;51mᖢ[38;2;39;47;49m[48;2;40;47;50mᙢ[38;2;38;45;47m[48;2;39;46;49mᖜ[38;2;38;45;47m[48;2;38;46;48mᚁᜃ[38;2;37;44;47m[48;2;38;45;47mᖢ[38;2;20;27;22m[48;2;36;44;47mৠ[38;2;14;21;2m[48;2;36;42;46m⠉[38;2;14;20;2m[48;2;33;42;45mᙢ[38;2;32;41;43m[48;2;14;22;2m▃[38;2;33;42;45m[48;2;12;22;1m⎽[38;2;10;21;2m[48;2;6;19;6mᚑ[38;2;6;19;3m[48;2;5;19;7mᗎ[38;2;4;19;8m[48;2;5;19;7m▃[38;2;5;19;7m[48;2;4;19;8mᙿ[38;2;4;18;8m[48;2;5;19;7m⣤[38;2;3;16;7m[48;2;18;28;31m▍[38;2;24;33;36m[48;2;20;29;31m⠉[38;2;24;33;36m[48;2;21;30;32m⠉[38;2;25;34;36m[48;2;21;30;32m⠉[38;2;23;32;34m[48;2;20;29;30mᘺ[38;2;23;32;33m[48;2;20;29;30mᘋ[0m
[38;2;54;58;62m[48;2;55;58;62m [38;2;54;57;60m[48;2;55;58;61mᝅ[38;2;55;56;58m[48;2;55;57;60m⣠[38;2;55;56;57m[48;2;55;57;58m⣀[38;2;55;56;57m[48;2;55;56;56mᑋ[38;2;54;55;55m[48;2;55;56;56mᨭ[38;2;0;0;0m[48;2;55;54;56m▕[38;2;0;0;0m[48;2;50;49;47m▍[38;2;54;52;48m[48;2;58;54;49m▋[38;2;61;54;48m[48;2;63;55;48mᑋ[38;2;66;53;45m[48;2;65;54;47m᧷[38;2;68;52;44m[48;2;67;53;45mᱶ[38;2;70;51;43m[48;2;69;52;43mᝥ[38;2;71;51;42m[48;2;70;51;42m⢰[38;2;75;51;40m[48;2;72;50;40mᨭ[38;2;77;51;39m[48;2;79;51;39m▋[38;2;80;49;36m[48;2;81;50;38mᖴ[38;2;81;48;34m[48;2;83;47;32m▋[38;2;89;46;31m[48;2;96;44;29m▋[38;2;102;42;29m[48;2;106;40;29m▋[38;2;117;39;31m[48;2;111;39;30mᤝ[38;2;130;36;36m[48;2;123;37;32mᤝ[38;2;137;35;39m[48;2;147;36;43m▖[38;2;148;33;45m[48;2;232;40;38m▖[38;2;230;42;38m[48;2;222;43;40m▋[38;2;213;42;46m[48;2;151;38;47m▍[38;2;154;37;46m[48;2;138;34;38m▍[38;2;118;34;31m[48;2;129;33;34m⫚[38;2;109;37;30m[48;2;97;40;28m▋[38;2;85;42;28m[48;2;90;42;28mᙨ[38;2;83;44;30m[48;2;85;43;30m⠙[38;2;78;46;33m[48;2;82;45;31mᕎ[38;2;76;47;35m[48;2;80;46;34mᙓ[38;2;73;47;38m[48;2;78;47;36mᙧ[38;2;71;48;39m[48;2;75;48;38mᜈ[38;2;69;48;40m[48;2;72;48;39mᜈ[38;2;66;49;41m[48;2;70;48;39mᙧ[38;2;64;48;41m[48;2;68;48;40mᜀ[38;2;62;49;42m[48;2;66;49;41mᜀ[38;2;65;49;41m[48;2;61;49;43m▃[38;2;64;49;42m[48;2;61;50;44m▃[38;2;60;51;45m[48;2;64;50;43mᙓ[38;2;59;50;45m[48;2;63;49;43mᙢ[38;2;179;179;179m[48;2;60;53;47mᤝ[38;2;179;179;179m[48;2;54;49;47m▏[38;2;53;50;46m[48;2;57;50;45mᜈ[38;2;53;50;46m[48;2;56;50;45mᜀ[38;2;52;50;47m[48;2;54;50;46mᙓ[38;2;51;50;47m[48;2;53;50;46mᜈ[38;2;52;50;46m[48;2;51;50;47m▃[38;2;50;50;48m[48;2;51;49;46mᙢ[38;2;51;49;46m[48;2;50;50;48m▃[38;2;49;50;49m[48;2;50;49;47mᘺ[38;2;50;49;47m[48;2;49;50;49m⣄[38;2;49;49;48m[48;2;49;50;49m▃[38;2;48;50;50m[48;2;49;49;49mᘺ[38;2;47;50;50m[48;2;49;49;49mᙓ[38;2;45;49;51m[48;2;47;49;50mᖢ[38;2;42;48;50m[48;2;44;48;50m⫀[38;2;43;49;51m[48;2;41;47;50m▃[38;2;43;50;52m[48;2;40;47;49m⣀[38;2;41;48;51m[48;2;39;46;49m▃[38;2;38;46;48m[48;2;40;47;49mᜅ[38;2;38;45;48m[48;2;39;46;49mᜂ[38;2;37;44;47m[48;2;38;45;47mᖿ[38;2;37;44;47m[48;2;37;45;47mᙘ[38;2;36;43;46m[48;2;37;44;46mᙧ[38;2;34;42;45m[48;2;37;44;46m⠉[38;2;35;42;45m[48;2;37;44;46mᙴ[38;2;21;32;33m[48;2;37;43;47mৠ[38;2;7;17;11m[48;2;36;44;46m⎺[38;2;14;24;21m[48;2;35;43;45m⠉[38;2;8;18;14m[48;2;34;43;45m⠉[38;2;7;18;13m[48;2;33;42;44m⠉[38;2;19;28;29m[48;2;32;41;43m⠉[38;2;21;30;31m[48;2;33;42;43m⠉[38;2;21;30;32m[48;2;32;41;43m⠉[38;2;21;30;31m[48;2;31;40;42m⠉[38;2;21;29;30m[48;2;30;39;40m⠉[38;2;20;29;30m[48;2;28;37;38m⠉[0m
[38;2;55;58;61m[48;2;55;57;59m [38;2;55;57;59m[48;2;55;56;57mᏺ[38;2;54;56;57m[48;2;55;56;56mᑆ[38;2;55;56;56m[48;2;56;56;55mᙸ[38;2;55;55;54m[48;2;56;56;55m⢀[38;2;55;55;54m[48;2;54;54;53m▊[38;2;0;0;0m[48;2;54;53;53m▕[38;2;0;0;0m[48;2;51;49;46m▍[38;2;57;53;49m[48;2;61;55;50m▍[38;2;64;55;49m[48;2;66;55;48mᑥ[38;2;67;54;46m[48;2;69;54;46mᑋ[38;2;70;53;45m[48;2;69;53;44mᡸ[38;2;70;51;42m[48;2;70;52;43m᧷[38;2;71;51;41m[48;2;74;51;41m▊[38;2;77;51;40m[48;2;75;51;40mᨭ[38;2;78;51;39m[48;2;80;51;39mᑍ[38;2;81;49;37m[48;2;81;51;38mᥠ[38;2;83;47;33m[48;2;81;48;35mᤝ[38;2;90;47;33m[48;2;94;43;30m▋[38;2;98;42;30m[48;2;103;41;29m⡆[38;2;108;39;30m[48;2;113;39;31m▋[38;2;120;38;33m[48;2;125;37;34m▋[38;2;139;33;40m[48;2;131;35;37m⫚[38;2;222;40;45m[48;2;146;34;41mᢕ[38;2;223;42;40m[48;2;215;40;45mᜡ[38;2;191;38;51m[48;2;141;32;43m▍[38;2;150;35;43m[48;2;138;34;38m▋[38;2;119;34;32m[48;2;129;33;35mᨭ[38;2;109;36;29m[48;2;99;38;27m▋[38;2;90;41;28m[48;2;93;40;28m⫬[38;2;87;43;29m[48;2;89;42;28mᖦ[38;2;86;43;30m[48;2;89;42;29mᙧ[38;2;84;44;31m[48;2;88;43;30mᙧ[38;2;82;47;34m[48;2;86;46;32mᙢ[38;2;79;48;36m[48;2;83;47;34mᙗ[38;2;76;48;38m[48;2;80;47;35mᜀ[38;2;73;47;37m[48;2;77;47;36mᙧ[38;2;71;47;38m[48;2;75;47;36mᜈ[38;2;69;48;39m[48;2;73;47;37mᜈ[38;2;68;49;40m[48;2;71;48;38mᘺ[38;2;68;49;40m[48;2;72;48;38mᜅ[38;2;71;48;38m[48;2;68;49;40m▃[38;2;71;48;39m[48;2;67;49;41m▃[38;2;179;179;179m[48;2;71;52;42mᤝ[38;2;179;179;179m[48;2;62;50;43m▏[38;2;64;48;41m[48;2;60;49;43m⣤[38;2;58;49;43m[48;2;62;48;41mᙧ[38;2;57;49;44m[48;2;60;48;42mᜀ[38;2;55;49;44m[48;2;59;48;42mᜈ[38;2;54;49;45m[48;2;57;49;43mᙓ[38;2;53;50;45m[48;2;56;49;44mᙓ[38;2;53;50;45m[48;2;55;49;44mᜈ[38;2;52;50;46m[48;2;53;49;45mᜈ[38;2;50;49;47m[48;2;51;49;45mᖢ[38;2;49;49;47m[48;2;50;49;46mᘺ[38;2;49;49;48m[48;2;49;49;47m⠙[38;2;49;50;49m[48;2;49;49;48mᙠ[38;2;47;49;49m[48;2;48;49;48m▝[38;2;46;49;50m[48;2;47;49;49m⫕[38;2;46;49;49m[48;2;45;50;52m⣤[38;2;44;50;53m[48;2;44;49;50mጪ[38;2;42;49;51m[48;2;43;49;51m⫙[38;2;41;48;51m[48;2;42;48;51mᙧ[38;2;40;47;49m[48;2;41;48;50mᖢ[38;2;39;46;48m[48;2;40;47;49mᙓ[38;2;38;46;48m[48;2;39;47;49mᜀ[38;2;38;45;47m[48;2;39;46;48mᜀ[38;2;39;46;48m[48;2;38;45;47m⣤[38;2;37;45;47m[48;2;38;46;48mᙠᜠ[38;2;37;45;47m[48;2;36;44;46mꚋ[38;2;36;44;45m[48;2;36;44;46m᠂[38;2;36;44;46m[48;2;35;43;45m⡃[38;2;34;43;45m[48;2;35;43;45m៨[38;2;33;42;44m[48;2;34;43;44m⢰[38;2;33;42;44m[48;2;32;42;43mⲂ[38;2;32;41;43m[48;2;32;42;44mᙠ[38;2;31;40;41m[48;2;32;41;43mᕎ[38;2;31;40;41m[48;2;30;39;40m߁[38;2;30;38;39m[48;2;29;38;38m˞[0m
[38;2;55;56;57m[48;2;56;56;56m [38;2;56;56;56m[48;2;56;56;55m᚛[38;2;56;56;55m[48;2;56;56;56mᶌ[38;2;56;56;55m[48;2;56;55;54mᘗ[38;2;55;55;53m[48;2;56;54;52mᚅ[38;2;55;54;53m[48;2;56;54;52m⠉[38;2;0;0;0m[48;2;56;52;52m▕[38;2;0;0;0m[48;2;53;49;45m▍[38;2;65;55;50m[48;2;61;55;49m᧷[38;2;68;54;46m[48;2;67;55;48mᥠ[38;2;69;52;44m[48;2;69;53;45m⣠[38;2;70;53;44m[48;2;70;52;43mᚗ[38;2;71;51;41m[48;2;70;51;42mᥖ[38;2;74;50;40m[48;2;72;50;40mᨰ[38;2;78;51;40m[48;2;77;50;39mⱐ[38;2;80;50;39m[48;2;78;50;38m⫙[38;2;80;49;37m[48;2;81;48;35mᑎ[38;2;84;45;31m[48;2;81;47;33mᨰ[38;2;89;44;30m[48;2;96;43;30m▍[38;2;105;40;30m[48;2;101;42;30mᱶ[38;2;110;38;31m[48;2;114;38;32m▍[38;2;118;38;33m[48;2;123;36;34m▍[38;2;134;34;38m[48;2;128;34;35mᤜ[38;2;145;35;43m[48;2;141;34;40mᤝ[38;2;151;32;45m[48;2;218;38;45m▍[38;2;131;27;45m[48;2;162;32;51m│[38;2;147;34;41m[48;2;132;33;37m▍[38;2;122;36;33m[48;2;128;35;35m⫙[38;2;108;37;30m[48;2;116;36;32m⫙[38;2;95;39;27m[48;2;101;38;28mᖴ[38;2;92;40;27m[48;2;94;39;27mᙪ[38;2;92;41;28m[48;2;94;40;28mᜈ[38;2;92;43;30m[48;2;94;42;29mᙨ[38;2;90;44;31m[48;2;92;42;29mᙓ[38;2;86;45;31m[48;2;89;43;30m⠙[38;2;83;45;32m[48;2;87;43;30mᜀ[38;2;81;46;33m[48;2;84;44;31mᙧ[38;2;78;46;34m[48;2;82;45;32mᙧ[38;2;76;47;36m[48;2;79;46;34mᙢ[38;2;75;47;36m[48;2;79;46;34mᜀ[38;2;80;47;35m[48;2;76;47;36m▃[38;2;76;47;37m[48;2;80;47;36mᜈ[38;2;74;47;37m[48;2;79;47;36mᜅ[38;2;179;179;179m[48;2;77;49;39mᤝ[38;2;179;179;179m[48;2;73;49;38m▏[38;2;69;47;39m[48;2;74;47;36mᙓ[38;2;67;48;39m[48;2;73;48;38mᙧ[38;2;65;48;40m[48;2;70;48;38mᙧ[38;2;68;47;38m[48;2;63;48;40m▃[38;2;61;47;40m[48;2;65;47;39mᜀ[38;2;62;47;40m[48;2;59;48;41m⣄[38;2;56;49;43m[48;2;58;48;41mᙗ[38;2;54;49;43m[48;2;56;49;42mᙧ[38;2;52;49;44m[48;2;55;49;43mᙗ[38;2;53;49;44m[48;2;51;49;44m⣄[38;2;52;49;45m[48;2;50;49;45m⣄[38;2;49;49;47m[48;2;50;49;46mᖢ[38;2;49;49;47m[48;2;48;49;48m⣆[38;2;48;50;48m[48;2;48;49;48m⊽[38;2;47;49;49m[48;2;48;49;48m⠙[38;2;45;49;49m[48;2;47;49;49mᕎ[38;2;46;50;50m[48;2;44;49;50m⣤[38;2;43;48;51m[48;2;45;49;51mᙨ[38;2;41;48;50m[48;2;42;48;50mᕛ[38;2;41;47;50m[48;2;41;48;50mṘ[38;2;40;47;50m[48;2;41;48;50mᙿᜊ[38;2;40;47;49m[48;2;40;47;50mᜀ[38;2;39;46;49m[48;2;40;47;49mᕛ[38;2;38;46;48m[48;2;39;46;49m⠹[38;2;38;46;48m[48;2;37;45;47m⣆[38;2;36;44;46m[48;2;37;45;47mฒ[38;2;35;43;45m[48;2;36;44;46m⫬[38;2;33;42;44m[48;2;34;43;45m⢀[38;2;33;43;45m[48;2;33;42;44mᑗ[38;2;33;42;44m[48;2;32;41;43mᏼ[38;2;30;39;41m[48;2;32;41;43m⣠[38;2;32;41;43m[48;2;31;40;42mᐒ[38;2;31;39;40m[48;2;31;40;41mᖴ[38;2;30;38;38m[48;2;31;39;39mᘺ[0m
[38;2;58;57;56m[48;2;56;56;55m [38;2;56;56;55m[48;2;58;56;55mᜅ[38;2;58;56;54m[48;2;56;55;55m⣤[38;2;59;55;53m[48;2;56;55;53m⣤[38;2;57;54;52m[48;2;60;55;53mᙿ[38;2;57;54;51m[48;2;60;55;51mᘺ[38;2;0;0;0m[48;2;58;53;50m▕[38;2;0;0;0m[48;2;59;49;46m▍[38;2;63;53;47m[48;2;67;54;47m▍[38;2;70;54;47m[48;2;70;54;45mᑨ[38;2;70;52;44m[48;2;71;52;43mᚅ[38;2;72;51;41m[48;2;70;51;42m⣰[38;2;73;49;39m[48;2;72;51;41m⣰[38;2;74;49;39m[48;2;76;48;37mᙹ[38;2;77;49;38m[48;2;77;48;36mᚌ[38;2;79;48;36m[48;2;78;49;37m᪀[38;2;81;47;34m[48;2;81;45;31mᚘ[38;2;85;44;30m[48;2;89;43;29mᑬ[38;2;97;41;29m[48;2;93;42;28mᤝ[38;2;102;41;30m[48;2;106;38;30m▍[38;2;115;38;33m[48;2;111;37;31m୩[38;2;124;36;36m[48;2;118;36;33m᧳[38;2;128;33;36m[48;2;124;32;34mᙘ[38;2;136;33;39m[48;2;145;35;43m▍[38;2;217;41;50m[48;2;147;34;44mᤝ[38;2;113;25;36m[48;2;156;30;49m│[38;2;148;35;42m[48;2;136;34;40m▍[38;2;132;35;38m[48;2;127;36;36m▍[38;2;114;36;32m[48;2;121;36;33mᤝ[38;2;102;37;27m[48;2;107;36;29mⲿ[38;2;97;37;26m[48;2;99;36;26mᙪ[38;2;96;39;28m[48;2;99;38;28mᚋ[38;2;95;41;29m[48;2;98;39;29mᜈ[38;2;94;41;28m[48;2;97;41;29mᜅ[38;2;99;41;29m[48;2;94;41;29m▃[38;2;92;42;30m[48;2;98;41;30mᜈ[38;2;89;43;31m[48;2;95;42;30mᜀ[38;2;87;44;31m[48;2;94;43;31mᜀ[38;2;85;45;32m[48;2;92;43;31mᜈ[38;2;83;45;32m[48;2;90;44;31mᜀ[38;2;84;46;33m[48;2;90;44;31mᜈ[38;2;90;45;32m[48;2;84;46;33m⣤[38;2;83;46;34m[48;2;89;45;32mᜈ[38;2;179;179;179m[48;2;84;45;31mᤝ[38;2;179;179;179m[48;2;84;47;35m▏[38;2;77;47;36m[48;2;81;47;34m⠙[38;2;76;48;37m[48;2;80;47;36mᙓ[38;2;79;47;36m[48;2;75;47;37m▃[38;2;72;47;37m[48;2;76;47;36mᙧ[38;2;70;47;37m[48;2;74;47;36mᙓ[38;2;67;47;38m[48;2;72;47;36mᙓ[38;2;63;48;40m[48;2;69;47;37mᙗ[38;2;59;48;41m[48;2;66;48;39mᜈ[38;2;57;49;42m[48;2;61;48;41mᜊ[38;2;57;49;43m[48;2;55;49;43m⣄[38;2;53;50;45m[48;2;55;49;44mᙨ[38;2;51;49;46m[48;2;53;49;45m⠹[38;2;49;49;47m[48;2;50;49;46mᕛ[38;2;48;49;47m[48;2;49;49;47m▝[38;2;48;49;48m[48;2;48;49;47mₗ[38;2;48;49;48m[48;2;49;49;48mᜠ[38;2;47;50;49m[48;2;48;49;49m⠙[38;2;45;49;50m[48;2;47;49;49mᖦ[38;2;43;48;51m[48;2;45;49;50mᖦ[38;2;43;49;52m[48;2;42;48;51m▃[38;2;41;48;51m[48;2;42;49;51mᖜ[38;2;41;48;51m[48;2;42;49;52mᜈ[38;2;41;48;51m[48;2;42;49;51mᜠ[38;2;40;48;50m[48;2;41;48;51mᖲ[38;2;39;47;49m[48;2;40;48;50m⠙[38;2;38;46;48m[48;2;39;47;49mᕎ[38;2;37;45;47m[48;2;38;46;48m⫕[38;2;35;44;46m[48;2;37;45;47mᙨ[38;2;33;43;44m[48;2;34;43;45mฐ[38;2;33;43;44m[48;2;33;42;44m⡆[38;2;31;40;42m[48;2;32;41;43mᥕ[38;2;29;38;40m[48;2;30;39;41mⴙ[38;2;31;40;41m[48;2;32;41;42mᘮ[38;2;33;41;42m[48;2;32;40;41m▃[38;2;32;40;41m[48;2;31;39;40m⣤[0m
[38;2;60;57;55m[48;2;63;56;54m [38;2;60;56;55m[48;2;63;56;53mᙿ[38;2;60;56;53m[48;2;64;55;51mᜏ[38;2;65;54;49m[48;2;62;55;52m▃[38;2;63;56;52m[48;2;67;55;49mᜏ[38;2;63;54;50m[48;2;68;55;48mᜈ[38;2;0;0;0m[48;2;63;52;47m▕[38;2;0;0;0m[48;2;67;49;43m▍[38;2;69;53;44m[48;2;73;51;42mᚗ[38;2;72;52;43m[48;2;75;50;40mᜏ[38;2;77;49;38m[48;2;73;51;41m▃[38;2;74;49;39m[48;2;79;49;37mᜣ[38;2;76;49;38m[48;2;81;48;36mᙹ[38;2;79;47;35m[48;2;82;45;32mᜏ[38;2;80;48;36m[48;2;82;46;32mᙓ[38;2;81;47;34m[48;2;83;45;32mᘝ[38;2;82;45;30m[48;2;86;44;29mᘪ[38;2;88;42;28m[48;2;93;43;29mც[38;2;93;40;27m[48;2;99;41;28mᑬ[38;2;104;40;30m[48;2;108;39;30m▋[38;2;112;36;31m[48;2;110;37;30mᤝ[38;2;114;36;31m[48;2;118;35;32m▋[38;2;130;33;36m[48;2;123;33;33mᤝ[38;2;141;35;41m[48;2;150;35;44m▋[38;2;201;44;55m[48;2;152;31;47m▕[38;2;129;31;40m[48;2;180;34;40m⨾[38;2;137;33;39m[48;2;146;35;43mᖴ[38;2;129;33;36m[48;2;134;33;39m⫚[38;2;125;34;35m[48;2;119;34;32m▍[38;2;106;34;28m[48;2;112;33;29m⫙[38;2;101;35;27m[48;2;105;33;27mᙗ[38;2;106;37;29m[48;2;102;37;28m⣠[38;2;102;38;29m[48;2;106;38;29mᜅ[38;2;101;40;29m[48;2;105;40;30mᘺ[38;2;103;41;30m[48;2;105;40;30mᜈ[38;2;102;41;30m[48;2;105;40;30mᙓ[38;2;101;41;30m[48;2;104;40;31mᙗ[38;2;99;42;31m[48;2;102;41;31mᙗ[38;2;97;43;31m[48;2;100;42;30mᙓ[38;2;98;42;30m[48;2;95;43;30m⣤[38;2;93;44;30m[48;2;97;43;30mᘋ[38;2;95;44;31m[48;2;98;43;31mᜈ[38;2;91;44;30m[48;2;94;42;30mᖦ[38;2;179;179;179m[48;2;92;45;31mᤝ[38;2;179;179;179m[48;2;85;47;33m▏[38;2;85;46;33m[48;2;90;44;32mᙢ[38;2;84;47;34m[48;2;89;45;32mᙿ[38;2;84;47;35m[48;2;88;45;32mᙢ[38;2;80;47;34m[48;2;85;46;32mᙢ[38;2;78;47;34m[48;2;83;46;32mᙢ[38;2;76;46;34m[48;2;81;46;32mᙢ[38;2;73;47;35m[48;2;78;46;33m⠹[38;2;70;47;37m[48;2;73;47;36mᙨ[38;2;65;48;40m[48;2;68;47;38mᖴ[38;2;60;48;42m[48;2;63;48;40mᖧ[38;2;56;49;44m[48;2;60;49;43mᜀ[38;2;54;50;45m[48;2;59;51;45mᙧ[38;2;52;49;45m[48;2;56;51;45mᜊ[38;2;49;49;46m[48;2;51;49;45m⠹[38;2;49;49;47m[48;2;49;49;46mᖦ[38;2;49;49;48m[48;2;49;49;47mᕎ[38;2;49;49;47m[48;2;48;49;48m⣀[38;2;47;49;48m[48;2;48;49;48m▝[38;2;46;49;50m[48;2;48;49;49mᙫ[38;2;45;49;51m[48;2;43;49;51m▋[38;2;43;49;51m[48;2;42;49;52m⣆[38;2;42;49;52m[48;2;43;49;52mᘂ[38;2;43;49;52m[48;2;42;49;52m▖[38;2;41;48;51m[48;2;42;49;51mৠ[38;2;41;48;51m[48;2;41;49;51mᙪ[38;2;41;48;51m[48;2;40;48;50m▖[38;2;38;46;48m[48;2;39;47;49mᤕ[38;2;38;46;48m[48;2;37;45;47m▍[38;2;35;44;45m[48;2;36;44;46m⫚[38;2;33;42;44m[48;2;34;43;45mᱳ[38;2;32;41;43m[48;2;32;42;44m⫀[38;2;31;40;42m[48;2;32;41;43mᙗ[38;2;33;41;43m[48;2;32;41;42mᥠ[38;2;33;42;43m[48;2;33;41;43m≼[38;2;33;41;43m[48;2;33;41;42mƩ[0m
[38;2;65;56;52m[48;2;67;55;51m [38;2;66;55;51m[48;2;68;54;49mᘝ[38;2;67;54;48m[48;2;71;53;46mᙸ[38;2;68;53;46m[48;2;73;52;44mᙴ[38;2;76;52;43m[48;2;71;54;46m▃[38;2;71;53;44m[48;2;77;52;42mᜏ[38;2;0;0;0m[48;2;73;51;42m▕[38;2;0;0;0m[48;2;78;48;40m▍[38;2;77;50;39m[48;2;83;48;36mᙴ[38;2;79;48;37m[48;2;84;46;33mᚑ[38;2;88;46;33m[48;2;82;48;35m▃[38;2;86;49;35m[48;2;90;45;31mᙢ[38;2;85;46;33m[48;2;90;45;31mᘺ[38;2;88;45;31m[48;2;92;45;30mᚁ[38;2;86;44;30m[48;2;92;45;29mᙓ[38;2;88;45;29m[48;2;97;47;31mᙴ[38;2;91;44;29m[48;2;102;48;31mᙴ[38;2;97;44;29m[48;2;103;46;31mᏦ[38;2;103;44;31m[48;2;105;43;31mᑍ[38;2;109;41;32m[48;2;106;41;31mᥠ[38;2;110;38;31m[48;2;112;40;33m⡉[38;2;116;36;31m[48;2;115;38;33m៦[38;2;130;35;37m[48;2;123;37;34mᤝ[38;2;146;35;42m[48;2;159;37;47m▋[38;2;156;35;47m[48;2;153;33;47mዯ[38;2;110;19;29m[48;2;152;38;47m│[38;2;141;34;41m[48;2;147;34;43mᥖ[38;2;132;32;38m[48;2;137;34;40mᤜ[38;2;123;32;35m[48;2;129;32;37m⫙[38;2;115;33;31m[48;2;119;33;33mᖴ[38;2;109;32;28m[48;2;113;33;30m⠙[38;2;108;36;29m[48;2;111;35;30mᖜ[38;2;109;37;31m[48;2;112;37;31mᘺ[38;2;109;38;31m[48;2;112;38;32mᙢ[38;2;107;39;30m[48;2;111;38;31mᙓ[38;2;108;39;31m[48;2;112;38;32mᜏ[38;2;112;39;32m[48;2;108;40;31m▃[38;2;105;41;31m[48;2;109;40;32m⠙[38;2;103;41;31m[48;2;109;40;32mᜀ[38;2;107;41;32m[48;2;102;41;31m⣤[38;2;101;42;31m[48;2;104;41;31mᜀ[38;2;99;41;30m[48;2;103;41;31mᙢ[38;2;98;41;30m[48;2;102;40;30mᜀ[38;2;179;179;179m[48;2;98;42;32mᤝ[38;2;179;179;179m[48;2;98;43;31m▏[38;2;98;40;30m[48;2;94;42;31m▃[38;2;96;41;30m[48;2;93;42;31m▃[38;2;91;43;31m[48;2;94;42;30mᙧ[38;2;91;43;30m[48;2;88;44;30m⣄[38;2;86;45;30m[48;2;88;43;29mᙧ[38;2;86;43;29m[48;2;84;44;30m⣄[38;2;83;44;30m[48;2;81;46;32m⣆[38;2;79;46;33m[48;2;75;47;35m⣆[38;2;71;47;37m[48;2;75;47;36m⠹[38;2;66;48;40m[48;2;70;48;38mᙨ[38;2;66;48;40m[48;2;63;50;42m⣄[38;2;61;51;44m[48;2;63;49;42mᜀ[38;2;57;50;44m[48;2;58;49;43m⠙[38;2;53;49;44m[48;2;54;48;43mᙫ[38;2;51;49;45m[48;2;52;49;44mᙫ[38;2;50;48;45m[48;2;50;49;46m▃[38;2;49;49;48m[48;2;49;49;47mฐ[38;2;49;50;49m[48;2;49;49;48mஞ[38;2;49;49;49m[48;2;49;50;49m⣀[38;2;46;49;50m[48;2;47;49;49mᖲ[38;2;43;49;51m[48;2;44;48;50mᙓ[38;2;43;49;52m[48;2;43;48;51mᘺ[38;2;43;48;51m[48;2;43;49;51m⡀[38;2;42;49;51m[48;2;43;49;52mᓽ[38;2;43;49;52m[48;2;42;49;52m▖[38;2;41;49;51m[48;2;42;49;51mᙨ[38;2;39;47;49m[48;2;40;48;50mฐ[38;2;38;46;48m[48;2;39;47;49mᖴ[38;2;35;44;46m[48;2;37;45;47mฐ[38;2;35;44;46m[48;2;34;43;45m▖[38;2;33;43;44m[48;2;32;42;44m▍[38;2;32;42;43m[48;2;32;41;43mᚓ[38;2;33;42;44m[48;2;32;41;43m᱈[38;2;32;41;43m[48;2;33;42;43m⣠[38;2;33;41;43m[48;2;32;40;42mᚘ[0m
[38;2;69;55;49m[48;2;72;54;47m [38;2;72;54;47m[48;2;76;53;45mᚘ[38;2;76;53;44m[48;2;81;53;42mᙸ[38;2;79;52;42m[48;2;85;52;40m⠋[38;2;82;52;40m[48;2;88;50;37mᚌ[38;2;84;51;39m[48;2;90;49;36mᙴ[38;2;0;0;0m[48;2;89;48;37m▕[38;2;0;0;0m[48;2;92;48;34m▍[38;2;90;45;32m[48;2;98;45;32mᙴ[38;2;92;44;33m[48;2;100;46;32mᜏ[38;2;94;45;32m[48;2;100;44;31mᜀ[38;2;95;44;30m[48;2;101;45;31mᘝ[38;2;96;44;29m[48;2;100;44;30mᚁᙴ[38;2;100;45;30m[48;2;98;44;29mᲶ[38;2;101;47;31m[48;2;104;48;32mၿ[38;2;105;48;32m[48;2;108;49;34mᚋ[38;2;106;47;32m[48;2;108;47;34m⠋[38;2;107;44;31m[48;2;110;46;34m⠈[38;2;111;43;33m[48;2;114;43;34mᑰ[38;2;114;40;32m[48;2;116;41;34mᕬ[38;2;118;38;33m[48;2;122;39;35mⱣ[38;2;129;36;36m[48;2;144;36;40mᑍ[38;2;155;37;45m[48;2;148;37;42mⴼ[38;2;153;35;46m[48;2;136;26;35m▊[38;2;78;19;23m[48;2;149;36;46m│[38;2;148;36;44m[48;2;143;35;42m▍[38;2;133;33;40m[48;2;138;34;41mᨫ[38;2;130;33;38m[48;2;127;33;37m▋[38;2;121;32;34m[48;2;124;32;36mᖷ[38;2;117;33;32m[48;2;119;32;33mᜈ[38;2;114;34;31m[48;2;118;33;33mᜀ[38;2;119;33;33m[48;2;115;36;32m▃[38;2;120;35;34m[48;2;115;36;32m▃[38;2;119;35;33m[48;2;115;36;32m▃[38;2;119;35;33m[48;2;115;37;32m▃[38;2;118;36;33m[48;2;115;38;33m▃[38;2;117;38;34m[48;2;113;39;33m⣤[38;2;118;38;35m[48;2;113;39;33m⣤[38;2;113;39;33m[48;2;117;38;34mᜀ[38;2;117;39;34m[48;2;110;40;33m⣤[38;2;109;40;32m[48;2;115;38;33mᙧ[38;2;108;39;32m[48;2;113;38;33mᜈ[38;2;179;179;179m[48;2;110;39;32mᤝ[38;2;179;179;179m[48;2;113;39;33m▏[38;2;103;39;30m[48;2;110;39;32mᙓ[38;2;100;40;30m[48;2;106;40;31mᙧ[38;2;102;40;30m[48;2;97;40;29m⣄[38;2;93;41;28m[48;2;97;40;28mᜈ[38;2;90;41;28m[48;2;95;40;28mᜅ[38;2;89;42;29m[48;2;93;42;28mᙢ[38;2;85;43;29m[48;2;89;43;29m⫕[38;2;81;45;32m[48;2;84;45;30m⫚[38;2;77;46;34m[48;2;79;46;33mᖴ[38;2;72;47;37m[48;2;75;47;36m⫕[38;2;68;48;39m[48;2;71;47;37mᖦ[38;2;63;48;40m[48;2;67;48;39m⫙[38;2;57;47;42m[48;2;59;47;41mฒ[38;2;55;48;43m[48;2;56;47;42mᖴ[38;2;52;48;43m[48;2;53;48;43m⫚[38;2;50;47;44m[48;2;51;48;43mⲿ[38;2;49;48;46m[48;2;49;48;45m⫕[38;2;49;49;48m[48;2;48;48;47m⠉[38;2;48;48;48m[48;2;47;47;47m⠋[38;2;47;48;48m[48;2;46;47;47mᘋ[38;2;45;47;48m[48;2;45;47;49m▍[38;2;44;48;51m[48;2;44;48;50mᤜ[38;2;43;48;51m[48;2;44;48;51mᖣ[38;2;43;49;52m[48;2;43;49;51mⳚ[38;2;43;49;52m[48;2;42;49;52mᏺ[38;2;42;49;52m[48;2;41;48;51mᑥ[38;2;41;48;51m[48;2;40;47;50mዜ[38;2;39;47;49m[48;2;38;46;48m▊[38;2;38;46;48m[48;2;37;45;47m▍[38;2;36;44;46m[48;2;34;44;46m▋[38;2;32;42;44m[48;2;33;43;45mᱨ[38;2;32;41;43m[48;2;31;41;43mⵤᖜ[38;2;32;41;43m[48;2;31;40;42mᏼ[38;2;31;40;42m[48;2;30;39;41mᐒ[0m
[38;2;75;54;46m[48;2;78;54;45m [38;2;79;53;44m[48;2;83;53;42mᚓ[38;2;86;53;41m[48;2;91;52;39mᚓ[38;2;91;52;38m[48;2;98;51;37mᙸ[38;2;96;50;36m[48;2;105;49;37mᜏ[38;2;111;45;36m[48;2;99;48;35m▃[38;2;0;0;0m[48;2;103;45;35m▕[38;2;0;0;0m[48;2;109;45;35m▍[38;2;113;44;34m[48;2;106;44;32m▃[38;2;106;45;33m[48;2;113;45;35mᜏ[38;2;108;46;34m[48;2;115;47;36mᜠ[38;2;105;45;31m[48;2;110;46;33mᙧ[38;2;103;44;30m[48;2;108;44;30mᚋ[38;2;108;44;30m[48;2;102;44;29m▃[38;2;103;44;30m[48;2;109;45;31mᑣ[38;2;108;47;32m[48;2;115;45;33mᜏ[38;2;111;49;35m[48;2;119;41;34mᙴ[38;2;111;47;36m[48;2;118;42;34mᜈ[38;2;113;45;35m[48;2;120;43;36mᚋ[38;2;117;44;35m[48;2;120;41;35mᗞ[38;2;120;41;35m[48;2;126;37;36mᜣ[38;2;128;37;36m[48;2;144;38;41mᚘ[38;2;145;38;41m[48;2;153;38;44m▘[38;2;154;37;44m[48;2;160;37;47mᘯ[38;2;68;17;11m[48;2;153;35;45m᧔[38;2;43;14;13m[48;2;143;36;44m⅄[38;2;148;36;44m[48;2;144;34;42m▋[38;2;137;33;41m[48;2;140;34;41m⫙[38;2;132;33;39m[48;2;136;33;41mᖜ[38;2;127;33;37m[48;2;132;33;39mᖢ[38;2;124;32;35m[48;2;129;32;37mᜈ[38;2;129;32;37m[48;2;123;32;35m⣤[38;2;131;33;38m[48;2;125;33;36m⣤[38;2;125;34;36m[48;2;131;34;38mᙢ[38;2;124;34;35m[48;2;129;33;38mᘺ[38;2;123;34;35m[48;2;128;34;37mᜀ[38;2;122;35;35m[48;2;128;34;37mᜅ[38;2;122;37;36m[48;2;127;36;37mᙠ[38;2;122;37;36m[48;2;127;35;37mᜀ[38;2;127;36;37m[48;2;121;36;36m⣤[38;2;122;37;36m[48;2;127;35;37mᜅ[38;2;120;36;34m[48;2;126;35;36mᙓ[38;2;118;37;34m[48;2;124;34;36mᜅ[38;2;179;179;179m[48;2;127;36;37mᤝ[38;2;179;179;179m[48;2;114;37;32m▏[38;2;114;37;33m[48;2;117;34;33mᜈ[38;2;111;38;32m[48;2;114;36;32mᖦ[38;2;106;39;30m[48;2;110;38;31mᖧ[38;2;101;40;29m[48;2;105;38;29mᖦ[38;2;98;40;28m[48;2;101;39;29mᙘ[38;2;97;40;28m[48;2;95;40;28m⡆[38;2;90;42;29m[48;2;93;41;28m⫙[38;2;84;44;30m[48;2;88;42;29mᖴ[38;2;78;45;33m[48;2;81;45;32mᱍ[38;2;75;46;34m[48;2;76;46;33mⳖ[38;2;71;47;37m[48;2;73;47;35mᤝ[38;2;67;47;39m[48;2;69;47;38mᤝ[38;2;61;48;41m[48;2;64;47;40m⫚[38;2;59;48;42m[48;2;57;48;42m⡆[38;2;53;48;42m[48;2;55;48;42mฐ[38;2;51;47;43m[48;2;53;47;42mⲾ[38;2;49;47;44m[48;2;50;47;43m⫙[38;2;47;47;46m[48;2;48;47;45mᤕ[38;2;47;47;47m[48;2;46;47;46mᘺ[38;2;46;47;47m[48;2;46;46;46mᜊ[38;2;45;47;48m[48;2;45;46;47mᖷ[38;2;44;47;50m[48;2;44;47;49mข[38;2;44;48;50m[48;2;44;48;51m▋[38;2;43;48;51m[48;2;43;49;51m▋[38;2;42;49;51m[48;2;43;49;52m⠸[38;2;41;48;51m[48;2;42;49;51mⳇ[38;2;41;48;51m[48;2;40;47;50m⡀[38;2;38;46;48m[48;2;39;47;49mᤝ[38;2;36;44;47m[48;2;37;45;47mᝥ[38;2;36;44;46m[48;2;34;43;46m▍[38;2;33;43;45m[48;2;32;42;44mჄ[38;2;32;42;43m[48;2;31;41;43m▏[38;2;31;41;42m[48;2;31;41;43mῺ[38;2;30;40;41m[48;2;31;40;42m▕[38;2;29;38;40m[48;2;30;39;41mᨭ[0m
[38;2;79;53;44m[48;2;80;52;43m [38;2;86;52;40m[48;2;83;53;42mᥠ[38;2;89;51;38m[48;2;94;50;37m▍[38;2;100;47;34m[48;2;106;46;34m▋[38;2;112;44;36m[48;2;119;43;36mᘞ[38;2;119;42;37m[48;2;127;40;38mᙴ[38;2;0;0;0m[48;2;125;37;38m▕[38;2;0;0;0m[48;2;125;43;39m▍[38;2;121;43;37m[48;2;131;42;39mᘺ[38;2;122;45;38m[48;2;135;45;40mᜀ[38;2;144;44;41m[48;2;123;46;37m⣀[38;2;146;38;39m[48;2;120;44;36m⣀[38;2;139;37;36m[48;2;114;43;32m⣀[38;2;129;38;34m[48;2;111;45;32m▃[38;2;115;42;31m[48;2;128;37;34mᜏ[38;2;134;39;35m[48;2;122;41;33m⣤[38;2;137;38;37m[48;2;123;38;33m▃[38;2;148;38;38m[48;2;126;40;34m⣀[38;2;143;38;38m[48;2;128;40;36m▃[38;2;133;37;37m[48;2;163;40;44mᜣ[38;2;140;36;40m[48;2;167;39;46mᚑ[38;2;152;37;42m[48;2;171;38;44mᚁ[38;2;156;37;42m[48;2;172;38;44mᚑ[38;2;168;38;43m[48;2;79;20;14mᚘ[38;2;92;15;13m[48;2;24;16;8m᧓[38;2;147;34;47m[48;2;20;20;5m▕[38;2;147;37;44m[48;2;152;36;46mᖷ[38;2;142;35;42m[48;2;146;36;43m⠹[38;2;138;33;41m[48;2;143;35;42mᙧ[38;2;135;32;39m[48;2;141;33;40mᜀ[38;2;142;34;41m[48;2;134;32;38m⣤[38;2;135;33;38m[48;2;144;35;42mᙿ[38;2;145;34;44m[48;2;135;33;39m▃[38;2;145;34;42m[48;2;135;32;38m▃[38;2;146;35;44m[48;2;136;32;39m⣀[38;2;142;33;41m[48;2;134;33;39m▃[38;2;134;34;39m[48;2;141;33;41mᜅ[38;2;143;35;42m[48;2;134;35;39m▃▃[38;2;141;34;41m[48;2;133;35;39m▃[38;2;140;32;40m[48;2;133;34;39m▃[38;2;131;33;37m[48;2;140;33;39mᜈ[38;2;130;35;37m[48;2;140;36;41mᜠ[38;2;179;179;179m[48;2;127;36;37mᤝ[38;2;179;179;179m[48;2;125;34;36m▏[38;2;121;33;35m[48;2;124;32;36mᙨ[38;2;117;34;32m[48;2;120;34;34m⫚[38;2;113;36;31m[48;2;116;35;32mᙫ[38;2;110;36;30m[48;2;107;37;29m⡆[38;2;100;38;28m[48;2;103;37;28mᥖ[38;2;97;39;28m[48;2;97;38;27mᙗ[38;2;93;40;28m[48;2;94;39;27mⲿ[38;2;88;42;29m[48;2;90;41;28m⫈[38;2;80;44;32m[48;2;84;42;30mᤝ[38;2;75;45;33m[48;2;77;45;33mᱶ[38;2;73;46;34m[48;2;71;46;36m▋[38;2;67;47;38m[48;2;69;47;37mᤜ[38;2;64;46;38m[48;2;61;47;39m▋[38;2;57;47;41m[48;2;59;47;41mᥠ[38;2;55;47;41m[48;2;56;47;41mᨰ[38;2;52;47;42m[48;2;53;46;41mฒ[38;2;51;47;42m[48;2;50;47;42m▋[38;2;48;47;44m[48;2;49;47;43m⫡[38;2;47;47;45m[48;2;46;46;46m▋[38;2;46;46;46m[48;2;45;46;46mᑧ[38;2;45;47;48m[48;2;45;46;47m⢰[38;2;45;47;50m[48;2;45;47;49m⢰[38;2;44;48;51m[48;2;44;47;50mⴼ[38;2;44;48;51m[48;2;44;49;52mჄ[38;2;43;49;52m[48;2;43;49;52m [38;2;43;49;52m[48;2;42;49;51m▏[38;2;41;48;51m[48;2;40;48;50m▋[38;2;38;46;48m[48;2;39;47;49mᨭ[38;2;36;44;46m[48;2;37;45;47mᤝ[38;2;34;43;45m[48;2;33;43;44m▊[38;2;32;41;43m[48;2;32;42;44mᣌ[38;2;31;41;42m[48;2;31;41;43mᨀ[38;2;31;40;42m[48;2;31;41;42mহ[38;2;31;40;42m[48;2;30;40;41m▋[38;2;29;39;40m[48;2;30;40;41m⫵[0m
[38;2;80;51;41m[48;2;77;51;41m [38;2;85;51;39m[48;2;82;51;40m⫬[38;2;94;47;34m[48;2;89;49;36mᤝ[38;2;100;46;33m[48;2;107;44;33m▋[38;2;116;43;35m[48;2;123;40;35m▋[38;2;134;38;38m[48;2;129;39;37mᨰ[38;2;0;0;0m[48;2;137;36;39m▕[38;2;0;0;0m[48;2;135;35;37m▍[38;2;160;36;38m[48;2;226;41;36m⠉[38;2;161;36;39m[48;2;215;39;40m⠉[38;2;162;38;42m[48;2;200;42;45mᙧ[38;2;153;37;41m[48;2;127;33;40m⡍[38;2;152;37;40m[48;2;89;24;24m⠉[38;2;147;38;38m[48;2;61;18;15m⠉[38;2;144;38;39m[48;2;56;21;12m⠉[38;2;148;35;37m[48;2;48;20;10m⠉[38;2;153;38;40m[48;2;31;21;9m⠉[38;2;155;32;41m[48;2;10;16;10mᘺ[38;2;157;37;41m[48;2;8;18;9mᘺ[38;2;163;33;42m[48;2;8;18;8mᘺ[38;2;167;33;42m[48;2;8;19;8mᘺ[38;2;174;36;44m[48;2;9;19;6mᘺ[38;2;173;35;42m[48;2;11;20;4m⠉[38;2;12;20;3m[48;2;121;23;22mꘀ[38;2;13;20;2m[48;2;76;14;13mꘀ[38;2;14;19;3m[48;2;12;21;3mᜀ[38;2;158;36;46m[48;2;12;21;3m⠉[38;2;153;35;45m[48;2;12;21;3mᘺ[38;2;150;35;44m[48;2;10;21;3mᘺ[38;2;147;33;43m[48;2;10;18;3mᘺ[38;2;146;31;42m[48;2;11;21;1mᘺ[38;2;148;33;43m[48;2;11;20;4mᘺ[38;2;148;35;44m[48;2;14;19;3mᘺ[38;2;147;35;44m[48;2;19;21;6mᘺ[38;2;147;35;45m[48;2;30;21;10mᘺ[38;2;145;33;43m[48;2;37;19;8mᘺ[38;2;150;34;44m[48;2;51;22;11m⠉[38;2;149;36;45m[48;2;91;29;24m⠉[38;2;150;37;46m[48;2;122;32;35m⢉[38;2;167;39;47m[48;2;149;36;43m⣠[38;2;153;36;45m[48;2;191;39;43mᙴ[38;2;152;37;44m[48;2;226;41;37mᘺ[38;2;232;42;38m[48;2;150;34;37mᡸ[38;2;179;179;179m[48;2;129;32;37mᤝ[38;2;179;179;179m[48;2;129;34;37m▏[38;2;124;32;36m[48;2;126;31;36m⫭[38;2;121;33;35m[48;2;118;33;33m▋[38;2;111;33;31m[48;2;114;33;32mᤝ[38;2;105;34;29m[48;2;108;34;30mᤝ[38;2;102;36;28m[48;2;100;36;28m▍[38;2;97;37;27m[48;2;99;37;28mጥ[38;2;93;38;27m[48;2;95;38;28m⫚[38;2;90;39;27m[48;2;87;40;28m▋[38;2;79;42;30m[48;2;83;41;29mᤝ[38;2;76;44;32m[48;2;74;45;33m▋[38;2;71;45;35m[48;2;72;45;33mᤝ[38;2;68;46;37m[48;2;70;46;36m⫬[38;2;65;46;38m[48;2;62;47;39m▋[38;2;57;46;40m[48;2;59;46;40m⫭[38;2;54;46;41m[48;2;55;46;40mᣃ[38;2;52;46;41m[48;2;53;46;41mᱶ[38;2;50;46;42m[48;2;49;46;42m▊[38;2;48;46;43m[48;2;47;46;43mᑬ[38;2;47;46;44m[48;2;46;46;45m▍[38;2;45;46;46m[48;2;46;46;46m⠙[38;2;45;46;47m[48;2;45;46;48m▍[38;2;44;47;50m[48;2;44;47;49mᤝ[38;2;44;47;51m[48;2;44;48;51m⡆[38;2;44;48;52m[48;2;44;49;52mኅ[38;2;44;49;52m[48;2;43;49;52mߤ[38;2;42;48;52m[48;2;42;48;51mय[38;2;40;47;50m[48;2;41;48;51mᱸ[38;2;39;46;49m[48;2;38;45;47m▋[38;2;37;44;47m[48;2;36;43;46m▍[38;2;33;42;44m[48;2;34;43;45mᤝ[38;2;32;42;44m[48;2;33;42;44mᖴ[38;2;31;41;43m[48;2;32;42;44mᔅ[38;2;31;41;43m[48;2;32;42;43m⟨[38;2;31;40;42m[48;2;31;41;43m⠈[38;2;29;39;40m[48;2;30;40;42m⎺[0m
[38;2;78;51;41m[48;2;76;50;41m [38;2;84;50;38m[48;2;81;51;41mᤝ[38;2;89;47;36m[48;2;96;46;34m▋[38;2;109;45;35m[48;2;102;45;33mᨰ[38;2;126;41;37m[48;2;118;43;36mᤝ[38;2;131;40;38m[48;2;136;38;39m▍[38;2;98;16;20m[48;2;139;34;39m▕[38;2;0;0;0m[48;2;129;33;36m▋[38;2;151;34;36m[48;2;230;41;36m▍[38;2;217;43;41m[48;2;229;42;37m⫕[38;2;189;43;46m[48;2;208;44;44m⫙[38;2;146;34;45m[48;2;170;41;49mฑ[38;2;93;26;27m[48;2;128;31;38m⫙[38;2;73;23;18m[48;2;89;27;24mᙧ[38;2;75;25;19m[48;2;57;22;12m▖[38;2;39;22;11m[48;2;47;22;11m᧵[38;2;28;21;9m[48;2;35;23;9mᙧ[38;2;19;19;8m[48;2;28;21;9mᜊ[38;2;8;20;9m[48;2;16;20;8mᙗ[38;2;11;20;9m[48;2;7;20;8m⡀[38;2;6;20;8m[48;2;7;20;9mꗽ[38;2;7;19;7m[48;2;6;20;8m⠉[38;2;8;20;6m[48;2;7;20;8mᖜ[38;2;8;20;5m[48;2;7;20;8mᘺ[38;2;9;20;5m[48;2;7;20;8mᘺ[38;2;7;21;9m[48;2;8;20;5m⣤[38;2;8;20;5m[48;2;7;20;8mᙢ[38;2;8;20;4m[48;2;6;20;8mᙓ[38;2;9;20;4m[48;2;6;20;7m⠉[38;2;9;20;4m[48;2;7;20;7mᙓ[38;2;11;21;5m[48;2;9;21;6m⫚[38;2;13;21;5m[48;2;15;21;7mᚘ[38;2;18;20;7m[48;2;16;21;6m⣠[38;2;20;21;7m[48;2;25;21;10mᘮ[38;2;29;21;10m[48;2;33;21;10mᑬ[38;2;45;21;11m[48;2;38;21;10m▗[38;2;56;22;13m[48;2;69;23;16mᑬ[38;2;128;32;38m[48;2;87;27;24mᥥ[38;2;145;36;44m[48;2;159;39;47mᑬ[38;2;170;40;48m[48;2;188;43;46mᘫ[38;2;216;43;40m[48;2;198;43;43mᥥ[38;2;228;42;36m[48;2;234;43;36m▍[38;2;154;34;38m[48;2;235;44;38mᥠ[38;2;140;33;39m[48;2;179;179;179m▋[38;2;146;86;88m[48;2;132;33;38m▏[38;2;124;32;36m[48;2;126;32;37m⫚[38;2;119;34;35m[48;2;122;33;36m᧶[38;2;113;34;32m[48;2;116;34;33m⫙[38;2;106;36;30m[48;2;109;35;31m⠸[38;2;103;36;29m[48;2;106;36;30mᙧ[38;2;100;38;29m[48;2;102;37;29m⫚[38;2;97;39;29m[48;2;93;39;29m▍[38;2;88;40;28m[48;2;90;40;28mᣂ[38;2;84;42;30m[48;2;81;42;30m▋[38;2;75;44;33m[48;2;78;44;33m⫬[38;2;73;45;34m[48;2;73;45;36mᓓ[38;2;71;45;36m[48;2;67;46;38mᑥ[38;2;60;47;40m[48;2;64;47;39mᨰ[38;2;56;46;41m[48;2;58;47;40mᨰ[38;2;55;46;41m[48;2;53;46;41m▋[38;2;51;45;41m[48;2;52;46;41mᨢ[38;2;49;46;42m[48;2;50;45;42mᱏ[38;2;47;46;44m[48;2;48;46;43mᨰ[38;2;46;46;45m[48;2;46;47;46mᗠ[38;2;46;47;46m[48;2;46;47;47m▘[38;2;45;46;48m[48;2;44;46;48m▋[38;2;44;46;49m[48;2;44;47;50m▋[38;2;44;47;51m[48;2;44;48;51m▋[38;2;44;49;52m[48;2;44;48;52mฑ[38;2;42;48;51m[48;2;43;49;52m៦[38;2;42;48;51m[48;2;41;48;51m⠇[38;2;40;47;49m[48;2;40;47;50mᤝ[38;2;38;45;48m[48;2;39;46;49mᤕ[38;2;37;44;47m[48;2;38;45;48m⫬[38;2;34;42;45m[48;2;35;43;46mฑ[38;2;33;42;44m[48;2;34;42;45mⳖ[38;2;32;42;44m[48;2;33;42;44mꮼ[38;2;32;42;43m[48;2;32;42;44mꝍ[38;2;31;41;43m[48;2;32;41;43m⠈[38;2;31;42;43m[48;2;32;41;43mව[0m
[38;2;77;50;41m[48;2;75;49;41m [38;2;81;50;39m[48;2;78;50;41m⫚[38;2;93;47;37m[48;2;86;50;38m⫙[38;2;106;45;35m[48;2;99;47;36m⫚[38;2;120;42;37m[48;2;112;44;34m⫚[38;2;128;41;38m[48;2;134;38;39m▍[38;2;143;37;41m[48;2;140;37;40m⢰[38;2;0;0;0m[48;2;129;33;36mℸ[38;2;205;39;37m[48;2;129;33;36mᤕ[38;2;238;42;36m[48;2;221;39;36mꗪ[38;2;218;44;42m[48;2;232;42;39m⫚[38;2;184;43;48m[48;2;205;45;45mᖧ[38;2;143;37;44m[48;2;165;42;50m⫕[38;2;101;28;27m[48;2;129;33;38mᖲ[38;2;78;25;19m[48;2;103;29;29mᜊ[38;2;57;23;13m[48;2;75;24;19mᙧ[38;2;47;23;11m[48;2;61;22;15mᙨ[38;2;33;22;10m[48;2;42;22;11m⫕[38;2;36;22;9m[48;2;25;20;9m▃[38;2;16;20;9m[48;2;30;21;9mᙓ[38;2;9;20;9m[48;2;27;21;9mᙢ[38;2;24;20;8m[48;2;10;20;10m⣤[38;2;21;21;5m[48;2;9;20;10m▃[38;2;19;22;6m[48;2;8;20;10m▃▃[38;2;18;22;6m[48;2;8;20;10m▃[38;2;7;20;9m[48;2;16;21;8mᜏ[38;2;15;20;8m[48;2;7;19;9m⣤[38;2;8;20;8m[48;2;18;20;10mᚌ[38;2;9;20;8m[48;2;22;21;11mᘺ[38;2;15;20;8m[48;2;28;21;11mᘺ[38;2;21;20;10m[48;2;31;23;11mᘺ[38;2;23;20;10m[48;2;31;21;9mᘺ[38;2;41;21;10m[48;2;32;21;10m⣠[38;2;68;23;16m[48;2;39;21;11m⣠[38;2;53;21;15m[48;2;83;25;22mᘗ[38;2;89;25;23m[48;2;128;33;39mᘝ[38;2;140;35;43m[48;2;157;37;46mᘫ[38;2;174;40;47m[48;2;191;43;45mᘞ[38;2;202;44;42m[48;2;216;43;39mᘫ[38;2;231;42;35m[48;2;221;42;38mᩄ[38;2;204;39;37m[48;2;236;42;32m⢀[38;2;193;38;38m[48;2;141;33;39mჄ[38;2;179;179;179m[48;2;138;35;39m⩣[38;2;139;35;41m[48;2;133;33;39mႴ[38;2;129;33;38m[48;2;126;32;37m▋[38;2;120;33;34m[48;2;124;33;36m᧶[38;2;118;33;33m[48;2;115;34;32m▋[38;2;113;34;32m[48;2;110;34;31m▍[38;2;107;35;30m[48;2;105;36;30m▊[38;2;103;36;30m[48;2;100;37;29m▋[38;2;97;38;29m[48;2;93;39;29m▍[38;2;87;42;30m[48;2;89;41;29mᤝ[38;2;84;43;30m[48;2;81;44;31m▍[38;2;76;45;33m[48;2;78;44;33mᤝ[38;2;74;45;36m[48;2;70;45;36mᑍ[38;2;62;45;38m[48;2;66;46;38mᨭ[38;2;57;46;40m[48;2;59;46;39mᥗ[38;2;55;46;41m[48;2;56;46;41mᣉ[38;2;52;46;41m[48;2;54;46;41mᤝ[38;2;52;46;41m[48;2;51;46;42mჄ[38;2;50;46;43m[48;2;49;47;44mᑬ[38;2;48;47;45m[48;2;47;47;46m▋[38;2;47;47;47m[48;2;46;47;47mब[38;2;45;47;49m[48;2;46;47;48m⢀[38;2;45;47;50m[48;2;45;47;49m▗[38;2;44;47;51m[48;2;44;47;50m⢰[38;2;44;48;51m[48;2;44;47;51mந[38;2;43;48;52m[48;2;42;47;51mᜣ[38;2;41;47;51m[48;2;42;48;51m⣀[38;2;41;48;51m[48;2;41;47;50mᏺ[38;2;40;47;49m[48;2;40;47;50m៨[38;2;39;46;48m[48;2;39;47;49mᤝ[38;2;37;45;47m[48;2;38;45;48m⫚[38;2;35;43;45m[48;2;36;44;46mᤗ[38;2;34;42;44m[48;2;34;43;45mᢿ[38;2;33;43;44m[48;2;33;42;44m˴[38;2;32;41;43m[48;2;33;42;44mข[38;2;33;42;43m[48;2;32;41;43m▃▃[0m
[38;2;70;49;42m[48;2;73;51;43m [38;2;78;51;42m[48;2;76;52;44mᙪ[38;2;86;50;39m[48;2;81;51;41m⫙[38;2;96;48;36m[48;2;90;49;38mᖦ[38;2;109;45;36m[48;2;100;48;36m⫙[38;2;130;39;38m[48;2;118;42;37m⫙[38;2;143;37;42m[48;2;136;37;41m⫫[38;2;0;0;0m[48;2;148;37;44mᢕ[38;2;0;0;0m[48;2;129;33;36mꢝ[38;2;236;41;34m[48;2;143;34;40m⫙[38;2;229;44;39m[48;2;238;43;37mᤕ[38;2;213;43;43m[48;2;227;44;40mᖦ[38;2;180;42;49m[48;2;204;45;45mᖦ[38;2;153;37;46m[48;2;178;43;48mᜊ[38;2;116;30;36m[48;2;141;36;43mᖦ[38;2;118;30;36m[48;2;95;25;26m⣄[38;2;75;22;20m[48;2;96;27;27mᜈ[38;2;53;22;13m[48;2;78;24;20mᙢ[38;2;46;22;11m[48;2;62;21;16mᙧ[38;2;53;22;13m[48;2;42;22;11m⣄[38;2;39;23;10m[48;2;46;22;11mᜈ[38;2;34;23;10m[48;2;40;22;11mᙓ[38;2;29;22;8m[48;2;35;23;10mᖢ[38;2;26;23;7m[48;2;32;23;10mᘺ[38;2;24;22;7m[48;2;31;23;10mᘺ[38;2;33;23;10m[48;2;25;22;7m⣤[38;2;34;23;11m[48;2;24;22;8m⣤[38;2;24;20;10m[48;2;35;22;12mᜈ[38;2;37;22;12m[48;2;24;20;11m▃[38;2;41;22;13m[48;2;26;20;10m▃[38;2;27;20;10m[48;2;45;22;13mᜏ[38;2;30;21;8m[48;2;53;22;14mᙴ[38;2;44;22;11m[48;2;65;23;16m⠋[38;2;68;23;16m[48;2;90;25;25mᜣ[38;2;83;25;22m[48;2;117;31;36mᙸ[38;2;112;30;33m[48;2;135;34;42mᏦ[38;2;145;36;43m[48;2;166;40;49mᘝ[38;2;176;41;47m[48;2;195;43;45mᘝ[38;2;199;44;42m[48;2;215;43;39mᑣ[38;2;220;43;38m[48;2;231;42;34mᑋ[38;2;238;41;32m[48;2;223;41;35mꗷ[38;2;141;33;39m[48;2;219;41;36mᨰ[38;2;179;179;179m[48;2;140;33;39mᥜ[38;2;135;34;38m[48;2;179;179;179mⴼ[38;2;131;33;37m[48;2;135;33;39mᥥ[38;2;128;33;37m[48;2;125;33;36mᘫ[38;2;123;33;35m[48;2;119;35;33mᑣ[38;2;116;34;32m[48;2;112;35;31mᑥ[38;2;107;36;30m[48;2;110;35;31mᥥ[38;2;105;36;30m[48;2;102;37;29mᘝ[38;2;97;38;29m[48;2;100;37;29mᥥ[38;2;94;39;29m[48;2;92;40;29m▍[38;2;88;41;30m[48;2;84;42;30m▋[38;2;78;44;31m[48;2;81;43;30mᥠ[38;2;73;44;33m[48;2;76;44;33mᨭ[38;2;65;45;36m[48;2;69;44;34mᥠ[38;2;59;45;39m[48;2;62;45;38mᥠ[38;2;56;46;40m[48;2;57;45;40mᦱ[38;2;55;46;41m[48;2;54;46;42m▋[38;2;52;47;42m[48;2;53;46;42m⢰[38;2;50;46;43m[48;2;51;46;43m⢰[38;2;49;47;44m[48;2;48;46;44mᑋ[38;2;46;47;46m[48;2;47;47;45mᨭ[38;2;46;47;48m[48;2;46;47;47m▕[38;2;45;47;48m[48;2;45;47;49m▋[38;2;45;47;50m[48;2;44;47;49mຟ[38;2;43;46;49m[48;2;44;47;50m⣀[38;2;43;47;50m[48;2;42;46;49mᜣ[38;2;42;47;50m[48;2;41;46;49mᙴ[38;2;41;47;50m[48;2;40;46;49mᙓ[38;2;40;47;50m[48;2;39;46;49mᘪ[38;2;39;47;49m[48;2;39;46;49m⠋[38;2;39;46;49m[48;2;38;45;48mᚓ[38;2;37;44;47m[48;2;38;45;48m᥇[38;2;36;43;46m[48;2;36;44;47mᰁ[38;2;34;43;45m[48;2;35;43;46mᱶ[38;2;33;43;45m[48;2;33;42;44mၮ[38;2;32;41;43m[48;2;33;42;44m⣀⡀[38;2;35;43;46m[48;2;33;42;44m⢀[0m
[38;2;69;50;44m[48;2;73;51;45m [38;2;76;52;44m[48;2;78;51;42m▊[38;2;80;51;41m[48;2;84;50;39m▋[38;2;91;50;37m[48;2;88;50;38mᤝ[38;2;98;48;35m[48;2;94;49;36mᤝ[38;2;109;45;35m[48;2;103;47;34m⫙[38;2;128;40;40m[48;2;114;45;35mᖦ[38;2;144;37;43m[48;2;130;39;38mᙨ[38;2;0;0;0m[48;2;149;36;44mฐ[38;2;143;34;40m[48;2;0;0;0mᖴ[38;2;241;42;33m[48;2;143;34;39mᖦ[38;2;228;44;40m[48;2;241;41;36mᜮ[38;2;219;44;41m[48;2;236;43;38mᖦ[38;2;197;46;47m[48;2;219;44;42mᙧ[38;2;169;41;48m[48;2;195;46;48mᖦ[38;2;143;36;44m[48;2;171;41;50mᙧ[38;2;122;31;39m[48;2;145;36;46mᙗ[38;2;105;29;31m[48;2;128;32;40mᙧ[38;2;85;23;22m[48;2;115;31;34mᙧ[38;2;71;21;18m[48;2;99;28;29mᜈ[38;2;65;21;15m[48;2;82;24;22mᙢ[38;2;54;21;12m[48;2;78;23;19mᘺ[38;2;45;22;11m[48;2;73;22;18mᙢ[38;2;43;22;11m[48;2;70;22;17mᜈ[38;2;67;22;17m[48;2;42;22;11m▃[38;2;65;21;16m[48;2;44;23;12m▃[38;2;65;23;17m[48;2;48;23;13m▃[38;2;64;23;18m[48;2;49;23;15m▃[38;2;51;23;15m[48;2;66;23;17mᜏ[38;2;57;23;16m[48;2;75;25;20mᚑ[38;2;65;24;18m[48;2;86;28;25mᜏ[38;2;74;26;21m[48;2;102;31;32mᚌ[38;2;88;28;26m[48;2;118;32;37mᚑ[38;2;113;30;34m[48;2;138;35;44mᚑ[38;2;135;34;41m[48;2;155;38;46mᘪ[38;2;161;40;47m[48;2;186;43;46mᚑ[38;2;187;43;46m[48;2;209;44;41mᘗ[38;2;212;45;41m[48;2;227;42;36mᘝ[38;2;229;42;36m[48;2;239;41;32m⠋[38;2;239;40;32m[48;2;179;36;37mᜣ[38;2;140;33;39m[48;2;220;41;36m᪀[38;2;179;178;178m[48;2;140;33;39mᥤ[38;2;179;178;178m[48;2;143;36;40mᏺ[38;2;132;34;37m[48;2;137;34;39mᥠ[38;2;125;35;34m[48;2;129;34;36m⢰[38;2;119;35;32m[48;2;123;34;34m⢰[38;2;114;36;31m[48;2;118;35;32mᩄ[38;2;109;36;30m[48;2;112;36;31mᩄ[38;2;104;36;29m[48;2;107;36;30mᨭ[38;2;101;37;29m[48;2;98;37;28mᏼ[38;2;95;38;28m[48;2;93;39;28mᑥ[38;2;86;41;29m[48;2;90;40;29m▗[38;2;81;43;30m[48;2;84;42;30mᥠ[38;2;79;43;31m[48;2;77;44;31m▋[38;2;69;44;35m[48;2;73;44;33m⢰[38;2;62;45;37m[48;2;66;45;36mᥠ[38;2;59;45;38m[48;2;57;45;39m▋[38;2;55;45;40m[48;2;56;45;39mᲹ[38;2;54;46;41m[48;2;52;45;41mᚑ[38;2;53;46;42m[48;2;51;46;42mᏦ[38;2;50;46;43m[48;2;49;47;44mᑎ[38;2;48;46;44m[48;2;47;47;45mᏼ[38;2;46;46;46m[48;2;47;47;47mᚑ[38;2;46;47;47m[48;2;46;47;48mᑥ[38;2;46;47;49m[48;2;45;47;49m⡆[38;2;44;46;49m[48;2;44;47;50mᖲ[38;2;42;46;49m[48;2;43;46;49mᤝ[38;2;42;46;49m[48;2;41;46;49m▍[38;2;40;45;48m[48;2;40;46;49mᳲ[38;2;39;46;49m[48;2;39;45;48m࿀[38;2;38;45;48m[48;2;39;45;48mᱸ[38;2;38;45;47m[48;2;38;45;48m⣠[38;2;38;45;48m[48;2;37;44;47m⠋[38;2;36;43;46m[48;2;37;44;47mᩄ[38;2;35;43;45m[48;2;34;42;44mᚘ[38;2;33;41;44m[48;2;34;42;44m᧸[38;2;32;40;43m[48;2;33;41;43mᨭ[38;2;32;40;42m[48;2;32;41;43mᴐ[38;2;34;43;45m[48;2;33;41;43mᥠ[38;2;36;44;46m[48;2;38;47;49mᑥ[0m
[38;2;74;53;45m[48;2;71;52;45m [38;2;79;52;42m[48;2;76;53;44mᤝ[38;2;85;51;40m[48;2;82;52;41m⠸[38;2;90;50;37m[48;2;87;51;39m⫙[38;2;95;49;36m[48;2;92;50;37m⫙[38;2;101;47;34m[48;2;98;49;35mⳖ[38;2;112;45;34m[48;2;106;46;33mฑ[38;2;123;42;36m[48;2;115;44;34mᖷ[38;2;140;37;42m[48;2;131;38;38mᖴ[38;2;25;1;2m[48;2;148;36;42mข[38;2;0;0;0m[48;2;130;33;36mߕ[38;2;236;42;33m[48;2;129;33;36mข[38;2;242;43;36m[48;2;143;34;36mᜊ[38;2;236;44;38m[48;2;242;42;35mᖢ[38;2;216;44;42m[48;2;238;43;37mᖦ[38;2;196;44;47m[48;2;223;43;39mᙧ[38;2;170;41;49m[48;2;207;45;45mᙓ[38;2;161;39;48m[48;2;196;44;47mᜀ[38;2;144;36;44m[48;2;173;41;49mᙧ[38;2;129;33;39m[48;2;155;38;47mᙧ[38;2;116;31;34m[48;2;142;35;43mᙓ[38;2;97;25;26m[48;2;132;34;40mᙓ[38;2;129;33;39m[48;2;93;25;24m⣤[38;2;125;32;38m[48;2;89;25;23m⣤[38;2;87;25;23m[48;2;123;31;37mᜈ[38;2;123;33;38m[48;2;86;26;23m▃[38;2;84;26;24m[48;2;122;33;38mᜏ[38;2;86;27;24m[48;2;125;33;39mᚌ[38;2;97;29;28m[48;2;128;34;41mᙴ[38;2;108;31;33m[48;2;135;34;43mᚌ[38;2;115;32;37m[48;2;139;36;43mᙴ[38;2;130;35;42m[48;2;152;38;47mᚑ[38;2;141;35;44m[48;2;166;38;46mᚑ[38;2;156;38;46m[48;2;196;44;45mᚑ[38;2;178;40;46m[48;2;209;45;42mᘗ[38;2;209;44;41m[48;2;228;41;33mᚑ[38;2;223;42;35m[48;2;238;40;30mᘗ[38;2;239;40;30m[48;2;169;35;37mᜦ[38;2;238;42;33m[48;2;141;33;39mᘗ[38;2;179;179;179m[48;2;140;33;39m⢀[38;2;179;179;179m[48;2;141;36;40mᩑ[38;2;140;36;39m[48;2;178;177;177mᶐ[38;2;137;35;38m[48;2;134;34;38mᑣ[38;2;125;34;34m[48;2;131;34;36m▗[38;2;118;35;32m[48;2;124;35;33m⣠[38;2;114;35;30m[48;2;118;35;31m⣠[38;2;114;36;31m[48;2;110;34;29mᓔ[38;2;105;35;28m[48;2;109;36;29mᥥ[38;2;103;36;28m[48;2;100;36;28mᗠ[38;2;94;37;27m[48;2;97;37;27m᧶[38;2;90;39;28m[48;2;92;38;28mᨭ[38;2;83;41;29m[48;2;87;40;29mᱶ[38;2;81;43;30m[48;2;79;43;31mᑍ[38;2;77;44;32m[48;2;72;44;34mᘮ[38;2;64;45;36m[48;2;70;44;35mᩄ[38;2;59;45;38m[48;2;61;45;37mᥥ[38;2;55;45;40m[48;2;57;45;39mᤝ[38;2;53;45;41m[48;2;54;45;40m▗[38;2;52;45;41m[48;2;51;46;42mᚘ[38;2;49;46;43m[48;2;50;46;42m៨[38;2;47;47;45m[48;2;49;46;43m᧹[38;2;47;47;46m[48;2;47;47;47mᑋ[38;2;47;47;47m[48;2;46;47;48mᙸ[38;2;46;48;50m[48;2;46;47;49m▗[38;2;46;47;49m[48;2;45;47;50mႴ[38;2;44;47;50m[48;2;44;47;51mᗞ[38;2;42;46;50m[48;2;43;47;50mᣉ[38;2;40;46;49m[48;2;41;46;49m▕[38;2;40;45;48m[48;2;39;45;48m▋[38;2;38;44;47m[48;2;38;45;48mᤃ[38;2;38;44;47m[48;2;37;44;47mᑆ[38;2;37;44;47m[48;2;37;44;46mᘿ[38;2;37;44;46m[48;2;36;44;46mᑣ[38;2;36;43;46m[48;2;35;42;45m▋[38;2;34;42;44m[48;2;33;41;44m▊[38;2;33;42;44m[48;2;33;41;44m⢰[38;2;32;41;43m[48;2;33;42;44mฑ[38;2;32;41;42m[48;2;32;41;43m⁵[38;2;33;43;44m[48;2;36;45;46m▍[38;2;42;51;53m[48;2;39;47;49mᤝ[0m
[38;2;71;53;45m[48;2;72;53;45m [38;2;77;53;43m[48;2;74;53;45m⫙[38;2;81;53;41m[48;2;79;53;43m⫙[38;2;86;52;40m[48;2;83;52;41m⫙[38;2;90;50;36m[48;2;88;51;38mᖦ[38;2;97;49;35m[48;2;93;50;36m⠸[38;2;104;47;33m[48;2;99;48;34m⠹[38;2;108;44;32m[48;2;104;46;33mᙨ[38;2;124;40;36m[48;2;113;43;33mฐ[38;2;140;36;40m[48;2;122;43;36mᙧ[38;2;138;38;39m[48;2;149;36;42mᝏ[38;2;0;0;0m[48;2;151;37;43mᎽ[38;2;129;33;36m[48;2;32;1;2m⡙[38;2;231;40;32m[48;2;129;33;36mᕎ[38;2;138;33;36m[48;2;243;41;33m⣄[38;2;191;36;33m[48;2;241;42;37m⡀[38;2;229;44;40m[48;2;241;43;37mᖜ[38;2;221;44;41m[48;2;238;44;38mᙓ[38;2;208;45;44m[48;2;231;44;40mᙓ[38;2;192;43;47m[48;2;219;45;42mᙓ[38;2;172;40;48m[48;2;207;45;44mᙓ[38;2;203;46;46m[48;2;161;39;48m⣤[38;2;157;39;48m[48;2;195;45;47mᜈ[38;2;193;44;47m[48;2;154;38;48m▃[38;2;188;44;48m[48;2;153;38;48m▃[38;2;189;45;48m[48;2;154;39;49m⣤[38;2;156;39;48m[48;2;190;44;46mᜈ[38;2;156;39;47m[48;2;191;44;46mᜏ[38;2;197;44;47m[48;2;159;39;47m⣤[38;2;163;39;47m[48;2;206;45;44mᚌ[38;2;172;40;47m[48;2;210;45;43mᘺ[38;2;184;42;46m[48;2;217;45;41mᘺ[38;2;208;45;43m[48;2;227;44;37mᚌ[38;2;216;44;39m[48;2;235;42;35mᙴ[38;2;236;41;33m[48;2;222;43;38mᶏ[38;2;238;40;31m[48;2;154;34;38mᜣ[38;2;234;41;31m[48;2;140;33;39mᘗ[38;2;175;170;170m[48;2;140;33;39m⢀[38;2;179;179;179m[48;2;144;36;42mȁ[38;2;179;179;179m[48;2;143;36;42m⸄[38;2;136;34;38m[48;2;142;36;42mᬡ[38;2;133;34;38m[48;2;128;34;36mᚘ[38;2;129;34;36m[48;2;123;35;33mᚑ[38;2;116;36;31m[48;2;122;35;33mᨰ[38;2;113;36;30m[48;2;109;36;29mᙹ[38;2;111;36;30m[48;2;107;36;29mᙴ[38;2;108;34;29m[48;2;105;36;28mᘗ[38;2;102;35;27m[48;2;103;36;28mॠ[38;2;100;36;27m[48;2;101;36;27m⫚[38;2;94;38;29m[48;2;98;37;27mᤝ[38;2;91;39;28m[48;2;87;41;29mᑍ[38;2;81;42;30m[48;2;84;41;29mᨰ[38;2;78;43;32m[48;2;74;44;33mᚘ[38;2;71;45;34m[48;2;64;44;36mᘞ[38;2;62;45;37m[48;2;59;45;38mᑋ[38;2;58;45;39m[48;2;57;46;40mᑣ[38;2;56;46;40m[48;2;55;46;41mᏦ[38;2;52;46;43m[48;2;53;46;42m▗[38;2;49;46;43m[48;2;51;46;42m⢰[38;2;48;46;43m[48;2;47;46;44mᘞ[38;2;47;47;45m[48;2;47;47;47mᑥ[38;2;47;47;47m[48;2;46;47;48mᑍ[38;2;46;47;49m[48;2;45;47;49m⠋[38;2;45;47;50m[48;2;44;47;50mᘗ[38;2;44;47;51m[48;2;43;46;50mᚅ[38;2;42;46;49m[48;2;43;46;50m⣠[38;2;41;46;49m[48;2;42;46;50m᧹[38;2;41;46;49m[48;2;40;46;49m▘[38;2;40;46;48m[48;2;39;45;48mჄ[38;2;38;44;47m[48;2;38;45;47mᤅ[38;2;37;44;47m[48;2;37;44;46m⠇[38;2;36;43;47m[48;2;36;43;46m⎼[38;2;36;43;45m[48;2;36;43;46mʆ[38;2;34;42;44m[48;2;35;42;45mᤝ[38;2;33;41;44m[48;2;34;42;44mⳬ[38;2;33;42;44m[48;2;34;42;44mᘪ[38;2;33;42;44m[48;2;34;43;45mᚁ[38;2;33;42;44m[48;2;33;43;44mᖲ[38;2;34;43;45m[48;2;36;45;47m▋[38;2;38;48;50m[48;2;43;54;56m▋[0m
[38;2;71;53;46m[48;2;72;54;47m [38;2;73;54;47m[48;2;75;55;46m▍[38;2;79;54;44m[48;2;77;55;45mฑ[38;2;82;54;42m[48;2;80;54;43m⫕[38;2;87;53;40m[48;2;84;54;41mᖲ[38;2;90;51;38m[48;2;88;52;39mᙨ[38;2;95;49;35m[48;2;92;50;36m⫕[38;2;100;48;33m[48;2;96;48;33mᙗ[38;2;107;45;32m[48;2;102;46;32mᖢ[38;2;115;43;33m[48;2;106;44;31mᖦ[38;2;128;40;36m[48;2;115;41;32mᖢ[38;2;141;36;39m[48;2;123;38;33mᙧ[38;2;132;34;35m[48;2;144;36;40mᝠ[38;2;0;0;0m[48;2;139;35;38mᎶ[38;2;0;0;0m[48;2;129;33;36m⠢[38;2;129;33;36m[48;2;0;0;0mᜠ[38;2;236;40;33m[48;2;129;33;36mᖢ[38;2;130;33;36m[48;2;243;43;37m⣄[38;2;164;36;35m[48;2;241;41;33m⎽[38;2;236;43;39m[48;2;241;42;35m⠉[38;2;229;44;39m[48;2;240;43;37m⠙[38;2;223;45;41m[48;2;239;43;37mᘺ[38;2;219;45;42m[48;2;238;43;37mᙓ[38;2;215;46;43m[48;2;236;43;37mᘺ[38;2;213;45;42m[48;2;238;44;36mᘺ[38;2;214;44;41m[48;2;239;43;36mᘺ[38;2;215;45;40m[48;2;239;44;36mᘺ[38;2;216;45;40m[48;2;239;44;35mᘺ[38;2;221;45;39m[48;2;239;43;35mᙓ[38;2;222;44;38m[48;2;234;43;36mᜈ[38;2;225;43;39m[48;2;237;42;36m⠋[38;2;187;38;37m[48;2;237;43;35m⎽[38;2;237;44;36m[48;2;140;33;39mᜣ⠋[38;2;140;33;39m[48;2;151;90;92mꗽ[38;2;177;173;173m[48;2;140;33;39m⣠[38;2;178;176;176m[48;2;139;34;41mՠ[38;2;176;171;171m[48;2;138;35;41mᘗ[38;2;137;36;40m[48;2;145;59;63mꘀ[38;2;136;34;39m[48;2;131;34;37mᜏ[38;2;132;34;37m[48;2;127;34;35mᘪ[38;2;124;35;33m[48;2;120;35;32mᘫ[38;2;119;35;32m[48;2;112;36;31mᚑ[38;2;112;36;30m[48;2;108;36;29mᚑ[38;2;108;36;29m[48;2;105;36;28mᘪ[38;2;106;36;28m[48;2;104;37;28mᜈ[38;2;102;37;28m[48;2;104;37;28m⢀[38;2;100;37;28m[48;2;103;37;28m⣠[38;2;95;37;28m[48;2;100;37;27m⣠[38;2;95;38;28m[48;2;86;39;27mᘝ[38;2;84;40;28m[48;2;81;41;28mᏺ[38;2;79;42;29m[48;2;75;43;31mᑥ[38;2;71;43;32m[48;2;65;43;33mᘞ[38;2;59;44;36m[48;2;63;43;34mᩄ[38;2;57;45;40m[48;2;58;45;38mᥠ[38;2;56;46;41m[48;2;55;46;42mᑍ[38;2;53;46;43m[48;2;54;46;42mᥥ[38;2;52;46;43m[48;2;51;47;44mᚗ[38;2;50;46;43m[48;2;49;47;45mᏺ[38;2;48;47;45m[48;2;48;47;46m▘[38;2;47;48;48m[48;2;47;47;47mᤝ[38;2;46;48;50m[48;2;47;48;49mᤝ[38;2;44;47;50m[48;2;45;47;50mᢗ[38;2;43;47;50m[48;2;44;47;50m▕[38;2;42;46;50m[48;2;43;46;50m▕[38;2;41;46;49m[48;2;42;46;49m▗[38;2;40;45;48m[48;2;41;46;49m⣰[38;2;40;46;49m[48;2;39;45;48m⠁[38;2;38;45;47m[48;2;37;44;46mᚘ[38;2;37;44;47m[48;2;36;43;46mᘝ[38;2;37;44;46m[48;2;36;43;46m⠉[38;2;37;44;47m[48;2;37;44;46m⠈[38;2;36;44;46m[48;2;36;43;46mߌ[38;2;35;43;45m[48;2;34;42;45m▋[38;2;34;42;44m[48;2;34;42;45mꬻ΄[38;2;34;43;45m[48;2;34;43;44mᘝ[38;2;33;43;44m[48;2;34;43;45m⠇[38;2;37;47;49m[48;2;35;45;46mᥠ[38;2;41;51;53m[48;2;45;56;59m▊[0m
[38;2;71;55;49m[48;2;72;55;48m [38;2;74;55;48m[48;2;73;55;48mᜊ[38;2;76;55;47m[48;2;75;55;48mᜊ[38;2;78;54;44m[48;2;76;55;46mᖴ[38;2;82;53;42m[48;2;79;53;43mᖲ[38;2;86;51;39m[48;2;83;52;40m⫕[38;2;88;50;37m[48;2;85;51;38mᜊ[38;2;93;48;33m[48;2;90;49;35mᖦ[38;2;97;47;32m[48;2;93;47;32mᙧ[38;2;100;46;31m[48;2;96;46;32m⠙[38;2;106;44;31m[48;2;100;46;31mᖦ[38;2;112;42;31m[48;2;103;44;31mᜈ[38;2;121;38;33m[48;2;110;42;31mᙢ[38;2;129;36;36m[48;2;117;38;31mᙓ[38;2;135;35;36m[48;2;124;37;33mᙢ[38;2;6;0;0m[48;2;129;33;34mৠ[38;2;0;0;0m[48;2;127;32;34mᎶ[38;2;0;0;0m[48;2;129;33;36mࠂ⠤[38;2;129;33;36m[48;2;21;1;1mᜈ[38;2;238;41;34m[48;2;129;33;36m⠉[38;2;240;42;35m[48;2;129;33;36mᘺ[38;2;241;42;36m[48;2;130;33;36mᙢ[38;2;133;34;39m[48;2;242;42;35m⣤[38;2;140;33;39m[48;2;242;42;33m⣤⣤[38;2;140;33;39m[48;2;241;42;32m⣤[38;2;138;33;38m[48;2;240;42;32m⣤[38;2;240;42;34m[48;2;137;37;43mᘺ[38;2;237;44;36m[48;2;139;33;39m⠉[38;2;177;175;175m[48;2;140;33;39m⎽[38;2;179;179;179m[48;2;140;33;39m⣀[38;2;174;166;167m[48;2;140;33;39mʪ[38;2;179;179;179m[48;2;137;35;39m֎[38;2;179;179;179m[48;2;141;35;41mᘋ[38;2;132;34;36m[48;2;172;161;162mꘀ[38;2;136;34;39m[48;2;130;34;36mᚌ[38;2;132;34;37m[48;2;125;34;34mᜏ[38;2;129;34;36m[48;2;122;34;33mᜏ[38;2;126;35;36m[48;2;119;35;32mᚑ[38;2;121;35;33m[48;2;114;36;30mᚑ[38;2;116;36;31m[48;2;109;37;29mᘝ[38;2;108;37;30m[48;2;104;37;28mᘝ[38;2;104;37;28m[48;2;101;37;27mᑆ[38;2;101;37;28m[48;2;98;38;27mᚌ[38;2;100;37;27m[48;2;96;38;27mᚌ[38;2;99;38;28m[48;2;93;39;27m⠋[38;2;94;38;27m[48;2;89;40;27m⠋[38;2;89;38;27m[48;2;84;40;28mᏺ[38;2;82;41;28m[48;2;79;43;29mᘝ[38;2;77;43;30m[48;2;73;44;31mᚓ[38;2;73;44;31m[48;2;67;44;33mᑋ[38;2;60;44;35m[48;2;63;44;34mᥠ[38;2;57;44;37m[48;2;58;44;36mᩄ[38;2;55;45;40m[48;2;56;45;39mᥥ[38;2;54;45;41m[48;2;53;46;42mჄ[38;2;52;46;43m[48;2;51;46;43m⠋[38;2;50;47;44m[48;2;49;47;45mᘮ[38;2;48;47;46m[48;2;49;47;45mᥥ[38;2;48;47;46m[48;2;47;47;47mၮ[38;2;47;48;48m[48;2;47;47;47mᤝ[38;2;46;47;49m[48;2;46;48;49m᯽[38;2;44;47;50m[48;2;45;47;50mਫ਼[38;2;44;47;50m[48;2;44;47;50m [38;2;43;46;50m[48;2;43;47;50mⲿ[38;2;41;46;49m[48;2;42;46;49mᤝ[38;2;39;45;48m[48;2;40;45;48mҍ[38;2;38;44;47m[48;2;39;44;47mந[38;2;37;43;46m[48;2;38;44;47mຩ[38;2;36;43;45m[48;2;37;43;46m⫀[38;2;36;43;45m[48;2;36;43;46mᒧ[38;2;36;44;46m[48;2;36;43;46m⫀[38;2;36;43;46m[48;2;35;43;45mᑬ[38;2;35;43;45m[48;2;34;42;45mჄ[38;2;34;42;44m[48;2;34;42;45m⡀[38;2;34;42;45m[48;2;34;43;45mᙢ[38;2;34;43;45m[48;2;35;44;46mᜣ[38;2;35;44;45m[48;2;36;45;47mᑋ[38;2;37;47;49m[48;2;39;49;51mᘮ[38;2;44;56;58m[48;2;40;51;53mᨭ[0m
[38;2;71;56;49m[48;2;70;56;50m [38;2;73;56;49m[48;2;71;56;50mⲾ[38;2;75;56;48m[48;2;74;56;49mฐ[38;2;76;54;46m[48;2;74;55;47m⫀[38;2;78;53;43m[48;2;76;54;45mᖧ[38;2;78;52;43m[48;2;80;51;41m⣆[38;2;82;50;38m[48;2;79;50;40mᙫ[38;2;86;49;36m[48;2;82;49;37mᙓ[38;2;89;47;33m[48;2;85;48;36mᙗ[38;2;92;46;33m[48;2;87;47;35mᙧ[38;2;95;46;32m[48;2;90;46;33mᙓ[38;2;99;45;31m[48;2;93;45;32m⠙[38;2;102;44;30m[48;2;96;44;31mᙗ[38;2;110;40;30m[48;2;102;40;29m⠙[38;2;115;39;31m[48;2;108;38;29mᙓ[38;2;118;36;31m[48;2;110;36;29mᙗ[38;2;120;33;32m[48;2;112;35;29mᜀ[38;2;117;33;31m[48;2;124;32;33m▃[38;2;126;32;34m[48;2;121;32;32mᜈ[38;2;124;32;33m[48;2;127;32;34mᝠ[38;2;61;7;7m[48;2;125;32;34m⎺[38;2;0;0;0m[48;2;124;30;32m⠉[38;2;124;30;34m[48;2;0;0;0mᡛ[38;2;135;34;40m[48;2;127;32;36mᙴ[38;2;136;34;42m[48;2;127;33;36mᘺ[38;2;136;34;42m[48;2;129;34;36mᘺ[38;2;136;34;42m[48;2;130;34;36mᘺ[38;2;136;34;42m[48;2;130;35;38mᘺ[38;2;133;34;40m[48;2;179;179;179m▋[38;2;179;178;178m[48;2;130;33;36m⠉[38;2;179;179;179m[48;2;125;33;36m⎺[38;2;129;34;36m[48;2;152;111;112mᾚ[38;2;133;34;38m[48;2;126;34;35mᚌ[38;2;131;33;36m[48;2;123;34;33mᜏ[38;2;129;34;36m[48;2;122;34;32mᚌ[38;2;127;34;34m[48;2;119;34;31mᚌ[38;2;123;34;32m[48;2;115;35;30mᜏ[38;2;118;34;31m[48;2;111;35;29mᚌ[38;2;114;35;31m[48;2;107;36;28mᙴ[38;2;112;36;30m[48;2;105;36;28mᘋ[38;2;107;37;29m[48;2;102;37;27mᘺ[38;2;103;37;28m[48;2;100;37;27m⠋[38;2;99;38;27m[48;2;96;38;27mᚑ[38;2;98;37;27m[48;2;95;38;27mᙴ[38;2;93;39;27m[48;2;95;38;27m⣠[38;2;93;39;27m[48;2;91;40;28mᜣ[38;2;91;40;27m[48;2;86;41;28mᚘ[38;2;85;41;28m[48;2;81;42;29mᚑ[38;2;77;43;31m[48;2;81;42;29m⣠[38;2;75;43;30m[48;2;66;43;32mᚓ[38;2;68;44;32m[48;2;62;44;34m⠋[38;2;62;43;34m[48;2;59;44;36mᘝ[38;2;59;44;36m[48;2;56;44;37mᏼ[38;2;55;44;38m[48;2;53;45;39mᙸ[38;2;53;45;40m[48;2;51;45;41mᚑ[38;2;51;45;42m[48;2;49;46;43mᚓ[38;2;47;46;44m[48;2;49;46;44m⣀[38;2;48;47;45m[48;2;47;47;46mᑆ[38;2;47;47;47m[48;2;46;47;47mᚌ[38;2;47;47;47m[48;2;46;47;48mᘗ[38;2;46;47;48m[48;2;45;47;49m⠋[38;2;44;47;50m[48;2;45;47;50m▃[38;2;43;46;50m[48;2;44;47;50m⣀[38;2;44;47;51m[48;2;43;46;50mᑆ[38;2;41;45;49m[48;2;42;46;50m▃[38;2;41;45;49m[48;2;40;44;48mᜣ[38;2;39;44;47m[48;2;40;45;48m⣀[38;2;37;42;45m[48;2;39;44;47m⣀[38;2;36;42;45m[48;2;38;44;47m⣀[38;2;36;42;45m[48;2;37;43;46m▃[38;2;37;43;46m[48;2;36;43;46m႙[38;2;36;43;46m[48;2;36;43;45mᙸ[38;2;36;43;45m[48;2;35;42;45mᘝ[38;2;34;42;44m[48;2;34;42;45mᬙ[38;2;34;42;44m[48;2;34;43;45mᘗ[38;2;35;43;45m[48;2;35;44;46mᏼ[38;2;35;44;46m[48;2;36;45;46m⠁[38;2;38;48;49m[48;2;36;46;47mᤝ[38;2;39;50;52m[48;2;40;52;53m▋[38;2;48;63;65m[48;2;43;56;59mᤝ[0m
[38;2;68;56;51m[48;2;67;57;52m [38;2;68;57;52m[48;2;70;57;51m▖[38;2;72;58;51m[48;2;73;57;49m⣆[38;2;74;56;48m[48;2;73;57;49mᙪ[38;2;76;54;46m[48;2;74;55;47mข[38;2;76;52;43m[48;2;75;53;45mᕚ[38;2;77;51;42m[48;2;75;52;44mᜊ[38;2;80;50;39m[48;2;78;51;41m⠙[38;2;82;50;39m[48;2;80;51;40mᙨ[38;2;85;49;37m[48;2;83;49;38mᙓ[38;2;87;48;35m[48;2;84;48;37mᙧ[38;2;89;47;34m[48;2;86;47;35mᙢ[38;2;87;46;33m[48;2;91;46;32m⣤[38;2;94;43;30m[48;2;89;45;31mᘺ[38;2;99;41;28m[48;2;91;44;29mᖜ[38;2;102;37;27m[48;2;93;42;28mᘺ[38;2;104;38;27m[48;2;96;41;27mᘺ[38;2;107;37;28m[48;2;100;39;27mᙓ[38;2;113;36;30m[48;2;104;38;28mᘺ[38;2;116;34;31m[48;2;106;37;28mᙓ[38;2;109;34;29m[48;2;118;32;31m⣤[38;2;109;34;28m[48;2;117;32;30m▃[38;2;0;0;0m[48;2;122;33;35m▐[38;2;114;34;32m[48;2;122;33;35m▃[38;2;123;33;36m[48;2;117;34;33mᜈ[38;2;119;35;33m[48;2;124;34;35m▃[38;2;120;34;33m[48;2;125;35;35m▃[38;2;118;35;33m[48;2;124;34;35m⣤[38;2;120;37;38m[48;2;179;179;179m▋[38;2;138;100;100m[48;2;118;35;32m▏[38;2;112;35;31m[48;2;119;34;32m▃[38;2;120;34;32m[48;2;113;35;31mᜀ[38;2;119;34;32m[48;2;112;35;30mᙠ[38;2;116;35;31m[48;2;109;36;29mᙴ[38;2;115;35;30m[48;2;106;35;28mᙠ[38;2;112;36;30m[48;2;104;36;28mᘺ[38;2;107;36;29m[48;2;100;36;27mᚑ[38;2;99;37;28m[48;2;104;36;28m⣤[38;2;103;36;27m[48;2;99;37;28mᘺ[38;2;102;37;28m[48;2;99;38;28mᘺ[38;2;97;38;28m[48;2;100;38;28m▃[38;2;95;39;28m[48;2;98;38;27m⣠[38;2;95;38;27m[48;2;93;39;28mᑆ[38;2;92;40;28m[48;2;90;40;28mᚌ[38;2;86;41;29m[48;2;91;40;28m⣠[38;2;87;41;29m[48;2;81;43;29mᚑ[38;2;81;42;29m[48;2;76;43;31mᜏ[38;2;76;42;30m[48;2;68;43;32mᚘ[38;2;71;43;31m[48;2;62;43;33mᘗ[38;2;62;43;33m[48;2;58;43;36mᘝ[38;2;58;44;36m[48;2;56;44;38mᙸ[38;2;57;44;38m[48;2;54;45;40mᘗ[38;2;54;45;39m[48;2;51;46;41mᚑ[38;2;51;45;40m[48;2;50;46;42mᙸ[38;2;49;46;42m[48;2;47;46;43mᜣ[38;2;48;46;43m[48;2;46;46;44mᘪ[38;2;46;46;45m[48;2;46;47;46mᘝ[38;2;46;47;46m[48;2;46;47;47mႴ[38;2;46;47;48m[48;2;45;47;49mᑋ[38;2;45;47;49m[48;2;44;47;50mᙹ[38;2;43;46;50m[48;2;44;47;50mᣍ[38;2;43;46;50m[48;2;42;46;50mᙸ[38;2;41;46;50m[48;2;42;46;50m⣀[38;2;41;45;49m[48;2;40;46;49mᚇ[38;2;40;45;48m[48;2;39;45;48mᜣ[38;2;39;44;47m[48;2;39;45;48m᙭[38;2;38;43;46m[48;2;39;44;47m⫪[38;2;38;44;47m[48;2;36;41;45m▃[38;2;37;44;47m[48;2;35;40;44m▃[38;2;36;43;46m[48;2;35;42;45m▃[38;2;35;42;45m[48;2;36;43;46m▘[38;2;36;43;46m[48;2;37;44;47mᘺ[38;2;36;43;45m[48;2;37;44;47mᙠ[38;2;37;44;47m[48;2;35;43;45m⣤[38;2;37;45;47m[48;2;35;44;46m⣀[38;2;36;44;46m[48;2;36;45;47mᚌ[38;2;36;46;48m[48;2;36;45;47m▗[38;2;38;49;50m[48;2;37;47;48mᤝ[38;2;40;53;54m[48;2;39;50;52mᤝ[38;2;50;67;68m[48;2;44;58;59mᤝ[0m
[38;2;65;59;55m[48;2;65;58;54m [38;2;66;59;55m[48;2;68;58;53m⣄[38;2;72;58;51m[48;2;70;58;53m⫚[38;2;72;57;51m[48;2;73;56;49m⡅[38;2;73;55;48m[48;2;72;55;49mᜀ[38;2;74;53;46m[48;2;73;54;47mฐ[38;2;75;52;45m[48;2;74;53;46mᖜ[38;2;77;52;43m[48;2;75;53;45mᙘ[38;2;79;51;41m[48;2;77;52;42mᙧ[38;2;80;50;40m[48;2;78;51;41mᙧ[38;2;82;49;38m[48;2;80;49;39mᙓ[38;2;83;48;36m[48;2;81;48;38mᜀ[38;2;84;47;34m[48;2;82;48;36mᚁ[38;2;85;46;33m[48;2;83;47;35mᜅ[38;2;87;44;32m[48;2;84;45;32mᙢ[38;2;88;43;30m[48;2;85;43;31mᙧ[38;2;90;42;28m[48;2;86;42;30mᙧ[38;2;93;40;27m[48;2;88;41;28mᙢ[38;2;96;39;27m[48;2;90;40;27mᜀ[38;2;98;38;27m[48;2;93;40;28mᙢ[38;2;100;37;27m[48;2;95;40;28mᙓ[38;2;95;38;28m[48;2;100;36;27m⣤[38;2;0;0;0m[48;2;100;36;27m▐  [38;2;112;36;31m[48;2;104;37;29mᜈ[38;2;113;36;31m[48;2;105;37;30mᜅ[38;2;112;37;32m[48;2;104;38;30mᚌ[38;2;103;36;30m[48;2;179;179;179m▋[38;2;128;100;99m[48;2;102;39;30m▏[38;2;104;36;29m[48;2;96;37;27mᙓ[38;2;107;36;29m[48;2;100;37;28mᘺ[38;2;101;37;28m[48;2;106;36;29m⣤[38;2;104;36;28m[48;2;100;37;28mᚌ[38;2;102;36;28m[48;2;98;36;27mᚌ[38;2;100;36;28m[48;2;97;36;27m⠋[38;2;96;36;27m[48;2;95;37;28mᜣ[38;2;96;37;28m[48;2;94;38;28mᜏ[38;2;96;38;28m[48;2;94;38;28mᘺ[38;2;97;38;28m[48;2;93;39;28m⠉[38;2;94;39;27m[48;2;90;40;28mᙸ[38;2;91;40;28m[48;2;87;42;29mᜈ[38;2;91;40;28m[48;2;85;42;30mᜏ[38;2;88;40;28m[48;2;81;43;30mᜏ[38;2;74;43;31m[48;2;81;42;29m⣠[38;2;76;44;31m[48;2;66;45;33mᙸ[38;2;69;43;32m[48;2;63;44;34mᙴ[38;2;64;43;33m[48;2;60;44;35mᘝ[38;2;59;43;35m[48;2;56;44;37mᚓ[38;2;56;44;37m[48;2;54;45;39mᘝ[38;2;53;45;40m[48;2;51;46;42mᚓ[38;2;51;46;41m[48;2;49;46;43mᜏ[38;2;50;46;42m[48;2;48;46;43mᘨ[38;2;48;46;43m[48;2;47;46;44mᚑ[38;2;47;46;43m[48;2;45;46;45mᘗ[38;2;46;46;46m[48;2;45;46;45m⟨[38;2;45;46;47m[48;2;46;47;47m⣤[38;2;46;47;48m[48;2;45;47;48m▘[38;2;44;46;49m[48;2;44;47;49m⣀[38;2;42;46;49m[48;2;43;47;49m⣀[38;2;43;46;50m[48;2;42;47;50mᓽ[38;2;41;47;50m[48;2;40;46;50mᑬ[38;2;39;45;49m[48;2;40;46;49m⣠[38;2;39;45;49m[48;2;38;45;48m⠋[38;2;38;44;47m[48;2;38;45;48m┉ড়[38;2;38;45;48m[48;2;38;44;47m⣈[38;2;38;45;47m[48;2;37;44;47m⣁[38;2;37;44;47m[48;2;37;43;46m⣉[38;2;37;44;46m[48;2;37;44;47mᜣ[38;2;37;44;47m[48;2;37;44;46mᶐ[38;2;37;44;47m[48;2;38;45;48m▏[38;2;38;46;48m[48;2;38;45;48mʀ[38;2;38;45;48m[48;2;37;45;47m▏[38;2;37;45;47m[48;2;36;45;47mᗞ[38;2;35;44;46m[48;2;36;45;47m⣠[38;2;36;46;48m[48;2;35;45;47mⲿ[38;2;38;49;51m[48;2;37;47;49mᱶ[38;2;40;51;53m[48;2;41;54;56m▋[38;2;47;61;63m[48;2;52;68;70m▋[0m
[38;2;63;59;56m[48;2;62;58;56m [38;2;66;59;55m[48;2;64;59;56m⫚[38;2;68;58;53m[48;2;67;58;54m⫙[38;2;70;56;50m[48;2;69;57;52mꮾ[38;2;71;55;49m[48;2;70;55;49mᙫ[38;2;72;54;47m[48;2;71;54;48mஞ[38;2;72;53;47m[48;2;72;53;46mꠎ[38;2;74;52;44m[48;2;73;52;45mฑ[38;2;75;51;43m[48;2;74;51;43mᕚ[38;2;76;50;41m[48;2;74;50;42mᙗ[38;2;77;49;40m[48;2;75;49;41mᙫ[38;2;79;48;38m[48;2;76;49;39mᙢ[38;2;79;48;37m[48;2;77;48;38mᙗ[38;2;78;47;37m[48;2;80;47;36m⣤[38;2;81;46;33m[48;2;78;46;34mᙧ[38;2;83;44;31m[48;2;81;45;33m⠙[38;2;84;43;31m[48;2;82;44;32mᜊ[38;2;85;42;30m[48;2;84;43;31mᙗ[38;2;87;42;29m[48;2;84;43;30mᙿ[38;2;85;44;31m[48;2;89;42;29m⣤[38;2;91;42;29m[48;2;87;43;31mᘺ[38;2;90;40;29m[48;2;85;41;29mᚑ[38;2;0;0;0m[48;2;85;41;29m▐[38;2;95;39;30m[48;2;89;41;29mᘺ[38;2;96;38;29m[48;2;90;40;29m⠉[38;2;96;38;29m[48;2;90;39;29mᘺ[38;2;96;38;29m[48;2;91;39;29mᙧ[38;2;97;40;30m[48;2;93;41;31mᜀ[38;2;95;40;29m[48;2;179;179;179m▋[38;2;120;101;99m[48;2;91;38;26m▏[38;2;93;38;27m[48;2;90;38;26mᙧ[38;2;94;38;27m[48;2;91;38;27mᜀ[38;2;97;38;28m[48;2;93;38;27mᙿ[38;2;97;38;28m[48;2;93;39;28mᙴ[38;2;96;37;28m[48;2;92;39;28mᙧ[38;2;91;39;29m[48;2;95;38;28m⣀[38;2;93;38;28m[48;2;90;39;28mᙴ[38;2;87;41;29m[48;2;91;39;29m⣠[38;2;86;42;29m[48;2;90;40;28m▃[38;2;89;41;29m[48;2;85;43;30mᚑ[38;2;86;42;29m[48;2;82;44;31mᘋ[38;2;82;45;31m[48;2;79;45;33mᚑ[38;2;79;45;31m[48;2;73;45;33mᚑ[38;2;73;43;32m[48;2;65;45;36mᚑ[38;2;68;44;33m[48;2;62;45;37mᘋ[38;2;61;45;36m[48;2;59;46;38mᚑ[38;2;57;46;40m[48;2;59;45;37m▃[38;2;58;44;37m[48;2;56;46;39mᘺ[38;2;55;45;39m[48;2;53;46;41mᚌ[38;2;52;46;41m[48;2;50;46;42mᘪ[38;2;47;47;45m[48;2;49;46;43m⣠[38;2;48;47;44m[48;2;47;47;46mᙴ[38;2;47;47;45m[48;2;47;47;46mᘺ[38;2;46;47;46m[48;2;46;47;47mᙠ[38;2;46;46;46m[48;2;46;47;48mᙴ[38;2;45;46;46m[48;2;45;47;49mᜏ[38;2;45;47;49m[48;2;45;46;47m⣤[38;2;44;46;48m[48;2;44;47;49mᑿ[38;2;42;47;49m[48;2;43;46;49m⣠[38;2;42;46;49m[48;2;41;46;49mᑋ[38;2;40;46;49m[48;2;41;46;49mᥥ[38;2;40;46;49m[48;2;39;46;49mჄ[38;2;38;45;48m[48;2;39;46;49mৠ⣉[38;2;38;45;48m[48;2;38;46;49m⣉[38;2;38;45;48m[48;2;38;46;48m⠙⠉[38;2;38;46;48m[48;2;39;46;48mꯌ[38;2;38;45;48m[48;2;39;46;48mᙧ[38;2;38;45;47m[48;2;38;45;48mᙠᙴ[38;2;38;45;48m[48;2;38;46;48mᜐ[38;2;37;46;48m[48;2;38;45;48m⣀[38;2;37;46;48m[48;2;37;45;47m¸[38;2;37;45;47m[48;2;36;45;47m▏[38;2;35;44;46m[48;2;36;45;46m⫕[38;2;35;45;46m[48;2;36;46;47mᑭ[38;2;37;47;49m[48;2;39;50;51m▍[38;2;41;53;55m[48;2;43;56;57m▋[38;2;46;61;62m[48;2;55;70;71m▊[0m
[38;2;61;58;56m[48;2;58;57;56m [38;2;64;59;56m[48;2;63;59;57m⫕[38;2;65;59;56m[48;2;66;58;54m⣆[38;2;68;56;51m[48;2;66;57;53m⫀[38;2;69;55;49m[48;2;67;56;51mᖲ[38;2;69;53;47m[48;2;68;54;49mᙗ[38;2;70;53;46m[48;2;69;53;47mᖲ[38;2;70;52;45m[48;2;70;53;46mᜢ[38;2;71;51;43m[48;2;71;52;44mᜀ[38;2;73;50;42m[48;2;72;51;43mᕎ[38;2;73;50;41m[48;2;72;51;43mᜊ[38;2;74;49;40m[48;2;73;50;41mᙨ[38;2;75;49;39m[48;2;75;50;40mᙘ[38;2;76;49;39m[48;2;77;48;38m⣆[38;2;78;47;36m[48;2;78;48;38mᙗ[38;2;80;46;34m[48;2;79;47;36m⠙[38;2;81;45;33m[48;2;80;46;35mᙢ[38;2;82;44;32m[48;2;80;46;34mᙿ[38;2;81;43;31m[48;2;80;44;32mᘺ[38;2;82;44;32m[48;2;80;45;32mᙨ[38;2;84;44;32m[48;2;82;45;32mᚌ[38;2;83;42;30m[48;2;81;43;32mᘺ[38;2;0;0;0m[48;2;85;41;29m▐[38;2;85;42;30m[48;2;82;43;32mᜀ[38;2;86;42;31m[48;2;82;42;31mᜅ[38;2;86;41;30m[48;2;84;42;31mᜈ[38;2;88;40;30m[48;2;85;42;31mᜅ[38;2;90;42;31m[48;2;85;42;31mᙠ[38;2;86;41;29m[48;2;179;179;179m▋[38;2;116;100;99m[48;2;84;41;28m▏[38;2;83;39;27m[48;2;86;39;27m▃[38;2;88;38;27m[48;2;83;40;27mᜀ[38;2;83;41;28m[48;2;88;40;27m▃[38;2;88;40;28m[48;2;82;41;30mᚑ[38;2;81;41;30m[48;2;86;40;28m⣤[38;2;84;40;29m[48;2;79;42;31mᜏ[38;2;83;40;30m[48;2;77;43;32mᜏ[38;2;73;44;33m[48;2;81;43;30m▃[38;2;71;45;35m[48;2;81;44;31m▃[38;2;70;45;36m[48;2;80;45;32m⣤[38;2;67;45;36m[48;2;77;45;33m⣤[38;2;73;45;34m[48;2;64;45;36mᙴ[38;2;65;45;36m[48;2;59;45;39mᚑ[38;2;61;45;37m[48;2;58;46;40mᚑ[38;2;59;46;39m[48;2;57;47;41mᜏ[38;2;55;47;41m[48;2;57;46;40m⣠[38;2;56;46;40m[48;2;53;47;42mᚑ[38;2;50;47;43m[48;2;53;46;41m⣠[38;2;50;47;43m[48;2;48;47;44mᜏ[38;2;48;47;44m[48;2;47;47;45mᘗ[38;2;47;47;45m[48;2;46;47;46mၮ[38;2;46;47;46m[48;2;46;47;47mᚵ[38;2;46;47;47m[48;2;45;47;48mᚑ[38;2;44;46;49m[48;2;45;47;48m⣀[38;2;45;47;48m[48;2;44;46;49mᘗ[38;2;44;47;49m[48;2;43;46;49mᘗ[38;2;43;47;49m[48;2;42;46;49m⠋[38;2;42;46;49m[48;2;41;46;49mᙸ[38;2;41;46;49m[48;2;40;46;49mᚓ[38;2;39;46;49m[48;2;40;46;49m⣰[38;2;39;46;49m[48;2;38;45;48mᜠ[38;2;38;45;48m[48;2;39;46;49m⣀[38;2;38;46;48m[48;2;39;46;49m⣘[38;2;38;45;48m[48;2;38;46;48m⠙[38;2;38;45;48m[48;2;38;45;47mἸⶡᘺ[38;2;38;46;48m[48;2;38;45;48m˙[38;2;38;46;49m[48;2;38;45;48m୩[38;2;39;46;49m[48;2;38;46;49mᒱ[38;2;38;46;48m[48;2;38;46;49mฐ[38;2;38;46;48m[48;2;38;46;48m [38;2;38;46;48m[48;2;37;46;48mᑬ[38;2;37;45;47m[48;2;37;46;48mᥥ[38;2;37;45;47m[48;2;36;45;47m΄[38;2;36;45;46m[48;2;36;45;47mካ[38;2;36;46;47m[48;2;37;47;48m▊[38;2;37;47;49m[48;2;39;50;51m▋[38;2;41;54;55m[48;2;40;52;53m⫚[38;2;57;72;73m[48;2;45;59;60m▕[0m
[38;2;56;56;56m[48;2;60;59;59m [38;2;63;60;58m[48;2;62;61;60mᘺ[38;2;64;60;58m[48;2;62;60;59mᙧ[38;2;65;58;55m[48;2;63;59;57mᖢ[38;2;66;57;53m[48;2;64;58;55mᙧ[38;2;68;56;51m[48;2;66;56;52mᖲ[38;2;68;55;49m[48;2;66;55;50mᜢ[38;2;69;53;47m[48;2;68;54;48mᖧ[38;2;70;53;45m[48;2;69;53;46mᖢ[38;2;71;52;44m[48;2;69;52;45mᘺ[38;2;69;51;44m[48;2;71;51;43m▃[38;2;72;51;42m[48;2;70;50;42mᜀ[38;2;73;49;41m[48;2;71;49;41mᙧ[38;2;75;49;39m[48;2;72;48;40mᖱ[38;2;73;48;38m[48;2;76;48;38m⣄[38;2;77;47;37m[48;2;74;47;38mᙧ[38;2;75;47;37m[48;2;77;47;36m▃[38;2;78;46;35m[48;2;76;46;36mᙢ[38;2;77;44;33m[48;2;76;45;35mᚌ[38;2;77;44;33m[48;2;75;45;34mᜈ[38;2;79;45;33m[48;2;76;44;34mᙢ[38;2;78;43;33m[48;2;74;43;34mᚗ[38;2;0;0;0m[48;2;83;42;30m▐[38;2;79;44;34m[48;2;77;45;36mᜀ[38;2;80;44;33m[48;2;78;45;35mᙿ[38;2;82;44;33m[48;2;79;45;35mᙢ[38;2;79;44;35m[48;2;82;44;33m⣤[38;2;81;44;33m[48;2;78;44;35mᚑ[38;2;78;40;36m[48;2;179;179;179m▋[38;2;114;102;100m[48;2;77;42;30m▏[38;2;71;42;32m[48;2;77;41;29m⣤[38;2;76;41;29m[48;2;70;43;33mᜏ[38;2;77;42;30m[48;2;70;44;33mᙴ[38;2;75;44;32m[48;2;68;44;35mᜏ[38;2;74;44;33m[48;2;66;45;37mᜏ[38;2;71;44;34m[48;2;65;44;37mᚌ[38;2;68;44;36m[48;2;63;45;38mᜏ[38;2;62;45;38m[48;2;66;45;37m▃[38;2;66;45;37m[48;2;62;45;38mᚌ[38;2;64;45;37m[48;2;60;45;39mᙴ[38;2;61;45;38m[48;2;58;46;40mᚗ[38;2;59;45;38m[48;2;56;46;41mᘝ[38;2;56;46;41m[48;2;55;47;42m⠋[38;2;56;47;42m[48;2;54;47;43mᘋ[38;2;55;47;43m[48;2;52;47;43mᚌ[38;2;53;47;43m[48;2;50;47;44mᚑ[38;2;51;47;43m[48;2;49;47;44mᘗ[38;2;49;47;44m[48;2;47;47;46mᘗ[38;2;46;46;46m[48;2;47;47;46m⣀[38;2;45;46;47m[48;2;46;47;47m⎽[38;2;45;46;48m[48;2;46;47;47m⣠[38;2;44;46;48m[48;2;45;47;48m⣀[38;2;44;46;49m[48;2;43;46;49mᚅᗞ[38;2;43;46;49m[48;2;42;46;49mᗞ[38;2;42;46;49m[48;2;41;46;49mᏦ[38;2;41;46;49m[48;2;40;46;49mᚑ[38;2;40;46;49m[48;2;39;45;48mᜦ[38;2;39;46;49m[48;2;38;45;48mᚘ[38;2;38;45;48m[48;2;37;44;48mᚑ[38;2;38;45;48m[48;2;37;44;47m⠉ᙪᜏᚁᜀ[38;2;37;44;47m[48;2;38;45;48m⣤[38;2;37;44;47m[48;2;37;45;47m▃[38;2;37;44;47m[48;2;37;45;48m▖[38;2;38;45;49m[48;2;37;45;48m⠸[38;2;38;45;49m[48;2;37;45;49mᙠ[38;2;38;46;49m[48;2;37;46;49mᘺ[38;2;37;46;48m[48;2;37;46;49m⫸[38;2;36;45;47m[48;2;37;45;48mᥞ[38;2;36;45;47m[48;2;36;45;47m [38;2;36;45;46m[48;2;36;45;47mǝ╌[38;2;37;47;48m[48;2;36;46;47mᝧ[38;2;37;47;49m[48;2;38;49;51mᑬ[38;2;40;51;53m[48;2;41;54;55mᑥ[38;2;49;64;65m[48;2;44;58;60mਫ਼[0m
[38;2;60;59;60m[48;2;56;56;58m [38;2;61;61;60m[48;2;61;61;61mᖦ[38;2;61;60;59m[48;2;61;61;60m⠉[38;2;62;60;59m[48;2;61;61;60m⠹[38;2;63;59;56m[48;2;62;60;58mᖦ[38;2;64;57;53m[48;2;63;58;55m⫀[38;2;65;55;50m[48;2;64;57;53mᖦ[38;2;65;55;51m[48;2;66;54;48m⣆[38;2;67;53;46m[48;2;66;54;49mᜈ[38;2;67;52;45m[48;2;67;53;47mᙫ[38;2;67;51;44m[48;2;66;51;45mᙧ[38;2;68;50;42m[48;2;66;50;44mᖦ[38;2;69;49;42m[48;2;67;50;43mᖦ[38;2;66;49;43m[48;2;69;49;41m▃[38;2;67;48;41m[48;2;70;48;40m⣤[38;2;71;47;39m[48;2;67;47;40mᙧ[38;2;72;46;38m[48;2;68;47;40mᙧ[38;2;69;47;39m[48;2;72;46;37m▃[38;2;73;45;37m[48;2;69;47;39mᜀ[38;2;73;45;36m[48;2;68;46;38mᜏ[38;2;67;45;38m[48;2;72;45;36m⣤[38;2;70;44;36m[48;2;66;45;38mᚑ[38;2;18;22;6m[48;2;66;45;38m▐[38;2;74;45;37m[48;2;70;46;38mᜏ[38;2;70;46;38m[48;2;75;45;36m⣤[38;2;75;45;36m[48;2;70;46;39mᜅ[38;2;76;45;37m[48;2;70;47;39mᙠ[38;2;73;45;37m[48;2;67;46;39mᚑ[38;2;65;45;39m[48;2;179;179;179m▋[38;2;111;104;105m[48;2;64;45;38m▏[38;2;65;43;35m[48;2;61;45;38mᘺ[38;2;65;44;35m[48;2;61;44;38mᘺ[38;2;60;45;39m[48;2;64;44;36m⣤[38;2;62;44;37m[48;2;59;45;40mᚑ[38;2;61;44;38m[48;2;58;45;41mᚌ[38;2;60;44;39m[48;2;57;45;42mᚌ[38;2;55;46;43m[48;2;59;45;40m▃[38;2;59;45;40m[48;2;55;46;43mᚌ[38;2;58;45;40m[48;2;53;46;43mᚌ[38;2;52;46;43m[48;2;56;46;41m⣤[38;2;55;46;42m[48;2;52;47;44mᙴ[38;2;54;47;42m[48;2;51;47;44mᙸ[38;2;50;47;44m[48;2;52;47;43m⣤[38;2;51;47;44m[48;2;48;47;45mᚗ[38;2;47;47;46m[48;2;49;47;44m⣠[38;2;48;47;45m[48;2;46;47;46mᘗ[38;2;46;47;47m[48;2;46;46;46mᝠ[38;2;46;46;46m[48;2;45;46;47mᗴ[38;2;45;46;46m[48;2;44;46;48mᙴ[38;2;45;46;47m[48;2;44;46;48mᗎ[38;2;44;46;48m[48;2;43;46;49mᙠ[38;2;43;46;49m[48;2;42;46;49mᚑ[38;2;42;46;49m[48;2;41;46;49mᙸ[38;2;42;46;49m[48;2;41;46;50mᘋ[38;2;40;46;50m[48;2;41;47;50mᾳ[38;2;40;46;50m[48;2;40;46;49m˶[38;2;39;46;49m[48;2;39;45;49mᘪ[38;2;38;45;49m[48;2;38;44;48mᑣ[38;2;38;44;48m[48;2;37;43;48mᑆ[38;2;37;44;48m[48;2;36;43;47mᙠ[38;2;36;44;47m[48;2;36;43;47mᗞ[38;2;37;44;47m[48;2;36;43;46m⠉[38;2;36;43;46m[48;2;36;43;45mᜤᏦ[38;2;35;42;45m[48;2;36;43;45m⠂[38;2;36;43;45m[48;2;36;43;46mʶ[38;2;37;44;47m[48;2;37;44;46m⫕[38;2;37;45;47m[48;2;37;44;47m⟪[38;2;37;45;48m[48;2;37;45;47mᜢ[38;2;37;45;47m[48;2;37;45;48m⎽[38;2;37;46;49m[48;2;37;46;48mⶠ[38;2;37;46;48m[48;2;37;45;48mꤋ[38;2;37;45;47m[48;2;37;46;48mዚ[38;2;36;46;47m[48;2;37;46;48m⎺[38;2;37;46;47m[48;2;36;45;47mẃ[38;2;36;46;47m[48;2;36;45;47m୩[38;2;37;48;49m[48;2;36;46;48mᱨ[38;2;38;49;51m[48;2;39;52;53m▋[38;2;41;55;56m[48;2;40;53;55m⨙[38;2;49;64;62m[48;2;41;54;56mᤝ[0m
[38;2;59;59;62m[48;2;55;56;59m [38;2;61;61;62m[48;2;60;61;63mᙢ[38;2;60;61;63m[48;2;61;61;62m⣄[38;2;60;61;61m[48;2;59;60;61mᑨ[38;2;59;58;58m[48;2;59;59;59mᤝ[38;2;60;57;56m[48;2;59;58;58mᖢ[38;2;62;57;55m[48;2;60;57;56mᖦ[38;2;64;56;53m[48;2;61;56;54mᙧ[38;2;62;55;52m[48;2;64;54;50m⣤[38;2;63;55;51m[48;2;65;53;49m▃[38;2;65;52;47m[48;2;63;53;49mᙢ[38;2;65;51;45m[48;2;63;52;48mᘺ[38;2;64;51;45m[48;2;62;52;48mᜀ[38;2;64;49;44m[48;2;62;50;46mᙢ[38;2;62;50;45m[48;2;64;49;43m▃[38;2;65;48;41m[48;2;63;49;43mᗴ[38;2;66;48;41m[48;2;63;48;43mᘺ[38;2;66;48;41m[48;2;64;48;42mᘺ[38;2;63;48;42m[48;2;65;47;40m⣄[38;2;65;47;40m[48;2;63;47;41mᜀ[38;2;62;47;41m[48;2;64;46;39m▃[38;2;64;45;39m[48;2;62;46;40mᙴ[38;2;18;22;6m[48;2;56;46;41m▐[38;2;68;47;40m[48;2;65;47;41mᙴ[38;2;67;47;40m[48;2;64;47;41mᙧ[38;2;67;47;40m[48;2;64;48;42mᙴ[38;2;66;47;41m[48;2;63;47;42mᚌ[38;2;63;46;41m[48;2;61;47;42mᚑ[38;2;59;47;41m[48;2;179;179;179m▋[38;2;108;106;107m[48;2;57;46;42m▏[38;2;58;46;41m[48;2;56;47;42mᙴ[38;2;59;46;40m[48;2;55;47;43mᘺ[38;2;57;46;42m[48;2;53;47;45mᙴ[38;2;52;48;47m[48;2;55;46;43m▃⣤[38;2;54;46;44m[48;2;51;47;47mᙴ[38;2;52;47;45m[48;2;50;48;48mᜏ[38;2;51;47;46m[48;2;49;48;48mᚌ[38;2;50;47;46m[48;2;49;48;48mᙴ[38;2;50;47;45m[48;2;48;48;48m⠉[38;2;48;48;48m[48;2;49;48;47m⣤[38;2;49;48;47m[48;2;49;49;49mᙴ[38;2;49;48;47m[48;2;49;50;50mᜀ[38;2;47;47;47m[48;2;47;48;49mᜈ[38;2;46;47;47m[48;2;46;47;48mᜅ[38;2;46;47;47m[48;2;45;47;48m⠋[38;2;46;47;48m[48;2;45;47;49mᏦ[38;2;44;47;50m[48;2;45;47;49m⣠[38;2;44;47;49m[48;2;44;47;50m⠉[38;2;43;46;49m[48;2;43;46;50mᓽ[38;2;42;46;49m[48;2;41;46;50mᘺ[38;2;41;45;49m[48;2;40;46;50mᙸ[38;2;40;46;50m[48;2;40;46;51mᜏ[38;2;40;46;51m[48;2;40;46;50m▃⣀[38;2;39;46;50m[48;2;39;45;50m▊[38;2;38;45;49m[48;2;39;45;50mⳚ[38;2;37;44;49m[48;2;38;44;49m⫬[38;2;37;43;48m[48;2;37;44;48m⫕[38;2;37;44;48m[48;2;36;43;47mƩ[38;2;36;43;46m[48;2;36;43;47mᤜ[38;2;36;43;46m[48;2;36;43;46m [38;2;36;43;45m[48;2;36;42;45mꕆ[38;2;36;42;45m[48;2;34;42;44m⠋[38;2;35;42;45m[48;2;33;41;44mᙗ[38;2;36;43;45m[48;2;34;42;45mᙢ[38;2;36;43;46m[48;2;35;43;45mᜈ[38;2;37;44;46m[48;2;36;43;46mᙓ[38;2;37;44;47m[48;2;36;43;46mᙴ[38;2;37;45;47m[48;2;36;43;46m⠉[38;2;37;45;47m[48;2;36;44;46m⠉[38;2;37;46;48m[48;2;36;45;47m⩺[38;2;37;46;48m[48;2;37;45;47mᙫ[38;2;38;47;49m[48;2;36;46;48mᚑ[38;2;36;46;48m[48;2;37;47;49mⴣ[38;2;38;49;51m[48;2;36;46;47m▃[38;2;39;50;52m[48;2;36;47;49m⣠[38;2;39;51;53m[48;2;41;54;56mᚑ[38;2;40;53;55m[48;2;42;56;57mᚙ[38;2;51;68;67m[48;2;45;58;60mᨰ[0m
[38;2;58;60;63m[48;2;55;57;61m [38;2;59;60;63m[48;2;56;58;61mᚌ[38;2;58;60;62m[48;2;56;58;61mᘨ[38;2;58;59;60m[48;2;57;58;60mᙴ[38;2;58;58;59m[48;2;57;58;59mᜀ[38;2;57;58;58m[48;2;58;58;58m⣤[38;2;58;57;57m[48;2;57;57;57mᜈ[38;2;59;56;55m[48;2;58;57;57m⠉[38;2;60;56;54m[48;2;58;57;56mᘺ[38;2;62;56;53m[48;2;58;56;55mᙓ[38;2;62;55;51m[48;2;59;55;54mᙓ[38;2;61;53;50m[48;2;59;54;52mᙧ[38;2;61;52;49m[48;2;59;53;51mᙓ[38;2;61;51;47m[48;2;59;52;49mᙓ[38;2;61;50;46m[48;2;59;51;48m⠙[38;2;61;49;45m[48;2;59;51;47mᜈ[38;2;62;49;45m[48;2;61;51;46mᙗ[38;2;63;49;44m[48;2;61;50;46mᙓ[38;2;62;49;43m[48;2;60;49;44mᜀ[38;2;59;49;44m[48;2;62;48;42m⣤[38;2;61;48;42m[48;2;58;48;42mᚑ[38;2;59;47;42m[48;2;56;47;42mᙸ[38;2;18;22;6m[48;2;56;46;41m▐[38;2;62;48;43m[48;2;60;49;47mᜀ[38;2;60;51;47m[48;2;62;49;44m▃[38;2;59;49;46m[48;2;61;48;44m▃[38;2;61;48;43m[48;2;59;49;45mᙴ[38;2;59;48;44m[48;2;58;50;46mᚗ[38;2;57;47;42m[48;2;179;179;179m▋[38;2;113;114;116m[48;2;54;49;44m▏[38;2;50;49;48m[48;2;53;48;45m⣤[38;2;51;48;47m[48;2;51;50;50mᚌ[38;2;51;49;49m[48;2;51;51;52mᘪ[38;2;50;51;53m[48;2;51;50;51m⣤[38;2;51;50;51m[48;2;49;51;54mᜏ[38;2;50;49;51m[48;2;49;50;53mᙓ[38;2;50;50;51m[48;2;48;50;52mᘺ[38;2;49;50;50m[48;2;48;50;52mᗴ[38;2;47;49;52m[48;2;48;49;50m⣤[38;2;48;49;50m[48;2;47;49;52mᙴ[38;2;48;50;51m[48;2;47;49;52mᜀ[38;2;49;50;51m[48;2;47;49;52mᘺ[38;2;48;50;51m[48;2;47;49;52mᘺ[38;2;47;49;51m[48;2;46;49;52mᚌ[38;2;46;48;51m[48;2;47;49;53mᙸᘺ[38;2;45;47;50m[48;2;45;48;52m⠙[38;2;44;47;50m[48;2;44;47;51mᘺ[38;2;44;47;50m[48;2;43;47;51mᘝ[38;2;43;46;50m[48;2;42;46;51mᐒ[38;2;41;46;50m[48;2;40;46;51mᐴ[38;2;40;46;50m[48;2;39;45;50mᙹ[38;2;40;46;51m[48;2;39;45;50mᘺ[38;2;39;46;51m[48;2;39;45;50mᘺ[38;2;38;44;49m[48;2;39;45;50m⣀[38;2;39;45;50m[48;2;38;44;49mᚑ[38;2;37;43;48m[48;2;38;45;49m⣠[38;2;37;44;48m[48;2;36;43;47mᚙ[38;2;37;43;48m[48;2;36;43;47mᘗ[38;2;36;43;46m[48;2;36;43;47m⣀[38;2;35;42;45m[48;2;36;43;46m▗[38;2;36;43;46m[48;2;35;41;44mᘨ[38;2;36;42;44m[48;2;103;107;114mꖰ[38;2;103;107;109m[48;2;36;41;44m⎽[38;2;117;121;127m[48;2;35;43;46m᎐[38;2;37;44;48m[48;2;36;43;46m⡤[38;2;37;44;46m[48;2;111;114;119mᜤ[38;2;61;65;74m[48;2;39;44;49m⡀[38;2;83;87;90m[48;2;38;45;47mꘊ[38;2;125;129;131m[48;2;37;43;46m▗[38;2;63;68;71m[48;2;37;44;46m⎽[38;2;101;103;103m[48;2;36;43;46m៦[38;2;115;117;121m[48;2;37;45;47m˞[38;2;37;46;48m[48;2;40;48;50mᜦ[38;2;37;47;49m[48;2;40;50;52mᚌ[38;2;40;50;52m[48;2;39;49;52m⣈[38;2;43;54;56m[48;2;39;51;53m⢰[38;2;45;58;59m[48;2;43;55;56mବ[38;2;45;58;59m[48;2;43;56;56mꗠ[38;2;53;67;65m[48;2;47;61;62m⫚[0m
[38;2;54;56;60m[48;2;53;55;58m [38;2;53;55;58m[48;2;54;56;59m▖[38;2;56;57;60m[48;2;55;57;60mฑ[38;2;56;58;60m[48;2;56;57;59mᙿ[38;2;55;56;57m[48;2;56;57;59m⣠[38;2;56;57;58m[48;2;55;56;57mᚌ[38;2;56;57;57m[48;2;55;56;57m⠉[38;2;0;0;0m[48;2;56;57;57m▗[38;2;0;0;0m[48;2;56;57;56m⠤[38;2;0;0;0m[48;2;57;56;55m⠤[38;2;0;0;0m[48;2;57;55;54m⠤[38;2;0;0;0m[48;2;57;55;53m⠤[38;2;0;0;0m[48;2;57;53;52m⠤[38;2;0;0;0m[48;2;57;53;50m⠤[38;2;0;0;0m[48;2;56;53;50m⠤[38;2;0;0;0m[48;2;56;51;49m⠤[38;2;0;0;0m[48;2;57;51;47m⠤[38;2;0;0;0m[48;2;58;51;46m⠤[38;2;0;0;0m[48;2;58;50;45m⠤[38;2;0;0;0m[48;2;57;48;46m⠤[38;2;0;0;0m[48;2;55;49;44m⠤[38;2;0;0;0m[48;2;55;47;43m⠤[38;2;49;49;48m[48;2;0;0;0m⣃[38;2;58;51;48m[48;2;56;51;49m⠩[38;2;56;51;50m[48;2;58;51;49m⣐[38;2;55;51;50m[48;2;57;51;49m⣐[38;2;56;50;48m[48;2;54;50;50m⠍[38;2;56;51;50m[48;2;53;51;51m⠍[38;2;179;179;179m[48;2;53;51;51m⠸[38;2;210;210;210m[48;2;46;49;53m⠤[38;2;210;210;210m[48;2;52;53;52m⠤[38;2;210;210;210m[48;2;51;52;53m⠤[38;2;210;210;210m[48;2;51;51;53m⠤[38;2;210;210;210m[48;2;50;52;54m⠤[38;2;210;210;210m[48;2;49;51;54m⠤[38;2;210;210;210m[48;2;48;51;55m⠤[38;2;210;210;210m[48;2;48;50;53m⠤[38;2;210;210;210m[48;2;47;50;54m⠤[38;2;210;210;210m[48;2;47;49;53m⠤⠤[38;2;210;210;210m[48;2;47;49;52m⠤⠤[38;2;210;210;210m[48;2;47;50;53m⠤[38;2;179;179;179m[48;2;47;50;53m▖[38;2;47;50;53m[48;2;46;49;53mᘯ[38;2;44;47;51m[48;2;46;49;53m▗[38;2;45;48;51m[48;2;43;47;51mᜏ[38;2;44;47;51m[48;2;42;46;51mᚘ[38;2;43;47;51m[48;2;41;46;51mᑆ[38;2;41;46;51m[48;2;40;45;50mᚑ[38;2;39;45;50m[48;2;40;46;51mᬡ[38;2;39;45;50m[48;2;39;44;49mᚑ[38;2;39;44;49m[48;2;38;44;49mꘋ[38;2;38;43;49m[48;2;38;44;49mԸ[38;2;37;43;49m[48;2;38;44;49mḣ[38;2;38;44;48m[48;2;37;43;48m▃[38;2;38;44;48m[48;2;37;43;47m⡀[38;2;37;43;46m[48;2;36;43;46m▃[38;2;36;43;46m[48;2;37;43;46mᜏᗎ[38;2;36;42;45m[48;2;37;43;46mᤕ[38;2;36;40;42m[48;2;37;42;46m⠈[38;2;94;97;102m[48;2;37;43;47m⠉[38;2;78;80;83m[48;2;36;43;46m⠉[38;2;110;115;121m[48;2;37;43;47m⠉[38;2;37;42;45m[48;2;102;106;113m⩷[38;2;38;42;47m[48;2;118;121;126m୫[38;2;39;44;51m[48;2;110;114;116mϵ[38;2;103;106;111m[48;2;38;44;50m⪇[38;2;120;124;127m[48;2;39;47;53m⣈[38;2;124;128;131m[48;2;39;44;47mṝ[38;2;77;81;86m[48;2;39;44;47m⣨[38;2;103;104;110m[48;2;41;49;52m˞[38;2;41;49;51m[48;2;128;129;130mᜏ[38;2;43;51;52m[48;2;141;142;144mᜤ[38;2;42;51;53m[48;2;85;87;91mᜡ[38;2;182;184;187m[48;2;44;51;51m᎐[38;2;43;53;54m[48;2;44;53;52mᘺ[38;2;45;56;53m[48;2;43;53;53m᪀[38;2;47;58;56m[48;2;51;63;60m▊[0m
[38;2;53;54;56m[48;2;53;54;55m [38;2;54;55;57m[48;2;53;54;56mຉ[38;2;56;57;59m[48;2;55;56;58m⟨[38;2;55;56;58m[48;2;55;56;57mᚑ[38;2;55;56;56m[48;2;55;56;57mǣ[38;2;54;56;56m[48;2;55;56;56mᕎ[38;2;54;55;56m[48;2;54;55;55mጿ[38;2;54;55;56m[48;2;0;0;0m▋[38;2;53;53;53m[48;2;55;56;55m▃[38;2;55;56;56m[48;2;53;53;54mᓚ[38;2;54;55;55m[48;2;53;53;53mय[38;2;53;53;53m[48;2;51;52;52mᜏ[38;2;52;52;52m[48;2;53;53;53m⣄[38;2;53;54;54m[48;2;52;52;52mঋ[38;2;52;52;52m[48;2;53;53;53mᧅ[38;2;50;50;51m[48;2;52;52;51m⎽[38;2;51;52;51m[48;2;50;50;50mꔼ[38;2;49;49;49m[48;2;51;51;50m⣤[38;2;51;50;50m[48;2;49;49;49mጧ[38;2;50;50;49m[48;2;49;49;49mች[38;2;48;49;49m[48;2;49;49;49m᎑[38;2;50;50;49m[48;2;49;49;49mᶑ[38;2;51;50;51m[48;2;49;49;50mᖴ[38;2;49;49;51m[48;2;51;51;52m⣀[38;2;49;50;52m[48;2;51;51;52m⣤[38;2;50;51;53m[48;2;48;49;53mᜣ[38;2;50;51;53m[48;2;48;50;53mᜈᘋ[38;2;47;49;53m[48;2;48;50;53m⎽[38;2;46;49;53m[48;2;47;50;53m⣀[38;2;47;50;53m[48;2;46;48;52mᵲ[38;2;45;48;53m[48;2;47;50;54m⣀[38;2;46;49;53m[48;2;48;51;55m▃[38;2;46;49;54m[48;2;48;51;55m▃[38;2;48;51;55m[48;2;46;49;54mᚑ[38;2;45;49;53m[48;2;47;50;55m▃[38;2;47;51;55m[48;2;46;49;53mᘺ[38;2;47;50;54m[48;2;45;49;53mᜀ[38;2;44;48;52m[48;2;47;50;54m⣀[38;2;47;51;55m[48;2;45;49;53mᚁ[38;2;47;50;54m[48;2;45;49;53mᙧ[38;2;46;49;53m[48;2;44;48;52mᚑ[38;2;47;49;53m[48;2;44;47;51mᜈ[38;2;179;179;179m[48;2;44;47;52m▋[38;2;42;46;49m[48;2;44;48;51m⣰[38;2;42;46;50m[48;2;41;45;48mᘋ[38;2;41;46;49m[48;2;40;45;48mᜅ[38;2;41;46;50m[48;2;40;45;49mᙓ[38;2;40;46;50m[48;2;39;45;49mᚌ[38;2;38;44;49m[48;2;39;45;49m⣠[38;2;39;44;49m[48;2;38;44;49m⠋[38;2;38;44;48m[48;2;38;44;49m⣀[38;2;38;44;49m[48;2;38;44;48mᜈ[38;2;38;44;48m[48;2;38;44;49m⡀▃[38;2;38;44;49m[48;2;38;44;48mႴ[38;2;38;44;47m[48;2;38;44;48mᨭ[38;2;37;43;46m[48;2;38;44;47m⫀[38;2;37;43;46m[48;2;38;44;46mᘺ[38;2;38;43;46m[48;2;39;44;47mᚑ[38;2;38;43;47m[48;2;39;44;47mᖦ[38;2;38;43;47m[48;2;40;45;48mᜠ[38;2;38;43;47m[48;2;40;44;48mꗴ[38;2;88;92;102m[48;2;36;41;45mՇ[38;2;37;42;46m[48;2;51;55;61mᜦ[38;2;84;90;100m[48;2;38;43;45mˬ[38;2;54;58;62m[48;2;39;43;49m፠[38;2;101;106;111m[48;2;37;43;48mπ[38;2;96;99;102m[48;2;38;43;49mᡡ[38;2;108;115;123m[48;2;37;42;47mᡱ[38;2;102;109;108m[48;2;38;42;46mፗ[38;2;89;96;101m[48;2;38;43;47mꬵ[38;2;76;81;86m[48;2;38;44;47mᥬ[38;2;82;86;88m[48;2;37;46;49mẊ[38;2;128;129;131m[48;2;42;49;50m˙[38;2;40;49;49m[48;2;113;118;124mঢ়[38;2;43;50;50m[48;2;139;143;146mꗪ[38;2;188;188;190m[48;2;45;54;53m⁻[38;2;47;57;54m[48;2;45;55;53m⡡[38;2;51;62;60m[48;2;47;58;55mᥖ[0m
[38;2;64;63;64m[48;2;53;53;54m [38;2;65;64;65m[48;2;53;53;54m⎽[38;2;66;65;66m[48;2;55;55;56m⎽[38;2;66;65;66m[48;2;56;57;57m⎽[38;2;67;65;66m[48;2;56;57;57m⎽[38;2;66;65;65m[48;2;56;56;56m⎽[38;2;65;64;64m[48;2;55;55;55m⎽[38;2;0;0;0m[48;2;55;55;55m⠈[38;2;26;26;27m[48;2;54;54;54mᘺ[38;2;26;26;27m[48;2;53;53;53mᘺᘺ[38;2;27;27;28m[48;2;52;53;53mᘺ[38;2;28;28;29m[48;2;51;53;53mᘺ[38;2;28;29;29m[48;2;51;52;52mᘺ[38;2;28;28;29m[48;2;51;52;53mᘺ[38;2;26;26;27m[48;2;50;51;51mᘺ[38;2;25;26;27m[48;2;49;49;50mᘺ[38;2;25;26;27m[48;2;47;48;48mᘺ[38;2;27;27;27m[48;2;47;48;49mᘺ[38;2;24;25;26m[48;2;47;48;49mᘺ[38;2;26;26;27m[48;2;47;48;49mᘺ[38;2;25;26;27m[48;2;46;48;49mᘺ[38;2;25;26;28m[48;2;47;49;50mᘺ[38;2;25;27;29m[48;2;46;48;50mᘺ[38;2;24;26;29m[48;2;46;48;50mᘺ[38;2;23;24;28m[48;2;46;48;51mᘺ[38;2;23;25;28m[48;2;45;47;50mᘺ[38;2;22;24;28m[48;2;44;47;50mᘺ[38;2;21;23;28m[48;2;44;47;51mᘺ[38;2;20;22;27m[48;2;43;46;50mᘺ[38;2;20;23;28m[48;2;43;46;51mᘺ[38;2;20;23;28m[48;2;43;47;51mᘺᘺ[38;2;21;24;29m[48;2;42;47;51mᘺ[38;2;20;23;29m[48;2;43;47;51mᘺ[38;2;21;24;29m[48;2;43;48;51mᘺ[38;2;21;24;29m[48;2;43;47;52mᘺ[38;2;20;23;28m[48;2;42;47;51mᘺ[38;2;19;23;27m[48;2;41;46;49mᘺ[38;2;18;22;26m[48;2;40;44;48mᘺ[38;2;19;22;26m[48;2;41;45;48mᘺ[38;2;19;22;26m[48;2;40;45;48mᘺ[38;2;13;15;16m[48;2;40;44;47mय[38;2;169;169;169m[48;2;42;47;49m⠁[38;2;52;54;56m[48;2;42;45;49m⎽[38;2;51;53;56m[48;2;41;45;48m⎽[38;2;52;54;56m[48;2;40;45;48m⎽[38;2;49;52;55m[48;2;40;45;48m⎽[38;2;48;50;53m[48;2;39;44;48m⎽[38;2;47;50;54m[48;2;38;44;48m⎽[38;2;48;51;55m[48;2;37;43;47m⎽[38;2;49;51;55m[48;2;37;43;48m⎽[38;2;48;51;54m[48;2;37;43;48m⎽[38;2;48;50;53m[48;2;38;44;48m⎽[38;2;50;52;56m[48;2;38;44;48m⎽[38;2;50;51;54m[48;2;37;43;47m⎽[38;2;49;51;54m[48;2;37;43;47m⎽[38;2;48;51;54m[48;2;37;43;47m⎽[38;2;48;51;54m[48;2;38;44;47m⎽[38;2;48;51;55m[48;2;39;44;47m⎽[38;2;51;54;57m[48;2;40;44;48m⎽[38;2;54;57;62m[48;2;40;45;49m⎽[38;2;57;61;65m[48;2;39;45;49mᜱ[38;2;57;61;67m[48;2;39;45;49m⎽[38;2;56;61;67m[48;2;37;43;48m⎽[38;2;56;61;67m[48;2;37;44;47m⎽[38;2;56;62;70m[48;2;37;44;47m⎽[38;2;58;64;70m[48;2;36;44;47m⎽[38;2;59;64;68m[48;2;36;44;47m⎽[38;2;62;67;70m[48;2;37;46;49m⎽[38;2;63;66;68m[48;2;39;47;50m⎽[38;2;63;65;66m[48;2;40;48;51m⎽[38;2;59;62;64m[48;2;39;49;52m⎽[38;2;58;63;65m[48;2;40;50;52m⎽[38;2;60;65;67m[48;2;41;51;53m⎽[38;2;43;51;53m[48;2;62;68;69mጄ[38;2;44;52;54m[48;2;91;94;98mⰮ[38;2;60;67;68m[48;2;45;55;55m⎽[38;2;63;71;70m[48;2;47;59;59m⎽[38;2;62;71;72m[48;2;51;61;62m⎽[0m
