[0m[38;2;42;31;17;48;2;29;23;7mᏯ[38;2;30;26;11;48;2;20;16;1mᘗ[38;2;29;26;13;48;2;21;20;2m⠉[38;2;37;29;22;48;2;17;17;3m⎺[38;2;33;30;13;48;2;13;14;2m⎺[38;2;28;22;9mᕎ[38;2;31;27;14;48;2;12;14;0m⠉[38;2;38;38;21;48;2;23;22;3m⎺[38;2;30;27;14;48;2;16;17;2m⠉[38;2;39;34;22;48;2;13;13;0m⎺[38;2;40;39;22;48;2;18;17;0mካ[38;2;42;36;19;48;2;17;16;0m⎺[38;2;36;29;10;48;2;21;18;6mᖜ[38;2;41;32;19;48;2;24;15;2m⠉[38;2;35;26;8;48;2;42;36;12mঠ[38;2;34;27;7;48;2;44;41;16mꖢ[38;2;60;51;36;48;2;36;27;10mฑ[38;2;28;26;8;48;2;49;37;21mᲄ[38;2;189;154;21;48;2;51;41;25m⣀[38;2;201;156;27;48;2;57;45;30m▃[38;2;198;157;16;48;2;69;51;46m▃[38;2;200;157;19;48;2;69;49;31m▃[38;2;199;159;15;48;2;62;45;38m▃[38;2;198;159;13;48;2;62;45;37m⣀[38;2;198;156;11;48;2;67;43;45m⎽[38;2;165;128;27;48;2;68;46;43m⎽[38;2;59;36;32;48;2;71;46;47m⣄[38;2;72;51;54;48;2;60;41;43mᚄ[38;2;60;41;37;48;2;43;28;18mᙹ[38;2;56;42;31;48;2;46;30;24m༰[38;2;65;49;41;48;2;50;37;25m⎺[38;2;68;49;51;48;2;58;38;39mᕜ[38;2;77;55;58;48;2;66;47;51mጧ[38;2;82;54;66;48;2;72;50;58mᚁ[38;2;91;61;76;48;2;79;47;67mຖ[38;2;88;58;72;48;2;75;48;62mᙿ[38;2;83;59;68;48;2;73;46;59mᚌ[38;2;83;58;71;48;2;74;48;63mᙓ[38;2;84;58;73;48;2;75;50;65mጠ[38;2;81;58;67;48;2;76;49;64mᚁ[38;2;83;58;70;48;2;78;52;64mᖈ[38;2;75;45;63;48;2;88;57;75m⣄[38;2;76;51;67;48;2;86;62;74m⣤[38;2;84;56;69;48;2;91;55;79mᓷ[38;2;82;56;70;48;2;104;57;85mꗛ[38;2;98;62;79;48;2;112;61;89mḶ[38;2;102;58;82;48;2;83;50;70mᘯ[38;2;82;57;73;48;2;79;52;68mἍ[38;2;72;50;61;48;2;81;56;69mᴏ[38;2;64;47;46;48;2;80;56;69m⟪[38;2;53;36;33;48;2;50;32;26mᚨ[38;2;45;32;20;48;2;41;29;17mᚋ[38;2;38;28;15;48;2;47;32;23mⳑ[38;2;48;30;22;48;2;40;24;15mᙴ[38;2;53;36;24;48;2;40;25;18mᙈ[38;2;52;39;26;48;2;42;31;17mᗴ[38;2;42;29;15;48;2;49;41;26m⣠[38;2;56;43;31;48;2;42;32;18mᖢ[38;2;56;44;31;48;2;41;32;20m⠉[38;2;48;38;25;48;2;44;36;20mด[38;2;59;39;33;48;2;41;31;22mᚈ[38;2;48;37;24;48;2;63;45;38mͱ[38;2;42;37;21;48;2;71;53;46mϼ[38;2;89;95;77;48;2;61;54;38m⣀[38;2;98;110;85;48;2;55;44;34m⣀[38;2;100;111;92;48;2;54;45;36m▃[38;2;73;64;55;48;2;100;112;98mᜏ[38;2;76;66;59;48;2;92;98;85mᜂ[38;2;60;41;40;48;2;26;17;7mᘫ[38;2;58;49;39;48;2;32;22;12mᢕ[38;2;79;55;58;48;2;51;28;31mᙫ[38;2;83;54;69;48;2;76;49;64mᚂ[38;2;93;65;75;48;2;86;57;71m⡉[38;2;100;67;84;48;2;89;57;74mᗴ[38;2;113;76;102;48;2;102;64;90mᕴ[38;2;124;90;109;48;2;103;70;95mᜀ[38;2;111;88;110;48;2;104;77;104mኹ[38;2;116;106;129;48;2;111;97;114mᖴ[38;2;123;114;131;48;2;112;106;121mጱ[38;2;125;116;129;48;2;118;108;121m⠉[0m
[38;2;90;78;88;48;2;30;21;8m▗[38;2;19;14;2;48;2;24;21;10mᜂ[38;2;19;17;4;48;2;17;13;2m⣃[38;2;13;11;0;48;2;18;13;3m៨[38;2;12;11;0;48;2;14;12;0m´[38;2;11;11;0;48;2;14;13;1mᗑ[38;2;20;16;4;48;2;16;14;0mⰪ[38;2;16;12;1;48;2;11;12;0mᑔ[38;2;9;9;0;48;2;12;12;0m⁄[48;2;11;10;1mࠨ[38;2;14;11;0;48;2;19;15;3mᜧ[38;2;24;19;3;48;2;17;15;0mᤅ[38;2;51;47;21;48;2;21;19;2m⢀[38;2;56;57;27;48;2;29;24;5m⡴[38;2;173;141;34;48;2;51;47;17m⢀[38;2;203;157;3;48;2;28;18;4m⣠[38;2;196;161;19;48;2;38;26;11m⡴[38;2;198;157;10;48;2;37;23;2mꗛ[38;2;200;156;10;48;2;42;25;6mᙴ[38;2;204;154;2;48;2;44;25;7m⠉[38;2;46;25;9;48;2;198;159;12mয়[38;2;201;160;1;48;2;46;25;9m⣀[38;2;46;24;10;48;2;203;158;0mኢ[38;2;45;26;7;48;2;200;157;19mኢ[38;2;198;156;11;48;2;58;37;9m⣉[48;2;65;40;14m⣉[38;2;65;40;14;48;2;173;131;9mᬛ[38;2;56;35;40;48;2;57;36;42mĻ[38;2;54;36;31;48;2;43;26;16m▋[38;2;46;32;24;48;2;40;24;14mᤜ[38;2;40;27;14;48;2;47;32;24mᤝ[38;2;43;29;19;48;2;49;36;32m▏[38;2;57;38;42;48;2;60;40;46mҐ[38;2;70;48;56;48;2;63;41;49mꬷ[38;2;70;45;61;48;2;62;38;57mᚂ[38;2;69;41;50;48;2;72;45;59mᱎ[38;2;66;38;53;48;2;69;42;59mꢫ[38;2;72;46;61;48;2;68;41;50mᖢ[38;2;70;45;55;48;2;65;41;50mᶸ[38;2;75;47;62;48;2;70;44;57mኬ[38;2;68;42;53;48;2;74;49;62m⣰[38;2;77;47;65;48;2;70;43;57mᘺ[38;2;74;45;63;48;2;80;47;70mሃ[38;2;116;63;89;48;2;92;56;76mӇ[38;2;86;49;72;48;2;117;61;92m⣀[38;2;112;59;88;48;2;84;49;72m⠉[38;2;76;46;62mꗴ[38;2;77;47;63;48;2;91;55;74mᜈ[38;2;81;49;65;48;2;66;43;49mᘙ[38;2;52;33;30;48;2;59;37;40m⣠[38;2;33;22;12;48;2;44;29;22m⣠[38;2;39;25;16;48;2;31;21;11mᐓ[38;2;39;27;17;48;2;34;21;12mʦ[38;2;37;22;11;48;2;45;29;20mꪄ[38;2;45;27;19;48;2;30;19;9mᓩ[38;2;44;25;17;48;2;33;20;9mጬ[38;2;64;58;47;48;2;38;24;12m⎽[38;2;75;68;56;48;2;39;23;10m⣠[38;2;38;23;15;48;2;69;71;57mᙴ[38;2;43;38;27;48;2;82;89;67m⠉[38;2;67;66;50;48;2;92;109;74m⠉[38;2;69;65;54;48;2;98;110;88m⎺[38;2;102;125;93;48;2;95;107;83mᨿ[38;2;107;128;100;48;2;98;113;83mꗿ[38;2;103;120;98;48;2;13;18;1mᜣ[38;2;104;118;92;48;2;11;16;1mᙴ[38;2;100;112;90;48;2;13;22;4mᘺ[38;2;18;18;0;48;2;104;109;98mᬡ[38;2;30;22;11;48;2;18;13;1mᗎ[38;2;18;11;1;48;2;27;20;3m⣤[38;2;53;38;39;48;2;19;21;1mꖋ[38;2;23;15;2;48;2;73;47;65m⣀[38;2;19;18;6;48;2;77;48;71m⣀[38;2;52;32;34;48;2;84;52;75m⎽[38;2;98;65;88;48;2;92;61;81m⟪[38;2;112;79;103;48;2;93;57;81mҏ[38;2;104;80;108;48;2;100;73;102mᝧ[38;2;103;85;108;48;2;110;97;117mႴ[38;2;115;112;127;48;2;110;98;115mᝥ[38;2;118;108;123;48;2;114;103;120mƞ[0m
[38;2;80;73;91;48;2;37;28;18mⰔ[38;2;64;60;69;48;2;20;21;5mၿ[38;2;18;15;2;48;2;15;13;1mᦑ[38;2;12;15;0;48;2;17;15;0mᖢ[38;2;32;26;8;48;2;16;14;1m⣀[38;2;13;12;0;48;2;20;16;4mᖆ[38;2;14;11;0;48;2;9;9;0mᚇ[38;2;12;13;0;48;2;10;10;0mᏬ[38;2;11;12;0;48;2;16;14;1mሯ[38;2;14;12;0;48;2;18;16;3mᑖ[38;2;21;15;1;48;2;27;20;4mᖇ[38;2;197;158;40;48;2;27;20;0m⢀[38;2;53;49;20;48;2;200;161;9mᚑ[38;2;76;62;15;48;2;198;161;8m⣉[38;2;77;68;31;48;2;199;157;20mʪ[38;2;65;47;6;48;2;203;156;16mᵙ[38;2;42;25;6;48;2;206;160;0mᘺ[38;2;43;24;7;48;2;207;162;0mፇ[38;2;207;158;2;48;2;168;129;21mꘀ[38;2;208;159;3;48;2;206;159;1m⩹[38;2;207;159;0;48;2;209;162;0mᗋ[38;2;209;162;1;48;2;207;159;0m⣠[38;2;208;160;2;48;2;210;161;0mᚋ[38;2;208;161;0;48;2;207;159;0m៕[38;2;207;159;0;48;2;209;160;5mቜ[38;2;204;159;1;48;2;207;160;0mᙧ[38;2;204;159;2;48;2;207;159;0mᙴ[38;2;157;123;15;48;2;205;161;2mৠ[38;2;50;26;14;48;2;204;162;3m⠉[48;2;201;160;1mᙢ[38;2;199;153;7;48;2;44;28;18m▃[38;2;193;156;25;48;2;50;26;14m⡀[38;2;65;45;49;48;2;60;41;43mȬ[38;2;63;42;56;48;2;56;38;46mᣙ[38;2;58;36;44;48;2;63;43;53mႶ[38;2;56;37;45;48;2;62;42;51mᤚ[38;2;64;41;55;48;2;56;37;48mᣌ[38;2;57;32;46;48;2;66;43;53m⠆[38;2;68;44;58;48;2;62;40;52mꩳ[38;2;71;47;62;48;2;64;40;55m⠸[38;2;70;45;57;48;2;65;39;50mⶏ[38;2;72;46;60;48;2;68;41;55mᙁ[38;2;71;42;64;48;2;76;47;66mǷ[38;2;83;51;74;48;2;76;45;63m⢡[38;2;80;47;68;48;2;95;53;79mꕅ[38;2;90;49;76;48;2;103;56;81mᥠ[38;2;80;42;65;48;2;92;51;77mᒦ[38;2;98;55;73;48;2;77;45;61m▋[38;2;54;36;38;48;2;60;40;48mᨭ[38;2;49;29;25;48;2;41;24;21m▍[38;2;31;21;9;48;2;25;15;7mᑏ[38;2;26;18;5;48;2;31;23;10mḜ[38;2;47;33;22;48;2;29;24;9m᜵[38;2;37;28;17;48;2;63;55;40mᜦ[38;2;30;18;10;48;2;53;54;40mᚌ[38;2;38;28;14;48;2;68;65;52mᗎ[38;2;98;115;78;48;2;75;76;60m⣠[38;2;80;84;62;48;2;98;115;77mᙴ[38;2;78;85;57;48;2;93;112;82mᗎ[38;2;91;116;80;48;2;105;124;89mꤢ[38;2;105;128;95;48;2;10;13;5mᜣ[38;2;94;111;84;48;2;6;4;0mᙴ[38;2;97;113;86m⠉[38;2;11;10;0;48;2;68;79;60mꘀ[38;2;13;13;1;48;2;8;8;0m⠉[38;2;11;13;2;48;2;7;8;1m⠑[38;2;11;11;1;48;2;7;7;0mᜈ[38;2;16;18;0;48;2;11;11;1mಠ[38;2;16;11;2;48;2;11;8;1m⹈[38;2;11;13;2;48;2;17;17;0mᘺ[38;2;17;17;2;48;2;23;23;2mꢠ[38;2;29;29;2;48;2;20;20;0mƫ[38;2;32;23;4;48;2;14;14;1mꦔ[38;2;22;19;2;48;2;17;15;1m˞[38;2;79;59;68;48;2;13;11;0m⠉[38;2;82;60;74;48;2;12;12;0m⠉[38;2;100;80;98;48;2;18;14;3mᙘ[38;2;116;102;125;48;2;111;98;120mᱨ[38;2;119;107;128;48;2;111;100;122mᤋ[38;2;112;104;124;48;2;122;109;128mᏼ[0m
[38;2;62;54;53;48;2;37;26;17m⊷[38;2;26;18;14;48;2;18;15;3m▏[38;2;20;17;3;48;2;16;14;1mᥗ[38;2;22;18;3;48;2;18;15;0mᡐ[38;2;34;25;14;48;2;26;19;6mꖠ[38;2;20;16;2;48;2;25;19;5m᧺[38;2;13;12;0;48;2;11;9;0mᠥ[38;2;22;19;4;48;2;16;12;1mਫ਼[38;2;18;15;1;48;2;29;22;7mⱕ[38;2;26;22;6;48;2;23;17;1mह[38;2;63;59;12;48;2;39;34;19m⣰[38;2;141;111;8;48;2;202;158;2mၮ[38;2;90;74;18;48;2;201;161;24mᨨ[38;2;207;159;0;48;2;97;78;32mᶐ[38;2;209;162;5;48;2;209;162;0m꜈[38;2;209;161;1;48;2;208;160;0mє[38;2;210;162;0;48;2;208;159;0mᒦ[38;2;211;160;0mꗛ[38;2;53;21;3;48;2;209;163;0m⢀[38;2;207;161;4;48;2;50;29;13mᜏ[38;2;209;161;7;48;2;57;37;19mᘺ[38;2;212;162;3;48;2;31;25;7mᘺ[38;2;206;160;2;48;2;45;36;16mᙢ[38;2;47;24;12;48;2;206;161;0m⣤[38;2;52;33;20;48;2;204;161;3m⣤[38;2;206;160;0;48;2;53;37;30mᜈ[38;2;65;44;28;48;2;206;161;1m⣀[38;2;55;47;18;48;2;206;161;0m⣀[38;2;71;50;49;48;2;206;160;3m⎽[38;2;201;160;25;48;2;208;158;1m⎽[38;2;202;156;0;48;2;207;159;1mⰎ[38;2;191;150;45;48;2;205;156;1mৠ[38;2;70;40;47;48;2;194;154;4mᖢ[38;2;202;157;15;48;2;70;45;49m⡀[38;2;72;44;55;48;2;65;39;49mꧻ[38;2;69;42;52;48;2;74;47;62mᚈ[38;2;67;41;54;48;2;70;43;58mడ[38;2;65;40;53;48;2;69;46;56mⲊ[38;2;72;45;60;48;2;64;40;53m⨢[38;2;65;43;53;48;2;69;45;58m┃[38;2;71;45;60;48;2;74;48;67m▍[38;2;71;43;60;48;2;79;50;65mᶎ[38;2;64;43;52;48;2;72;45;64mǌ[38;2;76;44;63;48;2;66;43;56mⶺ[38;2;84;55;71;48;2;74;46;64mꔟ[38;2;74;45;63;48;2;82;49;71m⢐[38;2;88;53;77;48;2;80;48;69m⡙[38;2;65;41;54;48;2;77;49;66m᥇[38;2;49;30;34;48;2;58;40;44mӃ[38;2;41;24;20;48;2;51;38;38mᜈ[38;2;62;60;49;48;2;39;27;19m⣠[38;2;44;34;23;48;2;74;80;66mᚑ[38;2;70;70;53;48;2;93;107;75mᚌ[38;2;71;71;56;48;2;102;122;94mᙴ[38;2;77;80;66;48;2;95;114;86m⠁[38;2;93;115;88;48;2;90;108;79mᢾ[38;2;105;126;85;48;2;105;126;85m [38;2;5;12;3;48;2;100;124;85m⣠[38;2;93;112;82;48;2;6;4;0mᙴ[38;2;93;85;73;48;2;7;10;4m⠋[38;2;6;4;0;48;2;90;84;76m⣆[38;2;93;80;78;48;2;6;4;0m⠆[38;2;6;4;0m [38;2;14;14;5;48;2;9;9;1mឩ[38;2;10;8;2;48;2;5;6;0mꚍ[38;2;6;6;0;48;2;8;8;0mዝ[38;2;9;9;1;48;2;5;5;0mꪡ[38;2;5;5;0;48;2;8;7;2mꢰ[48;2;8;8;3m⣢[38;2;14;14;1;48;2;9;9;0m⠈[38;2;22;15;0mᘨ[38;2;12;12;0;48;2;17;17;1mᬡ[48;2;20;15;4mꗹ[38;2;12;15;0;48;2;23;16;2m⡁[38;2;21;13;1;48;2;18;12;0mℑ[38;2;27;24;3;48;2;18;15;1m῞[38;2;29;31;25;48;2;19;17;3mᢕ[38;2;96;89;100;48;2;115;106;123mᝍ[38;2;113;104;124;48;2;110;102;121m᪭[38;2;131;120;141;48;2;119;110;131m⠸[0m
[38;2;25;19;3;48;2;37;28;10mᣂ[38;2;18;12;0;48;2;26;20;4m⩺[38;2;25;21;4;48;2;19;17;2m⡠[38;2;23;20;2;48;2;30;24;10mᑔ[38;2;39;24;14;48;2;26;18;5m▃[38;2;21;16;4;48;2;30;20;10mᜂ[38;2;15;15;3;48;2;23;16;4mᖣ[38;2;23;17;5;48;2;14;10;0mᤝ[38;2;30;24;5;48;2;33;26;11mᖧ[38;2;29;23;8;48;2;60;52;31mᚓ[38;2;162;141;31;48;2;52;46;9mᤝ[38;2;200;165;36;48;2;98;80;22mᑥ[38;2;206;163;7;48;2;117;105;19mᨰ[38;2;205;161;3;48;2;207;161;0mၮ[38;2;210;162;0;48;2;207;159;0mⲙ[38;2;211;163;1;48;2;208;160;0m᠗[38;2;206;164;0;48;2;209;162;2mҏ[38;2;115;89;11;48;2;206;156;3m⢰[38;2;75;67;39;48;2;40;30;7m▍[38;2;49;36;23;48;2;40;28;9m⫳[38;2;48;32;19;48;2;55;40;24m꠰[38;2;24;14;4;48;2;51;32;23mਫ਼[38;2;34;25;6;48;2;17;14;0m⩿[38;2;25;16;4;48;2;42;31;15m⡀[38;2;41;24;12;48;2;56;37;27mᶰ[38;2;59;40;37;48;2;48;36;22mꗺ[38;2;53;31;30;48;2;60;40;41m⠰[38;2;62;41;37;48;2;53;34;26mต[38;2;62;45;44;48;2;69;44;43mឥ[38;2;199;158;44;48;2;71;48;55mৠ[38;2;201;154;7;48;2;74;54;60m⠙[38;2;84;55;67;48;2;203;158;0m⡀[38;2;204;160;1;48;2;202;159;0mꣷ[38;2;176;140;31;48;2;208;160;1mৠ[38;2;75;39;2;48;2;201;154;21mᖦ[38;2;170;134;39;48;2;72;42;53m⡀[38;2;71;43;57;48;2;75;48;62mᏡ[38;2;77;45;65;48;2;68;43;53m▖[38;2;72;45;57;48;2;74;47;66mᓪ[38;2;64;38;51;48;2;71;44;57mᑷ[38;2;72;44;58;48;2;75;48;65mዺ[38;2;67;43;58;48;2;64;40;56m⟧[38;2;68;44;60;48;2;75;46;67mጺ[38;2;78;46;69;48;2;72;42;59m▲[38;2;75;47;64;48;2;72;44;58mᠻ[38;2;72;43;63;48;2;79;51;71mፅ[38;2;76;47;69;48;2;98;56;78mꔿ[38;2;75;44;60;48;2;117;63;90mᙸ[38;2;88;56;68;48;2;119;67;88mᜈ[38;2;61;44;42;48;2;76;56;56m⫀[38;2;95;91;79;48;2;80;61;63m⢰[38;2;102;111;82;48;2;89;98;76mᨰ[38;2;104;128;89;48;2;107;130;91m႟[38;2;104;127;92;48;2;109;130;94mᚉ[38;2;12;12;7;48;2;103;121;88m⢀[38;2;98;118;95;48;2;6;4;0m⠋[38;2;6;4;0;48;2;100;106;88mꘀ[38;2;94;86;81;48;2;6;4;0mϵ[38;2;6;4;0;48;2;107;97;92m⣉[48;2;110;102;94m⠉[48;2;117;104;103mᙓ[48;2;105;93;92mᜊ[48;2;6;4;0m [38;2;80;76;68;48;2;9;9;1mৠ[38;2;82;74;69;48;2;7;8;4mᒦ[38;2;56;46;40;48;2;8;8;0mय[38;2;85;72;70;48;2;11;9;2mᡒ[38;2;15;11;2;48;2;8;8;1mᜮ[38;2;9;10;2;48;2;8;5;0mꧯ[38;2;9;10;1;48;2;7;8;0mᔭ[38;2;10;9;1;48;2;8;8;0m⠥[38;2;9;12;0;48;2;13;8;1mব[38;2;18;21;2;48;2;10;10;0m⠤[38;2;25;21;6;48;2;16;12;4m╌[38;2;15;16;2;48;2;26;24;7mꕙ[38;2;44;29;8;48;2;21;18;4mᝥ[38;2;18;15;0;48;2;28;23;2mꗫ[38;2;16;12;8;48;2;111;102;122m▍[38;2;110;102;120;48;2;116;108;128m‷[38;2;120;109;129;48;2;128;116;138mᙯ[0m
[38;2;28;21;5;48;2;38;27;12mᨭ[38;2;24;18;2;48;2;28;22;6m᪀[38;2;41;25;12;48;2;27;20;4m⢀[38;2;51;33;25;48;2;39;25;16mᨐ[38;2;54;38;30;48;2;43;30;21mॹ[38;2;45;30;23;48;2;36;26;11mᓖ[38;2;21;16;2;48;2;31;25;11m⫷[38;2;22;19;3;48;2;28;23;6mᏨ[38;2;38;28;13;48;2;71;78;50mᘝ[38;2;69;72;46;48;2;48;46;25mⵇ[38;2;175;154;30;48;2;67;72;47mᤜ[38;2;74;51;0;48;2;201;161;10m╹[38;2;199;159;15;48;2;205;162;1mჄ[38;2;207;162;0;48;2;209;161;0mᤁ[38;2;209;159;0m⠤[38;2;208;160;0;48;2;207;159;0mꗾ[38;2;206;162;0;48;2;208;160;1mᤗ[38;2;74;48;6;48;2;204;157;1mᤝ[38;2;66;60;35;48;2;63;57;30mꦢ[38;2;62;58;39;48;2;36;25;10m▖[38;2;49;36;25;48;2;44;29;16mꢈ[38;2;54;37;36;48;2;44;28;19mʆ[38;2;45;32;21;48;2;26;19;6mႁ[38;2;17;12;0;48;2;29;21;9mꩢ[38;2;40;31;15;48;2;23;18;6mᚃ[38;2;50;32;24;48;2;38;25;13mᥕ[38;2;57;37;35;48;2;60;41;40mꡬ[38;2;44;27;19;48;2;51;34;29m⨶[38;2;49;36;23;48;2;59;40;42m▍[38;2;65;42;49;48;2;63;40;48m༴[38;2;70;45;54;48;2;73;47;62m▍[38;2;162;130;41;48;2;75;48;61mৠ[38;2;199;157;2;48;2;72;49;48mᙧ[38;2;165;134;37;48;2;204;160;1m⡀[38;2;203;159;0;48;2;202;156;2mꤞ[38;2;133;98;32;48;2;203;159;2m⠈[38;2;80;49;40;48;2;201;159;9mᙨ[38;2;80;49;45;48;2;75;46;57m⡀[38;2;72;45;57;48;2;75;47;66mᡝ[38;2;78;53;68;48;2;72;47;63m⡀[38;2;76;48;63;48;2;73;46;62mᛵ[38;2;71;43;61;48;2;74;47;63mᙃ[38;2;74;47;65;48;2;71;42;61mⴿ[38;2;68;42;56;48;2;75;48;65m᱓[38;2;130;68;102;48;2;73;43;61m⣠[38;2;90;53;75;48;2;144;66;102mᘋ[38;2;151;70;102;48;2;108;53;81mᾚ[38;2;149;73;103;48;2;144;67;98mꪕ[38;2;119;75;88;48;2;138;73;100mᤃ[38;2;95;68;70;48;2;84;57;57mꢘ[38;2;103;102;88;48;2;90;79;73m᧸[38;2;97;109;83;48;2;100;122;88m▋[38;2;102;129;85;48;2;106;130;91m⣀[38;2;9;8;2;48;2;115;130;95m⢰[38;2;9;11;1;48;2;9;8;2mၮ[38;2;100;74;71;48;2;10;11;1m⠐[38;2;128;70;85;48;2;12;8;0m⠲[38;2;131;70;89;48;2;13;6;1mϸ[38;2;6;4;0;48;2;135;71;95mᜈ[48;2;127;72;91mᜠ[38;2;118;102;102;48;2;6;4;0m⎺[48;2;9;10;0m⠙[38;2;114;103;102;48;2;10;8;0mߵ[38;2;10;10;0;48;2;5;6;0mꗼ[38;2;8;9;1;48;2;6;6;1mꦒ[38;2;27;22;14;48;2;6;8;0mৠ[38;2;102;88;81;48;2;7;6;1m⠉[38;2;77;67;62;48;2;7;6;0m꧁[38;2;7;7;1;48;2;5;5;0mᲤ[38;2;9;9;1;48;2;6;6;1mⴭ[38;2;8;8;0;48;2;16;12;1mጇ[38;2;10;10;0;48;2;23;18;3mꕧ[38;2;25;23;7;48;2;12;12;0mը[38;2;16;13;2;48;2;47;38;15mⴠ[38;2;33;30;9;48;2;15;15;1mꙕ[38;2;58;48;24;48;2;23;15;2m⠠[38;2;22;18;1;48;2;13;12;0m꥟[38;2;110;105;113;48;2;20;16;5mᤝ[38;2;115;106;126;48;2;111;102;122mᕼ[38;2;129;116;134;48;2;120;108;126mҏ[0m
[38;2;38;23;11;48;2;28;18;6m⣆[38;2;33;21;13;48;2;25;16;4m᠓[38;2;33;20;8;48;2;49;30;23mᚌ[38;2;55;39;38;48;2;44;28;24mក[38;2;51;38;29;48;2;65;46;46mᙧ[38;2;37;28;12;48;2;50;39;29mⳇ[38;2;77;81;55;48;2;32;25;11m⢀[38;2;49;43;19;48;2;65;72;37mᜋ[38;2;54;53;29;48;2;80;86;60mꔈ[38;2;88;93;62;48;2;63;67;31mᨰ[38;2;75;88;51;48;2;102;123;72mᘋ[38;2;200;160;12;48;2;112;112;44mข[38;2;203;160;3;48;2;175;149;15mꖢ[38;2;209;164;0;48;2;207;162;0mౡ[38;2;206;161;0;48;2;207;162;1m⠱ꔢ[38;2;208;160;4;48;2;206;162;0m≼[38;2;136;105;9;48;2;204;160;4mᤕ[38;2;63;55;19;48;2;71;67;40m⡆[38;2;41;33;17;48;2;60;57;40m⠈[38;2;48;36;21;48;2;37;23;11mᣧ[38;2;47;40;23;48;2;38;24;10mฒ[38;2;57;39;29;48;2;39;23;10m⡆[38;2;21;14;0;48;2;30;20;5mᥞ[38;2;24;17;5;48;2;15;11;0m⫈[38;2;40;26;17;48;2;28;20;2mኹ[38;2;55;34;32;48;2;50;29;23mᕜ[38;2;56;37;38;48;2;47;31;28m⡆[38;2;47;28;23;48;2;54;37;37m▋[38;2;61;41;44;48;2;53;32;33m⋃[38;2;70;46;59;48;2;65;41;49m⫚[38;2;70;44;59;48;2;75;49;64m⫩[38;2;67;42;56;48;2;75;51;57m⣅[38;2;184;152;45;48;2;72;44;59m⠈[38;2;200;163;3;48;2;83;53;47mᙪ[38;2;180;147;41;48;2;203;158;2m⡀[38;2;203;158;4;48;2;206;162;1mᕎ[38;2;88;51;21;48;2;204;163;0mৠ[38;2;80;45;44;48;2;203;160;6m⠉[38;2;83;40;24mᘺ[38;2;69;41;57;48;2;205;157;1m⠉[38;2;208;159;2;48;2;80;42;45m⣤[38;2;204;159;2;48;2;76;50;60m⣤[38;2;202;156;7;48;2;105;50;62m⣤[38;2;19;7;3;48;2;147;72;90m▗[38;2;129;72;85;48;2;7;7;3m⠋[38;2;146;72;97;48;2;4;1;0m⠉[38;2;146;74;102;48;2;6;3;0m⠉[38;2;119;83;88;48;2;8;6;1mᕎ[38;2;88;75;70;48;2;6;5;2mᙧ[38;2;104;102;90;48;2;51;48;41mᜢ[38;2;104;112;91;48;2;104;123;92m▍[38;2;108;133;94;48;2;104;131;88mῴ[38;2;109;128;88;48;2;9;9;2m▍[38;2;134;74;94;48;2;15;3;3mᤝ[38;2;13;7;3;48;2;148;65;100mฐ[38;2;151;60;98;48;2;7;9;0m▃[38;2;140;68;97;48;2;7;4;0m⣀[38;2;140;74;100m⣀[38;2;100;52;67;48;2;6;5;0m⣉[38;2;12;6;4;48;2;127;70;84m⠦[38;2;100;55;66;48;2;15;2;1mߠ[38;2;3;5;0;48;2;14;3;2mᙨ[38;2;12;10;0;48;2;7;8;0mₜ[38;2;5;4;0;48;2;9;9;1m࿄[38;2;6;5;0;48;2;8;6;1mἦ[38;2;6;4;0;48;2;9;8;3mꦒ[38;2;8;7;2;48;2;5;5;0mᢉ[38;2;6;7;0;48;2;9;8;1mዡ[38;2;18;18;6;48;2;8;7;1mᜮ[38;2;6;4;0;48;2;8;10;1mࠕ[38;2;12;12;1;48;2;37;27;9mἵ[38;2;24;18;4;48;2;13;9;1mǟ[38;2;63;51;30;48;2;18;15;0m⠄[38;2;46;39;19;48;2;18;18;6mꘔ[38;2;47;41;25;48;2;15;8;0mϽ[38;2;8;13;0;48;2;13;12;1mᢂ[38;2;100;91;109;48;2;16;15;3mᤝ[38;2;116;102;125;48;2;105;97;121mᖧ[38;2;129;116;134;48;2;118;105;122mᤜ[0m
[38;2;38;25;13;48;2;43;28;16mఫ[38;2;49;32;23;48;2;42;25;16mᨾ[38;2;47;33;23;48;2;57;39;39mꬋ[38;2;52;38;38;48;2;66;46;50mᚅ[38;2;49;33;34;48;2;67;52;60mᏺ[38;2;64;48;51;48;2;44;37;22m▋[38;2;51;49;27;48;2;77;81;55mꬋ[38;2;77;81;55;48;2;61;65;42mᬰ[38;2;60;60;40;48;2;90;100;68mᘫ[38;2;100;120;74;48;2;85;102;61mᩄ[38;2;51;63;40;48;2;107;129;85m⢀[38;2;107;128;81;48;2;13;13;14mᗞ[38;2;19;14;1;48;2;158;139;53mড়[38;2;192;155;44;48;2;21;17;0m⣉[38;2;201;161;7;48;2;18;17;0m⠉[38;2;204;161;0;48;2;15;12;4m⠉[38;2;199;160;0;48;2;13;11;1mᙧ[38;2;200;160;2;48;2;23;14;0mᜠ[38;2;164;127;37;48;2;62;57;27m▍[38;2;67;63;43;48;2;52;46;26m▋[38;2;57;47;34;48;2;39;28;13mꢜ[38;2;23;16;1;48;2;30;23;7mམ[38;2;30;21;8;48;2;52;37;30m▍[38;2;43;28;16;48;2;49;34;28mᖷ[38;2;38;24;10;48;2;21;15;4mᾚ[38;2;46;30;18;48;2;24;12;3mꢧ[38;2;26;21;10;48;2;43;28;15m▍[38;2;50;33;28;48;2;40;22;15mᚙ[38;2;49;30;19;48;2;58;32;38m▋[38;2;59;39;45;48;2;57;37;40mߖ[38;2;60;40;44;48;2;65;44;55m▋[38;2;69;43;60;48;2;72;46;65mꡃ[38;2;66;45;57;48;2;72;49;63m▼[38;2;70;42;60;48;2;75;47;67mᏃ[38;2;78;47;66;48;2;79;51;70mᗭ[38;2;192;156;37;48;2;78;50;70mৠ[38;2;203;169;21;48;2;91;60;77mᖜ[38;2;205;166;4;48;2;89;54;72mᘺ[38;2;202;150;3;48;2;90;57;72mᙓ[38;2;91;59;71;48;2;200;149;6m⣤[38;2;88;52;75;48;2;204;157;14m⣤[38;2;83;53;65;48;2;206;162;4m⣤[38;2;98;56;71;48;2;204;161;3m⣤[38;2;126;63;98;48;2;203;155;7m⣤[38;2;14;9;1;48;2;168;80;88m⠈[38;2;157;76;106;48;2;10;3;0m⣀[38;2;158;94;110;48;2;6;2;0m⣀[38;2;160;95;113;48;2;5;4;0m⣀[38;2;107;67;74;48;2;7;4;0m⣀[38;2;91;70;68;48;2;6;6;0m⣀[38;2;89;90;75;48;2;6;5;3m⣀[38;2;104;112;90;48;2;5;8;2m⣈[38;2;78;91;67;48;2;105;133;94m▏[38;2;104;130;90;48;2;8;9;2m▍[38;2;42;9;14;48;2;5;4;3mৠ[38;2;141;83;102;48;2;7;6;1m⠉[38;2;158;63;102;48;2;13;4;1mᙓ[38;2;153;59;95;48;2;7;4;0mᜈ[38;2;151;68;102;48;2;11;7;3mᜏ[38;2;143;68;98;48;2;9;6;1mᘋ[38;2;7;6;0;48;2;100;54;68mᾚ[38;2;6;2;0;48;2;7;6;1m᜵[38;2;5;4;0;48;2;8;9;2mᘇ[48;2;12;10;0m▍[38;2;10;8;0;48;2;6;6;1mპ[38;2;9;8;3;48;2;6;6;0mᑀ[38;2;10;8;3;48;2;7;6;1m⠴[38;2;6;5;0;48;2;9;9;1m⠓[38;2;4;3;0;48;2;9;8;2mᕚ[38;2;42;30;13;48;2;10;12;2mƼ[38;2;12;10;1;48;2;10;9;1mዷ[38;2;115;60;80;48;2;13;9;0m⣀[38;2;103;66;89;48;2;9;8;0m⣀[38;2;82;56;76;48;2;12;13;5m⣀[38;2;14;7;2;48;2;97;76;93mᜏ[38;2;13;10;4;48;2;103;77;102mᙴ[38;2;10;14;3;48;2;109;88;111m⠉[38;2;111;98;120;48;2;47;47;43mᾚ[38;2;116;106;127;48;2;113;100;120mᨭ[38;2;129;116;133;48;2;121;109;127m⫚[0m
[38;2;36;18;8;48;2;44;29;17mբ[38;2;54;38;27;48;2;42;26;17m⢡[38;2;75;61;64;48;2;61;42;39m▗[38;2;69;47;60;48;2;84;61;81mᜏ[38;2;95;78;97;48;2;81;64;81m⣠[38;2;78;63;72;48;2;54;54;41m▍[38;2;77;81;55;48;2;51;48;28m⠈[38;2;91;111;68;48;2;69;73;47m▗[38;2;92;110;66;48;2;102;119;74mᏩ[38;2;10;16;2;48;2;107;124;82m▗[38;2;8;13;1;48;2;100;106;95mⴻ[38;2;106;117;72;48;2;13;13;3mᨹ[38;2;120;130;77;48;2;15;15;1mᙴ[38;2;167;142;57;48;2;17;9;0m⣉[38;2;17;17;5;48;2;175;150;51mᢓ[38;2;115;96;43;48;2;16;7;0mꦡ[38;2;10;10;0;48;2;18;12;2mⰪ[38;2;11;11;1;48;2;8;8;1mཞ[38;2;59;56;25;48;2;10;9;0mᕚ[38;2;7;8;0;48;2;56;51;29m⡀[38;2;56;47;31;48;2;45;37;16mᦓ[38;2;36;23;9;48;2;43;27;18m⢉[38;2;48;36;23;48;2;38;24;10mᦨ[38;2;37;23;10;48;2;47;31;20mᦲ[38;2;33;24;8;48;2;37;26;11mժ[38;2;36;19;7;48;2;47;31;18m꠶[38;2;44;30;22;48;2;28;18;9mᣂ[38;2;40;25;17;48;2;46;30;22mల[38;2;46;26;20;48;2;53;36;33mႤ[38;2;61;39;42;48;2;54;36;29mꖠ[38;2;59;35;42;48;2;62;39;47mᚴ[38;2;71;44;59;48;2;72;50;66mἥ[38;2;78;50;70;48;2;73;47;64mᾩ[38;2;74;44;64;48;2;74;48;69m⁀[38;2;80;53;72;48;2;77;49;69m᠆[38;2;80;51;73;48;2;74;46;65mⳞ[38;2;81;52;75;48;2;92;55;82m⡆[38;2;89;56;76;48;2;106;64;88mᤝ[38;2;85;53;76;48;2;90;57;80mǹ[38;2;88;55;78;48;2;83;51;72mⱣ[38;2;91;60;83;48;2;89;55;80mዄ[38;2;88;50;76;48;2;77;49;71mꤗ[38;2;102;57;86;48;2;86;51;76mᥠ[38;2;163;76;115;48;2;145;70;106mᢠ[38;2;166;74;109;48;2;170;78;114mễ[38;2;165;75;109;48;2;165;71;109mᙬ[38;2;167;82;114;48;2;168;78;111m⳹[38;2;160;83;111;48;2;165;78;110m᧶[38;2;147;83;108;48;2;123;77;88m▋[38;2;102;67;72;48;2;88;70;65mꡜ[38;2;100;100;79;48;2;104;104;85mಹ[38;2;102;108;79;48;2;109;133;86m▍[38;2;110;133;93;48;2;108;133;88mꕗ[38;2;103;121;85;48;2;4;9;0m▍[38;2;8;6;0;48;2;9;9;0mᶟ[38;2;7;6;1;48;2;5;4;0mŢ[38;2;8;9;1;48;2;6;5;0mꝎ[38;2;4;3;0;48;2;9;5;0m⢰[38;2;9;4;0;48;2;5;5;0mᗠ[38;2;9;8;2;48;2;6;6;1m꜖[38;2;4;4;0;48;2;7;4;0mղ[38;2;7;5;2;48;2;3;3;0mᑾ[38;2;7;6;1;48;2;3;2;0mᕣ[38;2;12;9;2;48;2;8;5;0mᢉ[38;2;48;31;26;48;2;5;6;0m⣀[38;2;56;43;45;48;2;7;7;0m▃[38;2;8;7;3;48;2;59;36;48mᚌ[38;2;10;8;1;48;2;72;53;70m⠉[38;2;7;5;2;48;2;72;43;66m⠉[38;2;14;8;3;48;2;79;49;71m⎺[38;2;85;47;72;48;2;138;71;107mᏼ[38;2;150;74;108;48;2;153;75;112m࠼[38;2;124;66;99;48;2;134;70;104mᰒ[38;2;98;60;88;48;2;88;56;85m⨆[38;2;102;75;102;48;2;100;71;100mΏ[38;2;103;80;106;48;2;100;75;100mᩋ[38;2;104;80;108;48;2;105;89;115mሁ[38;2;115;100;122;48;2;111;97;119mᴵ[38;2;122;110;130;48;2;115;106;125mԴ[38;2;129;118;134;48;2;121;108;130m៦[0m
[38;2;34;21;7;48;2;40;27;10mҍ[38;2;58;43;38;48;2;46;32;22mᥥ[38;2;63;42;47;48;2;83;71;77m▋[38;2;83;62;83;48;2;90;74;97mᙸ[38;2;95;82;100;48;2;81;74;80mⲦ[38;2;77;74;66;48;2;53;57;36mၮ[38;2;58;59;31;48;2;88;102;63mᚘ[38;2;90;112;68;48;2;108;128;78m⠋[38;2;108;131;80;48;2;109;136;88mᒋ[38;2;102;128;77;48;2;13;16;2mᓓ[38;2;58;62;42;48;2;16;13;6mⵇ[38;2;108;120;94;48;2;10;15;5mՠ[38;2;86;84;38;48;2;12;16;5m⣉[38;2;190;153;53;48;2;15;17;0m⣉[38;2;198;157;26;48;2;18;8;2m⣉[38;2;165;137;44;48;2;17;11;3m⣉[38;2;192;158;61;48;2;12;9;2m⣀[38;2;8;10;0;48;2;12;12;2mಹ[38;2;8;8;0;48;2;11;12;1mቈ[38;2;17;19;6;48;2;9;9;0mካ[38;2;44;39;18;48;2;10;12;3mᖦ[38;2;41;29;12;48;2;52;39;24mᤝ[38;2;56;37;30;48;2;45;28;16m⫫[38;2;37;25;10;48;2;52;36;24m⠈[38;2;27;15;2;48;2;39;25;9mᐹ[38;2;40;23;12;48;2;46;31;20mᙑ[38;2;45;28;14;48;2;50;33;18mᒉ[38;2;51;33;23;48;2;43;29;15mჄ[38;2;59;40;40;48;2;47;36;27mℍ[38;2;44;27;20;48;2;51;34;32m꤃[38;2;55;37;36;48;2;59;40;42m⡆[38;2;68;44;58;48;2;75;47;69mꙋ[38;2;73;45;66;48;2;78;51;72mꤾ[38;2;79;48;67;48;2;76;46;67mꝃ[38;2;82;51;74;48;2;77;45;71mᯒ[38;2;88;55;76;48;2;78;49;67mᤅ[38;2;91;58;80;48;2;84;53;75mᥖ[38;2;96;57;83;48;2;89;51;75mℂ[38;2;85;55;76;48;2;97;56;84mᘋ[38;2;87;53;78;48;2;83;49;72mⲄ[38;2;82;51;73;48;2;88;57;77mƒ[38;2;89;54;79;48;2;81;48;74mꢘ[38;2;120;68;98;48;2;91;52;78mᤝ[38;2;144;67;102;48;2;164;77;112m▋[38;2;164;70;109;48;2;167;75;115mᗉ[38;2;166;70;110;48;2;169;73;111mꢳ[38;2;168;76;113;48;2;167;72;109m᯼[38;2;163;77;109;48;2;158;75;104mᘯ[38;2;115;69;79;48;2;144;82;100mᤝ[38;2;102;88;78;48;2;102;72;73mᱎ[38;2;107;111;89;48;2;100;102;88mᰟ[38;2;113;133;88;48;2;106;118;84mᱏ[38;2;118;135;90;48;2;14;18;0mᘮ[38;2;12;12;1;48;2;8;10;0m⡋[38;2;10;10;3;48;2;8;7;1mᶯ[38;2;10;11;2;48;2;6;9;1m⣁[38;2;4;6;0;48;2;9;10;3m⠖[38;2;4;4;1;48;2;5;8;0mՀ[38;2;7;9;1;48;2;5;6;1mṌ[38;2;6;9;3mត[38;2;5;6;1;48;2;7;8;2mԼ[38;2;4;5;0;48;2;8;10;0mꕷ[38;2;5;5;0;48;2;30;20;10mᚘ[38;2;45;30;25;48;2;34;19;13mᱸ[38;2;55;37;38;48;2;51;30;32m⡓[38;2;47;29;29;48;2;38;23;15mᚂ[38;2;63;45;47;48;2;72;49;65m▍[38;2;71;44;63;48;2;73;47;68m├[38;2;73;46;68;48;2;79;50;72mধ[38;2;113;58;93;48;2;80;47;73mᤝ[38;2;139;72;107;48;2;123;62;95mⰘ[38;2;145;71;107;48;2;129;65;100mᚋ[38;2;128;70;105;48;2;142;69;107m⡆[38;2;137;71;111;48;2;97;55;86m▏[38;2;105;81;108;48;2;98;72;102mᣂ[38;2;107;84;113;48;2;102;75;103m⢈[38;2;109;91;116;48;2;107;85;109m⣘[38;2;112;98;123;48;2;114;105;128mᙹ[38;2;117;109;130;48;2;115;107;125mᖅ[38;2;127;115;132;48;2;116;111;132mᥞ[0m
[38;2;53;40;27;48;2;40;27;12mƩ[38;2;50;34;29;48;2;60;40;39mპ[38;2;83;67;75;48;2;64;48;50mᤝ[38;2;89;75;100;48;2;98;88;109mᘮ[38;2;85;89;92;48;2;113;112;117m⨅[38;2;63;65;47;48;2;75;72;74m┠[38;2;84;96;67;48;2;105;126;86mၮ[38;2;110;134;84;48;2;110;136;88m་[38;2;108;135;85;48;2;111;135;88m࠻[38;2;8;13;2;48;2;107;129;78mৠ[38;2;78;91;59;48;2;8;18;5m⣉[38;2;8;17;3;48;2;107;125;94mᘝ[38;2;16;15;0;48;2;115;134;79m⣀[38;2;193;163;4;48;2;16;12;4mᚌ[38;2;199;163;23;48;2;20;12;0m⣉[38;2;199;161;20;48;2;22;22;3m⣉[38;2;14;11;7;48;2;187;143;46mಸ[38;2;195;163;56;48;2;12;10;4m⣀[38;2;70;48;6;48;2;10;10;1m⡀[38;2;12;10;1;48;2;8;8;0m⣃[38;2;8;6;1;48;2;9;6;1mॺ[38;2;41;30;18;48;2;7;9;0mข[38;2;52;36;26;48;2;9;13;3mꖖ[38;2;11;8;0;48;2;51;33;25m⣀[38;2;32;23;6;48;2;21;12;0mᘹ[38;2;39;27;13;48;2;34;23;9m┸[38;2;55;32;27;48;2;42;23;17m┨[38;2;45;26;13;48;2;31;19;6mሓ[38;2;55;37;38;48;2;41;28;16mᨠ[38;2;48;31;25;48;2;60;38;43mᤝ[38;2;45;28;19;48;2;56;37;30mꩶ[38;2;62;42;50;48;2;72;46;63mⱶ[38;2;78;51;71;48;2;73;44;65mⳣ[38;2;80;51;68;48;2;75;47;67mᗼ[38;2;79;49;72;48;2;82;54;74mᚅ[38;2;86;52;74;48;2;75;43;68m᮹[38;2;92;55;77;48;2;80;53;72mᝥ[38;2;95;55;81;48;2;89;52;77mᧅ[38;2;92;51;77;48;2;112;66;94mꔇ[38;2;91;56;79;48;2;85;49;70m▍[38;2;87;52;75;48;2;90;55;78mᛐ[38;2;93;54;82;48;2;86;47;76mꤏ[38;2;122;60;97;48;2;91;53;78mᤝ[38;2;142;66;107;48;2;163;76;112m▋[38;2;175;76;116;48;2;170;74;114m⁓[38;2;170;82;114;48;2;168;73;109m⟫[38;2;208;186;183;48;2;175;90;117mᨰ[38;2;168;103;118;48;2;201;188;179mข[38;2;146;82;100;48;2;195;188;179mᙢ[38;2;107;89;82;48;2;199;185;179mᜢ[38;2;109;108;86;48;2;115;111;93mᨸ[38;2;118;133;91;48;2;194;188;175mᜦ[38;2;111;126;86;48;2;194;186;169mᘗ[38;2;12;12;1;48;2;118;132;92m⠉[48;2;119;134;92m⎺[38;2;114;134;88;48;2;73;86;54mᾚ[48;2;108;135;89m⣀[38;2;111;100;65;48;2;115;135;93m⎽[38;2;105;60;34;48;2;111;129;94m⎽[38;2;117;53;25;48;2;108;127;95m⎽[38;2;32;40;26;48;2;98;111;84m⎺[38;2;82;84;71;48;2;82;26;11mড়[38;2;72;23;12;48;2;34;21;10m⡀[38;2;51;32;30;48;2;36;23;14mᥠ[38;2;32;19;10;48;2;47;32;30m៨[38;2;58;39;42;48;2;29;15;8mᥥ[38;2;68;46;61;48;2;73;47;71m▍[38;2;65;41;58;48;2;68;43;61mᚿ[38;2;76;45;69;48;2;83;48;74mꖱ[38;2;130;67;102;48;2;90;49;79m᧹[38;2;131;58;93;48;2;163;68;114mᜏ[38;2;126;63;100;48;2;159;64;107mᙓ[38;2;120;66;102;48;2;142;67;107mᖷ[38;2;102;60;91;48;2;93;56;85m▍[38;2;106;82;109;48;2;98;68;98mᨭ[38;2;110;84;112;48;2;104;79;109mᥪ[38;2;106;88;113;48;2;107;92;118mꛐ[38;2;112;100;124;48;2;113;105;128m▍[38;2;127;118;144;48;2;118;111;134mᝀ[38;2;131;119;143;48;2;121;112;135mƗ[0m
[38;2;37;22;12;48;2;53;38;32m⣘[38;2;62;44;44;48;2;48;28;24m⫙[38;2;60;42;39;48;2;76;60;66m▋[38;2;94;81;93;48;2;100;91;102mµ[38;2;95;84;95;48;2;114;108;116m᪦[38;2;76;83;62;48;2;63;60;46mⱧ[38;2;105;131;88;48;2;98;112;81mⴠ[38;2;109;136;95;48;2;107;134;89mꦡ[38;2;116;137;100;48;2;111;134;86mⲏ[38;2;109;133;75;48;2;113;135;88mꖖ[38;2;111;135;80;48;2;113;136;81mđ[38;2;72;86;58;48;2;113;132;81mৠ[38;2;80;97;63;48;2;153;149;38mᘋ[38;2;138;128;3;48;2;201;164;0m▍[38;2;205;160;1;48;2;207;163;0mᘋ[38;2;206;161;0;48;2;210;162;0m⠋[38;2;200;144;0;48;2;209;161;0mᢕ[38;2;209;151;1;48;2;195;111;2mᤝ[38;2;102;84;21;48;2;211;160;3m⠈[38;2;198;157;30;48;2;21;13;5m▖[38;2;55;55;36;48;2;12;11;0m⣀[38;2;32;26;10;48;2;9;11;1m⎽[38;2;4;5;0;48;2;9;10;2mᵘ[38;2;6;7;1;48;2;9;10;4mꕔ[38;2;6;9;0;48;2;6;6;0m᜶[38;2;25;14;8;48;2;6;7;2mৠ[38;2;52;42;36;48;2;6;2;0m⠉[38;2;23;18;5;48;2;4;5;0mᙓ[38;2;46;30;18;48;2;5;6;0mᖲ[38;2;8;1;0;48;2;50;39;26m▃[38;2;15;4;2;48;2;49;36;22m⣀[38;2;57;36;40;48;2;73;45;63m▋[38;2;73;44;62;48;2;74;46;64mị[38;2;72;42;61;48;2;76;49;65mᤗ[38;2;79;50;70;48;2;83;51;75mꪊ[38;2;75;49;67;48;2;83;51;74mᣄ[38;2;88;55;78;48;2;78;47;68mᤂ[38;2;92;54;80;48;2;84;51;73mፄ[38;2;114;66;98;48;2;93;51;78mല[38;2;92;61;81;48;2;83;53;68m▋[38;2;90;53;81;48;2;84;52;72m⫚[38;2;84;46;72;48;2;95;56;79mᥠ[38;2;124;64;100;48;2;95;53;79mᤝ[38;2;146;70;109;48;2;165;71;110m▍[38;2;170;72;111;48;2;172;74;113mഢ[38;2;208;181;177;48;2;174;88;112mᨰ[38;2;176;116;131;48;2;203;191;183m⎽[38;2;159;113;122;48;2;205;193;181m⣀[38;2;147;97;104;48;2;208;192;183m⣀[38;2;117;102;89;48;2;201;188;181m▃[38;2;200;191;182;48;2;135;126;112mፂ[38;2;189;191;171;48;2;202;193;184m⡀[38;2;121;133;92mᤝ[38;2;144;49;25;48;2;115;129;92mತ[38;2;124;131;86;48;2;148;51;16m▃[38;2;117;137;86;48;2;152;40;13m⣀[38;2;120;135;84;48;2;156;41;14m⣀[38;2;111;128;86;48;2;162;38;13m⣀[38;2;121;90;55;48;2;154;36;11m⎽[38;2;158;34;10;48;2;154;38;10mࡎ[38;2;162;32;12;48;2;155;34;8mᬜ[38;2;152;28;10;48;2;160;31;6m⠈[38;2;108;20;4;48;2;47;21;12m▍[38;2;41;30;18;48;2;53;32;33mჄ[38;2;53;29;31;48;2;40;23;13mꫛ[38;2;67;44;53;48;2;57;39;41mᦇ[38;2;83;50;75;48;2;73;42;60mᯌ[38;2;81;51;70;48;2;76;47;62mꙭ[38;2;136;62;102;48;2;88;50;77m᧸[38;2;165;70;112;48;2;137;69;104mᶐ[38;2;166;69;112;48;2;169;72;115mẳ[38;2;156;65;110;48;2;167;71;115mᝎ[38;2;128;63;100;48;2;142;68;108mᣄ[38;2;110;59;92;48;2;93;57;88mႴ[38;2;99;72;102;48;2;98;67;98mਉ[38;2;98;71;98;48;2;106;85;113m▋[38;2;107;89;115;48;2;111;93;119mꤖ[38;2;114;98;123;48;2;120;107;132m▍[38;2;129;124;145;48;2;122;115;137m␚[38;2;119;109;130;48;2;126;116;136m⡆[0m
[38;2;37;24;13;48;2;40;27;15m꛷[38;2;45;27;21;48;2;39;23;14mᘼ[38;2;50;29;28;48;2;71;51;62m▍[38;2;96;80;94;48;2;91;74;91mķ[38;2;90;84;100;48;2;114;108;123mḓ[38;2;77;79;68;48;2;62;60;46mḜ[38;2;97;113;78;48;2;102;124;86m▏[38;2;116;136;98;48;2;110;138;88m▍[38;2;119;143;102;48;2;111;136;91mὒ[38;2;119;142;94;48;2;115;137;85mዮ[38;2;119;141;89;48;2;114;137;81mᢠ[38;2;114;134;75;48;2;115;138;83m⨻[38;2;117;130;61;48;2;199;164;22m▋[38;2;203;167;11;48;2;157;137;10mᥫ[38;2;214;161;9;48;2;210;163;0m⢀[38;2;189;114;0;48;2;212;165;0m⎽[38;2;212;142;7;48;2;207;164;0m⎽[38;2;212;151;4;48;2;197;117;0m▍[38;2;212;158;7;48;2;210;162;0m▏[38;2;73;55;0;48;2;204;160;0mᤝ[38;2;203;160;18;48;2;63;42;0m▗[38;2;98;78;18;48;2;57;49;24m▖[38;2;58;52;29;48;2;37;28;7m⣰[38;2;10;10;3;48;2;43;32;19mᖜ[38;2;6;9;2;48;2;63;44;36mᜀ[38;2;64;50;42;48;2;7;6;1m⡀[38;2;10;9;0;48;2;7;6;0m⣈[38;2;1;3;0;48;2;6;6;0m⠔[38;2;2;4;0;48;2;5;6;0m⠐[38;2;7;8;2;48;2;4;3;0m⠡[38;2;6;7;2;48;2;3;4;0mᖾ[38;2;30;18;15;48;2;4;8;1mৠ[38;2;75;51;63;48;2;6;7;1m⠉[38;2;71;42;55;48;2;8;4;0mᘺ[38;2;207;193;182;48;2;72;52;55m⢀[38;2;217;202;187;48;2;88;53;73m⣤[38;2;214;193;182;48;2;89;51;75m⣤[38;2;207;189;180;48;2;85;50;68m⣤[38;2;227;195;192;48;2;109;61;89m⣤[38;2;209;199;191;48;2;93;51;76m⣤[38;2;238;212;209;48;2;90;53;73m⣤[38;2;216;199;187;48;2;95;54;77m⣤[38;2;231;213;205;48;2;111;61;89m⣤[38;2;215;198;185;48;2;164;70;111m⣤[38;2;230;217;206;48;2;173;75;112m⣤[38;2;221;197;184;48;2;162;80;104m⣤[38;2;174;80;115;48;2;237;213;203mᜀ[38;2;224;214;199;48;2;158;82;108m▃[38;2;231;209;200;48;2;143;80;102m▃[38;2;232;212;202;48;2;120;88;91m▃[38;2;219;206;200;48;2;115;126;90m▃[38;2;219;212;194;48;2;128;143;100mᝠ[38;2;226;214;197;48;2;133;135;106m⣁[38;2;231;216;200;48;2;121;133;92m▃[38;2;225;214;194;48;2;116;137;92m▃[38;2;234;216;201;48;2;121;141;94m▃[38;2;233;216;200;48;2;120;135;84m⣀[38;2;229;217;201;48;2;111;128;86m⣀[38;2;223;213;197;48;2;94;109;68m⣀[38;2;213;196;185;48;2;83;81;56m⣀[38;2;162;32;12;48;2;57;50;27m⠈[38;2;138;34;12;48;2;42;22;10m⠉[38;2;93;22;10;48;2;42;25;13mၮ[38;2;41;27;15;48;2;48;33;26mҏ[38;2;36;21;8;48;2;56;31;42mᏺ[38;2;57;36;43;48;2;72;48;63m▋[38;2;104;63;94;48;2;81;49;76mഥ[38;2;93;47;72;48;2;77;47;67mᤝ[38;2;147;72;108;48;2;135;63;98mத[38;2;167;66;117;48;2;158;67;111m⩺[38;2;136;64;107;48;2;155;70;111m▖[38;2;144;58;102;48;2;158;64;110mᤝ[38;2;110;56;94;48;2;128;64;104mᤝ[38;2;93;60;90;48;2;90;54;83m៦[38;2;100;70;100;48;2;91;67;94mᱩ[38;2;100;72;102;48;2;104;81;110mႸ[38;2;110;92;118;48;2;108;88;113mⰺ[38;2;113;102;125;48;2;118;106;128mጼ[38;2;122;110;134;48;2;118;106;131mῈ[38;2;127;114;134;48;2;120;109;128mᤝ[0m
[38;2;34;25;9;48;2;39;28;12m८[38;2;41;22;12;48;2;45;29;16m⡕[38;2;54;38;36;48;2;70;52;59m▍[38;2;100;78;92;48;2;84;67;83m⨆[38;2;98;85;102;48;2;118;117;128m⨅[38;2;68;80;54;48;2;76;74;73mₗ[38;2;107;128;90;48;2;100;122;76m⪗[38;2;115;141;98;48;2;112;137;86m⣅[38;2;114;140;88;48;2;114;143;94mꩫ[38;2;114;137;80;48;2;117;142;88mᶏ[38;2;119;142;95;48;2;114;137;83mᱭ[38;2;119;141;84;48;2;113;132;77mᑍ[38;2;190;164;21;48;2;121;128;68mᤝ[38;2;206;169;11;48;2;157;138;9m▍[38;2;204;158;14;48;2;200;118;1m▍[38;2;182;75;6;48;2;197;107;6m⠠[38;2;171;57;0;48;2;203;98;7mʣ[38;2;171;64;2;48;2;192;115;0mⲅ[38;2;175;97;6;48;2;214;156;4m⠒[38;2;175;134;32;48;2;208;163;3mৠ[38;2;94;78;0;48;2;195;163;22mꢜ[38;2;196;157;33;48;2;77;63;36m▍[38;2;46;38;14;48;2;53;45;22mᎮ[38;2;53;42;24;48;2;42;30;14mꦖ[38;2;61;47;30;48;2;49;32;17mᢛ[38;2;29;16;6;48;2;60;44;34m᧶[38;2;22;17;0;48;2;15;11;0m꛶[38;2;8;5;0;48;2;21;13;2mᖢ[38;2;27;20;7;48;2;7;7;1m⣀[38;2;15;11;0;48;2;4;5;0m⡀[38;2;2;3;0;48;2;5;6;0mሾ[38;2;5;6;1;48;2;2;3;0mᶕ[38;2;6;9;2;48;2;4;5;0mኬ[38;2;11;9;0;48;2;7;8;0mᤝ[38;2;19;11;0;48;2;216;202;193m▋[38;2;216;201;189;48;2;220;203;191mᱭ[38;2;222;211;198;48;2;216;204;191m⣀[38;2;225;210;198;48;2;217;201;189m⣀[38;2;231;215;205;48;2;224;205;194mᤛ[38;2;239;218;209;48;2;231;206;194mߣ[38;2;226;212;200;48;2;234;218;205mᔄ[38;2;226;214;201;48;2;224;205;195mᤗ[38;2;231;212;196;48;2;225;217;204mᤝ[38;2;230;212;201;48;2;224;205;190mᬊ[38;2;228;208;189;48;2;239;220;200mꭤ[38;2;227;210;194;48;2;234;215;200mᏫ[38;2;229;206;190;48;2;232;215;202mᤃ[38;2;235;208;192;48;2;238;216;206m▋[38;2;234;205;196;48;2;238;216;204mᤔ[38;2;225;206;198;48;2;232;214;206mᗒ[38;2;220;207;191;48;2;227;213;199m⎼[38;2;222;205;192;48;2;231;213;200m⎼[38;2;227;208;193;48;2;232;218;204mᙀ[38;2;233;222;201;48;2;227;207;196mʣ[38;2;236;220;206;48;2;228;209;196mț[38;2;215;195;177;48;2;224;205;189m⠉[38;2;214;193;176;48;2;222;205;187m⠉[38;2;232;217;202;48;2;225;204;184mǊ[38;2;236;215;200;48;2;216;198;184m─[38;2;207;186;174;48;2;218;199;187m⫔[38;2;206;181;169;48;2;48;33;20m▍[38;2;50;36;25;48;2;39;23;14m╻[38;2;40;27;18;48;2;46;32;23mӏ[38;2;56;37;32;48;2;43;27;16mꘚ[38;2;66;42;45;48;2;81;51;62mዹ[38;2;95;52;82;48;2;72;49;62m⡴[38;2;75;45;66;48;2;72;40;64mᐬ[38;2;135;73;106;48;2;78;42;64mᤝ[38;2;136;65;102;48;2;122;59;95m▍[38;2;159;65;111;48;2;150;67;105mᦲ[38;2;159;63;111;48;2;148;63;107mᶐ[38;2;136;62;98;48;2;148;66;105m⟬[38;2;88;54;72;48;2;127;64;98mᥗ[38;2;84;52;79;48;2;88;61;88mꡜ[38;2;96;67;97;48;2;93;63;92m├[38;2;100;74;102;48;2;105;82;111mꩈ[38;2;115;98;119;48;2;106;86;112mᤗ[38;2;119;107;128;48;2;111;100;122mጶ[38;2;114;100;125;48;2;119;107;131m⟬[38;2;125;112;131;48;2;116;102;124mᤗ[0m
[38;2;28;17;6;48;2;34;24;10mӃ[38;2;43;27;17;48;2;37;20;10m⩺[38;2;74;52;64;48;2;57;39;39m⫼[38;2;95;83;97;48;2;89;70;83mᱎ[38;2;90;80;98;48;2;110;100;116m⨅[38;2;68;72;51;48;2;78;79;76mᤜ[38;2;76;84;54;48;2;109;130;85m▏[38;2;118;141;94;48;2;111;135;89m╽[38;2;115;139;88;48;2;117;142;90m⣅[38;2;113;135;78;48;2;115;139;81mŷ[38;2;122;133;76;48;2;122;149;97mᣂ[38;2;121;139;68;48;2;200;168;14mᚘ[38;2;170;149;21;48;2;133;140;52mᶀ[38;2;151;120;7;48;2;207;169;12mᤝ[38;2;197;120;0;48;2;210;161;10mᢞ[38;2;213;147;11;48;2;197;104;11mǈ[38;2;183;73;9;48;2;212;140;10mᚌ[38;2;215;157;7;48;2;196;120;2m●[38;2;212;162;1;48;2;198;120;0mฑ[38;2;203;147;0;48;2;207;163;0mƠ[38;2;143;100;3;48;2;198;140;14m⪄[38;2;203;158;16;48;2;144;107;13m꤄[38;2;55;49;26;48;2;78;73;39mข[38;2;68;60;42;48;2;59;47;24m⡂[38;2;55;40;22;48;2;67;53;43mᜥ[38;2;67;51;42;48;2;58;41;24mℸ[38;2;29;18;2;48;2;41;25;17mᜡ[38;2;16;14;1;48;2;29;24;9mᙫ[38;2;34;22;6;48;2;24;18;4m⩼[38;2;18;10;1;48;2;31;23;11mᖫ[38;2;10;5;0;48;2;17;10;0mᘺ[38;2;6;5;1;48;2;57;30;33mᙓ[38;2;5;6;0;48;2;70;42;60mᜠ[38;2;44;18;29;48;2;7;8;2mᜮ[38;2;36;27;12;48;2;210;200;184m▍[38;2;227;209;192;48;2;214;201;188m▕[38;2;229;210;198;48;2;226;215;203m▍[38;2;228;212;200;48;2;225;211;197m▍[38;2;232;220;206;48;2;230;217;200m┡[38;2;230;211;197;48;2;226;208;194m⠲[38;2;228;208;190;48;2;237;221;211m▕[38;2;238;223;211;48;2;220;206;184mᤝ[38;2;229;208;188;48;2;240;222;207mᤝ[38;2;227;209;193;48;2;244;226;211m▋[38;2;234;209;186;48;2;244;222;211mᤝ[38;2;229;207;195;48;2;241;227;211m▍[38;2;242;222;211;48;2;229;204;192m▍[38;2;231;207;196;48;2;241;225;214m▍[38;2;241;222;212;48;2;226;207;197m▍[38;2;225;208;201;48;2;240;226;215m▏[38;2;238;217;205;48;2;230;209;200m꯳[38;2;229;214;202;48;2;239;225;212mᢗ[38;2;224;210;197;48;2;240;224;212m⣉[38;2;232;209;199;48;2;237;223;214m⣉[38;2;231;205;197;48;2;239;226;215m⣉[38;2;235;209;198;48;2;239;221;209m⣉[38;2;230;209;199;48;2;234;216;206m⣈[38;2;226;213;200;48;2;228;209;200mኦ[38;2;217;197;186;48;2;228;210;198mᱶ[38;2;223;203;189;48;2;215;200;182mथ[38;2;165;147;141;48;2;59;37;29m▍[38;2;53;36;27;48;2;60;38;40mᘮ[38;2;50;31;27;48;2;45;24;20mἁ[38;2;75;51;56;48;2;53;34;32mᥠ[38;2;93;53;77;48;2;76;48;62m⣁[38;2;90;55;81;48;2;77;46;67mၮ[38;2;80;45;70;48;2;92;52;79mᚙ[38;2;131;66;102;48;2;97;51;82mᥠ[38;2;110;55;90;48;2;127;64;102m╽[38;2;153;69;114;48;2;163;66;114m▍[38;2;155;65;111;48;2;162;66;114mᦌ[38;2;151;69;108;48;2;145;64;103mƞ[38;2;128;62;98;48;2;84;51;77m▏[38;2;88;60;88;48;2;89;62;93m࠽[38;2;91;63;94;48;2;94;66;98mҔ[38;2;100;73;104;48;2;105;83;112m▋[38;2;107;91;119;48;2;104;85;112mᨰ[38;2;119;104;127;48;2;110;102;122m⠸[48;2;114;100;124mႻ[38;2;116;103;123;48;2;122;109;130mꪘ[0m
[38;2;40;28;16;48;2;29;23;8m⨆[38;2;46;26;26;48;2;34;21;12m▋[38;2;84;69;81;48;2;70;53;62m⨕[38;2;116;102;109;48;2;83;71;79mᤝ[38;2;110;100;117;48;2;103;90;105mĳ[38;2;90;84;98;48;2;78;75;71m⡆[38;2;76;89;62;48;2;113;135;94m▍[38;2;113;138;86;48;2;117;141;92m⣡[38;2;113;139;89;48;2;113;137;81m╴[38;2;127;139;94;48;2;112;138;78m▗[38;2;114;123;52;48;2;203;163;0m▋[38;2;153;131;0;48;2;206;166;0mᤝ[38;2;151;136;37;48;2;125;139;71mᤝ[38;2;192;122;0;48;2;205;166;20m⠉[38;2;163;144;16;48;2;214;164;5mⶌ[38;2;216;160;4;48;2;198;118;0mড়[38;2;219;161;6;48;2;196;117;0mಠ[38;2;216;163;0;48;2;196;103;13mᜠ[38;2;213;145;5;48;2;203;121;0mዺ[38;2;196;115;10;48;2;213;165;0m⎽[38;2;125;90;3;48;2;212;166;2mᤝ[38;2;110;94;1;48;2;205;163;9m▍[38;2;81;75;52;48;2;136;106;10mꖢ[38;2;83;86;60;48;2;72;61;42m▲[38;2;62;52;39;48;2;73;61;51m⠇[38;2;65;50;44;48;2;56;41;31mᡞ[38;2;46;27;18;48;2;57;41;34m⨸[38;2;47;31;17;48;2;37;24;6mߤ[38;2;37;28;12;48;2;21;16;2mᬡ[38;2;33;19;3;48;2;48;29;20m⫚[38;2;32;23;7;48;2;21;14;2m⣄[38;2;63;41;44;48;2;39;23;13m⫬[38;2;71;45;55;48;2;73;47;61m፱[38;2;36;18;13;48;2;82;54;66mৠ[38;2;206;193;182;48;2;146;127;131mⴸ[38;2;206;194;181;48;2;200;184;179mᘃ[38;2;222;203;194;48;2;213;195;187mᗋ[38;2;207;191;179;48;2;214;200;191m╽[38;2;206;190;180;48;2;217;211;195m▕[38;2;223;210;197;48;2;207;189;171mᤝ[38;2;209;195;179;48;2;224;208;196mᤝ[38;2;209;189;180;48;2;220;217;198m▋[38;2;212;198;187;48;2;227;212;198mᤝ[38;2;233;225;207;48;2;218;204;188m⠸[38;2;233;218;209;48;2;219;193;190m▍[38;2;216;203;188;48;2;236;224;211m▍[38;2;238;222;210;48;2;223;204;190mᏼ[38;2;229;217;203;48;2;240;228;217m▏[38;2;241;224;215;48;2;228;204;191m൴[38;2;238;223;211;48;2;241;231;217m▏[38;2;226;213;198;48;2;239;226;214m⨦[48;2;241;229;215m᜵[38;2;241;233;212;48;2;227;218;196mኢ[38;2;242;228;209;48;2;229;210;194mኢ[38;2;242;227;214;48;2;231;209;191mಸ[38;2;241;223;213;48;2;227;209;192mኢ[38;2;226;209;189;48;2;237;220;206mᝠ[38;2;229;213;202;48;2;216;199;184mᒁ[38;2;220;201;186;48;2;210;189;173mኢ[38;2;210;194;179;48;2;201;185;168mᜠ[38;2;198;171;169;48;2;64;41;38m▏[38;2;64;37;44;48;2;42;24;18mᚙ[38;2;27;17;7;48;2;47;29;25m▋[38;2;68;36;51;48;2;89;48;77mჄ[38;2;77;49;72;48;2;74;46;64mꮉ[38;2;76;49;68;48;2;72;44;61m༨[38;2;113;58;98;48;2;79;46;70mᥠ[38;2;129;62;100;48;2;136;65;106mዺ[38;2;91;48;69;48;2;122;60;97m┃[38;2;147;72;109;48;2;159;71;113m▍[38;2;154;67;114;48;2;150;64;110mĘ[38;2;137;65;104;48;2;148;68;110m▗[38;2;88;52;82;48;2;98;62;91m⨦[38;2;92;63;92;48;2;98;68;102m⡋[38;2;93;65;100;48;2;100;72;104mᘉ[38;2;100;74;103;48;2;105;85;110m▋[38;2;109;93;118;48;2;113;100;124mꔪ[38;2;130;119;136;48;2;117;105;128mǷ[38;2;116;103;127;48;2;123;114;137m⫙[38;2;127;114;134;48;2;116;105;122mᕜ[0m
[38;2;46;30;22;48;2;36;26;10m᪦[38;2;37;20;14;48;2;65;43;44mᤝ[38;2;55;40;26;48;2;70;50;58m▏[38;2;106;92;109;48;2;88;65;78mᤝ[38;2;98;91;104;48;2;119;117;124m▋[38;2;85;94;73;48;2;93;93;105mᤝ[38;2;80;88;61;48;2;113;134;95m▍[38;2;115;142;93;48;2;113;140;88m⊐[38;2;116;141;88;48;2;121;145;97mᕓ[38;2;121;142;92;48;2;120;139;88mଖ[38;2;188;166;25;48;2;116;141;77mᤕ[38;2;127;146;78;48;2;205;168;16m⣀[38;2;123;143;79;48;2;128;144;64m╽[38;2;165;148;21;48;2;206;165;7m▍[38;2;212;157;6;48;2;154;134;17mᤜ[38;2;205;123;4;48;2;214;150;0mᜢ[38;2;188;97;0;48;2;205;123;2m༟[38;2;178;72;1;48;2;205;123;4m᙮[38;2;176;72;0;48;2;204;119;3mᗎ[38;2;201;118;0;48;2;214;165;0m▍[38;2;213;165;10;48;2;213;168;0mᤝ[38;2;206;167;14;48;2;124;105;7mᥫ[38;2;205;169;24;48;2;94;88;55m▍[38;2;89;91;68;48;2;82;79;54mᕚ[38;2;74;76;56;48;2;61;57;42m▍[38;2;61;47;39;48;2;74;65;49mⴞ[38;2;69;48;41;48;2;49;30;21mᑍ[38;2;34;21;6;48;2;59;44;41mᜀ[38;2;29;19;7;48;2;44;28;19m꤅[38;2;42;25;13;48;2;51;31;20mᤋ[38;2;45;29;16;48;2;33;24;8m⣰[38;2;37;23;12;48;2;47;32;21mስ[38;2;71;46;57;48;2;65;41;45mⲿ[38;2;83;51;72;48;2;74;49;64m⠸[38;2;166;149;149;48;2;88;56;75mৠ[38;2;211;199;193;48;2;91;65;73m⠉[38;2;201;192;177;48;2;89;62;78m⠉[38;2;212;193;179;48;2;94;65;80mᘺ[38;2;110;66;92;48;2;209;196;184m⣤[38;2;97;63;92;48;2;206;193;178m⣀[38;2;102;77;91;48;2;211;197;186m⣀[38;2;165;147;149;48;2;212;200;187m⎽[38;2;203;192;180mҏ[38;2;205;193;181;48;2;215;202;190mႁ[38;2;217;200;189;48;2;209;188;177mႁ[38;2;216;202;186;48;2;222;208;197mၮ[38;2;228;210;190;48;2;213;193;181m▕[38;2;241;224;205;48;2;237;227;213m▕[38;2;237;221;210;48;2;222;204;186mᤝ[38;2;235;220;196;48;2;243;230;214m▕[38;2;240;227;221;48;2;226;213;191mᤝ[38;2;243;229;215;48;2;235;224;203mⳢ[38;2;230;216;193;48;2;241;230;217m▃[38;2;240;229;216;48;2;229;210;196mಸ[38;2;228;205;198;48;2;241;223;212mគ[38;2;237;224;214;48;2;228;210;197mತ[38;2;232;222;209;48;2;222;202;191mᜏ[38;2;214;199;186;48;2;224;210;198mᢼ[38;2;205;186;173;48;2;216;198;185mƺ[38;2;64;42;41;48;2;203;181;168m▕[48;2;64;42;41m [38;2;21;19;6;48;2;50;37;28mᦲ[38;2;76;50;63;48;2;32;18;10mᥠ[38;2;100;61;88;48;2;81;55;73m▋[38;2;83;53;72;48;2;76;46;62mᮽ[38;2;84;51;69;48;2;75;44;59mỞ[38;2;142;66;113;48;2;112;58;89mᨰ[38;2;129;61;103;48;2;146;70;113mᤝ[38;2;128;69;100;48;2;94;45;72mᤝ[38;2;161;75;119;48;2;156;72;110m⣁[38;2;164;72;117;48;2;159;71;114m␣[38;2;156;70;111;48;2;145;69;106mꧮ[38;2;121;57;91;48;2;98;57;85m▏[38;2;100;72;102;48;2;92;64;90mᦄ[38;2;106;76;108;48;2;100;71;102m⨅[38;2;110;88;117;48;2;100;75;105m⢰[38;2;111;93;121;48;2;112;97;122mꠠ[38;2;120;107;132;48;2;117;103;126m᧒[38;2;119;106;130;48;2;115;103;125mꦡ[38;2;118;106;126;48;2;127;116;134mᘯ[0m
[38;2;58;39;34;48;2;36;27;12mᤝ[38;2;39;22;23;48;2;68;46;50mᤝ[38;2;45;31;20;48;2;75;49;63m▍[38;2;121;111;114;48;2;93;76;85mᤝ[38;2;127;120;135;48;2;105;98;108mⲏ[38;2;100;94;108;48;2;85;89;73m▋[38;2;84;91;67;48;2;109;126;90m▍[38;2;123;142;100;48;2;117;140;98m⡀[38;2;119;145;98;48;2;115;142;95mꞝ[38;2;123;147;102;48;2;119;140;88m▲[38;2;123;144;92;48;2;120;141;84mỚ[38;2;136;135;50;48;2;120;139;88mᝥ[38;2;195;163;23;48;2;134;140;62mᬙ[38;2;157;138;29;48;2;208;168;13m▍[38;2;202;166;12;48;2;153;133;16m⨆[38;2;208;138;1;48;2;213;164;0m⣀[38;2;214;164;0;48;2;210;141;0mኢ[38;2;209;145;1;48;2;215;165;4mƍ[38;2;203;122;1;48;2;213;165;0mᥳ[38;2;218;164;4;48;2;203;122;0m⢘[38;2;210;146;2;48;2;217;166;0m─[38;2;139;101;13;48;2;203;138;17mᾧ[38;2;201;153;16;48;2;138;112;8mꩭ[38;2;98;86;41;48;2;94;89;68m▍[38;2;63;49;39;48;2;81;77;62mᨭ[38;2;68;60;51;48;2;62;55;42m᮷[38;2;70;55;40;48;2;91;83;75mᘃ[38;2;65;48;47;48;2;89;80;72mꗪ[38;2;36;23;12;48;2;49;37;21m⩴[38;2;48;29;20;48;2;51;32;24m⸕[38;2;51;30;23;48;2;45;19;12mꗽ[38;2;45;25;12;48;2;51;29;24m╿[38;2;73;47;62;48;2;65;41;44mᥗ[38;2;72;45;62;48;2;79;49;67m⠓[38;2;78;47;69;48;2;88;54;75mጿ[38;2;64;39;46;48;2;85;52;75m▘[38;2;88;52;76;48;2;91;60;82mὴ[38;2;90;62;81;48;2;84;50;73m⢰[38;2;91;57;79;48;2;78;48;63m⣻[38;2;86;51;69;48;2;92;57;80mზ[38;2;80;50;63;48;2;95;61;80mᛙ[38;2;98;63;85;48;2;89;55;79mⶦ[38;2;168;153;152;48;2;90;61;75mৠ[38;2;211;194;193;48;2;93;69;78m⠉[38;2;196;184;171;48;2;208;194;184m⢢[38;2;200;189;177;48;2;222;208;196m⣤[38;2;229;217;206;48;2;207;190;179m⠒[38;2;216;202;187;48;2;234;224;209m⣤[38;2;225;206;189;48;2;238;222;206m႒[38;2;226;206;196;48;2;241;228;216mǈ[38;2;229;202;194;48;2;241;224;215mᏳ[38;2;229;213;200;48;2;241;230;217mǈ[38;2;228;213;200;48;2;239;231;214mƠ[38;2;225;211;199;48;2;240;226;215mƠ[38;2;227;208;197;48;2;238;225;217mƠ[38;2;221;204;190;48;2;237;224;213mƺ[38;2;215;199;183;48;2;232;220;206mƺ[38;2;211;194;179;48;2;220;207;196mǈ[38;2;201;181;170;48;2;213;196;185mƺ[38;2;104;80;81;48;2;210;189;178mᤝ[38;2;53;33;28;48;2;75;46;46m᧶[38;2;46;35;21;48;2;22;9;2mၯ[38;2;64;42;43;48;2;85;55;73m▍[38;2;84;51;71;48;2;88;56;79m⋆[38;2;78;47;67;48;2;86;55;81mෆ[38;2;114;65;94;48;2;82;53;74m᥇[38;2;160;72;117;48;2;146;71;112mᣞ[38;2;103;55;80;48;2;149;68;109mᤝ[38;2;117;70;98;48;2;91;53;72mᤝ[38;2;139;72;112;48;2;161;73;120m▏[38;2;166;78;117;48;2;169;75;120m౯[38;2;143;69;108;48;2;163;76;116m▕[38;2;107;70;100;48;2;94;60;82m⨆[38;2;102;75;104;48;2;97;69;95mⳒ[38;2;102;77;106;48;2;104;80;109m␖[38;2;104;75;105;48;2;113;91;118m▍[38;2;115;102;127;48;2;112;95;121mᤋ[38;2;125;115;138;48;2;116;107;131m،[38;2;113;102;123;48;2;123;111;132mຉ[38;2;128;117;133;48;2;119;108;127mᤆ[0m
[38;2;33;23;8;48;2;44;24;20m┃[38;2;46;30;22;48;2;60;39;39mᤏ[38;2;38;22;12;48;2;79;54;66m▍[38;2;95;74;91;48;2;115;103;115m▍[38;2;133;121;133;48;2;104;95;112m▋[38;2;105;100;109;48;2;80;79;75m▋[38;2;88;92;71;48;2;111;134;100m▋[38;2;124;145;115;48;2;119;145;105m▍[38;2;120;145;103;48;2;123;148;106mዱ[38;2;117;145;94;48;2;120;146;102mᙞ[38;2;119;143;95;48;2;115;139;89mᲚ[38;2;146;136;22;48;2;126;141;89mᤝ[38;2;208;173;9;48;2;175;150;18mꩶ[38;2;137;137;46;48;2;195;148;16m⣆[38;2;176;137;7;48;2;21;15;5mᜏ[38;2;25;21;0;48;2;210;166;16m⣤[38;2;212;161;13;48;2;27;18;9mᚌ[38;2;45;15;0;48;2;202;129;18m▖[38;2;219;162;7;48;2;190;88;2mᜀ[38;2;193;98;4;48;2;209;136;0m⣀[38;2;204;147;0;48;2;218;167;1m১[38;2;144;120;5;48;2;213;168;4mᤝ[38;2;206;163;22;48;2;98;80;8m⫚[38;2;98;97;62;48;2;159;129;19mꖢ[38;2;78;77;57;48;2;71;65;46mꤍ[38;2;60;56;39;48;2;72;66;51m᧾[38;2;98;86;81;48;2;76;62;53m⠸[38;2;93;81;78;48;2;49;40;22m▍[38;2;40;28;14;48;2;48;36;23mꭢ[38;2;124;43;16;48;2;39;22;6m▗[38;2;161;27;14;48;2;43;29;12m⣤[38;2;157;36;12;48;2;53;37;25m⣤[38;2;161;36;9;48;2;72;43;46m⣤[38;2;162;37;10;48;2;69;46;57m⣤[38;2;159;28;10;48;2;85;47;68m⣤[38;2;161;31;6m⣤[38;2;161;32;6;48;2;82;50;71m⣤[38;2;154;37;10;48;2;82;52;63m⣤[38;2;26;4;0;48;2;88;45;69m⣀[38;2;9;11;6;48;2;86;48;75m⣀[38;2;10;6;0;48;2;81;54;72m⣤[38;2;83;51;74;48;2;12;9;0mᘺ[38;2;14;15;3;48;2;65;45;46mᾓ[38;2;199;174;177;48;2;95;65;77mᤝ[38;2;202;187;178;48;2;210;197;187m▃[38;2;205;188;176;48;2;219;205;195m▃[38;2;210;193;183;48;2;223;211;199m⣤[38;2;214;199;188;48;2;231;218;209m⣤[38;2;220;203;191;48;2;238;220;214m⣤[38;2;223;207;195;48;2;239;221;213m⣤[38;2;227;212;200;48;2;236;223;214mǈ[38;2;229;214;198;48;2;237;224;210mƠ[38;2;222;208;193mɬ[38;2;222;205;188;48;2;237;223;208mɬ[38;2;221;199;181;48;2;236;219;202mɬ[38;2;214;194;175;48;2;227;210;197mʬ[38;2;207;188;176;48;2;223;205;198mϼ[38;2;202;182;170;48;2;220;202;193m⠤[38;2;200;175;166;48;2;209;197;185mϻ[38;2;207;185;175;48;2;63;42;44m▍[38;2;30;16;8;48;2;69;47;44mᤝ[38;2;58;32;37;48;2;22;19;1mᤝ[38;2;88;54;77;48;2;75;47;63mஞ[38;2;89;57;84;48;2;84;51;75mᙢ[38;2;86;52;72;48;2;90;57;80mᱺ[38;2;133;69;103;48;2;90;55;77mᤝ[38;2;156;71;113;48;2;162;76;119mꫛ[38;2;85;55;76;48;2;124;61;97mᨭ[38;2;116;67;100;48;2;88;54;75mᤝ[38;2;143;78;114;48;2;166;80;117m▏[38;2;176;80;122;48;2;174;78;119mꨐ[38;2;133;75;110;48;2;161;77;120mᤝ[38;2;106;58;89;48;2;97;61;92m▍[38;2;105;74;106;48;2;100;67;100mꗠ[38;2;98;70;100;48;2;107;83;112mᥞ[38;2;115;95;122;48;2;106;80;109mᱏ[38;2;115;102;124;48;2;109;91;115mꖻ[38;2;118;106;128;48;2;113;102;124mᙉ[38;2;116;102;122;48;2;123;114;136m⣄[38;2;126;114;134;48;2;121;109;129mἆ[0m
[38;2;33;24;7;48;2;42;30;18m┃[38;2;42;21;14;48;2;62;42;43mꛍ[38;2;47;37;26;48;2;66;41;46m▍[38;2;105;89;107;48;2;78;62;74mᖲ[38;2;102;88;104;48;2;120;112;122m᥇[38;2;104;97;110;48;2;79;79;72m▋[38;2;86;94;77;48;2;108;127;100m▍[38;2;125;150;123;48;2;122;147;114mᛐ[38;2;128;149;112;48;2;122;144;106mᦒ[38;2;124;145;104;48;2;127;147;112m⫳[38;2;22;20;6;48;2;118;140;93m⢰[38;2;127;146;68;48;2;18;20;0mᖧ[38;2;195;168;38;48;2;130;139;80mᙠ[38;2;124;145;82;48;2;15;20;2mᏦ[38;2;22;22;2;48;2;169;145;12mᘝ[38;2;49;17;0;48;2;196;126;6m⎺[38;2;105;75;31;48;2;205;127;10m⎺[38;2;206;117;17;48;2;111;66;8mꘀ[38;2;187;85;2;48;2;207;123;8mᕰ[38;2;217;159;5;48;2;205;129;0mᡛ[38;2;218;167;0;48;2;215;156;6mᜢ[38;2;208;140;2;48;2;214;167;0m⎽[38;2;199;147;5;48;2;108;93;3mḔ[38;2;98;94;40;48;2;203;165;21m⫚[38;2;75;72;54;48;2;89;88;72mᖃ[38;2;102;98;83;48;2;84;82;71m⣈[38;2;73;60;49;48;2;66;51;36m⣘[38;2;70;50;47;48;2;42;24;10m▍[38;2;52;37;22;48;2;50;31;16mÌ[38;2;159;39;7;48;2;79;25;4mᨭ[38;2;160;33;9;48;2;164;34;10mዚ[38;2;160;30;5;48;2;166;32;8mຑ[38;2;164;32;9;48;2;161;30;9m⡥[38;2;163;31;6;48;2;164;33;9mꘞ[38;2;167;32;10;48;2;163;29;8mᩄ[38;2;165;34;9;48;2;162;30;7mʏ[38;2;168;38;9;48;2;163;31;7m▗[38;2;155;38;9;48;2;165;34;10mᦇ[38;2;115;28;15;48;2;15;6;0m▍[38;2;7;8;1;48;2;9;8;0mẦ[38;2;11;8;2;48;2;6;5;0mᧅ[38;2;4;8;0;48;2;8;9;1m᧱[38;2;80;58;62;48;2;13;6;1mᨭ[38;2;114;75;95;48;2;208;191;190m▍[38;2;212;200;188;48;2;204;191;177mᜅ[38;2;221;209;196;48;2;211;195;180mᜈ[38;2;225;214;204;48;2;215;203;189mᜈ[38;2;235;223;210;48;2;224;210;193mᜅ[38;2;224;207;190;48;2;238;226;212m⣤[38;2;225;207;197;48;2;238;225;211mƺ[38;2;230;212;199;48;2;237;225;210mƠ[38;2;229;212;199;48;2;237;225;209mƺ[38;2;225;207;194;48;2;238;221;208mȣ[38;2;220;205;190;48;2;235;218;206mʬ[38;2;213;199;184;48;2;227;212;199mϻ[38;2;223;210;198;48;2;208;191;179m⣉[38;2;218;204;192;48;2;205;188;175m⡉[38;2;152;141;52;48;2;209;193;181m▗[38;2;140;135;18m⣤[38;2;63;42;44;48;2;139;140;12mᘺᘺ[38;2;57;43;38mᘺ[38;2;86;57;67;48;2;139;139;14mᘺ[38;2;80;55;70;48;2;137;139;16mᘺ[38;2;72;45;58mᘺ[38;2;104;67;88;48;2;140;137;16mᘺ[38;2;155;72;109;48;2;136;136;17mᘺ[38;2;90;54;75;48;2;141;136;17mᘺ[38;2;94;61;79;48;2;142;135;13mᘺ[38;2;157;80;113;48;2;141;135;12mᘺ[38;2;176;81;114;48;2;141;138;14mᘺ[38;2;157;69;109;48;2;137;137;18mᘺ[38;2;95;60;77;48;2;141;138;16mᘺ[38;2;97;65;92;48;2;141;140;23mᘺ[38;2;73;54;57;48;2;95;66;92m˞[38;2;100;75;98;48;2;113;97;114m▍[38;2;111;97;120;48;2;116;102;123mᚨ[38;2;110;98;120;48;2;116;104;126mᕬ[38;2;114;102;122;48;2;118;106;126mሏ[38;2;122;109;129;48;2;116;105;126mḜ[0m
[38;2;58;43;29;48;2;31;23;11m▏[38;2;36;24;10;48;2;65;38;50m▍[38;2;49;24;30;48;2;68;46;51mᶨ[38;2;88;66;80;48;2;74;51;64mฒ[38;2;98;83;102;48;2;102;90;106m⣔[38;2;106;98;111;48;2;77;73;71m▋[38;2;85;92;72;48;2;108;119;102m▍[38;2;119;139;111;48;2;123;147;114m᪪[38;2;120;139;112;48;2;123;144;114m˛[38;2;128;147;115;48;2;122;136;110mᚘ[38;2;62;71;44;48;2;118;138;100mᜰ[38;2;13;16;2;48;2;116;131;94mᙫ[38;2;118;138;98;48;2;14;17;1mᕎ[38;2;78;82;63;48;2;23;18;6m౷[38;2;217;159;10;48;2;154;116;49m┢[38;2;210;141;5;48;2;110;100;12mⴗ[38;2;202;124;1;48;2;219;167;0m⠒[38;2;211;132;13;48;2;219;168;2mᓚ[38;2;210;143;3;48;2;219;169;0mॺ[38;2;206;123;0;48;2;218;165;1m༭[38;2;220;167;0;48;2;205;126;0m⢰[38;2;210;133;1;48;2;217;170;0m⠉[38;2;46;21;10;48;2;213;153;8m⢰[38;2;121;98;18;48;2;205;168;3mᦓ[38;2;17;17;4;48;2;93;93;75m⣤[38;2;9;8;0;48;2;100;103;85m⣤[38;2;75;71;63;48;2;10;10;0mᘋ[38;2;8;7;2;48;2;12;13;3m⠁[38;2;90;31;14;48;2;17;9;2mᤝ[38;2;154;41;16;48;2;165;34;10m▏[38;2;166;37;11;48;2;168;39;14mꢊ[38;2;168;37;13;48;2;165;34;10mᦁ[38;2;163;36;10;48;2;167;38;13mᧁ[38;2;166;37;12;48;2;164;31;8mঘ[38;2;167;32;9;48;2;169;36;14m⠙[38;2;166;36;6;48;2;167;37;10mꔟ[38;2;167;39;11;48;2;166;37;10m⠤[38;2;165;36;12;48;2;169;36;12mప[38;2;158;33;12;48;2;26;3;0m▋[38;2;15;5;3;48;2;6;6;0mꢳ[38;2;8;9;0;48;2;10;7;0mय़[38;2;9;10;2;48;2;17;13;4mἳ[38;2;57;38;39;48;2;105;62;79mᏺ[38;2;147;122;126;48;2;212;197;186mၮ[38;2;204;190;182;48;2;219;202;191m⣤[38;2;211;196;187;48;2;224;208;196mɬ[38;2;218;204;190;48;2;230;213;202mȣ[38;2;222;203;190;48;2;238;220;208m⠤[38;2;224;206;184;48;2;240;222;208m⠤[38;2;227;209;184m⠤[38;2;230;212;194m─[38;2;231;211;190m─[38;2;231;211;194m─[38;2;229;208;186;48;2;237;219;197m─[38;2;217;197;174;48;2;230;213;191m⠒[38;2;213;194;169;48;2;223;206;187m⠒[38;2;210;191;165;48;2;213;197;176m⠒[38;2;216;203;164;48;2;153;146;29m▋[38;2;140;144;14;48;2;139;139;13mꕸ[38;2;143;146;17;48;2;139;142;13m⣒[38;2;145;146;14;48;2;139;140;12mႴ[38;2;139;140;12;48;2;136;137;9mἂ[38;2;137;138;11;48;2;140;140;13m⁓[38;2;137;139;16;48;2;140;141;17mṆ[38;2;140;141;15;48;2;137;139;16m⣡[38;2;137;138;12;48;2;143;145;14mᙠ[38;2;137;137;14;48;2;142;140;15mႶ[38;2;141;143;15;48;2;138;140;13mሽ[38;2;139;141;14;48;2;137;139;12mሻ[38;2;141;147;15;48;2;139;142;11mꛚ[38;2;144;144;15;48;2;141;140;13mણ[38;2;142;142;13mፄ[38;2;140;140;15;48;2;141;141;18m⣈[38;2;141;139;18;48;2;72;49;62mᑍ[38;2;84;64;74;48;2;95;70;82mၮ[38;2;95;65;88;48;2;109;88;112mჄ[38;2;111;97;118;48;2;114;102;124mይ[38;2;120;108;128;48;2;115;103;123mꭁ[38;2;122;110;132;48;2;117;106;125mᶰ[38;2;125;107;129;48;2;115;104;124mᖢ[0m
[38;2;30;24;8;48;2;44;32;16mᱰ[38;2;46;36;23;48;2;69;43;50m▍[38;2;58;32;41;48;2;72;46;53m▋[38;2;75;53;66;48;2;88;66;78mᘑ[38;2;104;90;107;48;2;94;75;92mᤝ[38;2;72;70;64;48;2;111;112;113mᤝ[38;2;78;81;68;48;2;112;117;100m▋[38;2;118;138;110;48;2;114;127;107mⳅ[38;2;125;135;109;48;2;116;125;102mᓇ[38;2;53;61;42;48;2;117;113;102mਫ਼[38;2;189;163;21;48;2;18;21;7m▃[38;2;102;92;43;48;2;206;166;29mᜀ[38;2;25;19;4;48;2;112;116;81mϖ[38;2;26;19;7;48;2;88;83;67mᢓ[38;2;102;78;7;48;2;211;171;25m▏[38;2;49;44;0;48;2;205;161;26m⠇[38;2;221;171;0;48;2;207;135;0mᚓ[38;2;222;168;7;48;2;209;131;7m⠉[38;2;221;168;0;48;2;202;131;0m⠉[38;2;220;164;4;48;2;207;127;5mᐽ[38;2;187;86;2;48;2;207;145;0m⎽[38;2;196;133;0;48;2;216;169;2m⎽[38;2;69;52;0;48;2;216;166;18mᤝ[38;2;44;18;0;48;2;207;167;1m▍[38;2;126;100;36;48;2;16;13;3mƩ[38;2;11;8;1;48;2;7;6;1mᶲ[38;2;38;23;16;48;2;8;7;2m⢀[38;2;39;28;16;48;2;11;9;1m⣀[38;2;159;47;22;48;2;38;11;0mᨭ[38;2;171;43;13;48;2;167;38;13m˻[38;2;168;38;13;48;2;164;38;8mຝ[38;2;168;37;13;48;2;166;36;11mᚨ[48;2;166;34;10mথ[38;2;167;38;11;48;2;167;38;11m [48;2;170;33;14m᪀[38;2;166;34;9;48;2;169;36;10m⊓[38;2;167;37;11;48;2;164;32;9mẎ[38;2;169;37;8;48;2;166;34;11mꚳ[38;2;92;22;5;48;2;164;36;8mᤝ[38;2;20;7;2;48;2;73;38;51m⠉[38;2;17;7;4;48;2;74;45;65m⠉[38;2;12;7;5;48;2;80;46;67m⎺[38;2;105;64;83;48;2;105;64;83m [38;2;200;182;172;48;2;213;197;186m⠠[38;2;209;192;180;48;2;221;205;193mȣ[38;2;212;195;182;48;2;226;210;198m⠤[38;2;221;205;192;48;2;233;215;203m⠴[38;2;239;221;208;48;2;223;210;196m⣉[38;2;231;215;200;48;2;240;222;208m─[38;2;229;214;199m─[38;2;240;222;208;48;2;228;213;197m⣉[48;2;225;215;193m⣉[38;2;224;202;189;48;2;235;222;208m⠒[38;2;222;203;187;48;2;235;220;208mব[38;2;216;198;183;48;2;227;209;200mব[38;2;207;194;178;48;2;224;208;193mব[38;2;204;187;171;48;2;216;202;187mइ[38;2;140;138;29;48;2;209;193;177m▝[38;2;212;197;174;48;2;146;143;14m⣤[38;2;59;44;36;48;2;151;149;23m▃[38;2;48;34;26;48;2;140;138;13m▃[38;2;81;59;65;48;2;133;137;15m▃[38;2;66;56;17;48;2;142;138;12m▃[38;2;83;53;60;48;2;138;136;14m▃[38;2;77;55;59;48;2;143;143;14m⣀[38;2;104;50;65;48;2;143;142;13m⣀[38;2;113;83;54;48;2;147;142;12m⡀[38;2;143;142;16;48;2;139;140;13mᓸ[38;2;145;144;17;48;2;140;141;11m⣻[38;2;144;144;12;48;2;146;146;17mⰡ[38;2;143;143;12;48;2;145;144;17m⟭[38;2;142;140;17;48;2;141;140;13mΙ[38;2;96;76;62;48;2;142;140;21m⢰[38;2;58;46;40;48;2;98;73;95mᏺ[38;2;97;71;97;48;2;105;80;106mᘨ[38;2;111;92;115;48;2;106;79;104mᾖ[38;2;119;109;130;48;2;115;102;124m᧷[38;2;123;110;130;48;2;117;103;127mꢳ[38;2;139;130;151;48;2;123;111;131m▍[38;2;115;102;122;48;2;121;107;128m⁐[0m
[38;2;53;39;24;48;2;37;27;9mႸ[38;2;51;30;23;48;2;72;44;59mჄ[38;2;64;43;50;48;2;69;47;55m¡[38;2;86;62;80;48;2;77;54;68mᦲ[38;2;98;80;100;48;2;89;69;82m⫛[38;2;77;63;60;48;2;102;90;106mᤝ[38;2;100;102;80;48;2;75;73;60mᤝ[38;2;182;153;34;48;2;100;98;85m⢀[38;2;109;114;88;48;2;212;169;7mᚑ[48;2;216;163;10mᏦ[38;2;204;169;1;48;2;204;119;9mᏦ[38;2;200;126;0;48;2;212;167;3m▍[38;2;36;24;2;48;2;162;137;27m⠰[38;2;128;149;92;48;2;26;22;1m⣉[38;2;115;94;9;48;2;211;165;1m▍[38;2;197;165;13;48;2;65;48;0mḗ[38;2;210;133;3;48;2;216;170;6m⫙[38;2;192;102;6;48;2;204;123;8mᢗ[38;2;208;122;11;48;2;183;82;1mꛩ[38;2;180;79;3;48;2;225;162;20mᚘ[38;2;186;83;3;48;2;208;135;0m⎺[38;2;223;169;2;48;2;203;131;7mꘀ[38;2;216;172;9;48;2;218;170;0mข[38;2;175;147;22;48;2;78;63;11mᬡ[38;2;81;66;26;48;2;211;168;57m⫚[38;2;50;39;23;48;2;65;53;38mⲌ[38;2;60;43;36;48;2;55;30;18mᙸ[38;2;84;29;6;48;2;47;31;14mǟ[38;2;130;47;23;48;2;165;36;14mၮ[38;2;169;39;14;48;2;169;39;11mआ[38;2;166;36;9;48;2;169;40;13mᴃ[38;2;171;40;11;48;2;168;40;7m⢔[38;2;167;37;9;48;2;167;37;13mᘶ[38;2;135;39;14;48;2;46;7;2mႁ[38;2;133;56;36;48;2;167;37;16m▏[38;2;169;37;9;48;2;171;38;11mꪨ[38;2;171;38;10;48;2;169;36;8m⫍[38;2;167;36;9;48;2;171;37;13m꣏[38;2;158;37;11;48;2;168;36;10mਫ਼[38;2;109;36;20;48;2;80;48;62m▍[38;2;78;49;64;48;2;83;54;75mᗠ[38;2;70;45;52;48;2;85;54;66mძ[38;2;212;197;186;48;2;103;73;83m▕[38;2;213;197;186;48;2;207;189;176mꓬ[38;2;211;196;182;48;2;223;207;195mϼ[38;2;219;203;188;48;2;228;210;198m─[38;2;236;218;206;48;2;221;205;193m⣉[38;2;224;205;192;48;2;239;221;209m●[38;2;240;222;208;48;2;229;210;196m⣉[48;2;225;213;197m⣉[38;2;232;216;200;48;2;240;222;208m─[38;2;232;217;199m─[38;2;231;213;194mಸ[38;2;233;213;196;48;2;240;221;208mಸ[38;2;217;201;186;48;2;235;217;205m⠒[38;2;215;200;184;48;2;229;211;199mব[38;2;212;201;186;48;2;224;208;196mঙ[38;2;207;192;180;48;2;218;201;190mय[38;2;206;186;169;48;2;212;190;178mඏ[38;2;28;19;3;48;2;65;49;39mᤝ[48;2;83;59;66m▋[38;2;42;23;24;48;2;83;52;75m▕[38;2;39;27;21;48;2;74;51;61m▋[38;2;78;52;55;48;2;59;32;27mዺ[38;2;93;58;74;48;2;76;53;59mᨭ[38;2;131;69;98;48;2;137;119;38mᘫ[38;2;147;130;41;48;2;141;140;14mၮ[38;2;137;137;10;48;2;140;140;15m [38;2;139;138;10;48;2;141;140;13mፑ[38;2;145;145;13;48;2;144;143;17mᒨ[38;2;147;146;19;48;2;142;142;13m⢄[38;2;137;136;34;48;2;141;139;14m⢰[48;2;102;73;100mၮ[38;2;106;76;104mᣁ[38;2;109;79;109;48;2;105;78;103m⣨[38;2;117;102;125;48;2;109;90;114mᤝ[38;2;122;109;130;48;2;117;103;125mᨂ[38;2;141;133;150;48;2;121;109;131m▕[38;2;144;137;157;48;2;121;108;130m▍[38;2;128;113;134;48;2;120;108;129mᣱ[0m
[38;2;68;51;41;48;2;41;33;13m▏[38;2;59;40;34;48;2;79;53;68m▋[38;2;51;29;37;48;2;72;48;56mᛙ[38;2;83;56;71;48;2;89;64;84m▋[38;2;97;77;94;48;2;90;70;89mờ[38;2;72;65;49;48;2;95;81;95mᤞ[38;2;77;70;53;48;2;212;172;3mᚓ[38;2;158;135;21;48;2;215;169;4m⠁[38;2;214;167;0;48;2;206;125;10mᏦ[38;2;205;117;9;48;2;209;123;8mᗋ[38;2;207;123;7;48;2;203;116;10m▃[38;2;217;172;0;48;2;204;132;0mᱸ[38;2;187;131;19;48;2;217;171;2mᥙ[38;2;145;144;51;48;2;130;151;95m▖[38;2;138;150;86;48;2;203;172;21m▋[38;2;214;161;0;48;2;167;143;25m▋[38;2;213;152;5;48;2;219;172;0m⎽[38;2;207;134;6;48;2;222;173;4mᜱ[38;2;216;169;0;48;2;205;131;0mᾕ[38;2;212;148;1;48;2;221;171;0m▃[38;2;209;138;2;48;2;224;166;1mᦿ[38;2;207;137;0;48;2;220;167;1m⡤[38;2;213;152;0;48;2;221;168;0m─[38;2;137;98;4;48;2;218;155;3m⢨[38;2;205;142;13;48;2;143;111;16m꩖[38;2;68;43;10;48;2;57;42;19m▏[38;2;62;46;36;48;2;55;30;18mꦋ[38;2;155;53;23mᤝ[38;2;162;40;14;48;2;170;39;15mꠅ[38;2;170;41;12;48;2;169;40;9mⲄ[38;2;171;39;10;48;2;169;37;8mᾶ[38;2;169;39;13;48;2;167;38;11mⲼ[38;2;116;28;3;48;2;166;41;12mᤝ[38;2;61;10;4;48;2;30;15;1m▏[38;2;72;22;0;48;2;164;40;5m▍[38;2;167;37;13;48;2;168;37;9mᑋ[38;2;169;38;9;48;2;169;38;11mᖉ[38;2;172;39;11;48;2;169;38;8mᖁ[38;2;172;38;15;48;2;169;37;11mഩ[38;2;163;43;18;48;2;92;44;43m▋[38;2;80;53;65;48;2;90;62;79mᙘ[38;2;74;51;61;48;2;86;60;74mⁱ[38;2;117;89;95;48;2;212;197;186m▍[38;2;216;200;189;48;2;206;191;179m⪅[38;2;210;199;182;48;2;224;208;196m●[38;2;220;206;191;48;2;229;211;199m─[38;2;228;212;198;48;2;237;219;206m─[38;2;240;221;209;48;2;231;216;201m⣉[38;2;240;222;208;48;2;225;212;198m⣉[48;2;225;212;193m⣉[48;2;229;214;199m⣉[38;2;224;209;199;48;2;240;222;208mಸ[38;2;228;213;197mኢ[38;2;228;209;193mহ[38;2;227;207;189;48;2;238;220;207mব[38;2;215;198;186;48;2;229;211;201mব[38;2;211;195;180;48;2;225;208;196mব[38;2;208;186;176;48;2;217;198;189mঋ[38;2;147;127;127;48;2;210;189;178m▕[38;2;72;51;51;48;2;24;19;0m▋[38;2;33;19;12;48;2;88;57;71m▍[38;2;46;24;19;48;2;88;53;75mᤝ[38;2;72;51;53;48;2;47;27;23mᨥ[38;2;76;52;57;48;2;57;36;37mǟ[38;2;137;130;33;48;2;89;65;70m▗[38;2;150;128;63;48;2;146;144;11mႴ[38;2;139;141;12;48;2;141;141;14mѱ[38;2;138;139;11;48;2;141;140;14m⠎[38;2;142;144;17;48;2;140;139;13mᨴ[38;2;141;141;12;48;2;146;147;16m⠰[38;2;143;141;10;48;2;144;141;13mթ[38;2;139;141;13;48;2;79;59;50mᑍ[38;2;88;67;72;48;2;106;74;98m▏[38;2;108;81;106;48;2;104;75;98m⣌[38;2;100;73;98;48;2;109;86;112m▋[38;2;118;104;127;48;2;110;91;115mᤝ[38;2;119;106;129;48;2;120;107;130m∔[38;2;140;131;152;48;2;121;106;129m▕[38;2;145;133;155;48;2;121;109;131m▏[38;2;121;107;129;48;2;124;110;132mỊ[0m
[38;2;51;41;27;48;2;33;26;9m▍[38;2;65;36;40;48;2;48;31;20m⫈[38;2;54;29;29;48;2;71;46;53m⡆[38;2;82;54;72;48;2;88;65;77m⡋[38;2;209;169;26;48;2;93;72;89m▗[38;2;216;156;6;48;2;77;57;42mᶐ[38;2;220;169;3;48;2;206;121;18mᙸ[38;2;208;123;10;48;2;207;118;19mᙘ[38;2;195;94;14;48;2;206;121;13m⣀[38;2;190;69;14;48;2;209;123;8m▃[38;2;185;75;1;48;2;208;121;8m╻[38;2;220;154;8;48;2;221;173;2m▏[38;2;217;168;6;48;2;194;114;7m⨅[38;2;151;153;65;48;2;217;175;6m⫚[38;2;190;158;29;48;2;135;156;88mᤝ[38;2;214;173;7;48;2;202;149;2mᡸ[38;2;177;148;9;48;2;215;171;0m▏[38;2;222;170;0;48;2;209;135;5mৎ[38;2;221;170;1;48;2;213;127;9mಠ[38;2;202;114;11;48;2;223;170;4m▃[38;2;207;128;8;48;2;217;167;2m⡀[38;2;221;165;1;48;2;207;125;3mฒ[38;2;215;163;5;48;2;217;169;4m᎐[38;2;200;160;27;48;2;217;170;0mᢕ[38;2;214;170;17;48;2;105;76;0mᤝ[38;2;210;168;42;48;2;57;40;15m⡆[38;2;51;30;16;48;2;55;30;18m⡀[38;2;164;47;20mᱶ[38;2;168;41;12;48;2;167;40;10mᐺ[38;2;170;42;14;48;2;167;39;13mꦬ[38;2;170;41;15;48;2;167;39;11mൖ[38;2;167;39;9;48;2;169;41;14m⢌[38;2;160;38;9;48;2;56;20;10m▋[38;2;28;15;0;48;2;28;15;0m [38;2;152;53;20;48;2;36;21;5mᤝ[38;2;162;42;9;48;2;167;38;10mឮ[38;2;169;40;10;48;2;171;41;13mᴋ[38;2;168;39;7;48;2;171;40;10m᠃[38;2;171;41;14;48;2;168;37;11m᥀[38;2;108;31;13;48;2;166;39;9mᤝ[38;2;89;48;47;48;2;88;58;72m▏[38;2;122;84;103;48;2;95;68;80mᤝ[38;2;213;198;187;48;2;212;197;186mᤝ[38;2;221;205;193;48;2;214;197;186m⪓[38;2;216;202;189;48;2;225;209;197m─[38;2;232;215;202;48;2;220;207;195m⣉[38;2;238;220;208;48;2;222;209;196m⣉[38;2;224;211;196;48;2;240;222;208m⠖[38;2;226;213;198;48;2;239;228;213mኢ[38;2;224;204;190;48;2;240;222;208m⠒[38;2;228;209;194m⠒[38;2;222;210;194m⠒[38;2;225;206;194m⠒[38;2;220;206;191m⠒[38;2;223;200;189;48;2;237;220;207m⠒[38;2;210;190;179;48;2;230;212;200m⠒[38;2;210;197;182;48;2;224;208;196mব[38;2;202;185;175;48;2;215;197;187m⠒[38;2;77;56;55;48;2;210;191;182mᤝ[38;2;60;38;32;48;2;25;22;8m൴[38;2;57;47;41;48;2;78;61;68m▏[38;2;76;50;65;48;2;36;21;13mᑥ[38;2;47;25;22;48;2;67;45;49mწ[38;2;124;124;26;48;2;62;43;36m▗[38;2;112;107;13;48;2;139;137;15mၮ[38;2;145;145;15;48;2;138;136;11mꖚ[38;2;140;138;14;48;2;143;144;17m₪[38;2;139;140;15;48;2;145;142;21m⣃[38;2;139;140;13;48;2;143;145;17mຆ[38;2;143;143;16;48;2;143;142;12m෦[38;2;124;93;73;48;2;147;142;16m⢀[38;2;100;67;73;48;2;125;72;98mᚁ[38;2;93;60;83;48;2;104;71;95m▍[38;2;106;78;103;48;2;100;72;97mᙫ[38;2;100;75;94;48;2;108;86;105mꛢ[38;2;118;103;124;48;2;110;91;112mᤝ[38;2;121;109;130;48;2;118;102;126mᙢ[38;2;136;124;143;48;2;120;108;127mᤝ[38;2;139;127;149;48;2;123;111;130m▏[38;2;122;108;130;48;2;113;103;122mꗽ[0m
[38;2;46;38;19;48;2;38;27;10m▍[38;2;53;30;27;48;2;46;25;18mⳖ[38;2;44;23;14;48;2;63;44;43m▍[38;2;210;171;41;48;2;75;53;58m▗[38;2;216;172;10;48;2;204;125;16mⴆ[38;2;184;74;7;48;2;209;123;20m⣠[38;2;211;111;24;48;2;182;65;14m⠋[38;2;184;64;12;48;2;207;109;20mᾚ[38;2;187;64;19;48;2;185;62;14mԤ[38;2;185;65;12;48;2;187;68;20mᦛ[38;2;220;156;9;48;2;185;68;10mᥥ[38;2;225;158;5;48;2;219;173;0m▕[38;2;188;104;1;48;2;218;174;0m▋[38;2;199;165;16;48;2;220;173;1mᤕ[38;2;143;153;77;48;2;148;153;50mℿ[38;2;215;172;7;48;2;183;152;14m┃[38;2;169;144;4;48;2;218;169;0m▍[38;2;211;137;1;48;2;207;144;0mꗪ[38;2;198;111;9;48;2;206;136;5mᯅ[38;2;179;72;3;48;2;209;123;19mỐ[38;2;221;161;6;48;2;181;71;3m⢰[38;2;184;86;0;48;2;206;139;1m⠉[38;2;224;168;6;48;2;177;88;0mꘀ[38;2;217;168;0;48;2;222;171;2mᾗ[38;2;145;114;8;48;2;210;173;14mℸ[38;2;60;36;2;48;2;210;168;42mᤜ[38;2;168;40;10;48;2;48;29;16m▕[48;2;161;47;21mⰬ[38;2;169;39;10;48;2;172;40;12mᜆ[38;2;167;37;12;48;2;170;40;15mꭏ[38;2;168;38;12;48;2;170;42;15mϰ[38;2;169;39;16;48;2;166;41;17mᶸ[38;2;131;40;21;48;2;43;26;9m▍[38;2;28;15;0;48;2;36;21;5m⩺[38;2;79;23;3mᤝ[38;2;137;49;23;48;2;167;37;11m▏[38;2;171;41;13;48;2;168;37;11m᭒[38;2;169;36;10;48;2;170;40;13m⢄[38;2;170;40;11;48;2;172;42;12mꟗ[38;2;171;39;13;48;2;170;40;17m႑[38;2;102;20;13;48;2;98;55;68m▍[38;2;212;197;186;48;2;107;70;94mᤝ[38;2;201;184;174;48;2;213;198;187m⠰[38;2;223;207;195;48;2;208;192;180m⣉[38;2;209;194;180;48;2;227;210;198m⠒[38;2;220;205;188;48;2;235;217;205m⠒[38;2;222;208;193;48;2;239;221;209m⠒[38;2;227;208;195;48;2;240;222;208m⠒[38;2;228;210;197m⠒[38;2;226;211;198m⠖[38;2;222;208;193m⠲[38;2;223;210;194m⠒[38;2;225;208;190m⠒[38;2;226;205;182m⠒[38;2;225;203;186;48;2;237;219;206m⠒[38;2;214;197;189;48;2;229;212;200m⠒[38;2;210;193;182;48;2;224;208;196m⠒[38;2;215;199;188;48;2;203;188;176m⣉[38;2;212;193;183;48;2;77;53;49m▋[38;2;21;17;0;48;2;52;37;29m┃[38;2;39;15;15;48;2;70;54;55mਫ਼[38;2;57;42;34;48;2;23;15;5m⣤[38;2;67;47;47;48;2;133;131;19mᚘ[38;2;93;82;42;48;2;142;138;16mၮ[38;2;140;141;13;48;2;138;139;9mꪽ[38;2;141;141;10;48;2;143;143;13mṇ[38;2;141;139;12;48;2;145;143;16m᧙[38;2;144;143;15;48;2;142;142;12mꥅ[38;2;144;144;14;48;2;140;139;12mⲙ[38;2;143;142;12;48;2;147;141;18m⫺[38;2;135;122;33;48;2;161;84;108mᏼ[38;2;143;75;105;48;2;158;76;115mꔅ[38;2;127;79;109;48;2;107;66;89m⩎[38;2;106;78;102;48;2;100;71;94mǷ[38;2;96;69;91;48;2;102;76;98mၮ[38;2;116;100;118;48;2;107;83;107m᧶[38;2;117;102;124;48;2;119;104;127mꤟ[38;2;125;116;137;48;2;118;105;124mᤝ[38;2;134;123;148;48;2;118;103;130m▏[38;2;121;106;131;48;2;123;109;132mḊ[0m
[38;2;56;42;24;48;2;45;31;15mႁ[38;2;56;36;27;48;2;67;43;38mᙖ[38;2;212;180;20;48;2;58;38;14m▗[38;2;222;171;20;48;2;183;68;16mⴆ[38;2;194;107;10;48;2;185;65;14mၮ[38;2;185;66;19;48;2;186;65;13mጹ[38;2;185;63;19;48;2;186;64;12mᢑ[38;2;184;62;19;48;2;183;57;15mஹ[38;2;188;65;15;48;2;182;58;16mᙁ[38;2;225;149;17;48;2;188;68;12m▗[38;2;215;136;7;48;2;229;173;0mၮ[38;2;184;88;0;48;2;222;174;0mᤝ[38;2;193;104;0;48;2;219;175;0m▍[38;2;224;173;1;48;2;220;175;1m▋[38;2;211;176;5;48;2;146;150;78m▍[38;2;166;149;38;48;2;215;174;3m▍[38;2;216;172;7;48;2;176;153;11mᤜ[38;2;219;171;2;48;2;216;150;2mኩ[38;2;221;169;1;48;2;211;137;1mϨ[38;2;204;125;0;48;2;222;169;7m⣉[38;2;202;134;0;48;2;217;170;1m⣀[38;2;224;168;2;48;2;205;139;0mჄ[38;2;223;168;1;48;2;212;142;0mᖱ[38;2;212;142;0;48;2;219;164;2mȣ[38;2;156;115;10;48;2;215;159;0mᢕ[38;2;58;36;4;48;2;207;145;9m⣀[38;2;72;20;0;48;2;159;42;17m▋[38;2;171;38;10;48;2;171;42;14mᢑ[38;2;171;36;6;48;2;171;41;13mᢾ[38;2;172;42;15;48;2;168;38;11m⁐[38;2;169;40;13;48;2;167;38;11mᛦ[38;2;131;39;16;48;2;167;39;13m▕[38;2;43;26;9;48;2;43;26;9m   [38;2;70;26;1;48;2;164;36;4m▍[38;2;171;38;11;48;2;167;37;9mᥴ[38;2;172;38;8;48;2;174;40;16mᙻ[38;2;171;37;12;48;2;173;41;17mⳑ[38;2;172;43;21;48;2;173;40;15mᘗ[38;2;166;44;18;48;2;102;59;64m▍[38;2;105;69;83;48;2;212;197;186m▋[38;2;205;189;177;48;2;215;199;189m⠲[38;2;211;195;182;48;2;223;207;195mथ[38;2;221;199;188;48;2;228;210;199mथ[38;2;223;199;188;48;2;236;219;206m⠒[38;2;224;205;195;48;2;239;221;209m⠒[38;2;224;211;195;48;2;240;222;208m⠒[38;2;226;213;197;48;2;239;228;213m⠒[38;2;240;222;208;48;2;233;221;200m⣉[38;2;235;219;196;48;2;240;222;208m●[38;2;240;222;208;48;2;232;213;199m⣉[38;2;232;214;198;48;2;240;222;208mኢ[38;2;227;211;192;48;2;239;221;209m⠒[38;2;224;202;191;48;2;235;218;205m⠖[38;2;214;198;185;48;2;228;211;199m⠒[38;2;223;205;195;48;2;212;196;184m⣉[38;2;202;184;176;48;2;214;198;182m⠒[38;2;212;190;180;48;2;63;45;34m▍[38;2;61;47;38;48;2;24;16;3mᤝ[38;2;74;51;53;48;2;81;53;58mⳐ[38;2;139;136;27;48;2;65;50;28m▗[38;2;133;128;35;48;2;143;139;12mၮ[38;2;144;143;15;48;2;141;140;11mѩ[38;2;145;145;15;48;2;141;140;10m⠆[38;2;145;142;9;48;2;141;139;6m᧷[38;2;144;143;11;48;2;143;142;8mⵍ[38;2;145;143;16;48;2;143;142;14mឋ[38;2;143;142;12;48;2;144;142;13mù[38;2;157;84;104;48;2;137;131;20m⢰[38;2;172;81;119;48;2;159;84;106mⴼ[38;2;163;72;114;48;2;172;82;120mᤁ[38;2;113;68;95;48;2;139;72;109mᖸ[38;2;95;66;90;48;2;94;59;80m⫚[38;2;98;73;95;48;2;100;79;100m⣢[38;2;111;97;120;48;2;105;76;102mᤝ[38;2;117;103;127;48;2;116;102;122m▼[38;2;118;105;128;48;2;115;102;123m⢊[38;2;120;105;131;48;2;116;102;125m⡩[38;2;118;106;128;48;2;122;109;133mⷞ[0m
[38;2;52;39;22;48;2;42;30;14m൴[38;2;212;178;53;48;2;64;41;23m⣰[38;2;219;164;32;48;2;182;72;13mᘝ[38;2;188;69;15;48;2;188;64;23m⠉[38;2;185;59;17;48;2;188;61;25mᗨ[38;2;183;58;17;48;2;186;60;18mẐ[38;2;184;57;13;48;2;189;62;19mሶ[38;2;222;157;17;48;2;183;64;5m⢀[38;2;192;67;12;48;2;223;172;2mᙸ[38;2;219;173;1;48;2;191;104;1mꘀ[38;2;230;163;19;48;2;221;174;0m⢀[38;2;232;169;15;48;2;177;78;0mᑥ[38;2;218;141;10;48;2;225;175;0mႴ[38;2;225;177;0;48;2;222;176;0mꝑ[38;2;148;152;56;48;2;219;176;4mᤝ[38;2;142;138;56;48;2;209;150;17m▋[38;2;200;138;10;48;2;188;158;15m౪[38;2;198;121;4;48;2;217;171;4m⠉[38;2;204;128;0;48;2;224;171;0m⠉[38;2;203;119;0;48;2;221;170;1m⎺[38;2;209;144;0;48;2;221;171;0m⎺[38;2;218;145;0;48;2;222;170;2mᕛ[38;2;211;135;0;48;2;224;167;0m▋[38;2;221;169;0;48;2;225;172;1mຍ[38;2;214;170;6;48;2;221;170;1mਫ਼[38;2;63;36;5;48;2;154;107;30mᖴ[38;2;133;49;20;48;2;167;40;11mၮ[38;2;173;36;10;48;2;170;36;6m⨆[38;2;171;34;8;48;2;173;36;10mᔖ[38;2;173;40;14;48;2;170;36;13mᣣ[38;2;174;39;13;48;2;168;39;13m⢰[38;2;88;14;8;48;2;165;39;11mᤕ[38;2;165;42;11;48;2;43;26;9m▃[38;2;166;40;16m▃[38;2;166;43;23m▃[38;2;162;38;24;48;2;63;28;16m᥇[38;2;167;37;9;48;2;174;34;13mპ[38;2;172;39;16;48;2;172;38;11m⟪[38;2;175;40;13;48;2;173;37;14m⠒[38;2;172;40;13;48;2;174;41;14mᰘ[38;2;106;42;36;48;2;171;41;14mᤜ[38;2;108;74;82;48;2;212;197;186m▍[38;2;216;199;188;48;2;210;187;175m⣉[38;2;224;207;195;48;2;216;200;184m⣉[38;2;230;212;200;48;2;216;200;187m⣉[38;2;237;219;207;48;2;230;212;193m⣉[38;2;233;214;193;48;2;239;221;209m⠲[38;2;240;222;208;48;2;229;216;194m⣉[48;2;232;219;199m⣉[38;2;229;215;199;48;2;240;222;208mϩ[38;2;240;222;208;48;2;233;218;202m⣉[38;2;229;211;196;48;2;240;222;208mϢ[38;2;240;222;208;48;2;234;218;200m⣉[38;2;239;221;209;48;2;231;216;201m⣉[38;2;236;218;206;48;2;229;212;194m⣉[38;2;220;203;191;48;2;228;211;199m─[38;2;214;201;188;48;2;224;208;196m─[38;2;214;198;187;48;2;206;192;182m⣻[38;2;182;166;160;48;2;35;22;7m▍[38;2;61;45;36;48;2;26;23;4mᤝ[38;2;142;139;5;48;2;74;51;41m▗[38;2;144;142;18;48;2;81;70;6mꘀ[38;2;148;145;13;48;2;145;142;9mፊ[38;2;144;144;12;48;2;149;142;7mᥥ[38;2;143;141;13;48;2;140;139;11mᢶ[38;2;144;142;9;48;2;146;143;10mȸ[38;2;143;143;13;48;2;141;140;11m᰻[38;2;144;144;16;48;2;143;139;15mⶎ[38;2;153;89;83;48;2;145;135;16m⢀[38;2;148;90;67;48;2;174;84;110mၮ[38;2;169;68;109;48;2;178;82;120mᢦ[38;2;167;70;109;48;2;117;65;88mᙸ[38;2;143;76;111;48;2;131;74;105mꢣ[38;2;98;60;83;48;2;102;72;100m▋[38;2;97;69;93;48;2;105;76;104m᪑[38;2;100;76;100;48;2;108;90;112m▋[38;2;111;100;121;48;2;109;94;115mຫ[38;2;111;99;119;48;2;115;102;124mꝩ[38;2;115;100;124;48;2;121;105;131m꣙[38;2;116;102;127;48;2;123;108;131m፣[0m
[38;2;190;129;33;48;2;47;38;12mᝥ[38;2;219;167;37;48;2;186;65;23mჄ[38;2;188;65;23;48;2;188;62;29mჄ[38;2;187;61;20;48;2;190;62;25m᯼[38;2;180;61;17;48;2;215;136;18mᜦ[38;2;191;61;14;48;2;226;173;4mᜏ[38;2;189;72;9;48;2;235;173;2mᘋ[38;2;224;175;0;48;2;211;135;13mꘀ[38;2;224;167;12;48;2;223;173;0m⢀[38;2;177;77;0m⣠[38;2;185;74;1;48;2;227;170;3mᵙ[38;2;217;175;1;48;2;183;78;1mᶐ[38;2;224;174;0;48;2;225;176;0m⢉[38;2;222;173;0;48;2;224;175;0mฒ[38;2;184;156;13;48;2;221;175;3mᤝ[38;2;180;156;17;48;2;142;150;68mᤝ[38;2;216;174;4;48;2;161;154;42m▋[38;2;199;163;15;48;2;223;171;0m▏[38;2;219;168;0;48;2;209;118;1mᙴ[38;2;220;165;0;48;2;205;118;3m⠉[38;2;217;167;0;48;2;200;108;8mᘺ[38;2;175;77;0;48;2;226;168;2m⣄[38;2;194;98;7;48;2;211;134;0m▃[38;2;206;134;7;48;2;221;168;2mƭ[38;2;223;169;3;48;2;222;169;0mҏ[38;2;166;42;2;48;2;219;165;1mᤝ[38;2;175;37;7;48;2;172;36;11mƩ[38;2;175;36;13;48;2;175;36;11mඋ[38;2;174;36;12;48;2;173;31;10mꕜ[38;2;170;34;11;48;2;175;37;15m⣁[38;2;171;37;12;48;2;169;34;10mꞼ[38;2;168;38;15;48;2;172;37;15m⡃[38;2;169;39;15;48;2;171;38;13m⣘[38;2;175;41;16;48;2;169;36;13m⠠[38;2;171;37;14;48;2;174;38;18mᦄ[38;2;173;33;14;48;2;169;32;10mᶐ[38;2;171;30;11;48;2;173;32;14mᒜ[38;2;173;33;7;48;2;173;34;12m▋[38;2;171;30;12;48;2;176;36;14mḯ[38;2;173;36;13;48;2;172;36;11mṕ[38;2;160;47;25;48;2;172;39;17mᢕ[38;2;158;57;48;48;2;212;197;186m▏[38;2;218;202;191;48;2;208;192;182m⣉[38;2;224;208;196;48;2;217;196;186m⣉[38;2;223;207;196;48;2;230;213;201m─[38;2;223;210;197;48;2;237;220;207m⠒[38;2;229;215;199;48;2;240;222;208m●[38;2;232;212;201;48;2;240;225;213mथ[38;2;234;218;201;48;2;239;227;213mኢ[38;2;232;212;201;48;2;240;222;208mथ[38;2;235;219;202m≃[38;2;237;221;205;48;2;232;219;198mᔄ[38;2;231;213;194;48;2;240;222;208mथ[38;2;232;212;195;48;2;239;221;209m⠖[38;2;235;217;205;48;2;233;215;193m⣉[38;2;223;208;191;48;2;225;209;197m●[38;2;217;201;185;48;2;223;207;195m⠒[38;2;215;200;181;48;2;212;198;179m⠅[38;2;177;165;156;48;2;28;17;5m▍[38;2;149;141;29;48;2;39;31;16m▗[38;2;144;143;12;48;2;122;116;34mꘀ[38;2;147;145;9;48;2;146;145;14mᢓ[38;2;146;143;14;48;2;144;142;8mॺ[38;2;145;145;13;48;2;142;143;11m੯[38;2;141;140;12;48;2;144;144;13m᥀[38;2;143;143;13;48;2;141;141;11m⑀[38;2;142;140;11;48;2;146;142;14mꤡ[38;2;136;128;36;48;2;142;143;16mᾧ[38;2;170;72;112;48;2;125;80;45mᨰ[38;2;174;71;114;48;2;162;69;109mҏ[38;2;175;68;116;48;2;159;62;108mꩶ[38;2;142;65;102;48;2;123;60;92mꖾ[38;2;147;67;105;48;2;116;63;92m▋[38;2;98;72;93;48;2;91;57;80mᤝ[38;2;88;62;82;48;2;100;72;98mᤝ[38;2;98;74;93;48;2;105;88;110m▋[38;2;106;88;111;48;2;112;97;117mʾ[38;2;119;103;129;48;2;113;98;123mប[38;2;114;100;122;48;2;116;102;124m⣔[38;2;124;107;134;48;2;117;102;125m៹[0m
[38;2;214;146;38;48;2;50;37;20mᶉ[38;2;184;71;19;48;2;229;178;28mᜏ[38;2;183;72;25;48;2;229;183;3mᙴ[38;2;197;112;7;48;2;229;180;1m⠉[38;2;226;180;0;48;2;223;158;19mꗹ[38;2;182;85;1;48;2;227;176;3m⎽[38;2;191;102;4;48;2;226;175;0m▃[38;2;187;84;4;48;2;225;172;3mȢ[38;2;190;112;2;48;2;224;171;8mᲾ[38;2;206;120;10;48;2;222;171;5m⠁[38;2;205;145;1;48;2;225;172;0m▖[38;2;221;167;3;48;2;225;173;2mᛧ[38;2;226;177;0;48;2;224;175;0mड[38;2;224;176;0;48;2;221;173;0mඩ[38;2;217;174;4;48;2;221;175;0mᤕ[38;2;189;161;21;48;2;147;150;68m▍[38;2;214;171;7;48;2;169;148;13mꩭ[38;2;177;154;13;48;2;221;168;0m▍[38;2;206;116;4;48;2;218;164;4mᙫ[38;2;189;93;7;48;2;199;107;8mᔄ[38;2;199;108;15;48;2;175;65;0mἢ[38;2;175;71;0;48;2;223;168;2m⠇[38;2;224;166;7;48;2;213;128;4m▍[38;2;224;170;2;48;2;218;148;3mᖸ[38;2;222;168;0;48;2;218;166;1mᾓ[38;2;174;43;6;48;2;225;158;21mᨭ[38;2;175;36;13;48;2;172;33;10mᤜ[38;2;173;31;13;48;2;175;40;17mꗭ[38;2;175;37;14;48;2;171;32;11mᎌ[38;2;174;33;16;48;2;169;39;12mᘺ[38;2;58;10;1;48;2;167;42;11m▗[38;2;168;33;12;48;2;42;23;9mᘺ[38;2;172;39;16mᘺ[38;2;168;36;14;48;2;26;18;3mᘺ[38;2;170;39;17;48;2;20;10;1mᘺ[38;2;167;33;9;48;2;26;15;3mᙓ[38;2;170;38;12;48;2;160;44;16mꗪ[38;2;174;34;12;48;2;173;31;10m෩[38;2;172;32;6;48;2;175;37;10m˺[38;2;173;36;12;48;2;177;39;15mἴ[38;2;179;43;21;48;2;173;39;16m▝[38;2;166;49;34;48;2;212;197;186m▋[38;2;206;182;173;48;2;215;199;189m⠒[38;2;215;199;178;48;2;224;208;196m⠲[38;2;222;205;185;48;2;229;212;200m●[38;2;237;219;207;48;2;226;211;192m⣉[38;2;239;221;209;48;2;231;216;197m⣉[38;2;240;222;208;48;2;234;217;203m⣉[48;2;232;214;202m⣉[48;2;232;212;202m⣉[48;2;232;210;197m⣉[48;2;233;215;202m⣉[38;2;233;215;199;48;2;240;222;208m●[38;2;238;221;208;48;2;231;213;196m⣉[38;2;232;215;202;48;2;223;201;188m⣉[38;2;225;209;197;48;2;220;201;183m⣉[38;2;221;205;193;48;2;216;200;179m⣉[38;2;210;192;176;48;2;212;196;181m╴[38;2;28;17;5;48;2;147;143;13mⴁ[38;2;147;143;13;48;2;62;56;7mꘀ[38;2;146;142;9;48;2;149;145;12m⠒[38;2;149;144;16;48;2;148;144;12m⪌[38;2;143;141;8;48;2;145;142;9mῥ[38;2;147;144;13;48;2;143;140;8m⣨[38;2;146;143;13;48;2;143;140;11mᦄ[38;2;149;146;13;48;2;145;142;11mᠤ[38;2;146;141;14;48;2;145;142;7mꞂ[38;2;132;73;80;48;2;145;138;20mᥥ[38;2;169;72;110;48;2;163;71;107mḵ[38;2;169;68;112;48;2;156;67;108mᨰ[38;2;152;60;102;48;2;170;65;112m▕[38;2;121;61;93;48;2;133;64;98mഝ[38;2;95;51;75;48;2;135;70;103m⢰[38;2;94;62;90;48;2;83;50;75mᤆ[38;2;102;72;97;48;2;97;65;88m⠖[38;2;111;89;116;48;2;102;71;94m᧸[38;2;113;98;119;48;2;108;95;115mቫ[38;2;116;100;124;48;2;113;98;121mⶃ[38;2;123;108;130;48;2;117;102;124mɭ[38;2;123;109;132;48;2;118;103;125m▕[0m
[38;2;50;37;20;48;2;50;37;20m [38;2;211;183;59;48;2;37;21;12mᕎ[38;2;221;177;4;48;2;59;40;36mᘺ[38;2;199;127;19;48;2;76;51;47mᜢ[38;2;183;79;9;48;2;224;175;0m⠉[38;2;225;170;13;48;2;184;88;1mᾚ[38;2;206;143;2;48;2;226;173;0m˞[38;2;220;164;7;48;2;194;115;0m⨅[38;2;199;131;7;48;2;222;169;5mߜ[38;2;222;173;2;48;2;215;157;3mᨨ[38;2;219;167;7;48;2;206;138;5mḒ[38;2;207;146;1;48;2;222;172;2mႼ[38;2;226;174;0;48;2;217;146;8m⣻[38;2;214;158;2;48;2;221;174;0mឮ[38;2;222;171;0;48;2;224;174;0m⢘[38;2;209;173;17;48;2;153;158;79m▋[38;2;173;150;27;48;2;214;167;3m▍[38;2;168;151;27;48;2;222;170;8m▋[38;2;206;126;3;48;2;219;171;0m⎽[38;2;205;128;0;48;2;219;169;1m⣀[38;2;202;122;0;48;2;220;169;0m⣀[38;2;211;133;0;48;2;219;169;1m▃[38;2;211;138;5;48;2;220;165;6m᥀[38;2;224;165;0;48;2;201;127;0m⢘[38;2;213;136;3;48;2;226;165;4m⢤[38;2;190;79;15;48;2;171;37;10mၮ[38;2;174;34;13;48;2;172;33;9mය[38;2;173;34;13;48;2;171;43;13mᚑ[38;2;173;43;16;48;2;170;39;14mᶮ[38;2;170;38;11;48;2;167;37;12mƋ[38;2;154;47;20;48;2;71;38;36m▍[38;2;42;23;9;48;2;68;44;44mᤜ[48;2;42;23;9m [38;2;40;25;11;48;2;32;20;3m▏[38;2;15;7;0;48;2;26;17;3m⠐[38;2;26;15;3;48;2;26;15;3m [38;2;25;16;0;48;2;166;38;13m▏[38;2;170;34;9;48;2;171;39;13mಧ[38;2;172;35;11;48;2;173;39;13mҍ[38;2;172;34;10;48;2;173;38;13m༱[38;2;174;39;13;48;2;174;40;17m࿂[38;2;212;197;186;48;2;171;42;21mᤕ[38;2;216;201;189;48;2;213;197;187mਫ਼[38;2;223;207;195;48;2;219;203;191mⳖ[38;2;227;211;204;48;2;226;210;200mᨠ[38;2;235;217;205;48;2;231;214;202m⫚[38;2;238;224;213;48;2;238;220;208mᨠ[38;2;240;222;208;48;2;239;227;213m⠋[48;2;240;222;208m   [38;2;239;221;209m⢀[38;2;237;219;207;48;2;239;221;209m▗[38;2;236;218;206;48;2;232;214;202mᘫ[38;2;230;213;201;48;2;226;209;197mᑋ[38;2;219;204;191;48;2;224;208;196mᠨ[38;2;214;198;187;48;2;219;203;192mᥥ[38;2;158;150;56;48;2;207;199;178m▗[38;2;168;158;93;48;2;154;150;13mၮ[38;2;150;146;12;48;2;151;148;15m˖[38;2;152;148;14;48;2;154;150;20mጋ[38;2;151;149;18;48;2;149;146;8mⶐ[38;2;146;142;9;48;2;147;145;10mҐ[38;2;146;144;15;48;2;149;145;12mቩ[38;2;147;145;13;48;2;150;146;14mᵢ[38;2;155;146;15;48;2;147;143;11m⎼[38;2;139;138;18;48;2;149;142;13mԳ[38;2;131;65;66;48;2;146;141;9mᘺ[38;2;173;74;109;48;2;148;141;15mᘺ[38;2;166;68;105;48;2;151;142;18mᘺ[38;2;169;76;106;48;2;145;140;18mᘺ[38;2;134;63;83;48;2;149;141;18mᘺ[38;2;92;65;75;48;2;147;139;10mᘺ[38;2;85;62;53;48;2;98;71;94m▍[38;2;98;70;92;48;2;100;72;100m᪑[38;2;105;78;102;48;2;111;94;123m▋[38;2;108;92;113;48;2;115;100;122mꠕ[38;2;122;104;127;48;2;116;102;123m⢈[38;2;122;106;131;48;2;118;100;125mኈ[38;2;123;108;129;48;2;117;102;125mⶦ[0m
[38;2;53;39;25;48;2;41;31;14m▋[38;2;34;27;8;48;2;30;22;4mߨ[38;2;61;34;37;48;2;40;26;13mᥗ[38;2;75;48;52;48;2;94;62;80m▍[38;2;208;156;9;48;2;102;72;93mฑ[38;2;226;174;10;48;2;210;145;7mḖ[38;2;203;138;0;48;2;228;158;14m⡆[38;2;183;113;2;48;2;221;172;0mᤝ[38;2;210;150;5;48;2;227;167;12m╲[38;2;218;165;12;48;2;193;119;14mⳐ[38;2;214;145;7;48;2;218;170;0mఽ[38;2;221;168;4;48;2;202;134;7mጿ[38;2;201;140;0;48;2;225;166;11mᛙ[38;2;213;149;1;48;2;219;170;3m┐[38;2;224;175;0;48;2;221;172;0mၿ[38;2;157;158;68;48;2;216;168;0mᤝ[38;2;156;145;46;48;2;201;170;10m▋[38;2;208;133;9;48;2;192;161;16m⠉[38;2;220;169;1;48;2;203;121;0mύ[38;2;222;152;8;48;2;206;113;9m༟[38;2;225;168;10;48;2;201;115;7mᙢ[38;2;224;170;2;48;2;197;118;3mᜠ[38;2;177;84;3;48;2;217;169;3m⎽[38;2;215;159;5;48;2;199;114;3mᦇ[38;2;173;47;3;48;2;221;164;0mᤝ[38;2;173;38;13;48;2;171;34;6mḮ[38;2;172;40;18;48;2;171;36;9m᧵[38;2;170;40;13;48;2;171;41;15m⣒[38;2;171;41;13;48;2;171;43;18mὪ[38;2;138;42;27;48;2;166;34;14m▕[38;2;67;44;44;48;2;64;26;18mᰁ[38;2;61;37;43;48;2;69;45;55mᣂ[38;2;42;23;9;48;2;61;41;39m⫚[38;2;24;16;2;48;2;32;24;9m༸[38;2;23;18;3;48;2;38;23;10mⱧ[38;2;29;19;3;48;2;25;16;0mᤉ[38;2;25;16;0;48;2;164;39;16m▍[38;2;169;40;9;48;2;170;38;14mʬ[38;2;175;41;17;48;2;171;36;11mʗ[38;2;170;37;13;48;2;173;39;15mᶪ[38;2;173;39;17;48;2;174;41;13mᡅ[38;2;177;48;19;48;2;175;41;15mᢕ[38;2;177;51;20;48;2;212;197;186m▏[38;2;216;200;190;48;2;222;206;194m▋[38;2;225;209;197;48;2;226;212;201mᠽ[38;2;229;212;200;48;2;233;216;203m▋[38;2;239;225;213;48;2;237;223;211mⰎ[38;2;240;225;211;48;2;240;228;214mय़[38;2;240;227;213;48;2;240;222;208mኮ[38;2;240;222;208m  [38;2;238;220;208;48;2;239;221;209m៦[38;2;237;219;207;48;2;234;216;204mᑍ[38;2;229;212;200;48;2;226;210;198m▍[38;2;220;204;192;48;2;224;208;196m▗[38;2;214;197;185;48;2;219;203;191mᥥ[38;2;146;137;52;48;2;210;194;182m▗[38;2;157;149;18;48;2;206;196;153mꘀ[38;2;150;146;10;48;2;154;148;17mᦶ[38;2;151;147;13;48;2;154;150;17mộ[38;2;144;140;3;48;2;152;148;13mʮ[38;2;148;145;3;48;2;150;146;13mԳ[38;2;152;145;12;48;2;147;143;9mᠭ[38;2;149;145;12;48;2;153;147;15mⱣ[38;2;151;147;14;48;2;151;146;12mᑾ[38;2;150;145;12;48;2;153;146;13m⁹[38;2;151;144;10;48;2;154;147;14mꮉ[38;2;158;150;18;48;2;153;146;12m⣀[38;2;147;143;9;48;2;150;145;13mᘺ[38;2;145;140;11;48;2;150;146;15m⠈[38;2;152;147;20;48;2;149;144;14m˥[38;2;149;142;13;48;2;151;144;14mꮹ[38;2;150;145;21;48;2;149;144;13mҏ[38;2;138;131;48;48;2;97;75;89m▍[38;2;97;74;98;48;2;102;78;102mዘ[38;2;105;80;106;48;2;111;97;120m▋[38;2;117;100;123;48;2;109;94;117mḦ[38;2;120;107;124;48;2;116;102;124m⡀[38;2;121;106;131;48;2;115;100;123m᧴[38;2;118;104;125;48;2;121;106;128mṇ[0m
[38;2;55;41;28;48;2;39;30;12m▍[38;2;36;21;6;48;2;40;25;13mᕕ[38;2;42;22;15;48;2;61;41;39m▋[38;2;81;47;60;48;2;85;58;76m⠇[38;2;104;80;85;48;2;104;75;100mᢿ[38;2;154;127;39;48;2;218;155;16m▍[38;2;203;138;0;48;2;221;166;15mየ[38;2;226;167;6;48;2;224;173;3mᤝ[38;2;219;176;8;48;2;209;149;6m⋀[38;2;221;167;1;48;2;178;103;0mꗾ[38;2;216;164;8;48;2;209;146;10mⳜ[38;2;220;168;4;48;2;203;134;9mꭞ[38;2;221;171;4;48;2;213;147;9mጟ[38;2;214;157;9;48;2;222;167;10m߀[38;2;220;162;4;48;2;223;174;0mႴ[38;2;181;153;22;48;2;222;173;0mᤕ[38;2;148;154;61;48;2;214;172;9m⠇[38;2;216;174;0;48;2;170;154;27mḗ[38;2;206;120;11;48;2;211;158;15mⴞ[38;2;194;97;7;48;2;204;112;9mϽ[38;2;185;73;9;48;2;206;114;13mᘺ[38;2;211;112;17;48;2;178;61;9m⢆[38;2;178;85;2;48;2;228;167;5m⎺[38;2;219;162;2;48;2;209;123;0mᶮ[38;2;221;167;0;48;2;221;167;0m [38;2;166;57;5;48;2;221;170;0m⠉[38;2;154;46;1;48;2;216;170;0m⠉[38;2;153;43;4;48;2;218;166;0m⠉[38;2;164;36;9;48;2;95;63;74m⠉[38;2;156;34;14;48;2;64;45;39m⠁[38;2;80;55;60;48;2;65;41;40m‴[38;2;61;39;34;48;2;76;51;55mᤘ[38;2;66;41;44;48;2;53;36;25m▋[38;2;53;36;22;48;2;34;20;12mꢙ[38;2;40;21;12;48;2;55;38;26mꮷ[38;2;48;30;19;48;2;38;21;6m┍[38;2;42;24;9;48;2;169;39;14m▋[38;2;168;38;14;48;2;167;36;13mⲉ[38;2;170;37;12;48;2;172;40;15m⡒[38;2;172;36;13;48;2;173;40;16mᏐ[38;2;173;39;16;48;2;174;41;16mढ़[38;2;176;45;20;48;2;174;39;16mᩈ[38;2;171;53;28;48;2;212;197;186m▍[38;2;208;197;186;48;2;220;204;192m▍[38;2;224;208;196;48;2;225;209;197m▋[38;2;229;211;199;48;2;233;216;204m▋[38;2;236;218;206;48;2;238;221;208m▍[38;2;239;221;209;48;2;240;222;208m▍[38;2;240;222;208m [38;2;240;223;209;48;2;240;227;213m᳆[38;2;240;227;213;48;2;240;222;208mⲏ[38;2;238;220;208;48;2;239;221;209mᤝ[38;2;231;214;201;48;2;235;217;205mᤝ[38;2;228;210;198;48;2;225;209;197m▍[38;2;218;202;190;48;2;223;207;195mᤝ[38;2;213;196;180;48;2;216;201;178mǟ[38;2;212;194;180;48;2;160;150;27m⣁[48;2;152;147;18m⣀[38;2;57;52;6;48;2;147;145;14m⣀[48;2;154;145;14m⣀[38;2;58;43;30;48;2;154;150;13m⣀[38;2;61;41;13;48;2;151;147;14m⣀[38;2;46;20;18;48;2;151;144;8m⣀[38;2;85;46;62;48;2;149;145;10m⣀[48;2;154;147;14m⣀[38;2;100;59;63;48;2;154;147;15m⣀[38;2;105;58;76;48;2;151;144;13m⣀[38;2;153;72;100;48;2;149;147;14m▃[38;2;153;70;105;48;2;150;146;15m▃[38;2;176;69;113;48;2;151;145;15m▃[38;2;136;81;100;48;2;158;142;25m▃[38;2;105;54;73;48;2;151;145;10m⣤[38;2;100;66;76m⣤[38;2;85;62;53;48;2;102;75;91mჄ[38;2;102;73;100;48;2;109;83;110mኆ[38;2;104;80;106;48;2;117;100;122m▍[38;2;116;100;121;48;2;110;94;114m▍[38;2;122;110;132;48;2;118;106;127m╹[38;2;121;107;132;48;2;116;102;126mᨦ[38;2;128;114;135;48;2;119;105;128m៨[0m
[38;2;59;43;29;48;2;39;32;13m▍[38;2;39;29;10;48;2;49;36;23mᘡ[38;2;73;43;49;48;2;54;30;24mᤝ[38;2;84;49;62;48;2;88;56;72mႸ[38;2;114;93;110;48;2;106;71;100mᱍ[38;2;114;83;53;48;2;211;148;24m▍[38;2;196;126;10;48;2;217;163;11m⠂[38;2;215;150;7;48;2;224;174;2m▖[38;2;234;170;17;48;2;195;126;1mḈ[38;2;222;166;6;48;2;209;137;18mᨐ[38;2;208;145;12;48;2;219;173;0mⰹ[38;2;223;162;11;48;2;210;143;12mꢉ[38;2;223;170;8;48;2;200;139;4m⨌[38;2;213;152;5;48;2;228;169;7mồ[38;2;218;160;5;48;2;222;172;1mၮ[38;2;222;173;0;48;2;224;175;0mꢟ[38;2;223;175;2m [38;2;194;113;8;48;2;225;174;0m⠈[38;2;204;131;7;48;2;226;174;3mṶ[38;2;228;158;22;48;2;193;80;10m⡲[38;2;167;72;0;48;2;222;167;2m⡉[38;2;219;171;0;48;2;187;97;3mᾚ[38;2;224;170;0;48;2;226;175;1mᜦ[38;2;206;134;0;48;2;223;171;0m⠈[38;2;222;157;4;48;2;221;171;0mၮ[38;2;221;172;0;48;2;224;172;0mꖎ[38;2;216;169;0;48;2;219;171;0m⎼[38;2;92;60;46;48;2;215;167;0m▕[38;2;100;71;82;48;2;92;60;46mഄ[38;2;58;37;32;48;2;85;58;73mჄ[38;2;84;55;68;48;2;73;47;53mߥ[38;2;83;63;67;48;2;72;48;50m⢀[38;2;71;52;56;48;2;60;39;31mꡃ[38;2;59;37;31;48;2;68;49;47mᚅ[38;2;42;27;15;48;2;57;37;33m᧷[38;2;38;20;7;48;2;48;31;18m᪤[38;2;144;40;19;48;2;41;25;7mᢕ[38;2;50;31;21;48;2;162;43;23m⣤[38;2;58;41;29;48;2;168;39;14m⣤[38;2;65;42;36;48;2;177;42;20m⣤[38;2;177;43;21;48;2;211;194;182mᘺ[38;2;171;43;14;48;2;212;195;183m⠉[38;2;213;198;187;48;2;218;202;191mᜣ[38;2;223;207;195;48;2;217;202;190mᩄ[38;2;227;212;200;48;2;226;209;197mꞪ[38;2;235;217;205;48;2;230;213;201mᥠ[38;2;239;221;209;48;2;237;219;207mᥠ[38;2;240;222;208;48;2;239;221;209mⰮ[48;2;240;222;208m   [38;2;239;221;209mᖴ[38;2;234;216;204;48;2;237;219;207mฑ[38;2;228;211;199;48;2;232;215;203m⠹[38;2;226;209;197;48;2;227;209;188m⣆[38;2;217;201;185;48;2;223;207;195mᙸ[38;2;221;204;186;48;2;216;200;181m▖[38;2;111;93;92;48;2;213;194;181m▕[38;2;53;37;22;48;2;97;73;82mᤝ[38;2;50;35;19;48;2;36;21;9m␞[38;2;25;21;2;48;2;56;39;30m▋[38;2;68;42;41;48;2;57;36;28m▗[38;2;63;40;38;48;2;56;32;25mᗏ[38;2;115;61;86;48;2;91;50;66m╷[38;2;82;45;55;48;2;104;60;77mₗ[38;2;82;49;59;48;2;98;56;78m൴[38;2;114;57;88;48;2;143;72;105mჄ[38;2;163;72;111;48;2;143;66;102m⢤[38;2;169;63;107;48;2;149;68;100m᥇[38;2;173;66;114;48;2;178;67;116mႹ[38;2;137;65;98;48;2;172;69;110m᧸[38;2;107;57;83;48;2;146;66;106m▋[38;2;119;59;90;48;2;92;59;77mⵤ[38;2;105;73;102;48;2;102;69;95mᘣ[38;2;100;74;107;48;2;109;81;107mব[38;2;107;88;112;48;2;118;103;126mᶮ[38;2;119;106;126;48;2;109;95;110m▋[38;2;116;104;124;48;2;124;111;131mᓟ[38;2;114;104;121;48;2;123;111;133m▍[38;2;128;116;136;48;2;122;108;130mᥔ[0m
[38;2;60;46;32;48;2;43;29;13m▋[38;2;49;30;17;48;2;40;26;10mᤜ[38;2;63;37;39;48;2;54;34;26mⰺ[38;2;92;57;74;48;2;84;47;65m᭒[38;2;123;100;117;48;2;106;80;98mᤝ[38;2;133;113;93;48;2;220;174;29m▋[38;2;213;154;9;48;2;222;165;11mꝝ[38;2;227;172;1;48;2;212;143;11mᥫ[38;2;217;153;10;48;2;226;176;0mᤜ[38;2;222;165;6;48;2;210;148;4mᶡ[38;2;213;144;5;48;2;231;171;2m᧥[38;2;225;165;10;48;2;215;145;15mꫴ[38;2;204;131;2;48;2;219;152;11m⠈[38;2;215;153;11;48;2;226;168;16mⲑ[38;2;201;136;5;48;2;225;174;4m⠂[38;2;226;173;3;48;2;223;177;0m⢀[38;2;213;142;10;48;2;221;176;0m⎽[38;2;209;137;7;48;2;225;176;0m⎽[38;2;220;175;0;48;2;224;178;0m᧩[38;2;224;172;2;48;2;224;175;0mਞ[38;2;206;122;10;48;2;222;173;1mข[38;2;202;128;2;48;2;222;171;0mꢛ[38;2;231;176;2;48;2;226;174;0mǝ[38;2;224;174;0;48;2;225;176;0mও[38;2;224;172;0;48;2;224;175;0mᘺ[38;2;226;177;0;48;2;224;174;0mȃ[38;2;222;172;0;48;2;223;176;1m⠉[38;2;219;172;5;48;2;85;58;60mᑬ[38;2;76;55;51mႴ[38;2;98;66;88;48;2;88;59;75m༖[38;2;72;45;49;48;2;89;60;75mᥥ[38;2;77;52;62;48;2;61;41;41mꗋ[38;2;61;42;43;48;2;51;33;26mᗴ[38;2;49;36;22;48;2;63;47;41mᩄ[38;2;45;26;16;48;2;53;37;27mḔ[38;2;26;19;1;48;2;44;28;20m▖[38;2;43;27;15;48;2;31;23;6mၷ[38;2;62;40;37;48;2;47;32;19m᧸[38;2;50;28;22;48;2;70;44;46mᥠ[38;2;170;148;144;48;2;58;45;28mᤝ[38;2;211;197;191;48;2;212;197;186mȃ[38;2;222;206;194;48;2;217;201;189mᱶ[38;2;223;207;195;48;2;225;209;197mᘝ[38;2;225;211;199;48;2;229;218;206mᜏ[38;2;230;213;201;48;2;236;218;206mᘝ[38;2;236;218;206;48;2;239;221;208mᑋ[38;2;239;221;209;48;2;240;222;208mᑋ[38;2;238;220;208mᤕ[38;2;240;227;213;48;2;240;228;213mᜈ[38;2;240;222;208;48;2;240;222;208m [38;2;241;226;214mன[38;2;240;222;208;48;2;240;226;214m⫻[38;2;239;221;209;48;2;240;222;208mꮾ[38;2;235;217;205;48;2;238;220;207m⫚[38;2;232;214;202;48;2;228;211;199m⡆[38;2;224;207;190;48;2;224;208;196mዜ[38;2;215;199;182;48;2;220;204;192m⟫[38;2;116;90;100;48;2;208;195;180mᤝ[38;2;104;81;90;48;2;64;45;43m▋[38;2;46;28;21;48;2;65;45;37m⨅[38;2;22;16;0;48;2;47;36;21m▋[38;2;65;45;38;48;2;55;37;25m⫈[38;2;61;40;36;48;2;65;43;40mẽ[38;2;113;63;86;48;2;85;42;60m⅃[38;2;81;47;55;48;2;102;66;78m⨅[38;2;83;48;59;48;2;112;71;89m▍[38;2;141;64;94;48;2;147;71;105m▝[38;2;155;70;111;48;2;168;70;113mꠒ[38;2;176;68;120;48;2;173;66;114mų[38;2;176;68;117;48;2;179;72;118mద[38;2;174;76;115;48;2;140;71;98m▋[38;2;146;72;106;48;2;121;69;91m⫫[38;2;132;66;100;48;2;102;61;83m▍[38;2;102;71;98;48;2;107;75;105m┩[38;2;105;77;107;48;2;111;88;113mꛡ[38;2;118;107;128;48;2;114;95;117m⫭[38;2;121;105;131;48;2;112;102;120m▘[38;2;120;107;129;48;2;123;110;132mҭ[38;2;115;102;124;48;2;124;111;132mꤰ[38;2;122;108;131;48;2;127;113;136mẄ[0m
[38;2;64;50;34;48;2;43;36;18m▍[38;2;41;30;15;48;2;33;24;9mᗎ[38;2;53;32;29;48;2;44;21;20mᏕ[38;2;70;45;50;48;2;78;47;61mꚨ[38;2;90;60;85;48;2;112;88;109m▍[38;2;151;128;118;48;2;213;176;51m▋[38;2;223;171;10;48;2;221;157;8mꟺ[38;2;209;142;7;48;2;231;173;11m⳹[38;2;222;165;20;48;2;226;173;2m⡀[38;2;198;127;8;48;2;225;168;11mᱳ[38;2;219;159;5;48;2;229;171;5mҚ[38;2;228;169;8;48;2;209;135;6mẛ[38;2;209;126;17;48;2;218;151;14mᢗ[38;2;201;121;12;48;2;221;156;16m⡂[38;2;209;144;3;48;2;225;174;1mႴ[38;2;203;120;23;48;2;225;167;6mᨭ[38;2;210;122;24;48;2;207;117;23mꭲ[38;2;208;125;18;48;2;210;125;22mᴵ[38;2;223;169;3;48;2;208;136;10mᠵ[38;2;191;94;7;48;2;226;170;12mꛓ[38;2;222;175;0;48;2;221;169;6mᜢ[38;2;217;149;17;48;2;226;174;5mᢕ[38;2;194;111;12;48;2;220;172;5mꢝ[38;2;214;169;5;48;2;225;173;0m⢀[38;2;222;173;3;48;2;222;175;0m៩[38;2;125;98;40;48;2;218;174;3m⢀[38;2;218;172;1;48;2;65;38;21mᙸ[38;2;72;55;49;48;2;201;164;55mꘀ[38;2;74;47;46;48;2;77;48;58mሞ[38;2;59;34;36;48;2;75;49;58m᧸[38;2;47;28;21;48;2;55;33;29m─[38;2;59;38;29;48;2;49;30;20m⣁[38;2;50;32;21;48;2;38;22;11mᘪ[38;2;39;22;11;48;2;48;31;21m⡚[38;2;49;37;20;48;2;42;23;15mᢛ[38;2;38;27;10;48;2;27;18;3m⠉[38;2;34;19;6;48;2;24;17;2m⡘[38;2;56;37;28;48;2;40;25;11mᙢ[38;2;32;18;5;48;2;39;24;11mϞ[38;2;211;192;191;48;2;62;45;34mᤝ[38;2;216;201;190;48;2;213;197;186mᤝ[38;2;224;208;196;48;2;220;204;193mᱶ[48;2;229;212;200m▊[38;2;234;216;204;48;2;234;223;210m⡤[38;2;239;221;209;48;2;238;226;213mᠯ[38;2;240;221;209;48;2;240;225;213m⠒[38;2;241;226;215;48;2;240;222;208m⠨[38;2;240;222;208m [38;2;241;231;215;48;2;240;227;213mҐ[38;2;240;222;208m᧲⢀[48;2;240;222;208m [38;2;239;221;209;48;2;239;218;202m⨅[38;2;237;219;207;48;2;239;221;208mᤝ[38;2;234;216;204;48;2;229;212;200m▋[38;2;236;220;209;48;2;226;210;198m▗[38;2;219;202;191;48;2;232;214;202mᘺ[38;2;153;133;134;48;2;223;206;195mᢕ[38;2;88;64;65;48;2;224;207;195m⠉[38;2;75;49;46m⠉[38;2;41;28;16;48;2;230;209;199m⠉[48;2;224;211;195m⠉[38;2;61;44;38;48;2;230;209;192m⠉[38;2;112;62;81;48;2;230;208;197m⠉[48;2;232;210;198m⠉[48;2;229;211;197m⎺[38;2;146;68;98;48;2;234;208;195m⎺[48;2;229;210;197m⎺[38;2;166;75;111;48;2;231;207;201m⎺[48;2;230;209;192m⎺[38;2;146;85;105;48;2;225;206;197m⎺[38;2;166;75;111;48;2;222;203;190m⎺[38;2;145;131;123;48;2;34;29;11m⡀[38;2;100;79;94;48;2;19;16;0m⠉[38;2;97;79;93;48;2;19;16;3m⠉[38;2;90;77;90;48;2;16;12;2m⠉[38;2;63;53;56;48;2;13;13;0m⠉[38;2;50;42;41;48;2;17;12;1m⎺[38;2;121;108;128;48;2;26;19;6m⫚[38;2;119;105;124;48;2;127;110;133m▍[0m
[38;2;72;55;41;48;2;43;34;16m▍[38;2;34;25;10;48;2;37;28;11m꧋[38;2;41;23;14;48;2;47;27;20m⣅[38;2;64;40;39;48;2;73;42;64m⡆[38;2;111;83;102;48;2;95;62;86mᱩ[38;2;215;183;52;48;2;110;89;98mᤝ[38;2;218;155;10;48;2;222;175;5m૩[38;2;221;167;6;48;2;217;156;6mꜷ[38;2;213;157;10;48;2;225;167;7m⃀[38;2;215;152;9;48;2;223;170;9mƧ[38;2;229;175;9;48;2;211;147;22m‿[38;2;207;137;1;48;2;227;171;7mꢄ[38;2;229;173;12;48;2;214;152;10m┰[38;2;222;160;7;48;2;229;168;10mᛩ[38;2;227;177;0;48;2;226;175;0mႦ[38;2;208;137;9;48;2;224;175;0m⫀[38;2;211;127;21;48;2;222;171;1mᜀ[38;2;181;105;2;48;2;213;133;21m⢀[38;2;226;159;26;48;2;178;75;2mᚑ[38;2;174;66;13;48;2;215;142;21mບ[38;2;226;160;23;48;2;220;173;0mႴ[38;2;221;174;0;48;2;222;175;0mᯎ[38;2;202;131;8;48;2;224;175;2mᢕ[38;2;49;26;15;48;2;216;148;16m⢀[38;2;213;171;16;48;2;38;18;2mᙸ[38;2;40;19;15;48;2;173;147;52mꘀ[38;2;53;34;23;48;2;62;41;36m▍[38;2;56;36;36;48;2;68;49;53m▋[38;2;73;48;56;48;2;79;53;62mᦄ[38;2;57;37;32;48;2;70;48;50mຂ[38;2;64;43;40;48;2;57;39;36m⊻[38;2;65;49;45;48;2;56;36;33mᐄ[38;2;32;19;10;48;2;43;28;20mᱏ[38;2;52;39;23;48;2;36;20;9m᧶[38;2;41;30;20;48;2;23;17;6m▋[38;2;28;22;6;48;2;21;16;1m࿅[38;2;26;17;2;48;2;36;22;8mᙨ[38;2;30;20;7;48;2;38;23;10mᓪ[38;2;40;25;14;48;2;48;31;19mꩊ[38;2;67;49;42;48;2;212;196;192m▋[38;2;219;203;192;48;2;214;198;188mᤝ[38;2;225;213;201;48;2;223;207;195mᣂ[38;2;231;213;202;48;2;226;209;197mᤝ[38;2;237;224;212;48;2;233;221;210mᱶ[38;2;240;225;214;48;2;239;221;209m⨅[38;2;240;227;214;48;2;240;228;216mᑓ[38;2;240;227;215;48;2;239;229;217mᰋ[38;2;239;225;213;48;2;240;226;216mᚿ[38;2;239;225;215;48;2;240;229;216mᔣ[38;2;240;222;208;48;2;240;227;213mᵴ[48;2;240;228;213mᖜ[38;2;241;226;213;48;2;240;224;212mᜎ[38;2;240;222;208;48;2;240;219;207mḖ[38;2;239;221;209;48;2;240;222;208mᖴ[38;2;235;217;205;48;2;238;220;208mᖦ[38;2;233;221;209;48;2;229;218;206mᡤ[38;2;228;215;202;48;2;231;217;204mར[38;2;225;209;197;48;2;229;212;201mಸ[38;2;224;208;196;48;2;228;211;199mহহ[38;2;219;203;184;48;2;227;210;198mɾ[38;2;207;188;173;48;2;227;211;199mʮ[38;2;224;208;196;48;2;229;212;200mহ[38;2;221;204;188;48;2;228;212;200mय[38;2;219;203;188;48;2;226;210;198m⁻[38;2;225;206;193;48;2;225;209;197mዡ[38;2;224;201;190;48;2;225;208;196mƓ[38;2;230;213;201;48;2;224;208;196m⎺[38;2;223;204;186;48;2;224;207;196m⎽[38;2;230;213;201;48;2;224;207;195mካ[38;2;220;202;190;48;2;224;207;196mष[38;2;214;195;186;48;2;220;199;191mỮ[38;2;36;32;11;48;2;211;195;186m⫚[38;2;22;21;2;48;2;19;18;0mᝏ[38;2;19;15;2;48;2;17;12;0mᬟ[38;2;20;15;0;48;2;18;12;0mও[38;2;22;19;2;48;2;14;12;0m▏[38;2;19;18;4;48;2;15;13;0mꤷ[38;2;64;57;59;48;2;20;20;3m⣈[38;2;118;105;127;48;2;97;88;102m⣻[0m
[38;2;45;36;19;48;2;57;45;29mᤝ[38;2;41;25;13;48;2;36;24;9m⟬[38;2;49;28;24;48;2;40;21;13mᦍ[38;2;67;43;45;48;2;53;31;25m⫚[38;2;93;63;77;48;2;77;51;56m⫚[38;2;66;56;39;48;2;90;70;76mՁ[38;2;219;172;0;48;2;121;113;93mᖜ[38;2;220;177;3;48;2;104;89;61mᜀ[38;2;224;172;4;48;2;144;128;36mᜠ[38;2;221;177;2;48;2;216;159;13mয়[38;2;218;157;8;48;2;224;173;1m⠙[38;2;207;136;12;48;2;231;176;9mߔ[38;2;220;164;4;48;2;231;179;1m၌[38;2;219;158;7;48;2;228;179;0mᚗ[38;2;226;176;3;48;2;227;177;0mၮ[38;2;226;175;0;48;2;229;178;2mᣞ[38;2;226;177;0;48;2;224;174;0mऐ[38;2;233;171;18;48;2;224;175;1mৠ[38;2;223;162;15;48;2;221;175;1m⎺[38;2;222;174;1;48;2;225;174;15mꘀ[38;2;215;174;36;48;2;215;170;0m⢀[38;2;217;171;5;48;2;72;52;32mᜦ[38;2;210;177;30;48;2;45;40;19mᘗ[38;2;45;31;8;48;2;45;31;8m [38;2;37;26;11;48;2;30;20;6m▍[38;2;46;26;19;48;2;31;21;6mᨰ[38;2;53;37;24;48;2;43;26;15mᛘ[38;2;76;51;55;48;2;59;37;36m⠸[38;2;63;42;43;48;2;72;48;51m᧦[38;2;69;42;48;48;2;63;38;42mὼ[38;2;68;46;49;48;2;55;39;32mᥠ[38;2;61;41;41;48;2;70;51;53m⠉[38;2;50;30;26;48;2;65;55;46mᘺ[38;2;58;39;33;48;2;40;23;16mḔ[38;2;45;26;17;48;2;56;38;33mⰿ[38;2;36;22;14;48;2;31;19;6mᝍ[38;2;34;19;8;48;2;43;28;13mᢚ[38;2;43;22;11;48;2;59;38;23mᘶ[38;2;61;39;33;48;2;53;31;26mᣈ[38;2;73;56;54;48;2;212;197;186m▍[38;2;214;199;188;48;2;220;204;192m▋[38;2;227;213;202;48;2;224;208;196mᤕ[38;2;227;211;199;48;2;232;219;208m▍[38;2;235;224;211;48;2;238;227;214m▍[38;2;240;226;214;48;2;239;225;215mᱶ[38;2;239;227;219;48;2;239;226;217mᲡ[38;2;239;229;217;48;2;240;229;215mⵔ[38;2;239;226;211;48;2;240;226;214mᛛ[38;2;240;222;208m⎽[38;2;240;226;214;48;2;240;222;208mන[38;2;240;227;214m୵[38;2;237;222;209;48;2;240;227;213mƼ[38;2;239;224;211mꙉ[38;2;239;222;210m┰[38;2;239;223;211;48;2;239;225;213m┴[38;2;239;224;211;48;2;239;221;209mᘏ[38;2;238;226;214;48;2;237;219;206m⠬[38;2;232;219;207;48;2;237;223;212m⢉[38;2;234;218;208;48;2;235;222;211mṕ[38;2;232;215;203;48;2;235;223;211mꬮ[38;2;228;211;199;48;2;233;215;203m⣀[38;2;232;215;203;48;2;227;210;196mᙍ[38;2;223;206;195;48;2;229;213;201m⣀[38;2;225;208;197;48;2;229;212;200m⣢[38;2;227;209;198;48;2;224;208;196mᙿ[38;2;225;209;197mᚌ[38;2;224;208;196;48;2;223;206;194mস[38;2;221;205;193;48;2;224;208;196m⣀[38;2;224;207;196;48;2;219;204;195mᚋ[38;2;215;199;187;48;2;223;206;195m▃[38;2;213;197;186;48;2;222;206;194m⣤[38;2;217;197;187;48;2;213;194;184m▘[38;2;36;32;11;48;2;207;194;185mᤝ[48;2;25;19;4m⡀[38;2;20;16;2;48;2;17;13;2m᥇[38;2;18;13;1;48;2;21;15;1mၷ[38;2;10;11;0;48;2;15;12;0mᢏ[38;2;109;98;106;48;2;20;13;2mᤝ[38;2;109;97;112;48;2;112;98;124m▏[38;2;118;103;126;48;2;116;102;125m₈[0m
[38;2;63;47;34;48;2;56;42;27mሣ[38;2;39;27;11;48;2;47;29;17m╀[38;2;47;28;19;48;2;41;22;12mⰩ[38;2;49;29;21;48;2;67;43;43m▍[38;2;94;65;82;48;2;74;51;55mᤝ[38;2;102;93;90;48;2;85;76;65mꢦ[38;2;111;117;90;48;2;98;98;65m┙[38;2;109;112;72;48;2;121;137;95mዜ[38;2;140;151;93;48;2;128;136;84mᶌ[38;2;173;147;42;48;2;134;136;73m⠈[38;2;217;176;6;48;2;135;147;62m⠉[38;2;223;175;0;48;2;132;141;61mᙢ[38;2;146;151;78;48;2;225;181;4m▃[38;2;167;144;52;48;2;226;180;0m⣀[38;2;168;150;33;48;2;228;179;0m⎽[38;2;143;135;50;48;2;222;172;0m⎽[38;2;137;139;66;48;2;224;175;0m⣀[38;2;134;132;77;48;2;224;174;0m▃[38;2;219;174;0;48;2;118;119;91mᚌ[38;2;219;176;21;48;2;76;67;51m⠉[38;2;70;47;44;48;2;204;173;68mᾚ[38;2;68;46;38;48;2;71;55;48mᘷ[38;2;60;43;32;48;2;43;26;15m▋[38;2;43;28;16;48;2;53;40;23mᙢ[38;2;32;23;7;48;2;37;27;9m⪚[38;2;56;37;26;48;2;45;28;19mᡲ[38;2;58;39;32;48;2;36;23;7m៦[38;2;57;39;40;48;2;71;46;50mꕲ[38;2;67;43;47;48;2;71;48;53mᐫ[38;2;77;51;59;48;2;69;43;46mՊ[38;2;77;58;63;48;2;73;46;58m⣰[38;2;81;75;70;48;2;66;56;58m⣀[38;2;76;65;58;48;2;68;60;53mᤒ[38;2;56;38;31;48;2;71;56;51mᚈ[38;2;44;29;19;48;2;55;40;30m᪒[38;2;39;24;13;48;2;29;16;7m⢁[38;2;39;22;10;48;2;45;34;16mꗘ[38;2;56;38;30;48;2;47;32;24mᥥ[38;2;54;37;25;48;2;62;44;34m꧊[38;2;73;56;54;48;2;209;196;193m▍[38;2;216;199;188;48;2;221;205;194m▋[38;2;225;210;198;48;2;224;211;201mዱ[38;2;227;211;199;48;2;232;220;208m▍[38;2;237;225;213;48;2;235;223;211mⳘ[38;2;237;223;211;48;2;239;225;214mι[38;2;238;220;207;48;2;240;229;214m⣠[38;2;238;220;208;48;2;240;228;214m⣤[38;2;239;225;212;48;2;238;221;208mᜈ[38;2;240;228;214;48;2;234;222;210mᜏ[38;2;232;219;206;48;2;239;226;213m⣤[38;2;232;215;203;48;2;238;220;207m▃[38;2;238;220;207;48;2;230;213;201mᚇ[38;2;230;212;200;48;2;237;220;207m⣀[38;2;229;213;201;48;2;237;219;207m⣤[38;2;236;218;206;48;2;228;212;200mᚌ[38;2;227;212;201;48;2;233;220;207m⣤[38;2;232;216;205;48;2;226;210;199mᘺ[38;2;229;218;205;48;2;224;213;201mᘺ[38;2;229;218;206;48;2;225;214;202m⠉[38;2;221;208;197;48;2;225;212;201m⣈[38;2;224;210;200;48;2;220;204;193mড়[38;2;214;198;187;48;2;224;208;196m▃[38;2;215;200;188m⣤[38;2;223;207;195;48;2;214;199;188mᙴ[38;2;220;204;192;48;2;212;197;186mᘺ[38;2;142;93;111;48;2;213;198;187m⎽[38;2;166;79;118;48;2;213;200;192m⣀[38;2;180;85;128;48;2;213;197;186m▃[38;2;213;199;191;48;2;180;75;116mᜏ[38;2;212;197;186;48;2;176;83;120mᙴ[38;2;212;195;190;48;2;180;81;120m⠉[38;2;188;165;164;48;2;133;69;102m⎺[38;2;130;63;102;48;2;130;63;102m [38;2;126;72;104;48;2;93;59;82m▍[38;2;21;10;4;48;2;102;80;103mᖦ[38;2;19;15;2;48;2;19;15;2m [38;2;15;11;0;48;2;18;16;4mꖣ[38;2;26;20;5;48;2;16;14;2m⠈[38;2;117;103;120;48;2;20;15;3mᙧ[38;2;112;100;117;48;2;120;103;131m⡀[0m
[38;2;59;47;33;48;2;52;40;24mḒ[38;2;48;30;17;48;2;37;20;9m▍[38;2;48;28;22;48;2;42;22;14mᦒ[38;2;71;44;44;48;2;49;23;17mᤝ[38;2;82;54;64;48;2;72;48;51mᱵ[38;2;114;100;98;48;2;91;72;75mᒲ[38;2;86;83;68;48;2;113;114;102m⡉[38;2;102;102;76;48;2;116;122;92mჱ[38;2;130;143;91;48;2;144;155;110m▋[38;2;144;149;97;48;2;123;130;77mረ[38;2;125;137;91;48;2;120;119;81mꫛ[38;2;135;145;95;48;2;123;137;79m᪫[38;2;133;148;103;48;2;130;146;95mı[38;2;132;141;89;48;2;134;152;100mᢛ[38;2;138;153;83;48;2;134;151;100mᜏ[38;2;129;137;84;48;2;134;148;95mꛜ[38;2;123;131;82;48;2;130;145;100mᣡ[38;2;117;126;82;48;2;130;147;92m▍[38;2;116;129;82;48;2;129;142;94mᤝ[38;2;90;91;71;48;2;76;72;48mḷ[38;2;72;57;48;48;2;82;72;56mⴟ[38;2;73;65;55;48;2;72;51;44mꚨ[38;2;63;46;36;48;2;49;30;20mቝ[38;2;47;34;19;48;2;56;38;30mጟ[38;2;36;20;10;48;2;55;38;29mᑬ[38;2;39;23;12;48;2;60;38;29mᤝ[38;2;33;22;10;48;2;62;37;34m▋[38;2;60;41;40;48;2;72;45;50mዮ[38;2;72;47;54;48;2;74;54;65mᘦ[38;2;78;53;66;48;2;88;67;78mᜦ[38;2;83;70;75;48;2;83;61;72mᠿ[38;2;78;64;64;48;2;86;80;72mᜡ[38;2;93;94;77;48;2;74;67;58m˛[38;2;65;51;41;48;2;90;75;65mᏺ[38;2;72;52;46;48;2;58;38;27m▏[38;2;40;21;9;48;2;43;30;13mꪯ[38;2;42;25;12;48;2;48;31;17mൕ[38;2;53;34;21;48;2;61;44;36m▍[38;2;50;32;25;48;2;50;32;25m [38;2;151;141;137;48;2;212;197;186m▏[38;2;215;199;188;48;2;221;205;193m▍[38;2;225;211;199;48;2;224;208;196m₎[38;2;226;212;204;48;2;219;206;197m⫬[38;2;227;211;199;48;2;232;220;210m⣤[38;2;231;219;209;48;2;225;214;203mᜀ[38;2;234;216;204;48;2;226;210;198mᘺ[38;2;232;215;203;48;2;226;213;202mᘺ[38;2;231;215;204;48;2;226;211;201mᗎ[38;2;231;217;206;48;2;225;211;200mካ[38;2;222;206;194;48;2;226;210;198m▃[38;2;220;204;192;48;2;225;209;197m▃[38;2;218;202;190m▃[38;2;216;200;189;48;2;224;207;195m▃[38;2;215;199;189;48;2;224;208;196m▃[38;2;224;211;200;48;2;214;203;192mᜀ[38;2;223;208;198;48;2;214;203;191mᙴ[38;2;219;208;197;48;2;212;203;192m⠋[38;2;79;60;59;48;2;214;204;189m⎽[38;2;42;27;9;48;2;213;204;193m⣀[48;2;213;202;192m▃[38;2;211;202;192;48;2;47;28;16mᜏ[38;2;212;197;186;48;2;68;47;39mᘺ[38;2;208;197;184;48;2;74;54;54m⠉[38;2;185;166;167;48;2;131;106;110m⎺[38;2;171;116;134;48;2;148;90;112mᜏ[38;2;165;105;129;48;2;150;75;114m▋[38;2;147;68;107;48;2;164;73;116m▍[38;2;169;64;115;48;2;173;66;117m⠄[38;2;179;69;115;48;2;170;64;111mꤖ[38;2;162;67;110;48;2;172;70;116m፹[38;2;151;64;108;48;2;158;70;111mՒ[38;2;116;59;94;48;2;138;63;103mᥖ[38;2;95;54;77;48;2;133;72;102m▍[38;2;123;66;104;48;2;98;66;89m▍[38;2;111;86;116;48;2;108;78;106mᣣ[38;2;97;81;104;48;2;18;9;1m▍[38;2;14;10;0;48;2;13;13;1mࠚ[38;2;12;13;0;48;2;16;14;0mऎ[38;2;18;15;1;48;2;14;12;0m₶[38;2;120;103;131;48;2;22;16;0m⫚[0m
[38;2;57;46;31;48;2;48;34;20m▍[38;2;47;29;20;48;2;32;22;11m▍[38;2;42;28;18;48;2;52;37;30mሉ[38;2;62;36;36;48;2;46;29;18mᤜ[38;2;82;57;66;48;2;77;49;55m᪑[38;2;88;68;74;48;2;107;93;92m▍[38;2;109;108;94;48;2;79;65;60mฑ[38;2;108;110;86;48;2;115;124;98m᥇[38;2;109;118;85;48;2;119;126;92mѺ[38;2;120;126;93;48;2;126;131;102mᶑ[38;2;116;121;88;48;2;107;105;73mᾚ[38;2;113;117;82;48;2;126;130;98m⠂[38;2;122;130;79;48;2;136;146;104m⣄[38;2;137;152;112;48;2;127;144;102mⴗ[38;2;131;145;100;48;2;131;149;108m⢘[38;2;136;151;106;48;2;129;141;93mኚ[38;2;125;137;88;48;2;131;148;102mᲧ[38;2;134;147;92;48;2;119;129;72mⳂ[38;2;107;111;65;48;2;126;130;100mບ[38;2;119;120;98;48;2;88;86;70mᶮ[38;2;90;81;78;48;2;82;69;69mᬡ[38;2;93;80;85;48;2;80;55;48m▍[38;2;54;42;29;48;2;68;47;44mⱄ[38;2;59;41;39;48;2;47;28;18mᡛ[38;2;53;31;25;48;2;59;38;36mၮ[38;2;64;38;37;48;2;40;26;14m▋[38;2;43;25;13;48;2;69;41;38m▍[38;2;75;51;58;48;2;72;44;48mᥞ[38;2;75;49;64;48;2;84;56;73mᘙ[38;2;86;59;72;48;2;91;66;78mᗑ[38;2;91;72;80;48;2;90;78;81m▍[38;2;76;73;65;48;2;88;78;79mᴺ[38;2;84;85;73;48;2;112;127;106mႴ[38;2;97;77;73;48;2;100;107;84mᤝ[38;2;60;44;30;48;2;51;32;21mꛋ[38;2;46;26;11;48;2;54;37;24mఠ[38;2;53;33;22;48;2;47;28;15m⡒[38;2;65;43;39;48;2;51;29;22mⶻ[38;2;148;139;133;48;2;59;42;28m▕[38;2;212;197;186;48;2;192;178;170mꗺ[38;2;219;203;192;48;2;213;197;187m⫀[38;2;223;207;195;48;2;214;199;188mᙢ[38;2;222;206;194mᜈ[38;2;216;201;190;48;2;221;205;193m⣤[38;2;223;207;195;48;2;214;198;187mᙴ[38;2;213;200;188;48;2;222;208;196m⣤[38;2;220;204;192;48;2;212;197;186mᘺ[38;2;170;161;149;48;2;214;198;188m⎽[38;2;173;159;151;48;2;214;199;187m⣀[38;2;168;156;146;48;2;214;200;190m▃[38;2;213;203;190;48;2;166;154;144mᜏ[38;2;163;150;141;48;2;212;197;186m⣤[38;2;210;202;191;48;2;158;149;139mᘺ[38;2;212;194;186;48;2;148;138;128mᘺ[38;2;212;197;186;48;2;92;73;75m⠉[38;2;179;169;160m⎺[38;2;82;59;62;48;2;88;69;70mⴼ[38;2;105;75;92;48;2;79;60;59m⫚[38;2;97;75;84;48;2;51;33;25m▋[38;2;31;21;2;48;2;17;13;1m⠁[38;2;26;18;1;48;2;55;38;23m▋[38;2;58;36;29;48;2;61;42;37mవ[38;2;91;63;69;48;2;61;43;36mᤝ[38;2;140;94;116;48;2;122;83;100mᦔ[38;2;149;93;119;48;2;137;80;103mḗ[38;2;173;102;131;48;2;150;71;108m▍[38;2;161;70;114;48;2;149;65;107m⠸[38;2;174;64;117;48;2;165;63;113mꕙ[38;2;166;67;111;48;2;176;66;116mᚑ[38;2;169;66;115;48;2;173;69;115m‚[38;2;160;71;110;48;2;164;75;115mꡩ[38;2;109;56;88;48;2;134;69;103mᨭ[38;2;107;58;85;48;2;128;70;102m⠇[38;2;126;73;109;48;2;103;71;100m▏[38;2;107;82;109;48;2;111;90;118mঢ়[38;2;102;88;102;48;2;16;10;8m▍[38;2;12;9;2;48;2;16;12;1mຑ[38;2;19;14;3;48;2;13;11;1mካ[38;2;12;10;0;48;2;15;13;2mஓ[38;2;113;102;110;48;2;25;19;7mᤝ[0m
[38;2;59;47;32;48;2;48;34;20m▍[38;2;45;31;18;48;2;32;24;11m⡆[38;2;42;21;17;48;2;60;39;37m▍[38;2;54;39;39;48;2;41;25;18mḔ[38;2;84;53;70;48;2;71;46;58mᣙ[38;2;79;60;70;48;2;102;73;88m᪪[38;2;83;67;70;48;2;70;53;44mḒ[38;2;109;114;83;48;2;98;98;74mᚗ[38;2;103;102;76;48;2;117;120;88m▃[38;2;115;119;93;48;2;108;102;85mᚁ[38;2;117;108;100;48;2;103;89;73mᜏ[38;2;118;114;97;48;2;98;80;71mᚗ[38;2;118;119;81;48;2;89;77;49mⴗ[38;2;129;138;102;48;2;117;115;65mᙢ[38;2;133;142;102;48;2;125;121;73m⠙[38;2;128;139;95;48;2;121;126;72m⣨[38;2;117;126;82;48;2;124;136;95mզ[38;2;121;124;93;48;2;109;110;77m⡌[38;2;98;98;74;48;2;117;108;93mঽ[38;2;89;72;66;48;2;104;98;73m᠕[38;2;106;80;88;48;2;85;69;73m⑁[38;2;70;47;50;48;2;93;63;76m⠸[38;2;69;49;47;48;2;78;59;54mꦫ[38;2;61;37;30;48;2;46;29;20m⨆[38;2;66;45;47;48;2;63;39;34mᨦ[38;2;56;39;31;48;2;38;21;12mၿ[38;2;67;46;45;48;2;54;28;23m᯼[38;2;68;43;49;48;2;76;49;60m⠆[38;2;82;55;70;48;2;86;61;76m꤈[38;2;83;63;77;48;2;92;71;82mዜ[38;2;92;78;81;48;2;88;74;75m⩲[38;2;106;115;104;48;2;82;74;72mᥠ[38;2;103;115;90;48;2;120;138;115m▕[38;2;112;120;100;48;2;92;97;76m┒[38;2;55;42;30;48;2;66;53;45mᚌ[38;2;44;30;20;48;2;51;39;29mᙏ[38;2;53;39;26;48;2;41;26;14m≼[38;2;42;25;12;48;2;60;41;38m▍[38;2;51;32;23;48;2;63;43;38mᱍ[38;2;155;144;136;48;2;40;34;19mฑ[38;2;191;179;167;48;2;163;150;141mৠ[38;2;212;197;186;48;2;166;154;144m⎺[38;2;205;195;183;48;2;162;150;140m⠉[38;2;212;197;186;48;2;165;153;142m⠉[48;2;162;152;142m⠉[38;2;107;98;89;48;2;165;152;145m▖[38;2;161;153;143;48;2;165;152;142m▕[48;2;128;115;104mⲎ[38;2;164;152;142;48;2;167;154;147m⁔[38;2;150;136;124;48;2;166;155;145mℸ[38;2;171;157;150;48;2;167;153;143m●[38;2;165;155;144;48;2;162;150;141m▍[38;2;162;150;140;48;2;127;121;107mᦓ[38;2;108;88;78;48;2;163;146;138m▕[38;2;70;53;47;48;2;92;73;75m▍[38;2;88;64;75mᤝ[38;2;63;44;39;48;2;71;50;47m▋[38;2;75;52;53;48;2;98;66;86m▋[38;2;37;19;13;48;2;91;64;70mᤝ[38;2;12;11;2;48;2;19;14;3m┃[38;2;24;16;6;48;2;58;39;31m▍[38;2;70;51;47;48;2;54;33;26mᤝ[38;2;82;59;70;48;2;69;44;48mᥥ[38;2;110;70;83;48;2;134;95;103m⣠[38;2;155;100;123;48;2;137;85;111mᓴ[38;2;169;100;132;48;2;157;76;112m፠[38;2;156;74;113;48;2;148;71;107m┐[38;2;142;66;104;48;2;171;72;116m⠇[38;2;176;71;119;48;2;172;66;112mꮻ[38;2;175;72;117;48;2;163;63;108mᙳ[38;2;140;69;105;48;2;160;74;113m▗[38;2;130;71;103;48;2;98;54;84m▍[38;2;112;66;100;48;2;100;60;88m⩺[38;2;108;80;105;48;2;100;67;91mᣗ[38;2;108;83;112;48;2;104;79;109mౝ[38;2;103;82;106;48;2;15;7;5m▍[38;2;18;12;1;48;2;18;14;2mߦ[38;2;16;12;0;48;2;18;15;3mđ[38;2;97;83;97;48;2;18;11;0m⢀[38;2;118;103;120;48;2;25;17;7mᶐ[0m
[38;2;64;49;38;48;2;49;42;25mႁ[38;2;48;34;21;48;2;39;24;15mꩄ[38;2;39;21;15;48;2;59;41;37mკ[38;2;47;27;21;48;2;54;33;29mȰ[38;2;79;53;59;48;2;63;41;38m⫙[38;2;92;68;79;48;2;83;55;71mꖢ[38;2;98;79;78;48;2;60;47;39m▋[38;2;104;98;80;48;2;81;72;57m⫚[38;2;88;73;59;48;2;100;94;76m᥍[38;2;98;79;73;48;2;92;74;66m [38;2;99;78;73;48;2;107;85;80mꡪ[38;2;159;115;124;48;2;103;79;81m⣠[38;2;113;86;84;48;2;147;103;110m⠹[38;2;103;85;78;48;2;123;91;94mᚌ[38;2;111;92;85;48;2;120;111;95m߾[38;2;127;116;98;48;2;133;128;107mᝃ[38;2;112;85;75;48;2;130;133;104m⡀[38;2;102;94;70;48;2;136;110;108m᧮[38;2;143;103;108;48;2;112;85;79m⡰[38;2;105;71;76;48;2;122;86;89mℸ[38;2;130;94;100;48;2;114;78;88mᶹ[38;2;86;59;70;48;2;100;69;81m᥇[38;2;64;40;43;48;2;72;54;60m᧼[38;2;60;38;36;48;2;70;48;48mᜏ[38;2;70;44;48;48;2;56;38;31mᑬ[38;2;50;31;22;48;2;38;20;7m▍[38;2;69;47;46;48;2;54;36;32m⫚[38;2;78;49;64;48;2;72;48;56mᤝ[38;2;95;69;84;48;2;81;55;74mᣂ[38;2;100;74;90;48;2;88;74;83mፔ[38;2;86;77;74;48;2;102;102;92mᚙ[38;2;115;129;110;48;2;100;102;93mᤝ[38;2;114;124;100;48;2;126;142;117m▕[38;2;72;60;52;48;2;102;111;84mᤝ[38;2;64;51;40;48;2;59;44;30mⱨ[38;2;56;44;29;48;2;38;29;16mḒ[38;2;41;30;15;48;2;56;38;27m⠌[38;2;47;32;23;48;2;65;47;41m▋[38;2;49;31;23;48;2;58;38;38m᧶[38;2;42;29;20;48;2;30;16;5mꓑ[38;2;161;148;140;48;2;45;26;17m⫕[38;2;159;148;138;48;2;164;152;142mᡉ[38;2;129;119;111mᢕ[38;2;161;149;139;48;2;120;110;98mꮾ[38;2;160;148;137;48;2;162;151;141m࿅[38;2;160;149;140;48;2;102;93;85mḳ[38;2;162;153;143;48;2;158;148;136mꗪ[38;2;137;125;115;48;2;161;149;140m೦[38;2;153;140;128;48;2;168;154;144mᝍ[38;2;163;149;141;48;2;169;155;147mᢕ[38;2;165;154;144;48;2;149;136;127mꮾ[38;2;163;151;142;48;2;165;153;143mŔ[38;2;122;108;97;48;2;164;152;142mℍ[38;2;164;152;142;48;2;160;148;138mᡟ[38;2;157;147;138;48;2;106;81;95mƩ[38;2;81;60;77;48;2;92;73;75mᤝ[38;2;69;50;49;48;2;75;56;57mᓟ[38;2;66;50;46;48;2;84;58;72m▋[38;2;74;48;64;48;2;36;22;15m▋[38;2;12;12;2;48;2;8;7;0mᙻ[38;2;24;15;3;48;2;63;46;39m▋[38;2;71;49;51;48;2;49;30;23m⨅[38;2;76;49;53;48;2;81;56;61mῆ[38;2;122;79;100;48;2;106;72;84m╻[38;2;124;86;102;48;2;113;74;88mᛁ[38;2;110;61;88;48;2;129;68;102m▃[38;2;162;72;115;48;2;133;71;103mᖧ[38;2;153;69;109;48;2;174;72;117m▖[38;2;179;74;118;48;2;171;70;115mკ[38;2;170;78;121;48;2;155;67;108mᖴ[38;2;114;60;91;48;2;134;72;110m╻[38;2;125;66;102;48;2;98;56;82mႸ[38;2;102;58;86;48;2;104;65;91m⣃[38;2;105;72;104;48;2;98;65;93mᱏ[38;2;102;72;97;48;2;105;76;104m࿚[38;2;107;78;108;48;2;17;4;7m▋[38;2;17;13;1;48;2;13;11;0mነ[38;2;102;91;102;48;2;25;19;1m▗[38;2;113;102;124;48;2;27;18;13mᶐ[38;2;125;112;135;48;2;117;103;126m᪒[0m
[38;2;64;50;37;48;2;47;39;22m▍[38;2;56;37;28;48;2;47;30;20mᠰ[38;2;61;42;39;48;2;49;28;23mᦅ[38;2;66;39;38;48;2;52;29;26mꥀ[38;2;55;31;25;48;2;62;40;36mꘚ[38;2;76;44;56;48;2;88;58;69mꢨ[38;2;69;47;51;48;2;102;78;88m᥇[38;2;65;47;38;48;2;98;86;71m▍[38;2;88;73;60;48;2;95;84;69mಥ[38;2;125;82;92;48;2;95;73;67m▃[38;2;171;109;123;48;2;92;66;62mᶐ[38;2;177;109;126;48;2;179;102;128mᙠ[38;2;166;94;115;48;2;183;110;129mᾞ[38;2;182;113;130;48;2;162;97;116mኩ[38;2;134;94;100;48;2;179;102;126m⠉[38;2;143;102;110;48;2;169;102;124mᑷ[38;2;159;105;115;48;2;169;105;121m¯[38;2;157;95;108;48;2;177;102;122m¯[38;2;146;88;98;48;2;180;104;126mᕎ[38;2;149;97;105;48;2;124;73;91mꢳ[38;2;117;77;87;48;2;131;88;100mᤉ[38;2;96;62;71;48;2;82;51;58mᚠ[38;2;68;43;46;48;2;78;51;60m⠸[38;2;79;54;62;48;2;69;45;56mປ[38;2;66;43;45;48;2;56;36;34mႸ[38;2;45;29;18;48;2;32;18;5mⱧ[38;2;60;31;28;48;2;69;43;46mᶮ[38;2;82;53;65;48;2;73;44;50mᲤ[38;2;88;65;79;48;2;77;54;67m⫧[38;2;84;71;79;48;2;90;80;81mಆ[38;2;120;125;115;48;2;85;82;78mᨭ[38;2;84;85;72;48;2;106;120;98mᛙ[38;2;112;123;100;48;2;125;142;112m▕[38;2;73;63;48;48;2;104;112;92mᤝ[38;2;73;55;46;48;2;61;49;38m᥇[38;2;59;41;29;48;2;40;25;16m▋[38;2;46;27;17;48;2;56;38;25mꢌ[38;2;68;44;41;48;2;53;38;27mᱳ[38;2;49;28;25;48;2;65;41;39mᤃ[38;2;43;30;21;48;2;37;21;12mߪ[38;2;48;26;19;48;2;32;21;9mὡ[38;2;166;153;146;48;2;46;36;21m⫕[38;2;166;154;144;48;2;161;147;136mꪵ[38;2;133;120;114;48;2;163;151;144mℌ[38;2;139;128;117;48;2;162;152;141mᝍ[38;2;160;148;136;48;2;164;152;141mᖣ[38;2;146;133;120;48;2;161;149;140mႠ[38;2;167;155;145;48;2;164;152;142mՃ[38;2;139;126;118;48;2;164;152;141m꠰[38;2;170;158;146;48;2;165;153;141mᘘ[38;2;145;132;120;48;2;165;155;145mℸ[38;2;166;154;144;48;2;163;152;141mᐠ[38;2;157;145;135;48;2;165;153;141m▕[38;2;145;133;121;48;2;165;152;143m▍[38;2;109;89;98;48;2;164;152;141mᤕ[38;2;86;68;79;48;2;92;73;75mᤝ[38;2;83;57;62;48;2;88;65;75mỨ[38;2;80;60;66;48;2;66;47;49mᢕ[38;2;74;55;55;48;2;37;25;16m▋[38;2;15;13;1;48;2;12;9;0mႸ[38;2;71;44;50;48;2;25;14;6mᤝ[38;2;73;46;51;48;2;48;32;23mḒ[38;2;75;56;54;48;2;66;45;47mዡ[38;2;98;55;72;48;2;119;70;92m▍[38;2;95;58;80;48;2;109;70;85mⴙ[38;2;102;56;85;48;2;120;66;98mᘙ[38;2;139;68;105;48;2;120;57;93m⡎[38;2;165;72;115;48;2;128;54;92mᨰ[38;2;155;69;107;48;2;162;73;115m౿[38;2;140;66;103;48;2;155;76;116mⱧ[38;2;107;57;90;48;2;136;70;109m▋[38;2;127;65;105;48;2;100;55;88m▏[38;2;104;65;95;48;2;100;62;88m͵[38;2;106;68;100;48;2;100;63;92mՈ[38;2;102;66;98;48;2;107;72;100mꠛ[38;2;18;9;7;48;2;102;72;98mᤝ[38;2;16;11;4;48;2;112;84;109mᚓ[38;2;109;93;116;48;2;56;43;48mꘀ[38;2;115;99;125;48;2;118;100;126mɻ[38;2;128;113;134;48;2;119;102;125mᦪ[0m
[38;2;54;40;25;48;2;72;54;42m⫙[38;2;48;30;18;48;2;55;38;27mⵤ[38;2;50;31;26;48;2;44;23;17mደ[38;2;58;37;33;48;2;50;28;24mᒦ[38;2;41;23;13;48;2;52;33;25mᴶ[38;2;82;52;57;48;2;60;40;36m⫛[38;2;100;73;85;48;2;78;53;62m▗[38;2;65;48;41;48;2;100;88;72m▋[38;2;97;82;71;48;2;88;71;63mᙸ[38;2;125;89;98;48;2;93;72;68mᜅ[38;2;143;86;102;48;2;169;107;123mƶ[38;2;133;80;97;48;2;174;100;125mϹ[38;2;131;82;94;48;2;171;98;118mȣ[38;2;172;100;122;48;2;126;79;91m⣘[38;2;176;92;118;48;2;147;85;104mᜊ[38;2;140;81;98;48;2;174;94;118m⢀[38;2;120;78;88;48;2;168;97;115mʏ[38;2;148;93;110;48;2;125;77;91mᘽ[38;2;155;102;117;48;2;106;66;75mᘾ[38;2;147;92;109;48;2;116;72;81m⢁[38;2;104;72;72;48;2;141;83;103mᚘ[38;2;134;75;103;48;2;88;55;73m⡆[38;2;77;46;56;48;2;82;53;61mᖰ[38;2;70;45;52;48;2;76;47;61m᧶[38;2;38;20;14;48;2;56;34;30mᤝ[38;2;51;26;21;48;2;28;14;5mᥥ[38;2;59;29;31;48;2;71;46;51m▋[38;2;76;52;63;48;2;70;46;51mᱳ[38;2;84;62;71;48;2;80;55;69m⟫[38;2;97;88;92;48;2;88;71;80mᥟ[38;2;97;98;93;48;2;119;129;114mႴ[38;2;114;128;107;48;2;92;100;77m⨅[38;2;109;112;90;48;2;126;141;112mᤝ[38;2;88;68;56;48;2;112;109;85mᨭ[38;2;72;60;48;48;2;65;53;31mᙗ[38;2;46;31;18;48;2;57;40;28mᦔ[38;2;51;33;20;48;2;55;38;24mⲂ[38;2;57;40;36;48;2;48;31;21m᥇[38;2;49;30;20;48;2;61;39;36mᤝ[38;2;40;21;11;48;2;30;18;4mꢣ[38;2;56;37;33;48;2;44;25;15mӄ[38;2;65;44;39;48;2;57;38;31m┎[38;2;155;145;138;48;2;61;45;34mᖧ[38;2;162;152;141;48;2;153;144;134m⣻[38;2;116;104;95;48;2;162;150;141m∖[38;2;165;153;143;48;2;161;147;136mꗼ[38;2;130;115;103;48;2;164;151;143mৠ[38;2;167;155;144;48;2;152;140;132mᖴ[38;2;125;114;102;48;2;164;153;143mਫ਼[38;2;140;130;117;48;2;163;153;142m▖[38;2;149;137;126;48;2;165;153;143mᢕ[38;2;164;152;142;48;2;146;134;124mᖸ[38;2;166;154;143;48;2;163;151;140mາ[38;2;162;151;140;48;2;146;134;122m⨆[38;2;163;150;139;48;2;167;155;143m⪱[38;2;157;147;135;48;2;90;73;83m▍[38;2;89;61;78;48;2;77;52;62mꩶ[38;2;69;47;47;48;2;49;27;24mᗑ[38;2;63;44;31;48;2;22;11;2m▋[38;2;8;6;0;48;2;13;11;0m┐[38;2;63;46;41;48;2;21;14;3mᤝ[38;2;73;54;53;48;2;52;33;25m▍[38;2;58;39;36;48;2;72;46;51mḒ[38;2;116;72;90;48;2;82;54;57m▝[38;2;77;43;56;48;2;98;65;76mǒ[38;2;105;51;82;48;2;126;69;98m᪫[38;2;157;75;109;48;2;124;67;104mᨬ[38;2;163;74;117;48;2;156;68;108m⨔[38;2;144;64;111;48;2;158;70;111m▕[38;2;130;53;89;48;2;160;72;119mᤝ[38;2;133;75;114;48;2;109;56;88mᤝ[38;2;122;62;102;48;2;100;57;84m▍[38;2;94;55;81;48;2;100;62;88m┌[38;2;100;64;96;48;2;98;61;91mᒈ[38;2;110;74;106;48;2;100;64;95m⢀[38;2;61;41;53;48;2;106;73;102mৠ[38;2;107;76;107;48;2;110;82;114mꡉ[38;2;105;81;111;48;2;112;90;118mϛ[38;2;122;102;129;48;2;117;98;124mꭲ[38;2;129;114;140;48;2;120;105;123mᤝ[0m
[38;2;67;49;37;48;2;75;57;46mᥞ[38;2;49;32;17;48;2;57;41;25m⨌[38;2;53;33;24;48;2;46;25;19mЃ[38;2;226;214;210;48;2;53;37;34m⢰[38;2;39;27;16;48;2;226;214;210m⢉[38;2;74;52;52mᙗ[38;2;226;214;210;48;2;84;60;70m⢰[48;2;88;70;64m⡆[38;2;109;80;82;48;2;226;214;210mᘺ[38;2;226;214;210;48;2;125;89;97m⢰[48;2;171;100;121m⡆⢰[48;2;193;98;130m⡆[48;2;183;100;122m⢰[48;2;178;89;121m⡆[38;2;180;111;133;48;2;226;214;210m⠉[38;2;178;105;124m⡉[38;2;226;214;210;48;2;185;102;127m▖[38;2;140;89;102;48;2;226;214;210mᙴ[38;2;226;214;210;48;2;179;106;123mϵ[48;2;135;79;108m▖[38;2;119;66;93;48;2;83;51;63m▍[38;2;75;55;56;48;2;226;214;210m⠉[38;2;77;55;57m⣉[38;2;226;214;210;48;2;55;37;27m▗[38;2;48;30;26;48;2;226;214;210m⢉[38;2;63;43;42m⡉[38;2;226;214;210;48;2;78;55;62m▖[48;2;88;68;81m┎[48;2;90;80;76mϵ[48;2;110;121;104m▖[38;2;116;126;102;48;2;109;122;95mᓕ[38;2;119;135;105;48;2;94;97;73mᑍ[38;2;229;213;208m⢰[38;2;63;46;36;48;2;63;46;36m [38;2;44;28;21;48;2;229;220;211mᙴ[38;2;229;214;207;48;2;55;37;30m▖[38;2;224;212;210;48;2;60;44;36m⠐[48;2;67;48;42m⠒[38;2;53;37;19;48;2;224;212;210m⢉[38;2;224;212;210;48;2;45;34;24m⠐[48;2;68;44;42m⠒[38;2;63;45;39;48;2;224;212;210m⢉[38;2;161;149;137;48;2;50;37;24mᖴ[38;2;165;152;143;48;2;161;149;139mԅ[38;2;135;122;109;48;2;162;153;141m∖[38;2;157;145;134;48;2;162;150;140m⡀[38;2;149;136;128;48;2;162;150;141mₕ[38;2;149;137;128;48;2;163;151;144m▖[38;2;163;151;141;48;2;135;121;109mḳ[38;2;167;155;145;48;2;162;150;141mᏙ[38;2;145;132;121;48;2;163;151;142mℸ[38;2;163;151;140;48;2;165;153;142m⊳[38;2;145;130;120;48;2;163;151;140mᤕ[38;2;163;150;141;48;2;147;137;127mꗪ[38;2;90;71;72;48;2;161;149;140mਫ਼[38;2;67;45;41;48;2;78;58;58m᧶[38;2;37;23;10;48;2;70;47;42mᤝ[38;2;80;67;60;48;2;28;17;6m⢀[38;2;204;194;187;48;2;13;8;1m⣀[38;2;154;145;138;48;2;25;21;12m⣀[38;2;166;160;152;48;2;62;41;43m⣀[38;2;132;118;117;48;2;53;39;34m⡀[38;2;77;45;58;48;2;65;42;45mᣄ[38;2;103;68;83;48;2;88;56;65mᨏ[38;2;100;51;81;48;2;103;59;80mᦐ[38;2;106;51;81;48;2;132;65;100mƩ[38;2;144;66;102;48;2;163;71;113m▍[38;2;147;67;106;48;2;168;71;115mᤝ[38;2;121;52;82;48;2;155;73;110mᤝ[38;2;128;73;104;48;2;102;53;85mᤝ[38;2;131;72;105;48;2;98;60;81m▏[38;2;97;58;82;48;2;100;59;89mḢ[38;2;102;69;95;48;2;106;69;97mᾓ[38;2;103;70;97;48;2;98;59;91mᴪ[38;2;106;75;104;48;2;100;66;97m⠂[38;2;110;81;109;48;2;105;74;105m᪑[38;2;116;93;121;48;2;106;80;109mฐ[38;2;119;94;123;48;2;112;92;119m૨[38;2;117;97;121;48;2;126;108;132m▍[0m
[38;2;59;43;29;48;2;73;52;41mᤝ[38;2;51;36;25;48;2;45;26;16m᪐[38;2;48;31;22;48;2;43;22;16mߧ[38;2;53;36;30;48;2;226;214;210m▋[38;2;226;214;210;48;2;46;31;22mꬄ[48;2;52;37;21mᘗ[38;2;88;59;67;48;2;226;214;210m▋[38;2;83;68;69m⢨[38;2;226;214;210m [38;2;120;95;97m▋[38;2;226;214;210;48;2;171;100;121m▋[38;2;177;109;127;48;2;226;214;210m▋[38;2;226;214;210;48;2;182;98;130m▋[38;2;176;103;132;48;2;226;214;210m▋[38;2;226;214;210;48;2;181;98;127m▋[38;2;197;153;162;48;2;226;214;210m▕[38;2;226;214;210;48;2;176;90;120mಊ[48;2;180;92;125m⠁[48;2;191;100;129mᙓ[38;2;176;106;129;48;2;226;214;210m⡍[38;2;226;214;210;48;2;135;79;111m▖[38;2;83;51;63;48;2;86;53;68mⴼ[38;2;226;214;210;48;2;226;214;210m [48;2;55;37;27m⠉[38;2;55;37;27;48;2;226;214;210m▍[38;2;226;214;210;48;2;66;44;31m▏ᤝ[38;2;95;73;74;48;2;226;214;210mᤝ[38;2;102;81;83m▏[38;2;226;214;210;48;2;90;80;76mᬆ[38;2;90;78;67;48;2;226;214;210m᪀[38;2;110;117;95;48;2;110;117;95m [38;2;230;218;212;48;2;109;106;81m⡀[38;2;94;97;73;48;2;229;213;208m▋[38;2;225;211;205;48;2;63;46;36mᤝ[38;2;63;46;36;48;2;229;215;210m⠰[48;2;230;214;209mᤕ[38;2;132;119;114;48;2;76;51;41m⢀[38;2;230;217;210mᦼ[48;2;39;24;7m⠁[38;2;125;115;110;48;2;43;23;15m⢀[38;2;230;217;210;48;2;40;24;9mᬙ[48;2;49;31;25m⠁[38;2;36;21;7;48;2;48;27;18m▗[38;2;160;149;140;48;2;50;30;21mข[38;2;53;37;28;48;2;160;148;140m⡀[38;2;149;136;128;48;2;163;151;141mℊ[38;2;149;136;126;48;2;162;150;141mꘋ[38;2;134;121;111;48;2;161;149;139mആ[38;2;155;142;134;48;2;160;149;139mᾡ[38;2;141;130;120;48;2;161;150;140mꢉ[38;2;145;132;122;48;2;158;148;139mᢕ[38;2;161;149;139;48;2;143;131;120m᙭[38;2;157;145;135;48;2;163;151;141mϸ[38;2;143;128;119;48;2;161;148;137m꠰[38;2;160;147;137;48;2;162;149;138mɰ[38;2;63;46;37;48;2;158;144;134m⫚[38;2;31;23;5;48;2;60;43;34mᤜ[38;2;134;128;124;48;2;27;17;10mᾧ[38;2;140;135;129;48;2;14;14;9mꭦ[38;2;20;16;6;48;2;189;176;172m⣤[38;2;172;166;159;48;2;14;14;9mᔸ[38;2;44;36;23;48;2;163;157;152mᾊ[38;2;83;58;66;48;2;68;44;46m▕[48;2;229;208;205m⢐[38;2;104;68;77;48;2;216;194;192m᪑[38;2;110;60;84;48;2;228;209;210m⢐[38;2;137;65;98m▋[38;2;147;67;106mᾚ[38;2;228;209;210;48;2;140;63;102mⶌ[38;2;229;208;205;48;2;102;53;85mḓ[48;2;100;55;82mᔟ[48;2;98;63;88mḓ[38;2;228;209;210;48;2;102;69;95mꞿ᭛[48;2;100;66;97mꙀ[38;2;108;77;108;48;2;103;72;97m᥇[38;2;104;80;106;48;2;110;82;109mᠫ[38;2;111;91;118;48;2;115;95;123mꢋ[38;2;117;100;121;48;2;126;110;132m▋[0m
[38;2;63;45;33;48;2;76;57;46mᤝ[38;2;55;39;30;48;2;49;31;22mɢ[38;2;43;22;18;48;2;53;32;28mὯ[38;2;226;214;210;48;2;47;26;22m▝[48;2;53;32;26mႴ[38;2;54;36;28;48;2;68;49;39m▋[38;2;226;214;210;48;2;89;54;66m▝[48;2;88;55;74m▘[38;2;90;70;79;48;2;226;214;210m⣤[38;2;226;214;210;48;2;93;70;70m▝[48;2;150;84;119m▘[48;2;180;94;129m▝[38;2;181;100;127;48;2;226;214;210m⣤[38;2;232;221;216;48;2;170;97;118m▝[38;2;226;214;210;48;2;165;92;116m▘[38;2;177;88;120;48;2;226;214;210m⣤[38;2;180;82;123;48;2;173;85;120mᱵ[38;2;186;93;126;48;2;183;86;121m⢀[38;2;226;214;210;48;2;192;94;129mᒨ[38;2;227;212;210;48;2;150;88;115mꕼ[38;2;205;191;190;48;2;111;68;100mၮ[38;2;83;51;63;48;2;88;54;71m⪒[38;2;84;56;67;48;2;226;214;210m⣤[38;2;55;37;27;48;2;59;38;32mᜀ[38;2;203;192;191;48;2;51;32;28mᢕ[38;2;55;41;30;48;2;226;214;210m⣤[38;2;63;41;38m⣤[38;2;202;191;188;48;2;84;65;79mၮ[38;2;226;214;210;48;2;98;82;93m╹[48;2;94;86;84mฐ[48;2;84;80;69mჱ[38;2;98;106;80;48;2;98;106;80m [38;2;230;218;212;48;2;105;100;78mᙢ[38;2;227;215;209;48;2;65;53;42mᚌ[38;2;233;221;213;48;2;47;36;22m▝[38;2;63;46;36;48;2;59;43;31mᗞ[38;2;228;218;209;48;2;61;52;38mᖱ[38;2;227;218;210;48;2;76;61;53m▝[38;2;226;211;206;48;2;63;43;37mᓚ[48;2;51;30;20m⠂[38;2;227;218;210;48;2;54;40;32m▝[38;2;226;211;206;48;2;62;39;39mᓚ⠂[38;2;59;36;33;48;2;47;27;20m▍[38;2;59;39;31;48;2;51;31;21m᪀[38;2;97;80;72;48;2;58;41;31mৠ[38;2;162;151;144;48;2;51;39;32mᙨ[38;2;141;129;123;48;2;161;151;145m [38;2;141;129;120;48;2;161;150;140mꚗ[38;2;139;128;122;48;2;162;151;145mꝖ[38;2;162;150;141;48;2;137;125;115mꪂ[38;2;152;140;130;48;2;160;148;138mꙄ[38;2;141;128;117;48;2;155;145;135mℸ[38;2;159;145;136;48;2;153;141;129mꖻ[38;2;130;118;106;48;2;158;146;136mₗ[38;2;159;147;136;48;2;162;150;139mꖈ[38;2;110;96;85;48;2;159;147;135mᢕ[38;2;54;40;25;48;2;93;76;65mꖢ[38;2;183;167;158;48;2;34;21;11mᤕ[38;2;27;19;10;48;2;201;184;158mʦ[38;2;213;210;209;48;2;21;16;6mᘺ[38;2;28;19;11;48;2;184;166;146mͰ[38;2;166;153;147;48;2;54;44;37mჄ[38;2;77;54;57;48;2;70;44;46mꖋ[38;2;229;208;205;48;2;78;47;60m⠁[38;2;228;209;210;48;2;83;52;69mᾜ[48;2;110;60;84m⠉[48;2;148;71;108mৠ[38;2;164;71;107;48;2;228;209;210mᾚ[38;2;206;174;181;48;2;160;73;111m⠉[38;2;229;208;205;48;2;115;63;100mካ[38;2;95;57;78;48;2;95;57;78m [38;2;229;208;205;48;2;100;65;89mካ[38;2;228;209;210;48;2;102;69;95mፇ⠈[38;2;102;69;95;48;2;228;209;210mꘀ[38;2;102;72;102;48;2;114;81;109mꦕ[38;2;105;81;107;48;2;110;85;113m⹄[38;2;114;94;120;48;2;108;88;116mꔀ[38;2;114;100;124;48;2;127;112;135m▋[0m
[38;2;73;56;46;48;2;64;46;33m⠇[38;2;52;36;24;48;2;40;25;13mꖾ[38;2;46;27;22;48;2;59;37;36mᴅ[38;2;53;36;31;48;2;65;37;41mꔴ[38;2;54;33;25;48;2;62;42;39m⢰[38;2;60;37;36;48;2;72;44;48mᘮ[38;2;75;47;61;48;2;84;53;71mꪉ[38;2;91;55;78;48;2;82;50;70mἄ[38;2;79;49;63;48;2;91;64;80mᝏ[38;2;75;46;58;48;2;85;59;71m⨐[38;2;121;73;102;48;2;91;56;79mᙠ[38;2;146;82;113;48;2;104;61;88mᕜ[38;2;175;91;120;48;2;163;81;117mᜡ[38;2;158;92;118;48;2;145;84;113mᚘ[38;2;151;90;115;48;2;141;84;109mጶ[38;2;171;88;121;48;2;154;78;116mᢿ[38;2;180;86;123;48;2;167;79;115mⰎ[38;2;183;89;119;48;2;187;94;125mꚼ[38;2;183;97;125;48;2;171;88;118mꕣ[38;2;125;75;106;48;2;158;78;110mⴺ[38;2;82;48;66;48;2;100;55;83mᥠ[38;2;84;54;70;48;2;76;46;60mತ[38;2;59;38;37;48;2;77;52;61mᤅ[38;2;61;43;37;48;2;53;36;24m┤[38;2;49;32;19;48;2;63;42;34m▋[38;2;47;29;19;48;2;58;38;32mᥗ[38;2;62;44;41;48;2;54;37;27mᢕ[38;2;67;53;53;48;2;78;62;68m▍[38;2;90;78;84;48;2;97;88;92mꠅ[38;2;82;76;73;48;2;88;81;79mᢱ[38;2;74;73;63;48;2;89;86;80mᘣ[38;2;61;63;34;48;2;100;102;80m▗[38;2;90;84;64;48;2;74;64;44m▋[38;2;65;57;38;48;2;34;25;6mკ[38;2;38;23;12;48;2;38;23;12m [38;2;62;50;36;48;2;48;36;18mⶦ[38;2;55;40;24;48;2;66;45;37mᘦ[38;2;69;57;45;48;2;58;46;38mꔱ[38;2;56;32;29;48;2;64;41;40m૩[38;2;46;28;20;48;2;59;44;31mᾆ[38;2;51;36;25;48;2;61;40;37m▍[38;2;63;39;37;48;2;70;47;44m⠴[38;2;58;38;37;48;2;66;42;42m⫈[38;2;59;41;37;48;2;48;30;24mꤍ[38;2;64;40;39;48;2;52;28;26m⪽[38;2;54;32;26;48;2;62;38;36m⪃[38;2;53;36;26;48;2;60;40;36m⣁[38;2;162;149;140;48;2;66;47;42mข[38;2;99;83;81;48;2;159;146;136mᝏ[38;2;145;132;119;48;2;159;148;137m꤉[38;2;138;125;116;48;2;156;146;137mℊ[38;2;137;124;115;48;2;158;144;137mᢲ[38;2;137;129;119;48;2;154;146;137mᡘ[38;2;121;110;102;48;2;151;139;128m∖[38;2;158;146;136;48;2;152;140;131mᐛ[38;2;129;115;104;48;2;156;144;134m꠲[38;2;159;146;136;48;2;155;141;131mᚋ[38;2;51;31;24;48;2;154;141;130m⫚[38;2;12;12;2;48;2;19;17;4mᏐ[38;2;102;94;76;48;2;17;14;5m⠈[38;2;205;195;185;48;2;55;37;27m⠉[38;2;44;25;17;48;2;131;120;110mᾚ[38;2;36;22;9;48;2;75;50;58m▍[38;2;69;45;41;48;2;81;53;59mᖷ[38;2;78;57;65;48;2;74;48;54m⣠[38;2;100;52;72;48;2;78;48;59m▕[38;2;130;65;98;48;2;116;56;88mᤝ[38;2;154;67;109;48;2;167;72;112mꥃ[38;2;170;73;111;48;2;153;63;107mⲎ[38;2;140;63;102;48;2;157;70;107mᤝ[38;2;121;64;98;48;2;100;56;86m▋[38;2;92;57;79;48;2;100;65;92mᏯ[38;2;102;66;97;48;2;107;70;102mꗓ[38;2;106;70;98;48;2;102;69;95mខ[38;2;95;61;89mข[38;2;102;69;95;48;2;91;59;85mꖶ[38;2;106;80;109;48;2;102;72;100m⫳[38;2;112;83;114;48;2;115;89;114mꗛ[38;2;120;100;127;48;2;113;90;118mᦶ[38;2;129;113;137;48;2;123;106;132mᤗ[0m
[38;2;75;57;46;48;2;65;43;31m▍[38;2;55;31;25;48;2;60;40;33mᖴ[38;2;61;39;34;48;2;49;27;22m꤅[38;2;55;35;26;48;2;65;42;40mƩ[38;2;56;36;28;48;2;70;41;43mꖥ[38;2;75;50;58;48;2;62;39;40m⠸[38;2;76;50;64;48;2;71;44;51mᖃ[38;2;77;48;60;48;2;92;60;77m⣆[38;2;81;49;67;48;2;89;57;77mᑺ[38;2;91;59;77;48;2;80;49;68mꩱ[38;2;90;53;77;48;2;100;63;84mና[38;2;110;63;91;48;2;100;58;85mዔ[38;2;105;66;91;48;2;150;83;116m▃[38;2;133;79;104;48;2;120;69;95mᚉ[38;2;132;79;105;48;2;119;72;98mዥ[38;2;149;79;113;48;2;139;74;108m᪐[38;2;161;78;116;48;2;173;88;120mზ[38;2;183;92;124;48;2;174;90;122mᗼ[38;2;141;79;109;48;2;172;84;123mᤝ[38;2;116;66;100;48;2;98;55;83m▋[38;2;68;39;45;48;2;80;45;62m⢰[38;2;72;42;55;48;2;80;51;63m⡆[38;2;57;38;34;48;2;72;43;47mᤝ[38;2;67;43;46;48;2;52;28;24m‷[38;2;58;38;32;48;2;65;41;34m⁉[38;2;57;38;36;48;2;49;29;22m⡃[38;2;59;34;33;48;2;49;28;21mἆ[38;2;73;53;54;48;2;81;58;65mႁ[38;2;94;78;88;48;2;86;75;81m᱙[38;2;90;85;79;48;2;82;75;70mᘮ[38;2;76;75;62;48;2;66;63;48mᜦ[38;2;62;60;40;48;2;75;73;51m⅏[38;2;52;45;27;48;2;72;66;46mᥥ[38;2;29;21;3;48;2;44;32;14mꗔ[38;2;38;23;12;48;2;48;36;18m⠁[38;2;39;29;14;48;2;49;37;22mῳ[38;2;60;43;33;48;2;46;32;20mኺ[38;2;55;39;26;48;2;71;56;46m⢰[38;2;66;46;43;48;2;58;37;33mꛌ[38;2;54;36;26;48;2;59;42;34mཌ[38;2;56;32;25;48;2;63;40;38m▍[38;2;63;42;41;48;2;59;39;36m┞[38;2;67;42;44;48;2;63;38;37mḙ[38;2;49;27;21;48;2;59;36;29m⣐[38;2;57;38;31;48;2;66;42;40m⡒[38;2;68;44;41;48;2;55;30;25m‷[38;2;65;41;36;48;2;54;32;27mⵧ[38;2;65;41;43;48;2;91;68;80m▍[38;2;65;46;44;48;2;85;64;71mₗ[38;2;152;141;135;48;2;64;49;43mᖦ[38;2;134;125;115;48;2;152;145;133m꩟[38;2;152;141;131;48;2;135;124;109mꪀ[38;2;133;122;109;48;2;149;139;127m᪈[38;2;128;118;110;48;2;147;138;131mᡗ[38;2;135;121;109;48;2;150;138;129m꠵[38;2;128;113;102;48;2;148;136;126mਫ਼[38;2;129;115;103;48;2;149;139;127m▖[38;2;148;133;123;48;2;152;139;129mᢕ[38;2;74;65;55;48;2;17;13;7mᡝ[38;2;40;25;15;48;2;19;20;0mᤝ[38;2;57;41;31;48;2;46;31;21mᣂ[38;2;60;41;44;48;2;44;22;17m▖[38;2;43;22;11;48;2;77;52;62m▋[38;2;90;68;82;48;2;82;59;69mꩭ[38;2;76;51;65;48;2;88;61;75mᡫ[38;2;100;68;91;48;2;88;56;74m˿[38;2;155;70;107;48;2;126;68;98mᖧ[38;2;161;71;112;48;2;138;70;103mᘚ[38;2;145;67;106;48;2;128;61;98mⲎ[38;2;159;72;109;48;2;148;64;104mට[38;2;143;68;107;48;2;98;60;80m▍[38;2;105;66;97;48;2;97;56;81mᱳ[38;2;101;65;97;48;2;107;70;102mầ[38;2;102;66;98;48;2;105;71;102mᯉ[38;2;101;64;96;48;2;104;70;100mҤ[38;2;109;75;107;48;2;102;66;98mᬡ[38;2;113;82;113;48;2;106;72;103m୯[38;2;123;102;121;48;2;111;88;113m▕[38;2;121;99;126;48;2;123;104;132mꠃ[38;2;125;108;132;48;2;131;116;138mꤔ[0m
[38;2;74;54;43;48;2;62;42;30mᓭ[38;2;51;29;20;48;2;63;43;36mᥠ[38;2;49;28;23;48;2;56;36;31mį[38;2;68;42;46;48;2;54;27;26mᤂ[38;2;56;31;26;48;2;72;41;45mᤝ[38;2;59;38;31;48;2;69;43;44m▍[38;2;71;40;51;48;2;81;52;63mᢳ[38;2;74;48;55;48;2;61;39;42mᦔ[38;2;88;58;75;48;2;80;48;64mຟ[38;2;95;59;83;48;2;88;50;73mᶒ[38;2;102;57;84;48;2;89;54;75mⱐ[38;2;104;60;91;48;2;89;56;74mᜊ[38;2;105;61;94;48;2;98;56;86m⢄[38;2;91;55;74;48;2;102;59;85mꪚ[38;2;110;64;90;48;2;91;53;81mᙧ[38;2;125;69;102;48;2;141;77;110mꙍ[38;2;169;88;122;48;2;150;75;112m⠸[38;2;171;89;122;48;2;154;78;116mᚗ[38;2;112;62;97;48;2;158;84;120m᥇[38;2;113;69;94;48;2;83;48;70m▘[38;2;76;50;57;48;2;69;43;48mዮ[38;2;64;38;44;48;2;74;48;55mᤈ[38;2;77;49;54;48;2;63;43;39mࡁ[38;2;51;35;26;48;2;59;40;38m⅏[38;2;62;42;40;48;2;54;36;29mᤃ[38;2;52;30;29;48;2;42;23;13m▋[38;2;54;36;26;48;2;47;27;17mᢠ[38;2;77;60;64;48;2;63;47;48m⫬[38;2;88;77;82;48;2;83;73;75mᗭ[38;2;79;74;70;48;2;72;68;56mᙵ[38;2;72;68;56;48;2;51;45;26mᑍ[38;2;69;65;45;48;2;53;41;23mᘞ[38;2;51;33;18;48;2;58;46;29mԴ[38;2;48;40;21;48;2;41;29;14mᠻ[38;2;37;24;10;48;2;50;38;22mᥖ[38;2;40;29;14;48;2;45;31;17mḇ[38;2;49;32;19;48;2;60;47;34mꖡ[38;2;60;43;37;48;2;72;55;49mὰ[38;2;63;38;37;48;2;71;48;44mධ[38;2;68;43;41;48;2;57;38;31mǷ[38;2;62;38;37;48;2;57;36;32m±[38;2;64;40;37;48;2;56;36;29mⱓ[38;2;66;41;45;48;2;75;47;54mቝ[38;2;55;35;27;48;2;63;41;37mꧻ[38;2;54;36;30;48;2;67;41;40mᶯ[38;2;47;29;21;48;2;56;36;31mᱷ[38;2;63;42;44;48;2;49;26;20mᤝ[38;2;79;50;60;48;2;90;67;82m▍[38;2;71;55;57;48;2;82;65;70mᰛ[38;2;81;60;63;48;2;89;70;79mᚁ[38;2;143;134;126;48;2;64;44;40mข[38;2;46;29;18;48;2;140;132;116m⡀[38;2;143;136;124;48;2;124;116;100mꪙ[38;2;123;113;106;48;2;145;134;124mᶪ[38;2;123;111;101;48;2;140;129;119mᶪ[38;2;128;116;103;48;2;144;133;118mꢛ[38;2;146;134;125;48;2;120;104;93mḳ[38;2;145;130;119;48;2;136;121;109mꗪ[38;2;23;14;6;48;2;143;129;118mᤕ[38;2;27;24;7;48;2;46;31;17mკ[38;2;83;58;67;48;2;55;28;28mᤝ[38;2;84;56;72;48;2;47;28;20m▍[38;2;62;41;40;48;2;53;32;26mᥔ[38;2;81;57;63;48;2;95;71;89m▍[38;2;78;49;70;48;2;86;65;84mኺ[38;2;101;72;99;48;2;94;63;86mആ[38;2;110;64;91;48;2;98;60;88m⠲[38;2;102;52;77;48;2;123;70;97mᢺ[38;2;138;68;98;48;2;119;66;93mᱭ[38;2;128;64;95;48;2;103;57;85mᗴ[38;2;99;57;87;48;2;97;54;80m࿎[38;2;103;60;90;48;2;111;71;102mႸ[38;2;109;69;100;48;2;106;68;98mṘ[38;2;100;62;93;48;2;107;72;104m⢁[38;2;109;75;104;48;2;102;68;97m⩴[38;2;108;74;104;48;2;105;71;100m᭞[38;2;103;74;102;48;2;111;82;112m▍[38;2;121;98;125;48;2;111;88;116m⫚[38;2;119;101;125;48;2;121;103;127mΤ[38;2;125;107;131mዩ[0m
[38;2;56;37;25;48;2;76;60;48m⫚[38;2;53;36;27;48;2;45;28;18mዘ[38;2;49;28;21;48;2;39;21;12mⰰ[38;2;41;25;17;48;2;56;31;36m‸[38;2;52;29;28;48;2;65;40;40mᜰ[38;2;46;26;20;48;2;55;36;32mꤏ[38;2;80;48;59;48;2;61;37;36m⫚[38;2;68;41;47;48;2;89;49;71m⫕[38;2;78;47;59;48;2;63;38;43mᤏ[38;2;88;54;71;48;2;78;48;62mᧈ[38;2;81;44;67;48;2;90;53;78mᡕ[38;2;102;65;90;48;2;88;51;72mᜫ[38;2;98;56;85;48;2;88;53;74m⠋[38;2;91;57;77;48;2;106;63;90mᡝ[38;2;107;62;92;48;2;98;60;90mझ[38;2;103;64;93;48;2;97;56;85mḿ[38;2;134;80;112;48;2;102;66;90mৠ[38;2;102;66;100;48;2;129;74;109mᾚ[38;2;102;66;98;48;2;95;60;84mꚬ[38;2;72;41;56;48;2;88;51;69mᥗ[38;2;77;46;56;48;2;57;31;37mꗷ[38;2;58;40;33;48;2;47;28;19mዡ[38;2;45;27;20;48;2;51;30;31mᬡ[38;2;43;23;16;48;2;71;39;42mჄ[38;2;53;33;24;48;2;62;40;36m꩕[38;2;44;25;18;48;2;58;40;34m᧶[38;2;50;32;21;48;2;42;24;14mѧ[38;2;75;60;68;48;2;61;39;41m⫛[38;2;91;84;86;48;2;88;75;79mഅ[38;2;81;72;69;48;2;44;34;21mᑥ[38;2;49;38;25;48;2;72;69;47mᗟ[38;2;61;55;38;48;2;49;36;20mႸ[38;2;51;43;24;48;2;42;32;15m⨆[38;2;58;51;31;48;2;53;40;23mⱕ[38;2;42;33;14;48;2;46;41;23mវ[38;2;55;40;25;48;2;39;25;11m᯼[38;2;55;44;33;48;2;65;48;40m┤[38;2;64;52;43;48;2;52;39;28mἥ[38;2;57;42;42;48;2;72;56;55mꙣ[38;2;60;42;39;48;2;53;34;27mᤊ[38;2;54;33;30;48;2;57;38;36mΤ[38;2;57;31;27;48;2;60;40;38m⡤[38;2;25;13;10;48;2;65;47;45m▗[38;2;52;36;31;48;2;14;11;0mᜀ[38;2;61;41;40;48;2;22;9;6mᜢ[38;2;47;28;24;48;2;52;36;34mถ[38;2;72;49;54;48;2;52;30;33m⢰[38;2;92;65;86;48;2;80;53;64m┃[38;2;73;55;59;48;2;81;66;74mጔ[38;2;80;59;72;48;2;94;70;85mព[38;2;45;28;17;48;2;73;54;53mᥟ[38;2;71;48;44;48;2;47;36;25mᠴ[38;2;136;125;115;48;2;29;22;5mᙧ[38;2;23;17;3;48;2;141;129;118m⣀[38;2;18;14;2;48;2;139;125;113m⣀[38;2;18;14;3;48;2;142;128;120m⣀[38;2;19;17;2;48;2;145;134;121m⣀[38;2;15;14;2;48;2;139;128;115m⣀[38;2;13;13;0;48;2;143;130;123m⣀[38;2;86;73;65;48;2;55;37;27mჄ[38;2;94;67;82;48;2;65;39;41mᤝ[38;2;102;71;92;48;2;52;30;29m▍[38;2;47;30;26;48;2;67;42;41mḋ[38;2;61;39;39;48;2;93;68;83m⡆[38;2;94;66;88;48;2;86;58;80m⣤[38;2;93;65;84;48;2;83;54;70m⨅[38;2;98;65;93;48;2;89;61;85mቶ[38;2;109;65;93;48;2;98;56;86mᰒ[38;2;98;43;72;48;2;136;66;95mᤝ[38;2;95;51;80;48;2;106;61;91mⳐ[38;2;100;53;84;48;2;102;60;93m⳦[38;2;110;68;100;48;2;98;61;93mᙪ[38;2;108;68;100;48;2;102;63;95mể[38;2;108;72;104mέ[38;2;104;70;102;48;2;102;67;100mࠁ[38;2;105;68;102;48;2;112;79;108mᓐ[38;2;108;81;107;48;2;114;89;114m꡷[38;2;123;104;128;48;2;117;94;120mᣨ[38;2;117;98;123;48;2;121;105;128m⣀[38;2;126;111;132;48;2;120;105;126m⨆[0m
[38;2;76;60;50;48;2;53;44;30m▍[38;2;54;37;24;48;2;50;29;19m༉[38;2;46;22;21;48;2;36;20;12mᏼ[38;2;46;27;17;48;2;30;17;8mᢠ[38;2;56;34;32;48;2;67;41;44m▍[38;2;50;32;25;48;2;71;43;47mⰺ[38;2;66;36;41;48;2;50;32;26m⟩[38;2;66;40;44;48;2;83;49;70m▖[38;2;65;36;49;48;2;88;53;72mᕎ[38;2;64;34;41;48;2;78;48;60m꡴[38;2;78;43;60;48;2;89;51;71m⣃[38;2;93;55;78;48;2;88;49;72mዡ[38;2;91;53;78;48;2;81;52;65mꮾ[38;2;95;56;85;48;2;90;53;80mᠩ[38;2;92;56;82;48;2;100;64;93mꡪ[38;2;100;61;91;48;2;94;57;82mጥ[38;2;105;68;101;48;2;103;67;98mⲍ[38;2;108;74;102;48;2;102;69;100m꜅[38;2;84;52;68;48;2;100;68;95mᥠ[38;2;69;40;55;48;2;77;46;60m⢐[38;2;73;44;54;48;2;54;30;31m▋[38;2;44;23;14;48;2;52;31;25m⡐[38;2;48;27;18;48;2;58;36;30mꔼ[38;2;66;40;45;48;2;58;36;38m℺[38;2;47;29;23;48;2;58;39;38m⠈[38;2;55;33;26;48;2;60;39;34mஊ[38;2;47;29;20;48;2;53;33;28mᑫ[38;2;69;53;48;48;2;59;43;38mᱍ[38;2;60;44;39;48;2;79;61;66mᦼ[38;2;64;51;43;48;2;79;67;61mᑹ[38;2;69;65;49;48;2;56;49;32mᙡ[38;2;47;37;19;48;2;56;47;27mഴ[38;2;51;45;25;48;2;58;53;30m␕[38;2;63;59;42;48;2;53;44;25m⠂[38;2;50;40;25;48;2;39;24;15m▋[38;2;46;28;16;48;2;68;51;45m▋[38;2;57;39;34;48;2;59;46;38mÍ[38;2;62;51;38;48;2;49;32;17mẃ[38;2;61;45;39;48;2;51;33;24m┡[38;2;58;41;37;48;2;51;30;23m▝[38;2;46;27;19;48;2;55;36;27mᛛ[38;2;50;33;26;48;2;62;41;38mᔼ[38;2;14;7;0;48;2;59;37;41mᤝ[38;2;10;10;1;48;2;7;6;1m෨[38;2;9;7;1;48;2;9;9;1mᤉ[38;2;44;28;21;48;2;7;8;2m⎺[38;2;64;40;43;48;2;8;8;3mᖜ[38;2;84;57;72;48;2;5;9;0mᙢ[38;2;11;4;2;48;2;89;67;79m⣀[38;2;7;6;0;48;2;91;74;80m⣀[38;2;9;8;1;48;2;66;49;46m⣀[48;2;78;54;57m⣀[38;2;13;10;3;48;2;54;34;26mᣍ[38;2;23;16;5;48;2;13;10;0m⠋[38;2;16;14;2;48;2;9;9;0mᗉ[38;2;11;9;1;48;2;15;13;0m⡦[38;2;17;15;0;48;2;13;11;0mᙗ[38;2;15;14;2mꕃ[38;2;16;12;2;48;2;12;10;0m⡋[38;2;56;37;26;48;2;15;13;2mᤝ[38;2;67;37;44;48;2;98;65;86m▋[38;2;94;72;88;48;2;76;51;57m▋[38;2;56;30;36;48;2;74;47;55mዥ[38;2;77;53;61;48;2;52;33;28mᤝ[38;2;102;77;98;48;2;80;60;76mꩮ[38;2;88;59;79;48;2;75;51;68mꡲ[38;2;90;65;82;48;2;76;58;68mᚘ[38;2;102;70;90;48;2;82;53;71mᘞ[38;2;105;56;84;48;2;118;64;89mᣤ[38;2;95;56;78;48;2;91;54;74mΞ[38;2;100;57;85;48;2;91;53;76mᴿ[38;2;98;59;90;48;2;97;56;88mỎ[38;2;98;64;92;48;2;100;67;98mṣ[38;2;106;70;102;48;2;102;67;97mḅ[38;2;110;76;105;48;2;100;68;98mต[38;2;115;86;116;48;2;110;78;108mǕ[38;2;110;83;114;48;2;116;92;123mᘋ[38;2;118;102;127;48;2;115;93;118mᧅ[38;2;117;102;124;48;2;122;107;132mᚌ[38;2;122;106;128;48;2;125;109;130m¡[0m
[38;2;81;62;50;48;2;65;46;36mⳑ[38;2;49;30;19;48;2;71;50;44m⫚[38;2;68;45;40;48;2;39;22;14m⡀[38;2;42;22;12;48;2;30;15;5m⨆[38;2;52;31;27;48;2;65;42;40mꬋ[38;2;59;36;34;48;2;67;42;44mᣮ[38;2;53;32;27;48;2;65;40;41mᙕ[38;2;80;50;62;48;2;55;32;29m▝[38;2;88;55;72;48;2;79;51;61m⠉[38;2;70;40;54;48;2;88;53;72mᤕ[38;2;88;51;63;48;2;73;40;50mᤛ[38;2;84;46;64;48;2;92;51;69mꭥ[38;2;78;47;59;48;2;86;51;71m⋃[38;2;88;55;75;48;2;79;49;65mᙁ[38;2;98;60;85;48;2;90;53;77m⠸[38;2;92;53;78;48;2;98;59;83mዐ[38;2;93;57;80;48;2;104;72;98m꤮[38;2;93;57;87;48;2;102;65;93mǕ[38;2;89;56;78;48;2;81;51;64mᏼ[38;2;70;40;47;48;2;78;49;60mᤝ[38;2;64;39;39;48;2;48;31;22mᏼ[38;2;56;38;31;48;2;50;30;20mᢄ[38;2;51;29;25;48;2;63;39;41mᙁ[38;2;57;37;37;48;2;69;46;55m⡅[38;2;56;37;36;48;2;69;44;48mᴶ[38;2;50;31;21;48;2;63;40;36mꢒ[38;2;55;36;34;48;2;66;49;47mᜤ[38;2;44;28;19;48;2;59;40;34m⣠[38;2;55;40;33;48;2;72;58;54mᓆ[38;2;71;64;51;48;2;62;51;41m⡍[38;2;50;38;20;48;2;57;49;32m᧭[38;2;72;67;43;48;2;56;51;31mᨦ[38;2;51;41;19;48;2;62;54;34mᨦ[38;2;58;51;36;48;2;51;38;22mႁ[38;2;57;44;30;48;2;44;34;18mႼ[38;2;53;38;27;48;2;64;47;40mⳐ[38;2;65;47;37;48;2;53;40;27m⊍[38;2;44;32;15;48;2;64;50;41mⱉ[38;2;58;39;31;48;2;49;31;21m≁[38;2;41;25;16;48;2;52;36;26mᑣ[38;2;54;33;28;48;2;47;28;20mᗃ[38;2;65;41;37;48;2;60;37;34mळ[38;2;45;29;26;48;2;62;39;37mᢕ[38;2;9;6;1;48;2;37;26;16mᜢ[38;2;12;9;0;48;2;8;6;0m▍[38;2;5;6;0;48;2;4;3;0mᡐ[38;2;3;2;0;48;2;7;6;1mꚏ[38;2;5;4;0;48;2;8;8;0m⠉[38;2;11;8;3;48;2;9;6;1m‟[38;2;5;6;1;48;2;7;8;1mᗲ[38;2;11;10;1;48;2;7;8;0m␁[38;2;13;8;1;48;2;8;8;0mⷐ[38;2;7;8;1;48;2;11;8;0mⴸ[38;2;11;10;2;48;2;7;5;0m꤀[38;2;18;15;6;48;2;11;7;1mᢗ[38;2;49;41;32;48;2;13;12;0m⡀[38;2;14;12;1;48;2;12;10;0mᱚ[38;2;16;16;4;48;2;13;11;0m⁻[38;2;15;12;1;48;2;10;8;0mꫦ[38;2;46;34;27;48;2;15;16;3mᤝ[38;2;86;55;71;48;2;70;50;47mಱ[38;2;85;54;72;48;2;72;47;53mᓞ[38;2;88;58;75;48;2;69;43;52mສ[38;2;78;56;66;48;2;68;48;47mጶ[38;2;93;69;88;48;2;74;54;63mຝ[38;2;88;65;81;48;2;78;55;67m༜[38;2;88;61;70;48;2;77;52;63m꧃[38;2;80;49;63;48;2;88;56;73mꠅ[38;2;94;55;75;48;2;120;65;89mⳐ[38;2;100;55;79;48;2;88;51;71mᣱ[38;2;113;69;98;48;2;97;52;84mព[38;2;123;67;97;48;2;98;58;84m▖[38;2;102;64;91;48;2;94;62;86mᳪ[38;2;98;59;89;48;2;102;64;92mꛁ[38;2;113;77;106;48;2;102;68;95mƓ[38;2;114;86;115;48;2;106;72;103mᥝ[38;2;116;97;123;48;2;112;86;115mᘺ[38;2;119;103;129;48;2;117;97;122mᖢ[38;2;124;109;132;48;2;120;103;129mʰ[38;2;130;116;135;48;2;120;105;126m᪑[0m
[38;2;83;57;51;48;2;98;71;65mᙧ[38;2;76;49;49;48;2;91;58;61mວ[38;2;58;36;36;48;2;78;49;55mᙪ[38;2;73;50;49;48;2;51;32;25m⣀[38;2;58;34;29;48;2;68;47;42mᓇ[38;2;89;61;68;48;2;68;39;41m⎽[38;2;68;39;45;48;2;78;51;56mᚌ[38;2;72;45;52;48;2;58;37;36m⣆[38;2;78;55;58;48;2;59;36;36m⫚[38;2;92;52;75;48;2;88;49;66mᠠ[38;2;86;50;64;48;2;98;61;76mᜠ[38;2;93;52;75;48;2;78;47;59m⪂[38;2;92;48;68;48;2;100;60;79mᘳ[38;2;102;66;88;48;2;80;49;62m⣄[38;2;79;47;58;48;2;89;52;72m˞[38;2;90;47;68;48;2;98;55;78mϽ[38;2;102;63;82;48;2;82;51;67mᢞ[38;2;98;62;90;48;2;84;55;65m⠋[38;2;79;46;57;48;2;83;53;63mⰹ[38;2;61;36;26;48;2;77;49;55mᤝ[38;2;66;47;32;48;2;51;29;23m⎽[38;2;65;47;41;48;2;52;30;24m▃[38;2;63;38;37;48;2;72;48;49mዽ[38;2;54;32;29;48;2;71;47;53mჄ[38;2;62;39;36;48;2;74;49;56mᴼ[38;2;67;43;43;48;2;56;34;30m▃[38;2;56;36;30;48;2;64;44;39m⪕[38;2;55;38;27;48;2;46;26;19mꟐ[38;2;69;51;44;48;2;55;44;26mᙠ[38;2;59;46;33;48;2;69;56;43m᳂[38;2;50;42;22;48;2;60;50;34m᧶[38;2;57;50;28;48;2;72;68;47m▍[38;2;50;38;19;48;2;67;53;33mⰧ[38;2;55;41;26;48;2;44;28;15m⢁[38;2;46;28;21;48;2;58;45;34m⠇[38;2;49;31;22;48;2;59;42;32mᴖ[38;2;62;53;41;48;2;51;38;23mꭝ[38;2;62;45;41;48;2;70;57;52mᤞ[38;2;39;23;12;48;2;60;43;37mຩ[38;2;51;31;22;48;2;66;49;42mᜧ[38;2;52;31;25;48;2;64;43;39mጉ[38;2;71;49;47;48;2;65;44;43mỹ[38;2;51;33;25;48;2;60;40;38mᨫ[38;2;42;27;16;48;2;61;40;33mᘹ[38;2;15;8;0;48;2;49;27;18mᕎ[38;2;6;7;1;48;2;68;46;43mᙓ[38;2;9;7;2;48;2;95;76;90mᜅ[38;2;100;73;94;48;2;11;11;1m▃[38;2;97;71;82;48;2;11;9;1m▃[38;2;64;53;40;48;2;10;7;0m⣀[38;2;71;53;46;48;2;13;10;3m▃[38;2;12;9;1;48;2;79;55;59mᜏ[38;2;13;13;3;48;2;84;59;68m⠉[38;2;21;9;3;48;2;69;49;50m⠉[38;2;44;27;16;48;2;56;40;26mᖻ[38;2;44;31;21;48;2;67;47;39mᣠ[38;2;17;16;2;48;2;38;25;12mᜋ[38;2;46;32;14;48;2;17;14;1m⣀[38;2;34;30;13m⣀[38;2;31;27;10;48;2;16;12;3m⣀[38;2;36;23;10;48;2;50;33;23m˞[38;2;53;35;22;48;2;61;39;29m҂[38;2;74;53;45;48;2;57;38;27m⡀[38;2;63;42;39;48;2;69;46;47mꠄ[38;2;64;43;39;48;2;76;54;60m⡦[38;2;82;58;68;48;2;80;53;61mⷎ[38;2;68;45;49;48;2;84;59;68mߪ[38;2;79;50;63;48;2;88;61;68mጦ[38;2;84;48;64;48;2;92;53;73m▍[38;2;102;63;88;48;2;90;52;73mᤁ[38;2;129;68;100;48;2;93;52;78mᤝ[38;2;135;62;98;48;2;100;56;82m▋[38;2;94;56;81;48;2;98;58;84m᪔[38;2;94;62;85;48;2;102;69;93mᘳ[38;2;100;66;92;48;2;108;74;103mᗗ[38;2;106;73;103;48;2;111;80;112mႁ[38;2;109;81;112;48;2;118;92;118mኇ[38;2;116;93;118;48;2;119;103;129mᚙ[38;2;116;98;121;48;2;120;102;130mꢬ[38;2;116;104;127;48;2;127;113;136m▋[0m
