[?25l[0m[38;2;83;74;65;48;2;179;168;156m▞[38;2;93;91;98;48;2;156;153;156m▗[38;2;119;114;121;48;2;104;99;107m▔[38;2;95;83;93;48;2;86;73;83m▘[38;2;86;82;91;48;2;85;75;84m▝[38;2;109;114;125;48;2;95;94;105m▐[38;2;127;137;149;48;2;119;126;137m▝[38;2;120;137;148;48;2;135;152;158m▃[38;2;197;204;198;48;2;161;176;174m▝[38;2;203;210;206;48;2;211;218;212m▕[38;2;183;192;190;48;2;158;167;170m▍[38;2;156;161;161;48;2;132;133;130m▃[38;2;197;192;178;48;2;187;183;173m▐[38;2;231;220;204;48;2;138;122;116m▊[38;2;90;67;66;48;2;90;67;68m▔[38;2;92;66;68;48;2;93;68;69m▊[38;2;100;67;66;48;2;92;66;67m▃[38;2;100;64;64;48;2;93;64;67m▂[38;2;105;69;66;48;2;93;62;62m▃[38;2;100;67;65;48;2;95;67;67m▂[38;2;99;70;71;48;2;93;67;68m▅[38;2;98;71;73;48;2;92;65;67m▅[38;2;49;20;22;48;2;95;68;70m▝[48;2;51;18;21m [38;2;52;19;23;48;2;106;77;76m▆[38;2;50;23;25;48;2;102;73;73m▃[38;2;72;40;40;48;2;102;71;69m▂[38;2;101;67;64;48;2;102;69;67m▁[38;2;98;70;65;48;2;98;70;66m▞[38;2;95;62;61;48;2;97;71;66m▐[38;2;83;45;47;48;2;94;51;50m▗[38;2;95;46;45;48;2;109;49;47m▖[38;2;111;56;52;48;2;124;53;50m▀[38;2;118;52;47;48;2;108;58;54m▖[38;2;135;37;34;48;2;109;43;40m▝[38;2;140;32;28;48;2;146;33;31m▁[38;2;126;37;30;48;2;108;47;47m▖[38;2;88;51;46;48;2;96;58;54m▃[38;2;102;53;50;48;2;105;63;57m▂[38;2;105;55;52;48;2;102;68;63m▅[38;2;107;58;55;48;2;104;68;62m▆[38;2;104;63;60;48;2;109;61;57m▀[38;2;122;64;58;48;2;111;66;64m▁[38;2;104;47;46;48;2;109;55;55m▐[38;2;114;34;37;48;2;144;31;31m▊[38;2;174;35;30;48;2;167;26;20m▀[38;2;133;53;47;48;2;155;34;27m▝[38;2;151;43;33;48;2;115;48;40m▃[38;2;81;20;21;48;2;57;20;19m▖[38;2;67;19;20;48;2;55;19;18m▔[38;2;63;21;21;48;2;86;32;28m▖[38;2;85;24;21;48;2;94;30;35m▆[38;2;93;27;26;48;2;110;46;39m▖[38;2;127;48;41;48;2;134;40;39m▆[38;2;169;36;34;48;2;145;45;41m▀[38;2;155;39;38;48;2;149;38;35m▘[38;2;182;49;33;48;2;160;43;37m▐[38;2;242;59;28;48;2;186;43;24m▐[38;2;169;42;23;48;2;245;64;32m▐[38;2;153;37;27;48;2;138;36;29m▅[38;2;148;41;38;48;2;131;44;41m▘[38;2;118;52;41;48;2;122;51;43m▐[38;2;115;53;46;48;2;111;50;41m▀[38;2;113;53;47;48;2;89;28;22m▊[38;2;103;33;25;48;2;89;25;24m▂[38;2;73;22;29;48;2;96;38;37m▊[38;2;97;42;39;48;2;108;50;47m▂[38;2;111;51;43;48;2;148;58;50m▊[38;2;111;33;28;48;2;123;53;41m▁[38;2;125;45;40;48;2;119;54;50m▃[38;2;162;39;35;48;2;132;51;45m▗[38;2;169;41;36;48;2;220;39;27m▘[38;2;162;38;32;48;2;193;38;26m▐[38;2;128;57;50;48;2;163;42;41m▀[0m
[38;2;139;132;126;48;2;188;185;184m▏[38;2;163;163;165;48;2;79;76;82m▖[38;2;63;60;67;48;2;92;90;97m▆[38;2;90;83;91;48;2;82;72;78m▘[38;2;75;62;71;48;2;79;70;78m▆[38;2;89;86;95;48;2;82;70;77m▝[38;2;87;84;92;48;2;107;115;123m▅[38;2;104;103;113;48;2;109;123;134m▃[38;2;107;116;128;48;2;142;150;151m▖[38;2;185;194;185;48;2;218;221;210m▍[38;2;187;191;188;48;2;214;218;207m▝[38;2;150;148;140;48;2;193;193;182m▗[38;2;123;114;108;48;2;172;166;155m▅[38;2;197;184;170;48;2;229;221;203m▖[38;2;230;218;201;48;2;84;67;61m▍[38;2;92;68;65;48;2;98;63;64m▍[38;2;148;36;41;48;2;103;58;57m▗[38;2;163;45;37;48;2;103;60;59m▃[38;2;113;55;51;48;2;101;64;60m▁[38;2;104;68;67;48;2;100;63;59m▝[38;2;105;72;71;48;2;100;66;67m▁[38;2;98;65;68;48;2;107;68;67m▀[38;2;100;69;69;48;2;100;63;62m▀[38;2;61;30;31;48;2;98;60;60m▝[38;2;60;26;27;48;2;42;13;12m▖[38;2;42;16;18;48;2;48;20;23m▅[38;2;47;21;22;48;2;53;23;24m▆[38;2;96;59;58;48;2;53;22;22m▝[38;2;97;60;59;48;2;100;61;62m▏[38;2;96;58;57;48;2;106;43;42m▀[38;2;99;54;52;48;2;120;31;30m▀[38;2;118;33;26;48;2;94;32;32m▂[38;2;98;28;30;48;2;116;49;49m▅[38;2;105;35;32;48;2;108;39;37m▆[38;2;107;39;36;48;2;112;49;43m▁[38;2;131;29;24;48;2;111;39;38m▐[38;2;112;37;33;48;2;142;28;24m▝[38;2;122;37;30;48;2;99;43;41m▂[38;2;113;39;33;48;2;104;45;40m▗[38;2;149;27;25;48;2;113;42;38m▃[38;2;125;44;40;48;2;182;25;25m▀[38;2;189;21;16;48;2;129;40;38m▃[38;2;148;24;20;48;2;120;32;33m▃[38;2;109;29;28;48;2;115;49;45m▆[38;2;122;27;27;48;2;141;27;27m▊[38;2;188;22;18;48;2;173;20;15m▅[38;2;190;21;15;48;2;174;12;7m▝[38;2;186;27;18;48;2;157;29;22m▊[38;2;109;12;18;48;2;83;24;26m▍[38;2;72;21;22;48;2;61;22;21m▃[38;2;81;21;20;48;2;71;20;22m▕[38;2;113;28;24;48;2;92;19;12m▀[38;2;112;20;21;48;2;92;20;26m▃[38;2;97;30;32;48;2;112;46;41m▆[38;2;113;30;30;48;2;127;44;43m▆[48;2;126;37;32m [38;2;127;36;31;48;2;139;40;32m▀[38;2;229;67;25;48;2;152;30;18m▐[38;2;249;84;38;48;2;198;40;17m▊[38;2;168;37;22;48;2;135;29;27m▍[38;2;125;41;41;48;2;100;23;14m▆[38;2;96;31;26;48;2;106;41;33m▃[38;2;100;33;28;48;2;88;24;19m▆[38;2;115;38;28;48;2;100;33;30m▕[38;2;188;88;68;48;2;128;47;37m▖[38;2;91;29;21;48;2;80;25;24m▖[38;2;69;24;23;48;2;78;27;28m▆[38;2;93;31;29;48;2;76;25;27m▔[38;2;99;30;26;48;2;80;25;26m▔[38;2;94;20;22;48;2;117;36;35m▆[38;2;167;32;26;48;2;135;31;27m▐[38;2;175;22;13;48;2;224;43;36m▃[38;2;197;31;23;48;2;172;24;18m▗[48;2;194;27;25m [0m
[38;2;51;43;44;48;2;185;186;184m▖[38;2;136;142;143;48;2;175;177;175m▗[38;2;158;156;156;48;2;87;85;86m▆[38;2;174;173;172;48;2;69;65;67m▅[38;2;72;63;70;48;2;191;190;184m▀[38;2;75;64;69;48;2;207;197;197m▀[38;2;190;177;171;48;2;83;77;82m▅[38;2;186;172;165;48;2;110;110;116m▆[38;2;203;198;194;48;2;159;151;151m▀[38;2;167;169;169;48;2;205;208;199m▖[38;2;218;219;207;48;2;225;225;211m▖[38;2;191;191;180;48;2;167;167;157m▆[38;2;200;199;194;48;2;134;130;125m▖[38;2;209;191;175;48;2;125;114;106m▐[38;2;209;188;175;48;2;231;218;202m▝[38;2;119;99;87;48;2;95;65;57m▏[38;2;124;37;34;48;2;107;64;61m▝[38;2;192;30;33;48;2;114;40;39m▀[38;2;207;31;24;48;2;148;41;30m▅[38;2;115;67;62;48;2;184;49;43m▀[38;2;127;63;60;48;2;106;65;67m▖[38;2;103;62;60;48;2;105;61;62m▃[38;2;103;61;60;48;2;110;64;60m▀[38;2;103;52;51;48;2;103;59;58m▃[38;2;45;15;14;48;2;89;49;50m▝[38;2;42;12;14;48;2;38;15;15m▏[38;2;37;11;12;48;2;43;16;17m▁[38;2;39;13;14;48;2;42;17;13m▃[38;2;93;30;24;48;2;54;15;13m▝[38;2;104;30;24;48;2;147;29;33m▍[38;2;150;22;20;48;2;157;24;19m▔[38;2;179;24;20;48;2;159;29;28m▆[38;2;166;20;14;48;2;133;27;22m▖[38;2;115;38;37;48;2;119;31;27m▐[38;2;118;41;39;48;2;109;38;36m▆[38;2;125;41;36;48;2;122;45;37m▐[38;2;137;33;28;48;2;158;34;30m▍[38;2;148;34;24;48;2;184;35;32m▝[38;2;161;40;33;48;2;135;29;26m▆[38;2;201;20;21;48;2;175;28;28m▝[38;2;173;36;30;48;2;206;23;15m▂[38;2;157;33;30;48;2;194;17;14m▃[38;2;139;49;39;48;2;159;27;22m▅[38;2;108;34;31;48;2;125;34;34m▗[38;2;118;22;15;48;2;111;26;27m▝[38;2;105;22;24;48;2;147;18;17m▅[38;2;93;19;24;48;2;143;13;15m▅[38;2;81;25;25;48;2;126;17;18m▆[38;2;171;87;59;48;2;80;23;25m▁[38;2;215;158;121;48;2;91;38;38m▁[38;2;218;167;131;48;2;101;25;23m▂[38;2;225;172;139;48;2;137;19;18m▂[38;2;229;186;153;48;2;139;13;18m▂[38;2;228;190;153;48;2;130;20;18m▂[38;2;229;195;157;48;2;111;31;32m▂[38;2;232;203;160;48;2;100;32;31m▂[38;2;241;196;141;48;2;161;22;15m▂[38;2;225;163;102;48;2;190;33;20m▂[38;2;247;150;82;48;2;254;105;52m▂[38;2;246;80;28;48;2;200;29;14m▖[38;2;186;44;32;48;2;131;40;24m▖[38;2;129;62;36;48;2;98;28;28m▁[38;2;114;27;21;48;2;89;29;29m▂[38;2;118;36;20;48;2;84;21;24m▕[38;2;193;97;74;48;2;119;33;18m▘[38;2;123;18;18;48;2;97;27;23m▃[38;2;117;24;20;48;2;77;23;22m▃[38;2;131;14;15;48;2;78;23;21m▂[38;2;106;18;20;48;2;87;23;24m▃[38;2;132;22;22;48;2;94;18;22m▝[38;2;156;25;24;48;2;201;32;29m▍[38;2;182;19;12;48;2;211;19;11m▔[38;2;200;22;19;48;2;178;17;18m▀[38;2;175;21;23;48;2;149;25;25m▘[0m
[38;2;97;93;91;48;2;44;30;38m▕[38;2;137;150;152;48;2;202;198;191m▕[38;2;113;130;137;48;2;89;102;114m▖[38;2;127;132;133;48;2;76;92;109m▝[38;2;108;115;122;48;2;159;158;153m▃[38;2;132;124;128;48;2;117;98;101m▍[38;2;122;90;93;48;2;134;111;110m▆[38;2;122;97;99;48;2;131;109;110m▆[38;2;133;135;132;48;2;122;108;113m▕[38;2;145;149;145;48;2;170;179;172m▏[38;2;194;198;189;48;2;223;222;207m▍[38;2;191;194;181;48;2;224;223;207m▝[38;2;125;127;127;48;2;160;168;160m▐[38;2;149;134;126;48;2;117;102;107m▕[38;2;179;156;147;48;2;233;214;200m▖[38;2;94;64;62;48;2;240;223;207m▐[38;2;93;50;48;48;2;104;55;57m▖[38;2;109;53;51;48;2;112;59;58m▂[38;2;160;38;25;48;2;123;48;45m▔[38;2;134;29;25;48;2;197;32;22m▅[38;2;127;53;49;48;2;159;44;40m▐[38;2;117;51;50;48;2;110;59;58m▖[38;2;107;58;56;48;2;113;65;61m▆[38;2;103;55;51;48;2;102;54;50m▊[38;2;95;49;47;48;2;89;44;41m▍[38;2;91;44;43;48;2;57;19;19m▅[38;2;93;46;45;48;2;36;9;6m▖[38;2;37;11;10;48;2;40;14;15m▅[38;2;45;8;10;48;2;37;7;9m▔[38;2;130;30;36;48;2;50;13;12m▝[38;2;106;23;24;48;2;155;32;38m▃[38;2;149;19;13;48;2;116;16;7m▀[38;2;135;26;21;48;2;158;48;37m▝[38;2;100;25;20;48;2;109;34;31m▂[38;2;84;21;17;48;2;123;48;42m▂[38;2;93;26;21;48;2;118;47;41m▃[38;2;98;30;26;48;2;120;43;42m▖[38;2;187;34;26;48;2;136;24;18m▐[38;2;167;39;31;48;2;207;38;30m▝[38;2;157;40;25;48;2;136;29;22m▂[38;2;150;43;37;48;2;115;39;34m▔[38;2;136;48;41;48;2;110;39;30m▔[38;2;129;49;43;48;2;113;39;33m▔[38;2;114;38;35;48;2;107;30;24m▂[38;2;192;108;73;48;2;121;21;20m▁[38;2;224;154;119;48;2;118;20;21m▃[38;2;231;175;141;48;2;88;30;29m▅[38;2;225;171;139;48;2;148;72;51m▆[38;2;223;144;108;48;2;207;179;159m▔[38;2;204;176;158;48;2;244;199;168m▅[38;2;213;183;161;48;2;190;161;144m▀[38;2;181;150;133;48;2;206;176;157m▃[38;2;196;169;143;48;2;226;195;164m▆[38;2;190;162;140;48;2;226;196;162m▆[38;2;192;165;147;48;2;231;203;173m▅[38;2;219;190;159;48;2;188;160;139m▀[38;2;200;173;151;48;2;223;196;165m▃[38;2;206;179;152;48;2;241;209;169m▃[38;2;223;192;161;48;2;228;189;135m▆[38;2;222;140;93;48;2;218;191;164m▔[38;2;219;165;111;48;2;237;201;139m▔[38;2;176;127;73;48;2;227;198;157m▔[38;2;241;206;160;48;2;145;76;42m▆[38;2;220;194;159;48;2;106;40;27m▅[38;2;108;21;19;48;2;235;195;159m▀[38;2;235;193;152;48;2;130;23;23m▃[38;2;235;183;129;48;2;172;57;26m▃[38;2;205;143;81;48;2;205;26;26m▃[38;2;121;55;29;48;2;129;21;22m▁[38;2;149;31;28;48;2;101;10;15m▗[38;2;177;25;29;48;2;189;28;31m▂[38;2;123;15;14;48;2;181;28;29m▗[38;2;148;60;41;48;2;121;30;28m▗[38;2;160;74;52;48;2;112;29;25m▖[0m
[38;2;93;77;80;48;2;45;37;40m▖[38;2;206;203;197;48;2;47;44;42m▐[38;2;154;164;162;48;2;109;124;128m▍[38;2;92;110;126;48;2;80;94;108m▃[38;2;89;101;113;48;2;111;118;125m▊[38;2;129;111;110;48;2;135;128;135m▝[38;2;144;125;120;48;2;126;103;99m▝[38;2;130;111;106;48;2;121;96;94m▘[38;2;170;163;159;48;2;116;101;98m▝[38;2;144;137;132;48;2;191;188;182m▂[38;2;211;213;198;48;2;176;181;173m▐[38;2;226;227;210;48;2;228;230;212m▏[38;2;157;159;155;48;2;210;214;203m▐[38;2;139;139;140;48;2;120;114;118m▖[38;2;199;174;154;48;2;131;117;110m▐[38;2;233;211;192;48;2;239;220;195m▕[38;2;149;125;110;48;2;95;55;51m▖[38;2;105;47;47;48;2;102;49;49m▔[38;2;112;55;52;48;2;112;35;31m▆[38;2;116;52;44;48;2;124;42;36m▂[38;2;120;49;40;48;2;115;51;47m▊[38;2;107;52;49;48;2;108;57;58m▂[38;2;109;61;59;48;2;108;57;57m▅[38;2;94;45;41;48;2;107;55;55m▁[38;2;74;25;23;48;2;98;44;46m▂[38;2;55;18;19;48;2;77;29;31m▂[38;2;66;26;23;48;2;86;43;41m▆[38;2;40;9;10;48;2;70;28;26m▝[38;2;49;18;15;48;2;40;11;14m▖[38;2;47;12;17;48;2;43;11;14m▗[38;2;74;18;19;48;2;56;15;13m▃[38;2;107;22;22;48;2;74;18;17m▁[38;2;102;33;23;48;2;81;20;20m▝[38;2;92;26;18;48;2;102;32;24m▐[38;2;110;33;29;48;2;98;30;25m▐[38;2;103;40;33;48;2;119;44;40m▀[38;2;130;49;41;48;2;102;36;28m▅[38;2;146;25;23;48;2;129;41;33m▝[38;2;159;19;17;48;2;221;35;23m▖[38;2;162;38;22;48;2;228;42;18m▝[38;2;161;20;15;48;2;125;41;36m▖[38;2;127;47;35;48;2;119;42;31m▁[38;2;219;171;124;48;2;121;44;40m▂[38;2;230;176;131;48;2;131;52;39m▅[38;2;220;146;104;48;2;187;159;134m▔[38;2;177;148;135;48;2;215;173;141m▅[38;2;145;126;112;48;2;185;155;140m▂[38;2;197;166;152;48;2;164;141;130m▀[38;2;194;166;145;48;2;176;153;140m▀[38;2;211;194;180;48;2;182;154;139m▂[38;2;216;198;181;48;2;188;168;151m▂[38;2;189;162;144;48;2;204;182;165m▔[38;2;167;153;136;48;2;202;190;171m▁[38;2;181;157;138;48;2;213;192;175m▔[38;2;202;183;166;48;2;171;147;128m▅[38;2;197;173;158;48;2;176;156;141m▞[38;2;168;143;128;48;2;177;156;144m▝[38;2;156;133;122;48;2;175;147;131m▃[38;2;130;108;95;48;2;198;170;150m▖[38;2;156;134;120;48;2;205;177;153m▃[38;2;192;164;140;48;2;156;130;116m▀[38;2;212;188;174;48;2;181;154;135m▗[38;2;179;155;136;48;2;219;196;181m▘[38;2;191;172;153;48;2;231;210;182m▃[38;2;147;123;106;48;2;225;201;176m▂[38;2;134;105;88;48;2;226;194;174m▃[38;2;158;126;106;48;2;225;193;165m▃[38;2;183;149;125;48;2;232;203;158m▃[38;2;216;182;150;48;2;173;126;72m▆[38;2;129;28;22;48;2;224;186;136m▀[38;2;172;99;68;48;2;160;26;23m▁[38;2;199;27;26;48;2;159;18;20m▅[38;2;213;112;73;48;2;169;27;16m▝[38;2;217;123;81;48;2;163;24;21m▘[0m
[38;2;69;50;55;48;2;114;97;99m▀[38;2;70;58;55;48;2;158;150;146m▊[38;2;122;134;135;48;2;193;193;191m▝[38;2;103;118;129;48;2;89;110;130m▖[38;2;96;107;116;48;2;83;98;110m▕[38;2;106;116;125;48;2;129;130;134m▍[38;2;126;106;106;48;2;128;96;96m▍[38;2;117;86;79;48;2;123;94;92m▃[38;2;176;172;166;48;2;125;108;106m▆[38;2;163;157;150;48;2;132;132;131m▖[38;2;146;150;144;48;2;184;188;178m▊[38;2;199;203;188;48;2;221;221;201m▍[38;2;228;224;207;48;2;199;199;190m▊[38;2;175;175;169;48;2;147;144;149m▖[38;2;146;138;139;48;2;137;119;108m▖[38;2;163;138;119;48;2;235;213;187m▖[38;2;105;74;64;48;2;246;221;198m▐[38;2;85;48;36;48;2;94;54;51m▂[38;2;73;27;25;48;2;106;63;55m▂[38;2;111;54;45;48;2;88;40;34m▀[38;2;97;47;40;48;2;108;37;34m▖[38;2;107;41;39;48;2;127;42;38m▀[38;2;119;43;41;48;2;105;44;38m▃[38;2;102;46;40;48;2;88;39;32m▆[38;2;71;25;24;48;2;101;49;47m▀[38;2;83;34;36;48;2;55;16;19m▖[38;2;65;21;18;48;2;59;19;18m▕[38;2;93;44;37;48;2;69;25;21m▗[38;2;154;101;90;48;2;74;24;22m▖[38;2;70;22;24;48;2;53;12;18m▖[38;2;85;17;18;48;2;62;12;15m▝[38;2;169;30;29;48;2;116;20;21m▐[38;2;203;25;20;48;2;123;19;19m▅[38;2;151;10;10;48;2;90;22;21m▃[38;2;128;22;23;48;2;156;25;23m▍[38;2;186;22;20;48;2;144;28;24m▃[38;2;141;22;19;48;2;126;30;29m▂[38;2;141;39;37;48;2;133;32;32m▗[38;2;187;23;13;48;2;160;30;30m▝[38;2;190;24;12;48;2;245;51;23m▖[38;2;222;146;88;48;2;230;45;17m▗[38;2;235;190;144;48;2;157;96;61m▆[38;2;147;123;101;48;2;220;196;162m▂[38;2;97;70;63;48;2;159;137;112m▃[38;2;111;89;81;48;2;152;126;112m▆[38;2;165;150;141;48;2;131;112;98m▃[38;2;160;140;126;48;2;176;161;147m▘[38;2;202;186;173;48;2;158;141;129m▀[38;2;206;190;177;48;2;150;135;124m▀[38;2;207;195;180;48;2;126;112;103m▀[38;2;106;87;80;48;2;197;180;170m▃[38;2;191;170;158;48;2;141;121;113m▀[38;2;139;121;113;48;2;163;146;130m▃[38;2;137;120;111;48;2;186;169;153m▅[38;2;147;131;122;48;2;179;162;150m▃[38;2;184;165;150;48;2;142;124;113m▀[38;2;175;155;146;48;2;146;128;120m▘[38;2;160;140;133;48;2;126;106;100m▘[38;2;139;118;110;48;2;110;91;84m▐[38;2;158;137;129;48;2;124;104;92m▏[38;2;139;121;106;48;2;184;164;157m▘[38;2;138;120;111;48;2;209;191;178m▃[38;2;193;176;164;48;2;173;156;142m▗[38;2;197;179;166;48;2;170;147;133m▅[38;2;172;150;135;48;2;198;184;168m▔[38;2;198;182;168;48;2;192;174;156m▆[38;2;200;176;159;48;2;171;149;135m▀[38;2;157;126;110;48;2;202;170;152m▅[38;2;154;123;104;48;2;196;165;147m▅[38;2;152;120;100;48;2;204;172;145m▃[38;2;207;160;114;48;2;204;170;148m▔[38;2;231;181;128;48;2;205;27;24m▅[38;2;241;69;40;48;2;223;26;18m▁[38;2;247;36;16;48;2;213;36;22m▆[0m
[38;2;100;74;75;48;2;47;29;31m▀[38;2;97;74;74;48;2;113;87;85m▖[38;2;117;95;86;48;2;203;195;188m▍[38;2;168;169;164;48;2;99;112;118m▍[38;2;94;103;115;48;2;84;97;110m▖[38;2;122;128;132;48;2;99;105;112m▐[38;2;125;103;99;48;2;143;135;132m▝[38;2;127;99;93;48;2;125;88;83m▍[38;2;142;119;115;48;2;126;91;84m▔[38;2;114;84;78;48;2;140;121;118m▖[38;2;151;153;146;48;2;129;129;125m▕[38;2;206;207;193;48;2;172;176;167m▐[38;2;222;222;205;48;2;233;229;211m▏[38;2;177;178;172;48;2;213;212;199m▐[38;2;144;132;123;48;2;151;148;145m▐[38;2;200;168;144;48;2;150;115;99m▝[38;2;227;198;169;48;2;241;220;190m▏[38;2;218;190;169;48;2;107;54;48m▖[38;2;88;41;40;48;2;103;55;51m▔[38;2;102;53;51;48;2;106;54;54m▖[38;2;105;56;51;48;2;106;56;55m▔[38;2;143;51;50;48;2;115;58;57m▝[38;2;129;44;39;48;2;159;43;40m▂[38;2;125;37;33;48;2;178;39;25m▀[38;2;131;41;34;48;2;117;54;46m▖[38;2;81;33;30;48;2;106;45;38m▝[38;2;96;29;19;48;2;55;10;13m▃[38;2;79;28;17;48;2;68;13;14m▕[38;2;107;43;38;48;2;142;80;59m▆[38;2;202;128;101;48;2;98;41;24m▆[38;2;201;132;92;48;2;98;30;23m▖[38;2;101;11;11;48;2;81;12;11m▔[38;2;98;10;7;48;2;173;14;15m▖[38;2;206;8;12;48;2;193;9;10m▆[38;2;224;16;14;48;2;193;18;21m▆[38;2;210;9;12;48;2;215;13;17m▂[38;2;150;22;17;48;2;196;9;12m▝[38;2;161;26;24;48;2;124;28;21m▖[38;2;154;29;28;48;2;133;30;29m▗[38;2;235;176;128;48;2;177;37;28m▗[38;2;148;121;96;48;2;229;187;146m▗[38;2;197;161;132;48;2;110;82;63m▘[38;2;141;116;104;48;2;100;72;60m▃[38;2;124;95;86;48;2;153;135;121m▀[38;2;142;123;110;48;2;152;134;124m▘[38;2;148;130;119;48;2;149;130;119m▕[38;2;153;135;124;48;2;119;102;93m▃[38;2;163;144;134;48;2;100;82;73m▂[38;2;119;101;93;48;2;95;72;63m▀[38;2;102;65;54;48;2;126;101;92m▂[38;2;131;88;75;48;2;90;68;62m▆[38;2;119;90;82;48;2;92;68;62m▞[38;2;124;101;96;48;2;88;58;53m▀[38;2;104;83;76;48;2;118;83;76m▕[38;2;116;94;88;48;2;92;73;62m▗[38;2;123;105;95;48;2;93;68;60m▀[38;2;129;110;102;48;2;95;76;67m▝[38;2;104;77;68;48;2;120;102;94m▅[38;2;80;56;48;48;2;109;89;82m▊[38;2;156;136;129;48;2;132;107;96m▝[38;2;108;87;81;48;2;173;153;146m▆[38;2;163;142;136;48;2;135;116;107m▐[38;2;145;123;118;48;2;185;168;159m▃[38;2;116;97;85;48;2;189;174;162m▃[38;2;196;181;167;48;2;140;121;108m▀[48;2;190;170;158m [38;2;171;155;141;48;2;204;189;173m▂[38;2;168;153;140;48;2;203;188;173m▂[38;2;185;167;157;48;2;167;148;134m▅[38;2;144;113;102;48;2;179;154;147m▀[38;2;180;146;126;48;2;143;114;105m▔[38;2;151;113;100;48;2;197;162;140m▃[38;2;247;83;49;48;2;239;180;133m▝[38;2;254;146;48;48;2;246;75;20m▃[0m
[38;2;33;21;25;48;2;45;30;38m▀[38;2;67;48;48;48;2;36;22;25m▔[38;2;165;150;139;48;2;81;66;59m▝[38;2;143;151;151;48;2;210;200;188m▐[38;2;104;113;124;48;2;93;93;101m▍[38;2;165;156;155;48;2;105;98;103m▃[38;2;140;127;124;48;2;127;123;116m▐[38;2;137;126;122;48;2;125;110;100m▍[38;2;205;206;190;48;2;137;107;99m▗[38;2;180;181;170;48;2;126;105;98m▖[38;2;123;118;106;48;2;138;124;122m▆[38;2;183;186;176;48;2;146;147;144m▝[38;2;192;193;182;48;2;228;225;209m▖[38;2;215;213;199;48;2;231;228;209m▝[38;2;187;188;178;48;2;160;164;156m▍[38;2;207;193;177;48;2;158;131;112m▅[38;2;241;216;188;48;2;169;138;114m▝[38;2;115;78;65;48;2;246;220;200m▝[38;2;111;53;49;48;2;108;56;49m▕[38;2;105;55;50;48;2;108;54;51m▕[38;2;81;33;30;48;2;109;60;55m▃[38;2;82;29;29;48;2;106;58;54m▅[38;2;97;36;35;48;2;101;40;34m▆[38;2;184;38;31;48;2;112;41;37m▝[38;2;144;35;26;48;2;191;32;25m▞[38;2;183;31;26;48;2;100;20;9m▃[38;2;123;29;14;48;2;199;121;71m▍[38;2;193;106;64;48;2;111;32;10m▊[38;2;106;23;12;48;2;115;24;20m▏[38;2;121;25;27;48;2;168;94;70m▆[38;2;146;76;57;48;2;98;14;15m▘[38;2;86;16;16;48;2;71;10;14m▅[38;2;97;6;7;48;2;89;18;19m▔[38;2;103;20;16;48;2;162;16;13m▅[38;2;145;19;19;48;2;203;14;16m▅[38;2;177;14;14;48;2;189;8;9m▆[38;2;185;14;15;48;2;175;16;11m▀[38;2;175;20;20;48;2;210;20;16m▀[38;2;238;181;127;48;2;211;40;27m▗[48;2;205;167;131m [38;2;93;74;67;48;2;157;128;116m▂[38;2;151;123;115;48;2;107;89;81m▀[38;2;103;81;76;48;2;134;111;104m▂[38;2;79;53;47;48;2;129;105;98m▂[38;2;85;56;47;48;2;110;86;79m▂[38;2;136;117;107;48;2;103;82;73m▔[38;2;123;103;96;48;2;97;49;44m▔[38;2;116;65;53;48;2;160;74;62m▀[38;2;194;96;81;48;2;135;74;59m▃[38;2;209;110;90;48;2;149;85;69m▃[38;2;214;120;94;48;2;156;98;84m▅[38;2;161;91;74;48;2;209;128;99m▀[38;2;146;81;65;48;2;206;124;93m▀[38;2;139;76;59;48;2;203;123;97m▀[38;2;195;113;88;48;2;138;78;62m▃[38;2;113;61;48;48;2;160;94;75m▝[38;2;173;105;87;48;2;121;82;72m▃[38;2;148;95;81;48;2;108;76;67m▃[38;2;111;77;63;48;2;138;88;74m▘[38;2;92;63;53;48;2;125;78;66m▝[38;2;119;90;83;48;2;106;72;63m▝[38;2;110;83;76;48;2;93;57;51m▀[38;2;120;84;78;48;2;93;67;63m▃[38;2;146;126;116;48;2;108;80;76m▝[38;2;77;53;48;48;2;172;150;141m▅[38;2;88;60;55;48;2;150;129;119m▆[38;2;106;83;77;48;2;133;109;102m▖[38;2;135;112;103;48;2;157;135;128m▘[38;2;130;111;104;48;2;174;156;145m▁[38;2;143;126;119;48;2;190;176;166m▁[38;2;164;137;123;48;2;194;177;160m▝[38;2;129;95;82;48;2;176;154;143m▀[38;2;169;134;111;48;2;136;101;90m▔[38;2;162;127;109;48;2;248;179;122m▅[0m
[38;2;89;57;60;48;2;55;30;36m▃[38;2;56;30;34;48;2;107;69;69m▀[38;2;96;58;56;48;2;44;23;23m▆[38;2;134;123;112;48;2;215;211;199m▍[38;2;142;155;156;48;2;96;102;110m▖[38;2;150;141;141;48;2;126;117;119m▝[38;2;139;132;129;48;2;118;116;111m▏[38;2;125;114;101;48;2;157;181;166m▀[38;2;156;148;134;48;2;132;116;107m▝[38;2;157;151;141;48;2;137;114;107m▘[38;2;171;159;146;48;2;140;111;103m▐[38;2;185;194;184;48;2;159;170;159m▘[38;2;203;205;194;48;2;168;182;172m▐[38;2;220;221;203;48;2;229;228;204m▏[38;2;187;187;177;48;2;219;217;198m▐[38;2;164;166;159;48;2;145;139;134m▖[38;2;165;135;112;48;2;146;127;115m▕[38;2;203;174;144;48;2;239;218;185m▖[38;2;243;221;194;48;2;113;56;47m▖[38;2;98;39;36;48;2;113;47;45m▝[38;2;113;44;42;48;2;86;31;32m▅[38;2;101;39;37;48;2;113;39;41m▀[38;2;110;33;34;48;2;116;36;36m▘[38;2;116;39;39;48;2;114;36;31m▏[38;2;133;27;19;48;2;122;41;33m▔[38;2;131;36;27;48;2;181;28;23m▃[38;2;206;36;28;48;2;146;16;10m▅[38;2;189;28;15;48;2;111;28;20m▃[38;2;137;27;24;48;2;112;24;14m▝[38;2;115;17;15;48;2;161;25;28m▂[38;2;177;21;22;48;2;146;20;22m▆[38;2;115;16;19;48;2;175;15;19m▀[38;2;134;20;18;48;2;97;21;20m▖[38;2;141;70;60;48;2;102;30;24m▝[38;2;169;87;78;48;2;114;21;16m▖[38;2;182;13;14;48;2;134;12;11m▝[38;2;194;17;16;48;2;226;17;15m▍[38;2;251;25;17;48;2;245;121;69m▊[38;2;234;165;104;48;2;226;189;144m▏[38;2;202;164;140;48;2;112;80;76m▘[38;2;83;57;53;48;2;99;75;70m▖[38;2;93;74;70;48;2;136;119;116m▀[38;2;80;63;55;48;2;109;94;91m▔[38;2;129;113;106;48;2;80;49;37m▀[38;2;124;79;62;48;2;120;62;48m▏[38;2;193;93;69;48;2;141;67;49m▗[38;2;222;113;85;48;2;175;86;65m▅[38;2;206;105;88;48;2;223;113;86m▔[38;2;190;66;48;48;2;236;122;102m▃[38;2;216;93;71;48;2;236;122;101m▅[38;2;228;127;100;48;2;228;135;106m▘[38;2;223;135;104;48;2;231;151;118m▀[38;2;235;152;120;48;2;224;139;107m▆[38;2;235;154;118;48;2;231;145;113m▆[38;2;237;150;118;48;2;224;139;109m▆[38;2;235;148;118;48;2;216;132;105m▅[38;2;202;122;95;48;2;236;149;119m▀[38;2;182;104;81;48;2;228;150;118m▀[38;2;221;142;111;48;2;179;106;84m▃[38;2;200;119;91;48;2;150;95;80m▅[38;2;198;117;92;48;2;136;77;63m▅[38;2;134;75;61;48;2;192;112;88m▀[38;2;125;86;78;48;2;182;107;81m▀[38;2;180;99;72;48;2;118;68;58m▃[38;2;112;66;59;48;2;172;92;72m▀[38;2;171;91;73;48;2;104;74;68m▃[38;2;151;78;63;48;2;107;51;46m▂[38;2;118;96;91;48;2;98;55;52m▔[38;2;94;60;57;48;2;77;56;50m▅[38;2;72;39;35;48;2;124;101;93m▃[38;2;68;47;42;48;2;152;131;120m▃[38;2;85;65;59;48;2;165;144;129m▂[38;2;110;85;78;48;2;158;133;121m▁[38;2;187;153;130;48;2;160;131;113m▗[0m
[38;2;93;55;51;48;2;121;83;80m▅[38;2;101;58;55;48;2;84;47;44m▍[38;2;73;41;41;48;2;95;51;49m▀[38;2;187;182;170;48;2;88;49;45m▐[38;2;118;126;129;48;2;203;207;205m▐[38;2;95;97;102;48;2;114;109;106m▍[38;2;153;170;155;48;2;121;120;115m▝[38;2;112;138;123;48;2;133;163;146m▗[38;2;130;143;128;48;2;123;136;124m▁[38;2;146;126;117;48;2;142;108;98m▖[38;2;132;102;91;48;2;147;106;93m▔[38;2;189;183;168;48;2;156;131;118m▝[38;2;153;160;148;48;2;187;190;177m▖[38;2;204;208;190;48;2;230;226;208m▍[38;2;216;212;196;48;2;229;225;204m▝[38;2;197;200;182;48;2;167;171;162m▖[38;2;144;124;112;48;2;146;140;136m▐[38;2;220;186;154;48;2;144;111;96m▐[38;2;190;158;138;48;2;241;218;182m▕[38;2;142;104;87;48;2;117;49;41m▏[38;2;117;43;40;48;2;123;52;44m▝[38;2;77;20;16;48;2;105;32;33m▗[48;2;96;23;21m▖[38;2;120;49;42;48;2;109;38;28m▅[38;2;124;50;45;48;2;130;53;51m▃[48;2;127;48;42m [38;2;206;37;25;48;2;132;49;39m▝[38;2;134;19;12;48;2;236;34;13m▃[38;2;234;28;12;48;2;145;26;22m▅[38;2;198;42;28;48;2;93;17;21m▂[38;2;181;28;31;48;2;110;15;20m▝[38;2;167;22;21;48;2;196;29;23m▂[38;2;174;29;22;48;2;139;21;14m▍[38;2;132;21;20;48;2;102;22;18m▃[38;2;155;66;58;48;2;131;24;19m▝[38;2;148;41;27;48;2;127;17;11m▅[38;2;222;24;20;48;2;153;18;10m▝[38;2;231;46;31;48;2;232;172;113m▍[38;2;130;93;73;48;2;229;184;125m▐[38;2;92;64;59;48;2;101;68;65m▂[38;2;107;90;85;48;2;90;70;66m▝[38;2;145;134;125;48;2;98;86;79m▂[38;2;130;117;107;48;2;88;76;67m▆[38;2;129;87;76;48;2;135;98;85m▗[38;2;184;82;59;48;2;153;71;49m▁[38;2;186;87;59;48;2;216;107;73m▘[38;2;224;95;79;48;2;228;117;85m▗[38;2;238;112;91;48;2;205;70;56m▗[38;2;236;111;90;48;2;246;131;105m▘[38;2;233;136;103;48;2;238;142;107m▃[38;2;236;147;114;48;2;234;143;109m▐[38;2;241;171;136;48;2;237;149;118m▗[38;2;241;158;123;48;2;235;184;148m▀[38;2;238;164;128;48;2;238;185;154m▀[38;2;239;181;147;48;2;235;165;129m▅[38;2;243;189;159;48;2;242;176;141m▂[38;2;242;180;148;48;2;237;167;133m▅[38;2;241;183;150;48;2;241;168;138m▃[38;2;239;174;141;48;2;235;154;121m▅[38;2;237;168;137;48;2;228;141;107m▅[38;2;237;165;134;48;2;223;136;104m▅[38;2;239;173;141;48;2;221;138;104m▃[38;2;231;159;125;48;2;214;129;95m▅[38;2;234;155;122;48;2;217;126;91m▅[38;2;234;151;113;48;2;216;119;85m▅[38;2;229;134;98;48;2;208;111;80m▅[38;2;228;125;91;48;2;199;104;76m▅[38;2;218;111;81;48;2;180;92;70m▅[38;2;204;98;73;48;2;144;71;56m▆[38;2;192;93;70;48;2;121;62;51m▅[38;2;147;70;58;48;2;107;61;54m▖[38;2;124;102;91;48;2;98;62;51m▝[38;2;87;63;53;48;2;124;101;90m▔[38;2;114;96;86;48;2;143;124;113m▂[0m
[38;2;137;79;66;48;2;120;71;64m▂[38;2;140;77;67;48;2;124;69;62m▃[38;2;114;63;57;48;2;131;71;63m▀[38;2;140;76;64;48;2;124;63;58m▕[38;2;145;114;102;48;2;204;204;194m▏[38;2;161;162;158;48;2;114;109;107m▖[38;2;112;98;96;48;2;117;110;102m▊[38;2;128;127;115;48;2;165;181;163m▏[38;2;176;197;171;48;2;161;177;158m▅[38;2;191;189;162;48;2;156;139;127m▂[38;2;214;226;191;48;2;156;109;91m▂[38;2;223;212;188;48;2;159;119;100m▃[38;2;221;213;193;48;2;162;159;146m▃[38;2;190;193;182;48;2;212;219;195m▏[38;2;231;227;203;48;2;224;221;200m▗[38;2;182;182;170;48;2;218;217;197m▝[38;2;183;186;166;48;2;164;160;151m▖[38;2;182;135;105;48;2;168;124;102m▕[38;2;216;166;132;48;2;244;204;170m▍[38;2;120;57;46;48;2;246;213;181m▐[38;2;131;49;44;48;2;119;46;40m▂[48;2;122;46;42m [38;2;125;42;40;48;2;90;25;18m▆[38;2;130;42;33;48;2;118;39;38m▅[38;2;140;38;34;48;2;124;41;38m▃[38;2;117;34;33;48;2;129;42;36m▅[38;2;132;40;36;48;2;122;31;23m▊[38;2;105;23;14;48;2;92;20;17m▏[38;2;207;26;17;48;2;102;20;22m▝[38;2;147;16;6;48;2;244;36;22m▖[38;2;254;62;36;48;2;161;17;10m▅[38;2;166;15;7;48;2;233;40;24m▀[38;2;240;38;18;48;2;193;34;24m▆[38;2;173;23;13;48;2;213;26;19m▀[38;2;162;33;22;48;2;205;22;14m▀[38;2;157;42;27;48;2;207;47;27m▀[38;2;249;143;107;48;2;207;68;43m▗[38;2;208;178;141;48;2;240;197;142m▕[38;2;134;105;77;48;2;112;91;81m▘[38;2;141;127;124;48;2;92;74;65m▗[38;2;102;90;86;48;2;137;126;124m▔[38;2;151;136;130;48;2;140;131;121m▝[38;2;149;136;127;48;2;136;118;112m▔[38;2;133;105;96;48;2;145;98;89m▍[38;2;200;96;75;48;2;176;89;71m▐[38;2;219;103;82;48;2;223;111;83m▁[38;2;225;97;78;48;2;190;50;40m▘[38;2;217;85;68;48;2;230;113;88m▍[38;2;244;137;108;48;2;234;128;95m▝[38;2;228;135;99;48;2;234;145;110m▃[38;2;223;129;96;48;2;236;156;121m▁[38;2;235;163;128;48;2;228;146;119m▆[38;2;244;180;149;48;2;236;172;139m▔[38;2;239;177;146;48;2;249;189;161m▆[38;2;234;179;149;48;2;244;191;163m▅[38;2;232;180;150;48;2;244;193;165m▂[38;2;242;193;162;48;2;242;199;173m▔[38;2;239;196;172;48;2;240;186;156m▆[38;2;239;198;171;48;2;241;192;161m▅[38;2;238;196;168;48;2;240;186;156m▅[38;2;235;191;165;48;2;242;185;154m▅[38;2;235;187;156;48;2;234;177;144m▅[38;2;235;175;141;48;2;235;179;149m▝[38;2;237;167;132;48;2;237;175;145m▐[38;2;237;157;121;48;2;239;164;128m▐[38;2;235;151;114;48;2;234;142;102m▍[38;2;235;135;97;48;2;227;132;91m▘[38;2;224;117;81;48;2;228;128;86m▐[38;2;220;109;75;48;2;213;99;68m▘[38;2;211;94;66;48;2;203;90;60m▍[38;2;166;78;61;48;2;192;89;66m▕[38;2;146;64;51;48;2;92;36;31m▖[38;2;82;53;52;48;2;133;115;108m▖[38;2;104;88;81;48;2;132;116;111m▝[0m
[38;2;152;91;74;48;2;140;79;63m▃[38;2;154;92;79;48;2;146;81;69m▆[38;2;158;96;83;48;2;129;64;51m▍[38;2;151;73;59;48;2;144;68;55m▐[38;2;213;200;180;48;2;145;84;66m▝[38;2;124;133;118;48;2;205;201;181m▐[38;2;109;102;94;48;2;128;156;126m▀[38;2;12;142;63;48;2;151;154;137m▂[38;2;182;204;173;48;2;14;151;70m▀[38;2;59;183;91;48;2;191;220;182m▆[38;2;79;201;114;48;2;185;218;170m▆[38;2;85;194;110;48;2;184;217;169m▆[38;2;87;187;106;48;2;175;213;165m▅[38;2;116;198;129;48;2;198;227;185m▅[38;2;170;220;165;48;2;217;230;197m▖[38;2;199;219;173;48;2;216;226;187m▗[38;2;126;194;125;48;2;195;209;176m▅[38;2;143;197;137;48;2;54;158;73m▀[38;2;87;162;85;48;2;214;180;146m▃[48;2;249;212;182m [38;2;196;134;113;48;2;136;53;44m▏[38;2;119;33;36;48;2;120;41;37m▐[38;2;111;32;28;48;2;129;37;29m▀[38;2;132;38;33;48;2;141;37;32m▍[38;2;110;27;17;48;2;150;37;30m▁[38;2;109;30;20;48;2;149;38;31m▝[38;2;150;45;36;48;2;95;23;18m▖[38;2;95;20;19;48;2;86;17;17m▘[38;2;112;19;20;48;2;100;22;20m▂[38;2;123;24;24;48;2;149;17;16m▊[38;2;253;49;26;48;2;180;20;16m▝[38;2;235;23;10;48;2;254;56;35m▖[38;2;254;53;29;48;2;236;28;12m▆[38;2;254;46;25;48;2;237;32;20m▅[38;2;254;47;26;48;2;231;30;15m▅[38;2;239;45;21;48;2;254;56;26m▀[38;2;233;198;142;48;2;252;89;46m▐[38;2;235;201;154;48;2;159;131;108m▍[38;2;135;115;105;48;2;128;97;85m▞[38;2;93;84;81;48;2;133;119;111m▞[38;2;105;101;97;48;2;145;143;139m▘[38;2;137;135;130;48;2;125;122;117m▊[38;2;121;92;85;48;2;125;114;105m▗[38;2;143;91;76;48;2;125;68;60m▀[38;2;140;70;56;48;2;164;79;55m▂[38;2;183;98;72;48;2;180;75;53m▐[38;2;211;121;92;48;2;199;72;55m▆[38;2;216;128;96;48;2;221;111;79m▃[38;2;235;156;124;48;2;224;123;88m▂[38;2;236;158;127;48;2;231;131;96m▂[38;2;237;151;120;48;2;218;123;93m▅[38;2;243;162;129;48;2;227;143;112m▅[38;2;239;172;136;48;2;234;156;123m▂[38;2;228;146;113;48;2;241;181;151m▅[38;2;241;184;155;48;2;232;155;125m▀[38;2;233;165;131;48;2;234;188;156m▂[38;2;242;186;160;48;2;223;170;140m▆[38;2;241;191;166;48;2;228;175;143m▅[38;2;234;187;151;48;2;245;192;161m▀[38;2;244;190;160;48;2;239;187;154m▃[48;2;234;179;146m▃[38;2;242;183;150;48;2;234;171;141m▃[38;2;222;159;128;48;2;239;174;141m▘[38;2;235;170;137;48;2;239;163;129m▍[38;2;231;161;124;48;2;234;152;116m▘[38;2;233;146;109;48;2;230;136;99m▍[38;2;225;123;85;48;2;233;136;92m▅[38;2;217;110;73;48;2;222;120;79m▐[38;2;216;102;70;48;2;212;94;65m▊[38;2;198;78;51;48;2;207;86;59m▃[38;2;198;87;57;48;2;198;77;52m▀[38;2;111;46;35;48;2;171;76;58m▐[38;2;110;95;92;48;2;72;51;46m▐[38;2;137;124;117;48;2;109;93;85m▞[0m
[38;2;156;97;78;48;2;108;64;53m▝[38;2;123;76;62;48;2;153;96;80m▃[38;2;153;94;78;48;2;147;69;56m▍[38;2;165;76;56;48;2;154;71;52m▆[38;2;153;80;64;48;2;157;71;53m▕[38;2;164;114;96;48;2;212;175;156m▏[38;2;104;167;116;48;2;14;148;61m▏[38;2;0;146;53;48;2;5;154;66m▅[38;2;144;224;170;48;2;24;160;84m▗[38;2;148;225;167;48;2;24;174;78m▂[38;2;21;163;71;48;2;57;190;95m▆[38;2;61;181;95;48;2;18;166;71m▀[38;2;33;172;81;48;2;62;177;95m▅[38;2;57;179;93;48;2;102;198;123m▅[38;2;146;207;145;48;2;111;189;121m▐[38;2;177;221;166;48;2;202;226;178m▍[38;2;95;183;105;48;2;183;216;166m▐[38;2;52;179;81;48;2;27;162;62m▘[38;2;43;164;75;48;2;17;158;57m▂[38;2;217;232;185;48;2;76;161;87m▐[38;2;148;83;63;48;2;241;227;190m▐[38;2;147;53;41;48;2;151;46;33m▏[38;2;165;41;28;48;2;139;39;25m▃[38;2;147;30;21;48;2;136;46;45m▃[38;2;178;79;52;48;2;127;41;24m▗[38;2;88;18;11;48;2;202;100;66m▀[38;2;104;26;21;48;2;139;40;36m▆[38;2;131;29;22;48;2;93;14;11m▆[38;2;104;15;13;48;2;136;20;17m▀[38;2;156;23;20;48;2;138;21;17m▐[38;2;208;19;16;48;2;177;23;19m▗[38;2;203;13;8;48;2;239;20;10m▘[38;2;246;18;8;48;2;254;28;13m▘[38;2;254;30;16;48;2;254;50;32m▅[38;2;254;46;22;48;2;254;50;26m▂[38;2;245;154;89;48;2;254;63;24m▗[38;2;235;187;123;48;2;230;202;156m▘[38;2;200;172;132;48;2;139;119;104m▍[38;2;104;93;86;48;2;120;107;100m▃[38;2;111;103;99;48;2;140;130;123m▆[38;2;121;115;113;48;2;128;125;122m▏[38;2;110;98;95;48;2;129;122;118m▗[38;2;107;60;54;48;2;125;92;84m▗[38;2;119;53;39;48;2;128;62;50m▖[38;2;155;86;67;48;2;144;81;68m▝[38;2;99;53;46;48;2;174;103;80m▂[38;2;76;39;33;48;2;188;120;98m▃[38;2;122;74;61;48;2;218;148;117m▂[38;2;201;143;114;48;2;224;160;130m▁[38;2;231;173;138;48;2;239;179;143m▏[38;2;241;163;133;48;2;242;184;146m▔[38;2;232;180;151;48;2;228;147;117m▆[38;2;242;183;154;48;2;227;157;124m▃[38;2;229;139;110;48;2;234;164;129m▅[38;2;230;142;114;48;2;240;169;139m▖[38;2;222;150;116;48;2;245;179;146m▔[38;2;240;187;152;48;2;216;149;111m▅[38;2;237;175;144;48;2;228;166;128m▃[38;2;241;180;148;48;2;241;166;132m▂[38;2;245;186;155;48;2;233;167;135m▂[38;2;245;187;155;48;2;233;169;137m▂[38;2;247;188;156;48;2;232;154;124m▃[38;2;240;180;148;48;2;231;153;123m▃[38;2;227;145;114;48;2;236;168;136m▀[38;2;225;132;96;48;2;237;156;121m▀[38;2;243;144;110;48;2;229;125;91m▖[38;2;226;121;87;48;2;220;110;76m▃[38;2;227;119;81;48;2;220;103;71m▔[38;2;199;82;53;48;2;214;93;65m▐[38;2;186;67;48;48;2;193;72;50m▂[38;2;197;77;58;48;2;194;72;49m▗[38;2;133;52;38;48;2;185;73;51m▐[38;2;131;113;106;48;2;106;57;52m▐[38;2;121;107;99;48;2;150;137;128m▝[0m
[38;2;179;109;86;48;2;141;84;67m▃[38;2;130;81;68;48;2;175;124;104m▊[38;2;177;91;69;48;2;153;79;56m▐[38;2;177;82;57;48;2;169;80;57m▖[38;2;172;78;59;48;2;166;77;61m▔[38;2;224;193;169;48;2;170;80;63m▐[38;2;0;127;54;48;2;164;200;163m▐[38;2;0;128;53;48;2;46;166;93m▊[38;2;76;185;120;48;2;12;151;73m▔[38;2;1;148;73;48;2;112;199;143m▅[38;2;104;207;146;48;2;16;167;77m▂[38;2;138;216;166;48;2;16;142;74m▂[38;2;7;140;68;48;2;81;198;121m▅[38;2;77;175;100;48;2;24;170;84m▀[38;2;72;186;109;48;2;125;203;137m▖[38;2;189;221;173;48;2;158;213;156m▐[38;2;156;206;156;48;2;196;211;179m▕[38;2;116;197;125;48;2;61;175;90m▍[38;2;61;181;91;48;2;14;156;64m▘[38;2;107;179;113;48;2;23;147;66m▝[38;2;170;212;153;48;2;219;223;174m▖[38;2;188;156;119;48;2;140;52;30m▖[38;2;155;47;30;48;2;185;53;35m▃[38;2;183;34;17;48;2;159;26;18m▆[38;2;175;26;15;48;2;149;39;25m▖[38;2;134;27;21;48;2;175;73;47m▅[38;2;134;41;24;48;2;110;24;22m▍[38;2;97;21;17;48;2;118;23;23m▆[38;2;134;20;19;48;2;152;26;26m▆[38;2;138;22;17;48;2;162;21;16m▘[38;2;228;19;14;48;2;179;19;14m▝[38;2;252;16;9;48;2;213;18;12m▀[38;2;254;30;13;48;2;228;21;11m▀[38;2;248;22;13;48;2;239;25;13m▘[38;2;254;47;24;48;2;245;32;14m▐[38;2;253;89;46;48;2;228;190;153m▍[38;2;144;125;109;48;2;207;183;158m▗[38;2;160;137;119;48;2;113;93;78m▘[38;2;105;96;90;48;2;95;83;77m▗[38;2;119;109;110;48;2;106;95;93m▐[38;2;94;88;90;48;2;113;106;106m▃[38;2;82;53;45;48;2;117;92;91m▗[38;2;103;59;54;48;2;106;53;43m▔[38;2;115;65;52;48;2;62;22;18m▀[38;2;29;6;5;48;2;74;33;25m▅[38;2;79;24;19;48;2;29;2;5m▂[38;2;80;36;18;48;2;37;19;14m▂[38;2;84;51;40;48;2;53;29;21m▝[38;2;49;23;19;48;2;133;84;67m▅[38;2;197;137;108;48;2;92;55;50m▀[38;2;133;80;62;48;2;236;173;143m▃[38;2;217;152;123;48;2;231;167;136m▁[38;2;240;181;155;48;2;231;165;133m▔[38;2;242;185;158;48;2;239;166;136m▀[38;2;233;161;133;48;2;240;185;152m▁[38;2;235;188;156;48;2;230;163;128m▅[38;2;240;180;149;48;2;233;155;124m▂[38;2;241;169;136;48;2;230;156;124m▁[38;2;234;156;123;48;2;235;166;136m▆[38;2;233;158;125;48;2;243;176;144m▆[38;2;238;159;128;48;2;250;176;143m▅[38;2;237;180;149;48;2;239;159;127m▂[38;2;242;187;157;48;2;222;140;108m▃[38;2;231;142;114;48;2;240;179;147m▀[38;2;224;143;114;48;2;218;119;90m▆[38;2;236;140;111;48;2;217;111;83m▅[38;2;217;111;81;48;2;229;142;109m▀[38;2;216;110;78;48;2;225;141;107m▀[38;2;217;124;95;48;2;209;102;73m▅[38;2;216;123;100;48;2;180;70;51m▃[38;2;179;83;62;48;2;187;72;55m▁[38;2;143;56;43;48;2;168;66;49m▐[38;2;119;102;101;48;2;140;68;63m▐[38;2;128;121;115;48;2;144;136;132m▗[0m
[38;2;250;197;160;48;2;222;125;84m▂[38;2;251;192;149;48;2;170;98;69m▃[38;2;251;200;160;48;2;180;89;65m▂[38;2;252;193;160;48;2;180;84;58m▂[38;2;240;180;148;48;2;183;84;64m▁[38;2;211;146;117;48;2;158;84;68m▁[38;2;113;192;136;48;2;190;195;163m▝[38;2;73;141;77;48;2;1;128;58m▁[38;2;0;138;61;48;2;14;141;68m▊[38;2;6;152;74;48;2;51;166;107m▃[38;2;88;186;123;48;2;10;159;75m▔[38;2;25;169;88;48;2;109;197;139m▆[38;2;106;200;141;48;2;59;173;104m▘[38;2;0;148;64;48;2;5;162;70m▖[38;2;53;178;89;48;2;11;167;79m▝[38;2;157;207;158;48;2;78;186;104m▝[38;2;150;212;155;48;2;191;216;178m▖[38;2;82;174;104;48;2;176;213;166m▐[38;2;27;158;72;48;2;2;149;57m▖[38;2;0;137;44;48;2;0;157;63m▆[38;2;182;223;164;48;2;5;123;40m▐[38;2;184;133;102;48;2;225;224;179m▐[38;2;165;66;45;48;2;160;56;38m▁[38;2;163;46;31;48;2;152;45;29m▃[38;2;146;43;26;48;2;174;29;19m▖[38;2;139;22;18;48;2;174;27;21m▀[38;2;135;25;22;48;2;100;23;18m▃[38;2;173;57;44;48;2;124;26;24m▗[38;2;157;20;15;48;2;195;29;17m▀[38;2;215;29;18;48;2;193;19;17m▃[38;2;194;16;15;48;2;235;23;18m▀[38;2;254;31;25;48;2;221;18;10m▅[38;2;254;22;15;48;2;232;19;8m▆[38;2;254;42;22;48;2;254;26;10m▐[38;2;254;57;27;48;2;253;85;46m▊[38;2;209;178;147;48;2;239;166;120m▐[38;2;131;105;90;48;2;171;141;121m▃[38;2;111;100;94;48;2;125;114;107m▔[38;2;126;118;110;48;2;102;97;91m▖[38;2;114;104;102;48;2;99;91;94m▃[38;2;91;69;65;48;2;100;93;93m▗[38;2;128;61;52;48;2;86;34;30m▗[38;2;92;33;19;48;2;110;50;41m▐[38;2;120;49;38;48;2;65;21;6m▗[38;2;164;69;53;48;2;70;19;10m▆[38;2;169;95;78;48;2;210;108;81m▔[38;2;227;131;103;48;2;174;103;83m▆[38;2;228;134;109;48;2;111;61;44m▅[38;2;60;22;14;48;2;174;100;77m▀[38;2;91;50;30;48;2;45;14;16m▂[38;2;38;13;8;48;2;78;34;26m▆[38;2;175;106;83;48;2;93;43;33m▝[38;2;230;161;132;48;2;169;95;76m▀[38;2;211;132;103;48;2;229;147;118m▖[38;2;232;151;124;48;2;228;145;116m▕[38;2;240;160;134;48;2;235;179;145m▅[38;2;236;163;137;48;2;240;180;150m▂[38;2;239;165;137;48;2;220;138;112m▀[38;2;241;161;127;48;2;240;170;142m▏[38;2;234;180;148;48;2;236;174;141m▆[38;2;244;171;139;48;2;240;179;148m▁[38;2;230;155;127;48;2;234;184;153m▃[38;2;222;150;123;48;2;243;184;155m▅[38;2;222;145;115;48;2;240;167;134m▀[38;2;235;166;134;48;2;227;145;115m▆[38;2;218;143;113;48;2;237;160;127m▃[38;2;171;97;81;48;2;227;145;121m▂[38;2;122;62;50;48;2;197;118;95m▃[38;2;177;99;75;48;2;98;45;34m▀[38;2;112;58;44;48;2;168;90;67m▅[38;2;161;84;61;48;2;119;71;57m▀[38;2;148;93;84;48;2;140;67;63m▗[38;2;130;115;114;48;2;115;74;72m▕[38;2;133;120;113;48;2;140;127;122m▕[0m
[38;2;246;167;123;48;2;247;183;140m▃[38;2;251;185;142;48;2;247;172;126m▀[38;2;248;176;128;48;2;247;190;149m▅[38;2;250;193;153;48;2;239;162;115m▀[38;2;248;156;111;48;2;244;181;142m▃[38;2;245;152;111;48;2;244;185;143m▃[38;2;249;167;123;48;2;248;185;147m▃[38;2;182;188;141;48;2;242;190;146m▔[38;2;87;151;90;48;2;241;182;146m▔[38;2;235;202;166;48;2;24;134;63m▆[38;2;7;126;59;48;2;232;205;169m▀[38;2;222;210;178;48;2;15;151;74m▂[38;2;5;132;61;48;2;56;181;111m▆[38;2;75;186;130;48;2;17;156;87m▝[38;2;100;194;132;48;2;25;164;97m▀[38;2;29;165;93;48;2;139;201;149m▖[38;2;105;171;121;48;2;164;203;163m▂[38;2;153;208;157;48;2;178;215;175m▕[38;2;61;169;91;48;2;132;201;142m▔[38;2;123;207;137;48;2;16;146;59m▆[38;2;85;185;109;48;2;10;120;42m▖[38;2;102;175;108;48;2;216;229;176m▖[38;2;246;228;181;48;2;169;86;54m▖[38;2;146;42;25;48;2;169;51;32m▗[38;2;145;38;26;48;2;149;39;28m▂[38;2;134;24;18;48;2;157;33;24m▆[38;2;158;25;17;48;2;179;37;31m▞[38;2;177;27;25;48;2;136;20;20m▖[38;2;141;28;19;48;2;209;94;73m▃[38;2;233;33;17;48;2;234;78;49m▀[38;2;253;65;37;48;2;251;28;16m▂[38;2;254;21;14;48;2;254;28;21m▊[38;2;254;37;21;48;2;254;52;26m▊[38;2;254;41;15;48;2;254;66;30m▀[38;2;254;75;31;48;2;252;111;57m▊[38;2;172;111;87;48;2;233;185;136m▗[38;2;117;72;67;48;2;153;123;103m▃[38;2;102;80;75;48;2;114;95;93m▖[38;2;99;91;85;48;2;114;109;100m▁[38;2;110;83;79;48;2;123;105;101m▗[38;2;134;70;60;48;2;101;64;59m▕[38;2;123;43;37;48;2;148;69;61m▕[38;2;147;58;49;48;2;118;41;27m▗[38;2;147;54;40;48;2;122;37;22m▐[38;2;141;63;50;48;2;177;81;58m▁[38;2;97;23;12;48;2;197;102;78m▃[38;2;224;128;105;48;2;124;53;35m▀[38;2;229;132;106;48;2;152;64;47m▀[38;2;157;83;70;48;2;215;123;94m▃[38;2;190;98;79;48;2;134;62;43m▅[38;2;176;89;74;48;2;79;41;27m▃[38;2;71;37;22;48;2;48;19;4m▏[38;2;121;55;33;48;2;74;36;29m▝[38;2;176;94;73;48;2;111;50;40m▀[38;2;178;91;69;48;2;224;139;110m▃[38;2;215;117;87;48;2;228;145;116m▂[38;2;192;89;60;48;2;230;143;111m▗[38;2;238;158;129;48;2;206;117;88m▐[38;2;213;123;102;48;2;234;151;125m▗[38;2;224;138;114;48;2;236;161;129m▖[38;2;214;128;97;48;2;233;153;121m▃[38;2;229;149;114;48;2;227;144;109m▐[38;2;207;132;105;48;2;235;161;131m▂[38;2;164;100;81;48;2;224;148;119m▃[38;2;213;139;109;48;2;96;48;40m▀[38;2;40;8;2;48;2;175;106;86m▅[38;2;27;9;7;48;2;98;44;32m▆[38;2;91;42;28;48;2;41;4;0m▁[38;2;121;59;46;48;2;49;24;17m▂[38;2;122;60;50;48;2;42;15;10m▂[38;2;92;53;47;48;2;45;13;12m▔[38;2;36;7;0;48;2;97;62;52m▖[38;2;127;108;97;48;2;110;73;64m▕[38;2;128;113;104;48;2;132;116;111m▏[0m
[38;2;246;124;76;48;2;245;146;97m▃[38;2;246;128;80;48;2;247;150;100m▃[38;2;248;156;106;48;2;246;132;86m▀[38;2;243;136;89;48;2;245;111;68m▀[38;2;248;142;96;48;2;231;121;75m▝[38;2;249;147;99;48;2;244;134;86m▐[38;2;251;153;105;48;2;249;155;111m▃[38;2;252;159;107;48;2;246;166;122m▅[38;2;246;140;97;48;2;249;172;127m▂[38;2;246;152;112;48;2;249;178;139m▅[38;2;254;197;163;48;2;249;176;135m▂[38;2;244;169;130;48;2;245;194;168m▅[38;2;155;173;134;48;2;241;165;125m▔[38;2;233;199;158;48;2;41;148;91m▅[38;2;140;180;122;48;2;27;164;90m▖[38;2;31;168;93;48;2;20;157;72m▔[38;2;29;152;74;48;2;92;181;116m▊[38;2;150;204;154;48;2;178;213;173m▍[38;2;88;187;111;48;2;168;212;164m▐[38;2;38;173;84;48;2;5;160;64m▍[38;2;0;159;66;48;2;0;141;50m▁[38;2;146;202;142;48;2;0;139;54m▐[38;2;220;154;111;48;2;232;225;170m▕[38;2;178;32;23;48;2;195;47;29m▕[38;2;199;37;22;48;2;153;29;24m▂[38;2;214;42;24;48;2;160;27;24m▂[38;2;246;43;24;48;2;194;23;18m▃[38;2;209;37;29;48;2;234;34;22m▝[38;2;224;34;21;48;2;146;27;21m▖[38;2;176;47;24;48;2;148;25;16m▔[38;2;189;44;25;48;2;233;64;35m▅[38;2;247;21;13;48;2;221;34;20m▝[38;2;254;51;13;48;2;240;29;17m▝[38;2;254;74;23;48;2;243;34;14m▀[38;2;254;87;29;48;2;247;131;76m▊[38;2;228;155;111;48;2;153;54;51m▍[38;2;133;80;76;48;2;120;41;34m▝[38;2;114;82;79;48;2;142;103;101m▞[38;2;140;124;118;48;2;120;98;93m▝[38;2;117;86;82;48;2;110;54;48m▍[38;2;112;51;45;48;2;163;82;68m▘[38;2;154;65;54;48;2;174;95;72m▂[38;2;183;101;89;48;2;126;57;41m▂[38;2;104;31;19;48;2;160;69;53m▃[38;2;97;29;13;48;2;112;37;34m▝[38;2;133;69;57;48;2;47;4;0m▀[38;2;192;172;158;48;2;100;70;60m▗[38;2;190;168;154;48;2;162;105;94m▖[38;2;158;96;81;48;2;128;66;55m▅[38;2;91;56;49;48;2;179;110;93m▀[38;2;148;76;61;48;2;167;103;91m▘[38;2;68;16;8;48;2;130;72;61m▝[38;2;94;49;41;48;2;50;10;5m▖[38;2;53;15;9;48;2;79;38;28m▆[38;2;156;76;58;48;2;85;32;21m▝[38;2;119;34;15;48;2;187;90;74m▃[38;2;165;56;35;48;2;210;102;88m▊[38;2;218;116;93;48;2;229;141;115m▃[38;2;189;95;68;48;2;213;123;98m▗[38;2;174;93;78;48;2;224;137;109m▃[38;2;188;91;70;48;2;134;46;24m▀[38;2;196;109;90;48;2;93;33;26m▀[38;2;36;0;0;48;2;139;75;57m▅[38;2;100;52;39;48;2;31;0;0m▔[38;2;66;21;13;48;2;27;2;0m▂[38;2;137;69;50;48;2;37;1;0m▃[38;2;177;86;64;48;2;81;23;14m▅[38;2;202;99;81;48;2;145;78;63m▆[38;2;186;79;58;48;2;197;91;69m▁[38;2;192;96;79;48;2;172;88;71m▅[38;2;100;44;37;48;2;149;64;57m▝[38;2;105;44;39;48;2;64;20;12m▖[38;2;64;35;27;48;2;99;70;61m▏[38;2;105;91;84;48;2;88;72;64m▐[0m
[38;2;205;62;36;48;2;236;97;54m▃[38;2;235;100;55;48;2;213;65;37m▀[38;2;218;71;38;48;2;239;106;63m▅[38;2;215;68;34;48;2;233;100;57m▃[38;2;221;80;45;48;2;243;106;66m▃[38;2;236;102;61;48;2;252;132;81m▃[38;2;247;116;67;48;2;254;141;94m▅[38;2;244;107;66;48;2;254;135;86m▗[38;2;244;139;102;48;2;216;102;63m▐[38;2;246;161;121;48;2;254;183;144m▃[38;2;253;197;167;48;2;245;179;135m▀[38;2;250;207;171;48;2;249;184;149m▀[38;2;254;204;164;48;2;236;166;124m▊[38;2;242;162;112;48;2;240;179;134m▖[38;2;158;179;123;48;2;235;174;125m▝[38;2;93;164;99;48;2;73;107;48m▗[38;2;68;174;103;48;2;35;149;75m▝[38;2;117;195;138;48;2;180;211;172m▍[38;2;141;205;145;48;2;193;219;180m▝[38;2;91;185;116;48;2;38;173;92m▖[38;2;37;173;93;48;2;12;161;75m▖[38;2;43;172;98;48;2;24;147;70m▘[38;2;105;193;120;48;2;220;232;176m▍[38;2;237;218;163;48;2;199;76;41m▍[38;2;226;44;26;48;2;249;66;36m▔[38;2;254;185;142;48;2;254;69;38m▂[38;2;254;192;152;48;2;254;76;46m▃[38;2;237;50;21;48;2;254;196;166m▀[38;2;226;72;41;48;2;246;188;146m▀[38;2;254;189;158;48;2;187;44;21m▂[38;2;214;76;45;48;2;180;46;23m▝[38;2;177;80;42;48;2;215;75;45m▖[38;2;250;112;39;48;2;241;58;24m▂[38;2;254;100;41;48;2;247;54;21m▃[38;2;254;84;29;48;2;252;138;75m▊[38;2;222;156;114;48;2;152;63;41m▍[38;2;135;45;43;48;2;163;63;52m▝[38;2;121;76;69;48;2;103;42;38m▐[38;2;114;64;58;48;2;126;94;88m▃[38;2;143;65;58;48;2;134;52;42m▝[38;2;169;86;72;48;2;151;64;52m▝[38;2;207;115;90;48;2;150;64;53m▃[38;2;156;68;46;48;2;210;111;85m▀[38;2;124;48;34;48;2;172;90;74m▝[38;2;135;65;55;48;2;90;38;23m▃[38;2;176;107;83;48;2;94;43;22m▂[38;2;176;155;141;48;2;161;87;61m▀[38;2;188;123;101;48;2;104;72;61m▂[38;2;182;121;105;48;2;100;49;39m▂[38;2;175;109;93;48;2;117;97;88m▂[38;2;188;134;122;48;2;158;131;119m▅[38;2;140;97;86;48;2;70;23;17m▍[38;2;72;22;14;48;2;85;41;36m▅[38;2;62;21;16;48;2;77;29;17m▀[38;2;78;22;8;48;2;57;10;3m▃[38;2;167;90;74;48;2;89;9;0m▗[38;2;230;145;124;48;2;176;73;56m▃[38;2;240;157;130;48;2;198;104;79m▃[38;2;130;42;27;48;2;176;91;73m▐[38;2;126;55;46;48;2;75;12;7m▔[38;2;70;25;18;48;2;59;16;12m▗[38;2;71;25;14;48;2;56;7;6m▆[38;2;78;30;23;48;2;33;1;2m▅[38;2;139;88;73;48;2;86;42;35m▗[38;2;194;144;127;48;2;151;68;47m▂[38;2;166;71;47;48;2;191;135;114m▀[38;2;198;133;112;48;2;180;73;53m▃[38;2;173;64;46;48;2;204;102;84m▆[38;2;116;43;36;48;2;178;78;58m▃[38;2;125;51;49;48;2;175;77;65m▂[38;2;174;80;64;48;2;144;62;48m▘[38;2;86;35;22;48;2;108;45;35m▐[38;2;167;127;116;48;2;120;75;64m▗[38;2;105;93;82;48;2;73;53;47m▐[0m
[38;2;116;23;15;48;2;164;36;21m▅[38;2;109;18;15;48;2;171;37;22m▅[38;2;116;17;10;48;2;174;39;19m▅[38;2;168;32;14;48;2;122;19;11m▀[38;2;182;42;21;48;2;131;21;17m▀[38;2;204;60;31;48;2;159;32;15m▀[38;2;191;53;29;48;2;229;90;51m▅[38;2;215;73;43;48;2;232;89;55m▂[38;2;242;110;74;48;2;218;77;42m▝[38;2;246;131;88;48;2;232;93;53m▀[38;2;246;146;107;48;2;243;109;64m▀[38;2;247;158;118;48;2;243;124;76m▀[38;2;237;146;104;48;2;219;94;50m▀[38;2;241;157;104;48;2;226;122;64m▀[38;2;231;171;120;48;2;221;151;93m▔[38;2;63;103;39;48;2;3;142;55m▘[38;2;6;153;63;48;2;22;159;74m▊[38;2;125;199;135;48;2;69;182;107m▐[38;2;161;202;154;48;2;177;210;165m▍[38;2;166;212;161;48;2;76;177;109m▍[38;2;94;189;128;48;2;22;169;86m▘[38;2;70;184;109;48;2;0;149;63m▗[38;2;111;192;114;48;2;36;149;65m▝[38;2;223;194;137;48;2;213;231;168m▝[38;2;253;163;117;48;2;230;118;70m▝[38;2;246;173;127;48;2;254;155;107m▀[38;2;252;169;122;48;2;243;179;134m▃[38;2;250;176;136;48;2;244;190;145m▆[38;2;250;172;127;48;2;246;179;137m▂[38;2;248;167;124;48;2;247;183;139m▅[38;2;213;114;77;48;2;254;174;124m▝[38;2;252;150;98;48;2;204;76;30m▖[38;2;232;98;27;48;2;253;121;49m▘[38;2;254;140;60;48;2;246;111;25m▀[38;2;254;134;38;48;2;254;150;61m▂[38;2;159;72;47;48;2;242;167;119m▐[38;2;176;72;59;48;2;141;46;37m▊[38;2;124;42;32;48;2;103;50;37m▘[38;2;132;56;43;48;2;106;42;34m▐[38;2;152;73;56;48;2;141;59;40m▖[38;2;177;79;58;48;2;214;114;88m▍[38;2;177;76;56;48;2;209;109;81m▃[38;2;244;147;124;48;2;203;102;75m▂[38;2;165;70;55;48;2;229;126;95m▀[38;2;231;143;116;48;2;152;64;42m▃[38;2;135;53;37;48;2;193;110;83m▃[38;2;153;75;52;48;2;198;108;86m▁[38;2;171;88;63;48;2;207;114;95m▔[38;2;203;98;81;48;2;214;116;95m▀[38;2;218;128;105;48;2;183;84;66m▃[38;2;220;141;125;48;2;183;89;71m▔[38;2;184;108;86;48;2;138;72;52m▅[38;2;154;83;56;48;2;108;55;38m▆[38;2;175;83;67;48;2;132;69;58m▆[38;2;170;71;55;48;2;110;24;9m▆[38;2;203;112;89;48;2;148;42;23m▐[38;2;234;149;120;48;2;240;163;132m▏[38;2;220;132;104;48;2;235;165;131m▗[38;2;212;128;104;48;2;156;74;54m▘[38;2;116;45;37;48;2;70;8;5m▍[38;2;71;13;15;48;2;82;23;18m▊[38;2;127;63;52;48;2;80;32;24m▂[38;2;171;104;84;48;2;123;71;48m▃[38;2;154;119;103;48;2;185;145;127m▕[38;2;152;117;101;48;2;119;75;59m▘[38;2;139;81;61;48;2;93;45;36m▝[38;2;143;107;94;48;2;109;64;49m▀[38;2;171;120;106;48;2;180;135;121m▔[38;2;159;108;91;48;2;88;36;23m▖[38;2;102;47;46;48;2;59;16;21m▝[38;2;63;17;7;48;2;120;60;52m▖[38;2;121;64;56;48;2;106;47;41m▂[38;2;122;72;61;48;2;156;112;92m▏[38;2;79;64;52;48;2;113;88;75m▘[0m
[38;2;112;21;19;48;2;133;30;25m▔[38;2;131;29;20;48;2;101;21;12m▅[38;2;98;17;16;48;2;126;27;18m▀[38;2;208;82;49;48;2;120;19;12m▗[38;2;231;117;81;48;2;103;17;14m▅[38;2;198;116;84;48;2;123;27;21m▂[38;2;163;80;51;48;2;134;34;23m▁[38;2;132;43;33;48;2;177;44;25m▆[38;2;205;67;45;48;2;113;31;17m▀[38;2;99;30;22;48;2;207;74;52m▂[38;2;132;52;36;48;2;200;73;39m▂[38;2;174;53;19;48;2;209;90;48m▆[38;2;87;50;25;48;2;184;66;32m▁[38;2;29;79;26;48;2;206;113;65m▃[38;2;189;122;77;48;2;11;108;42m▘[38;2;0;132;50;48;2;0;141;58m▘[38;2;2;164;76;48;2;0;159;70m▗[38;2;75;186;118;48;2;6;161;79m▐[38;2;126;200;144;48;2;170;211;162m▍[38;2;155;210;157;48;2;179;210;164m▕[38;2;131;208;146;48;2;39;178;96m▖[38;2;16;157;78;48;2;0;147;62m▂[38;2;15;141;53;48;2;0;142;55m▔[38;2;211;236;174;48;2;75;161;84m▐[38;2;199;93;47;48;2;241;229;179m▐[38;2;200;76;41;48;2;238;119;70m▖[38;2;254;153;105;48;2;253;126;81m▀[38;2;250;158;112;48;2;254;136;93m▀[38;2;254;136;93;48;2;251;159;114m▃[38;2;252;153;106;48;2;247;125;80m▀[38;2;238;106;58;48;2;254;140;94m▅[38;2;254;170;112;48;2;244;69;20m▊[38;2;249;83;22;48;2;242;57;11m▝[38;2;254;125;55;48;2;252;72;22m▀[48;2;254;134;54m [38;2;169;97;64;48;2;253;172;101m▕[38;2;192;89;74;48;2;168;74;50m▝[38;2;160;61;47;48;2;93;30;22m▍[38;2;110;36;28;48;2;93;26;29m▀[38;2;126;46;32;48;2;170;75;52m▊[38;2;174;69;44;48;2;193;82;63m▝[38;2;242;135;110;48;2;210;89;64m▝[38;2;194;56;38;48;2;228;99;81m▂[38;2;210;81;61;48;2;213;93;74m▍[38;2;234;143;119;48;2;202;97;75m▁[38;2;213;118;99;48;2;179;89;73m▅[38;2;216;124;102;48;2;128;43;30m▅[38;2;146;61;48;48;2;220;132;107m▀[38;2;145;55;39;48;2;225;136;110m▀[38;2;160;60;43;48;2;229;140;116m▀[38;2;236;160;135;48;2;158;63;46m▅[38;2;228;161;131;48;2;172;87;70m▅[38;2;223;147;121;48;2;198;121;95m▆[38;2;207;127;100;48;2;174;78;53m▖[38;2;181;63;42;48;2;192;84;59m▕[38;2;227;125;94;48;2;187;68;47m▐[38;2;243;149;119;48;2;251;169;138m▍[38;2;203;104;82;48;2;229;147;115m▕[38;2;156;65;50;48;2;192;95;76m▐[38;2;118;30;17;48;2;174;80;67m▀[38;2;165;73;52;48;2;121;46;33m▆[38;2;163;74;57;48;2;136;51;37m▞[38;2;170;86;72;48;2;138;50;42m▀[38;2;183;91;73;48;2;198;122;103m▅[38;2;189;113;90;48;2;177;91;68m▀[38;2;214;138;116;48;2;182;95;73m▀[38;2;189;120;105;48;2;174;83;62m▀[38;2;166;79;60;48;2;165;107;91m▆[38;2;144;66;55;48;2;119;43;41m▖[38;2;136;54;48;48;2;84;26;20m▃[38;2;91;33;27;48;2;168;90;79m▀[38;2;114;55;43;48;2;162;98;81m▀[38;2;104;67;50;48;2;179;130;108m▕[38;2;98;65;49;48;2;135;106;94m▏[0m
[38;2;251;177;142;48;2;142;42;33m▆[38;2;251;185;145;48;2;129;31;21m▆[38;2;247;190;152;48;2;150;39;23m▅[38;2;249;196;159;48;2;179;53;31m▃[38;2;236;163;133;48;2;144;45;20m▂[38;2;194;92;60;48;2;240;158;114m▍[38;2;206;143;111;48;2;254;194;139m▝[38;2;248;189;148;48;2;163;63;44m▖[38;2;155;71;52;48;2;120;53;32m▘[38;2;111;114;80;48;2;100;49;29m▗[38;2;55;35;14;48;2;11;81;24m▔[38;2;12;122;59;48;2;0;46;13m▂[38;2;1;38;4;48;2;4;123;63m▀[38;2;13;118;58;48;2;43;168;98m▘[38;2;49;177;99;48;2;14;162;80m▖[38;2;74;176;117;48;2;0;150;62m▝[38;2;59;167;110;48;2;0;145;62m▘[38;2;39;171;88;48;2;0;142;58m▝[38;2;134;210;148;48;2;55;178;93m▝[38;2;136;208;139;48;2;175;212;164m▖[38;2;89;180;116;48;2;172;210;161m▐[38;2;0;151;61;48;2;38;170;88m▐[38;2;54;178;96;48;2;0;146;60m▗[38;2;101;184;105;48;2;27;158;71m▝[38;2;171;218;148;48;2;208;222;171m▏[38;2;166;125;91;48;2;180;56;26m▖[38;2;215;68;34;48;2;244;94;55m▃[38;2;233;86;47;48;2;248;107;65m▃[38;2;240;83;44;48;2;241;104;63m▃[38;2;244;97;57;48;2;231;68;29m▀[38;2;251;154;91;48;2;231;84;42m▗[38;2;247;81;27;48;2;254;165;105m▐[38;2;254;63;25;48;2;251;54;15m▆[38;2;254;60;21;48;2;254;69;27m▘[38;2;253;100;33;48;2;254;76;24m▔[38;2;248;173;114;48;2;254;114;41m▐[38;2;228;167;123;48;2;191;69;49m▏[38;2;154;66;51;48;2;195;72;52m▝[38;2;126;42;27;48;2;89;20;14m▖[38;2;131;51;32;48;2;112;41;26m▕[38;2;148;55;36;48;2;198;91;69m▖[38;2;167;39;19;48;2;206;83;65m▝[38;2;232;123;100;48;2;172;37;19m▅[38;2;248;163;137;48;2;228;117;94m▆[38;2;242;176;149;48;2;246;164;138m▆[38;2;246;175;148;48;2;240;181;154m▔[38;2;239;185;156;48;2;241;175;146m▆[38;2;231;162;130;48;2;239;179;147m▀[38;2;231;169;138;48;2;224;151;124m▆[38;2;235;167;139;48;2;229;155;127m▖[38;2;227;133;106;48;2;237;171;141m▆[38;2;206;98;78;48;2;232;157;127m▃[38;2;217;105;82;48;2;226;143;111m▃[38;2;192;105;78;48;2;210;125;93m▝[38;2;211;97;68;48;2;192;84;58m▃[38;2;248;169;138;48;2;223;124;95m▐[38;2;247;186;154;48;2;239;181;149m▞[38;2;216;112;86;48;2;248;164;133m▕[38;2;211;102;79;48;2;189;78;62m▍[38;2;148;53;42;48;2;183;75;59m▝[38;2;143;46;29;48;2;199;96;79m▀[38;2;235;145;115;48;2;200;104;75m▗[38;2;232;161;126;48;2;134;49;35m▆[38;2;123;37;19;48;2;231;152;127m▀[38;2;222;141;109;48;2;137;53;41m▂[38;2;212;122;95;48;2;143;61;49m▂[38;2;211;118;91;48;2;149;73;61m▂[38;2;212;104;82;48;2;147;56;41m▃[38;2;122;43;36;48;2;203;96;77m▀[38;2;207;111;94;48;2;130;53;42m▅[38;2;137;59;45;48;2;190;97;78m▀[38;2;148;85;73;48;2;139;73;62m▝[38;2;135;89;71;48;2;161;115;84m▕[38;2;135;82;67;48;2;151;89;76m▍[0m
[38;2;244;166;127;48;2;253;181;133m▍[38;2;247;178;131;48;2;248;182;141m▖[38;2;250;187;153;48;2;248;182;148m▝[38;2;248;191;148;48;2;250;196;157m▃[38;2;243;191;156;48;2;247;199;164m▁[38;2;246;196;158;48;2;234;163;121m▆[38;2;225;157;115;48;2;246;191;154m▀[38;2;238;165;113;48;2;247;169;118m▗[38;2;99;39;15;48;2;234;162;111m▝[38;2;119;109;73;48;2;99;63;40m▝[38;2;1;102;39;48;2;104;122;84m▐[38;2;4;117;51;48;2;52;166;105m▍[38;2;49;157;100;48;2;0;116;49m▍[38;2;12;142;72;48;2;0;123;59m▔[38;2;0;131;64;48;2;25;159;79m▅[38;2;70;164;110;48;2;0;146;59m▁[38;2;2;114;58;48;2;0;138;62m▁[38;2;0;136;58;48;2;103;200;140m▀[38;2;74;186;106;48;2;37;163;86m▕[38;2;79;192;114;48;2;149;210;149m▖[38;2;148;219;160;48;2;179;217;168m▕[38;2;91;194;123;48;2;13;167;75m▍[38;2;21;154;76;48;2;1;152;59m▗[38;2;78;190;120;48;2;7;143;58m▖[38;2;181;219;159;48;2;55;155;71m▐[38;2;144;47;23;48;2;201;219;164m▝[38;2;150;43;22;48;2;191;57;29m▅[38;2;211;64;36;48;2;173;43;24m▀[38;2;184;44;18;48;2;221;55;29m▅[38;2;243;143;79;48;2;217;52;22m▗[38;2;254;168;105;48;2;237;115;60m▞[38;2;247;90;36;48;2;254;65;26m▏[38;2;254;65;30;48;2;254;61;23m▝[38;2;254;93;31;48;2;254;64;22m▐[38;2;254;89;32;48;2;254;99;37m▐[38;2;253;117;49;48;2;254;89;32m▕[38;2;203;96;71;48;2;250;162;97m▝[38;2;241;172;107;48;2;203;92;74m▁[38;2;160;73;52;48;2;124;42;30m▖[38;2;108;37;29;48;2;116;41;35m▊[38;2;178;74;54;48;2;137;40;27m▝[38;2;179;65;54;48;2;209;95;73m▖[38;2;205;88;69;48;2;231;115;89m▖[38;2;226;119;89;48;2;236;143;115m▃[38;2;229;122;94;48;2;240;157;127m▃[38;2;225;115;91;48;2;236;164;136m▃[38;2;210;106;81;48;2;241;165;136m▃[38;2;192;86;67;48;2;237;157;127m▃[38;2;236;144;114;48;2;164;60;35m▀[38;2;176;73;51;48;2;217;119;92m▅[38;2;132;45;32;48;2;202;95;76m▆[38;2;225;140;119;48;2;171;62;49m▗[38;2;179;67;51;48;2;230;139;114m▀[38;2;170;57;37;48;2;207;96;74m▆[38;2;205;90;67;48;2;217;104;75m▖[38;2;244;163;131;48;2;232;134;100m▐[38;2;240;158;127;48;2;245;173;143m▕[38;2;193;87;63;48;2;229;140;111m▐[38;2;189;77;53;48;2;206;96;73m▘[38;2;165;51;39;48;2;213;103;83m▃[38;2;176;75;57;48;2;212;94;75m▁[38;2;236;155;116;48;2;221;120;95m▐[38;2;238;169;140;48;2;238;162;128m▐[38;2;235;168;138;48;2;242;177;147m▖[38;2;241;169;137;48;2;243;180;148m▔[38;2;241;179;145;48;2;235;156;123m▆[38;2;227;137;108;48;2;245;170;140m▀[38;2;233;134;108;48;2;205;93;69m▖[38;2;217;99;77;48;2;206;83;61m▗[38;2;188;73;52;48;2;200;92;67m▂[38;2;175;61;44;48;2;198;98;74m▖[38;2;181;113;100;48;2;161;92;71m▗[38;2;122;60;45;48;2;153;98;76m▞[38;2;248;215;150;48;2;167;96;64m▗[0m
[38;2;242;145;100;48;2;246;160;115m▃[38;2;254;159;112;48;2;253;170;123m▂[38;2;251;172;123;48;2;250;181;139m▅[38;2;248;183;140;48;2;250;175;128m▀[38;2;247;187;149;48;2;249;179;134m▀[38;2;247;183;139;48;2;248;191;152m▃[38;2;249;182;139;48;2;243;193;153m▃[38;2;249;193;149;48;2;244;182;136m▀[38;2;241;175;133;48;2;249;185;141m▔[38;2;191;132;102;48;2;240;170;129m▔[38;2;237;172;126;48;2;119;124;87m▆[38;2;240;182;133;48;2;4;80;25m▃[38;2;214;183;141;48;2;0;70;26m▂[38;2;98;115;71;48;2;0;92;45m▁[38;2;26;116;61;48;2;116;203;147m▍[38;2;56;146;89;48;2;145;206;156m▃[38;2;25;128;74;48;2;0;109;47m▏[38;2;11;131;65;48;2;0;126;57m▔[38;2;1;142;61;48;2;28;171;86m▆[38;2;76;189;113;48;2;36;165;82m▐[38;2;128;202;145;48;2;159;203;159m▖[38;2;70;178;106;48;2;150;206;155m▐[38;2;61;169;96;48;2;4;162;69m▁[38;2;112;204;134;48;2;0;127;46m▁[38;2;0;110;33;48;2;74;167;86m▊[38;2;152;207;138;48;2;209;222;173m▖[38;2;227;224;184;48;2;121;50;25m▖[38;2;179;90;44;48;2;154;38;18m▗[38;2;166;52;18;48;2;244;156;77m▀[38;2;254;110;33;48;2;254;163;91m▗[38;2;254;119;44;48;2;251;81;19m▂[38;2;254;106;38;48;2;254;58;22m▁[38;2;254;86;27;48;2;254;52;11m▁[38;2;254;123;58;48;2;254;69;5m▝[38;2;254;107;33;48;2;254;132;51m▂[38;2;254;107;38;48;2;254;144;58m▀[38;2;254;162;68;48;2;246;103;19m▃[38;2;254;168;70;48;2;254;189;83m▍[38;2;192;133;69;48;2;253;189;101m▕[38;2;165;110;57;48;2;95;28;25m▏[38;2;120;40;27;48;2;100;29;18m▐[38;2;180;65;52;48;2;149;56;44m▝[38;2;190;69;60;48;2;143;47;37m▀[38;2;115;36;26;48;2;191;73;53m▃[38;2;193;83;64;48;2;104;18;6m▀[38;2;136;44;30;48;2;190;82;63m▆[38;2;131;41;28;48;2;218;122;95m▀[38;2;218;130;102;48;2;146;50;34m▆[38;2;203;118;91;48;2;227;146;116m▔[38;2;175;102;87;48;2;227;144;112m▗[38;2;154;67;55;48;2;89;16;12m▘[38;2;197;104;89;48;2;99;25;24m▀[38;2;158;60;49;48;2;227;132;112m▃[38;2;213;108;88;48;2;194;81;65m▘[38;2;221;124;99;48;2;196;89;66m▐[38;2;227;146;122;48;2;246;180;157m▘[38;2;240;187;165;48;2;236;157;131m▊[38;2;240;145;117;48;2;217;104;82m▖[38;2;212;95;77;48;2;179;69;53m▍[38;2;203;111;93;48;2;175;67;56m▆[38;2;173;87;69;48;2;107;36;22m▏[38;2;193;88;75;48;2;77;6;1m▀[38;2;168;61;46;48;2;234;144;115m▃[38;2;209;109;85;48;2;232;166;131m▃[38;2;226;135;107;48;2;237;174;141m▂[38;2;237;175;142;48;2;234;156;123m▀[38;2;231;144;112;48;2;238;166;131m▃[38;2;236;141;110;48;2;222;111;89m▊[38;2;177;61;50;48;2;210;95;73m▗[38;2;183;69;52;48;2;150;54;43m▘[38;2;190;109;89;48;2;137;51;37m▐[38;2;204;127;107;48;2;155;72;51m▘[38;2;182;97;74;48;2;249;219;158m▀[38;2;247;221;152;48;2;254;218;136m▁[0m
[38;2;241;130;84;48;2;240;115;69m▀[38;2;254;146;99;48;2;245;129;81m▀[38;2;254;159;111;48;2;249;139;93m▀[38;2;252;147;99;48;2;252;165;114m▃[38;2;252;150;101;48;2;251;168;119m▂[38;2;251;156;108;48;2;250;173;125m▃[38;2;249;175;127;48;2;247;158;109m▀[38;2;240;139;93;48;2;243;167;117m▗[38;2;229;126;81;48;2;254;156;115m▗[38;2;237;146;102;48;2;254;157;111m▍[38;2;254;172;118;48;2;237;130;82m▀[38;2;248;185;126;48;2;254;161;108m▀[38;2;248;174;126;48;2;252;184;136m▃[38;2;209;187;143;48;2;245;185;138m▔[38;2;242;188;140;48;2;59;91;41m▆[38;2;237;187;140;48;2;13;87;34m▅[38;2;221;194;148;48;2;1;106;48m▃[38;2;141;156;111;48;2;1;123;55m▁[38;2;7;131;59;48;2;1;117;44m▀[38;2;34;164;80;48;2;4;135;54m▐[38;2;75;182;107;48;2;120;199;138m▍[38;2;95;171;118;48;2;158;208;165m▕[38;2;143;204;152;48;2;87;175;114m▝[38;2;54;172;103;48;2;128;208;144m▂[38;2;69;179;116;48;2;0;105;31m▊[38;2;194;223;166;48;2;29;136;53m▝[38;2;198;175;130;48;2;225;230;181m▝[38;2;236;144;70;48;2;184;100;44m▐[38;2;250;150;47;48;2;253;161;72m▝[38;2;254;121;34;48;2;254;164;62m▔[38;2;254;184;73;48;2;254;141;45m▆[38;2;254;149;45;48;2;254;186;78m▀[38;2;254;184;72;48;2;254;131;48m▅[38;2;254;181;78;48;2;254;134;61m▅[38;2;254;186;84;48;2;254;129;57m▅[38;2;254;143;46;48;2;254;169;63m▘[38;2;254;196;89;48;2;254;177;73m▝[38;2;250;191;89;48;2;250;203;105m▖[38;2;249;212;132;48;2;253;205;113m▅[38;2;87;41;25;48;2;205;178;114m▐[38;2;93;29;24;48;2;120;46;33m▏[38;2;102;27;20;48;2;132;56;43m▗[38;2;129;55;51;48;2;88;23;15m▃[38;2;117;46;39;48;2;93;25;11m▞[38;2;158;67;57;48;2;107;36;24m▀[38;2;133;53;38;48;2;175;85;68m▆[38;2;153;67;56;48;2;194;100;83m▆[38;2;171;81;64;48;2;189;96;74m▆[38;2;170;84;65;48;2;186;95;73m▃[38;2;174;88;65;48;2;179;91;65m▃[38;2;72;24;18;48;2;149;80;64m▝[38;2;82;37;27;48;2;47;6;12m▖[38;2;38;1;7;48;2;83;16;11m▆[38;2;142;54;47;48;2;53;14;12m▀[38;2;101;31;20;48;2;188;81;69m▂[38;2;224;145;121;48;2;179;74;56m▀[38;2;230;148;125;48;2;167;57;44m▀[38;2;205;94;76;48;2;128;39;35m▀[38;2;147;46;29;48;2;67;10;11m▀[38;2;168;68;55;48;2;96;34;28m▔[38;2;118;51;39;48;2;176;92;76m▘[38;2;142;69;58;48;2;213;120;87m▔[38;2;110;28;15;48;2;210;117;93m▀[38;2;115;32;21;48;2;186;73;57m▅[38;2;201;89;66;48;2;160;48;45m▀[38;2;195;65;50;48;2;217;103;74m▅[38;2;222;101;79;48;2;184;58;44m▀[38;2;149;37;29;48;2;206;81;63m▅[38;2;172;55;41;48;2;131;47;37m▔[38;2;184;110;79;48;2;150;63;50m▗[38;2;201;125;87;48;2;185;103;69m▗[38;2;191;115;86;48;2;254;216;155m▘[38;2;254;189;137;48;2;251;224;160m▁[38;2;253;177;122;48;2;253;221;155m▂[0m
[38;2;214;74;42;48;2;166;39;28m▀[38;2;235;95;58;48;2;187;47;28m▀[38;2;243;111;68;48;2;207;62;36m▀[38;2;231;84;50;48;2;246;126;78m▅[38;2;247;128;81;48;2;235;92;56m▀[38;2;252;133;86;48;2;244;104;67m▀[38;2;251;142;94;48;2;244;105;66m▀[38;2;238;94;58;48;2;250;123;81m▃[38;2;254;130;86;48;2;219;101;53m▍[38;2;232;100;51;48;2;254;133;88m▐[38;2;226;94;44;48;2;243;131;76m▗[38;2;248;138;83;48;2;241;117;66m▐[38;2;246;136;88;48;2;244;154;103m▃[38;2;247;160;115;48;2;250;152;102m▀[38;2;247;150;98;48;2;243;172;126m▃[38;2;247;123;77;48;2;241;173;129m▃[38;2;249;135;92;48;2;245;172;127m▃[38;2;222;195;152;48;2;248;161;116m▔[38;2;241;173;133;48;2;90;131;76m▅[38;2;239;199;154;48;2;8;113;37m▃[38;2;103;133;79;48;2;31;149;72m▁[38;2;85;182;103;48;2;147;208;152m▖[38;2;168;222;174;48;2;68;185;125m▖[38;2;38;161;90;48;2;12;149;77m▍[38;2;24;147;81;48;2;3;135;64m▔[38;2;25;141;57;48;2;3;143;59m▕[38;2;68;165;81;48;2;180;210;137m▖[38;2;184;94;32;48;2;235;232;173m▐[38;2;252;62;15;48;2;252;130;56m▆[38;2;254;65;26;48;2;254;162;80m▅[38;2;253;158;51;48;2;254;75;25m▀[38;2;254;99;47;48;2;254;170;64m▃[38;2;254;113;38;48;2;254;185;80m▂[38;2;254;162;79;48;2;254;196;101m▂[38;2;254;184;92;48;2;254;202;104m▂[38;2;253;205;103;48;2;254;187;85m▆[38;2;254;197;97;48;2;254;176;64m▅[38;2;244;175;70;48;2;248;190;90m▘[38;2;250;164;66;48;2;249;212;126m▃[38;2;247;208;126;48;2;144;104;65m▊[38;2;135;69;55;48;2;93;42;23m▐[38;2;132;59;46;48;2;89;25;16m▍[38;2;165;101;80;48;2;202;128;103m▍[38;2;201;119;92;48;2;104;27;13m▖[38;2;121;52;49;48;2;64;11;15m▃[38;2;37;5;9;48;2;88;29;34m▆[38;2;35;11;6;48;2;130;56;47m▆[38;2;65;19;16;48;2;163;77;63m▅[38;2;179;88;70;48;2;68;15;10m▀[38;2;60;4;6;48;2;196;102;87m▃[38;2;86;5;1;48;2;196;114;88m▂[38;2;110;57;40;48;2;181;108;83m▝[38;2;58;16;10;48;2;176;96;85m▀[38;2;127;64;53;48;2;40;2;2m▂[38;2;60;5;0;48;2;36;0;0m▁[38;2;32;1;0;48;2;95;27;21m▆[38;2;32;0;0m▆[38;2;62;11;6;48;2;30;1;3m▁[38;2;109;46;34;48;2;48;12;15m▗[38;2;98;33;24;48;2;136;54;46m▘[38;2;134;51;42;48;2;172;80;60m▂[38;2;119;42;27;48;2;190;96;81m▂[38;2;110;36;27;48;2;194;98;73m▂[38;2;112;48;38;48;2;166;77;60m▂[38;2;141;70;62;48;2;103;19;17m▖[38;2;89;27;21;48;2;137;36;33m▆[38;2;112;40;30;48;2;139;39;29m▅[38;2;120;38;26;48;2;109;34;23m▀[38;2;164;88;72;48;2;123;51;39m▗[38;2;215;162;120;48;2;183;107;67m▗[38;2;209;135;97;48;2;246;203;146m▘[38;2;247;217;148;48;2;252;204;142m▊[38;2;254;212;151;48;2;249;124;74m▃[38;2;235;128;75;48;2;249;219;149m▀[0m
[38;2;156;47;30;48;2;99;19;8m▖[38;2;93;21;21;48;2;128;23;19m▅[38;2;104;27;22;48;2;151;29;20m▅[38;2;109;19;13;48;2;174;37;23m▅[38;2;191;49;28;48;2;120;21;18m▀[38;2;212;70;39;48;2;140;23;18m▀[38;2;153;28;17;48;2;222;74;46m▃[38;2;221;70;41;48;2;182;44;24m▀[38;2;198;55;33;48;2;225;81;48m▂[38;2;211;68;37;48;2;237;97;57m▃[38;2;236;97;52;48;2;230;78;36m▀[38;2;243;105;58;48;2;251;118;67m▃[38;2;247;129;80;48;2;247;119;71m▝[38;2;246;123;78;48;2;250;136;92m▃[38;2;232;93;61;48;2;246;136;99m▞[38;2;248;180;141;48;2;229;105;70m▆[38;2;254;188;149;48;2;253;203;166m▔[38;2;247;185;146;48;2;249;202;172m▔[38;2;248;208;175;48;2;240;159;121m▆[38;2;252;207;178;48;2;245;178;138m▃[38;2;200;193;148;48;2;252;186;144m▔[38;2;150;206;146;48;2;87;138;75m▞[38;2;138;194;135;48;2;165;206;158m▖[38;2;162;211;164;48;2;71;175;113m▖[38;2;25;163;88;48;2;0;145;67m▍[38;2;0;146;59;48;2;0;148;62m▝[38;2;117;185;103;48;2;9;143;58m▝[38;2;177;208;133;48;2;248;233;175m▍[38;2;208;154;110;48;2;224;56;27m▖[38;2;233;41;17;48;2;254;66;31m▃[38;2;254;60;25;48;2;254;62;30m▐[38;2;254;82;40;48;2;254;58;28m▔[38;2;254;73;38;48;2;254;95;46m▆[38;2;254;82;30;48;2;254;103;44m▆[38;2;254;86;25;48;2;254;141;70m▅[38;2;254;179;91;48;2;254;116;38m▀[38;2;254;190;91;48;2;254;166;66m▀[38;2;254;178;71;48;2;254;186;80m▅[38;2;247;155;47;48;2;254;181;74m▔[38;2;239;179;80;48;2;254;188;72m▕[38;2;177;133;57;48;2;103;49;35m▍[38;2;92;28;14;48;2;156;97;83m▐[38;2;123;64;48;48;2;199;120;99m▍[38;2;155;76;60;48;2;203;123;97m▝[38;2;180;82;69;48;2;139;43;30m▝[38;2;168;66;56;48;2;57;0;0m▍[38;2;75;43;40;48;2;22;0;0m▝[38;2;67;48;38;48;2;136;103;88m▁[38;2;122;74;65;48;2;168;121;104m▔[38;2;214;167;146;48;2;98;52;47m▆[38;2;208;166;151;48;2;51;1;1m▅[38;2;90;13;9;48;2;180;141;121m▀[38;2;230;186;166;48;2;126;54;44m▃[38;2;205;158;139;48;2;121;48;42m▁[38;2;149;93;80;48;2;100;30;21m▁[38;2;194;135;124;48;2;97;42;31m▁[38;2;131;71;58;48;2;89;26;17m▁[38;2;146;87;74;48;2;102;30;24m▁[38;2;97;40;32;48;2;135;69;59m▅[38;2;94;30;25;48;2;142;63;49m▅[38;2;55;10;10;48;2;119;59;52m▅[38;2;26;0;2;48;2;92;27;18m▅[38;2;31;1;1;48;2;81;34;35m▅[38;2;105;46;41;48;2;55;10;6m▂[38;2;148;75;61;48;2;85;28;21m▂[38;2;95;36;27;48;2;159;82;67m▀[38;2;99;38;26;48;2;136;64;54m▐[38;2;164;102;77;48;2;95;30;20m▗[38;2;245;216;159;48;2;176;107;81m▗[38;2;239;197;152;48;2;245;215;156m▔[38;2;249;211;148;48;2;250;222;160m▔[38;2;236;140;74;48;2;254;199;140m▗[38;2;252;190;115;48;2;248;156;84m▐[38;2;253;211;138;48;2;247;219;154m▘[0m
[38;2;151;35;18;48;2;247;166;121m▀[38;2;92;16;9;48;2;243;160;117m▀[38;2;246;161;122;48;2;105;24;10m▂[38;2;223;139;109;48;2;105;23;17m▁[38;2;98;19;17;48;2;94;19;16m▏[38;2;91;21;17;48;2;83;14;11m▖[38;2;76;11;10;48;2;116;21;18m▆[38;2;70;13;16;48;2;136;27;19m▅[38;2;156;30;17;48;2;88;14;10m▀[38;2;119;26;18;48;2;179;46;25m▃[38;2;153;32;19;48;2;208;61;33m▃[38;2;201;56;28;48;2;225;80;42m▅[38;2;207;62;32;48;2;235;90;51m▖[38;2;246;107;66;48;2;235;93;55m▘[38;2;254;152;111;48;2;233;87;53m▝[38;2;248;116;78;48;2;251;165;119m▃[38;2;246;176;141;48;2;247;136;99m▀[38;2;249;163;119;48;2;245;190;150m▃[38;2;248;197;161;48;2;250;175;134m▀[38;2;248;164;116;48;2;251;200;155m▗[38;2;248;142;96;48;2;251;173;126m▅[38;2;248;155;106;48;2;122;131;72m▊[38;2;138;200;141;48;2;84;122;64m▐[38;2;118;197;139;48;2;168;214;165m▕[38;2;65;171;104;48;2;0;147;62m▖[38;2;16;160;80;48;2;0;149;61m▗[38;2;18;159;75;48;2;4;149;61m▖[38;2;174;212;135;48;2;53;155;66m▐[38;2;191;102;57;48;2;208;227;158m▐[38;2;222;34;13;48;2;243;81;37m▀[38;2;254;117;52;48;2;230;44;17m▃[38;2;254;149;70;48;2;252;60;28m▂[38;2;254;166;71;48;2;240;69;12m▃[38;2;254;168;59;48;2;254;131;51m▅[38;2;254;169;53;48;2;254;134;39m▅[38;2;254;171;62;48;2;252;122;25m▆[38;2;243;132;34;48;2;254;167;60m▁[38;2;254;159;56;48;2;254;168;63m▂[38;2;254;173;55;48;2;254;184;73m▂[38;2;254;181;65;48;2;254;192;73m▅[38;2;124;79;19;48;2;248;185;67m▐[38;2;76;21;5;48;2;126;63;51m▕[38;2;195;119;95;48;2;84;30;13m▐[38;2;190;96;81;48;2;214;129;103m▕[38;2;144;49;35;48;2;171;81;65m▝[38;2;149;56;38;48;2;191;77;63m▖[38;2;162;65;58;48;2;47;0;0m▖[38;2;77;45;36;48;2;27;10;4m▃[38;2;169;149;137;48;2;32;11;8m▝[38;2;194;172;159;48;2;24;1;2m▀[38;2;53;33;23;48;2;223;196;172m▂[38;2;118;96;85;48;2;196;164;138m▂[38;2;205;188;174;48;2;238;216;194m▁[38;2;222;205;190;48;2;195;167;149m▊[38;2;234;200;180;48;2;197;156;132m▐[38;2;229;172;157;48;2;242;204;184m▔[38;2;223;192;168;48;2;185;125;111m▅[38;2;191;135;115;48;2;239;206;182m▐[38;2;158;98;82;48;2;182;156;135m▏[38;2;80;56;47;48;2;174;121;101m▂[38;2;55;20;10;48;2;21;0;0m▘[38;2;14;0;0;48;2;108;42;38m▀[38;2;80;28;15;48;2;147;64;53m▘[38;2;209;143;119;48;2;137;60;49m▗[38;2;185;106;83;48;2;206;124;101m▕[38;2;173;96;76;48;2;95;23;13m▘[38;2;201;134;103;48;2;105;37;18m▗[38;2;174;108;80;48;2;220;180;142m▘[38;2;251;225;159;48;2;246;223;163m▁[38;2;252;222;159;48;2;250;227;168m▆[38;2;247;212;143;48;2;246;219;150m▝[38;2;254;209;143;48;2;246;222;149m▔[38;2;245;214;140;48;2;250;220;143m▞[38;2;247;198;121;48;2;249;222;143m▗[0m
[38;2;247;169;124;48;2;249;176;130m▂[38;2;254;187;144;48;2;250;180;135m▆[38;2;254;192;148;48;2;254;174;129m▆[38;2;248;188;143;48;2;250;166;126m▅[38;2;160;85;65;48;2;248;176;134m▔[38;2;242;167;128;48;2;93;24;15m▅[38;2;245;169;130;48;2;82;17;8m▃[38;2;216;142;111;48;2;80;18;16m▂[38;2;96;38;18;48;2;70;21;17m▁[38;2;60;17;13;48;2;75;10;11m▆[38;2;49;1;0;48;2;109;24;16m▅[38;2;136;30;16;48;2;41;0;0m▀[38;2;86;23;15;48;2;170;46;23m▃[38;2;137;38;22;48;2;206;67;39m▃[38;2;187;67;40;48;2;218;84;54m▂[38;2;203;74;44;48;2;231;84;47m▆[38;2;235;93;59;48;2;204;73;42m▀[38;2;200;69;37;48;2;243;114;70m▂[38;2;213;79;49;48;2;252;146;92m▃[38;2;228;84;44;48;2;247;134;83m▅[38;2;230;97;55;48;2;244;112;63m▂[38;2;52;108;47;48;2;199;103;65m▗[38;2;51;142;71;48;2;56;172;95m▍[38;2;105;193;127;48;2;164;211;160m▍[38;2;25;158;80;48;2;157;223;167m▝[38;2;20;174;88;48;2;0;164;74m▖[38;2;8;162;72;48;2;0;152;60m▘[38;2;65;160;70;48;2;0;135;58m▕[38;2;131;197;113;48;2;215;233;172m▖[38;2;219;196;147;48;2;202;88;42m▍[38;2;248;188;141;48;2;254;121;59m▁[38;2;248;186;135;48;2;250;153;72m▁[38;2;254;173;62;48;2;238;127;43m▀[38;2;243;146;93;48;2;254;188;92m▖[38;2;244;140;61;48;2;254;174;97m▝[38;2;254;202;132;48;2;245;117;48m▃[38;2;254;215;158;48;2;254;166;83m▃[38;2;254;217;169;48;2;254;183;90m▃[38;2;254;221;172;48;2;254;191;95m▃[38;2;246;218;175;48;2;254;191;100m▃[38;2;254;203;130;48;2;184;161;124m▊[38;2;164;143;114;48;2;116;63;54m▏[38;2;157;97;84;48;2;86;29;18m▕[38;2;174;112;98;48;2;213;136;106m▏[38;2;168;78;62;48;2;197;120;88m▐[38;2;137;40;32;48;2;156;64;48m▆[38;2;102;24;18;48;2;170;62;57m▝[38;2;167;124;111;48;2;98;50;40m▝[38;2;194;148;134;48;2;69;36;20m▅[38;2;171;124;109;48;2;38;6;0m▃[38;2;113;72;62;48;2;33;10;6m▁[38;2;35;11;7;48;2;30;6;4m▔[38;2;143;126;115;48;2;34;6;5m▔[38;2;213;193;176;48;2;61;19;9m▔[38;2;47;17;15;48;2;202;179;157m▆[38;2;14;0;0;48;2;219;200;175m▅[38;2;1;0;0;48;2;185;166;140m▅[38;2;4;0;0;48;2;176;156;138m▆[38;2;134;113;99;48;2;55;26;23m▔[38;2;118;51;43;48;2;42;7;6m▃[38;2;64;10;2;48;2;150;47;40m▘[38;2;135;59;48;48;2;162;60;51m▗[38;2;193;135;121;48;2;140;59;49m▗[38;2;161;99;88;48;2;198;136;117m▗[38;2;156;90;78;48;2;77;17;12m▘[38;2;83;17;9;48;2;194;119;91m▘[38;2;207;159;110;48;2;193;138;97m▆[38;2;254;102;57;48;2;251;196;132m▅[38;2;243;95;29;48;2;254;195;131m▅[38;2;254;209;137;48;2;243;127;55m▀[38;2;252;200;119;48;2;254;212;139m▁[38;2;249;210;131;48;2;248;215;136m▘[38;2;251;218;146;48;2;249;209;133m▀[38;2;252;186;107;48;2;248;202;118m▗[0m
[38;2;233;122;78;48;2;246;150;98m▖[38;2;246;159;107;48;2;254;176;128m▅[38;2;252;184;136;48;2;250;163;108m▀[38;2;251;168;116;48;2;251;186;139m▃[38;2;248;173;124;48;2;248;183;137m▃[38;2;252;177;128;48;2;251;182;134m▂[38;2;248;176;126;48;2;247;170;123m▆[38;2;250;173;122;48;2;243;168;123m▃[38;2;188;124;95;48;2;246;171;132m▔[38;2;245;158;110;48;2;79;24;11m▆[38;2;243;165;125;48;2;54;14;3m▅[38;2;243;159;113;48;2;34;11;1m▃[38;2;219;157;117;48;2;32;27;11m▂[38;2;128;100;63;48;2;53;61;43m▁[38;2;41;56;37;48;2;126;44;31m▆[38;2;22;34;13;48;2;182;65;43m▅[38;2;211;87;56;48;2;17;16;3m▀[38;2;25;17;1;48;2;194;69;38m▃[38;2;32;20;1;48;2;183;49;20m▃[38;2;11;56;22;48;2;191;56;27m▃[38;2;3;99;42;48;2;159;56;35m▅[38;2;23;118;53;48;2;5;152;66m▘[38;2;17;166;79;48;2;0;162;67m▝[38;2;115;193;129;48;2;46;175;96m▐[38;2;157;206;162;48;2;171;206;161m▕[38;2;98;186;128;48;2;10;156;81m▍[38;2;3;156;76;48;2;0;145;64m▂[38;2;82;200;130;48;2;0;138;58m▃[38;2;163;219;149;48;2;3;121;42m▝[38;2;158;153;111;48;2;214;220;174m▝[38;2;173;176;139;48;2;238;226;190m▖[38;2;233;219;200;48;2;251;231;195m▅[38;2;230;214;196;48;2;254;213;172m▆[38;2;236;223;200;48;2;245;207;162m▆[38;2;232;222;199;48;2;253;222;173m▆[38;2;210;204;187;48;2;235;220;192m▂[38;2;214;210;194;48;2;224;211;191m▗[38;2;238;220;191;48;2;199;197;184m▔[38;2;193;192;180;48;2;236;214;191m▆[38;2;212;209;193;48;2;227;217;201m▗[38;2;227;219;201;48;2;170;185;180m▘[38;2;112;62;53;48;2;147;158;161m▐[38;2;94;47;41;48;2;68;19;7m▍[38;2;206;133;108;48;2;118;58;44m▐[38;2;207;133;104;48;2;175;104;83m▊[38;2;155;82;70;48;2;130;56;47m▖[38;2;149;66;61;48;2;155;44;39m▂[38;2;176;61;54;48;2;167;43;32m▀[38;2;145;53;42;48;2;212;96;84m▘[38;2;212;160;141;48;2;197;103;85m▀[38;2;178;92;73;48;2;219;177;154m▂[38;2;136;87;73;48;2;220;179;157m▔[38;2;212;175;152;48;2;107;64;50m▆[38;2;220;182;159;48;2;95;50;39m▅[38;2;210;172;147;48;2;84;47;42m▅[38;2;228;192;165;48;2;86;44;39m▅[38;2;204;158;137;48;2;67;23;16m▆[38;2;80;37;29;48;2;211;144;127m▔[38;2;191;142;129;48;2;179;64;56m▘[38;2;172;55;55;48;2;160;37;36m▃[38;2;142;68;57;48;2;168;53;51m▃[38;2;172;118;99;48;2;125;68;54m▗[38;2;152;87;74;48;2;176;116;97m▗[38;2;81;32;15;48;2;157;93;83m▞[38;2;115;58;49;48;2;181;124;82m▘[38;2;193;137;91;48;2;248;166;87m▘[38;2;247;159;81;48;2;252;146;67m▘[38;2;251;116;45;48;2;250;138;56m▝[38;2;254;149;72;48;2;248;102;35m▆[38;2;244;124;43;48;2;248;135;47m▝[38;2;254;188;102;48;2;248;134;45m▝[38;2;249;173;89;48;2;246;201;116m▃[38;2;248;190;112;48;2;252;201;121m▅[38;2;226;144;77;48;2;249;189;106m▐[0m
[38;2;242;116;75;48;2;231;91;55m▀[38;2;252;142;88;48;2;239;115;70m▀[38;2;252;148;93;48;2;248;129;77m▀[38;2;250;139;83;48;2;254;159;106m▅[38;2;252;163;108;48;2;251;145;87m▀[38;2;251;169;115;48;2;246;147;91m▀[38;2;248;149;92;48;2;254;167;113m▃[38;2;248;147;94;48;2;251;164;110m▂[38;2;247;157;104;48;2;250;149;98m▀[38;2;235;122;76;48;2;247;157;107m▃[38;2;242;139;95;48;2;248;143;94m▘[38;2;248;134;87;48;2;248;150;100m▂[38;2;245;161;109;48;2;247;151;101m▐[38;2;224;166;122;48;2;249;165;115m▔[38;2;84;78;39;48;2;245;169;121m▔[38;2;245;171;126;48;2;35;55;16m▆[38;2;239;176;128;48;2;19;53;21m▅[38;2;30;73;31;48;2;232;190;144m▀[38;2;228;192;145;48;2;36;127;70m▂[38;2;183;183;139;48;2;16;127;63m▁[38;2;17;122;60;48;2;1;131;62m▁[38;2;5;156;67;48;2;43;161;93m▊[38;2;46;171;89;48;2;24;166;73m▏[38;2;60;173;92;48;2;26;167;76m▐[38;2;125;199;139;48;2;171;217;168m▍[38;2;60;173;108;48;2;178;227;186m▝[38;2;30;165;92;48;2;7;155;79m▍[38;2;67;189;117;48;2;0;141;59m▔[38;2;5;149;70;48;2;0;156;70m▔[38;2;56;155;85;48;2;196;222;172m▍[38;2;223;229;190;48;2;184;190;155m▖[38;2;211;205;183;48;2;217;210;186m▁[38;2;212;210;188;48;2;234;226;206m▖[38;2;234;225;213;48;2;203;195;175m▖[38;2;190;193;182;48;2;224;220;199m▖[38;2;197;197;184;48;2;221;216;196m▐[38;2;176;187;182;48;2;208;205;191m▅[38;2;232;224;214;48;2;175;178;174m▗[38;2;221;215;203;48;2;229;223;208m▕[38;2;211;209;198;48;2;179;191;190m▘[38;2;174;185;178;48;2;186;194;187m▀[38;2;138;142;140;48;2;184;194;190m▝[38;2;101;100;100;48;2;106;60;54m▖[38;2;81;24;6;48;2;158;82;64m▊[38;2;170;91;72;48;2;208;127;101m▏[38;2;155;89;69;48;2;195;124;99m▐[38;2;147;74;66;48;2;127;60;47m▞[38;2;140;57;45;48;2;181;63;51m▅[38;2;167;67;57;48;2;185;66;54m▆[38;2;175;57;46;48;2;224;111;97m▆[38;2;189;66;56;48;2;227;122;106m▃[38;2;198;78;70;48;2;227;117;105m▂[38;2;235;133;123;48;2;177;102;89m▅[38;2;235;130;116;48;2;168;101;84m▅[38;2;204;103;86;48;2;160;96;77m▅[38;2;221;98;88;48;2;145;72;54m▅[38;2;203;77;71;48;2;169;69;57m▆[38;2;141;43;32;48;2;178;65;61m▂[38;2;166;47;42;48;2;114;44;38m▀[38;2;117;54;49;48;2;139;30;25m▆[38;2;178;108;91;48;2;130;70;56m▗[38;2;95;40;35;48;2;172;103;85m▗[38;2;199;150;124;48;2;95;38;26m▗[38;2;181;130;105;48;2;253;198;120m▘[38;2;254;178;98;48;2;213;114;39m▀[38;2;208;81;28;48;2;242;123;59m▆[38;2;224;130;75;48;2;220;90;37m▗[38;2;215;110;59;48;2;214;96;43m▖[38;2;177;70;30;48;2;238;115;47m▅[38;2;185;76;30;48;2;245;120;46m▆[38;2;178;70;31;48;2;228;106;42m▅[38;2;211;98;52;48;2;250;145;70m▃[38;2;242;133;61;48;2;248;189;101m▃[38;2;251;154;85;48;2;254;190;106m▝[0m
[38;2;128;26;16;48;2;197;62;39m▅[38;2;212;75;48;48;2;153;40;29m▀[38;2;227;96;59;48;2;178;52;30m▀[38;2;237;109;68;48;2;199;66;40m▀[38;2;245;122;74;48;2;210;76;44m▀[38;2;246;126;75;48;2;222;90;51m▀[38;2;222;83;48;48;2;246;127;75m▃[38;2;247;129;79;48;2;228;98;56m▀[38;2;224;90;52;48;2;242;125;81m▅[38;2;216;90;51;48;2;247;113;75m▍[38;2;237;121;70;48;2;226;90;49m▀[38;2;241;131;83;48;2;237;103;62m▐[38;2;246;148;100;48;2;246;136;84m▀[38;2;245;142;93;48;2;248;153;108m▅[38;2;244;158;111;48;2;245;141;91m▀[38;2;217;114;70;48;2;245;160;112m▃[38;2;244;148;99;48;2;249;161;110m▞[38;2;250;193;155;48;2;231;142;103m▃[38;2;240;167;130;48;2;252;188;144m▅[38;2;232;198;157;48;2;248;172;140m▔[38;2;237;164;120;48;2;81;128;77m▆[38;2;239;197;152;48;2;15;122;49m▖[38;2;8;116;38;48;2;0;140;47m▁[38;2;24;153;68;48;2;0;142;47m▔[38;2;54;164;88;48;2;122;190;136m▆[38;2;138;199;149;48;2;168;208;169m▖[38;2;145;210;166;48;2;43;161;96m▖[38;2;22;155;83;48;2;0;148;66m▏[38;2;0;159;71;48;2;0;148;59m▘[38;2;63;159;84;48;2;0;142;53m▕[38;2;101;178;100;48;2;203;226;174m▖[38;2;217;214;193;48;2;171;174;145m▐[38;2;214;208;192;48;2;198;196;180m▞[38;2;209;209;194;48;2;223;219;205m▖[38;2;202;203;192;48;2;173;184;176m▏[38;2;203;204;189;48;2;173;173;163m▀[38;2;236;221;203;48;2;181;179;172m▃[38;2;234;220;200;48;2;235;225;207m▏[38;2;193;199;188;48;2;222;219;211m▐[38;2;185;194;185;48;2;200;205;200m▘[38;2;206;206;196;48;2;196;198;195m▃[38;2;195;204;195;48;2;209;211;200m▀[38;2;46;55;51;48;2;177;184;182m▐[38;2;96;35;24;48;2;51;26;18m▀[38;2;89;38;25;48;2;166;90;74m▖[38;2;177;100;75;48;2;203;129;99m▖[38;2;208;132;107;48;2;161;84;68m▖[38;2;178;96;77;48;2;144;66;52m▂[38;2;168;88;68;48;2;144;65;51m▃[38;2;183;103;77;48;2;158;75;57m▂[38;2;167;81;65;48;2;163;50;38m▅[38;2;176;96;74;48;2;154;48;36m▃[38;2;154;47;38;48;2;162;83;63m▀[38;2;156;46;41;48;2;160;80;62m▀[38;2;142;47;37;48;2;156;72;57m▀[38;2;136;26;24;48;2;142;59;51m▀[38;2;151;41;38;48;2;118;39;33m▔[38;2;120;54;51;48;2;118;24;19m▅[38;2;121;56;48;48;2;138;72;66m▊[38;2;119;56;48;48;2;173;122;99m▘[38;2;190;126;107;48;2;108;69;60m▘[38;2;191;173;150;48;2;116;59;47m▗[38;2;201;160;129;48;2;245;191;126m▘[38;2;241;175;84;48;2;238;152;67m▊[38;2;202;88;30;48;2;238;147;62m▗[38;2;203;85;36;48;2;225;118;68m▊[38;2;211;103;60;48;2;241;134;79m▗[38;2;124;29;15;48;2;210;103;55m▃[38;2;138;49;13;48;2;222;113;57m▃[38;2;187;81;40;48;2;228;125;62m▅[38;2;195;87;46;48;2;152;50;29m▁[38;2;241;148;77;48;2;188;73;44m▃[38;2;254;193;107;48;2;213;95;55m▃[48;2;252;181;84m [0m
[38;2;184;68;40;48;2;92;15;0m▅[38;2;96;19;6;48;2;202;84;45m▀[38;2;218;107;66;48;2;106;24;17m▃[38;2;202;100;63;48;2;111;23;14m▂[38;2;107;18;11;48;2;162;41;26m▅[38;2;178;47;28;48;2;120;25;17m▀[38;2;193;58;32;48;2;144;36;25m▀[38;2;143;31;16;48;2;196;61;33m▃[38;2;156;45;29;48;2;195;63;31m▃[38;2;206;71;40;48;2;167;47;28m▀[38;2;191;55;32;48;2;214;71;36m▃[38;2;232;93;57;48;2;219;74;43m▀[38;2;228;94;51;48;2;239;117;67m▅[38;2;239;96;55;48;2;243;124;70m▃[38;2;208;70;31;48;2;241;115;67m▗[38;2;236;104;65;48;2;249;148;107m▍[38;2;245;183;145;48;2;246;161;119m▀[38;2;245;166;126;48;2;242;195;156m▃[38;2;248;174;135;48;2;247;200;166m▂[38;2;245;185;148;48;2;246;203;170m▂[38;2;235;165;120;48;2;254;203;163m▐[38;2;253;192;153;48;2;249;184;137m▔[38;2;25;107;32;48;2;204;192;139m▐[38;2;9;137;47;48;2;0;146;58m▍[38;2;32;172;90;48;2;7;164;75m▐[38;2;43;180;100;48;2;130;203;148m▖[38;2;109;191;140;48;2;167;209;167m▝[38;2;104;186;133;48;2;9;141;69m▅[38;2;115;204;148;48;2;0;142;59m▅[38;2;109;206;148;48;2;0;133;54m▖[38;2;124;193;117;48;2;10;152;61m▐[38;2;137;151;117;48;2;200;224;166m▝[38;2;142;162;130;48;2;199;205;189m▖[38;2;187;195;185;48;2;200;204;191m▆[38;2;230;224;207;48;2;173;183;181m▗[38;2;210;205;191;48;2;240;220;198m▘[38;2;240;219;194;48;2;238;223;203m▖[38;2;235;225;207;48;2;224;220;203m▊[38;2;213;213;198;48;2;203;205;194m▍[38;2;204;206;199;48;2;208;208;197m▔[38;2;227;219;204;48;2;215;212;197m▗[38;2;227;219;203;48;2;220;216;200m▖[38;2;30;55;52;48;2;198;204;195m▐[38;2;28;55;30;48;2;5;75;41m▝[38;2;117;55;40;48;2;68;19;10m▝[38;2;116;51;37;48;2;179;104;80m▖[38;2;191;114;90;48;2;201;129;100m▖[38;2;187;112;88;48;2;210;135;109m▀[38;2;189;110;85;48;2;218;147;116m▀[38;2;230;164;133;48;2;190;111;87m▆[38;2;231;169;138;48;2;203;127;100m▆[38;2;230;175;142;48;2;205;135;107m▆[38;2;226;166;135;48;2;193;121;93m▅[38;2;212;143;111;48;2;169;92;67m▆[38;2;208;123;91;48;2;159;81;61m▅[38;2;189;110;77;48;2;136;60;49m▅[38;2;179;96;76;48;2;137;64;49m▃[38;2;125;49;32;48;2;197;114;92m▀[38;2;174;106;78;48;2;184;106;81m▕[38;2;179;110;83;48;2;103;44;18m▘[48;2;98;67;58m [38;2;132;145;150;48;2;166;177;178m▏[38;2;242;231;202;48;2;219;209;184m▕[38;2;245;224;187;48;2;239;171;104m▅[38;2;244;222;180;48;2;235;118;44m▃[38;2;225;139;91;48;2;217;91;40m▂[38;2;235;112;58;48;2;225;95;44m▃[38;2;134;38;16;48;2;217;95;44m▔[38;2;158;63;31;48;2;191;81;43m▔[38;2;156;49;14;48;2;238;126;65m▀[38;2;224;115;62;48;2;244;133;63m▘[38;2;250;157;76;48;2;249;146;70m▝[38;2;251;180;81;48;2;252;154;72m▀[38;2;248;164;68;48;2;254;187;85m▂[0m
[38;2;151;38;21;48;2;217;101;63m▀[38;2;183;65;38;48;2;150;38;25m▃[38;2;158;36;16;48;2;200;82;42m▆[38;2;153;30;15;48;2;233;115;66m▅[38;2;226;113;58;48;2;175;51;22m▀[38;2;118;37;13;48;2;214;93;44m▔[38;2;224;113;55;48;2;106;18;4m▆[38;2;107;17;11;48;2;228;147;81m▀[38;2;246;144;74;48;2;113;29;24m▃[38;2;246;159;90;48;2;108;22;10m▃[38;2;229;149;92;48;2;124;24;15m▂[38;2;137;29;18;48;2;188;52;28m▆[38;2;202;63;37;48;2;129;24;17m▀[38;2;221;74;46;48;2;177;46;33m▀[38;2;230;83;53;48;2;203;59;39m▘[38;2;207;63;36;48;2;240;107;72m▅[38;2;240;132;87;48;2;220;82;47m▀[38;2;245;142;102;48;2;229;98;60m▀[38;2;234;109;71;48;2;247;148;103m▃[38;2;230;119;81;48;2;245;153;117m▃[38;2;199;81;45;48;2;230;144;102m▃[38;2;232;143;98;48;2;220;105;73m▀[38;2;71;97;37;48;2;203;105;71m▐[38;2;2;123;41;48;2;0;144;60m▍[38;2;0;143;52;48;2;3;160;71m▅[38;2;17;173;87;48;2;66;179;112m▊[38;2;99;192;127;48;2;154;209;163m▖[38;2;17;143;77;48;2;140;211;159m▐[38;2;0;130;62;48;2;22;160;90m▆[38;2;76;197;130;48;2;1;144;65m▘[38;2;10;149;66;48;2;0;129;53m▕[38;2;13;151;62;48;2;163;220;153m▖[38;2;189;208;190;48;2;134;157;130m▞[38;2;174;191;178;48;2;198;202;193m▏[38;2;228;221;206;48;2;233;222;203m▔[38;2;237;220;198;48;2;237;216;190m▊[38;2;237;215;188;48;2;241;219;191m▍[38;2;240;223;198;48;2;233;222;201m▍[38;2;218;216;200;48;2;208;209;198m▍[38;2;217;216;201;48;2;213;211;196m▆[38;2;226;218;202;48;2;229;220;201m▘[38;2;228;220;201;48;2;222;216;199m▍[38;2;40;61;50;48;2;195;198;185m▐[38;2;2;51;27;48;2;13;97;55m▍[38;2;14;89;52;48;2;12;14;4m▍[38;2;99;45;35;48;2;36;5;3m▀[38;2;87;34;25;48;2;161;86;70m▃[38;2;143;78;64;48;2;191;113;91m▃[38;2;155;83;62;48;2;205;127;101m▃[38;2;168;92;70;48;2;214;143;113m▃[38;2;178;101;78;48;2;223;159;128m▃[38;2;177;99;77;48;2;231;166;138m▃[38;2;188;109;85;48;2;227;153;124m▃[38;2;224;150;119;48;2;197;114;86m▀[38;2;187;103;76;48;2;214;135;106m▃[38;2;194;108;83;48;2;204;118;88m▃[38;2;174;100;79;48;2;196;115;86m▁[38;2;91;47;35;48;2;184;109;84m▃[38;2;125;68;59;48;2;59;17;14m▘[38;2;64;23;18;48;2;23;25;15m▘[38;2;106;122;126;48;2;20;29;20m▕[38;2;110;126;129;48;2;159;173;173m▏[38;2;199;195;182;48;2;195;198;186m▔[38;2;194;194;179;48;2;231;216;189m▖[38;2;194;187;168;48;2;228;215;186m▗[38;2;252;214;170;48;2;230;217;188m▔[38;2;245;221;187;48;2;227;139;89m▅[38;2;253;210;169;48;2;239;133;71m▃[38;2;215;124;77;48;2;216;98;44m▁[38;2;233;119;56;48;2;215;88;38m▔[38;2;252;206;162;48;2;244;128;59m▂[38;2;248;219;176;48;2;242;124;71m▃[38;2;247;220;184;48;2;239;126;67m▃[38;2;246;144;82;48;2;251;222;189m▀[0m
[38;2;206;84;51;48;2;239;116;75m▐[38;2;229;110;74;48;2;210;91;60m▆[38;2;228;109;69;48;2;205;88;56m▆[38;2;221;98;62;48;2;177;56;37m▆[38;2;204;82;54;48;2;158;37;25m▅[38;2;192;76;55;48;2;154;38;26m▃[38;2;186;64;29;48;2;156;36;16m▔[38;2;160;40;21;48;2;205;81;39m▆[38;2;166;47;30;48;2;223;106;49m▆[38;2;169;47;26;48;2;225;110;58m▅[38;2;188;58;23;48;2;244;145;76m▅[38;2;247;164;102;48;2;194;60;25m▀[38;2;106;31;4;48;2;208;83;46m▔[38;2;189;87;62;48;2;120;23;16m▅[38;2;164;55;36;48;2;131;41;18m▃[38;2;115;24;10;48;2;195;55;39m▅[38;2;106;33;17;48;2;199;64;38m▃[38;2;89;29;7;48;2;189;57;36m▁[38;2;136;53;29;48;2;194;73;45m▁[38;2;166;52;33;48;2;202;73;48m▆[38;2;116;41;26;48;2;189;57;36m▂[38;2;177;98;68;48;2;24;45;13m▀[38;2;51;73;21;48;2;5;134;56m▘[38;2;0;143;58;48;2;0;148;65m▍[38;2;35;176;92;48;2;7;164;75m▀[38;2;23;172;88;48;2;0;165;74m▝[38;2;105;199;136;48;2;67;190;116m▐[38;2;135;208;156;48;2;141;208;158m▏[38;2;98;195;135;48;2;1;161;78m▖[38;2;0;151;64;48;2;0;159;70m▀[38;2;0;130;53;48;2;0;151;58m▝[38;2;51;169;83;48;2;0;146;55m▝[38;2;112;200;123;48;2;183;228;168m▖[38;2;127;159;157;48;2;99;129;121m▂[38;2;223;222;205;48;2;110;138;141m▀[38;2;131;143;145;48;2;233;218;198m▂[38;2;230;220;204;48;2;239;222;198m▁[38;2;234;223;202;48;2;236;221;199m▗[38;2;229;220;198;48;2;215;213;196m▍[38;2;222;216;201;48;2;216;213;197m▐[38;2;225;217;201;48;2;228;217;200m▁[38;2;214;209;194;48;2;230;222;203m▝[38;2;47;64;53;48;2;221;224;214m▐[38;2;14;98;57;48;2;7;41;25m▝[38;2;0;36;8;48;2;10;103;56m▝[38;2;31;8;4;48;2;16;11;4m▐[38;2;82;28;20;48;2;45;17;10m▗[38;2;68;23;17;48;2;131;50;40m▀[38;2;67;20;19;48;2;115;61;50m▆[38;2;109;49;39;48;2;63;18;18m▀[38;2;71;20;14;48;2;124;55;40m▅[38;2;122;56;44;48;2;67;22;18m▀[38;2;140;71;57;48;2;62;20;14m▀[38;2;154;76;57;48;2;60;15;14m▀[38;2;156;73;57;48;2;45;10;5m▀[38;2;45;9;5;48;2;156;80;61m▅[38;2;148;81;67;48;2;71;30;22m▔[38;2;40;12;5;48;2;75;32;30m▗[38;2;51;15;13;48;2;16;9;4m▘[38;2;20;21;12;48;2;23;44;29m▍[38;2;5;20;21;48;2;102;125;128m▊[38;2;114;138;143;48;2;164;179;177m▏[38;2;185;191;182;48;2;197;200;189m▏[38;2;219;212;197;48;2;206;207;193m▝[48;2;230;220;201m [38;2;234;224;204;48;2;200;196;179m▖[38;2;207;207;191;48;2;221;216;200m▖[38;2;232;222;201;48;2;244;224;193m▆[38;2;245;192;148;48;2;243;221;198m▔[38;2;211;130;93;48;2;237;221;200m▔[38;2;234;217;189;48;2;246;222;183m▆[38;2;227;211;183;48;2;239;218;184m▆[38;2;223;211;188;48;2;237;218;185m▃[38;2;206;203;188;48;2;228;214;192m▃[0m
[38;2;190;64;31;48;2;153;32;18m▀[38;2;218;86;56;48;2;167;44;25m▀[38;2;177;57;37;48;2;221;95;60m▃[38;2;185;64;37;48;2;219;93;61m▃[38;2;187;58;35;48;2;207;83;55m▃[38;2;187;57;36;48;2;204;79;53m▅[38;2;185;67;44;48;2;162;40;21m▘[38;2;163;44;24;48;2;180;56;40m▗[38;2;186;63;41;48;2;179;54;37m▗[38;2;189;65;42;48;2;174;49;31m▅[38;2;172;51;32;48;2;153;40;28m▊[38;2;167;54;40;48;2;134;23;14m▗[38;2;146;31;16;48;2;201;77;54m▀[48;2;208;76;53m▀[38;2;197;71;47;48;2;149;40;27m▃[38;2;155;46;32;48;2;129;25;14m▖[38;2;74;20;12;48;2;102;28;25m▐[38;2;55;71;51;48;2;37;24;10m▂[38;2;5;36;14;48;2;36;26;9m▅[38;2;0;64;22;48;2;23;24;8m▂[38;2;15;115;58;48;2;20;50;22m▅[38;2;13;122;68;48;2;39;153;95m▔[38;2;51;172;110;48;2;14;145;77m▝[38;2;42;164;102;48;2;1;148;73m▍[38;2;0;148;63;48;2;0;123;56m▀[38;2;57;180;113;48;2;0;158;69m▗[38;2;53;185;113;48;2;4;165;82m▝[38;2;39;179;103;48;2;104;196;140m▖[38;2;62;181;116;48;2;127;205;157m▐[38;2;4;161;84;48;2;0;157;76m▏[38;2;0;155;72;48;2;0;140;63m▍[38;2;0;135;57;48;2;0;131;54m▕[38;2;140;215;147;48;2;7;149;64m▝[38;2;93;124;104;48;2;172;222;173m▝[38;2;112;146;126;48;2;157;184;185m▖[38;2;139;179;185;48;2;91;121;135m▅[38;2;213;210;200;48;2;100;131;143m▔[38;2;223;220;208;48;2;76;98;108m▀[38;2;192;202;194;48;2;219;218;202m▖[38;2;222;216;200;48;2;215;212;197m▕[38;2;218;212;196;48;2;238;227;207m▘[38;2;238;228;207;48;2;233;223;201m▘[38;2;90;99;90;48;2;222;225;208m▐[38;2;0;22;8;48;2;8;16;10m▕[38;2;20;105;68;48;2;0;40;14m▝[38;2;22;86;56;48;2;6;15;5m▖[38;2;65;23;21;48;2;37;12;10m▐[38;2;137;49;39;48;2;86;27;21m▝[38;2;89;25;14;48;2;132;40;34m▐[38;2;74;15;13;48;2;62;13;8m▕[38;2;120;36;30;48;2;88;23;18m▝[38;2;90;25;21;48;2;115;34;29m▂[38;2;64;20;15;48;2;92;30;24m▂[38;2;65;21;17;48;2;45;10;10m▘[38;2;84;27;19;48;2;41;13;8m▃[38;2;93;35;21;48;2;62;16;12m▆[38;2;90;29;18;48;2;38;7;6m▀[38;2;34;9;3;48;2;20;7;6m▘[38;2;9;40;21;48;2;9;13;6m▗[38;2;0;22;9;48;2;24;75;51m▕[38;2;11;26;28;48;2;93;117;122m▊[38;2;132;149;150;48;2;182;192;183m▍[38;2;190;197;187;48;2;204;203;190m▍[38;2;209;208;193;48;2;216;216;200m▞[38;2;213;208;191;48;2;229;219;198m▍[48;2;233;222;200m [38;2;204;203;190;48;2;233;225;204m▀[38;2;204;201;187;48;2;223;218;201m▖[38;2;225;219;201;48;2;231;219;200m▃[38;2;213;207;186;48;2;224;218;195m▗[38;2;225;219;197;48;2;229;217;198m▃[38;2;225;212;189;48;2;239;224;200m▂[38;2;208;204;187;48;2;235;222;197m▝[38;2;180;193;194;48;2;174;179;171m▕[0m
[38;2;77;18;15;48;2;110;23;18m▆[38;2;81;21;18;48;2;133;31;22m▆[38;2;84;20;17;48;2;128;30;22m▅[38;2;90;19;17;48;2;145;38;25m▅[38;2;92;23;21;48;2;147;39;26m▅[38;2;92;24;21;48;2;143;37;27m▅[38;2;78;18;16;48;2;123;27;19m▂[38;2;140;31;15;48;2;108;26;19m▀[38;2;156;42;22;48;2;116;26;18m▀[38;2;127;34;25;48;2;165;47;30m▂[38;2;148;37;28;48;2;169;52;37m▂[38;2;184;65;49;48;2;147;31;18m▝[38;2;152;35;20;48;2;201;72;53m▃[38;2;168;55;36;48;2;211;82;59m▂[38;2;187;73;45;48;2;206;81;52m▁[38;2;200;76;53;48;2;150;43;24m▊[38;2;157;57;34;48;2;130;44;36m▅[38;2;31;110;67;48;2;63;47;28m▐[38;2;36;149;94;48;2;0;69;24m▖[38;2;52;161;97;48;2;0;75;25m▐[38;2;39;160;92;48;2;0;90;37m▏[38;2;21;139;74;48;2;110;184;140m▀[38;2;0;118;49;48;2;0;129;55m▂[38;2;0;138;60;48;2;0;120;51m▀[48;2;0;125;52m [38;2;41;171;101;48;2;0;143;62m▔[38;2;0;151;61;48;2;0;162;71m▁[38;2;38;184;103;48;2;0;170;77m▝[38;2;88;196;134;48;2;118;203;151m▍[38;2;85;192;135;48;2;10;151;82m▍[38;2;14;173;93;48;2;0;149;62m▖[38;2;0;129;52;48;2;0;138;53m▔[38;2;51;169;92;48;2;0;136;55m▁[38;2;158;212;157;48;2;40;158;83m▐[38;2;177;215;165;48;2;118;149;123m▖[38;2;142;180;184;48;2;165;192;184m▔[38;2;153;181;176;48;2;136;173;178m▁[38;2;217;220;206;48;2;126;158;168m▃[38;2;111;124;119;48;2;228;219;199m▘[38;2;214;210;191;48;2;225;218;201m▖[38;2;239;228;203;48;2;240;229;208m▀[38;2;237;224;201;48;2;241;227;203m▐[38;2;225;224;212;48;2;17;37;35m▊[38;2;7;19;8;48;2;6;32;20m▐[38;2;4;18;12;48;2;0;36;14m▊[38;2;21;64;36;48;2;2;68;34m▕[38;2;71;29;19;48;2;51;15;11m▂[38;2;75;15;10;48;2;63;12;8m▝[38;2;85;15;14;48;2;128;37;31m▖[38;2;134;51;42;48;2;73;17;15m▖[38;2;76;20;15;48;2;72;19;12m▝[38;2;78;24;17;48;2;64;19;11m▀[38;2;68;12;13;48;2;52;12;9m▂[38;2;129;48;35;48;2;75;21;15m▃[38;2;71;17;11;48;2;111;41;30m▗[38;2;80;26;16;48;2;50;18;15m▘[38;2;30;21;20;48;2;36;8;8m▗[38;2;23;17;15;48;2;16;35;24m▀[38;2;9;41;27;48;2;18;76;46m▘[38;2;22;76;49;48;2;9;21;17m▘[38;2;9;28;27;48;2;125;145;146m▊[38;2;145;162;160;48;2;177;192;190m▘[38;2;196;198;189;48;2;205;204;194m▖[38;2;205;205;191;48;2;218;214;200m▘[38;2;220;215;199;48;2;226;217;200m▊[38;2;233;219;200;48;2;229;220;202m▂[38;2;235;223;203;48;2;235;220;200m▀[38;2;199;202;190;48;2;235;224;202m▐[38;2;204;205;189;48;2;217;215;198m▆[38;2;219;215;196;48;2;228;220;199m▏[38;2;215;210;194;48;2;226;218;197m▊[38;2;222;213;193;48;2;229;221;198m▝[38;2;237;229;211;48;2;206;208;193m▝[38;2;173;183;180;48;2;233;224;206m▝[0m
[38;2;68;15;15;48;2;100;26;23m▅[38;2;81;22;19;48;2;90;21;22m▆[38;2;79;21;17;48;2;89;26;25m▀[38;2;77;22;20;48;2;96;29;29m▀[38;2;89;27;27;48;2;75;19;18m▆[38;2;66;23;22;48;2;83;29;25m▁[38;2;33;10;10;48;2;79;27;26m▂[38;2;27;12;8;48;2;56;19;21m▃[38;2;35;11;9;48;2;86;26;21m▆[38;2;51;32;20;48;2;95;27;22m▆[38;2;166;144;124;48;2;89;29;22m▗[38;2;222;210;186;48;2;109;28;20m▃[38;2;219;201;183;48;2;130;38;32m▃[38;2;205;199;181;48;2;101;40;32m▂[38;2;208;204;185;48;2;157;51;33m▂[38;2;194;186;177;48;2;141;39;24m▂[38;2;168;176;173;48;2;154;68;58m▃[38;2;159;186;184;48;2;58;95;76m▆[38;2;0;100;47;48;2;29;145;90m▝[38;2;12;129;69;48;2;0;82;33m▝[38;2;5;116;60;48;2;36;175;100m▞[38;2;0;94;45;48;2;85;162;119m▆[38;2;0;97;40;48;2;0;104;45m▆[38;2;0;114;51;48;2;0;100;43m▝[38;2;0;103;42;48;2;0;126;57m▃[38;2;0;109;47;48;2;0;130;58m▃[38;2;0;110;47;48;2;0;132;57m▃[38;2;32;139;78;48;2;0;140;60m▁[38;2;102;198;144;48;2;24;154;93m▝[38;2;82;193;139;48;2;36;169;102m▊[38;2;0;149;66;48;2;9;162;88m▐[38;2;0;136;52;48;2;0;125;50m▔[38;2;0;122;49;48;2;84;194;123m▆[38;2;47;161;82;48;2;0;144;58m▕[38;2;86;183;103;48;2;170;218;154m▖[38;2;172;195;187;48;2;102;135;109m▐[38;2;234;220;204;48;2;186;199;187m▆[38;2;232;221;201;48;2;238;223;205m▅[38;2;230;223;204;48;2;225;221;204m▊[38;2;215;211;197;48;2;229;222;205m▊[38;2;236;226;207;48;2;240;226;203m▍[38;2;227;221;198;48;2;238;226;204m▗[38;2;84;132;110;48;2;216;224;206m▐[38;2;0;29;13;48;2;0;83;44m▝[38;2;0;32;14;48;2;7;30;15m▖[38;2;7;54;28;48;2;0;86;43m▍[38;2;108;66;47;48;2;9;70;36m▐[38;2;92;25;8;48;2;182;93;56m▀[38;2;101;21;11;48;2;125;38;22m▊[38;2;115;31;22;48;2;155;59;43m▝[38;2;87;17;14;48;2;74;17;12m▏[38;2;140;47;29;48;2;63;16;11m▗[38;2;92;18;14;48;2;150;53;37m▘[38;2;141;50;39;48;2;76;12;3m▘[38;2;175;85;63;48;2;67;16;12m▂[38;2;155;75;51;48;2;94;38;26m▖[38;2;17;39;26;48;2;39;28;22m▗[38;2;9;93;49;48;2;7;56;26m▗[38;2;17;86;49;48;2;1;23;16m▍[38;2;8;19;14;48;2;15;22;20m▊[38;2;112;127;127;48;2;15;27;29m▐[38;2;210;212;204;48;2;173;183;182m▐[38;2;200;199;188;48;2;220;214;203m▝[38;2;198;199;187;48;2;220;212;197m▖[38;2;222;214;197;48;2;223;213;193m▁[38;2;209;208;199;48;2;229;221;205m▁[38;2;223;220;207;48;2;136;146;144m▀[38;2;192;202;197;48;2;168;184;181m▐[38;2;204;205;192;48;2;205;209;199m▝[38;2;190;195;185;48;2;215;215;202m▖[38;2;206;201;186;48;2;224;220;203m▐[38;2;213;208;196;48;2;220;215;196m▖[38;2;207;206;192;48;2;174;176;170m▍[38;2;211;205;194;48;2;229;223;201m▏[0m
[38;2;54;19;16;48;2;39;8;9m▃[38;2;45;18;16;48;2;68;22;22m▆[38;2;80;22;21;48;2;45;16;17m▔[38;2;41;13;15;48;2;65;18;18m▆[38;2;61;18;19;48;2;39;13;14m▔[38;2;57;26;25;48;2;29;9;7m▃[38;2;30;7;5;48;2;74;29;27m▀[38;2;99;43;37;48;2;45;10;11m▅[38;2;44;23;18;48;2;70;37;32m▗[38;2;21;17;12;48;2;42;24;20m▆[38;2;63;70;46;48;2;217;217;182m▍[38;2;229;218;186;48;2;227;220;195m▊[38;2;219;214;193;48;2;195;194;181m▀[38;2;194;196;188;48;2;204;203;195m▐[38;2;183;192;182;48;2;214;211;191m▃[38;2;208;210;194;48;2;225;219;198m▖[38;2;227;224;210;48;2;177;181;171m▃[38;2;158;176;173;48;2;149;171;168m▏[38;2;140;180;174;48;2;25;138;85m▖[38;2;0;95;46;48;2;26;139;84m▐[38;2;21;130;71;48;2;0;71;27m▝[38;2;26;166;91;48;2;4;108;51m▀[38;2;19;144;72;48;2;0;89;36m▆[38;2;0;83;25;48;2;54;156;91m▀[38;2;114;203;142;48;2;1;88;33m▅[38;2;0;99;39;48;2;131;207;158m▀[38;2;50;151;97;48;2;33;130;76m▁[38;2;101;186;137;48;2;20;144;77m▀[38;2;100;190;141;48;2;23;151;91m▁[38;2;84;190;137;48;2;48;164;109m▐[38;2;67;183;128;48;2;23;154;91m▖[38;2;0;119;50;48;2;0;138;66m▐[38;2;0;103;41;48;2;0;117;50m▊[38;2;0;130;55;48;2;0;142;63m▖[38;2;145;214;144;48;2;9;146;64m▝[38;2;96;121;86;48;2;184;222;165m▝[38;2;142;153;132;48;2;234;226;208m▖[38;2;234;225;205;48;2;231;223;204m▍[38;2;218;214;199;48;2;226;220;205m▐[38;2;227;221;205;48;2;217;214;200m▐[38;2;231;223;205;48;2;237;225;203m▏[38;2;238;227;204;48;2;222;216;197m▊[38;2;65;127;99;48;2;202;215;195m▐[38;2;0;115;57;48;2;0;119;57m▕[38;2;0;109;54;48;2;0;46;17m▖[38;2;16;95;58;48;2;0;41;16m▐[38;2;71;64;24;48;2;1;103;56m▕[38;2;99;70;33;48;2;205;110;66m▏[38;2;218;101;68;48;2;158;59;35m▅[38;2;157;55;25;48;2;196;84;49m▘[38;2;212;87;59;48;2;134;41;26m▅[38;2;203;79;56;48;2;172;58;41m▆[38;2;218;106;75;48;2;141;42;22m▃[38;2;238;128;89;48;2;148;55;42m▆[38;2;211;115;82;48;2;226;129;91m▕[38;2;48;44;26;48;2;178;103;73m▐[38;2;2;71;39;48;2;12;55;31m▐[38;2;0;82;42;48;2;9;106;61m▏[38;2;2;63;38;48;2;0;27;16m▏[38;2;8;32;22;48;2;6;21;17m▃[38;2;155;170;171;48;2;23;37;35m▐[38;2;192;199;197;48;2;222;219;204m▍[38;2;234;223;208;48;2;226;219;205m▆[38;2;201;197;185;48;2;222;213;197m▝[38;2;195;200;191;48;2;216;209;195m▕[38;2;142;156;153;48;2;98;119;128m▂[38;2;131;148;157;48;2;162;177;176m▘[38;2;179;191;188;48;2;192;202;194m▍[38;2;197;203;195;48;2;199;205;196m▕[38;2;188;195;186;48;2;211;211;199m▊[38;2;207;211;202;48;2;221;217;201m▕[38;2;198;198;189;48;2;189;193;186m▐[38;2;188;191;182;48;2;149;159;154m▍[38;2;205;202;192;48;2;220;211;199m▏[0m
[38;2;52;14;15;48;2;61;16;15m▐[38;2;48;14;15;48;2;51;17;16m▆[38;2;44;11;11;48;2;49;15;15m▃[38;2;44;14;11;48;2;50;17;18m▁[38;2;50;16;17;48;2;55;20;19m▖[38;2;68;27;24;48;2;59;21;20m▐[38;2;65;26;22;48;2;80;31;27m▂[38;2;85;39;36;48;2;37;11;13m▀[38;2;45;22;19;48;2;8;10;8m▘[38;2;12;26;18;48;2;22;41;29m▊[38;2;105;116;93;48;2;224;221;186m▍[38;2;230;221;188;48;2;225;220;185m▔[38;2;182;188;170;48;2;161;165;162m▍[38;2;143;158;159;48;2;204;210;198m▖[38;2;189;201;194;48;2;141;158;160m▖[38;2;128;155;163;48;2;172;188;180m▅[38;2;217;217;207;48;2;150;164;166m▀[38;2;153;170;162;48;2;199;202;198m▝[38;2;101;144;134;48;2;125;172;162m▕[38;2;25;154;92;48;2;17;111;66m▗[38;2;0;128;53;48;2;0;82;30m▖[38;2;37;122;89;48;2;0;87;41m▗[38;2;45;174;107;48;2;3;130;73m▕[38;2;26;157;90;48;2;0;135;59m▍[38;2;0;123;52;48;2;7;158;81m▅[38;2;107;206;152;48;2;0;152;73m▀[38;2;75;188;127;48;2;4;152;76m▘[38;2;13;138;71;48;2;0;136;58m▔[38;2;0;130;57;48;2;105;203;148m▅[38;2;47;168;110;48;2;0;145;78m▀[38;2;49;176;117;48;2;34;161;101m▘[38;2;85;177;131;48;2;6;131;73m▂[38;2;38;135;85;48;2;0;107;45m▖[38;2;0;106;47;48;2;0;128;62m▍[38;2;0;142;65;48;2;0;134;64m▝[38;2;169;222;164;48;2;51;166;86m▐[38;2;183;224;176;48;2;106;129;103m▞[38;2;222;220;203;48;2;225;221;203m▁[38;2;216;213;198;48;2;219;217;200m▝[38;2;217;216;201;48;2;223;219;202m▘[38;2;231;219;200;48;2;234;220;203m▂[38;2;211;210;202;48;2;230;220;205m▗[38;2;43;122;92;48;2;190;205;194m▐[38;2;0;132;66;48;2;0;124;59m▍[38;2;0;129;64;48;2;0;109;56m▊[38;2;0;83;41;48;2;7;42;22m▏[38;2;3;36;22;48;2;18;107;63m▖[38;2;167;107;74;48;2;29;109;57m▐[38;2;215;98;57;48;2;230;113;75m▃[38;2;219;102;66;48;2;230;108;69m▝[38;2;235;111;72;48;2;225;105;65m▅[38;2;235;112;73;48;2;226;106;68m▆[38;2;225;105;66;48;2;235;120;85m▃[38;2;202;88;62;48;2;234;118;89m▃[38;2;38;73;38;48;2;182;95;65m▗[38;2;47;56;29;48;2;0;80;33m▘[38;2;0;72;36;48;2;0;92;46m▘[38;2;0;52;29;48;2;0;114;60m▐[38;2;5;85;53;48;2;5;34;26m▗[38;2;0;110;61;48;2;12;58;39m▖[38;2;3;46;28;48;2;183;198;190m▍[38;2;216;211;194;48;2;233;225;209m▍[38;2;231;224;202;48;2;234;225;208m▗[38;2;233;222;201;48;2;235;224;203m▕[38;2;225;216;195;48;2;214;207;194m▏[38;2;209;212;203;48;2;222;214;198m▔[38;2;164;183;188;48;2;225;219;202m▀[38;2;196;199;189;48;2;190;197;194m▁[38;2;184;196;192;48;2;192;200;195m▂[38;2;178;189;187;48;2;184;195;192m▃[38;2;212;213;206;48;2;197;205;202m▊[38;2;132;150;153;48;2;176;188;186m▗[38;2;205;208;206;48;2;129;138;142m▐[38;2;143;162;171;48;2;195;203;203m▗[0m
[38;2;53;14;14;48;2;43;13;13m▀[38;2;43;12;13;48;2;48;14;14m▆[38;2;45;12;13;48;2;42;10;10m▗[38;2;48;15;15;48;2;43;12;9m▆[38;2;44;16;14;48;2;53;17;16m▃[38;2;39;17;15;48;2;61;23;23m▅[38;2;24;15;13;48;2;46;14;13m▆[38;2;22;8;5;48;2;16;13;14m▘[38;2;6;13;10;48;2;9;19;12m▔[38;2;193;206;176;48;2;23;50;37m▗[38;2;199;208;178;48;2;205;211;178m▏[38;2;152;175;155;48;2;204;212;181m▗[38;2;165;178;170;48;2;179;194;188m▍[38;2;167;177;172;48;2;130;150;156m▝[38;2;153;172;173;48;2;203;207;202m▝[38;2;145;161;162;48;2;110;138;151m▖[38;2;128;153;164;48;2;112;142;155m▝[38;2;135;157;165;48;2;171;187;192m▖[38;2;154;172;177;48;2;114;150;150m▍[38;2;7;131;71;48;2;108;146;152m▐[38;2;0;107;49;48;2;1;149;85m▝[38;2;0;84;43;48;2;0;90;49m▅[38;2;1;81;42;48;2;0;108;51m▅[38;2;0;110;46;48;2;9;151;81m▞[38;2;8;155;84;48;2;0;117;52m▂[38;2;0;132;56;48;2;0;136;58m▏[38;2;0;137;58;48;2;0;134;57m▅[38;2;0;125;56;48;2;0;133;58m▂[38;2;0;145;63;48;2;0;132;57m▅[38;2;7;157;81;48;2;0;149;71m▕[38;2;20;153;93;48;2;11;144;77m▔[38;2;28;141;85;48;2;113;191;152m▖[38;2;116;189;156;48;2;47;158;106m▘[38;2;24;129;77;48;2;0;99;45m▐[38;2;17;119;69;48;2;0;109;44m▏[38;2;56;162;86;48;2;0;122;40m▝[38;2;103;187;118;48;2;172;221;168m▖[38;2;221;223;205;48;2;114;138;107m▐[38;2;224;220;204;48;2;221;218;202m▖[38;2;223;219;202;48;2;229;220;202m▊[38;2;227;219;203;48;2;231;220;200m▕[38;2;205;208;200;48;2;224;216;200m▐[38;2;20;88;67;48;2;179;202;197m▐[38;2;0;99;49;48;2;0;114;52m▖[38;2;0;130;61;48;2;0;139;68m▍[38;2;0;56;29;48;2;0;126;62m▝[38;2;2;55;28;48;2;4;45;27m▕[38;2;63;98;47;48;2;34;106;55m▕[38;2;86;101;48;48;2;200;104;65m▖[38;2;216;94;58;48;2;227;103;65m▆[38;2;218;90;57;48;2;227;98;61m▅[38;2;212;88;55;48;2;223;95;57m▅[38;2;194;86;53;48;2;209;84;52m▁[38;2;185;82;54;48;2;50;76;39m▘[38;2;19;94;49;48;2;13;124;70m▘[38;2;2;125;59;48;2;0;104;48m▅[38;2;0;48;29;48;2;0;99;48m▃[38;2;0;120;71;48;2;2;50;36m▃[38;2;1;102;63;48;2;0;131;71m▘[38;2;0;60;31;48;2;0;116;65m▐[38;2;37;72;60;48;2;199;204;191m▍[38;2;232;225;209;48;2;224;216;201m▐[38;2;235;227;208;48;2;232;223;202m▍[38;2;229;222;198;48;2;232;224;203m▘[38;2;212;208;192;48;2;228;220;201m▐[38;2;214;213;200;48;2;220;218;203m▏[38;2;226;219;200;48;2;222;218;200m▞[38;2;224;215;197;48;2;194;199;192m▊[38;2;169;184;182;48;2;179;191;189m▆[38;2;168;184;184;48;2;188;196;192m▊[38;2;205;209;201;48;2;179;193;189m▊[38;2;91;106;114;48;2;157;173;175m▞[38;2;143;160;167;48;2;186;197;198m▗[38;2;147;162;170;48;2;141;157;166m▏[0m
[38;2;37;13;13;48;2;20;9;8m▀[38;2;24;9;9;48;2;33;10;11m▃[38;2;18;7;5;48;2;33;13;12m▃[48;2;38;11;13m▅[38;2;17;6;7;48;2;33;10;11m▆[38;2;13;7;7;48;2;22;9;8m▅[38;2;5;23;14;48;2;11;10;7m▁[38;2;95;147;113;48;2;6;20;11m▃[38;2;30;66;43;48;2;149;187;151m▘[38;2;174;203;172;48;2;187;209;175m▗[38;2;182;201;170;48;2;147;178;151m▀[38;2;165;197;171;48;2;125;159;146m▘[38;2;149;169;171;48;2;169;186;186m▃[38;2;98;118;133;48;2;159;176;178m▐[38;2;190;198;197;48;2;107;129;141m▝[38;2;131;152;160;48;2;180;192;193m▝[38;2;114;137;148;48;2;95;127;143m▏[38;2;140;161;173;48;2;101;128;143m▝[38;2;115;138;150;48;2;71;97;111m▍[38;2;79;120;132;48;2;66;101;116m▀[38;2;1;89;56;48;2;11;144;85m▊[38;2;4;142;82;48;2;0;90;42m▅[38;2;0;77;40;48;2;34;144;99m▀[38;2;0;112;54;48;2;0;77;36m▝[38;2;0;116;56;48;2;0;152;81m▅[38;2;0;114;55;48;2;0;130;60m▗[38;2;21;164;97;48;2;0;130;58m▗[38;2;15;156;92;48;2;0;142;68m▝[38;2;38;167;106;48;2;0;144;70m▘[38;2;0;144;72;48;2;0;147;70m▏[38;2;57;168;110;48;2;0;150;72m▝[38;2;0;142;67;48;2;40;147;89m▃[38;2;17;138;80;48;2;1;117;63m▘[38;2;0;113;62;48;2;0;100;43m▀[38;2;0;100;48;48;2;0;84;29m▘[38;2;0;120;40;48;2;0;81;30m▐[38;2;155;215;171;48;2;9;132;63m▐[38;2;144;179;140;48;2;150;159;140m▘[38;2;220;219;202;48;2;222;219;203m▞[38;2;223;219;204;48;2;228;220;204m▊[38;2;224;220;204;48;2;230;222;205m▃[38;2;190;206;201;48;2;216;219;209m▐[38;2;3;76;55;48;2;176;211;206m▐[38;2;0;99;48;48;2;0;93;51m▐[38;2;0;141;75;48;2;0;108;52m▝[38;2;0;136;77;48;2;0;141;74m▕[38;2;0;120;70;48;2;0;60;35m▖[38;2;9;58;28;48;2;8;34;13m▔[38;2;139;100;61;48;2;63;92;62m▝[38;2;181;94;72;48;2;205;86;56m▖[38;2;203;84;52;48;2;210;84;56m▅[38;2;111;68;35;48;2;204;82;55m▗[38;2;153;79;40;48;2;23;113;59m▘[38;2;3;107;57;48;2;5;123;68m▁[38;2;0;43;20;48;2;10;133;76m▃[38;2;0;49;25;48;2;0;102;61m▞[38;2;0;53;28;48;2;0;141;82m▘[38;2;0;129;72;48;2;0;143;81m▂[38;2;0;98;55;48;2;0;130;75m▗[38;2;3;51;32;48;2;0;86;46m▐[38;2;101;124;116;48;2;212;214;202m▍[38;2;223;220;203;48;2;233;225;209m▏[38;2;224;219;201;48;2;232;224;203m▗[38;2;234;225;205;48;2;227;218;199m▝[38;2;218;213;197;48;2;231;224;202m▐[38;2;213;212;196;48;2;216;215;200m▂[38;2;220;218;203;48;2;224;220;205m▖[38;2;113;130;132;48;2;223;220;208m▐[38;2;159;176;179;48;2;165;183;184m▏[38;2;173;186;186;48;2;191;197;190m▊[38;2;95;117;124;48;2;191;202;202m▗[38;2;114;138;148;48;2;164;182;186m▍[38;2;106;128;147;48;2;136;155;168m▂[38;2;183;196;196;48;2;121;144;156m▗[0m
[38;2;18;40;29;48;2;12;5;5m▂[38;2;18;43;33;48;2;13;11;9m▂[38;2;24;50;40;48;2;12;12;9m▂[38;2;6;4;3;48;2;21;38;32m▀[38;2;12;22;19;48;2;4;17;12m▕[38;2;101;178;133;48;2;9;23;19m▂[38;2;113;180;130;48;2;41;82;56m▅[38;2;158;194;140;48;2;126;181;135m▅[38;2;90;140;124;48;2;173;200;155m▃[38;2;129;176;158;48;2;98;146;120m▗[38;2;80;120;124;48;2;123;171;149m▗[38;2;118;151;154;48;2;93;127;140m▐[38;2;102;127;138;48;2;136;165;169m▗[38;2;101;122;132;48;2;142;160;165m▃[38;2;98;107;124;48;2;77;97;115m▖[38;2;164;183;191;48;2;97;115;126m▝[38;2;154;171;181;48;2;99;119;132m▘[38;2;66;74;83;48;2;89;115;130m▃[38;2;64;87;100;48;2;49;60;75m▘[38;2;48;66;82;48;2;45;79;87m▊[38;2;7;89;64;48;2;51;87;98m▝[38;2;3;131;77;48;2;24;160;100m▞[38;2;5;131;78;48;2;0;87;37m▔[38;2;0;69;34;48;2;0;65;25m▂[38;2;0;114;54;48;2;0;77;29m▝[38;2;0;132;70;48;2;0;129;66m▗[38;2;3;140;71;48;2;0;121;53m▔[38;2;0;121;50;48;2;0;134;66m▆[38;2;0;123;56;48;2;0;147;57m▀[38;2;42;172;86;48;2;0;150;66m▂[38;2;69;189;108;48;2;0;150;59m▂[38;2;4;163;68;48;2;0;123;47m▂[38;2;0;112;44;48;2;0;151;60m▀[38;2;0;126;58;48;2;0;108;45m▅[38;2;0;84;36;48;2;0;112;47m▐[38;2;1;129;58;48;2;0;85;31m▐[38;2;6;136;61;48;2;148;208;165m▊[38;2;199;214;192;48;2;116;159;131m▐[38;2;222;217;200;48;2;221;220;202m▗[38;2;221;216;201;48;2;216;216;198m▊[38;2;213;214;197;48;2;220;215;203m▅[38;2;175;202;198;48;2;202;211;199m▐[38;2;157;202;194;48;2;0;68;43m▍[38;2;0;92;46;48;2;0;72;39m▝[38;2;0;93;45;48;2;0;97;45m▖[38;2;0;139;75;48;2;0;110;53m▝[38;2;0;94;48;48;2;0;140;73m▝[38;2;0;86;38;48;2;0;41;15m▖[38;2;32;44;16;48;2;10;26;9m▕[38;2;81;78;50;48;2;175;82;62m▍[38;2;67;81;48;48;2;188;79;50m▗[38;2;80;59;27;48;2;22;98;56m▘[38;2;5;105;56;48;2;0;21;4m▀[38;2;4;107;66;48;2;0;27;18m▃[38;2;0;149;78;48;2;0;44;19m▅[38;2;0;125;72;48;2;0;148;80m▔[38;2;0;116;60;48;2;0;140;77m▗[38;2;0;120;66;48;2;0;97;53m▀[38;2;0;97;52;48;2;0;78;46m▘[38;2;30;58;49;48;2;0;54;30m▕[38;2;82;101;93;48;2;194;200;190m▏[38;2;228;219;201;48;2;232;222;205m▘[38;2;223;219;200;48;2;229;222;202m▐[38;2;225;217;201;48;2;218;215;197m▕[38;2;221;214;198;48;2;231;223;204m▕[38;2;214;212;198;48;2;208;208;195m▂[38;2;217;216;206;48;2;219;217;206m▕[38;2;200;205;197;48;2;120;143;150m▏[38;2;155;177;184;48;2;159;180;185m▂[38;2;178;189;185;48;2;157;179;183m▐[38;2;90;114;124;48;2;163;180;184m▐[38;2;118;143;158;48;2;105;133;146m▕[38;2;95;121;139;48;2;178;191;197m▘[38;2;183;195;195;48;2;152;165;173m▀[0m
[38;2;7;10;13;48;2;11;28;21m▆[38;2;18;44;36;48;2;6;10;11m▔[38;2;26;63;58;48;2;7;15;18m▁[38;2;4;20;17;48;2;47;121;99m▀[38;2;84;177;135;48;2;39;93;69m▆[38;2;104;186;141;48;2;154;196;157m▀[38;2;106;153;137;48;2;160;195;152m▗[38;2;145;181;151;48;2;85;141;142m▘[38;2;88;147;138;48;2;68;116;121m▀[38;2;101;141;154;48;2;126;170;170m▗[38;2;99;136;151;48;2;66;105;119m▗[38;2;90;111;122;48;2;123;149;157m▗[38;2;104;132;144;48;2;86;91;105m▘[38;2;114;75;69;48;2;95;99;111m▃[38;2;122;69;61;48;2;105;80;88m▃[38;2;104;43;30;48;2;133;82;77m▃[38;2;147;88;84;48;2;104;41;28m▀[38;2;141;79;68;48;2;190;128;112m▊[38;2;63;79;86;48;2;199;173;163m▐[38;2;57;77;89;48;2;55;84;97m▘[38;2;58;110;119;48;2;55;86;100m▝[38;2;1;104;62;48;2;52;108;115m▝[38;2;0;85;36;48;2;15;144;94m▝[38;2;0;123;65;48;2;0;68;28m▖[38;2;0;70;32;48;2;0;57;24m▀[38;2;36;154;103;48;2;0;101;52m▝[38;2;4;141;79;48;2;0;133;67m▘[38;2;0;148;59;48;2;0;136;59m▐[38;2;80;202;122;48;2;10;170;79m▐[38;2;125;207;140;48;2;176;217;171m▘[38;2;151;212;154;48;2;182;214;170m▔[38;2;52;180;100;48;2;123;203;139m▐[38;2;6;160;76;48;2;3;183;85m▃[38;2;0;149;64;48;2;0;128;54m▘[38;2;4;134;65;48;2;0;105;47m▗[38;2;26;155;87;48;2;0;132;55m▗[38;2;71;118;101;48;2;79;182;120m▃[38;2;100;141;127;48;2;222;219;205m▍[38;2;221;218;204;48;2;225;220;204m▐[38;2;220;213;198;48;2;212;212;199m▘[38;2;199;209;198;48;2;209;213;200m▗[38;2;197;210;200;48;2;167;198;195m▘[38;2;110;168;158;48;2;0;81;50m▍[38;2;0;79;47;48;2;0;64;30m▖[38;2;0;67;33;48;2;0;84;43m▖[38;2;0;101;52;48;2;0;85;47m▝[38;2;0;106;55;48;2;0;140;70m▖[38;2;0;66;21;48;2;0;135;66m▝[38;2;0;53;14;48;2;13;37;21m▏[38;2;76;78;53;48;2;18;40;24m▝[38;2;14;41;23;48;2;56;85;50m▅[38;2;2;116;68;48;2;0;31;9m▃[38;2;4;71;47;48;2;0;140;75m▘[38;2;0;120;63;48;2;0;143;75m▂[38;2;0;145;77;48;2;0;115;58m▀[38;2;0;102;54;48;2;0;125;65m▅[38;2;0;91;45;48;2;0;107;56m▆[38;2;0;91;53;48;2;0;82;46m▘[38;2;0;100;61;48;2;0;77;43m▅[38;2;1;57;36;48;2;88;112;105m▊[38;2;141;162;155;48;2;202;211;201m▏[38;2;226;216;200;48;2;233;222;206m▗[38;2;213;209;195;48;2;221;213;200m▗[38;2;217;216;201;48;2;212;212;202m▕[38;2;224;219;203;48;2;231;222;202m▖[38;2;213;213;204;48;2;222;218;203m▐[38;2;79;95;102;48;2;203;208;203m▗[38;2;100;117;122;48;2;144;168;175m▍[38;2;93;109;117;48;2;144;161;170m▖[38;2;137;158;167;48;2;41;56;64m▀[38;2;149;172;177;48;2;68;89;97m▗[38;2;171;190;194;48;2;127;149;159m▞[38;2;111;141;156;48;2;142;157;165m▆[38;2;141;164;172;48;2;191;199;197m▍[0m
[38;2;7;7;9;48;2;49;91;102m▀[38;2;36;100;96;48;2;11;25;36m▆[38;2;74;158;122;48;2;32;101;83m▅[38;2;138;187;138;48;2;69;156;117m▅[38;2;123;187;142;48;2;146;194;155m▔[38;2;87;146;148;48;2;158;195;157m▅[38;2;118;152;155;48;2;89;145;143m▃[38;2;99;145;153;48;2;51;91;104m▘[38;2;102;131;153;48;2;70;96;114m▝[38;2;103;139;155;48;2;62;96;110m▘[38;2;112;126;134;48;2;91;67;67m▀[38;2;82;88;95;48;2;96;49;46m▘[38;2;122;56;45;48;2;84;38;40m▃[38;2;144;57;41;48;2;102;46;38m▂[38;2;170;72;49;48;2;126;48;34m▂[38;2;146;67;43;48;2;184;84;55m▀[38;2;199;95;65;48;2;152;68;51m▅[38;2;195;94;60;48;2;215;145;116m▊[38;2;194;156;137;48;2;69;81;86m▍[38;2;59;95;113;48;2;62;86;98m▐[38;2;60;96;114;48;2;46;83;98m▆[38;2;62;107;124;48;2;61;118;128m▍[38;2;46;110;107;48;2;68;125;137m▀[38;2;33;156;101;48;2;46;116;102m▀[38;2;39;154;103;48;2;0;71;35m▅[38;2;63;183;124;48;2;0;75;31m▂[38;2;38;139;84;48;2;2;91;45m▁[38;2;0;102;35;48;2;0;140;57m▅[38;2;9;154;73;48;2;0;137;54m▔[38;2;1;159;66;48;2;95;188;122m▆[38;2;0;147;60;48;2;104;197;128m▆[38;2;57;184;105;48;2;0;130;53m▔[38;2;64;183;112;48;2;0;135;59m▁[38;2;115;215;150;48;2;0;135;66m▂[38;2;112;197;138;48;2;23;156;84m▖[38;2;51;141;91;48;2;84;192;131m▞[38;2;48;133;97;48;2;69;170;146m▘[38;2;77;141;135;48;2;208;223;207m▍[38;2;212;214;198;48;2;217;220;203m▐[38;2;203;207;197;48;2;206;210;200m▐[38;2;184;199;189;48;2;197;205;192m▐[38;2;155;195;192;48;2;165;193;187m▗[38;2;45;109;97;48;2;0;113;61m▏[38;2;0;75;31;48;2;0;110;56m▐[38;2;4;69;39;48;2;0;58;27m▐[38;2;2;64;32;48;2;0;73;39m▗[38;2;0;103;50;48;2;0;79;42m▝[38;2;0;106;47;48;2;0;127;58m▖[38;2;0;56;26;48;2;0;124;58m▝[38;2;0;128;70;48;2;8;41;29m▃[38;2;0;135;74;48;2;0;68;40m▆[38;2;0;124;65;48;2;0;142;77m▃[38;2;0;115;59;48;2;0;127;67m▆[38;2;0;115;61;48;2;0;100;52m▀[38;2;0;106;55;48;2;0;92;48m▘[38;2;0;103;52;48;2;0;87;45m▂[38;2;0;114;58;48;2;0;88;45m▂[38;2;0;117;64;48;2;0;90;48m▆[38;2;4;75;47;48;2;0;97;57m▗[38;2;113;137;135;48;2;0;31;25m▐[38;2;187;196;187;48;2;221;218;199m▍[38;2;223;217;203;48;2;230;220;203m▐[38;2;214;213;199;48;2;211;212;197m▍[38;2;208;209;201;48;2;208;208;201m▔[38;2;217;217;204;48;2;224;221;203m▍[38;2;182;188;187;48;2;217;218;207m▗[38;2;98;109;113;48;2;68;79;88m▏[38;2;145;159;168;48;2;61;69;80m▖[38;2;74;85;94;48;2;106;118;127m▐[38;2;109;126;136;48;2;34;49;57m▆[38;2;108;131;141;48;2;46;63;70m▐[38;2;112;146;156;48;2;104;133;145m▕[38;2;107;138;151;48;2;165;184;185m▘[38;2;148;173;178;48;2;182;191;184m▗[0m
[38;2;40;81;96;48;2;47;104;117m▂[38;2;44;112;110;48;2;98;174;140m▍[38;2;120;195;137;48;2;133;198;143m▁[38;2;140;192;159;48;2;74;139;126m▀[38;2;143;166;166;48;2;92;147;147m▃[38;2;99;112;117;48;2;129;171;172m▗[38;2;127;151;156;48;2;85;70;74m▘[38;2;103;67;64;48;2;86;94;97m▂[38;2;78;34;28;48;2;100;93;88m▃[38;2;96;38;27;48;2;90;60;61m▆[38;2;144;67;49;48;2;117;46;31m▂[38;2;172;85;57;48;2;117;44;37m▃[38;2;223;128;89;48;2;147;60;43m▂[38;2;233;144;99;48;2;178;82;51m▃[38;2;192;94;55;48;2;240;157;114m▀[38;2;213;122;86;48;2;212;106;67m▖[38;2;224;115;73;48;2;220;109;67m▆[38;2;211;105;67;48;2;224;173;148m▊[38;2;191;172;156;48;2;66;81;89m▍[38;2;65;102;121;48;2;58;85;104m▐[38;2;64;102;121;48;2;73;115;137m▀[38;2;60;104;122;48;2;67;112;130m▍[38;2;66;119;133;48;2;68;129;141m▅[38;2;57;121;125;48;2;64;133;136m▃[38;2;65;139;135;48;2;26;114;81m▆[38;2;85;162;140;48;2;48;147;98m▃[48;2;96;169;135m [38;2;62;136;98;48;2;106;195;147m▃[38;2;42;108;68;48;2;109;199;144m▂[38;2;3;141;63;48;2;86;185;118m▔[38;2;26;157;81;48;2;110;187;138m▔[38;2;129;211;156;48;2;102;175;127m▀[38;2;136;211;160;48;2;127;181;135m▀[38;2;169;203;164;48;2;96;177;121m▃[38;2;161;208;161;48;2;79;141;89m▆[38;2;115;191;148;48;2;134;192;144m▐[38;2;73;167;153;48;2;106;187;157m▐[38;2;53;149;141;48;2;164;196;190m▊[38;2;205;221;211;48;2;216;218;203m▏[38;2;190;198;194;48;2;200;206;194m▗[38;2;176;198;194;48;2;183;197;197m▕[38;2;155;200;194;48;2;61;113;108m▊[38;2;0;110;60;48;2;0;83;47m▐[38;2;0;106;53;48;2;0;110;56m▝[38;2;0;90;47;48;2;0;67;34m▖[38;2;2;67;37;48;2;5;73;43m▞[38;2;2;72;41;48;2;3;65;34m▁[38;2;0;121;70;48;2;0;86;38m▂[38;2;0;107;54;48;2;0;128;72m▂[38;2;0;112;60;48;2;0;137;73m▅[38;2;0;111;56;48;2;0;125;63m▆[38;2;0;113;56;48;2;0;108;54m▘[38;2;0;106;56;48;2;0;105;55m▞[38;2;0;103;54;48;2;0;101;50m▘[38;2;0;116;58;48;2;0;102;51m▖[38;2;0;130;66;48;2;0;108;54m▃[38;2;0;130;67;48;2;0;100;48m▀[38;2;0;102;55;48;2;0;84;47m▘[38;2;2;83;50;48;2;5;56;45m▊[38;2;149;172;174;48;2;28;51;51m▐[38;2;188;197;192;48;2;223;212;200m▏[38;2;219;219;203;48;2;229;221;202m▐[38;2;206;209;202;48;2;211;212;202m▕[38;2;200;207;199;48;2;203;206;199m▗[38;2;202;208;199;48;2;209;212;200m▖[38;2;210;214;210;48;2;64;73;77m▘[38;2;91;109;121;48;2;80;96;106m▆[38;2;37;53;63;48;2;138;155;165m▐[38;2;54;67;78;48;2;106;119;130m▐[38;2;131;146;157;48;2;68;84;96m▀[38;2;102;131;143;48;2;21;40;51m▐[38;2;117;147;160;48;2;140;167;175m▘[38;2;148;165;170;48;2;178;188;189m▁[38;2;150;165;172;48;2;188;195;190m▁[0m
[38;2;176;188;186;48;2;23;78;75m▃[38;2;172;190;184;48;2;60;128;110m▁[38;2;177;193;182;48;2;81;165;124m▂[38;2;94;151;139;48;2;162;177;171m▔[38;2;143;160;161;48;2;69;50;54m▀[38;2;108;54;43;48;2;81;61;61m▁[38;2;137;68;53;48;2;99;48;38m▃[38;2;161;72;53;48;2;87;36;28m▅[38;2;184;82;60;48;2;102;36;25m▅[38;2;191;100;67;48;2;144;69;50m▆[38;2;171;90;57;48;2;108;54;32m▀[38;2;212;117;83;48;2;105;53;37m▀[38;2;228;132;90;48;2;125;61;39m▀[38;2;152;75;56;48;2;232;150;109m▆[38;2;198;104;75;48;2;165;75;47m▂[38;2;157;71;42;48;2;202;95;63m▂[38;2;183;91;62;48;2;211;108;68m▖[38;2;204;164;143;48;2;190;106;75m▐[38;2;141;143;136;48;2;61;80;91m▍[38;2;76;114;134;48;2;59;90;108m▕[38;2;75;115;138;48;2;81;124;143m▘[38;2;88;129;148;48;2;75;118;135m▖[38;2;60;110;126;48;2;70;116;133m▀[38;2;64;124;131;48;2;59;112;123m▕[38;2;77;143;145;48;2;68;129;136m▐[38;2;93;160;152;48;2;113;175;160m▊[38;2;144;188;168;48;2;128;179;159m▐[38;2;160;189;173;48;2;156;203;167m▆[38;2;159;204;169;48;2;173;198;178m▔[38;2;160;203;167;48;2;192;217;181m▔[38;2;184;217;176;48;2;203;215;185m▔[38;2;190;209;181;48;2;197;216;179m▗[38;2;187;211;177;48;2;171;200;173m▘[38;2;170;196;171;48;2;186;207;183m▍[38;2;163;202;162;48;2;183;207;173m▝[38;2;155;193;167;48;2;131;189;163m▖[38;2;90;166;157;48;2;110;180;159m▝[38;2;85;155;155;48;2;57;121;131m▖[38;2;133;173;174;48;2;206;215;203m▍[38;2;188;201;193;48;2;201;207;198m▐[38;2;163;184;186;48;2;182;196;192m▐[38;2;18;51;54;48;2;152;184;190m▐[38;2;1;63;40;48;2;0;81;47m▅[38;2;0;85;44;48;2;0;106;53m▅[38;2;0;96;51;48;2;0;78;37m▍[38;2;0;66;30;48;2;0;109;57m▀[38;2;0;86;45;48;2;0;103;51m▔[38;2;0;98;49;48;2;0;111;59m▆[38;2;0;97;49;48;2;0;100;52m▖[38;2;0;100;52;48;2;0;106;55m▍[38;2;0;109;57;48;2;0;107;54m▍[38;2;0;113;57;48;2;0;108;55m▃[38;2;0;117;59;48;2;0;107;57m▅[38;2;0;98;46;48;2;0;109;56m▂[38;2;0;102;49;48;2;0;120;59m▘[38;2;0;105;51;48;2;0;122;62m▝[38;2;0;114;56;48;2;0;101;49m▆[38;2;0;110;52;48;2;0;100;54m▖[38;2;5;89;56;48;2;3;53;40m▍[38;2;76;104;105;48;2;159;179;179m▍[38;2;194;198;190;48;2;225;217;198m▏[38;2;216;215;198;48;2;224;220;201m▐[38;2;204;206;201;48;2;210;210;202m▗[38;2;199;206;197;48;2;201;209;204m▆[38;2;81;87;88;48;2;203;209;201m▗[38;2;51;62;72;48;2;110;128;144m▊[38;2;113;132;143;48;2;72;94;103m▊[38;2;110;130;141;48;2;66;80;84m▘[38;2;25;46;59;48;2;77;92;103m▐[38;2;100;118;131;48;2;42;59;69m▊[38;2;12;35;46;48;2;83;108;118m▘[38;2;148;176;183;48;2;93;122;136m▃[38;2;93;125;139;48;2;140;166;175m▀[38;2;82;116;134;48;2;119;149;162m▂[0m
[?25h