[48;2;237;188;2m[38;2;0;0;0m [48;2;228;187;0m[38;2;234;176;3m▄[48;2;233;191;6m[38;2;253;206;51m▂[48;2;242;210;25m[38;2;253;212;73m▄[48;2;239;201;29m[38;2;253;226;103m━[48;2;242;193;19m[38;2;0;0;0m [48;2;237;175;18m[38;2;0;0;0m [48;2;225;153;8m[38;2;106;48;8m▂[48;2;235;162;9m[38;2;72;22;3m▃[48;2;219;147;10m[38;2;49;11;6m▃[48;2;222;154;13m[38;2;50;16;6m▄[48;2;222;160;17m[38;2;42;16;1m▅[48;2;226;166;29m[38;2;46;14;1m▅[48;2;221;161;33m[38;2;68;22;8m▅[48;2;241;186;45m[38;2;65;22;4m▆[48;2;239;190;63m[38;2;50;16;4m▆[48;2;241;200;55m[38;2;39;15;0m▆[48;2;231;197;61m[38;2;28;15;2m▆[48;2;201;170;93m[38;2;20;6;6m▆[48;2;193;168;110m[38;2;14;6;4m▆[48;2;235;218;131m[38;2;25;17;7m▇[48;2;176;160;95m[38;2;13;5;2m▆[48;2;174;158;86m[38;2;16;7;2m▆[48;2;179;165;90m[38;2;10;4;0m▆[48;2;186;171;106m[38;2;10;4;0m▆[48;2;205;185;118m[38;2;18;8;2m▆[48;2;180;149;75m[38;2;14;2;1m▅[48;2;199;162;71m[38;2;25;8;1m▅[48;2;215;164;78m[38;2;32;17;4m▅[48;2;203;153;69m[38;2;26;15;8m▅[48;2;191;154;69m[38;2;20;12;9m▅[48;2;177;143;57m[38;2;25;16;11m▆[48;2;177;129;83m[38;2;27;16;18m▆[48;2;115;74;72m[38;2;17;9;15m▅[48;2;17;6;11m[38;2;0;0;0m [48;2;6;1;3m[38;2;32;19;24m⎺[48;2;34;16;24m[38;2;18;5;10m▅[48;2;56;32;43m[38;2;53;28;37m▄[48;2;64;36;49m[38;2;63;35;47m▄[48;2;60;26;42m[38;2;107;67;86m─[48;2;51;25;36m[38;2;92;61;74m─[48;2;67;46;52m[38;2;62;37;46m▄[48;2;82;50;61m[38;2;112;78;87m━[48;2;137;101;108m[38;2;94;57;72m▄[48;2;141;103;111m[38;2;82;54;65m▅[48;2;154;117;126m[38;2;79;57;67m▄[48;2;162;123;136m[38;2;39;24;34m▄[48;2;159;120;125m[38;2;44;27;32m▄[48;2;141;101;108m[38;2;63;41;50m▃[48;2;131;83;96m[38;2;69;44;55m▄[48;2;123;68;84m[38;2;58;30;45m▄[48;2;118;60;77m[38;2;62;30;49m▄[48;2;108;57;72m[38;2;54;30;42m▄[48;2;73;36;51m[38;2;49;25;40m▃[48;2;71;34;49m[38;2;23;8;21m▄[48;2;100;59;78m[38;2;28;11;28m▄[48;2;74;39;57m[38;2;29;8;26m▄[48;2;58;33;50m[38;2;25;8;22m▅[48;2;14;4;16m[38;2;0;0;0m [48;2;7;1;9m[38;2;9;2;16m▂[48;2;8;2;13m[38;2;12;2;11m┗[48;2;10;2;10m[38;2;10;8;31m▁[48;2;9;3;12m[38;2;30;29;65m▁[48;2;8;2;9m[38;2;15;9;50m▂[48;2;4;2;11m[38;2;29;28;71m▂[48;2;8;5;17m[38;2;36;35;82m▂[48;2;12;11;23m[38;2;29;28;75m▁[48;2;9;5;15m[38;2;27;24;58m▂[48;2;12;4;17m[38;2;36;30;63m▂[48;2;17;11;19m[38;2;65;66;86m▁[48;2;14;9;15m[38;2;108;106;122m▁[48;2;12;9;15m[38;2;115;113;131m▁[48;2;10;6;11m[38;2;102;100;118m▂[48;2;15;11;18m[38;2;119;116;135m▂[48;2;17;12;19m[38;2;130;126;144m▃[48;2;16;13;20m[38;2;113;112;135m▄[48;2;47;40;52m[38;2;99;96;128m▄[48;2;38;35;41m[38;2;89;97;131m▆[48;2;51;54;70m[38;2;57;79;141m▆[48;2;63;80;116m[38;2;39;63;135m▄[0m
[48;2;243;203;5m[38;2;245;221;23m▖[48;2;254;211;34m[38;2;253;210;21m▌[48;2;250;207;20m[38;2;254;212;56m▃[48;2;243;203;12m[38;2;0;0;0m [48;2;247;208;7m[38;2;203;158;3m▂[48;2;217;158;27m[38;2;135;78;10m▗[48;2;76;34;22m[38;2;155;92;43m▘[48;2;65;22;26m[38;2;17;4;5m▅[48;2;48;26;28m[38;2;6;1;3m▅[48;2;24;11;10m[38;2;4;0;1m▅[48;2;17;8;9m[38;2;3;1;1m▆[48;2;3;1;1m[38;2;0;0;0m [48;2;0;0;0m[38;2;1;0;0m▃[48;2;2;0;0m[38;2;15;1;0m▁[48;2;1;0;0m[38;2;0;0;0m━[48;2;0;0;0m[38;2;1;0;0m▃[48;2;0;0;0m[38;2;1;0;0m▂[48;2;0;0;0m[38;2;2;0;2m▁[48;2;0;0;0m[38;2;1;0;0m▁[48;2;7;3;4m[38;2;62;45;48m╶[48;2;21;16;18m[38;2;118;104;108m─[48;2;31;26;32m[38;2;108;99;106m─[48;2;9;6;8m[38;2;110;103;123m▃[48;2;7;5;6m[38;2;126;121;136m▂[48;2;13;7;11m[38;2;90;82;104m▁[48;2;12;6;9m[38;2;25;14;17m╸[48;2;5;2;3m[38;2;0;0;0m [48;2;0;0;0m[38;2;0;0;0m [48;2;0;0;0m[38;2;1;0;0m▗[48;2;2;1;1m[38;2;14;9;11m╴[48;2;0;0;0m[38;2;2;0;1m [48;2;0;0;0m[38;2;2;0;0m [48;2;1;0;0m[38;2;0;0;0m▅[48;2;1;0;0m[38;2;0;0;0m▆[48;2;1;0;0m[38;2;0;0;0m▅[48;2;0;0;0m[38;2;1;0;0m [48;2;4;1;2m[38;2;14;7;12m╺[48;2;10;4;6m[38;2;0;0;0m [48;2;35;16;23m[38;2;3;1;2m▆[48;2;18;9;13m[38;2;0;0;0m [48;2;57;31;41m[38;2;6;2;3m▆[48;2;52;28;35m[38;2;9;3;4m▇[48;2;57;29;42m[38;2;12;8;8m▆[48;2;69;39;55m[38;2;15;7;9m▇[48;2;40;23;32m[38;2;16;9;9m▆[48;2;16;8;10m[38;2;60;42;39m▁[48;2;17;7;12m[38;2;73;48;54m▂[48;2;15;6;11m[38;2;56;37;45m▂[48;2;23;11;20m[38;2;26;15;22m▄[48;2;45;23;37m[38;2;22;13;21m▆[48;2;70;41;62m[38;2;13;7;14m▆[48;2;70;40;64m[38;2;14;10;19m▆[48;2;24;13;29m[38;2;0;0;0m [48;2;30;12;26m[38;2;17;9;30m▇[48;2;8;2;22m[38;2;12;10;38m▃[48;2;5;2;22m[38;2;6;5;33m▁[48;2;15;5;29m[38;2;18;13;51m▂[48;2;14;4;32m[38;2;33;22;77m▗[48;2;8;3;28m[38;2;47;40;102m▄[48;2;10;9;34m[38;2;40;40;95m▅[48;2;16;17;56m[38;2;64;74;126m━[48;2;15;19;61m[38;2;80;90;144m━[48;2;12;16;66m[38;2;66;76;134m━[48;2;14;16;79m[38;2;65;72;139m━[48;2;20;23;96m[38;2;62;69;145m━[48;2;33;35;107m[38;2;86;91;164m━[48;2;44;46;108m[38;2;115;120;180m━[48;2;84;87;135m[38;2;14;14;62m▂[48;2;90;93;131m[38;2;20;20;59m▃[48;2;92;99;128m[38;2;10;12;43m▃[48;2;106;111;141m[38;2;12;16;46m▄[48;2;104;112;139m[38;2;8;11;42m▄[48;2;106;112;141m[38;2;5;9;37m▅[48;2;104;109;141m[38;2;4;6;41m▅[48;2;125;128;156m[38;2;6;8;41m▆[48;2;115;119;150m[38;2;8;10;44m▇[48;2;36;37;75m[38;2;1;1;35m▇[48;2;34;49;107m[38;2;1;2;41m▇[48;2;9;21;98m[38;2;1;1;39m▆[48;2;1;3;39m[38;2;0;0;0m [0m
[48;2;248;225;44m[38;2;253;245;28m▄[48;2;252;224;39m[38;2;253;243;32m▄[48;2;251;238;48m[38;2;254;221;108m▝[48;2;251;225;108m[38;2;252;244;76m▂[48;2;223;166;34m[38;2;252;232;112m▆[48;2;215;145;20m[38;2;250;222;122m▆[48;2;148;85;29m[38;2;245;211;104m▆[48;2;88;46;16m[38;2;236;201;111m▆[48;2;63;28;10m[38;2;232;199;120m▆[48;2;59;28;11m[38;2;229;194;111m▆[48;2;41;20;2m[38;2;228;186;94m▆[48;2;61;31;3m[38;2;234;187;82m▆[48;2;73;39;5m[38;2;232;183;58m▆[48;2;90;47;11m[38;2;239;184;38m▆[48;2;102;56;24m[38;2;230;172;31m▆[48;2;87;49;24m[38;2;217;162;25m▆[48;2;45;20;7m[38;2;214;159;25m▆[48;2;59;27;16m[38;2;222;171;35m▅[48;2;41;16;8m[38;2;214;159;39m▅[48;2;72;39;21m[38;2;212;152;55m▂[48;2;54;31;28m[38;2;214;142;51m▁[48;2;20;16;27m[38;2;90;69;55m▖[48;2;34;35;68m[38;2;18;25;56m▇[48;2;86;90;117m[38;2;21;34;74m▇[48;2;111;115;146m[38;2;33;49;87m▆[48;2;78;84;100m[38;2;82;96;118m▄[48;2;15;18;22m[38;2;118;123;148m▃[48;2;20;20;31m[38;2;143;137;179m▁[48;2;9;7;14m[38;2;35;31;43m╴[48;2;0;0;0m[38;2;1;0;1m▅[48;2;0;0;0m[38;2;1;0;1m▃[48;2;0;0;0m[38;2;1;0;0m▄[48;2;11;9;11m[38;2;0;0;0m [48;2;15;9;10m[38;2;89;75;82m▃[48;2;23;13;11m[38;2;117;97;90m▄[48;2;23;14;8m[38;2;127;105;85m▄[48;2;24;16;11m[38;2;137;120;96m▄[48;2;26;16;12m[38;2;129;120;93m▄[48;2;63;50;33m[38;2;182;182;157m▁[48;2;26;13;11m[38;2;126;92;63m▅[48;2;42;20;21m[38;2;130;78;53m▅[48;2;79;41;35m[38;2;154;107;61m▂[48;2;50;23;13m[38;2;174;127;83m▂[48;2;66;39;30m[38;2;145;98;72m▃[48;2;68;44;39m[38;2;118;78;69m▆[48;2;71;40;38m[38;2;98;61;63m▅[48;2;66;40;46m[38;2;105;79;91m▁[48;2;56;35;42m[38;2;102;78;92m▃[48;2;50;34;44m[38;2;79;63;78m▃[48;2;20;12;21m[38;2;34;23;34m│[48;2;14;10;20m[38;2;47;41;56m⎼[48;2;6;5;14m[38;2;15;14;25m⎼[48;2;17;11;31m[38;2;8;5;17m▊[48;2;10;7;38m[38;2;44;40;78m━[48;2;19;14;62m[38;2;72;66;127m─[48;2;9;10;51m[38;2;44;42;127m▄[48;2;19;19;72m[38;2;43;50;143m▄[48;2;32;30;98m[38;2;68;84;186m▄[48;2;11;14;78m[38;2;55;79;195m▄[48;2;5;7;63m[38;2;27;39;168m▃[48;2;1;1;38m[38;2;26;27;128m▃[48;2;0;0;25m[38;2;0;0;40m⎽[48;2;1;2;40m[38;2;0;0;26m▆[48;2;3;3;63m[38;2;0;0;44m▃[48;2;14;16;101m[38;2;0;0;53m▅[48;2;21;22;98m[38;2;0;0;35m▆[48;2;6;6;57m[38;2;0;0;25m▆[48;2;0;0;10m[38;2;0;0;31m▂[48;2;0;0;9m[38;2;0;0;35m▂[48;2;0;0;15m[38;2;0;0;30m▂[48;2;0;0;14m[38;2;0;0;33m▁[48;2;0;0;20m[38;2;0;0;8m▆[48;2;0;0;10m[38;2;0;0;23m▝[48;2;0;0;31m[38;2;0;0;15m▄[48;2;0;1;29m[38;2;0;0;0m [48;2;0;0;30m[38;2;1;3;56m▁[48;2;0;0;36m[38;2;7;15;86m▁[48;2;0;0;40m[38;2;9;15;76m▁[48;2;0;0;42m[38;2;18;26;97m▁[48;2;1;2;40m[38;2;5;14;98m▄[0m
[48;2;255;242;44m[38;2;248;237;5m▄[48;2;255;246;46m[38;2;250;241;4m▄[48;2;255;242;54m[38;2;253;238;28m▄[48;2;248;231;30m[38;2;255;246;81m⎻[48;2;248;231;39m[38;2;255;247;80m⎻[48;2;251;230;50m[38;2;249;227;28m▄[48;2;237;213;57m[38;2;244;218;25m▄[48;2;205;182;31m[38;2;242;219;26m▆[48;2;229;207;25m[38;2;0;0;0m [48;2;199;174;34m[38;2;247;221;27m▆[48;2;227;206;88m[38;2;241;215;27m▇[48;2;224;200;92m[38;2;239;216;38m▇[48;2;247;219;117m[38;2;232;202;39m▇[48;2;218;179;22m[38;2;252;228;48m▂[48;2;223;191;38m[38;2;185;144;1m⎻[48;2;193;158;15m[38;2;231;207;29m▄[48;2;179;146;19m[38;2;210;189;30m▄[48;2;174;139;20m[38;2;223;196;49m▄[48;2;212;166;24m[38;2;162;123;0m⎻[48;2;231;170;24m[38;2;0;0;0m [48;2;238;167;32m[38;2;181;108;26m▁[48;2;161;103;31m[38;2;208;150;52m┻[48;2;78;51;39m[38;2;179;141;114m━[48;2;29;23;36m[38;2;144;134;149m─[48;2;13;13;33m[38;2;110;111;142m─[48;2;28;29;44m[38;2;121;122;147m─[48;2;17;16;28m[38;2;95;93;119m⎺[48;2;104;97;137m[38;2;19;17;34m▇[48;2;14;12;22m[38;2;0;0;0m [48;2;1;0;1m[38;2;0;0;0m▅[48;2;1;0;1m[38;2;0;0;0m▌[48;2;6;3;14m[38;2;36;27;43m─[48;2;16;11;28m[38;2;58;49;74m─[48;2;28;22;45m[38;2;77;73;99m─[48;2;58;56;75m[38;2;167;181;209m▁[48;2;73;72;98m[38;2;117;156;206m▃[48;2;62;76;96m[38;2;117;133;182m▅[48;2;151;170;176m[38;2;85;92;123m▅[48;2;157;156;144m[38;2;109;106;112m▆[48;2;114;84;73m[38;2;131;115;127m▄[48;2;153;112;101m[38;2;68;46;82m▂[48;2;104;74;75m[38;2;178;142;146m━[48;2;136;105;96m[38;2;45;30;70m▂[48;2;76;54;66m[38;2;147;117;111m┻[48;2;120;94;94m[38;2;50;33;63m▂[48;2;130;106;105m[38;2;37;20;40m▄[48;2;106;82;94m[38;2;52;37;62m▄[48;2;87;73;87m[38;2;27;24;46m▅[48;2;24;22;41m[38;2;45;46;77m▖[48;2;20;19;38m[38;2;51;55;89m⎽[48;2;16;14;40m[38;2;35;42;107m▂[48;2;15;14;47m[38;2;17;29;102m▂[48;2;7;7;44m[38;2;22;36;110m▃[48;2;8;8;48m[38;2;37;54;150m▃[48;2;7;6;70m[38;2;22;39;153m▃[48;2;6;6;103m[38;2;16;29;152m▄[48;2;28;41;159m[38;2;0;0;0m [48;2;37;53;166m[38;2;12;28;124m╹[48;2;14;26;156m[38;2;3;10;123m━[48;2;8;14;139m[38;2;0;6;125m▄[48;2;0;2;86m[38;2;5;11;139m▅[48;2;0;3;51m[38;2;13;23;139m▅[48;2;1;9;81m[38;2;24;35;147m━[48;2;0;1;75m[38;2;8;22;138m▆[48;2;14;27;138m[38;2;19;28;154m▄[48;2;1;9;88m[38;2;25;38;161m▆[48;2;0;7;73m[38;2;15;31;152m▆[48;2;34;48;139m[38;2;21;34;162m▄[48;2;33;47;142m[38;2;14;26;149m▄[48;2;31;49;155m[38;2;0;6;97m▂[48;2;7;17;104m[38;2;29;54;168m⎻[48;2;1;5;74m[38;2;4;6;60m▄[48;2;0;0;29m[38;2;0;1;43m▎[48;2;0;1;27m[38;2;13;16;58m⎽[48;2;4;7;49m[38;2;1;2;29m▊[48;2;6;12;61m[38;2;43;53;111m╴[48;2;14;25;92m[38;2;5;10;59m▄[48;2;6;11;66m[38;2;17;29;101m▘[48;2;12;23;103m[38;2;0;1;38m▃[48;2;25;43;130m[38;2;3;7;58m▄[0m
[48;2;251;238;1m[38;2;248;231;3m▃[48;2;245;233;1m[38;2;246;226;3m▄[48;2;247;230;4m[38;2;251;227;6m▄[48;2;245;226;12m[38;2;0;0;0m [48;2;255;237;58m[38;2;248;230;8m▆[48;2;249;229;6m[38;2;0;0;0m [48;2;245;227;3m[38;2;0;0;0m [48;2;244;226;1m[38;2;228;212;0m▝[48;2;247;229;4m[38;2;0;0;0m [48;2;253;237;22m[38;2;244;229;1m▆[48;2;249;233;5m[38;2;229;215;0m⎼[48;2;247;227;7m[38;2;0;0;0m [48;2;249;229;7m[38;2;255;235;29m⎻[48;2;245;230;6m[38;2;255;240;25m⎻[48;2;251;235;11m[38;2;230;214;0m⎼[48;2;249;234;5m[38;2;233;217;0m⎼[48;2;251;238;33m[38;2;250;230;6m▆[48;2;249;227;20m[38;2;255;236;55m╺[48;2;239;207;18m[38;2;254;227;52m━[48;2;216;178;63m[38;2;150;109;27m╺[48;2;132;92;63m[38;2;83;60;49m⎼[48;2;123;74;46m[38;2;53;37;43m▇[48;2;5;1;5m[38;2;0;0;0m [48;2;0;0;0m[38;2;0;0;1m▗[48;2;6;6;17m[38;2;0;0;0m [48;2;5;5;22m[38;2;46;54;110m▁[48;2;5;6;27m[38;2;18;23;82m▂[48;2;20;22;50m[38;2;43;47;99m▂[48;2;1;0;7m[38;2;38;36;58m▎[48;2;0;0;1m[38;2;0;0;0m [48;2;6;5;25m[38;2;59;69;108m▗[48;2;23;36;74m[38;2;78;102;158m▅[48;2;67;79;126m[38;2;39;69;127m▄[48;2;50;57;106m[38;2;81;115;174m▅[48;2;84;121;171m[38;2;77;109;176m▄[48;2;74;133;200m[38;2;37;59;138m▅[48;2;31;36;116m[38;2;103;121;213m─[48;2;42;41;122m[38;2;83;85;178m╴[48;2;121;134;186m[38;2;43;49;145m▆[48;2;54;56;142m[38;2;80;92;195m╸[48;2;56;57;124m[38;2;38;33;122m▄[48;2;35;35;86m[38;2;28;21;86m▄[48;2;19;14;56m[38;2;32;21;71m▄[48;2;13;5;45m[38;2;49;38;86m▄[48;2;23;14;50m[38;2;73;64;113m⎽[48;2;16;6;33m[38;2;65;56;101m▄[48;2;22;13;54m[38;2;49;38;89m▄[48;2;20;19;56m[38;2;51;51;96m─[48;2;17;18;53m[38;2;79;83;127m─[48;2;48;54;112m[38;2;10;8;44m▄[48;2;30;38;132m[38;2;10;7;71m▄[48;2;45;58;153m[38;2;4;5;76m▅[48;2;31;47;152m[38;2;8;12;85m▄[48;2;17;35;151m[38;2;23;21;108m▃[48;2;11;25;144m[38;2;13;16;120m▖[48;2;2;19;141m[38;2;16;26;149m▄[48;2;2;18;136m[38;2;6;17;142m▄[48;2;18;27;161m[38;2;5;13;132m▘[48;2;7;18;154m[38;2;3;14;152m▄[48;2;4;15;145m[38;2;11;28;162m▄[48;2;0;12;130m[38;2;9;22;164m▆[48;2;8;24;132m[38;2;11;23;168m▆[48;2;18;38;168m[38;2;4;16;151m▄[48;2;6;27;158m[38;2;13;28;172m▄[48;2;1;19;146m[38;2;9;25;180m▅[48;2;10;30;168m[38;2;23;46;226m╹[48;2;4;28;168m[38;2;25;48;183m▄[48;2;1;24;159m[38;2;21;43;168m▄[48;2;0;17;151m[38;2;8;30;172m▇[48;2;6;26;160m[38;2;8;27;157m▄[48;2;3;8;70m[38;2;6;17;114m▖[48;2;0;0;17m[38;2;13;17;77m▃[48;2;0;0;18m[38;2;2;3;55m▃[48;2;0;0;17m[38;2;5;8;58m▄[48;2;0;1;27m[38;2;13;18;62m─[48;2;1;3;38m[38;2;5;8;53m╴[48;2;6;10;55m[38;2;0;3;38m▇[48;2;0;1;29m[38;2;0;2;42m▃[48;2;0;0;9m[38;2;0;0;34m▃[48;2;0;0;7m[38;2;0;0;0m [0m
[48;2;247;227;7m[38;2;249;230;39m▃[48;2;249;224;5m[38;2;249;228;58m▃[48;2;253;223;12m[38;2;250;237;67m▂[48;2;251;224;8m[38;2;250;238;61m▂[48;2;250;226;7m[38;2;252;239;48m▂[48;2;247;225;4m[38;2;254;240;32m▂[48;2;249;231;9m[38;2;255;240;28m▁[48;2;252;231;10m[38;2;255;239;38m▁[48;2;254;240;20m[38;2;253;238;8m▊[48;2;252;239;8m[38;2;255;242;28m▁[48;2;248;235;3m[38;2;255;238;27m▁[48;2;247;235;5m[38;2;0;0;0m [48;2;246;231;8m[38;2;253;243;30m▗[48;2;248;228;3m[38;2;253;239;35m▃[48;2;251;233;10m[38;2;253;240;50m▁[48;2;249;233;21m[38;2;247;236;51m▂[48;2;250;233;31m[38;2;235;225;70m▂[48;2;236;217;55m[38;2;0;0;0m [48;2;214;188;65m[38;2;111;91;60m▁[48;2;166;138;65m[38;2;49;36;20m▅[48;2;86;65;65m[38;2;18;11;23m▇[48;2;3;2;9m[38;2;11;14;56m▁[48;2;7;9;26m[38;2;0;0;0m [48;2;11;11;43m[38;2;58;65;140m▂[48;2;24;43;91m[38;2;71;96;184m▅[48;2;45;80;174m[38;2;102;135;211m▘[48;2;45;71;163m[38;2;44;66;154m▄[48;2;29;34;103m[38;2;63;75;162m┛[48;2;22;23;57m[38;2;0;0;0m [48;2;10;12;28m[38;2;70;78;114m▃[48;2;53;58;93m[38;2;108;120;158m▂[48;2;62;69;112m[38;2;90;95;141m━[48;2;97;113;151m[38;2;41;47;65m▄[48;2;102;126;163m[38;2;20;25;38m▆[48;2;50;59;103m[38;2;6;4;18m▅[48;2;66;59;102m[38;2;19;14;23m▆[48;2;83;70;123m[38;2;26;19;33m▇[48;2;54;49;103m[38;2;9;7;19m▆[48;2;58;57;116m[38;2;7;7;20m▆[48;2;36;27;90m[38;2;5;3;14m▇[48;2;42;34;91m[38;2;7;5;15m▇[48;2;28;23;63m[38;2;7;6;13m▆[48;2;22;15;42m[38;2;6;4;8m▅[48;2;34;23;49m[38;2;13;6;13m▅[48;2;26;16;34m[38;2;17;9;15m▄[48;2;33;26;57m[38;2;16;13;19m▇[48;2;20;18;33m[38;2;87;87;98m▂[48;2;15;16;28m[38;2;86;92;102m▃[48;2;35;34;47m[38;2;87;89;102m▃[48;2;27;22;39m[38;2;97;95;110m▅[48;2;17;10;38m[38;2;77;72;98m▆[48;2;44;36;73m[38;2;62;59;103m▄[48;2;30;24;59m[38;2;67;65;115m▄[48;2;53;45;103m[38;2;67;68;148m▂[48;2;58;50;138m[38;2;44;48;146m▄[48;2;36;33;146m[38;2;53;64;170m▂[48;2;62;59;174m[38;2;53;57;172m▄[48;2;31;41;170m[38;2;90;99;217m▁[48;2;25;48;181m[38;2;59;84;211m▂[48;2;25;43;167m[38;2;54;82;204m▃[48;2;31;38;150m[38;2;46;78;192m▄[48;2;35;38;147m[38;2;55;79;187m▆[48;2;62;75;173m[38;2;52;78;186m▄[48;2;92;108;203m[38;2;41;65;169m▅[48;2;60;73;177m[38;2;38;61;185m▄[48;2;51;57;179m[38;2;11;22;137m▄[48;2;50;51;155m[38;2;6;10;90m▅[48;2;23;26;103m[38;2;1;2;36m▆[48;2;14;19;95m[38;2;0;0;26m▆[48;2;6;10;87m[38;2;0;0;33m▆[48;2;3;6;70m[38;2;0;0;27m▇[48;2;0;0;23m[38;2;3;0;38m▂[48;2;0;0;34m[38;2;0;0;16m━[48;2;0;0;20m[38;2;0;0;35m▃[48;2;0;0;17m[38;2;0;0;29m▃[48;2;0;0;36m[38;2;0;0;18m▆[48;2;0;0;38m[38;2;0;0;20m▃[48;2;0;1;39m[38;2;0;0;20m▃[48;2;0;0;32m[38;2;0;0;19m▄[48;2;0;0;12m[38;2;0;1;64m▁[0m
[48;2;251;219;37m[38;2;224;220;73m▃[48;2;244;223;73m[38;2;154;181;93m▁[48;2;250;230;80m[38;2;162;189;115m▂[48;2;236;223;89m[38;2;128;187;164m▁[48;2;248;228;75m[38;2;134;185;160m▂[48;2;245;228;55m[38;2;127;177;157m▂[48;2;248;224;52m[38;2;139;191;160m▃[48;2;248;217;47m[38;2;147;188;164m▃[48;2;242;221;58m[38;2;88;139;140m▂[48;2;247;227;54m[38;2;145;175;171m▃[48;2;231;227;87m[38;2;110;131;158m▂[48;2;224;222;90m[38;2;69;83;114m▂[48;2;224;223;99m[38;2;42;53;81m▂[48;2;232;229;108m[38;2;35;41;44m▃[48;2;215;211;112m[38;2;17;19;19m▃[48;2;187;181;90m[38;2;15;14;14m▄[48;2;183;176;97m[38;2;16;14;18m▅[48;2;141;129;84m[38;2;18;17;28m▅[48;2;43;38;46m[38;2;121;127;156m▂[48;2;39;45;77m[38;2;139;151;194m╺[48;2;23;31;92m[38;2;42;57;129m▄[48;2;24;36;110m[38;2;48;63;142m╴[48;2;73;84;156m[38;2;19;32;115m▅[48;2;24;35;121m[38;2;30;44;130m▄[48;2;28;37;125m[38;2;53;72;163m▁[48;2;25;41;111m[38;2;50;71;152m▃[48;2;13;18;67m[38;2;66;77;139m▅[48;2;17;13;43m[38;2;44;41;91m▅[48;2;36;43;65m[38;2;19;17;44m▅[48;2;87;95;118m[38;2;10;8;26m▆[48;2;34;42;67m[38;2;5;4;15m▇[48;2;33;39;57m[38;2;4;4;12m▇[48;2;7;5;15m[38;2;0;0;0m [48;2;5;2;6m[38;2;7;2;10m▅[48;2;5;2;6m[38;2;6;3;11m▗[48;2;13;6;13m[38;2;0;0;0m [48;2;9;6;12m[38;2;0;0;0m [48;2;5;4;8m[38;2;0;0;0m [48;2;6;3;9m[38;2;12;8;17m╴[48;2;4;1;5m[38;2;6;4;8m┏[48;2;5;2;8m[38;2;5;3;8m▄[48;2;10;7;15m[38;2;44;39;55m╺[48;2;11;10;17m[38;2;55;53;65m╴[48;2;21;15;24m[38;2;0;0;0m [48;2;78;67;82m[38;2;12;7;16m▆[48;2;47;43;57m[38;2;7;5;11m▅[48;2;35;34;48m[38;2;9;6;12m▅[48;2;30;32;46m[38;2;14;13;24m▆[48;2;28;27;46m[38;2;8;5;17m▅[48;2;56;55;75m[38;2;14;11;27m▇[48;2;49;48;83m[38;2;11;9;34m▆[48;2;36;34;88m[38;2;13;9;46m▄[48;2;40;39;104m[38;2;12;10;49m▄[48;2;53;55;125m[38;2;18;14;63m▄[48;2;28;34;99m[38;2;125;125;188m▁[48;2;58;74;159m[38;2;37;44;104m▆[48;2;52;64;151m[38;2;31;37;95m▆[48;2;44;56;154m[38;2;18;26;84m▆[48;2;30;46;136m[38;2;0;2;40m▂[48;2;25;46;162m[38;2;7;12;57m▃[48;2;24;47;159m[38;2;2;4;46m▃[48;2;33;62;169m[38;2;8;16;80m▆[48;2;7;28;126m[38;2;0;2;41m▇[48;2;14;25;110m[38;2;0;0;24m▇[48;2;2;7;78m[38;2;0;0;15m▆[48;2;0;0;43m[38;2;0;0;4m▆[48;2;0;0;3m[38;2;0;0;1m▄[48;2;0;0;5m[38;2;0;0;0m [48;2;0;0;29m[38;2;0;0;16m▌[48;2;1;0;40m[38;2;0;0;39m▄[48;2;0;0;42m[38;2;1;0;34m▁[48;2;3;0;43m[38;2;0;0;35m▂[48;2;2;0;42m[38;2;0;0;31m▁[48;2;1;0;40m[38;2;0;0;30m▃[48;2;0;0;26m[38;2;4;4;86m▁[48;2;0;0;20m[38;2;6;6;91m▂[48;2;0;0;31m[38;2;1;1;70m▄[48;2;0;0;50m[38;2;2;3;91m━[48;2;0;1;92m[38;2;0;0;58m▄[48;2;0;2;100m[38;2;0;0;29m▂[0m
[48;2;109;185;194m[38;2;25;37;53m▁[48;2;116;186;213m[38;2;46;65;83m▂[48;2;108;185;216m[38;2;14;30;52m▂[48;2;73;161;194m[38;2;1;7;31m▂[48;2;74;153;190m[38;2;10;19;46m▃[48;2;72;123;163m[38;2;22;28;50m▄[48;2;55;110;156m[38;2;32;38;56m▅[48;2;53;108;138m[38;2;21;28;43m▇[48;2;62;93;115m[38;2;17;18;30m▆[48;2;65;93;112m[38;2;2;5;13m▇[48;2;51;55;81m[38;2;2;2;11m▇[48;2;1;0;10m[38;2;1;1;34m▁[48;2;1;1;14m[38;2;0;0;0m [48;2;1;2;15m[38;2;50;64;148m▁[48;2;1;1;13m[38;2;49;61;139m▂[48;2;2;2;12m[38;2;31;36;109m▃[48;2;11;12;37m[38;2;14;19;106m▃[48;2;4;3;31m[38;2;19;23;116m▃[48;2;6;12;67m[38;2;22;40;138m▃[48;2;14;28;126m[38;2;68;96;219m▁[48;2;11;24;122m[38;2;47;74;197m▃[48;2;23;32;136m[38;2;39;69;187m▅[48;2;62;84;181m[38;2;61;95;198m▄[48;2;56;89;187m[38;2;38;66;175m▄[48;2;98;126;209m[38;2;23;41;137m▆[48;2;23;40;124m[38;2;48;60;154m⎼[48;2;36;47;116m[38;2;27;30;102m▄[48;2;16;15;64m[38;2;48;44;100m⎽[48;2;9;6;39m[38;2;14;11;51m▖[48;2;8;4;33m[38;2;12;10;47m╴[48;2;7;3;28m[38;2;27;22;50m⎽[48;2;7;3;22m[38;2;22;13;31m▁[48;2;10;4;20m[38;2;0;0;0m [48;2;13;6;20m[38;2;0;0;0m [48;2;6;2;9m[38;2;0;0;0m [48;2;10;4;13m[38;2;41;24;40m▁[48;2;13;5;17m[38;2;0;0;0m [48;2;8;3;14m[38;2;22;7;34m▁[48;2;9;3;16m[38;2;0;0;0m [48;2;2;1;4m[38;2;6;1;9m▎[48;2;1;1;2m[38;2;2;1;4m▁[48;2;4;3;6m[38;2;2;1;4m▅[48;2;4;2;8m[38;2;0;0;0m [48;2;5;3;8m[38;2;6;3;14m▂[48;2;4;1;6m[38;2;7;4;14m⎽[48;2;5;2;7m[38;2;4;2;14m▂[48;2;6;3;9m[38;2;12;6;21m▁[48;2;12;9;18m[38;2;0;0;0m [48;2;6;4;13m[38;2;107;102;129m▂[48;2;23;22;37m[38;2;134;135;161m⎼[48;2;11;10;32m[38;2;110;114;141m━[48;2;21;21;53m[38;2;100;105;141m─[48;2;21;21;52m[38;2;110;115;160m⎺[48;2;90;92;149m[38;2;6;4;31m▆[48;2;52;55;116m[38;2;4;3;31m▇[48;2;8;12;61m[38;2;3;4;37m▇[48;2;1;3;41m[38;2;3;5;36m▄[48;2;1;1;31m[38;2;3;6;39m▂[48;2;0;0;17m[38;2;0;1;27m▂[48;2;0;0;19m[38;2;0;0;14m▆[48;2;0;0;15m[38;2;0;1;34m▃[48;2;0;0;16m[38;2;0;0;32m▂[48;2;0;0;10m[38;2;0;0;31m▃[48;2;0;0;25m[38;2;0;0;11m▘[48;2;0;0;12m[38;2;0;0;22m▌[48;2;0;0;1m[38;2;0;0;2m▄[48;2;0;0;6m[38;2;0;0;0m [48;2;0;0;24m[38;2;2;3;90m▂[48;2;0;1;36m[38;2;7;16;133m▃[48;2;0;1;42m[38;2;18;33;146m▂[48;2;0;0;32m[38;2;8;15;120m▄[48;2;0;0;28m[38;2;3;6;80m▄[48;2;0;0;12m[38;2;0;0;29m▖[48;2;0;0;7m[38;2;0;0;0m [48;2;1;2;71m[38;2;0;0;9m▆[48;2;1;0;64m[38;2;0;0;11m▇[48;2;0;0;41m[38;2;0;0;6m▇[48;2;0;0;4m[38;2;0;0;0m [48;2;0;0;9m[38;2;0;0;0m [48;2;0;0;46m[38;2;0;4;100m▁[0m
[48;2;2;1;6m[38;2;18;13;54m▁[48;2;1;1;5m[38;2;17;17;54m▁[48;2;2;0;5m[38;2;25;21;65m▁[48;2;1;0;8m[38;2;13;10;62m▁[48;2;10;11;21m[38;2;66;82;139m▂[48;2;31;36;49m[38;2;64;92;156m▂[48;2;13;14;25m[38;2;47;82;145m▃[48;2;0;0;8m[38;2;36;74;150m▄[48;2;0;0;21m[38;2;22;59;162m▄[48;2;0;2;32m[38;2;31;69;195m▅[48;2;18;27;81m[38;2;38;94;228m▅[48;2;1;4;53m[38;2;31;83;213m▇[48;2;54;65;159m[38;2;24;71;218m▇[48;2;77;99;211m[38;2;12;52;205m▇[48;2;5;24;154m[38;2;7;38;198m▄[48;2;4;14;139m[38;2;9;27;176m▄[48;2;8;21;152m[38;2;12;29;172m━[48;2;21;37;156m[38;2;5;27;145m▄[48;2;22;47;155m[38;2;20;43;153m▄[48;2;29;55;177m[38;2;18;33;153m▄[48;2;5;12;122m[38;2;21;43;150m▘[48;2;4;15;116m[38;2;4;8;124m▄[48;2;6;17;106m[38;2;13;15;119m▄[48;2;11;7;94m[38;2;15;8;49m▂[48;2;28;22;69m[38;2;0;0;0m [48;2;38;29;69m[38;2;210;194;162m▂[48;2;35;25;51m[38;2;230;211;165m▃[48;2;22;15;35m[38;2;220;198;151m▄[48;2;18;11;24m[38;2;221;191;146m▅[48;2;51;42;50m[38;2;237;204;153m▅[48;2;62;51;58m[38;2;236;197;149m▅[48;2;45;27;40m[38;2;214;170;129m▆[48;2;51;28;40m[38;2;219;168;122m▆[48;2;76;47;53m[38;2;228;175;112m▅[48;2;60;35;38m[38;2;226;172;104m▅[48;2;67;36;40m[38;2;228;172;102m▅[48;2;88;47;51m[38;2;236;172;104m▄[48;2;68;36;57m[38;2;214;160;116m▄[48;2;47;27;46m[38;2;209;170;129m▂[48;2;23;13;28m[38;2;155;125;102m▁[48;2;8;3;17m[38;2;41;26;34m▁[48;2;5;2;12m[38;2;10;3;19m▃[48;2;7;3;16m[38;2;8;2;26m▂[48;2;6;2;18m[38;2;12;8;33m▁[48;2;4;2;13m[38;2;6;4;18m╹[48;2;2;1;10m[38;2;3;2;10m▄[48;2;4;3;15m[38;2;3;1;11m▊[48;2;17;15;33m[38;2;0;0;0m [48;2;9;8;26m[38;2;0;0;0m [48;2;11;5;30m[38;2;5;3;20m▅[48;2;8;3;23m[38;2;0;0;0m [48;2;11;7;31m[38;2;0;0;0m [48;2;13;6;36m[38;2;34;44;77m▃[48;2;11;10;40m[38;2;0;0;0m [48;2;3;3;32m[38;2;8;7;37m╹[48;2;5;5;32m[38;2;2;4;29m▗[48;2;2;3;23m[38;2;6;8;37m▝[48;2;4;6;32m[38;2;32;37;75m─[48;2;0;2;30m[38;2;0;0;15m▄[48;2;0;0;20m[38;2;0;0;9m▂[48;2;0;0;28m[38;2;0;0;11m▂[48;2;0;1;35m[38;2;0;0;17m▂[48;2;0;2;33m[38;2;0;0;15m▂[48;2;0;1;31m[38;2;0;0;13m▃[48;2;0;0;22m[38;2;0;1;48m╺[48;2;0;0;9m[38;2;0;0;24m╸[48;2;0;0;12m[38;2;3;6;47m▄[48;2;0;1;67m[38;2;0;1;48m▌[48;2;2;8;105m[38;2;7;11;88m▅[48;2;3;10;92m[38;2;20;34;131m⎻[48;2;4;8;70m[38;2;7;12;89m▌[48;2;0;1;35m[38;2;9;12;68m▄[48;2;0;0;9m[38;2;2;3;34m▄[48;2;0;0;5m[38;2;2;2;32m▃[48;2;0;0;6m[38;2;0;0;35m▃[48;2;1;1;15m[38;2;0;0;35m▄[48;2;0;0;19m[38;2;4;3;44m▆[48;2;0;0;10m[38;2;0;0;35m▆[48;2;0;0;28m[38;2;0;1;47m▝[48;2;0;3;93m[38;2;0;0;23m▅[0m
[48;2;13;12;87m[38;2;18;43;194m▁[48;2;11;13;88m[38;2;4;30;155m▂[48;2;10;15;80m[38;2;4;44;163m▂[48;2;12;12;72m[38;2;17;47;162m▃[48;2;7;12;90m[38;2;17;48;183m▂[48;2;4;19;94m[38;2;7;31;167m▃[48;2;3;16;105m[38;2;14;25;162m▄[48;2;8;27;148m[38;2;25;46;179m━[48;2;27;60;198m[38;2;8;40;173m▄[48;2;30;70;216m[38;2;4;41;172m▆[48;2;15;46;201m[38;2;4;48;177m▄[48;2;3;39;182m[38;2;64;108;224m▁[48;2;9;48;183m[38;2;23;42;155m▄[48;2;7;33;145m[38;2;43;65;174m▃[48;2;7;23;125m[38;2;17;29;131m▄[48;2;9;19;123m[38;2;14;26;166m▂[48;2;10;20;133m[38;2;11;26;198m▁[48;2;8;18;137m[38;2;10;29;218m▁[48;2;17;22;148m[38;2;21;39;220m▃[48;2;7;8;181m[38;2;21;26;205m▄[48;2;12;4;127m[38;2;9;7;162m▊[48;2;17;9;91m[38;2;0;0;0m [48;2;48;37;79m[38;2;215;197;159m▃[48;2;84;72;63m[38;2;240;215;144m▅[48;2;229;212;149m[38;2;248;204;83m▃[48;2;240;198;76m[38;2;246;223;145m▘[48;2;242;192;77m[38;2;0;0;0m [48;2;248;191;94m[38;2;254;186;56m▄[48;2;249;184;79m[38;2;253;192;54m▂[48;2;248;176;75m[38;2;254;191;65m▄[48;2;249;186;68m[38;2;0;0;0m [48;2;250;190;89m[38;2;254;201;69m▄[48;2;244;182;82m[38;2;249;195;69m▅[48;2;246;185;79m[38;2;253;199;73m▄[48;2;244;184;78m[38;2;253;200;84m▄[48;2;248;190;83m[38;2;255;213;103m▄[48;2;251;196;90m[38;2;255;215;103m▖[48;2;246;197;90m[38;2;254;215;99m⎽[48;2;247;204;109m[38;2;252;207;88m▄[48;2;241;200;113m[38;2;0;0;0m [48;2;101;82;77m[38;2;233;205;151m▆[48;2;55;44;52m[38;2;224;208;171m▄[48;2;37;29;45m[38;2;172;159;145m▁[48;2;8;5;32m[38;2;39;29;72m▂[48;2;2;1;19m[38;2;0;0;0m [48;2;1;0;13m[38;2;1;0;21m▂[48;2;3;2;12m[38;2;2;1;24m▃[48;2;5;4;20m[38;2;7;6;28m▂[48;2;6;5;23m[38;2;10;10;37m▁[48;2;4;4;25m[38;2;13;14;45m▁[48;2;6;6;22m[38;2;6;8;29m▖[48;2;5;4;24m[38;2;12;13;29m╵[48;2;5;7;41m[38;2;15;14;54m━[48;2;10;14;55m[38;2;0;0;0m [48;2;18;19;70m[38;2;33;43;121m▂[48;2;13;17;56m[38;2;30;41;107m▃[48;2;0;2;27m[38;2;19;27;86m▖[48;2;0;0;4m[38;2;0;0;13m▎[48;2;0;0;2m[38;2;0;0;1m▖[48;2;0;0;5m[38;2;0;0;14m▁[48;2;0;0;12m[38;2;0;1;32m▁[48;2;0;0;18m[38;2;1;0;27m▅[48;2;0;0;21m[38;2;1;2;32m▄[48;2;0;2;29m[38;2;2;10;79m▁[48;2;1;2;38m[38;2;10;18;125m▃[48;2;0;2;33m[38;2;23;35;142m▄[48;2;1;4;45m[38;2;26;42;134m▃[48;2;0;2;30m[38;2;29;42;116m▄[48;2;3;6;51m[38;2;0;0;0m [48;2;3;6;76m[38;2;0;1;39m▇[48;2;1;2;40m[38;2;0;0;0m [48;2;1;3;40m[38;2;2;4;41m▄[48;2;2;2;39m[38;2;0;0;29m▁[48;2;2;1;40m[38;2;0;0;28m▂[48;2;3;1;42m[38;2;0;1;33m▃[48;2;2;2;41m[38;2;7;8;54m▃[48;2;2;2;45m[38;2;0;0;0m [48;2;8;8;49m[38;2;69;77;134m▁[48;2;0;0;23m[38;2;0;0;34m▁[48;2;0;0;13m[38;2;0;1;54m▁[0m
[48;2;25;59;231m[38;2;0;0;0m [48;2;32;75;234m[38;2;26;57;228m▄[48;2;21;69;235m[38;2;52;117;234m▝[48;2;32;94;218m[38;2;23;76;245m▄[48;2;39;97;220m[38;2;36;89;226m▄[48;2;35;96;212m[38;2;55;120;235m╏[48;2;31;85;206m[38;2;113;142;253m⎼[48;2;7;50;174m[38;2;45;100;219m▇[48;2;33;93;223m[38;2;0;27;126m╶[48;2;30;107;225m[38;2;22;51;194m▄[48;2;43;115;228m[38;2;6;36;188m▅[48;2;16;53;188m[38;2;67;122;248m▁[48;2;29;74;211m[38;2;11;39;176m┻[48;2;13;42;180m[38;2;31;73;216m▃[48;2;15;37;171m[38;2;16;44;192m▄[48;2;5;18;176m[38;2;33;60;208m▂[48;2;15;34;229m[38;2;17;30;181m▅[48;2;37;60;228m[38;2;0;11;126m╴[48;2;28;54;222m[38;2;5;11;154m▃[48;2;15;14;137m[38;2;45;16;45m▃[48;2;60;33;54m[38;2;206;178;131m▗[48;2;135;117;90m[38;2;240;207;131m▆[48;2;250;216;121m[38;2;235;182;62m▃[48;2;246;197;94m[38;2;243;189;61m▅[48;2;251;194;63m[38;2;251;193;65m▄[48;2;251;196;51m[38;2;255;225;125m▁[48;2;248;194;45m[38;2;246;211;95m▃[48;2;251;197;56m[38;2;249;214;104m▃[48;2;254;202;58m[38;2;252;206;63m▄[48;2;253;198;53m[38;2;254;201;64m▚[48;2;254;204;57m[38;2;255;212;93m▁[48;2;254;213;60m[38;2;255;218;89m▂[48;2;254;211;66m[38;2;255;217;71m▄[48;2;255;213;78m[38;2;255;216;92m▂[48;2;255;213;94m[38;2;252;206;64m─[48;2;254;214;87m[38;2;254;214;97m▊[48;2;254;215;83m[38;2;252;209;76m▄[48;2;254;206;82m[38;2;254;202;88m▄[48;2;252;190;84m[38;2;249;187;64m▝[48;2;251;190;75m[38;2;252;186;79m▄[48;2;248;204;110m[38;2;248;185;80m▇[48;2;251;216;139m[38;2;241;183;83m▅[48;2;243;223;174m[38;2;235;197;108m▄[48;2;96;85;103m[38;2;233;217;180m▅[48;2;53;46;73m[38;2;175;167;152m▁[48;2;8;5;40m[38;2;23;15;51m▖[48;2;6;5;35m[38;2;17;12;57m▁[48;2;5;5;30m[38;2;23;25;63m▁[48;2;8;8;33m[38;2;0;0;0m [48;2;6;6;33m[38;2;13;14;56m▁[48;2;3;4;28m[38;2;4;9;74m▁[48;2;6;15;65m[38;2;23;54;168m▁[48;2;20;32;90m[38;2;39;81;187m▅[48;2;22;37;105m[38;2;33;71;188m▆[48;2;35;56;167m[38;2;15;43;186m▄[48;2;4;10;66m[38;2;10;23;110m▌[48;2;0;1;23m[38;2;8;13;62m▘[48;2;0;0;10m[38;2;0;0;20m─[48;2;0;0;9m[38;2;0;1;16m⎻[48;2;1;1;31m[38;2;0;0;11m▅[48;2;2;3;48m[38;2;0;0;23m▅[48;2;0;1;25m[38;2;1;1;36m▆[48;2;0;3;38m[38;2;1;1;34m▄[48;2;2;3;43m[38;2;14;20;91m▝[48;2;6;10;85m[38;2;5;8;46m▅[48;2;21;26;91m[38;2;5;8;29m▄[48;2;6;13;78m[38;2;5;4;34m▆[48;2;2;6;59m[38;2;8;2;38m▆[48;2;5;4;37m[38;2;12;5;47m▂[48;2;2;2;39m[38;2;1;1;28m╴[48;2;1;0;35m[38;2;0;0;14m▗[48;2;2;3;39m[38;2;0;0;23m▇[48;2;0;1;39m[38;2;4;10;110m▗[48;2;0;2;44m[38;2;11;21;137m▅[48;2;7;15;84m[38;2;41;62;167m─[48;2;10;14;111m[38;2;1;9;101m▄[48;2;7;14;89m[38;2;7;22;154m▂[48;2;8;13;68m[38;2;16;38;158m▄[48;2;4;13;96m[38;2;13;39;182m▄[48;2;6;20;135m[38;2;29;53;215m▄[0m
[48;2;21;48;209m[38;2;76;117;242m▃[48;2;18;44;203m[38;2;108;139;251m▂[48;2;17;42;200m[38;2;77;115;254m▂[48;2;20;46;200m[38;2;65;104;250m▖[48;2;32;52;172m[38;2;24;68;237m▄[48;2;54;74;163m[38;2;32;70;228m▅[48;2;45;83;195m[38;2;13;41;228m▄[48;2;53;93;218m[38;2;8;32;207m▄[48;2;24;67;210m[38;2;24;47;212m▄[48;2;69;108;241m[38;2;14;39;204m▆[48;2;74;105;237m[38;2;15;37;201m▆[48;2;15;42;199m[38;2;83;106;255m⎽[48;2;5;29;196m[38;2;76;99;246m⎽[48;2;12;35;221m[38;2;0;11;157m▁[48;2;10;35;220m[38;2;0;5;167m▂[48;2;58;83;224m[38;2;3;13;170m▅[48;2;60;77;226m[38;2;6;11;136m▅[48;2;13;19;172m[38;2;8;8;117m▄[48;2;34;7;49m[38;2;16;5;145m▘[48;2;192;145;83m[38;2;100;60;36m▌[48;2;243;198;143m[38;2;247;204;104m▆[48;2;249;194;72m[38;2;243;197;93m▘[48;2;245;188;69m[38;2;253;202;95m▁[48;2;246;193;75m[38;2;253;200;108m▃[48;2;249;198;83m[38;2;216;131;16m▄[48;2;230;167;36m[38;2;255;178;69m▁[48;2;229;167;33m[38;2;252;189;79m▂[48;2;233;167;21m[38;2;253;195;84m▃[48;2;245;198;50m[38;2;253;215;116m▂[48;2;254;211;80m[38;2;254;225;126m▃[48;2;254;219;95m[38;2;254;230;134m▃[48;2;255;224;103m[38;2;255;233;144m▄[48;2;255;224;108m[38;2;255;233;149m▄[48;2;254;221;107m[38;2;255;231;138m▄[48;2;255;221;110m[38;2;254;229;130m▄[48;2;253;215;90m[38;2;254;224;122m▆[48;2;255;218;96m[38;2;253;220;104m▄[48;2;254;208;87m[38;2;253;215;93m▅[48;2;254;208;93m[38;2;255;223;110m▗[48;2;255;210;97m[38;2;255;224;102m▄[48;2;250;201;78m[38;2;255;225;102m▄[48;2;239;184;70m[38;2;253;221;92m▅[48;2;234;185;76m[38;2;252;213;90m▄[48;2;237;194;86m[38;2;245;220;151m▝[48;2;241;220;173m[38;2;0;0;0m [48;2;85;75;82m[38;2;236;224;198m▖[48;2;23;18;55m[38;2;0;0;0m [48;2;14;14;61m[38;2;41;39;113m▄[48;2;10;12;49m[38;2;19;23;75m▖[48;2;9;13;90m[38;2;6;8;52m▌[48;2;12;24;143m[38;2;5;12;136m▄[48;2;15;34;185m[38;2;3;7;129m▂[48;2;15;40;173m[38;2;8;6;105m▃[48;2;14;36;150m[38;2;3;3;53m▃[48;2;5;22;140m[38;2;2;5;55m▆[48;2;0;1;22m[38;2;0;0;0m [48;2;0;0;8m[38;2;0;0;0m [48;2;0;0;17m[38;2;0;0;0m [48;2;1;1;23m[38;2;8;10;61m▁[48;2;0;0;22m[38;2;3;4;85m▃[48;2;0;0;28m[38;2;1;2;77m▃[48;2;0;0;20m[38;2;0;0;29m▃[48;2;0;0;21m[38;2;0;3;36m▄[48;2;3;2;39m[38;2;1;4;40m▄[48;2;6;3;46m[38;2;1;2;41m▄[48;2;10;9;41m[38;2;3;3;41m▄[48;2;6;5;39m[38;2;1;0;39m▄[48;2;4;2;43m[38;2;0;0;39m▄[48;2;1;1;46m[38;2;0;0;0m [48;2;0;0;53m[38;2;1;2;172m▁[48;2;0;0;41m[38;2;2;5;136m▂[48;2;0;0;51m[38;2;0;0;32m▄[48;2;0;1;32m[38;2;0;0;0m [48;2;0;2;51m[38;2;0;0;0m [48;2;0;1;47m[38;2;0;8;144m▂[48;2;0;3;77m[38;2;2;29;195m▄[48;2;15;39;214m[38;2;1;11;124m▘[48;2;10;48;221m[38;2;0;14;200m▄[48;2;70;100;252m[38;2;0;14;193m▇[48;2;2;7;180m[38;2;0;0;0m [0m
[48;2;10;53;222m[38;2;39;86;243m━[48;2;13;45;225m[38;2;4;30;222m▄[48;2;2;19;220m[38;2;0;0;0m [48;2;2;14;217m[38;2;0;10;239m╸[48;2;0;17;190m[38;2;0;4;218m▆[48;2;0;5;195m[38;2;3;3;198m▄[48;2;1;6;193m[38;2;4;15;192m▄[48;2;0;9;175m[38;2;7;19;196m▄[48;2;0;7;176m[38;2;11;31;226m▂[48;2;0;9;177m[38;2;2;13;229m▄[48;2;0;5;180m[38;2;1;32;231m▄[48;2;0;1;156m[38;2;10;41;228m▅[48;2;1;0;146m[38;2;11;31;206m▅[48;2;4;19;174m[38;2;45;93;245m▂[48;2;15;18;198m[38;2;13;30;223m▊[48;2;19;10;91m[38;2;15;10;141m▌[48;2;40;29;86m[38;2;104;89;88m▗[48;2;40;14;22m[38;2;38;26;84m▘[48;2;156;109;73m[38;2;65;24;14m▊[48;2;246;201;126m[38;2;0;0;0m [48;2;251;198;76m[38;2;254;205;102m╸[48;2;248;185;59m[38;2;251;190;77m▄[48;2;251;201;115m[38;2;244;190;94m▚[48;2;242;175;72m[38;2;250;200;109m▃[48;2;230;143;32m[38;2;253;208;115m▅[48;2;254;190;95m[38;2;254;213;122m▆[48;2;253;202;108m[38;2;253;220;131m▆[48;2;253;209;119m[38;2;254;226;150m▇[48;2;254;219;133m[38;2;254;231;157m▇[48;2;253;238;154m[38;2;253;231;145m▘[48;2;254;235;155m[38;2;252;236;151m▌[48;2;254;237;154m[38;2;0;0;0m [48;2;255;238;154m[38;2;254;238;151m▘[48;2;255;236;153m[38;2;255;238;158m▃[48;2;255;234;141m[38;2;255;236;154m▇[48;2;255;230;142m[38;2;254;235;154m▅[48;2;254;227;128m[38;2;254;236;147m▅[48;2;253;219;104m[38;2;253;229;130m▇[48;2;253;223;115m[38;2;254;225;136m▅[48;2;254;230;125m[38;2;255;227;149m▆[48;2;254;229;121m[38;2;254;230;148m▅[48;2;253;228;108m[38;2;255;229;140m▄[48;2;254;225;105m[38;2;254;224;122m▁[48;2;250;207;86m[38;2;251;212;108m▂[48;2;234;188;88m[38;2;248;210;131m▝[48;2;234;211;165m[38;2;220;181;106m▖[48;2;65;54;73m[38;2;205;186;182m▖[48;2;31;27;87m[38;2;13;9;36m▆[48;2;36;37;67m[38;2;143;132;140m▁[48;2;51;49;112m[38;2;81;83;107m▎[48;2;13;18;113m[38;2;11;10;60m▅[48;2;5;9;106m[38;2;0;1;55m▖[48;2;7;6;87m[38;2;3;8;125m▅[48;2;6;7;68m[38;2;14;29;176m▃[48;2;3;6;57m[38;2;13;22;171m▅[48;2;1;2;75m[38;2;2;5;119m▌[48;2;0;1;31m[38;2;3;5;41m┓[48;2;0;2;33m[38;2;3;5;51m╺[48;2;5;8;55m[38;2;9;14;102m▝[48;2;2;5;55m[38;2;8;12;98m▘[48;2;0;0;28m[38;2;1;2;61m▘[48;2;0;0;27m[38;2;0;0;0m [48;2;0;1;41m[38;2;0;3;83m▗[48;2;0;3;54m[38;2;0;3;138m▅[48;2;0;2;52m[38;2;0;4;152m▅[48;2;0;1;46m[38;2;0;2;137m▅[48;2;0;0;46m[38;2;0;2;98m▆[48;2;0;0;71m[38;2;0;2;123m▆[48;2;0;3;118m[38;2;0;2;138m▆[48;2;0;1;156m[38;2;0;0;90m▄[48;2;0;1;80m[38;2;0;5;120m▁[48;2;0;1;49m[38;2;0;6;152m▄[48;2;0;1;54m[38;2;0;4;126m▆[48;2;0;3;109m[38;2;0;1;137m▄[48;2;0;5;135m[38;2;0;0;69m▅[48;2;19;39;206m[38;2;0;2;82m▅[48;2;1;11;176m[38;2;6;30;171m▄[48;2;0;3;177m[38;2;0;20;178m▄[48;2;0;5;173m[38;2;0;10;127m▗[48;2;0;6;156m[38;2;0;6;113m▅[0m
[48;2;22;70;207m[38;2;27;44;124m▅[48;2;22;57;214m[38;2;23;36;121m▅[48;2;14;41;220m[38;2;17;29;125m▅[48;2;15;42;214m[38;2;16;21;118m▄[48;2;17;40;216m[38;2;26;28;128m▄[48;2;34;50;221m[38;2;25;30;133m▅[48;2;34;63;200m[38;2;21;33;150m▅[48;2;37;69;189m[38;2;36;48;175m▄[48;2;43;78;206m[38;2;55;68;196m▄[48;2;25;48;199m[38;2;100;133;243m━[48;2;81;126;244m[38;2;8;35;192m▃[48;2;76;123;244m[38;2;11;44;215m▄[48;2;20;57;222m[38;2;6;43;195m▘[48;2;26;74;219m[38;2;55;111;247m▘[48;2;48;60;171m[38;2;0;0;0m [48;2;80;45;63m[38;2;136;79;68m▅[48;2;47;20;18m[38;2;154;102;87m▌[48;2;61;28;18m[38;2;34;11;7m▊[48;2;233;208;170m[38;2;123;81;65m▘[48;2;243;207;91m[38;2;253;231;166m▎[48;2;253;206;89m[38;2;253;204;72m┛[48;2;251;196;91m[38;2;240;180;71m▃[48;2;249;195;112m[38;2;237;178;79m▄[48;2;245;202;102m[38;2;239;188;85m▖[48;2;252;213;114m[38;2;246;200;92m▂[48;2;254;217;123m[38;2;255;219;122m▄[48;2;254;220;122m[38;2;254;217;106m▂[48;2;254;226;135m[38;2;251;214;99m▄[48;2;255;232;156m[38;2;254;224;131m▖[48;2;254;237;154m[38;2;0;0;0m [48;2;254;238;155m[38;2;253;237;155m▄[48;2;255;237;158m[38;2;255;239;154m▗[48;2;255;238;155m[38;2;255;238;156m━[48;2;255;238;159m[38;2;255;239;156m▃[48;2;255;238;158m[38;2;254;238;152m▃[48;2;254;236;159m[38;2;254;236;158m▄[48;2;254;236;153m[38;2;253;229;148m▄[48;2;253;227;138m[38;2;252;216;129m▂[48;2;254;223;136m[38;2;253;216;126m▂[48;2;254;222;137m[38;2;251;210;114m▁[48;2;253;229;146m[38;2;254;222;137m▄[48;2;252;226;142m[38;2;251;228;148m⎼[48;2;253;227;130m[38;2;252;227;137m▌[48;2;254;220;127m[38;2;253;223;138m▂[48;2;244;202;117m[38;2;224;177;88m▝[48;2;226;190;124m[38;2;220;171;90m▊[48;2;210;190;162m[38;2;0;0;0m [48;2;50;31;39m[38;2;0;0;0m [48;2;197;160;141m[38;2;110;56;46m▖[48;2;127;113;124m[38;2;227;190;162m▆[48;2;39;28;54m[38;2;162;133;131m▖[48;2;1;0;18m[38;2;0;0;0m [48;2;0;3;90m[38;2;0;0;18m▆[48;2;9;22;163m[38;2;0;1;61m▅[48;2;2;10;146m[38;2;1;4;101m▁[48;2;3;7;105m[38;2;0;1;45m▗[48;2;0;0;14m[38;2;0;1;44m▘[48;2;0;1;30m[38;2;0;0;7m▆[48;2;2;1;33m[38;2;0;0;15m▃[48;2;0;0;38m[38;2;0;0;0m [48;2;0;0;38m[38;2;0;3;124m▂[48;2;0;1;82m[38;2;0;2;185m▄[48;2;0;3;119m[38;2;0;0;170m▄[48;2;0;1;96m[38;2;0;0;106m▄[48;2;1;0;120m[38;2;0;1;170m▂[48;2;0;2;125m[38;2;0;5;200m▃[48;2;0;5;176m[38;2;0;3;125m▘[48;2;0;0;170m[38;2;0;6;171m▄[48;2;0;4;135m[38;2;0;10;184m▂[48;2;0;3;103m[38;2;0;8;213m▅[48;2;0;8;152m[38;2;0;10;215m▇[48;2;0;6;188m[38;2;0;10;217m╸[48;2;2;0;136m[38;2;0;0;151m▌[48;2;1;4;117m[38;2;0;0;0m [48;2;0;11;92m[38;2;0;49;178m▃[48;2;1;20;132m[38;2;2;48;178m▆[48;2;1;33;165m[38;2;0;18;114m▄[48;2;0;16;150m[38;2;0;4;103m▆[48;2;1;1;118m[38;2;1;2;139m▗[48;2;2;0;122m[38;2;0;11;166m▃[0m
[48;2;14;16;137m[38;2;2;24;184m▃[48;2;14;15;138m[38;2;0;32;195m▂[48;2;8;9;131m[38;2;0;21;191m▃[48;2;7;4;116m[38;2;1;22;202m▅[48;2;4;5;133m[38;2;13;49;236m▅[48;2;1;10;159m[38;2;12;64;244m▅[48;2;3;26;208m[38;2;21;101;251m▃[48;2;3;31;221m[38;2;28;116;245m▂[48;2;0;26;215m[38;2;26;118;244m▂[48;2;1;22;215m[38;2;17;106;241m▃[48;2;5;37;214m[38;2;21;89;244m▂[48;2;13;38;214m[38;2;0;18;178m▄[48;2;10;34;222m[38;2;31;69;243m▁[48;2;26;55;220m[38;2;10;14;134m▗[48;2;203;170;178m[38;2;40;43;122m▘[48;2;100;45;29m[38;2;197;139;111m▌[48;2;46;15;18m[38;2;148;97;90m▘[48;2;197;162;121m[38;2;50;24;14m▊[48;2;248;227;171m[38;2;247;206;120m▄[48;2;246;215;109m[38;2;251;208;98m▄[48;2;253;203;104m[38;2;251;197;103m▄[48;2;244;182;81m[38;2;236;172;58m▗[48;2;248;181;82m[38;2;234;164;52m▅[48;2;249;183;68m[38;2;224;153;65m▄[48;2;233;174;74m[38;2;157;98;58m▂[48;2;249;205;112m[38;2;121;56;20m▃[48;2;239;199;109m[38;2;122;73;30m▁[48;2;249;213;116m[38;2;210;161;92m▁[48;2;254;230;142m[38;2;250;220;123m▊[48;2;252;235;151m[38;2;251;228;137m▎[48;2;254;237;155m[38;2;254;237;162m▃[48;2;254;241;154m[38;2;255;238;164m▖[48;2;255;239;152m[38;2;254;242;158m▄[48;2;254;240;153m[38;2;255;240;146m▗[48;2;254;239;152m[38;2;254;236;153m▄[48;2;254;235;152m[38;2;255;227;142m▗[48;2;253;221;134m[38;2;252;220;126m▄[48;2;248;207;115m[38;2;0;0;0m [48;2;250;210;115m[38;2;228;180;99m▄[48;2;241;190;97m[38;2;213;146;67m▁[48;2;249;202;113m[38;2;224;155;66m▅[48;2;250;206;129m[38;2;232;172;86m▄[48;2;253;215;137m[38;2;238;189;107m▖[48;2;253;219;142m[38;2;254;219;154m┏[48;2;242;206;130m[38;2;247;209;148m▅[48;2;246;203;144m[38;2;228;182;108m┗[48;2;222;191;147m[38;2;249;222;174m▖[48;2;99;45;47m[38;2;213;172;165m▊[48;2;197;127;104m[38;2;57;2;1m▎[48;2;244;191;141m[38;2;245;193;150m▄[48;2;62;38;55m[38;2;187;146;132m▌[48;2;2;1;6m[38;2;17;7;27m▎[48;2;0;0;0m[38;2;0;0;1m▁[48;2;1;0;58m[38;2;0;0;11m▊[48;2;0;1;87m[38;2;1;0;109m┛[48;2;0;0;19m[38;2;0;2;59m▘[48;2;0;0;23m[38;2;0;0;0m [48;2;0;0;23m[38;2;0;2;103m▂[48;2;0;1;63m[38;2;0;2;163m▗[48;2;0;2;112m[38;2;0;4;201m▅[48;2;0;4;192m[38;2;0;0;0m [48;2;0;2;201m[38;2;0;5;228m▂[48;2;0;4;178m[38;2;0;15;217m▂[48;2;0;2;175m[38;2;4;27;232m▄[48;2;0;9;202m[38;2;3;32;231m▆[48;2;6;28;227m[38;2;0;12;155m▃[48;2;0;7;153m[38;2;0;0;0m [48;2;0;4;146m[38;2;0;1;144m▄[48;2;0;11;178m[38;2;0;6;138m▅[48;2;0;7;220m[38;2;0;5;152m▆[48;2;0;1;188m[38;2;0;2;155m▆[48;2;0;4;154m[38;2;0;22;192m▁[48;2;0;15;162m[38;2;7;54;214m▃[48;2;9;51;196m[38;2;14;60;217m▄[48;2;13;76;215m[38;2;0;23;173m▅[48;2;0;12;143m[38;2;0;5;175m▃[48;2;0;2;121m[38;2;0;0;182m▄[48;2;0;1;132m[38;2;0;8;192m▅[48;2;0;7;176m[38;2;2;25;224m▅[48;2;3;30;229m[38;2;38;71;247m⎼[0m
[48;2;75;90;172m[38;2;14;17;102m▃[48;2;53;99;203m[38;2;23;55;140m▃[48;2;10;56;190m[38;2;41;89;191m▄[48;2;28;65;218m[38;2;0;25;128m⎽[48;2;27;64;224m[38;2;0;0;0m [48;2;38;83;233m[38;2;37;74;223m▄[48;2;55;124;244m[38;2;39;71;212m▃[48;2;98;165;251m[38;2;50;72;205m▃[48;2;88;168;243m[38;2;47;80;226m▃[48;2;89;182;252m[38;2;22;77;215m▃[48;2;25;68;192m[38;2;106;169;250m┛[48;2;3;40;201m[38;2;0;12;191m▄[48;2;35;68;236m[38;2;0;19;158m─[48;2;178;153;175m[38;2;45;46;142m▊[48;2;243;201;158m[38;2;0;0;0m [48;2;152;102;75m[38;2;239;182;129m▌[48;2;35;9;8m[38;2;85;46;36m▎[48;2;192;136;90m[38;2;47;13;7m▌[48;2;246;185;85m[38;2;217;153;75m▎[48;2;253;206;97m[38;2;247;187;71m▄[48;2;254;197;96m[38;2;233;160;38m▆[48;2;210;120;27m[38;2;236;149;42m▊[48;2;247;159;67m[38;2;202;116;50m▆[48;2;220;162;111m[38;2;133;70;35m━[48;2;156;107;80m[38;2;231;231;182m▃[48;2;147;75;49m[38;2;246;228;182m▂[48;2;158;89;40m[38;2;214;151;107m▌[48;2;130;76;27m[38;2;208;125;61m▅[48;2;243;201;116m[38;2;176;121;45m▎[48;2;254;228;135m[38;2;252;214;87m▂[48;2;254;237;148m[38;2;0;0;0m [48;2;254;245;154m[38;2;255;241;145m▃[48;2;254;239;157m[38;2;255;235;149m▁[48;2;254;236;145m[38;2;253;228;130m▁[48;2;255;232;144m[38;2;252;223;120m▂[48;2;252;220;129m[38;2;245;203;111m▄[48;2;240;188;100m[38;2;166;101;27m▗[48;2;206;144;76m[38;2;146;92;45m▗[48;2;163;100;48m[38;2;217;175;127m▃[48;2;218;150;84m[38;2;242;205;139m▃[48;2;217;154;80m[38;2;243;217;144m▁[48;2;233;170;91m[38;2;214;170;82m▂[48;2;231;180;101m[38;2;235;183;98m▄[48;2;247;204;147m[38;2;243;196;125m▎[48;2;240;199;154m[38;2;243;203;162m▄[48;2;245;201;159m[38;2;240;200;155m▄[48;2;229;198;149m[38;2;246;220;173m┃[48;2;190;133;122m[38;2;235;197;169m▊[48;2;223;152;121m[38;2;93;34;27m▌[48;2;248;209;163m[38;2;219;161;107m▌[48;2;66;46;40m[38;2;193;160;130m▊[48;2;14;7;14m[38;2;37;25;31m⎽[48;2;0;0;1m[38;2;1;0;6m▎[48;2;0;0;28m[38;2;0;0;3m▊[48;2;0;3;102m[38;2;0;0;61m▌[48;2;0;1;58m[38;2;0;3;106m▃[48;2;0;0;72m[38;2;4;2;131m▝[48;2;0;1;111m[38;2;0;0;45m▅[48;2;0;3;176m[38;2;0;2;112m▌[48;2;0;4;186m[38;2;0;13;225m▁[48;2;0;9;181m[38;2;1;18;228m▂[48;2;0;13;230m[38;2;0;4;206m▘[48;2;0;15;224m[38;2;2;38;232m▂[48;2;2;39;233m[38;2;5;40;195m▗[48;2;9;31;214m[38;2;0;9;145m▅[48;2;0;3;148m[38;2;20;26;218m╸[48;2;0;1;141m[38;2;0;3;139m▄[48;2;0;4;145m[38;2;0;6;186m▁[48;2;0;2;210m[38;2;0;1;168m▊[48;2;0;3;190m[38;2;0;11;192m▄[48;2;5;29;196m[38;2;0;0;0m [48;2;7;52;208m[38;2;32;85;244m╹[48;2;1;44;198m[38;2;0;45;229m▄[48;2;1;29;233m[38;2;0;26;196m⎻[48;2;0;7;204m[38;2;0;9;230m▂[48;2;0;9;198m[38;2;2;14;228m▖[48;2;0;9;188m[38;2;0;20;215m▗[48;2;0;18;210m[38;2;0;24;212m▄[48;2;1;28;206m[38;2;3;31;231m▘[48;2;0;33;219m[38;2;0;25;205m▆[0m
[48;2;2;15;153m[38;2;10;21;209m━[48;2;19;36;215m[38;2;0;9;144m▃[48;2;21;40;211m[38;2;0;8;134m▃[48;2;86;115;247m[38;2;9;24;183m▇[48;2;7;33;218m[38;2;0;4;161m▃[48;2;12;48;237m[38;2;0;2;164m▄[48;2;22;70;228m[38;2;0;12;152m▄[48;2;20;58;233m[38;2;0;12;159m▃[48;2;11;49;229m[38;2;0;13;185m▃[48;2;48;106;255m[38;2;11;38;218m▆[48;2;10;21;203m[38;2;56;96;242m▘[48;2;1;9;199m[38;2;3;16;218m▄[48;2;34;34;164m[38;2;24;32;223m▌[48;2;230;212;197m[38;2;131;124;188m▎[48;2;241;200;132m[38;2;250;223;170m▌[48;2;145;97;64m[38;2;215;165;111m▌[48;2;24;11;16m[38;2;85;57;49m▌[48;2;177;129;93m[38;2;45;22;18m▎[48;2;234;157;62m[38;2;221;150;78m▎[48;2;237;164;49m[38;2;241;162;47m▄[48;2;241;165;46m[38;2;245;172;42m▄[48;2;209;145;46m[38;2;245;202;95m▆[48;2;246;228;153m[38;2;0;0;0m [48;2;247;237;174m[38;2;0;0;0m [48;2;239;232;175m[38;2;146;111;66m▁[48;2;243;250;189m[38;2;237;211;151m▃[48;2;240;227;164m[38;2;0;0;0m [48;2;201;143;75m[38;2;242;217;157m┓[48;2;235;172;60m[38;2;238;187;79m▄[48;2;246;190;32m[38;2;251;200;62m▌[48;2;255;231;109m[38;2;241;193;37m▊[48;2;252;237;118m[38;2;250;231;88m╸[48;2;255;237;155m[38;2;255;239;147m▌[48;2;248;221;122m[38;2;254;234;149m▌[48;2;247;215;109m[38;2;249;215;114m▄[48;2;243;197;109m[38;2;219;160;81m▝[48;2;207;142;69m[38;2;235;188;117m▄[48;2;250;238;181m[38;2;241;199;135m▘[48;2;247;248;196m[38;2;243;229;174m▗[48;2;246;240;189m[38;2;213;187;135m▂[48;2;248;240;186m[38;2;235;213;163m▁[48;2;236;203;125m[38;2;242;228;176m▆[48;2;233;188;115m[38;2;242;219;168m▃[48;2;245;196;130m[38;2;246;201;149m▝[48;2;242;206;157m[38;2;231;190;129m▄[48;2;235;199;136m[38;2;247;211;143m┏[48;2;248;222;169m[38;2;221;180;115m▎[48;2;234;181;161m[38;2;227;195;159m▊[48;2;227;154;117m[38;2;118;45;26m▌[48;2;235;200;156m[38;2;225;167;114m▌[48;2;124;98;87m[38;2;230;201;171m▊[48;2;29;16;25m[38;2;84;62;60m▎[48;2;0;0;1m[38;2;1;0;3m▎[48;2;0;0;65m[38;2;0;0;16m▊[48;2;3;5;105m[38;2;2;4;141m▄[48;2;2;6;122m[38;2;0;2;90m▄[48;2;0;0;15m[38;2;0;0;54m▘[48;2;0;8;86m[38;2;0;0;23m▊[48;2;6;31;206m[38;2;0;9;120m▘[48;2;4;26;231m[38;2;3;25;224m▄[48;2;12;39;236m[38;2;25;73;234m▗[48;2;7;67;235m[38;2;7;94;232m▄[48;2;10;65;235m[38;2;6;49;228m▄[48;2;0;19;192m[38;2;0;13;231m▄[48;2;0;2;158m[38;2;0;2;189m▅[48;2;0;4;157m[38;2;0;3;177m▄[48;2;0;4;163m[38;2;0;5;195m▆[48;2;0;3;189m[38;2;1;7;205m▄[48;2;3;19;206m[38;2;0;0;0m [48;2;8;43;203m[38;2;12;89;228m▄[48;2;10;81;235m[38;2;0;0;0m [48;2;7;67;231m[38;2;4;44;228m▄[48;2;8;28;222m[38;2;11;49;235m▘[48;2;5;17;224m[38;2;1;14;222m▄[48;2;0;12;215m[38;2;0;12;195m▃[48;2;1;13;203m[38;2;0;0;0m [48;2;1;21;197m[38;2;3;37;211m▄[48;2;9;37;223m[38;2;5;39;205m▄[48;2;1;27;209m[38;2;22;50;237m╹[48;2;0;19;210m[38;2;1;27;209m▄[0m
[48;2;3;28;166m[38;2;47;106;196m▅[48;2;10;39;181m[38;2;26;86;179m▄[48;2;5;32;164m[38;2;42;94;196m▃[48;2;16;38;171m[38;2;27;41;134m▗[48;2;6;11;162m[38;2;9;14;105m▃[48;2;3;6;151m[38;2;0;4;87m▂[48;2;4;10;143m[38;2;0;3;72m▂[48;2;6;12;144m[38;2;0;3;83m▂[48;2;5;12;162m[38;2;0;5;102m▂[48;2;10;24;182m[38;2;0;5;128m▃[48;2;7;21;194m[38;2;3;3;140m▄[48;2;2;15;201m[38;2;1;0;124m▄[48;2;8;7;125m[38;2;12;4;79m┏[48;2;239;228;177m[38;2;114;105;117m▎[48;2;249;211;108m[38;2;255;236;162m▎[48;2;158;104;51m[38;2;228;176;91m▊[48;2;67;25;27m[38;2;116;68;53m▊[48;2;181;123;80m[38;2;74;32;22m▌[48;2;231;164;61m[38;2;238;170;90m▊[48;2;238;173;60m[38;2;0;0;0m [48;2;247;184;51m[38;2;232;159;33m▌[48;2;238;202;93m[38;2;239;190;65m▊[48;2;244;217;131m[38;2;253;230;150m▗[48;2;147;110;59m[38;2;236;204;139m▊[48;2;98;49;28m[38;2;143;112;76m▁[48;2;213;160;111m[38;2;0;0;0m [48;2;226;185;128m[38;2;235;210;152m▄[48;2;191;158;95m[38;2;240;227;179m▊[48;2;244;208;110m[38;2;186;139;60m▎[48;2;242;184;23m[38;2;252;208;69m▌[48;2;253;228;129m[38;2;247;193;45m▊[48;2;248;235;126m[38;2;254;241;152m▌[48;2;254;241;159m[38;2;254;242;149m▌[48;2;254;230;142m[38;2;254;237;155m▌[48;2;252;217;117m[38;2;254;223;134m▌[48;2;248;213;125m[38;2;246;209;110m▌[48;2;248;240;169m[38;2;251;224;147m▌[48;2;241;223;170m[38;2;248;245;180m▊[48;2;215;178;138m[38;2;121;70;47m╺[48;2;175;135;93m[38;2;86;47;27m▆[48;2;223;193;152m[38;2;118;81;47m▎[48;2;233;215;163m[38;2;245;223;176m▄[48;2;248;226;175m[38;2;237;208;155m▗[48;2;248;212;154m[38;2;239;213;157m▗[48;2;236;207;156m[38;2;245;227;182m▄[48;2;243;211;152m[38;2;235;198;145m▄[48;2;239;212;153m[38;2;232;188;123m▎[48;2;223;184;143m[38;2;0;0;0m [48;2;224;141;98m[38;2;158;75;43m▌[48;2;237;185;131m[38;2;219;166;106m┫[48;2;176;148;124m[38;2;243;208;161m▊[48;2;21;12;12m[38;2;97;75;60m▎[48;2;0;0;1m[38;2;0;0;2m▎[48;2;0;2;81m[38;2;0;0;25m▊[48;2;5;7;145m[38;2;0;0;54m▃[48;2;0;0;27m[38;2;0;0;95m▘[48;2;0;0;31m[38;2;0;0;0m [48;2;1;10;165m[38;2;0;2;56m▘[48;2;6;18;213m[38;2;0;12;225m▄[48;2;1;30;221m[38;2;15;78;244m▗[48;2;15;97;243m[38;2;11;82;244m▚[48;2;13;88;246m[38;2;1;43;231m▄[48;2;0;9;223m[38;2;0;38;236m▘[48;2;0;4;186m[38;2;0;7;228m▘[48;2;0;2;188m[38;2;0;8;206m▁[48;2;0;9;198m[38;2;0;4;204m▄[48;2;0;9;198m[38;2;0;14;175m▂[48;2;2;23;200m[38;2;17;76;232m▂[48;2;6;65;213m[38;2;12;93;233m▅[48;2;12;95;232m[38;2;12;84;242m▄[48;2;14;76;237m[38;2;5;45;226m▄[48;2;1;29;228m[38;2;16;57;246m▘[48;2;3;24;231m[38;2;0;17;205m▄[48;2;8;21;225m[38;2;0;14;197m▅[48;2;0;18;198m[38;2;0;14;183m│[48;2;5;39;218m[38;2;23;77;246m▂[48;2;11;71;230m[38;2;0;52;197m▝[48;2;12;62;226m[38;2;19;79;226m▘[48;2;0;33;202m[38;2;0;20;183m▄[48;2;0;13;173m[38;2;0;0;0m [0m
[48;2;21;49;156m[38;2;33;48;148m▄[48;2;38;81;199m[38;2;22;45;149m▆[48;2;25;67;193m[38;2;9;38;153m▃[48;2;32;58;171m[38;2;32;65;187m▄[48;2;6;11;113m[38;2;37;70;214m▅[48;2;0;4;126m[38;2;33;55;223m▄[48;2;0;1;122m[38;2;4;13;194m▄[48;2;0;4;128m[38;2;0;11;179m▂[48;2;0;7;120m[38;2;2;14;168m▃[48;2;0;6;113m[38;2;8;23;188m▃[48;2;0;2;128m[38;2;3;14;185m▂[48;2;0;1;128m[38;2;1;13;189m▃[48;2;4;2;102m[38;2;7;16;155m▄[48;2;230;203;160m[38;2;83;70;106m▌[48;2;249;208;96m[38;2;253;226;144m▊[48;2;240;198;99m[38;2;0;0;0m [48;2;117;59;35m[38;2;163;111;37m▎[48;2;184;125;87m[38;2;92;34;25m▊[48;2;216;155;85m[38;2;179;117;50m⎽[48;2;224;170;67m[38;2;240;180;88m╸[48;2;251;187;67m[38;2;249;206;104m▇[48;2;243;203;92m[38;2;223;169;59m▃[48;2;250;224;134m[38;2;0;0;0m [48;2;248;232;164m[38;2;251;217;125m▂[48;2;241;223;174m[38;2;254;223;140m▁[48;2;245;227;173m[38;2;230;192;113m▃[48;2;232;206;138m[38;2;223;180;78m▄[48;2;222;177;97m[38;2;254;217;132m▗[48;2;241;195;93m[38;2;250;213;127m▅[48;2;232;179;42m[38;2;253;211;108m▎[48;2;251;221;135m[38;2;244;192;75m▌[48;2;252;234;130m[38;2;254;243;163m▎[48;2;254;246;151m[38;2;254;245;144m▊[48;2;254;231;138m[38;2;254;242;147m▎[48;2;254;224;125m[38;2;255;226;136m▄[48;2;253;219;122m[38;2;254;220;126m▄[48;2;253;219;142m[38;2;254;222;143m▄[48;2;248;224;159m[38;2;241;208;142m▂[48;2;249;221;162m[38;2;225;190;131m▂[48;2;237;213;151m[38;2;238;205;131m▄[48;2;244;224;157m[38;2;237;205;119m▄[48;2;241;226;158m[38;2;242;213;128m▅[48;2;240;210;143m[38;2;236;199;110m▃[48;2;243;220;163m[38;2;247;210;144m▌[48;2;243;235;183m[38;2;227;216;163m▁[48;2;240;210;154m[38;2;235;197;140m┣[48;2;235;202;153m[38;2;216;158;129m▗[48;2;88;36;21m[38;2;197;146;122m▊[48;2;220;121;89m[38;2;141;55;36m▎[48;2;234;177;122m[38;2;241;179;122m▄[48;2;238;206;165m[38;2;0;0;0m [48;2;42;36;40m[38;2;189;172;156m▎[48;2;0;0;3m[38;2;0;0;7m▘[48;2;0;0;16m[38;2;0;0;0m [48;2;0;0;11m[38;2;0;0;0m [48;2;0;0;35m[38;2;0;0;96m▗[48;2;0;3;161m[38;2;0;0;100m▌[48;2;1;17;226m[38;2;0;6;188m▎[48;2;3;35;234m[38;2;6;60;245m▗[48;2;14;76;241m[38;2;6;60;229m▊[48;2;15;82;240m[38;2;2;30;227m▅[48;2;0;13;215m[38;2;0;8;181m▄[48;2;1;0;200m[38;2;1;2;174m▇[48;2;0;4;186m[38;2;0;3;212m▃[48;2;0;12;204m[38;2;0;9;216m▄[48;2;3;11;198m[38;2;0;0;0m [48;2;8;95;231m[38;2;4;33;187m▘[48;2;9;105;234m[38;2;0;88;210m▗[48;2;3;86;226m[38;2;24;92;229m▄[48;2;11;62;236m[38;2;0;0;0m [48;2;5;30;218m[38;2;0;0;0m [48;2;4;21;222m[38;2;0;15;197m▝[48;2;2;20;195m[38;2;1;23;185m▄[48;2;5;25;197m[38;2;4;28;212m▄[48;2;14;62;212m[38;2;15;110;224m▗[48;2;16;85;224m[38;2;1;54;203m╵[48;2;4;53;214m[38;2;37;97;237m▘[48;2;1;27;197m[38;2;0;21;211m▂[48;2;0;10;176m[38;2;0;5;205m▅[48;2;0;9;201m[38;2;0;11;208m▄[0m
[48;2;2;4;33m[38;2;18;23;96m▘[48;2;11;24;84m[38;2;0;1;18m▆[48;2;14;26;113m[38;2;0;0;30m▄[48;2;33;52;166m[38;2;14;16;94m▆[48;2;16;30;117m[38;2;36;48;137m▎[48;2;4;18;131m[38;2;6;21;127m▄[48;2;1;15;156m[38;2;18;39;166m▄[48;2;6;26;182m[38;2;84;108;232m▃[48;2;14;38;192m[38;2;96;124;237m▂[48;2;11;36;195m[38;2;71;108;238m▂[48;2;11;25;181m[38;2;75;92;206m▂[48;2;8;22;189m[38;2;10;18;156m▂[48;2;8;28;177m[38;2;8;17;164m▄[48;2;182;173;167m[38;2;21;17;100m▊[48;2;248;233;157m[38;2;236;229;185m▎[48;2;235;193;73m[38;2;252;222;129m▌[48;2;223;173;64m[38;2;137;73;23m▝[48;2;115;48;27m[38;2;0;0;0m [48;2;210;141;80m[38;2;150;73;57m▖[48;2;221;157;52m[38;2;251;204;113m▗[48;2;244;214;119m[38;2;0;0;0m [48;2;224;174;70m[38;2;243;214;126m▃[48;2;235;161;55m[38;2;227;162;53m▄[48;2;254;206;101m[38;2;238;176;60m▆[48;2;243;203;97m[38;2;239;182;54m▆[48;2;248;194;80m[38;2;238;182;65m▎[48;2;248;202;98m[38;2;245;195;77m▊[48;2;253;214;138m[38;2;249;204;110m▎[48;2;253;218;144m[38;2;0;0;0m [48;2;231;189;81m[38;2;248;215;118m▎[48;2;249;216;139m[38;2;200;148;90m▁[48;2;253;233;138m[38;2;254;230;135m▄[48;2;254;250;151m[38;2;254;242;142m▎[48;2;254;234;141m[38;2;254;245;150m▌[48;2;254;232;138m[38;2;255;234;156m▖[48;2;253;230;135m[38;2;254;233;138m▄[48;2;254;230;158m[38;2;254;230;143m▌[48;2;253;227;160m[38;2;245;212;151m▝[48;2;242;205;147m[38;2;249;221;162m▄[48;2;221;183;116m[38;2;240;204;142m▎[48;2;228;186;105m[38;2;193;152;71m⎽[48;2;237;193;98m[38;2;218;170;61m▂[48;2;241;196;92m[38;2;238;190;80m╴[48;2;249;226;165m[38;2;233;200;111m▌[48;2;237;212;161m[38;2;0;0;0m [48;2;232;201;146m[38;2;254;236;187m▗[48;2;213;136;105m[38;2;243;218;161m▎[48;2;89;8;3m[38;2;192;93;81m▌[48;2;207;86;64m[38;2;235;112;77m▗[48;2;242;199;142m[38;2;237;160;102m▌[48;2;188;163;145m[38;2;238;203;161m▊[48;2;17;11;16m[38;2;163;143;137m▎[48;2;0;0;1m[38;2;0;0;0m▂[48;2;0;0;2m[38;2;0;0;10m▝[48;2;0;0;17m[38;2;0;0;55m▗[48;2;0;3;137m[38;2;0;3;91m▌[48;2;0;4;223m[38;2;0;0;186m▌[48;2;0;18;236m[38;2;0;24;237m▄[48;2;1;44;233m[38;2;0;29;215m▂[48;2;0;10;191m[38;2;2;38;221m▘[48;2;1;4;188m[38;2;1;1;198m│[48;2;0;5;188m[38;2;0;5;202m▂[48;2;0;4;198m[38;2;0;5;211m▅[48;2;0;4;201m[38;2;0;6;214m⎻[48;2;0;5;205m[38;2;0;32;212m▗[48;2;0;58;213m[38;2;5;93;239m▂[48;2;18;111;238m[38;2;6;70;227m▗[48;2;17;84;236m[38;2;2;37;224m▃[48;2;14;64;231m[38;2;16;54;224m▄[48;2;16;54;237m[38;2;8;44;220m▄[48;2;1;26;215m[38;2;0;30;203m▄[48;2;2;22;209m[38;2;0;15;177m┏[48;2;2;20;181m[38;2;22;39;211m━[48;2;5;63;205m[38;2;2;102;230m▁[48;2;54;160;247m[38;2;14;115;228m▚[48;2;4;71;235m[38;2;16;124;242m▘[48;2;1;19;230m[38;2;1;45;228m▘[48;2;0;10;203m[38;2;0;13;225m▚[48;2;0;11;207m[38;2;16;30;242m╸[48;2;0;24;215m[38;2;4;52;237m▗[0m
[48;2;37;31;29m[38;2;169;132;95m▄[48;2;36;32;42m[38;2;144;122;112m▁[48;2;11;11;20m[38;2;50;48;55m▖[48;2;9;7;23m[38;2;0;0;0m [48;2;79;94;158m[38;2;8;10;29m▇[48;2;80;102;176m[38;2;12;18;44m▄[48;2;26;42;122m[38;2;46;63;128m▄[48;2;6;20;115m[38;2;65;95;176m▃[48;2;76;104;219m[38;2;20;37;122m▇[48;2;53;85;195m[38;2;2;9;102m▅[48;2;46;71;204m[38;2;3;10;113m▄[48;2;7;20;166m[38;2;2;4;128m▄[48;2;13;17;141m[38;2;13;26;174m▘[48;2;13;7;49m[38;2;7;4;107m▌[48;2;218;215;168m[38;2;53;55;45m▖[48;2;238;208;109m[38;2;251;236;155m▊[48;2;232;182;63m[38;2;216;170;62m▖[48;2;108;42;21m[38;2;178;116;45m▌[48;2;109;37;35m[38;2;0;0;0m [48;2;219;166;92m[38;2;218;170;118m▄[48;2;245;221;141m[38;2;236;196;108m▖[48;2;251;237;160m[38;2;251;235;173m▇[48;2;246;222;132m[38;2;0;0;0m [48;2;235;176;65m[38;2;247;207;103m▅[48;2;239;177;68m[38;2;251;194;94m▃[48;2;248;189;79m[38;2;250;193;85m▄[48;2;251;213;128m[38;2;241;193;90m▌[48;2;253;215;140m[38;2;247;217;133m▅[48;2;250;218;140m[38;2;251;220;134m▆[48;2;212;165;99m[38;2;100;50;27m▗[48;2;136;81;37m[38;2;67;21;8m▅[48;2;220;184;112m[38;2;0;0;0m [48;2;253;240;137m[38;2;250;218;113m▃[48;2;250;232;139m[38;2;0;0;0m [48;2;192;168;103m[38;2;76;46;16m▄[48;2;226;195;118m[38;2;0;0;0m [48;2;251;229;145m[38;2;254;234;159m▝[48;2;253;233;171m[38;2;253;234;165m▎[48;2;247;222;164m[38;2;251;228;166m▊[48;2;233;190;109m[38;2;245;213;149m▊[48;2;227;184;99m[38;2;229;173;66m▅[48;2;243;197;83m[38;2;231;183;62m▄[48;2;249;218;135m[38;2;241;200;102m▊[48;2;233;211;136m[38;2;241;209;125m▄[48;2;227;196;144m[38;2;223;199;132m▄[48;2;251;246;196m[38;2;243;226;169m▘[48;2;196;82;65m[38;2;242;218;159m▎[48;2;130;11;10m[38;2;189;59;57m▘[48;2;241;139;94m[38;2;199;57;34m▌[48;2;243;205;149m[38;2;234;155;99m▎[48;2;188;170;174m[38;2;236;211;189m▊[48;2;27;21;26m[38;2;0;0;0m [48;2;0;0;0m[38;2;0;0;1m [48;2;0;0;7m[38;2;0;0;0m [48;2;0;0;69m[38;2;0;0;142m▗[48;2;0;4;199m[38;2;0;1;147m▘[48;2;1;18;237m[38;2;0;4;214m▘[48;2;2;28;230m[38;2;2;32;223m▄[48;2;6;32;239m[38;2;0;23;216m▘[48;2;0;13;228m[38;2;0;9;229m▄[48;2;0;5;204m[38;2;0;4;217m▂[48;2;0;3;217m[38;2;0;0;229m▗[48;2;0;7;214m[38;2;0;5;228m▘[48;2;0;10;223m[38;2;1;27;222m▄[48;2;14;82;240m[38;2;2;43;223m▊[48;2;12;92;235m[38;2;11;74;223m▄[48;2;4;61;228m[38;2;4;29;226m▆[48;2;1;29;225m[38;2;24;58;239m▗[48;2;15;55;231m[38;2;2;47;219m╹[48;2;3;45;221m[38;2;1;45;198m━[48;2;0;30;190m[38;2;7;42;217m▗[48;2;2;19;182m[38;2;5;29;195m▄[48;2;10;72;222m[38;2;6;50;211m┛[48;2;13;118;227m[38;2;50;156;243m▝[48;2;3;69;231m[38;2;37;129;249m▎[48;2;4;36;223m[38;2;5;35;223m▄[48;2;0;22;210m[38;2;1;24;227m▚[48;2;0;12;215m[38;2;9;24;237m┛[48;2;2;24;221m[38;2;1;37;234m▄[48;2;6;66;240m[38;2;0;0;0m [0m
[48;2;218;160;33m[38;2;0;0;0m [48;2;174;136;100m[38;2;220;162;25m▆[48;2;104;82;75m[38;2;212;164;65m▆[48;2;70;51;49m[38;2;193;150;76m▄[48;2;47;38;35m[38;2;176;142;86m▁[48;2;12;7;21m[38;2;0;0;0m [48;2;6;6;33m[38;2;6;11;83m▝[48;2;8;26;130m[38;2;4;2;64m▂[48;2;63;101;202m[38;2;7;23;143m▅[48;2;55;78;191m[38;2;0;0;0m [48;2;12;26;114m[38;2;78;104;207m▄[48;2;6;18;116m[38;2;91;112;195m▁[48;2;2;4;115m[38;2;3;10;94m▖[48;2;1;2;79m[38;2;3;8;122m▆[48;2;21;23;85m[38;2;138;144;145m▝[48;2;234;221;168m[38;2;0;0;0m [48;2;221;172;75m[38;2;236;205;117m▌[48;2;151;81;45m[38;2;215;154;78m▌[48;2;95;23;24m[38;2;110;33;37m▄[48;2;195;141;105m[38;2;89;38;26m▌[48;2;246;207;155m[38;2;228;187;114m┗[48;2;248;236;161m[38;2;234;205;123m▖[48;2;247;243;178m[38;2;0;0;0m [48;2;251;225;136m[38;2;253;239;176m▖[48;2;252;204;104m[38;2;252;216;116m▄[48;2;248;200;103m[38;2;250;210;122m▃[48;2;250;216;138m[38;2;240;197;106m▎[48;2;252;226;154m[38;2;251;223;148m▌[48;2;253;223;145m[38;2;254;225;155m▎[48;2;244;207;142m[38;2;0;0;0m [48;2;130;86;52m[38;2;245;212;131m▅[48;2;249;214;117m[38;2;213;175;106m▘[48;2;253;216;112m[38;2;251;219;126m▃[48;2;253;221;123m[38;2;254;219;133m▁[48;2;136;105;58m[38;2;246;216;133m▇[48;2;229;199;117m[38;2;253;224;139m▆[48;2;248;229;141m[38;2;250;227;129m▌[48;2;252;230;164m[38;2;250;232;155m▎[48;2;244;223;150m[38;2;253;230;164m▊[48;2;240;198;93m[38;2;243;215;131m▌[48;2;240;184;59m[38;2;229;168;32m▗[48;2;241;190;72m[38;2;223;167;40m▊[48;2;245;213;115m[38;2;247;213;117m▄[48;2;236;194;102m[38;2;244;208;128m▄[48;2;247;244;174m[38;2;233;208;122m▘[48;2;248;228;185m[38;2;0;0;0m [48;2;207;44;37m[38;2;235;134;95m▌[48;2;155;23;17m[38;2;215;73;56m▃[48;2;251;174;133m[38;2;236;112;85m▘[48;2;243;213;172m[38;2;248;196;145m▎[48;2;93;86;89m[38;2;221;202;189m▊[48;2;7;6;8m[38;2;0;0;0m [48;2;0;0;7m[38;2;0;0;0m [48;2;0;1;109m[38;2;0;0;49m▌[48;2;0;6;203m[38;2;0;2;141m▘[48;2;0;12;228m[38;2;5;32;234m▗[48;2;3;33;237m[38;2;4;60;231m▗[48;2;5;46;231m[38;2;13;70;239m▖[48;2;0;14;201m[38;2;13;49;242m▘[48;2;0;7;202m[38;2;0;5;190m▆[48;2;0;7;239m[38;2;0;4;210m▌[48;2;0;0;223m[38;2;0;3;236m▎[48;2;0;17;211m[38;2;0;3;212m▌[48;2;1;50;229m[38;2;0;33;222m▌[48;2;0;55;205m[38;2;7;66;231m▆[48;2;0;25;213m[38;2;40;94;245m▘[48;2;1;20;232m[38;2;0;23;229m▄[48;2;2;33;223m[38;2;8;57;227m▄[48;2;10;53;219m[38;2;4;65;229m▄[48;2;8;51;226m[38;2;0;0;0m [48;2;2;33;217m[38;2;0;26;198m┳[48;2;0;26;201m[38;2;2;31;197m▄[48;2;27;115;244m[38;2;9;78;223m▌[48;2;0;56;222m[38;2;12;95;235m▊[48;2;4;34;224m[38;2;0;0;0m [48;2;3;25;228m[38;2;0;12;210m▄[48;2;0;13;212m[38;2;0;13;219m▄[48;2;0;14;215m[38;2;0;22;222m▄[48;2;1;49;235m[38;2;5;68;243m▃[48;2;17;93;244m[38;2;13;101;248m▄[0m
[48;2;1;0;1m[38;2;0;0;0m▄[48;2;178;124;50m[38;2;11;4;1m▅[48;2;190;133;35m[38;2;17;5;4m▂[48;2;224;165;42m[38;2;80;42;12m▁[48;2;223;165;46m[38;2;178;112;19m▁[48;2;95;59;40m[38;2;220;163;56m▆[48;2;77;56;32m[38;2;202;142;16m▂[48;2;34;13;18m[38;2;152;103;36m▁[48;2;30;26;56m[38;2;0;0;0m [48;2;23;41;174m[38;2;31;28;81m▃[48;2;0;8;141m[38;2;21;28;142m▄[48;2;75;91;167m[38;2;2;5;103m▇[48;2;4;3;79m[38;2;0;0;0m [48;2;3;6;83m[38;2;1;0;35m▆[48;2;37;39;93m[38;2;0;1;30m▇[48;2;79;60;67m[38;2;196;159;114m▝[48;2;232;187;113m[38;2;231;197;147m▄[48;2;211;154;98m[38;2;0;0;0m [48;2;121;47;37m[38;2;186;111;83m▖[48;2;85;18;24m[38;2;96;16;34m▄[48;2;115;54;43m[38;2;246;207;161m▝[48;2;242;205;148m[38;2;0;0;0m [48;2;242;212;139m[38;2;221;181;102m╸[48;2;243;223;149m[38;2;0;0;0m [48;2;251;223;145m[38;2;250;235;171m╸[48;2;251;211;115m[38;2;240;187;59m▂[48;2;248;215;134m[38;2;221;185;66m▃[48;2;250;221;140m[38;2;249;216;96m▄[48;2;253;228;150m[38;2;254;214;105m▁[48;2;254;225;151m[38;2;251;224;153m▄[48;2;248;222;144m[38;2;248;224;168m▗[48;2;216;192;134m[38;2;128;81;51m▄[48;2;218;184;114m[38;2;124;65;24m▆[48;2;242;199;129m[38;2;163;97;54m▅[48;2;251;216;138m[38;2;172;116;64m▖[48;2;255;227;152m[38;2;251;221;131m▇[48;2;248;227;146m[38;2;250;232;164m╺[48;2;252;228;167m[38;2;248;218;140m▗[48;2;245;220;148m[38;2;241;206;108m▆[48;2;241;206;109m[38;2;246;199;80m▆[48;2;239;184;52m[38;2;238;179;46m▄[48;2;250;199;96m[38;2;240;183;62m▌[48;2;246;215;121m[38;2;251;211;131m▄[48;2;248;231;168m[38;2;247;212;143m▌[48;2;243;235;174m[38;2;0;0;0m [48;2;205;84;49m[38;2;241;190;143m▘[48;2;213;63;37m[38;2;243;114;82m▂[48;2;234;104;80m[38;2;248;167;131m▅[48;2;244;199;155m[38;2;242;153;121m▘[48;2;238;219;181m[38;2;233;202;162m▘[48;2;37;28;35m[38;2;153;134;123m▌[48;2;0;0;5m[38;2;0;0;0m [48;2;0;0;37m[38;2;0;0;101m▗[48;2;0;4;186m[38;2;0;2;129m▊[48;2;0;9;229m[38;2;0;18;217m▂[48;2;7;45;235m[38;2;8;55;234m▄[48;2;8;64;239m[38;2;0;0;0m [48;2;0;15;202m[38;2;5;48;234m▘[48;2;1;1;188m[38;2;0;4;211m▗[48;2;0;4;241m[38;2;1;1;212m▘[48;2;0;7;248m[38;2;0;1;239m▃[48;2;0;2;232m[38;2;0;1;223m▄[48;2;0;22;207m[38;2;0;7;216m▎[48;2;3;52;228m[38;2;0;48;229m▄[48;2;12;66;238m[38;2;3;41;224m▅[48;2;6;22;217m[38;2;2;35;220m▄[48;2;20;61;230m[38;2;15;79;227m▄[48;2;38;115;242m[38;2;21;104;235m▄[48;2;5;62;216m[38;2;0;0;0m [48;2;2;49;230m[38;2;1;39;217m▄[48;2;4;33;208m[38;2;0;27;199m▄[48;2;5;47;213m[38;2;18;77;245m╺[48;2;12;97;236m[38;2;7;62;230m▃[48;2;2;34;217m[38;2;12;84;236m▘[48;2;0;11;226m[38;2;0;12;225m▄[48;2;9;22;228m[38;2;1;16;204m▄[48;2;7;17;221m[38;2;7;23;222m▄[48;2;17;80;246m[38;2;0;25;208m▊[48;2;19;99;247m[38;2;0;0;0m [48;2;21;121;244m[38;2;0;0;0m [0m
[48;2;5;1;2m[38;2;47;21;32m▁[48;2;0;0;0m[38;2;1;0;0m▃[48;2;1;0;0m[38;2;0;0;0m▇[48;2;1;0;0m[38;2;0;0;0m▄[48;2;116;53;8m[38;2;18;2;0m▆[48;2;180;109;33m[38;2;23;9;8m▂[48;2;196;125;31m[38;2;0;0;0m [48;2;241;185;44m[38;2;187;115;10m▂[48;2;139;104;35m[38;2;248;197;42m▆[48;2;82;50;38m[38;2;233;189;48m▅[48;2;53;35;41m[38;2;221;183;60m▂[48;2;36;29;72m[38;2;0;0;0m [48;2;13;13;93m[38;2;17;14;59m▄[48;2;1;0;52m[38;2;8;8;84m▄[48;2;5;1;103m[38;2;2;0;68m▌[48;2;19;12;93m[38;2;9;15;163m▄[48;2;193;174;199m[38;2;44;41;163m▖[48;2;241;214;194m[38;2;0;0;0m [48;2;187;101;90m[38;2;235;177;150m▆[48;2;118;22;40m[38;2;198;88;92m▖[48;2;92;17;28m[38;2;125;22;38m╹[48;2;114;54;44m[38;2;229;186;150m▝[48;2;241;209;157m[38;2;0;0;0m [48;2;246;209;135m[38;2;251;224;165m▖[48;2;236;186;69m[38;2;248;207;118m▌[48;2;242;187;41m[38;2;0;0;0m [48;2;248;217;112m[38;2;244;196;60m▎[48;2;242;207;80m[38;2;249;222;118m▃[48;2;251;208;79m[38;2;241;193;39m▆[48;2;243;221;134m[38;2;250;207;95m▖[48;2;132;86;46m[38;2;245;228;177m▊[48;2;117;50;25m[38;2;62;12;0m▖[48;2;215;148;85m[38;2;0;0;0m [48;2;237;177;113m[38;2;0;0;0m [48;2;146;85;45m[38;2;206;151;99m▖[48;2;233;190;131m[38;2;152;94;59m▖[48;2;253;225;142m[38;2;246;212;119m▂[48;2;249;219;125m[38;2;248;214;99m▄[48;2;251;207;84m[38;2;251;203;67m▁[48;2;252;196;68m[38;2;241;181;46m▄[48;2;240;180;58m[38;2;0;0;0m [48;2;246;207;125m[38;2;230;177;71m▘[48;2;253;217;137m[38;2;253;236;159m▅[48;2;252;231;156m[38;2;0;0;0m [48;2;230;182;128m[38;2;200;101;55m▃[48;2;198;58;33m[38;2;247;107;88m▗[48;2;250;171;137m[38;2;234;111;82m▌[48;2;250;193;147m[38;2;250;210;166m▄[48;2;250;224;174m[38;2;244;232;197m▃[48;2;174;166;134m[38;2;30;20;19m▗[48;2;12;8;9m[38;2;0;0;0m [48;2;0;0;42m[38;2;0;0;8m▊[48;2;0;0;95m[38;2;0;1;125m┗[48;2;0;7;166m[38;2;0;3;116m▖[48;2;3;35;236m[38;2;0;18;214m▎[48;2;0;51;236m[38;2;0;39;223m▄[48;2;0;17;212m[38;2;3;49;241m▘[48;2;0;3;173m[38;2;1;7;189m▎[48;2;0;7;238m[38;2;0;3;204m▌[48;2;4;14;246m[38;2;1;15;236m┏[48;2;1;9;239m[38;2;17;37;249m▁[48;2;0;6;222m[38;2;0;22;228m▄[48;2;0;40;224m[38;2;0;27;210m▊[48;2;4;53;232m[38;2;0;0;0m [48;2;1;39;224m[38;2;12;67;218m▄[48;2;16;96;231m[38;2;3;65;212m┛[48;2;46;125;248m[38;2;17;113;247m▆[48;2;6;68;218m[38;2;16;103;236m▌[48;2;0;55;216m[38;2;14;91;244m▂[48;2;0;38;211m[38;2;7;48;238m┛[48;2;0;32;222m[38;2;0;24;197m┛[48;2;9;66;239m[38;2;6;52;226m▄[48;2;2;38;227m[38;2;17;69;248m▘[48;2;0;18;218m[38;2;0;15;222m▄[48;2;0;25;220m[38;2;1;23;220m▄[48;2;0;15;207m[38;2;0;11;185m▇[48;2;0;34;222m[38;2;0;10;191m▌[48;2;29;114;249m[38;2;10;69;236m▌[48;2;14;110;244m[38;2;20;134;249m▂[48;2;39;124;254m[38;2;17;112;252m▆[0m
[48;2;98;47;39m[38;2;133;76;62m▎[48;2;45;19;30m[38;2;94;50;55m▄[48;2;18;7;10m[38;2;68;35;50m▖[48;2;0;0;0m[38;2;1;0;0m▄[48;2;0;0;0m[38;2;1;0;0m▁[48;2;1;0;0m[38;2;0;0;0m▆[48;2;1;0;0m[38;2;0;0;0m▄[48;2;130;78;49m[38;2;9;2;2m▅[48;2;156;92;27m[38;2;18;7;6m▂[48;2;222;149;13m[38;2;119;67;41m▃[48;2;242;182;22m[38;2;147;80;18m▂[48;2;240;192;48m[38;2;224;148;0m▁[48;2;72;50;32m[38;2;237;203;55m▅[48;2;27;18;31m[38;2;214;192;72m▃[48;2;25;20;40m[38;2;0;0;0m [48;2;3;0;56m[38;2;1;2;122m▝[48;2;12;16;154m[38;2;0;2;73m▃[48;2;50;51;127m[38;2;210;212;226m▝[48;2;234;222;200m[38;2;0;0;0m [48;2;185;92;77m[38;2;234;179;156m▌[48;2;161;47;40m[38;2;120;23;26m▝[48;2;92;21;20m[38;2;119;28;26m▖[48;2;87;30;41m[38;2;197;142;134m▝[48;2;238;208;147m[38;2;116;66;43m▖[48;2;240;202;101m[38;2;249;220;138m▊[48;2;249;198;73m[38;2;250;213;112m▁[48;2;243;209;104m[38;2;248;201;90m▌[48;2;240;223;117m[38;2;249;237;140m▗[48;2;246;221;120m[38;2;230;177;47m▝[48;2;243;210;111m[38;2;246;198;77m▌[48;2;97;42;19m[38;2;241;214;163m▊[48;2;156;98;63m[38;2;86;30;9m▊[48;2;203;140;84m[38;2;147;79;34m╸[48;2;246;212;137m[38;2;237;190;115m▊[48;2;189;145;96m[38;2;235;199;135m▊[48;2;121;69;42m[38;2;115;68;45m▄[48;2;218;176;90m[38;2;158;115;54m▁[48;2;251;206;81m[38;2;251;210;96m▎[48;2;250;199;69m[38;2;242;185;37m▁[48;2;223;154;35m[38;2;227;170;73m▁[48;2;236;190;98m[38;2;241;210;149m▃[48;2;249;226;155m[38;2;242;226;145m▃[48;2;252;228;156m[38;2;248;226;141m▄[48;2;230;178;112m[38;2;166;61;34m▗[48;2;174;44;37m[38;2;0;0;0m [48;2;218;82;60m[38;2;253;165;127m▗[48;2;252;211;169m[38;2;239;160;132m▘[48;2;249;227;178m[38;2;245;237;206m▗[48;2;75;68;75m[38;2;193;187;182m▊[48;2;13;10;14m[38;2;0;0;0m [48;2;0;0;0m[38;2;0;0;1m▗[48;2;0;0;21m[38;2;0;0;82m▗[48;2;0;0;53m[38;2;0;0;0m [48;2;1;21;214m[38;2;0;6;120m▊[48;2;0;23;206m[38;2;0;27;236m▎[48;2;0;4;227m[38;2;0;11;209m▌[48;2;0;3;183m[38;2;0;5;204m▌[48;2;0;12;214m[38;2;0;2;188m▊[48;2;4;21;243m[38;2;27;66;252m▁[48;2;5;25;237m[38;2;0;0;0m [48;2;6;24;235m[38;2;13;34;251m╵[48;2;1;25;206m[38;2;5;32;231m╸[48;2;0;38;220m[38;2;10;49;244m╵[48;2;8;66;241m[38;2;0;58;217m╵[48;2;10;104;240m[38;2;13;84;234m▌[48;2;16;120;238m[38;2;50;144;255m╵[48;2;31;128;241m[38;2;71;154;253m╺[48;2;12;82;228m[38;2;2;65;214m┗[48;2;2;63;225m[38;2;20;83;246m│[48;2;0;37;209m[38;2;4;53;232m▖[48;2;1;31;228m[38;2;5;37;226m▄[48;2;5;34;227m[38;2;0;0;0m [48;2;1;24;224m[38;2;1;27;225m▄[48;2;3;22;217m[38;2;4;30;224m▄[48;2;0;10;171m[38;2;0;16;215m▘[48;2;0;10;171m[38;2;0;15;164m▄[48;2;18;86;244m[38;2;3;35;195m▌[48;2;14;107;245m[38;2;26;112;251m▄[48;2;13;114;246m[38;2;0;0;0m [48;2;15;103;243m[38;2;40;119;241m╵[0m
[48;2;134;76;62m[38;2;123;68;32m▄[48;2;106;45;60m[38;2;112;50;51m▄[48;2;100;46;57m[38;2;122;58;71m┓[48;2;39;9;9m[38;2;73;12;11m▅[48;2;24;2;0m[38;2;70;12;5m▃[48;2;11;1;2m[38;2;44;7;7m▁[48;2;8;2;4m[38;2;49;29;47m▁[48;2;0;0;0m[38;2;1;0;1m▂[48;2;1;0;0m[38;2;0;0;0m▆[48;2;1;0;0m[38;2;0;0;0m▄[48;2;112;72;50m[38;2;5;2;2m▅[48;2;163;96;50m[38;2;24;11;15m▃[48;2;203;135;36m[38;2;64;26;19m▁[48;2;238;182;34m[38;2;227;157;6m╴[48;2;242;202;30m[38;2;0;0;0m [48;2;68;42;17m[38;2;235;187;32m▆[48;2;41;19;21m[38;2;210;154;33m▄[48;2;23;9;27m[38;2;223;177;79m▂[48;2;76;59;55m[38;2;217;207;204m▝[48;2;240;214;185m[38;2;0;0;0m [48;2;186;97;79m[38;2;241;188;152m▄[48;2;149;47;32m[38;2;229;122;89m▃[48;2;97;23;36m[38;2;0;0;0m [48;2;90;35;51m[38;2;0;0;0m [48;2;205;170;123m[38;2;94;47;28m▃[48;2;251;221;134m[38;2;253;220;122m╵[48;2;243;210;110m[38;2;252;229;134m▂[48;2;242;217;120m[38;2;248;224;126m▄[48;2;250;239;151m[38;2;226;209;109m▝[48;2;249;228;128m[38;2;247;235;142m▄[48;2;156;108;62m[38;2;241;209;131m▊[48;2;150;103;83m[38;2;60;21;7m▊[48;2;226;170;120m[38;2;176;120;87m▌[48;2;240;200;130m[38;2;0;0;0m [48;2;241;205;136m[38;2;248;210;154m▗[48;2;137;89;77m[38;2;203;157;122m▌[48;2;190;144;94m[38;2;79;31;24m▌[48;2;252;213;77m[38;2;241;198;94m▌[48;2;239;187;36m[38;2;255;220;82m▂[48;2;222;183;92m[38;2;226;209;120m▄[48;2;229;204;130m[38;2;242;231;176m▊[48;2;242;207;130m[38;2;0;0;0m [48;2;228;185;114m[38;2;134;62;27m▂[48;2;153;60;38m[38;2;136;47;30m▄[48;2;191;73;59m[38;2;238;168;133m▗[48;2;243;219;180m[38;2;245;177;142m▘[48;2;245;235;192m[38;2;244;230;180m▊[48;2;232;224;202m[38;2;105;98;106m▗[48;2;28;25;42m[38;2;0;0;0m [48;2;0;0;1m[38;2;0;0;2m▌[48;2;0;0;41m[38;2;0;0;8m▊[48;2;0;1;73m[38;2;0;0;109m▝[48;2;0;1;73m[38;2;0;4;108m▁[48;2;3;38;221m[38;2;0;18;147m▘[48;2;0;10;207m[38;2;0;11;192m▊[48;2;0;6;224m[38;2;0;8;228m▄[48;2;0;3;190m[38;2;0;3;206m▌[48;2;10;30;238m[38;2;0;7;196m▌[48;2;12;52;233m[38;2;9;33;241m▅[48;2;7;29;237m[38;2;2;25;211m╵[48;2;3;16;237m[38;2;4;19;231m▄[48;2;1;23;222m[38;2;0;18;224m▄[48;2;1;38;221m[38;2;1;30;229m▄[48;2;11;75;245m[38;2;8;53;230m▁[48;2;12;102;237m[38;2;20;109;239m▄[48;2;18;119;240m[38;2;0;0;0m [48;2;19;107;228m[38;2;11;89;206m╺[48;2;4;68;225m[38;2;21;96;238m▘[48;2;2;61;229m[38;2;23;87;254m╵[48;2;2;46;219m[38;2;3;46;213m▄[48;2;7;40;230m[38;2;0;27;199m▌[48;2;0;36;224m[38;2;8;49;238m▄[48;2;0;29;221m[38;2;1;34;221m▄[48;2;0;24;209m[38;2;0;21;211m▄[48;2;0;6;158m[38;2;1;3;168m▄[48;2;2;62;208m[38;2;0;21;160m▊[48;2;29;116;249m[38;2;8;73;214m▘[48;2;20;107;244m[38;2;0;0;0m [48;2;10;108;241m[38;2;15;116;245m▄[48;2;6;74;228m[38;2;23;111;248m▌[0m
[48;2;241;175;77m[38;2;235;159;40m▅[48;2;140;72;35m[38;2;227;157;69m▅[48;2;112;52;38m[38;2;207;172;121m▁[48;2;81;23;22m[38;2;39;11;6m▁[48;2;92;20;12m[38;2;127;47;38m╏[48;2;76;19;10m[38;2;101;33;24m▄[48;2;85;51;79m[38;2;126;87;95m▄[48;2;43;31;64m[38;2;102;74;121m▃[48;2;24;11;24m[38;2;89;49;88m▁[48;2;10;3;7m[38;2;0;0;0m [48;2;0;0;0m[38;2;1;0;0m▃[48;2;0;0;0m[38;2;1;0;0m▂[48;2;2;0;1m[38;2;0;0;0m▅[48;2;147;101;68m[38;2;16;6;3m▇[48;2;218;179;81m[38;2;29;17;13m▅[48;2;215;176;53m[38;2;38;26;12m▂[48;2;226;184;45m[38;2;0;0;0m [48;2;238;188;9m[38;2;251;212;83m▁[48;2;239;186;16m[38;2;0;0;0m [48;2;234;192;36m[38;2;248;221;132m▝[48;2;246;209;171m[38;2;248;212;135m▃[48;2;240;168;95m[38;2;253;204;128m▃[48;2;156;74;36m[38;2;216;150;86m▃[48;2;85;22;32m[38;2;121;50;29m▖[48;2;67;29;22m[38;2;48;44;31m╵[48;2;209;145;70m[38;2;127;61;18m▅[48;2;251;228;159m[38;2;212;162;77m▎[48;2;252;249;178m[38;2;244;236;147m▝[48;2;254;241;162m[38;2;249;235;149m│[48;2;254;237;144m[38;2;240;223;121m▌[48;2;201;166;117m[38;2;244;219;140m▊[48;2;52;10;16m[38;2;119;80;50m▎[48;2;171;109;72m[38;2;113;53;43m▎[48;2;225;181;127m[38;2;178;133;89m▁[48;2;234;200;153m[38;2;210;168;120m▗[48;2;149;104;79m[38;2;110;65;58m▗[48;2;185;145;91m[38;2;87;47;39m▊[48;2;254;229;85m[38;2;235;197;97m▌[48;2;254;242;97m[38;2;254;242;66m▌[48;2;245;251;186m[38;2;250;247;135m▎[48;2;178;130;78m[38;2;238;218;166m▎[48;2;177;116;89m[38;2;99;49;43m▅[48;2;137;21;23m[38;2;98;22;22m▊[48;2;210;137;106m[38;2;176;57;46m▊[48;2;248;230;194m[38;2;223;157;129m▘[48;2;246;229;187m[38;2;242;226;171m▝[48;2;215;198;179m[38;2;0;0;0m [48;2;21;14;36m[38;2;129;119;142m▘[48;2;0;0;1m[38;2;0;0;0m▗[48;2;0;0;1m[38;2;0;0;0m▊[48;2;0;1;62m[38;2;0;0;17m▊[48;2;0;0;82m[38;2;0;1;120m▄[48;2;0;11;156m[38;2;0;4;113m▘[48;2;25;60;216m[38;2;12;45;221m▄[48;2;0;5;227m[38;2;0;11;188m▘[48;2;0;5;218m[38;2;0;5;223m▄[48;2;0;8;207m[38;2;0;0;0m [48;2;36;61;255m[38;2;8;33;231m▊[48;2;16;38;237m[38;2;1;21;223m┃[48;2;4;21;235m[38;2;0;0;0m [48;2;2;14;221m[38;2;0;16;216m▄[48;2;4;30;232m[38;2;0;0;0m [48;2;2;27;237m[38;2;1;25;242m▄[48;2;20;76;245m[38;2;0;32;216m▌[48;2;6;78;226m[38;2;23;113;248m▝[48;2;26;116;233m[38;2;58;141;247m╴[48;2;28;111;237m[38;2;35;121;235m▄[48;2;6;92;225m[38;2;19;116;246m▁[48;2;0;53;180m[38;2;6;86;237m▊[48;2;3;40;196m[38;2;8;34;212m▗[48;2;0;20;206m[38;2;4;24;232m╏[48;2;2;45;233m[38;2;3;40;226m▄[48;2;1;38;212m[38;2;3;40;209m▄[48;2;6;30;219m[38;2;4;31;212m▄[48;2;1;11;169m[38;2;0;14;162m▄[48;2;17;108;235m[38;2;1;37;165m▌[48;2;13;106;242m[38;2;46;122;255m│[48;2;17;119;244m[38;2;7;92;231m▌[48;2;8;116;242m[38;2;16;130;248m┛[48;2;0;53;217m[38;2;13;97;246m▌[0m
[48;2;164;93;34m[38;2;51;14;11m▇[48;2;211;139;64m[38;2;90;30;22m▃[48;2;219;162;103m[38;2;157;99;84m▁[48;2;22;4;4m[38;2;149;112;88m▎[48;2;60;11;13m[38;2;8;0;1m▆[48;2;78;22;15m[38;2;25;2;1m▆[48;2;138;96;96m[38;2;90;41;51m▅[48;2;127;88;120m[38;2;131;82;90m▄[48;2;110;62;94m[38;2;125;74;75m▄[48;2;101;64;93m[38;2;163;124;144m▖[48;2;37;16;27m[38;2;104;67;102m▄[48;2;14;3;8m[38;2;81;52;75m▃[48;2;10;3;5m[38;2;49;23;36m▁[48;2;2;0;0m[38;2;14;3;4m▖[48;2;0;0;0m[38;2;1;0;1m▁[48;2;1;0;0m[38;2;0;0;0m▅[48;2;18;8;9m[38;2;0;0;0m [48;2;199;157;81m[38;2;32;19;13m▅[48;2;221;172;60m[38;2;55;35;22m▃[48;2;232;182;45m[38;2;145;104;61m▁[48;2;252;211;137m[38;2;243;193;92m▎[48;2;253;213;138m[38;2;248;208;122m▚[48;2;240;186;98m[38;2;254;209;109m▄[48;2;124;59;29m[38;2;211;153;74m▎[48;2;67;33;31m[38;2;85;26;24m▃[48;2;76;19;35m[38;2;114;26;31m╵[48;2;227;191;105m[38;2;129;70;29m▌[48;2;248;246;174m[38;2;245;228;140m▎[48;2;253;247;171m[38;2;250;237;156m▗[48;2;252;220;129m[38;2;253;232;152m▎[48;2;238;198;120m[38;2;0;0;0m [48;2;42;15;20m[38;2;140;103;67m▌[48;2;62;21;19m[38;2;140;90;67m▝[48;2;175;129;94m[38;2;113;60;55m▆[48;2;124;53;42m[38;2;197;141;112m▘[48;2;101;43;43m[38;2;165;101;85m▘[48;2;173;139;88m[38;2;69;31;28m▊[48;2;237;211;99m[38;2;0;0;0m [48;2;254;248;130m[38;2;255;241;96m▌[48;2;221;199;126m[38;2;251;247;167m▊[48;2;169;132;78m[38;2;211;175;114m┏[48;2;88;43;37m[38;2;0;0;0m [48;2;145;45;44m[38;2;146;57;44m▄[48;2;234;200;183m[38;2;163;51;58m▘[48;2;241;228;179m[38;2;240;240;194m▌[48;2;243;223;191m[38;2;0;0;0m [48;2;46;36;41m[38;2;201;181;175m▘[48;2;0;0;3m[38;2;14;6;27m▘[48;2;0;0;0m[38;2;0;0;1m [48;2;0;0;12m[38;2;0;0;0m [48;2;0;1;74m[38;2;0;5;150m▗[48;2;0;4;147m[38;2;0;6;164m▆[48;2;13;37;220m[38;2;0;12;171m▊[48;2;8;38;235m[38;2;52;85;252m╸[48;2;0;7;224m[38;2;0;5;237m▗[48;2;0;11;206m[38;2;0;7;228m▌[48;2;49;94;254m[38;2;7;26;217m▊[48;2;1;42;232m[38;2;25;75;245m▎[48;2;4;24;233m[38;2;1;20;230m▄[48;2;0;13;227m[38;2;6;18;228m▄[48;2;2;18;218m[38;2;0;0;0m [48;2;7;37;238m[38;2;0;31;221m╶[48;2;2;29;243m[38;2;0;25;219m▎[48;2;2;47;238m[38;2;3;46;224m⎺[48;2;10;76;240m[38;2;0;0;0m [48;2;41;122;230m[38;2;3;78;216m▊[48;2;32;125;225m[38;2;41;142;233m▄[48;2;9;107;226m[38;2;22;133;246m▎[48;2;4;64;221m[38;2;23;98;239m▘[48;2;30;74;231m[38;2;8;45;180m┃[48;2;12;40;211m[38;2;0;0;0m [48;2;0;29;222m[38;2;4;26;225m▄[48;2;2;36;214m[38;2;1;29;178m┗[48;2;0;17;161m[38;2;8;36;215m▊[48;2;0;17;161m[38;2;1;24;174m▄[48;2;30;108;245m[38;2;22;99;235m▄[48;2;17;103;245m[38;2;0;0;0m [48;2;10;110;243m[38;2;6;109;244m▄[48;2;16;111;247m[38;2;11;98;244m▄[48;2;1;51;219m[38;2;11;84;244m▎[0m
[48;2;1;0;0m[38;2;0;0;0m━[48;2;38;9;9m[38;2;3;0;0m▆[48;2;47;23;23m[38;2;0;0;0m [48;2;15;6;7m[38;2;0;0;0m [48;2;1;0;0m[38;2;0;0;0m▌[48;2;50;2;0m[38;2;14;0;0m▌[48;2;125;59;36m[38;2;214;143;86m┏[48;2;114;59;36m[38;2;211;165;77m▂[48;2;131;84;65m[38;2;117;64;54m▇[48;2;154;104;84m[38;2;205;153;133m▎[48;2;136;98;112m[38;2;164;112;85m▄[48;2;122;89;109m[38;2;149;101;92m▄[48;2;101;61;76m[38;2;157;111;111m▂[48;2;61;30;38m[38;2;121;76;83m▃[48;2;25;6;12m[38;2;111;68;77m▁[48;2;7;1;3m[38;2;45;14;22m▂[48;2;0;0;0m[38;2;1;0;0m▅[48;2;0;0;0m[38;2;1;0;0m▁[48;2;1;0;2m[38;2;0;0;0m [48;2;93;60;47m[38;2;13;5;12m▇[48;2;176;154;131m[38;2;46;25;28m▌[48;2;250;227;146m[38;2;245;225;168m▎[48;2;254;219;109m[38;2;254;225;137m▌[48;2;143;74;21m[38;2;237;184;82m▊[48;2;92;41;28m[38;2;96;29;19m▊[48;2;66;16;48m[38;2;71;25;59m▊[48;2;147;97;22m[38;2;90;40;16m▊[48;2;253;236;157m[38;2;213;171;83m▌[48;2;252;243;162m[38;2;254;232;145m▂[48;2;253;226;134m[38;2;253;212;129m▇[48;2;232;184;90m[38;2;252;203;118m▊[48;2;198;148;87m[38;2;0;0;0m [48;2;78;36;28m[38;2;198;143;108m▂[48;2;104;60;45m[38;2;188;137;118m━[48;2;103;51;37m[38;2;210;153;136m━[48;2;151;101;99m[38;2;106;64;51m▄[48;2;229;198;126m[38;2;134;95;70m▌[48;2;251;233;119m[38;2;254;238;128m▖[48;2;254;246;117m[38;2;254;243;132m▅[48;2;192;149;82m[38;2;236;210;123m▊[48;2;175;141;103m[38;2;91;42;30m▄[48;2;159;68;63m[38;2;80;28;26m▎[48;2;204;145;132m[38;2;142;45;35m▊[48;2;243;224;197m[38;2;244;230;200m▄[48;2;240;222;179m[38;2;241;221;179m▄[48;2;66;55;50m[38;2;198;180;154m▊[48;2;8;5;7m[38;2;0;0;0m [48;2;0;0;0m[38;2;0;0;1m [48;2;0;0;1m[38;2;0;0;0m▌[48;2;1;5;94m[38;2;0;0;26m▊[48;2;2;3;156m[38;2;0;0;0m [48;2;0;7;147m[38;2;0;3;162m▌[48;2;0;7;167m[38;2;1;12;217m▝[48;2;2;20;234m[38;2;0;6;209m▂[48;2;0;5;220m[38;2;0;14;236m▘[48;2;0;8;203m[38;2;0;0;214m▘[48;2;28;93;247m[38;2;6;39;213m▌[48;2;6;49;225m[38;2;29;94;250m▎[48;2;8;31;237m[38;2;8;26;231m▄[48;2;12;31;231m[38;2;5;24;206m━[48;2;0;23;213m[38;2;3;29;227m▄[48;2;5;31;238m[38;2;0;0;0m [48;2;0;25;227m[38;2;2;24;235m▄[48;2;6;42;242m[38;2;0;0;0m [48;2;2;50;233m[38;2;0;0;0m [48;2;90;159;241m[38;2;17;79;204m▊[48;2;36;139;231m[38;2;0;0;0m [48;2;14;116;237m[38;2;32;132;243m┓[48;2;9;72;217m[38;2;5;75;220m▄[48;2;27;87;218m[38;2;8;59;168m┃[48;2;9;47;212m[38;2;57;111;240m▌[48;2;0;18;204m[38;2;0;24;201m▄[48;2;2;31;201m[38;2;11;44;226m▘[48;2;3;25;195m[38;2;0;20;178m▅[48;2;2;43;189m[38;2;21;86;224m▂[48;2;25;100;234m[38;2;73;154;252m▖[48;2;16;99;237m[38;2;9;87;238m▄[48;2;9;113;251m[38;2;8;103;252m▇[48;2;9;96;252m[38;2;5;81;248m▄[48;2;5;61;231m[38;2;1;60;220m▄[0m
[48;2;57;34;45m[38;2;130;79;90m▅[48;2;10;2;5m[38;2;94;52;72m▃[48;2;0;0;0m[38;2;1;0;0m▃[48;2;0;0;0m[38;2;1;0;2m [48;2;0;0;0m[38;2;1;0;0m▝[48;2;14;0;2m[38;2;44;2;3m▝[48;2;93;41;22m[38;2;226;162;85m▝[48;2;231;166;69m[38;2;157;71;26m▁[48;2;146;86;45m[38;2;235;164;55m▆[48;2;144;80;30m[38;2;238;169;81m▄[48;2;166;95;47m[38;2;150;79;26m▄[48;2;186;117;76m[38;2;103;43;20m▁[48;2;147;95;74m[38;2;184;121;76m▄[48;2;155;100;70m[38;2;178;116;66m┏[48;2;126;74;67m[38;2;174;118;71m▄[48;2;76;33;34m[38;2;124;75;68m▅[48;2;100;62;59m[38;2;175;138;135m▂[48;2;27;16;15m[38;2;190;173;160m▃[48;2;12;9;8m[38;2;182;162;149m▅[48;2;69;41;44m[38;2;165;143;131m━[48;2;71;60;53m[38;2;88;46;49m▄[48;2;245;232;162m[38;2;237;226;178m▊[48;2;251;231;144m[38;2;252;224;109m▝[48;2;236;189;72m[38;2;245;191;97m╺[48;2;103;45;24m[38;2;194;130;70m▖[48;2;87;26;42m[38;2;90;40;34m▄[48;2;79;23;31m[38;2;0;0;0m [48;2;226;177;97m[38;2;117;60;22m▎[48;2;243;206;98m[38;2;254;228;134m▊[48;2;249;196;102m[38;2;237;188;63m▆[48;2;219;160;63m[38;2;242;183;75m▊[48;2;209;146;63m[38;2;236;180;98m━[48;2;236;185;135m[38;2;193;121;50m▂[48;2;136;99;62m[38;2;225;177;113m▇[48;2;138;99;61m[38;2;224;179;112m▇[48;2;230;187;101m[38;2;231;199;140m▝[48;2;253;229;143m[38;2;252;223;112m▅[48;2;254;237;109m[38;2;254;237;97m┫[48;2;254;236;130m[38;2;254;233;108m▖[48;2;60;35;12m[38;2;220;193;128m▊[48;2;118;34;45m[38;2;67;16;22m▊[48;2;125;28;33m[38;2;146;53;48m▗[48;2;250;219;198m[38;2;165;89;77m▌[48;2;232;221;180m[38;2;248;230;199m▌[48;2;228;201;171m[38;2;243;221;179m▊[48;2;53;44;44m[38;2;191;171;156m▎[48;2;2;1;5m[38;2;21;15;24m▎[48;2;0;0;0m[38;2;0;0;1m▄[48;2;0;0;2m[38;2;0;0;9m▗[48;2;0;2;63m[38;2;0;0;20m▊[48;2;0;0;169m[38;2;0;1;118m▌[48;2;0;4;170m[38;2;0;1;192m▌[48;2;0;2;155m[38;2;0;2;143m▃[48;2;0;2;211m[38;2;0;0;172m▌[48;2;0;4;207m[38;2;0;5;238m▌[48;2;2;23;231m[38;2;0;6;206m▊[48;2;6;53;221m[38;2;78;131;255m│[48;2;14;63;230m[38;2;0;0;0m [48;2;7;30;241m[38;2;2;26;223m▂[48;2;1;18;217m[38;2;2;23;233m▄[48;2;3;28;231m[38;2;0;0;0m [48;2;3;24;236m[38;2;1;21;230m▄[48;2;0;20;235m[38;2;0;20;238m▄[48;2;7;38;238m[38;2;1;27;226m▄[48;2;4;44;218m[38;2;8;42;221m▄[48;2;12;74;196m[38;2;47;123;229m┗[48;2;25;125;231m[38;2;0;0;0m [48;2;25;135;246m[38;2;25;130;247m▄[48;2;17;84;225m[38;2;0;0;0m [48;2;31;91;207m[38;2;24;85;208m▄[48;2;18;60;212m[38;2;72;129;242m▌[48;2;0;25;208m[38;2;0;24;193m▊[48;2;6;27;204m[38;2;19;40;214m▝[48;2;2;24;171m[38;2;0;21;159m▄[48;2;57;140;247m[38;2;15;73;200m▎[48;2;13;86;232m[38;2;58;144;250m▎[48;2;13;84;245m[38;2;6;72;243m▄[48;2;13;104;247m[38;2;6;107;248m▄[48;2;4;83;243m[38;2;5;105;245m▖[48;2;3;71;235m[38;2;6;68;233m▄[0m
[48;2;111;53;58m[38;2;91;35;34m▄[48;2;135;86;95m[38;2;117;68;55m▃[48;2;58;33;65m[38;2;129;94;115m▅[48;2;10;2;7m[38;2;43;24;44m▎[48;2;0;0;0m[38;2;38;18;21m [48;2;0;0;0m[38;2;1;0;0m▄[48;2;59;10;14m[38;2;14;1;2m▆[48;2;111;35;9m[38;2;59;10;15m▆[48;2;215;123;42m[38;2;105;28;17m▄[48;2;232;156;44m[38;2;180;89;30m▂[48;2;236;180;85m[38;2;227;156;34m▅[48;2;115;53;18m[38;2;224;161;55m▆[48;2;174;94;45m[38;2;165;113;52m▄[48;2;200;120;74m[38;2;73;25;9m▃[48;2;184;129;85m[38;2;134;90;87m▄[48;2;198;169;174m[38;2;120;83;79m▘[48;2;211;183;180m[38;2;98;63;61m▗[48;2;200;179;172m[38;2;98;51;68m▅[48;2;88;40;60m[38;2;0;0;0m [48;2;86;34;63m[38;2;72;22;58m┏[48;2;100;57;70m[38;2;0;0;0m [48;2;220;202;164m[38;2;144;112;94m▎[48;2;253;234;158m[38;2;249;226;158m▄[48;2;247;199;104m[38;2;232;177;76m┣[48;2;115;57;39m[38;2;229;165;98m▌[48;2;89;38;41m[38;2;94;37;61m▄[48;2;76;19;60m[38;2;75;21;31m▎[48;2;101;56;38m[38;2;229;190;127m▝[48;2;245;218;129m[38;2;254;236;162m▚[48;2;252;221;119m[38;2;240;197;80m▝[48;2;244;191;84m[38;2;253;209;116m▃[48;2;223;156;71m[38;2;247;206;128m▂[48;2;205;135;57m[38;2;246;210;147m▂[48;2;210;140;54m[38;2;246;204;127m▂[48;2;233;164;66m[38;2;244;196;88m▃[48;2;224;170;42m[38;2;248;202;84m▂[48;2;245;207;74m[38;2;252;216;87m┃[48;2;252;223;98m[38;2;252;224;80m▊[48;2;254;231;141m[38;2;253;228;109m▘[48;2;108;59;32m[38;2;214;164;104m▊[48;2;120;42;59m[38;2;62;21;18m▊[48;2;135;52;56m[38;2;177;110;99m▗[48;2;244;226;199m[38;2;175;128;104m▎[48;2;238;216;179m[38;2;245;223;196m▌[48;2;235;217;185m[38;2;0;0;0m [48;2;12;7;16m[38;2;118;107;109m▎[48;2;0;0;1m[38;2;0;0;0m▄[48;2;0;0;0m[38;2;0;0;1m [48;2;0;0;1m[38;2;0;0;9m▝[48;2;0;1;68m[38;2;0;0;22m▊[48;2;0;1;166m[38;2;0;1;116m▌[48;2;0;4;191m[38;2;0;4;166m▇[48;2;0;3;139m[38;2;0;0;0m [48;2;0;2;209m[38;2;0;0;168m▌[48;2;0;8;205m[38;2;2;9;240m▌[48;2;0;7;208m[38;2;0;5;209m▄[48;2;5;30;216m[38;2;60;112;255m▝[48;2;15;56;238m[38;2;0;0;0m [48;2;3;23;234m[38;2;0;18;209m╸[48;2;0;15;220m[38;2;3;19;236m▌[48;2;5;25;234m[38;2;1;16;228m▄[48;2;3;21;241m[38;2;1;14;240m▄[48;2;0;20;232m[38;2;2;21;236m▄[48;2;9;33;240m[38;2;0;21;213m│[48;2;5;27;224m[38;2;0;18;201m▚[48;2;11;64;213m[38;2;0;0;0m [48;2;15;108;235m[38;2;6;92;225m▄[48;2;10;97;235m[38;2;31;127;247m▊[48;2;18;90;233m[38;2;0;0;0m [48;2;24;103;216m[38;2;38;116;223m▄[48;2;31;80;235m[38;2;65;134;243m▌[48;2;3;23;208m[38;2;1;22;189m▄[48;2;8;29;201m[38;2;3;19;178m▆[48;2;2;30;154m[38;2;28;65;217m┃[48;2;71;136;241m[38;2;43;111;234m▅[48;2;10;73;242m[38;2;35;117;249m▌[48;2;4;78;242m[38;2;1;56;236m▊[48;2;6;117;245m[38;2;4;92;241m▎[48;2;2;98;243m[38;2;10;131;252m▌[48;2;6;62;241m[38;2;4;84;241m▎[0m
[48;2;119;41;24m[38;2;192;71;14m▄[48;2;108;32;24m[38;2;0;0;0m [48;2;130;81;91m[38;2;99;47;53m▄[48;2;62;23;25m[38;2;65;21;19m▄[48;2;39;14;13m[38;2;90;28;16m▆[48;2;33;6;4m[38;2;94;31;19m▃[48;2;14;1;2m[38;2;60;23;24m▁[48;2;7;1;2m[38;2;0;0;0m [48;2;63;11;17m[38;2;18;2;2m▆[48;2;73;19;13m[38;2;0;0;0m [48;2;211;119;48m[38;2;86;28;19m▄[48;2;216;139;39m[38;2;134;52;21m▁[48;2;236;194;93m[38;2;212;146;44m▆[48;2;121;86;52m[38;2;215;183;112m▇[48;2;191;160;147m[38;2;118;84;72m▚[48;2;177;147;145m[38;2;99;55;46m▆[48;2;80;32;50m[38;2;0;0;0m [48;2;83;30;64m[38;2;80;47;92m▂[48;2;82;35;60m[38;2;80;47;82m▃[48;2;81;37;61m[38;2;78;36;66m▄[48;2;73;36;50m[38;2;72;20;49m▄[48;2;232;208;175m[38;2;125;93;81m▌[48;2;249;224;162m[38;2;253;226;173m▄[48;2;237;190;105m[38;2;238;196;117m▄[48;2;87;34;24m[38;2;216;164;104m▊[48;2;91;34;67m[38;2;87;37;64m▄[48;2;68;27;35m[38;2;74;34;60m▂[48;2;76;31;54m[38;2;65;29;22m▝[48;2;198;175;133m[38;2;116;82;47m▎[48;2;247;232;162m[38;2;223;191;142m▁[48;2;249;219;126m[38;2;252;230;148m▄[48;2;254;227;153m[38;2;248;217;111m▆[48;2;248;215;139m[38;2;251;210;101m▂[48;2;247;215;144m[38;2;253;221;148m▄[48;2;247;218;123m[38;2;254;224;144m▄[48;2;252;215;113m[38;2;249;214;124m▄[48;2;219;179;62m[38;2;245;217;111m▆[48;2;251;227;141m[38;2;237;203;85m▘[48;2;218;180;127m[38;2;0;0;0m [48;2;166;103;74m[38;2;101;40;43m▅[48;2;59;27;58m[38;2;78;47;65m▎[48;2;180;141;114m[38;2;122;70;64m▊[48;2;239;217;188m[38;2;191;162;129m▎[48;2;227;197;159m[38;2;242;214;184m▌[48;2;207;193;191m[38;2;235;212;183m▊[48;2;11;10;36m[38;2;151;144;171m▎[48;2;0;0;0m[38;2;0;0;1m▊[48;2;0;0;0m[38;2;0;0;0m [48;2;0;0;1m[38;2;0;0;0m▎[48;2;0;0;84m[38;2;0;0;38m▊[48;2;0;1;162m[38;2;0;0;122m▌[48;2;0;4;172m[38;2;0;4;184m▂[48;2;0;0;170m[38;2;0;2;156m▘[48;2;0;4;221m[38;2;0;1;183m▊[48;2;0;8;215m[38;2;11;17;253m▌[48;2;0;5;206m[38;2;0;9;197m▄[48;2;4;27;211m[38;2;0;0;0m [48;2;23;65;237m[38;2;12;52;230m▄[48;2;3;24;230m[38;2;0;0;0m [48;2;0;10;210m[38;2;7;24;233m▌[48;2;4;15;241m[38;2;0;0;0m [48;2;0;12;236m[38;2;2;15;240m▄[48;2;2;18;237m[38;2;0;15;240m▄[48;2;0;17;220m[38;2;0;18;232m┏[48;2;0;24;204m[38;2;0;22;228m▌[48;2;20;67;226m[38;2;70;124;239m▗[48;2;9;88;218m[38;2;4;71;197m▄[48;2;27;111;236m[38;2;26;106;241m▄[48;2;31;99;231m[38;2;21;75;189m╴[48;2;45;128;227m[38;2;17;90;216m▎[48;2;35;103;219m[38;2;48;115;228m▄[48;2;5;32;191m[38;2;25;60;219m▖[48;2;0;19;189m[38;2;0;22;175m▇[48;2;51;98;220m[38;2;15;55;217m▊[48;2;57;128;251m[38;2;7;69;200m▌[48;2;6;53;234m[38;2;12;82;237m▌[48;2;3;65;244m[38;2;1;39;229m▌[48;2;7;122;251m[38;2;6;92;247m▎[48;2;3;103;247m[38;2;5;125;250m▊[48;2;13;85;246m[38;2;3;62;237m▗[0m
[48;2;215;113;35m[38;2;0;0;0m [48;2;208;90;25m[38;2;0;0;0m [48;2;99;26;27m[38;2;175;68;34m▃[48;2;44;12;14m[38;2;25;1;2m▆[48;2;95;22;17m[38;2;37;2;4m▖[48;2;115;33;18m[38;2;125;31;17m▄[48;2;104;65;82m[38;2;93;44;34m▊[48;2;71;45;77m[38;2;128;92;142m▃[48;2;33;15;28m[38;2;92;65;102m▃[48;2;19;6;9m[38;2;0;0;0m [48;2;15;1;1m[38;2;0;0;0m [48;2;108;35;23m[38;2;35;7;9m▅[48;2;163;84;42m[38;2;122;54;40m▄[48;2;209;158;114m[38;2;134;82;55m▗[48;2;89;38;42m[38;2;0;0;0m [48;2;74;21;40m[38;2;69;24;58m▄[48;2;76;37;86m[38;2;70;27;62m▌[48;2;78;46;97m[38;2;91;60;112m┃[48;2;75;42;87m[38;2;73;25;82m▗[48;2;71;23;70m[38;2;75;33;74m┗[48;2;61;23;38m[38;2;73;31;66m▊[48;2;218;189;162m[38;2;97;64;60m▎[48;2;249;226;168m[38;2;251;230;184m▌[48;2;245;196;125m[38;2;243;211;147m▎[48;2;125;71;46m[38;2;226;174;125m▊[48;2;83;33;69m[38;2;89;33;36m▌[48;2;74;33;61m[38;2;66;22;36m▗[48;2;94;35;48m[38;2;79;33;52m▊[48;2;130;64;56m[38;2;105;45;32m│[48;2;195;144;107m[38;2;124;49;34m▆[48;2;242;185;143m[38;2;101;24;18m▄[48;2;242;212;145m[38;2;151;56;31m▃[48;2;250;219;134m[38;2;204;82;29m▂[48;2;248;218;137m[38;2;230;131;73m▁[48;2;253;217;141m[38;2;245;170;103m▁[48;2;247;212;128m[38;2;254;213;145m▅[48;2;251;216;145m[38;2;225;147;76m▁[48;2;216;169;126m[38;2;163;74;39m▃[48;2;138;49;44m[38;2;0;0;0m [48;2;101;43;63m[38;2;111;29;34m▌[48;2;57;17;53m[38;2;77;42;76m▊[48;2;76;32;42m[38;2;0;0;0m [48;2;231;195;161m[38;2;166;124;106m▖[48;2;229;194;141m[38;2;251;218;180m▌[48;2;198;174;159m[38;2;226;197;153m▊[48;2;32;23;53m[38;2;184;164;181m▎[48;2;0;0;4m[38;2;0;0;20m▖[48;2;0;0;0m[38;2;0;0;0m [48;2;0;0;1m[38;2;0;0;0m▌[48;2;0;2;117m[38;2;0;0;47m▊[48;2;0;4;149m[38;2;0;3;127m┛[48;2;0;6;182m[38;2;0;6;169m▎[48;2;0;4;182m[38;2;0;7;199m▂[48;2;0;4;180m[38;2;0;3;197m▝[48;2;11;22;238m[38;2;0;10;209m▖[48;2;0;12;203m[38;2;12;24;225m▁[48;2;0;14;199m[38;2;0;7;177m▄[48;2;17;40;238m[38;2;0;0;0m [48;2;8;28;224m[38;2;6;24;239m▇[48;2;3;16;233m[38;2;4;18;236m▄[48;2;3;12;237m[38;2;2;12;234m▄[48;2;0;10;236m[38;2;0;9;234m▄[48;2;0;13;241m[38;2;0;12;231m▚[48;2;0;15;230m[38;2;1;16;234m▄[48;2;7;23;233m[38;2;0;0;0m [48;2;11;44;215m[38;2;0;0;0m [48;2;3;70;212m[38;2;11;75;233m▆[48;2;15;92;233m[38;2;11;83;215m╏[48;2;20;87;228m[38;2;0;0;0m [48;2;48;131;229m[38;2;24;94;216m▎[48;2;37;94;214m[38;2;73;147;240m▊[48;2;20;53;211m[38;2;28;74;219m▄[48;2;9;50;213m[38;2;2;34;181m▊[48;2;73;125;250m[38;2;24;69;212m▊[48;2;33;93;229m[38;2;0;41;143m│[48;2;6;64;233m[38;2;12;83;237m▌[48;2;9;54;233m[38;2;14;69;242m▄[48;2;3;96;245m[38;2;0;61;236m▖[48;2;10;119;252m[38;2;3;101;241m▝[48;2;7;72;242m[38;2;11;79;245m▄[0m
[48;2;23;6;3m[38;2;0;0;0m [48;2;196;113;61m[38;2;48;14;5m▄[48;2;213;104;52m[38;2;154;81;44m⎽[48;2;13;0;0m[38;2;123;53;30m▎[48;2;12;0;1m[38;2;0;0;0m [48;2;115;36;22m[38;2;72;23;22m▄[48;2;110;39;20m[38;2;153;68;29m╸[48;2;134;87;114m[38;2;139;74;65m▃[48;2;116;84;115m[38;2;0;0;0m [48;2;81;58;85m[38;2;103;85;121m▄[48;2;31;16;25m[38;2;106;78;111m▄[48;2;33;12;16m[38;2;128;91;99m▁[48;2;63;32;25m[38;2;185;158;143m▗[48;2;80;39;45m[38;2;155;120;107m▌[48;2;80;31;71m[38;2;0;0;0m [48;2;75;30;76m[38;2;82;48;92m▗[48;2;78;44;100m[38;2;83;55;114m▁[48;2;97;65;125m[38;2;86;65;133m▄[48;2;73;37;84m[38;2;73;42;93m▄[48;2;70;29;61m[38;2;76;35;77m▌[48;2;59;33;34m[38;2;68;35;55m▊[48;2;239;220;193m[38;2;137;108;99m▎[48;2;248;238;188m[38;2;0;0;0m [48;2;234;179;113m[38;2;244;218;158m▌[48;2;139;71;45m[38;2;224;162;116m▊[48;2;95;38;58m[38;2;102;38;31m▎[48;2;61;18;39m[38;2;79;28;65m▎[48;2;57;23;26m[38;2;73;27;39m▝[48;2;110;69;57m[38;2;63;24;40m▃[48;2;119;52;37m[38;2;183;104;75m▗[48;2;112;29;22m[38;2;196;112;68m▅[48;2;121;24;11m[38;2;209;114;56m▁[48;2;173;20;3m[38;2;185;37;17m▄[48;2;192;39;14m[38;2;174;21;7m▄[48;2;203;54;18m[38;2;159;20;6m━[48;2;239;127;73m[38;2;206;59;15m▅[48;2;224;128;71m[38;2;195;67;16m▅[48;2;196;85;42m[38;2;216;100;48m▄[48;2;136;51;45m[38;2;184;85;62m▊[48;2;112;37;40m[38;2;135;73;80m▗[48;2;85;36;64m[38;2;0;0;0m [48;2;62;23;50m[38;2;66;21;52m▄[48;2;215;173;139m[38;2;118;76;58m▊[48;2;249;210;173m[38;2;238;197;142m▇[48;2;188;146;107m[38;2;232;190;127m▊[48;2;67;37;78m[38;2;186;141;143m▌[48;2;0;0;21m[38;2;4;1;48m▌[48;2;0;0;1m[38;2;0;0;0m▝[48;2;0;0;1m[38;2;0;0;0m▘[48;2;1;1;113m[38;2;1;0;37m▌[48;2;0;1;136m[38;2;1;0;92m▗[48;2;0;3;150m[38;2;0;0;69m▃[48;2;0;7;176m[38;2;0;1;96m▄[48;2;0;1;149m[38;2;0;0;54m▃[48;2;2;10;186m[38;2;0;0;66m▄[48;2;5;9;202m[38;2;1;0;112m▂[48;2;0;7;191m[38;2;2;8;218m▎[48;2;4;13;231m[38;2;0;3;179m▖[48;2;2;13;239m[38;2;0;0;0m [48;2;0;14;225m[38;2;5;25;245m▘[48;2;3;15;233m[38;2;7;22;234m▄[48;2;5;14;242m[38;2;0;10;222m▆[48;2;1;12;226m[38;2;0;10;238m▘[48;2;1;16;225m[38;2;0;14;233m▄[48;2;8;26;220m[38;2;21;46;236m╴[48;2;9;32;227m[38;2;27;46;241m▘[48;2;11;51;227m[38;2;6;52;208m┗[48;2;13;78;214m[38;2;9;56;212m▄[48;2;24;73;225m[38;2;0;0;0m [48;2;24;86;217m[38;2;41;121;220m▝[48;2;63;135;231m[38;2;72;142;240m▄[48;2;35;95;206m[38;2;9;47;141m╶[48;2;27;73;209m[38;2;34;92;228m▄[48;2;30;84;222m[38;2;13;80;225m▄[48;2;27;81;236m[38;2;1;52;195m╵[48;2;26;101;236m[38;2;24;110;232m▄[48;2;21;114;246m[38;2;3;57;221m▝[48;2;6;86;246m[38;2;4;63;239m▊[48;2;10;110;250m[38;2;6;90;244m▃[48;2;3;62;245m[38;2;3;81;243m▎[0m
[48;2;0;0;0m[38;2;2;0;1m [48;2;23;2;0m[38;2;0;0;0m▆[48;2;129;77;64m[38;2;21;9;12m▇[48;2;19;9;9m[38;2;0;0;0m [48;2;1;0;0m[38;2;0;0;0m▖[48;2;36;2;4m[38;2;93;18;18m▁[48;2;85;18;17m[38;2;69;5;7m▃[48;2;132;60;55m[38;2;96;31;24m▅[48;2;141;70;74m[38;2;148;74;54m▄[48;2;130;86;95m[38;2;146;84;62m▄[48;2;104;68;91m[38;2;150;101;100m▄[48;2;124;83;83m[38;2;114;67;51m▄[48;2;220;191;163m[38;2;113;71;46m▎[48;2;65;25;20m[38;2;124;96;70m▎[48;2;70;27;64m[38;2;70;22;35m▌[48;2;75;45;93m[38;2;63;41;88m▄[48;2;77;58;127m[38;2;62;36;101m▊[48;2;77;61;127m[38;2;74;59;121m▄[48;2;73;32;86m[38;2;66;34;91m▌[48;2;71;29;70m[38;2;56;20;43m▗[48;2;56;25;31m[38;2;57;28;51m▘[48;2;231;190;164m[38;2;142;101;90m▎[48;2;251;230;185m[38;2;233;195;153m▖[48;2;229;165;117m[38;2;247;214;167m▌[48;2;176;106;83m[38;2;235;167;134m▊[48;2;86;29;42m[38;2;130;67;58m▌[48;2;70;22;56m[38;2;81;27;73m▘[48;2;52;23;30m[38;2;56;20;41m▎[48;2;59;24;38m[38;2;56;24;32m▄[48;2;176;133;109m[38;2;93;45;41m▊[48;2;237;209;169m[38;2;224;175;126m▘[48;2;253;218;151m[38;2;254;185;104m▝[48;2;240;130;46m[38;2;247;187;92m▆[48;2;239;105;21m[38;2;253;183;79m▆[48;2;246;105;22m[38;2;254;187;87m▆[48;2;247;137;51m[38;2;248;182;76m▄[48;2;249;154;80m[38;2;249;185;80m▅[48;2;242;156;79m[38;2;241;167;68m▄[48;2;118;45;23m[38;2;197;125;62m▌[48;2;91;30;45m[38;2;115;37;40m▌[48;2;64;24;64m[38;2;78;30;65m▊[48;2;70;18;46m[38;2;67;22;59m▌[48;2;77;31;30m[38;2;0;0;0m [48;2;216;178;131m[38;2;0;0;0m [48;2;243;201;119m[38;2;255;216;142m╺[48;2;204;155;141m[38;2;207;157;112m▇[48;2;31;16;40m[38;2;136;117;117m▎[48;2;1;0;17m[38;2;24;11;55m▃[48;2;1;0;31m[38;2;15;11;63m▂[48;2;0;0;28m[38;2;2;0;51m╸[48;2;0;0;64m[38;2;2;2;38m▆[48;2;0;0;26m[38;2;0;0;8m▇[48;2;0;0;32m[38;2;0;0;9m▇[48;2;0;0;44m[38;2;0;3;131m▗[48;2;0;1;53m[38;2;0;7;144m▃[48;2;0;2;159m[38;2;0;0;91m▊[48;2;0;11;196m[38;2;8;17;207m▄[48;2;0;11;196m[38;2;8;31;232m▃[48;2;2;8;226m[38;2;7;18;219m▄[48;2;0;7;222m[38;2;0;2;200m▄[48;2;0;14;233m[38;2;0;7;203m▇[48;2;0;11;225m[38;2;0;10;226m▄[48;2;0;11;217m[38;2;0;10;225m▄[48;2;2;17;226m[38;2;0;13;217m▄[48;2;0;18;218m[38;2;7;28;237m▊[48;2;0;22;212m[38;2;6;29;238m▊[48;2;4;33;222m[38;2;0;22;185m▗[48;2;2;46;217m[38;2;4;40;213m▄[48;2;8;56;208m[38;2;12;61;221m▄[48;2;17;74;216m[38;2;9;56;187m│[48;2;46;124;234m[38;2;95;160;255m╴[48;2;32;106;208m[38;2;51;124;230m▄[48;2;22;80;221m[38;2;27;79;217m▄[48;2;30;96;233m[38;2;8;68;188m╹[48;2;0;45;186m[38;2;24;78;224m▊[48;2;18;107;236m[38;2;15;91;232m▄[48;2;19;130;245m[38;2;39;150;253m╵[48;2;4;86;234m[38;2;20;114;248m▎[48;2;7;96;245m[38;2;10;96;247m▄[48;2;10;76;251m[38;2;4;59;250m┃[0m
[48;2;0;0;0m[38;2;5;2;3m▃[48;2;0;0;0m[38;2;0;0;0m [48;2;0;0;0m[38;2;0;0;0m [48;2;0;0;0m[38;2;0;0;0m [48;2;1;0;0m[38;2;0;0;0m▌[48;2;106;13;7m[38;2;36;0;0m▎[48;2;157;41;21m[38;2;129;13;7m▌[48;2;101;19;7m[38;2;215;108;30m▄[48;2;143;55;18m[38;2;227;127;29m▖[48;2;135;55;25m[38;2;0;0;0m [48;2;146;86;66m[38;2;140;67;47m▄[48;2;162;109;80m[38;2;159;86;61m▄[48;2;214;188;146m[38;2;149;103;60m▎[48;2;69;27;30m[38;2;129;105;65m▎[48;2;47;21;62m[38;2;56;20;38m▌[48;2;59;30;87m[38;2;44;23;78m▎[48;2;84;43;100m[38;2;118;69;109m▗[48;2;63;42;95m[38;2;98;63;113m▖[48;2;55;24;65m[38;2;67;33;83m▌[48;2;50;18;32m[38;2;54;23;55m▎[48;2;61;17;25m[38;2;52;20;19m▌[48;2;214;151;130m[38;2;111;56;52m▎[48;2;247;203;161m[38;2;239;201;157m▄[48;2;235;179;140m[38;2;200;111;81m▗[48;2;168;86;63m[38;2;0;0;0m [48;2;100;37;31m[38;2;177;101;87m▎[48;2;60;19;31m[38;2;78;22;32m▌[48;2;50;21;24m[38;2;55;18;41m▝[48;2;57;18;24m[38;2;0;0;0m [48;2;53;18;32m[38;2;59;18;44m┗[48;2;189;163;146m[38;2;91;52;51m▆[48;2;234;208;163m[38;2;179;148;123m▁[48;2;248;236;161m[38;2;225;183;79m▝[48;2;244;189;74m[38;2;238;189;92m▃[48;2;251;197;80m[38;2;243;184;78m▄[48;2;238;167;48m[38;2;244;176;58m▄[48;2;240;174;62m[38;2;231;162;55m▄[48;2;173;90;45m[38;2;230;146;70m▊[48;2;104;38;28m[38;2;135;61;22m▘[48;2;78;27;58m[38;2;96;32;41m▘[48;2;58;25;64m[38;2;57;17;68m▄[48;2;65;17;43m[38;2;55;17;50m▆[48;2;60;20;38m[38;2;67;28;48m▝[48;2;201;176;147m[38;2;89;54;46m▊[48;2;202;173;128m[38;2;244;223;185m▌[48;2;215;179;149m[38;2;99;58;55m▗[48;2;74;28;46m[38;2;0;0;0m [48;2;68;27;48m[38;2;70;24;48m▄[48;2;63;38;76m[38;2;77;41;36m▄[48;2;30;25;63m[38;2;153;130;112m▅[48;2;40;40;88m[38;2;124;111;104m▁[48;2;0;1;47m[38;2;23;29;120m▄[48;2;0;0;26m[38;2;0;1;69m▖[48;2;0;1;55m[38;2;0;6;136m▝[48;2;0;9;182m[38;2;0;5;146m▃[48;2;0;3;120m[38;2;0;2;140m▃[48;2;2;13;185m[38;2;0;3;125m▆[48;2;41;65;250m[38;2;3;13;174m▆[48;2;12;25;222m[38;2;0;0;0m [48;2;2;6;192m[38;2;0;0;0m [48;2;0;4;186m[38;2;0;8;197m▝[48;2;0;4;219m[38;2;0;6;207m▌[48;2;0;4;225m[38;2;1;9;242m▝[48;2;0;8;219m[38;2;0;9;224m▘[48;2;1;15;224m[38;2;0;11;219m▄[48;2;2;17;229m[38;2;3;13;227m▄[48;2;0;22;223m[38;2;0;12;181m▇[48;2;0;25;175m[38;2;0;16;157m▆[48;2;2;37;197m[38;2;3;24;197m▄[48;2;5;43;194m[38;2;0;25;194m▄[48;2;36;102;225m[38;2;17;67;206m▌[48;2;63;135;230m[38;2;66;135;231m▄[48;2;40;95;219m[38;2;16;68;195m┃[48;2;43;101;219m[38;2;0;0;0m [48;2;22;72;214m[38;2;47;107;233m▎[48;2;44;92;218m[38;2;10;57;208m▅[48;2;17;103;226m[38;2;45;134;241m╵[48;2;0;52;210m[38;2;43;123;251m▌[48;2;7;77;249m[38;2;4;59;250m▅[48;2;9;60;251m[38;2;3;47;246m▂[0m
[48;2;35;17;8m[38;2;89;34;23m▄[48;2;8;3;4m[38;2;47;19;22m▁[48;2;0;0;0m[38;2;2;1;1m▁[48;2;0;0;0m[38;2;0;0;0m [48;2;0;0;0m[38;2;0;0;0m [48;2;0;0;0m[38;2;7;0;1m▝[48;2;51;22;11m[38;2;216;135;74m▝[48;2;215;140;40m[38;2;0;0;0m [48;2;244;159;34m[38;2;235;156;12m▄[48;2;193;91;17m[38;2;242;158;35m▃[48;2;148;43;15m[38;2;211;87;3m▖[48;2;140;62;41m[38;2;147;52;27m▄[48;2;212;181;151m[38;2;112;61;30m▎[48;2;69;39;47m[38;2;144;117;92m▎[48;2;25;26;72m[38;2;51;41;58m▊[48;2;54;33;92m[38;2;43;33;91m▌[48;2;104;70;106m[38;2;152;114;136m▗[48;2;94;56;93m[38;2;0;0;0m [48;2;50;18;52m[38;2;67;33;70m▌[48;2;49;18;38m[38;2;66;19;48m▗[48;2;66;19;29m[38;2;80;25;56m▄[48;2;223;169;141m[38;2;118;62;51m▊[48;2;230;175;131m[38;2;246;195;156m▌[48;2;159;72;51m[38;2;235;177;142m▎[48;2;135;64;55m[38;2;105;39;52m▄[48;2;82;43;66m[38;2;87;32;34m▘[48;2;72;19;52m[38;2;63;24;68m▆[48;2;55;17;35m[38;2;59;17;54m▅[48;2;57;17;35m[38;2;58;17;48m▂[48;2;52;17;45m[38;2;57;17;45m▄[48;2;57;18;44m[38;2;55;17;58m▅[48;2;92;56;61m[38;2;173;137;106m▝[48;2;237;225;175m[38;2;0;0;0m [48;2;244;203;92m[38;2;251;226;145m▊[48;2;253;215;89m[38;2;254;221;105m╹[48;2;251;201;84m[38;2;253;213;94m▄[48;2;207;124;46m[38;2;241;170;69m▊[48;2;112;49;43m[38;2;193;117;64m▌[48;2;80;29;47m[38;2;70;25;77m▆[48;2;67;26;69m[38;2;53;19;74m▆[48;2;54;18;67m[38;2;40;17;63m▄[48;2;59;17;31m[38;2;53;17;45m▎[48;2;58;17;38m[38;2;57;17;25m▊[48;2;61;29;44m[38;2;0;0;0m [48;2;174;161;152m[38;2;117;103;100m▖[48;2;60;35;80m[38;2;146;125;134m▘[48;2;65;29;89m[38;2;81;49;111m▎[48;2;66;23;61m[38;2;69;27;82m▌[48;2;84;37;40m[38;2;119;86;91m▂[48;2;106;66;39m[38;2;227;204;131m▝[48;2;148;130;96m[38;2;232;197;108m▇[48;2;111;80;77m[38;2;240;198;104m▃[48;2;45;26;57m[38;2;181;141;80m▁[48;2;11;6;43m[38;2;84;56;60m▁[48;2;15;13;85m[38;2;0;1;118m▝[48;2;0;0;122m[38;2;1;2;73m▂[48;2;0;0;121m[38;2;0;1;90m▂[48;2;0;2;112m[38;2;0;4;151m▝[48;2;0;5;183m[38;2;0;2;124m▃[48;2;0;4;209m[38;2;1;6;188m▎[48;2;0;5;194m[38;2;0;7;224m┓[48;2;0;5;193m[38;2;0;4;201m▝[48;2;0;4;208m[38;2;0;4;200m╴[48;2;0;5;208m[38;2;0;4;228m╵[48;2;0;9;198m[38;2;0;9;206m▄[48;2;0;9;207m[38;2;0;7;224m▗[48;2;0;9;181m[38;2;0;5;178m▄[48;2;0;9;152m[38;2;0;5;166m▃[48;2;1;8;158m[38;2;0;11;184m▝[48;2;5;29;218m[38;2;0;16;177m▄[48;2;24;78;231m[38;2;3;42;199m▊[48;2;81;135;239m[38;2;14;70;197m▌[48;2;26;79;204m[38;2;46;96;225m╺[48;2;36;85;222m[38;2;9;52;181m▖[48;2;22;75;224m[38;2;45;98;242m⎺[48;2;5;59;204m[38;2;13;73;229m▆[48;2;5;82;226m[38;2;3;61;215m▄[48;2;12;77;227m[38;2;31;110;247m▘[48;2;10;63;246m[38;2;4;61;233m▌[48;2;4;45;252m[38;2;0;45;238m▌[0m
[48;2;141;51;17m[38;2;192;86;35m▁[48;2;79;32;24m[38;2;124;44;14m▅[48;2;30;15;9m[38;2;96;55;27m▄[48;2;11;3;2m[38;2;62;26;23m▁[48;2;0;0;0m[38;2;2;0;0m▁[48;2;0;0;0m[38;2;0;0;0m [48;2;0;0;0m[38;2;8;1;1m [48;2;23;12;7m[38;2;0;0;0m [48;2;226;166;70m[38;2;31;12;4m▅[48;2;207;145;48m[38;2;0;0;0m [48;2;231;122;17m[38;2;238;161;34m▆[48;2;178;74;16m[38;2;242;166;76m▂[48;2;225;194;181m[38;2;116;54;41m▌[48;2;72;41;66m[38;2;191;173;163m▎[48;2;58;28;63m[38;2;62;17;39m▄[48;2;61;33;91m[38;2;59;35;80m▄[48;2;155;101;127m[38;2;98;57;95m▌[48;2;94;57;84m[38;2;131;85;114m▌[48;2;49;19;51m[38;2;76;43;73m▌[48;2;49;17;53m[38;2;62;17;52m▝[48;2;79;37;80m[38;2;62;19;51m▘[48;2;144;108;77m[38;2;78;35;39m▊[48;2;191;123;99m[38;2;222;170;139m▊[48;2;107;34;31m[38;2;129;51;42m▖[48;2;93;28;60m[38;2;0;0;0m [48;2;68;29;57m[38;2;80;33;61m▌[48;2;62;33;66m[38;2;55;35;63m▄[48;2;54;20;72m[38;2;54;20;63m▊[48;2;57;17;51m[38;2;54;26;68m▅[48;2;57;17;30m[38;2;55;18;55m▄[48;2;48;25;43m[38;2;51;29;74m▃[48;2;52;37;41m[38;2;45;30;76m▅[48;2;68;59;61m[38;2;187;171;135m▝[48;2;243;238;176m[38;2;0;0;0m [48;2;254;237;113m[38;2;253;252;176m▂[48;2;248;214;93m[38;2;250;237;156m▃[48;2;129;89;59m[38;2;218;179;119m▌[48;2;78;40;44m[38;2;0;0;0m [48;2;76;22;68m[38;2;70;22;73m▄[48;2;52;18;75m[38;2;65;18;71m▌[48;2;38;20;69m[38;2;46;21;79m▗[48;2;52;23;60m[38;2;47;20;33m▝[48;2;55;17;40m[38;2;59;17;43m▄[48;2;57;16;46m[38;2;0;0;0m [48;2;105;86;88m[38;2;68;26;54m▇[48;2;71;28;78m[38;2;83;46;89m▘[48;2;73;33;90m[38;2;73;37;91m▄[48;2;61;26;64m[38;2;67;22;76m▌[48;2;65;35;58m[38;2;0;0;0m [48;2;78;28;45m[38;2;80;54;82m▖[48;2;236;199;91m[38;2;137;95;52m▎[48;2;250;203;42m[38;2;0;0;0m [48;2;243;204;99m[38;2;249;189;41m▆[48;2;148;106;56m[38;2;250;196;60m▆[48;2;139;113;104m[38;2;240;202;96m▅[48;2;56;47;85m[38;2;216;182;98m▄[48;2;21;13;62m[38;2;152;119;93m▂[48;2;0;1;87m[38;2;6;2;38m▆[48;2;0;1;82m[38;2;0;0;37m▆[48;2;0;1;111m[38;2;0;8;189m▝[48;2;2;9;204m[38;2;2;0;165m▖[48;2;5;13;208m[38;2;12;25;212m▄[48;2;0;7;200m[38;2;0;7;205m▄[48;2;0;4;204m[38;2;0;1;199m▄[48;2;0;7;206m[38;2;0;2;188m▅[48;2;0;6;207m[38;2;0;3;180m▅[48;2;0;3;192m[38;2;0;4;178m▄[48;2;0;4;174m[38;2;0;3;182m╴[48;2;0;8;165m[38;2;0;5;183m▖[48;2;0;11;156m[38;2;0;10;171m▎[48;2;0;17;174m[38;2;0;20;198m╶[48;2;6;43;195m[38;2;4;31;203m▄[48;2;42;86;204m[38;2;99;141;235m┓[48;2;12;54;201m[38;2;11;54;194m▄[48;2;17;64;221m[38;2;0;38;180m▎[48;2;7;51;215m[38;2;5;43;190m▂[48;2;9;49;205m[38;2;10;43;199m▄[48;2;11;56;217m[38;2;4;43;194m│[48;2;9;65;240m[38;2;0;0;0m [48;2;3;48;243m[38;2;6;56;245m▄[0m
[48;2;197;104;26m[38;2;246;190;80m▃[48;2;148;47;9m[38;2;200;97;18m▄[48;2;131;47;9m[38;2;184;82;25m▁[48;2;80;26;17m[38;2;118;41;21m▌[48;2;29;9;4m[38;2;82;37;21m▖[48;2;0;0;0m[38;2;1;0;0m▄[48;2;0;0;0m[38;2;1;0;0m [48;2;0;0;0m[38;2;0;0;0m [48;2;0;0;0m[38;2;6;0;0m [48;2;28;14;5m[38;2;0;0;0m [48;2;197;140;56m[38;2;42;22;9m▃[48;2;229;149;63m[38;2;0;0;0m [48;2;141;70;41m[38;2;0;0;0m [48;2;58;37;61m[38;2;170;135;142m▌[48;2;57;17;55m[38;2;58;17;44m▊[48;2;61;36;86m[38;2;59;37;87m▄[48;2;128;69;110m[38;2;94;54;98m▌[48;2;93;52;90m[38;2;109;68;103m┛[48;2;49;20;49m[38;2;74;41;69m▌[48;2;67;39;79m[38;2;46;19;54m▌[48;2;75;26;85m[38;2;78;49;87m▌[48;2;66;28;67m[38;2;77;32;29m▝[48;2;109;63;67m[38;2;168;105;98m▝[48;2;89;34;56m[38;2;133;62;63m▘[48;2;81;47;80m[38;2;89;33;68m▘[48;2;75;31;62m[38;2;72;24;65m▄[48;2;60;30;73m[38;2;61;26;59m▎[48;2;48;43;85m[38;2;48;27;77m▌[48;2;47;44;80m[38;2;64;63;100m╵[48;2;61;31;79m[38;2;46;26;66m▎[48;2;52;30;84m[38;2;58;37;87m▄[48;2;101;85;129m[38;2;61;46;93m▊[48;2;41;42;66m[38;2;81;39;73m▄[48;2;169;165;157m[38;2;79;39;30m▅[48;2;210;188;153m[38;2;109;60;30m▃[48;2;127;82;70m[38;2;214;189;150m▘[48;2;80;39;63m[38;2;120;80;85m▎[48;2;61;31;75m[38;2;75;19;49m▄[48;2;57;18;74m[38;2;39;17;73m▗[48;2;49;17;68m[38;2;36;18;76m▇[48;2;39;19;76m[38;2;37;19;92m▄[48;2;57;17;48m[38;2;53;20;69m▌[48;2;56;17;32m[38;2;55;17;23m▃[48;2;56;17;35m[38;2;60;17;28m▄[48;2;56;17;38m[38;2;56;17;48m▝[48;2;68;28;67m[38;2;60;18;49m▆[48;2;65;40;74m[38;2;64;24;65m▃[48;2;53;33;65m[38;2;57;30;63m▄[48;2;45;34;56m[38;2;55;53;61m⎻[48;2;44;25;61m[38;2;41;24;60m▄[48;2;54;40;33m[38;2;208;192;126m▝[48;2;233;204;101m[38;2;76;58;40m▂[48;2;240;180;23m[38;2;235;201;121m▃[48;2;247;171;34m[38;2;0;0;0m [48;2;242;168;19m[38;2;245;168;17m▄[48;2;253;205;71m[38;2;248;169;22m▂[48;2;233;196;69m[38;2;241;215;103m▘[48;2;109;81;69m[38;2;220;185;84m▆[48;2;31;14;43m[38;2;202;143;51m▄[48;2;27;19;49m[38;2;151;120;56m▁[48;2;11;6;77m[38;2;0;2;156m▝[48;2;2;11;186m[38;2;3;2;113m▄[48;2;2;14;206m[38;2;0;6;136m▂[48;2;0;4;196m[38;2;0;3;210m┗[48;2;0;4;182m[38;2;0;8;210m╺[48;2;0;5;197m[38;2;3;11;231m▗[48;2;0;6;183m[38;2;0;0;0m [48;2;0;5;178m[38;2;0;9;171m▄[48;2;0;8;169m[38;2;0;11;174m▄[48;2;0;10;162m[38;2;0;11;163m▄[48;2;0;12;171m[38;2;0;11;168m▄[48;2;1;23;166m[38;2;1;19;172m▄[48;2;19;62;192m[38;2;75;123;242m╺[48;2;29;80;216m[38;2;0;0;0m [48;2;1;45;190m[38;2;5;46;193m▄[48;2;4;37;217m[38;2;1;34;195m┗[48;2;19;46;212m[38;2;2;29;195m▌[48;2;3;30;187m[38;2;3;28;202m▄[48;2;10;53;209m[38;2;5;36;203m▄[48;2;4;59;236m[38;2;20;78;247m▎[0m
[48;2;244;189;64m[38;2;0;0;0m [48;2;192;104;20m[38;2;248;186;74m▇[48;2;180;88;25m[38;2;234;173;74m▖[48;2;112;44;9m[38;2;151;71;23m▌[48;2;81;39;17m[38;2;111;41;25m▂[48;2;35;15;11m[38;2;72;31;24m▅[48;2;16;8;8m[38;2;41;17;18m▁[48;2;0;0;0m[38;2;1;0;0m▖[48;2;0;0;0m[38;2;0;0;0m [48;2;0;0;0m[38;2;0;0;0m [48;2;1;0;0m[38;2;0;0;0m▆[48;2;23;14;9m[38;2;0;0;0m [48;2;138;99;85m[38;2;75;50;57m▄[48;2;31;15;35m[38;2;110;89;101m▊[48;2;44;17;38m[38;2;54;22;50m▌[48;2;84;51;91m[38;2;59;25;62m▊[48;2;95;53;95m[38;2;0;0;0m [48;2;83;43;79m[38;2;95;47;98m▘[48;2;51;19;48m[38;2;70;33;67m▌[48;2;70;38;80m[38;2;51;21;52m▎[48;2;54;26;82m[38;2;73;35;90m▊[48;2;46;37;83m[38;2;71;33;93m▅[48;2;73;28;90m[38;2;72;48;83m⎺[48;2;48;23;80m[38;2;66;31;86m▊[48;2;56;23;71m[38;2;50;17;68m▄[48;2;67;18;62m[38;2;47;17;59m▄[48;2;52;18;63m[38;2;61;17;59m─[48;2;42;23;79m[38;2;58;22;76m━[48;2;31;35;94m[38;2;67;70;125m╵[48;2;49;32;82m[38;2;29;21;78m▌[48;2;65;48;86m[38;2;50;30;79m▖[48;2;78;50;91m[38;2;102;78;109m╵[48;2;78;41;73m[38;2;58;24;41m▝[48;2;76;33;59m[38;2;70;22;38m┛[48;2;100;35;45m[38;2;85;45;78m▅[48;2;86;24;28m[38;2;72;27;69m▅[48;2;56;18;56m[38;2;74;19;49m▘[48;2;45;19;56m[38;2;52;22;76m▆[48;2;25;17;81m[38;2;37;17;72m▌[48;2;24;17;85m[38;2;23;17;93m▄[48;2;37;17;80m[38;2;29;17;102m▌[48;2;56;22;35m[38;2;51;18;65m▌[48;2;52;18;28m[38;2;59;17;51m┏[48;2;60;17;31m[38;2;56;17;51m▅[48;2;55;17;33m[38;2;60;17;52m▆[48;2;53;17;44m[38;2;60;17;58m▂[48;2;64;26;68m[38;2;0;0;0m [48;2;60;25;68m[38;2;74;51;90m▁[48;2;59;18;66m[38;2;54;17;58m▅[48;2;58;18;56m[38;2;53;21;27m▆[48;2;19;7;42m[38;2;45;15;38m▌[48;2;5;2;16m[38;2;0;0;0m [48;2;39;26;27m[38;2;0;0;0m [48;2;195;158;104m[38;2;38;19;34m▄[48;2;234;184;88m[38;2;85;59;49m▂[48;2;251;183;55m[38;2;232;195;118m▂[48;2;250;185;40m[38;2;249;185;40m▄[48;2;250;203;54m[38;2;249;179;23m▄[48;2;248;219;75m[38;2;251;194;33m▅[48;2;233;192;69m[38;2;254;203;32m▃[48;2;90;55;37m[38;2;222;181;62m▇[48;2;67;50;57m[38;2;198;164;64m▄[48;2;33;23;62m[38;2;196;155;94m▂[48;2;18;13;96m[38;2;0;0;0m [48;2;0;5;161m[38;2;6;1;92m▃[48;2;0;8;197m[38;2;1;16;181m▄[48;2;0;8;205m[38;2;11;25;211m▄[48;2;3;19;193m[38;2;23;41;223m╹[48;2;14;30;190m[38;2;0;15;167m▊[48;2;3;12;165m[38;2;3;12;179m┃[48;2;1;10;165m[38;2;13;26;181m▗[48;2;2;11;157m[38;2;1;12;150m▄[48;2;2;21;159m[38;2;12;33;187m▘[48;2;14;54;196m[38;2;0;0;0m [48;2;19;66;210m[38;2;17;74;211m▄[48;2;1;31;203m[38;2;5;46;202m▄[48;2;1;30;214m[38;2;1;29;213m▄[48;2;0;32;202m[38;2;2;35;226m╴[48;2;0;31;209m[38;2;6;46;234m▆[48;2;15;61;250m[38;2;2;44;231m▊[0m
[48;2;175;77;25m[38;2;168;55;32m▄[48;2;241;169;52m[38;2;172;76;9m▂[48;2;249;209;72m[38;2;244;193;59m▄[48;2;180;112;42m[38;2;241;183;71m▅[48;2;150;60;28m[38;2;201;130;45m▂[48;2;98;27;13m[38;2;128;49;35m┣[48;2;67;24;19m[38;2;106;38;24m▖[48;2;18;3;2m[38;2;43;14;10m▌[48;2;0;0;0m[38;2;1;0;0m▃[48;2;0;0;0m[38;2;1;0;1m [48;2;0;0;0m[38;2;0;0;0m [48;2;0;0;0m[38;2;1;0;0m [48;2;130;109;117m[38;2;25;17;20m▊[48;2;46;31;55m[38;2;100;78;90m▎[48;2;53;25;46m[38;2;41;25;48m▎[48;2;89;54;85m[38;2;63;24;51m▊[48;2;88;52;86m[38;2;86;50;84m▄[48;2;69;19;52m[38;2;85;46;71m▊[48;2;52;19;49m[38;2;63;23;50m▌[48;2;68;32;80m[38;2;0;0;0m [48;2;62;25;84m[38;2;76;36;93m▎[48;2;68;34;100m[38;2;85;58;145m▗[48;2;54;27;111m[38;2;0;0;0m [48;2;32;19;89m[38;2;36;23;102m▖[48;2;34;18;82m[38;2;0;0;0m [48;2;29;17;70m[38;2;38;21;83m▊[48;2;30;17;67m[38;2;30;17;71m▄[48;2;31;17;84m[38;2;31;17;72m▌[48;2;29;18;71m[38;2;37;27;90m▊[48;2;53;24;72m[38;2;34;17;67m▊[48;2;76;47;84m[38;2;64;28;75m▊[48;2;72;43;87m[38;2;67;35;84m╏[48;2;97;73;116m[38;2;79;54;98m▊[48;2;77;50;90m[38;2;120;94;144m▖[48;2;67;27;78m[38;2;55;21;66m▝[48;2;60;41;84m[38;2;65;47;86m▄[48;2;43;26;76m[38;2;56;38;76m▂[48;2;41;30;87m[38;2;43;34;79m▄[48;2;23;19;89m[38;2;28;18;84m▌[48;2;26;17;99m[38;2;29;19;90m▄[48;2;42;17;73m[38;2;34;17;104m▘[48;2;55;23;22m[38;2;53;18;42m▎[48;2;56;17;56m[38;2;55;21;24m▎[48;2;57;19;59m[38;2;50;17;56m▖[48;2;59;21;63m[38;2;50;17;56m╺[48;2;58;19;61m[38;2;49;21;59m▁[48;2;61;33;71m[38;2;0;0;0m [48;2;70;42;97m[38;2;0;0;0m [48;2;59;29;55m[38;2;62;24;77m▊[48;2;50;20;34m[38;2;45;21;50m▗[48;2;44;21;26m[38;2;57;33;46m▖[48;2;7;3;13m[38;2;32;13;11m▖[48;2;1;0;7m[38;2;0;0;0m [48;2;0;0;5m[38;2;0;0;18m▝[48;2;1;0;19m[38;2;18;10;41m▝[48;2;46;31;42m[38;2;0;0;0m [48;2;208;159;80m[38;2;56;26;37m▄[48;2;240;174;75m[38;2;138;85;42m▂[48;2;252;181;41m[38;2;245;191;89m▁[48;2;254;182;52m[38;2;238;161;22m▃[48;2;251;188;35m[38;2;229;143;22m▁[48;2;253;221;74m[38;2;253;201;37m▆[48;2;242;192;49m[38;2;254;213;68m━[48;2;216;170;69m[38;2;0;0;0m [48;2;54;26;53m[38;2;184;143;62m▅[48;2;34;32;97m[38;2;178;139;75m▂[48;2;28;22;127m[38;2;0;0;0m [48;2;4;12;189m[38;2;18;11;128m▂[48;2;0;8;176m[38;2;3;13;194m▄[48;2;0;10;156m[38;2;4;16;179m▝[48;2;5;17;172m[38;2;0;12;153m▌[48;2;7;20;177m[38;2;1;13;164m▎[48;2;1;9;156m[38;2;2;12;169m▘[48;2;7;28;192m[38;2;0;12;160m▊[48;2;16;49;204m[38;2;4;24;173m▄[48;2;5;48;207m[38;2;10;46;210m▄[48;2;3;38;220m[38;2;8;43;218m▄[48;2;3;49;221m[38;2;4;61;231m▄[48;2;4;57;232m[38;2;27;84;251m╸[48;2;7;50;230m[38;2;24;71;240m⎽[0m
[48;2;135;33;27m[38;2;128;40;31m▄[48;2;177;60;30m[38;2;134;29;16m▄[48;2;167;66;26m[38;2;221;152;46m▝[48;2;248;194;69m[38;2;177;99;29m▖[48;2;240;190;67m[38;2;241;191;56m▄[48;2;149;78;43m[38;2;230;172;80m▅[48;2;120;53;21m[38;2;200;130;52m▁[48;2;104;42;25m[38;2;56;22;9m▝[48;2;32;15;8m[38;2;74;29;19m▂[48;2;5;2;5m[38;2;19;9;7m▎[48;2;0;0;1m[38;2;1;0;2m▅[48;2;0;0;3m[38;2;1;1;9m▁[48;2;132;128;129m[38;2;11;10;14m▊[48;2;50;37;55m[38;2;151;147;147m▌[48;2;50;22;49m[38;2;48;23;51m▄[48;2;76;46;77m[38;2;54;23;53m▌[48;2;83;50;84m[38;2;79;48;83m▄[48;2;63;19;49m[38;2;79;35;76m▊[48;2;60;27;59m[38;2;56;21;42m▊[48;2;60;25;86m[38;2;44;23;86m▃[48;2;58;43;142m[38;2;49;21;86m▘[48;2;74;62;165m[38;2;70;64;160m▄[48;2;43;33;120m[38;2;35;24;97m▄[48;2;42;28;89m[38;2;43;33;88m▄[48;2;43;20;58m[38;2;40;23;76m▎[48;2;45;17;60m[38;2;56;17;60m▃[48;2;39;17;67m[38;2;53;19;77m⎺[48;2;37;19;86m[38;2;30;17;70m▌[48;2;39;18;77m[38;2;47;23;75m▄[48;2;50;20;67m[38;2;50;18;51m▆[48;2;57;25;54m[38;2;60;25;27m▅[48;2;79;39;83m[38;2;68;29;50m▎[48;2;80;38;89m[38;2;118;62;112m▗[48;2;101;62;116m[38;2;116;59;111m▄[48;2;76;36;86m[38;2;82;32;88m▄[48;2;72;45;83m[38;2;74;48;86m▄[48;2;68;43;76m[38;2;67;34;76m▄[48;2;64;35;71m[38;2;73;55;86m⎺[48;2;62;30;70m[38;2;0;0;0m [48;2;59;25;75m[38;2;64;17;51m▂[48;2;55;17;47m[38;2;64;20;67m▌[48;2;55;17;44m[38;2;56;17;28m▂[48;2;48;17;51m[38;2;57;17;36m▆[48;2;57;19;51m[38;2;55;17;29m┓[48;2;56;21;73m[38;2;46;17;65m┓[48;2;53;24;61m[38;2;65;41;74m▁[48;2;52;22;75m[38;2;55;20;55m▎[48;2;58;41;102m[38;2;72;62;126m▗[48;2;60;37;81m[38;2;73;58;115m▎[48;2;41;30;43m[38;2;68;38;66m▎[48;2;43;27;41m[38;2;0;0;0m [48;2;40;11;19m[38;2;55;18;37m▖[48;2;37;15;18m[38;2;58;21;24m▄[48;2;18;4;12m[38;2;65;21;27m▃[48;2;10;3;14m[38;2;0;0;0m [48;2;0;0;22m[38;2;0;0;6m▆[48;2;1;0;8m[38;2;0;0;0m [48;2;84;40;29m[38;2;8;3;13m▇[48;2;182;123;69m[38;2;36;10;23m▆[48;2;208;141;67m[38;2;78;25;34m▃[48;2;241;163;65m[38;2;172;82;42m▂[48;2;242;161;54m[38;2;241;123;18m⎻[48;2;243;160;35m[38;2;228;121;8m┓[48;2;252;177;41m[38;2;208;113;11m⎽[48;2;251;207;46m[38;2;252;178;48m▄[48;2;198;155;40m[38;2;250;203;34m▆[48;2;154;105;75m[38;2;230;187;44m▇[48;2;87;57;74m[38;2;213;158;41m▅[48;2;42;29;115m[38;2;185;128;62m▃[48;2;5;10;162m[38;2;75;48;76m▃[48;2;0;13;147m[38;2;8;16;136m▄[48;2;6;16;154m[38;2;39;38;185m▁[48;2;0;10;156m[38;2;4;10;168m━[48;2;0;8;151m[38;2;7;11;161m┫[48;2;0;21;162m[38;2;0;15;142m▄[48;2;8;30;189m[38;2;0;16;160m▄[48;2;2;24;188m[38;2;2;18;178m▄[48;2;12;56;225m[38;2;0;20;171m▖[48;2;14;73;230m[38;2;0;0;0m [48;2;7;61;227m[38;2;26;80;244m╵[0m
[48;2;132;50;39m[38;2;129;57;47m▄[48;2;177;68;58m[38;2;126;30;23m▆[48;2;150;38;31m[38;2;152;39;20m▄[48;2;165;67;26m[38;2;158;45;30m▄[48;2;225;154;62m[38;2;168;68;35m▃[48;2;239;181;47m[38;2;252;206;65m⎻[48;2;238;179;54m[38;2;225;147;55m▝[48;2;212;138;61m[38;2;131;42;15m▝[48;2;120;48;14m[38;2;200;130;54m▁[48;2;63;24;16m[38;2;130;49;20m▂[48;2;19;7;7m[38;2;66;20;8m▖[48;2;3;1;7m[38;2;0;0;0m [48;2;140;131;135m[38;2;13;11;18m▊[48;2;69;55;71m[38;2;176;167;168m▌[48;2;50;22;53m[38;2;56;31;59m▌[48;2;63;36;67m[38;2;68;40;72m▄[48;2;80;49;81m[38;2;79;49;79m▄[48;2;74;38;69m[38;2;69;37;58m▄[48;2;43;29;80m[38;2;44;19;51m▘[48;2;28;29;102m[38;2;0;0;0m [48;2;61;57;157m[38;2;66;77;178m▆[48;2;60;46;112m[38;2;85;85;166m▌[48;2;57;29;86m[38;2;67;21;64m▃[48;2;47;25;74m[38;2;65;40;80m▊[48;2;43;18;53m[38;2;39;22;68m▘[48;2;54;17;46m[38;2;55;18;28m▄[48;2;39;17;64m[38;2;49;19;48m▖[48;2;33;21;83m[38;2;30;18;80m▄[48;2;24;17;66m[38;2;42;23;88m▊[48;2;49;20;43m[38;2;30;19;57m▌[48;2;78;17;35m[38;2;62;17;30m▌[48;2;85;22;55m[38;2;86;18;46m▄[48;2;99;25;66m[38;2;0;0;0m [48;2;105;35;90m[38;2;134;51;105m▌[48;2;97;37;94m[38;2;94;33;95m▄[48;2;71;45;87m[38;2;0;0;0m [48;2;65;30;78m[38;2;67;34;84m▄[48;2;66;29;74m[38;2;71;38;83m▄[48;2;67;23;57m[38;2;54;20;60m▌[48;2;64;17;38m[38;2;72;27;54m▎[48;2;64;21;28m[38;2;60;18;33m▄[48;2;55;22;21m[38;2;0;0;0m [48;2;42;27;32m[38;2;53;25;31m▌[48;2;46;20;48m[38;2;41;26;18m▌[48;2;57;19;79m[38;2;46;17;69m▊[48;2;72;45;76m[38;2;59;22;61m▇[48;2;62;23;77m[38;2;63;20;54m▎[48;2;58;37;106m[38;2;69;44;118m▁[48;2;65;30;90m[38;2;75;51;120m▌[48;2;58;22;59m[38;2;73;24;84m▎[48;2;51;20;42m[38;2;51;24;30m▗[48;2;49;18;26m[38;2;59;16;27m━[48;2;46;13;26m[38;2;0;0;0m [48;2;52;11;18m[38;2;0;0;0m [48;2;59;13;17m[38;2;0;0;0m [48;2;23;2;14m[38;2;58;15;19m▄[48;2;8;1;12m[38;2;36;9;17m▖[48;2;1;0;6m[38;2;0;0;0m [48;2;0;0;3m[38;2;0;0;0m [48;2;21;1;41m[38;2;0;0;6m▆[48;2;25;4;25m[38;2;0;0;0m [48;2;178;88;44m[38;2;35;5;40m▅[48;2;215;137;68m[38;2;53;12;47m▂[48;2;236;146;43m[38;2;183;125;79m▄[48;2;230;125;31m[38;2;225;174;118m▂[48;2;241;148;28m[38;2;227;115;20m▅[48;2;253;176;44m[38;2;238;120;25m▂[48;2;252;201;50m[38;2;244;154;20m▂[48;2;193;135;12m[38;2;243;188;54m▆[48;2;187;119;38m[38;2;243;187;51m▃[48;2;71;41;82m[38;2;209;140;50m▆[48;2;81;48;77m[38;2;227;146;51m▁[48;2;10;27;152m[38;2;84;58;82m▃[48;2;5;19;160m[38;2;78;65;129m▁[48;2;1;13;153m[38;2;4;26;170m▄[48;2;0;19;156m[38;2;0;17;175m▂[48;2;0;17;161m[38;2;0;16;163m▄[48;2;5;30;188m[38;2;1;21;168m▄[48;2;4;48;193m[38;2;3;26;165m▄[48;2;23;69;231m[38;2;3;28;161m▖[0m
[48;2;129;49;42m[38;2;160;76;62m┗[48;2;152;64;54m[38;2;112;33;22m▚[48;2;134;43;22m[38;2;121;44;46m▄[48;2;180;67;45m[38;2;144;50;30m▄[48;2;146;37;17m[38;2;189;84;58m▃[48;2;210;129;55m[38;2;157;38;14m▆[48;2;239;165;61m[38;2;167;81;35m▖[48;2;235;179;53m[38;2;239;149;43m▂[48;2;236;172;55m[38;2;206;140;25m╺[48;2;178;92;27m[38;2;230;164;48m▅[48;2;102;45;4m[38;2;170;95;13m▊[48;2;26;7;6m[38;2;100;47;7m▖[48;2;153;139;138m[38;2;26;19;22m▊[48;2;32;17;34m[38;2;158;147;147m▊[48;2;56;26;66m[38;2;60;28;68m▄[48;2;65;28;74m[38;2;68;28;82m▇[48;2;79;43;83m[38;2;80;41;84m▄[48;2;68;25;60m[38;2;68;25;46m┗[48;2;35;19;84m[38;2;0;0;0m [48;2;70;82;185m[38;2;28;33;117m▌[48;2;64;81;178m[38;2;70;83;181m▄[48;2;50;33;98m[38;2;55;57;145m▎[48;2;80;34;63m[38;2;75;23;67m▊[48;2;46;18;56m[38;2;78;39;68m▌[48;2;44;26;40m[38;2;40;24;49m▎[48;2;61;20;39m[38;2;64;22;54m▆[48;2;39;18;60m[38;2;52;19;55m▎[48;2;36;30;82m[38;2;32;25;69m▌[48;2;45;36;85m[38;2;22;19;61m▗[48;2;52;20;47m[38;2;30;24;64m▌[48;2;77;17;29m[38;2;74;17;44m▂[48;2;141;48;81m[38;2;103;24;47m▊[48;2;129;44;75m[38;2;130;46;75m▄[48;2;109;37;77m[38;2;73;20;49m┏[48;2;87;32;85m[38;2;108;44;106m▗[48;2;82;38;92m[38;2;97;49;105m▎[48;2;77;55;82m[38;2;73;30;81m▊[48;2;65;19;42m[38;2;71;34;70m▌[48;2;59;18;55m[38;2;60;17;26m▇[48;2;61;17;47m[38;2;58;17;23m▇[48;2;52;17;32m[38;2;53;18;19m▆[48;2;53;17;32m[38;2;46;21;21m▇[48;2;30;27;41m[38;2;38;30;24m▊[48;2;33;18;53m[38;2;33;24;41m▎[48;2;42;17;64m[38;2;42;17;65m▄[48;2;51;17;58m[38;2;69;21;60m▝[48;2;69;25;68m[38;2;68;18;35m▎[48;2;67;44;113m[38;2;56;36;93m▇[48;2;62;41;100m[38;2;55;36;101m▄[48;2;53;17;61m[38;2;61;25;82m▌[48;2;37;23;44m[38;2;48;23;26m▊[48;2;36;32;34m[38;2;29;21;50m▌[48;2;35;24;48m[38;2;53;38;102m▗[48;2;35;21;51m[38;2;54;36;106m▖[48;2;43;15;24m[38;2;31;14;32m▄[48;2;51;15;18m[38;2;81;49;51m▂[48;2;52;14;22m[38;2;44;9;19m╺[48;2;22;8;19m[38;2;52;16;27m▅[48;2;9;1;11m[38;2;37;10;20m▄[48;2;5;1;7m[38;2;0;0;0m [48;2;0;0;0m[38;2;0;0;1m▄[48;2;0;0;1m[38;2;0;0;0m▄[48;2;5;0;37m[38;2;0;0;4m▆[48;2;65;19;55m[38;2;8;2;21m▆[48;2;63;37;45m[38;2;0;0;0m [48;2;211;151;107m[38;2;82;40;36m▄[48;2;225;137;67m[38;2;118;61;37m▁[48;2;228;124;30m[38;2;249;177;111m▂[48;2;247;153;33m[38;2;209;108;15m▅[48;2;252;188;57m[38;2;229;120;23m▃[48;2;252;197;62m[38;2;248;147;39m▂[48;2;216;145;30m[38;2;251;197;50m▅[48;2;193;118;58m[38;2;233;173;52m▅[48;2;209;155;59m[38;2;146;118;83m▝[48;2;85;78;127m[38;2;212;162;70m▃[48;2;29;43;147m[38;2;149;133;100m▂[48;2;11;25;143m[38;2;0;0;0m [48;2;0;13;146m[38;2;1;14;163m┃[48;2;0;18;147m[38;2;5;18;170m▘[48;2;4;16;171m[38;2;0;12;152m▊[0m
[48;2;154;84;69m[38;2;183;120;69m▄[48;2;138;55;45m[38;2;165;82;68m▖[48;2;119;46;34m[38;2;165;86;64m┓[48;2;136;52;48m[38;2;125;44;33m▄[48;2;136;44;34m[38;2;135;52;48m▄[48;2;190;75;18m[38;2;177;60;17m▄[48;2;150;50;22m[38;2;202;86;36m▅[48;2;208;108;30m[38;2;171;73;13m▘[48;2;246;177;52m[38;2;226;143;36m▎[48;2;243;197;51m[38;2;245;192;37m▆[48;2;246;189;39m[38;2;0;0;0m [48;2;234;188;71m[38;2;117;74;20m▝[48;2;190;182;153m[38;2;53;37;28m▘[48;2;56;43;46m[38;2;153;145;137m▌[48;2;64;28;69m[38;2;53;27;49m▎[48;2;76;38;85m[38;2;79;37;83m▄[48;2;68;18;66m[38;2;83;46;84m▌[48;2;42;22;85m[38;2;66;20;73m▊[48;2;29;29;116m[38;2;40;54;177m▗[48;2;56;66;194m[38;2;48;62;206m▄[48;2;38;25;117m[38;2;74;79;184m▊[48;2;63;22;83m[38;2;42;20;98m▌[48;2;80;31;45m[38;2;82;35;66m▊[48;2;57;32;56m[38;2;69;24;39m▖[48;2;45;24;46m[38;2;0;0;0m [48;2;57;18;42m[38;2;0;0;0m [48;2;43;21;50m[38;2;41;22;32m▄[48;2;32;31;56m[38;2;28;31;35m▅[48;2;31;29;55m[38;2;27;29;36m▆[48;2;51;20;45m[38;2;27;24;39m▌[48;2;78;19;55m[38;2;80;18;51m▄[48;2;143;42;87m[38;2;104;21;59m▊[48;2;140;56;91m[38;2;160;61;106m▄[48;2;91;23;63m[38;2;0;0;0m [48;2;105;33;102m[38;2;88;22;77m▎[48;2;84;35;93m[38;2;0;0;0m [48;2;71;28;76m[38;2;81;46;86m│[48;2;64;20;33m[38;2;70;27;67m▌[48;2;65;17;24m[38;2;58;17;24m▘[48;2;57;17;21m[38;2;64;17;21m▘[48;2;52;21;20m[38;2;57;17;19m▌[48;2;49;21;20m[38;2;46;26;19m┃[48;2;46;18;41m[38;2;46;21;20m▊[48;2;41;17;56m[38;2;45;17;44m▎[48;2;36;17;68m[38;2;36;17;61m▊[48;2;42;19;66m[38;2;33;20;71m▃[48;2;64;27;76m[38;2;62;27;48m▘[48;2;66;37;92m[38;2;73;34;91m▄[48;2;48;24;93m[38;2;43;17;86m╵[48;2;60;23;78m[38;2;53;33;105m▌[48;2;60;22;46m[38;2;58;26;21m┃[48;2;36;18;60m[38;2;42;17;50m▄[48;2;15;7;105m[38;2;20;12;74m▊[48;2;10;4;107m[38;2;2;13;166m▃[48;2;9;4;49m[38;2;0;4;118m▃[48;2;22;9;26m[38;2;4;3;80m▂[48;2;70;37;47m[38;2;9;3;21m▄[48;2;49;10;20m[38;2;16;5;16m▃[48;2;42;9;16m[38;2;22;6;14m▃[48;2;17;5;13m[38;2;36;14;22m▘[48;2;7;1;8m[38;2;15;3;11m▁[48;2;2;0;4m[38;2;17;4;10m▂[48;2;1;0;3m[38;2;10;3;7m▁[48;2;0;0;3m[38;2;0;0;0m [48;2;0;0;5m[38;2;0;0;0m [48;2;47;31;45m[38;2;2;0;7m▆[48;2;36;14;27m[38;2;0;0;0m [48;2;177;119;93m[38;2;53;20;42m▆[48;2;224;156;90m[38;2;85;34;37m▃[48;2;214;135;54m[38;2;0;0;0m [48;2;214;101;17m[38;2;251;157;70m▂[48;2;246;153;31m[38;2;219;99;21m▆[48;2;244;174;37m[38;2;211;98;19m▂[48;2;242;184;51m[38;2;0;0;0m [48;2;229;174;40m[38;2;251;193;51m▄[48;2;241;197;64m[38;2;248;193;47m━[48;2;102;86;109m[38;2;223;181;68m▇[48;2;37;28;97m[38;2;208;175;88m▅[48;2;34;38;127m[38;2;175;151;74m▂[48;2;8;17;137m[38;2;118;94;116m▁[0m
[48;2;235;181;86m[38;2;212;163;72m▄[48;2;175;95;47m[38;2;217;156;78m▄[48;2;162;73;44m[38;2;199;102;79m╹[48;2;151;70;50m[38;2;0;0;0m [48;2;118;37;25m[38;2;168;99;89m▂[48;2;152;36;30m[38;2;110;29;19m▃[48;2;182;68;38m[38;2;151;50;19m▗[48;2;201;102;47m[38;2;178;70;29m▄[48;2;200;106;32m[38;2;244;164;63m▝[48;2;245;188;65m[38;2;215;151;26m⎽[48;2;241;190;30m[38;2;244;188;40m▄[48;2;236;207;90m[38;2;241;192;42m▌[48;2;220;214;191m[38;2;237;228;177m▊[48;2;53;32;47m[38;2;157;150;137m▎[48;2;76;20;69m[38;2;49;17;44m▎[48;2;76;21;58m[38;2;82;23;70m▊[48;2;71;24;59m[38;2;68;19;35m┛[48;2;50;28;101m[38;2;81;54;104m▘[48;2;41;57;159m[38;2;60;77;187m▄[48;2;25;38;155m[38;2;50;88;206m▊[48;2;37;20;101m[38;2;42;40;162m▎[48;2;59;26;88m[38;2;61;23;75m▄[48;2;68;28;33m[38;2;75;33;66m▎[48;2;53;29;27m[38;2;39;27;44m▗[48;2;52;21;41m[38;2;41;19;52m▁[48;2;45;19;44m[38;2;0;0;0m [48;2;40;22;41m[38;2;34;24;46m▄[48;2;25;25;42m[38;2;33;26;42m▌[48;2;34;17;46m[38;2;21;21;44m▎[48;2;26;21;46m[38;2;0;0;0m [48;2;97;23;62m[38;2;66;27;63m▌[48;2;174;55;119m[38;2;123;24;73m▊[48;2;149;55;113m[38;2;210;110;174m─[48;2;86;26;77m[38;2;109;36;89m▎[48;2;122;62;120m[38;2;88;25;83m▌[48;2;87;38;91m[38;2;0;0;0m [48;2;80;34;80m[38;2;82;42;84m▂[48;2;55;18;38m[38;2;65;18;57m▌[48;2;55;18;31m[38;2;59;19;33m│[48;2;51;17;28m[38;2;50;18;29m▄[48;2;44;18;27m[38;2;53;20;33m▊[48;2;39;21;29m[38;2;48;23;31m▊[48;2;47;20;30m[38;2;46;19;39m┓[48;2;47;17;44m[38;2;46;20;32m▇[48;2;38;19;69m[38;2;36;18;49m▊[48;2;33;18;80m[38;2;42;19;83m▃[48;2;59;26;81m[38;2;41;18;72m▘[48;2;67;36;91m[38;2;72;28;89m╸[48;2;68;44;112m[38;2;56;28;92m▊[48;2;71;39;98m[38;2;77;54;121m▊[48;2;44;25;31m[38;2;55;20;65m▊[48;2;38;30;25m[38;2;24;20;44m▝[48;2;16;13;70m[38;2;19;18;59m▌[48;2;0;5;195m[38;2;5;9;126m▊[48;2;0;9;217m[38;2;0;10;211m▄[48;2;1;0;121m[38;2;0;3;202m▆[48;2;1;2;83m[38;2;4;15;187m▂[48;2;2;0;27m[38;2;0;1;96m▂[48;2;4;1;11m[38;2;0;0;0m [48;2;11;3;11m[38;2;11;2;11m▄[48;2;29;12;20m[38;2;0;0;0m [48;2;24;5;14m[38;2;27;7;20m▝[48;2;18;5;14m[38;2;30;8;15m▃[48;2;22;8;17m[38;2;0;0;0m [48;2;3;0;5m[38;2;23;7;14m▂[48;2;1;0;2m[38;2;13;4;13m▁[48;2;0;0;2m[38;2;2;1;6m▁[48;2;1;0;5m[38;2;0;0;0m [48;2;55;22;50m[38;2;5;1;8m▇[48;2;33;7;20m[38;2;0;0;0m [48;2;200;119;67m[38;2;55;13;29m▅[48;2;224;137;59m[38;2;74;11;9m▂[48;2;195;84;9m[38;2;242;148;72m▅[48;2;209;95;10m[38;2;243;143;44m▃[48;2;245;166;52m[38;2;208;77;4m▅[48;2;246;168;39m[38;2;220;81;6m▂[48;2;250;186;51m[38;2;0;0;0m [48;2;255;215;58m[38;2;254;189;38m▄[48;2;251;231;80m[38;2;255;206;49m▄[48;2;171;148;82m[38;2;249;214;76m▆[0m
[48;2;199;146;56m[38;2;214;153;60m▄[48;2;231;183;93m[38;2;202;149;68m▄[48;2;182;115;53m[38;2;231;178;88m▆[48;2;160;89;56m[38;2;194;124;52m▄[48;2;141;71;59m[38;2;155;75;49m▄[48;2;119;53;39m[38;2;149;81;65m▗[48;2;96;31;18m[38;2;139;58;33m▝[48;2;146;52;30m[38;2;91;27;15m▂[48;2;166;71;41m[38;2;202;96;67m▘[48;2;197;103;43m[38;2;234;164;65m▝[48;2;242;170;61m[38;2;209;125;48m▂[48;2;234;209;143m[38;2;226;179;79m▊[48;2;200;189;173m[38;2;82;67;88m▗[48;2;49;33;61m[38;2;0;0;0m [48;2;75;32;53m[38;2;56;27;45m▎[48;2;78;27;63m[38;2;84;45;67m▃[48;2;64;38;88m[38;2;74;29;72m▌[48;2;44;28;132m[38;2;45;29;104m▌[48;2;30;41;164m[38;2;47;78;197m▝[48;2;23;38;118m[38;2;31;69;171m▌[48;2;52;20;74m[38;2;32;24;100m▎[48;2;61;17;53m[38;2;64;17;60m▚[48;2;53;19;47m[38;2;63;20;50m▊[48;2;33;24;47m[38;2;35;31;27m▂[48;2;37;18;49m[38;2;29;19;48m▅[48;2;25;21;50m[38;2;31;20;49m▌[48;2;23;18;46m[38;2;19;23;47m▆[48;2;19;25;46m[38;2;18;24;49m▄[48;2;36;17;51m[38;2;23;21;48m▎[48;2;26;22;49m[38;2;29;21;49m▄[48;2;94;20;60m[38;2;55;20;53m▌[48;2;185;80;133m[38;2;132;30;78m▊[48;2;144;61;110m[38;2;154;59;111m▄[48;2;97;35;84m[38;2;105;29;77m▄[48;2;143;74;127m[38;2;104;36;88m▌[48;2;88;30;87m[38;2;0;0;0m [48;2;76;40;81m[38;2;70;39;79m▄[48;2;58;18;36m[38;2;60;29;59m▊[48;2;57;17;33m[38;2;52;17;33m▂[48;2;52;18;31m[38;2;62;26;39m┏[48;2;48;21;30m[38;2;56;25;36m▖[48;2;43;24;32m[38;2;39;21;36m▁[48;2;36;26;37m[38;2;30;29;38m▃[48;2;42;23;33m[38;2;37;26;33m▄[48;2;43;17;60m[38;2;41;17;45m▊[48;2;56;19;88m[38;2;44;17;68m▌[48;2;56;28;89m[38;2;40;21;93m▂[48;2;64;57;105m[38;2;48;37;91m▌[48;2;93;77;125m[38;2;47;37;85m▎[48;2;73;41;102m[38;2;89;65;117m▌[48;2;46;18;47m[38;2;67;32;82m▊[48;2;45;22;27m[38;2;43;18;50m▅[48;2;32;16;54m[38;2;27;17;73m▗[48;2;12;14;95m[38;2;0;0;0m [48;2;5;16;214m[38;2;1;12;146m▖[48;2;0;7;220m[38;2;13;21;239m▂[48;2;2;18;211m[38;2;2;14;229m▄[48;2;0;6;127m[38;2;3;19;220m▆[48;2;0;6;80m[38;2;4;21;216m▄[48;2;1;0;46m[38;2;0;5;149m▂[48;2;3;0;23m[38;2;0;0;0m [48;2;22;9;15m[38;2;3;1;7m▆[48;2;27;9;12m[38;2;15;5;12m▃[48;2;37;13;22m[38;2;0;0;0m [48;2;32;9;18m[38;2;47;22;34m╺[48;2;25;8;18m[38;2;16;5;12m▝[48;2;10;6;15m[38;2;20;6;15m▆[48;2;4;3;10m[38;2;22;9;16m▅[48;2;2;1;5m[38;2;15;7;14m▁[48;2;0;0;4m[38;2;6;3;12m▁[48;2;1;0;5m[38;2;0;0;0m [48;2;54;5;31m[38;2;4;0;11m▇[48;2;152;46;24m[38;2;18;3;15m▆[48;2;199;86;44m[38;2;32;5;23m▃[48;2;227;138;64m[38;2;104;20;17m▂[48;2;221;99;21m[38;2;233;142;69m▄[48;2;229;97;10m[38;2;249;166;69m▃[48;2;241;140;39m[38;2;237;106;11m┳[48;2;254;185;52m[38;2;245;130;22m▄[48;2;254;202;43m[38;2;245;157;31m▄[0m
[48;2;248;205;65m[38;2;225;169;65m▝[48;2;233;180;81m[38;2;210;156;75m┗[48;2;202;153;79m[38;2;206;147;65m▄[48;2;217;158;62m[38;2;244;192;99m▚[48;2;168;95;36m[38;2;216;158;52m▆[48;2;152;79;46m[38;2;219;163;98m▃[48;2;135;66;47m[38;2;170;114;77m▁[48;2;87;30;23m[38;2;123;55;43m▄[48;2;92;25;14m[38;2;157;65;39m▝[48;2;174;68;34m[38;2;101;28;10m▁[48;2;186;99;39m[38;2;160;83;43m▄[48;2;202;178;147m[38;2;0;0;0m [48;2;43;41;47m[38;2;0;0;0m [48;2;46;28;37m[38;2;28;24;46m▖[48;2;74;32;30m[38;2;76;28;29m▄[48;2;84;29;71m[38;2;85;34;54m▌[48;2;77;40;122m[38;2;78;30;88m▊[48;2;40;19;140m[38;2;48;18;114m▌[48;2;29;21;162m[38;2;23;19;135m▗[48;2;28;19;99m[38;2;23;21;136m▘[48;2;63;19;69m[38;2;41;17;81m▌[48;2;67;19;65m[38;2;59;17;59m▘[48;2;51;18;39m[38;2;66;20;60m▎[48;2;47;22;27m[38;2;46;25;39m▁[48;2;27;21;47m[38;2;34;22;39m▎[48;2;26;22;52m[38;2;25;21;50m▃[48;2;26;22;52m[38;2;25;21;50m▂[48;2;34;17;48m[38;2;26;19;51m▊[48;2;29;18;50m[38;2;30;18;50m▄[48;2;48;17;47m[38;2;28;18;44m▊[48;2;90;22;54m[38;2;59;17;43m▌[48;2;97;23;63m[38;2;144;50;102m▝[48;2;144;42;103m[38;2;123;35;89m▄[48;2;110;23;79m[38;2;122;36;93m▅[48;2;125;49;108m[38;2;99;32;88m▆[48;2;83;42;88m[38;2;82;29;84m▌[48;2;76;33;78m[38;2;63;20;63m▗[48;2;49;19;49m[38;2;59;18;60m▌[48;2;39;26;36m[38;2;49;22;51m▘[48;2;50;23;31m[38;2;38;27;32m▌[48;2;48;18;46m[38;2;55;20;42m▊[48;2;27;18;45m[38;2;38;17;44m▌[48;2;34;25;45m[38;2;25;21;50m▌[48;2;47;20;20m[38;2;41;23;31m▎[48;2;32;17;63m[38;2;47;19;43m▌[48;2;20;19;90m[38;2;30;17;78m▎[48;2;29;23;94m[38;2;68;59;116m▗[48;2;105;86;129m[38;2;67;55;108m▌[48;2;110;81;120m[38;2;146;115;150m▖[48;2;82;45;102m[38;2;86;58;97m▄[48;2;59;19;52m[38;2;76;42;86m▊[48;2;53;18;44m[38;2;48;25;25m▃[48;2;44;17;55m[38;2;38;23;34m▃[48;2;34;16;68m[38;2;39;22;43m▄[48;2;17;19;160m[38;2;20;13;113m▌[48;2;3;18;216m[38;2;6;13;162m▖[48;2;3;18;236m[38;2;0;0;0m [48;2;0;12;240m[38;2;11;29;251m▂[48;2;0;13;234m[38;2;4;18;243m▊[48;2;0;13;198m[38;2;3;15;240m▅[48;2;0;1;112m[38;2;1;11;205m▆[48;2;0;0;59m[38;2;0;7;170m▃[48;2;3;1;27m[38;2;0;1;115m▁[48;2;4;2;11m[38;2;0;0;0m [48;2;21;10;13m[38;2;8;2;11m▆[48;2;23;5;18m[38;2;32;11;25m⎽[48;2;31;7;15m[38;2;0;0;0m [48;2;33;9;11m[38;2;32;7;19m▁[48;2;23;7;10m[38;2;31;7;13m▅[48;2;28;10;14m[38;2;12;4;13m▝[48;2;5;1;9m[38;2;24;7;14m▃[48;2;4;0;7m[38;2;15;3;13m▁[48;2;0;0;1m[38;2;3;0;7m▂[48;2;0;0;1m[38;2;0;0;0m━[48;2;9;0;9m[38;2;0;0;0m [48;2;125;26;20m[38;2;18;6;13m▅[48;2;188;79;35m[38;2;45;8;16m▃[48;2;219;117;51m[38;2;107;27;19m▁[48;2;252;148;45m[38;2;230;93;21m▁[48;2;234;121;10m[38;2;250;154;41m▅[0m
[48;2;254;228;87m[38;2;251;219;63m▝[48;2;249;208;72m[38;2;253;215;88m┃[48;2;231;176;72m[38;2;248;212;72m▃[48;2;211;157;75m[38;2;231;190;74m▄[48;2;226;180;79m[38;2;207;156;71m▄[48;2;220;166;62m[38;2;0;0;0m [48;2;227;173;103m[38;2;225;162;40m▄[48;2;149;85;46m[38;2;237;183;95m▆[48;2;128;63;32m[38;2;234;175;97m▂[48;2;90;25;10m[38;2;0;0;0m [48;2;190;159;146m[38;2;125;74;59m▊[48;2;51;36;49m[38;2;166;142;141m▌[48;2;33;32;27m[38;2;34;27;48m▌[48;2;59;18;29m[38;2;39;28;23m▌[48;2;78;22;37m[38;2;0;0;0m [48;2;84;49;98m[38;2;83;37;72m▊[48;2;56;26;109m[38;2;83;47;109m▘[48;2;48;25;138m[38;2;53;23;117m▄[48;2;39;23;126m[38;2;73;38;111m▅[48;2;55;18;62m[38;2;63;29;90m▌[48;2;57;20;62m[38;2;60;21;34m▄[48;2;60;26;59m[38;2;49;26;42m▂[48;2;43;22;49m[38;2;75;70;85m▗[48;2;30;21;44m[38;2;48;38;58m▌[48;2;24;18;45m[38;2;26;18;54m▁[48;2;24;19;47m[38;2;25;21;48m [48;2;24;19;48m[38;2;22;17;44m▄[48;2;36;18;53m[38;2;25;20;47m▊[48;2;24;19;47m[38;2;35;18;57m▊[48;2;51;17;47m[38;2;33;18;47m▊[48;2;89;19;54m[38;2;60;17;41m▌[48;2;106;33;78m[38;2;89;18;55m▌[48;2;100;23;73m[38;2;93;21;69m▄[48;2;84;23;76m[38;2;113;37;91m▊[48;2;88;32;85m[38;2;85;34;85m▄[48;2;70;41;90m[38;2;64;41;86m▄[48;2;48;17;56m[38;2;58;31;75m▊[48;2;55;19;46m[38;2;50;22;42m▄[48;2;46;26;25m[38;2;54;41;42m▗[48;2;45;28;34m[38;2;58;32;41m▂[48;2;47;19;49m[38;2;52;19;41m▊[48;2;30;19;50m[38;2;42;18;50m▎[48;2;32;28;38m[38;2;26;23;47m▊[48;2;46;20;23m[38;2;44;18;41m▁[48;2;35;17;55m[38;2;44;17;36m▎[48;2;20;18;77m[38;2;22;18;75m▄[48;2;51;49;106m[38;2;130;112;167m▗[48;2;122;88;138m[38;2;102;60;115m┏[48;2;122;85;128m[38;2;95;52;110m▄[48;2;68;33;77m[38;2;0;0;0m [48;2;63;26;59m[38;2;63;19;59m▄[48;2;47;21;29m[38;2;55;20;44m▃[48;2;43;23;22m[38;2;38;27;51m▁[48;2;33;30;50m[38;2;56;21;26m▗[48;2;72;33;62m[38;2;167;88;52m▄[48;2;65;39;91m[38;2;202;112;57m▂[48;2;7;22;187m[38;2;55;27;69m▄[48;2;17;33;217m[38;2;18;23;83m▁[48;2;6;24;240m[38;2;5;43;225m▁[48;2;7;25;244m[38;2;0;0;0m [48;2;3;16;245m[38;2;0;0;0m [48;2;0;11;222m[38;2;2;15;244m▆[48;2;0;2;154m[38;2;0;7;231m▇[48;2;0;3;77m[38;2;0;10;206m▃[48;2;2;1;28m[38;2;3;4;134m▂[48;2;10;2;14m[38;2;0;0;0m [48;2;26;7;17m[38;2;11;3;12m▅[48;2;26;8;22m[38;2;12;2;11m▁[48;2;32;7;16m[38;2;28;10;20m▄[48;2;33;10;15m[38;2;0;0;0m [48;2;30;6;9m[38;2;25;4;13m▄[48;2;18;4;13m[38;2;19;5;15m▄[48;2;10;3;12m[38;2;20;4;14m▅[48;2;7;1;10m[38;2;17;4;13m▃[48;2;2;0;4m[38;2;11;1;12m▁[48;2;0;0;2m[38;2;2;0;9m▃[48;2;0;1;12m[38;2;0;0;4m▆[48;2;17;3;11m[38;2;0;0;0m [48;2;161;51;17m[38;2;32;9;19m▅[48;2;202;99;29m[38;2;46;10;13m▂[0m
[48;2;254;222;81m[38;2;253;218;60m▅[48;2;255;228;82m[38;2;254;226;86m▄[48;2;252;227;80m[38;2;255;234;102m▄[48;2;244;202;73m[38;2;0;0;0m [48;2;237;183;72m[38;2;247;199;85m▗[48;2;236;189;57m[38;2;229;185;64m▄[48;2;237;174;53m[38;2;240;189;73m▄[48;2;219;145;44m[38;2;246;176;79m▖[48;2;240;184;90m[38;2;201;132;40m▄[48;2;225;177;112m[38;2;137;87;48m▝[48;2;113;84;68m[38;2;163;140;147m▝[48;2;57;28;58m[38;2;51;26;48m▄[48;2;45;27;55m[38;2;56;21;41m▊[48;2;66;25;34m[38;2;42;28;39m▊[48;2;84;29;68m[38;2;71;21;47m▌[48;2;88;43;96m[38;2;77;38;86m▆[48;2;55;28;100m[38;2;55;29;90m▗[48;2;77;44;121m[38;2;68;35;90m▇[48;2;80;38;80m[38;2;68;19;47m▂[48;2;75;29;66m[38;2;65;22;33m▃[48;2;60;23;50m[38;2;49;17;38m▎[48;2;28;24;47m[38;2;43;20;47m▊[48;2;107;106;124m[38;2;96;95;117m▄[48;2;29;21;42m[38;2;30;17;60m▄[48;2;25;17;57m[38;2;0;0;0m [48;2;23;18;53m[38;2;25;21;55m▄[48;2;25;18;45m[38;2;26;21;47m┃[48;2;18;25;46m[38;2;26;24;41m▊[48;2;32;20;48m[38;2;18;23;48m▊[48;2;64;17;35m[38;2;45;18;43m▌[48;2;85;19;38m[38;2;75;17;32m▎[48;2;91;20;55m[38;2;91;22;37m▎[48;2;113;30;85m[38;2;96;23;65m▌[48;2;93;24;81m[38;2;113;24;87m▘[48;2;80;30;79m[38;2;89;38;86m▘[48;2;49;21;62m[38;2;60;31;66m▊[48;2;47;18;64m[38;2;54;22;71m╵[48;2;49;20;55m[38;2;51;19;66m▖[48;2;50;23;33m[38;2;49;23;42m▎[48;2;54;26;37m[38;2;39;24;30m▁[48;2;44;22;46m[38;2;32;23;44m▃[48;2;32;20;49m[38;2;25;19;47m▄[48;2;28;28;41m[38;2;22;24;47m▊[48;2;43;21;37m[38;2;46;19;20m▗[48;2;42;17;50m[38;2;45;20;29m▄[48;2;28;26;64m[38;2;37;22;65m▎[48;2;111;100;137m[38;2;142;133;167m╏[48;2;133;89;146m[38;2;81;54;104m▄[48;2;81;48;98m[38;2;67;41;81m▄[48;2;61;21;64m[38;2;65;38;76m▊[48;2;62;24;58m[38;2;53;29;40m▁[48;2;49;24;43m[38;2;63;29;56m▄[48;2;37;22;57m[38;2;47;18;60m▅[48;2;158;81;57m[38;2;57;23;43m▊[48;2;221;104;33m[38;2;221;122;82m▎[48;2;226;106;14m[38;2;242;117;37m▁[48;2;182;98;69m[38;2;226;97;27m▆[48;2;67;45;74m[38;2;187;85;50m▆[48;2;9;35;175m[38;2;63;23;45m▅[48;2;4;21;218m[38;2;9;2;83m▃[48;2;6;23;226m[38;2;0;0;0m [48;2;4;15;245m[38;2;1;17;230m▃[48;2;2;13;248m[38;2;0;0;0m [48;2;2;10;247m[38;2;0;9;234m▝[48;2;0;4;178m[38;2;3;11;241m▅[48;2;0;2;75m[38;2;0;8;187m▄[48;2;1;0;37m[38;2;0;2;124m▃[48;2;4;0;20m[38;2;0;0;0m [48;2;26;11;23m[38;2;7;2;11m▅[48;2;27;12;24m[38;2;19;10;18m▄[48;2;33;14;27m[38;2;35;19;29m▄[48;2;24;7;15m[38;2;39;20;31m╸[48;2;24;4;14m[38;2;21;4;12m▄[48;2;23;3;16m[38;2;21;3;13m▄[48;2;18;2;14m[38;2;23;4;14m▅[48;2;11;4;12m[38;2;23;3;15m▆[48;2;6;1;10m[38;2;19;3;13m▃[48;2;1;0;3m[38;2;9;2;12m▁[48;2;0;0;0m[38;2;0;0;1m▄[48;2;4;0;11m[38;2;0;0;2m▆[0m
[48;2;253;207;55m[38;2;255;209;75m▖[48;2;254;217;75m[38;2;253;207;51m▅[48;2;254;228;89m[38;2;253;215;62m▖[48;2;253;227;93m[38;2;254;228;86m▄[48;2;249;215;80m[38;2;255;228;100m▂[48;2;238;195;76m[38;2;246;208;86m▄[48;2;240;193;78m[38;2;238;191;71m▄[48;2;244;186;73m[38;2;244;199;73m▄[48;2;212;141;37m[38;2;241;177;64m▅[48;2;203;150;116m[38;2;205;126;57m▌[48;2;80;60;62m[38;2;138;102;85m▎[48;2;44;25;54m[38;2;30;17;57m▄[48;2;58;20;43m[38;2;60;34;57m▝[48;2;65;28;52m[38;2;73;23;56m▄[48;2;79;39;76m[38;2;75;32;74m▄[48;2;80;49;87m[38;2;91;62;94m╵[48;2;78;39;82m[38;2;66;17;56m╵[48;2;74;34;81m[38;2;66;19;61m▗[48;2;64;17;36m[38;2;68;17;52m▌[48;2;53;17;34m[38;2;70;17;30m▘[48;2;56;18;50m[38;2;60;24;53m▄[48;2;55;38;56m[38;2;124;117;116m▗[48;2;39;35;44m[38;2;144;142;144m▌[48;2;35;22;63m[38;2;31;20;49m▄[48;2;25;17;57m[38;2;25;19;43m▂[48;2;26;20;49m[38;2;0;0;0m [48;2;25;19;45m[38;2;38;19;39m▁[48;2;23;23;42m[38;2;36;18;45m▂[48;2;38;22;52m[38;2;23;23;51m▊[48;2;75;20;47m[38;2;54;20;49m▌[48;2;86;19;40m[38;2;87;21;53m▂[48;2;93;24;52m[38;2;85;17;35m▌[48;2;90;28;66m[38;2;87;36;69m▃[48;2;82;35;78m[38;2;76;53;84m▗[48;2;64;31;67m[38;2;85;48;81m▘[48;2;53;22;60m[38;2;55;23;61m▄[48;2;44;17;58m[38;2;58;28;70m▊[48;2;44;17;45m[38;2;48;19;62m▘[48;2;48;28;37m[38;2;41;19;36m▃[48;2;36;26;32m[38;2;35;27;32m▄[48;2;27;28;41m[38;2;31;25;32m▂[48;2;22;22;49m[38;2;20;27;47m─[48;2;23;26;45m[38;2;22;19;51m▂[48;2;43;20;34m[38;2;38;23;57m▃[48;2;52;29;58m[38;2;0;0;0m [48;2;46;41;77m[38;2;182;182;183m▁[48;2;45;44;73m[38;2;210;211;211m▃[48;2;50;43;67m[38;2;236;236;236m▄[48;2;67;61;69m[38;2;238;238;238m▅[48;2;55;53;54m[38;2;239;239;239m▅[48;2;46;44;45m[38;2;226;226;226m▅[48;2;49;42;45m[38;2;231;231;231m▄[48;2;39;29;50m[38;2;207;207;207m▄[48;2;92;70;74m[38;2;225;226;225m▂[48;2;203;112;94m[38;2;70;44;45m▄[48;2;191;91;55m[38;2;0;0;0m [48;2;239;95;28m[38;2;205;70;31m▄[48;2;229;86;18m[38;2;213;67;13m▄[48;2;223;94;30m[38;2;0;0;0m [48;2;69;22;35m[38;2;184;64;18m▅[48;2;48;22;67m[38;2;199;91;66m▂[48;2;12;27;186m[38;2;28;9;51m▄[48;2;0;21;223m[38;2;3;8;124m▂[48;2;1;12;243m[38;2;0;5;220m▁[48;2;3;14;248m[38;2;2;10;240m▄[48;2;1;13;235m[38;2;1;16;243m▚[48;2;0;6;174m[38;2;1;11;230m▆[48;2;0;2;111m[38;2;0;7;220m▄[48;2;0;1;54m[38;2;0;6;172m▄[48;2;1;1;37m[38;2;0;6;137m▂[48;2;3;2;21m[38;2;0;0;0m [48;2;22;11;21m[38;2;3;1;8m▅[48;2;20;9;18m[38;2;8;3;11m▄[48;2;17;6;15m[38;2;22;13;22m▁[48;2;21;7;18m[38;2;32;25;36m▂[48;2;24;6;16m[38;2;0;0;0m [48;2;26;7;11m[38;2;0;0;0m [48;2;16;3;12m[38;2;26;7;10m▄[48;2;9;2;11m[38;2;19;7;11m▃[48;2;6;1;8m[38;2;16;8;15m▄[0m
[48;2;254;207;60m[38;2;253;201;55m▄[48;2;252;206;56m[38;2;252;198;51m▄[48;2;253;208;57m[38;2;253;205;63m▄[48;2;254;218;72m[38;2;244;200;47m▂[48;2;255;229;101m[38;2;252;224;86m▄[48;2;250;224;87m[38;2;254;233;107m▚[48;2;246;209;80m[38;2;252;225;91m▄[48;2;249;207;81m[38;2;236;193;62m▚[48;2;243;195;88m[38;2;239;204;95m▄[48;2;114;75;81m[38;2;200;157;101m▊[48;2;40;20;52m[38;2;75;39;62m▊[48;2;27;21;49m[38;2;33;24;38m▁[48;2;54;17;44m[38;2;59;19;52m▄[48;2;77;25;61m[38;2;62;17;52m▃[48;2;68;20;61m[38;2;61;18;52m▄[48;2;78;41;73m[38;2;74;26;65m▃[48;2;73;21;62m[38;2;68;19;56m▄[48;2;64;17;47m[38;2;74;19;57m╸[48;2;60;18;42m[38;2;73;21;54m▘[48;2;50;17;29m[38;2;49;18;40m▄[48;2;51;35;46m[38;2;48;19;29m▌[48;2;155;145;148m[38;2;90;79;84m▌[48;2;61;41;55m[38;2;0;0;0m [48;2;23;23;46m[38;2;19;17;31m╵[48;2;27;22;41m[38;2;25;26;38m▄[48;2;32;21;42m[38;2;24;29;41m▎[48;2;43;17;41m[38;2;30;22;43m▎[48;2;37;17;52m[38;2;45;18;44m▊[48;2;56;17;56m[38;2;35;17;46m▌[48;2;86;19;59m[38;2;60;17;51m▎[48;2;82;17;45m[38;2;92;18;58m▘[48;2;86;17;40m[38;2;78;17;41m▇[48;2;73;37;76m[38;2;88;35;69m▊[48;2;55;38;81m[38;2;73;60;90m┛[48;2;49;26;73m[38;2;52;36;75m╴[48;2;66;33;71m[38;2;59;22;64m▚[48;2;57;20;57m[38;2;51;17;51m▅[48;2;50;17;39m[38;2;48;17;51m▎[48;2;36;21;43m[38;2;46;17;39m▊[48;2;35;23;41m[38;2;38;28;30m▝[48;2;34;23;40m[38;2;37;28;30m▘[48;2;33;20;47m[38;2;37;31;37m▁[48;2;48;39;58m[38;2;0;0;0m [48;2;70;69;74m[38;2;209;209;209m▃[48;2;109;109;111m[38;2;228;228;228m▆[48;2;240;240;240m[38;2;255;255;255m▃[48;2;251;251;251m[38;2;248;248;248m▄[48;2;252;252;252m[38;2;249;249;249m▂[48;2;253;253;253m[38;2;255;255;255m┣[48;2;253;253;253m[38;2;255;255;255m▇[48;2;255;255;255m[38;2;255;255;255m [48;2;255;255;255m[38;2;253;253;253m [48;2;253;253;253m[38;2;255;255;255m▄[48;2;237;237;237m[38;2;245;245;245m▄[48;2;213;212;212m[38;2;0;0;0m [48;2;79;61;57m[38;2;199;198;198m▖[48;2;184;103;88m[38;2;41;23;23m▖[48;2;177;58;31m[38;2;0;0;0m [48;2;212;63;6m[38;2;0;0;0m [48;2;226;68;11m[38;2;0;0;0m [48;2;233;85;26m[38;2;209;56;10m▌[48;2;109;49;36m[38;2;214;80;23m▇[48;2;64;20;57m[38;2;190;67;33m▄[48;2;43;20;120m[38;2;151;56;61m▁[48;2;5;11;201m[38;2;23;18;102m▂[48;2;0;11;235m[38;2;3;20;209m▂[48;2;3;18;244m[38;2;0;0;0m [48;2;4;17;243m[38;2;12;25;248m▖[48;2;0;12;220m[38;2;1;14;239m▇[48;2;0;7;177m[38;2;4;16;235m▅[48;2;0;3;105m[38;2;0;15;198m▆[48;2;0;2;54m[38;2;0;16;174m▃[48;2;0;1;26m[38;2;0;8;110m▁[48;2;23;14;23m[38;2;6;3;14m▇[48;2;27;20;33m[38;2;16;7;17m▇[48;2;24;15;24m[38;2;40;25;34m▝[48;2;38;19;24m[38;2;62;42;48m╵[48;2;30;10;12m[38;2;78;58;66m▁[48;2;25;10;13m[38;2;24;6;15m▁[48;2;25;4;14m[38;2;26;8;14m▌[0m
[48;2;248;202;54m[38;2;254;216;85m▂[48;2;254;205;62m[38;2;248;199;47m▆[48;2;254;208;66m[38;2;249;199;42m▇[48;2;248;202;54m[38;2;250;202;42m▄[48;2;252;215;76m[38;2;248;202;54m▆[48;2;253;224;81m[38;2;248;210;61m▖[48;2;251;230;96m[38;2;253;229;93m▄[48;2;253;221;87m[38;2;254;228;106m┓[48;2;245;215;95m[38;2;201;169;69m▝[48;2;101;77;61m[38;2;235;206;131m▎[48;2;52;28;49m[38;2;89;69;89m▎[48;2;40;30;36m[38;2;56;27;32m▄[48;2;57;18;49m[38;2;64;27;61m▅[48;2;59;24;43m[38;2;64;32;60m▊[48;2;57;17;41m[38;2;56;17;35m▄[48;2;71;21;53m[38;2;61;19;40m▆[48;2;51;22;39m[38;2;48;23;28m⎽[48;2;55;18;26m[38;2;57;17;38m▃[48;2;52;18;37m[38;2;49;18;48m▂[48;2;44;24;54m[38;2;46;17;44m▘[48;2;106;106;102m[38;2;54;44;61m▊[48;2;73;68;79m[38;2;124;122;123m▌[48;2;41;23;51m[38;2;30;22;51m▆[48;2;17;33;37m[38;2;19;24;46m▌[48;2;27;28;37m[38;2;21;29;38m▎[48;2;36;24;42m[38;2;32;30;39m▌[48;2;43;18;42m[38;2;32;24;44m▎[48;2;45;18;44m[38;2;0;0;0m [48;2;67;17;57m[38;2;41;17;44m▌[48;2;86;18;47m[38;2;74;17;34m▂[48;2;76;17;32m[38;2;85;17;41m▘[48;2;80;17;42m[38;2;86;19;65m▗[48;2;67;31;83m[38;2;83;27;77m▊[48;2;44;30;83m[38;2;58;39;86m▊[48;2;54;29;81m[38;2;75;28;80m▃[48;2;57;19;62m[38;2;49;22;27m▃[48;2;54;20;53m[38;2;41;27;30m▃[48;2;57;24;50m[38;2;66;48;69m▂[48;2;51;24;37m[38;2;70;31;69m▖[48;2;42;24;37m[38;2;58;19;29m▁[48;2;42;25;44m[38;2;78;71;74m▗[48;2;70;67;68m[38;2;165;165;164m▄[48;2;219;219;219m[38;2;0;0;0m [48;2;245;245;245m[38;2;0;0;0m [48;2;250;250;250m[38;2;242;242;242m╴[48;2;249;249;249m[38;2;232;232;232m▂[48;2;239;239;239m[38;2;230;230;230m▁[48;2;218;218;218m[38;2;69;69;69m▁[48;2;239;239;239m[38;2;68;68;68m▄[48;2;215;215;215m[38;2;51;51;51m▂[48;2;232;232;232m[38;2;0;0;0m [48;2;255;255;255m[38;2;244;244;244m▄[48;2;255;255;255m[38;2;251;251;251m▃[48;2;255;255;255m[38;2;252;252;252m [48;2;222;222;222m[38;2;243;243;243m▊[48;2;151;151;151m[38;2;206;206;206m▊[48;2;69;67;68m[38;2;168;168;168m▖[48;2;68;44;51m[38;2;128;83;96m┗[48;2;127;40;52m[38;2;0;0;0m [48;2;192;41;14m[38;2;110;31;41m▃[48;2;194;35;9m[38;2;147;19;25m▁[48;2;235;71;18m[38;2;223;49;2m▄[48;2;226;71;13m[38;2;235;77;12m▄[48;2;235;84;25m[38;2;175;53;37m▝[48;2;87;44;57m[38;2;195;77;41m▅[48;2;43;29;85m[38;2;187;111;95m▁[48;2;11;23;159m[38;2;27;14;50m▂[48;2;2;10;219m[38;2;29;32;145m▃[48;2;5;20;237m[38;2;2;21;215m▂[48;2;5;23;249m[38;2;2;18;247m▇[48;2;8;38;242m[38;2;3;25;243m▊[48;2;4;29;227m[38;2;26;56;246m▘[48;2;1;18;171m[38;2;11;41;235m▅[48;2;0;4;80m[38;2;1;27;204m▄[48;2;1;1;46m[38;2;0;6;159m▂[48;2;2;1;17m[38;2;0;0;0m [48;2;27;12;22m[38;2;9;3;12m▇[48;2;65;47;56m[38;2;20;8;18m▆[48;2;38;17;27m[38;2;29;16;25m▄[48;2;31;8;16m[38;2;0;0;0m [0m
[48;2;243;188;80m[38;2;214;130;57m▖[48;2;244;195;51m[38;2;252;205;81m▄[48;2;252;198;44m[38;2;251;201;58m▄[48;2;252;193;28m[38;2;255;199;49m╴[48;2;249;198;48m[38;2;252;190;35m▄[48;2;247;208;55m[38;2;251;206;59m▄[48;2;254;224;87m[38;2;246;206;60m▄[48;2;251;227;87m[38;2;253;217;89m▄[48;2;252;230;149m[38;2;246;223;93m▌[48;2;117;87;83m[38;2;221;195;142m▎[48;2;62;26;46m[38;2;0;0;0m [48;2;59;21;31m[38;2;56;20;43m▃[48;2;52;21;40m[38;2;55;26;55m▝[48;2;57;21;34m[38;2;59;30;56m▘[48;2;59;17;34m[38;2;55;17;32m▊[48;2;64;24;41m[38;2;73;44;56m▝[48;2;42;24;35m[38;2;55;34;41m▌[48;2;56;18;42m[38;2;46;18;42m▃[48;2;50;19;51m[38;2;49;17;45m▌[48;2;61;38;65m[38;2;45;19;47m▘[48;2;118;111;124m[38;2;85;71;87m▅[48;2;42;29;52m[38;2;85;74;89m▎[48;2;26;21;47m[38;2;35;22;49m▃[48;2;21;23;47m[38;2;0;0;0m [48;2;29;29;37m[38;2;25;27;39m▊[48;2;34;30;38m[38;2;32;32;40m▎[48;2;45;18;41m[38;2;36;25;45m▎[48;2;53;19;57m[38;2;46;19;44m▊[48;2;67;19;45m[38;2;47;17;49m▎[48;2;74;19;20m[38;2;0;0;0m [48;2;82;17;31m[38;2;74;18;23m▊[48;2;88;31;69m[38;2;84;17;39m▌[48;2;77;38;82m[38;2;57;22;79m▝[48;2;55;34;86m[38;2;63;38;89m▄[48;2;64;27;79m[38;2;52;21;80m▖[48;2;47;19;37m[38;2;61;31;67m▅[48;2;43;30;55m[38;2;58;35;75m▄[48;2;70;34;66m[38;2;0;0;0m [48;2;61;19;56m[38;2;74;25;56m▆[48;2;64;44;60m[38;2;90;86;89m╺[48;2;179;179;179m[38;2;101;98;99m▌[48;2;220;220;220m[38;2;200;200;200m▘[48;2;245;245;245m[38;2;236;236;236m▁[48;2;243;243;243m[38;2;219;219;219m▂[48;2;238;238;238m[38;2;228;228;228m▄[48;2;225;225;225m[38;2;0;0;0m [48;2;60;60;60m[38;2;190;190;190m▘[48;2;57;57;57m[38;2;48;48;48m▄[48;2;45;45;45m[38;2;77;77;77m▘[48;2;38;38;38m[38;2;38;38;38m▄[48;2;196;196;196m[38;2;47;47;47m▊[48;2;242;242;242m[38;2;222;222;222m┏[48;2;240;240;240m[38;2;220;220;220m╴[48;2;255;255;255m[38;2;253;253;253m╴[48;2;239;239;239m[38;2;250;250;250m▊[48;2;205;205;205m[38;2;235;235;235m▌[48;2;183;183;183m[38;2;198;198;198m▄[48;2;85;84;85m[38;2;187;187;187m▎[48;2;65;51;58m[38;2;160;160;160m▁[48;2;120;68;82m[38;2;47;38;40m▅[48;2;111;34;48m[38;2;38;14;30m▃[48;2;194;51;26m[38;2;100;22;26m▄[48;2;220;53;16m[38;2;151;28;24m▂[48;2;231;59;7m[38;2;0;0;0m [48;2;229;62;10m[38;2;255;96;47m━[48;2;216;78;33m[38;2;0;0;0m [48;2;184;76;55m[38;2;54;22;34m▝[48;2;47;17;44m[38;2;175;36;29m▁[48;2;30;30;148m[38;2;42;2;28m▃[48;2;17;15;199m[38;2;153;81;163m▂[48;2;19;7;218m[38;2;202;67;201m▁[48;2;12;14;238m[38;2;172;56;201m▂[48;2;29;60;236m[38;2;189;31;135m▂[48;2;17;40;244m[38;2;194;32;161m▃[48;2;36;34;231m[38;2;235;71;163m▁[48;2;5;0;113m[38;2;30;17;205m▆[48;2;0;6;77m[38;2;8;17;211m▃[48;2;1;3;54m[38;2;0;27;178m▁[48;2;9;3;17m[38;2;2;0;47m▁[48;2;30;14;25m[38;2;9;2;12m▅[0m
[48;2;187;110;35m[38;2;170;89;39m▊[48;2;232;170;64m[38;2;190;118;37m▃[48;2;246;204;87m[38;2;0;0;0m [48;2;247;194;47m[38;2;248;208;81m▃[48;2;245;183;44m[38;2;246;178;26m▘[48;2;235;181;32m[38;2;244;168;28m▄[48;2;249;202;58m[38;2;246;186;56m▄[48;2;248;205;75m[38;2;240;190;54m▊[48;2;236;211;122m[38;2;245;209;86m▌[48;2;139;118;92m[38;2;178;162;127m▅[48;2;66;27;48m[38;2;0;0;0m [48;2;53;17;50m[38;2;49;17;29m▗[48;2;53;22;38m[38;2;58;18;60m▗[48;2;55;22;33m[38;2;61;21;54m▄[48;2;57;17;36m[38;2;66;17;37m╺[48;2;57;19;38m[38;2;69;22;42m▘[48;2;46;28;36m[38;2;48;28;48m▃[48;2;44;23;45m[38;2;57;26;48m▄[48;2;56;27;57m[38;2;65;31;42m▄[48;2;89;71;90m[38;2;169;160;171m╵[48;2;69;49;72m[38;2;108;95;115m│[48;2;51;19;53m[38;2;51;18;52m▄[48;2;42;20;52m[38;2;38;21;52m▄[48;2;30;20;49m[38;2;26;18;46m▄[48;2;28;26;39m[38;2;27;24;36m▅[48;2;34;27;41m[38;2;29;28;36m▄[48;2;40;20;44m[38;2;30;27;42m▄[48;2;40;20;45m[38;2;0;0;0m [48;2;69;24;67m[38;2;46;17;54m▌[48;2;74;18;38m[38;2;62;23;64m▅[48;2;83;17;51m[38;2;68;29;69m▅[48;2;72;28;67m[38;2;73;41;87m▅[48;2;67;45;87m[38;2;67;34;85m┻[48;2;50;28;75m[38;2;0;0;0m [48;2;38;30;56m[38;2;26;29;29m╺[48;2;63;33;63m[38;2;53;26;44m╸[48;2;65;37;63m[38;2;120;118;118m▁[48;2;88;66;71m[38;2;132;131;131m▗[48;2;90;69;66m[38;2;124;123;123m▆[48;2;85;85;85m[38;2;0;0;0m [48;2;221;221;221m[38;2;0;0;0m [48;2;215;215;215m[38;2;231;231;231m▇[48;2;228;228;228m[38;2;212;212;212m▝[48;2;228;228;228m[38;2;224;224;224m▄[48;2;229;229;229m[38;2;228;228;228m▄[48;2;228;228;228m[38;2;55;55;55m▝[48;2;61;61;61m[38;2;0;0;0m [48;2;47;47;47m[38;2;35;35;35m▆[48;2;54;54;54m[38;2;35;35;35m▇[48;2;35;35;35m[38;2;129;129;129m▗[48;2;209;209;209m[38;2;81;81;81m▘[48;2;227;227;227m[38;2;232;232;232m▄[48;2;250;250;250m[38;2;244;244;244m▌[48;2;255;255;255m[38;2;251;251;251m▄[48;2;255;255;255m[38;2;252;252;252m▂[48;2;247;247;247m[38;2;235;235;235m▝[48;2;243;243;243m[38;2;216;216;216m▘[48;2;206;206;206m[38;2;243;243;243m▇[48;2;234;234;234m[38;2;0;0;0m [48;2;228;228;228m[38;2;0;0;0m [48;2;65;63;65m[38;2;214;213;213m▅[48;2;87;60;65m[38;2;160;157;157m▁[48;2;191;17;36m[38;2;134;35;50m▌[48;2;215;11;10m[38;2;0;0;0m [48;2;220;35;0m[38;2;237;10;6m▆[48;2;254;65;20m[38;2;242;11;9m▇[48;2;238;16;12m[38;2;255;47;52m▁[48;2;240;15;16m[38;2;255;78;81m▁[48;2;224;11;18m[38;2;255;109;112m▂[48;2;148;7;37m[38;2;234;38;53m▇[48;2;227;9;45m[38;2;254;96;112m▃[48;2;226;6;32m[38;2;254;93;102m▃[48;2;233;4;29m[38;2;251;90;95m▃[48;2;241;5;22m[38;2;247;54;65m▄[48;2;240;0;54m[38;2;242;7;25m▇[48;2;207;25;161m[38;2;231;7;32m▇[48;2;67;26;204m[38;2;191;8;86m▆[48;2;37;29;216m[38;2;141;43;204m▁[48;2;0;7;88m[38;2;2;34;206m▆[48;2;2;5;54m[38;2;7;34;183m▃[0m
[48;2;207;150;90m[38;2;218;187;115m▆[48;2;176;102;36m[38;2;204;153;93m▖[48;2;211;150;49m[38;2;186;110;33m▄[48;2;248;206;97m[38;2;221;160;65m▖[48;2;247;204;82m[38;2;247;209;99m▁[48;2;242;181;49m[38;2;238;188;59m▄[48;2;234;165;27m[38;2;0;0;0m [48;2;248;193;54m[38;2;225;161;20m▅[48;2;236;202;123m[38;2;235;184;72m▊[48;2;161;142;100m[38;2;211;198;161m┃[48;2;72;44;53m[38;2;0;0;0m [48;2;62;21;39m[38;2;61;25;56m▌[48;2;56;17;33m[38;2;55;17;53m▝[48;2;58;17;43m[38;2;58;17;56m▘[48;2;62;17;43m[38;2;50;21;44m▂[48;2;52;21;44m[38;2;38;27;42m▄[48;2;37;35;41m[38;2;0;0;0m [48;2;71;64;57m[38;2;0;0;0m [48;2;91;77;77m[38;2;151;139;138m▄[48;2;58;54;59m[38;2;132;121;124m▎[48;2;34;28;47m[38;2;0;0;0m [48;2;45;18;50m[38;2;32;18;50m▂[48;2;43;18;50m[38;2;38;17;44m┗[48;2;31;20;46m[38;2;42;17;48m▄[48;2;32;24;40m[38;2;44;20;42m▂[48;2;33;27;40m[38;2;40;19;41m▂[48;2;31;24;40m[38;2;42;20;41m▂[48;2;34;21;40m[38;2;32;22;37m╴[48;2;51;22;67m[38;2;41;17;45m▌[48;2;55;26;81m[38;2;0;0;0m [48;2;54;25;81m[38;2;68;47;92m▘[48;2;51;34;83m[38;2;31;28;57m▗[48;2;41;36;68m[38;2;0;0;0m [48;2;45;34;62m[38;2;119;119;119m▂[48;2;71;65;76m[38;2;199;199;198m▂[48;2;98;95;98m[38;2;218;218;218m▅[48;2;159;159;159m[38;2;219;219;219m▆[48;2;120;120;120m[38;2;228;228;228m▆[48;2;156;156;156m[38;2;220;220;220m▅[48;2;144;144;144m[38;2;209;209;209m▅[48;2;209;209;209m[38;2;169;169;169m╵[48;2;235;235;235m[38;2;219;219;219m▂[48;2;241;241;241m[38;2;248;248;248m▗[48;2;229;229;229m[38;2;237;237;237m▌[48;2;229;229;229m[38;2;222;222;222m▌[48;2;228;228;228m[38;2;219;219;219m▄[48;2;215;215;215m[38;2;0;0;0m [48;2;70;70;70m[38;2;212;212;212m▆[48;2;83;83;83m[38;2;215;215;215m▆[48;2;213;213;213m[38;2;0;0;0m [48;2;220;220;220m[38;2;226;226;226m▆[48;2;238;238;238m[38;2;224;224;224m▎[48;2;254;254;254m[38;2;255;255;255m▃[48;2;245;245;245m[38;2;254;254;254m▅[48;2;248;248;248m[38;2;250;250;250m▄[48;2;239;239;239m[38;2;249;249;249m▅[48;2;242;242;242m[38;2;227;227;227m╺[48;2;243;243;243m[38;2;0;0;0m [48;2;245;245;245m[38;2;232;232;232m╵[48;2;243;243;243m[38;2;236;236;236m▂[48;2;222;222;222m[38;2;231;231;231m▖[48;2;214;214;214m[38;2;0;0;0m [48;2;157;93;94m[38;2;196;191;191m▃[48;2;230;13;17m[38;2;117;30;30m▖[48;2;242;6;9m[38;2;0;0;0m [48;2;246;7;12m[38;2;0;0;0m [48;2;255;62;68m[38;2;240;5;6m▇[48;2;254;51;58m[38;2;241;2;7m▇[48;2;244;43;50m[38;2;235;2;5m▇[48;2;241;34;41m[38;2;234;1;3m▇[48;2;232;4;8m[38;2;180;0;6m▁[48;2;229;3;8m[38;2;148;0;5m▂[48;2;212;1;8m[38;2;96;0;1m▂[48;2;213;0;5m[38;2;106;3;0m▂[48;2;236;0;3m[38;2;0;0;0m [48;2;237;2;5m[38;2;249;20;33m▝[48;2;248;13;19m[38;2;218;2;12m▝[48;2;206;59;133m[38;2;222;9;31m▄[48;2;59;33;209m[38;2;200;53;141m▃[48;2;17;53;225m[38;2;0;0;0m [0m
[48;2;241;218;117m[38;2;251;208;54m▖[48;2;207;172;105m[38;2;235;217;135m▄[48;2;207;134;72m[38;2;220;183;116m▄[48;2;212;154;76m[38;2;166;105;35m━[48;2;234;189;81m[38;2;199;145;41m▁[48;2;249;204;78m[38;2;249;221;101m▃[48;2;242;193;64m[38;2;225;160;32m▝[48;2;234;161;30m[38;2;237;173;45m▄[48;2;211;140;41m[38;2;213;150;61m▄[48;2;212;198;174m[38;2;156;113;73m▌[48;2;89;72;76m[38;2;189;180;165m▌[48;2;72;45;63m[38;2;86;77;90m━[48;2;57;23;31m[38;2;47;29;51m▄[48;2;45;20;42m[38;2;46;19;54m▄[48;2;36;25;46m[38;2;63;16;35m▂[48;2;51;38;48m[38;2;136;94;96m▃[48;2;165;137;137m[38;2;87;58;62m▚[48;2;183;156;130m[38;2;108;76;45m╴[48;2;80;59;66m[38;2;131;103;96m▌[48;2;26;24;51m[38;2;56;33;58m▘[48;2;22;24;48m[38;2;38;18;43m▄[48;2;27;21;50m[38;2;45;18;43m━[48;2;45;17;50m[38;2;28;25;51m▂[48;2;46;17;49m[38;2;28;21;49m▂[48;2;47;19;42m[38;2;40;21;51m▃[48;2;41;17;43m[38;2;36;17;63m▃[48;2;46;19;43m[38;2;38;17;53m▄[48;2;44;23;31m[38;2;46;18;44m▌[48;2;42;24;35m[38;2;64;24;42m▗[48;2;63;37;70m[38;2;0;0;0m [48;2;63;48;68m[38;2;204;204;204m▃[48;2;97;89;89m[38;2;202;201;201m▄[48;2;136;136;135m[38;2;242;242;242m▅[48;2;200;200;200m[38;2;246;246;246m▇[48;2;255;255;255m[38;2;252;252;252m▄[48;2;251;251;251m[38;2;236;236;236m▗[48;2;244;244;244m[38;2;229;229;229m▗[48;2;244;244;244m[38;2;229;229;229m╸[48;2;229;229;229m[38;2;248;248;248m▆[48;2;245;245;245m[38;2;0;0;0m [48;2;253;253;253m[38;2;255;255;255m┓[48;2;217;217;217m[38;2;0;0;0m [48;2;225;225;225m[38;2;141;141;141m▁[48;2;249;249;249m[38;2;241;241;241m▝[48;2;232;232;232m[38;2;248;248;248m▄[48;2;224;224;224m[38;2;238;238;238m▄[48;2;225;225;225m[38;2;235;235;235m╹[48;2;216;216;216m[38;2;228;228;228m╶[48;2;215;215;215m[38;2;222;222;222m▄[48;2;230;230;230m[38;2;234;234;234m▄[48;2;239;239;239m[38;2;249;249;249m┏[48;2;245;245;245m[38;2;0;0;0m [48;2;250;250;250m[38;2;241;241;241m▗[48;2;232;232;232m[38;2;0;0;0m [48;2;225;225;225m[38;2;67;67;67m▄[48;2;223;223;223m[38;2;55;55;55m▅[48;2;184;184;184m[38;2;83;83;83m▅[48;2;205;205;205m[38;2;71;71;71m▃[48;2;217;217;217m[38;2;0;0;0m [48;2;239;239;239m[38;2;235;235;235m▄[48;2;218;218;218m[38;2;232;232;232m▌[48;2;233;233;233m[38;2;220;220;220m▗[48;2;216;216;216m[38;2;236;236;236m▅[48;2;118;82;82m[38;2;190;186;185m▌[48;2;178;33;35m[38;2;104;82;85m▃[48;2;210;0;6m[38;2;83;16;28m▅[48;2;188;0;1m[38;2;75;16;24m▅[48;2;208;20;19m[38;2;87;31;31m▅[48;2;203;61;44m[38;2;130;71;54m▃[48;2;236;37;31m[38;2;198;87;58m▇[48;2;186;75;55m[38;2;110;11;6m▝[48;2;99;21;16m[38;2;0;0;0m [48;2;68;4;21m[38;2;63;15;33m▝[48;2;48;3;10m[38;2;0;0;0m [48;2;163;0;1m[38;2;76;0;0m▃[48;2;229;0;4m[38;2;0;0;0m [48;2;244;0;5m[38;2;246;0;3m▄[48;2;244;11;26m[38;2;243;4;2m▆[48;2;229;5;16m[38;2;0;0;0m [48;2;102;28;172m[38;2;212;23;86m▆[0m
[48;2;251;216;49m[38;2;250;223;96m▖[48;2;239;221;90m[38;2;247;214;48m▃[48;2;229;210;118m[38;2;248;227;127m▄[48;2;220;178;97m[38;2;242;210;136m▄[48;2;207;150;48m[38;2;237;193;95m▅[48;2;244;194;92m[38;2;231;181;60m▄[48;2;230;187;64m[38;2;251;212;100m▇[48;2;239;187;69m[38;2;248;208;103m▖[48;2;217;157;65m[38;2;228;173;65m▄[48;2;146;98;58m[38;2;217;150;82m▂[48;2;221;199;174m[38;2;149;99;58m▃[48;2;87;55;48m[38;2;203;183;153m▅[48;2;90;56;51m[38;2;227;213;178m▃[48;2;90;48;58m[38;2;235;225;185m▄[48;2;109;65;61m[38;2;208;187;137m▅[48;2;204;159;110m[38;2;142;96;74m▝[48;2;216;168;137m[38;2;156;99;65m▊[48;2;155;86;68m[38;2;241;190;163m▌[48;2;72;36;34m[38;2;162;15;21m▁[48;2;32;31;52m[38;2;100;9;20m▃[48;2;57;23;54m[38;2;137;7;20m▃[48;2;59;20;37m[38;2;149;3;8m▂[48;2;55;20;33m[38;2;137;5;8m▃[48;2;79;15;21m[38;2;176;1;9m▂[48;2;85;13;24m[38;2;187;1;2m▃[48;2;84;12;26m[38;2;197;1;6m▄[48;2;102;11;19m[38;2;220;0;7m▄[48;2;80;13;14m[38;2;202;15;18m▅[48;2;109;49;55m[38;2;164;153;152m▁[48;2;193;192;192m[38;2;0;0;0m [48;2;215;215;215m[38;2;241;241;241m▆[48;2;255;255;255m[38;2;250;250;250m▄[48;2;255;255;255m[38;2;253;253;253m▄[48;2;248;248;248m[38;2;0;0;0m [48;2;239;239;239m[38;2;0;0;0m [48;2;245;245;245m[38;2;223;223;223m╴[48;2;238;238;238m[38;2;0;0;0m [48;2;242;242;242m[38;2;226;226;226m╵[48;2;241;241;241m[38;2;224;224;224m▗[48;2;235;235;235m[38;2;216;216;216m▗[48;2;238;238;238m[38;2;224;224;224m⎼[48;2;247;247;247m[38;2;227;227;227m▖[48;2;203;203;203m[38;2;101;101;101m┗[48;2;219;219;219m[38;2;55;55;55m▄[48;2;234;234;234m[38;2;73;73;73m▃[48;2;213;213;213m[38;2;113;113;113m▁[48;2;255;255;255m[38;2;252;252;252m▃[48;2;234;234;234m[38;2;244;244;244m▇[48;2;236;236;236m[38;2;161;161;161m▁[48;2;248;248;248m[38;2;234;234;234m▄[48;2;243;243;243m[38;2;227;227;227m▄[48;2;234;234;234m[38;2;211;211;211m▂[48;2;228;228;228m[38;2;82;82;82m▗[48;2;69;69;69m[38;2;0;0;0m [48;2;37;37;37m[38;2;55;55;55m▘[48;2;52;52;52m[38;2;33;33;33m▆[48;2;41;41;41m[38;2;0;0;0m [48;2;74;74;74m[38;2;0;0;0m [48;2;238;238;238m[38;2;135;135;135m▘[48;2;243;243;243m[38;2;239;239;239m▄[48;2;234;234;234m[38;2;236;236;236m▄[48;2;234;234;234m[38;2;243;243;243m╹[48;2;213;213;213m[38;2;231;231;231m▊[48;2;210;210;210m[38;2;181;181;181m╵[48;2;111;107;107m[38;2;199;198;198m▇[48;2;33;24;28m[38;2;145;143;143m▖[48;2;86;63;76m[38;2;40;24;34m▊[48;2;63;35;45m[38;2;108;77;94m▖[48;2;90;45;58m[38;2;56;19;30m▊[48;2;154;82;72m[38;2;104;54;66m▅[48;2;182;102;71m[38;2;128;69;55m▄[48;2;198;117;77m[38;2;158;78;59m▄[48;2;110;22;17m[38;2;186;77;65m▃[48;2;72;12;17m[38;2;123;21;16m▖[48;2;48;11;18m[38;2;61;4;13m▂[48;2;77;1;3m[38;2;160;0;2m▝[48;2;225;0;2m[38;2;146;0;3m▖[48;2;244;0;1m[38;2;0;0;0m [48;2;245;1;1m[38;2;238;1;1m▗[48;2;240;0;7m[38;2;0;0;0m [0m
[48;2;245;211;100m[38;2;234;180;86m▄[48;2;247;202;34m[38;2;251;210;80m▆[48;2;248;219;94m[38;2;241;205;37m▆[48;2;238;213;117m[38;2;247;210;63m▖[48;2;233;208;120m[38;2;223;205;127m▄[48;2;240;202;110m[38;2;252;153;116m▁[48;2;247;201;109m[38;2;231;69;40m▁[48;2;249;206;109m[38;2;214;54;25m▂[48;2;246;191;85m[38;2;231;43;24m▃[48;2;238;152;72m[38;2;224;16;6m▃[48;2;237;144;76m[38;2;228;21;10m▄[48;2;211;131;72m[38;2;227;22;9m▅[48;2;218;116;68m[38;2;229;12;5m▅[48;2;214;123;77m[38;2;231;15;10m▆[48;2;237;137;84m[38;2;235;12;5m▆[48;2;250;120;77m[38;2;236;5;1m▆[48;2;240;61;39m[38;2;234;1;1m▆[48;2;196;10;0m[38;2;235;1;1m▇[48;2;172;1;4m[38;2;237;0;0m▆[48;2;166;1;6m[38;2;237;3;5m▇[48;2;210;0;2m[38;2;246;8;11m▆[48;2;201;0;1m[38;2;245;12;12m▆[48;2;205;0;1m[38;2;247;15;16m▆[48;2;218;0;4m[38;2;249;15;13m▆[48;2;236;15;14m[38;2;0;0;0m [48;2;222;21;21m[38;2;153;125;124m▂[48;2;198;44;44m[38;2;127;121;121m▄[48;2;165;93;93m[38;2;83;81;81m▆[48;2;195;195;195m[38;2;147;145;145m▘[48;2;229;229;229m[38;2;0;0;0m [48;2;250;250;250m[38;2;0;0;0m [48;2;246;246;246m[38;2;227;227;227m▁[48;2;250;250;250m[38;2;244;244;244m▂[48;2;240;240;240m[38;2;92;92;92m▗[48;2;182;182;182m[38;2;49;49;49m▅[48;2;196;196;196m[38;2;48;48;48m▇[48;2;108;108;108m[38;2;40;40;40m▇[48;2;185;185;185m[38;2;45;45;45m▅[48;2;230;230;230m[38;2;121;121;121m▖[48;2;235;235;235m[38;2;224;224;224m▄[48;2;225;225;225m[38;2;221;221;221m▄[48;2;247;247;247m[38;2;226;226;226m▌[48;2;211;211;211m[38;2;241;241;241m▊[48;2;87;87;87m[38;2;179;179;179m▌[48;2;97;97;97m[38;2;97;97;97m▄[48;2;100;100;100m[38;2;138;138;138m▆[48;2;139;139;139m[38;2;116;116;116m▂[48;2;145;145;145m[38;2;50;50;50m⎺[48;2;211;211;211m[38;2;106;106;106m▌[48;2;225;225;225m[38;2;212;212;212m⎺[48;2;222;222;222m[38;2;233;233;233m┃[48;2;206;206;206m[38;2;226;226;226m▃[48;2;218;218;218m[38;2;90;90;90m▝[48;2;58;58;58m[38;2;183;183;183m▂[48;2;48;48;48m[38;2;136;136;136m▂[48;2;52;52;52m[38;2;105;105;105m▁[48;2;69;69;69m[38;2;181;181;181m▂[48;2;214;214;214m[38;2;0;0;0m [48;2;235;235;235m[38;2;239;239;239m▄[48;2;231;231;231m[38;2;244;244;244m▅[48;2;233;233;233m[38;2;244;244;244m▌[48;2;230;230;230m[38;2;234;234;234m▄[48;2;224;224;224m[38;2;210;210;210m▄[48;2;209;209;209m[38;2;160;160;160m▗[48;2;168;168;168m[38;2;165;165;165m▄[48;2;191;190;190m[38;2;146;146;146m▊[48;2;76;71;74m[38;2;210;210;210m▄[48;2;53;40;51m[38;2;0;0;0m [48;2;41;20;40m[38;2;61;41;59m▎[48;2;56;32;54m[38;2;87;59;71m⎺[48;2;69;36;61m[38;2;93;64;95m╴[48;2;82;26;40m[38;2;68;32;76m▆[48;2;156;83;81m[38;2;82;36;53m▃[48;2;184;84;69m[38;2;168;97;89m▄[48;2;102;16;17m[38;2;156;68;55m▃[48;2;91;8;12m[38;2;136;14;9m▁[48;2;100;1;8m[38;2;0;0;0m [48;2;197;1;1m[38;2;118;1;0m▄[48;2;228;1;0m[38;2;0;0;0m [48;2;241;1;1m[38;2;247;0;4m▗[0m
[48;2;197;106;15m[38;2;225;157;64m▝[48;2;238;191;90m[38;2;239;143;82m▂[48;2;247;191;86m[38;2;206;44;26m▃[48;2;244;158;53m[38;2;221;11;3m▄[48;2;246;167;104m[38;2;227;13;3m▆[48;2;230;8;7m[38;2;0;0;0m [48;2;217;6;0m[38;2;240;2;0m▇[48;2;214;0;0m[38;2;242;2;1m▇[48;2;241;1;1m[38;2;233;1;0m▖[48;2;241;4;2m[38;2;0;0;0m [48;2;244;3;5m[38;2;254;53;42m▁[48;2;244;1;5m[38;2;255;55;53m▂[48;2;240;7;5m[38;2;254;59;48m▂[48;2;240;5;2m[38;2;254;48;38m▃[48;2;244;6;2m[38;2;254;38;26m▃[48;2;246;5;7m[38;2;254;50;43m▄[48;2;251;22;27m[38;2;255;78;69m─[48;2;247;11;14m[38;2;254;55;44m━[48;2;246;33;28m[38;2;166;4;6m▁[48;2;247;44;50m[38;2;130;9;16m▁[48;2;236;21;31m[38;2;96;6;14m▁[48;2;235;26;25m[38;2;102;17;20m▂[48;2;232;36;39m[38;2;97;66;66m▃[48;2;194;64;66m[38;2;127;123;123m▄[48;2;152;129;129m[38;2;83;83;83m▃[48;2;116;115;115m[38;2;117;117;117m▄[48;2;104;104;104m[38;2;144;144;144m▖[48;2;161;161;161m[38;2;99;99;99m▊[48;2;229;229;229m[38;2;189;189;189m▖[48;2;249;249;249m[38;2;237;237;237m▎[48;2;234;234;234m[38;2;248;248;248m▊[48;2;226;226;226m[38;2;204;204;204m╵[48;2;238;238;238m[38;2;248;248;248m▝[48;2;39;39;39m[38;2;200;200;200m▌[48;2;36;36;36m[38;2;49;49;49m╺[48;2;40;40;40m[38;2;26;26;26m▄[48;2;30;30;30m[38;2;27;27;27m▄[48;2;53;53;53m[38;2;0;0;0m [48;2;208;208;208m[38;2;53;53;53m▘[48;2;229;229;229m[38;2;241;241;241m▚[48;2;225;225;225m[38;2;191;191;191m│[48;2;237;237;237m[38;2;238;238;238m▄[48;2;214;214;214m[38;2;130;130;130m▗[48;2;99;99;99m[38;2;172;172;172m▁[48;2;102;102;102m[38;2;200;200;200m▁[48;2;106;106;106m[38;2;200;200;200m▂[48;2;145;145;145m[38;2;157;157;157m▄[48;2;161;161;161m[38;2;122;122;122m▃[48;2;151;151;151m[38;2;103;103;103m┓[48;2;223;223;223m[38;2;178;178;178m▎[48;2;222;222;222m[38;2;219;219;219m▄[48;2;227;227;227m[38;2;216;216;216m▂[48;2;218;218;218m[38;2;223;223;223m▄[48;2;226;226;226m[38;2;227;227;227m▄[48;2;188;188;188m[38;2;226;226;226m▆[48;2;191;191;191m[38;2;229;229;229m▅[48;2;211;211;211m[38;2;237;237;237m▆[48;2;239;239;239m[38;2;230;230;230m╶[48;2;234;234;234m[38;2;243;243;243m▄[48;2;247;247;247m[38;2;240;240;240m▘[48;2;218;218;218m[38;2;242;242;242m▊[48;2;223;223;223m[38;2;225;225;225m▄[48;2;224;224;224m[38;2;207;207;207m▄[48;2;179;179;179m[38;2;191;191;191m▄[48;2;188;188;188m[38;2;158;158;158m▂[48;2;190;190;190m[38;2;142;142;142m▘[48;2;214;214;214m[38;2;207;207;207m▄[48;2;192;192;192m[38;2;0;0;0m [48;2;58;56;59m[38;2;197;197;197m▂[48;2;32;23;38m[38;2;0;0;0m [48;2;36;17;50m[38;2;41;32;53m▂[48;2;49;25;61m[38;2;30;16;42m▃[48;2;41;28;60m[38;2;0;0;0m [48;2;74;52;63m[38;2;0;0;0m [48;2;168;110;83m[38;2;66;38;44m▂[48;2;161;45;26m[38;2;129;65;47m▄[48;2;139;21;12m[38;2;173;81;55m▁[48;2;122;1;4m[38;2;132;5;6m▄[48;2;170;0;2m[38;2;138;1;12m▆[48;2;216;0;2m[38;2;137;0;1m▃[0m
[48;2;202;79;16m[38;2;234;144;26m▊[48;2;220;97;54m[38;2;174;13;4m▆[48;2;233;1;2m[38;2;205;2;5m▎[48;2;238;1;4m[38;2;236;0;5m▄[48;2;235;5;3m[38;2;252;99;84m▃[48;2;247;10;9m[38;2;254;86;72m▖[48;2;248;7;7m[38;2;255;28;26m▁[48;2;250;11;11m[38;2;0;0;0m [48;2;241;16;11m[38;2;255;95;89m⎺[48;2;254;73;61m[38;2;236;3;4m▆[48;2;241;17;16m[38;2;185;12;0m▁[48;2;230;15;15m[38;2;255;86;58m▁[48;2;241;13;13m[38;2;204;9;3m▄[48;2;245;7;9m[38;2;196;6;6m▅[48;2;236;16;16m[38;2;188;9;4m▆[48;2;242;12;20m[38;2;183;10;11m▇[48;2;102;4;7m[38;2;190;34;33m▊[48;2;138;2;12m[38;2;70;12;24m▆[48;2;112;6;6m[38;2;59;19;34m▇[48;2;60;25;34m[38;2;0;0;0m [48;2;70;50;56m[38;2;209;209;209m▁[48;2;88;77;78m[38;2;190;190;190m▄[48;2;183;183;183m[38;2;0;0;0m [48;2;149;149;149m[38;2;224;224;224m▆[48;2;119;119;119m[38;2;231;231;231m▇[48;2;210;210;210m[38;2;234;234;234m▆[48;2;212;212;212m[38;2;180;180;180m╺[48;2;86;86;86m[38;2;201;201;201m▇[48;2;238;238;238m[38;2;204;204;204m▊[48;2;255;255;255m[38;2;248;248;248m▄[48;2;245;245;245m[38;2;253;253;253m▅[48;2;216;216;216m[38;2;242;242;242m▌[48;2;223;223;223m[38;2;208;208;208m▆[48;2;211;211;211m[38;2;0;0;0m [48;2;66;66;66m[38;2;225;225;225m▄[48;2;30;30;30m[38;2;233;233;233m▄[48;2;40;40;40m[38;2;226;226;226m▅[48;2;225;225;225m[38;2;0;0;0m [48;2;229;229;229m[38;2;230;230;230m▄[48;2;224;224;224m[38;2;228;228;228m▄[48;2;235;235;235m[38;2;219;219;219m│[48;2;239;239;239m[38;2;229;229;229m╹[48;2;235;235;235m[38;2;0;0;0m [48;2;230;230;230m[38;2;230;230;230m▄[48;2;236;236;236m[38;2;229;229;229m▄[48;2;225;225;225m[38;2;234;234;234m┛[48;2;214;214;214m[38;2;235;235;235m▆[48;2;141;141;141m[38;2;229;229;229m▇[48;2;133;133;133m[38;2;222;222;222m▆[48;2;193;193;193m[38;2;124;124;124m┓[48;2;224;224;224m[38;2;0;0;0m [48;2;228;228;228m[38;2;227;227;227m▄[48;2;228;228;228m[38;2;0;0;0m [48;2;231;231;231m[38;2;231;231;231m▄[48;2;224;224;224m[38;2;246;246;246m▁[48;2;240;240;240m[38;2;230;230;230m▝[48;2;244;244;244m[38;2;227;227;227m━[48;2;255;255;255m[38;2;252;252;252m▄[48;2;248;248;248m[38;2;239;239;239m⎽[48;2;237;237;237m[38;2;216;216;216m▗[48;2;220;220;220m[38;2;0;0;0m [48;2;223;223;223m[38;2;203;203;203m▅[48;2;225;225;225m[38;2;199;199;199m▅[48;2;203;203;203m[38;2;198;198;198m▄[48;2;170;170;170m[38;2;208;208;208m▄[48;2;216;216;216m[38;2;195;195;195m▄[48;2;176;176;176m[38;2;204;204;204m╺[48;2;207;207;207m[38;2;218;218;218m▄[48;2;209;209;209m[38;2;203;203;203m▄[48;2;103;103;104m[38;2;199;199;199m▆[48;2;56;54;59m[38;2;179;179;179m▂[48;2;33;28;45m[38;2;0;0;0m [48;2;38;18;56m[38;2;26;11;43m▆[48;2;37;15;54m[38;2;31;11;46m▖[48;2;47;24;49m[38;2;30;17;51m▇[48;2;57;26;34m[38;2;39;22;42m▆[48;2;164;93;70m[38;2;87;44;35m▌[48;2;173;73;56m[38;2;118;52;41m▖[48;2;146;29;26m[38;2;205;124;125m▂[48;2;108;14;12m[38;2;137;32;30m▌[0m
[48;2;213;106;46m[38;2;248;197;69m▊[48;2;195;0;3m[38;2;158;20;6m▌[48;2;245;0;3m[38;2;226;0;11m▎[48;2;239;0;5m[38;2;232;1;0m▄[48;2;246;11;18m[38;2;252;110;92m▝[48;2;250;60;58m[38;2;255;138;124m▚[48;2;229;11;13m[38;2;0;0;0m [48;2;213;15;11m[38;2;0;0;0m [48;2;197;29;15m[38;2;243;171;133m▅[48;2;153;8;0m[38;2;223;177;123m▆[48;2;218;87;50m[38;2;222;172;92m▆[48;2;216;99;46m[38;2;244;210;108m▆[48;2;189;45;4m[38;2;245;192;89m▆[48;2;202;46;13m[38;2;238;176;77m▆[48;2;213;81;45m[38;2;234;184;103m▆[48;2;196;119;74m[38;2;212;181;105m▅[48;2;53;46;38m[38;2;214;196;166m▌[48;2;70;59;70m[38;2;0;0;0m [48;2;67;67;70m[38;2;218;218;218m▄[48;2;200;200;200m[38;2;0;0;0m [48;2;198;198;198m[38;2;241;241;241m▆[48;2;208;208;208m[38;2;241;241;241m▆[48;2;243;243;243m[38;2;0;0;0m [48;2;250;250;250m[38;2;244;244;244m▎[48;2;245;245;245m[38;2;246;246;246m▄[48;2;240;240;240m[38;2;0;0;0m [48;2;224;224;224m[38;2;240;240;240m▅[48;2;235;235;235m[38;2;243;243;243m▂[48;2;222;222;222m[38;2;239;239;239m▆[48;2;239;239;239m[38;2;0;0;0m [48;2;253;253;253m[38;2;255;255;255m⎺[48;2;248;248;248m[38;2;0;0;0m [48;2;221;221;221m[38;2;240;240;240m▄[48;2;212;212;212m[38;2;246;246;246m▂[48;2;215;215;215m[38;2;249;249;249m▂[48;2;220;220;220m[38;2;229;229;229m▄[48;2;222;222;222m[38;2;245;245;245m▃[48;2;218;218;218m[38;2;239;239;239m▅[48;2;230;230;230m[38;2;248;248;248m▇[48;2;235;235;235m[38;2;247;247;247m▊[48;2;241;241;241m[38;2;0;0;0m [48;2;235;235;235m[38;2;0;0;0m [48;2;216;216;216m[38;2;0;0;0m [48;2;190;190;190m[38;2;106;106;106m▂[48;2;217;217;217m[38;2;158;158;158m▃[48;2;221;221;221m[38;2;199;199;199m▆[48;2;215;215;215m[38;2;219;219;219m▄[48;2;238;238;238m[38;2;0;0;0m [48;2;240;240;240m[38;2;0;0;0m [48;2;229;229;229m[38;2;0;0;0m [48;2;206;206;206m[38;2;197;197;197m▄[48;2;192;192;192m[38;2;168;168;168m▖[48;2;196;196;196m[38;2;127;127;127m▄[48;2;233;233;233m[38;2;134;134;134m▖[48;2;246;246;246m[38;2;232;232;232m▄[48;2;245;245;245m[38;2;220;220;220m▂[48;2;244;244;244m[38;2;210;210;210m▃[48;2;229;229;229m[38;2;0;0;0m [48;2;209;209;209m[38;2;155;155;155m▂[48;2;210;210;210m[38;2;190;190;190m▅[48;2;209;209;209m[38;2;191;191;191m┳[48;2;191;191;191m[38;2;204;204;204m▁[48;2;193;193;193m[38;2;212;212;212m▅[48;2;207;207;207m[38;2;228;228;228m┛[48;2;221;221;221m[38;2;198;198;198m▅[48;2;191;191;191m[38;2;216;216;216m▄[48;2;193;193;193m[38;2;239;239;239m▄[48;2;199;199;199m[38;2;201;201;201m▄[48;2;214;214;214m[38;2;221;221;221m▄[48;2;220;220;220m[38;2;192;192;192m╏[48;2;195;195;195m[38;2;207;207;207m▄[48;2;200;200;200m[38;2;72;72;72m▝[48;2;70;69;73m[38;2;0;0;0m [48;2;29;24;38m[38;2;0;0;0m [48;2;29;15;43m[38;2;23;9;30m▃[48;2;35;18;52m[38;2;26;14;37m▂[48;2;39;21;45m[38;2;0;0;0m [48;2;96;66;84m[38;2;47;22;41m▊[48;2;168;132;145m[38;2;96;61;75m━[48;2;130;75;72m[38;2;104;69;69m▄[0m
[48;2;252;228;109m[38;2;246;228;80m▌[48;2;246;186;105m[38;2;170;45;22m▝[48;2;189;25;14m[38;2;0;0;0m [48;2;238;0;3m[38;2;215;1;3m▖[48;2;242;0;2m[38;2;236;0;0m▘[48;2;244;10;7m[38;2;0;0;0m [48;2;250;54;52m[38;2;252;34;28m▄[48;2;237;7;10m[38;2;0;0;0m [48;2;215;9;8m[38;2;0;0;0m [48;2;235;126;94m[38;2;199;21;15m▄[48;2;189;128;64m[38;2;196;80;37m▃[48;2;238;198;94m[38;2;193;150;63m▎[48;2;244;196;63m[38;2;252;202;87m▘[48;2;238;187;67m[38;2;240;192;61m▄[48;2;239;199;117m[38;2;240;209;122m▄[48;2;209;199;155m[38;2;211;185;112m▘[48;2;175;175;174m[38;2;98;98;98m┛[48;2;170;170;170m[38;2;196;196;196m▄[48;2;221;221;221m[38;2;240;240;240m▄[48;2;245;245;245m[38;2;0;0;0m [48;2;250;250;250m[38;2;238;238;238m▄[48;2;244;244;244m[38;2;235;235;235m▅[48;2;238;238;238m[38;2;218;218;218m╹[48;2;208;208;208m[38;2;75;75;75m▁[48;2;186;186;186m[38;2;49;49;49m▄[48;2;235;235;235m[38;2;39;39;39m▅[48;2;205;205;205m[38;2;53;53;53m▂[48;2;223;223;223m[38;2;187;187;187m╺[48;2;229;229;229m[38;2;203;203;203m▂[48;2;183;183;183m[38;2;225;225;225m▌[48;2;227;227;227m[38;2;129;129;129m▄[48;2;240;240;240m[38;2;131;131;131m▁[48;2;241;241;241m[38;2;227;227;227m╹[48;2;250;250;250m[38;2;232;232;232m▁[48;2;255;255;255m[38;2;253;253;253m▃[48;2;245;245;245m[38;2;197;197;197m▂[48;2;232;232;232m[38;2;178;178;178m▁[48;2;236;236;236m[38;2;0;0;0m [48;2;240;240;240m[38;2;220;220;220m▃[48;2;230;230;230m[38;2;223;223;223m▄[48;2;229;229;229m[38;2;0;0;0m [48;2;178;178;178m[38;2;39;39;39m▄[48;2;36;36;36m[38;2;0;0;0m [48;2;27;27;27m[38;2;35;35;35m▖[48;2;38;38;38m[38;2;0;0;0m [48;2;204;204;204m[38;2;54;54;54m▖[48;2;230;230;230m[38;2;209;209;209m▂[48;2;232;232;232m[38;2;196;196;196m╸[48;2;242;242;242m[38;2;249;249;249m┃[48;2;237;237;237m[38;2;245;245;245m▇[48;2;219;219;219m[38;2;242;242;242m▊[48;2;81;81;81m[38;2;183;183;183m▌[48;2;84;84;84m[38;2;106;106;106m▄[48;2;113;113;113m[38;2;112;112;112m▄[48;2;108;108;108m[38;2;136;136;136m▄[48;2;215;215;215m[38;2;116;116;116m▇[48;2;210;210;210m[38;2;126;126;126m▇[48;2;120;120;120m[38;2;158;158;158m▆[48;2;169;169;169m[38;2;150;150;150m▖[48;2;184;184;184m[38;2;169;169;169m▄[48;2;187;187;187m[38;2;179;179;179m▄[48;2;201;201;201m[38;2;211;211;211m▝[48;2;195;195;195m[38;2;206;206;206m▌[48;2;195;195;195m[38;2;203;203;203m▄[48;2;190;190;190m[38;2;195;195;195m▄[48;2;216;216;216m[38;2;235;235;235m▘[48;2;231;231;231m[38;2;0;0;0m [48;2;225;225;225m[38;2;240;240;240m▊[48;2;208;208;208m[38;2;214;214;214m▄[48;2;208;208;208m[38;2;213;213;213m▄[48;2;201;201;201m[38;2;215;215;215m▅[48;2;192;192;192m[38;2;188;188;188m▄[48;2;205;205;205m[38;2;0;0;0m [48;2;87;87;87m[38;2;218;218;218m▖[48;2;32;29;32m[38;2;69;69;69m▖[48;2;22;12;27m[38;2;27;26;28m▖[48;2;32;26;46m[38;2;97;96;97m▁[48;2;37;32;49m[38;2;172;172;172m▂[48;2;48;46;58m[38;2;122;122;123m▃[48;2;55;49;55m[38;2;131;131;131m▄[0m
[48;2;252;218;96m[38;2;249;212;95m▄[48;2;249;229;109m[38;2;245;228;110m▄[48;2;245;195;93m[38;2;0;0;0m [48;2;192;26;7m[38;2;249;145;62m▖[48;2;225;0;4m[38;2;177;7;0m▖[48;2;245;3;1m[38;2;244;1;3m▄[48;2;249;15;4m[38;2;249;7;1m▆[48;2;249;35;22m[38;2;252;14;8m▆[48;2;243;24;23m[38;2;0;0;0m [48;2;219;0;2m[38;2;235;1;2m▆[48;2;207;13;8m[38;2;0;0;0m [48;2;189;54;21m[38;2;206;149;61m▝[48;2;236;185;73m[38;2;0;0;0m [48;2;243;209;104m[38;2;234;192;65m▊[48;2;246;222;155m[38;2;246;214;123m▎[48;2;207;207;175m[38;2;243;238;187m▊[48;2;212;212;211m[38;2;162;162;157m▌[48;2;239;239;239m[38;2;244;244;244m▄[48;2;248;248;248m[38;2;233;233;233m▗[48;2;238;238;238m[38;2;244;244;244m▄[48;2;241;241;241m[38;2;233;233;233m▄[48;2;224;224;224m[38;2;0;0;0m [48;2;55;55;55m[38;2;196;196;196m▘[48;2;28;28;28m[38;2;56;56;56m▘[48;2;23;23;23m[38;2;25;25;25m╸[48;2;27;27;27m[38;2;28;28;28m▄[48;2;25;25;25m[38;2;0;0;0m [48;2;208;208;208m[38;2;82;82;82m▎[48;2;227;227;227m[38;2;197;197;197m▝[48;2;231;231;231m[38;2;241;241;241m▄[48;2;228;228;228m[38;2;111;111;111m▝[48;2;89;89;89m[38;2;119;119;119m▄[48;2;212;212;212m[38;2;105;105;105m▆[48;2;221;221;221m[38;2;76;76;76m▅[48;2;215;215;215m[38;2;89;89;89m▆[48;2;139;139;139m[38;2;204;204;204m▄[48;2;200;200;200m[38;2;239;239;239m▆[48;2;225;225;225m[38;2;239;239;239m▊[48;2;215;215;215m[38;2;217;217;217m▄[48;2;245;245;245m[38;2;219;219;219m▊[48;2;59;59;59m[38;2;244;244;244m▌[48;2;25;25;25m[38;2;42;42;42m╵[48;2;28;28;28m[38;2;24;24;24m▄[48;2;25;25;25m[38;2;0;0;0m [48;2;43;43;43m[38;2;129;129;129m▗[48;2;210;210;210m[38;2;123;123;123m▘[48;2;208;208;208m[38;2;217;217;217m▄[48;2;227;227;227m[38;2;210;210;210m▎[48;2;232;232;232m[38;2;237;237;237m▄[48;2;243;243;243m[38;2;223;223;223m▂[48;2;237;237;237m[38;2;204;204;204m▄[48;2;93;93;93m[38;2;186;186;186m▌[48;2;137;137;137m[38;2;169;169;169m▂[48;2;143;143;143m[38;2;112;112;112m╵[48;2;129;129;129m[38;2;166;166;166m▃[48;2;110;110;110m[38;2;153;153;153m▆[48;2;149;149;149m[38;2;148;148;148m▄[48;2;139;139;139m[38;2;102;102;102m▁[48;2;143;143;143m[38;2;126;126;126m▄[48;2;167;167;167m[38;2;154;154;154m▄[48;2;176;176;176m[38;2;164;164;164m▄[48;2;182;182;182m[38;2;171;171;171m▖[48;2;206;206;206m[38;2;183;183;183m▄[48;2;209;209;209m[38;2;187;187;187m▖[48;2;190;190;190m[38;2;202;202;202m▄[48;2;201;201;201m[38;2;200;200;200m▄[48;2;222;222;222m[38;2;220;220;220m▄[48;2;238;238;238m[38;2;204;204;204m▄[48;2;208;208;208m[38;2;230;230;230m▚[48;2;207;207;207m[38;2;223;223;223m⎻[48;2;214;214;214m[38;2;227;227;227m▆[48;2;217;217;217m[38;2;210;210;210m▄[48;2;203;203;203m[38;2;230;230;230m▝[48;2;205;205;205m[38;2;180;180;180m▄[48;2;71;71;71m[38;2;147;147;147m▌[48;2;86;86;86m[38;2;167;167;167m━[48;2;145;145;145m[38;2;54;54;54m▆[48;2;99;99;99m[38;2;208;208;208m│[48;2;77;77;77m[38;2;27;27;27m▆[48;2;74;74;74m[38;2;182;182;182m▂[0m
[48;2;248;202;80m[38;2;247;200;80m▄[48;2;250;221;101m[38;2;242;200;70m▃[48;2;249;230;117m[38;2;246;217;110m▄[48;2;253;221;116m[38;2;250;183;77m▝[48;2;242;157;63m[38;2;179;28;3m▝[48;2;207;11;8m[38;2;0;0;0m [48;2;237;0;2m[38;2;212;0;8m▁[48;2;250;12;8m[38;2;231;1;0m▖[48;2;253;26;12m[38;2;255;75;64m▝[48;2;241;57;48m[38;2;254;79;72m▄[48;2;238;14;17m[38;2;0;0;0m [48;2;232;0;4m[38;2;183;5;0m▝[48;2;180;23;8m[38;2;235;137;84m▝[48;2;237;172;112m[38;2;197;83;53m▁[48;2;240;225;153m[38;2;218;161;110m▃[48;2;201;171;131m[38;2;126;71;50m▗[48;2;230;230;228m[38;2;180;170;164m▌[48;2;234;234;234m[38;2;246;246;246m▃[48;2;223;223;223m[38;2;240;240;240m▖[48;2;237;237;237m[38;2;224;224;224m▃[48;2;240;240;240m[38;2;227;227;227m▄[48;2;114;114;114m[38;2;216;216;216m▊[48;2;57;57;57m[38;2;0;0;0m [48;2;25;25;25m[38;2;0;0;0m [48;2;22;22;22m[38;2;99;99;99m▁[48;2;51;51;51m[38;2;212;212;212m▂[48;2;210;210;210m[38;2;86;86;86m▘[48;2;220;220;220m[38;2;228;228;228m▄[48;2;230;230;230m[38;2;208;208;208m┏[48;2;238;238;238m[38;2;215;215;215m▅[48;2;216;216;216m[38;2;0;0;0m [48;2;116;116;116m[38;2;186;186;186m▘[48;2;90;90;90m[38;2;109;109;109m▄[48;2;116;116;116m[38;2;143;143;143m▃[48;2;103;103;103m[38;2;101;101;101m▄[48;2;225;225;225m[38;2;0;0;0m [48;2;230;230;230m[38;2;245;245;245m▇[48;2;233;233;233m[38;2;246;246;246m▆[48;2;235;235;235m[38;2;0;0;0m [48;2;224;224;224m[38;2;236;236;236m▄[48;2;226;226;226m[38;2;0;0;0m [48;2;61;61;61m[38;2;235;235;235m▄[48;2;47;47;47m[38;2;238;238;238m▃[48;2;65;65;65m[38;2;211;211;211m▅[48;2;205;205;205m[38;2;0;0;0m [48;2;205;205;205m[38;2;219;219;219m▄[48;2;215;215;215m[38;2;231;231;231m▇[48;2;232;232;232m[38;2;224;224;224m▃[48;2;237;237;237m[38;2;218;218;218m▁[48;2;225;225;225m[38;2;200;200;200m▃[48;2;189;189;189m[38;2;178;178;178m▄[48;2;183;183;183m[38;2;129;129;129m▌[48;2;160;160;160m[38;2;178;178;178m╴[48;2;144;144;144m[38;2;0;0;0m [48;2;153;153;153m[38;2;111;111;111m▃[48;2;108;108;108m[38;2;137;137;137m▘[48;2;92;92;92m[38;2;59;59;59m▗[48;2;104;104;104m[38;2;86;86;86m▄[48;2;125;125;125m[38;2;116;116;116m▄[48;2;146;146;146m[38;2;143;143;143m▄[48;2;165;165;165m[38;2;184;184;184m╶[48;2;182;182;182m[38;2;148;148;148m▂[48;2;189;189;189m[38;2;186;186;186m▄[48;2;220;220;220m[38;2;186;186;186m▇[48;2;211;211;211m[38;2;195;195;195m▄[48;2;199;199;199m[38;2;238;238;238m╵[48;2;192;192;192m[38;2;212;212;212m╹[48;2;205;205;205m[38;2;175;175;175m▆[48;2;195;195;195m[38;2;0;0;0m [48;2;215;215;215m[38;2;215;215;215m▄[48;2;227;227;227m[38;2;218;218;218m┻[48;2;198;198;198m[38;2;239;239;239m▘[48;2;213;213;213m[38;2;201;201;201m▄[48;2;97;97;97m[38;2;181;181;181m▊[48;2;86;86;86m[38;2;212;212;212m▗[48;2;102;102;102m[38;2;240;240;240m▆[48;2;71;71;71m[38;2;222;222;222m▖[48;2;126;126;126m[38;2;227;227;227m┃[48;2;26;26;26m[38;2;63;63;63m▎[48;2;224;224;224m[38;2;69;69;69m▌[0m
[48;2;243;197;82m[38;2;248;203;88m▄[48;2;235;185;55m[38;2;244;194;70m▄[48;2;241;191;82m[38;2;246;210;113m▝[48;2;238;209;113m[38;2;240;209;104m▄[48;2;251;218;93m[38;2;246;229;127m▆[48;2;237;150;75m[38;2;0;0;0m [48;2;194;18;12m[38;2;228;90;42m▂[48;2;227;1;1m[38;2;187;11;7m▁[48;2;240;3;4m[38;2;255;37;31m▝[48;2;252;31;30m[38;2;0;0;0m [48;2;245;58;54m[38;2;251;56;49m▄[48;2;238;12;10m[38;2;252;82;68m▖[48;2;213;0;3m[38;2;239;0;3m▆[48;2;209;13;9m[38;2;0;0;0m [48;2;218;140;106m[38;2;196;47;43m▄[48;2;113;56;41m[38;2;188;67;70m▂[48;2;186;181;180m[38;2;128;92;88m▎[48;2;237;237;237m[38;2;169;169;169m▖[48;2;235;235;235m[38;2;247;247;247m▊[48;2;227;227;227m[38;2;231;231;231m▄[48;2;218;218;218m[38;2;233;233;233m▗[48;2;210;210;210m[38;2;221;221;221m▄[48;2;205;205;205m[38;2;221;221;221m▄[48;2;195;195;195m[38;2;238;238;238m▄[48;2;199;199;199m[38;2;233;233;233m▆[48;2;223;223;223m[38;2;226;226;226m▄[48;2;217;217;217m[38;2;218;218;218m▄[48;2;225;225;225m[38;2;226;226;226m▄[48;2;224;224;224m[38;2;199;199;199m▄[48;2;209;209;209m[38;2;173;173;173m━[48;2;139;139;139m[38;2;204;204;204m▅[48;2;111;111;111m[38;2;209;209;209m▇[48;2;182;182;182m[38;2;226;226;226m▇[48;2;194;194;194m[38;2;223;223;223m▇[48;2;127;127;127m[38;2;207;207;207m▇[48;2;176;176;176m[38;2;206;206;206m▆[48;2;233;233;233m[38;2;238;238;238m▄[48;2;250;250;250m[38;2;248;248;248m▄[48;2;251;251;251m[38;2;246;246;246m⎻[48;2;239;239;239m[38;2;249;249;249m▘[48;2;226;226;226m[38;2;246;246;246m▇[48;2;222;222;222m[38;2;245;245;245m▅[48;2;233;233;233m[38;2;245;245;245m▖[48;2;230;230;230m[38;2;242;242;242m▃[48;2;211;211;211m[38;2;237;237;237m▇[48;2;229;229;229m[38;2;237;237;237m▄[48;2;237;237;237m[38;2;224;224;224m╵[48;2;232;232;232m[38;2;216;216;216m▃[48;2;210;210;210m[38;2;222;222;222m▄[48;2;195;195;195m[38;2;214;214;214m┛[48;2;181;181;181m[38;2;0;0;0m [48;2;184;184;184m[38;2;218;218;218m╺[48;2;173;173;173m[38;2;192;192;192m╹[48;2;183;183;183m[38;2;152;152;152m▄[48;2;122;122;122m[38;2;71;71;71m▝[48;2;85;85;85m[38;2;93;93;93m▄[48;2;86;86;86m[38;2;86;86;86m▄[48;2;58;58;58m[38;2;105;105;105m▁[48;2;69;69;69m[38;2;137;137;137m▝[48;2;144;144;144m[38;2;0;0;0m [48;2;156;156;156m[38;2;0;0;0m [48;2;149;149;149m[38;2;157;157;157m▄[48;2;175;175;175m[38;2;216;216;216m╹[48;2;177;177;177m[38;2;188;188;188m⎽[48;2;180;180;180m[38;2;178;178;178m▄[48;2;189;189;189m[38;2;213;213;213m┗[48;2;187;187;187m[38;2;224;224;224m╸[48;2;194;194;194m[38;2;215;215;215m╵[48;2;199;199;199m[38;2;204;204;204m▄[48;2;199;199;199m[38;2;223;223;223m▗[48;2;225;225;225m[38;2;235;235;235m▄[48;2;211;211;211m[38;2;165;165;165m▁[48;2;186;186;186m[38;2;158;158;158m▄[48;2;113;113;113m[38;2;221;221;221m▄[48;2;242;242;242m[38;2;150;150;150m▘[48;2;238;238;238m[38;2;0;0;0m [48;2;229;229;229m[38;2;0;0;0m [48;2;192;192;192m[38;2;225;225;225m▄[48;2;80;80;80m[38;2;168;168;168m▄[48;2;176;176;176m[38;2;56;56;56m▌[0m
[48;2;250;209;97m[38;2;248;206;111m▂[48;2;241;190;68m[38;2;247;201;88m▃[48;2;230;169;57m[38;2;251;195;92m│[48;2;232;190;93m[38;2;213;164;63m┓[48;2;230;201;118m[38;2;0;0;0m [48;2;224;186;106m[38;2;0;0;0m [48;2;210;132;58m[38;2;232;175;90m▗[48;2;233;137;61m[38;2;195;45;25m▝[48;2;213;1;1m[38;2;190;28;3m▄[48;2;233;5;5m[38;2;201;0;2m▁[48;2;246;18;12m[38;2;253;39;29m┗[48;2;254;75;63m[38;2;254;38;25m▄[48;2;246;15;14m[38;2;255;54;48m▖[48;2;235;4;0m[38;2;248;4;1m▊[48;2;202;2;0m[38;2;230;0;0m▅[48;2;222;47;48m[38;2;220;6;6m▇[48;2;192;67;65m[38;2;206;191;187m▝[48;2;210;209;209m[38;2;193;186;185m▌[48;2;250;250;250m[38;2;237;237;237m▁[48;2;231;231;231m[38;2;244;244;244m▄[48;2;227;227;227m[38;2;246;246;246m▖[48;2;217;217;217m[38;2;225;225;225m▆[48;2;210;210;210m[38;2;223;223;223m▅[48;2;220;220;220m[38;2;226;226;226m▄[48;2;227;227;227m[38;2;244;244;244m▁[48;2;239;239;239m[38;2;219;219;219m▘[48;2;222;222;222m[38;2;176;176;176m▂[48;2;204;204;204m[38;2;221;221;221m▄[48;2;230;230;230m[38;2;227;227;227m▄[48;2;217;217;217m[38;2;221;221;221m▄[48;2;213;213;213m[38;2;222;222;222m▄[48;2;211;211;211m[38;2;231;231;231m▂[48;2;216;216;216m[38;2;156;156;156m▁[48;2;222;222;222m[38;2;164;164;164m▂[48;2;219;219;219m[38;2;176;176;176m▁[48;2;198;198;198m[38;2;226;226;226m▖[48;2;225;225;225m[38;2;205;205;205m▆[48;2;235;235;235m[38;2;212;212;212m▖[48;2;229;229;229m[38;2;197;197;197m▂[48;2;233;233;233m[38;2;172;172;172m▁[48;2;236;236;236m[38;2;208;208;208m▂[48;2;243;243;243m[38;2;218;218;218m▖[48;2;246;246;246m[38;2;224;224;224m▁[48;2;242;242;242m[38;2;211;211;211m▗[48;2;236;236;236m[38;2;208;208;208m▄[48;2;216;216;216m[38;2;241;241;241m▘[48;2;214;214;214m[38;2;204;204;204m▄[48;2;218;218;218m[38;2;190;190;190m▅[48;2;193;193;193m[38;2;196;196;196m▄[48;2;194;194;194m[38;2;210;210;210m▝[48;2;188;188;188m[38;2;188;188;188m▄[48;2;183;183;183m[38;2;164;164;164m▗[48;2;166;166;166m[38;2;182;182;182m╏[48;2;173;173;173m[38;2;138;138;138m▄[48;2;167;167;167m[38;2;143;143;143m▅[48;2;110;110;110m[38;2;174;174;174m▃[48;2;117;117;117m[38;2;153;153;153m▃[48;2;119;119;119m[38;2;150;150;150m▅[48;2;80;80;80m[38;2;156;156;156m▄[48;2;72;72;72m[38;2;0;0;0m [48;2;140;140;140m[38;2;79;79;79m▃[48;2;159;159;159m[38;2;158;158;158m▄[48;2;159;159;159m[38;2;146;146;146m▖[48;2;168;168;168m[38;2;153;153;153m┏[48;2;172;172;172m[38;2;168;168;168m▄[48;2;177;177;177m[38;2;197;197;197m▖[48;2;189;189;189m[38;2;184;184;184m▄[48;2;191;191;191m[38;2;201;201;201m▘[48;2;221;221;221m[38;2;190;190;190m▊[48;2;207;207;207m[38;2;182;182;182m▄[48;2;197;197;197m[38;2;169;169;169m▅[48;2;165;165;165m[38;2;201;201;201m▄[48;2;237;237;237m[38;2;225;225;225m╴[48;2;248;248;248m[38;2;240;240;240m▎[48;2;240;240;240m[38;2;210;210;210m╺[48;2;225;225;225m[38;2;227;227;227m▄[48;2;238;238;238m[38;2;220;220;220m▖[48;2;248;248;248m[38;2;225;225;225m┏[48;2;196;196;196m[38;2;243;243;243m▆[48;2;240;240;240m[38;2;196;196;196m▌[0m
[48;2;226;173;75m[38;2;224;161;67m▄[48;2;251;207;98m[38;2;253;210;109m▘[48;2;240;187;64m[38;2;248;208;91m▎[48;2;233;171;54m[38;2;0;0;0m [48;2;207;148;51m[38;2;226;185;105m▝[48;2;213;186;125m[38;2;180;155;93m┃[48;2;214;186;112m[38;2;155;127;74m▌[48;2;228;183;74m[38;2;222;182;98m▃[48;2;190;97;34m[38;2;234;161;76m▎[48;2;196;42;28m[38;2;233;143;84m▃[48;2;207;7;4m[38;2;0;0;0m [48;2;253;27;20m[38;2;239;5;2m▆[48;2;252;23;18m[38;2;253;20;15m▄[48;2;254;23;14m[38;2;254;18;16m▄[48;2;249;7;7m[38;2;0;0;0m [48;2;232;4;0m[38;2;248;12;8m▂[48;2;219;3;6m[38;2;179;5;7m╵[48;2;181;162;158m[38;2;212;81;77m▌[48;2;225;225;225m[38;2;97;96;96m▂[48;2;239;239;239m[38;2;0;0;0m [48;2;242;242;242m[38;2;237;237;237m▄[48;2;238;238;238m[38;2;220;220;220m╺[48;2;234;234;234m[38;2;241;241;241m▄[48;2;242;242;242m[38;2;0;0;0m [48;2;219;219;219m[38;2;132;132;132m▁[48;2;182;182;182m[38;2;146;146;146m▄[48;2;214;214;214m[38;2;0;0;0m [48;2;229;229;229m[38;2;216;216;216m▄[48;2;205;205;205m[38;2;221;221;221m╸[48;2;222;222;222m[38;2;216;216;216m▄[48;2;220;220;220m[38;2;223;223;223m▄[48;2;175;175;175m[38;2;69;69;69m▁[48;2;174;174;174m[38;2;44;44;44m▅[48;2;207;207;207m[38;2;41;41;41m▆[48;2;169;169;169m[38;2;50;50;50m▄[48;2;217;217;217m[38;2;186;186;186m▌[48;2;211;211;211m[38;2;210;210;210m▄[48;2;214;214;214m[38;2;201;201;201m▃[48;2;176;176;176m[38;2;226;226;226m▊[48;2;85;85;85m[38;2;135;135;135m▄[48;2;165;165;165m[38;2;89;89;89m▅[48;2;183;183;183m[38;2;105;105;105m▂[48;2;196;196;196m[38;2;137;137;137m▂[48;2;201;201;201m[38;2;170;170;170m▅[48;2;184;184;184m[38;2;0;0;0m [48;2;178;178;178m[38;2;169;169;169m▄[48;2;188;188;188m[38;2;171;171;171m▌[48;2;194;194;194m[38;2;185;185;185m▆[48;2;182;182;182m[38;2;199;199;199m▂[48;2;184;184;184m[38;2;0;0;0m [48;2;178;178;178m[38;2;197;197;197m▗[48;2;180;180;180m[38;2;209;209;209m─[48;2;162;162;162m[38;2;189;189;189m▅[48;2;168;168;168m[38;2;200;200;200m▅[48;2;186;186;186m[38;2;212;212;212m▗[48;2;187;187;187m[38;2;207;207;207m▝[48;2;125;125;125m[38;2;169;169;169m▊[48;2;142;142;142m[38;2;157;157;157m▖[48;2;129;129;129m[38;2;146;146;146m▄[48;2;146;146;146m[38;2;0;0;0m [48;2;70;70;70m[38;2;143;143;143m▖[48;2;66;66;66m[38;2;119;119;119m▝[48;2;132;132;132m[38;2;84;84;84m▖[48;2;150;150;150m[38;2;149;149;149m▄[48;2;155;155;155m[38;2;143;143;143m╵[48;2;155;155;155m[38;2;185;185;185m┗[48;2;182;182;182m[38;2;164;164;164m▁[48;2;204;204;204m[38;2;144;144;144m▂[48;2;182;182;182m[38;2;127;127;127m▄[48;2;163;163;163m[38;2;204;204;204m▃[48;2;225;225;225m[38;2;0;0;0m [48;2;225;225;225m[38;2;223;223;223m▄[48;2;235;235;235m[38;2;220;220;220m─[48;2;239;239;239m[38;2;221;221;221m╴[48;2;242;242;242m[38;2;237;237;237m▄[48;2;220;220;220m[38;2;213;213;213m▄[48;2;205;205;205m[38;2;206;206;206m▄[48;2;223;223;223m[38;2;227;227;227m▄[48;2;241;241;241m[38;2;231;231;231m┛[48;2;216;216;216m[38;2;223;223;223m▄[0m
[48;2;194;121;53m[38;2;0;0;0m [48;2;236;178;93m[38;2;189;119;45m▖[48;2;248;204;100m[38;2;252;207;119m▄[48;2;244;182;68m[38;2;250;204;106m▖[48;2;229;164;59m[38;2;241;165;67m▄[48;2;207;143;71m[38;2;142;93;21m╵[48;2;197;156;107m[38;2;148;109;69m┃[48;2;200;169;96m[38;2;0;0;0m [48;2;222;185;130m[38;2;155;105;41m▝[48;2;242;182;76m[38;2;195;149;62m▎[48;2;230;154;92m[38;2;192;63;41m▝[48;2;182;22;20m[38;2;206;110;100m▁[48;2;239;8;3m[38;2;203;0;1m▂[48;2;254;21;24m[38;2;250;10;5m▊[48;2;255;25;31m[38;2;254;36;33m▄[48;2;251;32;33m[38;2;254;69;66m┏[48;2;232;0;1m[38;2;214;1;2m▆[48;2;194;31;29m[38;2;245;179;171m▝[48;2;125;122;121m[38;2;168;166;166m▄[48;2;104;104;104m[38;2;0;0;0m [48;2;217;217;217m[38;2;62;62;62m▄[48;2;209;209;209m[38;2;64;64;64m▄[48;2;181;181;181m[38;2;62;62;62m▄[48;2;105;105;105m[38;2;159;159;159m▘[48;2;158;158;158m[38;2;94;94;94m▆[48;2;199;199;199m[38;2;111;111;111m▘[48;2;220;220;220m[38;2;198;198;198m▘[48;2;233;233;233m[38;2;219;219;219m▆[48;2;212;212;212m[38;2;203;203;203m▘[48;2;208;208;208m[38;2;229;229;229m▗[48;2;96;96;96m[38;2;205;205;205m▌[48;2;30;30;30m[38;2;59;59;59m▎[48;2;32;32;32m[38;2;31;31;31m▄[48;2;36;36;36m[38;2;41;41;41m▄[48;2;48;48;48m[38;2;183;183;183m▗[48;2;230;230;230m[38;2;0;0;0m [48;2;214;214;214m[38;2;227;227;227m▄[48;2;201;201;201m[38;2;220;220;220m▂[48;2;226;226;226m[38;2;211;211;211m┓[48;2;111;111;111m[38;2;177;177;177m▌[48;2;78;78;78m[38;2;120;120;120m╵[48;2;95;95;95m[38;2;124;124;124m▂[48;2;147;147;147m[38;2;92;92;92m▄[48;2;132;132;132m[38;2;124;124;124m▄[48;2;161;161;161m[38;2;125;125;125m▂[48;2;176;176;176m[38;2;164;164;164m▄[48;2;198;198;198m[38;2;171;171;171m▆[48;2;194;194;194m[38;2;172;172;172m▄[48;2;192;192;192m[38;2;185;185;185m▄[48;2;189;189;189m[38;2;201;201;201m⎻[48;2;183;183;183m[38;2;186;186;186m▄[48;2;208;208;208m[38;2;185;185;185m▊[48;2;203;203;203m[38;2;208;208;208m▄[48;2;202;202;202m[38;2;216;216;216m▌[48;2;207;207;207m[38;2;205;205;205m▄[48;2;215;215;215m[38;2;187;187;187m▃[48;2;193;193;193m[38;2;203;203;203m▄[48;2;167;167;167m[38;2;202;202;202m▎[48;2;139;139;139m[38;2;106;106;106m⎼[48;2;149;149;149m[38;2;135;135;135m▄[48;2;131;131;131m[38;2;132;132;132m▄[48;2;78;78;78m[38;2;137;137;137m▂[48;2;93;93;93m[38;2;61;61;61m▊[48;2;128;128;128m[38;2;78;78;78m▂[48;2;155;155;155m[38;2;127;127;127m▄[48;2;154;154;154m[38;2;102;102;102m┏[48;2;131;131;131m[38;2;139;139;139m▄[48;2;135;135;135m[38;2;201;201;201m▃[48;2;174;174;174m[38;2;207;207;207m▅[48;2;230;230;230m[38;2;210;210;210m▎[48;2;229;229;229m[38;2;205;205;205m▘[48;2;238;238;238m[38;2;234;234;234m▄[48;2;224;224;224m[38;2;233;233;233m▄[48;2;239;239;239m[38;2;0;0;0m [48;2;219;219;219m[38;2;227;227;227m▄[48;2;192;192;192m[38;2;195;195;195m▄[48;2;230;230;230m[38;2;202;202;202m▊[48;2;245;245;245m[38;2;0;0;0m [48;2;225;225;225m[38;2;249;249;249m▄[48;2;200;200;200m[38;2;47;47;63m▗[0m
[48;2;185;113;55m[38;2;223;153;96m╹[48;2;164;87;23m[38;2;189;110;54m▆[48;2;191;120;54m[38;2;247;191;113m┗[48;2;250;198;109m[38;2;239;186;109m▄[48;2;234;169;74m[38;2;241;188;93m┓[48;2;192;108;16m[38;2;229;149;50m▊[48;2;123;59;28m[38;2;214;137;65m▎[48;2;191;153;105m[38;2;143;96;60m▃[48;2;190;160;115m[38;2;168;139;103m▄[48;2;221;178;111m[38;2;159;125;74m▌[48;2;208;164;107m[38;2;212;180;134m▄[48;2;218;192;175m[38;2;0;0;0m [48;2;165;28;25m[38;2;106;76;71m▖[48;2;218;5;5m[38;2;162;11;7m▖[48;2;255;67;63m[38;2;243;29;24m▊[48;2;245;41;35m[38;2;254;78;69m▖[48;2;221;1;3m[38;2;221;1;3m▄[48;2;199;23;24m[38;2;0;0;0m [48;2;84;78;78m[38;2;0;0;0m [48;2;89;89;89m[38;2;185;185;185m┗[48;2;105;105;105m[38;2;0;0;0m [48;2;53;53;53m[38;2;84;84;84m▃[48;2;77;77;77m[38;2;112;112;112m▗[48;2;102;102;102m[38;2;112;112;112m▄[48;2;105;105;105m[38;2;139;139;139m▘[48;2;241;241;241m[38;2;181;181;181m▊[48;2;232;232;232m[38;2;0;0;0m [48;2;219;219;219m[38;2;225;225;225m▄[48;2;210;210;210m[38;2;231;231;231m▃[48;2;206;206;206m[38;2;0;0;0m [48;2;185;185;185m[38;2;39;39;39m▝[48;2;38;38;38m[38;2;213;213;213m▂[48;2;39;39;39m[38;2;204;204;204m▃[48;2;94;94;94m[38;2;191;191;191m▄[48;2;206;206;206m[38;2;199;199;199m▄[48;2;218;218;218m[38;2;206;206;206m▇[48;2;212;212;212m[38;2;233;233;233m▚[48;2;235;235;235m[38;2;218;218;218m▗[48;2;214;214;214m[38;2;0;0;0m [48;2;98;98;98m[38;2;127;127;127m▄[48;2;112;112;112m[38;2;0;0;0m [48;2;98;98;98m[38;2;130;130;130m▄[48;2;126;126;126m[38;2;121;121;121m▄[48;2;123;123;123m[38;2;111;111;111m▄[48;2;140;140;140m[38;2;113;113;113m▄[48;2;171;171;171m[38;2;140;140;140m▌[48;2;171;171;171m[38;2;189;189;189m▖[48;2;165;165;165m[38;2;178;178;178m▝[48;2;166;166;166m[38;2;165;165;165m▄[48;2;215;215;215m[38;2;186;186;186m▊[48;2;208;208;208m[38;2;215;215;215m▄[48;2;205;205;205m[38;2;209;209;209m▄[48;2;205;205;205m[38;2;227;227;227m▝[48;2;216;216;216m[38;2;201;201;201m╺[48;2;203;203;203m[38;2;202;202;202m▄[48;2;198;198;198m[38;2;214;214;214m╸[48;2;197;197;197m[38;2;209;209;209m▄[48;2;193;193;193m[38;2;208;208;208m▄[48;2;149;149;149m[38;2;180;180;180m▄[48;2;132;132;132m[38;2;132;132;132m▄[48;2;146;146;146m[38;2;166;166;166m╶[48;2;155;155;155m[38;2;197;197;197m╴[48;2;122;122;122m[38;2;189;189;189m╹[48;2;80;80;80m[38;2;131;131;131m▃[48;2;110;110;110m[38;2;133;133;133m▄[48;2;115;115;115m[38;2;113;113;113m▄[48;2;101;101;101m[38;2;175;175;175m▝[48;2;203;203;203m[38;2;150;150;150m▃[48;2;226;226;226m[38;2;184;184;184m▂[48;2;221;221;221m[38;2;223;223;223m▄[48;2;223;223;223m[38;2;234;234;234m▄[48;2;237;237;237m[38;2;222;222;222m│[48;2;233;233;233m[38;2;219;219;219m▄[48;2;222;222;222m[38;2;202;202;202m▁[48;2;198;198;198m[38;2;206;206;206m▄[48;2;211;211;211m[38;2;212;212;212m▄[48;2;205;205;205m[38;2;182;182;182m▎[48;2;237;237;237m[38;2;215;215;215m╵[48;2;220;220;220m[38;2;82;79;81m▃[48;2;151;150;166m[38;2;129;127;137m▄[0m
[48;2;184;116;62m[38;2;174;105;54m▄[48;2;187;113;58m[38;2;186;121;67m▄[48;2;185;112;62m[38;2;170;100;50m▄[48;2;211;157;94m[38;2;141;75;28m▖[48;2;238;192;112m[38;2;238;190;89m▝[48;2;228;157;44m[38;2;236;179;83m▆[48;2;141;61;31m[38;2;208;136;59m▌[48;2;162;83;53m[38;2;139;54;36m▎[48;2;219;186;171m[38;2;130;78;53m▊[48;2;175;145;107m[38;2;142;124;95m▄[48;2;201;176;137m[38;2;0;0;0m [48;2;225;224;222m[38;2;161;156;142m▌[48;2;159;103;89m[38;2;106;103;102m▌[48;2;194;72;55m[38;2;178;96;58m▄[48;2;202;37;18m[38;2;253;149;86m▁[48;2;226;31;25m[38;2;173;8;1m▂[48;2;200;6;3m[38;2;128;5;10m▁[48;2;214;21;27m[38;2;153;43;48m▗[48;2;125;114;114m[38;2;72;67;67m▅[48;2;58;58;58m[38;2;0;0;0m [48;2;120;120;120m[38;2;51;51;51m▅[48;2;118;118;118m[38;2;0;0;0m [48;2;112;112;112m[38;2;75;75;75m┗[48;2;72;72;72m[38;2;110;110;110m▎[48;2;135;135;135m[38;2;80;80;80m▄[48;2;190;190;190m[38;2;173;173;173m▄[48;2;227;227;227m[38;2;225;225;225m▄[48;2;224;224;224m[38;2;216;216;216m│[48;2;235;235;235m[38;2;236;236;236m▄[48;2;214;214;214m[38;2;233;233;233m▇[48;2;207;207;207m[38;2;222;222;222m▅[48;2;236;236;236m[38;2;216;216;216m▊[48;2;209;209;209m[38;2;223;223;223m▂[48;2;215;215;215m[38;2;222;222;222m▄[48;2;213;213;213m[38;2;226;226;226m▆[48;2;223;223;223m[38;2;225;225;225m▄[48;2;228;228;228m[38;2;231;231;231m▄[48;2;224;224;224m[38;2;195;195;195m▁[48;2;173;173;173m[38;2;205;205;205m▎[48;2;131;131;131m[38;2;156;156;156m▅[48;2;129;129;129m[38;2;126;126;126m▄[48;2;137;137;137m[38;2;0;0;0m [48;2;111;111;111m[38;2;98;98;98m▄[48;2;82;82;82m[38;2;106;106;106m▌[48;2;80;80;80m[38;2;55;55;55m▅[48;2;116;116;116m[38;2;86;86;86m▃[48;2;164;164;164m[38;2;130;130;130m▖[48;2;176;176;176m[38;2;181;181;181m╴[48;2;177;177;177m[38;2;0;0;0m [48;2;183;183;183m[38;2;0;0;0m [48;2;189;189;189m[38;2;176;176;176m▄[48;2;203;203;203m[38;2;181;181;181m▖[48;2;198;198;198m[38;2;210;210;210m▚[48;2;201;201;201m[38;2;191;191;191m▗[48;2;188;188;188m[38;2;204;204;204m▝[48;2;211;211;211m[38;2;192;192;192m▁[48;2;205;205;205m[38;2;222;222;222m▚[48;2;203;203;203m[38;2;235;235;235m▘[48;2;204;204;204m[38;2;222;222;222m┏[48;2;170;170;170m[38;2;178;178;178m▄[48;2;142;142;142m[38;2;96;96;96m▗[48;2;120;120;120m[38;2;100;100;100m▄[48;2;112;112;112m[38;2;168;168;168m▄[48;2;144;144;144m[38;2;237;237;237m▆[48;2;166;166;166m[38;2;233;233;233m▄[48;2;156;156;156m[38;2;225;225;225m▆[48;2;146;146;146m[38;2;230;230;230m▄[48;2;140;140;140m[38;2;0;0;0m [48;2;147;147;147m[38;2;113;113;113m▄[48;2;172;172;172m[38;2;103;103;103m▂[48;2;207;207;207m[38;2;165;165;165m▂[48;2;231;231;231m[38;2;190;190;190m▄[48;2;208;208;208m[38;2;190;190;190m▄[48;2;180;180;180m[38;2;211;211;211m▘[48;2;176;176;176m[38;2;0;0;0m [48;2;215;215;215m[38;2;188;188;188m▅[48;2;189;186;183m[38;2;0;0;0m [48;2;197;194;194m[38;2;93;56;46m▅[48;2;30;11;23m[38;2;130;88;86m▌[48;2;39;32;47m[38;2;0;0;0m [0m
[48;2;157;88;55m[38;2;182;119;73m▌[48;2;172;106;67m[38;2;159;93;68m▄[48;2;183;116;77m[38;2;158;100;69m▄[48;2;156;97;63m[38;2;178;125;89m▁[48;2;199;146;93m[38;2;125;71;33m▖[48;2;226;175;94m[38;2;228;174;104m▄[48;2;134;72;35m[38;2;216;158;87m▊[48;2;164;100;60m[38;2;121;59;30m▎[48;2;94;43;38m[38;2;149;92;64m▌[48;2;97;56;51m[38;2;0;0;0m [48;2;171;141;123m[38;2;102;65;56m┓[48;2;226;226;225m[38;2;173;167;161m▊[48;2;179;140;122m[38;2;116;112;110m▊[48;2;159;89;56m[38;2;202;142;115m▌[48;2;233;146;77m[38;2;192;99;51m▄[48;2;90;31;22m[38;2;161;75;40m▌[48;2;44;14;21m[38;2;87;87;89m▗[48;2;121;73;78m[38;2;57;56;56m▇[48;2;59;58;58m[38;2;169;169;169m╸[48;2;31;31;31m[38;2;0;0;0m [48;2;38;38;38m[38;2;32;32;32m▄[48;2;41;41;41m[38;2;0;0;0m [48;2;111;111;111m[38;2;65;65;65m▄[48;2;110;110;110m[38;2;175;175;175m▁[48;2;111;111;111m[38;2;103;103;103m▄[48;2;121;121;121m[38;2;48;48;48m▃[48;2;180;180;180m[38;2;0;0;0m [48;2;218;218;218m[38;2;184;184;184m▖[48;2;228;228;228m[38;2;219;219;219m▄[48;2;232;232;232m[38;2;221;221;221m╏[48;2;225;225;225m[38;2;0;0;0m [48;2;222;222;222m[38;2;223;223;223m▄[48;2;227;227;227m[38;2;216;216;216m⎽[48;2;232;232;232m[38;2;0;0;0m [48;2;233;233;233m[38;2;203;203;203m▁[48;2;221;221;221m[38;2;202;202;202m▃[48;2;208;208;208m[38;2;193;193;193m▄[48;2;183;183;183m[38;2;205;205;205m▎[48;2;198;198;198m[38;2;188;188;188m▄[48;2;176;176;176m[38;2;188;188;188m▄[48;2;139;139;139m[38;2;185;185;185m▖[48;2;118;118;118m[38;2;122;122;122m▄[48;2;59;59;59m[38;2;91;91;91m▁[48;2;86;86;86m[38;2;55;55;55m▇[48;2;50;50;50m[38;2;43;43;43m▄[48;2;63;63;63m[38;2;0;0;0m [48;2;124;124;124m[38;2;90;90;90m▄[48;2;163;163;163m[38;2;147;147;147m▎[48;2;155;155;155m[38;2;186;186;186m╸[48;2;173;173;173m[38;2;151;151;151m▃[48;2;170;170;170m[38;2;172;172;172m▄[48;2;171;171;171m[38;2;0;0;0m [48;2;185;185;185m[38;2;142;142;142m▂[48;2;180;180;180m[38;2;151;151;151m▃[48;2;177;177;177m[38;2;186;186;186m━[48;2;181;181;181m[38;2;180;180;180m▄[48;2;202;202;202m[38;2;185;185;185m▄[48;2;215;215;215m[38;2;191;191;191m▂[48;2;195;195;195m[38;2;0;0;0m [48;2;105;105;105m[38;2;193;193;193m▘[48;2;131;131;131m[38;2;154;154;154m▄[48;2;176;176;176m[38;2;220;220;220m▁[48;2;191;191;191m[38;2;211;211;211m▄[48;2;238;238;238m[38;2;223;223;223m▄[48;2;219;219;219m[38;2;201;201;201m▃[48;2;232;232;232m[38;2;201;201;201m▂[48;2;236;236;236m[38;2;223;223;223m▎[48;2;223;223;223m[38;2;0;0;0m [48;2;101;101;101m[38;2;217;217;217m▄[48;2;88;88;88m[38;2;0;0;0m [48;2;108;108;108m[38;2;52;52;52m▄[48;2;147;147;147m[38;2;71;71;71m▄[48;2;185;185;185m[38;2;153;153;153m▂[48;2;194;194;194m[38;2;202;201;201m▄[48;2;195;194;193m[38;2;74;58;58m▃[48;2;192;190;187m[38;2;60;36;39m▆[48;2;48;17;16m[38;2;0;0;0m [48;2;104;53;38m[38;2;67;19;8m▊[48;2;65;21;13m[38;2;118;61;44m▎[48;2;86;50;49m[38;2;195;141;111m▖[0m
[48;2;205;144;97m[38;2;164;102;57m╹[48;2;143;84;60m[38;2;169;112;87m▄[48;2;136;87;59m[38;2;141;93;75m▄[48;2;143;95;68m[38;2;174;126;95m╺[48;2;156;106;63m[38;2;147;103;63m▄[48;2;210;161;101m[38;2;164;115;54m┓[48;2;201;145;84m[38;2;225;171;107m┓[48;2;190;127;88m[38;2;130;73;36m▌[48;2;133;76;46m[38;2;158;100;66m▄[48;2;106;54;50m[38;2;53;10;1m▎[48;2;96;54;49m[38;2;83;37;29m▄[48;2;170;161;160m[38;2;148;137;134m▄[48;2;114;108;105m[38;2;193;192;192m▎[48;2;218;175;143m[38;2;160;134;120m▁[48;2;205;122;55m[38;2;200;132;80m▄[48;2;72;52;35m[38;2;175;122;76m▌[48;2;97;97;98m[38;2;34;33;33m▌[48;2;120;120;120m[38;2;30;30;30m┃[48;2;74;74;74m[38;2;174;174;174m▖[48;2;73;73;73m[38;2;0;0;0m [48;2;42;42;42m[38;2;0;0;0m [48;2;52;52;52m[38;2;36;36;36m▌[48;2;55;55;55m[38;2;67;67;67m▄[48;2;90;90;90m[38;2;187;187;187m▝[48;2;114;114;114m[38;2;189;189;189m▅[48;2;93;93;93m[38;2;0;0;0m [48;2;126;126;126m[38;2;74;74;74m▅[48;2;166;166;166m[38;2;74;74;74m▃[48;2;207;207;207m[38;2;139;139;139m▄[48;2;188;188;188m[38;2;134;134;134m▂[48;2;216;216;216m[38;2;131;131;131m▃[48;2;215;215;215m[38;2;127;127;127m▂[48;2;210;210;210m[38;2;155;155;155m▃[48;2;199;199;199m[38;2;154;154;154m▂[48;2;195;195;195m[38;2;218;218;218m╹[48;2;195;195;195m[38;2;191;191;191m▄[48;2;179;179;179m[38;2;184;184;184m▄[48;2;185;185;185m[38;2;183;183;183m▄[48;2;179;179;179m[38;2;204;204;204m╏[48;2;181;181;181m[38;2;0;0;0m [48;2;171;171;171m[38;2;0;0;0m [48;2;106;106;106m[38;2;154;154;154m▅[48;2;86;86;86m[38;2;115;115;115m▎[48;2;62;62;62m[38;2;76;76;76m▄[48;2;59;59;59m[38;2;83;83;83m┓[48;2;60;60;60m[38;2;55;55;55m▄[48;2;83;83;83m[38;2;82;82;82m▄[48;2;133;133;133m[38;2;92;92;92m▆[48;2;135;135;135m[38;2;125;125;125m▄[48;2;158;158;158m[38;2;77;77;77m▂[48;2;170;170;170m[38;2;82;82;82m▄[48;2;132;132;132m[38;2;105;105;105m▆[48;2;108;108;108m[38;2;136;136;136m▘[48;2;119;119;119m[38;2;0;0;0m [48;2;170;170;170m[38;2;135;135;135m▄[48;2;169;169;169m[38;2;200;200;200m╸[48;2;177;177;177m[38;2;105;105;105m▂[48;2;159;159;159m[38;2;131;131;131m▄[48;2;121;121;121m[38;2;237;237;237m▄[48;2;235;235;235m[38;2;0;0;0m [48;2;83;83;83m[38;2;241;241;241m▆[48;2;100;100;100m[38;2;232;232;232m▃[48;2;194;194;194m[38;2;61;61;61m▄[48;2;195;195;195m[38;2;95;95;95m▁[48;2;202;202;202m[38;2;219;219;219m▘[48;2;200;200;200m[38;2;0;0;0m [48;2;223;223;223m[38;2;211;211;211m▄[48;2;210;210;210m[38;2;226;226;226m▚[48;2;215;215;215m[38;2;216;216;216m▄[48;2;218;218;218m[38;2;154;154;154m▝[48;2;61;61;61m[38;2;112;112;112m▄[48;2;63;63;63m[38;2;0;0;0m [48;2;101;101;101m[38;2;48;45;45m▅[48;2;101;67;58m[38;2;159;83;60m▗[48;2;75;22;13m[38;2;115;41;23m▖[48;2;46;14;12m[38;2;0;0;0m [48;2;45;17;15m[38;2;129;76;68m▗[48;2;160;104;96m[38;2;77;24;14m▊[48;2;77;21;17m[38;2;108;55;50m▎[48;2;100;45;41m[38;2;0;0;0m [0m
[48;2;226;156;107m[38;2;185;119;74m⎺[48;2;178;113;91m[38;2;185;119;89m▄[48;2;127;74;63m[38;2;181;125;104m▖[48;2;115;73;65m[38;2;139;91;82m▖[48;2;121;83;60m[38;2;123;85;84m▄[48;2;139;89;50m[38;2;123;80;71m▄[48;2;201;151;109m[38;2;144;98;58m▎[48;2;193;137;91m[38;2;140;85;40m┃[48;2;174;114;77m[38;2;185;130;85m▄[48;2;113;57;53m[38;2;111;60;52m▄[48;2;81;40;34m[38;2;120;78;74m▖[48;2;137;130;127m[38;2;94;65;57m▎[48;2;101;100;100m[38;2;169;168;168m▌[48;2;85;79;76m[38;2;114;113;113m▌[48;2;165;122;106m[38;2;60;53;51m▄[48;2;48;42;44m[38;2;116;96;93m▌[48;2;48;48;49m[38;2;160;160;160m│[48;2;109;109;109m[38;2;36;36;36m┃[48;2;38;38;38m[38;2;199;199;199m▌[48;2;64;64;64m[38;2;0;0;0m [48;2;124;124;124m[38;2;132;132;132m▄[48;2;68;68;68m[38;2;185;185;185m▁[48;2;46;46;46m[38;2;39;39;39m▄[48;2;68;68;68m[38;2;117;117;117m╺[48;2;79;79;79m[38;2;0;0;0m [48;2;195;195;195m[38;2;113;113;113m▄[48;2;82;82;82m[38;2;213;213;213m▃[48;2;54;54;54m[38;2;106;106;106m▄[48;2;105;105;105m[38;2;41;41;41m▅[48;2;109;109;109m[38;2;63;63;63m▄[48;2;152;152;152m[38;2;89;89;89m▄[48;2;129;129;129m[38;2;138;138;138m▄[48;2;126;126;126m[38;2;123;123;123m▄[48;2;148;148;148m[38;2;145;145;145m▄[48;2;193;193;193m[38;2;165;165;165m▄[48;2;178;178;178m[38;2;164;164;164m▄[48;2;177;177;177m[38;2;151;151;151m▅[48;2;174;174;174m[38;2;142;142;142m╵[48;2;178;178;178m[38;2;172;172;172m▄[48;2;181;181;181m[38;2;194;194;194m▂[48;2;194;194;194m[38;2;177;177;177m▚[48;2;174;174;174m[38;2;192;192;192m━[48;2;132;132;132m[38;2;160;160;160m▄[48;2;87;87;87m[38;2;126;126;126m▂[48;2;95;95;95m[38;2;92;92;92m▄[48;2;63;63;63m[38;2;86;86;86m┓[48;2;84;84;84m[38;2;67;67;67m▅[48;2;66;66;66m[38;2;52;52;52m⎻[48;2;67;67;67m[38;2;53;53;53m▘[48;2;70;70;70m[38;2;83;83;83m╵[48;2;58;58;58m[38;2;86;86;86m┗[48;2;87;87;87m[38;2;65;65;65m▅[48;2;105;105;105m[38;2;104;104;104m▄[48;2;102;102;102m[38;2;125;125;125m╴[48;2;111;111;111m[38;2;77;77;77m▄[48;2;112;112;112m[38;2;208;208;208m▃[48;2;130;130;130m[38;2;209;209;209m▅[48;2;227;227;227m[38;2;202;202;202m▖[48;2;249;249;249m[38;2;247;247;247m▄[48;2;247;247;247m[38;2;244;244;244m▄[48;2;248;248;248m[38;2;242;242;242m┏[48;2;255;255;255m[38;2;253;253;253m▄[48;2;255;255;255m[38;2;252;252;252m▄[48;2;63;63;63m[38;2;244;244;244m▖[48;2;163;163;163m[38;2;45;45;45m▄[48;2;183;183;183m[38;2;49;49;49m▃[48;2;187;187;187m[38;2;82;82;82m─[48;2;197;197;197m[38;2;149;149;149m━[48;2;215;215;215m[38;2;174;174;174m╴[48;2;190;190;190m[38;2;197;197;197m▄[48;2;118;118;118m[38;2;67;67;67m▄[48;2;47;47;47m[38;2;117;117;117m▘[48;2;81;67;69m[38;2;67;54;54m▄[48;2;113;46;35m[38;2;143;90;81m▄[48;2;113;46;34m[38;2;77;20;16m▄[48;2;65;16;15m[38;2;104;44;46m▗[48;2;92;23;19m[38;2;160;60;48m▗[48;2;170;103;87m[38;2;140;78;52m▄[48;2;73;29;17m[38;2;161;108;77m▗[48;2;52;17;32m[38;2;127;80;74m▎[0m
[48;2;241;165;101m[38;2;218;142;73m▚[48;2;227;162;107m[38;2;187;126;86m▝[48;2;177;119;91m[38;2;198;135;94m▄[48;2;129;80;74m[38;2;166;111;90m▌[48;2;126;82;84m[38;2;108;64;69m▚[48;2;125;85;84m[38;2;132;86;90m▄[48;2;119;73;64m[38;2;0;0;0m [48;2;171;120;81m[38;2;149;95;71m▄[48;2;206;155;95m[38;2;0;0;0m [48;2;105;59;44m[38;2;179;128;84m▌[48;2;121;71;63m[38;2;83;41;34m▝[48;2;139;127;122m[38;2;70;31;23m▎[48;2;126;126;126m[38;2;122;122;122m▄[48;2;53;53;53m[38;2;98;98;98m▊[48;2;60;60;60m[38;2;34;34;34m▇[48;2;41;41;41m[38;2;67;66;66m┗[48;2;49;49;49m[38;2;162;162;162m│[48;2;95;95;95m[38;2;13;13;13m│[48;2;70;70;70m[38;2;160;160;160m▘[48;2;122;122;122m[38;2;15;15;15m▊[48;2;45;45;45m[38;2;149;149;149m▎[48;2;209;209;209m[38;2;72;72;72m▃[48;2;89;89;89m[38;2;203;203;203m▄[48;2;57;57;57m[38;2;0;0;0m [48;2;105;105;105m[38;2;45;45;45m▄[48;2;95;95;95m[38;2;121;121;121m▄[48;2;106;106;106m[38;2;208;208;208m▝[48;2;158;158;158m[38;2;225;225;225m▚[48;2;74;74;74m[38;2;0;0;0m [48;2;44;44;44m[38;2;0;0;0m [48;2;44;44;44m[38;2;83;83;83m▝[48;2;103;103;103m[38;2;72;72;72m▌[48;2;124;124;124m[38;2;95;95;95m▂[48;2;136;136;136m[38;2;96;96;96m▖[48;2;154;154;154m[38;2;130;130;130m▝[48;2;138;138;138m[38;2;160;160;160m▄[48;2;157;157;157m[38;2;160;160;160m▄[48;2;175;175;175m[38;2;206;206;206m╹[48;2;179;179;179m[38;2;0;0;0m [48;2;181;181;181m[38;2;192;192;192m▝[48;2;190;190;190m[38;2;201;201;201m╏[48;2;168;168;168m[38;2;189;189;189m▎[48;2;170;170;170m[38;2;195;195;195m▃[48;2;132;132;132m[38;2;164;164;164m▅[48;2;113;113;113m[38;2;144;144;144m▃[48;2;73;73;73m[38;2;122;122;122m▃[48;2;65;65;65m[38;2;0;0;0m [48;2;80;80;80m[38;2;80;80;80m▄[48;2;73;73;73m[38;2;69;69;69m▄[48;2;59;59;59m[38;2;48;48;48m▇[48;2;63;63;63m[38;2;64;64;64m▄[48;2;67;67;67m[38;2;32;32;32m▂[48;2;59;59;59m[38;2;163;163;163m▁[48;2;96;96;96m[38;2;209;209;209m▄[48;2;208;208;208m[38;2;0;0;0m [48;2;206;206;206m[38;2;207;207;207m▄[48;2;198;198;198m[38;2;181;181;181m▄[48;2;206;206;206m[38;2;185;185;185m▊[48;2;237;237;237m[38;2;217;217;217m▖[48;2;241;241;241m[38;2;240;240;240m▄[48;2;238;238;238m[38;2;225;225;225m▁[48;2;235;235;235m[38;2;75;75;75m▂[48;2;255;255;255m[38;2;253;253;253m▄[48;2;255;255;255m[38;2;253;253;253m▄[48;2;207;207;207m[38;2;67;67;67m▝[48;2;88;88;88m[38;2;144;144;144m▆[48;2;236;236;236m[38;2;196;196;196m▎[48;2;205;205;205m[38;2;241;241;241m▖[48;2;239;239;239m[38;2;234;234;234m▄[48;2;232;232;232m[38;2;203;203;203m▃[48;2;216;216;216m[38;2;0;0;0m [48;2;84;84;84m[38;2;217;217;217m▃[48;2;52;51;51m[38;2;91;91;91m▗[48;2;75;65;65m[38;2;158;111;105m▝[48;2;112;62;66m[38;2;180;119;116m▘[48;2;119;61;60m[38;2;69;23;26m▌[48;2;112;21;12m[38;2;170;46;31m┗[48;2;151;75;48m[38;2;214;150;117m┣[48;2;90;37;21m[38;2;93;43;41m▄[48;2;57;31;48m[38;2;154;113;109m▘[0m
[48;2;244;166;102m[38;2;222;119;59m▄[48;2;225;157;98m[38;2;232;152;104m▄[48;2;225;151;100m[38;2;238;172;122m▘[48;2;178;115;90m[38;2;210;143;101m▎[48;2;155;102;103m[38;2;185;119;110m▃[48;2;124;73;80m[38;2;137;88;88m▄[48;2;137;87;93m[38;2;128;83;93m▄[48;2;123;66;61m[38;2;121;71;75m▄[48;2;204;150;115m[38;2;0;0;0m [48;2;201;147;105m[38;2;0;0;0m [48;2;152;99;85m[38;2;122;67;50m▌[48;2;157;153;151m[38;2;109;78;69m▊[48;2;112;112;112m[38;2;161;160;160m▖[48;2;48;48;48m[38;2;92;92;92m▊[48;2;26;26;26m[38;2;37;37;37m▎[48;2;33;33;33m[38;2;63;63;63m▊[48;2;50;50;50m[38;2;99;99;99m┃[48;2;65;65;65m[38;2;13;13;13m│[48;2;86;86;86m[38;2;164;164;164m▊[48;2;25;25;25m[38;2;0;0;0m [48;2;49;49;49m[38;2;142;142;142m╵[48;2;33;33;33m[38;2;21;21;21m▅[48;2;51;51;51m[38;2;203;203;203m▝[48;2;194;194;194m[38;2;110;110;110m▖[48;2;74;74;74m[38;2;176;176;176m▖[48;2;47;47;47m[38;2;25;25;25m▇[48;2;76;76;76m[38;2;64;64;64m▄[48;2;91;91;91m[38;2;0;0;0m [48;2;226;226;226m[38;2;146;146;146m▄[48;2;113;113;113m[38;2;224;224;224m▃[48;2;74;74;74m[38;2;0;0;0m [48;2;42;42;42m[38;2;0;0;0m [48;2;60;60;60m[38;2;92;92;92m▝[48;2;131;131;131m[38;2;74;74;74m▃[48;2;171;171;171m[38;2;162;162;162m▄[48;2;154;154;154m[38;2;124;124;124m╺[48;2;163;163;163m[38;2;194;194;194m▘[48;2;163;163;163m[38;2;195;195;195m╴[48;2;183;183;183m[38;2;162;162;162m▃[48;2;195;195;195m[38;2;179;179;179m▄[48;2;176;176;176m[38;2;160;160;160m▄[48;2;170;170;170m[38;2;191;191;191m⎼[48;2;188;188;188m[38;2;168;168;168m▂[48;2;180;180;180m[38;2;228;228;228m╶[48;2;160;160;160m[38;2;136;136;136m▂[48;2;155;155;155m[38;2;179;179;179m⎼[48;2;122;122;122m[38;2;139;139;139m▄[48;2;79;79;79m[38;2;133;133;133m▄[48;2;76;76;76m[38;2;0;0;0m [48;2;55;55;55m[38;2;0;0;0m [48;2;59;59;59m[38;2;201;201;201m▂[48;2;66;66;66m[38;2;192;192;192m▅[48;2;200;200;200m[38;2;199;199;199m▄[48;2;196;196;196m[38;2;211;211;211m⎻[48;2;204;204;204m[38;2;239;239;239m╴[48;2;195;195;195m[38;2;202;202;202m▄[48;2;190;190;190m[38;2;210;210;210m╺[48;2;191;191;191m[38;2;189;189;189m▄[48;2;201;201;201m[38;2;193;193;193m▄[48;2;234;234;234m[38;2;0;0;0m [48;2;241;241;241m[38;2;217;217;217m▝[48;2;41;41;41m[38;2;199;199;199m▖[48;2;29;29;29m[38;2;0;0;0m [48;2;201;201;201m[38;2;21;21;21m▖[48;2;249;249;249m[38;2;227;227;227m▁[48;2;247;247;247m[38;2;199;199;199m▝[48;2;193;193;193m[38;2;231;231;231m▝[48;2;226;226;226m[38;2;230;230;230m▄[48;2;221;221;221m[38;2;220;220;220m▄[48;2;211;211;211m[38;2;208;208;208m▄[48;2;238;238;238m[38;2;208;208;208m▎[48;2;238;238;238m[38;2;0;0;0m [48;2;231;231;231m[38;2;107;107;107m▝[48;2;80;80;80m[38;2;0;0;0m [48;2;133;116;122m[38;2;40;39;40m▆[48;2;50;42;43m[38;2;191;191;191m▂[48;2;76;67;67m[38;2;201;201;201m▃[48;2;121;111;108m[38;2;164;164;164m▅[48;2;74;69;69m[38;2;188;188;188m▄[48;2;62;61;62m[38;2;190;190;190m▁[0m
[48;2;211;96;34m[38;2;0;0;0m [48;2;239;155;94m[38;2;212;111;44m▂[48;2;204;137;82m[38;2;226;161;106m▄[48;2;209;138;96m[38;2;217;149;102m▄[48;2;182;115;93m[38;2;198;128;95m▄[48;2;147;94;86m[38;2;180;120;102m▆[48;2;141;88;92m[38;2;157;102;105m╴[48;2;131;77;87m[38;2;156;98;104m▄[48;2;196;140;122m[38;2;110;52;56m▊[48;2;215;162;123m[38;2;0;0;0m [48;2;201;151;121m[38;2;147;97;65m┃[48;2;120;93;85m[38;2;189;143;124m▖[48;2;188;186;186m[38;2;98;98;98m▝[48;2;75;75;75m[38;2;82;82;82m▄[48;2;21;21;21m[38;2;49;49;49m▎[48;2;37;37;37m[38;2;49;49;49m▌[48;2;57;57;57m[38;2;99;99;99m▌[48;2;32;32;32m[38;2;84;84;84m▌[48;2;119;119;119m[38;2;206;206;206m┃[48;2;13;13;13m[38;2;34;34;34m▌[48;2;42;42;42m[38;2;154;154;154m│[48;2;29;29;29m[38;2;34;34;34m╸[48;2;14;14;14m[38;2;0;0;0m [48;2;46;46;46m[38;2;0;0;0m [48;2;176;176;176m[38;2;89;89;89m▖[48;2;111;111;111m[38;2;196;196;196m┓[48;2;53;53;53m[38;2;124;124;124m▁[48;2;59;59;59m[38;2;42;42;42m▌[48;2;125;125;125m[38;2;57;57;57m▆[48;2;113;113;113m[38;2;218;218;218m▝[48;2;197;197;197m[38;2;142;142;142m▖[48;2;86;86;86m[38;2;170;170;170m▄[48;2;48;48;48m[38;2;0;0;0m [48;2;61;61;61m[38;2;44;44;44m▊[48;2;141;141;141m[38;2;84;84;84m▃[48;2;155;155;155m[38;2;157;157;157m▄[48;2;139;139;139m[38;2;42;42;42m▗[48;2;149;149;149m[38;2;83;83;83m▃[48;2;169;169;169m[38;2;138;138;138m▌[48;2;170;170;170m[38;2;162;162;162m▄[48;2;149;149;149m[38;2;0;0;0m [48;2;174;174;174m[38;2;129;129;129m▅[48;2;162;162;162m[38;2;154;154;154m▊[48;2;153;153;153m[38;2;189;189;189m▘[48;2;162;162;162m[38;2;146;146;146m▝[48;2;146;146;146m[38;2;141;141;141m▄[48;2;134;134;134m[38;2;91;91;91m▗[48;2;127;127;127m[38;2;66;66;66m▄[48;2;75;75;75m[38;2;204;204;204m▃[48;2;176;176;176m[38;2;0;0;0m [48;2;224;224;224m[38;2;192;192;192m▇[48;2;209;209;209m[38;2;191;191;191m▄[48;2;188;188;188m[38;2;194;194;194m▄[48;2;203;203;203m[38;2;195;195;195m▄[48;2;205;205;205m[38;2;196;196;196m▄[48;2;198;198;198m[38;2;189;189;189m▄[48;2;191;191;191m[38;2;180;180;180m▄[48;2;183;183;183m[38;2;196;196;196m╶[48;2;188;188;188m[38;2;169;169;169m▄[48;2;203;203;203m[38;2;197;197;197m▄[48;2;235;235;235m[38;2;196;196;196m┓[48;2;238;238;238m[38;2;0;0;0m [48;2;40;40;40m[38;2;197;197;197m▖[48;2;32;32;32m[38;2;66;66;66m▁[48;2;175;175;175m[38;2;87;87;87m▃[48;2;255;255;255m[38;2;252;252;252m▄[48;2;245;245;245m[38;2;200;200;200m▝[48;2;195;195;195m[38;2;231;231;231m▝[48;2;207;207;207m[38;2;241;241;241m▊[48;2;230;230;230m[38;2;195;195;195m▎[48;2;101;101;101m[38;2;224;224;224m▌[48;2;162;162;162m[38;2;59;59;59m▄[48;2;218;218;218m[38;2;0;0;0m [48;2;222;222;222m[38;2;0;0;0m [48;2;54;54;54m[38;2;181;181;181m▖[48;2;202;202;202m[38;2;143;143;143m▎[48;2;176;176;176m[38;2;191;191;191m▄[48;2;197;197;197m[38;2;211;211;211m▄[48;2;222;222;222m[38;2;214;214;214m▄[48;2;231;231;231m[38;2;0;0;0m [0m
[48;2;192;78;38m[38;2;188;81;44m▄[48;2;193;77;22m[38;2;0;0;0m [48;2;230;156;102m[38;2;221;123;43m▖[48;2;218;149;107m[38;2;210;139;91m▄[48;2;195;122;88m[38;2;205;136;105m▄[48;2;179;104;85m[38;2;197;122;103m─[48;2;179;116;100m[38;2;182;116;98m▄[48;2;153;95;91m[38;2;176;119;107m▖[48;2;159;104;105m[38;2;121;66;64m▝[48;2;188;139;101m[38;2;143;89;75m▌[48;2;136;88;52m[38;2;209;161;117m▊[48;2;171;134;113m[38;2;0;0;0m [48;2;190;189;189m[38;2;134;130;129m▎[48;2;82;82;82m[38;2;125;125;125m▌[48;2;38;38;38m[38;2;91;91;91m▎[48;2;47;47;47m[38;2;72;72;72m┃[48;2;62;62;62m[38;2;38;38;38m▆[48;2;34;34;34m[38;2;101;101;101m▌[48;2;185;185;185m[38;2;112;112;112m▘[48;2;17;17;17m[38;2;113;113;113m▎[48;2;92;92;92m[38;2;29;29;29m▊[48;2;49;49;49m[38;2;76;76;76m▃[48;2;9;9;9m[38;2;38;38;38m▎[48;2;40;40;40m[38;2;10;10;10m▊[48;2;61;61;61m[38;2;145;145;145m▌[48;2;150;150;150m[38;2;81;81;81m▊[48;2;182;182;182m[38;2;168;168;168m▄[48;2;159;159;159m[38;2;47;47;47m▝[48;2;59;59;59m[38;2;0;0;0m [48;2;50;50;50m[38;2;0;0;0m [48;2;79;79;79m[38;2;0;0;0m [48;2;214;214;214m[38;2;93;93;93m▂[48;2;119;119;119m[38;2;213;213;213m▅[48;2;54;54;54m[38;2;118;118;118m▃[48;2;81;81;81m[38;2;38;38;38m▇[48;2;107;107;107m[38;2;54;54;54m▆[48;2;49;49;49m[38;2;86;86;86m▌[48;2;108;108;108m[38;2;53;53;53m▊[48;2;143;143;143m[38;2;91;91;91m▄[48;2;149;149;149m[38;2;92;92;92m▆[48;2;115;115;115m[38;2;103;103;103m▄[48;2;129;129;129m[38;2;106;106;106m▌[48;2;146;146;146m[38;2;123;123;123m▁[48;2;150;150;150m[38;2;155;155;155m▄[48;2;141;141;141m[38;2;0;0;0m [48;2;143;143;143m[38;2;119;119;119m▄[48;2;98;98;98m[38;2;199;199;199m▄[48;2;189;189;189m[38;2;0;0;0m [48;2;187;187;187m[38;2;211;211;211m▖[48;2;195;195;195m[38;2;213;213;213m▖[48;2;194;194;194m[38;2;194;194;194m▄[48;2;190;190;190m[38;2;212;212;212m▗[48;2;195;195;195m[38;2;181;181;181m▅[48;2;183;183;183m[38;2;196;196;196m╵[48;2;177;177;177m[38;2;171;171;171m▄[48;2;166;166;166m[38;2;195;195;195m▝[48;2;166;166;166m[38;2;181;181;181m▌[48;2;158;158;158m[38;2;191;191;191m▎[48;2;161;161;161m[38;2;171;171;171m▘[48;2;173;173;173m[38;2;0;0;0m [48;2;167;167;167m[38;2;121;121;121m▃[48;2;229;229;229m[38;2;150;150;150m▖[48;2;242;242;242m[38;2;0;0;0m [48;2;122;122;122m[38;2;233;233;233m▃[48;2;73;73;73m[38;2;158;158;158m▖[48;2;242;242;242m[38;2;191;191;191m▎[48;2;253;253;253m[38;2;255;255;255m┃[48;2;244;244;244m[38;2;206;206;206m▝[48;2;212;212;212m[38;2;170;170;170m┓[48;2;219;219;219m[38;2;240;240;240m▄[48;2;230;230;230m[38;2;0;0;0m [48;2;82;82;82m[38;2;232;232;232m▖[48;2;58;58;58m[38;2;0;0;0m [48;2;232;232;232m[38;2;91;91;91m▖[48;2;233;233;233m[38;2;0;0;0m [48;2;178;178;178m[38;2;105;105;105m▚[48;2;219;219;219m[38;2;176;176;176m▌[48;2;203;203;203m[38;2;226;226;226m┏[48;2;183;183;183m[38;2;208;208;208m▝[48;2;207;207;207m[38;2;127;127;127m▁[0m
[48;2;229;142;81m[38;2;196;109;36m╵[48;2;191;79;29m[38;2;0;0;0m [48;2;228;112;29m[38;2;198;71;11m▖[48;2;239;157;90m[38;2;239;125;34m▖[48;2;200;131;101m[38;2;199;132;79m▄[48;2;188;109;92m[38;2;214;138;117m▄[48;2;173;102;86m[38;2;178;100;87m▄[48;2;155;84;80m[38;2;195;129;125m┗[48;2;175;114;115m[38;2;132;71;72m╹[48;2;151;95;83m[38;2;177;119;119m▎[48;2;208;154;132m[38;2;144;86;71m▖[48;2;139;99;83m[38;2;151;107;93m▄[48;2;171;170;170m[38;2;123;113;111m▎[48;2;97;97;97m[38;2;169;169;169m▌[48;2;37;37;37m[38;2;75;75;75m▎[48;2;50;50;50m[38;2;80;80;80m▝[48;2;113;113;113m[38;2;44;44;44m▌[48;2;90;90;90m[38;2;36;36;36m│[48;2;197;197;197m[38;2;215;215;215m│[48;2;28;28;28m[38;2;118;118;118m▌[48;2;103;103;103m[38;2;31;31;31m▊[48;2;81;81;81m[38;2;85;85;85m▄[48;2;11;11;11m[38;2;34;34;34m▎[48;2;59;59;59m[38;2;12;12;12m▊[48;2;71;71;71m[38;2;110;110;110m▚[48;2;17;17;17m[38;2;0;0;0m [48;2;48;48;48m[38;2;141;141;141m▝[48;2;186;186;186m[38;2;110;110;110m▖[48;2;200;200;200m[38;2;65;65;65m▝[48;2;81;81;81m[38;2;107;107;107m╴[48;2;41;41;41m[38;2;68;68;68m▄[48;2;39;39;39m[38;2;61;61;61m▝[48;2;189;189;189m[38;2;79;79;79m▄[48;2;202;202;202m[38;2;0;0;0m [48;2;62;62;62m[38;2;186;186;186m▄[48;2;33;33;33m[38;2;0;0;0m [48;2;47;47;47m[38;2;91;91;91m▗[48;2;80;80;80m[38;2;120;120;120m▁[48;2;61;61;61m[38;2;0;0;0m [48;2;65;65;65m[38;2;93;93;93m▗[48;2;110;110;110m[38;2;87;87;87m▄[48;2;123;123;123m[38;2;0;0;0m [48;2;127;127;127m[38;2;49;49;49m▂[48;2;106;106;106m[38;2;135;135;135m▄[48;2;101;101;101m[38;2;198;198;198m▅[48;2;209;209;209m[38;2;0;0;0m [48;2;207;207;207m[38;2;204;204;204m▄[48;2;195;195;195m[38;2;206;206;206m▃[48;2;213;213;213m[38;2;224;224;224m▄[48;2;199;199;199m[38;2;214;214;214m│[48;2;189;189;189m[38;2;177;177;177m⎺[48;2;192;192;192m[38;2;185;185;185m▄[48;2;173;173;173m[38;2;161;161;161m▂[48;2;170;170;170m[38;2;160;160;160m▄[48;2;159;159;159m[38;2;132;132;132m▖[48;2;140;140;140m[38;2;107;107;107m╶[48;2;143;143;143m[38;2;133;133;133m▄[48;2;156;156;156m[38;2;150;150;150m▄[48;2;131;131;131m[38;2;99;99;99m▂[48;2;104;104;104m[38;2;153;153;153m▘[48;2;89;89;89m[38;2;87;87;87m▄[48;2;91;91;91m[38;2;112;112;112m▗[48;2;184;184;184m[38;2;133;133;133m▃[48;2;239;239;239m[38;2;186;186;186m▂[48;2;241;241;241m[38;2;0;0;0m [48;2;245;245;245m[38;2;197;197;197m▝[48;2;246;246;246m[38;2;0;0;0m [48;2;231;231;231m[38;2;248;248;248m▊[48;2;147;147;147m[38;2;217;217;217m▊[48;2;152;152;152m[38;2;234;234;234m▝[48;2;225;225;225m[38;2;190;190;190m▁[48;2;224;224;224m[38;2;204;204;204m╸[48;2;98;98;98m[38;2;213;213;213m▃[48;2;178;178;178m[38;2;83;83;83m▊[48;2;241;241;241m[38;2;227;227;227m▂[48;2;212;212;212m[38;2;0;0;0m [48;2;204;204;204m[38;2;170;170;170m┃[48;2;231;231;231m[38;2;202;202;202m▖[48;2;194;194;194m[38;2;230;230;230m▅[48;2;83;83;83m[38;2;225;225;225m▖[0m
[48;2;206;120;43m[38;2;141;54;21m▖[48;2;234;153;71m[38;2;232;163;77m▄[48;2;202;68;17m[38;2;250;138;77m╸[48;2;234;128;53m[38;2;210;82;19m┓[48;2;247;180;99m[38;2;246;151;57m▄[48;2;202;131;95m[38;2;227;168;107m▄[48;2;182;102;88m[38;2;194;116;91m▄[48;2;170;88;89m[38;2;184;102;100m▄[48;2;170;104;105m[38;2;164;97;98m▄[48;2;169;116;105m[38;2;207;155;145m▁[48;2;179;122;104m[38;2;191;141;129m▄[48;2;167;120;104m[38;2;152;105;92m▄[48;2;134;125;123m[38;2;172;171;171m▝[48;2;88;88;88m[38;2;176;176;176m▊[48;2;52;52;52m[38;2;98;98;98m▎[48;2;67;67;67m[38;2;40;40;40m▊[48;2;89;89;89m[38;2;56;56;56m▌[48;2;65;65;65m[38;2;141;141;141m┃[48;2;196;196;196m[38;2;177;177;177m▄[48;2;41;41;41m[38;2;116;116;116m▎[48;2;92;92;92m[38;2;38;38;38m▊[48;2;95;95;95m[38;2;117;117;117m▖[48;2;21;21;21m[38;2;0;0;0m [48;2;44;44;44m[38;2;13;13;13m▊[48;2;71;71;71m[38;2;129;129;129m┃[48;2;8;8;8m[38;2;84;84;84m▎[48;2;37;37;37m[38;2;0;0;0m [48;2;69;69;69m[38;2;135;135;135m▖[48;2;157;157;157m[38;2;87;87;87m▃[48;2;166;166;166m[38;2;201;201;201m▆[48;2;77;77;77m[38;2;192;192;192m▖[48;2;31;31;31m[38;2;66;66;66m▚[48;2;42;42;42m[38;2;33;33;33m▄[48;2;49;49;49m[38;2;158;158;158m▝[48;2;190;190;190m[38;2;105;105;105m▁[48;2;134;134;134m[38;2;188;188;188m▄[48;2;47;47;47m[38;2;169;169;169m▖[48;2;74;74;74m[38;2;110;110;110m▗[48;2;77;77;77m[38;2;118;118;118m▖[48;2;94;94;94m[38;2;0;0;0m [48;2;89;89;89m[38;2;165;165;165m╴[48;2;100;100;100m[38;2;206;206;206m▃[48;2;109;109;109m[38;2;188;188;188m▆[48;2;189;189;189m[38;2;212;212;212m▚[48;2;200;200;200m[38;2;183;183;183m▄[48;2;204;204;204m[38;2;207;207;207m▄[48;2;197;197;197m[38;2;204;204;204m▄[48;2;218;218;218m[38;2;203;203;203m▄[48;2;224;224;224m[38;2;201;201;201m▅[48;2;184;184;184m[38;2;196;196;196m▝[48;2;174;174;174m[38;2;184;184;184m▊[48;2;179;179;179m[38;2;169;169;169m▄[48;2;161;161;161m[38;2;155;155;155m▄[48;2;161;161;161m[38;2;157;157;157m▄[48;2;169;169;169m[38;2;146;146;146m▚[48;2;130;130;130m[38;2;132;132;132m▄[48;2;88;88;88m[38;2;155;155;155m▘[48;2;106;106;106m[38;2;51;51;51m▆[48;2;75;75;75m[38;2;41;41;41m▆[48;2;67;67;67m[38;2;56;56;56m▄[48;2;64;64;64m[38;2;39;39;39m┏[48;2;101;101;101m[38;2;60;60;60m▆[48;2;107;107;107m[38;2;72;72;72m▄[48;2;159;159;159m[38;2;84;84;84m▁[48;2;204;204;204m[38;2;180;180;180m▎[48;2;242;242;242m[38;2;227;227;227m▁[48;2;246;246;246m[38;2;237;237;237m╶[48;2;244;244;244m[38;2;212;212;212m▗[48;2;236;236;236m[38;2;188;188;188m▃[48;2;143;143;143m[38;2;235;235;235m▅[48;2;162;162;162m[38;2;114;114;114m┓[48;2;227;227;227m[38;2;167;167;167m▂[48;2;219;219;219m[38;2;227;227;227m▄[48;2;202;202;202m[38;2;234;234;234m▇[48;2;232;232;232m[38;2;234;234;234m▄[48;2;233;233;233m[38;2;223;223;223m▄[48;2;101;101;101m[38;2;224;224;224m▌[48;2;181;181;181m[38;2;0;0;0m [48;2;237;237;237m[38;2;210;210;210m▖[48;2;233;233;233m[38;2;0;0;0m [0m
[48;2;136;55;30m[38;2;96;28;31m▇[48;2;194;105;57m[38;2;114;36;27m▖[48;2;200;81;38m[38;2;244;135;79m▗[48;2;218;98;42m[38;2;213;95;39m▄[48;2;225;115;15m[38;2;234;101;22m▄[48;2;241;145;52m[38;2;243;176;108m▝[48;2;223;145;87m[38;2;249;179;128m╴[48;2;196;111;98m[38;2;217;131;96m▄[48;2;164;86;89m[38;2;215;128;122m▂[48;2;160;103;97m[38;2;175;101;101m▄[48;2;175;131;114m[38;2;180;119;112m▄[48;2;116;81;73m[38;2;170;128;116m▊[48;2;119;111;109m[38;2;109;99;100m▄[48;2;122;122;122m[38;2;186;186;186m▊[48;2;88;88;88m[38;2;50;50;50m▝[48;2;50;50;50m[38;2;37;37;37m▊[48;2;75;75;75m[38;2;56;56;56m▌[48;2;54;54;54m[38;2;201;201;201m┃[48;2;209;209;209m[38;2;98;98;98m▎[48;2;12;12;12m[38;2;132;132;132m▎[48;2;105;105;105m[38;2;41;41;41m▊[48;2;55;55;55m[38;2;106;106;106m▊[48;2;23;23;23m[38;2;34;34;34m▄[48;2;59;59;59m[38;2;23;23;23m▊[48;2;81;81;81m[38;2;103;103;103m▌[48;2;24;24;24m[38;2;0;0;0m [48;2;45;45;45m[38;2;0;0;0m [48;2;100;100;100m[38;2;0;0;0m [48;2;20;20;20m[38;2;0;0;0m [48;2;120;120;120m[38;2;46;46;46m▃[48;2;200;200;200m[38;2;152;152;152m▃[48;2;84;84;84m[38;2;179;179;179m▄[48;2;62;62;62m[38;2;88;88;88m▄[48;2;36;36;36m[38;2;54;54;54m▁[48;2;51;51;51m[38;2;0;0;0m [48;2;168;168;168m[38;2;77;77;77m▃[48;2;178;178;178m[38;2;165;165;165m▄[48;2;73;73;73m[38;2;178;178;178m▃[48;2;144;144;144m[38;2;77;77;77m▅[48;2;102;102;102m[38;2;202;202;202m▄[48;2;151;151;151m[38;2;202;202;202m▇[48;2;193;193;193m[38;2;0;0;0m [48;2;182;182;182m[38;2;222;222;222m▅[48;2;203;203;203m[38;2;229;229;229m▖[48;2;200;200;200m[38;2;190;190;190m▄[48;2;199;199;199m[38;2;174;174;174m▄[48;2;184;184;184m[38;2;203;203;203m╶[48;2;175;175;175m[38;2;182;182;182m╴[48;2;186;186;186m[38;2;0;0;0m [48;2;180;180;180m[38;2;176;176;176m▄[48;2;167;167;167m[38;2;180;180;180m▊[48;2;174;174;174m[38;2;191;191;191m╏[48;2;157;157;157m[38;2;152;152;152m▄[48;2;161;161;161m[38;2;152;152;152m▄[48;2;152;152;152m[38;2;75;75;75m▂[48;2;105;105;105m[38;2;43;43;43m▅[48;2;45;45;45m[38;2;0;0;0m [48;2;36;36;36m[38;2;45;45;45m╹[48;2;34;34;34m[38;2;0;0;0m [48;2;35;35;35m[38;2;34;34;34m▄[48;2;41;41;41m[38;2;34;34;34m▄[48;2;56;56;56m[38;2;73;73;73m╴[48;2;80;80;80m[38;2;89;89;89m▝[48;2;95;95;95m[38;2;109;109;109m▄[48;2;149;149;149m[38;2;202;202;202m▝[48;2;201;201;201m[38;2;238;238;238m▆[48;2;219;219;219m[38;2;0;0;0m [48;2;221;221;221m[38;2;190;190;190m▗[48;2;221;221;221m[38;2;181;181;181m▂[48;2;245;245;245m[38;2;231;231;231m▁[48;2;242;242;242m[38;2;0;0;0m [48;2;99;99;99m[38;2;181;181;181m▄[48;2;184;184;184m[38;2;92;92;92m▅[48;2;206;206;206m[38;2;146;146;146m┓[48;2;232;232;232m[38;2;192;192;192m⎻[48;2;237;237;237m[38;2;198;198;198m╶[48;2;225;225;225m[38;2;0;0;0m [48;2;131;131;131m[38;2;223;223;223m▇[48;2;189;189;189m[38;2;216;216;216m▄[48;2;226;226;226m[38;2;183;183;183m┓[0m
[48;2;82;30;38m[38;2;78;31;46m▄[48;2;123;42;32m[38;2;93;25;26m▊[48;2;133;47;19m[38;2;167;83;29m┗[48;2;205;100;43m[38;2;210;109;49m▄[48;2;206;68;18m[38;2;233;121;58m▁[48;2;236;119;38m[38;2;211;82;27m▄[48;2;242;158;72m[38;2;238;132;57m▄[48;2;236;156;89m[38;2;0;0;0m [48;2;194;104;89m[38;2;227;145;111m▄[48;2;177;85;91m[38;2;185;99;94m▄[48;2;164;78;80m[38;2;0;0;0m [48;2;191;146;142m[38;2;173;109;103m▖[48;2;80;75;76m[38;2;140;117;118m▎[48;2;123;123;123m[38;2;179;179;179m┃[48;2;68;68;68m[38;2;115;115;115m▊[48;2;45;45;45m[38;2;49;49;49m▄[48;2;57;57;57m[38;2;34;34;34m▌[48;2;92;92;92m[38;2;206;206;206m┃[48;2;204;204;204m[38;2;60;60;60m▌[48;2;38;38;38m[38;2;171;171;171m▎[48;2;90;90;90m[38;2;36;36;36m┃[48;2;37;37;37m[38;2;64;64;64m▖[48;2;14;14;14m[38;2;25;25;25m▖[48;2;80;80;80m[38;2;31;31;31m▊[48;2;95;95;95m[38;2;123;123;123m│[48;2;7;7;7m[38;2;17;17;17m┃[48;2;49;49;49m[38;2;18;18;18m▊[48;2;97;97;97m[38;2;74;74;74m▖[48;2;10;10;10m[38;2;35;35;35m┣[48;2;27;27;27m[38;2;0;0;0m [48;2;111;111;111m[38;2;106;106;106m▄[48;2;168;168;168m[38;2;135;135;135m▄[48;2;131;131;131m[38;2;159;159;159m▚[48;2;67;67;67m[38;2;100;100;100m▊[48;2;42;42;42m[38;2;71;71;71m▃[48;2;48;48;48m[38;2;119;119;119m▝[48;2;71;71;71m[38;2;189;189;189m▝[48;2;157;157;157m[38;2;181;181;181m▄[48;2;193;193;193m[38;2;149;149;149m▄[48;2;185;185;185m[38;2;225;225;225m▁[48;2;202;202;202m[38;2;229;229;229m▃[48;2;204;204;204m[38;2;231;231;231m┻[48;2;227;227;227m[38;2;179;179;179m▅[48;2;188;188;188m[38;2;0;0;0m [48;2;181;181;181m[38;2;183;183;183m▄[48;2;178;178;178m[38;2;177;177;177m▄[48;2;178;178;178m[38;2;188;188;188m▌[48;2;173;173;173m[38;2;178;178;178m▄[48;2;178;178;178m[38;2;165;165;165m╴[48;2;174;174;174m[38;2;174;174;174m▄[48;2;177;177;177m[38;2;0;0;0m [48;2;168;168;168m[38;2;184;184;184m╵[48;2;153;153;153m[38;2;103;103;103m▂[48;2;149;149;149m[38;2;71;71;71m▆[48;2;44;44;44m[38;2;54;54;54m▄[48;2;42;42;42m[38;2;42;42;42m▄[48;2;36;36;36m[38;2;34;34;34m▄[48;2;33;33;33m[38;2;0;0;0m [48;2;36;36;36m[38;2;47;47;47m▁[48;2;39;39;39m[38;2;62;62;62m▃[48;2;49;49;49m[38;2;53;53;53m▄[48;2;52;52;52m[38;2;59;59;59m▖[48;2;94;94;94m[38;2;66;66;66m▊[48;2;109;109;109m[38;2;79;79;79m▌[48;2;125;125;125m[38;2;84;84;84m▄[48;2;216;216;216m[38;2;129;129;129m▌[48;2;240;240;240m[38;2;197;197;197m▝[48;2;207;207;207m[38;2;221;221;221m╵[48;2;167;167;167m[38;2;221;221;221m▖[48;2;181;181;181m[38;2;81;81;81m▁[48;2;230;230;230m[38;2;190;190;190m▖[48;2;247;247;247m[38;2;230;230;230m╸[48;2;90;90;90m[38;2;214;214;214m▄[48;2;231;231;231m[38;2;81;81;81m▊[48;2;234;234;234m[38;2;230;230;230m▄[48;2;208;208;208m[38;2;227;227;227m▝[48;2;194;194;194m[38;2;0;0;0m [48;2;203;203;203m[38;2;208;208;208m▄[48;2;233;233;233m[38;2;194;194;194m▃[48;2;223;223;223m[38;2;206;206;206m╵[0m
[48;2;83;34;50m[38;2;64;20;39m▊[48;2;81;27;37m[38;2;101;39;40m▝[48;2;105;34;36m[38;2;147;50;53m▝[48;2;175;76;33m[38;2;132;39;26m▎[48;2;221;126;58m[38;2;167;79;32m▃[48;2;190;54;7m[38;2;227;94;34m▊[48;2;215;92;34m[38;2;0;0;0m [48;2;245;156;75m[38;2;234;133;46m┓[48;2;242;168;115m[38;2;234;151;75m▆[48;2;188;120;94m[38;2;230;164;115m▆[48;2;195;114;101m[38;2;181;79;55m▃[48;2;168;98;104m[38;2;197;106;105m▎[48;2;70;65;69m[38;2;164;132;145m▌[48;2;169;169;169m[38;2;91;91;91m▌[48;2;93;93;93m[38;2;93;93;93m▄[48;2;48;48;48m[38;2;0;0;0m [48;2;45;45;45m[38;2;29;29;29m┃[48;2;210;210;210m[38;2;80;80;80m▌[48;2;166;166;166m[38;2;42;42;42m▊[48;2;80;80;80m[38;2;188;188;188m▎[48;2;75;75;75m[38;2;11;11;11m│[48;2;49;49;49m[38;2;83;83;83m▌[48;2;24;24;24m[38;2;37;37;37m┓[48;2;100;100;100m[38;2;52;52;52m▌[48;2;44;44;44m[38;2;95;95;95m▊[48;2;26;26;26m[38;2;31;31;31m▄[48;2;68;68;68m[38;2;42;42;42m▊[48;2;72;72;72m[38;2;110;110;110m│[48;2;20;20;20m[38;2;23;23;23m▄[48;2;57;57;57m[38;2;25;25;25m▊[48;2;45;45;45m[38;2;82;82;82m▌[48;2;152;152;152m[38;2;79;79;79m▇[48;2;138;138;138m[38;2;0;0;0m [48;2;122;122;122m[38;2;80;80;80m┗[48;2;64;64;64m[38;2;64;64;64m▄[48;2;39;39;39m[38;2;39;39;39m▄[48;2;55;55;55m[38;2;68;68;68m▁[48;2;62;62;62m[38;2;0;0;0m [48;2;179;179;179m[38;2;70;70;70m▖[48;2;207;207;207m[38;2;126;126;126m┓[48;2;232;232;232m[38;2;176;176;176m▝[48;2;174;174;174m[38;2;0;0;0m [48;2;174;174;174m[38;2;172;172;172m▄[48;2;188;188;188m[38;2;180;180;180m▄[48;2;179;179;179m[38;2;190;190;190m▌[48;2;183;183;183m[38;2;176;176;176m▄[48;2;180;180;180m[38;2;205;205;205m╴[48;2;189;189;189m[38;2;145;145;145m▝[48;2;167;167;167m[38;2;183;183;183m▂[48;2;169;169;169m[38;2;155;155;155m▂[48;2;163;163;163m[38;2;129;129;129m▃[48;2;138;138;138m[38;2;101;101;101m▅[48;2;83;83;83m[38;2;72;72;72m▄[48;2;64;64;64m[38;2;91;91;91m┛[48;2;45;45;45m[38;2;57;57;57m▎[48;2;38;38;38m[38;2;52;52;52m▂[48;2;46;46;46m[38;2;0;0;0m [48;2;41;41;41m[38;2;63;63;63m▁[48;2;57;57;57m[38;2;41;41;41m▎[48;2;57;57;57m[38;2;53;53;53m▄[48;2;56;56;56m[38;2;0;0;0m [48;2;50;50;50m[38;2;81;81;81m▁[48;2;56;56;56m[38;2;98;98;98m▃[48;2;89;89;89m[38;2;58;58;58m▘[48;2;93;93;93m[38;2;83;83;83m▄[48;2;100;100;100m[38;2;0;0;0m [48;2;216;216;216m[38;2;122;122;122m▖[48;2;237;237;237m[38;2;244;244;244m▆[48;2;184;184;184m[38;2;236;236;236m▅[48;2;67;67;67m[38;2;0;0;0m [48;2;158;158;158m[38;2;102;102;102m▅[48;2;235;235;235m[38;2;0;0;0m [48;2;249;249;249m[38;2;0;0;0m [48;2;226;226;226m[38;2;90;90;90m▝[48;2;228;228;228m[38;2;134;134;134m▖[48;2;215;215;215m[38;2;223;223;223m▄[48;2;193;193;193m[38;2;83;83;83m▝[48;2;84;84;84m[38;2;163;163;163m▎[48;2;178;178;178m[38;2;89;89;89m▖[48;2;186;186;186m[38;2;223;223;223m▝[0m
[48;2;70;20;31m[38;2;0;0;0m [48;2;66;18;33m[38;2;85;35;51m▝[48;2;104;45;52m[38;2;80;27;41m▌[48;2;130;40;31m[38;2;125;48;50m▄[48;2;173;79;41m[38;2;119;40;18m▅[48;2;208;87;29m[38;2;167;57;26m▅[48;2;216;87;32m[38;2;198;74;24m▄[48;2;201;80;14m[38;2;244;141;52m▝[48;2;234;129;35m[38;2;247;160;73m▝[48;2;229;149;69m[38;2;244;166;111m▝[48;2;185;64;34m[38;2;228;121;75m▊[48;2;141;62;70m[38;2;213;106;96m▊[48;2;99;70;80m[38;2;148;119;127m▂[48;2;147;147;147m[38;2;75;75;75m▊[48;2;82;82;82m[38;2;79;79;79m▄[48;2;28;28;28m[38;2;61;61;61m▌[48;2;48;48;48m[38;2;22;22;22m▌[48;2;234;234;234m[38;2;60;60;60m▌[48;2;46;46;46m[38;2;144;144;144m▎[48;2;85;85;85m[38;2;116;116;116m╸[48;2;86;86;86m[38;2;35;35;35m▊[48;2;87;87;87m[38;2;87;87;87m▄[48;2;41;41;41m[38;2;0;0;0m [48;2;78;78;78m[38;2;128;128;128m┃[48;2;49;49;49m[38;2;100;100;100m▌[48;2;54;54;54m[38;2;34;34;34m┫[48;2;63;63;63m[38;2;85;85;85m▃[48;2;75;75;75m[38;2;69;69;69m▄[48;2;38;38;38m[38;2;85;85;85m▎[48;2;74;74;74m[38;2;33;33;33m▊[48;2;60;60;60m[38;2;94;94;94m│[48;2;30;30;30m[38;2;36;36;36m▄[48;2;192;192;192m[38;2;75;75;75m▊[48;2;143;143;143m[38;2;126;126;126m▄[48;2;99;99;99m[38;2;0;0;0m [48;2;48;48;48m[38;2;130;130;130m▖[48;2;60;60;60m[38;2;83;83;83m▝[48;2;45;45;45m[38;2;80;80;80m▖[48;2;35;35;35m[38;2;70;70;70m┗[48;2;140;140;140m[38;2;53;53;53m▄[48;2;107;107;107m[38;2;189;189;189m▝[48;2;220;220;220m[38;2;0;0;0m [48;2;169;169;169m[38;2;235;235;235m▖[48;2;179;179;179m[38;2;151;151;151m▂[48;2;164;164;164m[38;2;188;188;188m╺[48;2;175;175;175m[38;2;205;205;205m╹[48;2;183;183;183m[38;2;179;179;179m▄[48;2;173;173;173m[38;2;148;148;148m▁[48;2;157;157;157m[38;2;109;109;109m▂[48;2;90;90;90m[38;2;124;124;124m▌[48;2;90;90;90m[38;2;57;57;57m▂[48;2;74;74;74m[38;2;58;58;58m▅[48;2;69;69;69m[38;2;48;48;48m▇[48;2;47;47;47m[38;2;55;55;55m┏[48;2;59;59;59m[38;2;100;100;100m╵[48;2;71;71;71m[38;2;0;0;0m [48;2;62;62;62m[38;2;67;67;67m▄[48;2;54;54;54m[38;2;79;79;79m▄[48;2;58;58;58m[38;2;88;88;88m▄[48;2;51;51;51m[38;2;96;96;96m▆[48;2;93;93;93m[38;2;0;0;0m [48;2;93;93;93m[38;2;0;0;0m [48;2;97;97;97m[38;2;94;94;94m▄[48;2;103;103;103m[38;2;55;55;55m▃[48;2;93;93;93m[38;2;89;89;89m▄[48;2;105;105;105m[38;2;102;102;102m▄[48;2;114;114;114m[38;2;108;108;108m▄[48;2;149;149;149m[38;2;237;237;237m▝[48;2;239;239;239m[38;2;0;0;0m [48;2;224;224;224m[38;2;101;101;101m▝[48;2;120;120;120m[38;2;111;111;111m▄[48;2;77;77;77m[38;2;201;201;201m▝[48;2;237;237;237m[38;2;0;0;0m [48;2;212;212;212m[38;2;197;197;197m▄[48;2;225;225;225m[38;2;174;174;174m▝[48;2;220;220;220m[38;2;147;147;147m▖[48;2;215;215;215m[38;2;219;219;219m▄[48;2;202;202;202m[38;2;82;82;82m▝[48;2;72;72;72m[38;2;105;105;105m▁[48;2;137;137;137m[38;2;100;100;100m▄[0m
