[48;2;0;0;127m[38;2;0;0;127m [48;2;0;0;127m[38;2;0;0;127m [48;2;0;0;127m[38;2;0;0;127m [48;2;0;0;127m[38;2;0;0;127m [48;2;0;0;127m[38;2;0;0;127m [48;2;0;0;127m[38;2;0;0;127m [48;2;0;0;127m[38;2;0;0;127m [48;2;0;0;127m[38;2;0;0;127m [48;2;0;0;127m[38;2;0;0;127m [48;2;0;0;127m[38;2;0;0;127m [48;2;0;0;127m[38;2;0;0;127m [48;2;0;0;127m[38;2;0;0;127m [48;2;0;0;127m[38;2;0;0;127m [48;2;0;0;127m[38;2;0;0;127m [48;2;0;0;127m[38;2;0;0;127m [48;2;0;0;127m[38;2;0;0;127m [48;2;0;0;127m[38;2;0;0;127m [48;2;0;0;127m[38;2;0;0;127m [48;2;0;0;127m[38;2;0;0;127m [48;2;0;0;127m[38;2;0;0;127m [48;2;0;0;127m[38;2;71;33;0m▁[48;2;0;0;127m[38;2;0;0;127m [48;2;0;0;127m[38;2;116;0;0m▂[48;2;0;0;127m[38;2;116;0;0m▂[48;2;0;0;127m[38;2;116;0;0m▅[48;2;116;0;0m[38;2;116;0;0m [48;2;116;0;0m[38;2;116;0;0m [48;2;116;0;0m[38;2;71;0;0m▝[48;2;71;33;0m[38;2;181;0;0m▅[48;2;54;54;54m[38;2;181;0;0m▇[48;2;116;58;0m[38;2;181;0;0m▅[48;2;116;58;0m[38;2;181;0;0m▆[48;2;116;58;0m[38;2;181;0;0m▄[48;2;116;58;0m[38;2;181;0;0m▅[48;2;116;58;0m[38;2;181;0;0m▅[48;2;77;77;77m[38;2;181;0;0m▅[48;2;116;58;0m[38;2;181;0;0m▄[48;2;54;54;54m[38;2;116;58;0m▅[48;2;77;77;77m[38;2;116;58;0m▅[48;2;116;58;0m[38;2;116;58;0m [48;2;116;58;0m[38;2;116;58;0m [48;2;77;77;77m[38;2;116;58;0m▂[48;2;54;54;54m[38;2;116;58;0m▂[48;2;54;54;54m[38;2;116;58;0m▂[48;2;54;54;54m[38;2;77;77;77m▄[48;2;54;54;54m[38;2;54;54;54m [48;2;54;54;54m[38;2;77;77;77m▄[48;2;54;54;54m[38;2;77;77;77m▄[48;2;54;54;54m[38;2;54;54;54m [48;2;54;54;54m[38;2;71;33;0m▝[48;2;54;54;54m[38;2;77;77;77m▃[48;2;54;54;54m[38;2;54;54;54m [48;2;54;54;54m[38;2;71;33;0m▅[48;2;71;33;0m[38;2;181;99;0m▂[48;2;71;0;0m[38;2;255;89;89m▃[48;2;0;0;127m[38;2;255;89;89m▃[48;2;0;0;127m[38;2;0;0;127m [48;2;0;0;127m[38;2;0;0;127m [48;2;0;0;127m[38;2;0;0;127m [48;2;0;0;127m[38;2;0;0;127m [48;2;0;0;127m[38;2;0;0;127m [48;2;0;0;127m[38;2;0;0;127m [48;2;0;0;127m[38;2;0;0;127m [48;2;0;0;127m[38;2;0;0;127m [48;2;0;0;127m[38;2;0;0;127m [48;2;0;0;127m[38;2;0;0;127m [48;2;0;0;127m[38;2;0;0;127m [48;2;0;0;127m[38;2;0;0;127m [48;2;0;0;127m[38;2;0;0;127m [48;2;0;0;127m[38;2;0;0;127m [48;2;0;0;127m[38;2;0;0;127m [48;2;0;0;127m[38;2;0;0;127m [48;2;0;0;127m[38;2;0;0;127m [48;2;0;0;127m[38;2;0;0;127m [48;2;0;0;127m[38;2;0;0;127m [48;2;0;0;127m[38;2;0;0;127m [48;2;0;0;127m[38;2;0;0;127m [48;2;0;0;127m[38;2;0;0;127m [48;2;0;0;127m[38;2;0;0;127m [48;2;0;0;127m[38;2;0;0;127m [0m
[48;2;0;0;127m[38;2;0;0;127m [48;2;0;0;127m[38;2;0;0;127m [48;2;0;0;127m[38;2;0;0;127m [48;2;0;0;127m[38;2;0;0;127m [48;2;0;0;127m[38;2;0;0;127m [48;2;0;0;127m[38;2;0;0;127m [48;2;0;0;127m[38;2;0;0;127m [48;2;0;0;127m[38;2;0;0;127m [48;2;0;0;127m[38;2;0;0;127m [48;2;0;0;127m[38;2;0;0;127m [48;2;0;0;127m[38;2;0;0;127m [48;2;0;0;127m[38;2;0;0;127m [48;2;0;0;127m[38;2;0;0;127m [48;2;0;0;127m[38;2;0;0;127m [48;2;0;0;127m[38;2;0;0;127m [48;2;0;0;127m[38;2;0;0;127m [48;2;0;0;127m[38;2;0;0;127m [48;2;0;0;127m[38;2;116;58;0m▆[48;2;116;58;0m[38;2;116;0;0m▁[48;2;116;58;0m[38;2;116;0;0m▁[48;2;116;58;0m[38;2;116;0;0m▆[48;2;116;0;0m[38;2;116;0;0m [48;2;116;0;0m[38;2;116;0;0m [48;2;116;0;0m[38;2;116;0;0m [48;2;116;0;0m[38;2;116;0;0m [48;2;116;0;0m[38;2;181;0;0m▁[48;2;116;0;0m[38;2;181;0;0m▃[48;2;181;0;0m[38;2;154;0;0m┛[48;2;181;0;0m[38;2;181;0;0m [48;2;181;0;0m[38;2;181;0;0m [48;2;181;0;0m[38;2;181;0;0m [48;2;181;0;0m[38;2;181;0;0m [48;2;181;0;0m[38;2;181;0;0m [48;2;181;0;0m[38;2;181;0;0m [48;2;181;0;0m[38;2;181;99;0m▄[48;2;181;0;0m[38;2;181;99;0m▃[48;2;181;0;0m[38;2;181;99;0m▃[48;2;181;0;0m[38;2;181;99;0m▅[48;2;181;0;0m[38;2;181;99;0m▆[48;2;181;0;0m[38;2;181;99;0m▄[48;2;116;0;0m[38;2;181;0;0m▇[48;2;116;0;0m[38;2;181;0;0m▆[48;2;116;0;0m[38;2;181;99;0m▂[48;2;116;0;0m[38;2;181;99;0m▂[48;2;116;0;0m[38;2;181;99;0m▂[48;2;116;0;0m[38;2;116;0;0m [48;2;77;77;77m[38;2;116;58;0m▅[48;2;116;58;0m[38;2;116;58;0m [48;2;54;54;54m[38;2;116;58;0m▅[48;2;77;77;77m[38;2;77;77;77m [48;2;116;58;0m[38;2;54;54;54m▝[48;2;116;58;0m[38;2;181;99;0m▃[48;2;255;89;89m[38;2;116;58;0m▘[48;2;255;180;89m[38;2;255;180;89m [48;2;255;156;156m[38;2;255;180;89m▅[48;2;255;180;89m[38;2;255;180;89m [48;2;255;180;89m[38;2;255;180;89m [48;2;116;58;0m[38;2;255;89;89m▇[48;2;71;33;0m[38;2;181;99;0m▅[48;2;116;58;0m[38;2;116;58;0m [48;2;0;0;127m[38;2;0;0;127m [48;2;0;0;127m[38;2;0;0;127m [48;2;0;0;127m[38;2;0;0;127m [48;2;0;0;127m[38;2;0;0;127m [48;2;0;0;127m[38;2;0;0;127m [48;2;0;0;127m[38;2;0;0;127m [48;2;0;0;127m[38;2;0;0;127m [48;2;0;0;127m[38;2;0;0;127m [48;2;0;0;127m[38;2;0;0;181m▖[48;2;0;0;127m[38;2;0;0;181m▗[48;2;0;0;127m[38;2;0;0;127m [48;2;0;0;127m[38;2;0;0;127m [48;2;0;0;127m[38;2;0;0;127m [48;2;0;0;127m[38;2;0;0;127m [48;2;0;0;127m[38;2;0;0;127m [48;2;0;0;127m[38;2;0;0;127m [48;2;0;0;127m[38;2;0;0;127m [48;2;0;0;127m[38;2;0;0;127m [48;2;0;0;127m[38;2;0;0;127m [48;2;0;0;127m[38;2;0;0;127m [0m
[48;2;0;0;127m[38;2;0;0;127m [48;2;0;0;127m[38;2;0;0;127m [48;2;0;0;127m[38;2;0;0;127m [48;2;0;0;127m[38;2;0;0;127m [48;2;0;0;127m[38;2;0;0;127m [48;2;0;0;127m[38;2;0;0;127m [48;2;0;0;127m[38;2;0;0;127m [48;2;0;0;127m[38;2;0;0;127m [48;2;0;0;127m[38;2;0;0;127m [48;2;0;0;127m[38;2;0;0;127m [48;2;0;0;127m[38;2;0;0;127m [48;2;0;0;127m[38;2;0;0;127m [48;2;0;0;127m[38;2;0;0;127m [48;2;0;0;127m[38;2;0;0;127m [48;2;0;0;127m[38;2;0;0;127m [48;2;116;58;0m[38;2;116;0;0m▅[48;2;116;0;0m[38;2;116;58;0m▘[48;2;116;0;0m[38;2;116;0;0m [48;2;116;0;0m[38;2;116;0;0m [48;2;116;0;0m[38;2;116;0;0m [48;2;116;0;0m[38;2;116;0;0m [48;2;116;0;0m[38;2;116;0;0m [48;2;116;0;0m[38;2;116;0;0m [48;2;116;0;0m[38;2;181;0;0m▁[48;2;116;0;0m[38;2;181;0;0m▄[48;2;181;0;0m[38;2;181;0;0m [48;2;181;0;0m[38;2;181;0;0m [48;2;181;0;0m[38;2;181;0;0m [48;2;181;99;0m[38;2;181;0;0m▁[48;2;181;0;0m[38;2;181;0;0m [48;2;181;99;0m[38;2;181;99;0m [48;2;181;99;0m[38;2;181;99;0m [48;2;181;99;0m[38;2;181;99;0m [48;2;181;99;0m[38;2;181;99;0m [48;2;181;99;0m[38;2;181;99;0m [48;2;181;99;0m[38;2;181;99;0m [48;2;181;99;0m[38;2;181;99;0m [48;2;181;99;0m[38;2;181;0;0m▂[48;2;181;99;0m[38;2;181;99;0m [48;2;181;0;0m[38;2;181;99;0m▂[48;2;181;99;0m[38;2;255;89;89m▄[48;2;255;89;89m[38;2;255;180;89m▅[48;2;255;89;89m[38;2;255;156;156m▅[48;2;255;89;89m[38;2;255;180;89m▅[48;2;255;89;89m[38;2;188;188;188m▄[48;2;181;99;0m[38;2;255;180;89m▄[48;2;181;0;0m[38;2;255;180;89m▄[48;2;181;0;0m[38;2;181;0;0m [48;2;181;0;0m[38;2;181;0;0m [48;2;116;58;0m[38;2;116;0;0m▅[48;2;116;58;0m[38;2;181;99;0m▄[48;2;181;99;0m[38;2;255;180;89m▃[48;2;188;188;188m[38;2;255;156;156m▘[48;2;210;210;210m[38;2;210;210;210m [48;2;210;210;210m[38;2;210;210;210m [48;2;210;210;210m[38;2;210;210;210m [48;2;210;210;210m[38;2;210;210;210m [48;2;255;156;156m[38;2;210;210;210m▅[48;2;255;89;89m[38;2;188;188;188m▄[48;2;181;99;0m[38;2;255;156;156m▂[48;2;116;58;0m[38;2;181;99;0m▄[48;2;116;58;0m[38;2;116;58;0m [48;2;0;0;127m[38;2;0;0;127m [48;2;0;0;127m[38;2;0;0;127m [48;2;0;0;127m[38;2;0;0;127m [48;2;0;0;127m[38;2;0;0;127m [48;2;0;0;127m[38;2;0;0;127m [48;2;0;0;127m[38;2;0;0;127m [48;2;0;0;181m[38;2;0;0;181m [48;2;0;0;181m[38;2;0;0;127m▌[48;2;0;0;181m[38;2;0;0;127m▌[48;2;0;0;181m[38;2;0;0;127m▝[48;2;0;0;181m[38;2;0;0;181m [48;2;0;0;127m[38;2;0;0;127m [48;2;0;0;127m[38;2;0;0;127m [48;2;0;0;127m[38;2;0;0;127m [48;2;0;0;127m[38;2;0;0;127m [48;2;0;0;127m[38;2;0;0;127m [48;2;0;0;127m[38;2;0;0;127m [48;2;0;0;127m[38;2;0;0;127m [0m
[48;2;0;0;127m[38;2;0;0;127m [48;2;0;0;127m[38;2;0;0;127m [48;2;0;0;127m[38;2;0;0;127m [48;2;0;0;127m[38;2;0;0;127m [48;2;0;0;127m[38;2;0;0;127m [48;2;0;0;127m[38;2;0;0;127m [48;2;0;0;127m[38;2;0;0;127m [48;2;0;0;127m[38;2;0;0;127m [48;2;0;0;127m[38;2;0;0;127m [48;2;0;0;127m[38;2;0;0;127m [48;2;0;0;127m[38;2;0;0;127m [48;2;0;0;127m[38;2;0;0;127m [48;2;0;0;127m[38;2;116;58;0m▁[48;2;0;0;127m[38;2;116;0;0m▅[48;2;116;0;0m[38;2;116;0;0m [48;2;116;0;0m[38;2;116;0;0m [48;2;116;0;0m[38;2;116;0;0m [48;2;116;0;0m[38;2;116;0;0m [48;2;116;0;0m[38;2;116;0;0m [48;2;116;0;0m[38;2;181;0;0m▂[48;2;116;0;0m[38;2;181;0;0m▄[48;2;116;0;0m[38;2;181;0;0m▆[48;2;116;0;0m[38;2;181;0;0m▆[48;2;181;0;0m[38;2;181;0;0m [48;2;181;0;0m[38;2;181;0;0m [48;2;181;0;0m[38;2;181;0;0m [48;2;181;0;0m[38;2;181;0;0m [48;2;181;0;0m[38;2;181;99;0m▆[48;2;181;0;0m[38;2;181;99;0m▄[48;2;181;99;0m[38;2;181;99;0m [48;2;181;99;0m[38;2;181;99;0m [48;2;181;99;0m[38;2;181;99;0m [48;2;181;99;0m[38;2;181;99;0m [48;2;181;99;0m[38;2;181;0;0m▅[48;2;181;99;0m[38;2;181;0;0m▅[48;2;181;99;0m[38;2;181;0;0m▅[48;2;181;0;0m[38;2;181;99;0m▄[48;2;116;0;0m[38;2;181;99;0m▅[48;2;181;99;0m[38;2;255;89;89m▆[48;2;255;89;89m[38;2;255;89;89m [48;2;255;89;89m[38;2;255;156;156m▂[48;2;210;210;210m[38;2;255;156;156m▘[48;2;210;210;210m[38;2;210;210;210m [48;2;210;210;210m[38;2;188;188;188m▂[48;2;226;226;226m[38;2;210;210;210m▂[48;2;226;226;226m[38;2;210;210;210m▁[48;2;226;226;226m[38;2;210;210;210m▝[48;2;210;210;210m[38;2;159;159;159m▝[48;2;181;0;0m[38;2;255;156;156m▅[48;2;181;99;0m[38;2;116;0;0m▘[48;2;255;89;89m[38;2;255;89;89m [48;2;188;188;188m[38;2;255;180;89m▌[48;2;210;210;210m[38;2;210;210;210m [48;2;188;188;188m[38;2;188;188;188m [48;2;210;210;210m[38;2;188;188;188m▃[48;2;210;210;210m[38;2;210;210;210m [48;2;210;210;210m[38;2;188;188;188m▂[48;2;210;210;210m[38;2;188;188;188m▗[48;2;188;188;188m[38;2;129;129;129m▅[48;2;255;156;156m[38;2;129;129;129m▅[48;2;159;159;159m[38;2;255;89;89m▝[48;2;181;99;0m[38;2;255;89;89m▃[48;2;116;58;0m[38;2;181;99;0m▖[48;2;0;0;127m[38;2;0;0;127m [48;2;0;0;127m[38;2;0;0;127m [48;2;0;0;127m[38;2;0;0;127m [48;2;0;0;127m[38;2;0;0;127m [48;2;0;0;127m[38;2;0;0;127m [48;2;0;0;127m[38;2;0;0;127m [48;2;0;0;127m[38;2;0;0;127m [48;2;0;0;127m[38;2;0;0;127m [48;2;0;0;127m[38;2;0;0;127m [48;2;0;0;127m[38;2;0;0;181m▘[48;2;0;0;127m[38;2;0;0;127m [48;2;0;0;127m[38;2;0;0;127m [48;2;0;0;127m[38;2;0;0;127m [48;2;0;0;127m[38;2;0;0;127m [48;2;0;0;127m[38;2;0;0;127m [48;2;0;0;127m[38;2;0;0;127m [48;2;0;0;127m[38;2;0;0;127m [0m
[48;2;0;0;127m[38;2;0;0;127m [48;2;0;0;127m[38;2;0;0;127m [48;2;0;0;127m[38;2;0;0;127m [48;2;0;0;127m[38;2;0;0;127m [48;2;0;0;127m[38;2;0;0;127m [48;2;0;0;127m[38;2;0;0;127m [48;2;0;0;127m[38;2;0;0;127m [48;2;0;0;127m[38;2;0;0;127m [48;2;0;0;127m[38;2;0;0;127m [48;2;0;0;127m[38;2;0;0;127m [48;2;0;0;127m[38;2;0;0;127m [48;2;0;0;127m[38;2;116;58;0m▆[48;2;116;0;0m[38;2;116;0;0m [48;2;116;0;0m[38;2;116;0;0m [48;2;116;0;0m[38;2;116;0;0m [48;2;116;0;0m[38;2;116;0;0m [48;2;116;0;0m[38;2;181;0;0m▃[48;2;127;0;0m[38;2;181;0;0m▇[48;2;181;0;0m[38;2;181;0;0m [48;2;181;0;0m[38;2;181;0;0m [48;2;181;0;0m[38;2;116;0;0m▃[48;2;181;0;0m[38;2;116;0;0m▌[48;2;181;0;0m[38;2;181;0;0m [48;2;181;0;0m[38;2;181;0;0m [48;2;181;99;0m[38;2;181;0;0m▝[48;2;181;0;0m[38;2;181;99;0m▅[48;2;181;99;0m[38;2;181;99;0m [48;2;181;99;0m[38;2;181;0;0m▃[48;2;181;99;0m[38;2;181;0;0m▅[48;2;181;99;0m[38;2;181;49;0m╸[48;2;181;99;0m[38;2;181;99;0m [48;2;181;99;0m[38;2;181;0;0m▃[48;2;181;0;0m[38;2;181;0;0m [48;2;181;0;0m[38;2;181;99;0m▄[48;2;181;0;0m[38;2;255;89;89m▃[48;2;181;99;0m[38;2;255;89;89m▄[48;2;255;89;89m[38;2;255;89;89m [48;2;255;89;89m[38;2;255;180;89m▃[48;2;255;180;89m[38;2;210;210;210m▄[48;2;210;210;210m[38;2;210;210;210m [48;2;159;159;159m[38;2;159;159;159m [48;2;188;188;188m[38;2;210;210;210m▁[48;2;159;159;159m[38;2;159;159;159m [48;2;188;188;188m[38;2;159;159;159m▘[48;2;188;188;188m[38;2;188;188;188m [48;2;188;188;188m[38;2;188;188;188m [48;2;210;210;210m[38;2;188;188;188m▃[48;2;210;210;210m[38;2;188;188;188m▅[48;2;210;210;210m[38;2;188;188;188m▃[48;2;210;210;210m[38;2;188;188;188m▅[48;2;188;188;188m[38;2;159;159;159m▌[48;2;188;188;188m[38;2;188;188;188m [48;2;210;210;210m[38;2;210;210;210m [48;2;188;188;188m[38;2;226;226;226m▆[48;2;188;188;188m[38;2;188;188;188m [48;2;188;188;188m[38;2;159;159;159m▂[48;2;188;188;188m[38;2;159;159;159m▃[48;2;159;159;159m[38;2;188;188;188m▄[48;2;159;159;159m[38;2;210;210;210m▇[48;2;188;188;188m[38;2;188;188;188m [48;2;159;159;159m[38;2;129;129;129m▗[48;2;159;159;159m[38;2;129;129;129m▃[48;2;129;129;129m[38;2;181;99;0m▝[48;2;181;99;0m[38;2;181;99;0m [48;2;116;116;0m[38;2;116;58;0m▖[48;2;0;0;127m[38;2;116;116;0m▂[48;2;0;0;127m[38;2;101;101;101m▖[48;2;0;0;127m[38;2;0;0;127m [48;2;0;0;127m[38;2;0;0;127m [48;2;0;0;127m[38;2;0;0;127m [48;2;0;0;127m[38;2;0;0;127m [48;2;0;0;127m[38;2;0;0;127m [48;2;0;0;127m[38;2;0;0;127m [48;2;0;0;127m[38;2;0;0;127m [48;2;0;0;127m[38;2;0;0;127m [48;2;0;0;127m[38;2;0;0;127m [48;2;0;0;127m[38;2;0;0;127m [48;2;0;0;127m[38;2;0;0;127m [48;2;0;0;127m[38;2;0;0;127m [48;2;0;0;127m[38;2;0;0;127m [0m
[48;2;0;0;127m[38;2;0;0;127m [48;2;0;0;127m[38;2;0;0;127m [48;2;0;0;127m[38;2;0;0;127m [48;2;0;0;127m[38;2;0;0;127m [48;2;0;0;127m[38;2;0;0;127m [48;2;0;0;127m[38;2;0;0;127m [48;2;0;0;127m[38;2;0;0;127m [48;2;0;0;127m[38;2;0;0;127m [48;2;0;0;127m[38;2;0;0;127m [48;2;0;0;127m[38;2;116;0;0m▃[48;2;116;0;0m[38;2;116;0;0m [48;2;116;0;0m[38;2;116;0;0m [48;2;116;58;0m[38;2;116;0;0m▌[48;2;116;0;0m[38;2;116;58;0m▇[48;2;116;0;0m[38;2;116;58;0m▅[48;2;116;0;0m[38;2;181;0;0m▇[48;2;181;0;0m[38;2;181;0;0m [48;2;181;0;0m[38;2;181;0;0m [48;2;116;0;0m[38;2;181;0;0m▌[48;2;116;0;0m[38;2;116;0;0m [48;2;116;0;0m[38;2;116;0;0m [48;2;181;0;0m[38;2;116;0;0m▘[48;2;181;0;0m[38;2;181;0;0m [48;2;181;0;0m[38;2;181;0;0m [48;2;181;99;0m[38;2;181;0;0m▅[48;2;181;0;0m[38;2;181;99;0m▗[48;2;181;0;0m[38;2;181;99;0m▅[48;2;181;99;0m[38;2;116;0;0m▂[48;2;181;99;0m[38;2;181;0;0m▅[48;2;181;0;0m[38;2;181;0;0m [48;2;181;0;0m[38;2;181;99;0m▂[48;2;181;99;0m[38;2;255;89;89m▁[48;2;181;99;0m[38;2;255;89;89m▄[48;2;255;89;89m[38;2;255;180;89m▃[48;2;255;89;89m[38;2;255;156;156m▃[48;2;255;180;89m[38;2;210;210;210m▂[48;2;255;156;156m[38;2;188;188;188m▆[48;2;210;210;210m[38;2;210;210;210m [48;2;159;159;159m[38;2;159;159;159m [48;2;159;159;159m[38;2;159;159;159m [48;2;188;188;188m[38;2;173;173;173m━[48;2;188;188;188m[38;2;188;188;188m [48;2;210;210;210m[38;2;210;210;210m [48;2;210;210;210m[38;2;188;188;188m▁[48;2;210;210;210m[38;2;210;210;210m [48;2;188;188;188m[38;2;226;226;226m▃[48;2;159;159;159m[38;2;188;188;188m▃[48;2;159;159;159m[38;2;188;188;188m▝[48;2;210;210;210m[38;2;188;188;188m▅[48;2;188;188;188m[38;2;188;188;188m [48;2;188;188;188m[38;2;129;129;129m▘[48;2;188;188;188m[38;2;210;210;210m▆[48;2;210;210;210m[38;2;210;210;210m [48;2;210;210;210m[38;2;188;188;188m▅[48;2;210;210;210m[38;2;210;210;210m [48;2;188;188;188m[38;2;210;210;210m▅[48;2;159;159;159m[38;2;210;210;210m▆[48;2;188;188;188m[38;2;210;210;210m▆[48;2;188;188;188m[38;2;188;188;188m [48;2;188;188;188m[38;2;188;188;188m [48;2;129;129;129m[38;2;159;159;159m▌[48;2;101;101;101m[38;2;129;129;129m▃[48;2;129;129;129m[38;2;129;129;129m [48;2;255;89;89m[38;2;159;159;159m▆[48;2;181;99;0m[38;2;181;99;0m [48;2;181;99;0m[38;2;181;99;0m [48;2;116;58;0m[38;2;181;99;0m▖[48;2;101;101;101m[38;2;101;101;101m [48;2;0;0;127m[38;2;101;101;101m▂[48;2;0;0;127m[38;2;101;101;101m▂[48;2;0;0;127m[38;2;0;0;127m [48;2;0;0;127m[38;2;0;0;127m [48;2;0;0;127m[38;2;0;0;127m [48;2;0;0;127m[38;2;0;0;127m [48;2;0;0;127m[38;2;0;0;127m [48;2;0;0;127m[38;2;0;0;127m [48;2;0;0;127m[38;2;0;0;127m [48;2;0;0;127m[38;2;0;0;127m [48;2;0;0;127m[38;2;0;0;127m [48;2;0;0;127m[38;2;0;0;127m [0m
[48;2;0;0;127m[38;2;0;0;127m [48;2;0;0;127m[38;2;0;0;127m [48;2;0;0;127m[38;2;0;0;127m [48;2;0;0;127m[38;2;0;0;127m [48;2;0;0;127m[38;2;0;0;127m [48;2;0;0;127m[38;2;0;0;127m [48;2;0;0;127m[38;2;0;0;127m [48;2;0;0;127m[38;2;0;0;127m [48;2;0;0;127m[38;2;71;0;0m▅[48;2;116;0;0m[38;2;116;0;0m [48;2;116;0;0m[38;2;116;0;0m [48;2;116;0;0m[38;2;116;0;0m [48;2;116;0;0m[38;2;116;0;0m [48;2;116;0;0m[38;2;116;0;0m [48;2;181;0;0m[38;2;116;0;0m▖[48;2;181;0;0m[38;2;181;0;0m [48;2;181;0;0m[38;2;181;0;0m [48;2;181;0;0m[38;2;116;0;0m▂[48;2;116;0;0m[38;2;116;0;0m [48;2;116;0;0m[38;2;116;0;0m [48;2;116;58;0m[38;2;116;0;0m▘[48;2;116;58;0m[38;2;116;0;0m▗[48;2;181;0;0m[38;2;181;0;0m [48;2;116;0;0m[38;2;181;0;0m▃[48;2;116;58;0m[38;2;116;0;0m▁[48;2;181;0;0m[38;2;116;0;0m▖[48;2;116;0;0m[38;2;181;0;0m▄[48;2;181;0;0m[38;2;181;99;0m▂[48;2;181;99;0m[38;2;255;89;89m▂[48;2;181;99;0m[38;2;255;89;89m▃[48;2;255;89;89m[38;2;255;156;156m▄[48;2;255;89;89m[38;2;255;156;156m▃[48;2;255;156;156m[38;2;188;188;188m▅[48;2;255;156;156m[38;2;188;188;188m▆[48;2;188;188;188m[38;2;188;188;188m [48;2;188;188;188m[38;2;188;188;188m [48;2;159;159;159m[38;2;188;188;188m▌[48;2;159;159;159m[38;2;159;159;159m [48;2;159;159;159m[38;2;188;188;188m▁[48;2;159;159;159m[38;2;188;188;188m▅[48;2;188;188;188m[38;2;159;159;159m▄[48;2;159;159;159m[38;2;129;129;129m▁[48;2;159;159;159m[38;2;101;101;101m▂[48;2;159;159;159m[38;2;101;101;101m▂[48;2;159;159;159m[38;2;0;0;0m▃[48;2;188;188;188m[38;2;54;54;54m▅[48;2;188;188;188m[38;2;159;159;159m▖[48;2;210;210;210m[38;2;210;210;210m [48;2;159;159;159m[38;2;159;159;159m [48;2;188;188;188m[38;2;188;188;188m [48;2;159;159;159m[38;2;129;129;129m▃[48;2;159;159;159m[38;2;129;129;129m▄[48;2;188;188;188m[38;2;129;129;129m▃[48;2;188;188;188m[38;2;159;159;159m▖[48;2;188;188;188m[38;2;188;188;188m [48;2;210;210;210m[38;2;188;188;188m▅[48;2;188;188;188m[38;2;188;188;188m [48;2;188;188;188m[38;2;159;159;159m▃[48;2;159;159;159m[38;2;129;129;129m▅[48;2;159;159;159m[38;2;129;129;129m▅[48;2;159;159;159m[38;2;159;159;159m [48;2;159;159;159m[38;2;159;159;159m [48;2;159;159;159m[38;2;159;159;159m [48;2;159;159;159m[38;2;188;188;188m▇[48;2;159;159;159m[38;2;159;159;159m [48;2;181;99;0m[38;2;159;159;159m▄[48;2;181;99;0m[38;2;255;89;89m▂[48;2;181;99;0m[38;2;255;89;89m▖[48;2;181;99;0m[38;2;181;99;0m [48;2;101;101;101m[38;2;101;101;101m [48;2;0;0;127m[38;2;101;101;101m▅[48;2;0;0;127m[38;2;0;0;127m [48;2;0;0;127m[38;2;0;0;127m [48;2;0;0;127m[38;2;0;0;127m [48;2;0;0;127m[38;2;0;0;127m [48;2;0;0;127m[38;2;0;0;127m [48;2;0;0;127m[38;2;0;0;127m [48;2;0;0;127m[38;2;0;0;127m [48;2;0;0;127m[38;2;0;0;127m [48;2;0;0;127m[38;2;0;0;127m [0m
[48;2;0;0;127m[38;2;0;0;127m [48;2;0;0;127m[38;2;0;0;127m [48;2;0;0;127m[38;2;0;0;127m [48;2;0;0;127m[38;2;0;0;127m [48;2;0;0;127m[38;2;0;0;127m [48;2;0;0;127m[38;2;0;0;127m [48;2;0;0;127m[38;2;0;0;127m [48;2;71;0;0m[38;2;0;0;127m▘[48;2;116;0;0m[38;2;116;0;0m [48;2;116;0;0m[38;2;116;0;0m [48;2;116;0;0m[38;2;116;0;0m [48;2;116;0;0m[38;2;116;0;0m [48;2;116;58;0m[38;2;116;29;0m▌[48;2;116;58;0m[38;2;116;0;0m▝[48;2;116;0;0m[38;2;181;0;0m▝[48;2;181;0;0m[38;2;181;0;0m [48;2;181;0;0m[38;2;116;0;0m▅[48;2;116;0;0m[38;2;116;0;0m [48;2;116;0;0m[38;2;116;0;0m [48;2;116;0;0m[38;2;116;0;0m [48;2;116;0;0m[38;2;116;0;0m [48;2;116;0;0m[38;2;181;0;0m▄[48;2;181;0;0m[38;2;116;0;0m▁[48;2;116;58;0m[38;2;116;0;0m▅[48;2;116;0;0m[38;2;116;58;0m▅[48;2;181;99;0m[38;2;116;0;0m▘[48;2;181;99;0m[38;2;181;99;0m [48;2;255;89;89m[38;2;181;99;0m▌[48;2;255;89;89m[38;2;255;180;89m▄[48;2;255;156;156m[38;2;255;180;89m▌[48;2;255;156;156m[38;2;188;188;188m▅[48;2;210;210;210m[38;2;188;188;188m▅[48;2;188;188;188m[38;2;188;188;188m [48;2;188;188;188m[38;2;188;188;188m [48;2;188;188;188m[38;2;188;188;188m [48;2;159;159;159m[38;2;159;159;159m [48;2;159;159;159m[38;2;159;159;159m [48;2;159;159;159m[38;2;159;159;159m [48;2;188;188;188m[38;2;159;159;159m▇[48;2;159;159;159m[38;2;129;129;129m▃[48;2;129;129;129m[38;2;0;0;0m▂[48;2;101;101;101m[38;2;0;0;0m▅[48;2;0;0;0m[38;2;0;0;0m [48;2;0;0;0m[38;2;77;77;77m▃[48;2;0;0;0m[38;2;129;129;129m▅[48;2;159;159;159m[38;2;129;129;129m▁[48;2;159;159;159m[38;2;129;129;129m▅[48;2;159;159;159m[38;2;129;129;129m▅[48;2;188;188;188m[38;2;129;129;129m▘[48;2;188;188;188m[38;2;188;188;188m [48;2;159;159;159m[38;2;188;188;188m▆[48;2;159;159;159m[38;2;188;188;188m▇[48;2;210;210;210m[38;2;188;188;188m▂[48;2;159;159;159m[38;2;210;210;210m▆[48;2;188;188;188m[38;2;188;188;188m [48;2;188;188;188m[38;2;188;188;188m [48;2;188;188;188m[38;2;188;188;188m [48;2;129;129;129m[38;2;159;159;159m▌[48;2;101;101;101m[38;2;101;101;101m [48;2;101;101;101m[38;2;101;101;101m [48;2;129;129;129m[38;2;101;101;101m▃[48;2;129;129;129m[38;2;129;129;129m [48;2;159;159;159m[38;2;129;129;129m▃[48;2;159;159;159m[38;2;101;101;101m▗[48;2;129;129;129m[38;2;101;101;101m▂[48;2;159;159;159m[38;2;129;129;129m▅[48;2;159;159;159m[38;2;159;159;159m [48;2;255;180;89m[38;2;159;159;159m▆[48;2;255;89;89m[38;2;159;159;159m▃[48;2;181;99;0m[38;2;255;89;89m▖[48;2;181;99;0m[38;2;181;99;0m [48;2;0;0;127m[38;2;0;0;127m [48;2;0;0;127m[38;2;0;0;127m [48;2;0;0;127m[38;2;0;0;127m [48;2;0;0;127m[38;2;0;0;127m [48;2;0;0;127m[38;2;0;0;127m [48;2;0;0;127m[38;2;0;0;127m [48;2;0;0;127m[38;2;0;0;127m [48;2;0;0;127m[38;2;0;0;127m [48;2;0;0;127m[38;2;0;0;127m [0m
[48;2;0;0;127m[38;2;0;0;127m [48;2;0;0;127m[38;2;0;0;127m [48;2;0;0;127m[38;2;0;0;127m [48;2;0;0;127m[38;2;0;0;127m [48;2;0;0;127m[38;2;0;0;127m [48;2;0;0;127m[38;2;0;0;127m [48;2;116;0;0m[38;2;116;0;0m [48;2;116;0;0m[38;2;116;0;0m [48;2;116;0;0m[38;2;116;0;0m [48;2;116;0;0m[38;2;116;0;0m [48;2;116;0;0m[38;2;116;0;0m [48;2;116;0;0m[38;2;116;0;0m [48;2;116;58;0m[38;2;116;58;0m [48;2;116;0;0m[38;2;116;58;0m▌[48;2;116;58;0m[38;2;116;0;0m▅[48;2;116;0;0m[38;2;116;0;0m [48;2;116;0;0m[38;2;116;0;0m [48;2;116;0;0m[38;2;116;0;0m [48;2;116;0;0m[38;2;116;0;0m [48;2;116;0;0m[38;2;116;0;0m [48;2;116;0;0m[38;2;116;0;0m [48;2;116;58;0m[38;2;116;0;0m▗[48;2;116;0;0m[38;2;116;0;0m [48;2;116;58;0m[38;2;181;99;0m▗[48;2;181;99;0m[38;2;181;99;0m [48;2;181;99;0m[38;2;181;99;0m [48;2;255;89;89m[38;2;255;89;89m [48;2;255;89;89m[38;2;255;180;89m▄[48;2;255;180;89m[38;2;210;210;210m▃[48;2;188;188;188m[38;2;188;188;188m [48;2;159;159;159m[38;2;188;188;188m▘[48;2;159;159;159m[38;2;159;159;159m [48;2;188;188;188m[38;2;159;159;159m▅[48;2;159;159;159m[38;2;159;159;159m [48;2;188;188;188m[38;2;159;159;159m▅[48;2;159;159;159m[38;2;129;129;129m▁[48;2;159;159;159m[38;2;129;129;129m▂[48;2;129;129;129m[38;2;77;77;77m▂[48;2;101;101;101m[38;2;0;0;0m▃[48;2;0;0;0m[38;2;0;0;0m [48;2;0;0;0m[38;2;0;0;0m [48;2;0;0;0m[38;2;0;0;0m [48;2;77;77;77m[38;2;54;54;54m▊[48;2;77;77;77m[38;2;101;101;101m▝[48;2;129;129;129m[38;2;77;77;77m▆[48;2;101;101;101m[38;2;101;101;101m [48;2;101;101;101m[38;2;129;129;129m▃[48;2;159;159;159m[38;2;129;129;129m▌[48;2;188;188;188m[38;2;159;159;159m▂[48;2;188;188;188m[38;2;159;159;159m▃[48;2;188;188;188m[38;2;210;210;210m▖[48;2;188;188;188m[38;2;188;188;188m [48;2;159;159;159m[38;2;159;159;159m [48;2;188;188;188m[38;2;188;188;188m [48;2;188;188;188m[38;2;188;188;188m [48;2;188;188;188m[38;2;188;188;188m [48;2;159;159;159m[38;2;159;159;159m [48;2;129;129;129m[38;2;101;101;101m▗[48;2;101;101;101m[38;2;77;77;77m▂[48;2;77;77;77m[38;2;0;0;0m▗[48;2;77;77;77m[38;2;0;0;0m▅[48;2;77;77;77m[38;2;0;0;0m▖[48;2;129;129;129m[38;2;129;129;129m [48;2;159;159;159m[38;2;159;159;159m [48;2;101;101;101m[38;2;129;129;129m▇[48;2;101;101;101m[38;2;129;129;129m▌[48;2;159;159;159m[38;2;129;129;129m▌[48;2;159;159;159m[38;2;188;188;188m▆[48;2;188;188;188m[38;2;159;159;159m▝[48;2;129;129;129m[38;2;159;159;159m▅[48;2;181;99;0m[38;2;129;129;129m▃[48;2;181;99;0m[38;2;181;99;0m [48;2;0;0;127m[38;2;0;0;127m [48;2;0;0;127m[38;2;0;0;127m [48;2;0;0;127m[38;2;0;0;127m [48;2;0;0;127m[38;2;0;0;127m [48;2;0;0;127m[38;2;0;0;127m [48;2;0;0;127m[38;2;0;0;127m [48;2;0;0;127m[38;2;0;0;127m [48;2;0;0;127m[38;2;0;0;127m [0m
[48;2;0;0;127m[38;2;0;0;127m [48;2;0;0;127m[38;2;0;0;127m [48;2;0;0;127m[38;2;0;0;127m [48;2;0;0;127m[38;2;0;0;127m [48;2;0;0;127m[38;2;0;0;127m [48;2;71;0;0m[38;2;71;0;0m [48;2;116;0;0m[38;2;116;0;0m [48;2;116;0;0m[38;2;116;0;0m [48;2;116;0;0m[38;2;116;0;0m [48;2;116;0;0m[38;2;116;0;0m [48;2;116;0;0m[38;2;116;58;0m▗[48;2;116;58;0m[38;2;116;0;0m▊[48;2;116;58;0m[38;2;116;58;0m [48;2;116;0;0m[38;2;116;58;0m▌[48;2;116;0;0m[38;2;116;0;0m [48;2;116;0;0m[38;2;116;0;0m [48;2;116;0;0m[38;2;116;0;0m [48;2;116;0;0m[38;2;116;0;0m [48;2;116;0;0m[38;2;116;0;0m [48;2;116;0;0m[38;2;116;0;0m [48;2;116;0;0m[38;2;116;0;0m [48;2;116;0;0m[38;2;116;0;0m [48;2;116;58;0m[38;2;116;58;0m [48;2;181;99;0m[38;2;181;99;0m [48;2;181;99;0m[38;2;181;99;0m [48;2;181;99;0m[38;2;255;89;89m▄[48;2;188;188;188m[38;2;255;89;89m▘[48;2;159;159;159m[38;2;188;188;188m▘[48;2;159;159;159m[38;2;159;159;159m [48;2;159;159;159m[38;2;129;129;129m▅[48;2;159;159;159m[38;2;129;129;129m▂[48;2;159;159;159m[38;2;129;129;129m▅[48;2;129;129;129m[38;2;0;0;0m▂[48;2;129;129;129m[38;2;0;0;0m▃[48;2;129;129;129m[38;2;0;0;0m▅[48;2;101;101;101m[38;2;0;0;0m▆[48;2;77;77;77m[38;2;0;0;0m▆[48;2;0;0;0m[38;2;0;0;0m [48;2;0;0;0m[38;2;0;0;0m [48;2;0;0;0m[38;2;0;0;0m [48;2;0;0;0m[38;2;0;0;0m [48;2;0;0;0m[38;2;54;54;54m▆[48;2;77;77;77m[38;2;77;77;77m [48;2;77;77;77m[38;2;77;77;77m [48;2;101;101;101m[38;2;77;77;77m▘[48;2;129;129;129m[38;2;101;101;101m▌[48;2;129;129;129m[38;2;129;129;129m [48;2;129;129;129m[38;2;129;129;129m [48;2;129;129;129m[38;2;159;159;159m▗[48;2;210;210;210m[38;2;188;188;188m▌[48;2;210;210;210m[38;2;210;210;210m [48;2;188;188;188m[38;2;210;210;210m▅[48;2;159;159;159m[38;2;188;188;188m▎[48;2;188;188;188m[38;2;188;188;188m [48;2;210;210;210m[38;2;210;210;210m [48;2;188;188;188m[38;2;210;210;210m▖[48;2;188;188;188m[38;2;188;188;188m [48;2;77;77;77m[38;2;159;159;159m▌[48;2;0;0;0m[38;2;0;0;0m [48;2;0;0;0m[38;2;0;0;0m [48;2;0;0;0m[38;2;0;0;0m [48;2;0;0;0m[38;2;0;0;0m [48;2;77;77;77m[38;2;0;0;0m▅[48;2;101;101;101m[38;2;0;0;0m▃[48;2;129;129;129m[38;2;0;0;0m▁[48;2;101;101;101m[38;2;77;77;77m▝[48;2;101;101;101m[38;2;129;129;129m▝[48;2;159;159;159m[38;2;129;129;129m▃[48;2;159;159;159m[38;2;129;129;129m▃[48;2;159;159;159m[38;2;159;159;159m [48;2;129;129;129m[38;2;159;159;159m▌[48;2;101;101;101m[38;2;116;58;0m▝[48;2;181;99;0m[38;2;181;99;0m [48;2;0;0;127m[38;2;0;0;127m [48;2;0;0;127m[38;2;0;0;127m [48;2;0;0;127m[38;2;0;0;127m [48;2;0;0;127m[38;2;0;0;127m [48;2;0;0;127m[38;2;0;0;127m [48;2;0;0;127m[38;2;0;0;127m [48;2;0;0;127m[38;2;0;0;127m [0m
[48;2;0;0;127m[38;2;0;0;127m [48;2;0;0;127m[38;2;0;0;127m [48;2;0;0;127m[38;2;0;0;127m [48;2;0;0;127m[38;2;0;0;127m [48;2;71;0;0m[38;2;0;0;127m▘[48;2;116;0;0m[38;2;71;0;0m▌[48;2;116;0;0m[38;2;116;0;0m [48;2;116;0;0m[38;2;116;0;0m [48;2;116;0;0m[38;2;116;0;0m [48;2;116;58;0m[38;2;116;0;0m▚[48;2;116;0;0m[38;2;116;0;0m [48;2;116;0;0m[38;2;116;0;0m [48;2;116;58;0m[38;2;116;0;0m▌[48;2;116;0;0m[38;2;116;58;0m▌[48;2;116;0;0m[38;2;116;0;0m [48;2;116;0;0m[38;2;116;0;0m [48;2;116;0;0m[38;2;116;0;0m [48;2;116;0;0m[38;2;116;0;0m [48;2;116;0;0m[38;2;116;0;0m [48;2;116;0;0m[38;2;116;0;0m [48;2;116;0;0m[38;2;116;0;0m [48;2;116;58;0m[38;2;116;0;0m▘[48;2;181;99;0m[38;2;181;99;0m [48;2;181;99;0m[38;2;255;89;89m▗[48;2;255;89;89m[38;2;255;89;89m [48;2;188;188;188m[38;2;188;188;188m [48;2;159;159;159m[38;2;188;188;188m▘[48;2;159;159;159m[38;2;129;129;129m▗[48;2;129;129;129m[38;2;77;77;77m▗[48;2;101;101;101m[38;2;0;0;0m▄[48;2;101;101;101m[38;2;0;0;0m▆[48;2;0;0;0m[38;2;0;0;0m [48;2;0;0;0m[38;2;0;0;0m [48;2;0;0;0m[38;2;0;0;0m [48;2;0;0;0m[38;2;159;159;159m▁[48;2;0;0;0m[38;2;129;129;129m▂[48;2;0;0;0m[38;2;129;129;129m▂[48;2;0;0;0m[38;2;129;129;129m▃[48;2;0;0;0m[38;2;129;129;129m▂[48;2;0;0;0m[38;2;77;77;77m▂[48;2;0;0;0m[38;2;54;54;54m▁[48;2;0;0;0m[38;2;54;54;54m▁[48;2;0;0;0m[38;2;54;54;54m▝[48;2;77;77;77m[38;2;54;54;54m▅[48;2;101;101;101m[38;2;101;101;101m [48;2;101;101;101m[38;2;101;101;101m [48;2;129;129;129m[38;2;129;129;129m [48;2;159;159;159m[38;2;159;159;159m [48;2;159;159;159m[38;2;159;159;159m [48;2;188;188;188m[38;2;188;188;188m [48;2;210;210;210m[38;2;188;188;188m▖[48;2;210;210;210m[38;2;210;210;210m [48;2;159;159;159m[38;2;188;188;188m▌[48;2;188;188;188m[38;2;188;188;188m [48;2;210;210;210m[38;2;210;210;210m [48;2;188;188;188m[38;2;188;188;188m [48;2;188;188;188m[38;2;129;129;129m▗[48;2;0;0;0m[38;2;129;129;129m▘[48;2;0;0;0m[38;2;0;0;0m [48;2;0;0;0m[38;2;0;0;0m [48;2;0;0;0m[38;2;54;54;54m▖[48;2;0;0;0m[38;2;0;0;0m [48;2;0;0;0m[38;2;77;77;77m▖[48;2;0;0;0m[38;2;0;0;0m [48;2;0;0;0m[38;2;0;0;0m [48;2;54;54;54m[38;2;0;0;0m▅[48;2;54;54;54m[38;2;0;0;0m▅[48;2;54;54;54m[38;2;0;0;0m▆[48;2;77;77;77m[38;2;0;0;0m▅[48;2;101;101;101m[38;2;0;0;0m▅[48;2;101;101;101m[38;2;54;54;54m▖[48;2;116;58;0m[38;2;101;101;101m▌[48;2;181;99;0m[38;2;116;58;0m▌[48;2;0;0;127m[38;2;181;99;0m▖[48;2;0;0;127m[38;2;0;0;127m [48;2;0;0;127m[38;2;0;0;127m [48;2;0;0;127m[38;2;0;0;127m [48;2;0;0;127m[38;2;0;0;127m [48;2;0;0;127m[38;2;0;0;127m [48;2;0;0;127m[38;2;0;0;127m [0m
[48;2;0;0;127m[38;2;0;0;127m [48;2;0;0;127m[38;2;0;0;127m [48;2;0;0;127m[38;2;0;0;127m [48;2;71;33;0m[38;2;0;0;127m▘[48;2;116;0;0m[38;2;71;0;0m▘[48;2;116;0;0m[38;2;116;0;0m [48;2;116;0;0m[38;2;116;0;0m [48;2;116;0;0m[38;2;116;0;0m [48;2;116;0;0m[38;2;116;58;0m▗[48;2;116;0;0m[38;2;116;0;0m [48;2;116;0;0m[38;2;116;0;0m [48;2;116;0;0m[38;2;116;0;0m [48;2;116;58;0m[38;2;116;0;0m▌[48;2;116;0;0m[38;2;116;0;0m [48;2;116;0;0m[38;2;116;0;0m [48;2;116;0;0m[38;2;116;0;0m [48;2;116;0;0m[38;2;116;0;0m [48;2;116;0;0m[38;2;116;0;0m [48;2;116;0;0m[38;2;116;0;0m [48;2;116;0;0m[38;2;116;0;0m [48;2;116;58;0m[38;2;116;0;0m▊[48;2;181;99;0m[38;2;181;99;0m [48;2;255;89;89m[38;2;255;89;89m [48;2;255;89;89m[38;2;255;89;89m [48;2;188;188;188m[38;2;188;188;188m [48;2;188;188;188m[38;2;159;159;159m▗[48;2;129;129;129m[38;2;159;159;159m▌[48;2;129;129;129m[38;2;77;77;77m▗[48;2;0;0;0m[38;2;54;54;54m▘[48;2;0;0;0m[38;2;129;129;129m▁[48;2;0;0;0m[38;2;129;129;129m▃[48;2;0;0;0m[38;2;159;159;159m▅[48;2;77;77;77m[38;2;159;159;159m▆[48;2;159;159;159m[38;2;159;159;159m [48;2;159;159;159m[38;2;159;159;159m [48;2;159;159;159m[38;2;188;188;188m▁[48;2;159;159;159m[38;2;188;188;188m▂[48;2;159;159;159m[38;2;188;188;188m▁[48;2;159;159;159m[38;2;159;159;159m [48;2;129;129;129m[38;2;159;159;159m▃[48;2;101;101;101m[38;2;129;129;129m▅[48;2;77;77;77m[38;2;129;129;129m▅[48;2;77;77;77m[38;2;101;101;101m▅[48;2;54;54;54m[38;2;77;77;77m▅[48;2;77;77;77m[38;2;129;129;129m▁[48;2;101;101;101m[38;2;101;101;101m [48;2;129;129;129m[38;2;129;129;129m [48;2;159;159;159m[38;2;129;129;129m▅[48;2;159;159;159m[38;2;159;159;159m [48;2;159;159;159m[38;2;188;188;188m▆[48;2;188;188;188m[38;2;210;210;210m▃[48;2;188;188;188m[38;2;188;188;188m [48;2;159;159;159m[38;2;188;188;188m▌[48;2;188;188;188m[38;2;159;159;159m▅[48;2;210;210;210m[38;2;188;188;188m▂[48;2;159;159;159m[38;2;188;188;188m▌[48;2;101;101;101m[38;2;0;0;0m▁[48;2;0;0;0m[38;2;0;0;0m [48;2;0;0;0m[38;2;0;0;0m [48;2;0;0;0m[38;2;77;77;77m▃[48;2;77;77;77m[38;2;77;77;77m [48;2;54;54;54m[38;2;129;129;129m▅[48;2;129;129;129m[38;2;129;129;129m [48;2;0;0;0m[38;2;129;129;129m▆[48;2;0;0;0m[38;2;129;129;129m▄[48;2;0;0;0m[38;2;101;101;101m▄[48;2;0;0;0m[38;2;101;101;101m▂[48;2;0;0;0m[38;2;101;101;101m▁[48;2;0;0;0m[38;2;0;0;0m [48;2;0;0;0m[38;2;0;0;0m [48;2;101;101;101m[38;2;0;0;0m▌[48;2;101;101;101m[38;2;129;129;129m▆[48;2;116;58;0m[38;2;101;101;101m▌[48;2;181;99;0m[38;2;181;99;0m [48;2;0;0;127m[38;2;0;0;127m [48;2;0;0;127m[38;2;0;0;127m [48;2;0;0;127m[38;2;0;0;127m [48;2;0;0;127m[38;2;0;0;127m [48;2;0;0;127m[38;2;0;0;127m [48;2;0;0;127m[38;2;0;0;127m [0m
[48;2;0;0;127m[38;2;0;0;127m [48;2;0;0;127m[38;2;0;0;127m [48;2;0;0;127m[38;2;0;0;127m [48;2;71;0;0m[38;2;71;0;0m [48;2;116;0;0m[38;2;116;0;0m [48;2;116;0;0m[38;2;116;0;0m [48;2;116;0;0m[38;2;116;0;0m [48;2;116;0;0m[38;2;116;58;0m▅[48;2;116;58;0m[38;2;116;58;0m [48;2;116;0;0m[38;2;116;0;0m [48;2;116;0;0m[38;2;116;0;0m [48;2;116;0;0m[38;2;116;58;0m▗[48;2;116;58;0m[38;2;116;58;0m [48;2;116;0;0m[38;2;116;0;0m [48;2;116;0;0m[38;2;116;0;0m [48;2;116;0;0m[38;2;116;0;0m [48;2;116;0;0m[38;2;116;0;0m [48;2;116;0;0m[38;2;116;58;0m▌[48;2;116;0;0m[38;2;116;0;0m [48;2;116;58;0m[38;2;116;58;0m [48;2;116;58;0m[38;2;116;0;0m▘[48;2;255;89;89m[38;2;181;99;0m▌[48;2;255;89;89m[38;2;188;188;188m▗[48;2;188;188;188m[38;2;188;188;188m [48;2;188;188;188m[38;2;159;159;159m▗[48;2;159;159;159m[38;2;129;129;129m▁[48;2;101;101;101m[38;2;101;101;101m [48;2;0;0;0m[38;2;101;101;101m▚[48;2;101;101;101m[38;2;101;101;101m [48;2;129;129;129m[38;2;129;129;129m [48;2;129;129;129m[38;2;159;159;159m▅[48;2;159;159;159m[38;2;159;159;159m [48;2;159;159;159m[38;2;54;54;54m▁[48;2;159;159;159m[38;2;40;40;40m▃[48;2;188;188;188m[38;2;0;0;0m▄[48;2;188;188;188m[38;2;0;0;0m▄[48;2;188;188;188m[38;2;0;0;0m▅[48;2;188;188;188m[38;2;0;0;0m▅[48;2;188;188;188m[38;2;0;0;0m▅[48;2;159;159;159m[38;2;0;0;0m▄[48;2;159;159;159m[38;2;0;0;0m▃[48;2;129;129;129m[38;2;64;64;64m▂[48;2;129;129;129m[38;2;54;54;54m▁[48;2;101;101;101m[38;2;101;101;101m [48;2;129;129;129m[38;2;101;101;101m▅[48;2;101;101;101m[38;2;159;159;159m▗[48;2;129;129;129m[38;2;129;129;129m [48;2;159;159;159m[38;2;129;129;129m▌[48;2;188;188;188m[38;2;159;159;159m▌[48;2;188;188;188m[38;2;188;188;188m [48;2;226;226;226m[38;2;226;226;226m [48;2;210;210;210m[38;2;210;210;210m [48;2;159;159;159m[38;2;129;129;129m▗[48;2;159;159;159m[38;2;188;188;188m▄[48;2;188;188;188m[38;2;188;188;188m [48;2;210;210;210m[38;2;210;210;210m [48;2;54;54;54m[38;2;188;188;188m▃[48;2;0;0;0m[38;2;129;129;129m▗[48;2;129;129;129m[38;2;129;129;129m [48;2;129;129;129m[38;2;159;159;159m▅[48;2;129;129;129m[38;2;159;159;159m▃[48;2;159;159;159m[38;2;159;159;159m [48;2;159;159;159m[38;2;0;0;0m▂[48;2;159;159;159m[38;2;0;0;0m▃[48;2;159;159;159m[38;2;0;0;0m▅[48;2;159;159;159m[38;2;0;0;0m▅[48;2;129;129;129m[38;2;0;0;0m▅[48;2;129;129;129m[38;2;0;0;0m▅[48;2;77;77;77m[38;2;0;0;0m▃[48;2;0;0;0m[38;2;77;77;77m▅[48;2;101;101;101m[38;2;77;77;77m▌[48;2;129;129;129m[38;2;159;159;159m▝[48;2;159;159;159m[38;2;129;129;129m▝[48;2;101;101;101m[38;2;181;99;0m▚[48;2;0;0;127m[38;2;181;99;0m▂[48;2;0;0;127m[38;2;0;0;127m [48;2;0;0;127m[38;2;0;0;127m [48;2;0;0;127m[38;2;0;0;127m [48;2;0;0;127m[38;2;0;0;127m [48;2;0;0;127m[38;2;0;0;127m [0m
[48;2;0;0;127m[38;2;0;0;127m [48;2;0;0;127m[38;2;0;0;127m [48;2;71;0;0m[38;2;71;0;0m [48;2;71;0;0m[38;2;116;0;0m▆[48;2;116;0;0m[38;2;116;0;0m [48;2;116;0;0m[38;2;116;0;0m [48;2;116;0;0m[38;2;116;58;0m▃[48;2;116;58;0m[38;2;116;58;0m [48;2;116;58;0m[38;2;116;58;0m [48;2;116;0;0m[38;2;116;58;0m▃[48;2;116;58;0m[38;2;116;58;0m [48;2;116;58;0m[38;2;116;58;0m [48;2;116;0;0m[38;2;116;58;0m▃[48;2;116;0;0m[38;2;116;0;0m [48;2;116;58;0m[38;2;116;58;0m [48;2;116;58;0m[38;2;116;0;0m▊[48;2;116;58;0m[38;2;116;58;0m [48;2;116;0;0m[38;2;116;0;0m [48;2;116;0;0m[38;2;116;0;0m [48;2;181;99;0m[38;2;116;58;0m▌[48;2;255;89;89m[38;2;255;89;89m [48;2;255;156;156m[38;2;255;89;89m▘[48;2;188;188;188m[38;2;255;156;156m▘[48;2;188;188;188m[38;2;188;188;188m [48;2;159;159;159m[38;2;188;188;188m▘[48;2;129;129;129m[38;2;54;54;54m▗[48;2;54;54;54m[38;2;101;101;101m▅[48;2;129;129;129m[38;2;101;101;101m▘[48;2;129;129;129m[38;2;129;129;129m [48;2;129;129;129m[38;2;54;54;54m▃[48;2;129;129;129m[38;2;54;54;54m▆[48;2;40;40;40m[38;2;129;129;129m▃[48;2;40;40;40m[38;2;159;159;159m▅[48;2;0;0;0m[38;2;226;226;226m▆[48;2;0;0;0m[38;2;226;226;226m▇[48;2;255;180;89m[38;2;226;226;226m▂[48;2;255;180;89m[38;2;255;156;156m▃[48;2;255;89;89m[38;2;255;180;89m▄[48;2;255;89;89m[38;2;255;89;89m [48;2;255;89;89m[38;2;255;89;89m [48;2;0;0;0m[38;2;181;99;0m▇[48;2;0;0;0m[38;2;181;99;0m▆[48;2;0;0;0m[38;2;116;58;0m▅[48;2;54;54;54m[38;2;71;0;42m▄[48;2;54;54;54m[38;2;71;0;42m▂[48;2;101;101;101m[38;2;159;159;159m▝[48;2;159;159;159m[38;2;129;129;129m▝[48;2;129;129;129m[38;2;159;159;159m▝[48;2;159;159;159m[38;2;129;129;129m▂[48;2;188;188;188m[38;2;159;159;159m▃[48;2;188;188;188m[38;2;129;129;129m▃[48;2;188;188;188m[38;2;158;158;158m━[48;2;188;188;188m[38;2;129;129;129m▘[48;2;210;210;210m[38;2;210;210;210m [48;2;210;210;210m[38;2;210;210;210m [48;2;210;210;210m[38;2;210;210;210m [48;2;159;159;159m[38;2;159;159;159m [48;2;159;159;159m[38;2;159;159;159m [48;2;159;159;159m[38;2;129;129;129m▃[48;2;129;129;129m[38;2;101;101;101m▁[48;2;101;101;101m[38;2;0;0;0m▂[48;2;0;0;0m[38;2;129;129;129m▄[48;2;0;0;0m[38;2;188;188;188m▆[48;2;105;105;105m[38;2;210;210;210m▆[48;2;181;99;0m[38;2;210;210;210m▆[48;2;181;99;0m[38;2;210;210;210m▅[48;2;181;99;0m[38;2;210;210;210m▄[48;2;0;0;0m[38;2;181;99;0m▇[48;2;0;0;0m[38;2;181;99;0m▆[48;2;0;0;0m[38;2;116;58;0m▅[48;2;77;77;77m[38;2;71;0;0m▅[48;2;77;77;77m[38;2;71;0;0m▖[48;2;159;159;159m[38;2;129;129;129m▖[48;2;101;101;101m[38;2;129;129;129m▅[48;2;181;99;0m[38;2;181;99;0m [48;2;0;0;127m[38;2;0;0;127m [48;2;0;0;127m[38;2;0;0;127m [48;2;0;0;127m[38;2;0;0;127m [48;2;0;0;127m[38;2;0;0;127m [48;2;0;0;127m[38;2;0;0;127m [0m
[48;2;0;0;127m[38;2;71;0;0m▗[48;2;71;0;0m[38;2;116;0;0m▃[48;2;116;0;0m[38;2;116;0;0m [48;2;116;0;0m[38;2;116;0;0m [48;2;116;0;0m[38;2;116;58;0m▅[48;2;116;58;0m[38;2;116;58;0m [48;2;116;58;0m[38;2;116;58;0m [48;2;116;58;0m[38;2;116;58;0m [48;2;116;58;0m[38;2;116;58;0m [48;2;116;58;0m[38;2;116;58;0m [48;2;116;58;0m[38;2;116;0;0m▅[48;2;116;0;0m[38;2;116;0;0m [48;2;116;0;0m[38;2;116;0;0m [48;2;116;0;0m[38;2;116;0;0m [48;2;116;58;0m[38;2;116;58;0m [48;2;116;58;0m[38;2;116;58;0m [48;2;116;0;0m[38;2;116;0;0m [48;2;116;0;0m[38;2;116;0;0m [48;2;181;99;0m[38;2;116;58;0m▌[48;2;181;99;0m[38;2;181;99;0m [48;2;159;159;159m[38;2;255;89;89m▌[48;2;188;188;188m[38;2;159;159;159m▂[48;2;188;188;188m[38;2;159;159;159m▃[48;2;101;101;101m[38;2;159;159;159m▘[48;2;101;101;101m[38;2;54;54;54m▃[48;2;101;101;101m[38;2;54;54;54m▘[48;2;129;129;129m[38;2;101;101;101m▗[48;2;101;101;101m[38;2;54;54;54m▗[48;2;54;54;54m[38;2;0;0;0m▅[48;2;0;0;0m[38;2;0;39;71m▗[48;2;19;19;19m[38;2;0;39;71m▆[48;2;0;0;0m[38;2;0;116;73m▅[48;2;0;0;0m[38;2;0;71;71m▂[48;2;129;129;129m[38;2;0;0;0m▆[48;2;210;210;210m[38;2;77;77;77m▖[48;2;226;226;226m[38;2;210;210;210m▅[48;2;255;156;156m[38;2;255;180;89m▅[48;2;255;156;156m[38;2;255;180;89m▅[48;2;255;156;156m[38;2;255;180;89m▅[48;2;255;180;89m[38;2;255;156;156m▅[48;2;255;89;89m[38;2;255;180;89m▅[48;2;255;89;89m[38;2;255;180;89m▃[48;2;181;99;0m[38;2;255;89;89m▅[48;2;181;99;0m[38;2;181;99;0m [48;2;116;0;0m[38;2;181;0;0m▅[48;2;116;0;0m[38;2;116;0;0m [48;2;101;101;101m[38;2;77;77;77m▝[48;2;77;77;77m[38;2;101;101;101m▅[48;2;101;101;101m[38;2;77;77;77m━[48;2;101;101;101m[38;2;77;77;77m▃[48;2;188;188;188m[38;2;129;129;129m▘[48;2;210;210;210m[38;2;210;210;210m [48;2;210;210;210m[38;2;210;210;210m [48;2;210;210;210m[38;2;210;210;210m [48;2;210;210;210m[38;2;210;210;210m [48;2;210;210;210m[38;2;210;210;210m [48;2;159;159;159m[38;2;129;129;129m▆[48;2;129;129;129m[38;2;54;54;54m▅[48;2;54;54;54m[38;2;129;129;129m▘[48;2;0;0;0m[38;2;54;54;54m▘[48;2;0;0;0m[38;2;0;71;71m▅[48;2;0;0;0m[38;2;0;116;116m▆[48;2;0;71;44m[38;2;0;116;116m▖[48;2;188;188;188m[38;2;0;0;0m▇[48;2;188;188;188m[38;2;0;0;0m▅[48;2;188;188;188m[38;2;188;188;188m [48;2;188;188;188m[38;2;255;180;89m▆[48;2;188;188;188m[38;2;255;180;89m▅[48;2;188;188;188m[38;2;255;180;89m▖[48;2;181;99;0m[38;2;181;99;0m [48;2;116;58;0m[38;2;116;0;0m▝[48;2;71;0;0m[38;2;116;0;0m▄[48;2;101;101;101m[38;2;116;0;0m▖[48;2;129;129;129m[38;2;129;129;129m [48;2;181;99;0m[38;2;129;129;129m▖[48;2;181;99;0m[38;2;0;0;127m▝[48;2;0;0;127m[38;2;0;0;127m [48;2;0;0;127m[38;2;0;0;127m [48;2;0;0;127m[38;2;0;0;127m [48;2;0;0;127m[38;2;0;0;127m [0m
[48;2;71;0;0m[38;2;116;0;0m▅[48;2;116;58;0m[38;2;116;0;0m▌[48;2;116;0;0m[38;2;116;0;0m [48;2;116;0;0m[38;2;116;0;0m [48;2;116;0;0m[38;2;116;0;0m [48;2;116;58;0m[38;2;116;58;0m [48;2;116;58;0m[38;2;116;0;0m▌[48;2;116;58;0m[38;2;116;58;0m [48;2;116;58;0m[38;2;116;58;0m [48;2;116;58;0m[38;2;116;58;0m [48;2;116;0;0m[38;2;116;0;0m [48;2;116;0;0m[38;2;116;58;0m▃[48;2;116;58;0m[38;2;116;58;0m [48;2;116;58;0m[38;2;116;58;0m [48;2;116;0;0m[38;2;116;0;0m [48;2;116;0;0m[38;2;116;58;0m▃[48;2;116;0;0m[38;2;181;99;0m▅[48;2;116;0;0m[38;2;181;99;0m▆[48;2;181;99;0m[38;2;255;89;89m▃[48;2;255;89;89m[38;2;255;156;156m▄[48;2;129;129;129m[38;2;159;159;159m▅[48;2;129;129;129m[38;2;159;159;159m╸[48;2;129;129;129m[38;2;0;0;0m▁[48;2;101;101;101m[38;2;0;0;0m▃[48;2;0;0;0m[38;2;101;101;101m▗[48;2;101;101;101m[38;2;54;54;54m▗[48;2;54;54;54m[38;2;54;54;54m [48;2;0;0;0m[38;2;40;40;40m▘[48;2;0;0;0m[38;2;0;0;0m [48;2;0;0;0m[38;2;0;0;0m [48;2;188;188;188m[38;2;0;0;0m▆[48;2;0;0;0m[38;2;0;116;116m▝[48;2;0;116;116m[38;2;0;116;73m▅[48;2;0;71;71m[38;2;0;71;71m [48;2;0;0;0m[38;2;0;0;0m [48;2;188;188;188m[38;2;159;159;159m▌[48;2;255;180;89m[38;2;188;188;188m▎[48;2;255;180;89m[38;2;226;226;226m▄[48;2;255;180;89m[38;2;188;188;188m▂[48;2;255;156;156m[38;2;255;156;156m [48;2;255;156;156m[38;2;255;180;89m▂[48;2;255;180;89m[38;2;255;180;89m [48;2;255;89;89m[38;2;255;89;89m [48;2;181;99;0m[38;2;255;89;89m▌[48;2;181;0;0m[38;2;181;0;0m [48;2;116;0;0m[38;2;116;0;0m [48;2;116;0;69m[38;2;54;54;54m▝[48;2;129;129;129m[38;2;77;77;77m▅[48;2;129;129;129m[38;2;77;77;77m▖[48;2;159;159;159m[38;2;129;129;129m▅[48;2;159;159;159m[38;2;159;159;159m [48;2;210;210;210m[38;2;210;210;210m [48;2;210;210;210m[38;2;210;210;210m [48;2;210;210;210m[38;2;210;210;210m [48;2;210;210;210m[38;2;210;210;210m [48;2;210;210;210m[38;2;210;210;210m [48;2;40;40;40m[38;2;159;159;159m▌[48;2;40;40;40m[38;2;0;0;0m▅[48;2;0;0;0m[38;2;0;0;0m [48;2;0;0;0m[38;2;0;0;0m [48;2;0;0;0m[38;2;0;0;0m [48;2;188;188;188m[38;2;0;0;0m▆[48;2;0;116;116m[38;2;0;0;0m▖[48;2;0;116;73m[38;2;0;116;116m▘[48;2;0;0;0m[38;2;0;71;71m▌[48;2;0;0;0m[38;2;188;188;188m▝[48;2;255;180;89m[38;2;159;159;159m▖[48;2;255;180;89m[38;2;226;226;226m▝[48;2;255;180;89m[38;2;255;180;89m [48;2;255;89;89m[38;2;255;89;89m [48;2;101;101;101m[38;2;181;99;0m▌[48;2;116;0;0m[38;2;116;58;0m▅[48;2;116;0;69m[38;2;116;0;0m▌[48;2;101;101;101m[38;2;101;101;101m [48;2;129;129;129m[38;2;129;129;129m [48;2;181;99;0m[38;2;129;129;129m▂[48;2;0;0;127m[38;2;181;99;0m▖[48;2;0;0;127m[38;2;0;0;127m [48;2;0;0;127m[38;2;0;0;127m [48;2;0;0;127m[38;2;0;0;127m [0m
[48;2;116;0;0m[38;2;116;0;0m [48;2;116;0;0m[38;2;116;0;0m [48;2;116;0;0m[38;2;116;0;0m [48;2;116;0;0m[38;2;116;0;0m [48;2;116;0;0m[38;2;116;0;0m [48;2;116;0;0m[38;2;116;0;0m [48;2;116;58;0m[38;2;116;58;0m [48;2;116;58;0m[38;2;116;58;0m [48;2;116;58;0m[38;2;116;58;0m [48;2;116;0;0m[38;2;116;58;0m▘[48;2;116;0;0m[38;2;116;0;0m [48;2;116;58;0m[38;2;116;0;0m▂[48;2;116;58;0m[38;2;116;58;0m [48;2;116;58;0m[38;2;116;58;0m [48;2;116;58;0m[38;2;116;58;0m [48;2;116;58;0m[38;2;116;58;0m [48;2;116;58;0m[38;2;181;99;0m▂[48;2;116;58;0m[38;2;181;99;0m▁[48;2;116;58;0m[38;2;54;54;54m▅[48;2;54;54;54m[38;2;159;159;159m▂[48;2;101;101;101m[38;2;54;54;54m━[48;2;0;0;0m[38;2;129;129;129m▅[48;2;0;0;0m[38;2;101;101;101m▆[48;2;0;0;0m[38;2;101;101;101m▆[48;2;101;101;101m[38;2;101;101;101m [48;2;54;54;54m[38;2;40;40;40m▗[48;2;0;0;0m[38;2;40;40;40m▌[48;2;0;0;0m[38;2;0;0;0m [48;2;0;0;0m[38;2;0;0;0m [48;2;0;0;0m[38;2;0;0;0m [48;2;0;0;0m[38;2;0;0;0m [48;2;0;0;0m[38;2;0;71;71m▗[48;2;0;71;71m[38;2;0;71;71m [48;2;0;35;35m[38;2;0;71;71m▌[48;2;0;0;0m[38;2;0;0;0m [48;2;159;159;159m[38;2;129;129;129m▌[48;2;255;180;89m[38;2;159;159;159m▅[48;2;188;188;188m[38;2;159;159;159m▄[48;2;188;188;188m[38;2;159;159;159m▅[48;2;255;156;156m[38;2;255;89;89m▅[48;2;255;89;89m[38;2;181;99;0m▗[48;2;255;89;89m[38;2;181;99;0m▅[48;2;181;99;0m[38;2;181;99;0m [48;2;181;0;0m[38;2;181;99;0m▘[48;2;181;0;0m[38;2;116;0;0m▃[48;2;116;0;0m[38;2;71;0;0m▗[48;2;116;0;69m[38;2;71;0;42m▌[48;2;181;0;107m[38;2;101;101;101m▝[48;2;101;101;101m[38;2;101;101;101m [48;2;129;129;129m[38;2;101;101;101m▁[48;2;188;188;188m[38;2;159;159;159m▌[48;2;159;159;159m[38;2;188;188;188m▅[48;2;210;210;210m[38;2;210;210;210m [48;2;210;210;210m[38;2;210;210;210m [48;2;210;210;210m[38;2;210;210;210m [48;2;210;210;210m[38;2;210;210;210m [48;2;159;159;159m[38;2;159;159;159m [48;2;0;0;0m[38;2;0;0;0m [48;2;0;0;0m[38;2;0;39;71m▖[48;2;0;0;0m[38;2;0;0;0m [48;2;0;0;0m[38;2;0;0;0m [48;2;0;0;0m[38;2;0;0;0m [48;2;0;71;71m[38;2;0;0;0m▘[48;2;0;71;71m[38;2;0;71;71m [48;2;40;40;40m[38;2;0;71;71m▊[48;2;0;0;0m[38;2;0;0;0m [48;2;159;159;159m[38;2;129;129;129m▌[48;2;255;180;89m[38;2;159;159;159m▖[48;2;255;89;89m[38;2;255;180;89m▘[48;2;181;99;0m[38;2;181;99;0m [48;2;181;99;0m[38;2;101;101;101m▗[48;2;116;58;0m[38;2;101;101;101m▘[48;2;116;0;69m[38;2;93;0;55m┃[48;2;77;77;77m[38;2;0;0;0m▗[48;2;101;101;101m[38;2;0;0;0m▂[48;2;129;129;129m[38;2;0;0;0m▁[48;2;181;99;0m[38;2;129;129;129m▖[48;2;0;0;127m[38;2;181;99;0m▌[48;2;0;0;127m[38;2;0;0;127m [48;2;0;0;127m[38;2;0;0;127m [0m
[48;2;116;0;0m[38;2;116;0;0m [48;2;116;0;0m[38;2;116;0;0m [48;2;116;58;0m[38;2;116;58;0m [48;2;116;58;0m[38;2;116;58;0m [48;2;116;0;0m[38;2;116;0;0m [48;2;116;0;0m[38;2;116;0;0m [48;2;116;0;0m[38;2;116;0;0m [48;2;116;0;0m[38;2;116;0;0m [48;2;116;0;0m[38;2;116;0;0m [48;2;116;0;0m[38;2;159;159;159m▁[48;2;116;0;0m[38;2;159;159;159m▂[48;2;116;0;0m[38;2;159;159;159m▂[48;2;116;0;0m[38;2;159;159;159m▁[48;2;116;58;0m[38;2;116;58;0m [48;2;71;33;0m[38;2;116;58;0m▄[48;2;116;58;0m[38;2;71;33;0m▅[48;2;181;99;0m[38;2;71;33;0m▅[48;2;181;99;0m[38;2;71;33;0m▃[48;2;129;129;129m[38;2;54;54;54m▃[48;2;129;129;129m[38;2;54;54;54m▃[48;2;129;129;129m[38;2;54;54;54m▅[48;2;54;54;54m[38;2;129;129;129m▄[48;2;101;101;101m[38;2;129;129;129m▅[48;2;101;101;101m[38;2;101;101;101m [48;2;77;77;77m[38;2;0;0;0m▗[48;2;0;0;0m[38;2;77;77;77m▘[48;2;54;54;54m[38;2;0;0;0m▝[48;2;0;0;0m[38;2;0;0;0m [48;2;0;0;0m[38;2;0;0;0m [48;2;0;0;0m[38;2;127;44;44m▁[48;2;0;0;0m[38;2;255;89;89m▁[48;2;0;0;0m[38;2;127;44;44m▁[48;2;0;71;71m[38;2;0;0;0m▇[48;2;0;0;0m[38;2;255;156;156m▁[48;2;0;0;0m[38;2;255;156;156m▂[48;2;129;129;129m[38;2;255;156;156m▂[48;2;129;129;129m[38;2;255;156;156m▂[48;2;181;99;0m[38;2;255;156;156m▂[48;2;181;99;0m[38;2;255;156;156m▂[48;2;181;99;0m[38;2;255;156;156m▂[48;2;181;99;0m[38;2;255;89;89m▃[48;2;181;0;0m[38;2;255;89;89m▃[48;2;116;0;0m[38;2;255;89;89m▃[48;2;116;0;0m[38;2;255;89;89m▂[48;2;71;0;0m[38;2;181;0;107m▃[48;2;71;0;0m[38;2;181;0;107m▄[48;2;255;89;89m[38;2;255;89;89m [48;2;255;89;89m[38;2;159;159;159m▃[48;2;129;129;129m[38;2;129;129;129m [48;2;101;101;101m[38;2;101;101;101m [48;2;101;101;101m[38;2;101;101;101m [48;2;159;159;159m[38;2;129;129;129m▅[48;2;188;188;188m[38;2;159;159;159m▅[48;2;210;210;210m[38;2;188;188;188m▃[48;2;210;210;210m[38;2;188;188;188m▂[48;2;210;210;210m[38;2;188;188;188m▃[48;2;210;210;210m[38;2;210;210;210m [48;2;129;129;129m[38;2;129;129;129m [48;2;0;0;0m[38;2;159;159;159m▂[48;2;0;0;0m[38;2;129;129;129m▂[48;2;0;0;0m[38;2;159;159;159m▂[48;2;54;54;54m[38;2;255;89;89m▁[48;2;0;71;44m[38;2;159;159;159m▁[48;2;0;0;0m[38;2;0;71;44m▘[48;2;0;0;0m[38;2;116;0;69m▁[48;2;101;101;101m[38;2;0;0;0m▘[48;2;129;129;129m[38;2;181;99;0m▂[48;2;129;129;129m[38;2;181;99;0m▃[48;2;181;99;0m[38;2;116;0;0m▂[48;2;181;99;0m[38;2;116;0;0m▄[48;2;116;58;0m[38;2;116;0;0m▅[48;2;116;0;69m[38;2;71;0;0m▂[48;2;71;0;42m[38;2;19;19;19m┃[48;2;129;129;129m[38;2;116;0;69m▌[48;2;54;54;54m[38;2;101;101;101m▆[48;2;0;0;0m[38;2;77;77;77m▄[48;2;181;99;0m[38;2;116;58;0m▊[48;2;181;99;0m[38;2;181;99;0m [48;2;0;0;127m[38;2;0;0;127m [48;2;0;0;127m[38;2;0;0;127m [0m
[48;2;116;0;0m[38;2;116;0;0m [48;2;116;0;0m[38;2;116;0;0m [48;2;116;0;0m[38;2;116;0;0m [48;2;116;58;0m[38;2;116;0;0m▖[48;2;116;0;0m[38;2;116;0;0m [48;2;116;0;0m[38;2;116;0;0m [48;2;116;0;0m[38;2;129;129;129m▃[48;2;116;0;0m[38;2;159;159;159m▇[48;2;188;188;188m[38;2;159;159;159m▘[48;2;188;188;188m[38;2;159;159;159m▅[48;2;210;210;210m[38;2;188;188;188m▅[48;2;210;210;210m[38;2;210;210;210m [48;2;188;188;188m[38;2;188;188;188m [48;2;188;188;188m[38;2;188;188;188m [48;2;159;159;159m[38;2;210;210;210m▄[48;2;159;159;159m[38;2;210;210;210m▆[48;2;54;54;54m[38;2;210;210;210m▅[48;2;54;54;54m[38;2;159;159;159m▅[48;2;101;101;101m[38;2;129;129;129m▅[48;2;159;159;159m[38;2;54;54;54m▂[48;2;159;159;159m[38;2;54;54;54m▂[48;2;159;159;159m[38;2;54;54;54m▃[48;2;101;101;101m[38;2;0;0;0m▃[48;2;54;54;54m[38;2;0;0;0m▅[48;2;0;0;0m[38;2;101;101;101m▃[48;2;0;0;0m[38;2;101;101;101m▇[48;2;181;0;107m[38;2;129;129;129m▅[48;2;181;0;107m[38;2;129;129;129m▅[48;2;255;89;89m[38;2;129;129;129m▅[48;2;255;89;89m[38;2;129;129;129m▆[48;2;129;129;129m[38;2;115;115;115m━[48;2;129;129;129m[38;2;115;115;115m━[48;2;129;129;129m[38;2;77;77;77m━[48;2;129;129;129m[38;2;77;77;77m▄[48;2;159;159;159m[38;2;77;77;77m▄[48;2;159;159;159m[38;2;77;77;77m▅[48;2;159;159;159m[38;2;77;77;77m▅[48;2;159;159;159m[38;2;101;101;101m▆[48;2;159;159;159m[38;2;101;101;101m▆[48;2;129;129;129m[38;2;101;101;101m▅[48;2;129;129;129m[38;2;101;101;101m▅[48;2;129;129;129m[38;2;101;101;101m▆[48;2;129;129;129m[38;2;101;101;101m▆[48;2;129;129;129m[38;2;101;101;101m▇[48;2;101;101;101m[38;2;54;54;54m▗[48;2;101;101;101m[38;2;54;54;54m▅[48;2;101;101;101m[38;2;54;54;54m▖[48;2;159;159;159m[38;2;159;159;159m [48;2;129;129;129m[38;2;159;159;159m▌[48;2;129;129;129m[38;2;101;101;101m▊[48;2;159;159;159m[38;2;129;129;129m▅[48;2;159;159;159m[38;2;129;129;129m▖[48;2;159;159;159m[38;2;159;159;159m [48;2;159;159;159m[38;2;188;188;188m▄[48;2;159;159;159m[38;2;188;188;188m▅[48;2;188;188;188m[38;2;188;188;188m [48;2;188;188;188m[38;2;188;188;188m [48;2;159;159;159m[38;2;188;188;188m▄[48;2;159;159;159m[38;2;129;129;129m▝[48;2;159;159;159m[38;2;159;159;159m [48;2;159;159;159m[38;2;129;129;129m▃[48;2;255;89;89m[38;2;129;129;129m▆[48;2;255;89;89m[38;2;129;129;129m▆[48;2;255;89;89m[38;2;129;129;129m▅[48;2;255;89;89m[38;2;129;129;129m▅[48;2;255;89;89m[38;2;129;129;129m▆[48;2;159;159;159m[38;2;101;101;101m▅[48;2;159;159;159m[38;2;101;101;101m▅[48;2;159;159;159m[38;2;101;101;101m▆[48;2;71;0;0m[38;2;101;101;101m▇[48;2;86;50;50m[38;2;101;101;101m▆[48;2;71;0;0m[38;2;77;77;77m▅[48;2;0;0;0m[38;2;77;77;77m▖[48;2;0;0;0m[38;2;54;54;54m▂[48;2;77;77;77m[38;2;0;0;0m━[48;2;77;77;77m[38;2;0;0;0m▅[48;2;101;101;101m[38;2;0;0;0m▌[48;2;129;129;129m[38;2;159;159;159m▂[48;2;0;0;127m[38;2;159;159;159m▃[48;2;0;0;127m[38;2;0;0;127m [0m
[48;2;116;0;0m[38;2;116;0;0m [48;2;116;0;0m[38;2;116;0;0m [48;2;116;0;0m[38;2;116;0;0m [48;2;116;0;0m[38;2;116;0;0m [48;2;116;0;0m[38;2;101;101;101m▗[48;2;129;129;129m[38;2;101;101;101m▘[48;2;159;159;159m[38;2;129;129;129m▖[48;2;159;159;159m[38;2;159;159;159m [48;2;159;159;159m[38;2;188;188;188m▂[48;2;159;159;159m[38;2;188;188;188m▄[48;2;188;188;188m[38;2;188;188;188m [48;2;210;210;210m[38;2;188;188;188m▖[48;2;210;210;210m[38;2;188;188;188m▅[48;2;210;210;210m[38;2;188;188;188m▆[48;2;210;210;210m[38;2;188;188;188m▗[48;2;210;210;210m[38;2;188;188;188m▃[48;2;188;188;188m[38;2;188;188;188m [48;2;188;188;188m[38;2;188;188;188m [48;2;101;101;101m[38;2;188;188;188m▆[48;2;54;54;54m[38;2;188;188;188m▅[48;2;54;54;54m[38;2;210;210;210m▅[48;2;54;54;54m[38;2;210;210;210m▅[48;2;0;0;0m[38;2;159;159;159m▆[48;2;101;101;101m[38;2;129;129;129m▅[48;2;101;101;101m[38;2;77;77;77m▂[48;2;101;101;101m[38;2;77;77;77m▗[48;2;101;101;101m[38;2;77;77;77m▅[48;2;101;101;101m[38;2;54;54;54m▂[48;2;101;101;101m[38;2;54;54;54m▃[48;2;101;101;101m[38;2;54;54;54m▃[48;2;101;101;101m[38;2;54;54;54m▃[48;2;101;101;101m[38;2;77;77;77m▂[48;2;129;129;129m[38;2;101;101;101m▅[48;2;159;159;159m[38;2;129;129;129m▅[48;2;159;159;159m[38;2;129;129;129m▅[48;2;159;159;159m[38;2;129;129;129m▅[48;2;159;159;159m[38;2;101;101;101m▃[48;2;159;159;159m[38;2;129;129;129m▅[48;2;159;159;159m[38;2;101;101;101m▃[48;2;129;129;129m[38;2;129;129;129m [48;2;129;129;129m[38;2;101;101;101m▅[48;2;129;129;129m[38;2;101;101;101m▂[48;2;101;101;101m[38;2;77;77;77m▅[48;2;101;101;101m[38;2;77;77;77m▆[48;2;54;54;54m[38;2;40;40;40m▗[48;2;40;40;40m[38;2;129;129;129m▗[48;2;101;101;101m[38;2;159;159;159m▆[48;2;159;159;159m[38;2;159;159;159m [48;2;129;129;129m[38;2;101;101;101m▝[48;2;129;129;129m[38;2;101;101;101m▘[48;2;129;129;129m[38;2;129;129;129m [48;2;129;129;129m[38;2;129;129;129m [48;2;159;159;159m[38;2;159;159;159m [48;2;188;188;188m[38;2;159;159;159m▅[48;2;188;188;188m[38;2;159;159;159m▂[48;2;188;188;188m[38;2;0;64;116m▃[48;2;159;159;159m[38;2;0;64;116m▅[48;2;159;159;159m[38;2;0;64;116m▆[48;2;159;159;159m[38;2;0;64;116m▇[48;2;159;159;159m[38;2;0;64;116m▇[48;2;0;64;116m[38;2;0;116;116m▅[48;2;0;64;116m[38;2;0;147;147m▄[48;2;129;129;129m[38;2;0;116;116m▆[48;2;129;129;129m[38;2;0;64;116m▅[48;2;129;129;129m[38;2;0;64;116m▂[48;2;101;101;101m[38;2;129;129;129m━[48;2;101;101;101m[38;2;89;89;89m▂[48;2;101;101;101m[38;2;89;89;89m▁[48;2;101;101;101m[38;2;101;101;101m [48;2;77;77;77m[38;2;101;101;101m▆[48;2;77;77;77m[38;2;101;101;101m▅[48;2;77;77;77m[38;2;54;54;54m▅[48;2;54;54;54m[38;2;0;0;0m▂[48;2;0;0;0m[38;2;0;0;0m [48;2;77;77;77m[38;2;0;0;0m▅[48;2;54;54;54m[38;2;129;129;129m▂[48;2;188;188;188m[38;2;129;129;129m▘[48;2;159;159;159m[38;2;188;188;188m▌[48;2;159;159;159m[38;2;159;159;159m [48;2;159;159;159m[38;2;0;0;127m▝[0m
[48;2;116;0;0m[38;2;116;58;0m▌[48;2;116;0;0m[38;2;116;58;0m▆[48;2;116;0;0m[38;2;116;0;0m [48;2;116;0;0m[38;2;129;129;129m▗[48;2;129;129;129m[38;2;129;129;129m [48;2;159;159;159m[38;2;129;129;129m▘[48;2;159;159;159m[38;2;159;159;159m [48;2;159;159;159m[38;2;159;159;159m [48;2;188;188;188m[38;2;159;159;159m▃[48;2;188;188;188m[38;2;188;188;188m [48;2;188;188;188m[38;2;210;210;210m▂[48;2;210;210;210m[38;2;188;188;188m▂[48;2;188;188;188m[38;2;188;188;188m [48;2;210;210;210m[38;2;210;210;210m [48;2;210;210;210m[38;2;210;210;210m [48;2;188;188;188m[38;2;188;188;188m [48;2;210;210;210m[38;2;188;188;188m▃[48;2;210;210;210m[38;2;210;210;210m [48;2;210;210;210m[38;2;210;210;210m [48;2;226;226;226m[38;2;210;210;210m▂[48;2;210;210;210m[38;2;210;210;210m [48;2;210;210;210m[38;2;188;188;188m▝[48;2;188;188;188m[38;2;188;188;188m [48;2;159;159;159m[38;2;159;159;159m [48;2;101;101;101m[38;2;129;129;129m▅[48;2;40;40;40m[38;2;101;101;101m▁[48;2;40;40;40m[38;2;40;40;40m [48;2;40;40;40m[38;2;40;40;40m [48;2;77;77;77m[38;2;40;40;40m▅[48;2;77;77;77m[38;2;40;40;40m▁[48;2;77;77;77m[38;2;77;77;77m [48;2;101;101;101m[38;2;77;77;77m▄[48;2;77;77;77m[38;2;101;101;101m━[48;2;77;77;77m[38;2;101;101;101m▂[48;2;129;129;129m[38;2;77;77;77m▆[48;2;129;129;129m[38;2;77;77;77m▇[48;2;101;101;101m[38;2;89;89;89m━[48;2;101;101;101m[38;2;89;89;89m━[48;2;129;129;129m[38;2;77;77;77m▆[48;2;77;77;77m[38;2;77;77;77m [48;2;77;77;77m[38;2;77;77;77m [48;2;77;77;77m[38;2;40;40;40m▂[48;2;54;54;54m[38;2;40;40;40m▃[48;2;40;40;40m[38;2;0;0;0m▃[48;2;40;40;40m[38;2;0;0;0m▘[48;2;129;129;129m[38;2;101;101;101m▃[48;2;159;159;159m[38;2;159;159;159m [48;2;129;129;129m[38;2;159;159;159m▌[48;2;129;129;129m[38;2;129;129;129m [48;2;129;129;129m[38;2;129;129;129m [48;2;129;129;129m[38;2;159;159;159m▃[48;2;159;159;159m[38;2;129;129;129m▁[48;2;159;159;159m[38;2;0;64;116m▃[48;2;159;159;159m[38;2;0;64;116m▆[48;2;0;64;116m[38;2;0;116;116m▂[48;2;0;90;116m[38;2;0;116;116m▆[48;2;0;116;116m[38;2;0;116;116m [48;2;0;116;116m[38;2;0;147;147m▂[48;2;0;147;147m[38;2;0;181;181m▃[48;2;0;147;147m[38;2;0;181;181m▃[48;2;0;147;147m[38;2;0;181;181m▂[48;2;0;147;147m[38;2;0;181;181m▆[48;2;0;147;147m[38;2;0;181;181m▆[48;2;0;147;147m[38;2;0;147;147m [48;2;0;99;181m[38;2;0;147;147m▆[48;2;54;54;54m[38;2;0;116;116m▆[48;2;77;77;77m[38;2;0;116;116m▃[48;2;77;77;77m[38;2;54;54;54m▃[48;2;77;77;77m[38;2;77;77;77m [48;2;77;77;77m[38;2;77;77;77m [48;2;77;77;77m[38;2;54;54;54m▃[48;2;77;77;77m[38;2;19;19;19m▃[48;2;0;0;0m[38;2;0;0;0m [48;2;159;159;159m[38;2;77;77;77m▌[48;2;129;129;129m[38;2;188;188;188m▆[48;2;159;159;159m[38;2;188;188;188m▄[48;2;188;188;188m[38;2;159;159;159m▂[48;2;159;159;159m[38;2;101;101;101m▗[48;2;159;159;159m[38;2;129;129;129m▌[48;2;144;144;144m[38;2;159;159;159m▌[0m
[48;2;116;0;0m[38;2;116;0;0m [48;2;116;0;0m[38;2;116;0;0m [48;2;116;0;0m[38;2;116;0;0m [48;2;101;101;101m[38;2;129;129;129m▗[48;2;129;129;129m[38;2;129;129;129m [48;2;129;129;129m[38;2;129;129;129m [48;2;129;129;129m[38;2;129;129;129m [48;2;129;129;129m[38;2;129;129;129m [48;2;129;129;129m[38;2;101;101;101m▁[48;2;129;129;129m[38;2;101;101;101m▂[48;2;129;129;129m[38;2;101;101;101m▂[48;2;129;129;129m[38;2;101;101;101m▂[48;2;188;188;188m[38;2;129;129;129m▅[48;2;188;188;188m[38;2;129;129;129m▅[48;2;188;188;188m[38;2;129;129;129m▃[48;2;210;210;210m[38;2;159;159;159m▃[48;2;210;210;210m[38;2;188;188;188m▁[48;2;210;210;210m[38;2;210;210;210m [48;2;159;159;159m[38;2;210;210;210m▂[48;2;159;159;159m[38;2;101;101;101m▃[48;2;188;188;188m[38;2;129;129;129m▁[48;2;210;210;210m[38;2;188;188;188m▂[48;2;210;210;210m[38;2;188;188;188m▂[48;2;188;188;188m[38;2;188;188;188m [48;2;159;159;159m[38;2;188;188;188m▃[48;2;129;129;129m[38;2;159;159;159m▆[48;2;77;77;77m[38;2;129;129;129m▇[48;2;40;40;40m[38;2;129;129;129m▃[48;2;40;40;40m[38;2;40;40;40m [48;2;40;40;40m[38;2;0;0;0m▃[48;2;40;40;40m[38;2;40;40;40m [48;2;77;77;77m[38;2;40;40;40m▆[48;2;77;77;77m[38;2;40;40;40m▅[48;2;77;77;77m[38;2;40;40;40m▄[48;2;77;77;77m[38;2;40;40;40m▃[48;2;77;77;77m[38;2;40;40;40m▃[48;2;77;77;77m[38;2;40;40;40m▃[48;2;77;77;77m[38;2;40;40;40m▄[48;2;77;77;77m[38;2;40;40;40m▄[48;2;77;77;77m[38;2;40;40;40m▆[48;2;77;77;77m[38;2;40;40;40m▇[48;2;40;40;40m[38;2;0;0;0m▂[48;2;0;0;0m[38;2;40;40;40m▚[48;2;40;40;40m[38;2;101;101;101m▗[48;2;101;101;101m[38;2;101;101;101m [48;2;159;159;159m[38;2;101;101;101m▘[48;2;159;159;159m[38;2;129;129;129m▂[48;2;129;129;129m[38;2;159;159;159m▗[48;2;129;129;129m[38;2;159;159;159m▅[48;2;159;159;159m[38;2;159;159;159m [48;2;159;159;159m[38;2;129;129;129m▗[48;2;101;101;101m[38;2;54;54;54m▆[48;2;0;116;116m[38;2;0;64;116m▘[48;2;0;116;116m[38;2;0;116;116m [48;2;0;116;116m[38;2;0;116;116m [48;2;0;116;116m[38;2;0;116;116m [48;2;0;116;116m[38;2;0;147;147m▅[48;2;0;147;147m[38;2;0;147;147m [48;2;0;181;181m[38;2;0;116;116m▂[48;2;0;181;181m[38;2;0;147;147m▅[48;2;0;147;147m[38;2;0;116;116m▄[48;2;0;147;147m[38;2;0;131;131m▂[48;2;0;147;147m[38;2;0;116;116m▂[48;2;0;116;116m[38;2;0;116;116m [48;2;0;147;147m[38;2;0;116;116m▇[48;2;0;116;116m[38;2;0;116;116m [48;2;0;116;116m[38;2;0;116;116m [48;2;0;64;116m[38;2;0;64;116m [48;2;54;54;54m[38;2;19;19;19m▆[48;2;54;54;54m[38;2;19;19;19m▆[48;2;19;19;19m[38;2;9;9;9m▂[48;2;19;19;19m[38;2;0;0;0m▆[48;2;0;0;0m[38;2;0;0;0m [48;2;129;129;129m[38;2;77;77;77m▌[48;2;188;188;188m[38;2;159;159;159m▂[48;2;159;159;159m[38;2;159;159;159m [48;2;129;129;129m[38;2;159;159;159m▌[48;2;159;159;159m[38;2;54;54;54m▊[48;2;188;188;188m[38;2;159;159;159m▘[48;2;129;129;129m[38;2;159;159;159m▎[0m
[48;2;116;0;0m[38;2;116;0;0m [48;2;116;0;0m[38;2;116;0;0m [48;2;77;77;77m[38;2;116;58;0m▌[48;2;129;129;129m[38;2;101;101;101m▎[48;2;129;129;129m[38;2;129;129;129m [48;2;129;129;129m[38;2;101;101;101m▃[48;2;101;101;101m[38;2;0;0;0m▂[48;2;77;77;77m[38;2;0;0;0m▅[48;2;77;77;77m[38;2;0;0;0m▆[48;2;54;54;54m[38;2;0;0;0m▆[48;2;0;0;0m[38;2;0;0;0m [48;2;0;0;0m[38;2;0;0;0m [48;2;0;0;0m[38;2;101;101;101m▂[48;2;0;0;0m[38;2;101;101;101m▂[48;2;0;0;0m[38;2;129;129;129m▂[48;2;101;101;101m[38;2;0;0;0m▆[48;2;129;129;129m[38;2;0;0;0m▅[48;2;188;188;188m[38;2;54;54;54m▅[48;2;188;188;188m[38;2;101;101;101m▅[48;2;159;159;159m[38;2;54;54;54m▝[48;2;54;54;54m[38;2;0;0;0m▗[48;2;129;129;129m[38;2;54;54;54m▖[48;2;159;159;159m[38;2;159;159;159m [48;2;188;188;188m[38;2;188;188;188m [48;2;188;188;188m[38;2;188;188;188m [48;2;188;188;188m[38;2;188;188;188m [48;2;159;159;159m[38;2;188;188;188m▅[48;2;129;129;129m[38;2;159;159;159m▅[48;2;129;129;129m[38;2;129;129;129m [48;2;54;54;54m[38;2;129;129;129m▅[48;2;0;0;0m[38;2;129;129;129m▃[48;2;0;0;0m[38;2;159;159;159m▁[48;2;40;40;40m[38;2;0;0;0m▆[48;2;40;40;40m[38;2;0;0;0m▄[48;2;40;40;40m[38;2;0;0;0m▃[48;2;40;40;40m[38;2;0;0;0m▂[48;2;40;40;40m[38;2;0;0;0m▁[48;2;40;40;40m[38;2;0;0;0m▁[48;2;40;40;40m[38;2;0;0;0m▃[48;2;40;40;40m[38;2;0;0;0m▅[48;2;0;0;0m[38;2;54;54;54m▂[48;2;40;40;40m[38;2;129;129;129m▄[48;2;40;40;40m[38;2;129;129;129m▅[48;2;129;129;129m[38;2;159;159;159m▅[48;2;159;159;159m[38;2;159;159;159m [48;2;159;159;159m[38;2;188;188;188m▗[48;2;159;159;159m[38;2;188;188;188m▅[48;2;159;159;159m[38;2;188;188;188m▁[48;2;159;159;159m[38;2;101;101;101m▗[48;2;129;129;129m[38;2;54;54;54m▃[48;2;0;0;0m[38;2;101;101;101m▘[48;2;0;39;71m[38;2;0;0;71m▌[48;2;0;64;116m[38;2;0;71;71m▅[48;2;0;116;116m[38;2;0;64;116m▇[48;2;0;116;116m[38;2;0;64;116m▅[48;2;0;116;116m[38;2;0;116;116m [48;2;0;116;116m[38;2;0;116;116m [48;2;0;116;116m[38;2;0;116;116m [48;2;0;116;116m[38;2;0;116;116m [48;2;0;116;116m[38;2;0;116;116m [48;2;0;116;116m[38;2;0;116;116m [48;2;0;116;116m[38;2;0;116;116m [48;2;0;116;116m[38;2;0;64;116m▅[48;2;0;116;116m[38;2;0;64;116m▅[48;2;0;116;116m[38;2;0;64;116m▄[48;2;0;116;116m[38;2;0;64;116m▅[48;2;0;64;116m[38;2;0;71;71m▁[48;2;0;64;116m[38;2;0;71;71m▅[48;2;19;19;19m[38;2;0;39;71m▌[48;2;0;0;0m[38;2;0;0;0m [48;2;0;0;0m[38;2;0;0;0m [48;2;0;0;0m[38;2;0;0;0m [48;2;0;0;0m[38;2;101;101;101m▗[48;2;129;129;129m[38;2;129;129;129m [48;2;159;159;159m[38;2;159;159;159m [48;2;129;129;129m[38;2;159;159;159m▘[48;2;101;101;101m[38;2;54;54;54m▝[48;2;159;159;159m[38;2;159;159;159m [48;2;159;159;159m[38;2;0;0;0m▃[48;2;129;129;129m[38;2;0;0;0m▅[0m
[48;2;116;0;0m[38;2;116;0;0m [48;2;116;0;0m[38;2;116;0;0m [48;2;116;0;0m[38;2;116;0;0m [48;2;101;101;101m[38;2;101;101;101m [48;2;101;101;101m[38;2;101;101;101m [48;2;40;40;40m[38;2;77;77;77m▌[48;2;0;0;0m[38;2;0;0;0m [48;2;0;0;0m[38;2;0;0;0m [48;2;0;0;0m[38;2;0;0;0m [48;2;0;0;0m[38;2;54;54;54m▅[48;2;0;0;0m[38;2;77;77;77m▄[48;2;101;101;101m[38;2;77;77;77m▂[48;2;159;159;159m[38;2;77;77;77m▁[48;2;159;159;159m[38;2;129;129;129m▂[48;2;210;210;210m[38;2;129;129;129m▃[48;2;210;210;210m[38;2;129;129;129m▂[48;2;210;210;210m[38;2;129;129;129m▁[48;2;144;144;144m[38;2;188;188;188m▇[48;2;101;101;101m[38;2;188;188;188m▆[48;2;101;101;101m[38;2;188;188;188m▅[48;2;54;54;54m[38;2;188;188;188m▃[48;2;0;0;0m[38;2;54;54;54m▖[48;2;101;101;101m[38;2;0;0;0m▃[48;2;188;188;188m[38;2;129;129;129m▅[48;2;188;188;188m[38;2;188;188;188m [48;2;188;188;188m[38;2;188;188;188m [48;2;188;188;188m[38;2;210;210;210m╺[48;2;188;188;188m[38;2;210;210;210m▅[48;2;159;159;159m[38;2;188;188;188m▅[48;2;188;188;188m[38;2;210;210;210m▆[48;2;159;159;159m[38;2;210;210;210m▄[48;2;159;159;159m[38;2;188;188;188m▄[48;2;159;159;159m[38;2;188;188;188m▂[48;2;0;0;0m[38;2;159;159;159m▇[48;2;0;0;0m[38;2;159;159;159m▆[48;2;0;0;0m[38;2;129;129;129m▅[48;2;0;0;0m[38;2;129;129;129m▄[48;2;0;0;0m[38;2;129;129;129m▅[48;2;0;0;0m[38;2;129;129;129m▆[48;2;129;129;129m[38;2;159;159;159m▅[48;2;129;129;129m[38;2;159;159;159m▆[48;2;159;159;159m[38;2;159;159;159m [48;2;159;159;159m[38;2;210;210;210m▁[48;2;159;159;159m[38;2;210;210;210m▄[48;2;210;210;210m[38;2;210;210;210m [48;2;188;188;188m[38;2;159;159;159m▁[48;2;188;188;188m[38;2;159;159;159m▂[48;2;188;188;188m[38;2;159;159;159m▅[48;2;77;77;77m[38;2;159;159;159m▘[48;2;0;0;0m[38;2;54;54;54m▌[48;2;0;39;71m[38;2;0;0;0m▘[48;2;0;39;71m[38;2;0;39;71m [48;2;0;71;71m[38;2;0;71;71m [48;2;0;71;71m[38;2;0;64;116m▗[48;2;0;116;116m[38;2;0;64;116m▅[48;2;0;116;116m[38;2;0;64;116m▃[48;2;0;116;116m[38;2;0;64;116m▅[48;2;0;64;116m[38;2;0;64;116m [48;2;0;116;116m[38;2;0;64;116m▆[48;2;0;116;116m[38;2;0;64;116m▅[48;2;0;116;116m[38;2;0;64;116m▆[48;2;0;64;116m[38;2;0;71;71m▃[48;2;0;71;71m[38;2;0;71;71m [48;2;0;64;116m[38;2;0;71;71m▇[48;2;0;64;116m[38;2;0;71;71m▆[48;2;0;64;116m[38;2;0;71;71m▇[48;2;0;71;71m[38;2;0;55;71m▂[48;2;0;39;71m[38;2;0;71;71m▘[48;2;54;54;54m[38;2;0;0;0m▊[48;2;0;0;0m[38;2;101;101;101m▆[48;2;0;0;0m[38;2;101;101;101m▄[48;2;0;0;0m[38;2;101;101;101m▆[48;2;159;159;159m[38;2;101;101;101m▘[48;2;129;129;129m[38;2;159;159;159m▅[48;2;129;129;129m[38;2;159;159;159m▌[48;2;101;101;101m[38;2;129;129;129m▌[48;2;0;0;0m[38;2;101;101;101m▃[48;2;0;0;0m[38;2;129;129;129m▄[48;2;0;0;0m[38;2;129;129;129m▆[48;2;0;0;0m[38;2;129;129;129m▖[0m
[48;2;116;0;0m[38;2;71;0;0m▌[48;2;116;0;0m[38;2;116;0;0m [48;2;116;0;0m[38;2;116;0;0m [48;2;54;54;54m[38;2;77;77;77m▝[48;2;77;77;77m[38;2;54;54;54m▅[48;2;0;0;0m[38;2;54;54;54m▘[48;2;0;0;0m[38;2;0;0;0m [48;2;0;0;0m[38;2;77;77;77m▃[48;2;54;54;54m[38;2;77;77;77m▆[48;2;77;77;77m[38;2;0;0;0m▗[48;2;0;0;0m[38;2;0;0;0m [48;2;0;0;0m[38;2;0;0;0m [48;2;0;0;0m[38;2;0;0;0m [48;2;0;0;0m[38;2;0;0;0m [48;2;0;0;0m[38;2;0;0;0m [48;2;0;0;0m[38;2;0;0;0m [48;2;129;129;129m[38;2;0;0;0m▆[48;2;129;129;129m[38;2;0;0;0m▅[48;2;129;129;129m[38;2;0;0;0m▂[48;2;188;188;188m[38;2;129;129;129m▃[48;2;188;188;188m[38;2;173;173;173m▂[48;2;188;188;188m[38;2;188;188;188m [48;2;0;0;0m[38;2;159;159;159m▅[48;2;0;0;0m[38;2;54;54;54m▃[48;2;54;54;54m[38;2;0;0;0m▃[48;2;159;159;159m[38;2;54;54;54m▖[48;2;188;188;188m[38;2;159;159;159m▂[48;2;188;188;188m[38;2;188;188;188m [48;2;210;210;210m[38;2;210;210;210m [48;2;188;188;188m[38;2;210;210;210m▅[48;2;210;210;210m[38;2;188;188;188m▅[48;2;210;210;210m[38;2;188;188;188m▃[48;2;210;210;210m[38;2;188;188;188m▂[48;2;210;210;210m[38;2;199;199;199m▂[48;2;210;210;210m[38;2;188;188;188m▂[48;2;210;210;210m[38;2;188;188;188m▁[48;2;210;210;210m[38;2;210;210;210m [48;2;159;159;159m[38;2;210;210;210m▆[48;2;159;159;159m[38;2;210;210;210m▄[48;2;159;159;159m[38;2;210;210;210m▅[48;2;210;210;210m[38;2;188;188;188m▂[48;2;210;210;210m[38;2;188;188;188m▄[48;2;210;210;210m[38;2;188;188;188m▅[48;2;210;210;210m[38;2;188;188;188m▃[48;2;188;188;188m[38;2;159;159;159m▗[48;2;159;159;159m[38;2;159;159;159m [48;2;129;129;129m[38;2;101;101;101m▅[48;2;0;0;0m[38;2;101;101;101m▘[48;2;0;32;58m[38;2;0;64;116m▆[48;2;0;64;116m[38;2;0;64;116m [48;2;0;39;71m[38;2;0;71;71m▅[48;2;0;39;71m[38;2;0;39;71m [48;2;0;39;71m[38;2;0;0;0m▃[48;2;0;39;71m[38;2;0;0;0m▅[48;2;0;71;71m[38;2;0;0;0m▅[48;2;0;39;71m[38;2;0;0;0m▅[48;2;0;39;71m[38;2;0;0;0m▃[48;2;0;71;71m[38;2;0;0;0m▂[48;2;0;71;71m[38;2;0;39;71m▃[48;2;0;71;71m[38;2;0;39;71m▂[48;2;0;71;71m[38;2;0;39;71m▃[48;2;0;71;71m[38;2;0;0;0m▅[48;2;0;39;71m[38;2;0;0;0m▄[48;2;0;71;71m[38;2;0;39;71m▅[48;2;0;71;71m[38;2;0;39;71m▅[48;2;0;39;71m[38;2;0;39;71m [48;2;0;39;71m[38;2;0;0;0m▂[48;2;0;0;0m[38;2;0;0;0m [48;2;129;129;129m[38;2;54;54;54m▌[48;2;129;129;129m[38;2;159;159;159m▝[48;2;159;159;159m[38;2;159;159;159m [48;2;159;159;159m[38;2;129;129;129m▗[48;2;159;159;159m[38;2;129;129;129m▇[48;2;159;159;159m[38;2;101;101;101m▅[48;2;129;129;129m[38;2;101;101;101m▅[48;2;54;54;54m[38;2;101;101;101m▌[48;2;159;159;159m[38;2;129;129;129m▌[48;2;101;101;101m[38;2;0;0;0m▁[48;2;129;129;129m[38;2;0;0;0m▅[48;2;0;0;0m[38;2;0;0;0m [0m
[48;2;116;0;0m[38;2;71;0;0m▌[48;2;116;0;0m[38;2;116;0;0m [48;2;116;0;0m[38;2;116;0;0m [48;2;71;0;0m[38;2;71;0;0m [48;2;54;54;54m[38;2;77;77;77m▗[48;2;54;54;54m[38;2;77;77;77m▃[48;2;54;54;54m[38;2;54;54;54m [48;2;101;101;101m[38;2;101;101;101m [48;2;77;77;77m[38;2;101;101;101m▘[48;2;40;40;40m[38;2;54;54;54m▌[48;2;0;0;0m[38;2;0;0;0m [48;2;0;0;0m[38;2;0;0;0m [48;2;0;0;0m[38;2;0;0;0m [48;2;0;0;0m[38;2;0;0;0m [48;2;0;0;0m[38;2;77;77;77m▗[48;2;0;0;0m[38;2;101;101;101m▆[48;2;0;0;0m[38;2;159;159;159m▆[48;2;0;0;0m[38;2;188;188;188m▅[48;2;0;0;0m[38;2;159;159;159m▃[48;2;0;0;0m[38;2;159;159;159m▁[48;2;101;101;101m[38;2;0;0;0m▅[48;2;159;159;159m[38;2;0;0;0m▂[48;2;188;188;188m[38;2;77;77;77m▁[48;2;188;188;188m[38;2;188;188;188m [48;2;129;129;129m[38;2;0;0;0m▝[48;2;0;0;0m[38;2;0;0;0m [48;2;101;101;101m[38;2;0;0;0m▃[48;2;159;159;159m[38;2;77;77;77m▃[48;2;188;188;188m[38;2;101;101;101m▅[48;2;188;188;188m[38;2;159;159;159m▃[48;2;188;188;188m[38;2;159;159;159m▃[48;2;188;188;188m[38;2;173;173;173m▂[48;2;188;188;188m[38;2;188;188;188m [48;2;188;188;188m[38;2;188;188;188m [48;2;188;188;188m[38;2;188;188;188m [48;2;188;188;188m[38;2;159;159;159m▁[48;2;188;188;188m[38;2;173;173;173m▂[48;2;188;188;188m[38;2;173;173;173m▂[48;2;188;188;188m[38;2;173;173;173m▂[48;2;188;188;188m[38;2;158;158;158m▂[48;2;188;188;188m[38;2;129;129;129m▂[48;2;188;188;188m[38;2;129;129;129m▃[48;2;188;188;188m[38;2;129;129;129m▅[48;2;159;159;159m[38;2;129;129;129m▄[48;2;129;129;129m[38;2;54;54;54m▄[48;2;129;129;129m[38;2;54;54;54m▅[48;2;77;77;77m[38;2;101;101;101m▌[48;2;0;39;71m[38;2;0;0;71m▅[48;2;0;64;116m[38;2;0;39;71m▅[48;2;0;64;116m[38;2;0;64;116m [48;2;0;39;71m[38;2;0;39;71m [48;2;0;0;0m[38;2;0;39;71m▎[48;2;0;0;0m[38;2;0;0;0m [48;2;0;0;0m[38;2;0;0;0m [48;2;0;0;0m[38;2;0;0;0m [48;2;0;0;0m[38;2;0;0;0m [48;2;0;0;0m[38;2;0;0;0m [48;2;0;0;0m[38;2;0;0;0m [48;2;0;0;0m[38;2;0;0;0m [48;2;0;0;0m[38;2;0;0;0m [48;2;0;0;0m[38;2;0;0;0m [48;2;0;0;0m[38;2;0;0;0m [48;2;0;0;0m[38;2;0;0;0m [48;2;0;0;0m[38;2;0;0;0m [48;2;0;0;0m[38;2;0;0;0m [48;2;0;0;0m[38;2;0;0;0m [48;2;0;0;0m[38;2;0;0;0m [48;2;77;77;77m[38;2;0;0;0m▊[48;2;101;101;101m[38;2;54;54;54m▌[48;2;129;129;129m[38;2;101;101;101m▌[48;2;159;159;159m[38;2;129;129;129m▆[48;2;129;129;129m[38;2;101;101;101m▗[48;2;101;101;101m[38;2;101;101;101m [48;2;101;101;101m[38;2;101;101;101m [48;2;77;77;77m[38;2;101;101;101m▘[48;2;77;77;77m[38;2;54;54;54m▗[48;2;101;101;101m[38;2;0;0;0m▃[48;2;0;0;0m[38;2;0;0;0m [48;2;0;0;0m[38;2;0;0;0m [48;2;0;0;0m[38;2;0;0;0m [0m
[48;2;71;0;0m[38;2;71;0;0m [48;2;116;0;0m[38;2;116;0;0m [48;2;71;0;0m[38;2;116;0;0m▌[48;2;71;0;0m[38;2;71;0;0m [48;2;54;54;54m[38;2;0;0;0m▖[48;2;101;101;101m[38;2;77;77;77m▝[48;2;54;54;54m[38;2;54;54;54m [48;2;101;101;101m[38;2;101;101;101m [48;2;101;101;101m[38;2;129;129;129m▆[48;2;54;54;54m[38;2;101;101;101m▅[48;2;40;40;40m[38;2;77;77;77m▖[48;2;0;0;0m[38;2;0;0;0m [48;2;0;0;0m[38;2;0;0;0m [48;2;0;0;0m[38;2;0;0;0m [48;2;0;0;0m[38;2;54;54;54m▝[48;2;101;101;101m[38;2;0;0;0m▖[48;2;159;159;159m[38;2;129;129;129m▅[48;2;188;188;188m[38;2;159;159;159m▌[48;2;210;210;210m[38;2;188;188;188m▃[48;2;210;210;210m[38;2;210;210;210m [48;2;77;77;77m[38;2;188;188;188m▇[48;2;0;0;0m[38;2;188;188;188m▆[48;2;54;54;54m[38;2;159;159;159m▄[48;2;129;129;129m[38;2;159;159;159m▅[48;2;159;159;159m[38;2;159;159;159m [48;2;159;159;159m[38;2;159;159;159m [48;2;0;0;0m[38;2;159;159;159m▄[48;2;0;0;0m[38;2;159;159;159m▁[48;2;54;54;54m[38;2;0;0;0m▅[48;2;54;54;54m[38;2;0;0;0m▅[48;2;101;101;101m[38;2;0;0;0m▃[48;2;101;101;101m[38;2;0;0;0m▂[48;2;129;129;129m[38;2;77;77;77m▃[48;2;159;159;159m[38;2;101;101;101m▅[48;2;129;129;129m[38;2;101;101;101m▃[48;2;129;129;129m[38;2;101;101;101m▄[48;2;129;129;129m[38;2;101;101;101m▃[48;2;129;129;129m[38;2;54;54;54m▂[48;2;129;129;129m[38;2;101;101;101m▃[48;2;129;129;129m[38;2;77;77;77m▁[48;2;129;129;129m[38;2;77;77;77m▂[48;2;101;101;101m[38;2;77;77;77m▂[48;2;101;101;101m[38;2;54;54;54m▄[48;2;54;54;54m[38;2;159;159;159m▂[48;2;54;54;54m[38;2;210;210;210m▅[48;2;188;188;188m[38;2;188;188;188m [48;2;129;129;129m[38;2;188;188;188m▅[48;2;0;0;0m[38;2;129;129;129m▖[48;2;0;39;71m[38;2;0;0;0m▅[48;2;0;39;71m[38;2;0;0;0m▂[48;2;0;71;71m[38;2;0;0;0m▂[48;2;0;0;0m[38;2;0;0;0m [48;2;0;0;0m[38;2;0;0;0m [48;2;0;0;0m[38;2;0;0;0m [48;2;0;0;0m[38;2;0;0;0m [48;2;0;0;0m[38;2;0;0;0m [48;2;0;0;0m[38;2;0;0;0m [48;2;0;0;0m[38;2;0;0;0m [48;2;0;0;0m[38;2;0;0;0m [48;2;0;0;0m[38;2;0;0;0m [48;2;0;0;0m[38;2;0;0;0m [48;2;0;0;0m[38;2;0;0;0m [48;2;0;0;0m[38;2;0;0;0m [48;2;0;0;0m[38;2;0;0;0m [48;2;0;0;0m[38;2;0;0;0m [48;2;0;0;0m[38;2;0;0;0m [48;2;0;0;0m[38;2;0;0;0m [48;2;54;54;54m[38;2;0;0;0m▌[48;2;54;54;54m[38;2;0;0;0m▅[48;2;101;101;101m[38;2;0;0;0m▅[48;2;101;101;101m[38;2;0;0;0m▃[48;2;101;101;101m[38;2;0;0;0m▃[48;2;77;77;77m[38;2;0;0;0m▃[48;2;77;77;77m[38;2;0;0;0m▅[48;2;0;0;0m[38;2;0;0;0m [48;2;0;0;0m[38;2;0;0;0m [48;2;0;0;0m[38;2;129;129;129m▅[48;2;0;0;0m[38;2;101;101;101m▖[48;2;0;0;0m[38;2;0;0;0m [48;2;0;0;127m[38;2;0;0;127m [0m
[48;2;71;0;0m[38;2;71;0;0m [48;2;71;0;0m[38;2;116;0;0m▝[48;2;116;0;0m[38;2;71;0;0m▂[48;2;71;0;0m[38;2;71;0;0m [48;2;0;0;0m[38;2;0;0;0m [48;2;101;101;101m[38;2;0;0;0m▖[48;2;101;101;101m[38;2;40;40;40m▝[48;2;129;129;129m[38;2;54;54;54m▖[48;2;129;129;129m[38;2;129;129;129m [48;2;129;129;129m[38;2;159;159;159m▅[48;2;101;101;101m[38;2;159;159;159m▅[48;2;54;54;54m[38;2;129;129;129m▃[48;2;0;0;0m[38;2;40;40;40m▖[48;2;0;0;0m[38;2;0;0;0m [48;2;0;0;0m[38;2;0;0;0m [48;2;0;0;0m[38;2;0;0;0m [48;2;129;129;129m[38;2;0;0;0m▆[48;2;129;129;129m[38;2;0;0;0m▃[48;2;159;159;159m[38;2;101;101;101m▂[48;2;188;188;188m[38;2;159;159;159m▃[48;2;188;188;188m[38;2;188;188;188m [48;2;188;188;188m[38;2;188;188;188m [48;2;188;188;188m[38;2;188;188;188m [48;2;188;188;188m[38;2;188;188;188m [48;2;188;188;188m[38;2;188;188;188m [48;2;188;188;188m[38;2;188;188;188m [48;2;188;188;188m[38;2;159;159;159m▁[48;2;188;188;188m[38;2;159;159;159m▝[48;2;101;101;101m[38;2;188;188;188m▆[48;2;0;0;0m[38;2;159;159;159m▆[48;2;0;0;0m[38;2;159;159;159m▄[48;2;0;0;0m[38;2;159;159;159m▃[48;2;0;0;0m[38;2;129;129;129m▃[48;2;0;0;0m[38;2;129;129;129m▂[48;2;0;0;0m[38;2;101;101;101m▂[48;2;0;0;0m[38;2;101;101;101m▂[48;2;0;0;0m[38;2;129;129;129m▂[48;2;0;0;0m[38;2;129;129;129m▂[48;2;0;0;0m[38;2;159;159;159m▂[48;2;0;0;0m[38;2;159;159;159m▃[48;2;0;0;0m[38;2;159;159;159m▄[48;2;54;54;54m[38;2;159;159;159m▅[48;2;54;54;54m[38;2;188;188;188m▇[48;2;188;188;188m[38;2;188;188;188m [48;2;188;188;188m[38;2;188;188;188m [48;2;210;210;210m[38;2;188;188;188m▅[48;2;188;188;188m[38;2;210;210;210m▅[48;2;188;188;188m[38;2;188;188;188m [48;2;54;54;54m[38;2;188;188;188m▆[48;2;0;0;0m[38;2;210;210;210m▅[48;2;0;0;0m[38;2;188;188;188m▅[48;2;0;0;0m[38;2;210;210;210m▃[48;2;54;54;54m[38;2;129;129;129m▃[48;2;54;54;54m[38;2;129;129;129m▃[48;2;54;54;54m[38;2;129;129;129m▂[48;2;0;0;0m[38;2;129;129;129m▁[48;2;0;0;0m[38;2;0;0;0m [48;2;0;0;0m[38;2;0;0;0m [48;2;0;0;0m[38;2;0;0;0m [48;2;0;0;0m[38;2;0;0;0m [48;2;0;0;0m[38;2;0;0;0m [48;2;0;0;0m[38;2;0;0;0m [48;2;0;0;0m[38;2;0;0;0m [48;2;0;0;0m[38;2;0;0;0m [48;2;0;0;0m[38;2;0;0;0m [48;2;0;0;0m[38;2;0;0;0m [48;2;0;0;0m[38;2;0;0;0m [48;2;77;77;77m[38;2;0;0;0m▌[48;2;101;101;101m[38;2;77;77;77m▊[48;2;0;0;0m[38;2;129;129;129m▆[48;2;0;0;0m[38;2;101;101;101m▄[48;2;0;0;0m[38;2;0;0;0m [48;2;0;0;0m[38;2;54;54;54m▁[48;2;0;0;0m[38;2;77;77;77m▁[48;2;0;0;0m[38;2;77;77;77m▃[48;2;101;101;101m[38;2;0;0;0m▘[48;2;129;129;129m[38;2;129;129;129m [48;2;54;54;54m[38;2;101;101;101m▌[48;2;0;0;127m[38;2;54;54;54m▌[48;2;0;0;127m[38;2;0;0;127m [0m
[48;2;71;0;0m[38;2;71;0;0m [48;2;71;0;0m[38;2;71;0;0m [48;2;71;0;0m[38;2;71;0;0m [48;2;71;0;0m[38;2;71;0;0m [48;2;19;19;19m[38;2;71;0;0m▌[48;2;77;77;77m[38;2;0;0;0m▌[48;2;159;159;159m[38;2;129;129;129m▌[48;2;54;54;54m[38;2;129;129;129m▖[48;2;159;159;159m[38;2;159;159;159m [48;2;159;159;159m[38;2;188;188;188m▅[48;2;188;188;188m[38;2;210;210;210m▅[48;2;159;159;159m[38;2;188;188;188m▇[48;2;159;159;159m[38;2;54;54;54m▝[48;2;0;0;0m[38;2;54;54;54m▖[48;2;0;0;0m[38;2;0;0;0m [48;2;0;0;0m[38;2;0;0;0m [48;2;0;0;0m[38;2;0;0;0m [48;2;0;0;0m[38;2;0;0;0m [48;2;77;77;77m[38;2;0;0;0m▆[48;2;101;101;101m[38;2;0;0;0m▅[48;2;129;129;129m[38;2;0;0;0m▁[48;2;159;159;159m[38;2;129;129;129m▃[48;2;188;188;188m[38;2;159;159;159m▅[48;2;188;188;188m[38;2;159;159;159m▅[48;2;159;159;159m[38;2;159;159;159m [48;2;159;159;159m[38;2;159;159;159m [48;2;159;159;159m[38;2;159;159;159m [48;2;188;188;188m[38;2;159;159;159m▅[48;2;188;188;188m[38;2;173;173;173m▂[48;2;188;188;188m[38;2;173;173;173m▁[48;2;188;188;188m[38;2;173;173;173m▂[48;2;188;188;188m[38;2;188;188;188m [48;2;159;159;159m[38;2;188;188;188m▅[48;2;159;159;159m[38;2;188;188;188m▄[48;2;159;159;159m[38;2;188;188;188m▅[48;2;159;159;159m[38;2;188;188;188m▅[48;2;159;159;159m[38;2;188;188;188m▄[48;2;159;159;159m[38;2;159;159;159m [48;2;159;159;159m[38;2;159;159;159m [48;2;159;159;159m[38;2;159;159;159m [48;2;159;159;159m[38;2;188;188;188m▗[48;2;159;159;159m[38;2;188;188;188m▖[48;2;159;159;159m[38;2;188;188;188m▁[48;2;188;188;188m[38;2;159;159;159m▘[48;2;188;188;188m[38;2;188;188;188m [48;2;188;188;188m[38;2;210;210;210m▖[48;2;210;210;210m[38;2;210;210;210m [48;2;210;210;210m[38;2;210;210;210m [48;2;210;210;210m[38;2;226;226;226m▂[48;2;210;210;210m[38;2;226;226;226m▃[48;2;210;210;210m[38;2;226;226;226m▅[48;2;210;210;210m[38;2;226;226;226m▅[48;2;210;210;210m[38;2;226;226;226m▖[48;2;129;129;129m[38;2;210;210;210m▆[48;2;129;129;129m[38;2;210;210;210m▅[48;2;129;129;129m[38;2;210;210;210m▆[48;2;188;188;188m[38;2;188;188;188m [48;2;159;159;159m[38;2;101;101;101m▝[48;2;0;0;0m[38;2;101;101;101m▖[48;2;0;0;0m[38;2;0;0;0m [48;2;0;0;0m[38;2;0;0;0m [48;2;54;54;54m[38;2;77;77;77m▃[48;2;54;54;54m[38;2;129;129;129m▃[48;2;0;0;0m[38;2;129;129;129m▃[48;2;0;0;0m[38;2;101;101;101m▄[48;2;0;0;0m[38;2;129;129;129m▄[48;2;54;54;54m[38;2;129;129;129m▄[48;2;101;101;101m[38;2;159;159;159m▅[48;2;129;129;129m[38;2;159;159;159m▂[48;2;129;129;129m[38;2;159;159;159m▅[48;2;129;129;129m[38;2;159;159;159m▅[48;2;101;101;101m[38;2;129;129;129m▅[48;2;101;101;101m[38;2;129;129;129m▅[48;2;101;101;101m[38;2;129;129;129m▅[48;2;129;129;129m[38;2;101;101;101m▘[48;2;129;129;129m[38;2;129;129;129m [48;2;101;101;101m[38;2;129;129;129m▌[48;2;77;77;77m[38;2;65;65;65m┃[48;2;0;0;127m[38;2;0;0;127m [48;2;0;0;127m[38;2;0;0;127m [0m
[48;2;71;0;0m[38;2;71;0;0m [48;2;71;0;0m[38;2;71;0;0m [48;2;71;0;0m[38;2;71;0;0m [48;2;71;0;0m[38;2;71;0;0m [48;2;71;0;0m[38;2;71;0;0m [48;2;54;54;54m[38;2;0;0;0m▊[48;2;159;159;159m[38;2;129;129;129m▌[48;2;159;159;159m[38;2;77;77;77m▝[48;2;129;129;129m[38;2;54;54;54m▌[48;2;188;188;188m[38;2;159;159;159m▖[48;2;210;210;210m[38;2;210;210;210m [48;2;210;210;210m[38;2;210;210;210m [48;2;188;188;188m[38;2;210;210;210m▆[48;2;159;159;159m[38;2;54;54;54m▝[48;2;40;40;40m[38;2;71;0;0m▁[48;2;0;0;0m[38;2;71;0;0m▃[48;2;0;0;0m[38;2;71;0;0m▅[48;2;0;0;0m[38;2;71;0;0m▄[48;2;0;0;0m[38;2;0;0;0m [48;2;0;0;0m[38;2;0;0;0m [48;2;0;0;0m[38;2;71;0;0m▁[48;2;77;77;77m[38;2;0;0;0m▅[48;2;101;101;101m[38;2;0;0;0m▃[48;2;101;101;101m[38;2;77;77;77m▁[48;2;129;129;129m[38;2;101;101;101m▃[48;2;159;159;159m[38;2;129;129;129m▅[48;2;159;159;159m[38;2;129;129;129m▂[48;2;159;159;159m[38;2;129;129;129m▂[48;2;159;159;159m[38;2;159;159;159m [48;2;159;159;159m[38;2;129;129;129m▄[48;2;159;159;159m[38;2;129;129;129m▂[48;2;159;159;159m[38;2;129;129;129m▂[48;2;159;159;159m[38;2;159;159;159m [48;2;188;188;188m[38;2;159;159;159m▄[48;2;188;188;188m[38;2;159;159;159m▅[48;2;188;188;188m[38;2;173;173;173m▂[48;2;188;188;188m[38;2;188;188;188m [48;2;188;188;188m[38;2;188;188;188m [48;2;159;159;159m[38;2;188;188;188m▃[48;2;159;159;159m[38;2;188;188;188m▇[48;2;188;188;188m[38;2;188;188;188m [48;2;188;188;188m[38;2;188;188;188m [48;2;188;188;188m[38;2;188;188;188m [48;2;188;188;188m[38;2;210;210;210m▅[48;2;210;210;210m[38;2;210;210;210m [48;2;210;210;210m[38;2;210;210;210m [48;2;210;210;210m[38;2;210;210;210m [48;2;210;210;210m[38;2;210;210;210m [48;2;226;226;226m[38;2;210;210;210m▅[48;2;226;226;226m[38;2;210;210;210m▃[48;2;226;226;226m[38;2;210;210;210m▃[48;2;226;226;226m[38;2;210;210;210m▃[48;2;226;226;226m[38;2;210;210;210m▄[48;2;226;226;226m[38;2;210;210;210m▅[48;2;210;210;210m[38;2;210;210;210m [48;2;210;210;210m[38;2;210;210;210m [48;2;210;210;210m[38;2;188;188;188m▅[48;2;159;159;159m[38;2;159;159;159m [48;2;0;0;0m[38;2;129;129;129m▌[48;2;0;0;0m[38;2;54;54;54m▗[48;2;54;54;54m[38;2;101;101;101m▄[48;2;101;101;101m[38;2;129;129;129m▅[48;2;159;159;159m[38;2;188;188;188m▇[48;2;188;188;188m[38;2;188;188;188m [48;2;159;159;159m[38;2;188;188;188m▆[48;2;159;159;159m[38;2;210;210;210m▄[48;2;159;159;159m[38;2;188;188;188m▃[48;2;188;188;188m[38;2;159;159;159m▘[48;2;159;159;159m[38;2;188;188;188m▖[48;2;159;159;159m[38;2;159;159;159m [48;2;159;159;159m[38;2;159;159;159m [48;2;159;159;159m[38;2;159;159;159m [48;2;129;129;129m[38;2;159;159;159m▆[48;2;129;129;129m[38;2;159;159;159m▖[48;2;129;129;129m[38;2;129;129;129m [48;2;129;129;129m[38;2;101;101;101m▗[48;2;77;77;77m[38;2;0;0;0m▗[48;2;0;0;127m[38;2;0;0;0m▊[48;2;0;0;127m[38;2;0;0;127m [48;2;0;0;127m[38;2;0;0;127m [0m
[48;2;71;0;0m[38;2;71;0;0m [48;2;71;0;0m[38;2;71;0;0m [48;2;71;0;0m[38;2;71;0;0m [48;2;71;0;0m[38;2;71;0;0m [48;2;71;0;0m[38;2;71;0;0m [48;2;0;0;0m[38;2;71;0;0m▌[48;2;101;101;101m[38;2;0;0;0m▖[48;2;159;159;159m[38;2;159;159;159m [48;2;129;129;129m[38;2;54;54;54m▝[48;2;129;129;129m[38;2;77;77;77m▅[48;2;188;188;188m[38;2;129;129;129m▃[48;2;210;210;210m[38;2;210;210;210m [48;2;210;210;210m[38;2;129;129;129m▃[48;2;159;159;159m[38;2;71;0;0m▅[48;2;71;0;0m[38;2;181;0;107m▅[48;2;71;0;0m[38;2;181;0;107m▅[48;2;181;0;107m[38;2;255;148;211m▂[48;2;181;0;107m[38;2;255;148;211m▁[48;2;71;0;0m[38;2;255;89;89m▄[48;2;0;0;0m[38;2;71;0;0m▄[48;2;0;0;0m[38;2;0;0;0m [48;2;71;0;42m[38;2;71;0;42m [48;2;0;0;0m[38;2;116;0;69m▄[48;2;0;0;0m[38;2;71;0;42m▁[48;2;101;101;101m[38;2;0;0;0m▅[48;2;101;101;101m[38;2;0;0;0m▅[48;2;101;101;101m[38;2;101;101;101m [48;2;101;101;101m[38;2;129;129;129m▝[48;2;159;159;159m[38;2;129;129;129m▊[48;2;159;159;159m[38;2;129;129;129m▂[48;2;159;159;159m[38;2;159;159;159m [48;2;159;159;159m[38;2;129;129;129m▝[48;2;129;129;129m[38;2;159;159;159m▖[48;2;159;159;159m[38;2;129;129;129m▇[48;2;159;159;159m[38;2;129;129;129m▄[48;2;159;159;159m[38;2;159;159;159m [48;2;159;159;159m[38;2;159;159;159m [48;2;159;159;159m[38;2;188;188;188m▝[48;2;188;188;188m[38;2;159;159;159m▅[48;2;188;188;188m[38;2;159;159;159m▇[48;2;159;159;159m[38;2;159;159;159m [48;2;188;188;188m[38;2;159;159;159m▆[48;2;188;188;188m[38;2;173;173;173m▂[48;2;188;188;188m[38;2;188;188;188m [48;2;210;210;210m[38;2;188;188;188m▆[48;2;210;210;210m[38;2;188;188;188m▃[48;2;210;210;210m[38;2;188;188;188m▂[48;2;210;210;210m[38;2;210;210;210m [48;2;210;210;210m[38;2;210;210;210m [48;2;210;210;210m[38;2;188;188;188m▁[48;2;210;210;210m[38;2;188;188;188m▂[48;2;210;210;210m[38;2;210;210;210m [48;2;210;210;210m[38;2;210;210;210m [48;2;210;210;210m[38;2;210;210;210m [48;2;210;210;210m[38;2;210;210;210m [48;2;188;188;188m[38;2;188;188;188m [48;2;188;188;188m[38;2;188;188;188m [48;2;159;159;159m[38;2;159;159;159m [48;2;101;101;101m[38;2;129;129;129m▌[48;2;101;101;101m[38;2;54;54;54m▌[48;2;129;129;129m[38;2;101;101;101m▌[48;2;159;159;159m[38;2;129;129;129m▖[48;2;188;188;188m[38;2;159;159;159m▁[48;2;188;188;188m[38;2;188;188;188m [48;2;210;210;210m[38;2;188;188;188m▅[48;2;210;210;210m[38;2;188;188;188m▄[48;2;210;210;210m[38;2;188;188;188m▅[48;2;188;188;188m[38;2;188;188;188m [48;2;188;188;188m[38;2;159;159;159m▗[48;2;159;159;159m[38;2;159;159;159m [48;2;159;159;159m[38;2;159;159;159m [48;2;159;159;159m[38;2;159;159;159m [48;2;159;159;159m[38;2;159;159;159m [48;2;129;129;129m[38;2;129;129;129m [48;2;101;101;101m[38;2;129;129;129m▘[48;2;101;101;101m[38;2;54;54;54m▂[48;2;0;0;0m[38;2;0;0;0m [48;2;0;0;127m[38;2;0;0;0m▊[48;2;0;0;127m[38;2;0;0;127m [48;2;0;0;127m[38;2;0;0;127m [0m
[48;2;116;0;0m[38;2;71;0;0m▝[48;2;71;0;0m[38;2;116;0;0m▂[48;2;116;0;0m[38;2;116;0;0m [48;2;116;58;0m[38;2;116;0;0m▊[48;2;116;58;0m[38;2;116;58;0m [48;2;71;0;0m[38;2;71;0;0m [48;2;54;54;54m[38;2;0;0;0m▊[48;2;129;129;129m[38;2;101;101;101m▌[48;2;159;159;159m[38;2;159;159;159m [48;2;101;101;101m[38;2;129;129;129m▌[48;2;101;101;101m[38;2;129;129;129m▁[48;2;129;129;129m[38;2;71;0;0m▅[48;2;71;0;0m[38;2;181;0;107m▄[48;2;181;0;107m[38;2;255;148;211m▁[48;2;181;0;107m[38;2;255;148;211m▄[48;2;255;148;211m[38;2;255;148;211m [48;2;255;89;89m[38;2;181;0;107m▃[48;2;181;0;107m[38;2;181;0;107m [48;2;181;0;107m[38;2;181;0;107m [48;2;181;0;107m[38;2;255;89;89m▆[48;2;116;0;69m[38;2;181;0;107m▄[48;2;0;0;0m[38;2;71;0;42m▖[48;2;71;0;42m[38;2;0;0;0m▃[48;2;93;0;55m[38;2;116;0;69m▇[48;2;71;0;42m[38;2;116;0;69m▅[48;2;0;0;0m[38;2;116;0;69m▂[48;2;0;0;0m[38;2;0;0;0m [48;2;101;101;101m[38;2;0;0;0m▅[48;2;101;101;101m[38;2;0;0;0m▄[48;2;101;101;101m[38;2;50;50;50m▂[48;2;129;129;129m[38;2;77;77;77m▃[48;2;159;159;159m[38;2;101;101;101m▅[48;2;159;159;159m[38;2;129;129;129m▅[48;2;129;129;129m[38;2;129;129;129m [48;2;129;129;129m[38;2;129;129;129m [48;2;129;129;129m[38;2;129;129;129m [48;2;159;159;159m[38;2;129;129;129m▇[48;2;159;159;159m[38;2;129;129;129m▆[48;2;144;144;144m[38;2;129;129;129m▇[48;2;159;159;159m[38;2;129;129;129m▇[48;2;159;159;159m[38;2;129;129;129m▅[48;2;159;159;159m[38;2;144;144;144m▂[48;2;159;159;159m[38;2;159;159;159m [48;2;188;188;188m[38;2;159;159;159m▇[48;2;188;188;188m[38;2;159;159;159m▆[48;2;188;188;188m[38;2;159;159;159m▅[48;2;188;188;188m[38;2;159;159;159m▄[48;2;188;188;188m[38;2;159;159;159m▄[48;2;188;188;188m[38;2;159;159;159m▅[48;2;188;188;188m[38;2;159;159;159m▇[48;2;188;188;188m[38;2;159;159;159m▇[48;2;188;188;188m[38;2;159;159;159m▅[48;2;188;188;188m[38;2;159;159;159m▃[48;2;188;188;188m[38;2;159;159;159m▅[48;2;188;188;188m[38;2;159;159;159m▅[48;2;188;188;188m[38;2;159;159;159m▅[48;2;159;159;159m[38;2;129;129;129m▁[48;2;129;129;129m[38;2;129;129;129m [48;2;54;54;54m[38;2;101;101;101m▌[48;2;77;77;77m[38;2;40;40;40m▌[48;2;101;101;101m[38;2;77;77;77m▁[48;2;129;129;129m[38;2;129;129;129m [48;2;159;159;159m[38;2;129;129;129m▃[48;2;159;159;159m[38;2;144;144;144m▂[48;2;188;188;188m[38;2;159;159;159m▆[48;2;188;188;188m[38;2;159;159;159m▃[48;2;188;188;188m[38;2;159;159;159m▄[48;2;188;188;188m[38;2;159;159;159m▅[48;2;159;159;159m[38;2;159;159;159m [48;2;159;159;159m[38;2;144;144;144m▂[48;2;159;159;159m[38;2;129;129;129m▄[48;2;159;159;159m[38;2;129;129;129m▄[48;2;159;159;159m[38;2;129;129;129m▇[48;2;129;129;129m[38;2;101;101;101m▗[48;2;101;101;101m[38;2;0;0;0m▗[48;2;0;0;0m[38;2;0;0;0m [48;2;0;0;0m[38;2;0;0;0m [48;2;0;0;127m[38;2;0;0;0m▌[48;2;0;0;127m[38;2;0;0;127m [48;2;0;0;127m[38;2;0;0;127m [0m
[48;2;116;0;0m[38;2;116;58;0m▖[48;2;116;0;0m[38;2;116;0;0m [48;2;116;0;0m[38;2;116;58;0m▆[48;2;116;58;0m[38;2;116;58;0m [48;2;116;58;0m[38;2;116;58;0m [48;2;71;0;42m[38;2;77;77;77m▆[48;2;0;0;0m[38;2;71;0;42m▎[48;2;101;101;101m[38;2;54;54;54m▌[48;2;129;129;129m[38;2;101;101;101m▁[48;2;129;129;129m[38;2;116;0;69m▅[48;2;116;0;69m[38;2;116;0;69m [48;2;116;0;69m[38;2;181;0;107m▄[48;2;255;148;211m[38;2;181;0;107m▘[48;2;255;148;211m[38;2;255;89;89m▃[48;2;255;148;211m[38;2;255;89;89m▅[48;2;255;89;89m[38;2;181;0;107m▄[48;2;181;0;107m[38;2;255;89;89m▚[48;2;255;156;156m[38;2;255;89;89m▘[48;2;255;148;211m[38;2;181;0;107m▅[48;2;181;0;107m[38;2;181;0;107m [48;2;181;0;107m[38;2;255;89;89m▝[48;2;181;0;107m[38;2;116;0;69m▝[48;2;0;0;0m[38;2;71;0;0m▄[48;2;71;0;0m[38;2;0;0;0m▆[48;2;116;0;69m[38;2;71;0;42m▃[48;2;116;0;69m[38;2;116;0;69m [48;2;116;0;69m[38;2;116;0;69m [48;2;0;0;0m[38;2;116;0;69m▅[48;2;0;0;0m[38;2;116;0;69m▃[48;2;0;0;0m[38;2;0;0;0m [48;2;0;0;0m[38;2;0;0;0m [48;2;77;77;77m[38;2;0;0;0m▆[48;2;77;77;77m[38;2;0;0;0m▅[48;2;101;101;101m[38;2;0;0;0m▃[48;2;101;101;101m[38;2;0;0;0m▂[48;2;101;101;101m[38;2;0;0;0m▁[48;2;101;101;101m[38;2;77;77;77m▂[48;2;101;101;101m[38;2;54;54;54m▂[48;2;101;101;101m[38;2;54;54;54m▂[48;2;101;101;101m[38;2;77;77;77m▂[48;2;129;129;129m[38;2;101;101;101m▅[48;2;129;129;129m[38;2;129;129;129m [48;2;129;129;129m[38;2;129;129;129m [48;2;159;159;159m[38;2;129;129;129m▅[48;2;129;129;129m[38;2;129;129;129m [48;2;159;159;159m[38;2;129;129;129m▅[48;2;159;159;159m[38;2;129;129;129m▖[48;2;159;159;159m[38;2;129;129;129m▁[48;2;159;159;159m[38;2;129;129;129m▂[48;2;159;159;159m[38;2;144;144;144m▂[48;2;159;159;159m[38;2;129;129;129m▁[48;2;159;159;159m[38;2;144;144;144m▂[48;2;159;159;159m[38;2;129;129;129m▄[48;2;129;129;129m[38;2;101;101;101m▁[48;2;129;129;129m[38;2;101;101;101m▂[48;2;129;129;129m[38;2;101;101;101m▃[48;2;129;129;129m[38;2;101;101;101m▅[48;2;77;77;77m[38;2;0;0;0m▗[48;2;0;0;0m[38;2;0;0;0m [48;2;0;0;0m[38;2;77;77;77m▝[48;2;77;77;77m[38;2;77;77;77m [48;2;101;101;101m[38;2;101;101;101m [48;2;129;129;129m[38;2;101;101;101m▃[48;2;129;129;129m[38;2;101;101;101m▂[48;2;129;129;129m[38;2;115;115;115m▂[48;2;129;129;129m[38;2;115;115;115m▂[48;2;129;129;129m[38;2;115;115;115m▁[48;2;129;129;129m[38;2;129;129;129m [48;2;129;129;129m[38;2;129;129;129m [48;2;129;129;129m[38;2;115;115;115m▁[48;2;129;129;129m[38;2;115;115;115m▂[48;2;129;129;129m[38;2;101;101;101m▅[48;2;101;101;101m[38;2;54;54;54m▂[48;2;77;77;77m[38;2;0;0;0m▃[48;2;0;0;0m[38;2;0;0;0m [48;2;0;0;0m[38;2;0;0;0m [48;2;0;0;0m[38;2;0;0;0m [48;2;0;0;127m[38;2;0;0;127m [48;2;0;0;127m[38;2;0;0;127m [48;2;0;0;127m[38;2;0;0;127m [0m
[48;2;116;58;0m[38;2;116;58;0m [48;2;116;58;0m[38;2;116;58;0m [48;2;116;58;0m[38;2;116;58;0m [48;2;116;58;0m[38;2;116;58;0m [48;2;116;58;0m[38;2;101;101;101m▄[48;2;77;77;77m[38;2;101;101;101m▌[48;2;0;0;0m[38;2;77;77;77m▌[48;2;71;0;0m[38;2;71;0;0m [48;2;71;0;0m[38;2;116;0;69m▄[48;2;116;0;69m[38;2;181;0;107m▂[48;2;181;0;107m[38;2;116;0;69m▘[48;2;181;0;107m[38;2;255;89;89m▝[48;2;255;89;89m[38;2;181;0;107m▃[48;2;255;89;89m[38;2;181;0;107m▇[48;2;181;0;107m[38;2;181;0;107m [48;2;181;0;107m[38;2;181;0;107m [48;2;255;156;156m[38;2;181;0;107m▅[48;2;181;0;107m[38;2;181;0;107m [48;2;181;0;107m[38;2;181;0;107m [48;2;181;0;107m[38;2;181;0;107m [48;2;181;0;107m[38;2;181;0;107m [48;2;181;0;107m[38;2;116;0;69m▅[48;2;71;0;0m[38;2;71;0;0m [48;2;0;0;0m[38;2;71;0;42m▎[48;2;0;0;0m[38;2;71;33;0m▃[48;2;71;0;0m[38;2;71;0;0m [48;2;116;0;69m[38;2;71;0;0m▅[48;2;116;0;69m[38;2;71;0;42m▅[48;2;116;0;69m[38;2;71;0;42m▃[48;2;116;0;69m[38;2;116;0;69m [48;2;71;0;42m[38;2;116;0;69m▇[48;2;0;0;0m[38;2;116;0;69m▄[48;2;0;0;0m[38;2;116;0;69m▂[48;2;0;0;0m[38;2;116;0;69m▁[48;2;0;0;0m[38;2;71;0;42m▁[48;2;0;0;0m[38;2;0;0;0m [48;2;0;0;0m[38;2;0;0;0m [48;2;0;0;0m[38;2;0;0;0m [48;2;0;0;0m[38;2;0;0;0m [48;2;0;0;0m[38;2;0;0;0m [48;2;54;54;54m[38;2;0;0;0m▆[48;2;77;77;77m[38;2;0;0;0m▅[48;2;77;77;77m[38;2;0;0;0m▃[48;2;101;101;101m[38;2;54;54;54m▅[48;2;101;101;101m[38;2;54;54;54m▃[48;2;101;101;101m[38;2;54;54;54m▂[48;2;101;101;101m[38;2;101;101;101m [48;2;101;101;101m[38;2;77;77;77m▂[48;2;129;129;129m[38;2;77;77;77m▂[48;2;129;129;129m[38;2;77;77;77m▂[48;2;129;129;129m[38;2;77;77;77m▂[48;2;129;129;129m[38;2;77;77;77m▃[48;2;129;129;129m[38;2;77;77;77m▃[48;2;101;101;101m[38;2;54;54;54m▅[48;2;77;77;77m[38;2;0;0;0m▃[48;2;77;77;77m[38;2;0;0;0m▄[48;2;77;77;77m[38;2;0;0;0m▄[48;2;0;0;0m[38;2;54;54;54m▘[48;2;0;0;0m[38;2;0;0;0m [48;2;0;0;0m[38;2;0;0;0m [48;2;54;54;54m[38;2;0;0;0m▁[48;2;77;77;77m[38;2;54;54;54m▅[48;2;77;77;77m[38;2;54;54;54m▃[48;2;77;77;77m[38;2;54;54;54m▅[48;2;101;101;101m[38;2;54;54;54m▃[48;2;101;101;101m[38;2;54;54;54m▃[48;2;101;101;101m[38;2;77;77;77m▄[48;2;101;101;101m[38;2;77;77;77m▄[48;2;101;101;101m[38;2;77;77;77m▃[48;2;101;101;101m[38;2;54;54;54m▃[48;2;77;77;77m[38;2;0;0;0m▃[48;2;77;77;77m[38;2;0;0;0m▅[48;2;0;0;0m[38;2;0;0;0m [48;2;0;0;0m[38;2;0;0;0m [48;2;0;0;0m[38;2;0;0;0m [48;2;0;0;0m[38;2;54;54;54m▂[48;2;77;77;77m[38;2;0;0;0m▘[48;2;0;0;127m[38;2;0;0;127m [48;2;0;0;127m[38;2;0;0;127m [48;2;0;0;127m[38;2;0;0;127m [0m
[48;2;116;58;0m[38;2;181;99;0m▃[48;2;116;58;0m[38;2;116;58;0m [48;2;116;58;0m[38;2;181;99;0m▂[48;2;116;58;0m[38;2;116;58;0m [48;2;101;101;101m[38;2;116;58;0m▅[48;2;101;101;101m[38;2;101;101;101m [48;2;77;77;77m[38;2;101;101;101m▌[48;2;116;0;69m[38;2;71;0;0m▌[48;2;181;0;107m[38;2;116;0;69m▌[48;2;181;0;107m[38;2;181;0;107m [48;2;181;0;107m[38;2;181;0;107m [48;2;181;0;107m[38;2;181;0;107m [48;2;181;0;107m[38;2;116;0;69m▗[48;2;116;0;69m[38;2;181;0;107m▘[48;2;116;0;69m[38;2;181;0;107m▗[48;2;181;0;107m[38;2;181;0;107m [48;2;181;0;107m[38;2;181;0;107m [48;2;181;0;107m[38;2;181;0;107m [48;2;181;0;107m[38;2;116;0;69m▃[48;2;181;0;107m[38;2;116;0;69m▃[48;2;116;0;69m[38;2;71;0;0m▅[48;2;116;0;69m[38;2;0;0;0m▅[48;2;0;0;0m[38;2;77;77;77m▗[48;2;116;58;0m[38;2;116;58;0m [48;2;116;58;0m[38;2;181;99;0m▄[48;2;116;58;0m[38;2;116;58;0m [48;2;71;0;0m[38;2;71;33;0m▌[48;2;0;0;0m[38;2;0;0;0m [48;2;71;0;0m[38;2;0;0;0m▃[48;2;71;0;42m[38;2;0;0;0m▅[48;2;71;0;42m[38;2;71;0;0m▅[48;2;116;0;69m[38;2;71;0;42m▅[48;2;116;0;69m[38;2;71;0;42m▅[48;2;116;0;69m[38;2;71;0;42m▅[48;2;116;0;69m[38;2;71;0;42m▂[48;2;0;0;0m[38;2;71;0;42m▅[48;2;0;0;0m[38;2;71;0;42m▄[48;2;0;0;0m[38;2;0;0;0m [48;2;0;0;0m[38;2;71;0;42m▃[48;2;0;0;0m[38;2;19;19;19m▁[48;2;0;0;0m[38;2;71;0;42m▁[48;2;0;0;0m[38;2;0;0;0m [48;2;0;0;0m[38;2;0;0;0m [48;2;0;0;0m[38;2;0;0;0m [48;2;0;0;0m[38;2;0;0;0m [48;2;0;0;0m[38;2;0;0;0m [48;2;54;54;54m[38;2;0;0;0m▆[48;2;54;54;54m[38;2;0;0;0m▆[48;2;54;54;54m[38;2;0;0;0m▅[48;2;54;54;54m[38;2;0;0;0m▆[48;2;54;54;54m[38;2;0;0;0m▆[48;2;0;0;0m[38;2;0;0;0m [48;2;0;0;0m[38;2;0;0;0m [48;2;0;0;0m[38;2;0;0;0m [48;2;0;0;0m[38;2;0;0;0m [48;2;0;0;0m[38;2;0;0;0m [48;2;0;0;0m[38;2;0;0;0m [48;2;0;0;0m[38;2;0;0;0m [48;2;0;0;0m[38;2;0;0;0m [48;2;0;0;0m[38;2;0;0;0m [48;2;0;0;0m[38;2;0;0;0m [48;2;0;0;0m[38;2;0;0;0m [48;2;0;0;0m[38;2;0;0;0m [48;2;0;0;0m[38;2;0;0;0m [48;2;0;0;0m[38;2;0;0;0m [48;2;0;0;0m[38;2;0;0;0m [48;2;0;0;0m[38;2;0;0;0m [48;2;0;0;0m[38;2;0;0;0m [48;2;0;0;0m[38;2;0;0;0m [48;2;0;0;0m[38;2;0;0;0m [48;2;0;0;0m[38;2;0;0;0m [48;2;0;0;0m[38;2;0;0;0m [48;2;0;0;0m[38;2;0;0;0m [48;2;0;0;0m[38;2;0;0;0m [48;2;0;0;0m[38;2;71;0;0m▄[48;2;77;77;77m[38;2;0;0;0m▌[48;2;77;77;77m[38;2;101;101;101m▌[48;2;0;0;127m[38;2;0;0;127m [48;2;0;0;127m[38;2;0;0;127m [48;2;0;0;127m[38;2;0;0;127m [0m
[48;2;181;99;0m[38;2;181;99;0m [48;2;181;99;0m[38;2;181;99;0m [48;2;181;99;0m[38;2;181;99;0m [48;2;181;99;0m[38;2;101;101;101m▆[48;2;101;101;101m[38;2;129;129;129m▅[48;2;129;129;129m[38;2;129;129;129m [48;2;77;77;77m[38;2;116;0;69m▅[48;2;181;0;107m[38;2;116;0;69m▊[48;2;181;0;107m[38;2;181;0;107m [48;2;181;0;107m[38;2;181;0;107m [48;2;181;0;107m[38;2;181;0;107m [48;2;181;0;107m[38;2;116;0;69m▗[48;2;116;0;69m[38;2;116;0;69m [48;2;116;0;69m[38;2;71;0;42m▅[48;2;181;0;107m[38;2;116;0;69m▘[48;2;181;0;107m[38;2;181;0;107m [48;2;181;0;107m[38;2;181;0;107m [48;2;181;0;107m[38;2;116;0;69m▅[48;2;116;0;69m[38;2;116;0;69m [48;2;116;0;69m[38;2;71;0;0m▂[48;2;71;0;0m[38;2;116;0;69m▄[48;2;71;0;42m[38;2;255;89;89m▆[48;2;77;77;77m[38;2;0;0;0m┃[48;2;101;101;101m[38;2;71;33;0m▂[48;2;129;129;129m[38;2;101;101;101m▄[48;2;116;58;0m[38;2;101;101;101m▗[48;2;116;58;0m[38;2;101;101;101m▖[48;2;0;0;0m[38;2;71;33;0m▗[48;2;71;0;0m[38;2;116;58;0m▅[48;2;71;0;0m[38;2;116;58;0m▃[48;2;71;33;0m[38;2;116;0;0m▃[48;2;71;0;0m[38;2;116;58;0m▖[48;2;0;0;0m[38;2;0;0;0m [48;2;71;0;42m[38;2;0;0;0m▆[48;2;0;0;0m[38;2;71;0;0m▗[48;2;71;0;0m[38;2;71;33;0m▄[48;2;71;0;0m[38;2;71;33;0m▄[48;2;0;0;0m[38;2;71;0;0m▖[48;2;0;0;0m[38;2;0;0;0m [48;2;0;0;0m[38;2;9;9;9m [48;2;71;0;42m[38;2;0;0;0m▇[48;2;71;0;42m[38;2;0;0;0m▇[48;2;0;0;0m[38;2;0;0;0m [48;2;0;0;0m[38;2;0;0;0m [48;2;0;0;0m[38;2;0;0;0m [48;2;0;0;0m[38;2;0;0;0m [48;2;0;0;0m[38;2;0;0;0m [48;2;0;0;0m[38;2;0;0;0m [48;2;0;0;0m[38;2;0;0;0m [48;2;0;0;0m[38;2;0;0;0m [48;2;0;0;0m[38;2;0;0;0m [48;2;0;0;0m[38;2;0;0;0m [48;2;0;0;0m[38;2;0;0;0m [48;2;0;0;0m[38;2;0;0;0m [48;2;0;0;0m[38;2;0;0;0m [48;2;0;0;0m[38;2;0;0;0m [48;2;0;0;0m[38;2;0;0;0m [48;2;0;0;0m[38;2;71;0;42m▃[48;2;0;0;0m[38;2;71;0;42m▃[48;2;0;0;0m[38;2;71;0;42m▁[48;2;0;0;0m[38;2;0;0;0m [48;2;0;0;0m[38;2;0;0;0m [48;2;0;0;0m[38;2;0;0;0m [48;2;0;0;0m[38;2;0;0;0m [48;2;0;0;0m[38;2;0;0;0m [48;2;0;0;0m[38;2;0;0;0m [48;2;0;0;0m[38;2;0;0;0m [48;2;0;0;0m[38;2;0;0;0m [48;2;0;0;0m[38;2;0;0;0m [48;2;0;0;0m[38;2;0;0;0m [48;2;0;0;0m[38;2;0;0;0m [48;2;0;0;0m[38;2;0;0;0m [48;2;0;0;0m[38;2;0;0;0m [48;2;71;0;0m[38;2;0;0;0m▊[48;2;71;0;42m[38;2;71;0;0m▌[48;2;101;101;101m[38;2;0;0;0m▊[48;2;54;54;54m[38;2;101;101;101m▎[48;2;0;0;127m[38;2;0;0;127m [48;2;0;0;127m[38;2;0;0;127m [48;2;0;0;127m[38;2;0;0;127m [0m
[48;2;181;99;0m[38;2;181;99;0m [48;2;181;99;0m[38;2;129;129;129m▃[48;2;129;129;129m[38;2;129;129;129m [48;2;129;129;129m[38;2;129;129;129m [48;2;129;129;129m[38;2;129;129;129m [48;2;129;129;129m[38;2;159;159;159m▗[48;2;116;0;69m[38;2;71;0;42m▌[48;2;181;0;107m[38;2;148;0;88m▌[48;2;181;0;107m[38;2;181;0;107m [48;2;181;0;107m[38;2;181;0;107m [48;2;181;0;107m[38;2;116;0;69m▗[48;2;116;0;69m[38;2;116;0;69m [48;2;71;0;42m[38;2;116;0;69m▘[48;2;71;0;42m[38;2;181;0;107m▗[48;2;181;0;107m[38;2;181;0;107m [48;2;181;0;107m[38;2;181;0;107m [48;2;116;0;69m[38;2;181;0;107m▎[48;2;116;0;69m[38;2;181;0;107m▘[48;2;116;0;69m[38;2;0;0;0m▗[48;2;71;0;42m[38;2;0;0;0m▌[48;2;116;0;69m[38;2;116;0;69m [48;2;116;0;69m[38;2;181;0;107m▝[48;2;255;89;89m[38;2;255;89;89m [48;2;71;0;42m[38;2;255;89;89m▃[48;2;0;0;0m[38;2;101;101;101m▃[48;2;101;101;101m[38;2;0;0;0m▅[48;2;101;101;101m[38;2;0;0;0m▄[48;2;101;101;101m[38;2;0;0;0m▌[48;2;116;58;0m[38;2;129;129;129m▆[48;2;116;58;0m[38;2;181;99;0m▝[48;2;116;58;0m[38;2;181;99;0m▘[48;2;71;33;0m[38;2;116;58;0m▌[48;2;0;0;0m[38;2;71;0;0m▎[48;2;71;0;0m[38;2;0;0;0m▊[48;2;71;33;0m[38;2;116;58;0m▗[48;2;116;58;0m[38;2;116;58;0m [48;2;116;58;0m[38;2;108;79;50m▂[48;2;116;58;0m[38;2;116;58;0m [48;2;71;0;0m[38;2;116;58;0m▖[48;2;71;0;0m[38;2;0;0;0m▌[48;2;71;0;0m[38;2;71;0;0m [48;2;0;0;0m[38;2;0;0;0m [48;2;71;0;0m[38;2;0;0;0m▅[48;2;0;0;0m[38;2;0;0;0m [48;2;0;0;0m[38;2;0;0;0m [48;2;0;0;0m[38;2;0;0;0m [48;2;0;0;0m[38;2;0;0;0m [48;2;0;0;0m[38;2;0;0;0m [48;2;0;0;0m[38;2;0;0;0m [48;2;0;0;0m[38;2;0;0;0m [48;2;0;0;0m[38;2;0;0;0m [48;2;0;0;0m[38;2;0;0;0m [48;2;0;0;0m[38;2;0;0;0m [48;2;0;0;0m[38;2;0;0;0m [48;2;0;0;0m[38;2;0;0;0m [48;2;0;0;0m[38;2;0;0;0m [48;2;0;0;0m[38;2;71;0;0m▅[48;2;71;0;42m[38;2;116;0;69m╺[48;2;116;0;69m[38;2;93;0;55m▂[48;2;71;0;42m[38;2;116;0;69m╸[48;2;0;0;0m[38;2;71;0;42m▃[48;2;0;0;0m[38;2;0;0;0m [48;2;0;0;0m[38;2;0;0;0m [48;2;0;0;0m[38;2;0;0;0m [48;2;0;0;0m[38;2;0;0;0m [48;2;0;0;0m[38;2;0;0;0m [48;2;0;0;0m[38;2;0;0;0m [48;2;0;0;0m[38;2;0;0;0m [48;2;0;0;0m[38;2;0;0;0m [48;2;0;0;0m[38;2;0;0;0m [48;2;0;0;0m[38;2;0;0;0m [48;2;0;0;0m[38;2;0;0;0m [48;2;0;0;0m[38;2;71;0;0m▗[48;2;71;0;0m[38;2;71;0;0m [48;2;77;77;77m[38;2;71;0;0m▌[48;2;101;101;101m[38;2;54;54;54m▗[48;2;0;0;127m[38;2;0;0;0m▊[48;2;0;0;127m[38;2;0;0;127m [48;2;0;0;127m[38;2;0;0;127m [48;2;0;0;127m[38;2;0;0;127m [0m
[48;2;181;99;0m[38;2;129;129;129m▗[48;2;129;129;129m[38;2;129;129;129m [48;2;129;129;129m[38;2;129;129;129m [48;2;129;129;129m[38;2;159;159;159m▂[48;2;129;129;129m[38;2;159;159;159m▅[48;2;129;129;129m[38;2;159;159;159m▌[48;2;116;0;69m[38;2;19;19;19m▌[48;2;116;0;69m[38;2;181;0;107m▝[48;2;181;0;107m[38;2;181;0;107m [48;2;181;0;107m[38;2;116;0;69m▂[48;2;116;0;69m[38;2;116;0;69m [48;2;71;0;42m[38;2;116;0;69m▌[48;2;116;0;69m[38;2;71;0;42m▌[48;2;181;0;107m[38;2;181;0;107m [48;2;181;0;107m[38;2;181;0;107m [48;2;181;0;107m[38;2;181;0;107m [48;2;116;0;69m[38;2;181;0;107m▌[48;2;116;0;69m[38;2;0;0;0m▗[48;2;0;0;0m[38;2;0;0;0m [48;2;54;54;54m[38;2;101;101;101m▅[48;2;71;0;42m[38;2;77;77;77m▖[48;2;116;0;69m[38;2;71;0;0m▂[48;2;116;0;69m[38;2;116;0;69m [48;2;255;89;89m[38;2;116;0;69m▅[48;2;255;89;89m[38;2;255;89;89m [48;2;255;89;89m[38;2;101;101;101m▝[48;2;0;0;0m[38;2;101;101;101m▖[48;2;0;0;0m[38;2;0;0;0m [48;2;129;129;129m[38;2;0;0;0m▂[48;2;129;129;129m[38;2;101;101;101m▁[48;2;77;77;77m[38;2;101;101;101m▌[48;2;19;19;19m[38;2;71;33;0m▌[48;2;0;0;0m[38;2;0;0;0m [48;2;54;54;54m[38;2;0;0;0m▌[48;2;101;101;101m[38;2;116;58;0m▌[48;2;116;58;0m[38;2;101;101;101m▃[48;2;101;101;101m[38;2;116;58;0m▄[48;2;116;58;0m[38;2;101;101;101m▘[48;2;71;33;0m[38;2;116;58;0m▌[48;2;0;0;0m[38;2;0;0;0m [48;2;0;0;0m[38;2;71;0;0m▁[48;2;0;0;0m[38;2;71;33;0m▂[48;2;0;0;0m[38;2;71;33;0m▂[48;2;0;0;0m[38;2;71;0;0m▂[48;2;0;0;0m[38;2;0;0;0m [48;2;0;0;0m[38;2;0;0;0m [48;2;0;0;0m[38;2;0;0;0m [48;2;0;0;0m[38;2;0;0;0m [48;2;0;0;0m[38;2;0;0;0m [48;2;0;0;0m[38;2;0;0;0m [48;2;0;0;0m[38;2;0;0;0m [48;2;0;0;0m[38;2;0;0;0m [48;2;0;0;0m[38;2;0;0;0m [48;2;0;0;0m[38;2;0;0;0m [48;2;71;0;0m[38;2;0;0;0m▂[48;2;71;0;0m[38;2;0;0;0m▂[48;2;71;0;0m[38;2;0;0;0m▂[48;2;71;0;42m[38;2;0;0;0m▃[48;2;71;0;42m[38;2;0;0;0m▃[48;2;71;0;42m[38;2;0;0;0m▂[48;2;71;0;42m[38;2;71;0;42m [48;2;0;0;0m[38;2;0;0;0m [48;2;0;0;0m[38;2;0;0;0m [48;2;0;0;0m[38;2;0;0;0m [48;2;0;0;0m[38;2;0;0;0m [48;2;0;0;0m[38;2;0;0;0m [48;2;0;0;0m[38;2;0;0;0m [48;2;0;0;0m[38;2;0;0;0m [48;2;0;0;0m[38;2;0;0;0m [48;2;0;0;0m[38;2;0;0;0m [48;2;0;0;0m[38;2;0;0;0m [48;2;0;0;0m[38;2;0;0;0m [48;2;71;0;0m[38;2;35;0;0m▎[48;2;71;0;0m[38;2;0;0;0m▃[48;2;101;101;101m[38;2;0;0;0m▊[48;2;0;0;0m[38;2;77;77;77m▌[48;2;0;0;127m[38;2;0;0;0m▌[48;2;0;0;127m[38;2;0;0;127m [48;2;0;0;127m[38;2;0;0;127m [48;2;0;0;127m[38;2;0;0;127m [0m
[48;2;129;129;129m[38;2;129;129;129m [48;2;129;129;129m[38;2;129;129;129m [48;2;159;159;159m[38;2;129;129;129m▊[48;2;159;159;159m[38;2;159;159;159m [48;2;159;159;159m[38;2;159;159;159m [48;2;77;77;77m[38;2;159;159;159m▌[48;2;116;0;69m[38;2;71;0;42m▌[48;2;116;0;69m[38;2;116;0;69m [48;2;116;0;69m[38;2;181;0;107m▃[48;2;116;0;69m[38;2;116;0;69m [48;2;93;0;55m[38;2;116;0;69m▌[48;2;116;0;69m[38;2;71;0;42m▌[48;2;116;0;69m[38;2;116;0;69m [48;2;116;0;69m[38;2;181;0;107m▝[48;2;181;0;107m[38;2;116;0;69m▂[48;2;181;0;107m[38;2;116;0;69m▅[48;2;116;0;69m[38;2;116;0;69m [48;2;0;0;0m[38;2;0;0;0m [48;2;0;0;0m[38;2;0;0;0m [48;2;77;77;77m[38;2;101;101;101m▝[48;2;129;129;129m[38;2;129;129;129m [48;2;71;33;0m[38;2;129;129;129m▃[48;2;71;0;42m[38;2;71;0;21m┓[48;2;116;0;69m[38;2;116;0;0m▂[48;2;181;0;107m[38;2;181;0;0m▅[48;2;181;0;107m[38;2;255;156;156m▝[48;2;255;156;156m[38;2;255;89;89m▂[48;2;0;0;0m[38;2;255;156;156m▆[48;2;0;0;0m[38;2;255;156;156m▄[48;2;0;0;0m[38;2;255;156;156m▃[48;2;0;0;0m[38;2;255;89;89m▂[48;2;0;0;0m[38;2;255;89;89m▁[48;2;0;0;0m[38;2;0;0;0m [48;2;71;0;42m[38;2;0;0;0m▌[48;2;77;77;77m[38;2;77;77;77m [48;2;101;101;101m[38;2;129;129;129m▗[48;2;101;101;101m[38;2;129;129;129m▃[48;2;116;58;0m[38;2;101;101;101m▂[48;2;0;0;0m[38;2;71;33;0m▌[48;2;71;0;0m[38;2;0;0;0m▌[48;2;71;33;0m[38;2;116;58;0m▂[48;2;71;33;0m[38;2;116;58;0m▃[48;2;71;33;0m[38;2;116;58;0m▃[48;2;71;33;0m[38;2;116;58;0m▃[48;2;0;0;0m[38;2;71;33;0m▌[48;2;0;0;0m[38;2;0;0;0m [48;2;0;0;0m[38;2;0;0;0m [48;2;0;0;0m[38;2;0;0;0m [48;2;0;0;0m[38;2;71;0;0m▂[48;2;0;0;0m[38;2;0;0;0m [48;2;0;0;0m[38;2;71;0;42m▖[48;2;0;0;0m[38;2;0;0;0m [48;2;0;0;0m[38;2;0;0;0m [48;2;0;0;0m[38;2;0;0;0m [48;2;0;0;0m[38;2;0;0;0m [48;2;0;0;0m[38;2;0;0;0m [48;2;0;0;0m[38;2;71;0;0m▂[48;2;0;0;0m[38;2;71;0;0m▃[48;2;0;0;0m[38;2;71;0;0m▃[48;2;0;0;0m[38;2;0;0;0m [48;2;0;0;0m[38;2;0;0;0m [48;2;0;0;0m[38;2;0;0;0m [48;2;0;0;0m[38;2;71;0;0m▁[48;2;0;0;0m[38;2;71;0;0m▁[48;2;0;0;0m[38;2;0;0;0m [48;2;0;0;0m[38;2;0;0;0m [48;2;0;0;0m[38;2;0;0;0m [48;2;0;0;0m[38;2;0;0;0m [48;2;0;0;0m[38;2;0;0;0m [48;2;0;0;0m[38;2;0;0;0m [48;2;0;0;0m[38;2;0;0;0m [48;2;0;0;0m[38;2;0;0;0m [48;2;0;0;0m[38;2;54;54;54m▃[48;2;0;0;0m[38;2;77;77;77m▅[48;2;77;77;77m[38;2;0;0;0m▄[48;2;0;0;0m[38;2;0;0;0m [48;2;0;0;0m[38;2;0;0;0m [48;2;0;0;127m[38;2;0;0;127m [48;2;0;0;127m[38;2;0;0;127m [48;2;0;0;127m[38;2;0;0;127m [0m
[48;2;129;129;129m[38;2;129;129;129m [48;2;159;159;159m[38;2;159;159;159m [48;2;159;159;159m[38;2;159;159;159m [48;2;159;159;159m[38;2;159;159;159m [48;2;159;159;159m[38;2;188;188;188m▇[48;2;101;101;101m[38;2;188;188;188m▌[48;2;71;0;42m[38;2;71;0;42m [48;2;181;0;107m[38;2;116;0;69m▌[48;2;181;0;107m[38;2;181;0;107m [48;2;116;0;69m[38;2;181;0;107m▖[48;2;93;0;55m[38;2;71;0;42m▊[48;2;116;0;69m[38;2;116;0;69m [48;2;116;0;69m[38;2;116;0;69m [48;2;116;0;69m[38;2;181;0;107m▁[48;2;116;0;69m[38;2;116;0;69m [48;2;116;0;69m[38;2;116;0;69m [48;2;0;0;0m[38;2;116;0;69m▌[48;2;0;0;0m[38;2;0;0;0m [48;2;0;0;0m[38;2;0;0;0m [48;2;54;54;54m[38;2;54;54;54m [48;2;101;101;101m[38;2;77;77;77m▌[48;2;129;129;129m[38;2;101;101;101m▖[48;2;159;159;159m[38;2;54;54;54m▝[48;2;77;77;77m[38;2;71;33;0m▚[48;2;116;0;69m[38;2;71;0;0m▖[48;2;181;0;107m[38;2;116;0;69m▄[48;2;255;89;89m[38;2;181;0;107m▅[48;2;255;89;89m[38;2;181;0;107m▅[48;2;255;89;89m[38;2;181;0;0m▃[48;2;255;156;156m[38;2;181;0;107m▂[48;2;255;156;156m[38;2;255;89;89m▁[48;2;255;122;122m[38;2;255;156;156m▆[48;2;0;0;0m[38;2;255;156;156m▆[48;2;0;0;0m[38;2;255;89;89m▖[48;2;54;54;54m[38;2;0;0;0m▃[48;2;101;101;101m[38;2;54;54;54m▌[48;2;129;129;129m[38;2;101;101;101m▄[48;2;77;77;77m[38;2;0;0;0m▗[48;2;0;0;0m[38;2;0;0;0m [48;2;116;58;0m[38;2;71;33;0m▌[48;2;116;58;0m[38;2;101;101;101m▅[48;2;116;58;0m[38;2;101;101;101m▆[48;2;116;58;0m[38;2;54;54;54m▃[48;2;116;58;0m[38;2;116;58;0m [48;2;0;0;0m[38;2;116;58;0m▌[48;2;0;0;0m[38;2;0;0;0m [48;2;0;0;0m[38;2;0;0;0m [48;2;71;33;0m[38;2;0;0;0m▌[48;2;71;0;0m[38;2;116;58;0m▅[48;2;116;0;0m[38;2;116;58;0m▅[48;2;71;33;0m[38;2;116;58;0m▆[48;2;71;33;0m[38;2;116;58;0m▄[48;2;0;0;0m[38;2;71;33;0m▖[48;2;0;0;0m[38;2;0;0;0m [48;2;0;0;0m[38;2;71;33;0m▗[48;2;116;58;0m[38;2;71;33;0m▘[48;2;71;33;0m[38;2;116;58;0m▅[48;2;116;58;0m[38;2;116;58;0m [48;2;71;33;0m[38;2;116;58;0m▄[48;2;71;0;0m[38;2;116;58;0m▖[48;2;0;0;0m[38;2;0;0;0m [48;2;71;0;0m[38;2;0;0;0m▊[48;2;71;0;0m[38;2;71;33;0m▃[48;2;71;0;0m[38;2;71;33;0m▅[48;2;71;0;0m[38;2;71;33;0m▄[48;2;0;0;0m[38;2;0;0;0m [48;2;0;0;0m[38;2;0;0;0m [48;2;0;0;0m[38;2;0;0;0m [48;2;0;0;0m[38;2;0;0;0m [48;2;0;0;0m[38;2;71;0;42m▂[48;2;0;0;0m[38;2;0;0;0m [48;2;0;0;0m[38;2;54;54;54m▝[48;2;54;54;54m[38;2;0;0;0m▇[48;2;0;0;0m[38;2;0;0;0m [48;2;0;0;0m[38;2;54;54;54m▃[48;2;0;0;0m[38;2;0;0;0m [48;2;0;0;0m[38;2;0;0;0m [48;2;0;0;127m[38;2;54;54;54m▌[48;2;0;0;127m[38;2;0;0;127m [48;2;0;0;127m[38;2;0;0;127m [0m
[48;2;129;129;129m[38;2;129;129;129m [48;2;159;159;159m[38;2;159;159;159m [48;2;159;159;159m[38;2;188;188;188m▆[48;2;188;188;188m[38;2;188;188;188m [48;2;188;188;188m[38;2;188;188;188m [48;2;101;101;101m[38;2;188;188;188m▌[48;2;71;0;71m[38;2;19;19;19m▌[48;2;181;0;107m[38;2;148;0;88m▌[48;2;181;0;107m[38;2;181;0;107m [48;2;116;0;69m[38;2;181;0;107m▘[48;2;71;0;42m[38;2;71;0;42m [48;2;71;0;42m[38;2;116;0;69m▎[48;2;181;0;107m[38;2;148;0;88m▌[48;2;181;0;107m[38;2;181;0;107m [48;2;116;0;69m[38;2;181;0;107m▊[48;2;116;0;69m[38;2;116;0;69m [48;2;71;0;0m[38;2;116;0;69m▌[48;2;0;0;0m[38;2;77;77;77m▗[48;2;54;54;54m[38;2;101;101;101m▅[48;2;54;54;54m[38;2;101;101;101m▖[48;2;77;77;77m[38;2;54;54;54m▌[48;2;77;77;77m[38;2;101;101;101m▅[48;2;129;129;129m[38;2;101;101;101m▃[48;2;159;159;159m[38;2;129;129;129m▁[48;2;77;77;77m[38;2;159;159;159m▅[48;2;116;0;69m[38;2;93;0;34m▂[48;2;116;0;69m[38;2;116;0;69m [48;2;181;0;107m[38;2;116;0;69m▇[48;2;181;0;107m[38;2;116;0;69m▅[48;2;181;0;107m[38;2;148;0;88m▂[48;2;255;89;89m[38;2;181;0;107m▄[48;2;255;156;156m[38;2;255;89;89m▅[48;2;255;156;156m[38;2;255;156;156m [48;2;255;156;156m[38;2;255;156;156m [48;2;0;0;0m[38;2;255;156;156m▇[48;2;0;0;0m[38;2;255;156;156m▄[48;2;0;0;0m[38;2;255;156;156m▂[48;2;0;0;0m[38;2;77;77;77m▂[48;2;0;0;0m[38;2;54;54;54m▁[48;2;77;77;77m[38;2;54;54;54m▖[48;2;77;77;77m[38;2;101;101;101m▝[48;2;101;101;101m[38;2;101;101;101m [48;2;101;101;101m[38;2;54;54;54m▝[48;2;101;101;101m[38;2;77;77;77m▗[48;2;54;54;54m[38;2;77;77;77m▘[48;2;0;0;0m[38;2;0;0;0m [48;2;0;0;0m[38;2;101;101;101m▗[48;2;101;101;101m[38;2;101;101;101m [48;2;116;58;0m[38;2;129;129;129m▄[48;2;116;58;0m[38;2;129;129;129m▄[48;2;116;58;0m[38;2;101;101;101m▃[48;2;101;101;101m[38;2;116;58;0m▝[48;2;116;58;0m[38;2;0;0;0m▝[48;2;0;0;0m[38;2;0;0;0m [48;2;116;58;0m[38;2;0;0;0m▌[48;2;116;58;0m[38;2;116;58;0m [48;2;116;58;0m[38;2;116;58;0m [48;2;116;58;0m[38;2;101;101;101m▁[48;2;116;58;0m[38;2;101;101;101m▂[48;2;54;54;54m[38;2;77;77;77m▌[48;2;0;0;0m[38;2;0;0;0m [48;2;54;54;54m[38;2;0;0;0m▌[48;2;54;54;54m[38;2;54;54;54m [48;2;54;54;54m[38;2;54;54;54m [48;2;71;33;0m[38;2;0;0;0m▗[48;2;0;0;0m[38;2;0;0;0m [48;2;0;0;0m[38;2;0;0;0m [48;2;71;0;42m[38;2;116;0;69m▃[48;2;116;0;69m[38;2;77;77;77m▅[48;2;116;0;69m[38;2;116;0;69m [48;2;0;0;0m[38;2;71;0;42m▘[48;2;0;0;0m[38;2;0;0;0m [48;2;0;0;0m[38;2;0;0;0m [48;2;54;54;54m[38;2;0;0;0m▘[48;2;54;54;54m[38;2;54;54;54m [48;2;0;0;0m[38;2;0;0;0m [48;2;77;77;77m[38;2;40;40;40m▌[48;2;0;39;71m[38;2;54;54;54m▌[48;2;0;0;127m[38;2;0;0;127m [48;2;0;0;127m[38;2;0;0;127m [0m
[48;2;159;159;159m[38;2;159;159;159m [48;2;159;159;159m[38;2;159;159;159m [48;2;188;188;188m[38;2;188;188;188m [48;2;188;188;188m[38;2;188;188;188m [48;2;188;188;188m[38;2;188;188;188m [48;2;19;19;19m[38;2;159;159;159m▌[48;2;116;0;69m[38;2;71;0;42m▊[48;2;116;0;69m[38;2;181;0;107m▝[48;2;116;0;69m[38;2;181;0;107m▘[48;2;71;0;42m[38;2;116;0;69m▊[48;2;71;0;42m[38;2;71;0;42m [48;2;116;0;69m[38;2;116;0;69m [48;2;181;0;107m[38;2;181;0;107m [48;2;181;0;107m[38;2;181;0;107m [48;2;116;0;69m[38;2;181;0;107m▘[48;2;116;0;69m[38;2;116;0;69m [48;2;71;0;0m[38;2;181;0;107m▎[48;2;101;101;101m[38;2;0;0;0m▘[48;2;129;129;129m[38;2;159;159;159m▗[48;2;129;129;129m[38;2;101;101;101m▝[48;2;77;77;77m[38;2;0;0;0m▗[48;2;101;101;101m[38;2;77;77;77m▖[48;2;101;101;101m[38;2;101;101;101m [48;2;101;101;101m[38;2;77;77;77m▅[48;2;129;129;129m[38;2;77;77;77m▃[48;2;159;159;159m[38;2;129;129;129m▂[48;2;116;0;69m[38;2;159;159;159m▅[48;2;116;0;69m[38;2;129;129;129m▂[48;2;116;0;69m[38;2;116;0;69m [48;2;116;0;69m[38;2;116;0;69m [48;2;181;0;107m[38;2;116;0;69m▆[48;2;181;0;107m[38;2;116;0;69m▅[48;2;181;0;107m[38;2;116;0;69m▃[48;2;181;0;107m[38;2;255;89;89m▝[48;2;255;156;156m[38;2;181;0;107m▅[48;2;255;156;156m[38;2;255;89;89m▃[48;2;255;156;156m[38;2;255;156;156m [48;2;255;156;156m[38;2;255;156;156m [48;2;154;105;105m[38;2;255;156;156m▆[48;2;71;33;0m[38;2;255;156;156m▄[48;2;54;54;54m[38;2;255;156;156m▃[48;2;54;54;54m[38;2;0;0;0m▂[48;2;77;77;77m[38;2;0;0;0m▄[48;2;77;77;77m[38;2;0;0;0m▄[48;2;0;0;0m[38;2;54;54;54m▘[48;2;0;0;0m[38;2;0;0;0m [48;2;0;0;0m[38;2;101;101;101m▝[48;2;101;101;101m[38;2;50;50;50m▂[48;2;129;129;129m[38;2;101;101;101m▃[48;2;101;101;101m[38;2;101;101;101m [48;2;101;101;101m[38;2;54;54;54m▖[48;2;101;101;101m[38;2;77;77;77m▂[48;2;77;77;77m[38;2;54;54;54m▗[48;2;0;0;0m[38;2;54;54;54m▎[48;2;71;33;0m[38;2;0;0;0m▊[48;2;101;101;101m[38;2;89;89;89m▌[48;2;101;101;101m[38;2;101;101;101m [48;2;101;101;101m[38;2;101;101;101m [48;2;77;77;77m[38;2;54;54;54m▗[48;2;0;0;0m[38;2;54;54;54m▊[48;2;0;0;0m[38;2;0;0;0m [48;2;0;0;0m[38;2;0;0;0m [48;2;54;54;54m[38;2;0;0;0m▂[48;2;0;0;0m[38;2;0;0;0m [48;2;0;0;0m[38;2;0;0;0m [48;2;0;0;0m[38;2;71;0;42m▂[48;2;71;0;42m[38;2;0;0;0m▘[48;2;77;77;77m[38;2;116;0;69m▗[48;2;116;0;69m[38;2;116;0;69m [48;2;0;0;0m[38;2;0;0;0m [48;2;0;0;0m[38;2;0;0;0m [48;2;0;0;0m[38;2;54;54;54m▗[48;2;54;54;54m[38;2;0;0;0m▘[48;2;54;54;54m[38;2;54;54;54m [48;2;0;0;0m[38;2;0;0;0m [48;2;0;0;0m[38;2;0;0;0m [48;2;77;77;77m[38;2;54;54;54m▌[48;2;77;77;77m[38;2;101;101;101m▎[48;2;0;0;127m[38;2;0;0;127m [48;2;0;0;127m[38;2;0;0;127m [0m
[48;2;159;159;159m[38;2;159;159;159m [48;2;159;159;159m[38;2;159;159;159m [48;2;188;188;188m[38;2;159;159;159m▌[48;2;188;188;188m[38;2;188;188;188m [48;2;188;188;188m[38;2;188;188;188m [48;2;116;0;69m[38;2;71;0;42m▊[48;2;116;0;69m[38;2;116;0;69m [48;2;116;0;69m[38;2;181;0;107m▗[48;2;181;0;107m[38;2;116;0;69m▝[48;2;116;0;69m[38;2;116;0;69m [48;2;116;0;69m[38;2;71;0;42m▖[48;2;181;0;107m[38;2;116;0;69m▊[48;2;181;0;107m[38;2;181;0;107m [48;2;116;0;69m[38;2;181;0;107m▘[48;2;116;0;69m[38;2;116;0;69m [48;2;181;0;107m[38;2;116;0;69m▊[48;2;116;0;69m[38;2;181;0;107m▌[48;2;129;129;129m[38;2;101;101;101m▌[48;2;159;159;159m[38;2;159;159;159m [48;2;159;159;159m[38;2;188;188;188m▃[48;2;159;159;159m[38;2;77;77;77m▝[48;2;0;0;0m[38;2;77;77;77m▖[48;2;77;77;77m[38;2;0;0;0m▖[48;2;101;101;101m[38;2;101;101;101m [48;2;77;77;77m[38;2;101;101;101m▅[48;2;101;101;101m[38;2;77;77;77m▇[48;2;129;129;129m[38;2;77;77;77m▅[48;2;129;129;129m[38;2;77;77;77m▂[48;2;129;129;129m[38;2;129;129;129m [48;2;116;0;69m[38;2;129;129;129m▄[48;2;116;0;69m[38;2;129;129;129m▂[48;2;116;0;69m[38;2;116;0;69m [48;2;116;0;69m[38;2;116;0;69m [48;2;116;0;69m[38;2;116;0;69m [48;2;181;0;107m[38;2;116;0;69m▆[48;2;181;0;107m[38;2;116;0;69m▄[48;2;181;0;107m[38;2;148;0;88m▂[48;2;255;156;156m[38;2;181;0;107m▆[48;2;255;156;156m[38;2;181;0;107m▅[48;2;255;156;156m[38;2;181;0;107m▅[48;2;255;156;156m[38;2;181;0;107m▅[48;2;255;156;156m[38;2;181;0;107m▂[48;2;255;156;156m[38;2;255;122;122m▂[48;2;255;156;156m[38;2;255;89;89m▃[48;2;0;0;0m[38;2;255;89;89m▇[48;2;163;61;44m[38;2;255;89;89m▆[48;2;71;33;0m[38;2;255;89;89m▅[48;2;0;0;0m[38;2;255;89;89m▄[48;2;0;0;0m[38;2;255;89;89m▄[48;2;0;0;0m[38;2;255;89;89m▄[48;2;0;0;0m[38;2;255;89;89m▄[48;2;0;0;0m[38;2;255;89;89m▄[48;2;0;0;0m[38;2;255;89;89m▅[48;2;0;0;0m[38;2;255;89;89m▆[48;2;0;0;0m[38;2;255;89;89m▄[48;2;54;54;54m[38;2;255;89;89m▃[48;2;54;54;54m[38;2;255;89;89m▂[48;2;54;54;54m[38;2;255;89;89m▃[48;2;54;54;54m[38;2;255;89;89m▃[48;2;255;89;89m[38;2;54;54;54m▘[48;2;71;0;42m[38;2;181;0;107m▆[48;2;116;0;69m[38;2;181;0;107m━[48;2;0;0;0m[38;2;116;0;69m▆[48;2;71;0;0m[38;2;116;0;69m▆[48;2;116;0;69m[38;2;71;0;42m▃[48;2;71;0;42m[38;2;116;0;69m▘[48;2;116;0;69m[38;2;71;0;42m▊[48;2;116;0;69m[38;2;116;0;69m [48;2;0;0;0m[38;2;116;0;69m▌[48;2;0;0;0m[38;2;0;0;0m [48;2;0;0;0m[38;2;0;0;0m [48;2;54;54;54m[38;2;54;54;54m [48;2;54;54;54m[38;2;0;0;0m▗[48;2;0;0;0m[38;2;0;0;0m [48;2;0;0;0m[38;2;0;0;0m [48;2;54;54;54m[38;2;0;0;0m▌[48;2;101;101;101m[38;2;77;77;77m▌[48;2;54;54;54m[38;2;77;77;77m▌[48;2;0;0;127m[38;2;0;0;127m [48;2;0;0;127m[38;2;0;0;127m [0m
[48;2;159;159;159m[38;2;159;159;159m [48;2;159;159;159m[38;2;159;159;159m [48;2;188;188;188m[38;2;188;188;188m [48;2;188;188;188m[38;2;188;188;188m [48;2;19;19;19m[38;2;159;159;159m▌[48;2;116;0;69m[38;2;93;0;55m▌[48;2;181;0;107m[38;2;116;0;69m▗[48;2;181;0;107m[38;2;116;0;69m▖[48;2;181;0;107m[38;2;116;0;69m▗[48;2;116;0;69m[38;2;116;0;69m [48;2;71;0;42m[38;2;71;0;42m [48;2;116;0;69m[38;2;181;0;107m▝[48;2;181;0;107m[38;2;181;0;107m [48;2;116;0;69m[38;2;116;0;69m [48;2;116;0;69m[38;2;116;0;69m [48;2;116;0;69m[38;2;181;0;107m▂[48;2;116;0;69m[38;2;116;0;69m [48;2;129;129;129m[38;2;101;101;101m▌[48;2;159;159;159m[38;2;129;129;129m▌[48;2;188;188;188m[38;2;159;159;159m▅[48;2;159;159;159m[38;2;159;159;159m [48;2;159;159;159m[38;2;129;129;129m▝[48;2;101;101;101m[38;2;0;0;0m▝[48;2;0;0;0m[38;2;0;0;0m [48;2;101;101;101m[38;2;54;54;54m▃[48;2;101;101;101m[38;2;101;101;101m [48;2;77;77;77m[38;2;101;101;101m▇[48;2;77;77;77m[38;2;101;101;101m▂[48;2;101;101;101m[38;2;77;77;77m▇[48;2;101;101;101m[38;2;77;77;77m▅[48;2;129;129;129m[38;2;77;77;77m▅[48;2;129;129;129m[38;2;101;101;101m▂[48;2;116;0;69m[38;2;129;129;129m▅[48;2;116;0;69m[38;2;129;129;129m▄[48;2;116;0;69m[38;2;129;129;129m▂[48;2;116;0;69m[38;2;129;129;129m▁[48;2;116;0;69m[38;2;101;101;101m▁[48;2;116;0;69m[38;2;116;0;69m [48;2;116;0;69m[38;2;116;0;69m [48;2;181;0;107m[38;2;116;0;69m▇[48;2;181;0;107m[38;2;116;0;69m▇[48;2;181;0;107m[38;2;116;0;69m▇[48;2;181;0;107m[38;2;116;0;69m▇[48;2;181;0;107m[38;2;116;0;69m▇[48;2;181;0;107m[38;2;116;0;69m▅[48;2;255;89;89m[38;2;116;0;69m▅[48;2;255;89;89m[38;2;116;0;69m▅[48;2;181;0;107m[38;2;116;0;69m▄[48;2;181;0;107m[38;2;116;0;69m▄[48;2;181;0;107m[38;2;116;0;69m▃[48;2;181;0;107m[38;2;116;0;69m▁[48;2;255;89;89m[38;2;181;0;107m▆[48;2;181;0;107m[38;2;116;0;69m▂[48;2;181;0;107m[38;2;116;0;69m▃[48;2;181;0;107m[38;2;116;0;69m▃[48;2;181;0;107m[38;2;116;0;69m▂[48;2;255;89;89m[38;2;181;0;107m▅[48;2;255;89;89m[38;2;181;0;107m▆[48;2;181;0;107m[38;2;116;0;69m▃[48;2;181;0;107m[38;2;116;0;69m▅[48;2;116;0;69m[38;2;116;0;69m [48;2;116;0;69m[38;2;71;0;42m▃[48;2;116;0;69m[38;2;71;0;42m▅[48;2;71;0;42m[38;2;71;0;42m [48;2;71;0;42m[38;2;116;0;69m▂[48;2;71;0;42m[38;2;116;0;69m▅[48;2;116;0;69m[38;2;71;0;42m▃[48;2;116;0;69m[38;2;0;0;0m▅[48;2;0;0;0m[38;2;0;0;0m [48;2;0;0;0m[38;2;0;0;0m [48;2;54;54;54m[38;2;0;0;0m▅[48;2;54;54;54m[38;2;0;0;0m▅[48;2;0;0;0m[38;2;0;0;0m [48;2;0;0;0m[38;2;0;0;0m [48;2;0;0;0m[38;2;0;0;0m [48;2;54;54;54m[38;2;54;54;54m [48;2;101;101;101m[38;2;77;77;77m▘[48;2;77;77;77m[38;2;101;101;101m▌[48;2;0;0;127m[38;2;0;0;127m [48;2;0;0;127m[38;2;0;0;127m [0m
[48;2;159;159;159m[38;2;159;159;159m [48;2;159;159;159m[38;2;159;159;159m [48;2;159;159;159m[38;2;159;159;159m [48;2;159;159;159m[38;2;54;54;54m▗[48;2;71;0;42m[38;2;19;19;19m▌[48;2;181;0;107m[38;2;116;0;69m▌[48;2;116;0;69m[38;2;116;0;69m [48;2;181;0;107m[38;2;116;0;69m▘[48;2;116;0;69m[38;2;181;0;107m▘[48;2;71;0;42m[38;2;116;0;69m▌[48;2;116;0;69m[38;2;71;0;42m▌[48;2;181;0;107m[38;2;116;0;69m▘[48;2;116;0;69m[38;2;181;0;107m▌[48;2;116;0;69m[38;2;116;0;69m [48;2;116;0;69m[38;2;116;0;69m [48;2;181;0;107m[38;2;181;0;107m [48;2;93;0;55m[38;2;116;0;69m▊[48;2;101;101;101m[38;2;77;77;77m▌[48;2;129;129;129m[38;2;101;101;101m▅[48;2;159;159;159m[38;2;101;101;101m▁[48;2;159;159;159m[38;2;129;129;129m▂[48;2;188;188;188m[38;2;159;159;159m▁[48;2;188;188;188m[38;2;159;159;159m▝[48;2;159;159;159m[38;2;188;188;188m▁[48;2;0;0;0m[38;2;129;129;129m▅[48;2;0;0;0m[38;2;101;101;101m▂[48;2;77;77;77m[38;2;0;0;0m▃[48;2;101;101;101m[38;2;0;0;0m▃[48;2;101;101;101m[38;2;77;77;77m▂[48;2;77;77;77m[38;2;101;101;101m▆[48;2;77;77;77m[38;2;101;101;101m▅[48;2;54;54;54m[38;2;101;101;101m▃[48;2;54;54;54m[38;2;54;54;54m [48;2;101;101;101m[38;2;54;54;54m▆[48;2;101;101;101m[38;2;54;54;54m▅[48;2;129;129;129m[38;2;77;77;77m▃[48;2;129;129;129m[38;2;101;101;101m▅[48;2;129;129;129m[38;2;101;101;101m▂[48;2;101;101;101m[38;2;129;129;129m▆[48;2;116;0;69m[38;2;159;159;159m▅[48;2;116;0;69m[38;2;159;159;159m▄[48;2;116;0;69m[38;2;129;129;129m▄[48;2;116;0;69m[38;2;129;129;129m▄[48;2;116;0;69m[38;2;129;129;129m▃[48;2;116;0;69m[38;2;129;129;129m▃[48;2;116;0;69m[38;2;129;129;129m▂[48;2;116;0;69m[38;2;129;129;129m▂[48;2;116;0;69m[38;2;101;101;101m▂[48;2;116;0;69m[38;2;101;101;101m▂[48;2;116;0;69m[38;2;101;101;101m▁[48;2;116;0;69m[38;2;101;101;101m▁[48;2;116;0;69m[38;2;71;0;42m▂[48;2;116;0;69m[38;2;71;0;42m▂[48;2;116;0;69m[38;2;71;0;42m▃[48;2;116;0;69m[38;2;71;0;42m▃[48;2;116;0;69m[38;2;71;0;42m▄[48;2;116;0;69m[38;2;71;0;42m▄[48;2;116;0;69m[38;2;71;0;42m▅[48;2;116;0;69m[38;2;71;0;42m▆[48;2;116;0;69m[38;2;71;0;42m▇[48;2;71;0;42m[38;2;77;77;77m▂[48;2;71;0;42m[38;2;77;77;77m▃[48;2;71;0;42m[38;2;77;77;77m▅[48;2;101;101;101m[38;2;77;77;77m▁[48;2;101;101;101m[38;2;77;77;77m▅[48;2;77;77;77m[38;2;54;54;54m▅[48;2;0;0;0m[38;2;0;0;0m [48;2;0;0;0m[38;2;54;54;54m▘[48;2;0;0;0m[38;2;0;0;0m [48;2;0;0;0m[38;2;0;0;0m [48;2;0;0;0m[38;2;0;0;0m [48;2;0;0;0m[38;2;0;0;0m [48;2;0;0;0m[38;2;0;0;0m [48;2;0;0;0m[38;2;0;0;0m [48;2;0;0;0m[38;2;0;0;0m [48;2;77;77;77m[38;2;77;77;77m [48;2;101;101;101m[38;2;101;101;101m [48;2;77;77;77m[38;2;101;101;101m▌[48;2;0;0;127m[38;2;0;0;127m [48;2;0;0;127m[38;2;0;0;127m [0m
[48;2;159;159;159m[38;2;159;159;159m [48;2;159;159;159m[38;2;159;159;159m [48;2;159;159;159m[38;2;159;159;159m [48;2;71;0;42m[38;2;54;54;54m▌[48;2;116;0;69m[38;2;93;0;55m▌[48;2;116;0;69m[38;2;116;0;69m [48;2;116;0;69m[38;2;116;0;69m [48;2;181;0;107m[38;2;181;0;107m [48;2;116;0;69m[38;2;116;0;69m [48;2;71;0;42m[38;2;116;0;69m▎[48;2;181;0;107m[38;2;71;0;42m▊[48;2;181;0;107m[38;2;116;0;69m▅[48;2;116;0;69m[38;2;116;0;69m [48;2;116;0;69m[38;2;116;0;69m [48;2;116;0;69m[38;2;116;0;69m [48;2;116;0;69m[38;2;181;0;107m▄[48;2;93;0;55m[38;2;116;0;69m▌[48;2;101;101;101m[38;2;101;101;101m [48;2;101;101;101m[38;2;129;129;129m▁[48;2;101;101;101m[38;2;101;101;101m [48;2;129;129;129m[38;2;101;101;101m▅[48;2;129;129;129m[38;2;129;129;129m [48;2;188;188;188m[38;2;159;159;159m▃[48;2;188;188;188m[38;2;188;188;188m [48;2;188;188;188m[38;2;188;188;188m [48;2;159;159;159m[38;2;188;188;188m▅[48;2;101;101;101m[38;2;188;188;188m▅[48;2;0;0;0m[38;2;159;159;159m▄[48;2;0;0;0m[38;2;101;101;101m▄[48;2;0;0;0m[38;2;101;101;101m▂[48;2;77;77;77m[38;2;0;0;0m▃[48;2;101;101;101m[38;2;0;0;0m▃[48;2;101;101;101m[38;2;0;0;0m▃[48;2;77;77;77m[38;2;0;0;0m▁[48;2;77;77;77m[38;2;54;54;54m▂[48;2;54;54;54m[38;2;77;77;77m▅[48;2;77;77;77m[38;2;77;77;77m [48;2;101;101;101m[38;2;77;77;77m▅[48;2;101;101;101m[38;2;77;77;77m▅[48;2;101;101;101m[38;2;77;77;77m▅[48;2;101;101;101m[38;2;0;0;0m▃[48;2;129;129;129m[38;2;0;0;0m▄[48;2;129;129;129m[38;2;0;0;0m▅[48;2;129;129;129m[38;2;0;0;0m▅[48;2;101;101;101m[38;2;0;0;0m▅[48;2;101;101;101m[38;2;0;0;0m▅[48;2;101;101;101m[38;2;0;0;0m▅[48;2;101;101;101m[38;2;0;0;0m▅[48;2;77;77;77m[38;2;0;0;0m▅[48;2;77;77;77m[38;2;0;0;0m▅[48;2;101;101;101m[38;2;0;0;0m▅[48;2;101;101;101m[38;2;0;0;0m▅[48;2;101;101;101m[38;2;0;0;0m▅[48;2;101;101;101m[38;2;0;0;0m▅[48;2;101;101;101m[38;2;0;0;0m▅[48;2;101;101;101m[38;2;0;0;0m▅[48;2;101;101;101m[38;2;0;0;0m▅[48;2;77;77;77m[38;2;0;0;0m▅[48;2;77;77;77m[38;2;0;0;0m▅[48;2;54;54;54m[38;2;0;0;0m▆[48;2;54;54;54m[38;2;0;0;0m▆[48;2;54;54;54m[38;2;0;0;0m▆[48;2;0;0;0m[38;2;0;0;0m [48;2;0;0;0m[38;2;77;77;77m▁[48;2;54;54;54m[38;2;77;77;77m▂[48;2;54;54;54m[38;2;54;54;54m [48;2;54;54;54m[38;2;54;54;54m [48;2;54;54;54m[38;2;0;0;0m▝[48;2;0;0;0m[38;2;54;54;54m▂[48;2;0;0;0m[38;2;54;54;54m▃[48;2;0;0;0m[38;2;54;54;54m▅[48;2;0;0;0m[38;2;54;54;54m▅[48;2;0;0;0m[38;2;0;0;0m [48;2;0;0;0m[38;2;0;0;0m [48;2;77;77;77m[38;2;54;54;54m▌[48;2;101;101;101m[38;2;101;101;101m [48;2;101;101;101m[38;2;101;101;101m [48;2;77;77;77m[38;2;101;101;101m▌[48;2;0;0;127m[38;2;0;0;127m [48;2;0;0;127m[38;2;0;0;127m [0m
[48;2;129;129;129m[38;2;129;129;129m [48;2;159;159;159m[38;2;129;129;129m▘[48;2;129;129;129m[38;2;40;40;40m▗[48;2;71;0;42m[38;2;55;20;41m▌[48;2;71;0;42m[38;2;116;0;69m▗[48;2;116;0;69m[38;2;116;0;69m [48;2;181;0;107m[38;2;116;0;69m▌[48;2;116;0;69m[38;2;181;0;107m▌[48;2;71;0;42m[38;2;116;0;69m▎[48;2;71;0;42m[38;2;71;0;42m [48;2;181;0;107m[38;2;71;0;42m▌[48;2;116;0;69m[38;2;181;0;107m▌[48;2;116;0;69m[38;2;116;0;69m [48;2;116;0;69m[38;2;116;0;69m [48;2;116;0;69m[38;2;116;0;69m [48;2;148;0;88m[38;2;181;0;107m▌[48;2;71;0;42m[38;2;116;0;69m▌[48;2;129;129;129m[38;2;101;101;101m▌[48;2;129;129;129m[38;2;159;159;159m▂[48;2;129;129;129m[38;2;159;159;159m▅[48;2;129;129;129m[38;2;129;129;129m [48;2;129;129;129m[38;2;129;129;129m [48;2;129;129;129m[38;2;101;101;101m▃[48;2;129;129;129m[38;2;101;101;101m▂[48;2;188;188;188m[38;2;129;129;129m▆[48;2;188;188;188m[38;2;159;159;159m▂[48;2;188;188;188m[38;2;159;159;159m▁[48;2;188;188;188m[38;2;188;188;188m [48;2;188;188;188m[38;2;188;188;188m [48;2;159;159;159m[38;2;188;188;188m▆[48;2;129;129;129m[38;2;188;188;188m▆[48;2;54;54;54m[38;2;188;188;188m▅[48;2;0;0;0m[38;2;159;159;159m▄[48;2;0;0;0m[38;2;159;159;159m▃[48;2;0;0;0m[38;2;101;101;101m▃[48;2;0;0;0m[38;2;101;101;101m▂[48;2;0;0;0m[38;2;101;101;101m▁[48;2;0;0;0m[38;2;101;101;101m▁[48;2;0;0;0m[38;2;77;77;77m▂[48;2;0;0;0m[38;2;101;101;101m▂[48;2;0;0;0m[38;2;101;101;101m▂[48;2;0;0;0m[38;2;101;101;101m▃[48;2;0;0;0m[38;2;129;129;129m▃[48;2;0;0;0m[38;2;129;129;129m▄[48;2;0;0;0m[38;2;129;129;129m▅[48;2;0;0;0m[38;2;159;159;159m▅[48;2;0;0;0m[38;2;159;159;159m▆[48;2;0;0;0m[38;2;159;159;159m▆[48;2;54;54;54m[38;2;159;159;159m▆[48;2;77;77;77m[38;2;159;159;159m▆[48;2;77;77;77m[38;2;159;159;159m▆[48;2;77;77;77m[38;2;159;159;159m▆[48;2;77;77;77m[38;2;159;159;159m▅[48;2;54;54;54m[38;2;129;129;129m▆[48;2;77;77;77m[38;2;129;129;129m▅[48;2;0;0;0m[38;2;129;129;129m▆[48;2;0;0;0m[38;2;129;129;129m▆[48;2;0;0;0m[38;2;129;129;129m▆[48;2;0;0;0m[38;2;129;129;129m▆[48;2;0;0;0m[38;2;129;129;129m▆[48;2;0;0;0m[38;2;129;129;129m▆[48;2;77;77;77m[38;2;129;129;129m▆[48;2;101;101;101m[38;2;129;129;129m▆[48;2;101;101;101m[38;2;129;129;129m▆[48;2;101;101;101m[38;2;129;129;129m╸[48;2;77;77;77m[38;2;101;101;101m▅[48;2;77;77;77m[38;2;101;101;101m▅[48;2;77;77;77m[38;2;101;101;101m▃[48;2;77;77;77m[38;2;101;101;101m▃[48;2;54;54;54m[38;2;77;77;77m▅[48;2;54;54;54m[38;2;77;77;77m▖[48;2;54;54;54m[38;2;0;0;0m▁[48;2;0;0;0m[38;2;0;0;0m [48;2;54;54;54m[38;2;77;77;77m▂[48;2;101;101;101m[38;2;77;77;77m▌[48;2;101;101;101m[38;2;77;77;77m▖[48;2;101;101;101m[38;2;101;101;101m [48;2;77;77;77m[38;2;65;65;65m┏[48;2;0;0;127m[38;2;0;0;127m [48;2;0;0;127m[38;2;0;0;127m [0m
[48;2;129;129;129m[38;2;129;129;129m [48;2;159;159;159m[38;2;159;159;159m [48;2;71;0;42m[38;2;71;0;42m [48;2;71;0;42m[38;2;71;0;42m [48;2;116;0;69m[38;2;71;0;42m▌[48;2;116;0;69m[38;2;116;0;69m [48;2;181;0;107m[38;2;116;0;69m▘[48;2;116;0;69m[38;2;181;0;107m▘[48;2;71;0;42m[38;2;71;0;42m [48;2;71;0;42m[38;2;71;0;42m [48;2;116;0;69m[38;2;116;0;69m [48;2;116;0;69m[38;2;116;0;69m [48;2;116;0;69m[38;2;116;0;69m [48;2;116;0;69m[38;2;116;0;69m [48;2;116;0;69m[38;2;116;0;69m [48;2;116;0;69m[38;2;116;0;69m [48;2;71;0;42m[38;2;116;0;69m▎[48;2;159;159;159m[38;2;129;129;129m▌[48;2;159;159;159m[38;2;159;159;159m [48;2;159;159;159m[38;2;159;159;159m [48;2;159;159;159m[38;2;159;159;159m [48;2;129;129;129m[38;2;101;101;101m▝[48;2;101;101;101m[38;2;129;129;129m▃[48;2;101;101;101m[38;2;101;101;101m [48;2;101;101;101m[38;2;101;101;101m [48;2;129;129;129m[38;2;101;101;101m▅[48;2;159;159;159m[38;2;101;101;101m▃[48;2;159;159;159m[38;2;129;129;129m▃[48;2;188;188;188m[38;2;159;159;159m▖[48;2;188;188;188m[38;2;159;159;159m▁[48;2;188;188;188m[38;2;188;188;188m [48;2;210;210;210m[38;2;188;188;188m▃[48;2;210;210;210m[38;2;188;188;188m▂[48;2;210;210;210m[38;2;210;210;210m [48;2;188;188;188m[38;2;226;226;226m▇[48;2;188;188;188m[38;2;210;210;210m▇[48;2;188;188;188m[38;2;188;188;188m [48;2;159;159;159m[38;2;210;210;210m▆[48;2;129;129;129m[38;2;188;188;188m▇[48;2;159;159;159m[38;2;188;188;188m▅[48;2;159;159;159m[38;2;188;188;188m▅[48;2;159;159;159m[38;2;159;159;159m [48;2;159;159;159m[38;2;188;188;188m▅[48;2;159;159;159m[38;2;159;159;159m [48;2;159;159;159m[38;2;159;159;159m [48;2;159;159;159m[38;2;159;159;159m [48;2;159;159;159m[38;2;159;159;159m [48;2;159;159;159m[38;2;188;188;188m▅[48;2;173;173;173m[38;2;188;188;188m▆[48;2;188;188;188m[38;2;188;188;188m [48;2;188;188;188m[38;2;188;188;188m [48;2;173;173;173m[38;2;188;188;188m▆[48;2;159;159;159m[38;2;188;188;188m▃[48;2;159;159;159m[38;2;188;188;188m▃[48;2;159;159;159m[38;2;188;188;188m▄[48;2;159;159;159m[38;2;188;188;188m▃[48;2;129;129;129m[38;2;188;188;188m▃[48;2;159;159;159m[38;2;188;188;188m▂[48;2;129;129;129m[38;2;159;159;159m▇[48;2;129;129;129m[38;2;159;159;159m▆[48;2;129;129;129m[38;2;129;129;129m [48;2;129;129;129m[38;2;101;101;101m▗[48;2;129;129;129m[38;2;101;101;101m▃[48;2;101;101;101m[38;2;77;77;77m▁[48;2;101;101;101m[38;2;77;77;77m▁[48;2;101;101;101m[38;2;101;101;101m [48;2;101;101;101m[38;2;129;129;129m▅[48;2;129;129;129m[38;2;129;129;129m [48;2;129;129;129m[38;2;101;101;101m▝[48;2;101;101;101m[38;2;101;101;101m [48;2;54;54;54m[38;2;0;0;0m▗[48;2;0;0;0m[38;2;0;0;0m [48;2;77;77;77m[38;2;0;0;0m▘[48;2;101;101;101m[38;2;77;77;77m▌[48;2;101;101;101m[38;2;101;101;101m [48;2;101;101;101m[38;2;101;101;101m [48;2;101;101;101m[38;2;101;101;101m [48;2;0;64;116m[38;2;77;77;77m▌[48;2;0;0;127m[38;2;0;0;127m [48;2;0;0;127m[38;2;0;0;127m [0m
[48;2;129;129;129m[38;2;129;129;129m [48;2;101;101;101m[38;2;129;129;129m▌[48;2;116;0;69m[38;2;71;0;42m▌[48;2;116;0;69m[38;2;71;0;42m▊[48;2;116;0;69m[38;2;116;0;69m [48;2;116;0;69m[38;2;181;0;107m▁[48;2;116;0;69m[38;2;181;0;107m▘[48;2;116;0;69m[38;2;116;0;69m [48;2;71;0;42m[38;2;71;0;42m [48;2;71;0;42m[38;2;181;0;107m▗[48;2;181;0;107m[38;2;116;0;69m▅[48;2;116;0;69m[38;2;116;0;69m [48;2;116;0;69m[38;2;116;0;69m [48;2;116;0;69m[38;2;116;0;69m [48;2;116;0;69m[38;2;116;0;69m [48;2;116;0;69m[38;2;116;0;69m [48;2;71;0;42m[38;2;71;0;42m [48;2;159;159;159m[38;2;129;129;129m▌[48;2;188;188;188m[38;2;188;188;188m [48;2;159;159;159m[38;2;188;188;188m▄[48;2;159;159;159m[38;2;188;188;188m▄[48;2;159;159;159m[38;2;188;188;188m▅[48;2;159;159;159m[38;2;188;188;188m▃[48;2;129;129;129m[38;2;159;159;159m▃[48;2;101;101;101m[38;2;129;129;129m▅[48;2;77;77;77m[38;2;101;101;101m▃[48;2;101;101;101m[38;2;77;77;77m▇[48;2;101;101;101m[38;2;77;77;77m▃[48;2;129;129;129m[38;2;77;77;77m▁[48;2;159;159;159m[38;2;129;129;129m▇[48;2;159;159;159m[38;2;129;129;129m▅[48;2;159;159;159m[38;2;129;129;129m▁[48;2;159;159;159m[38;2;159;159;159m [48;2;159;159;159m[38;2;159;159;159m [48;2;159;159;159m[38;2;159;159;159m [48;2;210;210;210m[38;2;188;188;188m▆[48;2;210;210;210m[38;2;188;188;188m▃[48;2;210;210;210m[38;2;188;188;188m▅[48;2;210;210;210m[38;2;188;188;188m▗[48;2;188;188;188m[38;2;188;188;188m [48;2;188;188;188m[38;2;159;159;159m▅[48;2;188;188;188m[38;2;188;188;188m [48;2;159;159;159m[38;2;159;159;159m [48;2;159;159;159m[38;2;159;159;159m [48;2;159;159;159m[38;2;188;188;188m▂[48;2;159;159;159m[38;2;188;188;188m▅[48;2;188;188;188m[38;2;188;188;188m [48;2;188;188;188m[38;2;188;188;188m [48;2;188;188;188m[38;2;210;210;210m▁[48;2;210;210;210m[38;2;188;188;188m▘[48;2;188;188;188m[38;2;210;210;210m▅[48;2;188;188;188m[38;2;210;210;210m▅[48;2;188;188;188m[38;2;210;210;210m▅[48;2;188;188;188m[38;2;210;210;210m▂[48;2;210;210;210m[38;2;188;188;188m▘[48;2;188;188;188m[38;2;210;210;210m▅[48;2;188;188;188m[38;2;210;210;210m▅[48;2;188;188;188m[38;2;210;210;210m▂[48;2;188;188;188m[38;2;210;210;210m▂[48;2;159;159;159m[38;2;159;159;159m [48;2;129;129;129m[38;2;159;159;159m▃[48;2;101;101;101m[38;2;129;129;129m▂[48;2;77;77;77m[38;2;129;129;129m▃[48;2;77;77;77m[38;2;129;129;129m▅[48;2;101;101;101m[38;2;159;159;159m▅[48;2;129;129;129m[38;2;159;159;159m▅[48;2;159;159;159m[38;2;159;159;159m [48;2;159;159;159m[38;2;129;129;129m▗[48;2;101;101;101m[38;2;54;54;54m▗[48;2;54;54;54m[38;2;0;0;0m▅[48;2;0;0;0m[38;2;0;0;0m [48;2;77;77;77m[38;2;0;0;0m▘[48;2;101;101;101m[38;2;77;77;77m▘[48;2;101;101;101m[38;2;101;101;101m [48;2;101;101;101m[38;2;101;101;101m [48;2;101;101;101m[38;2;101;101;101m [48;2;77;77;77m[38;2;101;101;101m▌[48;2;0;0;127m[38;2;54;54;54m▌[48;2;0;0;127m[38;2;0;0;127m [48;2;0;0;127m[38;2;0;0;127m [0m
[48;2;129;129;129m[38;2;129;129;129m [48;2;40;40;40m[38;2;129;129;129m▌[48;2;116;0;69m[38;2;71;0;42m▌[48;2;116;0;69m[38;2;71;0;42m▊[48;2;181;0;107m[38;2;116;0;69m▌[48;2;181;0;107m[38;2;181;0;107m [48;2;116;0;69m[38;2;181;0;107m▎[48;2;116;0;69m[38;2;116;0;69m [48;2;71;0;42m[38;2;116;0;69m▄[48;2;116;0;69m[38;2;181;0;107m▌[48;2;116;0;69m[38;2;116;0;69m [48;2;116;0;69m[38;2;116;0;69m [48;2;116;0;69m[38;2;116;0;69m [48;2;116;0;69m[38;2;116;0;69m [48;2;71;0;42m[38;2;116;0;69m▌[48;2;71;0;42m[38;2;116;0;69m▝[48;2;0;0;0m[38;2;71;0;42m▌[48;2;159;159;159m[38;2;101;101;101m▌[48;2;188;188;188m[38;2;188;188;188m [48;2;188;188;188m[38;2;188;188;188m [48;2;210;210;210m[38;2;210;210;210m [48;2;188;188;188m[38;2;188;188;188m [48;2;188;188;188m[38;2;210;210;210m▗[48;2;188;188;188m[38;2;210;210;210m▅[48;2;159;159;159m[38;2;210;210;210m▅[48;2;159;159;159m[38;2;210;210;210m▅[48;2;101;101;101m[38;2;210;210;210m▅[48;2;77;77;77m[38;2;129;129;129m▅[48;2;77;77;77m[38;2;101;101;101m▅[48;2;101;101;101m[38;2;77;77;77m▅[48;2;129;129;129m[38;2;77;77;77m▅[48;2;129;129;129m[38;2;101;101;101m▁[48;2;159;159;159m[38;2;129;129;129m▇[48;2;129;129;129m[38;2;129;129;129m [48;2;129;129;129m[38;2;101;101;101m▁[48;2;129;129;129m[38;2;129;129;129m [48;2;188;188;188m[38;2;159;159;159m▅[48;2;188;188;188m[38;2;159;159;159m▂[48;2;159;159;159m[38;2;159;159;159m [48;2;159;159;159m[38;2;159;159;159m [48;2;188;188;188m[38;2;188;188;188m [48;2;188;188;188m[38;2;188;188;188m [48;2;188;188;188m[38;2;188;188;188m [48;2;188;188;188m[38;2;210;210;210m▃[48;2;188;188;188m[38;2;210;210;210m▅[48;2;188;188;188m[38;2;210;210;210m▇[48;2;210;210;210m[38;2;210;210;210m [48;2;210;210;210m[38;2;210;210;210m [48;2;210;210;210m[38;2;210;210;210m [48;2;210;210;210m[38;2;210;210;210m [48;2;210;210;210m[38;2;210;210;210m [48;2;210;210;210m[38;2;210;210;210m [48;2;210;210;210m[38;2;210;210;210m [48;2;210;210;210m[38;2;210;210;210m [48;2;210;210;210m[38;2;210;210;210m [48;2;210;210;210m[38;2;210;210;210m [48;2;210;210;210m[38;2;210;210;210m [48;2;210;210;210m[38;2;210;210;210m [48;2;210;210;210m[38;2;188;188;188m▗[48;2;188;188;188m[38;2;188;188;188m [48;2;159;159;159m[38;2;188;188;188m▌[48;2;159;159;159m[38;2;159;159;159m [48;2;159;159;159m[38;2;159;159;159m [48;2;159;159;159m[38;2;159;159;159m [48;2;159;159;159m[38;2;159;159;159m [48;2;159;159;159m[38;2;129;129;129m▗[48;2;129;129;129m[38;2;54;54;54m▗[48;2;77;77;77m[38;2;0;0;0m▃[48;2;0;0;0m[38;2;0;0;0m [48;2;0;0;0m[38;2;0;0;0m [48;2;101;101;101m[38;2;0;0;0m▘[48;2;101;101;101m[38;2;129;129;129m▁[48;2;101;101;101m[38;2;101;101;101m [48;2;101;101;101m[38;2;101;101;101m [48;2;101;101;101m[38;2;101;101;101m [48;2;101;101;101m[38;2;101;101;101m [48;2;54;54;54m[38;2;77;77;77m▌[48;2;0;0;127m[38;2;0;0;127m [48;2;0;0;127m[38;2;0;0;127m [48;2;0;0;127m[38;2;0;0;127m [0m
[48;2;129;129;129m[38;2;101;101;101m▊[48;2;40;40;40m[38;2;0;0;0m▁[48;2;116;0;69m[38;2;71;0;42m▌[48;2;71;0;42m[38;2;116;0;69m▖[48;2;116;0;69m[38;2;116;0;69m [48;2;181;0;107m[38;2;181;0;107m [48;2;181;0;107m[38;2;181;0;107m [48;2;116;0;69m[38;2;181;0;107m▄[48;2;116;0;69m[38;2;116;0;69m [48;2;116;0;69m[38;2;116;0;69m [48;2;116;0;69m[38;2;116;0;69m [48;2;116;0;69m[38;2;116;0;69m [48;2;116;0;69m[38;2;116;0;69m [48;2;71;0;42m[38;2;116;0;69m▌[48;2;71;0;42m[38;2;71;0;42m [48;2;116;0;69m[38;2;71;0;0m▗[48;2;77;77;77m[38;2;40;40;40m▊[48;2;159;159;159m[38;2;129;129;129m▌[48;2;188;188;188m[38;2;188;188;188m [48;2;188;188;188m[38;2;188;188;188m [48;2;188;188;188m[38;2;188;188;188m [48;2;188;188;188m[38;2;188;188;188m [48;2;210;210;210m[38;2;210;210;210m [48;2;210;210;210m[38;2;210;210;210m [48;2;210;210;210m[38;2;210;210;210m [48;2;210;210;210m[38;2;210;210;210m [48;2;210;210;210m[38;2;210;210;210m [48;2;210;210;210m[38;2;210;210;210m [48;2;159;159;159m[38;2;210;210;210m▅[48;2;129;129;129m[38;2;159;159;159m▃[48;2;77;77;77m[38;2;129;129;129m▅[48;2;77;77;77m[38;2;129;129;129m▃[48;2;129;129;129m[38;2;101;101;101m▆[48;2;129;129;129m[38;2;101;101;101m▅[48;2;101;101;101m[38;2;101;101;101m [48;2;129;129;129m[38;2;101;101;101m▅[48;2;129;129;129m[38;2;101;101;101m▅[48;2;129;129;129m[38;2;129;129;129m [48;2;159;159;159m[38;2;129;129;129m▂[48;2;159;159;159m[38;2;129;129;129m▅[48;2;159;159;159m[38;2;159;159;159m [48;2;188;188;188m[38;2;159;159;159m▃[48;2;188;188;188m[38;2;159;159;159m▂[48;2;188;188;188m[38;2;159;159;159m▂[48;2;188;188;188m[38;2;210;210;210m▝[48;2;210;210;210m[38;2;188;188;188m▅[48;2;210;210;210m[38;2;188;188;188m▅[48;2;210;210;210m[38;2;188;188;188m▅[48;2;210;210;210m[38;2;188;188;188m▂[48;2;210;210;210m[38;2;188;188;188m▁[48;2;210;210;210m[38;2;188;188;188m▁[48;2;210;210;210m[38;2;188;188;188m▁[48;2;210;210;210m[38;2;188;188;188m▂[48;2;210;210;210m[38;2;188;188;188m▁[48;2;210;210;210m[38;2;210;210;210m [48;2;210;210;210m[38;2;188;188;188m▂[48;2;210;210;210m[38;2;188;188;188m▅[48;2;210;210;210m[38;2;188;188;188m▆[48;2;188;188;188m[38;2;159;159;159m▂[48;2;188;188;188m[38;2;159;159;159m▇[48;2;159;159;159m[38;2;159;159;159m [48;2;159;159;159m[38;2;159;159;159m [48;2;159;159;159m[38;2;159;159;159m [48;2;159;159;159m[38;2;159;159;159m [48;2;159;159;159m[38;2;101;101;101m▂[48;2;77;77;77m[38;2;54;54;54m▃[48;2;54;54;54m[38;2;0;0;0m▆[48;2;0;0;0m[38;2;54;54;54m▁[48;2;0;0;0m[38;2;54;54;54m▃[48;2;101;101;101m[38;2;54;54;54m▘[48;2;129;129;129m[38;2;101;101;101m▘[48;2;129;129;129m[38;2;129;129;129m [48;2;101;101;101m[38;2;129;129;129m▎[48;2;101;101;101m[38;2;101;101;101m [48;2;101;101;101m[38;2;101;101;101m [48;2;101;101;101m[38;2;101;101;101m [48;2;54;54;54m[38;2;77;77;77m▌[48;2;0;0;127m[38;2;0;0;127m [48;2;0;0;127m[38;2;0;0;127m [48;2;0;0;127m[38;2;0;0;127m [0m
[48;2;77;77;77m[38;2;101;101;101m▝[48;2;0;0;0m[38;2;0;0;0m [48;2;116;0;69m[38;2;71;0;0m▌[48;2;71;0;42m[38;2;71;0;42m [48;2;116;0;69m[38;2;71;0;42m▘[48;2;116;0;69m[38;2;116;0;69m [48;2;181;0;107m[38;2;116;0;69m▅[48;2;116;0;69m[38;2;116;0;69m [48;2;116;0;69m[38;2;116;0;69m [48;2;116;0;69m[38;2;116;0;69m [48;2;116;0;69m[38;2;71;0;42m▆[48;2;116;0;69m[38;2;71;0;42m▃[48;2;71;0;42m[38;2;71;0;42m [48;2;71;0;42m[38;2;71;0;42m [48;2;116;0;69m[38;2;71;0;0m▃[48;2;71;0;0m[38;2;0;0;0m▇[48;2;77;77;77m[38;2;40;40;40m▌[48;2;159;159;159m[38;2;129;129;129m▌[48;2;159;159;159m[38;2;188;188;188m▄[48;2;188;188;188m[38;2;188;188;188m [48;2;188;188;188m[38;2;188;188;188m [48;2;188;188;188m[38;2;188;188;188m [48;2;188;188;188m[38;2;188;188;188m [48;2;210;210;210m[38;2;210;210;210m [48;2;188;188;188m[38;2;210;210;210m▅[48;2;210;210;210m[38;2;210;210;210m [48;2;210;210;210m[38;2;210;210;210m [48;2;210;210;210m[38;2;210;210;210m [48;2;210;210;210m[38;2;210;210;210m [48;2;210;210;210m[38;2;210;210;210m [48;2;210;210;210m[38;2;210;210;210m [48;2;159;159;159m[38;2;188;188;188m▅[48;2;129;129;129m[38;2;159;159;159m▅[48;2;129;129;129m[38;2;159;159;159m▅[48;2;129;129;129m[38;2;129;129;129m [48;2;129;129;129m[38;2;129;129;129m [48;2;129;129;129m[38;2;159;159;159m▅[48;2;129;129;129m[38;2;159;159;159m▆[48;2;129;129;129m[38;2;159;159;159m▅[48;2;129;129;129m[38;2;159;159;159m▆[48;2;159;159;159m[38;2;159;159;159m [48;2;159;159;159m[38;2;159;159;159m [48;2;159;159;159m[38;2;159;159;159m [48;2;159;159;159m[38;2;159;159;159m [48;2;159;159;159m[38;2;159;159;159m [48;2;159;159;159m[38;2;159;159;159m [48;2;159;159;159m[38;2;159;159;159m [48;2;188;188;188m[38;2;159;159;159m▆[48;2;188;188;188m[38;2;159;159;159m▅[48;2;188;188;188m[38;2;159;159;159m▅[48;2;188;188;188m[38;2;159;159;159m▄[48;2;188;188;188m[38;2;159;159;159m▄[48;2;188;188;188m[38;2;159;159;159m▂[48;2;188;188;188m[38;2;159;159;159m▂[48;2;188;188;188m[38;2;159;159;159m▄[48;2;188;188;188m[38;2;159;159;159m▅[48;2;188;188;188m[38;2;159;159;159m▅[48;2;159;159;159m[38;2;159;159;159m [48;2;159;159;159m[38;2;159;159;159m [48;2;159;159;159m[38;2;159;159;159m [48;2;159;159;159m[38;2;159;159;159m [48;2;159;159;159m[38;2;159;159;159m [48;2;159;159;159m[38;2;129;129;129m▆[48;2;101;101;101m[38;2;77;77;77m▝[48;2;77;77;77m[38;2;129;129;129m▅[48;2;101;101;101m[38;2;101;101;101m [48;2;54;54;54m[38;2;77;77;77m▅[48;2;54;54;54m[38;2;101;101;101m▅[48;2;101;101;101m[38;2;77;77;77m▘[48;2;129;129;129m[38;2;129;129;129m [48;2;129;129;129m[38;2;129;129;129m [48;2;129;129;129m[38;2;129;129;129m [48;2;101;101;101m[38;2;101;101;101m [48;2;101;101;101m[38;2;101;101;101m [48;2;77;77;77m[38;2;77;77;77m [48;2;77;77;77m[38;2;77;77;77m [48;2;54;54;54m[38;2;40;40;40m▆[48;2;0;0;127m[38;2;40;40;40m▖[48;2;0;0;127m[38;2;0;0;127m [48;2;0;0;127m[38;2;0;0;127m [0m
[48;2;40;40;40m[38;2;54;54;54m▁[48;2;40;40;40m[38;2;0;0;0m▝[48;2;0;0;0m[38;2;19;19;19m▝[48;2;116;0;69m[38;2;0;0;0m▂[48;2;71;0;42m[38;2;116;0;69m▖[48;2;116;0;69m[38;2;71;0;42m▅[48;2;116;0;69m[38;2;71;0;42m▅[48;2;116;0;69m[38;2;71;0;42m▅[48;2;116;0;69m[38;2;71;0;42m▃[48;2;71;0;42m[38;2;71;0;42m [48;2;71;0;42m[38;2;71;0;71m▂[48;2;71;0;42m[38;2;71;0;42m [48;2;116;0;69m[38;2;71;0;0m▅[48;2;71;0;42m[38;2;0;0;0m▄[48;2;71;0;0m[38;2;0;0;0m▆[48;2;40;40;40m[38;2;0;0;0m▌[48;2;129;129;129m[38;2;77;77;77m▘[48;2;159;159;159m[38;2;159;159;159m [48;2;188;188;188m[38;2;159;159;159m▌[48;2;188;188;188m[38;2;188;188;188m [48;2;188;188;188m[38;2;188;188;188m [48;2;188;188;188m[38;2;188;188;188m [48;2;188;188;188m[38;2;188;188;188m [48;2;188;188;188m[38;2;188;188;188m [48;2;188;188;188m[38;2;188;188;188m [48;2;188;188;188m[38;2;188;188;188m [48;2;188;188;188m[38;2;188;188;188m [48;2;210;210;210m[38;2;188;188;188m▃[48;2;210;210;210m[38;2;210;210;210m [48;2;210;210;210m[38;2;210;210;210m [48;2;210;210;210m[38;2;210;210;210m [48;2;188;188;188m[38;2;210;210;210m▆[48;2;188;188;188m[38;2;188;188;188m [48;2;188;188;188m[38;2;188;188;188m [48;2;159;159;159m[38;2;188;188;188m▅[48;2;159;159;159m[38;2;188;188;188m▆[48;2;159;159;159m[38;2;188;188;188m▇[48;2;188;188;188m[38;2;188;188;188m [48;2;159;159;159m[38;2;188;188;188m▃[48;2;159;159;159m[38;2;188;188;188m▂[48;2;159;159;159m[38;2;159;159;159m [48;2;159;159;159m[38;2;159;159;159m [48;2;159;159;159m[38;2;159;159;159m [48;2;159;159;159m[38;2;159;159;159m [48;2;159;159;159m[38;2;159;159;159m [48;2;159;159;159m[38;2;159;159;159m [48;2;159;159;159m[38;2;159;159;159m [48;2;159;159;159m[38;2;159;159;159m [48;2;159;159;159m[38;2;159;159;159m [48;2;159;159;159m[38;2;144;144;144m▂[48;2;159;159;159m[38;2;129;129;129m▃[48;2;159;159;159m[38;2;129;129;129m▁[48;2;159;159;159m[38;2;144;144;144m▁[48;2;159;159;159m[38;2;129;129;129m▁[48;2;159;159;159m[38;2;129;129;129m▂[48;2;159;159;159m[38;2;129;129;129m▃[48;2;159;159;159m[38;2;129;129;129m▂[48;2;159;159;159m[38;2;129;129;129m▂[48;2;159;159;159m[38;2;144;144;144m▂[48;2;159;159;159m[38;2;129;129;129m▃[48;2;159;159;159m[38;2;129;129;129m▅[48;2;129;129;129m[38;2;129;129;129m [48;2;129;129;129m[38;2;101;101;101m▄[48;2;129;129;129m[38;2;101;101;101m▆[48;2;101;101;101m[38;2;54;54;54m▁[48;2;101;101;101m[38;2;101;101;101m [48;2;101;101;101m[38;2;101;101;101m [48;2;101;101;101m[38;2;101;101;101m [48;2;129;129;129m[38;2;129;129;129m [48;2;129;129;129m[38;2;129;129;129m [48;2;129;129;129m[38;2;129;129;129m [48;2;101;101;101m[38;2;129;129;129m▎[48;2;101;101;101m[38;2;101;101;101m [48;2;101;101;101m[38;2;77;77;77m▅[48;2;77;77;77m[38;2;101;101;101m▌[48;2;40;40;40m[38;2;77;77;77m▌[48;2;54;54;54m[38;2;19;19;19m▌[48;2;77;77;77m[38;2;40;40;40m▝[48;2;0;0;127m[38;2;0;0;127m [48;2;0;0;127m[38;2;0;0;127m [0m
[48;2;54;54;54m[38;2;101;101;101m▄[48;2;40;40;40m[38;2;54;54;54m▖[48;2;40;40;40m[38;2;40;40;40m [48;2;0;0;0m[38;2;40;40;40m▃[48;2;0;0;0m[38;2;40;40;40m▁[48;2;116;0;69m[38;2;0;0;0m▆[48;2;116;0;69m[38;2;0;0;0m▆[48;2;71;0;71m[38;2;0;0;0m▅[48;2;71;0;71m[38;2;0;0;0m▅[48;2;71;0;71m[38;2;0;0;0m▅[48;2;71;0;42m[38;2;0;0;0m▆[48;2;71;0;42m[38;2;0;0;0m▇[48;2;0;0;0m[38;2;0;0;0m [48;2;0;0;0m[38;2;0;0;0m [48;2;40;40;40m[38;2;54;54;54m▁[48;2;101;101;101m[38;2;54;54;54m▘[48;2;159;159;159m[38;2;129;129;129m▘[48;2;159;159;159m[38;2;159;159;159m [48;2;188;188;188m[38;2;188;188;188m [48;2;188;188;188m[38;2;188;188;188m [48;2;188;188;188m[38;2;188;188;188m [48;2;188;188;188m[38;2;188;188;188m [48;2;188;188;188m[38;2;188;188;188m [48;2;188;188;188m[38;2;188;188;188m [48;2;188;188;188m[38;2;188;188;188m [48;2;188;188;188m[38;2;188;188;188m [48;2;188;188;188m[38;2;188;188;188m [48;2;188;188;188m[38;2;188;188;188m [48;2;210;210;210m[38;2;188;188;188m▇[48;2;210;210;210m[38;2;210;210;210m [48;2;210;210;210m[38;2;210;210;210m [48;2;210;210;210m[38;2;210;210;210m [48;2;188;188;188m[38;2;188;188;188m [48;2;188;188;188m[38;2;188;188;188m [48;2;188;188;188m[38;2;188;188;188m [48;2;188;188;188m[38;2;188;188;188m [48;2;188;188;188m[38;2;188;188;188m [48;2;188;188;188m[38;2;188;188;188m [48;2;188;188;188m[38;2;159;159;159m▗[48;2;159;159;159m[38;2;159;159;159m [48;2;159;159;159m[38;2;129;129;129m▅[48;2;159;159;159m[38;2;129;129;129m▃[48;2;159;159;159m[38;2;129;129;129m▇[48;2;129;129;129m[38;2;129;129;129m [48;2;129;129;129m[38;2;77;77;77m▁[48;2;159;159;159m[38;2;101;101;101m▅[48;2;129;129;129m[38;2;129;129;129m [48;2;129;129;129m[38;2;129;129;129m [48;2;129;129;129m[38;2;129;129;129m [48;2;129;129;129m[38;2;129;129;129m [48;2;129;129;129m[38;2;129;129;129m [48;2;129;129;129m[38;2;129;129;129m [48;2;129;129;129m[38;2;129;129;129m [48;2;129;129;129m[38;2;129;129;129m [48;2;129;129;129m[38;2;129;129;129m [48;2;129;129;129m[38;2;129;129;129m [48;2;129;129;129m[38;2;129;129;129m [48;2;129;129;129m[38;2;129;129;129m [48;2;129;129;129m[38;2;129;129;129m [48;2;129;129;129m[38;2;129;129;129m [48;2;129;129;129m[38;2;129;129;129m [48;2;129;129;129m[38;2;77;77;77m▁[48;2;101;101;101m[38;2;0;0;0m▗[48;2;54;54;54m[38;2;0;0;0m▅[48;2;54;54;54m[38;2;0;0;0m▌[48;2;101;101;101m[38;2;77;77;77m▌[48;2;129;129;129m[38;2;101;101;101m▊[48;2;129;129;129m[38;2;129;129;129m [48;2;129;129;129m[38;2;159;159;159m▗[48;2;159;159;159m[38;2;129;129;129m▝[48;2;129;129;129m[38;2;129;129;129m [48;2;101;101;101m[38;2;101;101;101m [48;2;101;101;101m[38;2;101;101;101m [48;2;77;77;77m[38;2;77;77;77m [48;2;77;77;77m[38;2;54;54;54m▂[48;2;40;40;40m[38;2;54;54;54m▌[48;2;77;77;77m[38;2;54;54;54m▌[48;2;101;101;101m[38;2;101;101;101m [48;2;77;77;77m[38;2;101;101;101m▇[48;2;0;0;127m[38;2;77;77;77m▄[0m
[48;2;77;77;77m[38;2;129;129;129m▃[48;2;77;77;77m[38;2;54;54;54m▝[48;2;40;40;40m[38;2;54;54;54m▖[48;2;40;40;40m[38;2;40;40;40m [48;2;0;0;0m[38;2;0;0;0m [48;2;0;0;0m[38;2;0;0;0m [48;2;0;0;0m[38;2;0;0;0m [48;2;0;0;0m[38;2;0;0;0m [48;2;0;0;0m[38;2;0;0;0m [48;2;0;0;0m[38;2;0;0;0m [48;2;0;0;0m[38;2;0;0;0m [48;2;0;0;0m[38;2;0;0;0m [48;2;0;0;0m[38;2;40;40;40m▗[48;2;54;54;54m[38;2;0;0;0m▌[48;2;101;101;101m[38;2;77;77;77m▊[48;2;129;129;129m[38;2;101;101;101m▘[48;2;159;159;159m[38;2;129;129;129m▘[48;2;188;188;188m[38;2;159;159;159m▌[48;2;188;188;188m[38;2;188;188;188m [48;2;188;188;188m[38;2;188;188;188m [48;2;188;188;188m[38;2;188;188;188m [48;2;188;188;188m[38;2;188;188;188m [48;2;188;188;188m[38;2;188;188;188m [48;2;188;188;188m[38;2;188;188;188m [48;2;188;188;188m[38;2;188;188;188m [48;2;188;188;188m[38;2;188;188;188m [48;2;188;188;188m[38;2;188;188;188m [48;2;188;188;188m[38;2;188;188;188m [48;2;188;188;188m[38;2;188;188;188m [48;2;188;188;188m[38;2;188;188;188m [48;2;188;188;188m[38;2;188;188;188m [48;2;188;188;188m[38;2;210;210;210m▁[48;2;188;188;188m[38;2;210;210;210m▁[48;2;188;188;188m[38;2;210;210;210m▁[48;2;188;188;188m[38;2;188;188;188m [48;2;188;188;188m[38;2;188;188;188m [48;2;188;188;188m[38;2;188;188;188m [48;2;188;188;188m[38;2;188;188;188m [48;2;159;159;159m[38;2;188;188;188m▘[48;2;159;159;159m[38;2;159;159;159m [48;2;159;159;159m[38;2;159;159;159m [48;2;159;159;159m[38;2;129;129;129m▝[48;2;129;129;129m[38;2;101;101;101m▝[48;2;77;77;77m[38;2;77;77;77m [48;2;77;77;77m[38;2;77;77;77m [48;2;101;101;101m[38;2;0;0;0m▃[48;2;101;101;101m[38;2;0;0;0m▂[48;2;129;129;129m[38;2;77;77;77m▃[48;2;129;129;129m[38;2;101;101;101m▃[48;2;129;129;129m[38;2;77;77;77m▂[48;2;129;129;129m[38;2;77;77;77m▂[48;2;129;129;129m[38;2;77;77;77m▂[48;2;129;129;129m[38;2;77;77;77m▂[48;2;129;129;129m[38;2;77;77;77m▂[48;2;129;129;129m[38;2;54;54;54m▂[48;2;129;129;129m[38;2;54;54;54m▂[48;2;129;129;129m[38;2;54;54;54m▃[48;2;129;129;129m[38;2;0;0;0m▃[48;2;101;101;101m[38;2;0;0;0m▃[48;2;101;101;101m[38;2;0;0;0m▅[48;2;77;77;77m[38;2;0;0;0m▅[48;2;0;0;0m[38;2;0;0;0m [48;2;0;0;0m[38;2;0;0;0m [48;2;0;0;0m[38;2;54;54;54m▃[48;2;101;101;101m[38;2;54;54;54m▘[48;2;101;101;101m[38;2;101;101;101m [48;2;129;129;129m[38;2;129;129;129m [48;2;129;129;129m[38;2;129;129;129m [48;2;159;159;159m[38;2;129;129;129m▖[48;2;159;159;159m[38;2;129;129;129m▗[48;2;129;129;129m[38;2;129;129;129m [48;2;101;101;101m[38;2;129;129;129m▘[48;2;101;101;101m[38;2;77;77;77m▅[48;2;77;77;77m[38;2;77;77;77m [48;2;0;0;0m[38;2;54;54;54m▌[48;2;40;40;40m[38;2;0;0;0m▌[48;2;77;77;77m[38;2;54;54;54m▌[48;2;77;77;77m[38;2;77;77;77m [48;2;101;101;101m[38;2;101;101;101m [48;2;77;77;77m[38;2;101;101;101m▅[0m
[48;2;129;129;129m[38;2;129;129;129m [48;2;129;129;129m[38;2;101;101;101m▝[48;2;54;54;54m[38;2;101;101;101m▆[48;2;40;40;40m[38;2;54;54;54m▌[48;2;0;0;0m[38;2;40;40;40m▖[48;2;0;0;0m[38;2;0;0;0m [48;2;0;0;0m[38;2;0;0;0m [48;2;0;0;0m[38;2;0;0;0m [48;2;0;0;0m[38;2;0;0;0m [48;2;0;0;0m[38;2;0;0;0m [48;2;0;0;0m[38;2;0;0;0m [48;2;40;40;40m[38;2;0;0;0m▌[48;2;40;40;40m[38;2;54;54;54m▅[48;2;101;101;101m[38;2;77;77;77m▊[48;2;101;101;101m[38;2;129;129;129m▗[48;2;159;159;159m[38;2;129;129;129m▊[48;2;159;159;159m[38;2;159;159;159m [48;2;188;188;188m[38;2;159;159;159m▆[48;2;159;159;159m[38;2;159;159;159m [48;2;159;159;159m[38;2;159;159;159m [48;2;188;188;188m[38;2;188;188;188m [48;2;188;188;188m[38;2;188;188;188m [48;2;188;188;188m[38;2;188;188;188m [48;2;188;188;188m[38;2;188;188;188m [48;2;188;188;188m[38;2;188;188;188m [48;2;188;188;188m[38;2;188;188;188m [48;2;188;188;188m[38;2;188;188;188m [48;2;188;188;188m[38;2;188;188;188m [48;2;188;188;188m[38;2;188;188;188m [48;2;188;188;188m[38;2;210;210;210m▅[48;2;210;210;210m[38;2;210;210;210m [48;2;210;210;210m[38;2;210;210;210m [48;2;210;210;210m[38;2;210;210;210m [48;2;210;210;210m[38;2;210;210;210m [48;2;188;188;188m[38;2;210;210;210m▅[48;2;188;188;188m[38;2;188;188;188m [48;2;188;188;188m[38;2;188;188;188m [48;2;188;188;188m[38;2;188;188;188m [48;2;188;188;188m[38;2;188;188;188m [48;2;159;159;159m[38;2;188;188;188m▄[48;2;159;159;159m[38;2;188;188;188m▃[48;2;159;159;159m[38;2;188;188;188m▃[48;2;159;159;159m[38;2;159;159;159m [48;2;101;101;101m[38;2;159;159;159m▅[48;2;54;54;54m[38;2;159;159;159m▄[48;2;0;0;0m[38;2;129;129;129m▃[48;2;0;0;0m[38;2;101;101;101m▁[48;2;0;0;0m[38;2;0;0;0m [48;2;0;0;0m[38;2;0;0;0m [48;2;0;0;0m[38;2;0;0;0m [48;2;0;0;0m[38;2;0;0;0m [48;2;0;0;0m[38;2;0;0;0m [48;2;0;0;0m[38;2;0;0;0m [48;2;0;0;0m[38;2;0;0;0m [48;2;0;0;0m[38;2;0;0;0m [48;2;0;0;0m[38;2;0;0;0m [48;2;0;0;0m[38;2;0;0;0m [48;2;0;0;0m[38;2;0;0;0m [48;2;0;0;0m[38;2;0;0;0m [48;2;0;0;0m[38;2;0;0;0m [48;2;0;0;0m[38;2;0;0;0m [48;2;0;0;0m[38;2;0;0;0m [48;2;54;54;54m[38;2;0;0;0m▘[48;2;77;77;77m[38;2;101;101;101m▅[48;2;101;101;101m[38;2;129;129;129m▅[48;2;129;129;129m[38;2;129;129;129m [48;2;129;129;129m[38;2;129;129;129m [48;2;129;129;129m[38;2;159;159;159m▗[48;2;129;129;129m[38;2;159;159;159m▘[48;2;129;129;129m[38;2;129;129;129m [48;2;129;129;129m[38;2;101;101;101m▗[48;2;101;101;101m[38;2;101;101;101m [48;2;77;77;77m[38;2;77;77;77m [48;2;19;19;19m[38;2;54;54;54m▌[48;2;0;0;0m[38;2;0;0;0m [48;2;0;0;0m[38;2;40;40;40m▌[48;2;77;77;77m[38;2;54;54;54m▊[48;2;101;101;101m[38;2;101;101;101m [48;2;101;101;101m[38;2;101;101;101m [48;2;101;101;101m[38;2;101;101;101m [0m
[48;2;129;129;129m[38;2;129;129;129m [48;2;129;129;129m[38;2;129;129;129m [48;2;101;101;101m[38;2;129;129;129m▌[48;2;77;77;77m[38;2;77;77;77m [48;2;40;40;40m[38;2;54;54;54m▅[48;2;0;0;0m[38;2;40;40;40m▃[48;2;0;0;0m[38;2;0;0;0m [48;2;0;0;0m[38;2;0;0;0m [48;2;0;0;0m[38;2;0;0;0m [48;2;0;0;0m[38;2;0;0;0m [48;2;0;0;0m[38;2;0;0;0m [48;2;40;40;40m[38;2;40;40;40m [48;2;77;77;77m[38;2;54;54;54m▌[48;2;101;101;101m[38;2;77;77;77m▊[48;2;101;101;101m[38;2;101;101;101m [48;2;129;129;129m[38;2;129;129;129m [48;2;159;159;159m[38;2;129;129;129m▃[48;2;159;159;159m[38;2;144;144;144m▂[48;2;159;159;159m[38;2;159;159;159m [48;2;159;159;159m[38;2;159;159;159m [48;2;159;159;159m[38;2;159;159;159m [48;2;159;159;159m[38;2;159;159;159m [48;2;188;188;188m[38;2;159;159;159m▅[48;2;188;188;188m[38;2;159;159;159m▇[48;2;188;188;188m[38;2;159;159;159m▖[48;2;188;188;188m[38;2;188;188;188m [48;2;159;159;159m[38;2;188;188;188m▅[48;2;188;188;188m[38;2;159;159;159m▄[48;2;188;188;188m[38;2;173;173;173m▂[48;2;210;210;210m[38;2;188;188;188m▄[48;2;210;210;210m[38;2;210;210;210m [48;2;210;210;210m[38;2;210;210;210m [48;2;210;210;210m[38;2;210;210;210m [48;2;210;210;210m[38;2;210;210;210m [48;2;210;210;210m[38;2;210;210;210m [48;2;210;210;210m[38;2;210;210;210m [48;2;210;210;210m[38;2;210;210;210m [48;2;188;188;188m[38;2;210;210;210m▂[48;2;188;188;188m[38;2;188;188;188m [48;2;188;188;188m[38;2;188;188;188m [48;2;188;188;188m[38;2;188;188;188m [48;2;188;188;188m[38;2;188;188;188m [48;2;188;188;188m[38;2;188;188;188m [48;2;188;188;188m[38;2;188;188;188m [48;2;188;188;188m[38;2;210;210;210m▆[48;2;159;159;159m[38;2;210;210;210m▆[48;2;101;101;101m[38;2;188;188;188m▆[48;2;0;0;0m[38;2;159;159;159m▆[48;2;0;0;0m[38;2;129;129;129m▅[48;2;0;0;0m[38;2;129;129;129m▄[48;2;0;0;0m[38;2;101;101;101m▃[48;2;0;0;0m[38;2;101;101;101m▃[48;2;0;0;0m[38;2;129;129;129m▂[48;2;0;0;0m[38;2;77;77;77m▃[48;2;0;0;0m[38;2;101;101;101m▃[48;2;0;0;0m[38;2;101;101;101m▃[48;2;0;0;0m[38;2;101;101;101m▃[48;2;0;0;0m[38;2;101;101;101m▄[48;2;0;0;0m[38;2;101;101;101m▄[48;2;0;0;0m[38;2;101;101;101m▄[48;2;54;54;54m[38;2;101;101;101m▅[48;2;77;77;77m[38;2;101;101;101m▆[48;2;101;101;101m[38;2;129;129;129m▅[48;2;129;129;129m[38;2;129;129;129m [48;2;129;129;129m[38;2;129;129;129m [48;2;129;129;129m[38;2;129;129;129m [48;2;129;129;129m[38;2;129;129;129m [48;2;129;129;129m[38;2;129;129;129m [48;2;129;129;129m[38;2;129;129;129m [48;2;129;129;129m[38;2;129;129;129m [48;2;101;101;101m[38;2;101;101;101m [48;2;101;101;101m[38;2;101;101;101m [48;2;101;101;101m[38;2;77;77;77m▃[48;2;0;0;0m[38;2;0;0;0m [48;2;40;40;40m[38;2;0;0;0m▌[48;2;54;54;54m[38;2;0;0;0m▘[48;2;77;77;77m[38;2;54;54;54m▊[48;2;101;101;101m[38;2;101;101;101m [48;2;101;101;101m[38;2;101;101;101m [48;2;101;101;101m[38;2;101;101;101m [0m
[48;2;129;129;129m[38;2;129;129;129m [48;2;129;129;129m[38;2;115;115;115m╸[48;2;101;101;101m[38;2;129;129;129m▅[48;2;77;77;77m[38;2;101;101;101m▌[48;2;77;77;77m[38;2;77;77;77m [48;2;40;40;40m[38;2;54;54;54m▅[48;2;40;40;40m[38;2;54;54;54m▅[48;2;40;40;40m[38;2;77;77;77m▖[48;2;0;0;0m[38;2;40;40;40m▃[48;2;0;0;0m[38;2;40;40;40m▃[48;2;0;0;0m[38;2;40;40;40m▃[48;2;0;0;0m[38;2;40;40;40m▅[48;2;0;0;0m[38;2;54;54;54m▝[48;2;77;77;77m[38;2;54;54;54m▃[48;2;101;101;101m[38;2;77;77;77m▅[48;2;101;101;101m[38;2;77;77;77m▖[48;2;129;129;129m[38;2;101;101;101m▅[48;2;129;129;129m[38;2;101;101;101m▂[48;2;129;129;129m[38;2;129;129;129m [48;2;159;159;159m[38;2;129;129;129m▅[48;2;159;159;159m[38;2;144;144;144m▂[48;2;159;159;159m[38;2;159;159;159m [48;2;159;159;159m[38;2;159;159;159m [48;2;159;159;159m[38;2;159;159;159m [48;2;159;159;159m[38;2;159;159;159m [48;2;188;188;188m[38;2;188;188;188m [48;2;188;188;188m[38;2;188;188;188m [48;2;188;188;188m[38;2;188;188;188m [48;2;159;159;159m[38;2;188;188;188m▆[48;2;188;188;188m[38;2;159;159;159m▘[48;2;188;188;188m[38;2;188;188;188m [48;2;188;188;188m[38;2;188;188;188m [48;2;188;188;188m[38;2;210;210;210m▝[48;2;210;210;210m[38;2;210;210;210m [48;2;210;210;210m[38;2;210;210;210m [48;2;210;210;210m[38;2;210;210;210m [48;2;210;210;210m[38;2;210;210;210m [48;2;210;210;210m[38;2;210;210;210m [48;2;210;210;210m[38;2;210;210;210m [48;2;210;210;210m[38;2;210;210;210m [48;2;188;188;188m[38;2;210;210;210m▅[48;2;188;188;188m[38;2;188;188;188m [48;2;210;210;210m[38;2;188;188;188m▌[48;2;210;210;210m[38;2;210;210;210m [48;2;210;210;210m[38;2;210;210;210m [48;2;210;210;210m[38;2;210;210;210m [48;2;210;210;210m[38;2;210;210;210m [48;2;210;210;210m[38;2;210;210;210m [48;2;210;210;210m[38;2;210;210;210m [48;2;210;210;210m[38;2;188;188;188m▝[48;2;188;188;188m[38;2;210;210;210m▆[48;2;159;159;159m[38;2;210;210;210m▇[48;2;159;159;159m[38;2;210;210;210m▆[48;2;129;129;129m[38;2;210;210;210m▆[48;2;159;159;159m[38;2;188;188;188m▅[48;2;159;159;159m[38;2;188;188;188m▆[48;2;159;159;159m[38;2;188;188;188m▅[48;2;159;159;159m[38;2;188;188;188m▅[48;2;159;159;159m[38;2;188;188;188m▅[48;2;159;159;159m[38;2;159;159;159m [48;2;129;129;129m[38;2;159;159;159m▅[48;2;159;159;159m[38;2;159;159;159m [48;2;129;129;129m[38;2;129;129;129m [48;2;129;129;129m[38;2;129;129;129m [48;2;129;129;129m[38;2;129;129;129m [48;2;129;129;129m[38;2;129;129;129m [48;2;101;101;101m[38;2;101;101;101m [48;2;129;129;129m[38;2;101;101;101m▖[48;2;129;129;129m[38;2;129;129;129m [48;2;129;129;129m[38;2;101;101;101m▗[48;2;101;101;101m[38;2;101;101;101m [48;2;77;77;77m[38;2;54;54;54m▃[48;2;0;0;0m[38;2;40;40;40m▘[48;2;0;0;0m[38;2;0;0;0m [48;2;40;40;40m[38;2;0;0;0m▅[48;2;54;54;54m[38;2;54;54;54m [48;2;101;101;101m[38;2;77;77;77m▊[48;2;77;77;77m[38;2;101;101;101m▅[48;2;101;101;101m[38;2;101;101;101m [48;2;101;101;101m[38;2;101;101;101m [0m
[48;2;129;129;129m[38;2;159;159;159m▂[48;2;129;129;129m[38;2;129;129;129m [48;2;129;129;129m[38;2;129;129;129m [48;2;101;101;101m[38;2;101;101;101m [48;2;77;77;77m[38;2;101;101;101m▃[48;2;77;77;77m[38;2;101;101;101m▃[48;2;77;77;77m[38;2;77;77;77m [48;2;54;54;54m[38;2;77;77;77m▌[48;2;54;54;54m[38;2;54;54;54m [48;2;40;40;40m[38;2;54;54;54m▅[48;2;40;40;40m[38;2;54;54;54m▃[48;2;40;40;40m[38;2;54;54;54m▂[48;2;40;40;40m[38;2;54;54;54m▂[48;2;40;40;40m[38;2;40;40;40m [48;2;54;54;54m[38;2;40;40;40m▆[48;2;77;77;77m[38;2;54;54;54m▅[48;2;101;101;101m[38;2;54;54;54m▃[48;2;101;101;101m[38;2;77;77;77m▂[48;2;101;101;101m[38;2;77;77;77m▂[48;2;129;129;129m[38;2;101;101;101m▅[48;2;129;129;129m[38;2;101;101;101m▂[48;2;129;129;129m[38;2;129;129;129m [48;2;159;159;159m[38;2;129;129;129m▖[48;2;159;159;159m[38;2;159;159;159m [48;2;159;159;159m[38;2;159;159;159m [48;2;159;159;159m[38;2;159;159;159m [48;2;159;159;159m[38;2;188;188;188m▝[48;2;188;188;188m[38;2;188;188;188m [48;2;188;188;188m[38;2;188;188;188m [48;2;188;188;188m[38;2;188;188;188m [48;2;188;188;188m[38;2;188;188;188m [48;2;188;188;188m[38;2;188;188;188m [48;2;188;188;188m[38;2;188;188;188m [48;2;188;188;188m[38;2;188;188;188m [48;2;210;210;210m[38;2;188;188;188m▇[48;2;210;210;210m[38;2;188;188;188m▆[48;2;210;210;210m[38;2;188;188;188m▅[48;2;210;210;210m[38;2;188;188;188m▃[48;2;210;210;210m[38;2;210;210;210m [48;2;210;210;210m[38;2;188;188;188m▃[48;2;188;188;188m[38;2;188;188;188m [48;2;210;210;210m[38;2;188;188;188m▃[48;2;210;210;210m[38;2;188;188;188m▅[48;2;210;210;210m[38;2;210;210;210m [48;2;210;210;210m[38;2;210;210;210m [48;2;210;210;210m[38;2;210;210;210m [48;2;210;210;210m[38;2;210;210;210m [48;2;210;210;210m[38;2;210;210;210m [48;2;210;210;210m[38;2;210;210;210m [48;2;210;210;210m[38;2;210;210;210m [48;2;210;210;210m[38;2;210;210;210m [48;2;226;226;226m[38;2;210;210;210m▂[48;2;210;210;210m[38;2;210;210;210m [48;2;210;210;210m[38;2;210;210;210m [48;2;210;210;210m[38;2;210;210;210m [48;2;210;210;210m[38;2;188;188;188m▝[48;2;210;210;210m[38;2;210;210;210m [48;2;188;188;188m[38;2;188;188;188m [48;2;188;188;188m[38;2;188;188;188m [48;2;188;188;188m[38;2;188;188;188m [48;2;159;159;159m[38;2;159;159;159m [48;2;159;159;159m[38;2;159;159;159m [48;2;159;159;159m[38;2;159;159;159m [48;2;129;129;129m[38;2;129;129;129m [48;2;129;129;129m[38;2;129;129;129m [48;2;129;129;129m[38;2;77;77;77m▗[48;2;77;77;77m[38;2;71;0;0m▃[48;2;101;101;101m[38;2;116;0;69m▌[48;2;101;101;101m[38;2;129;129;129m▌[48;2;101;101;101m[38;2;77;77;77m▂[48;2;77;77;77m[38;2;54;54;54m┏[48;2;0;0;0m[38;2;54;54;54m▘[48;2;0;0;0m[38;2;0;0;0m [48;2;40;40;40m[38;2;0;0;0m▗[48;2;0;0;0m[38;2;54;54;54m▃[48;2;77;77;77m[38;2;77;77;77m [48;2;77;77;77m[38;2;101;101;101m▇[48;2;101;101;101m[38;2;101;101;101m [48;2;101;101;101m[38;2;101;101;101m [48;2;101;101;101m[38;2;101;101;101m [0m
[48;2;159;159;159m[38;2;159;159;159m [48;2;159;159;159m[38;2;159;159;159m [48;2;129;129;129m[38;2;159;159;159m▂[48;2;129;129;129m[38;2;129;129;129m [48;2;101;101;101m[38;2;129;129;129m▃[48;2;101;101;101m[38;2;101;101;101m [48;2;101;101;101m[38;2;101;101;101m [48;2;77;77;77m[38;2;101;101;101m▖[48;2;77;77;77m[38;2;77;77;77m [48;2;77;77;77m[38;2;77;77;77m [48;2;77;77;77m[38;2;77;77;77m [48;2;77;77;77m[38;2;101;101;101m▆[48;2;77;77;77m[38;2;101;101;101m▅[48;2;77;77;77m[38;2;101;101;101m▅[48;2;54;54;54m[38;2;77;77;77m▃[48;2;40;40;40m[38;2;77;77;77m▁[48;2;40;40;40m[38;2;40;40;40m [48;2;54;54;54m[38;2;40;40;40m▆[48;2;54;54;54m[38;2;40;40;40m▅[48;2;101;101;101m[38;2;54;54;54m▅[48;2;101;101;101m[38;2;77;77;77m▅[48;2;101;101;101m[38;2;77;77;77m▂[48;2;129;129;129m[38;2;101;101;101m▂[48;2;159;159;159m[38;2;129;129;129m▆[48;2;159;159;159m[38;2;129;129;129m▃[48;2;159;159;159m[38;2;129;129;129m▖[48;2;188;188;188m[38;2;159;159;159m▃[48;2;159;159;159m[38;2;159;159;159m [48;2;188;188;188m[38;2;159;159;159m▅[48;2;188;188;188m[38;2;159;159;159m▃[48;2;188;188;188m[38;2;173;173;173m▂[48;2;188;188;188m[38;2;188;188;188m [48;2;188;188;188m[38;2;188;188;188m [48;2;188;188;188m[38;2;188;188;188m [48;2;188;188;188m[38;2;188;188;188m [48;2;188;188;188m[38;2;188;188;188m [48;2;188;188;188m[38;2;188;188;188m [48;2;188;188;188m[38;2;188;188;188m [48;2;188;188;188m[38;2;188;188;188m [48;2;188;188;188m[38;2;188;188;188m [48;2;188;188;188m[38;2;188;188;188m [48;2;188;188;188m[38;2;188;188;188m [48;2;188;188;188m[38;2;188;188;188m [48;2;188;188;188m[38;2;188;188;188m [48;2;210;210;210m[38;2;188;188;188m▅[48;2;210;210;210m[38;2;188;188;188m▖[48;2;210;210;210m[38;2;188;188;188m▗[48;2;210;210;210m[38;2;210;210;210m [48;2;210;210;210m[38;2;188;188;188m▁[48;2;210;210;210m[38;2;188;188;188m▁[48;2;210;210;210m[38;2;210;210;210m [48;2;210;210;210m[38;2;210;210;210m [48;2;210;210;210m[38;2;210;210;210m [48;2;210;210;210m[38;2;188;188;188m▅[48;2;210;210;210m[38;2;188;188;188m▅[48;2;210;210;210m[38;2;210;210;210m [48;2;188;188;188m[38;2;188;188;188m [48;2;188;188;188m[38;2;188;188;188m [48;2;188;188;188m[38;2;159;159;159m▅[48;2;159;159;159m[38;2;159;159;159m [48;2;159;159;159m[38;2;159;159;159m [48;2;159;159;159m[38;2;159;159;159m [48;2;129;129;129m[38;2;159;159;159m▎[48;2;129;129;129m[38;2;129;129;129m [48;2;129;129;129m[38;2;129;129;129m [48;2;101;101;101m[38;2;101;101;101m [48;2;77;77;77m[38;2;101;101;101m▅[48;2;101;101;101m[38;2;101;101;101m [48;2;101;101;101m[38;2;77;77;77m▃[48;2;77;77;77m[38;2;54;54;54m▗[48;2;0;0;0m[38;2;54;54;54m▘[48;2;0;0;0m[38;2;0;0;0m [48;2;0;0;0m[38;2;40;40;40m▗[48;2;54;54;54m[38;2;0;0;0m▘[48;2;77;77;77m[38;2;54;54;54m▊[48;2;77;77;77m[38;2;101;101;101m▇[48;2;77;77;77m[38;2;77;77;77m [48;2;77;77;77m[38;2;101;101;101m▅[48;2;101;101;101m[38;2;89;89;89m━[48;2;101;101;101m[38;2;101;101;101m [0m
[48;2;159;159;159m[38;2;159;159;159m [48;2;159;159;159m[38;2;144;144;144m╸[48;2;159;159;159m[38;2;159;159;159m [48;2;129;129;129m[38;2;159;159;159m▅[48;2;129;129;129m[38;2;129;129;129m [48;2;129;129;129m[38;2;129;129;129m [48;2;101;101;101m[38;2;129;129;129m▅[48;2;101;101;101m[38;2;101;101;101m [48;2;101;101;101m[38;2;101;101;101m [48;2;101;101;101m[38;2;101;101;101m [48;2;101;101;101m[38;2;101;101;101m [48;2;101;101;101m[38;2;101;101;101m [48;2;101;101;101m[38;2;129;129;129m▆[48;2;101;101;101m[38;2;129;129;129m▇[48;2;101;101;101m[38;2;101;101;101m [48;2;77;77;77m[38;2;101;101;101m▅[48;2;54;54;54m[38;2;101;101;101m▄[48;2;40;40;40m[38;2;77;77;77m▃[48;2;0;0;0m[38;2;40;40;40m▂[48;2;0;0;0m[38;2;0;0;0m [48;2;0;0;0m[38;2;0;0;0m [48;2;54;54;54m[38;2;0;0;0m▅[48;2;77;77;77m[38;2;0;0;0m▅[48;2;101;101;101m[38;2;54;54;54m▅[48;2;101;101;101m[38;2;54;54;54m▂[48;2;129;129;129m[38;2;77;77;77m▁[48;2;159;159;159m[38;2;129;129;129m▂[48;2;159;159;159m[38;2;129;129;129m▃[48;2;159;159;159m[38;2;159;159;159m [48;2;159;159;159m[38;2;159;159;159m [48;2;159;159;159m[38;2;159;159;159m [48;2;159;159;159m[38;2;159;159;159m [48;2;188;188;188m[38;2;159;159;159m▇[48;2;188;188;188m[38;2;159;159;159m▅[48;2;188;188;188m[38;2;173;173;173m▂[48;2;188;188;188m[38;2;173;173;173m▁[48;2;188;188;188m[38;2;188;188;188m [48;2;188;188;188m[38;2;159;159;159m▖[48;2;188;188;188m[38;2;188;188;188m [48;2;188;188;188m[38;2;188;188;188m [48;2;188;188;188m[38;2;159;159;159m▂[48;2;188;188;188m[38;2;188;188;188m [48;2;188;188;188m[38;2;188;188;188m [48;2;188;188;188m[38;2;188;188;188m [48;2;188;188;188m[38;2;188;188;188m [48;2;188;188;188m[38;2;188;188;188m [48;2;188;188;188m[38;2;188;188;188m [48;2;188;188;188m[38;2;188;188;188m [48;2;188;188;188m[38;2;188;188;188m [48;2;188;188;188m[38;2;188;188;188m [48;2;210;210;210m[38;2;188;188;188m▅[48;2;188;188;188m[38;2;188;188;188m [48;2;210;210;210m[38;2;188;188;188m▃[48;2;188;188;188m[38;2;188;188;188m [48;2;188;188;188m[38;2;159;159;159m▖[48;2;188;188;188m[38;2;159;159;159m▗[48;2;188;188;188m[38;2;159;159;159m▂[48;2;159;159;159m[38;2;159;159;159m [48;2;159;159;159m[38;2;159;159;159m [48;2;159;159;159m[38;2;159;159;159m [48;2;159;159;159m[38;2;159;159;159m [48;2;159;159;159m[38;2;129;129;129m▂[48;2;129;129;129m[38;2;129;129;129m [48;2;129;129;129m[38;2;129;129;129m [48;2;129;129;129m[38;2;101;101;101m▗[48;2;101;101;101m[38;2;101;101;101m [48;2;101;101;101m[38;2;77;77;77m▂[48;2;77;77;77m[38;2;101;101;101m▘[48;2;77;77;77m[38;2;0;0;0m▃[48;2;0;0;0m[38;2;0;0;0m [48;2;0;0;0m[38;2;0;0;0m [48;2;0;0;0m[38;2;40;40;40m▅[48;2;40;40;40m[38;2;54;54;54m▂[48;2;77;77;77m[38;2;54;54;54m▊[48;2;77;77;77m[38;2;77;77;77m [48;2;101;101;101m[38;2;101;101;101m [48;2;101;101;101m[38;2;101;101;101m [48;2;101;101;101m[38;2;101;101;101m [48;2;101;101;101m[38;2;77;77;77m▃[48;2;101;101;101m[38;2;77;77;77m▅[0m
[48;2;159;159;159m[38;2;159;159;159m [48;2;159;159;159m[38;2;159;159;159m [48;2;159;159;159m[38;2;159;159;159m [48;2;159;159;159m[38;2;159;159;159m [48;2;159;159;159m[38;2;159;159;159m [48;2;129;129;129m[38;2;159;159;159m▅[48;2;129;129;129m[38;2;159;159;159m▅[48;2;129;129;129m[38;2;129;129;129m [48;2;129;129;129m[38;2;159;159;159m▂[48;2;129;129;129m[38;2;129;129;129m [48;2;129;129;129m[38;2;129;129;129m [48;2;129;129;129m[38;2;129;129;129m [48;2;129;129;129m[38;2;129;129;129m [48;2;129;129;129m[38;2;129;129;129m [48;2;129;129;129m[38;2;129;129;129m [48;2;129;129;129m[38;2;129;129;129m [48;2;101;101;101m[38;2;129;129;129m▅[48;2;101;101;101m[38;2;129;129;129m▅[48;2;54;54;54m[38;2;101;101;101m▅[48;2;40;40;40m[38;2;77;77;77m▄[48;2;0;0;0m[38;2;54;54;54m▃[48;2;0;0;0m[38;2;0;0;0m [48;2;0;0;0m[38;2;0;0;0m [48;2;0;0;0m[38;2;0;0;0m [48;2;0;0;0m[38;2;0;0;0m [48;2;54;54;54m[38;2;0;0;0m▃[48;2;101;101;101m[38;2;0;0;0m▅[48;2;101;101;101m[38;2;54;54;54m▃[48;2;129;129;129m[38;2;101;101;101m▅[48;2;159;159;159m[38;2;101;101;101m▅[48;2;159;159;159m[38;2;101;101;101m▂[48;2;159;159;159m[38;2;129;129;129m▂[48;2;159;159;159m[38;2;129;129;129m▃[48;2;159;159;159m[38;2;159;159;159m [48;2;159;159;159m[38;2;159;159;159m [48;2;159;159;159m[38;2;159;159;159m [48;2;159;159;159m[38;2;159;159;159m [48;2;159;159;159m[38;2;159;159;159m [48;2;159;159;159m[38;2;159;159;159m [48;2;188;188;188m[38;2;159;159;159m▆[48;2;159;159;159m[38;2;159;159;159m [48;2;188;188;188m[38;2;188;188;188m [48;2;188;188;188m[38;2;159;159;159m▗[48;2;159;159;159m[38;2;159;159;159m [48;2;188;188;188m[38;2;159;159;159m▃[48;2;188;188;188m[38;2;159;159;159m▅[48;2;188;188;188m[38;2;159;159;159m▂[48;2;159;159;159m[38;2;159;159;159m [48;2;159;159;159m[38;2;159;159;159m [48;2;188;188;188m[38;2;159;159;159m▅[48;2;188;188;188m[38;2;159;159;159m▁[48;2;188;188;188m[38;2;159;159;159m▅[48;2;188;188;188m[38;2;159;159;159m▃[48;2;188;188;188m[38;2;159;159;159m▃[48;2;188;188;188m[38;2;159;159;159m▅[48;2;159;159;159m[38;2;159;159;159m [48;2;159;159;159m[38;2;159;159;159m [48;2;159;159;159m[38;2;159;159;159m [48;2;159;159;159m[38;2;129;129;129m▁[48;2;159;159;159m[38;2;129;129;129m▄[48;2;129;129;129m[38;2;129;129;129m [48;2;129;129;129m[38;2;129;129;129m [48;2;129;129;129m[38;2;101;101;101m▂[48;2;101;101;101m[38;2;77;77;77m▗[48;2;101;101;101m[38;2;77;77;77m▂[48;2;77;77;77m[38;2;54;54;54m▂[48;2;54;54;54m[38;2;0;0;0m▃[48;2;0;0;0m[38;2;0;0;0m [48;2;0;0;0m[38;2;0;0;0m [48;2;0;0;0m[38;2;0;0;0m [48;2;0;0;0m[38;2;0;0;0m [48;2;40;40;40m[38;2;40;40;40m [48;2;54;54;54m[38;2;54;54;54m [48;2;77;77;77m[38;2;77;77;77m [48;2;101;101;101m[38;2;77;77;77m▃[48;2;101;101;101m[38;2;89;89;89m━[48;2;101;101;101m[38;2;101;101;101m [48;2;77;77;77m[38;2;77;77;77m [48;2;77;77;77m[38;2;101;101;101m▃[48;2;77;77;77m[38;2;77;77;77m [0m
[48;2;159;159;159m[38;2;129;129;129m▖[48;2;159;159;159m[38;2;159;159;159m [48;2;159;159;159m[38;2;159;159;159m [48;2;159;159;159m[38;2;159;159;159m [48;2;159;159;159m[38;2;159;159;159m [48;2;159;159;159m[38;2;159;159;159m [48;2;159;159;159m[38;2;159;159;159m [48;2;129;129;129m[38;2;159;159;159m▌[48;2;159;159;159m[38;2;129;129;129m▅[48;2;129;129;129m[38;2;159;159;159m▚[48;2;129;129;129m[38;2;159;159;159m▆[48;2;159;159;159m[38;2;159;159;159m [48;2;159;159;159m[38;2;159;159;159m [48;2;129;129;129m[38;2;159;159;159m▅[48;2;129;129;129m[38;2;159;159;159m▃[48;2;129;129;129m[38;2;159;159;159m▅[48;2;129;129;129m[38;2;159;159;159m▂[48;2;129;129;129m[38;2;129;129;129m [48;2;129;129;129m[38;2;101;101;101m▝[48;2;101;101;101m[38;2;129;129;129m▅[48;2;77;77;77m[38;2;101;101;101m▆[48;2;54;54;54m[38;2;77;77;77m▃[48;2;0;0;0m[38;2;54;54;54m▅[48;2;0;0;0m[38;2;40;40;40m▃[48;2;0;0;0m[38;2;0;0;0m [48;2;0;0;0m[38;2;0;0;0m [48;2;0;0;0m[38;2;0;0;0m [48;2;0;0;0m[38;2;0;0;0m [48;2;54;54;54m[38;2;0;0;0m▆[48;2;77;77;77m[38;2;0;0;0m▅[48;2;77;77;77m[38;2;0;0;0m▃[48;2;101;101;101m[38;2;54;54;54m▂[48;2;129;129;129m[38;2;77;77;77m▃[48;2;129;129;129m[38;2;101;101;101m▅[48;2;159;159;159m[38;2;129;129;129m▅[48;2;129;129;129m[38;2;101;101;101m▃[48;2;129;129;129m[38;2;129;129;129m [48;2;129;129;129m[38;2;129;129;129m [48;2;129;129;129m[38;2;129;129;129m [48;2;159;159;159m[38;2;129;129;129m▆[48;2;159;159;159m[38;2;129;129;129m▂[48;2;159;159;159m[38;2;159;159;159m [48;2;159;159;159m[38;2;129;129;129m▁[48;2;101;101;101m[38;2;129;129;129m▘[48;2;101;101;101m[38;2;116;58;0m▃[48;2;159;159;159m[38;2;77;77;77m▂[48;2;159;159;159m[38;2;101;101;101m▃[48;2;159;159;159m[38;2;101;101;101m▖[48;2;159;159;159m[38;2;129;129;129m▃[48;2;159;159;159m[38;2;159;159;159m [48;2;159;159;159m[38;2;159;159;159m [48;2;159;159;159m[38;2;159;159;159m [48;2;159;159;159m[38;2;159;159;159m [48;2;159;159;159m[38;2;129;129;129m▅[48;2;159;159;159m[38;2;129;129;129m▃[48;2;159;159;159m[38;2;129;129;129m▅[48;2;159;159;159m[38;2;129;129;129m▆[48;2;129;129;129m[38;2;129;129;129m [48;2;129;129;129m[38;2;129;129;129m [48;2;129;129;129m[38;2;101;101;101m▂[48;2;129;129;129m[38;2;77;77;77m▃[48;2;101;101;101m[38;2;77;77;77m▃[48;2;77;77;77m[38;2;54;54;54m▃[48;2;77;77;77m[38;2;0;0;0m▅[48;2;54;54;54m[38;2;0;0;0m▅[48;2;0;0;0m[38;2;0;0;0m [48;2;0;0;0m[38;2;0;0;0m [48;2;0;0;0m[38;2;0;0;0m [48;2;0;0;0m[38;2;0;0;0m [48;2;0;0;0m[38;2;0;0;0m [48;2;40;40;40m[38;2;19;19;19m▌[48;2;54;54;54m[38;2;40;40;40m▌[48;2;54;54;54m[38;2;54;54;54m [48;2;77;77;77m[38;2;77;77;77m [48;2;77;77;77m[38;2;77;77;77m [48;2;77;77;77m[38;2;77;77;77m [48;2;101;101;101m[38;2;77;77;77m▗[48;2;101;101;101m[38;2;77;77;77m▅[48;2;101;101;101m[38;2;77;77;77m▅[48;2;101;101;101m[38;2;77;77;77m▅[0m
[48;2;159;159;159m[38;2;129;129;129m▖[48;2;129;129;129m[38;2;129;129;129m [48;2;159;159;159m[38;2;159;159;159m [48;2;159;159;159m[38;2;159;159;159m [48;2;159;159;159m[38;2;159;159;159m [48;2;159;159;159m[38;2;129;129;129m▝[48;2;159;159;159m[38;2;159;159;159m [48;2;159;159;159m[38;2;159;159;159m [48;2;159;159;159m[38;2;159;159;159m [48;2;159;159;159m[38;2;159;159;159m [48;2;159;159;159m[38;2;159;159;159m [48;2;159;159;159m[38;2;159;159;159m [48;2;159;159;159m[38;2;129;129;129m▝[48;2;159;159;159m[38;2;159;159;159m [48;2;159;159;159m[38;2;159;159;159m [48;2;159;159;159m[38;2;159;159;159m [48;2;159;159;159m[38;2;159;159;159m [48;2;129;129;129m[38;2;159;159;159m▆[48;2;159;159;159m[38;2;159;159;159m [48;2;129;129;129m[38;2;159;159;159m▅[48;2;129;129;129m[38;2;129;129;129m [48;2;101;101;101m[38;2;129;129;129m▅[48;2;101;101;101m[38;2;129;129;129m▅[48;2;77;77;77m[38;2;101;101;101m▅[48;2;40;40;40m[38;2;77;77;77m▄[48;2;40;40;40m[38;2;54;54;54m▃[48;2;0;0;0m[38;2;0;0;0m [48;2;0;0;0m[38;2;0;0;0m [48;2;0;0;0m[38;2;0;0;0m [48;2;0;0;0m[38;2;0;0;0m [48;2;0;0;0m[38;2;0;0;0m [48;2;0;0;0m[38;2;0;0;0m [48;2;0;0;0m[38;2;0;0;0m [48;2;77;77;77m[38;2;0;0;0m▆[48;2;77;77;77m[38;2;0;0;0m▅[48;2;77;77;77m[38;2;0;0;0m▅[48;2;101;101;101m[38;2;54;54;54m▃[48;2;101;101;101m[38;2;54;54;54m▃[48;2;101;101;101m[38;2;77;77;77m▂[48;2;129;129;129m[38;2;101;101;101m▂[48;2;129;129;129m[38;2;101;101;101m▅[48;2;129;129;129m[38;2;101;101;101m▅[48;2;129;129;129m[38;2;129;129;129m [48;2;101;101;101m[38;2;101;101;101m [48;2;101;101;101m[38;2;71;0;42m▝[48;2;71;0;42m[38;2;77;77;77m▃[48;2;77;77;77m[38;2;54;54;54m▘[48;2;101;101;101m[38;2;101;101;101m [48;2;129;129;129m[38;2;129;129;129m [48;2;129;129;129m[38;2;129;129;129m [48;2;129;129;129m[38;2;101;101;101m▃[48;2;129;129;129m[38;2;101;101;101m▂[48;2;129;129;129m[38;2;101;101;101m▃[48;2;129;129;129m[38;2;77;77;77m▂[48;2;101;101;101m[38;2;77;77;77m▂[48;2;129;129;129m[38;2;77;77;77m▅[48;2;101;101;101m[38;2;77;77;77m▅[48;2;101;101;101m[38;2;54;54;54m▃[48;2;77;77;77m[38;2;54;54;54m▅[48;2;77;77;77m[38;2;0;0;0m▄[48;2;54;54;54m[38;2;0;0;0m▃[48;2;54;54;54m[38;2;0;0;0m▅[48;2;0;0;0m[38;2;0;0;0m [48;2;0;0;0m[38;2;0;0;0m [48;2;0;0;0m[38;2;0;0;0m [48;2;0;0;0m[38;2;0;0;0m [48;2;0;0;0m[38;2;0;0;0m [48;2;0;0;0m[38;2;0;0;0m [48;2;0;0;0m[38;2;0;0;0m [48;2;0;0;0m[38;2;0;0;0m [48;2;0;0;0m[38;2;40;40;40m▌[48;2;54;54;54m[38;2;0;0;0m▌[48;2;54;54;54m[38;2;77;77;77m▝[48;2;77;77;77m[38;2;77;77;77m [48;2;77;77;77m[38;2;77;77;77m [48;2;77;77;77m[38;2;77;77;77m [48;2;77;77;77m[38;2;77;77;77m [48;2;77;77;77m[38;2;77;77;77m [48;2;77;77;77m[38;2;77;77;77m [48;2;77;77;77m[38;2;77;77;77m [0m
[48;2;129;129;129m[38;2;101;101;101m▅[48;2;129;129;129m[38;2;129;129;129m [48;2;159;159;159m[38;2;129;129;129m▅[48;2;159;159;159m[38;2;129;129;129m▘[48;2;159;159;159m[38;2;101;101;101m▃[48;2;159;159;159m[38;2;101;101;101m▅[48;2;159;159;159m[38;2;101;101;101m▅[48;2;129;129;129m[38;2;129;129;129m [48;2;159;159;159m[38;2;159;159;159m [48;2;159;159;159m[38;2;159;159;159m [48;2;159;159;159m[38;2;159;159;159m [48;2;159;159;159m[38;2;159;159;159m [48;2;159;159;159m[38;2;159;159;159m [48;2;159;159;159m[38;2;159;159;159m [48;2;159;159;159m[38;2;159;159;159m [48;2;159;159;159m[38;2;159;159;159m [48;2;159;159;159m[38;2;159;159;159m [48;2;159;159;159m[38;2;159;159;159m [48;2;159;159;159m[38;2;159;159;159m [48;2;159;159;159m[38;2;159;159;159m [48;2;159;159;159m[38;2;159;159;159m [48;2;159;159;159m[38;2;159;159;159m [48;2;129;129;129m[38;2;159;159;159m▅[48;2;129;129;129m[38;2;159;159;159m▃[48;2;129;129;129m[38;2;129;129;129m [48;2;77;77;77m[38;2;129;129;129m▅[48;2;77;77;77m[38;2;101;101;101m▅[48;2;54;54;54m[38;2;101;101;101m▄[48;2;54;54;54m[38;2;101;101;101m▂[48;2;0;0;0m[38;2;54;54;54m▅[48;2;0;0;0m[38;2;0;0;0m [48;2;0;0;0m[38;2;0;0;0m [48;2;0;0;0m[38;2;0;0;0m [48;2;0;0;0m[38;2;0;0;0m [48;2;0;0;0m[38;2;0;0;0m [48;2;0;0;0m[38;2;0;0;0m [48;2;0;0;0m[38;2;0;0;0m [48;2;0;0;0m[38;2;0;0;0m [48;2;0;0;0m[38;2;0;0;0m [48;2;77;77;77m[38;2;0;0;0m▆[48;2;77;77;77m[38;2;0;0;0m▅[48;2;77;77;77m[38;2;0;0;0m▅[48;2;101;101;101m[38;2;0;0;0m▄[48;2;101;101;101m[38;2;0;0;0m▄[48;2;77;77;77m[38;2;0;0;0m▃[48;2;77;77;77m[38;2;0;0;0m▃[48;2;77;77;77m[38;2;0;0;0m▄[48;2;77;77;77m[38;2;0;0;0m▃[48;2;77;77;77m[38;2;0;0;0m▄[48;2;77;77;77m[38;2;0;0;0m▅[48;2;77;77;77m[38;2;0;0;0m▅[48;2;77;77;77m[38;2;0;0;0m▅[48;2;54;54;54m[38;2;0;0;0m▅[48;2;54;54;54m[38;2;0;0;0m▅[48;2;54;54;54m[38;2;0;0;0m▆[48;2;54;54;54m[38;2;0;0;0m▆[48;2;0;0;0m[38;2;0;0;0m [48;2;40;40;40m[38;2;0;0;0m▇[48;2;0;0;0m[38;2;0;0;0m [48;2;0;0;0m[38;2;0;0;0m [48;2;0;0;0m[38;2;0;0;0m [48;2;0;0;0m[38;2;0;0;0m [48;2;0;0;0m[38;2;0;0;0m [48;2;0;0;0m[38;2;0;0;0m [48;2;0;0;0m[38;2;0;0;0m [48;2;0;0;0m[38;2;0;0;0m [48;2;0;0;0m[38;2;0;0;0m [48;2;0;0;0m[38;2;0;0;0m [48;2;0;0;0m[38;2;0;0;0m [48;2;0;0;0m[38;2;40;40;40m▅[48;2;40;40;40m[38;2;40;40;40m [48;2;54;54;54m[38;2;47;47;47m╸[48;2;54;54;54m[38;2;54;54;54m [48;2;77;77;77m[38;2;54;54;54m▌[48;2;77;77;77m[38;2;54;54;54m▅[48;2;77;77;77m[38;2;54;54;54m▅[48;2;77;77;77m[38;2;54;54;54m▖[48;2;77;77;77m[38;2;54;54;54m▅[48;2;77;77;77m[38;2;54;54;54m▅[48;2;77;77;77m[38;2;54;54;54m▅[0m
