[0m[38;2;94;90;57;48;2;85;99;55m▅[38;2;86;92;59;48;2;77;98;52m▅[38;2;75;101;51;48;2;88;94;51m▀[38;2;83;89;50;48;2;77;100;48m▃[38;2;69;99;40;48;2;79;90;49m▀[38;2;82;99;44;48;2;106;101;58m▘[38;2;120;94;58;48;2;116;98;60m▂[38;2;102;81;49;48;2;114;84;53m▐[38;2;66;84;39;48;2;85;79;45m▐[38;2;58;87;30;48;2;63;89;36m▀[38;2;65;84;36;48;2;59;88;30m▖[38;2;40;81;21;48;2;51;84;25m▐[38;2;36;74;22;48;2;39;80;26m▅[38;2;43;73;37;48;2;37;68;25m▝[38;2;44;71;32;48;2;53;81;37m▂[38;2;41;67;27;48;2;49;76;35m▐[38;2;24;33;9;48;2;29;52;19m▐[38;2;23;26;9;48;2;25;30;12m▆[38;2;28;33;15;48;2;20;30;10m▔[38;2;20;33;12;48;2;19;31;11m▁[38;2;20;31;11;48;2;25;39;18m▘[38;2;26;41;19;48;2;28;45;20m▀[38;2;28;45;20;48;2;22;42;18m▖[38;2;19;34;13;48;2;22;38;16m▝[38;2;19;35;15;48;2;18;34;13m▕[38;2;25;42;19;48;2;21;37;17m▐[38;2;33;45;27;48;2;28;43;23m▐[38;2;39;46;33;48;2;39;52;35m▘[38;2;42;55;38;48;2;49;63;42m▍[38;2;53;71;42;48;2;56;74;45m▍[38;2;64;75;48;48;2;55;74;45m▃[38;2;62;67;48;48;2;62;59;46m▍[38;2;64;59;47;48;2;67;55;42m▍[38;2;92;65;51;48;2;77;59;48m▐[38;2;121;90;71;48;2;107;78;61m▐[38;2;127;97;76;48;2;133;103;78m▏[38;2;132;103;72;48;2;135;106;78m▗[38;2;123;95;70;48;2;119;90;64m▊[38;2;110;79;56;48;2;116;83;57m▐[38;2;100;62;40;48;2;101;67;45m▐[38;2;108;66;41;48;2;119;80;56m▍[38;2;125;86;62;48;2;128;82;57m▅[38;2;126;77;53;48;2;128;84;66m▕[38;2;87;54;41;48;2;136;89;69m▃[38;2;108;60;47;48;2;137;86;68m▅[38;2;140;87;73;48;2;114;64;54m▃[38;2;89;51;38;48;2;122;80;62m▀[38;2;98;57;52;48;2;93;45;39m▅[38;2;43;24;29;48;2;91;49;44m▁[38;2;46;23;31;48;2;98;56;54m▃[38;2;29;18;19;48;2;116;81;68m▃[38;2;110;68;55;48;2;34;22;23m▀[38;2;46;26;23;48;2;94;62;56m▆[38;2;55;29;27;48;2;78;48;44m▆[38;2;47;26;22;48;2;68;39;37m▅[38;2;76;43;42;48;2;53;33;31m▀[38;2;60;35;31;48;2;70;39;37m▃[38;2;89;56;50;48;2;67;38;36m▔[38;2;72;40;39;48;2;96;63;60m▅[38;2;109;77;67;48;2;75;43;44m▀[38;2;61;32;27;48;2;103;73;64m▁[38;2;86;57;55;48;2;98;74;61m▗[38;2;99;75;58;48;2;87;62;55m▀[38;2;89;67;51;48;2;102;76;58m▅[38;2;102;75;55;48;2;105;83;62m▅[38;2;100;77;56;48;2;102;79;56m▐[38;2;107;79;57;48;2;98;76;55m▔[38;2;102;79;58;48;2;112;84;62m▆[38;2;104;81;60;48;2;116;86;63m▆[38;2;109;84;64;48;2;117;89;67m▆[38;2;122;91;67;48;2;128;97;73m▍[38;2;127;104;77;48;2;140;105;80m▃[38;2;135;107;81;48;2;148;114;82m▅[38;2;137;110;78;48;2;152;119;87m▅[38;2;142;114;82;48;2;156;122;83m▅[38;2;144;115;83;48;2;157;123;87m▃[38;2;160;124;87;48;2;148;117;85m▀[38;2;148;120;88;48;2;159;127;91m▃[38;2;147;125;93;48;2;156;128;93m▂[38;2;154;129;97;48;2;156;131;99m▖[38;2;156;134;102;48;2;153;131;99m▊[38;2;140;116;93;48;2;150;127;95m▐[38;2;132;109;86;48;2;130;105;82m▀[38;2;133;111;84;48;2;138;118;84m▊[38;2;153;133;100;48;2;146;126;91m▐[38;2;162;141;107;48;2;160;139;105m▝[48;2;157;137;107m▀[38;2;156;136;106;48;2;166;140;108m▅[38;2;159;132;101;48;2;171;138;111m▅[38;2;169;136;108;48;2;156;129;98m▀[38;2;159;130;100;48;2;171;138;106m▅[38;2;159;130;102;48;2;171;137;110m▅[38;2;159;131;104;48;2;170;137;109m▅[38;2;159;132;104;48;2;172;139;112m▆[38;2;158;131;104;48;2;169;136;109m▅[38;2;160;133;105;48;2;170;136;108m▅[38;2;161;131;108m▅[38;2;168;135;111;48;2;160;131;107m▀[38;2;167;135;111;48;2;154;122;108m▀[38;2;131;107;109;48;2;159;131;118m▃[38;2;113;98;111;48;2;158;127;124m▃[38;2;109;92;108;48;2;163;128;121m▃[38;2;105;79;90;48;2;176;132;122m▃[38;2;192;149;126;48;2;93;59;54m▀[38;2;58;37;37;48;2;181;139;117m▅[38;2;24;15;17;48;2;129;98;84m▆[38;2;25;22;23;48;2;58;45;51m▆[38;2;19;15;24;48;2;55;39;71m▃[38;2;121;88;93;48;2;77;53;73m▐[38;2;164;123;115;48;2;197;161;151m▍[38;2;215;172;155;48;2;221;176;159m▖[38;2;217;171;144;48;2;208;157;126m▊[38;2;173;119;100;48;2;203;146;110m▃[38;2;174;125;118;48;2;203;140;110m▁[38;2;189;138;121;48;2;199;143;116m▃[38;2;175;130;108;48;2;152;122;106m▊[38;2;139;108;92;48;2;128;103;84m▍[38;2;121;97;76;48;2;121;99;77m▐[38;2;125;103;73;48;2;123;97;75m▗[38;2;126;106;76;48;2;121;101;76m▃[38;2;135;117;76;48;2;127;110;76m▗[38;2;141;131;83;48;2;134;122;78m▕[0m
[38;2;86;68;47;48;2;89;73;52m▃[38;2;78;66;45;48;2;84;81;56m▃[38;2;80;63;43;48;2;88;79;53m▅[38;2;74;63;42;48;2;83;77;49m▅[38;2;101;80;50;48;2;83;70;45m▐[38;2;109;79;48;48;2;114;89;55m▃[38;2;124;89;59;48;2;119;84;54m▘[38;2;97;78;48;48;2;111;83;48m▐[38;2;67;87;42;48;2;85;84;53m▝[38;2;80;76;48;48;2;69;86;44m▃[38;2;85;78;48;48;2;72;85;41m▆[38;2;74;78;43;48;2;59;78;29m▖[38;2;41;72;25;48;2;48;67;29m▀[38;2;44;63;28;48;2;39;58;26m▍[38;2;30;46;24;48;2;34;58;26m▅[38;2;21;42;18;48;2;29;53;22m▅[38;2;21;41;17;48;2;19;37;14m▁[38;2;26;41;17;48;2;21;36;11m▂[38;2;23;34;12;48;2;28;43;18m▀[38;2;26;40;15;48;2;32;48;20m▀[38;2;37;53;25;48;2;31;45;20m▅[38;2;31;49;23;48;2;34;52;26m▀[38;2;38;56;31;48;2;32;50;24m▂[38;2;32;50;28;48;2;25;42;19m▅[38;2;28;43;24;48;2;21;35;17m▃[38;2;23;37;19;48;2;30;42;24m▀[38;2;30;45;26;48;2;37;50;31m▘[38;2;42;55;36;48;2;46;56;36m▘[38;2;48;56;37;48;2;46;60;41m▅[38;2;52;63;41;48;2;51;57;40m▀[38;2;59;63;46;48;2;54;54;42m▀[38;2;64;53;45;48;2;55;44;36m▀[38;2;71;52;42;48;2;59;46;35m▝[38;2;72;48;40;48;2;80;56;44m▖[38;2;107;77;60;48;2;91;62;49m▝[38;2;106;76;58;48;2;125;91;68m▖[38;2;133;97;69;48;2;128;95;66m▀[38;2;119;89;65;48;2;127;96;70m▝[38;2;113;90;66;48;2;104;79;56m▖[38;2;102;74;52;48;2;98;64;45m▃[38;2;100;61;39;48;2;95;60;42m▝[38;2;95;56;45;48;2;110;72;54m▆[38;2;86;48;36;48;2;106;65;50m▆[38;2;83;44;35;48;2;103;66;61m▘[38;2;129;81;60;48;2;71;47;56m▀[38;2;55;36;38;48;2;126;74;55m▆[38;2;39;26;33;48;2;69;41;47m▆[38;2;89;62;63;48;2;31;15;12m▂[38;2;100;66;69;48;2;27;13;20m▃[38;2;72;42;36;48;2;17;8;9m▅[38;2;22;11;10;48;2;113;85;84m▀[38;2;101;76;92;48;2;33;19;19m▅[38;2;133;112;127;48;2;83;50;50m▖[38;2;99;79;86;48;2;76;53;51m▆[38;2;122;100;108;48;2;86;59;58m▖[38;2;64;43;45;48;2;26;18;18m▀[38;2;68;51;57;48;2;35;28;30m▁[38;2;59;41;43;48;2;39;25;24m▂[38;2;71;39;37;48;2;46;25;22m▔[38;2;56;36;33;48;2;51;29;26m▗[38;2;60;38;35;48;2;46;29;20m▅[38;2;70;41;43;48;2;45;27;29m▝[38;2;86;65;59;48;2;51;31;29m▀[38;2;75;45;41;48;2;82;59;50m▖[38;2;97;71;57;48;2;87;60;52m▀[38;2;95;69;65;48;2;101;78;60m▃[38;2;93;66;61;48;2;100;74;66m▃[38;2;96;67;56;48;2;97;73;58m▂[38;2;85;58;43;48;2;101;77;58m▂[38;2;87;50;43;48;2;106;75;65m▂[38;2;108;66;58;48;2;123;88;72m▂[38;2;116;87;73;48;2;125;99;81m▃[38;2;123;101;75;48;2;104;78;65m▀[38;2;102;76;58;48;2;125;102;71m▃[38;2;118;95;70;48;2;129;108;77m▖[38;2;133;106;78;48;2;137;113;84m▍[38;2;138;115;85;48;2;141;117;88m▍[38;2;142;121;88;48;2;143;122;89m▊[38;2;144;125;94;48;2;143;122;88m▐[38;2;152;127;98;48;2;147;125;95m▝[38;2;149;126;95;48;2;153;130;99m▃[38;2;133;111;85;48;2;142;119;91m▐[38;2;125;102;76;48;2;129;104;81m▆[38;2;135;114;84;48;2;130;110;82m▝[38;2;142;119;87;48;2;152;128;97m▍[38;2;155;133;101;48;2;159;137;105m▅[38;2;155;135;105;48;2;153;133;103m▔[38;2;153;133;103;48;2;155;128;100m▊[38;2;153;130;101;48;2;151;128;98m▅[38;2;154;133;106;48;2;152;129;102m▅[38;2;156;135;109;48;2;154;128;100m▆[38;2;158;137;111;48;2;152;130;104m▅[38;2;155;134;108;48;2;160;141;112m▀[38;2;163;143;113;48;2;155;135;105m▅[38;2;158;136;110;48;2;164;142;116m▀[38;2;166;144;119;48;2;159;137;111m▃[38;2;159;129;106;48;2;158;136;110m▗[38;2;141;99;84;48;2;158;123;102m▗[38;2;112;66;59;48;2;139;99;86m▃[38;2;64;45;52;48;2;98;69;77m▃[38;2;38;33;46;48;2;72;61;82m▅[38;2;41;40;58;48;2;59;55;79m▆[38;2;61;49;67;48;2;41;42;55m▔[38;2;36;36;45;48;2;42;30;38m▆[38;2;25;26;34;48;2;26;32;39m▀[38;2;16;19;26;48;2;24;27;34m▀[38;2;18;21;27;48;2;12;15;20m▅[38;2;17;20;25;48;2;14;16;21m▅[38;2;74;51;44;48;2;24;19;21m▝[38;2;166;121;108;48;2;67;47;48m▀[38;2;94;65;68;48;2;175;131;118m▃[38;2;163;127;117;48;2;94;73;87m▀[38;2;87;75;90;48;2;129;89;91m▆[38;2;152;123;119;48;2;119;95;97m▝[38;2;136;112;112;48;2;164;136;126m▅[38;2;129;105;97;48;2;152;125;113m▆[38;2;133;108;90;48;2;121;100;81m▘[38;2;120;104;72;48;2;116;99;73m▗[38;2;129;113;77;48;2;124;108;74m▐[38;2;133;118;76;48;2;129;113;77m▃[38;2;135;119;70;48;2;133;118;76m▐[38;2;135;123;71;48;2;130;120;68m▀[0m
[38;2;83;62;40;48;2;79;54;36m▀[38;2;94;59;38;48;2;83;60;36m▗[38;2;94;61;34;48;2;81;56;34m▃[38;2;87;60;37;48;2;80;59;36m▃[38;2;89;66;41;48;2;86;59;36m▝[38;2;88;63;37;48;2;100;75;43m▅[38;2;94;71;39;48;2;108;81;50m▖[38;2;116;80;52;48;2;115;82;56m▔[38;2;96;81;53;48;2;106;82;52m▝[38;2;75;66;42;48;2;88;73;48m▐[38;2;79;69;46;48;2;62;57;35m▀[38;2;74;68;43;48;2;54;60;34m▘[38;2;41;56;28;48;2;47;63;34m▅[38;2;42;59;29;48;2;38;57;27m▘[38;2;31;51;22;48;2;33;56;25m▝[38;2;25;45;19;48;2;30;51;22m▀[38;2;31;52;22;48;2;23;43;17m▅[38;2;30;45;19;48;2;35;53;24m▀[38;2;41;58;29;48;2;36;52;24m▅[38;2;40;55;27;48;2;44;61;31m▀[38;2;38;57;27;48;2;40;57;28m▐[38;2;34;53;24;48;2;39;55;29m▘[38;2;43;61;38;48;2;42;59;34m▕[38;2;41;58;36;48;2;42;60;37m▝[38;2;42;58;38;48;2;35;51;31m▆[38;2;41;54;36;48;2;39;46;32m▆[38;2;49;43;33;48;2;44;53;36m▗[38;2;68;32;28;48;2;48;49;35m▃[38;2;84;33;29;48;2;55;48;37m▃[38;2;49;53;37;48;2;64;41;34m▀[38;2;46;48;35;48;2;47;38;30m▘[38;2;54;36;29;48;2;47;38;29m▁[38;2;59;43;34;48;2;53;40;33m▐[38;2;76;51;43;48;2;67;48;40m▐[38;2;93;61;51;48;2;83;57;48m▐[38;2;114;83;65;48;2;107;67;54m▝[38;2;127;88;65;48;2;129;94;66m▍[38;2;128;99;68;48;2;131;98;68m▐[38;2;122;97;71;48;2;117;91;67m▊[38;2;111;83;60;48;2;113;88;65m▝[38;2;92;65;54;48;2;101;76;61m▐[38;2;97;59;49;48;2;85;58;50m▔[38;2;87;55;49;48;2;45;37;41m▀[38;2;61;44;58;48;2;74;48;50m▆[38;2;57;38;39;48;2;39;33;42m▂[38;2;58;33;31;48;2;30;18;24m▆[38;2;60;38;37;48;2;64;42;42m▅[38;2;65;51;57;48;2;98;76;82m▂[38;2;107;90;92;48;2;86;70;73m▀[38;2;90;71;79;48;2;65;47;59m▕[38;2;65;51;55;48;2;124;109;115m▅[38;2;51;38;42;48;2;74;56;70m▆[38;2;70;56;64;48;2;47;34;41m▔[38;2;86;75;82;48;2;52;45;51m▝[38;2;51;44;50;48;2;34;30;35m▏[38;2;7;4;3;48;2;39;35;35m▅[38;2;20;14;14;48;2;61;47;49m▆[38;2;35;26;29;48;2;75;64;76m▀[38;2;81;61;67;48;2;44;37;38m▖[38;2;67;51;53;48;2;34;17;17m▗[38;2;44;28;30;48;2;96;77;87m▀[38;2;45;32;33;48;2;67;45;45m▁[38;2;62;40;39;48;2;24;13;16m▀[38;2;31;15;12;48;2;57;29;27m▆[38;2;72;41;44;48;2;39;20;16m▀[38;2;99;68;67;48;2;49;30;28m▀[38;2;101;71;68;48;2;28;16;14m▀[38;2;36;18;13;48;2;89;59;53m▆[38;2;70;33;30;48;2;57;30;24m▀[38;2;65;38;29;48;2;77;44;36m▆[38;2;65;36;27;48;2;88;46;41m▆[38;2;63;35;30;48;2;102;61;52m▆[38;2;72;42;34;48;2;114;75;58m▅[38;2;72;42;36;48;2;132;94;77m▃[38;2;90;58;46;48;2;127;91;68m▁[38;2;140;116;89;48;2;122;91;67m▝[38;2;130;91;69;48;2;149;125;93m▂[38;2;140;117;82;48;2;148;124;89m▁[38;2;143;121;92;48;2;143;121;92m▔[38;2;139;117;91;48;2;144;121;91m▂[38;2;137;115;88;48;2;142;118;91m▗[38;2;127;105;83;48;2;135;112;86m▐[38;2;121;98;75;48;2;124;101;77m▆[38;2;129;106;79m▝[38;2;133;112;82;48;2;142;121;90m▍[38;2;149;128;98;48;2;151;130;100m▏[38;2;153;133;102;48;2;153;132;105m▀[38;2;157;137;107;48;2;153;133;103m▅[38;2;161;139;107;48;2;156;133;102m▅[48;2;159;138;112m▘[38;2;157;136;110;48;2;160;140;114m▔[38;2;160;140;114;48;2;164;145;115m▂[38;2;161;141;115;48;2;166;146;114m▂[38;2;160;140;114;48;2;167;148;116m▂[38;2;164;141;116;48;2;167;148;118m▂[38;2;157;134;108;48;2;164;145;115m▂[38;2;125;94;83;48;2;150;123;103m▗[38;2;137;105;87;48;2;102;67;60m▘[38;2;106;71;62;48;2;81;50;45m▂[38;2;105;72;73;48;2;61;39;38m▃[38;2;84;67;78;48;2;41;38;48m▃[38;2;64;59;80;48;2;38;38;47m▃[38;2;66;62;77;48;2;36;40;51m▂[38;2;56;55;69;48;2;34;35;49m▂[38;2;81;56;62;48;2;34;34;46m▂[38;2;30;29;42;48;2;88;58;57m▀[38;2;109;66;59;48;2;26;25;32m▃[38;2;100;64;56;48;2;22;21;28m▃[38;2;45;37;39;48;2;118;70;61m▀[38;2;128;78;72;48;2;73;51;53m▅[38;2;95;61;63;48;2;153;96;84m▀[38;2;155;114;106;48;2;196;162;143m▀[38;2;197;170;151;48;2;229;195;169m▀[38;2;226;192;168;48;2;181;157;138m▆[38;2;194;166;149;48;2;150;125;119m▆[38;2;168;139;126;48;2;135;103;95m▖[38;2;121;107;82;48;2;122;104;92m▝[38;2;121;112;77;48;2;118;102;70m▅[38;2;131;119;75;48;2;127;115;75m▐[38;2;138;126;69;48;2;134;123;69m▂[38;2;133;122;67;48;2;129;119;66m▍[38;2;129;119;67;48;2;125;114;62m▕[0m
[38;2;82;53;28;48;2;76;52;34m▗[38;2;89;58;31;48;2;99;66;37m▍[38;2;99;73;40;48;2;103;64;38m▃[38;2;93;58;38;48;2;87;59;34m▘[38;2;81;58;37;48;2;86;59;36m▃[38;2;85;58;36;48;2;84;60;41m▀[38;2;88;65;41;48;2;93;71;48m▊[38;2;109;83;52;48;2;100;79;54m▐[38;2;116;87;55;48;2;117;90;59m▔[38;2;85;73;48;48;2;111;87;54m▝[38;2;89;76;50;48;2;57;55;32m▖[38;2;44;57;29;48;2;40;55;27m▏[38;2;39;58;27;48;2;43;59;30m▍[38;2;43;63;30;48;2;40;63;29m▅[38;2;42;66;32;48;2;36;58;26m▅[38;2;40;65;28;48;2;36;58;27m▅[38;2;42;66;32;48;2;39;58;27m▆[38;2;40;59;28;48;2;42;65;31m▘[38;2;45;63;32;48;2;48;66;36m▀[38;2;48;66;38;48;2;46;64;32m▅[38;2;47;65;37;48;2;43;60;32m▃[38;2;46;61;37;48;2;42;59;32m▃[38;2;52;57;35;48;2;43;60;36m▗[38;2;49;59;38;48;2;69;40;30m▀[38;2;48;54;36;48;2;78;28;27m▀[38;2;66;30;26;48;2;43;45;33m▃[38;2;49;37;29;48;2;69;29;25m▀[38;2;77;28;21;48;2;93;18;17m▘[38;2;106;19;15;48;2;95;25;22m▆[38;2;95;22;19;48;2;79;28;22m▆[38;2;93;22;20;48;2;70;27;25m▆[38;2;102;21;23;48;2;70;30;28m▅[38;2;92;31;28;48;2;69;48;40m▅[38;2;73;51;42;48;2;85;55;42m▔[38;2;99;61;48;48;2;91;56;44m▐[38;2;113;73;59;48;2;107;65;51m▐[38;2;128;93;70;48;2;117;78;63m▝[38;2;127;91;68;48;2;118;88;70m▀[38;2;108;84;64;48;2;115;90;67m▃[38;2;96;72;58;48;2;108;82;65m▁[38;2;18;12;9;48;2;94;69;57m▗[38;2;46;24;33;48;2;13;7;14m▘[38;2;50;44;56;48;2;33;22;33m▝[38;2;57;42;51;48;2;52;45;49m▖[38;2;55;37;36;48;2;31;27;25m▔[38;2;17;15;15;48;2;43;33;33m▁[38;2;62;41;37;48;2;40;30;31m▔[38;2;31;18;16;48;2;45;32;35m▘[38;2;20;11;15;48;2;43;35;41m▆[38;2;39;33;38;48;2;54;42;51m▍[38;2;65;44;56;48;2;44;31;33m▘[38;2;30;19;21;48;2;43;30;31m▆[38;2;27;17;20;48;2;38;26;29m▃[38;2;28;17;20;48;2;40;30;24m▖[38;2;34;27;28;48;2;47;35;31m▝[38;2;56;42;42;48;2;25;14;15m▆[38;2;31;16;16;48;2;55;40;38m▃[38;2;51;38;39;48;2;62;52;56m▅[38;2;36;26;27;48;2;68;53;57m▃[38;2;61;47;51;48;2;11;7;6m▀[38;2;10;7;6;48;2;41;34;39m▆[38;2;43;30;29;48;2;19;11;11m▔[38;2;47;34;35;48;2;20;11;12m▆[38;2;28;15;14;48;2;45;30;29m▅[38;2;32;16;17;48;2;22;11;10m▘[38;2;43;28;27;48;2;28;14;12m▂[38;2;35;26;22;48;2;16;7;6m▂[38;2;71;57;59;48;2;32;19;20m▁[38;2;29;17;18;48;2;58;26;26m▁[38;2;36;18;16;48;2;59;29;29m▂[38;2;33;16;16;48;2;67;37;37m▂[38;2;36;18;18;48;2;67;43;43m▂[38;2;67;33;33;48;2;71;41;38m▏[38;2;79;46;45;48;2;84;63;65m▀[38;2;85;60;60;48;2;78;48;38m▅[38;2;78;51;50;48;2;119;72;62m▅[38;2;89;60;54;48;2;106;72;62m▁[38;2;138;110;86;48;2;94;59;47m▀[38;2;124;101;78;48;2;134;111;84m▁[38;2;127;103;82;48;2;133;111;84m▁[38;2;136;111;88;48;2;137;115;88m▆[38;2;123;99;79;48;2;130;105;82m▐[38;2;119;96;75;48;2;117;92;74m▘[38;2;121;96;73;48;2;124;102;77m▊[38;2;129;107;80;48;2;139;117;90m▍[38;2;146;124;98;48;2;150;128;102m▍[38;2;153;132;105;48;2;155;134;107m▍[38;2;157;136;110;48;2;156;137;107m▊[38;2;153;133;103;48;2;156;136;106m▁[38;2;152;130;104;48;2;154;133;106m▃[38;2;156;136;106;48;2;152;130;104m▀[38;2;152;130;104;48;2;157;136;110m▃[38;2;153;131;105;48;2;158;137;111m▃[38;2;156;138;110;48;2;153;130;104m▀[38;2;158;136;110;48;2;156;130;102m▀[38;2;164;127;104;48;2;156;134;108m▂[38;2;153;116;102;48;2;140;100;91m▍[38;2;139;91;83;48;2;108;74;65m▅[38;2;172;119;110;48;2;140;96;90m▆[38;2;164;121;116;48;2;144;106;105m▆[38;2;112;84;105;48;2;144;112;117m▐[38;2;96;77;109;48;2;86;69;95m▅[38;2;78;68;90;48;2;96;79;104m▔[38;2;92;72;97;48;2;75;64;78m▆[38;2;128;90;84;48;2;108;74;72m▅[38;2;159;105;93;48;2;142;80;78m▆[38;2;170;116;98;48;2;154;92;80m▅[38;2;161;104;83;48;2;150;93;80m▆[38;2;149;90;74;48;2;163;104;83m▔[38;2;154;94;73;48;2;168;108;86m▃[38;2;130;79;73;48;2;165;111;88m▃[38;2;198;160;142;48;2;155;112;101m▀[38;2;237;206;174;48;2;191;154;135m▀[38;2;200;161;139;48;2;240;207;175m▃[38;2;181;138;126;48;2;206;169;147m▃[38;2;180;141;129;48;2;156;107;100m▘[38;2;135;80;72;48;2;137;98;90m▃[38;2;135;105;82;48;2;126;84;60m▀[38;2;128;118;68;48;2;116;96;59m▀[38;2;118;108;60;48;2;134;123;68m▂[38;2;135;125;65;48;2;127;118;60m▘[38;2;119;111;60;48;2;124;115;56m▃[0m
[38;2;75;58;36;48;2;81;64;39m▘[38;2;82;69;38;48;2;89;70;39m▃[38;2;79;70;41;48;2;91;73;39m▅[38;2;81;63;35;48;2;77;69;39m▔[38;2;72;63;36;48;2;78;61;41m▆[38;2;72;62;41;48;2;81;64;44m▅[38;2;77;73;48;48;2;84;72;51m▃[38;2;92;80;55;48;2;78;78;51m▀[38;2;107;87;59;48;2;88;80;56m▀[38;2;91;76;53;48;2;112;87;60m▃[38;2;104;81;59;48;2;82;73;46m▘[38;2;64;65;43;48;2;45;63;33m▍[38;2;44;63;32;48;2;39;60;29m▃[38;2;50;69;33;48;2;46;66;31m▂[38;2;45;69;32;48;2;44;69;31m▐[38;2;43;66;30;48;2;45;69;32m▗[38;2;45;69;32;48;2;46;70;33m▞[38;2;46;70;33;48;2;43;66;32m▅[38;2;44;64;32;48;2;48;66;36m▅[38;2;43;60;33;48;2;48;66;38m▃[38;2;52;52;32;48;2;47;61;38m▗[38;2;64;43;29;48;2;55;58;35m▃[38;2;77;36;23;48;2;61;47;32m▃[38;2;84;37;27;48;2;92;31;18m▘[38;2;93;22;10;48;2;100;24;17m▂[38;2;97;18;9;48;2;85;20;16m▅[38;2;94;17;5;48;2;87;19;13m▅[38;2;77;15;1;48;2;91;18;14m▅[38;2;106;22;10;48;2;91;23;5m▀[38;2;86;17;6;48;2;102;21;12m▂[38;2;85;3;1;48;2;96;11;12m▅[38;2;93;7;4;48;2;105;9;12m▖[38;2;106;31;26;48;2;107;21;20m▐[38;2;92;44;33;48;2;93;37;29m▀[38;2;95;59;44;48;2;86;49;39m▝[38;2;95;59;48;48;2;104;67;53m▖[38;2;108;72;58;48;2;117;78;65m▆[38;2;109;80;66;48;2;101;71;57m▀[38;2;82;58;48;48;2;97;73;60m▗[38;2;25;19;19;48;2;78;52;53m▗[38;2;23;12;14;48;2;13;9;10m▏[38;2;20;15;19;48;2;26;15;21m▔[38;2;31;19;26;48;2;53;39;42m▍[38;2;15;10;15;48;2;33;24;29m▗[38;2;9;8;11;48;2;25;21;18m▆[38;2;32;22;29;48;2;15;13;16m▗[38;2;36;28;33;48;2;32;29;33m▝[38;2;21;15;20;48;2;30;25;29m▝[38;2;22;17;22;48;2;19;13;14m▊[38;2;28;16;17;48;2;42;28;29m▍[38;2;46;31;32;48;2;40;28;29m▊[38;2;48;35;36;48;2;46;33;30m▆[38;2;56;40;45;48;2;21;14;16m▖[38;2;22;12;13;48;2;34;21;22m▊[38;2;41;29;32;48;2;30;18;19m▘[38;2;35;27;23;48;2;24;14;12m▖[38;2;27;14;12;48;2;39;27;26m▅[38;2;39;29;25;48;2;26;17;15m▝[38;2;26;15;14;48;2;18;9;8m▃[38;2;13;9;6;48;2;7;5;2m▏[38;2;11;7;6;48;2;6;3;2m▐[38;2;5;5;3;48;2;19;10;11m▆[38;2;35;28;32;48;2;10;11;9m▝[38;2;10;6;6;48;2;36;30;30m▅[38;2;29;18;22;48;2;24;12;11m▀[38;2;51;43;48;48;2;38;24;27m▐[38;2;30;21;22;48;2;64;49;52m▝[38;2;66;54;66;48;2;38;29;29m▝[38;2;77;65;77;48;2;32;19;24m▆[38;2;34;20;21;48;2;92;80;92m▀[38;2;46;39;38;48;2;26;13;16m▂[38;2;52;37;39;48;2;37;24;25m▁[38;2;48;30;32;48;2;55;41;53m▍[38;2;49;41;50;48;2;86;69;81m▂[38;2;58;52;56;48;2;81;64;71m▖[38;2;69;51;58;48;2;50;36;36m▏[38;2;43;26;26;48;2;65;48;46m▗[38;2;50;30;26;48;2;73;39;39m▃[38;2;115;86;67;48;2;64;38;28m▝[38;2;108;81;59;48;2;127;103;79m▖[38;2;121;101;76;48;2;132;110;88m▀[38;2;118;94;79;48;2;123;99;80m▅[38;2;119;95;76;48;2;114;93;73m▀[38;2;122;102;77;48;2;118;96;74m▐[38;2;131;109;82;48;2;141;119;93m▍[38;2;145;123;97;48;2;148;127;100m▏[38;2;152;130;103;48;2;155;135;105m▍[38;2;154;134;104;48;2;156;136;106m▃[38;2;155;135;105;48;2;153;132;105m▔[38;2;145;123;97;48;2;149;128;101m▗[38;2;141;119;93;48;2;146;125;98m▃[38;2;140;118;92;48;2;147;121;95m▅[38;2;140;118;93;48;2;147;124;98m▆[38;2;142;113;94;48;2;146;120;94m▃[38;2;142;98;82;48;2;156;117;90m▃[38;2;137;86;72;48;2;157;109;85m▃[38;2;129;73;63;48;2;144;96;81m▃[38;2;138;68;52;48;2;148;87;75m▅[38;2;146;69;44;48;2;164;106;88m▅[38;2;160;101;85;48;2;154;76;44m▀[38;2;144;79;69;48;2;170;83;44m▀[38;2;109;68;74;48;2;153;71;50m▀[38;2;108;57;54;48;2;73;54;75m▖[38;2;78;50;52;48;2;85;68;95m▅[38;2;127;54;39;48;2;117;70;65m▃[38;2;136;80;79;48;2;129;61;45m▀[38;2;104;63;59;48;2;136;83;83m▅[38;2;104;64;59;48;2;136;89;79m▃[38;2;146;93;82;48;2;114;73;64m▀[38;2;111;71;71;48;2;136;80;65m▅[38;2;71;50;66;48;2;102;65;65m▆[38;2;53;36;69;48;2;101;69;70m▆[38;2;70;52;65;48;2;142;102;97m▅[38;2;101;55;51;48;2;170;128;117m▅[38;2;151;108;97;48;2;101;50;44m▀[38;2;131;69;63;48;2;99;33;26m▀[38;2;110;45;36;48;2;79;24;14m▀[38;2;58;18;10;48;2;101;52;37m▅[38;2;97;68;42;48;2;35;39;22m▀[38;2;99;92;51;48;2;57;55;30m▀[38;2;107;102;53;48;2;76;73;34m▀[38;2;79;75;36;48;2;103;96;51m▃[0m
[38;2;82;69;49;48;2;78;62;38m▃[38;2;92;73;54;48;2;85;67;43m▃[38;2;98;74;55;48;2;85;69;42m▃[38;2;110;80;62;48;2;89;66;43m▃[38;2;106;75;55;48;2;89;68;42m▂[38;2;79;61;40;48;2;85;59;41m▀[38;2;76;67;43;48;2;81;60;40m▀[38;2;77;73;49;48;2;91;67;44m▀[38;2;103;73;50;48;2;82;72;48m▃[38;2;95;78;54;48;2;78;77;50m▂[38;2;57;71;40;48;2;68;73;44m▆[38;2;54;67;33;48;2;57;68;39m▂[38;2;55;71;41;48;2;50;67;37m▅[38;2;59;72;42;48;2;52;70;39m▅[38;2;47;70;36;48;2;53;71;40m▐[38;2;44;68;33;48;2;47;71;37m▐[38;2;43;67;30;48;2;45;69;32m▅[38;2;45;63;32;48;2;42;65;33m▂[38;2;53;52;34;48;2;44;60;31m▁[38;2;55;48;31;48;2;43;54;28m▃[38;2;47;51;29;48;2;62;33;22m▘[38;2;92;23;21;48;2;79;30;24m▆[38;2;88;20;13;48;2;98;11;7m▀[38;2;76;4;1;48;2;83;17;10m▃[38;2;80;18;7;48;2;63;7;2m▀[38;2;90;21;4;48;2;65;14;0m▀[38;2;64;17;0;48;2;82;18;1m▅[38;2;59;16;0;48;2;51;14;0m▍[38;2;74;16;3;48;2;59;10;0m▔[38;2;66;11;0;48;2;70;14;0m▆[38;2;76;8;0;48;2;83;9;2m▊[38;2;86;8;2;48;2;96;14;8m▘[38;2;97;22;17;48;2;95;32;24m▍[38;2;94;35;30;48;2;85;40;33m▘[38;2;87;55;46;48;2;83;48;37m▐[38;2;95;68;54;48;2;91;58;49m▗[38;2;104;71;59;48;2;108;77;60m▀[38;2;87;55;46;48;2;99;66;50m▗[38;2;57;40;40;48;2;78;50;48m▗[38;2;49;35;35;48;2;17;14;13m▏[38;2;43;27;32;48;2;27;20;19m▖[38;2;22;21;23;48;2;17;13;14m▍[38;2;20;14;18;48;2;41;26;31m▗[38;2;25;18;23;48;2;6;4;6m▘[38;2;4;3;3;48;2;8;6;8m▅[38;2;28;27;24;48;2;7;4;5m▝[38;2;28;22;19;48;2;42;35;37m▖[38;2;31;20;24;48;2;37;29;34m▅[38;2;40;32;32;48;2;25;18;17m▐[38;2;39;28;25;48;2;46;33;35m▂[38;2;46;33;34;48;2;51;38;42m▍[38;2;43;30;34;48;2;48;35;39m▐[38;2;51;38;42;48;2;48;35;40m▝[38;2;27;24;24;48;2;44;31;36m▐[38;2;26;19;22;48;2;23;13;15m▁[38;2;40;26;24;48;2;43;28;37m▐[38;2;28;16;19;48;2;18;9;8m▃[38;2;33;22;24;48;2;23;15;13m▏[38;2;13;3;4;48;2;25;13;14m▗[38;2;13;6;7;48;2;8;1;2m▘[38;2;7;4;4;48;2;9;3;5m▀[38;2;9;6;4;48;2;7;3;2m▀[38;2;9;5;3;48;2;7;3;1m▃[38;2;10;6;5;48;2;8;5;3m▔[38;2;12;5;6;48;2;19;10;12m▆[38;2;25;15;16;48;2;16;9;8m▝[38;2;15;11;12;48;2;44;30;35m▆[38;2;8;5;6;48;2;48;34;39m▅[38;2;8;3;5;48;2;50;40;50m▆[38;2;17;10;15;48;2;65;45;54m▅[38;2;57;43;48;48;2;22;11;16m▀[38;2;37;21;21;48;2;55;37;44m▅[38;2;35;20;18;48;2;52;37;38m▅[38;2;29;24;26;48;2;10;8;7m▀[38;2;25;15;15;48;2;48;33;39m▅[38;2;26;15;18;48;2;45;30;36m▅[38;2;48;34;35;48;2;12;5;5m▘[38;2;29;11;7;48;2;11;7;4m▝[38;2;43;16;14;48;2;67;42;32m▍[38;2;117;84;69;48;2;87;63;52m▗[38;2;108;87;71;48;2;127;105;87m▖[38;2;126;102;86;48;2;117;93;75m▘[38;2;115;94;76;48;2;110;90;72m▍[38;2;112;94;76;48;2;124;102;80m▊[38;2;130;107;83;48;2;139;117;91m▍[38;2;147;126;97;48;2;150;129;99m▍[38;2;152;131;102;48;2;154;133;106m▍[38;2;155;134;108;48;2;154;132;107m▏[38;2;152;130;107;48;2;150;128;104m▍[38;2;143;120;94;48;2;147;125;101m▐[38;2;129;105;89;48;2;133;112;91m▗[38;2;125;101;83;48;2;130;106;87m▆[38;2;124;101;82;48;2;129;104;85m▖[38;2;125;99;82;48;2;130;106;87m▗[38;2;127;93;77;48;2;125;85;72m▍[38;2;120;77;69;48;2;123;84;81m▀[38;2;135;83;78;48;2;120;77;75m▐[38;2;141;77;70;48;2;159;82;66m▂[38;2;152;61;33;48;2;161;70;35m▃[38;2;158;61;23;48;2;175;80;36m▂[38;2;166;73;34;48;2;190;97;47m▂[38;2;187;92;48;48;2;166;85;48m▘[38;2;115;63;53;48;2;139;75;54m▝[38;2;116;57;50;48;2;105;52;42m▆[38;2;136;55;33;48;2;125;57;35m▀[38;2;127;52;27;48;2;132;51;27m▗[38;2;126;60;51;48;2;115;52;45m▃[38;2;106;65;62;48;2;119;74;70m▀[38;2;115;76;73;48;2;105;71;75m▃[38;2;101;64;70;48;2;81;58;74m▂[38;2;76;50;62;48;2;59;40;73m▃[38;2;69;49;54;48;2;60;44;68m▃[38;2;66;50;63;48;2;82;56;53m▀[38;2;80;53;52;48;2;99;51;46m▘[38;2;106;48;39;48;2;92;37;23m▊[38;2;58;27;22;48;2;80;22;11m▗[38;2;65;17;11;48;2;27;13;10m▘[38;2;9;13;15;48;2;22;16;14m▆[38;2;10;15;10;48;2;23;27;20m▆[38;2;19;25;10;48;2;32;38;16m▅[38;2;25;31;10;48;2;44;47;21m▅[38;2;35;39;15;48;2;58;57;23m▅[0m
[38;2;84;72;59;48;2;81;72;64m▀[38;2;81;72;63;48;2;95;78;64m▃[38;2;83;73;66;48;2;101;83;71m▂[38;2;93;74;67;48;2;107;82;73m▃[38;2;85;66;56;48;2;104;77;65m▃[38;2;73;55;44;48;2;86;61;46m▂[38;2;69;51;40;48;2;78;57;40m▅[38;2;88;64;47;48;2;73;55;41m▀[38;2;83;64;50;48;2;103;74;52m▃[38;2;87;65;48;48;2;103;75;53m▃[38;2;85;74;51;48;2;75;65;45m▊[38;2;69;68;45;48;2;55;66;31m▖[38;2;50;69;33;48;2;51;62;34m▘[38;2;54;67;38;48;2;60;72;41m▅[38;2;50;65;36;48;2;56;69;39m▐[38;2;47;63;34;48;2;47;67;35m▗[38;2;50;65;38;48;2;47;65;35m▗[38;2;61;58;40;48;2;50;66;36m▃[38;2;71;41;32;48;2;58;51;35m▃[38;2;63;35;23;48;2;67;24;18m▀[38;2;57;13;8;48;2;65;20;11m▃[38;2;69;13;7;48;2;85;10;8m▖[38;2;92;9;3;48;2;98;3;4m▂[38;2;73;0;0;48;2;86;0;2m▐[38;2;59;4;0;48;2;69;3;0m▀[38;2;70;3;0;48;2;55;7;0m▃[38;2;69;6;2;48;2;58;16;1m▃[38;2;78;24;8;48;2;65;15;4m▗[38;2;76;19;4;48;2;90;23;4m▘[38;2;109;21;12;48;2;88;15;5m▅[38;2;91;11;5;48;2;115;23;17m▀[38;2;124;27;24;48;2;104;19;18m▂[38;2;98;36;32;48;2;109;31;30m▐[38;2;91;38;33;48;2;83;49;40m▏[38;2;87;53;44;48;2;92;60;49m▊[38;2;106;74;64;48;2;95;68;54m▆[38;2;71;46;47;48;2;106;67;59m▅[38;2;34;20;19;48;2;67;41;43m▗[38;2;54;34;33;48;2;23;14;15m▘[38;2;28;19;20;48;2;33;24;28m▍[38;2;38;23;29;48;2;21;12;15m▘[38;2;38;30;36;48;2;24;16;21m▗[38;2;21;15;16;48;2;36;31;36m▐[38;2;6;3;4;48;2;14;10;13m▀[38;2;7;5;5;48;2;20;16;19m▘[38;2;18;14;12;48;2;43;30;38m▀[38;2;42;29;34;48;2;52;39;43m▀[38;2;39;26;32;48;2;31;20;24m▖[38;2;28;17;18;48;2;38;25;31m▅[38;2;30;21;18;48;2;27;18;16m▔[38;2;25;18;23;48;2;36;23;30m▅[38;2;30;24;26;48;2;36;27;33m▀[38;2;42;32;36;48;2;42;32;37m▁[38;2;44;30;35;48;2;41;32;35m▕[38;2;48;30;37;48;2;22;13;14m▕[38;2;51;37;37;48;2;29;14;16m▘[38;2;47;34;35;48;2;25;15;16m▐[38;2;29;17;18;48;2;49;35;38m▐[38;2;35;22;25;48;2;12;9;9m▍[38;2;19;19;13;48;2;8;4;2m▗[38;2;22;16;14;48;2;13;9;7m▂[38;2;23;26;17;48;2;14;10;8m▃[38;2;12;9;6;48;2;17;19;15m▀[38;2;18;14;13;48;2;11;6;4m▃[38;2;14;6;5;48;2;32;18;14m▀[38;2;12;9;5;48;2;8;5;3m▂[38;2;11;7;5;48;2;9;5;4m▁[38;2;8;4;5;48;2;4;1;1m▂[38;2;4;1;0;48;2;10;7;5m▘[38;2;10;5;5;48;2;12;7;7m▅[38;2;12;7;7;48;2;11;7;7m▔[38;2;15;7;9;48;2;43;29;26m▍[38;2;33;18;17;48;2;20;10;9m▍[38;2;14;7;8;48;2;17;9;10m▀[38;2;20;11;12;48;2;16;8;9m▐[38;2;17;10;8;48;2;21;13;13m▂[38;2;14;8;7;48;2;13;6;5m▘[38;2;10;5;4;48;2;13;7;6m▊[38;2;34;21;20;48;2;18;7;8m▝[38;2;96;70;58;48;2;42;22;18m▝[38;2;76;47;36;48;2;143;113;86m▂[38;2;113;91;72;48;2;126;100;74m▐[38;2;106;80;63;48;2;105;84;67m▂[38;2;117;96;75;48;2;106;89;68m▐[38;2;143;121;95;48;2;133;111;86m▐[38;2;149;128;101;48;2;147;125;99m▐[38;2;150;128;102;48;2;154;133;106m▍[38;2;153;132;102;48;2;155;132;106m▕[38;2;148;126;105;48;2;150;129;102m▗[38;2;136;116;96;48;2;144;122;98m▐[38;2;131;107;88;48;2;126;102;86m▍[38;2;124;100;80;48;2;126;102;83m▆[38;2;151;117;94;48;2;130;105;82m▗[38;2;181;138;108;48;2;149;115;89m▃[38;2;159;116;95;48;2;194;149;123m▀[38;2;181;129;110;48;2;150;104;92m▖[38;2;110;78;70;48;2;131;90;86m▐[38;2;107;66;63;48;2;43;20;19m▀[38;2;121;44;26;48;2;46;13;11m▀[38;2;79;31;11;48;2;127;41;13m▅[38;2;91;38;18;48;2;141;56;23m▅[38;2;97;49;33;48;2;145;73;43m▅[38;2;99;54;39;48;2;124;70;55m▅[38;2;98;54;41;48;2;111;62;52m▃[38;2;111;57;42;48;2;114;60;40m▅[38;2;129;74;51;48;2;126;64;42m▃[38;2;140;76;54;48;2;149;84;59m▍[38;2;158;92;68;48;2;142;88;77m▆[38;2;156;90;67;48;2;138;83;74m▅[38;2;117;73;70;48;2;135;74;61m▀[38;2;96;54;45;48;2;114;63;49m▀[38;2;108;58;48;48;2;90;52;46m▃[38;2;107;58;48;48;2;96;60;55m▅[38;2;111;60;49;48;2;118;65;52m▐[38;2;83;41;36;48;2;99;54;45m▐[38;2;30;22;20;48;2;59;30;23m▐[38;2;13;13;14;48;2;10;10;15m▘[38;2;8;14;15;48;2;8;9;14m▕[38;2;20;27;19;48;2;11;17;15m▗[38;2;34;39;21;48;2;18;25;9m▃[38;2;42;41;19;48;2;24;29;13m▃[38;2;39;38;17;48;2;27;28;9m▃[0m
[38;2;70;61;48;48;2;52;45;28m▀[38;2;68;59;47;48;2;51;44;27m▀[38;2;51;44;30;48;2;64;59;51m▅[38;2;48;40;29;48;2;71;61;54m▆[38;2;43;37;26;48;2;59;52;45m▆[38;2;62;44;38;48;2;44;34;26m▀[38;2;64;45;39;48;2;50;34;30m▀[38;2;51;38;33;48;2;68;51;40m▃[38;2;66;50;40;48;2;55;42;37m▀[38;2;54;44;38;48;2;70;55;44m▅[38;2;69;54;38;48;2;53;48;35m▀[38;2;62;53;42;48;2;67;59;44m▃[38;2;63;61;45;48;2;55;60;39m▅[38;2;60;62;45;48;2;52;64;40m▖[38;2;52;65;36;48;2;48;60;32m▘[38;2;45;60;32;48;2;41;55;27m▀[38;2;58;48;28;48;2;49;59;32m▃[38;2;70;39;27;48;2;67;52;37m▅[38;2;76;38;27;48;2;77;27;21m▘[38;2;59;6;3;48;2;70;13;9m▝[38;2;66;9;2;48;2;51;8;1m▂[38;2;64;11;3;48;2;49;12;0m▝[38;2;57;13;0;48;2;80;11;1m▅[38;2;72;6;0;48;2;46;12;0m▀[38;2;63;19;1;48;2;72;8;0m▖[38;2;96;18;4;48;2;87;10;4m▅[38;2;100;17;6;48;2;87;7;5m▅[38;2;95;18;11;48;2;83;12;7m▃[38;2;95;20;11;48;2;87;18;9m▁[38;2;101;21;12;48;2;115;28;20m▍[38;2;123;28;20;48;2;127;35;24m▔[38;2;117;40;31;48;2;124;38;29m▃[38;2;111;41;34;48;2;99;47;39m▘[38;2;98;55;45;48;2;86;49;46m▅[38;2;93;57;59;48;2;101;68;59m▂[38;2;60;38;37;48;2;87;58;58m▗[38;2;67;42;43;48;2;46;35;31m▘[38;2;50;37;36;48;2;31;16;18m▅[38;2;16;8;10;48;2;47;33;34m▃[38;2;18;8;12;48;2;45;30;31m▆[38;2;27;21;26;48;2;19;11;13m▅[38;2;32;25;30;48;2;13;10;11m▘[38;2;20;15;19;48;2;5;2;5m▗[38;2;27;22;26;48;2;17;12;16m▞[38;2;46;38;43;48;2;33;27;32m▂[38;2;33;24;30;48;2;55;40;48m▗[38;2;37;24;32;48;2;19;14;18m▘[38;2;12;12;11;48;2;27;22;24m▆[38;2;25;21;22;48;2;14;13;15m▔[38;2;29;23;28;48;2;17;12;13m▂[38;2;20;14;18;48;2;37;32;38m▀[38;2;26;19;23;48;2;34;27;30m▏[38;2;22;16;16;48;2;34;26;26m▗[38;2;42;28;33;48;2;13;8;8m▘[38;2;14;9;9;48;2;11;6;7m▍[38;2;12;9;7;48;2;14;6;6m▅[38;2;55;40;42;48;2;28;25;20m▝[38;2;31;24;24;48;2;24;17;17m▕[38;2;26;19;19;48;2;16;12;14m▍[38;2;20;22;16;48;2;18;17;13m▂[38;2;17;19;12;48;2;34;44;30m▘[38;2;37;55;33;48;2;33;43;26m▅[38;2;29;49;25;48;2;24;37;19m▃[38;2;23;33;15;48;2;18;26;14m▅[38;2;34;17;17;48;2;43;34;30m▐[38;2;30;20;18;48;2;25;15;11m▃[38;2;30;25;21;48;2;17;13;9m▂[38;2;28;24;19;48;2;10;5;5m▅[38;2;18;18;13;48;2;8;8;6m▍[38;2;8;4;4;48;2;6;3;2m▝[38;2;5;3;1;48;2;21;12;11m▊[38;2;24;15;18;48;2;36;26;22m▐[38;2;24;14;16;48;2;19;11;10m▍[38;2;16;9;8;48;2;13;8;6m▂[38;2;23;14;13;48;2;16;9;7m▐[38;2;22;13;12;48;2;17;12;9m▖[38;2;10;6;4;48;2;13;7;6m▅[38;2;15;8;7;48;2;8;5;5m▝[38;2;18;10;8;48;2;22;11;10m▊[38;2;42;26;24;48;2;37;18;14m▗[38;2;66;39;28;48;2;45;24;20m▝[38;2;53;32;29;48;2;100;66;55m▅[38;2;82;52;46;48;2;109;78;69m▖[38;2;115;90;77;48;2;103;78;66m▀[38;2;119;98;85;48;2;137;115;89m▖[38;2;143;121;97;48;2;147;126;102m▍[38;2;149;128;104;48;2;152;130;106m▂[38;2;147;125;101m▐[38;2;140;119;99;48;2;148;126;103m▅[38;2;127;110;89;48;2;136;116;96m▐[38;2;123;101;85;48;2;121;102;87m▀[38;2;122;98;82;48;2;119;97;86m▀[38;2;157;117;108;48;2;130;101;88m▝[38;2;135;98;95;48;2;178;132;112m▃[38;2;135;95;94;48;2;186;140;123m▃[38;2;82;59;56;48;2;159;109;91m▃[38;2;116;75;71;48;2;38;31;30m▘[38;2;16;13;13;48;2;9;7;8m▔[38;2;12;7;7;48;2;24;13;9m▊[38;2;65;29;13;48;2;42;23;15m▐[38;2;106;57;34;48;2;84;43;21m▗[38;2;99;51;30;48;2;116;63;40m▀[38;2;112;59;48;48;2;98;54;34m▃[38;2;107;58;48;48;2;99;51;42m▂[38;2;103;54;44;48;2;109;60;47m▍[38;2;121;63;49;48;2;127;72;49m▆[38;2;130;66;48;48;2;140;78;53m▖[38;2;147;81;52;48;2;153;86;61m▅[38;2;152;85;57;48;2;144;80;52m▘[38;2;124;68;50;48;2;135;72;52m▐[38;2;116;63;49;48;2;111;59;53m▍[38;2;116;62;56;48;2;109;54;49m▃[38;2;125;66;55;48;2;115;60;53m▅[38;2;112;59;43;48;2;126;63;45m▐[38;2;76;39;32;48;2;97;49;39m▐[38;2;47;28;27;48;2;21;14;16m▍[38;2;8;8;12;48;2;9;10;15m▗[38;2;7;9;12;48;2;17;19;18m▊[38;2;39;42;27;48;2;26;27;23m▐[38;2;78;62;47;48;2;51;47;35m▗[38;2;62;58;39;48;2;100;74;57m▀[38;2;70;62;40;48;2;131;94;74m▀[0m
[38;2;59;48;28;48;2;101;69;43m▀[38;2;53;42;23;48;2;91;60;35m▀[38;2;80;53;29;48;2;50;38;22m▃[38;2;66;42;25;48;2;46;35;23m▃[38;2;54;33;18;48;2;41;29;18m▃[38;2;46;28;19;48;2;38;27;20m▃[38;2;35;21;15;48;2;40;27;24m▆[38;2;33;18;16;48;2;43;30;28m▆[38;2;46;31;30;48;2;33;18;17m▀[38;2;50;33;30;48;2;39;23;20m▀[38;2;51;41;31;48;2;45;32;25m▀[38;2;54;43;35;48;2;59;54;40m▃[38;2;55;51;44;48;2;62;59;50m▂[38;2;49;54;37;48;2;57;60;42m▗[38;2;44;48;31;48;2;46;55;33m▂[38;2;62;40;25;48;2;49;51;30m▗[48;2;75;32;23m▘[38;2;78;26;17;48;2;72;37;25m▅[38;2;68;25;17;48;2;60;25;13m▀[38;2;75;16;8;48;2;64;22;7m▀[38;2;76;14;4;48;2;69;20;7m▀[38;2;74;22;2;48;2;59;12;0m▅[38;2;60;16;0;48;2;80;25;3m▀[38;2;67;24;4;48;2;43;11;0m▖[38;2;67;17;1;48;2;51;16;0m▐[38;2;88;23;4;48;2;101;31;8m▍[38;2;108;40;17;48;2;105;27;12m▃[38;2;98;25;11;48;2;105;39;20m▀[38;2;106;39;21;48;2;102;30;15m▃[38;2;113;30;25;48;2;112;40;24m▀[38;2;112;34;24;48;2;105;45;27m▀[38;2;111;39;31;48;2;94;46;37m▔[38;2;80;46;46;48;2;89;48;42m▗[38;2;89;59;57;48;2;53;34;33m▀[38;2;70;40;42;48;2;57;44;45m▔[38;2;64;45;48;48;2;56;37;41m▅[38;2;30;17;21;48;2;58;46;41m▃[38;2;43;27;29;48;2;19;10;11m▘[38;2;49;40;43;48;2;20;14;15m▃[38;2;26;18;21;48;2;44;32;37m▐[38;2;25;18;20;48;2;11;6;8m▘[38;2;15;10;18;48;2;9;8;10m▃[38;2;30;24;25;48;2;12;10;12m▗[38;2;52;36;41;48;2;14;10;13m▅[38;2;23;14;17;48;2;49;36;40m▗[38;2;27;21;26;48;2;18;11;18m▘[38;2;17;13;16;48;2;13;11;13m▅[38;2;25;19;21;48;2;15;10;14m▗[38;2;26;19;21;48;2;23;13;17m▕[38;2;18;16;16;48;2;35;26;29m▃[38;2;21;10;9;48;2;30;23;25m▅[38;2;17;10;6;48;2;27;17;18m▆[38;2;21;17;13;48;2;14;11;9m▂[38;2;19;23;13;48;2;10;9;8m▂[38;2;39;51;31;48;2;14;13;9m▂[38;2;18;20;14;48;2;49;58;41m▀[38;2;42;45;30;48;2;25;19;19m▊[38;2;41;52;35;48;2;18;17;16m▂[38;2;47;54;36;48;2;32;21;18m▂[38;2;32;32;20;48;2;25;26;20m▍[38;2;34;44;29;48;2;40;62;33m▍[38;2;33;59;32;48;2;39;66;38m▂[48;2;28;55;28m▊[38;2;24;52;24;48;2;20;32;17m▖[38;2;25;30;22;48;2;37;26;22m▍[38;2;32;24;20;48;2;40;31;26m▊[38;2;54;43;40;48;2;32;27;23m▘[38;2;38;45;36;48;2;36;38;32m▐[38;2;14;27;12;48;2;27;43;23m▝[38;2;14;26;12;48;2;9;13;6m▍[38;2;19;15;14;48;2;8;8;5m▝[38;2;11;8;7;48;2;22;16;17m▅[38;2;19;15;14;48;2;12;7;7m▘[38;2;22;13;14;48;2;17;9;10m▀[38;2;14;7;8;48;2;20;12;12m▐[38;2;19;11;9;48;2;12;7;7m▘[38;2;9;4;5;48;2;12;9;7m▖[38;2;14;7;7;48;2;10;4;4m▅[38;2;19;12;10;48;2;13;7;8m▝[38;2;47;33;31;48;2;24;13;13m▀[38;2;50;33;33;48;2;42;25;26m▀[38;2;49;29;23;48;2;53;29;25m▂[38;2;77;54;40;48;2;62;38;29m▐[38;2;97;68;51;48;2;122;94;72m▊[38;2;138;112;85;48;2;130;104;81m▐[38;2;145;123;99;48;2;140;118;94m▐[38;2;144;122;97;48;2;147;126;102m▁[38;2;146;124;103;48;2;140;117;98m▍[38;2;137;120;99;48;2;133;115;94m▘[38;2;133;114;94;48;2;130;109;91m▃[38;2;124;102;88;48;2;141;120;103m▀[38;2;143;119;111;48;2;118;98;95m▃[38;2;89;74;79;48;2;107;87;87m▐[38;2;58;44;48;48;2;94;67;72m▆[38;2;31;20;24;48;2;65;48;54m▆[38;2;40;28;33;48;2;18;12;15m▔[38;2;7;8;10;48;2;11;11;13m▝[38;2;7;7;11;48;2;4;5;8m▍[38;2;14;9;7;48;2;8;6;5m▝[38;2;72;40;25;48;2;34;20;12m▐[38;2;125;69;42;48;2;102;57;34m▐[38;2;135;75;46;48;2;155;93;53m▀[38;2;133;73;51;48;2;158;91;63m▀[38;2;122;65;56;48;2;145;81;61m▀[38;2;143;77;62;48;2;120;61;54m▃[38;2;143;81;60;48;2;128;67;56m▃[38;2;136;72;58;48;2;148;82;56m▀[38;2;157;89;60;48;2;150;85;52m▅[38;2;157;90;62;48;2;147;82;54m▅[38;2;130;70;54;48;2;146;82;61m▝[38;2;128;69;52;48;2;145;80;60m▀[38;2;132;70;57;48;2;150;86;65m▀[38;2;154;86;56;48;2;138;74;58m▅[38;2;123;68;49;48;2;140;76;55m▐[38;2;76;39;32;48;2;104;55;44m▐[38;2;44;27;25;48;2;17;14;15m▍[38;2;6;9;12;48;2;3;7;10m▍[38;2;10;9;11;48;2;3;5;9m▝[38;2;21;17;16;48;2;44;35;31m▍[38;2;112;73;63;48;2;75;50;43m▐[38;2;140;94;78;48;2;156;97;85m▍[38;2;155;104;78;48;2;171;111;95m▔[0m
[38;2;93;65;43;48;2;117;80;53m▃[38;2;86;61;42;48;2;108;69;47m▃[38;2;75;50;33;48;2;95;62;41m▂[38;2;85;51;34;48;2;76;50;31m▘[38;2;61;39;24;48;2;67;44;28m▝[38;2;61;38;22;48;2;55;33;23m▖[38;2;48;26;19;48;2;41;21;15m▍[38;2;32;13;11;48;2;35;16;11m▐[38;2;25;9;9;48;2;29;10;10m▗[38;2;25;12;11;48;2;30;15;14m▆[38;2;29;13;11;48;2;32;22;17m▅[38;2;48;35;33;48;2;33;20;16m▀[38;2;55;43;41;48;2;37;25;20m▀[38;2;44;39;35;48;2;31;23;21m▀[38;2;36;23;15;48;2;50;35;24m▖[38;2;55;30;19;48;2;67;27;15m▍[38;2;65;21;10;48;2;70;23;11m▗[38;2;72;19;8;48;2;54;13;5m▀[38;2;57;24;10;48;2;49;20;3m▀[38;2;52;31;7;48;2;56;29;11m▖[38;2;59;32;11;48;2;69;32;9m▊[38;2;71;39;11;48;2;81;36;8m▖[38;2;87;33;3;48;2;95;36;6m▔[38;2;97;42;15;48;2;73;23;0m▅[38;2;68;31;10;48;2;81;47;17m▘[38;2;96;44;20;48;2;84;45;17m▝[38;2;91;36;16;48;2;103;47;22m▃[38;2;115;52;28;48;2;107;45;22m▗[38;2;116;47;24;48;2;135;72;46m▀[38;2;129;68;45;48;2;120;50;35m▆[38;2;107;56;37;48;2;108;64;40m▀[38;2;75;43;43;48;2;104;62;56m▐[38;2;61;35;33;48;2;36;21;22m▘[38;2;40;24;26;48;2;50;33;39m▊[38;2;53;35;40;48;2;61;40;54m▅[38;2;41;27;28;48;2;47;34;34m▆[38;2;46;32;37;48;2;36;24;28m▃[38;2;54;38;44;48;2;40;24;30m▞[38;2;50;37;38;48;2;30;19;20m▘[38;2;4;4;6;48;2;23;14;15m▃[38;2;13;10;11;48;2;23;14;24m▍[38;2;54;40;47;48;2;29;21;28m▃[38;2;28;26;31;48;2;59;42;52m▘[38;2;67;48;56;48;2;39;26;34m▘[38;2;22;16;20;48;2;26;20;25m▕[38;2;26;19;25;48;2;19;14;18m▝[38;2;15;10;13;48;2;24;20;21m▞[38;2;33;16;16;48;2;17;11;13m▂[38;2;57;30;26;48;2;17;8;9m▂[38;2;51;31;28;48;2;32;16;14m▁[38;2;37;39;26;48;2;18;11;6m▂[38;2;21;14;8;48;2;36;45;34m▘[38;2;49;65;40;48;2;32;33;24m▂[38;2;74;97;64;48;2;31;45;25m▅[38;2;51;83;47;48;2;69;89;59m▃[38;2;102;126;89;48;2;39;58;35m▃[38;2;97;122;83;48;2;40;53;32m▅[38;2;95;129;77;48;2;77;96;63m▅[38;2;59;77;48;48;2;67;99;56m▐[38;2;21;27;13;48;2;42;61;37m▝[38;2;27;51;26;48;2;20;25;16m▔[38;2;20;29;19;48;2;28;46;30m▃[38;2;21;41;20;48;2;30;55;31m▖[38;2;30;57;29;48;2;34;63;31m▝[38;2;39;69;39;48;2;23;41;18m▅[38;2;30;48;25;48;2;26;28;16m▂[38;2;33;30;23;48;2;28;27;22m▘[38;2;36;48;35;48;2;24;31;23m▝[38;2;28;44;26;48;2;34;49;32m▂[38;2;15;25;13;48;2;26;42;23m▐[38;2;12;16;9;48;2;6;6;4m▏[38;2;6;6;4;48;2;6;5;4m▂[38;2;7;6;5;48;2;10;7;7m▅[38;2;10;5;5;48;2;17;8;9m▊[38;2;15;11;10;48;2;11;5;5m▍[38;2;17;8;10;48;2;9;7;6m▔[38;2;10;6;6;48;2;7;4;4m▐[38;2;11;7;7;48;2;8;4;4m▀[38;2;10;5;5;48;2;13;6;7m▖[38;2;19;11;12m▔[38;2;54;34;29;48;2;28;14;12m▝[38;2;47;23;23;48;2;54;32;24m▂[38;2;59;35;30;48;2;71;43;37m▍[38;2;93;64;51;48;2;71;42;38m▝[38;2;95;69;58;48;2;122;96;76m▂[38;2;141;114;92;48;2;141;118;97m▏[38;2;140;120;96;48;2;144;122;98m▖[38;2;144;122;100;48;2;141;119;98m▍[38;2;134;113;96;48;2;135;114;94m▐[38;2;150;130;113;48;2;136;115;99m▐[38;2;162;142;126;48;2;157;137;120m▆[38;2;146;115;113;48;2;160;132;124m▐[38;2;82;67;70;48;2;118;98;99m▐[38;2;61;49;53;48;2;36;28;31m▍[38;2;25;20;24;48;2;21;16;20m▍[38;2;20;12;15;48;2;14;12;16m▍[38;2;11;11;13;48;2;11;11;15m▂[38;2;19;11;9;48;2;11;9;10m▗[38;2;11;7;6;48;2;28;10;6m▀[38;2;69;31;17;48;2;37;19;12m▐[38;2;118;68;38;48;2;94;50;30m▐[38;2;133;72;41;48;2;153;92;52m▖[38;2;158;93;52;48;2;164;99;62m▃[38;2;163;96;64;48;2;162;99;57m▀[38;2;162;97;61;48;2;156;88;59m▆[38;2;153;86;60;48;2;162;95;60m▀[38;2;156;88;59;48;2;167;99;64m▀[38;2;176;108;75;48;2;164;97;67m▆[38;2;168;98;71;48;2;182;107;86m▀[38;2;176;106;78;48;2;160;95;71m▖[38;2;156;92;66;48;2;152;91;64m▖[38;2;157;90;62;48;2;151;88;60m▀[38;2;138;77;47;48;2;151;84;57m▗[38;2;100;52;34;48;2;126;68;44m▗[38;2;60;30;24;48;2;87;43;32m▐[38;2;41;26;25;48;2;21;16;17m▍[38;2;10;9;14;48;2;7;8;12m▍[38;2;4;5;8;48;2;4;4;6m▂[38;2;32;27;27;48;2;7;7;9m▝[38;2;42;28;28;48;2;80;47;43m▖[38;2;109;63;51;48;2;139;79;71m▖[38;2;151;88;72;48;2;166;107;87m▅[0m
[38;2;65;47;36;48;2;72;52;34m▆[38;2;73;51;34;48;2;71;49;37m▔[38;2;79;50;37;48;2;69;49;37m▂[38;2;76;47;34;48;2;70;45;32m▂[38;2;77;47;35;48;2;72;44;29m▁[38;2;67;37;24;48;2;79;44;34m▀[38;2;61;31;23;48;2;84;45;34m▀[38;2;52;25;17;48;2;78;35;29m▀[38;2;62;31;23;48;2;39;18;13m▅[38;2;45;22;17;48;2;31;13;11m▅[38;2;36;17;13;48;2;28;13;10m▖[38;2;26;15;13;48;2;28;15;12m▕[38;2;18;16;12;48;2;27;18;13m▅[38;2;28;19;13;48;2;21;17;13m▐[38;2;56;23;14;48;2;41;20;15m▐[38;2;65;22;10;48;2;69;22;15m▕[38;2;61;19;10;48;2;50;13;4m▍[38;2;43;11;2;48;2;48;13;4m▆[38;2;66;29;10;48;2;51;22;5m▗[38;2;56;35;10;48;2;70;32;11m▀[38;2;65;39;11;48;2;59;37;12m▃[38;2;69;36;9;48;2;61;38;13m▝[38;2;69;41;11;48;2;89;48;14m▖[38;2;97;61;26;48;2;98;52;17m▗[38;2;91;57;25;48;2;88;57;26m▍[38;2;88;44;22;48;2;88;54;29m▐[38;2;102;48;29;48;2;92;44;23m▗[38;2;122;51;32;48;2;107;59;33m▃[38;2;120;45;30;48;2;121;73;45m▃[38;2;110;73;47;48;2;92;45;29m▀[38;2;88;61;47;48;2;104;68;47m▅[38;2;78;53;53;48;2;93;63;62m▐[38;2;73;53;60;48;2;43;28;33m▃[38;2;49;31;37;48;2;66;47;53m▘[38;2;74;49;58;48;2;66;46;53m▞[38;2;58;36;45;48;2;75;55;61m▅[38;2;48;33;38;48;2;65;49;54m▅[38;2;28;16;19;48;2;40;28;32m▝[38;2;47;37;47;48;2;16;13;15m▃[38;2;46;35;46;48;2;11;7;10m▅[38;2;38;24;35;48;2;50;43;49m▂[38;2;37;29;32;48;2;56;42;50m▂[38;2;16;12;13;48;2;42;29;36m▂[38;2;35;33;38;48;2;10;8;8m▀[38;2;24;17;22;48;2;12;9;8m▀[38;2;16;11;15;48;2;12;7;10m▔[38;2;57;32;30;48;2;23;12;12m▗[38;2;72;40;34;48;2;45;25;21m▅[38;2;79;47;42;48;2;63;48;44m▀[38;2;61;70;49;48;2;55;51;43m▁[38;2;81;111;73;48;2;50;58;41m▂[38;2;48;65;35;48;2;102;127;86m▀[38;2;76;97;62;48;2;95;118;72m▔[38;2;76;104;58;48;2;103;132;80m▀[38;2;87;120;76;48;2;101;136;83m▔[38;2;100;135;81;48;2;96;128;75m▅[38;2;89;122;68;48;2;97;132;78m▘[38;2;89;123;71;48;2;92;135;79m▝[38;2;80;110;67;48;2;91;130;76m▀[38;2;66;107;54;48;2;79;124;66m▀[38;2;73;117;60;48;2;55;85;49m▆[38;2;73;114;60;48;2;22;37;19m▅[38;2;26;39;25;48;2;73;111;64m▀[38;2;63;104;59;48;2;39;68;38m▃[38;2;57;96;54;48;2;45;78;44m▃[38;2;38;61;37;48;2;44;81;47m▝[38;2;27;36;24;48;2;39;66;39m▀[38;2;34;56;36;48;2;21;22;16m▃[38;2;34;53;35;48;2;25;30;22m▁[38;2;14;23;14;48;2;27;43;24m▅[38;2;21;29;15;48;2;9;17;9m▁[38;2;3;8;3;48;2;13;14;10m▀[38;2;5;6;4;48;2;9;8;6m▘[38;2;11;11;9;48;2;9;6;5m▀[38;2;12;7;7;48;2;14;9;9m▖[38;2;11;8;7;48;2;8;7;6m▖[38;2;8;5;5;48;2;10;7;7m▍[38;2;13;6;7;48;2;8;4;4m▃[38;2;12;6;5;48;2;9;2;4m▐[38;2;11;5;3;48;2;11;4;5m▅[38;2;17;9;8;48;2;11;6;3m▔[38;2;40;17;18;48;2;12;5;4m▝[38;2;54;34;28;48;2;71;42;36m▍[38;2;80;49;44;48;2;80;56;48m▊[38;2;105;83;64;48;2;89;67;57m▗[38;2;115;87;71;48;2;139;116;97m▍[38;2;140;117;98;48;2;143;120;102m▖[38;2;139;117;96;48;2;141;118;99m▐[38;2;127;103;87;48;2;131;110;92m▗[38;2;126;101;91;48;2;139;117;104m▅[38;2;145;120;111;48;2;122;97;87m▀[38;2;131;105;100;48;2;104;82;83m▀[38;2;81;69;69;48;2;55;42;56m▘[38;2;45;33;43;48;2;36;27;38m▍[38;2;29;22;29;48;2;26;21;25m▍[38;2;22;16;18;48;2;15;11;15m▍[38;2;11;11;13;48;2;15;11;12m▀[38;2;17;12;14;48;2;30;15;14m▊[38;2;41;16;12;48;2;37;12;9m▆[38;2;60;27;15;48;2;41;15;10m▝[38;2;56;28;17;48;2;81;42;26m▖[38;2;96;50;28;48;2;120;66;38m▖[38;2;130;77;45;48;2;145;85;49m▖[38;2;158;94;52;48;2;151;91;51m▝[38;2;159;96;57;48;2;163;99;61m▍[38;2;171;107;69;48;2;165;101;65m▅[38;2;171;101;70;48;2;174;104;74m▏[38;2;170;104;77;48;2;181;111;81m▃[38;2;165;96;78;48;2;178;107;81m▃[38;2;155;91;70;48;2;168;97;82m▃[38;2;142;81;58;48;2;150;86;66m▗[38;2;131;74;49;48;2;141;81;54m▗[38;2;114;60;37;48;2;128;69;40m▗[38;2;80;40;26;48;2;104;56;34m▐[38;2;67;36;24;48;2;42;27;18m▘[38;2;28;24;23;48;2;16;17;20m▍[38;2;10;10;17;48;2;12;12;20m▝[38;2;6;7;10;48;2;11;11;19m▀[38;2;17;17;22;48;2;10;8;13m▂[38;2;26;20;27;48;2;59;35;34m▍[38;2;112;68;56;48;2;94;55;48m▐[38;2;145;92;81;48;2;139;81;67m▗[0m
[38;2;75;50;38;48;2;71;48;37m▝[38;2;71;46;33;48;2;79;50;37m▃[38;2;67;45;35;48;2;75;47;38m▃[38;2;75;45;39;48;2;80;48;42m▖[38;2;95;58;53;48;2;85;53;47m▗[38;2;98;60;51;48;2;89;53;43m▆[38;2;70;47;39;48;2;88;50;43m▂[38;2;79;41;33;48;2;52;34;28m▀[38;2;56;31;24;48;2;33;23;16m▀[38;2;40;23;17;48;2;28;19;12m▘[38;2;41;25;18;48;2;33;15;11m▗[38;2;47;24;19;48;2;38;20;12m▃[38;2;37;22;19;48;2;25;18;15m▅[38;2;21;17;16;48;2;27;18;15m▘[38;2;60;26;14;48;2;40;20;13m▐[38;2;90;31;14;48;2;74;27;14m▗[38;2;59;16;7;48;2;77;24;15m▝[38;2;58;18;4;48;2;51;16;3m▖[38;2;56;29;9;48;2;53;21;8m▐[38;2;55;35;10;48;2;65;38;12m▖[38;2;62;51;22;48;2;65;45;16m▂[38;2;68;66;34;48;2;67;48;22m▃[38;2;73;66;34;48;2;78;51;23m▅[38;2;77;74;40;48;2;88;61;33m▃[38;2;89;69;41;48;2;93;65;36m▂[38;2;103;54;32;48;2;93;51;27m▅[38;2;98;38;21;48;2;103;44;22m▀[38;2;111;42;24;48;2;117;36;25m▃[38;2;96;46;38;48;2;114;40;26m▗[38;2;99;67;64;48;2;97;48;35m▂[38;2;86;57;51;48;2;105;75;70m▘[38;2;74;50;55;48;2;90;56;63m▝[38;2;89;64;69;48;2;66;42;47m▃[38;2;87;62;66;48;2;70;46;52m▖[38;2;47;30;42;48;2;67;50;58m▂[38;2;30;18;20;48;2;63;41;56m▅[38;2;17;9;10;48;2;33;19;22m▆[38;2;20;15;17;48;2;8;4;5m▔[38;2;19;13;19;48;2;12;8;9m▔[38;2;31;18;28;48;2;19;14;22m▐[38;2;34;27;30;48;2;4;3;5m▀[38;2;20;16;15;48;2;10;8;8m▔[38;2;17;12;14;48;2;11;7;8m▝[38;2;16;13;14;48;2;8;6;7m▘[38;2;26;13;12;48;2;11;5;6m▗[38;2;108;75;63;48;2;40;16;16m▗[38;2;80;45;38;48;2;90;57;55m▔[38;2;81;88;61;48;2;76;58;45m▅[38;2;116;139;91;48;2;78;93;61m▂[38;2;118;141;93;48;2;86;103;73m▆[38;2;84;88;68;48;2;107;127;89m▁[38;2;83;94;69;48;2;111;133;86m▃[38;2;77;94;68;48;2;112;139;95m▅[38;2;131;154;104;48;2;89;102;75m▂[38;2;128;150;106;48;2;58;78;55m▃[38;2;117;129;91;48;2;63;80;54m▂[38;2;58;66;50;48;2;91;133;74m▅[38;2;30;45;31;48;2;93;131;77m▃[38;2;44;60;39;48;2;84;127;72m▂[38;2;75;105;67;48;2;83;130;72m▂[38;2;82;126;68;48;2;79;120;65m▀[38;2;78;125;66;48;2;82;125;69m▔[38;2;82;123;68;48;2;79;127;66m▂[38;2;78;119;68;48;2;72;118;64m▂[38;2;65;103;62;48;2;73;111;68m▀[38;2;60;94;56;48;2;67;101;63m▔[38;2;69;101;66;48;2;52;82;51m▆[38;2;90;109;79;48;2;46;73;48m▆[38;2;84;96;74;48;2;38;59;36m▅[38;2;50;72;49;48;2;38;58;36m▅[38;2;39;65;41;48;2;27;52;28m▅[38;2;27;53;27;48;2;16;28;17m▅[38;2;20;35;21;48;2;8;7;5m▖[38;2;9;6;4;48;2;5;5;3m▘[38;2;12;8;8;48;2;7;4;4m▝[38;2;9;6;7;48;2;13;9;8m▐[38;2;9;6;6;48;2;12;8;9m▘[38;2;20;16;16;48;2;14;7;8m▗[38;2;19;10;12;48;2;9;5;3m▍[38;2;9;4;2;48;2;9;4;2m▔[38;2;10;3;2;48;2;7;4;1m▂[38;2;12;10;6;48;2;9;4;2m▕[38;2;54;38;37;48;2;16;12;8m▝[38;2;81;56;43;48;2;102;78;66m▖[38;2;109;88;71;48;2;127;105;84m▘[38;2;130;110;86;48;2;139;120;94m▍[38;2;143;123;95;48;2;144;122;100m▏[38;2;140;117;98;48;2;136;114;90m▊[38;2;124;100;81;48;2;133;111;90m▝[38;2;125;101;85;48;2;118;94;78m▖[38;2;106;80;71;48;2;111;86;76m▐[38;2;75;56;64;48;2;95;69;71m▐[38;2;46;33;49;48;2;57;45;57m▐[38;2;24;18;28;48;2;32;23;46m▐[38;2;13;13;21;48;2;22;15;22m▅[38;2;8;8;8;48;2;15;10;12m▅[48;2;15;11;12m▆[38;2;13;10;11;48;2;10;9;9m▔[38;2;10;12;11;48;2;27;16;16m▆[38;2;13;9;10;48;2;29;14;10m▆[38;2;52;28;18;48;2;29;19;16m▝[38;2;90;50;32;48;2;66;39;24m▐[38;2;103;58;37;48;2;124;70;42m▖[38;2;128;75;42;48;2;145;88;46m▃[38;2;133;77;46;48;2;152;91;54m▃[38;2;159;99;60;48;2;142;82;52m▀[38;2;138;78;57;48;2;159;98;71m▃[38;2;152;93;69;48;2;142;81;60m▀[38;2;139;77;56;48;2;151;87;68m▆[38;2;130;67;51;48;2;139;80;64m▅[38;2;128;72;53;48;2;120;64;46m▀[38;2;110;62;42;48;2;123;71;49m▅[38;2;110;61;41;48;2;92;51;37m▘[38;2;54;32;21;48;2;73;39;28m▐[38;2;37;26;26;48;2;30;22;16m▂[38;2;31;30;31;48;2;17;15;19m▂[38;2;40;33;44;48;2;15;17;23m▃[38;2;52;49;55;48;2;21;20;28m▃[38;2;30;26;36;48;2;61;54;62m▀[38;2;57;45;51;48;2;69;61;64m▘[38;2;111;72;73;48;2;89;75;75m▐[38;2;124;82;80;48;2;131;89;85m▍[0m
[38;2;60;41;26;48;2;42;30;19m▀[38;2;47;33;23;48;2;58;40;25m▅[38;2;53;33;26;48;2;60;41;32m▆[38;2;68;44;36;48;2;55;34;27m▀[38;2;79;46;45;48;2;51;33;28m▀[38;2;71;47;45;48;2;42;34;27m▀[38;2;49;34;30;48;2;20;21;11m▀[38;2;18;16;7;48;2;31;22;19m▆[38;2;29;21;11;48;2;23;20;11m▐[38;2;42;28;18;48;2;33;22;12m▅[38;2;45;26;19;48;2;50;28;21m▔[38;2;48;25;20;48;2;39;27;18m▍[38;2;37;23;14;48;2;31;21;14m▘[38;2;36;20;12;48;2;31;21;12m▐[38;2;55;24;13;48;2;47;22;15m▐[38;2;76;28;14;48;2;57;23;9m▀[38;2;64;25;6;48;2;78;25;9m▅[38;2;68;22;5;48;2;63;20;4m▆[38;2;66;42;20;48;2;65;28;10m▗[38;2;67;60;32;48;2;66;48;22m▐[38;2;65;81;39;48;2;65;66;30m▅[38;2;65;78;32;48;2;67;85;39m▁[38;2;71;70;31;48;2;70;87;43m▂[38;2;77;50;23;48;2;81;73;38m▂[38;2;86;36;13;48;2;87;58;29m▃[38;2;96;49;25;48;2;96;36;14m▀[38;2;102;37;18;48;2;109;44;23m▅[38;2;106;46;39;48;2;106;45;32m▁[38;2;81;51;44;48;2;93;39;38m▐[38;2;78;49;50;48;2;92;57;59m▀[38;2;71;42;42;48;2;86;55;55m▁[38;2;49;34;36;48;2;79;48;48m▃[38;2;57;36;36;48;2;42;30;28m▘[38;2;43;26;32;48;2;42;25;25m▁[38;2;33;21;19;48;2;42;27;27m▀[38;2;28;16;17;48;2;18;10;11m▍[38;2;17;14;13;48;2;14;7;9m▍[38;2;11;6;8;48;2;7;4;5m▏[38;2;6;4;5;48;2;8;7;7m▃[38;2;10;8;9;48;2;4;2;3m▘[38;2;3;2;3;48;2;3;2;3m▔[38;2;4;2;2;48;2;8;5;5m▖[38;2;19;10;11;48;2;8;4;5m▗[38;2;11;6;6;48;2;41;22;22m▀[38;2;74;63;39;48;2;39;27;22m▗[38;2;77;65;49;48;2;95;109;74m▘[38;2;113;141;90;48;2;96;111;73m▃[38;2;110;136;88;48;2;139;170;111m▘[38;2;165;178;131;48;2;143;169;121m▃[38;2;134;146;105;48;2;155;172;128m▝[38;2;114;119;89;48;2;145;162;121m▔[38;2;121;134;97;48;2;140;157;117m▃[38;2;111;116;87;48;2;136;156;111m▃[38;2;104;110;78;48;2;140;155;111m▃[38;2;107;108;72;48;2;129;142;97m▃[38;2;117;137;91;48;2;111;107;74m▀[38;2;107;103;73;48;2;111;130;86m▃[38;2;90;102;73;48;2;112;121;82m▔[38;2;105;120;75;48;2;33;42;27m▆[38;2;105;128;85;48;2;32;49;31m▃[38;2;43;61;37;48;2;80;112;72m▆[38;2;56;77;57;48;2;87;127;79m▖[38;2;126;155;114;48;2;95;132;85m▆[38;2;123;147;112;48;2;96;126;88m▅[38;2;112;139;102;48;2;88;122;76m▖[38;2;66;106;63;48;2;75;107;69m▝[38;2;73;105;70;48;2;66;99;59m▖[38;2;65;96;55;48;2;68;99;60m▅[38;2;72;97;65;48;2;63;88;54m▔[38;2;55;81;49;48;2;60;85;52m▞[38;2;67;89;58;48;2;47;76;43m▃[38;2;50;80;46;48;2;36;64;37m▖[38;2;22;36;22;48;2;35;58;33m▝[38;2;26;39;24;48;2;4;4;3m▖[38;2;5;4;3;48;2;4;3;2m▗[38;2;11;8;9;48;2;8;5;6m▝[38;2;8;8;8;48;2;10;7;8m▕[38;2;10;8;8;48;2;9;5;6m▀[38;2;12;5;7;48;2;17;8;9m▅[38;2;12;5;4;48;2;14;6;6m▃[38;2;10;5;3;48;2;15;8;6m▊[38;2;29;19;17;48;2;19;12;10m▐[38;2;29;18;16;48;2;18;11;9m▏[38;2;60;39;39;48;2;113;90;71m▍[38;2;126;100;84;48;2;136;114;90m▘[38;2;144;122;101;48;2;140;119;96m▆[38;2;145;125;105;48;2;146;124;103m▏[38;2;136;115;95;48;2;143;121;99m▐[38;2;132;111;91;48;2;133;112;92m▐[38;2;118;96;79;48;2;127;106;86m▐[38;2;113;91;79;48;2;109;86;76m▊[38;2;92;74;69;48;2;108;88;77m▀[38;2;111;94;85;48;2;79;66;67m▃[38;2;53;47;49;48;2;87;74;67m▀[38;2;58;53;55;48;2;29;28;34m▖[38;2;20;19;25;48;2;6;9;10m▖[38;2;16;16;18;48;2;7;8;10m▂[38;2;23;23;21;48;2;13;15;16m▃[38;2;18;17;15;48;2;31;27;23m▀[38;2;20;18;16;48;2;33;25;22m▀[38;2;23;15;15;48;2;33;20;14m▘[38;2;68;38;25;48;2;49;29;19m▐[38;2;102;60;37;48;2;85;49;29m▐[38;2;108;64;40;48;2;118;72;40m▖[38;2;118;71;44;48;2;125;74;43m▃[38;2;127;71;43;48;2;131;75;47m▆[38;2;153;95;54;48;2;138;77;52m▗[38;2;161;104;61;48;2;149;88;58m▃[38;2;161;103;59;48;2;148;81;55m▃[38;2;140;83;56;48;2;130;68;47m▖[38;2;119;68;48;48;2;115;59;41m▂[38;2;112;64;45;48;2;108;60;44m▃[38;2;108;65;48;48;2;94;51;40m▅[38;2;91;53;45;48;2;73;41;35m▅[38;2;77;48;43;48;2;54;34;34m▅[38;2;53;44;51;48;2;76;57;61m▀[38;2;82;66;72;48;2;59;46;56m▅[38;2;90;71;73;48;2;74;60;65m▅[38;2;89;70;70;48;2;77;63;68m▅[38;2;76;63;64;48;2;73;60;61m▗[38;2;103;88;85;48;2;83;72;69m▐[38;2;120;102;100;48;2;134;113;113m▊[0m
[38;2;42;30;21;48;2;40;28;18m▅[38;2;37;23;17;48;2;46;27;22m▂[38;2;48;30;23;48;2;35;20;17m▀[38;2;35;20;17;48;2;43;26;23m▅[38;2;39;23;20;48;2;35;22;19m▀[38;2;36;21;18;48;2;30;21;16m▃[38;2;29;20;15;48;2;21;16;10m▅[38;2;21;19;7;48;2;27;17;12m▀[38;2;29;21;11;48;2;24;17;10m▝[38;2;29;19;10;48;2;38;27;15m▅[38;2;44;27;19;48;2;35;24;14m▀[38;2;43;27;19;48;2;33;23;13m▘[38;2;23;18;12;48;2;28;21;15m▐[38;2;25;13;4;48;2;30;17;10m▆[38;2;47;22;10;48;2;39;15;6m▀[38;2;46;16;5;48;2;54;22;8m▅[38;2;46;17;5;48;2;56;20;7m▅[38;2;55;27;15;48;2;59;21;5m▃[38;2;62;50;28;48;2;66;38;21m▐[38;2;61;59;36;48;2;56;74;33m▍[38;2;65;86;40;48;2;62;83;34m▁[38;2;66;75;31;48;2;73;91;46m▀[38;2;82;83;46;48;2;71;65;29m▃[38;2;95;83;50;48;2;71;44;19m▃[38;2;91;33;12;48;2;97;66;37m▀[38;2;94;54;45;48;2;98;44;22m▃[38;2;77;45;39;48;2;104;50;40m▅[38;2;74;48;50;48;2;118;61;57m▆[38;2;98;62;58;48;2;73;42;45m▔[38;2;78;46;47;48;2;71;40;41m▊[38;2;58;39;44;48;2;54;33;39m▁[38;2;51;33;40;48;2;42;23;31m▂[38;2;37;22;29;48;2;59;40;46m▀[38;2;29;18;19;48;2;51;35;41m▃[38;2;31;16;20;48;2;22;12;13m▔[38;2;39;26;28;48;2;26;16;20m▐[38;2;28;15;15;48;2;16;10;8m▊[38;2;11;8;8;48;2;7;3;4m▖[38;2;7;5;4;48;2;3;2;3m▂[38;2;2;2;2;48;2;3;3;3m▗[38;2;21;15;17;48;2;1;1;1m▂[38;2;6;6;4;48;2;30;19;20m▀[38;2;50;36;39;48;2;23;13;14m▝[38;2;39;26;25;48;2;23;16;14m▘[38;2;91;81;58;48;2;19;17;14m▝[38;2;61;80;48;48;2;99;126;79m▖[38;2;142;167;114;48;2;124;151;98m▗[38;2;159;187;131;48;2;143;170;112m▝[38;2;141;162;113;48;2;162;185;131m▂[38;2;152;165;123;48;2;140;155;109m▀[38;2;77;82;64;48;2;114;121;94m▗[38;2;76;84;65;48;2;102;109;82m▅[38;2;76;74;72;48;2;91;97;75m▃[38;2;80;79;81;48;2;88;99;71m▂[38;2;51;50;48;48;2;106;107;82m▂[38;2;43;45;39;48;2;96;103;75m▂[38;2;62;66;53;48;2;85;91;63m▂[38;2;69;89;58;48;2;90;99;64m▅[38;2;67;97;52;48;2;92;119;71m▖[38;2;103;132;78;48;2;98;124;75m▐[38;2;102;126;82;48;2;102;135;82m▔[38;2;109;144;85;48;2;86;112;75m▆[38;2;125;159;106;48;2;105;140;86m▁[38;2;141;159;123;48;2;113;135;96m▝[38;2;120;135;101;48;2;86;114;78m▍[38;2;78;108;71;48;2;58;89;52m▀[38;2;69;99;64;48;2;56;82;47m▀[38;2;56;78;49;48;2;63;94;56m▃[38;2;53;81;50;48;2;44;56;37m▀[38;2;28;34;26;48;2;58;74;50m▅[38;2;29;34;24;48;2;69;89;57m▆[38;2;49;75;44;48;2;27;27;21m▀[38;2;22;26;19;48;2;52;66;49m▃[38;2;18;30;17;48;2;33;50;29m▝[38;2;23;30;19;48;2;2;5;1m▖[38;2;8;5;3;48;2;9;6;5m▗[38;2;12;9;8;48;2;9;6;4m▝[38;2;12;7;7;48;2;10;5;5m▍[38;2;10;5;5;48;2;10;6;4m▍[38;2;8;5;3;48;2;9;5;3m▖[38;2;11;6;4;48;2;16;7;7m▊[38;2;71;48;53;48;2;34;21;22m▗[38;2;53;38;35;48;2;92;72;63m▘[38;2;127;106;84;48;2;115;91;75m▐[38;2;140;118;97;48;2;134;114;89m▐[38;2;146;124;103;48;2;144;122;100m▐[38;2;145;124;101;48;2;142;121;100m▘[38;2;135;114;97;48;2;141;118;100m▝[38;2;132;111;91;48;2;135;114;94m▐[38;2;120;100;86;48;2;127;106;86m▐[38;2;118;99;85;48;2;111;92;77m▃[38;2;126;103;92;48;2;120;97;84m▅[38;2;120;99;94;48;2;126;103;92m▗[38;2;94;79;77;48;2;113;93;93m▐[38;2;69;62;67;48;2;53;51;54m▍[38;2;26;26;28;48;2;40;38;41m▝[38;2;25;25;27;48;2;41;39;40m▀[38;2;31;29;27;48;2;40;36;35m▀[38;2;46;39;39;48;2;40;34;34m▆[38;2;40;27;26;48;2;45;31;31m▐[38;2;36;21;14;48;2;35;23;19m▐[38;2;57;30;18;48;2;43;22;15m▐[38;2;91;50;34;48;2;75;42;28m▐[38;2;101;57;36;48;2;104;63;40m▍[38;2;115;69;43;48;2;107;61;41m▀[38;2;115;69;44;48;2;131;81;51m▊[38;2;160;111;68;48;2;144;97;61m▐[38;2;173;121;76;48;2;179;134;84m▀[38;2;165;116;74;48;2;173;129;81m▐[38;2;131;85;60;48;2;149;100;66m▐[38;2;123;74;52;48;2;115;67;49m▍[38;2;113;70;50;48;2;119;69;52m▀[38;2;120;69;52;48;2;114;66;48m▏[38;2;105;60;45;48;2;95;56;46m▍[38;2;73;50;47;48;2;81;52;47m▗[38;2;75;58;68;48;2;68;49;55m▝[38;2;85;69;74;48;2;83;63;67m▝[38;2;89;69;73;48;2;80;64;64m▀[38;2;87;69;69;48;2;78;62;62m▘[38;2;89;76;74;48;2;74;62;63m▐[38;2;104;88;87;48;2;120;101;101m▘[38;2;130;112;108;48;2;141;121;115m▊[0m
[38;2;38;23;19;48;2;36;20;17m▊[38;2;39;18;17;48;2;34;18;18m▃[38;2;44;21;20;48;2;37;17;16m▃[38;2;47;24;23;48;2;39;20;18m▅[38;2;46;26;26;48;2;41;21;19m▅[38;2;45;22;21m▃[38;2;40;20;18;48;2;35;20;17m▃[38;2;29;19;14;48;2;35;21;15m▀[38;2;32;18;10;48;2;26;18;11m▂[38;2;27;17;9;48;2;25;18;8m▁[38;2;26;18;8;48;2;29;20;10m▆[38;2;26;17;9;48;2;23;14;5m▀[38;2;12;9;4;48;2;20;13;5m▗[38;2;11;3;0;48;2;20;7;1m▂[38;2;37;13;3;48;2;28;8;0m▐[38;2;59;24;13;48;2;45;16;7m▗[38;2;51;19;9;48;2;70;37;25m▀[38;2;66;37;24;48;2;76;53;36m▀[38;2;83;66;46;48;2;70;57;37m▅[38;2;81;76;52;48;2;73;80;47m▅[38;2;75;83;50;48;2;73;87;47m▖[38;2;80;93;49;48;2;82;81;50m▀[38;2;87;62;39;48;2;85;84;48m▃[38;2;88;60;38;48;2;99;82;50m▃[38;2;72;50;30;48;2;89;75;45m▃[38;2;61;41;29;48;2;83;52;37m▅[38;2;66;42;45;48;2;52;32;29m▀[38;2;51;30;30;48;2;61;37;39m▅[38;2;53;33;32;48;2;62;38;42m▊[38;2;73;47;54;48;2;59;36;43m▂[38;2;62;41;53;48;2;53;37;43m▞[38;2;39;27;26;48;2;67;48;55m▅[38;2;29;17;17;48;2;41;29;33m▅[38;2;19;12;10;48;2;22;12;13m▊[38;2;40;25;21;48;2;30;16;14m▕[38;2;42;28;29;48;2;46;31;29m▗[38;2;35;22;25;48;2;13;9;9m▍[38;2;13;11;12;48;2;11;8;9m▕[38;2;11;9;7;48;2;20;16;15m▔[38;2;37;24;26;48;2;22;18;16m▗[38;2;67;52;54;48;2;21;10;15m▞[38;2;25;16;16;48;2;13;6;7m▘[38;2;27;17;18;48;2;11;9;7m▘[38;2;37;47;28;48;2;19;15;12m▗[38;2;45;65;34;48;2;36;44;27m▃[38;2;73;101;54;48;2;104;132;81m▍[38;2;114;142;90;48;2;135;161;103m▍[38;2;138;165;107;48;2;133;155;104m▘[38;2;127;155;99;48;2;130;158;102m▆[38;2;136;157;104;48;2;122;149;96m▔[38;2;102;126;78;48;2;83;99;62m▊[38;2;97;95;69;48;2;52;52;39m▂[38;2;146;116;102;48;2;50;51;55m▂[38;2;163;155;157;48;2;37;36;38m▃[38;2;58;68;98;48;2;25;26;32m▃[38;2;83;90;128;48;2;21;24;29m▗[38;2;91;87;86;48;2;24;29;27m▂[38;2;75;63;55;48;2;29;36;32m▂[38;2;60;82;60;48;2;36;45;31m▀[38;2;65;79;49;48;2;84;109;69m▃[38;2;74;96;61;48;2;93;126;73m▃[38;2;95;128;75;48;2;124;159;106m▖[38;2;123;152;99;48;2;147;170;121m▐[38;2;85;117;72;48;2;107;137;88m▗[38;2;89;115;76;48;2;65;96;62m▘[38;2;43;73;40;48;2;51;81;47m▂[38;2;37;68;35;48;2;46;75;39m▆[38;2;33;66;35;48;2;40;67;39m▀[38;2;36;64;35;48;2;40;67;38m▘[38;2;44;69;38;48;2;41;68;39m▝[38;2;53;76;45;48;2;47;71;40m▝[38;2;47;56;38;48;2;52;72;47m▔[38;2;55;72;49;48;2;39;45;30m▆[38;2;25;36;20;48;2;49;68;45m▀[38;2;36;40;27;48;2;22;25;14m▊[38;2;4;4;2;48;2;12;13;7m▐[38;2;3;3;1;48;2;7;3;1m▆[38;2;6;3;2;48;2;8;5;5m▂[38;2;6;3;3;48;2;9;5;3m▆[38;2;12;6;4;48;2;8;5;3m▗[38;2;26;15;15;48;2;14;7;6m▐[38;2;76;49;50;48;2;42;28;29m▐[38;2;81;61;56;48;2;97;79;67m▘[38;2;123;99;81;48;2;113;89;75m▐[38;2;131;108;84;48;2;137;112;91m▍[38;2;137;116;94;48;2;141;119;98m▁[38;2;140;119;98;48;2;142;119;101m▅[38;2;141;121;101;48;2;140;117;98m▃[38;2;132;111;91;48;2;138;117;97m▝[38;2;137;119;105;48;2;129;107;94m▃[38;2;127;109;94;48;2;135;117;104m▀[38;2;113;100;97;48;2;123;104;94m▗[38;2;85;73;76;48;2;107;92;91m▗[38;2;92;79;82;48;2;59;51;58m▘[38;2;44;44;45;48;2;50;47;51m▅[38;2;65;54;58;48;2;55;53;56m▅[38;2;80;67;66;48;2;60;53;55m▃[38;2;75;64;62;48;2;50;49;44m▅[38;2;50;45;42;48;2;67;53;50m▀[38;2;53;40;38;48;2;44;30;30m▖[38;2;44;27;21;48;2;39;25;16m▅[38;2;71;42;30;48;2;55;32;24m▐[38;2;97;57;36;48;2;87;51;37m▐[38;2;104;56;37;48;2;104;58;39m▔[38;2;97;55;30;48;2;102;59;34m▗[38;2;140;93;64;48;2;109;65;42m▐[38;2;160;113;73;48;2;176;129;82m▍[38;2;184;140;89;48;2;192;149;94m▘[38;2;187;142;90;48;2;172;124;77m▍[38;2;146;88;55;48;2;156;105;64m▐[38;2;141;81;56;48;2;133;71;52m▂[38;2;129;75;51;48;2;118;67;50m▃[38;2;115;74;57;48;2;112;64;50m▂[38;2;99;63;51;48;2;92;58;52m▍[38;2;75;52;50;48;2;81;57;50m▝[38;2;75;58;57;48;2;63;49;50m▖[38;2;65;52;54;48;2;54;43;45m▀[38;2;63;50;53;48;2;60;48;50m▀[38;2;75;63;68;48;2;69;59;56m▃[38;2;105;89;88;48;2;89;76;77m▐[38;2;115;96;96;48;2;122;101;101m▍[38;2;114;95;94;48;2;126;105;106m▃[0m
[38;2;47;25;20;48;2;44;23;20m▘[38;2;44;18;18;48;2;43;22;21m▃[38;2;41;19;18;48;2;45;22;21m▅[38;2;46;24;23;48;2;42;16;19m▀[38;2;48;24;23;48;2;44;21;20m▀[38;2;49;25;24;48;2;46;22;22m▀[38;2;48;24;21;48;2;46;23;20m▊[38;2;41;22;15;48;2;47;21;18m▀[38;2;43;19;15;48;2;37;20;13m▃[38;2;34;18;11;48;2;40;21;15m▀[38;2;37;19;12;48;2;32;16;9m▖[38;2;21;10;3;48;2;27;14;6m▐[38;2;10;9;3;48;2;17;10;3m▐[38;2;19;16;9;48;2;9;6;3m▂[38;2;51;47;30;48;2;23;23;10m▗[38;2;72;66;45;48;2;63;42;28m▃[38;2;81;71;48;48;2;76;57;41m▅[38;2;81;63;43;48;2;81;66;51m▔[38;2;82;73;52;48;2;85;72;51m▁[38;2;84;79;55;48;2;77;79;52m▀[38;2;78;88;54;48;2;77;79;51m▀[38;2;87;77;48;48;2;86;94;54m▂[38;2;97;90;60;48;2;85;73;44m▅[38;2;88;74;50;48;2;76;46;26m▖[38;2;59;42;36;48;2;56;30;25m▂[38;2;52;37;30;48;2;40;25;22m▔[38;2;42;26;24m▊[38;2;62;42;45;48;2;42;23;25m▃[38;2;51;31;38;48;2;69;46;54m▁[38;2;42;26;35;48;2;61;40;51m▅[38;2;29;16;17;48;2;45;30;32m▗[38;2;31;19;20;48;2;21;9;9m▍[38;2;27;16;14;48;2;17;8;7m▘[38;2;13;7;7;48;2;25;15;16m▊[38;2;31;19;22;48;2;42;27;23m▘[38;2;42;25;32;48;2;50;33;39m▞[38;2;26;15;18;48;2;12;7;7m▍[38;2;7;4;5;48;2;5;5;4m▖[38;2;6;5;6;48;2;16;13;14m▖[38;2;48;32;34;48;2;23;15;16m▞[38;2;17;16;17;48;2;22;13;14m▗[38;2;19;18;17;48;2;7;4;2m▘[38;2;21;29;16;48;2;11;10;7m▗[38;2;28;37;21;48;2;58;76;44m▘[38;2;67;92;53;48;2;75;106;59m▀[38;2;90;118;70;48;2;123;154;103m▍[38;2;135;160;106;48;2;152;177;120m▀[38;2;124;152;97;48;2;136;162;110m▝[38;2;124;151;97;48;2;130;159;98m▀[38;2;124;143;97;48;2;125;157;105m▝[38;2;123;153;99;48;2;107;125;81m▃[38;2;111;110;79;48;2;103;121;77m▝[38;2;134;125;93;48;2;105;122;79m▀[38;2;110;114;80;48;2;165;154;150m▆[38;2;84;77;56;48;2;76;73;105m▅[38;2;79;82;120;48;2;78;68;61m▀[38;2;104;95;103;48;2;72;90;57m▀[38;2;74;80;53;48;2;121;106;100m▅[38;2;103;70;57;48;2;65;45;41m▆[38;2;53;47;29;48;2;100;111;68m▘[38;2;67;92;53;48;2;111;143;90m▔[38;2;113;152;89;48;2;142;164;108m▘[38;2;108;146;86;48;2;135;167;108m▐[38;2;85;123;68;48;2;73;107;67m▍[38;2;49;74;45;48;2;63;92;60m▐[38;2;45;72;40;48;2;41;70;38m▁[38;2;37;42;40;48;2;38;69;38m▁[38;2;25;35;27;48;2;44;67;38m▃[38;2;42;67;36;48;2;20;34;23m▀[38;2;26;37;29;48;2;35;61;38m▃[38;2;43;60;39;48;2;33;42;33m▀[38;2;35;43;35;48;2;42;60;38m▃[38;2;30;47;33;48;2;46;62;42m▃[38;2;42;57;40;48;2;47;65;44m▖[38;2;19;20;13;48;2;48;59;39m▐[38;2;5;5;4;48;2;2;1;2m▔[38;2;2;2;0;48;2;1;0;0m▘[38;2;5;3;2;48;2;4;1;1m▗[48;2;6;3;3m▘[38;2;18;8;8;48;2;11;6;3m▗[38;2;22;11;9;48;2;34;21;18m▊[38;2;52;30;30;48;2;79;52;42m▍[38;2;86;66;58;48;2;92;72;60m▆[38;2;113;89;70;48;2;96;72;58m▐[38;2;120;96;79;48;2;126;103;80m▖[38;2;131;107;89;48;2;136;114;90m▖[38;2;131;111;95;48;2;140;120;95m▃[38;2;125;108;97;48;2;136;116;99m▃[38;2;136;120;102;48;2;123;106;94m▀[38;2;121;106;98;48;2;135;120;107m▃[38;2;118;103;95;48;2;130;117;104m▃[38;2;88;76;78;48;2;109;93;88m▗[38;2;58;50;58;48;2;76;66;72m▐[38;2;49;41;50;48;2;38;36;41m▘[38;2;62;57;58;48;2;43;41;45m▗[38;2;66;61;60;48;2;82;67;65m▘[38;2;88;72;72;48;2;90;75;72m▍[38;2;90;75;72;48;2;85;70;65m▃[38;2;85;65;61;48;2;80;63;57m▆[38;2;60;43;37;48;2;78;52;41m▝[38;2;49;29;22;48;2;68;41;36m▀[38;2;74;48;40;48;2;58;36;29m▐[38;2;84;50;39;48;2;90;55;42m▊[38;2;100;64;49;48;2;100;58;42m▃[38;2;107;64;42;48;2;103;59;40m▗[38;2;156;111;70;48;2;123;80;50m▐[38;2;192;146;91;48;2;174;132;81m▐[38;2;193;151;92;48;2;194;151;95m▔[38;2;190;142;87;48;2;176;128;81m▍[38;2;164;113;70;48;2;154;103;69m▍[38;2;136;84;62;48;2;143;88;66m▐[38;2;138;89;64;48;2;132;85;60m▅[38;2;137;91;68;48;2;125;84;57m▖[38;2;122;83;63;48;2;110;75;58m▅[38;2;117;85;71;48;2;99;68;57m▖[38;2;74;58;60;48;2;82;63;59m▐[38;2;64;49;54;48;2;51;42;43m▍[38;2;55;50;52;48;2;74;67;64m▘[38;2;110;91;90;48;2;89;78;75m▗[38;2;118;99;98;48;2;108;93;90m▆[38;2;120;102;102;48;2;111;92;88m▀[38;2;117;102;99;48;2;104;89;86m▘[0m
[38;2;43;21;20;48;2;42;20;19m▂[38;2;40;17;19;48;2;39;18;19m▂[38;2;37;14;17;48;2;39;16;19m▗[38;2;39;14;18;48;2;42;15;19m▖[38;2;40;17;20;48;2;44;17;20m▂[38;2;47;20;21;48;2;45;19;17m▐[38;2;47;20;20;48;2;49;22;20m▁[38;2;48;19;18;48;2;48;24;21m▂[38;2;46;23;20;48;2;43;20;17m▘[38;2;38;21;14;48;2;40;21;17m▕[38;2;37;19;12;48;2;31;15;9m▘[38;2;27;14;6;48;2;20;11;3m▍[38;2;29;26;13;48;2;14;12;3m▗[38;2;28;25;16;48;2;47;43;29m▘[38;2;59;54;38;48;2;68;67;43m▘[38;2;73;65;45;48;2;79;69;49m▂[38;2;75;68;46;48;2;82;71;52m▅[38;2;77;69;49;48;2;79;71;51m▏[38;2;76;69;52;48;2;81;75;54m▃[38;2;69;61;44;48;2;84;75;54m▂[38;2;72;53;40;48;2;80;72;47m▂[38;2;89;55;32;48;2;89;59;39m▝[38;2;96;76;51;48;2;89;52;36m▔[38;2;83;58;46;48;2;78;47;36m▀[38;2;44;30;28;48;2;67;45;44m▁[38;2;67;48;50;48;2;60;37;33m▅[38;2;68;45;46;48;2;54;40;41m▍[38;2;40;25;32;48;2;56;37;41m▆[38;2;44;28;30;48;2;28;18;23m▀[38;2;35;24;31;48;2;46;30;41m▘[38;2;47;34;38;48;2;30;19;20m▍[38;2;34;23;26;48;2;18;9;10m▃[38;2;37;25;28;48;2;16;12;12m▃[38;2;22;12;16;48;2;36;24;26m▀[38;2;54;37;44;48;2;60;43;49m▝[38;2;63;46;54;48;2;46;31;37m▖[38;2;35;21;27;48;2;16;11;15m▍[38;2;13;9;13;48;2;8;4;7m▂[38;2;14;11;10;48;2;7;3;2m▂[38;2;20;16;13;48;2;13;9;7m▂[38;2;8;6;7;48;2;17;13;14m▐[38;2;8;8;6;48;2;6;5;5m▅[38;2;16;23;14;48;2;31;58;32m▊[38;2;59;83;50;48;2;69;102;60m▍[38;2;105;147;87;48;2;73;110;60m▐[38;2;139;170;114;48;2;129;164;104m▝[38;2;146;176;119;48;2;153;179;124m▍[38;2;136;167;108;48;2;152;180;123m▝[38;2;133;164;105;48;2;145;175;118m▀[38;2;140;173;115;48;2;128;164;106m▖[38;2;115;149;92;48;2;123;159;104m▝[38;2;100;143;77;48;2;111;148;86m▗[38;2;97;138;79;48;2;106;139;83m▃[38;2;90;127;77;48;2;108;136;83m▃[38;2;90;126;76;48;2;90;120;76m▍[38;2;89;114;71;48;2;90;107;70m▅[38;2;79;113;64;48;2;79;101;62m▆[38;2;83;123;72;48;2;77;111;65m▃[38;2;84;114;69;48;2;87;131;74m▀[38;2;102;138;82;48;2;110;152;87m▍[38;2;132;166;104;48;2;116;154;91m▗[38;2;147;181;116;48;2;132;170;109m▃[38;2;108;150;87;48;2;134;173;111m▐[38;2;61;93;52;48;2;82;123;69m▐[38;2;50;78;48;48;2;57;81;51m▐[38;2;48;66;43;48;2;48;42;38m▊[38;2;81;70;68;48;2;45;45;36m▗[38;2;45;46;59;48;2;31;39;51m▍[38;2;46;55;79;48;2;23;29;40m▗[38;2;28;35;53;48;2;12;13;19m▖[38;2;58;54;59;48;2;16;17;18m▂[38;2;16;20;15;48;2;24;29;26m▅[38;2;21;27;25;48;2;25;37;30m▖[38;2;46;60;40;48;2;37;52;35m▐[38;2;50;55;39;48;2;4;4;1m▍[38;2;3;1;1;48;2;1;0;1m▘[38;2;3;1;2;48;2;2;1;1m▐[38;2;3;2;1;48;2;4;3;2m▘[38;2;17;19;15;48;2;4;4;3m▗[38;2;13;8;8;48;2;29;19;20m▘[38;2;47;35;34;48;2;36;24;23m▃[38;2;55;33;30;48;2;34;17;17m▝[38;2;36;16;16;48;2;84;61;52m▃[38;2;92;71;59;48;2;105;84;66m▏[38;2;107;86;69;48;2;117;95;76m▘[38;2;124;103;85;48;2;123;102;82m▕[38;2;125;107;93;48;2;118;98;88m▀[38;2;107;92;87;48;2;117;97;90m▃[38;2;115;101;93;48;2;99;84;81m▔[38;2;99;85;83;48;2;107;92;90m▅[38;2;96;80;82;48;2;105;91;88m▅[38;2;69;63;64;48;2;87;74;72m▐[38;2;54;51;53;48;2;45;43;49m▍[38;2;43;41;44;48;2;47;45;51m▀[38;2;79;66;64;48;2;60;52;54m▐[38;2;89;73;69;48;2;101;84;76m▘[38;2;101;82;75;48;2;96;79;71m▆[38;2;95;76;72;48;2;90;73;70m▍[38;2;90;71;67;48;2;93;69;63m▊[38;2;87;57;47;48;2;91;66;57m▐[38;2;76;48;33;48;2;86;53;37m▝[38;2;79;45;29;48;2;87;54;36m▊[38;2;92;56;39;48;2;101;63;45m▍[38;2;107;67;45;48;2;106;67;47m▂[38;2;110;71;51;48;2;126;86;57m▊[38;2;142;97;60;48;2;166;123;74m▍[38;2;183;140;85;48;2;195;150;91m▍[38;2;195;150;95;48;2;199;159;96m▐[38;2;165;124;77;48;2;182;137;86m▐[38;2;131;84;59;48;2;150;103;68m▐[38;2;112;68;58;48;2;125;78;62m▅[38;2;116;71;63;48;2;131;83;65m▖[38;2;144;92;59;48;2;136;89;63m▂[38;2;131;88;61;48;2;122;81;55m▊[38;2;98;66;51;48;2;120;79;53m▐[38;2;75;58;51;48;2;84;66;52m▀[38;2;70;61;59;48;2;96;82;79m▀[38;2;83;65;70;48;2;106;82;84m▘[38;2;116;95;95;48;2;124;101;101m▘[38;2;113;95;93;48;2;118;101;93m▅[38;2;116;97;94;48;2;112;92;88m▘[38;2;103;84;84;48;2;92;76;79m▍[0m
[38;2;43;19;21;48;2;44;22;21m▝[38;2;41;17;19;48;2;42;19;18m▀[38;2;38;15;18;48;2;40;17;20m▔[38;2;41;18;20;48;2;41;16;20m▗[38;2;37;16;15;48;2;41;17;20m▃[38;2;41;19;18;48;2;37;15;17m▀[38;2;42;19;18;48;2;40;18;17m▝[38;2;44;20;18;48;2;40;20;16m▘[38;2;35;17;12;48;2;39;20;16m▕[38;2;36;17;13;48;2;28;14;9m▀[38;2;20;11;4;48;2;24;12;6m▆[38;2;27;25;11;48;2;17;13;5m▗[38;2;48;45;31;48;2;35;33;19m▗[38;2;52;49;32;48;2;66;65;42m▘[38;2;70;66;42;48;2;67;66;42m▞[38;2;69;68;43;48;2;66;58;39m▍[38;2;74;66;49;48;2;70;61;41m▐[38;2;71;62;47;48;2;59;46;37m▀[38;2;90;93;64;48;2;72;50;33m▂[38;2;123;134;98;48;2;74;58;42m▃[38;2;127;149;111;48;2;52;37;25m▅[38;2;113;149;96;48;2;79;59;51m▅[38;2;110;136;102;48;2;76;52;45m▅[38;2;76;40;37;48;2;98;117;94m▀[38;2;91;89;83;48;2;40;23;26m▃[38;2;91;88;82;48;2;44;32;29m▂[38;2;44;28;35;48;2;60;47;54m▅[38;2;29;24;25;48;2;48;31;37m▐[38;2;18;10;12;48;2;27;15;20m▊[38;2;21;14;18;48;2;45;31;30m▅[38;2;45;29;36;48;2;56;42;46m▖[38;2;47;34;39;48;2;65;49;49m▀[38;2;46;32;45;48;2;42;27;39m▖[38;2;42;26;32;48;2;43;31;39m▂[38;2;55;39;50;48;2;50;32;37m▀[38;2;58;40;49;48;2;52;37;49m▗[38;2;33;25;35;48;2;58;43;48m▝[38;2;34;26;29;48;2;18;13;17m▂[38;2;13;10;8;48;2;27;21;18m▀[38;2;33;30;27;48;2;15;12;10m▐[38;2;25;30;18;48;2;14;18;13m▖[38;2;22;31;21;48;2;16;17;12m▃[38;2;21;26;15;48;2;28;51;23m▊[38;2;50;80;42;48;2;71;107;56m▍[38;2;85;130;70;48;2;105;144;88m▍[38;2;138;169;114;48;2;122;156;98m▐[38;2;155;184;130;48;2;151;180;125m▐[38;2;173;200;149;48;2;159;190;135m▂[38;2;176;203;153;48;2;150;182;123m▃[38;2;162;190;137;48;2;140;176;115m▃[38;2;149;180;126;48;2;128;163;105m▂[38;2;114;159;98;48;2;101;150;87m▍[38;2;94;137;78;48;2;102;149;86m▀[38;2;92;135;78;48;2;89;127;76m▖[38;2;87;124;73;48;2;81;122;68m▀[38;2;80;123;68;48;2;81;122;72m▃[38;2;86;127;75;48;2;80;125;71m▗[38;2;86;128;74;48;2;93;134;80m▘[38;2;121;155;100;48;2;102;144;90m▗[38;2;124;166;102;48;2;173;206;146m▀[38;2;133;172;107;48;2;162;197;133m▘[38;2;181;213;146;48;2;157;190;126m▆[38;2;107;150;85;48;2;143;178;114m▐[38;2;80;121;67;48;2;63;93;57m▍[38;2;85;106;76;48;2;52;76;48m▖[38;2;40;70;41;48;2;47;71;46m▝[38;2;37;60;38;48;2;46;71;43m▀[38;2;28;33;31;48;2;46;67;43m▀[38;2;46;63;41;48;2;26;31;34m▂[38;2;76;70;69;48;2;35;34;29m▝[38;2;97;80;83;48;2;39;45;32m▘[38;2;19;17;14;48;2;48;56;37m▀[38;2;59;74;49;48;2;23;33;22m▅[38;2;31;43;21;48;2;46;67;39m▕[38;2;21;30;14;48;2;7;4;1m▏[38;2;3;2;1;48;2;0;1;0m▗[38;2;5;4;3;48;2;3;2;1m▃[38;2;7;4;5;48;2;6;4;4m▕[38;2;13;13;11;48;2;10;7;6m▔[38;2;19;14;13;48;2;35;27;28m▍[38;2;51;36;37;48;2;45;32;35m▝[38;2;57;42;42;48;2;46;30;30m▆[38;2;78;59;50;48;2;37;23;23m▆[38;2;61;39;45;48;2;94;72;58m▘[38;2;120;97;84;48;2;115;91;76m▐[38;2;125;102;91;48;2;121;98;87m▞[38;2;119;100;96;48;2;111;92;90m▘[38;2;91;77;78;48;2;101;87;86m▗[38;2;87;74;72;48;2;93;79;78m▃[38;2;86;73;71;48;2;95;81;80m▂[38;2;90;77;78;48;2;92;81;78m▕[38;2;86;73;74;48;2;75;67;68m▍[38;2;49;46;52;48;2;60;55;57m▐[38;2;50;47;54;48;2;45;43;47m▝[38;2;78;71;72;48;2;59;57;63m▐[38;2;92;79;77;48;2;101;84;80m▖[38;2;103;85;79;48;2;98;84;78m▅[38;2;96;77;76;48;2;88;72;72m▍[38;2;82;67;63;48;2;86;72;66m▅[38;2;83;53;43;48;2;85;62;53m▐[38;2;81;50;38;48;2;80;47;30m▍[38;2;88;51;35;48;2;84;48;32m▕[38;2;89;51;32;48;2;95;54;35m▃[38;2;102;58;41;48;2;95;52;34m▀[38;2;110;68;46;48;2;138;93;61m▊[38;2;150;106;69;48;2;171;130;80m▍[38;2;186;147;89;48;2;195;153;98m▍[38;2;189;145;91;48;2;200;159;99m▐[38;2;156;110;67;48;2;176;129;77m▐[38;2;139;93;64;48;2;122;81;55m▍[38;2;110;66;57;48;2;111;67;43m▀[38;2;126;81;55;48;2;120;72;51m▐[38;2;129;81;49;48;2;142;92;58m▃[38;2;139;90;54;48;2;124;82;46m▘[38;2;119;80;55;48;2;117;85;70m▀[38;2;101;78;70;48;2;113;93;89m▀[38;2;106;87;83;48;2;121;102;98m▘[38;2;125;106;101m▆[38;2;121;105;102;48;2;119;104;99m▍[38;2;118;99;97;48;2;123;103;99m▍[38;2;123;103;99;48;2;113;94;92m▖[38;2;103;88;93;48;2;101;85;87m▏[0m
[38;2;42;25;22;48;2;42;29;25m▀[38;2;43;26;23;48;2;40;22;19m▆[38;2;44;27;24;48;2;41;21;21m▖[38;2;33;21;15;48;2;36;19;19m▂[38;2;29;20;15;48;2;33;16;14m▂[38;2;33;18;15;48;2;34;19;18m▍[38;2;38;22;17;48;2;35;20;17m▐[38;2;35;24;18;48;2;38;23;18m▂[38;2;25;18;10;48;2;32;22;15m▗[38;2;17;13;5;48;2;23;16;8m▐[38;2;18;22;6;48;2;14;12;3m▗[38;2;39;41;19;48;2;24;29;12m▗[38;2;92;103;75;48;2;49;51;30m▁[38;2;124;135;106;48;2;71;67;43m▂[38;2;148;165;130;48;2;70;66;42m▃[38;2;70;65;41;48;2;157;177;138m▀[38;2;141;171;124;48;2;77;78;61m▅[38;2;129;159;116;48;2;107;106;93m▆[38;2;97;131;85;48;2;138;161;124m▃[38;2;128;159;113;48;2;81;116;70m▀[38;2;117;149;102;48;2;80;115;68m▀[38;2;93;123;72;48;2;110;142;94m▅[38;2;102;137;83;48;2;86;122;67m▀[38;2;85;119;70;48;2;92;122;84m▆[38;2;89;115;79;48;2;73;112;71m▀[38;2;119;155;106;48;2;106;131;95m▗[38;2;126;157;119;48;2;94;98;89m▆[38;2;120;148;114;48;2;35;31;33m▅[38;2;20;13;15;48;2;104;123;106m▀[38;2;69;85;72;48;2;8;9;7m▂[38;2;13;19;17;48;2;3;3;6m▁[38;2;3;0;2;48;2;47;37;43m▆[38;2;28;22;30;48;2;13;11;6m▀[38;2;8;7;6;48;2;25;20;25m▃[38;2;14;12;10;48;2;39;27;31m▅[38;2;23;17;16;48;2;46;31;39m▃[38;2;50;34;43;48;2;29;16;16m▀[38;2;36;24;25;48;2;22;11;12m▍[38;2;18;20;13;48;2;42;48;40m▀[38;2;38;47;34;48;2;14;16;9m▂[38;2;28;42;28;48;2;15;22;10m▕[38;2;52;67;52;48;2;34;50;33m▅[38;2;32;58;28;48;2;22;40;23m▕[38;2;61;94;53;48;2;80;115;66m▊[38;2;115;152;93;48;2;96;137;80m▗[38;2;133;164;113;48;2;119;151;96m▐[38;2;162;190;137;48;2;147;176;126m▐[38;2;168;195;143;48;2;180;203;157m▍[38;2;189;211;166;48;2;183;208;159m▐[38;2;183;206;158;48;2;196;218;172m▃[38;2;186;212;160;48;2;170;194;145m▘[38;2;152;181;128;48;2;132;165;108m▖[38;2;124;158;101;48;2;104;145;85m▖[38;2;97;142;84;48;2;90;132;77m▖[38;2;100;133;82;48;2;85;126;72m▃[38;2;100;134;87;48;2;79;121;67m▅[38;2;67;101;63;48;2;94;131;84m▃[38;2;127;160;114;48;2;94;128;81m▗[38;2;108;143;94;48;2;162;191;144m▘[38;2;160;185;133;48;2;171;200;145m▁[38;2;95;128;79;48;2;168;204;137m▁[38;2;136;170;114;48;2;182;212;153m▂[38;2;101;126;78;48;2;151;164;115m▐[38;2;72;99;66;48;2;86;118;75m▝[38;2;79;99;68;48;2;60;84;53m▘[38;2;54;80;51;48;2;54;83;50m▀[38;2;65;90;61;48;2;58;83;54m▗[38;2;64;86;61;48;2;59;82;57m▃[38;2;62;79;56;48;2;52;75;47m▅[38;2;62;82;55;48;2;50;70;44m▅[38;2;56;72;44;48;2;62;82;54m▀[38;2;70;89;59;48;2;62;80;49m▂[38;2;68;84;57;48;2;66;83;50m▖[38;2;17;29;11;48;2;58;74;43m▐[38;2;13;10;7;48;2;5;2;2m▍[38;2;6;4;5;48;2;3;3;1m▆[38;2;7;6;6;48;2;5;4;4m▗[38;2;6;4;4;48;2;8;5;6m▀[38;2;10;6;7;48;2;7;4;5m▝[38;2;12;9;9;48;2;26;15;15m▊[38;2;65;42;42;48;2;48;29;31m▗[38;2;60;39;39;48;2;51;33;32m▞[38;2;61;42;37;48;2;85;63;53m▖[38;2;93;74;62;48;2;99;80;68m▍[38;2;112;93;83;48;2;106;88;76m▐[38;2;117;98;92;48;2;110;92;90m▀[38;2;110;92;91;48;2;98;83;82m▘[38;2;91;78;79;48;2;80;73;75m▘[38;2;66;55;59;48;2;76;64;68m▗[38;2;75;67;70;48;2;64;57;62m▀[38;2;87;77;74;48;2;72;64;64m▀[38;2;85;73;74;48;2;78;67;68m▀[38;2;60;54;56;48;2;73;62;62m▐[38;2;49;43;48;48;2;44;42;48m▍[38;2;66;60;62;48;2;51;45;50m▐[38;2;94;80;79;48;2;82;70;72m▐[38;2;100;86;85;48;2;107;88;87m▏[38;2;100;84;78;48;2;96;79;71m▊[38;2;88;68;62;48;2;94;74;67m▝[38;2;92;57;43;48;2;92;64;54m▐[38;2;87;52;37;48;2;83;50;28m▍[38;2;63;34;13;48;2;76;44;22m▗[38;2;78;42;24;48;2;55;30;12m▀[38;2;85;43;24;48;2;66;34;21m▀[38;2;127;85;51;48;2;99;57;32m▐[38;2;153;108;66;48;2;172;127;72m▍[38;2;184;141;81;48;2;192;149;88m▍[38;2;182;136;82;48;2;189;146;88m▐[38;2;152;105;63;48;2;171;122;74m▐[38;2;136;89;57;48;2;117;68;45m▍[38;2;92;53;29;48;2;106;58;35m▃[38;2;93;55;30;48;2;105;57;31m▅[38;2;86;56;38;48;2;110;68;39m▆[38;2;99;79;72;48;2;99;75;61m▗[38;2;118;98;92;48;2;107;87;79m▗[38;2;123;103;96;48;2;114;95;91m▅[38;2;116;102;99;48;2;125;105;104m▂[38;2;123;104;100;48;2;120;101;97m▊[38;2;123;107;109;48;2;118;99;95m▝[38;2;125;105;101;48;2;122;102;98m▊[38;2;123;102;102;48;2;123;103;99m▝[38;2;120;101;100;48;2;110;95;92m▍[0m
[38;2;39;27;25;48;2;43;28;23m▖[38;2;35;29;23;48;2;43;28;22m▗[38;2;41;25;22;48;2;30;22;17m▘[38;2;35;30;22;48;2;28;18;13m▁[38;2;52;49;35;48;2;35;21;17m▁[38;2;91;93;80;48;2;36;21;20m▁[38;2;123;132;111;48;2;35;24;18m▂[38;2;138;156;123;48;2;39;24;18m▃[38;2;18;18;6;48;2;132;159;110m▀[38;2;135;157;124;48;2;12;20;3m▅[38;2;125;141;109;48;2;21;32;10m▆[38;2;83;95;67;48;2;115;141;95m▔[38;2;144;168;124;48;2;85;115;66m▀[38;2;79;112;60;48;2;144;166;127m▅[38;2;75;109;57;48;2;123;147;106m▅[38;2;71;106;59;48;2;114;142;92m▅[38;2;57;95;53;48;2;87;119;74m▅[38;2;56;90;52;48;2;75;108;68m▆[38;2;71;106;65;48;2;60;93;55m▔[38;2;59;92;53;48;2;68;102;62m▅[38;2;57;86;46;48;2;69;101;54m▃[38;2;62;92;54;48;2;76;109;63m▏[38;2;52;87;49;48;2;67;101;60m▅[38;2;98;131;85;48;2;115;146;102m▔[38;2;134;167;109;48;2;77;117;72m▗[38;2;170;198;142;48;2;132;169;117m▅[38;2;164;191;138;48;2;135;172;122m▅[38;2;159;186;132;48;2;123;157;113m▃[38;2;135;167;112;48;2;118;145;114m▂[38;2;97;122;104;48;2;109;143;103m▝[38;2;98;138;97;48;2;60;79;65m▆[38;2;85;125;84;48;2;2;10;2m▅[38;2;71;103;70;48;2;2;2;2m▃[38;2;18;39;20;48;2;2;1;0m▂[38;2;3;4;2;48;2;0;1;1m▔[38;2;2;2;3;48;2;13;9;8m▆[38;2;20;9;13;48;2;11;9;7m▔[38;2;16;13;14;48;2;32;20;24m▆[38;2;52;62;46;48;2;13;15;9m▝[38;2;18;21;15;48;2;52;65;47m▂[38;2;43;57;39;48;2;23;34;24m▖[38;2;33;42;31;48;2;10;16;9m▔[38;2;16;29;16;48;2;26;49;23m▊[38;2;52;83;47;48;2;85;119;73m▍[38;2;117;152;98;48;2;102;138;87m▐[38;2;147;174;122;48;2;133;164;114m▐[38;2;162;188;138;48;2;152;178;126m▝[38;2;162;187;140;48;2;169;191;143m▁[38;2;168;191;144;48;2;178;199;153m▆[38;2;160;185;135;48;2;169;194;145m▗[38;2;155;181;129;48;2;161;186;135m▗[38;2;122;154;99;48;2;144;173;122m▗[38;2;120;155;99;48;2;107;147;93m▘[38;2;93;128;81;48;2;96;134;83m▂[38;2;63;100;65;48;2;100;134;85m▗[38;2;54;87;53;48;2;75;115;75m▞[38;2;59;94;64;48;2;80;122;80m▘[38;2;137;170;120;48;2;94;127;84m▝[38;2;88;130;78;48;2;166;201;150m▆[38;2;89;134;86;48;2;42;54;31m▃[38;2;85;123;76;48;2;32;29;15m▃[38;2;86;115;76;48;2;126;146;97m▘[38;2;68;104;62;48;2;100;121;76m▗[38;2;32;52;30;48;2;64;91;60m▃[38;2;16;17;4;48;2;34;63;37m▂[38;2;34;57;34;48;2;54;81;49m▖[38;2;57;85;55;48;2;62;86;60m▍[38;2;65;88;63;48;2;66;88;63m▗[38;2;65;85;60;48;2;67;89;64m▀[38;2;68;88;61;48;2;68;88;60m▖[38;2;68;87;59;48;2;66;86;58m▀[38;2;67;87;57;48;2;70;90;60m▅[38;2;68;86;57;48;2;64;84;51m▍[38;2;16;19;13;48;2;56;67;44m▐[38;2;11;10;7;48;2;2;1;1m▏[38;2;5;3;3;48;2;4;2;3m▝[38;2;8;5;6;48;2;6;4;4m▝[38;2;13;9;10;48;2;9;6;7m▗[38;2;11;8;9;48;2;8;5;6m▃[38;2;10;7;8;48;2;8;5;5m▝[38;2;45;30;29;48;2;22;11;13m▝[38;2;35;20;18;48;2;50;31;34m▂[38;2;47;33;31;48;2;64;50;48m▊[38;2;77;63;53;48;2;89;71;60m▍[38;2;103;85;77;48;2;95;77;75m▝[38;2;94;81;78;48;2;103;85;80m▅[38;2;81;69;70;48;2;88;75;76m▐[38;2;69;61;64;48;2;75;67;67m▗[38;2;68;60;62;48;2;62;54;57m▍[38;2;50;44;49;48;2;55;48;53m▗[38;2;54;47;53;48;2;65;60;62m▖[38;2;75;64;62;48;2;78;67;66m▖[38;2;72;63;64;48;2;61;54;56m▊[38;2;53;46;51;48;2;42;40;46m▍[38;2;63;54;63;48;2;47;44;50m▐[38;2;92;80;81;48;2;76;68;69m▐[38;2;99;85;82;48;2;104;89;87m▏[38;2;101;82;78;48;2;98;78;74m▊[38;2;98;74;71;48;2;88;64;60m▀[38;2;92;62;42;48;2;91;65;53m▝[38;2;86;55;40;48;2;84;50;32m▍[38;2;51;30;10;48;2;64;38;18m▐[38;2;35;17;3;48;2;46;25;9m▅[38;2;40;23;7;48;2;60;33;17m▊[38;2;121;77;48;48;2;85;50;24m▐[38;2;143;100;54;48;2;164;121;64m▍[38;2;175;136;80;48;2;186;143;88m▍[38;2;181;138;82;48;2;172;127;73m▊[38;2;145;100;53;48;2;159;114;66m▐[38;2;128;83;46;48;2;107;66;32m▍[38;2;91;57;39;48;2;87;53;28m▗[38;2;91;62;49;48;2;90;56;35m▅[38;2;88;62;49;48;2;89;70;66m▘[38;2;90;74;73;48;2;102;79;74m▃[38;2;92;78;83;48;2;103;83;83m▃[38;2;94;79;81;48;2;112;92;85m▃[38;2;103;90;91;48;2;116;97;97m▂[38;2;113;96;95;48;2;119;104;101m▖[38;2;121;102;102;48;2;125;107;107m▃[38;2;124;104;100;48;2;121;102;98m▁[38;2;126;106;104;48;2;121;100;100m▀[38;2;102;87;84;48;2;113;96;95m▗[0m
[38;2;42;41;35;48;2;147;173;125m▀[38;2;140;166;119;48;2;36;35;27m▅[38;2;136;161;114;48;2;20;23;15m▆[38;2;132;160;115;48;2;84;83;66m▆[38;2;96;125;74;48;2;118;150;99m▂[38;2;91;118;68;48;2;144;153;130m▅[38;2;86;111;69;48;2;132;158;114m▅[38;2;79;106;60;48;2;122;142;103m▆[38;2;69;94;55;48;2;101;128;81m▅[38;2;87;114;67;48;2;72;95;56m▀[38;2;67;96;49;48;2;80;112;64m▅[38;2;74;103;56;48;2;59;87;41m▀[38;2;71;100;53;48;2;56;86;48m▀[38;2;63;95;51;48;2;57;84;51m▀[38;2;49;80;43;48;2;58;88;52m▃[38;2;42;74;41;48;2;50;83;48m▃[38;2;36;66;36;48;2;44;79;49m▃[38;2;34;63;31;48;2;42;79;42m▃[38;2;32;60;29;48;2;42;75;41m▃[38;2;40;69;33;48;2;54;79;45m▅[38;2;33;61;26;48;2;52;80;40m▗[38;2;46;78;36;48;2;55;88;49m▃[38;2;103;121;70;48;2;46;82;42m▐[38;2;135;151;94;48;2;122;137;90m▊[38;2;138;167;109;48;2;123;139;82m▝[38;2;132;157;95;48;2;177;198;142m▖[38;2;161;180;126;48;2;186;204;148m▂[38;2;167;186;133;48;2;181;200;142m▂[38;2;180;193;139;48;2;159;185;131m▆[38;2;173;189;134;48;2;143;173;115m▅[38;2;123;158;107;48;2;158;178;122m▀[38;2;100;144;91;48;2;134;167;108m▀[38;2;100;145;92;48;2;73;118;76m▖[38;2;37;74;40;48;2;56;95;54m▝[38;2;26;60;34;48;2;9;22;11m▆[38;2;1;5;1;48;2;28;53;33m▀[38;2;26;48;22;48;2;1;2;0m▂[38;2;8;17;7;48;2;3;3;3m▁[38;2;6;5;6;48;2;0;2;1m▀[38;2;7;11;7;48;2;3;3;2m▝[38;2;1;5;2;48;2;10;17;10m▆[38;2;12;22;8;48;2;5;11;2m▝[38;2;14;30;14;48;2;32;61;34m▊[38;2;57;89;54;48;2;90;123;83m▍[38;2;101;138;85;48;2;110;146;93m▏[38;2;129;157;107;48;2;115;148;95m▝[38;2;121;155;103;48;2;141;171;120m▅[38;2;147;174;123;48;2;131;162;109m▀[38;2;146;176;124;48;2;155;181;132m▖[38;2;164;188;138;48;2;150;180;126m▘[38;2;152;179;126;48;2;138;168;116m▘[38;2;119;153;95;48;2;131;162;109m▝[38;2;115;151;96;48;2;95;132;81m▍[38;2;102;143;94;48;2;92;129;88m▁[38;2;84;129;80;48;2;78;119;76m▅[38;2;92;135;86;48;2;75;121;71m▁[38;2;74;123;66;48;2;95;141;86m▀[38;2;100;141;85;48;2;78;121;66m▃[38;2;102;139;79;48;2;87;129;74m▂[38;2;112;148;94;48;2;100;135;81m▝[38;2;81;117;60;48;2;105;139;90m▅[38;2;92;127;80;48;2;67;99;57m▔[38;2;52;83;46;48;2;73;98;62m▝[38;2;46;76;46;48;2;30;46;24m▅[38;2;26;42;23;48;2;43;73;45m▀[38;2;31;58;34;48;2;47;79;52m▘[38;2;66;89;69;48;2;54;77;56m▐[38;2;62;84;59;48;2;66;89;60m▅[38;2;66;89;61;48;2;62;86;57m▀[38;2;63;87;55;48;2;68;88;58m▃[38;2;67;86;57;48;2;65;84;54m▀[38;2;64;83;53;48;2;65;85;55m▂[38;2;63;83;55;48;2;58;73;51m▊[38;2;40;51;33;48;2;3;3;0m▍[38;2;0;0;0;48;2;2;1;0m▊[38;2;3;2;3;48;2;3;1;0m▀[38;2;5;2;2;48;2;3;2;3m▂[38;2;5;3;3;48;2;3;2;1m▝[38;2;6;3;5;48;2;14;8;7m▍[38;2;21;12;11;48;2;11;7;8m▅[38;2;17;8;8;48;2;30;18;16m▊[38;2;29;16;14;48;2;27;13;13m▀[38;2;48;34;34;48;2;35;21;21m▐[38;2;75;60;60;48;2;64;46;46m▐[38;2;81;67;64;48;2;98;82;82m▅[38;2;86;71;70;48;2;93;77;77m▃[38;2;82;67;67;48;2;84;72;73m▂[38;2;78;67;68;48;2;71;60;64m▍[38;2;58;51;56;48;2;65;53;59m▐[38;2;41;36;43;48;2;48;42;50m▐[38;2;63;56;62;48;2;49;43;50m▝[38;2;66;59;57;48;2;73;67;63m▖[38;2;72;61;62;48;2;77;70;67m▐[38;2;58;52;55;48;2;37;33;45m▍[38;2;62;59;65;48;2;43;41;47m▝[38;2;56;53;57;48;2;76;68;73m▖[38;2;86;73;72;48;2;94;84;80m▃[38;2;92;80;81;48;2;86;73;71m▘[38;2;91;74;65;48;2;87;71;71m▝[38;2;92;76;75;48;2;92;73;61m▆[38;2;97;79;77;48;2;87;68;61m▂[38;2;54;37;33;48;2;72;54;55m▝[38;2;49;40;36;48;2;30;20;12m▃[38;2;59;42;32;48;2;34;22;12m▐[38;2;132;89;49;48;2;100;65;35m▐[38;2;176;132;74;48;2;156;111;62m▐[38;2;180;137;81;48;2;187;144;88m▍[38;2;173;127;75;48;2;181;138;83m▐[38;2;131;88;47;48;2;154;109;64m▐[38;2;116;73;41;48;2;101;66;42m▘[38;2;100;76;63;48;2;96;66;48m▗[38;2;94;69;60;48;2;104;80;78m▀[38;2;93;76;85;48;2;90;76;76m▝[38;2;87;73;78;48;2;76;65;69m▘[38;2;78;66;70;48;2;71;60;63m▔[38;2;80;68;72;48;2;72;60;64m▝[38;2;87;73;78;48;2;98;84;86m▍[38;2;109;93;93;48;2;119;100;101m▍[38;2;121;107;104;48;2;122;101;101m▔[38;2;128;109;105;48;2;121;101;98m▀[38;2;107;91;91;48;2;115;97;93m▗[38;2;106;90;90;48;2;93;79;82m▘[0m
[38;2;82;114;66;48;2;125;154;106m▅[38;2;83;112;62;48;2;110;140;90m▆[38;2;71;103;54;48;2;97;124;74m▅[38;2;70;97;51;48;2;88;115;66m▅[38;2;64;91;45;48;2;80;109;59m▅[38;2;68;101;51;48;2;65;85;42m▀[38;2;67;97;53;48;2;59;79;42m▔[38;2;56;86;49;48;2;64;76;42m▀[38;2;68;81;43;48;2;58;85;45m▅[38;2;58;79;42;48;2;67;76;40m▀[38;2;61;84;40;48;2;62;79;39m▘[38;2;60;85;41;48;2;60;82;39m▔[38;2;46;70;29;48;2;49;76;37m▁[38;2;45;70;37;48;2;52;79;43m▆[38;2;33;63;28;48;2;40;71;35m▂[38;2;23;49;21;48;2;33;62;30m▂[38;2;30;58;32;48;2;19;45;21m▀[38;2;15;40;17;48;2;30;58;27m▅[38;2;11;33;13;48;2;19;45;21m▅[38;2;8;31;11;48;2;25;50;22m▅[38;2;37;65;31;48;2;14;39;15m▘[38;2;35;65;29;48;2;15;40;15m▀[38;2;73;104;56;48;2;35;67;28m▐[38;2;81;101;51;48;2;121;121;68m▅[38;2;125;125;77;48;2;97;100;51m▀[38;2;103;106;57;48;2;125;131;77m▅[38;2;67;90;43;48;2;119;140;91m▅[38;2;126;153;97;48;2;51;79;39m▀[38;2;87;120;71;48;2;155;175;121m▃[38;2;99;118;63;48;2;150;164;114m▅[38;2;126;143;87;48;2;175;184;135m▖[38;2;164;177;126;48;2;154;173;120m▐[38;2;134;163;104;48;2;156;171;116m▐[38;2;87;129;83;48;2;172;178;130m▀[38;2;117;140;84;48;2;46;88;52m▃[38;2;50;85;45;48;2;29;63;35m▖[38;2;25;58;32;48;2;29;61;33m▁[38;2;21;38;20;48;2;28;60;33m▔[38;2;33;59;38;48;2;0;3;0m▖[38;2;0;0;0;48;2;0;0;0m▔[38;2;0;1;0;48;2;1;3;2m▊[38;2;1;6;1;48;2;1;13;3m▊[38;2;11;33;16;48;2;4;19;6m▝[38;2;106;140;92;48;2;7;34;9m▝[38;2;101;135;90;48;2;118;151;101m▖[38;2;119;152;101;48;2;114;148;97m▅[38;2;120;153;101;48;2;126;160;106m▊[38;2;131;165;112;48;2;128;160;106m▃[38;2;135;166;113;48;2;145;177;125m▍[38;2;155;180;129;48;2;148;177;123m▗[38;2;158;183;135;48;2;142;172;120m▅[38;2;124;157;106;48;2;148;174;123m▐[38;2;125;157;107;48;2;108;142;93m▗[38;2;88;121;77;48;2;107;148;94m▂[38;2;71;94;58;48;2;89;128;77m▂[38;2;76;42;17;48;2;134;162;117m▃[38;2;102;29;18;48;2;167;158;123m▃[38;2;134;151;104;48;2;79;8;2m▀[38;2;96;31;17;48;2;112;126;82m▅[38;2;104;39;25;48;2;93;100;58m▅[38;2;101;37;32;48;2;84;82;54m▃[38;2;100;52;42;48;2;65;95;58m▃[38;2;60;30;18;48;2;62;85;54m▃[38;2;56;56;32;48;2;54;80;53m▂[38;2;47;76;47;48;2;54;78;47m▔[38;2;46;76;49;48;2;52;78;53m▅[38;2;59;83;63;48;2;50;78;51m▝[38;2;49;77;48;48;2;59;81;56m▅[38;2;59;83;52;48;2;51;74;46m▀[38;2;48;71;43;48;2;58;82;51m▃[38;2;49;72;44;48;2;56;80;49m▃[38;2;21;37;19;48;2;55;74;45m▃[38;2;13;21;10;48;2;49;67;41m▅[38;2;6;11;7;48;2;4;6;4m▏[38;2;1;2;1;48;2;12;11;12m▀[38;2;26;21;20;48;2;5;3;2m▃[38;2;5;3;2;48;2;21;11;11m▀[38;2;13;6;7;48;2;25;15;16m▀[38;2;27;17;18;48;2;20;13;13m▖[38;2;19;10;9;48;2;26;18;16m▔[38;2;23;12;11;48;2;16;10;8m▖[38;2;18;9;8;48;2;27;14;14m▊[38;2;38;23;23;48;2;59;46;45m▘[38;2;69;56;55;48;2;72;59;61m▘[38;2;87;77;74;48;2;82;69;68m▗[38;2;90;79;76;48;2;87;71;74m▅[38;2;69;59;60;48;2;80;69;68m▐[38;2;57;52;53;48;2;67;57;60m▅[38;2;51;45;50;48;2;57;49;54m▅[38;2;44;39;44;48;2;48;45;49m▐[38;2;41;34;46;48;2;50;44;51m▊[38;2;76;64;69;48;2;63;55;58m▝[38;2;71;60;61;48;2;75;63;64m▖[38;2;50;40;45;48;2;66;55;59m▐[38;2;41;36;43;48;2;46;40;47m▊[38;2;65;60;61;48;2;54;51;52m▝[38;2;69;62;62;48;2;79;67;68m▍[38;2;76;63;63;48;2;79;68;66m▗[38;2;74;66;65;48;2;84;70;69m▅[38;2;86;72;74;48;2;80;68;69m▝[38;2;82;68;73;48;2;94;80;82m▆[38;2;71;61;66;48;2;81;66;72m▐[38;2;59;47;49;48;2;62;49;60m▔[38;2;79;54;42;48;2;61;49;50m▐[38;2;138;94;57;48;2;110;73;47m▐[38;2;155;113;64;48;2;168;129;70m▍[38;2;178;136;81;48;2;184;139;85m▍[38;2;159;113;67;48;2;175;130;80m▐[38;2;111;78;54;48;2;134;94;62m▐[38;2;91;71;62;48;2;100;70;53m▅[38;2;96;75;69;48;2;103;82;80m▍[38;2;95;81;81;48;2;109;86;84m▗[38;2;90;77;78;48;2;82;68;73m▀[38;2;83;69;74;48;2;71;57;62m▘[38;2;62;54;59;48;2;64;53;59m▐[38;2;66;55;61;48;2;58;51;56m▀[38;2;75;64;68;48;2;94;81;82m▍[38;2;117;97;93;48;2;106;90;90m▐[38;2;122;102;98;48;2;133;108;103m▅[38;2;103;87;87;48;2;115;97;95m▗[38;2;94;79;81;48;2;105;89;93m▅[38;2;71;58;68;48;2;82;68;77m▅[0m
[38;2;71;101;51;48;2;61;91;45m▀[38;2;63;95;50;48;2;56;87;43m▀[38;2;65;93;50;48;2;54;81;44m▀[38;2;51;77;40;48;2;58;85;43m▅[38;2;51;70;37;48;2;56;78;42m▃[38;2;62;80;44;48;2;56;73;38m▀[38;2;63;75;42;48;2;53;71;36m▀[38;2;50;68;31;48;2;66;75;42m▃[38;2;69;72;42;48;2;46;65;30m▀[38;2;49;57;30;48;2;65;71;42m▃[38;2;56;66;37;48;2;48;59;30m▀[38;2;44;60;29;48;2;52;70;37m▅[38;2;26;47;18;48;2;38;59;28m▗[38;2;25;48;20;48;2;37;62;28m▅[38;2;30;51;21;48;2;19;44;19m▘[38;2;16;41;16;48;2;10;35;12m▀[38;2;7;28;9;48;2;11;33;13m▃[38;2;6;27;8;48;2;7;31;9m▅[38;2;4;25;6;48;2;8;29;10m▃[38;2;3;23;6;48;2;6;27;10m▂[38;2;1;21;5;48;2;5;26;9m▃[38;2;3;18;5;48;2;6;27;10m▅[38;2;57;81;39;48;2;1;18;1m▝[38;2;34;50;22;48;2;65;81;35m▂[38;2;34;47;20;48;2;73;78;32m▂[38;2;52;64;25;48;2;28;45;17m▀[38;2;52;73;42;48;2;24;44;18m▁[38;2;68;90;54;48;2;19;38;13m▂[38;2;68;97;49;48;2;22;48;21m▃[38;2;65;100;58;48;2;48;77;46m▂[38;2;116;140;88;48;2;58;84;37m▝[38;2;140;160;103;48;2;84;114;66m▀[38;2;79;106;61;48;2;158;173;119m▊[38;2;179;192;140;48;2;204;206;157m▂[38;2;131;163;109;48;2;185;192;143m▐[38;2;42;82;47;48;2;67;111;68m▝[38;2;44;77;43;48;2;28;59;33m▃[38;2;21;45;22;48;2;27;53;26m▅[38;2;22;51;21;48;2;25;53;26m▁[38;2;22;47;25;48;2;1;9;4m▅[38;2;17;33;18;48;2;0;2;0m▖[38;2;1;4;1;48;2;1;10;2m▊[38;2;5;21;10;48;2;2;14;4m▐[38;2;9;25;12;48;2;9;30;13m▍[38;2;47;78;43;48;2;10;34;15m▝[38;2;114;148;101;48;2;14;39;19m▀[38;2;99;134;85;48;2;120;152;102m▖[38;2;121;156;102;48;2;127;161;106m▖[38;2;142;173;121;48;2;133;166;112m▝[38;2;132;165;110;48;2;146;173;119m▖[38;2;157;184;136;48;2;173;195;148m▂[38;2;116;148;93;48;2;162;190;143m▐[38;2;100;136;89;48;2;115;150;97m▆[38;2;73;100;67;48;2;81;122;76m▐[38;2;89;122;73;48;2;74;32;12m▃[38;2;139;104;83;48;2;58;11;4m▂[38;2;135;65;57;48;2;44;0;0m▃[38;2;126;88;78;48;2;131;51;42m▀[38;2;102;27;19;48;2;137;105;87m▂[38;2;84;36;17;48;2;164;132;105m▁[38;2;145;117;97;48;2;110;42;32m▅[38;2;142;103;87;48;2;82;21;12m▅[38;2;99;67;62;48;2;86;31;27m▃[38;2;62;19;12;48;2;87;28;24m▐[38;2;53;74;41;48;2;44;25;9m▝[38;2;43;70;37;48;2;50;75;42m▂[38;2;42;72;42;48;2;45;76;47m▆[38;2;41;72;44;48;2;40;70;40m▔[38;2;34;67;36;48;2;40;68;40m▃[38;2;32;57;34;48;2;39;64;37m▃[38;2;38;61;34;48;2;23;42;22m▘[38;2;15;20;13;48;2;17;31;17m▗[38;2;20;26;17;48;2;3;5;4m▘[38;2;3;4;5;48;2;2;3;4m▃[38;2;8;9;11;48;2;5;5;5m▂[38;2;8;7;8;48;2;2;3;3m▝[38;2;3;4;3;48;2;23;21;22m▖[38;2;27;16;16;48;2;11;8;10m▔[38;2;10;7;9;48;2;26;18;21m▅[38;2;22;15;15;48;2;15;11;10m▘[38;2;16;8;6;48;2;21;12;11m▊[38;2;20;12;14;48;2;31;22;28m▊[38;2;71;58;57;48;2;44;33;35m▝[38;2;77;63;63;48;2;84;71;72m▏[38;2;82;71;68;48;2;85;72;73m▗[38;2;89;75;74;48;2;77;72;68m▀[38;2;76;64;67;48;2;64;54;58m▘[38;2;56;51;52;48;2;50;44;51m▍[38;2;48;42;49;48;2;49;43;50m▝[38;2;45;40;48;48;2;39;36;43m▊[38;2;42;41;48;48;2;36;35;42m▐[38;2;58;52;57;48;2;49;46;52m▐[38;2;64;57;59;48;2;76;65;65m▖[38;2;62;50;56;48;2;74;62;63m▝[38;2;60;50;58;48;2;49;46;52m▃[38;2;56;51;53;48;2;48;46;53m▝[38;2;71;60;61;48;2;60;53;56m▀[38;2;69;58;64;48;2;72;61;67m▞[38;2;72;60;64;48;2;69;57;63m▞[38;2;69;57;61;48;2;74;62;66m▖[48;2;74;62;64m▗[38;2;77;65;67;48;2;59;46;56m▘[38;2;50;40;54;48;2;39;36;40m▀[38;2;52;37;43;48;2;82;57;36m▍[38;2;150;104;60;48;2;121;81;45m▐[38;2;165;117;69;48;2;179;135;79m▍[38;2;180;135;80;48;2;184;141;86m▗[38;2;170;126;80;48;2;153;111;68m▍[38;2;127;90;62;48;2;106;76;56m▍[38;2;87;72;72;48;2;89;70;64m▐[38;2;95;78;80;48;2;96;82;84m▍[38;2;89;73;73;48;2;96;80;80m▐[38;2;74;62;65;48;2;81;68;69m▗[38;2;63;54;57;48;2;71;59;63m▐[38;2;53;46;51;48;2;61;49;55m▐[38;2;54;47;52;48;2;64;59;60m▊[38;2;92;76;79;48;2;75;65;69m▐[38;2;107;88;88;48;2;116;99;98m▍[38;2;101;82;85;48;2;115;96;96m▗[38;2;80;68;75;48;2;99;81;85m▗[38;2;82;69;72;48;2;63;55;63m▘[38;2;59;52;57;48;2;56;47;57m▘[0m
[38;2;48;78;43;48;2;54;86;43m▆[38;2;42;74;42;48;2;51;81;42m▅[38;2;47;76;42;48;2;38;70;37m▀[38;2;36;64;32;48;2;40;69;36m▅[38;2;45;66;33;48;2;32;60;32m▀[38;2;45;66;30;48;2;28;51;24m▀[38;2;43;63;31;48;2;28;50;24m▀[38;2;25;44;23;48;2;39;60;31m▃[38;2;30;47;22;48;2;40;59;28m▅[38;2;28;45;20;48;2;36;54;25m▅[38;2;23;43;19;48;2;39;51;27m▅[38;2;19;38;19;48;2;34;48;24m▅[38;2;24;42;17;48;2;13;36;18m▀[38;2;9;27;13;48;2;17;40;18m▃[38;2;7;24;7;48;2;12;36;13m▅[38;2;8;27;8;48;2;6;19;6m▀[38;2;6;9;2;48;2;4;24;6m▃[38;2;3;23;6;48;2;1;4;0m▀[38;2;4;19;5;48;2;0;1;0m▀[38;2;0;0;1;48;2;3;16;4m▆[38;2;0;0;0;48;2;1;10;2m▆[38;2;1;1;1;48;2;2;6;1m▆[38;2;0;6;0;48;2;1;1;1m▔[38;2;1;1;1;48;2;8;18;5m▆[38;2;64;86;47;48;2;7;24;5m▐[38;2;105;126;76;48;2;69;89;55m▆[38;2;90;109;73;48;2;107;122;75m▔[38;2;87;107;64;48;2;99;120;76m▔[38;2;84;105;67;48;2;76;106;61m▖[38;2;66;102;61;48;2;82;117;77m▀[38;2;79;113;73;48;2;61;99;60m▂[38;2;50;91;43;48;2;77;110;67m▅[38;2;137;160;104;48;2;64;92;50m▗[38;2;161;168;113;48;2;170;187;136m▂[38;2;151;175;125;48;2;91;120;79m▘[38;2;56;85;58;48;2;72;103;65m▂[38;2;63;95;65;48;2;49;77;50m▍[38;2;13;37;14;48;2;38;65;39m▐[38;2;31;59;26;48;2;19;43;18m▗[38;2;48;74;40;48;2;29;62;32m▂[38;2;16;28;17;48;2;27;48;27m▝[38;2;6;11;6;48;2;0;4;0m▏[38;2;5;19;9;48;2;0;12;0m▐[38;2;9;25;12;48;2;9;30;11m▍[38;2;10;32;14;48;2;10;28;12m▀[38;2;9;31;13m▀[38;2;50;83;42;48;2;5;29;6m▝[38;2;121;155;105;48;2;39;72;38m▀[38;2;110;143;90;48;2;119;152;102m▁[38;2;128;161;106;48;2;120;154;102m▔[38;2;130;164;109;48;2;143;173;121m▍[38;2;127;158;108;48;2;141;171;123m▝[38;2;129;159;113;48;2;109;143;94m▅[38;2;113;148;97;48;2;96;135;86m▅[38;2;119;154;101;48;2;106;145;94m▆[38;2;171;176;141;48;2;134;160;112m▝[38;2;146;111;88;48;2;125;153;102m▔[38;2;134;86;75;48;2;111;128;87m▀[38;2;93;87;59;48;2;141;55;48m▆[38;2;112;69;54;48;2;100;19;8m▅[38;2;120;49;46;48;2;85;20;12m▅[38;2;117;44;37;48;2;79;25;16m▅[38;2;101;32;25;48;2;56;27;23m▅[38;2;74;25;20;48;2;53;19;13m▅[38;2;50;19;9;48;2;66;16;11m▆[38;2;47;60;39;48;2;38;30;16m▃[38;2;48;71;46;48;2;41;74;42m▏[38;2;37;72;40;48;2;35;67;37m▊[38;2;27;52;29;48;2;29;62;33m▗[38;2;2;10;3;48;2;21;43;25m▗[38;2;5;11;8;48;2;16;27;17m▆[38;2;13;19;13;48;2;25;25;27m▘[38;2;19;24;22;48;2;11;11;9m▍[38;2;5;6;5;48;2;18;18;20m▀[38;2;11;9;10;48;2;1;1;3m▖[38;2;1;1;3;48;2;0;1;2m▀[38;2;18;15;16;48;2;1;3;4m▕[38;2;3;3;3;48;2;17;17;17m▐[38;2;12;12;11;48;2;1;3;2m▁[38;2;13;13;13;48;2;5;5;5m▁[38;2;15;11;11;48;2;9;9;10m▝[38;2;38;25;30;48;2;21;14;12m▝[38;2;39;31;34;48;2;49;38;44m▖[38;2;62;53;59;48;2;78;66;73m▍[38;2;86;71;73;48;2;80;68;69m▘[38;2;70;59;60;48;2;77;65;67m▐[38;2;64;53;58;48;2;70;58;64m▀[38;2;54;45;51;48;2;59;53;60m▐[38;2;50;44;51;48;2;48;42;49m▂[38;2;37;36;43;48;2;43;41;47m▐[38;2;40;37;46;48;2;31;32;37m▕[38;2;52;45;53;48;2;44;42;48m▐[38;2;64;55;64;48;2;81;69;70m▍[38;2;80;68;69;48;2;86;74;75m▝[38;2;67;58;67;48;2;79;66;72m▀[38;2;62;53;63;48;2;50;45;54m▖[38;2;53;46;54;48;2;47;41;49m▀[38;2;64;52;62;48;2;51;43;52m▀[38;2;55;48;55;48;2;66;53;63m▖[38;2;56;44;54;48;2;65;52;62m▗[38;2;46;38;46;48;2;56;44;55m▃[38;2;30;23;30;48;2;41;35;43m▗[38;2;32;28;31;48;2;26;20;22m▘[38;2;82;57;36;48;2;46;34;31m▐[38;2;112;74;44;48;2;138;98;52m▍[38;2;157;113;64;48;2;170;127;75m▍[38;2;173;130;77;48;2;167;125;74m▊[38;2;132;90;67;48;2;152;111;70m▐[38;2;107;75;60;48;2;86;63;58m▍[38;2;70;58;62;48;2;83;67;73m▃[38;2;93;75;78;48;2;83;69;71m▀[38;2;83;69;71;48;2;90;74;74m▐[38;2;72;61;67;48;2;79;67;71m▃[38;2;56;48;53;48;2;68;58;64m▐[38;2;49;43;50;48;2;47;40;44m▍[38;2;58;50;55;48;2;79;66;74m▊[38;2;88;74;80;48;2;101;85;86m▍[38;2;108;89;89;48;2;112;91;91m▗[38;2;111;93;93;48;2;93;77;78m▘[38;2;76;62;67;48;2;62;54;59m▘[38;2;55;49;56;48;2;53;47;54m▘[38;2;54;48;56;48;2;60;54;59m▘[0m
[38;2;31;63;33;48;2;40;72;40m▅[38;2;35;69;38;48;2;26;55;29m▀[38;2;29;59;31;48;2;21;48;23m▀[38;2;22;49;24;48;2;26;56;29m▆[38;2;19;45;21;48;2;26;50;24m▅[38;2;16;41;19;48;2;22;46;21m▂[38;2;20;44;19;48;2;22;45;22m▆[38;2;15;40;17;48;2;19;43;20m▂[38;2;14;38;17;48;2;18;40;21m▂[38;2;19;37;19;48;2;12;36;15m▀[38;2;13;30;14;48;2;14;36;16m▂[38;2;30;31;23;48;2;9;32;15m▂[38;2;41;34;28;48;2;9;32;13m▃[38;2;37;29;26;48;2;7;19;9m▅[38;2;37;26;27;48;2;12;15;10m▆[38;2;18;12;13;48;2;24;19;23m▝[38;2;12;7;7;48;2;1;0;0m▍[38;2;1;1;1;48;2;0;0;0m▏[38;2;0;0;0m▔[38;2;1;1;1m▁▁[38;2;1;3;6;48;2;2;2;2m▗[38;2;6;10;13;48;2;0;0;1m▖[38;2;0;0;2;48;2;0;0;0m▖[38;2;20;36;18m▝[38;2;14;36;17;48;2;76;104;61m▖[38;2;98;117;69;48;2;78;112;60m▀[38;2;106;126;80;48;2;90;115;67m▘[38;2;70;96;59;48;2;80;108;64m▝[38;2;87;118;79;48;2;74;102;58m▝[38;2;133;162;112;48;2;85;117;74m▗[38;2;87;123;73;48;2;182;205;158m▀[38;2;170;191;136;48;2;135;163;105m▆[38;2;124;144;97;48;2;92;111;76m▍[38;2;77;106;70;48;2;54;77;46m▘[38;2;31;53;28;48;2;42;71;40m▅[38;2;14;39;15;48;2;44;75;43m▆[38;2;24;51;23;48;2;95;122;80m▀[38;2;85;112;71;48;2;61;91;53m▆[38;2;62;86;48;48;2;75;107;60m▐[38;2;41;65;38;48;2;50;73;41m▐[38;2;1;7;0;48;2;26;44;27m▝[38;2;3;14;5;48;2;0;8;1m▝[38;2;4;20;6;48;2;6;24;7m▃[38;2;8;26;10;48;2;4;22;8m▀[38;2;5;20;7;48;2;7;25;9m▂[38;2;5;23;9;48;2;7;27;11m▃[38;2;12;36;14;48;2;8;30;11m▕[38;2;115;146;96;48;2;32;62;29m▝[38;2;109;147;91;48;2;117;151;98m▁[38;2;136;166;118;48;2;123;157;104m▐[38;2;150;179;133;48;2;141;171;122m▗[38;2;160;184;139;48;2;141;170;122m▆[38;2;131;163;115;48;2;159;186;140m▝[38;2;124;156;106;48;2;108;144;92m▖[38;2;90;130;79;48;2;107;141;92m▗[38;2;79;122;70;48;2;95;132;82m▃[38;2;72;111;66;48;2;92;128;81m▆[38;2;62;98;57;48;2;80;104;66m▆[38;2;59;92;56;48;2;68;96;60m▃[38;2;65;95;61;48;2;72;77;53m▅[38;2;58;89;58;48;2;70;53;37m▅[38;2;39;71;42;48;2;52;49;29m▆[38;2;44;44;26;48;2;31;66;32m▔[38;2;39;50;28;48;2;34;70;35m▔[38;2;36;71;40;48;2;43;74;45m▃[38;2;43;75;43;48;2;35;69;37m▀[38;2;25;47;27;48;2;30;66;37m▗[38;2;27;49;27;48;2;9;14;10m▘[38;2;3;7;5;48;2;0;2;0m▏[38;2;1;2;2;48;2;11;15;15m▆[38;2;3;4;4;48;2;19;20;19m▆[38;2;13;14;16;48;2;2;3;2m▀[38;2;2;3;3;48;2;12;11;13m▃[38;2;11;11;11;48;2;4;5;4m▀[38;2;9;11;10;48;2;8;7;8m▂[38;2;13;13;18;48;2;5;8;9m▃[38;2;14;15;17;48;2;8;8;8m▖[38;2;3;2;6;48;2;11;11;16m▆[38;2;1;1;1;48;2;8;8;5m▆[38;2;2;3;1;48;2;6;4;5m▆[38;2;8;5;6;48;2;20;14;16m▊[38;2;53;46;51;48;2;37;31;33m▗[38;2;63;54;59;48;2;75;63;67m▍[38;2;72;60;64;48;2;81;70;71m▅[38;2;79;68;71;48;2;76;64;66m▃[38;2;71;60;61;48;2;75;62;64m▐[38;2;82;80;74;48;2;61;51;55m▁[38;2;113;115;107;48;2;56;49;57m▁[38;2;125;131;121;48;2;48;43;51m▁[38;2;134;138;128;48;2;36;35;41m▁[38;2;131;138;131;48;2;50;45;51m▁[38;2;104;100;97;48;2;71;60;66m▁[38;2;94;76;79;48;2;85;72;74m▝[38;2;81;68;69;48;2;88;77;75m▐[38;2;63;54;63;48;2;73;61;62m▐[38;2;42;35;47;48;2;50;44;53m▐[38;2;36;32;40;48;2;43;36;48m▃[38;2;40;37;45;48;2;50;44;51m▅[38;2;50;38;49;48;2;42;33;42m▀[38;2;43;32;42;48;2;31;24;31m▘[38;2;23;16;23;48;2;22;8;9m▀[38;2;24;11;8;48;2;37;16;13m▊[38;2;85;56;36;48;2;58;35;23m▝[38;2;92;44;31;48;2;121;78;45m▃[38;2;156;110;67;48;2;127;77;49m▀[38;2;160;114;70;48;2;129;72;51m▀[38;2;127;79;55;48;2;100;52;41m▀[38;2;83;60;45;48;2;62;45;36m▘[38;2;60;53;55;48;2;49;43;48m▝[38;2;63;52;58;48;2;74;62;66m▆[38;2;81;67;72;48;2;70;59;62m▔[38;2;67;55;59;48;2;70;56;60m▃[38;2;51;44;49;48;2;64;53;59m▐[38;2;45;39;43;48;2;41;36;40m▘[38;2;62;54;57;48;2;49;43;48m▐[38;2;91;77;76;48;2;75;64;62m▐[38;2;92;76;76;48;2;105;86;86m▆[38;2;64;56;61;48;2;77;63;68m▗[38;2;64;56;62;48;2;58;51;56m▘[38;2;54;47;53;48;2;56;49;57m▘[38;2;59;53;58;48;2;69;58;61m▊[0m
[38;2;23;53;25;48;2;16;42;17m▀[38;2;16;42;16;48;2;21;48;21m▃[38;2;19;44;22;48;2;15;40;18m▀[38;2;17;43;18;48;2;14;38;16m▀[38;2;16;41;16;48;2;13;38;15m▀[38;2;13;37;16;48;2;15;40;18m▃[38;2;13;35;16;48;2;15;41;17m▃[38;2;10;33;13;48;2;15;40;17m▆[38;2;21;37;17;48;2;12;35;15m▗[38;2;34;46;27;48;2;11;32;13m▅[38;2;45;50;34;48;2;30;35;23m▆[38;2;43;45;33;48;2;43;38;29m▖[38;2;47;39;32;48;2;52;40;37m▊[38;2;55;42;40;48;2;42;31;32m▖[38;2;25;18;22;48;2;34;23;25m▐[38;2;18;14;18;48;2;24;19;25m▕[38;2;5;5;7;48;2;13;11;14m▐[38;2;3;3;3;48;2;1;1;1m▅[38;2;1;1;1;48;2;0;0;0m▍[38;2;0;0;0;48;2;2;2;2m▆[38;2;1;1;1;48;2;0;0;0m▘[38;2;2;3;4;48;2;0;1;0m▝[38;2;0;2;1;48;2;9;9;12m▆[38;2;2;4;3;48;2;0;2;1m▘[38;2;1;0;1;48;2;1;1;1m▝[38;2;12;33;14;48;2;0;0;2m▔[38;2;0;7;0;48;2;55;95;53m▖[38;2;64;101;47;48;2;78;111;60m▂[38;2;65;101;47;48;2;76;104;60m▂[38;2;94;122;78;48;2;78;106;63m▐[38;2;72;101;56;48;2;150;176;125m▅[38;2;41;71;39;48;2;130;160;110m▅[38;2;88;122;74;48;2;33;62;31m▀[38;2;35;63;31;48;2;69;94;57m▆[38;2;77;108;66;48;2;30;58;30m▂[38;2;16;37;13;48;2;105;131;86m▀[38;2;69;100;61;48;2;111;134;88m▘[38;2;98;123;80;48;2;63;83;46m▀[38;2;47;72;41;48;2;76;102;63m▅[38;2;69;93;58;48;2;37;61;34m▘[38;2;41;65;35;48;2;36;59;33m▔[38;2;50;77;43;48;2;34;63;31m▂[38;2;34;59;33;48;2;7;23;10m▖[38;2;1;11;1;48;2;2;18;5m▘[38;2;7;23;12;48;2;6;19;8m▂[38;2;5;21;8;48;2;5;17;8m▂[38;2;4;20;7;48;2;3;15;6m▀[38;2;5;18;8;48;2;7;24;9m▖[38;2;8;35;14;48;2;6;28;13m▔[38;2;102;140;93;48;2;18;45;17m▝[38;2;78;118;69;48;2;100;141;87m▖[38;2;133;161;113;48;2;89;129;77m▀[38;2;116;152;101;48;2;154;179;133m▃[38;2;134;163;113;48;2;170;192;151m▃[38;2;159;179;134;48;2;128;155;106m▆[38;2;164;176;138;48;2;113;142;91m▃[38;2;114;144;97;48;2;80;123;71m▖[38;2;79;117;66;48;2;74;116;64m▏[38;2;62;101;56;48;2;67;108;62m▝[38;2;70;99;62;48;2;55;95;53m▂[38;2;71;98;65;48;2;53;84;50m▃[38;2;63;85;60;48;2;57;82;55m▗[38;2;54;86;57;48;2;41;75;46m▆[38;2;44;76;48;48;2;36;70;39m▖[38;2;33;68;34;48;2;35;71;36m▅[38;2;28;61;32;48;2;35;70;39m▃[38;2;17;40;20;48;2;26;55;27m▂[38;2;26;47;27;48;2;0;3;1m▘[38;2;8;9;11;48;2;1;7;2m▗[38;2;12;12;14;48;2;3;3;4m▅[38;2;9;9;11;48;2;3;5;5m▆[38;2;7;10;13;48;2;3;4;4m▆[38;2;5;8;9;48;2;1;3;2m▅[38;2;2;5;6;48;2;1;1;0m▆[38;2;7;10;9;48;2;4;6;5m▝[38;2;13;18;18;48;2;8;8;10m▂[38;2;15;19;20;48;2;12;12;14m▃[38;2;21;23;22;48;2;13;12;14m▖[38;2;3;3;3;48;2;8;7;7m▐[38;2;7;6;5;48;2;1;1;0m▁[38;2;3;3;1;48;2;15;18;11m▀[38;2;49;50;49;48;2;23;25;22m▗[38;2;53;45;50;48;2;76;75;72m▘[38;2;82;69;70;48;2;75;99;72m▀[38;2;85;114;75;48;2;81;70;73m▅[38;2;96;121;79;48;2;86;90;74m▅[38;2;83;86;70;48;2;93;121;78m▔[38;2;113;124;105;48;2;104;136;87m▔[38;2;104;136;92;48;2;122;135;115m▆[38;2;106;138;95;48;2;126;144;119m▆[38;2;113;143;105;48;2;139;147;131m▆[38;2;120;139;105;48;2;151;161;137m▆[38;2;131;160;117;48;2;137;156;125m▃[38;2;114;112;103;48;2;139;162;125m▔[38;2;156;179;137;48;2;120;117;109m▆[38;2;167;181;145;48;2;97;91;88m▆[38;2;170;180;153;48;2;58;51;57m▆[38;2;170;186;150;48;2;40;34;45m▅[38;2;155;179;138;48;2;29;25;35m▅[38;2;30;26;32;48;2;161;181;141m▀[38;2;168;178;148;48;2;25;12;15m▃[38;2;167;171;151;48;2;23;4;1m▂[38;2;146;132;118;48;2;41;4;5m▁[38;2;69;26;26;48;2;57;11;14m▁[38;2;78;29;26;48;2;69;21;19m▔[38;2;96;41;34;48;2;77;24;23m▔[38;2;79;24;23;48;2;96;41;31m▆[38;2;73;28;24;48;2;84;36;29m▆[38;2;57;24;27;48;2;63;18;17m▀[38;2;62;23;25;48;2;49;38;42m▃[38;2;59;37;41;48;2;57;46;52m▃[38;2;65;46;52;48;2;67;53;58m▃[38;2;59;45;50;48;2;63;52;55m▃[38;2;54;43;46;48;2;42;32;36m▊[38;2;37;31;36;48;2;33;26;32m▀[38;2;60;53;53;48;2;44;39;43m▐[38;2;72;60;61;48;2;80;67;68m▍[38;2;80;67;68;48;2;84;71;76m▅[38;2;71;60;63;48;2;58;51;56m▍[38;2;56;48;58;48;2;52;46;53m▏[38;2;58;52;58;48;2;52;46;54m▐[38;2;76;71;67;48;2;69;58;61m▗[0m
[38;2;14;40;17;48;2;15;40;18m▅[38;2;11;40;17;48;2;14;38;17m▃[38;2;12;36;15m▅[38;2;11;33;13;48;2;13;37;16m▅[38;2;18;37;17;48;2;12;31;13m▗[38;2;23;47;17;48;2;16;33;18m▅[38;2;29;52;21;48;2;19;42;20m▆[38;2;26;50;25;48;2;40;59;31m▀[38;2;49;60;37;48;2;31;46;26m▃[38;2;38;53;32;48;2;42;58;36m▘[38;2;49;53;40;48;2;47;52;34m▃[38;2;45;45;38;48;2;43;43;32m▖[38;2;47;43;35;48;2;53;42;36m▊[38;2;47;37;40;48;2;56;45;44m▐[38;2;22;19;27;48;2;38;27;34m▐[38;2;23;20;29;48;2;20;15;21m▀[38;2;8;7;11;48;2;19;14;19m▐[38;2;3;3;3;48;2;2;2;1m▘[38;2;0;0;0;48;2;1;1;1m▕[48;2;0;0;0m▔▔[38;2;0;1;0m▔[38;2;0;1;1m▔[38;2;0;0;0m▔[38;2;0;7;0m▕[38;2;30;54;22;48;2;1;6;0m▅[38;2;40;70;24;48;2;0;7;0m▆[38;2;15;39;10;48;2;38;81;23m▂[38;2;46;88;36;48;2;13;38;8m▀[38;2;47;76;39;48;2;28;51;23m▔[38;2;70;101;61;48;2;23;49;24m▃[38;2;17;41;19;48;2;85;120;72m▀[38;2;95;125;78;48;2;30;57;24m▆[38;2;74;103;59;48;2;114;134;93m▔[38;2;74;95;60;48;2;114;137;87m▃[38;2;98;127;79;48;2;50;73;40m▀[38;2;38;67;37;48;2;66;93;56m▅[38;2;31;53;30;48;2;40;69;37m▅[38;2;61;83;49;48;2;27;49;24m▂[38;2;29;47;24;48;2;101;131;84m▀[38;2;93;119;72;48;2;70;102;57m▆[38;2;60;89;53;48;2;71;99;58m▗[38;2;31;60;31;48;2;47;71;45m▐[38;2;23;47;24;48;2;10;33;11m▅[38;2;23;47;21;48;2;10;29;10m▂[38;2;9;27;9;48;2;12;32;12m▝[38;2;7;21;8;48;2;11;32;14m▀[38;2;12;27;13;48;2;5;18;6m▃[38;2;9;25;12;48;2;6;20;7m▁[38;2;8;29;13;48;2;8;23;10m▔[38;2;71;114;60;48;2;15;38;15m▝[38;2;48;79;43;48;2;74;115;64m▂[38;2;86;127;73;48;2;71;108;55m▀[38;2;68;116;58;48;2;103;140;87m▅[38;2;74;123;64;48;2;114;148;95m▆[38;2;76;121;66;48;2;155;172;130m▆[38;2;79;117;62;48;2;118;151;101m▅[38;2;69;102;58;48;2;85;118;73m▂[38;2;63;96;53;48;2;92;119;83m▃[38;2;54;85;52;48;2;80;107;71m▃[38;2;72;94;63;48;2;52;82;48m▀[38;2;57;83;51;48;2;41;71;39m▀[38;2;34;69;35;48;2;47;77;45m▅[38;2;35;70;37;48;2;28;64;30m▘[38;2;25;57;28;48;2;29;65;32m▃[38;2;7;23;6;48;2;22;49;24m▗[38;2;14;33;14;48;2;0;1;1m▘[38;2;0;1;1;48;2;0;1;0m▁[38;2;3;4;4;48;2;10;11;14m▍[38;2;10;11;14;48;2;7;8;11m▆[38;2;8;12;14;48;2;6;10;12m▀[38;2;9;16;15;48;2;8;10;13m▁[38;2;7;14;11;48;2;6;10;9m▂[38;2;6;10;9;48;2;4;7;6m▆[38;2;4;6;6;48;2;8;13;12m▂[38;2;13;17;18;48;2;2;5;4m▀[38;2;3;5;5;48;2;14;18;19m▆[38;2;2;6;5;48;2;10;13;14m▆[38;2;41;77;42;48;2;10;13;11m▗[38;2;57;99;57;48;2;21;30;18m▅[38;2;40;47;36;48;2;63;101;58m▔[38;2;68;91;64;48;2;61;106;59m▔[38;2;101;140;85;48;2;67;107;61m▗[38;2;80;123;70;48;2;111;143;88m▘[38;2;106;135;83;48;2;112;144;92m▀[38;2;108;142;86;48;2;106;138;84m▖[38;2;104;142;84;48;2;104;137;85m▅[38;2;116;149;97;48;2;106;141;87m▝[38;2;118;150;98;48;2;115;146;101m▅[38;2;124;155;101;48;2;114;144;100m▆[38;2;114;145;103;48;2;127;158;104m▔[38;2;124;157;97;48;2;128;159;105m▂[38;2;132;164;104;48;2;133;161;117m▅[38;2;136;167;111;48;2;150;179;133m▆[38;2;139;166;109;48;2;152;176;129m▆[38;2;135;164;104;48;2;149;168;121m▅[38;2;140;165;118;48;2;129;160;99m▀[38;2;126;159;100;48;2;140;166;118m▆[38;2;118;152;99;48;2;146;170;124m▅[38;2;148;172;129;48;2;120;151;105m▀[38;2;127;153;111;48;2;152;171;138m▅[38;2;155;171;138;48;2;126;153;111m▀[38;2;131;152;112;48;2;161;173;140m▃[38;2;123;101;91;48;2;154;163;130m▔[38;2;154;161;126;48;2;82;35;31m▆[38;2;75;21;22;48;2;154;162;131m▀[38;2;156;134;122;48;2;77;21;21m▃[38;2;89;58;52;48;2;67;15;14m▁[38;2;172;154;145;48;2;69;14;14m▃[38;2;177;145;135;48;2;70;10;12m▃[38;2;149;100;101;48;2;62;14;14m▁[38;2;148;106;102;48;2;65;39;43m▁[38;2;156;120;119;48;2;57;24;28m▁[38;2;90;71;82;48;2;55;25;28m▂[38;2;110;110;124;48;2;24;22;27m▂[38;2;114;107;113;48;2;40;33;39m▂[38;2;118;112;116;48;2;68;56;59m▂[38;2;81;66;66;48;2;69;57;61m▁[38;2;66;55;61;48;2;56;51;58m▘[38;2;57;49;56;48;2;51;44;51m▆[38;2;64;56;61;48;2;60;53;58m▃[38;2;91;77;76;48;2;75;65;66m▐[0m
[38;2;14;36;17;48;2;14;36;17m▔[38;2;26;49;19;48;2;14;37;17m▃[38;2;16;35;14;48;2;27;50;19m▀[38;2;26;49;18;48;2;21;41;14m▃[38;2;19;40;14;48;2;22;48;16m▀[38;2;29;56;22m▗[38;2;42;62;30;48;2;33;56;24m▐[38;2;45;63;35;48;2;51;66;39m▘[38;2;48;59;36;48;2;50;61;38m▐[38;2;46;61;37;48;2;47;57;39m▂[38;2;51;58;38;48;2;43;54;34m▃[38;2;49;49;39;48;2;46;46;35m▅[38;2;45;42;35;48;2;47;43;35m▐[38;2;34;29;25;48;2;42;36;30m▐[38;2;19;15;14;48;2;29;22;21m▐[38;2;14;10;11;48;2;11;7;9m▍[38;2;4;3;5;48;2;9;5;9m▐[38;2;4;4;4;48;2;1;1;1m▖[38;2;1;1;1;48;2;0;0;0m▔[38;2;0;0;0m▔▔▔▔▔▔▔[38;2;0;3;0m▔[38;2;1;10;0;48;2;1;1;3m▔[38;2;2;2;2;48;2;23;46;21m▅[38;2;38;80;30;48;2;0;1;0m▀[38;2;39;89;37;48;2;0;6;2m▀[38;2;59;91;53;48;2;2;12;1m▀[38;2;42;72;36;48;2;5;14;3m▀[38;2;47;78;41;48;2;36;63;33m▀[38;2;80;109;70;48;2;48;74;44m▁[38;2;84;114;64;48;2;33;61;30m▂[38;2;26;51;23;48;2;92;119;67m▀[38;2;99;124;73;48;2;55;77;40m▆[38;2;67;106;63;48;2;101;125;79m▂[38;2;78;112;66;48;2;49;81;44m▀[38;2;39;71;41;48;2;55;85;48m▅[38;2;24;56;27;48;2;41;72;39m▅[38;2;44;63;33;48;2;35;52;24m▗[38;2;34;53;32;48;2;47;72;44m▘[38;2;38;66;36;48;2;30;55;32m▊[38;2;23;46;24;48;2;14;37;15m▍[38;2;13;35;15;48;2;17;37;17m▀[38;2;18;39;18;48;2;14;32;13m▂[38;2;10;27;13;48;2;16;34;15m▀[38;2;15;32;18;48;2;10;26;13m▆[38;2;16;34;18;48;2;8;26;9m▅[38;2;13;35;17;48;2;14;33;16m▕[48;2;48;85;46m▆[38;2;42;77;39;48;2;15;39;18m▀[38;2;33;61;34;48;2;50;89;41m▆[38;2;32;57;31;48;2;54;93;48m▅[48;2;63;98;54m▅[38;2;53;86;46;48;2;30;56;30m▀[38;2;46;78;43;48;2;26;53;26m▀[38;2;24;50;27;48;2;38;73;42m▅[38;2;23;51;26;48;2;32;64;31m▅[38;2;21;46;23;48;2;28;63;29m▃[38;2;27;62;28;48;2;19;44;22m▀[38;2;9;22;12;48;2;21;53;25m▂[38;2;16;42;17;48;2;2;3;1m▀[38;2;2;12;3;48;2;0;1;1m▘[38;2;0;3;2m▃[38;2;7;8;9;48;2;1;4;3m▗[38;2;6;8;9;48;2;9;10;12m▘[38;2;6;9;9;48;2;9;13;14m▁[38;2;8;12;12;48;2;12;15;16m▃[38;2;12;20;19;48;2;3;5;6m▀[38;2;1;4;3;48;2;7;11;10m▆[38;2;4;6;6;48;2;1;3;3m▂[38;2;3;5;4;48;2;1;4;3m▖[38;2;2;5;4;48;2;0;2;1m▀[38;2;20;46;24;48;2;0;3;2m▗[38;2;5;21;7;48;2;48;94;53m▀[38;2;52;95;56;48;2;59;104;61m▔[38;2;60;105;57;48;2;65;111;64m▀[38;2;80;121;67;48;2;66;110;61m▂[38;2;73;116;64;48;2;121;157;105m▀[38;2;137;168;112;48;2;111;146;93m▆[38;2;131;162;109;48;2;121;155;97m▅[38;2;123;152;95;48;2;136;167;109m▀[38;2;114;147;89;48;2;140;167;109m▀[38;2;115;149;89;48;2;145;170;117m▀[38;2;139;169;111;48;2;119;152;92m▅[38;2;136;164;109;48;2;123;156;95m▃[38;2;131;165;107;48;2;125;158;98m▃[38;2;137;165;107;48;2;127;159;99m▂[38;2;130;163;101;48;2;125;157;97m▆[38;2;135;162;102;48;2;131;164;101m▝[38;2;138;171;107;48;2;136;164;104m▂[38;2;146;170;108;48;2;138;167;107m▃[38;2;137;165;107;48;2;129;159;97m▆[38;2;130;159;100m▅[38;2;125;158;97;48;2;120;156;93m▍[38;2;129;157;99;48;2;115;151;94m▃[38;2;108;147;93;48;2;122;155;93m▀[38;2;114;150;94;48;2;107;149;93m▃[38;2;108;148;91;48;2;104;144;89m▂[38;2;101;141;87;48;2;113;145;98m▅[38;2;107;143;88;48;2;124;150;104m▅[38;2;114;140;93;48;2;133;147;106m▅[38;2;140;155;117;48;2;118;143;98m▀[38;2;115;127;105;48;2;139;146;122m▅[38;2;81;77;69;48;2;112;107;94m▅[38;2;203;189;184;48;2;138;117;117m▀[38;2;136;111;101;48;2;165;145;130m▖[38;2;180;154;134;48;2;157;123;120m▗[38;2;140;102;82;48;2;165;132;110m▁[38;2;188;160;142;48;2;166;134;110m▀[38;2;50;38;37;48;2;155;129;101m▝[38;2;250;243;209;48;2;116;118;123m▂[38;2;104;103;103;48;2;40;80;60m▏[38;2;26;51;37;48;2;98;106;105m▆[38;2;105;107;100;48;2;51;51;49m▘[38;2;119;101;102;48;2;51;49;55m▃[38;2;104;102;111;48;2;51;48;57m▗[38;2;183;188;182;48;2;67;61;62m▂[38;2;102;91;83;48;2;86;77;75m▁[0m
[38;2;20;43;24;48;2;24;46;19m▘[38;2;26;49;20;48;2;24;47;15m▀[38;2;30;58;20;48;2;26;54;18m▐[38;2;34;63;21;48;2;31;55;22m▆[38;2;34;67;19;48;2;27;55;15m▅[38;2;35;69;23;48;2;29;57;19m▅[38;2;41;64;28;48;2;45;69;30m▘[38;2;47;65;36;48;2;48;69;35m▝[38;2;45;70;32;48;2;46;62;34m▅[38;2;44;59;33;48;2;42;68;29m▀[38;2;57;63;42;48;2;51;62;39m▔[38;2;50;55;39;48;2;48;48;36m▍[38;2;47;43;38;48;2;43;43;33m▃[38;2;50;45;42;48;2;43;39;34m▆[38;2;28;24;19;48;2;44;38;35m▝[38;2;22;17;14;48;2;9;5;3m▖[38;2;4;3;3;48;2;2;2;2m▘[38;2;0;0;0;48;2;1;3;2m▆[48;2;1;1;1m▆[48;2;0;0;0m▔▔▔▔[38;2;1;1;1m▝[38;2;0;0;0m▔▔[38;2;2;10;3;48;2;0;0;2m▁[38;2;66;93;64m▂[38;2;53;95;42;48;2;1;1;1m▂[38;2;98;134;86;48;2;0;0;0m▂[38;2;66;106;48m▃[38;2;0;0;0;48;2;86;114;75m▀[38;2;102;122;75;48;2;61;82;46m▆[38;2;63;102;55;48;2;108;132;83m▃[38;2;72;103;59;48;2;127;152;102m▃[38;2;69;97;54;48;2;121;139;92m▃[38;2;98;121;75;48;2;58;86;46m▀[38;2;47;69;37;48;2;75;100;62m▅[38;2;27;58;26;48;2;49;89;49m▅[38;2;33;62;30;48;2;22;49;21m▘[38;2;19;38;15;48;2;29;61;31m▆[38;2;79;89;57;48;2;25;41;18m▂[38;2;50;66;36;48;2;56;81;45m▘[38;2;56;80;46;48;2;41;68;37m▘[38;2;71;93;68;48;2;33;56;32m▗[38;2;22;42;24;48;2;98;116;94m▀[38;2;47;66;50;48;2;17;35;20m▖[38;2;21;42;21;48;2;20;39;19m▃[38;2;19;38;18;48;2;20;40;19m▝[38;2;22;38;17;48;2;18;36;17m▖[38;2;19;40;19;48;2;17;35;16m▂[38;2;21;42;21;48;2;16;36;18m▂[38;2;17;42;22;48;2;17;38;20m▀[38;2;18;37;19;48;2;18;41;23m▂[38;2;20;44;23;48;2;17;39;18m▃[38;2;21;46;22;48;2;18;41;20m▔[38;2;18;41;20;48;2;20;46;22m▅[38;2;19;45;21;48;2;20;45;21m▃[38;2;24;49;25;48;2;21;46;21m▔[38;2;17;43;19;48;2;21;46;24m▃[38;2;22;45;24;48;2;19;41;21m▀[38;2;0;3;0;48;2;19;40;19m▗[38;2;26;31;37;48;2;2;4;5m▗[38;2;0;2;3;48;2;21;26;31m▀[38;2;0;1;2;48;2;13;17;20m▀[38;2;16;16;21;48;2;2;2;4m▅[38;2;11;11;15;48;2;10;9;14m▏[38;2;6;6;7;48;2;11;10;14m▗[38;2;6;6;8;48;2;11;11;13m▆[38;2;5;8;8;48;2;4;4;6m▔[38;2;3;5;6;48;2;4;8;8m▅[38;2;4;8;8;48;2;2;6;6m▖[38;2;3;4;4m▔[38;2;26;52;29;48;2;0;3;2m▂[38;2;50;91;57;48;2;0;2;1m▃[38;2;50;99;54;48;2;2;15;4m▅[38;2;44;86;49;48;2;58;107;59m▔[38;2;57;108;55;48;2;69;116;60m▘[38;2;86;132;82;48;2;67;115;63m▃[38;2;84;125;71;48;2;116;155;101m▀[38;2;104;142;86;48;2;125;159;101m▔[38;2;127;161;103;48;2;134;165;109m▅[38;2;137;168;112;48;2;130;163;106m▔[38;2;137;169;113;48;2;133;164;108m▕[38;2;151;177;121;48;2;138;170;114m▗[38;2;155;174;121;48;2;162;187;133m▀[38;2;163;191;138;48;2;155;182;129m▃[38;2;153;185;129;48;2;150;175;122m▅[38;2;147;172;120;48;2;154;180;125m▀[38;2;148;173;115;48;2;137;171;110m▅[38;2;150;175;118;48;2;140;168;109m▅[38;2;149;174;117;48;2;135;169;108m▅[38;2;140;173;109;48;2;150;172;116m▀[38;2;138;170;106;48;2;143;170;113m▀[38;2;134;166;110;48;2;140;168;109m▃[38;2;138;166;112;48;2;138;165;105m▅[38;2;140;166;112;48;2;137;165;107m▅[38;2;133;161;103;48;2;142;164;106m▀[38;2;142;164;106;48;2;134;160;104m▃[38;2;130;159;100;48;2;135;161;106m▀[38;2;126;160;102;48;2;122;153;94m▆[38;2;119;154;96;48;2;129;163;106m▀[38;2;107;147;92;48;2;125;159;101m▀[38;2;121;154;100;48;2;111;147;90m▖[38;2;120;147;94;48;2;111;142;88m▁[38;2;173;178;140;48;2;105;136;85m▁[38;2;71;108;61;48;2;99;124;75m▐[38;2;90;81;66;48;2;118;80;65m▀[38;2;114;77;63;48;2;133;100;85m▃[38;2;177;140;99;48;2;130;100;98m▗[38;2;196;164;133;48;2;142;103;84m▂[38;2;159;130;114;48;2;121;85;62m▂[38;2;145;119;103;48;2;131;90;70m▂[38;2;107;81;73;48;2;119;97;84m▊[38;2;160;131;106;48;2;191;170;135m▆[38;2;160;130;99;48;2;140;98;65m▃[38;2;108;70;47;48;2;136;111;89m▐[38;2;56;53;25;48;2;126;90;68m▀[38;2;164;128;107;48;2;59;34;32m▅[38;2;159;129;114;48;2;33;18;16m▅[38;2;139;112;100;48;2;43;31;20m▃[38;2;171;156;148;48;2;55;49;44m▂[0m
[38;2;35;57;15;48;2;26;51;14m▂[38;2;26;51;12;48;2;30;56;13m▀[38;2;37;61;20m▐[38;2;40;61;23;48;2;45;64;29m▍[38;2;47;71;32;48;2;43;70;26m▃[38;2;51;68;34;48;2;45;75;27m▃[38;2;65;70;44;48;2;57;74;34m▃[38;2;58;71;39;48;2;70;68;51m▀[38;2;53;71;37;48;2;68;70;48m▀[38;2;51;69;37;48;2;66;62;46m▀[38;2;68;59;49;48;2;57;59;41m▂[38;2;55;58;42;48;2;69;60;53m▀[38;2;56;52;45;48;2;65;58;55m▀[38;2;56;51;46;48;2;64;52;53m▀[38;2;44;36;32;48;2;48;43;39m▐[38;2;34;30;26;48;2;22;13;15m▍[38;2;12;7;4;48;2;3;3;3m▏[38;2;0;0;0;48;2;1;1;0m▁[48;2;0;0;0m▔▔▔▔[38;2;1;1;1m▃[38;2;0;0;0m▔▔▔[38;2;0;8;0m▔[38;2;0;1;1;48;2;59;98;52m▆[38;2;60;103;47;48;2;2;2;3m▀[38;2;59;97;48;48;2;0;6;0m▀[38;2;54;93;45;48;2;2;12;2m▀[38;2;43;81;35;48;2;4;15;4m▀[38;2;38;75;31;48;2;3;13;5m▀[38;2;23;56;22;48;2;3;11;5m▀[38;2;4;9;6;48;2;31;60;30m▅[38;2;41;69;35;48;2;4;10;4m▀[38;2;39;70;37;48;2;5;15;9m▀[38;2;2;13;5;48;2;32;47;25m▅[38;2;76;92;47;48;2;22;36;22m▗[38;2;87;103;55;48;2;16;32;5m▅[38;2;58;77;42;48;2;88;104;63m▔[38;2;43;67;37;48;2;78;87;53m▃[38;2;36;57;32;48;2;42;61;34m▃[38;2;53;78;43;48;2;31;52;23m▝[38;2;82;114;60;48;2;51;76;48m▆[38;2;120;144;99;48;2;98;122;92m▁[38;2;55;74;54;48;2;94;113;85m▐[38;2;35;54;38;48;2;22;42;24m▍[38;2;23;43;25;48;2;19;39;21m▃[38;2;25;45;26;48;2;21;43;22m▁[38;2;26;45;25;48;2;24;43;23m▀[38;2;25;43;25;48;2;25;44;24m▕[38;2;26;44;29;48;2;23;41;25m▆[38;2;20;39;21;48;2;25;43;28m▔[38;2;25;45;27;48;2;19;39;21m▅[38;2;22;43;26;48;2;30;55;37m▀[38;2;19;44;23;48;2;34;59;38m▀[38;2;32;57;38;48;2;20;45;22m▃[38;2;31;55;37;48;2;24;46;28m▃[38;2;24;48;30;48;2;21;42;24m▊[38;2;0;5;2;48;2;16;31;18m▗[38;2;1;9;6;48;2;2;3;1m▁[38;2;6;9;12;48;2;25;31;38m▘[38;2;25;34;35;48;2;22;24;30m▍[38;2;31;32;38;48;2;22;20;28m▖[38;2;12;12;17;48;2;14;13;19m▐[38;2;13;12;15;48;2;7;7;11m▍[38;2;6;6;9;48;2;7;6;10m▅[38;2;2;6;3;48;2;6;7;7m▗[38;2;8;7;7;48;2;3;4;3m▘[38;2;13;30;14;48;2;3;7;7m▂[38;2;50;85;51;48;2;4;16;8m▃[38;2;31;62;33;48;2;93;129;83m▀[38;2;60;104;62;48;2;97;132;84m▀[38;2;83;123;73;48;2;61;106;63m▅[38;2;73;118;69;48;2;63;108;63m▆[38;2;70;118;65;48;2;80;126;70m▘[38;2;86;127;73;48;2;78;121;66m▅[38;2;103;143;88;48;2;113;155;97m▍[38;2;113;149;91;48;2;114;153;96m▖[38;2;122;156;101;48;2;120;154;99m▕[38;2;123;159;100;48;2;122;156;98m▀[38;2;133;165;108;48;2;129;163;106m▗[38;2;135;166;112;48;2;148;175;121m▀[38;2;153;179;125;48;2;163;191;138m▘[38;2;163;189;135;48;2;170;193;141m▁[38;2;164;188;134;48;2;172;196;144m▃[38;2;154;178;127;48;2;166;189;137m▃[38;2;155;179;127;48;2;157;181;129m▐[38;2;151;175;123;48;2;156;181;126m▃[38;2;154;179;123;48;2;150;174;120m▀[38;2;143;173;118;48;2;150;176;120m▗[38;2;140;165;111;48;2;150;171;119m▅[38;2;143;170;116;48;2;136;167;111m▘[38;2;132;165;111;48;2;127;161;108m▊[38;2;124;156;105;48;2;132;166;109m▅[38;2;138;162;104;48;2;125;153;103m▀[38;2;124;154;97;48;2;142;163;106m▃[38;2;143;164;108;48;2;127;156;103m▀[38;2;128;164;109;48;2;138;164;110m▅[38;2;134;163;107;48;2;136;167;111m▘[38;2;138;173;118;48;2;133;166;110m▂[38;2;137;169;113;48;2;132;162;106m▖[38;2;132;154;100;48;2;125;143;86m▊[38;2;113;111;73;48;2;204;194;147m▃[38;2;72;38;21;48;2;142;120;90m▁[38;2;202;191;175;48;2;44;53;26m▃[38;2;185;171;153;48;2;107;80;64m▁[38;2;146;100;69;48;2;126;89;77m▏[38;2;120;78;65;48;2;107;66;57m▞[38;2;103;65;51;48;2;135;94;75m▅[38;2;103;63;53;48;2;173;136;103m▅[38;2;163;127;100;48;2;100;64;52m▀[38;2;94;68;60;48;2;136;106;94m▃[38;2;103;84;65;48;2;136;108;93m▂[38;2;114;112;87;48;2;130;111;96m▃[38;2;122;117;94;48;2;113;88;75m▅[38;2;95;94;69;48;2;112;110;82m▁[38;2;46;56;33;48;2;114;110;83m▁[38;2;62;67;45;48;2;135;127;105m▂[38;2;44;44;25;48;2;142;132;109m▂[38;2;42;42;24;48;2;151;138;116m▂[0m
[38;2;51;61;27;48;2;46;63;22m▅[38;2;45;58;23;48;2;36;54;17m▅[38;2;39;56;22;48;2;46;52;28m▀[38;2;47;60;29;48;2;55;55;35m▀[38;2;63;62;45;48;2;53;64;35m▃[38;2;68;63;48;48;2;58;67;42m▅[38;2;75;62;53;48;2;72;68;52m▅[38;2;85;65;62;48;2;79;70;57m▂[38;2;83;66;64;48;2;80;63;62m▞[38;2;73;58;53;48;2;85;66;65m▀[38;2;79;63;68;48;2;71;56;56m▃[38;2;66;55;61;48;2;72;59;60m▖[38;2;76;63;63;48;2;72;61;61m▀[38;2;63;47;55;48;2;68;52;60m▗[38;2;52;42;45;48;2;56;45;54m▝[38;2;23;13;16;48;2;40;30;34m▐[38;2;9;7;8;48;2;1;1;1m▘[38;2;2;2;2;48;2;0;0;0m▂[38;2;1;1;1m▂[38;2;0;0;0m▔▔▔[48;2;1;1;1m▆[48;2;0;0;0m▔[38;2;0;2;1;48;2;0;1;0m▕[38;2;1;1;1;48;2;0;3;2m▝[38;2;2;6;5;48;2;0;2;1m▗[38;2;7;12;13;48;2;0;1;1m▅[38;2;4;7;8;48;2;1;1;3m▏[38;2;0;0;0;48;2;0;0;0m▔▔▔[38;2;1;1;1m▁[38;2;3;7;6;48;2;0;2;1m▃[38;2;2;6;5;48;2;1;4;3m▍[38;2;0;4;3;48;2;0;2;1m▗[38;2;1;7;1;48;2;2;4;3m▗[38;2;3;16;1;48;2;71;94;59m▊[38;2;89;112;62;48;2;47;78;34m▀[38;2;45;70;36;48;2;69;82;46m▆[38;2;65;91;56;48;2;36;58;32m▘[38;2;4;17;3;48;2;33;57;28m▃[38;2;53;85;40;48;2;17;37;16m▗[38;2;74;107;56;48;2;5;25;2m▃[38;2;65;93;53;48;2;14;35;12m▁[38;2;62;88;52;48;2;106;134;86m▖[38;2;96;120;87;48;2;121;145;105m▃[38;2;84;106;80;48;2;48;69;49m▍[38;2;28;49;29;48;2;23;42;24m▖[38;2;16;33;19;48;2;27;47;29m▃[38;2;19;38;21;48;2;27;46;26m▂[38;2;25;43;29m▂[38;2;28;46;31;48;2;27;46;28m▂[38;2;29;47;32;48;2;24;42;26m▂[38;2;34;53;37;48;2;22;42;24m▁[38;2;35;55;39;48;2;24;48;26m▂[38;2;33;54;37;48;2;30;54;32m▂[38;2;25;49;29;48;2;33;55;33m▆[38;2;17;31;18;48;2;24;43;26m▗[38;2;18;30;20;48;2;3;9;3m▘[38;2;6;11;8;48;2;2;3;1m▗[38;2;18;24;24;48;2;8;18;12m▕[38;2;24;30;34;48;2;13;14;15m▀[38;2;22;22;32;48;2;28;29;34m▗[38;2;23;21;28;48;2;13;14;16m▘[38;2;11;12;15;48;2;8;9;13m▀[38;2;9;10;9;48;2;8;9;9m▘[38;2;8;26;7;48;2;6;8;7m▂[38;2;0;6;0;48;2;23;49;23m▀[38;2;14;38;20;48;2;57;89;56m▀[38;2;81;112;73;48;2;40;70;40m▆[38;2;92;124;85;48;2;99;129;87m▏[38;2;116;147;98;48;2;104;136;90m▐[38;2;115;145;98;48;2;103;137;88m▊[38;2;96;130;81;48;2;85;125;72m▏[38;2;81;124;72;48;2;79;122;70m▆[38;2;83;126;74;48;2;87;129;75m▘[38;2;90;131;75;48;2;96;137;81m▊[38;2;106;146;88;48;2;116;150;91m▍[38;2;116;150;92;48;2;118;154;95m▍[38;2;115;152;92;48;2;120;154;96m▃[38;2;118;150;91;48;2;121;155;97m▃[38;2;122;151;94;48;2;126;160;102m▃[38;2;129;156;100;48;2;141;168;113m▆[38;2;128;157;100;48;2;151;177;125m▅[38;2;154;180;126;48;2;129;158;102m▀[38;2;142;169;114;48;2;152;177;125m▖[38;2;141;169;114;48;2;150;179;123m▃[38;2;137;165;110;48;2;146;173;120m▅[38;2;134;161;105;48;2;144;169;116m▅[38;2;145;170;117;48;2;133;156;102m▀[38;2;140;165;111;48;2;126;153;97m▀[38;2;120;150;95;48;2;133;159;104m▅[38;2;117;148;96;48;2;126;157;106m▅[38;2;111;141;86;48;2;121;154;104m▅[38;2;117;147;95;48;2;111;141;86m▀[38;2;115;149;98;48;2;115;147;95m▝[38;2;126;157;108;48;2;119;152;103m▐[38;2;127;154;106;48;2;126;157;106m▏[38;2;132;164;117;48;2;128;160;111m▕[38;2;132;166;115;48;2;137;170;121m▃[38;2;139;173;120;48;2;135;169;119m▔[38;2;150;163;116;48;2;137;165;112m▆[38;2;138;147;101;48;2;169;160;121m▀[38;2;131;108;83;48;2;160;137;114m▗[38;2;144;113;90;48;2;95;61;42m▆[38;2;81;58;51;48;2;147;114;91m▖[38;2;162;130;112;48;2;217;200;183m▆[38;2;159;139;129;48;2;132;99;86m▘[38;2;106;82;74;48;2;148;114;93m▃[38;2;156;136;106;48;2;122;89;77m▗[38;2;213;201;174;48;2;123;84;67m▂[38;2;150;136;107;48;2;113;79;71m▁[38;2;134;104;95;48;2;154;128;90m▞[38;2;20;34;10;48;2;119;120;96m▗[38;2;54;53;35;48;2;126;130;100m▆[38;2;112;152;107;48;2;51;93;50m▃[38;2;115;161;102;48;2;46;47;28m▅[38;2;124;162;114;48;2;30;50;19m▆[38;2;133;165;116;48;2;51;84;45m▆[38;2;31;61;26;48;2;131;163;114m▔[38;2;45;69;36;48;2;136;165;120m▔[0m
[38;2;77;82;80;48;2;52;62;35m▁[38;2;59;58;53;48;2;57;53;39m▂[38;2;63;53;44;48;2;53;53;37m▅[38;2;58;53;39;48;2;64;60;49m▘[38;2;69;58;51;48;2;64;59;47m▅[38;2;65;57;47;48;2;72;58;53m▏[38;2;70;57;55;48;2;72;62;52m▅[38;2;79;61;61;48;2;73;57;57m▝[38;2;65;52;54;48;2;77;64;65m▂[38;2;64;50;55;48;2;71;57;58m▐[38;2;59;44;58;48;2;81;64;70m▆[38;2;75;64;76;48;2;51;42;55m▀[38;2;72;51;65;48;2;42;37;46m▀[38;2;56;43;53;48;2;33;25;35m▀[38;2;36;35;40;48;2;16;14;19m▀[38;2;17;15;22;48;2;3;4;6m▘[38;2;0;0;0;48;2;2;2;2m▁▅[48;2;1;1;1m▆[38;2;1;2;4;48;2;0;0;0m▂▖[38;2;0;0;0m▔▔▔[38;2;0;2;1m▝[38;2;0;4;1;48;2;0;2;1m▀[38;2;1;3;2;48;2;3;8;3m▆[38;2;2;6;6;48;2;0;3;3m▔[38;2;10;12;24;48;2;2;6;11m▗[38;2;10;13;22;48;2;1;3;6m▖[38;2;2;5;4;48;2;0;2;2m▁[38;2;0;1;0;48;2;1;3;2m▔[38;2;3;4;3;48;2;0;3;2m▕[38;2;3;7;6;48;2;0;3;3m▔[38;2;33;49;30;48;2;1;3;3m▁[38;2;52;93;41;48;2;2;4;0m▃[38;2;47;91;44;48;2;6;22;7m▆[38;2;16;40;14;48;2;59;89;51m▂[38;2;56;88;44;48;2;19;42;15m▘[38;2;21;42;19;48;2;1;9;2m▀[38;2;2;0;0;48;2;21;35;20m▆[38;2;0;3;0;48;2;0;0;2m▔[38;2;0;5;2;48;2;82;101;65m▊[38;2;100;119;70;48;2;106;123;71m▁[38;2;87;116;68;48;2;102;124;72m▔[38;2;90;119;68;48;2;84;113;63m▆[38;2;88;113;71;48;2;111;139;86m▁[38;2;40;66;32;48;2;109;134;94m▁[38;2;103;126;89;48;2;41;62;39m▆[38;2;71;90;66;48;2;23;41;24m▅[38;2;20;39;22;48;2;50;68;44m▀[38;2;36;52;31;48;2;25;43;28m▖[38;2;23;39;24;48;2;27;45;30m▅[38;2;31;49;34;48;2;26;42;27m▐[38;2;39;60;40;48;2;31;50;34m▁[38;2;35;56;40;48;2;32;51;37m▀[38;2;31;50;34;48;2;34;55;38m▐[38;2;25;43;30;48;2;17;34;20m▊[38;2;18;33;20;48;2;1;6;3m▘[38;2;1;9;3;48;2;0;2;0m▗[38;2;0;6;3;48;2;6;13;8m▘[38;2;7;17;12;48;2;6;10;7m▀[38;2;23;23;26;48;2;7;9;8m▐[38;2;27;28;33;48;2;17;16;18m▀[38;2;10;11;15;48;2;8;8;10m▀[38;2;17;33;22;48;2;9;10;13m▗[38;2;10;25;15;48;2;33;63;37m▀[38;2;27;57;30;48;2;71;103;68m▀[38;2;86;119;81;48;2;52;86;49m▆[38;2;92;121;90;48;2;80;109;73m▘[38;2;87;117;80;48;2;91;122;84m▊[38;2;114;138;96;48;2;94;125;86m▃[38;2;119;144;96;48;2;110;143;92m▁[38;2;110;143;91;48;2;104;137;85m▂[38;2;90;127;74;48;2;95;130;78m▔[38;2;94;129;77;48;2;86;130;73m▖[38;2;87;128;73m▕[38;2;87;129;73;48;2;94;137;80m▊[38;2;100;135;76;48;2;109;146;86m▅[38;2;113;150;90;48;2;106;142;82m▀[38;2;102;136;76;48;2;112;147;88m▃[38;2;106;143;83;48;2;112;145;86m▃[38;2;115;149;90;48;2;110;144;85m▀[38;2;107;141;79;48;2;113;145;87m▃[38;2;113;145;86;48;2;105;137;84m▀[38;2;108;141;85;48;2;119;146;89m▅[38;2;112;144;89;48;2;128;157;101m▅[38;2;129;159;102;48;2;114;142;85m▀[38;2;115;139;83;48;2;125;150;95m▂[38;2;116;138;86;48;2;126;148;93m▃[38;2;125;144;90;48;2;123;137;88m▀[38;2;120;137;87;48;2;127;142;89m▅[38;2;110;137;86;48;2;107;136;79m▀[38;2;113;137;86;48;2;104;134;76m▀[38;2;103;136;79;48;2;111;139;85m▗[38;2;104;137;78;48;2;111;141;85m▖[38;2;134;159;100;48;2;122;151;95m▗[38;2;125;154;95;48;2;132;155;96m▂[38;2;140;161;105;48;2;128;160;100m▘[38;2;128;158;107;48;2;127;161;108m▍[38;2;124;163;110;48;2;135;169;118m▖[38;2;141;173;123;48;2;150;177;127m▍[38;2;183;170;135;48;2;162;179;130m▗[38;2;158;134;113;48;2;181;155;127m▐[38;2;144;118;96;48;2;161;132;115m▀[38;2;166;138;116;48;2;172;141;118m▖[38;2;177;146;127;48;2;163;140;117m▆[38;2;161;134;120;48;2;157;128;114m▏[38;2;149;125;110;48;2;107;83;78m▊[38;2;78;53;51;48;2;124;99;88m▘[38;2;123;102;101;48;2;116;93;85m▂[38;2;155;144;123;48;2;90;83;72m▔[38;2;115;94;74;48;2;199;188;169m▆[38;2;121;126;106;48;2;43;59;39m▖[38;2;148;181;130;48;2;77;101;65m▗[38;2;112;153;99;48;2;150;180;134m▔[38;2;129;168;116;48;2;146;176;130m▀[38;2;127;166;113;48;2;147;178;127m▀[38;2;146;177;125;48;2;137;168;120m▃[38;2;137;168;120;48;2;145;175;121m▀[38;2;137;169;121;48;2;138;168;118m▀[38;2;134;165;117;48;2;140;167;133m▆[0m
[38;2;83;88;85;48;2;43;62;58m▀[38;2;42;62;54;48;2;78;92;87m▃[38;2;45;66;56;48;2;80;78;72m▂[38;2;53;70;61;48;2;73;61;62m▂[38;2;69;69;66;48;2;70;59;52m▃[38;2;66;57;54;48;2;69;55;50m▂[38;2;64;50;50;48;2;70;57;55m▅[38;2;58;46;45;48;2;67;52;52m▅[38;2;62;54;59;48;2;45;38;42m▀[38;2;58;52;61;48;2;40;33;45m▀[38;2;40;36;49;48;2;61;51;65m▅[38;2;26;25;33;48;2;37;33;46m▗[38;2;12;11;16;48;2;33;32;39m▆[38;2;4;5;7;48;2;12;10;15m▆[38;2;3;1;6;48;2;0;1;3m▔[38;2;1;3;2;48;2;0;1;0m▖[38;2;0;2;1m▁[38;2;3;5;4m▂[38;2;0;0;0;48;2;3;7;6m▀[38;2;2;3;5;48;2;1;1;1m▀[38;2;1;1;1;48;2;0;0;0m▏[38;2;0;0;0m▔▔[38;2;7;7;7m▂[38;2;3;3;3;48;2;1;1;1m▁[38;2;0;1;0;48;2;0;0;0m▝[38;2;0;0;0;48;2;2;4;3m▅[38;2;2;4;3;48;2;0;1;0m▝[38;2;8;9;14;48;2;2;4;3m▝[38;2;9;10;13;48;2;5;7;4m▘[38;2;7;14;7;48;2;3;8;3m▕[38;2;9;22;10;48;2;0;3;0m▃[38;2;66;90;56;48;2;1;4;3m▗[38;2;38;56;40;48;2;22;30;22m▝[38;2;72;109;60;48;2;5;6;2m▀[38;2;4;10;3;48;2;38;70;34m▅[38;2;1;3;2;48;2;20;43;20m▆[38;2;8;21;6;48;2;2;4;3m▔[38;2;6;10;9;48;2;0;2;1m▀[38;2;1;0;0;48;2;0;0;0m▔[38;2;0;0;0;48;2;1;0;0m▆[38;2;2;5;4;48;2;0;1;0m▁[38;2;0;9;0;48;2;52;73;39m▊[38;2;53;75;38;48;2;87;109;70m▅[38;2;44;64;32;48;2;62;81;51m▘[38;2;92;111;70;48;2;42;60;34m▔[38;2;121;140;99;48;2;62;82;52m▗[38;2;33;58;29;48;2;122;154;99m▔[38;2;127;156;109;48;2;49;69;49m▅[38;2;91;110;81;48;2;37;61;43m▃[38;2;29;41;34;48;2;48;77;50m▅[38;2;29;45;30;48;2;17;23;17m▀[38;2;20;29;22;48;2;22;35;25m▖[38;2;28;47;29;48;2;24;38;27m▝[38;2;30;47;33;48;2;55;76;56m▖[38;2;60;84;60;48;2;42;64;44m▖[38;2;31;46;38;48;2;24;39;31m▊[38;2;14;27;20;48;2;23;38;30m▞[38;2;12;24;17;48;2;1;8;4m▖[38;2;5;12;5;48;2;1;5;3m▞[38;2;1;6;2;48;2;5;13;5m▖[38;2;0;4;3;48;2;4;11;5m▗[38;2;1;4;3;48;2;7;9;7m▆[38;2;7;7;8;48;2;2;5;5m▔[38;2;28;46;38;48;2;6;11;9m▗[38;2;57;85;61;48;2;28;55;33m▃[38;2;40;69;43;48;2;51;84;59m▀[38;2;58;89;65;48;2;52;89;60m▐[38;2;59;91;59;48;2;76;108;75m▆[38;2;59;89;58;48;2;72;103;66m▅[38;2;64;94;57;48;2;87;117;80m▃[38;2;122;144;100;48;2;98;123;80m▀[38;2;114;145;93;48;2;130;156;106m▃[38;2;119;148;97;48;2;108;143;89m▊[38;2;102;137;83;48;2;99;134;82m▆[38;2;91;133;74;48;2;99;135;80m▐[38;2;94;132;73;48;2;85;128;68m▃[38;2;88;129;71;48;2;87;131;74m▆[38;2;87;128;69;48;2;96;136;76m▆[38;2;94;133;74;48;2;103;138;79m▖[38;2;105;143;82;48;2;105;137;79m▅[38;2;107;144;84;48;2;104;142;81m▅[38;2;105;140;80;48;2;107;141;82m▘[38;2;112;139;82;48;2;107;141;80m▆[38;2;102;135;79;48;2;107;135;83m▗[48;2;101;134;78m▊[38;2;108;135;78;48;2;99;133;73m▀[38;2;111;138;81;48;2;101;129;75m▘[38;2;110;134;78;48;2;102;126;73m▔[38;2;97;117;68;48;2;112;127;77m▃[38;2;114;124;75;48;2;103;115;68m▀[38;2;92;107;59;48;2;115;130;83m▅[38;2;88;118;64;48;2;102;133;74m▆[38;2;91;122;64;48;2;101;131;73m▃[38;2;110;140;79;48;2;98;134;74m▗[38;2;115;144;82;48;2;118;149;86m▘[38;2;117;152;90;48;2;117;152;90m▔[38;2;121;157;95;48;2;115;152;92m▕[38;2;128;160;95;48;2;120;152;90m▂[38;2;122;158;96;48;2;126;160;102m▆[38;2;124;159;101;48;2;132;166;115m▆[38;2;209;196;158;48;2;140;171;114m▗[38;2;197;171;136;48;2;243;221;180m▀[38;2;244;219;178;48;2;197;171;141m▃[38;2;211;185;155;48;2;182;154;121m▃[38;2;202;176;149;48;2;177;147;126m▂[38;2;173;145;129;48;2;167;140;126m▁[38;2;167;145;132;48;2;159;134;122m▂[38;2;155;133;127;48;2;148;126;117m▃[38;2;134;108;106;48;2;148;125;121m▀[38;2;129;113;102;48;2;141;137;125m▀[38;2;137;138;121;48;2;112;97;92m▆[38;2;65;87;53;48;2;121;144;116m▗[38;2;152;186;145;48;2;41;74;35m▗[38;2;128;161;111;48;2;167;195;151m▘[38;2;165;193;143;48;2;163;192;144m▗[38;2;162;190;139;48;2;157;186;134m▅[38;2;159;187;136;48;2;153;184;133m▆[38;2;156;182;131;48;2;153;182;127m▆[38;2;150;179;123;48;2;160;183;133m▀[38;2;155;180;124;48;2;141;171;118m▅[38;2;155;175;124;48;2;142;171;120m▅[0m
[38;2;23;52;24;48;2;14;39;20m▃[38;2;28;48;37;48;2;16;41;19m▔[38;2;14;36;15;48;2;27;46;34m▆[38;2;11;34;12;48;2;28;48;35m▅[38;2;13;33;13;48;2;38;57;48m▅[38;2;44;61;50;48;2;14;40;18m▀[38;2;57;47;46;48;2;22;42;26m▀[38;2;28;47;34;48;2;44;44;39m▃[38;2;37;50;41;48;2;35;25;29m▂[38;2;40;38;39;48;2;28;22;28m▁[38;2;20;18;21;48;2;24;22;28m▐[38;2;14;13;19;48;2;7;6;8m▔[38;2;15;11;12;48;2;5;5;5m▁[38;2;25;20;24;48;2;4;4;6m▂[38;2;33;30;31;48;2;4;4;4m▃[38;2;4;3;4;48;2;37;33;34m▀[38;2;8;7;7m▀[38;2;9;8;9;48;2;31;23;25m▀[48;2;38;28;30m▀[38;2;41;34;37;48;2;4;4;6m▅[38;2;26;17;24;48;2;2;2;4m▅[38;2;3;3;5;48;2;16;13;16m▀[38;2;26;22;23;48;2;7;7;9m▅[38;2;25;21;22;48;2;15;14;14m▊[38;2;9;8;9;48;2;2;2;2m▏[38;2;0;0;0;48;2;0;0;0m▔[38;2;2;2;2m▗[38;2;1;1;1m▖[38;2;6;8;7;48;2;2;2;2m▗[38;2;7;8;6;48;2;4;6;4m▞[38;2;42;53;37;48;2;10;16;9m▗[38;2;38;57;28;48;2;24;40;20m▗[38;2;160;162;105;48;2;65;97;58m▅[38;2;61;73;47;48;2;20;38;19m▖[38;2;20;35;17;48;2;7;17;8m▆[38;2;19;24;16;48;2;12;15;8m▝[38;2;15;18;8;48;2;9;12;5m▍[38;2;4;6;2;48;2;0;3;0m▍[38;2;0;0;0;48;2;0;0;0m▔▔[38;2;12;25;13;48;2;0;2;0m▗[38;2;65;102;62;48;2;23;48;27m▗[38;2;37;67;40;48;2;59;97;62m▐[38;2;47;75;48;48;2;35;62;36m▐[38;2;30;56;32;48;2;51;77;48m▞[38;2;80;108;71;48;2;68;98;62m▝[38;2;75;99;65;48;2;55;79;54m▘[38;2;42;59;47;48;2;84;113;78m▆[38;2;131;163;116;48;2;16;36;21m▀[38;2;31;47;29;48;2;120;141;98m▃[38;2;72;90;60;48;2;49;50;43m▘[38;2;22;34;24;48;2;11;16;12m▖[38;2;19;24;22;48;2;8;13;9m▔[38;2;12;17;15;48;2;24;30;26m▆[38;2;37;50;39;48;2;15;21;17m▝[38;2;60;76;56;48;2;19;26;19m▀[38;2;37;57;38;48;2;20;31;25m▘[38;2;21;32;26;48;2;16;27;21m▘[38;2;14;26;19;48;2;8;20;13m▍[38;2;4;11;8;48;2;1;4;1m▏[38;2;2;6;4;48;2;1;4;2m▝[38;2;2;5;3;48;2;0;3;1m▘[38;2;1;7;3;48;2;0;3;0m▗[38;2;19;33;24;48;2;5;13;8m▗[38;2;49;78;58;48;2;25;44;31m▐[38;2;57;90;62;48;2;47;79;54m▀[38;2;63;97;67;48;2;50;86;56m▁[38;2;60;93;66;48;2;45;79;54m▂[38;2;65;100;67;48;2;57;89;60m▗[38;2;78;112;73;48;2;65;101;68m▅[38;2;63;95;61;48;2;82;115;76m▀[38;2;81;112;75;48;2;68;99;61m▂[38;2;65;91;56;48;2;98;130;83m▆[38;2;86;120;79;48;2;104;140;86m▖[38;2;106;142;88;48;2;100;137;83m▂[38;2;101;137;83;48;2;92;133;77m▂[38;2;99;136;82;48;2;92;132;77m▂[38;2;91;132;77;48;2;88;129;73m▂[38;2;93;132;75;48;2;86;128;71m▃[38;2;86;127;68;48;2;94;130;73m▘[38;2;106;141;82;48;2;101;137;77m▐[38;2;116;147;88;48;2;107;141;82m▁[38;2;111;143;84;48;2;111;141;83m▖[38;2;107;137;82;48;2;110;138;83m▀[38;2;113;140;83;48;2;109;135;81m▆[38;2;104;135;76;48;2;100;133;77m▍[38;2;99;135;78;48;2;93;129;75m▘[38;2;97;128;72;48;2;94;125;69m▀[38;2;98;122;69;48;2;97;117;67m▘[38;2;98;109;65;48;2;97;114;67m▐[38;2;88;99;57;48;2;98;104;62m▃[38;2;74;95;47;48;2;82;103;54m▅[38;2;76;98;51;48;2;85;106;55m▃[38;2;85;113;59;48;2;83;111;56m▀[38;2;84;117;62;48;2;93;128;68m▅[38;2;91;126;66;48;2;112;144;82m▅[38;2;100;138;77;48;2;113;151;85m▃[38;2;116;154;89;48;2;109;146;82m▀[38;2;118;155;92;48;2;127;160;97m▆[38;2;123;160;97;48;2;119;157;94m▘[38;2;120;157;95;48;2;128;161;99m▊[38;2;160;167;112;48;2;219;200;154m▏[38;2;251;231;184;48;2;221;198;154m▀[38;2;228;204;162;48;2;251;231;184m▃[38;2;225;202;172;48;2;237;216;178m▔[38;2;218;197;170;48;2;252;237;192m▀[38;2;196;174;153;48;2;238;218;178m▀[38;2;181;159;146;48;2;215;198;172m▀[38;2;203;181;159;48;2;170;149;140m▃[38;2;187;170;154;48;2;153;137;128m▃[38;2;163;165;149;48;2;149;153;137m▅[38;2;45;67;36;48;2;149;167;140m▗[38;2;147;177;133;48;2;53;84;48m▗[38;2;159;188;141;48;2;170;198;153m▏[38;2;170;198;154;48;2;171;198;150m▍[38;2;170;196;150;48;2;170;197;148m▂[38;2;171;196;151;48;2;165;191;145m▖[38;2;164;190;143;48;2;159;186;138m▅[38;2;165;188;139;48;2;156;185;133m▆[38;2;165;184;135;48;2;165;184;135m▔[38;2;156;183;133;48;2;161;180;130m▁[38;2;168;186;138;48;2;158;177;127m▕[0m
[38;2;33;64;29;48;2;29;60;27m▖[38;2;31;60;26;48;2;28;57;23m▆[38;2;29;59;21;48;2;21;48;21m▅[38;2;16;41;15;48;2;27;56;22m▀[38;2;20;47;18;48;2;11;34;12m▃[38;2;15;41;15;48;2;9;31;10m▖[38;2;9;31;10;48;2;8;31;9m▕[38;2;9;32;10;48;2;15;34;18m▆[38;2;8;29;10;48;2;25;45;30m▆[38;2;37;40;38;48;2;12;34;14m▀[38;2;25;41;26;48;2;21;18;20m▅[38;2;22;18;17;48;2;45;48;44m▀[38;2;34;32;33;48;2;52;58;53m▀[38;2;56;60;51;48;2;45;39;44m▃[38;2;66;67;59;48;2;49;43;48m▃[38;2;59;69;46;48;2;50;45;46m▁[38;2;89;84;72;48;2;41;39;40m▂[38;2;57;56;45;48;2;36;30;32m▖[38;2;27;29;22;48;2;42;31;32m▃[38;2;45;34;38;48;2;22;22;21m▀[38;2;32;23;28;48;2;21;15;17m▘[38;2;25;19;20;48;2;40;34;36m▀[38;2;24;22;23;48;2;41;34;36m▗[38;2;27;21;21;48;2;9;7;8m▘[38;2;1;1;1;48;2;3;3;3m▝[38;2;7;9;8;48;2;0;0;0m▂[38;2;8;10;9;48;2;5;5;5m▖[38;2;12;12;12;48;2;1;3;1m▂[38;2;15;15;15;48;2;9;8;6m▖[38;2;6;5;6;48;2;1;2;2m▍[38;2;7;8;1;48;2;156;149;115m▍[38;2;179;163;126;48;2;85;90;59m▖[38;2;90;99;57;48;2;214;204;152m▖[38;2;64;83;50;48;2;171;176;136m▝[38;2;89;104;74;48;2;20;37;18m▂[38;2;48;59;34;48;2;24;32;19m▖[38;2;31;37;21;48;2;20;20;12m▅[38;2;23;21;16;48;2;2;2;0m▖[38;2;0;6;2;48;2;0;1;0m▗[38;2;11;27;15;48;2;2;6;3m▅[38;2;1;13;4;48;2;21;34;21m▊[38;2;61;93;55;48;2;26;49;27m▝[38;2;51;75;49;48;2;41;68;43m▍[38;2;40;68;43;48;2;36;65;38m▘[38;2;35;64;38;48;2;38;76;41m▘[38;2;71;107;66;48;2;62;97;56m▐[38;2;76;108;69;48;2;68;98;64m▍[38;2;73;99;63;48;2;54;85;57m▂[38;2;27;44;33;48;2;58;89;57m▀[38;2;41;71;43;48;2;10;27;14m▃[38;2;23;35;28;48;2;14;27;17m▁[38;2;12;19;18;48;2;18;29;21m▂[38;2;7;13;6;48;2;19;27;18m▀[38;2;17;27;19;48;2;2;12;4m▂[38;2;7;17;9;48;2;6;10;9m▁[38;2;14;21;14;48;2;7;12;9m▀[38;2;9;19;11m▀[38;2;7;17;9;48;2;4;11;4m▀[38;2;6;15;7;48;2;9;19;11m▅[38;2;0;7;0;48;2;3;13;5m▝[38;2;0;6;2;48;2;0;4;1m▍[38;2;2;8;4;48;2;0;3;1m▁[38;2;18;34;22;48;2;4;10;6m▗[38;2;27;50;36;48;2;20;38;28m▝[38;2;33;60;41;48;2;16;42;18m▀[38;2;16;49;22;48;2;44;82;51m▖[38;2;44;88;47;48;2;61;98;67m▅[38;2;37;76;37;48;2;49;91;54m▅[38;2;48;84;52;48;2;31;74;34m▔[38;2;45;86;46;48;2;57;95;61m▆[38;2;66;101;63;48;2;47;88;47m▀[38;2;62;94;60;48;2;33;65;29m▀[38;2;33;62;35;48;2;55;86;58m▆[38;2;48;82;44;48;2;75;115;70m▍[38;2;104;138;90;48;2;84;125;71m▀[38;2;94;130;76;48;2;105;142;88m▃[38;2;101;139;84;48;2;104;141;87m▖[38;2;105;140;86;48;2;101;135;82m▃[38;2;99;135;78m▀[38;2;100;136;79;48;2;96;134;80m▘[38;2;108;143;84;48;2;99;135;81m▐[38;2;117;146;88;48;2;113;149;86m▐[38;2;112;142;84;48;2;117;147;89m▝[38;2;113;143;85;48;2;111;141;83m▍[38;2;106;136;78;48;2;110;136;80m▁[38;2;98;131;76;48;2;107;141;82m▝[38;2;94;130;76;48;2;93;124;68m▍[38;2;90;115;62;48;2;91;119;67m▗[38;2;87;105;57;48;2;95;111;63m▗[38;2;83;97;54;48;2;90;102;61m▗[38;2;74;90;47;48;2;67;82;41m▍[38;2;49;74;34;48;2;63;84;44m▃[38;2;50;77;35;48;2;66;90;49m▖[38;2;77;108;57;48;2;68;102;49m▀[38;2;71;106;54;48;2;78;111;56m▃[38;2;69;105;53;48;2;76;114;56m▅[38;2;83;120;64;48;2;70;111;56m▀[38;2;100;139;78;48;2;82;120;65m▀[38;2;84;125;67;48;2;105;148;85m▃[38;2;100;137;77;48;2;115;149;88m▂[38;2;117;141;82;48;2;159;158;106m▊[38;2;159;125;82;48;2;227;199;151m▃[38;2;140;105;66;48;2;223;197;150m▂[38;2;160;126;91;48;2;214;187;139m▁[38;2;217;190;142;48;2;224;201;155m▁[38;2;211;183;141;48;2;230;207;159m▆[38;2;204;173;135;48;2;251;226;187m▅[38;2;203;177;142;48;2;240;214;176m▅[38;2;216;194;170;48;2;195;174;143m▀[38;2;204;189;167;48;2;187;169;143m▀[38;2;127;122;100;48;2;178;170;152m▗[38;2;46;51;30;48;2;80;113;72m▞[38;2;115;149;101;48;2;153;182;135m▘[38;2;159;189;142;48;2;152;177;129m▀[38;2;146;178;120;48;2;159;188;142m▃[38;2;162;191;146;48;2;155;186;133m▀[38;2;157;187;140;48;2;164;191;148m▃[38;2;158;186;142;48;2;164;188;141m▅[38;2;161;187;136;48;2;163;186;140m▃[38;2;150;179;129;48;2;163;184;137m▗[38;2;154;182;133;48;2;150;179;129m▘[38;2;163;184;139;48;2;153;176;127m▕[0m
[38;2;37;68;32;48;2;33;64;29m▅[38;2;36;67;31;48;2;34;63;25m▆[38;2;35;66;30;48;2;35;65;28m▅[38;2;35;65;30;48;2;30;60;25m▅[38;2;31;60;26;48;2;26;53;24m▅[38;2;15;41;15;48;2;24;51;22m▝[38;2;9;34;9;48;2;14;39;14m▀[38;2;11;36;11;48;2;10;33;11m▅[38;2;11;34;10;48;2;9;32;9m▅[38;2;12;35;11;48;2;10;33;9m▃[38;2;16;35;16;48;2;11;34;10m▔[38;2;10;33;11;48;2;25;44;27m▆[38;2;14;37;15;48;2;40;62;41m▅[38;2;34;62;37;48;2;20;47;20m▀[38;2;24;51;24;48;2;38;65;39m▅[38;2;76;88;57;48;2;34;63;30m▝[38;2;105;98;74;48;2;65;72;43m▀[38;2;81;84;49;48;2;31;41;20m▗[38;2;68;75;47;48;2;16;34;15m▖[38;2;13;33;13;48;2;9;29;11m▂[38;2;14;32;16;48;2;21;42;22m▊[38;2;30;52;30;48;2;28;32;28m▅[38;2;19;43;21;48;2;13;21;13m▖[38;2;22;40;22;48;2;1;10;3m▂[38;2;29;43;28;48;2;4;10;4m▁[38;2;21;23;22;48;2;9;13;8m▝[38;2;20;24;15;48;2;10;12;11m▕[38;2;34;49;28;48;2;19;19;19m▅[38;2;20;31;14;48;2;19;21;17m▕[38;2;32;52;30;48;2;9;11;7m▆[38;2;84;97;68;48;2;43;71;46m▝[38;2;66;85;58;48;2;167;154;118m▅[38;2;166;154;108;48;2;62;96;68m▝[38;2;136;128;83;48;2;216;207;161m▖[38;2;84;102;56;48;2;155;151;111m▗[38;2;64;79;51;48;2;17;37;12m▂[38;2;18;37;14;48;2;11;26;13m▔[38;2;14;26;12;48;2;9;17;6m▘[38;2;2;12;2;48;2;0;5;0m▗[38;2;20;38;22;48;2;5;8;5m▁[38;2;15;33;17;48;2;6;12;6m▁[38;2;6;17;2;48;2;26;42;25m▅[38;2;24;49;25;48;2;32;61;32m▏[38;2;37;67;35;48;2;36;65;33m▐[38;2;38;70;34;48;2;41;73;38m▖[38;2;68;93;58;48;2;47;76;41m▐[38;2;71;98;61;48;2;88;109;71m▃[38;2;50;80;45;48;2;84;106;65m▂[38;2;41;71;39;48;2;58;85;49m▅[38;2;36;71;39;48;2;66;92;56m▅[38;2;48;70;47;48;2;29;56;31m▘[38;2;92;101;61;48;2;28;42;28m▃[38;2;7;17;9;48;2;28;47;26m▔[38;2;28;57;33;48;2;3;16;7m▃[38;2;32;54;31;48;2;1;11;1m▂[38;2;34;55;33;48;2;1;7;3m▂[38;2;15;32;15;48;2;6;12;6m▂[38;2;5;17;8;48;2;3;10;3m▃[38;2;5;19;8;48;2;3;13;4m▂[38;2;4;14;4;48;2;2;11;2m▏[38;2;6;22;10;48;2;1;9;5m▁[38;2;7;16;9;48;2;5;22;11m▘[38;2;14;41;17;48;2;12;31;16m▂[38;2;17;45;19;48;2;8;31;12m▁[38;2;8;31;13;48;2;7;28;11m▔[38;2;38;81;44;48;2;9;35;13m▝[38;2;27;71;32;48;2;15;45;20m▀[38;2;19;48;21;48;2;26;66;28m▃[38;2;14;44;16;48;2;28;67;29m▅[38;2;19;48;20;48;2;39;79;39m▅[38;2;45;80;39;48;2;19;51;22m▂[38;2;59;98;51;48;2;22;55;23m▃[38;2;30;74;33;48;2;62;108;57m▘[38;2;68;106;56;48;2;75;113;61m▊[38;2;78;116;63;48;2;77;115;61m▝[38;2;91;125;72;48;2;86;121;69m▝[38;2;88;123;71;48;2;99;133;80m▅[38;2;94;130;75;48;2;103;138;84m▅[38;2;100;134;81;48;2;94;132;78m▔[38;2;95;133;79;48;2;99;136;83m▊[38;2;106;141;83;48;2;111;148;90m▍[38;2;114;148;89;48;2;117;146;89m▏[38;2;115;144;86m▅[38;2;111;141;83;48;2;115;144;84m▕[38;2;100;131;75;48;2;107;137;79m▐[38;2;98;128;72;48;2;108;131;76m▆[38;2;108;130;78;48;2;102;115;70m▘[38;2;82;101;53;48;2;96;105;61m▗[38;2;86;102;54;48;2;78;97;51m▀[38;2;57;75;36;48;2;75;85;45m▗[38;2;44;64;31;48;2;60;72;38m▅[38;2;42;63;28;48;2;37;58;26m▔[38;2;32;57;25;48;2;43;73;30m▆[38;2;53;87;42;48;2;28;54;25m▀[38;2;58;92;46;48;2;22;47;19m▀[38;2;39;71;33;48;2;61;95;49m▅[38;2;55;90;46;48;2;59;99;49m▅[38;2;62;99;47;48;2;69;110;56m▆[38;2;61;97;45;48;2;69;111;56m▅[38;2;64;97;46;48;2;81;116;60m▅[38;2;83;99;46;48;2;148;141;92m▊[38;2;163;131;93;48;2;125;95;62m▘[38;2;116;91;65;48;2;133;102;73m▖[38;2;147;121;84;48;2;135;99;78m▅[38;2;183;151;103;48;2;151;117;89m▔[38;2;163;129;90;48;2;217;188;139m▆[38;2;152;117;80;48;2;215;186;155m▅[38;2;205;178;146;48;2;155;120;81m▀[38;2;146;110;83;48;2;189;162;133m▂[38;2;156;129;110;48;2;172;151;125m▂[38;2;43;54;29;48;2;144;124;99m▐[38;2;8;42;11;48;2;80;117;76m▍[38;2;104;141;88;48;2;126;160;106m▖[38;2;135;167;117;48;2;121;155;100m▀[38;2;141;172;117;48;2;129;161;106m▀[38;2;147;179;126;48;2;136;169;113m▀[38;2;140;172;117;48;2;152;182;129m▃[38;2;154;184;136;48;2;146;173;119m▀[38;2;147;174;121;48;2;157;183;133m▅[38;2;136;169;118;48;2;148;177;127m▅[38;2;139;171;116;48;2;145;176;124m▅[38;2;144;174;119;48;2;150;176;126m▆[0m
[38;2;40;70;32;48;2;37;70;32m▃[38;2;37;70;32;48;2;39;69;33m▀[38;2;36;71;33;48;2;38;69;30m▘[38;2;39;70;34;48;2;36;66;31m▍[38;2;34;64;29;48;2;33;63;28m▏[38;2;26;54;22;48;2;31;61;26m▝[38;2;21;49;17;48;2;30;59;25m▀[38;2;25;55;22;48;2;17;42;12m▃[38;2;26;52;23;48;2;17;42;15m▃[38;2;15;39;12;48;2;19;45;16m▐[38;2;11;34;10;48;2;14;37;13m▝[38;2;15;38;14;48;2;12;35;11m▃[38;2;10;33;9;48;2;13;36;12m▀[38;2;12;35;11;48;2;11;34;10m▃[38;2;11;34;10;48;2;15;40;15m▆[38;2;22;47;19;48;2;12;35;11m▝[38;2;29;50;21;48;2;39;54;26m▖[38;2;11;28;9;48;2;27;43;22m▆[38;2;22;36;16;48;2;14;29;10m▀[38;2;30;48;26;48;2;29;36;19m▀[38;2;20;41;20;48;2;35;65;38m▀[38;2;41;73;42;48;2;38;70;39m▀[38;2;23;49;27;48;2;40;70;40m▝[38;2;17;35;18;48;2;7;19;7m▖[38;2;10;26;13;48;2;23;42;21m▆[38;2;10;29;12;48;2;12;26;10m▆[38;2;9;25;7;48;2;32;50;27m▊[38;2;32;54;33;48;2;52;81;46m▐[38;2;22;41;21;48;2;5;16;3m▂[38;2;8;21;9;48;2;25;52;31m▀[38;2;28;52;30;48;2;11;28;15m▞[38;2;45;74;47;48;2;11;26;8m▀[38;2;64;93;63;48;2;38;62;35m▀[38;2;63;78;29;48;2;48;82;47m▔[38;2;91;89;53;48;2;47;78;44m▔[38;2;34;63;32;48;2;83;98;69m▆[38;2;14;36;16;48;2;42;73;40m▀[38;2;3;17;4;48;2;40;63;38m▀[38;2;11;28;11;48;2;0;15;1m▂[38;2;22;37;17;48;2;28;52;34m▍[38;2;28;56;34;48;2;22;39;22m▅[38;2;7;25;12;48;2;30;56;37m▝[38;2;20;42;19;48;2;33;60;32m▘[38;2;36;58;33;48;2;42;71;35m▗[38;2;28;53;24;48;2;35;65;30m▅[38;2;53;83;47;48;2;44;73;40m▀[38;2;53;84;50;48;2;38;68;36m▂[38;2;40;71;36;48;2;57;86;53m▀[38;2;64;88;56;48;2;34;69;35m▆[38;2;77;104;69;48;2;33;63;37m▅[38;2;66;93;64;48;2;26;53;28m▃[38;2;32;60;34;48;2;23;50;25m▖[38;2;143;154;118;48;2;25;55;32m▝[38;2;28;58;31;48;2;84;94;61m▆[38;2;81;86;49;48;2;43;59;31m▝[38;2;95;100;64;48;2;57;76;47m▗[38;2;103;113;81;48;2;41;70;42m▂[38;2;106;121;77;48;2;32;63;36m▂[38;2;39;70;38;48;2;15;35;20m▆[38;2;38;72;43;48;2;16;38;20m▅[38;2;7;25;11;48;2;33;60;36m▀[38;2;34;64;37;48;2;12;35;12m▃[38;2;6;27;8;48;2;28;61;26m▅[38;2;5;25;9;48;2;30;66;32m▃[38;2;22;53;26;48;2;18;45;20m▍[38;2;31;66;35;48;2;17;40;19m▂[38;2;45;83;43;48;2;17;38;17m▃[38;2;19;45;19;48;2;56;100;51m▀[38;2;66;101;51;48;2;24;52;21m▅[38;2;79;119;68;48;2;44;78;39m▆[38;2;76;114;60;48;2;101;137;80m▀[38;2;99;135;76;48;2;67;109;55m▅[38;2;69;110;59;48;2;87;124;69m▀[38;2;95;124;72;48;2;75;110;61m▃[38;2;88;125;71;48;2;73;112;59m▂[38;2;86;123;67;48;2;76;115;61m▂[38;2;86;121;69;48;2;81;118;65m▝[38;2;90;126;72;48;2;87;123;68m▝[38;2;87;124;68;48;2;94;129;77m▖[38;2;97;131;78;48;2;105;142;88m▊[38;2;108;143;84;48;2;113;148;89m▃[38;2;106;142;82;48;2;115;150;91m▃[38;2;111;139;82;48;2;118;142;87m▃[38;2;111;133;75;48;2;118;138;80m▐[38;2;93;120;68;48;2;100;124;71m▗[38;2;88;118;66;48;2;82;112;60m▀[38;2;80;108;57;48;2;88;109;60m▅[38;2;65;94;48;48;2;77;100;51m▗[38;2;67;94;46;48;2;54;85;42m▘[38;2;54;78;38;48;2;40;65;28m▘[38;2;34;59;23;48;2;37;61;27m▅[38;2;34;58;26;48;2;36;60;28m▃[48;2;31;56;24m▍[38;2;29;56;24;48;2;31;56;26m▝[38;2;30;53;25;48;2;23;45;18m▂[38;2;45;72;32m▝[38;2;27;56;23;48;2;59;93;46m▃[38;2;73;105;50;48;2;50;84;39m▀[38;2;59;92;43;48;2;76;104;46m▂[38;2;80;102;47;48;2;70;100;50m▆[38;2;66;97;46;48;2;77;99;48m▔[38;2;73;80;46;48;2;84;94;51m▗[38;2;77;76;51;48;2;108;94;70m▃[38;2;91;78;57;48;2;125;102;62m▂[38;2;144;107;72;48;2;120;101;70m▀[38;2;158;122;78;48;2;130;106;67m▀[38;2;154;119;85;48;2;143;112;77m▀[38;2;131;98;70;48;2;151;118;83m▂[38;2;134;104;77;48;2;127;98;85m▊[38;2;119;91;72;48;2;125;100;81m▆[38;2;19;28;8;48;2;84;63;44m▐[38;2;61;105;63;48;2;10;33;11m▐[38;2;106;144;87;48;2;75;122;68m▝[38;2;102;138;87;48;2;112;150;92m▂[38;2;109;146;90;48;2;122;158;98m▅[38;2;123;160;99;48;2;109;147;90m▀[38;2;123;160;103;48;2;111;149;91m▀[38;2;119;155;96;48;2;133;164;108m▆[38;2;130;163;110;48;2;119;153;98m▀[38;2;131;163;106;48;2;123;157;99m▀[38;2;124;156;98;48;2;132;164;107m▃[38;2;130;163;106;48;2;142;169;115m▊[0m
[38;2;39;70;31;48;2;39;71;31m▕[38;2;36;73;29;48;2;40;71;32m▁[38;2;38;69;33;48;2;40;69;33m▏[38;2;39;70;34;48;2;39;70;33m▕[38;2;34;65;29;48;2;38;69;33m▝[38;2;36;67;30;48;2;34;64;28m▖[38;2;35;65;29;48;2;32;60;26m▊[38;2;34;63;26;48;2;30;60;26m▖[38;2;27;53;22;48;2;19;45;17m▍[38;2;18;43;15;48;2;16;41;14m▃[38;2;18;42;16;48;2;16;40;13m▅[38;2;19;43;18;48;2;15;40;15m▃[38;2;29;57;20;48;2;17;43;14m▗[38;2;28;55;23;48;2;19;43;18m▆[38;2;25;50;20;48;2;17;40;16m▖[38;2;25;47;19;48;2;15;38;14m▁[38;2;36;54;27;48;2;19;39;13m▐[38;2;34;44;23;48;2;12;27;12m▍[38;2;7;21;6;48;2;7;21;6m▔[38;2;23;30;14;48;2;9;20;7m▔[38;2;109;129;92;48;2;48;79;46m▗[38;2;78;97;59;48;2;45;74;44m▖[38;2;40;71;42;48;2;46;77;46m▍[38;2;15;34;18;48;2;42;68;42m▝[38;2;8;27;11;48;2;0;15;4m▖[38;2;5;15;7;48;2;13;30;13m▖[38;2;25;44;23;48;2;17;33;13m▕[38;2;36;60;30;48;2;51;83;45m▍[38;2;43;73;38;48;2;25;47;20m▏[38;2;152;161;104;48;2;40;64;37m▗[38;2;87;107;66;48;2;47;78;47m▂[38;2;45;78;47;48;2;21;41;23m▅[38;2;13;33;13;48;2;27;56;30m▀[38;2;54;83;52;48;2;32;57;33m▝[38;2;50;80;46;48;2;39;70;46m▘[38;2;26;54;26;48;2;33;59;34m▝[38;2;40;62;28;48;2;92;105;64m▊[38;2;64;74;40;48;2;116;115;79m▗[38;2;57;74;41;48;2;25;50;24m▖[38;2;17;30;14;48;2;22;37;19m▕[38;2;9;27;10;48;2;4;11;3m▔[38;2;18;33;18;48;2;0;2;1m▔[38;2;16;30;15;48;2;0;3;2m▔[38;2;8;20;8;48;2;28;55;31m▘[38;2;57;88;59;48;2;38;69;42m▆[38;2;55;85;51;48;2;65;89;58m▔[38;2;70;94;60;48;2;63;91;55m▅[38;2;82;106;73;48;2;69;93;59m▃[38;2;90;106;74;48;2;74;94;60m▅[38;2;90;107;74;48;2;75;91;60m▖[38;2;69;90;57;48;2;85;107;74m▆[38;2;45;71;43;48;2;63;87;55m▝[38;2;49;80;50;48;2;25;54;28m▃[38;2;35;61;34;48;2;26;54;28m▁[38;2;24;51;26;48;2;31;59;33m▆[38;2;26;55;28;48;2;32;64;36m▖[38;2;38;71;44;48;2;36;61;29m▆[38;2;33;61;33;48;2;72;80;44m▆[38;2;112;118;76;48;2;40;66;36m▘[38;2;57;93;51;48;2;51;82;52m▅[38;2;41;73;41;48;2;53;88;46m▀[38;2;36;72;41;48;2;49;80;46m▀[38;2;43;73;41;48;2;26;60;31m▅[38;2;36;70;36;48;2;7;29;13m▅[38;2;44;76;50;48;2;3;26;10m▃[38;2;44;75;42;48;2;9;31;11m▝[38;2;59;99;52;48;2;8;31;9m▀[38;2;20;47;20;48;2;65;105;58m▂[38;2;59;97;56;48;2;68;109;55m▁[38;2;86;123;70;48;2;72;113;58m▝[38;2;84;125;72;48;2;101;136;82m▖[38;2;105;140;81;48;2;102;140;79m▆[38;2;105;141;81;48;2;101;139;78m▖[38;2;98;135;82;48;2;102;141;81m▔[38;2;97;132;75;48;2;103;139;82m▔[38;2;95;131;75;48;2;104;140;83m▔[38;2;96;132;78;48;2;103;138;81m▔[38;2;94;128;76;48;2;105;140;85m▔[38;2;105;140;86;48;2;100;135;82m▆[38;2;99;134;82;48;2;104;140;86m▗[38;2;102;137;80;48;2;108;143;86m▆[38;2;97;133;79;48;2;97;133;79m▔[38;2;98;129;73;48;2;105;135;79m▆[38;2;84;113;62;48;2;100;124;69m▗[38;2;88;113;65;48;2;76;110;60m▘[38;2;62;99;49;48;2;74;108;57m▗[38;2;65;99;48;48;2;53;89;46m▀[38;2;56;88;46;48;2;40;76;35m▀[38;2;40;72;35;48;2;25;59;26m▀[38;2;32;59;26;48;2;27;58;24m▔[48;2;28;58;24m▀[38;2;30;56;24;48;2;32;56;25m▆[38;2;34;56;26;48;2;35;57;26m▕[38;2;33;54;25;48;2;35;57;27m▘[38;2;34;58;26;48;2;30;54;23m▍[38;2;23;49;18m▝[38;2;13;36;9;48;2;26;49;19m▀[38;2;14;37;15;48;2;27;57;24m▆[38;2;46;82;41;48;2;24;52;23m▔[38;2;103;63;53;48;2;59;83;43m▅[38;2;70;92;41;48;2;103;51;43m▀[38;2;101;52;43;48;2;57;81;42m▃[38;2;115;63;53;48;2;55;58;34m▂[38;2;92;61;47;48;2;63;61;44m▁[38;2;85;73;54;48;2;60;52;41m▀[38;2;74;65;50;48;2;110;94;71m▅[38;2;119;99;76;48;2;86;81;66m▀[38;2;83;73;58;48;2;119;97;75m▁[38;2;127;112;79;48;2;122;101;71m▖[38;2;119;90;72;48;2;96;68;48m▊[38;2;52;44;23;48;2;13;26;11m▍[38;2;9;30;13;48;2;12;31;14m▏[38;2;10;32;14;48;2;57;96;57m▃[38;2;54;89;47;48;2;69;109;64m▂[38;2;65;99;53;48;2;96;134;82m▃[38;2;87;122;70;48;2;94;138;79m▁[38;2;106;142;85;48;2;97;132;79m▀[38;2;107;142;83;48;2;97;132;78m▀[38;2;109;144;88;48;2;94;130;76m▀[38;2;95;133;78;48;2;111;146;90m▅[38;2;101;142;84;48;2;119;153;95m▅[38;2;108;141;86;48;2;120;151;93m▅[0m
[38;2;37;71;32;48;2;37;74;30m▘[38;2;37;74;30;48;2;37;74;32m▀[38;2;36;73;31;48;2;41;73;34m▅[38;2;38;71;31;48;2;39;73;32m▖[38;2;38;75;33;48;2;40;71;31m▅[38;2;34;73;33;48;2;38;69;32m▖[38;2;34;64;28;48;2;37;70;32m▐[38;2;32;62;25;48;2;27;57;23m▍[38;2;26;54;19;48;2;25;51;19m▍[38;2;25;51;20;48;2;21;47;16m▃[38;2;20;45;17;48;2;32;56;25m▀[38;2;37;60;22;48;2;25;51;22m▅[38;2;36;62;23;48;2;31;60;19m▆[38;2;32;55;21;48;2;34;58;25m▝[38;2;23;49;19;48;2;36;59;24m▀[38;2;36;59;24;48;2;31;54;24m▆[38;2;64;67;41;48;2;32;53;22m▐[38;2;30;49;25;48;2;64;64;42m▐[38;2;21;40;17;48;2;12;30;10m▃[38;2;13;27;9;48;2;7;22;5m▏[38;2;65;78;42;48;2;6;20;7m▝[38;2;75;94;57;48;2;95;109;77m▃[38;2;49;80;46;48;2;40;70;41m▍[38;2;38;66;41;48;2;31;59;33m▊[38;2;12;30;14;48;2;22;48;27m▐[38;2;9;21;9;48;2;7;19;7m▂[38;2;6;19;6;48;2;13;28;10m▅[38;2;67;92;54;48;2;16;35;14m▐[38;2;44;67;34;48;2;67;91;60m▔[38;2;119;125;69;48;2;35;47;27m▔[38;2;52;74;45;48;2;94;105;68m▁[38;2;77;95;57;48;2;39;71;40m▘[38;2;34;64;36;48;2;37;66;37m▐[38;2;47;78;47;48;2;34;63;34m▂[38;2;40;68;43;48;2;24;52;29m▖[38;2;17;41;19;48;2;27;59;32m▃[38;2;32;59;33;48;2;32;59;33m▔[38;2;84;83;54;48;2;23;46;25m▀[38;2;39;46;23;48;2;100;108;74m▅[38;2;84;86;53;48;2;33;55;27m▃[38;2;41;57;30;48;2;5;23;7m▁[38;2;34;61;33;48;2;3;9;2m▁[38;2;0;10;3;48;2;28;54;29m▊[38;2;41;71;42;48;2;43;76;41m▏[38;2;63;93;59;48;2;48;77;45m▝[38;2;65;89;60;48;2;68;92;61m▁[38;2;81;99;66;48;2;70;90;60m▃[38;2;72;92;61;48;2;88;106;73m▆[38;2;75;94;63;48;2;84;106;71m▆[38;2;86;102;70;48;2;81;99;66m▁[38;2;85;105;71;48;2;70;90;56m▁[38;2;70;91;57;48;2;65;89;55m▂[38;2;67;88;55;48;2;63;89;56m▆[38;2;43;68;38;48;2;61;85;58m▕[38;2;28;54;25;48;2;22;41;20m▖[38;2;26;48;26;48;2;27;52;28m▍[38;2;42;68;41;48;2;34;57;31m▝[38;2;42;69;43;48;2;22;41;23m▘[38;2;13;35;11;48;2;7;26;6m▕[38;2;26;51;26;48;2;42;75;43m▏[38;2;47;78;45;48;2;55;85;48m▅[38;2;55;85;48;48;2;46;78;44m▘[38;2;45;76;43;48;2;49;81;44m▆[38;2;44;76;43;48;2;44;75;42m▔[48;2;43;74;41m▘[38;2;42;73;41;48;2;38;69;39m▃[38;2;38;70;39;48;2;23;51;27m▆[38;2;12;33;16;48;2;38;70;39m▀[38;2;37;66;37;48;2;7;32;9m▂[38;2;6;26;6;48;2;64;98;55m▅[38;2;81;119;65;48;2;24;50;21m▀[38;2;67;99;57;48;2;105;140;84m▂[38;2;96;127;75;48;2;103;139;79m▂[38;2;95;132;78;48;2;100;138;80m▂[38;2;98;134;79;48;2;101;136;79m▖[38;2;98;134;80;48;2;102;137;80m▃[38;2;98;133;79;48;2;102;137;81m▂[38;2;98;132;80;48;2;103;139;84m▅[38;2;98;132;85;48;2;87;130;81m▀[38;2;97;132;85;48;2;85;126;81m▀[38;2;83;122;81;48;2;97;126;81m▃[38;2;83;121;80;48;2;94;124;79m▅[38;2;79;112;72;48;2;89;121;74m▆[38;2;74;105;58;48;2;79;107;65m▐[38;2;60;90;53;48;2;70;99;53m▗[38;2;60;94;51;48;2;51;86;46m▘[38;2;35;71;33;48;2;44;81;44m▅[38;2;24;54;24;48;2;30;66;31m▅[38;2;20;46;20;48;2;22;51;21m▅[38;2;23;50;22;48;2;26;55;22m▖[38;2;25;53;21m▗[38;2;28;51;23;48;2;26;52;23m▔[38;2;33;54;25;48;2;29;53;21m▐[38;2;34;56;26;48;2;34;58;26m▀[38;2;34;58;26;48;2;34;56;26m▆[38;2;34;61;27;48;2;32;56;25m▁[38;2;37;65;30;48;2;31;55;24m▃[38;2;53;76;42;48;2;37;63;29m▗[38;2;144;80;65;48;2;84;73;47m▐[38;2;140;70;60;48;2;130;64;53m▊[38;2;124;58;50;48;2;118;53;48m▏[38;2;127;60;51m▐[38;2;140;70;60;48;2;134;61;52m▀[38;2;124;70;60;48;2;138;66;53m▔[38;2;134;62;49;48;2;79;60;42m▆[38;2;66;54;42;48;2;132;65;59m▀[38;2;128;65;58;48;2;68;64;52m▃[38;2;105;65;54;48;2;70;64;53m▂[38;2;72;60;52;48;2;91;79;65m▆[38;2;93;81;67;48;2;70;65;59m▘[38;2;37;41;34;48;2;59;57;44m▊[38;2;119;114;98;48;2;23;32;19m▅[38;2;132;126;112;48;2;16;36;16m▃[38;2;20;47;21;48;2;14;32;12m▝[38;2;57;90;49;48;2;13;27;9m▀[38;2;18;34;13;48;2;58;92;42m▂[38;2;42;69;37;48;2;74;110;56m▃[38;2;45;74;38;48;2;88;123;75m▃[38;2;59;76;41;48;2;88;122;70m▂[38;2;76;99;58;48;2;88;122;69m▂[38;2;92;129;75;48;2;80;116;66m▀[38;2;83;120;70;48;2;95;131;77m▃[0m
[38;2;36;73;29;48;2;34;70;32m▐[38;2;37;74;32;48;2;37;74;30m▔[38;2;37;74;30;48;2;33;71;32m▏[38;2;30;68;29m▃[38;2;30;68;30;48;2;35;72;32m▆[38;2;32;70;31;48;2;33;64;28m▘[38;2;33;64;28;48;2;33;66;26m▀[38;2;34;64;26;48;2;33;62;22m▅[38;2;29;56;24;48;2;36;62;23m▔[38;2;35;61;22;48;2;30;57;24m▆[38;2;40;62;24;48;2;35;59;26m▂[38;2;42;61;24;48;2;38;58;22m▃[38;2;40;58;22;48;2;40;61;23m▆[38;2;36;55;20;48;2;43;62;25m▃[38;2;29;52;22;48;2;38;58;23m▆[38;2;32;55;22;48;2;27;50;20m▔[38;2;34;52;20;48;2;78;77;46m▍[38;2;45;59;36;48;2;75;66;45m▐[38;2;31;46;26;48;2;20;34;16m▊[38;2;11;23;9;48;2;12;26;10m▗[38;2;46;60;38;48;2;13;26;9m▁[38;2;35;58;27;48;2;73;94;57m▍[38;2;60;86;51;48;2;48;78;48m▍[38;2;45;78;46;48;2;39;71;40m▖[38;2;36;65;40;48;2;23;47;25m▊[38;2;12;34;18;48;2;6;19;7m▍[38;2;1;11;0;48;2;3;15;4m▗[38;2;47;70;42;48;2;5;15;4m▝[38;2;19;39;20;48;2;32;62;34m▗[38;2;17;36;19;48;2;0;13;0m▘[38;2;37;63;37;48;2;12;31;13m▐[38;2;32;62;35;48;2;56;85;53m▀[38;2;65;91;59;48;2;45;75;45m▆[38;2;53;82;52;48;2;65;89;57m▔[38;2;56;83;52;48;2;64;90;57m▝[38;2;56;84;54;48;2;24;49;25m▖[38;2;19;42;24;48;2;17;40;19m▁[38;2;18;35;21;48;2;17;39;24m▕[38;2;18;32;19;48;2;0;12;0m▖[38;2;37;50;23;48;2;15;28;16m▔[38;2;202;198;146;48;2;84;99;56m▗[38;2;92;105;69;48;2;32;63;24m▘[38;2;45;57;29;48;2;23;40;16m▗[38;2;38;54;36;48;2;12;36;14m▞[38;2;2;4;1;48;2;38;63;36m▅[38;2;57;81;52;48;2;7;16;6m▀[38;2;84;101;68;48;2;104;113;75m▏[38;2;104;114;82;48;2;89;109;72m▂[38;2;112;125;85;48;2;87;105;71m▂[38;2;98;111;75;48;2;92;107;75m▁[38;2;86;105;73;48;2;78;97;64m▘[38;2;75;94;61;48;2;85;103;70m▀[38;2;188;189;149;48;2;72;92;57m▗[38;2;54;72;44;48;2;65;80;48m▕[38;2;48;64;35;48;2;42;59;35m▍[38;2;29;51;28;48;2;36;57;34m▀[38;2;26;45;23;48;2;31;51;29m▗[38;2;34;44;25;48;2;21;38;18m▂[38;2;13;31;12;48;2;33;62;36m▘[38;2;38;69;41;48;2;40;70;40m▊[38;2;43;74;43;48;2;41;71;41m▐[38;2;43;73;43;48;2;45;76;43m▖[38;2;50;80;50;48;2;46;77;44m▕[38;2;49;80;46;48;2;51;82;48m▔[38;2;55;81;45;48;2;46;78;44m▃[38;2;76;97;60m▁[38;2;62;88;52;48;2;45;75;42m▃[38;2;73;95;60;48;2;43;74;39m▃[38;2;49;77;46;48;2;54;83;53m▘[38;2;23;44;20;48;2;57;88;51m▔[38;2;54;85;49;48;2;14;38;13m▆[38;2;41;67;33;48;2;67;86;52m▀[38;2;95;106;74;48;2;53;79;45m▖[38;2;95;118;64;48;2;76;97;55m▕[38;2;124;123;81;48;2;81;95;50m▖[38;2;55;80;45;48;2;91;126;73m▆[38;2;94;129;76;48;2;44;69;37m▀[38;2;69;100;62;48;2;90;127;75m▂[38;2;83;118;69;48;2;87;124;73m▁[38;2;83;118;71;48;2;84;120;76m▂[38;2;78;119;77;48;2;76;115;74m▘[38;2;75;117;74;48;2;76;109;69m▔[38;2;75;109;69;48;2;71;104;64m▘[38;2;71;104;64;48;2;65;97;56m▍[38;2;62;94;53;48;2;55;85;48m▍[38;2;43;75;39;48;2;50;83;45m▐[38;2;26;56;26;48;2;36;71;33m▐[38;2;24;51;22;48;2;21;48;21m▍[38;2;20;46;20;48;2;21;48;19m▍[38;2;24;52;20;48;2;25;53;21m▊[38;2;25;50;24;48;2;25;54;21m▕[38;2;24;50;21;48;2;26;52;23m▅[38;2;30;57;23;48;2;28;53;22m▐[38;2;33;61;26;48;2;31;55;24m▁[38;2;36;60;28;48;2;43;67;32m▀[38;2;45;71;33;48;2;35;64;27m▆[48;2;39;69;31m▆[38;2;52;77;41;48;2;85;84;56m▊[38;2;120;85;65;48;2;146;76;58m▍[38;2;143;68;59;48;2;138;69;52m▆[38;2;127;59;45;48;2;134;70;52m▀[38;2;133;69;51;48;2;126;63;45m▁[38;2;131;62;45;48;2;130;61;47m▗[38;2;123;50;36;48;2;135;63;53m▃[38;2;130;50;44;48;2;134;62;50m▃[38;2;126;46;39;48;2;135;58;50m▃[38;2;114;39;34;48;2;135;56;49m▃[38;2;92;25;21;48;2;127;51;43m▃[38;2;109;46;44;48;2;79;19;15m▀[38;2;46;4;3;48;2;90;34;33m▃[38;2;52;50;45;48;2;33;4;4m▀[38;2;27;24;17;48;2;43;39;33m▆[38;2;106;88;77;48;2;29;24;21m▔[38;2;34;23;19;48;2;13;13;6m▃[38;2;47;19;18;48;2;9;11;3m▂[38;2;66;12;15;48;2;9;10;3m▃[38;2;14;14;5;48;2;83;3;8m▀[38;2;95;1;6;48;2;48;25;19m▆[38;2;76;37;23;48;2;115;3;7m▔[38;2;131;9;11;48;2;78;42;26m▆[38;2;138;14;17;48;2;89;68;44m▆[38;2;137;15;18;48;2;94;102;61m▆[0m
[38;2;32;69;28;48;2;35;71;28m▘[38;2;35;72;26m▁[38;2;33;69;31;48;2;31;67;29m▍[38;2;30;66;27;48;2;31;66;29m▂[38;2;30;67;26;48;2;28;64;24m▀[38;2;26;61;24;48;2;26;64;26m▃[38;2;25;57;23;48;2;26;61;25m▂[38;2;26;55;22;48;2;29;61;24m▃[38;2;32;61;23;48;2;28;56;20m▀[38;2;31;60;22;48;2;27;55;19m▀[38;2;37;60;25;48;2;28;51;17m▀[38;2;36;59;22;48;2;28;49;19m▀[38;2;31;54;19;48;2;27;49;18m▀[38;2;26;52;20;48;2;26;52;20m▔[38;2;23;49;19m▃[38;2;20;40;13;48;2;25;48;18m▗[38;2;46;61;28;48;2;97;90;58m▍[38;2;55;68;40;48;2;92;76;54m▐[38;2;30;44;22;48;2;19;33;14m▍[38;2;11;28;12;48;2;13;27;10m▂[38;2;43;56;30;48;2;12;29;10m▐[38;2;56;78;45;48;2;71;88;56m▊[38;2;88;94;60;48;2;66;90;55m▂[38;2;129;147;106;48;2;49;77;47m▁[38;2;38;71;43;48;2;48;82;47m▀[38;2;18;33;17;48;2;33;59;32m▐[38;2;8;20;8;48;2;2;14;4m▖[38;2;7;17;6;48;2;1;5;0m▝[38;2;30;52;30;48;2;9;33;10m▘[38;2;9;38;14;48;2;34;70;38m▍[38;2;50;83;46;48;2;63;90;56m▍[38;2;68;94;58;48;2;76;96;65m▊[38;2;69;94;61;48;2;74;94;63m▁[38;2;64;89;60;48;2;71;93;62m▔[38;2;73;92;61;48;2;65;89;60m▅[38;2;68;91;61;48;2;59;87;59m▆[38;2;67;92;61;48;2;33;60;38m▖[38;2;25;51;28;48;2;16;41;22m▁[38;2;11;29;14;48;2;16;42;19m▝[38;2;16;42;19;48;2;2;10;2m▖[38;2;101;102;65;48;2;36;45;28m▐[38;2;118;126;86;48;2;54;84;43m▍[38;2;55;76;42;48;2;36;63;35m▏[38;2;45;63;40;48;2;25;44;19m▘[38;2;11;28;9;48;2;0;3;0m▖[38;2;2;11;0;48;2;0;4;1m▕[38;2;85;96;65;48;2;20;27;11m▝[38;2;82;97;53;48;2;107;122;84m▂[38;2;217;214;175;48;2;108;114;72m▝[38;2;134;128;85;48;2;104;108;75m▘[38;2;112;114;86;48;2;98;109;79m▂[38;2;85;96;65;48;2;107;119;83m▀[38;2;141;140;113;48;2;78;91;66m▗[38;2;79;91;52;48;2;173;171;131m▞[38;2;144;138;108;48;2;54;72;48m▂[38;2;54;72;43;48;2;41;62;39m▖[38;2;34;54;29;48;2;36;47;23m▍[38;2;26;45;23;48;2;41;67;39m▘[38;2;48;81;49;48;2;41;71;39m▝[38;2;41;74;42;48;2;39;71;40m▏[38;2;40;70;40;48;2;43;74;43m▊[38;2;44;74;44;48;2;47;79;46m▀[38;2;43;75;44;48;2;54;80;46m▆[38;2;41;71;39;48;2;57;81;50m▅[38;2;46;71;40;48;2;64;85;51m▆[38;2;131;143;101;48;2;48;69;34m▘[38;2;127;129;81;48;2;46;75;39m▘[38;2;81;102;63;48;2;133;134;96m▆[38;2;54;80;42;48;2;89;108;61m▅[38;2;9;27;6;48;2;62;87;51m▃[38;2;116;119;78;48;2;68;96;54m▗[38;2;137;137;93;48;2;66;91;49m▁[38;2;83;99;61;48;2;49;80;41m▂[38;2;69;93;54;48;2;57;82;44m▁[38;2;57;81;42;48;2;90;95;60m▆[38;2;65;88;53;48;2;55;78;44m▗[38;2;66;92;57;48;2;46;71;38m▍[38;2;40;57;28;48;2;55;77;44m▖[38;2;71;107;60;48;2;45;79;37m▔[38;2;43;77;38;48;2;77;113;66m▅[38;2;35;66;29;48;2;77;111;67m▃[38;2;39;70;35;48;2;76;111;70m▂[38;2;60;94;54;48;2;69;105;64m▂[38;2;65;99;55;48;2;65;98;60m▃[38;2;60;93;54;48;2;57;87;51m▍[38;2;47;76;41;48;2;52;82;46m▐[38;2;34;62;30;48;2;42;69;36m▐[38;2;32;60;28;48;2;23;50;23m▍[38;2;21;45;20;48;2;20;48;20m▂[38;2;22;49;20;48;2;20;47;18m▀[48;2;24;51;22m▖[38;2;28;58;24;48;2;25;55;22m▕[38;2;25;55;22;48;2;31;61;25m▘[38;2;36;62;28;48;2;36;62;28m▔[38;2;46;70;33;48;2;41;65;28m▝[38;2;42;72;33;48;2;45;69;32m▐[48;2;50;79;39m▊[38;2;85;84;56;48;2;59;84;48m▐[38;2;114;67;55;48;2;128;54;45m▍[38;2;130;58;49;48;2;141;68;59m▖[38;2;148;84;64;48;2;143;77;63m▆[38;2;136;74;53;48;2;145;81;62m▐[38;2;103;38;18;48;2;123;54;39m▗[38;2;73;6;4;48;2;112;33;28m▃[38;2;112;32;27;48;2;57;1;0m▀[38;2;42;0;0;48;2;99;23;20m▅[38;2;28;0;0;48;2;73;7;7m▅[38;2;21;0;0;48;2;51;3;1m▆[38;2;16;0;0;48;2;30;0;0m▆[38;2;11;0;0;48;2;17;0;0m▆[38;2;24;0;0;48;2;9;1;0m▂[38;2;45;0;1;48;2;11;0;0m▃[38;2;23;0;0;48;2;68;0;2m▀[38;2;52;0;1;48;2;92;0;4m▀[38;2;76;1;5;48;2;108;2;3m▀[38;2;119;5;6;48;2;94;0;3m▅[38;2;122;5;7;48;2;107;1;1m▆[38;2;121;5;7;48;2;126;4;7m▘[38;2;131;9;10;48;2;127;5;7m▀[38;2;128;7;9;48;2;131;8;11m▖[38;2;133;9;12;48;2;134;12;13m▂[38;2;124;10;9;48;2;135;13;14m▂[0m
[38;2;31;73;30;48;2;34;71;30m▂[48;2;33;70;28m▃[38;2;32;69;28;48;2;33;70;31m▐[38;2;29;64;24;48;2;31;68;25m▝[38;2;29;64;22;48;2;26;61;24m▖[38;2;28;59;21;48;2;26;57;21m▊[38;2;25;56;20;48;2;25;55;22m▃[38;2;26;53;18;48;2;25;53;21m▃[38;2;22;49;17;48;2;25;51;18m▗[38;2;22;48;17;48;2;25;51;19m▅[38;2;23;49;20;48;2;25;48;17m▃[38;2;26;49;19;48;2;26;52;21m▀[38;2;28;56;19;48;2;26;49;18m▅[38;2;28;59;21;48;2;25;51;20m▂[38;2;22;48;19;48;2;31;60;26m▀[38;2;30;57;23;48;2;22;45;15m▖[38;2;54;68;32;48;2;108;94;66m▍[38;2;39;57;27;48;2;93;88;59m▐[38;2;36;46;27;48;2;29;43;21m▝[38;2;45;48;27;48;2;15;33;12m▗[38;2;47;71;39;48;2;32;52;29m▂[38;2;69;88;51;48;2;49;81;44m▝[38;2;150;148;111;48;2;103;112;71m▐[38;2;178;165;128;48;2;125;131;96m▂[38;2;85;98;64;48;2;52;81;46m▖[38;2;31;59;33;48;2;49;73;45m▝[38;2;26;46;28;48;2;7;24;8m▖[38;2;0;10;3;48;2;1;4;3m▏[38;2;58;59;37;48;2;0;8;0m▕[38;2;125;127;88;48;2;48;80;43m▘[38;2;54;89;52;48;2;67;93;61m▍[38;2;65;91;58;48;2;68;99;62m▝[38;2;64;90;58;48;2;76;103;67m▘[38;2;80;101;68;48;2;75;96;62m▅[38;2;78;98;67;48;2;75;97;62m▅[38;2;70;90;62;48;2;73;97;65m▗[38;2;64;85;58;48;2;49;72;47m▍[38;2;48;73;43;48;2;36;60;36m▅[38;2;112;126;97;48;2;36;59;33m▁[38;2;51;80;50;48;2;32;58;36m▃[38;2;45;76;48;48;2;15;31;13m▃[38;2;127;124;90;48;2;22;35;16m▝[38;2;78;80;46;48;2;156;143;97m▊[38;2;174;170;125;48;2;49;69;31m▏[38;2;11;28;12;48;2;4;13;3m▍[38;2;1;13;5;48;2;0;6;2m▁[38;2;52;80;53;48;2;9;24;10m▗[38;2;57;82;52;48;2;89;107;72m▍[38;2;96;102;69;48;2;118;122;86m▀[38;2;109;112;80;48;2;120;123;88m▀[38;2;118;121;89;48;2;116;115;86m▍[38;2;132;137;104;48;2;118;122;89m▂[38;2;141;140;107;48;2;95;106;75m▘[38;2;88;105;71;48;2;169;163;121m▅[38;2;67;84;52;48;2;116;112;83m▆[38;2;58;76;46;48;2;39;58;31m▘[38;2;42;59;32;48;2;52;77;45m▍[38;2;57;83;51;48;2;48;77;44m▂[38;2;45;76;43;48;2;62;86;54m▀[48;2;67;91;56m▀[38;2;64;88;54;48;2;45;76;43m▃[38;2;66;92;57;48;2;52;79;45m▃[38;2;69;96;60;48;2;54;85;51m▂[38;2;50;79;46;48;2;68;98;59m▀[38;2;66;92;55;48;2;46;76;43m▅[38;2;70;96;59;48;2;68;90;55m▗[38;2;57;87;49;48;2;94;124;81m▘[38;2;90;116;76;48;2;77;109;69m▆[38;2;63;92;64;48;2;79;104;68m▝[38;2;50;72;48;48;2;9;27;11m▖[38;2;63;69;39;48;2;10;29;9m▔[38;2;60;83;45;48;2;134;139;101m▆[38;2;66;87;53;48;2;94;102;65m▅[38;2;83;97;60;48;2;75;93;56m▗[38;2;67;87;45;48;2;84;105;63m▘[38;2;68;92;50;48;2;82;105;63m▔[38;2;70;93;48;48;2;56;78;38m▖[38;2;65;83;49;48;2;32;56;26m▅[38;2;74;93;59;48;2;54;79;44m▖[38;2;83;105;65;48;2;60;87;44m▕[38;2;134;149;98;48;2;55;84;45m▗[38;2;77;91;55;48;2;34;64;29m▃[38;2;60;81;45;48;2;37;69;30m▁[38;2;32;61;28;48;2;59;92;51m▅[38;2;34;62;30;48;2;57;88;51m▅[38;2;35;63;28;48;2;48;77;42m▃[38;2;34;63;30;48;2;40;69;37m▁[38;2;39;65;31;48;2;28;55;25m▖[38;2;27;50;25;48;2;25;50;24m▆[38;2;20;47;18;48;2;25;48;20m▝[38;2;27;50;22;48;2;22;49;20m▃[38;2;25;52;23;48;2;33;63;28m▊[38;2;44;75;35;48;2;38;69;32m▃[38;2;39;69;30;48;2;37;66;28m▂[48;2;43;70;32m▊[38;2;47;71;32;48;2;44;69;32m▅[38;2;54;79;38;48;2;48;73;33m▐[38;2;66;85;46;48;2;89;89;60m▊[38;2;114;74;59;48;2;133;68;55m▍[38;2;144;81;62;48;2;137;71;56m▐[38;2;143;85;55;48;2;150;89;66m▗[38;2;123;56;27;48;2;136;73;47m▗[38;2;91;15;7;48;2;114;40;19m▐[38;2;65;0;0;48;2;52;0;1m▘[38;2;36;0;0;48;2;43;0;0m▐[38;2;25;0;0;48;2;31;0;0m▐[38;2;23;0;0;48;2;18;0;2m▘[38;2;16;0;0;48;2;18;0;0m▞[38;2;14;0;0;48;2;27;0;0m▀[38;2;24;0;0;48;2;52;0;0m▀[38;2;76;0;0;48;2;45;0;1m▅[38;2;87;0;1;48;2;71;0;1m▆[38;2;101;1;5;48;2;92;0;3m▝[38;2;97;0;1;48;2;107;1;5m▅[38;2;100;0;0;48;2;111;4;6m▅[38;2;109;0;3;48;2;115;1;5m▆[38;2;117;4;5;48;2;116;1;3m▐[38;2;116;3;4;48;2;123;3;6m▂[38;2;116;5;6;48;2;126;5;8m▃[38;2;126;8;10;48;2;113;3;4m▀[38;2;112;2;3;48;2;123;6;8m▅[38;2;110;0;1;48;2;115;4;5m▆[0m
[38;2;51;85;55;48;2;34;76;34m▁[38;2;33;74;36;48;2;31;72;32m▁[38;2;30;69;30;48;2;28;65;27m▍[38;2;28;69;28;48;2;28;67;24m▁[38;2;27;62;20;48;2;26;67;24m▝[38;2;26;61;24;48;2;28;59;22m▖[38;2;26;57;22;48;2;24;55;20m▂[38;2;25;56;20;48;2;22;51;17m▃[38;2;28;57;22;48;2;23;51;18m▃[38;2;27;56;20;48;2;23;51;19m▆[38;2;22;54;19;48;2;25;53;20m▃[38;2;26;52;20;48;2;27;56;22m▍[38;2;32;62;26;48;2;29;58;24m▃[38;2;38;69;30;48;2;30;66;24m▅[38;2;40;71;33;48;2;33;66;28m▆[38;2;27;56;20;48;2;37;68;29m▐[38;2;60;70;31;48;2;123;107;75m▍[38;2;105;95;67;48;2;48;65;33m▍[38;2;44;50;24;48;2;33;49;26m▖[38;2;169;163;133;48;2;39;54;26m▁[38;2;92;95;60;48;2;55;74;39m▘[38;2;51;78;44;48;2;59;86;50m▃[38;2;124;124;87;48;2;72;96;60m▕[38;2;158;149;108;48;2;138;134;96m▘[38;2;140;143;104;48;2;94;102;63m▏[38;2;57;89;53;48;2;49;80;46m▂[38;2;20;41;19;48;2;40;68;40m▝[38;2;19;35;17;48;2;0;9;2m▖[38;2;6;16;3;48;2;0;3;2m▕[38;2;23;45;21;48;2;49;80;44m▍[38;2;94;119;79;48;2;73;99;63m▂[38;2;98;123;82;48;2;78;104;69m▃[38;2;80;104;70;48;2;99;121;81m▀[38;2;83;104;71;48;2;101;123;84m▀[38;2;84;105;69;48;2;100;121;83m▀[38;2;81;100;65;48;2;73;89;56m▘[38;2;62;79;50;48;2;65;83;53m▀[38;2;69;89;59;48;2;54;77;47m▃[38;2;88;106;72;48;2;72;91;58m▝[38;2;97;110;73;48;2;69;87;54m▁[38;2;82;94;63;48;2;65;95;61m▂[38;2;82;86;59;48;2;18;42;23m▖[38;2;31;55;30;48;2;10;25;8m▐[38;2;30;58;32;48;2;68;89;51m▊[38;2;159;157;118;48;2;32;57;27m▆[38;2;9;32;15;48;2;128;142;99m▀[38;2;60;80;53;48;2;21;51;25m▝[38;2;85;103;73;48;2;27;41;19m▀[38;2;52;55;34;48;2;119;126;85m▃[38;2;81;78;51;48;2;123;126;91m▃[38;2;65;74;44;48;2;113;116;88m▃[38;2;83;82;55;48;2;143;143;103m▃[38;2;122;129;87;48;2;81;86;54m▘[38;2;97;105;75;48;2;82;85;56m▘[38;2;89;92;62;48;2;144;146;111m▆[38;2;79;89;56;48;2;43;66;36m▆[38;2;72;90;56;48;2;53;77;46m▆[38;2;70;91;60;48;2;68;90;55m▝[38;2;73;91;56;48;2;75;93;59m▝[38;2;81;98;64;48;2;76;93;59m▁[38;2;78;97;63;48;2;67;91;57m▆[38;2;90;107;70;48;2;81;103;68m▁[38;2;98;113;77;48;2;77;94;57m▂[38;2;77;99;58;48;2;89;105;68m▀[38;2;125;144;96;48;2;66;89;51m▗[38;2;125;138;92;48;2;90;122;75m▅[38;2;119;140;95;48;2;114;130;84m▘[38;2;100;121;73;48;2;110;129;82m▐[38;2;103;125;77;48;2;90;116;73m▃[38;2;33;55;29;48;2;86;112;72m▝[38;2;23;44;19;48;2;12;25;8m▁[38;2;13;27;9;48;2;53;77;48m▖[38;2;64;91;55;48;2;61;88;52m▗[38;2;62;88;53;48;2;63;90;54m▗[38;2;63;90;54;48;2;76;98;57m▆[38;2;82;105;62;48;2;70;89;50m▗[38;2;102;114;74;48;2;73;93;55m▁[38;2;83;102;64;48;2;64;87;51m▃[38;2;81;96;60;48;2;60;82;45m▝[38;2;95;103;69;48;2;64;85;47m▂[38;2;112;120;77;48;2;66;85;44m▁[38;2;95;109;70;48;2;65;83;44m▝[38;2;65;90;51;48;2;77;102;60m▍[38;2;54;88;50;48;2;72;98;54m▀[38;2;50;81;47;48;2;69;94;61m▔[38;2;62;96;48;48;2;48;77;42m▖[38;2;89;99;63;48;2;46;88;43m▂[38;2;58;94;45;48;2;41;64;28m▘[38;2;32;56;25;48;2;27;50;20m▏[38;2;21;47;16;48;2;24;47;19m▂[38;2;32;57;25m▁[38;2;25;52;24;48;2;32;62;27m▍[38;2;47;77;37;48;2;38;67;32m▐[38;2;54;80;44;48;2;41;71;32m▅[38;2;52;76;39;48;2;45;69;32m▃[38;2;46;70;33;48;2;48;74;33m▍[38;2;50;78;36;48;2;48;75;34m▐[38;2;63;83;43;48;2;69;88;48m▊[38;2;92;97;58;48;2;133;84;52m▍[38;2;145;86;56;48;2;155;101;48m▘[38;2;161;103;55;48;2;151;91;48m▍[38;2;116;42;20;48;2;134;68;33m▐[38;2;98;18;6;48;2;63;0;0m▘[38;2;47;0;0;48;2;52;0;0m▃[38;2;41;0;1;48;2;45;0;1m▐[38;2;28;0;0;48;2;36;0;0m▝[38;2;23;0;0m▀[38;2;39;0;1;48;2;23;0;0m▅[38;2;56;0;0;48;2;40;0;0m▃[38;2;73;0;0;48;2;60;0;0m▃[38;2;90;0;2;48;2;77;0;1m▃[38;2;101;1;1;48;2;89;0;1m▂[38;2;91;0;1;48;2;105;2;2m▀[38;2;110;3;3;48;2;97;0;3m▅[38;2;116;3;4;48;2;107;2;1m▅[38;2;112;0;1;48;2;116;3;4m▘[38;2;115;2;3;48;2;114;1;2m▊[38;2;115;1;5;48;2;114;2;3m▗[38;2;113;0;4;48;2;115;4;7m▂[38;2;118;4;5;48;2;112;3;4m▂[38;2;124;3;6;48;2;111;0;1m▃[38;2;127;6;9;48;2;111;1;2m▅[0m
[38;2;63;89;67;48;2;90;85;81m▔[38;2;91;88;83;48;2;51;90;55m▅[38;2;33;77;37;48;2;83;84;76m▀[38;2;69;85;68;48;2;29;71;33m▃[38;2;53;82;57;48;2;27;70;30m▂[38;2;40;72;41;48;2;32;69;32m▁[38;2;27;62;26;48;2;30;70;32m▀[38;2;31;69;30;48;2;30;63;26m▃[38;2;26;67;27;48;2;24;60;23m▂[38;2;25;66;26;48;2;23;58;21m▃[38;2;29;59;25;48;2;23;52;20m▅[38;2;24;54;21;48;2;31;62;27m▘[38;2;33;64;28;48;2;35;72;32m▊[38;2;40;75;29;48;2;37;72;26m▐[38;2;47;83;35;48;2;43;79;32m▐[38;2;33;65;26;48;2;40;75;29m▝[38;2;129;126;84;48;2;57;75;38m▐[38;2;120;109;77;48;2;76;83;46m▍[38;2;69;82;50;48;2;30;34;5m▍[38;2;251;249;226;48;2;50;54;23m▝[38;2;138;127;95;48;2;51;74;38m▘[38;2;55;81;47;48;2;47;80;43m▁[38;2;57;86;48;48;2;50;83;45m▗[38;2;68;90;52;48;2;93;102;64m▊[38;2;119;117;81;48;2;175;162;122m▍[38;2;169;163;117;48;2;90;100;65m▂[38;2;93;119;81;48;2;55;88;55m▂[38;2;59;89;57;48;2;27;47;26m▖[38;2;5;18;6;48;2;1;6;0m▖[38;2;26;47;21;48;2;71;106;57m▍[38;2;141;149;99;48;2;114;141;94m▗[38;2;195;190;148;48;2;141;152;103m▃[38;2;183;182;137;48;2;143;156;112m▃[38;2;198;194;142;48;2;146;154;120m▖[38;2;158;161;126;48;2;108;112;76m▁[38;2;82;99;65;48;2;127;128;93m▀[38;2;76;93;61;48;2;118;122;90m▀[38;2;175;177;139;48;2;102;114;81m▗[38;2;145;151;120;48;2;95;114;77m▗[38;2;97;106;74;48;2;119;125;89m▁[38;2;98;107;70;48;2;75;93;59m▘[38;2;129;126;82;48;2;71;78;57m▝[38;2;45;54;17;48;2;48;69;38m▘[38;2;43;73;37;48;2;69;83;49m▊[38;2;149;146;99;48;2;195;186;139m▍[38;2;192;171;124;48;2;129;141;96m▔[38;2;83;95;54;48;2;25;41;13m▏[38;2;23;44;15;48;2;23;43;17m▏[38;2;41;47;29;48;2;11;24;7m▔[38;2;19;24;10;48;2;13;24;8m▔[38;2;23;34;15;48;2;12;24;4m▅[38;2;49;50;27;48;2;30;43;19m▔[38;2;26;39;16;48;2;50;64;35m▅[38;2;23;40;18;48;2;68;70;46m▆[38;2;35;52;26;48;2;81;86;56m▅[38;2;81;93;56;48;2;66;84;52m▀[38;2;83;95;63;48;2;71;89;56m▝[38;2;83;96;63;48;2;74;92;58m▝[38;2;76;95;61;48;2;83;103;61m▃[38;2;94;111;71;48;2;88;97;66m▀[38;2;81;100;65;48;2;99;111;74m▔[38;2;110;121;80;48;2;100;114;72m▗[38;2;117;123;84;48;2;104;114;81m▘[38;2;178;187;143;48;2;108;119;75m▝[38;2;130;145;101;48;2;121;134;87m▔[38;2;142;148;108;48;2;121;130;86m▘[38;2;136;143;99;48;2;121;134;88m▗[38;2;134;142;97;48;2;117;135;87m▃[38;2;128;137;92;48;2;112;130;82m▃[38;2;114;136;87;48;2;98;120;80m▖[38;2;22;42;19;48;2;80;107;70m▐[38;2;15;33;13;48;2;10;26;9m▝[38;2;35;54;27;48;2;66;88;54m▖[38;2;66;92;57;48;2;61;87;52m▖[38;2;61;87;52;48;2;66;91;49m▘[38;2;74;88;55;48;2;63;92;55m▕[38;2;121;129;90;48;2;79;99;61m▗[38;2;177;182;136;48;2;97;113;68m▗[38;2;83;84;37;48;2;160;159;117m▞[38;2;155;151;108;48;2;75;83;41m▍[38;2;133;132;93;48;2;72;88;48m▍[38;2;111;115;74;48;2;75;77;41m▘[38;2;95;98;68;48;2;59;86;40m▍[38;2;86;98;57;48;2;63;85;42m▍[38;2;98;116;72;48;2;65;80;38m▘[38;2;79;92;54;48;2;56;77;40m▘[38;2;53;73;36;48;2;69;89;51m▆[38;2;58;75;42;48;2;48;68;32m▁[38;2;59;74;40;48;2;42;63;31m▖[38;2;39;58;26;48;2;46;66;33m▝[38;2;50;71;39;48;2;42;65;31m▕[38;2;49;72;40;48;2;39;61;29m▍[38;2;53;80;40;48;2;37;59;28m▗[38;2;70;99;53;48;2;58;87;42m▗[38;2;56;84;44;48;2;72;94;50m▀[38;2;51;78;37;48;2;63;88;43m▀[38;2;50;78;36;48;2;59;84;43m▀[38;2;62;87;46;48;2;58;83;42m▐[38;2;134;109;65;48;2;79;94;51m▐[38;2;162;110;52;48;2;171;119;62m▘[38;2;148;90;44;48;2;164;112;56m▐[38;2;86;33;10;48;2;120;59;25m▐[38;2;53;3;0;48;2;33;0;0m▘[38;2;37;0;0;48;2;28;0;0m▀[38;2;28;0;1;48;2;37;0;0m▃[38;2;40;0;1;48;2;35;0;0m▀[38;2;41;0;1;48;2;45;0;0m▍[38;2;54;0;0;48;2;49;0;0m▐[38;2;75;0;3;48;2;65;0;0m▐[38;2;102;1;1;48;2;88;0;3m▗[38;2;98;0;1;48;2;110;0;3m▘[38;2;118;3;5;48;2;110;1;2m▅[38;2;111;2;3;48;2;118;3;5m▔[38;2;114;0;2;48;2;118;5;6m▃[38;2;117;4;5;48;2;113;1;2m▀[38;2;114;1;2;48;2;117;4;5m▆[38;2;117;0;3;48;2;112;0;1m▃[38;2;120;1;4;48;2;113;0;4m▅[38;2;113;0;4;48;2;122;2;5m▔[38;2;120;3;5;48;2;125;4;9m▖[38;2;125;4;8;48;2;127;6;9m▆[38;2;126;5;8m▘[0m
